<?xml version="1.0" encoding="UTF-8" standalone="no" ?><gpx xmlns="http://www.topografix.com/GPX/1/1">
<trk><trkseg>
<trkpt lat="54.361633" lon="18.783872"><time>2026-05-23T08:04:08.000Z</time></trkpt>
<trkpt lat="54.361661" lon="18.783841"><time>2026-05-23T08:04:10.000Z</time></trkpt>
<trkpt lat="54.361685" lon="18.783815"><time>2026-05-23T08:04:12.000Z</time></trkpt>
<trkpt lat="54.361715" lon="18.783794"><time>2026-05-23T08:04:14.000Z</time></trkpt>
<trkpt lat="54.361735" lon="18.783760"><time>2026-05-23T08:04:16.000Z</time></trkpt>
<trkpt lat="54.361766" lon="18.783734"><time>2026-05-23T08:04:18.000Z</time></trkpt>
<trkpt lat="54.361793" lon="18.783708"><time>2026-05-23T08:04:20.000Z</time></trkpt>
<trkpt lat="54.361820" lon="18.783680"><time>2026-05-23T08:04:22.000Z</time></trkpt>
<trkpt lat="54.361767" lon="18.783733"><time>2026-05-23T08:04:24.000Z</time></trkpt>
<trkpt lat="54.361773" lon="18.783728"><time>2026-05-23T08:04:26.000Z</time></trkpt>
<trkpt lat="54.361775" lon="18.783721"><time>2026-05-23T08:04:28.000Z</time></trkpt>
<trkpt lat="54.361804" lon="18.783695"><time>2026-05-23T08:04:30.000Z</time></trkpt>
<trkpt lat="54.361826" lon="18.783673"><time>2026-05-23T08:04:32.000Z</time></trkpt>
<trkpt lat="54.361847" lon="18.783655"><time>2026-05-23T08:04:34.000Z</time></trkpt>
<trkpt lat="54.361848" lon="18.783654"><time>2026-05-23T08:04:36.000Z</time></trkpt>
<trkpt lat="54.361868" lon="18.783635"><time>2026-05-23T08:04:38.000Z</time></trkpt>
<trkpt lat="54.361868" lon="18.783635"><time>2026-05-23T08:04:40.000Z</time></trkpt>
<trkpt lat="54.361874" lon="18.783629"><time>2026-05-23T08:04:42.000Z</time></trkpt>
<trkpt lat="54.362129" lon="18.783358"><time>2026-05-23T08:04:44.000Z</time></trkpt>
<trkpt lat="54.362179" lon="18.783326"><time>2026-05-23T08:04:46.900Z</time></trkpt>
<trkpt lat="54.362204" lon="18.783299"><time>2026-05-23T08:04:48.900Z</time></trkpt>
<trkpt lat="54.362228" lon="18.783270"><time>2026-05-23T08:04:50.900Z</time></trkpt>
<trkpt lat="54.362256" lon="18.783244"><time>2026-05-23T08:04:52.900Z</time></trkpt>
<trkpt lat="54.362280" lon="18.783199"><time>2026-05-23T08:04:54.900Z</time></trkpt>
<trkpt lat="54.362305" lon="18.783183"><time>2026-05-23T08:04:56.900Z</time></trkpt>
<trkpt lat="54.362325" lon="18.783137"><time>2026-05-23T08:04:58.900Z</time></trkpt>
<trkpt lat="54.362359" lon="18.783115"><time>2026-05-23T08:05:00.900Z</time></trkpt>
<trkpt lat="54.362391" lon="18.783083"><time>2026-05-23T08:05:02.900Z</time></trkpt>
<trkpt lat="54.362332" lon="18.783146"><time>2026-05-23T08:05:04.900Z</time></trkpt>
<trkpt lat="54.362334" lon="18.783145"><time>2026-05-23T08:05:06.900Z</time></trkpt>
<trkpt lat="54.362373" lon="18.783110"><time>2026-05-23T08:05:08.900Z</time></trkpt>
<trkpt lat="54.362507" lon="18.782988"><time>2026-05-23T08:05:10.900Z</time></trkpt>
<trkpt lat="54.362538" lon="18.782955"><time>2026-05-23T08:05:12.900Z</time></trkpt>
<trkpt lat="54.362569" lon="18.782928"><time>2026-05-23T08:05:14.900Z</time></trkpt>
<trkpt lat="54.362589" lon="18.782897"><time>2026-05-23T08:05:16.900Z</time></trkpt>
<trkpt lat="54.362617" lon="18.782881"><time>2026-05-23T08:05:18.900Z</time></trkpt>
<trkpt lat="54.362651" lon="18.782841"><time>2026-05-23T08:05:20.900Z</time></trkpt>
<trkpt lat="54.362676" lon="18.782813"><time>2026-05-23T08:05:22.900Z</time></trkpt>
<trkpt lat="54.362568" lon="18.782914"><time>2026-05-23T08:05:24.900Z</time></trkpt>
<trkpt lat="54.363657" lon="18.782108"><time>2026-05-23T08:06:28.000Z</time></trkpt>
<trkpt lat="54.363675" lon="18.782103"><time>2026-05-23T08:06:29.000Z</time></trkpt>
<trkpt lat="54.363698" lon="18.782103"><time>2026-05-23T08:06:30.000Z</time></trkpt>
<trkpt lat="54.363713" lon="18.782090"><time>2026-05-23T08:06:31.000Z</time></trkpt>
<trkpt lat="54.363730" lon="18.782088"><time>2026-05-23T08:06:32.000Z</time></trkpt>
<trkpt lat="54.363750" lon="18.782084"><time>2026-05-23T08:06:33.000Z</time></trkpt>
<trkpt lat="54.363710" lon="18.782109"><time>2026-05-23T08:06:34.000Z</time></trkpt>
<trkpt lat="54.363730" lon="18.782107"><time>2026-05-23T08:06:35.000Z</time></trkpt>
<trkpt lat="54.363801" lon="18.782080"><time>2026-05-23T08:06:36.000Z</time></trkpt>
<trkpt lat="54.363818" lon="18.782077"><time>2026-05-23T08:06:37.000Z</time></trkpt>
<trkpt lat="54.363832" lon="18.782073"><time>2026-05-23T08:06:38.000Z</time></trkpt>
<trkpt lat="54.363847" lon="18.782081"><time>2026-05-23T08:06:39.000Z</time></trkpt>
<trkpt lat="54.363865" lon="18.782075"><time>2026-05-23T08:06:40.000Z</time></trkpt>
<trkpt lat="54.363878" lon="18.782068"><time>2026-05-23T08:06:41.000Z</time></trkpt>
<trkpt lat="54.363895" lon="18.782066"><time>2026-05-23T08:06:42.000Z</time></trkpt>
<trkpt lat="54.363908" lon="18.782062"><time>2026-05-23T08:06:43.000Z</time></trkpt>
<trkpt lat="54.363927" lon="18.782055"><time>2026-05-23T08:06:44.000Z</time></trkpt>
<trkpt lat="54.363942" lon="18.782045"><time>2026-05-23T08:06:45.000Z</time></trkpt>
<trkpt lat="54.363960" lon="18.782036"><time>2026-05-23T08:06:46.000Z</time></trkpt>
<trkpt lat="54.363965" lon="18.782019"><time>2026-05-23T08:06:46.900Z</time></trkpt>
<trkpt lat="54.363985" lon="18.782022"><time>2026-05-23T08:06:47.900Z</time></trkpt>
<trkpt lat="54.364012" lon="18.782023"><time>2026-05-23T08:06:48.900Z</time></trkpt>
<trkpt lat="54.364022" lon="18.781997"><time>2026-05-23T08:06:49.900Z</time></trkpt>
<trkpt lat="54.364041" lon="18.782001"><time>2026-05-23T08:06:50.900Z</time></trkpt>
<trkpt lat="54.364058" lon="18.781998"><time>2026-05-23T08:06:51.900Z</time></trkpt>
<trkpt lat="54.364072" lon="18.781999"><time>2026-05-23T08:06:52.900Z</time></trkpt>
<trkpt lat="54.364086" lon="18.781988"><time>2026-05-23T08:06:53.900Z</time></trkpt>
<trkpt lat="54.364104" lon="18.781980"><time>2026-05-23T08:06:54.900Z</time></trkpt>
<trkpt lat="54.364123" lon="18.781967"><time>2026-05-23T08:06:55.900Z</time></trkpt>
<trkpt lat="54.364144" lon="18.781965"><time>2026-05-23T08:06:56.900Z</time></trkpt>
<trkpt lat="54.364157" lon="18.781970"><time>2026-05-23T08:06:57.900Z</time></trkpt>
<trkpt lat="54.364174" lon="18.781959"><time>2026-05-23T08:06:58.900Z</time></trkpt>
<trkpt lat="54.364191" lon="18.781951"><time>2026-05-23T08:06:59.900Z</time></trkpt>
<trkpt lat="54.364207" lon="18.781943"><time>2026-05-23T08:07:00.900Z</time></trkpt>
<trkpt lat="54.364227" lon="18.781933"><time>2026-05-23T08:07:01.900Z</time></trkpt>
<trkpt lat="54.364246" lon="18.781934"><time>2026-05-23T08:07:02.900Z</time></trkpt>
<trkpt lat="54.364263" lon="18.781932"><time>2026-05-23T08:07:03.900Z</time></trkpt>
<trkpt lat="54.364277" lon="18.781925"><time>2026-05-23T08:07:04.900Z</time></trkpt>
<trkpt lat="54.364292" lon="18.781916"><time>2026-05-23T08:07:05.900Z</time></trkpt>
<trkpt lat="54.364308" lon="18.781908"><time>2026-05-23T08:07:06.900Z</time></trkpt>
<trkpt lat="54.364322" lon="18.781889"><time>2026-05-23T08:07:07.900Z</time></trkpt>
<trkpt lat="54.364340" lon="18.781875"><time>2026-05-23T08:07:08.900Z</time></trkpt>
<trkpt lat="54.364362" lon="18.781864"><time>2026-05-23T08:07:09.900Z</time></trkpt>
<trkpt lat="54.364379" lon="18.781858"><time>2026-05-23T08:07:10.900Z</time></trkpt>
<trkpt lat="54.364401" lon="18.781856"><time>2026-05-23T08:07:11.900Z</time></trkpt>
<trkpt lat="54.364414" lon="18.781855"><time>2026-05-23T08:07:12.900Z</time></trkpt>
<trkpt lat="54.364431" lon="18.781854"><time>2026-05-23T08:07:13.900Z</time></trkpt>
<trkpt lat="54.364446" lon="18.781859"><time>2026-05-23T08:07:14.900Z</time></trkpt>
<trkpt lat="54.364464" lon="18.781859"><time>2026-05-23T08:07:15.900Z</time></trkpt>
<trkpt lat="54.364481" lon="18.781864"><time>2026-05-23T08:07:16.900Z</time></trkpt>
<trkpt lat="54.364498" lon="18.781862"><time>2026-05-23T08:07:17.900Z</time></trkpt>
<trkpt lat="54.364514" lon="18.781866"><time>2026-05-23T08:07:18.900Z</time></trkpt>
<trkpt lat="54.364528" lon="18.781862"><time>2026-05-23T08:07:19.900Z</time></trkpt>
<trkpt lat="54.364544" lon="18.781857"><time>2026-05-23T08:07:20.900Z</time></trkpt>
<trkpt lat="54.364564" lon="18.781861"><time>2026-05-23T08:07:21.900Z</time></trkpt>
<trkpt lat="54.364582" lon="18.781866"><time>2026-05-23T08:07:22.900Z</time></trkpt>
<trkpt lat="54.364599" lon="18.781875"><time>2026-05-23T08:07:23.900Z</time></trkpt>
<trkpt lat="54.364618" lon="18.781873"><time>2026-05-23T08:07:24.900Z</time></trkpt>
<trkpt lat="54.364636" lon="18.781875"><time>2026-05-23T08:07:25.900Z</time></trkpt>
<trkpt lat="54.364656" lon="18.781883"><time>2026-05-23T08:07:26.900Z</time></trkpt>
<trkpt lat="54.364674" lon="18.781890"><time>2026-05-23T08:07:27.900Z</time></trkpt>
<trkpt lat="54.364689" lon="18.781901"><time>2026-05-23T08:07:28.900Z</time></trkpt>
<trkpt lat="54.364723" lon="18.781893"><time>2026-05-23T08:07:30.900Z</time></trkpt>
<trkpt lat="54.364747" lon="18.781914"><time>2026-05-23T08:07:32.900Z</time></trkpt>
<trkpt lat="54.364769" lon="18.781924"><time>2026-05-23T08:07:34.900Z</time></trkpt>
<trkpt lat="54.364799" lon="18.781942"><time>2026-05-23T08:07:36.900Z</time></trkpt>
<trkpt lat="54.364826" lon="18.781955"><time>2026-05-23T08:07:38.900Z</time></trkpt>
<trkpt lat="54.364859" lon="18.781980"><time>2026-05-23T08:07:40.900Z</time></trkpt>
<trkpt lat="54.364892" lon="18.782000"><time>2026-05-23T08:07:42.900Z</time></trkpt>
<trkpt lat="54.364921" lon="18.782025"><time>2026-05-23T08:07:44.900Z</time></trkpt>
<trkpt lat="54.364945" lon="18.782053"><time>2026-05-23T08:07:46.900Z</time></trkpt>
<trkpt lat="54.364971" lon="18.782084"><time>2026-05-23T08:07:48.900Z</time></trkpt>
<trkpt lat="54.365005" lon="18.782113"><time>2026-05-23T08:07:50.900Z</time></trkpt>
<trkpt lat="54.365036" lon="18.782142"><time>2026-05-23T08:07:52.900Z</time></trkpt>
<trkpt lat="54.365064" lon="18.782171"><time>2026-05-23T08:07:54.900Z</time></trkpt>
<trkpt lat="54.365093" lon="18.782200"><time>2026-05-23T08:07:56.900Z</time></trkpt>
<trkpt lat="54.365118" lon="18.782229"><time>2026-05-23T08:07:58.900Z</time></trkpt>
<trkpt lat="54.365146" lon="18.782266"><time>2026-05-23T08:08:00.900Z</time></trkpt>
<trkpt lat="54.365169" lon="18.782299"><time>2026-05-23T08:08:02.900Z</time></trkpt>
<trkpt lat="54.365197" lon="18.782329"><time>2026-05-23T08:08:04.900Z</time></trkpt>
<trkpt lat="54.365221" lon="18.782356"><time>2026-05-23T08:08:06.900Z</time></trkpt>
<trkpt lat="54.365252" lon="18.782371"><time>2026-05-23T08:08:08.900Z</time></trkpt>
<trkpt lat="54.365267" lon="18.782375"><time>2026-05-23T08:08:10.000Z</time></trkpt>
<trkpt lat="54.365297" lon="18.782378"><time>2026-05-23T08:08:12.000Z</time></trkpt>
<trkpt lat="54.365327" lon="18.782366"><time>2026-05-23T08:08:14.000Z</time></trkpt>
<trkpt lat="54.365358" lon="18.782355"><time>2026-05-23T08:08:16.000Z</time></trkpt>
<trkpt lat="54.365387" lon="18.782340"><time>2026-05-23T08:08:18.000Z</time></trkpt>
<trkpt lat="54.365418" lon="18.782326"><time>2026-05-23T08:08:20.000Z</time></trkpt>
<trkpt lat="54.365449" lon="18.782314"><time>2026-05-23T08:08:22.000Z</time></trkpt>
<trkpt lat="54.365481" lon="18.782304"><time>2026-05-23T08:08:24.000Z</time></trkpt>
<trkpt lat="54.365513" lon="18.782294"><time>2026-05-23T08:08:26.000Z</time></trkpt>
<trkpt lat="54.365545" lon="18.782281"><time>2026-05-23T08:08:28.000Z</time></trkpt>
<trkpt lat="54.365579" lon="18.782270"><time>2026-05-23T08:08:30.000Z</time></trkpt>
<trkpt lat="54.365609" lon="18.782259"><time>2026-05-23T08:08:32.000Z</time></trkpt>
<trkpt lat="54.365641" lon="18.782248"><time>2026-05-23T08:08:34.000Z</time></trkpt>
<trkpt lat="54.365672" lon="18.782234"><time>2026-05-23T08:08:36.000Z</time></trkpt>
<trkpt lat="54.365707" lon="18.782221"><time>2026-05-23T08:08:38.000Z</time></trkpt>
<trkpt lat="54.365738" lon="18.782214"><time>2026-05-23T08:08:40.000Z</time></trkpt>
<trkpt lat="54.365771" lon="18.782201"><time>2026-05-23T08:08:42.000Z</time></trkpt>
<trkpt lat="54.365803" lon="18.782187"><time>2026-05-23T08:08:44.000Z</time></trkpt>
<trkpt lat="54.365835" lon="18.782175"><time>2026-05-23T08:08:46.000Z</time></trkpt>
<trkpt lat="54.365870" lon="18.782164"><time>2026-05-23T08:08:48.000Z</time></trkpt>
<trkpt lat="54.365900" lon="18.782154"><time>2026-05-23T08:08:50.000Z</time></trkpt>
<trkpt lat="54.365933" lon="18.782140"><time>2026-05-23T08:08:52.000Z</time></trkpt>
<trkpt lat="54.365966" lon="18.782126"><time>2026-05-23T08:08:54.000Z</time></trkpt>
<trkpt lat="54.365999" lon="18.782116"><time>2026-05-23T08:08:56.000Z</time></trkpt>
<trkpt lat="54.366049" lon="18.782102"><time>2026-05-23T08:08:58.900Z</time></trkpt>
<trkpt lat="54.366081" lon="18.782092"><time>2026-05-23T08:09:00.900Z</time></trkpt>
<trkpt lat="54.366114" lon="18.782082"><time>2026-05-23T08:09:02.900Z</time></trkpt>
<trkpt lat="54.366145" lon="18.782076"><time>2026-05-23T08:09:04.900Z</time></trkpt>
<trkpt lat="54.366178" lon="18.782067"><time>2026-05-23T08:09:06.900Z</time></trkpt>
<trkpt lat="54.366212" lon="18.782059"><time>2026-05-23T08:09:08.900Z</time></trkpt>
<trkpt lat="54.366240" lon="18.782050"><time>2026-05-23T08:09:10.900Z</time></trkpt>
<trkpt lat="54.366263" lon="18.782046"><time>2026-05-23T08:09:12.900Z</time></trkpt>
<trkpt lat="54.366307" lon="18.782038"><time>2026-05-23T08:09:14.900Z</time></trkpt>
<trkpt lat="54.366340" lon="18.782032"><time>2026-05-23T08:09:16.900Z</time></trkpt>
<trkpt lat="54.366370" lon="18.782026"><time>2026-05-23T08:09:18.900Z</time></trkpt>
<trkpt lat="54.366401" lon="18.782020"><time>2026-05-23T08:09:20.900Z</time></trkpt>
<trkpt lat="54.366434" lon="18.782015"><time>2026-05-23T08:09:22.900Z</time></trkpt>
<trkpt lat="54.366467" lon="18.782008"><time>2026-05-23T08:09:24.900Z</time></trkpt>
<trkpt lat="54.366499" lon="18.782005"><time>2026-05-23T08:09:26.900Z</time></trkpt>
<trkpt lat="54.366531" lon="18.782001"><time>2026-05-23T08:09:28.900Z</time></trkpt>
<trkpt lat="54.366563" lon="18.781995"><time>2026-05-23T08:09:30.900Z</time></trkpt>
<trkpt lat="54.366596" lon="18.781989"><time>2026-05-23T08:09:32.900Z</time></trkpt>
<trkpt lat="54.366627" lon="18.781983"><time>2026-05-23T08:09:34.900Z</time></trkpt>
<trkpt lat="54.366656" lon="18.781976"><time>2026-05-23T08:09:36.900Z</time></trkpt>
<trkpt lat="54.366692" lon="18.781971"><time>2026-05-23T08:09:38.900Z</time></trkpt>
<trkpt lat="54.366724" lon="18.781967"><time>2026-05-23T08:09:40.900Z</time></trkpt>
<trkpt lat="54.366756" lon="18.781959"><time>2026-05-23T08:09:42.900Z</time></trkpt>
<trkpt lat="54.366789" lon="18.781951"><time>2026-05-23T08:09:44.900Z</time></trkpt>
<trkpt lat="54.366822" lon="18.781941"><time>2026-05-23T08:09:46.900Z</time></trkpt>
<trkpt lat="54.366852" lon="18.781931"><time>2026-05-23T08:09:48.900Z</time></trkpt>
<trkpt lat="54.366882" lon="18.781923"><time>2026-05-23T08:09:50.900Z</time></trkpt>
<trkpt lat="54.366920" lon="18.781916"><time>2026-05-23T08:09:52.900Z</time></trkpt>
<trkpt lat="54.366949" lon="18.781906"><time>2026-05-23T08:09:54.900Z</time></trkpt>
<trkpt lat="54.366979" lon="18.781894"><time>2026-05-23T08:09:56.900Z</time></trkpt>
<trkpt lat="54.367013" lon="18.781885"><time>2026-05-23T08:09:58.900Z</time></trkpt>
<trkpt lat="54.367046" lon="18.781875"><time>2026-05-23T08:10:00.900Z</time></trkpt>
<trkpt lat="54.367075" lon="18.781865"><time>2026-05-23T08:10:02.900Z</time></trkpt>
<trkpt lat="54.367110" lon="18.781854"><time>2026-05-23T08:10:04.900Z</time></trkpt>
<trkpt lat="54.367142" lon="18.781844"><time>2026-05-23T08:10:06.900Z</time></trkpt>
<trkpt lat="54.367176" lon="18.781840"><time>2026-05-23T08:10:08.900Z</time></trkpt>
<trkpt lat="54.367207" lon="18.781835"><time>2026-05-23T08:10:10.900Z</time></trkpt>
<trkpt lat="54.367240" lon="18.781830"><time>2026-05-23T08:10:12.900Z</time></trkpt>
<trkpt lat="54.367272" lon="18.781820"><time>2026-05-23T08:10:14.900Z</time></trkpt>
<trkpt lat="54.367288" lon="18.781813"><time>2026-05-23T08:10:16.000Z</time></trkpt>
<trkpt lat="54.367321" lon="18.781801"><time>2026-05-23T08:10:18.000Z</time></trkpt>
<trkpt lat="54.367351" lon="18.781790"><time>2026-05-23T08:10:20.000Z</time></trkpt>
<trkpt lat="54.367384" lon="18.781781"><time>2026-05-23T08:10:22.000Z</time></trkpt>
<trkpt lat="54.367418" lon="18.781771"><time>2026-05-23T08:10:24.000Z</time></trkpt>
<trkpt lat="54.367451" lon="18.781762"><time>2026-05-23T08:10:26.000Z</time></trkpt>
<trkpt lat="54.367483" lon="18.781755"><time>2026-05-23T08:10:28.000Z</time></trkpt>
<trkpt lat="54.367514" lon="18.781746"><time>2026-05-23T08:10:30.000Z</time></trkpt>
<trkpt lat="54.367548" lon="18.781734"><time>2026-05-23T08:10:32.000Z</time></trkpt>
<trkpt lat="54.367580" lon="18.781722"><time>2026-05-23T08:10:34.000Z</time></trkpt>
<trkpt lat="54.367611" lon="18.781709"><time>2026-05-23T08:10:36.000Z</time></trkpt>
<trkpt lat="54.367645" lon="18.781693"><time>2026-05-23T08:10:38.000Z</time></trkpt>
<trkpt lat="54.367675" lon="18.781681"><time>2026-05-23T08:10:40.000Z</time></trkpt>
<trkpt lat="54.367706" lon="18.781670"><time>2026-05-23T08:10:42.000Z</time></trkpt>
<trkpt lat="54.367742" lon="18.781660"><time>2026-05-23T08:10:44.000Z</time></trkpt>
<trkpt lat="54.367776" lon="18.781648"><time>2026-05-23T08:10:46.000Z</time></trkpt>
<trkpt lat="54.367807" lon="18.781635"><time>2026-05-23T08:10:48.000Z</time></trkpt>
<trkpt lat="54.367840" lon="18.781625"><time>2026-05-23T08:10:50.000Z</time></trkpt>
<trkpt lat="54.367875" lon="18.781614"><time>2026-05-23T08:10:52.000Z</time></trkpt>
<trkpt lat="54.367908" lon="18.781603"><time>2026-05-23T08:10:54.000Z</time></trkpt>
<trkpt lat="54.367941" lon="18.781593"><time>2026-05-23T08:10:56.000Z</time></trkpt>
<trkpt lat="54.367974" lon="18.781584"><time>2026-05-23T08:10:58.000Z</time></trkpt>
<trkpt lat="54.368007" lon="18.781574"><time>2026-05-23T08:11:00.000Z</time></trkpt>
<trkpt lat="54.368039" lon="18.781563"><time>2026-05-23T08:11:02.000Z</time></trkpt>
<trkpt lat="54.368071" lon="18.781551"><time>2026-05-23T08:11:04.000Z</time></trkpt>
<trkpt lat="54.368119" lon="18.781528"><time>2026-05-23T08:11:06.900Z</time></trkpt>
<trkpt lat="54.368155" lon="18.781517"><time>2026-05-23T08:11:08.900Z</time></trkpt>
<trkpt lat="54.368190" lon="18.781506"><time>2026-05-23T08:11:10.900Z</time></trkpt>
<trkpt lat="54.368221" lon="18.781490"><time>2026-05-23T08:11:12.900Z</time></trkpt>
<trkpt lat="54.368254" lon="18.781475"><time>2026-05-23T08:11:14.900Z</time></trkpt>
<trkpt lat="54.368287" lon="18.781462"><time>2026-05-23T08:11:16.900Z</time></trkpt>
<trkpt lat="54.368320" lon="18.781449"><time>2026-05-23T08:11:18.900Z</time></trkpt>
<trkpt lat="54.368353" lon="18.781435"><time>2026-05-23T08:11:20.900Z</time></trkpt>
<trkpt lat="54.368391" lon="18.781426"><time>2026-05-23T08:11:22.900Z</time></trkpt>
<trkpt lat="54.368427" lon="18.781418"><time>2026-05-23T08:11:24.900Z</time></trkpt>
<trkpt lat="54.368459" lon="18.781410"><time>2026-05-23T08:11:26.900Z</time></trkpt>
<trkpt lat="54.368495" lon="18.781403"><time>2026-05-23T08:11:28.900Z</time></trkpt>
<trkpt lat="54.368537" lon="18.781393"><time>2026-05-23T08:11:30.900Z</time></trkpt>
<trkpt lat="54.368573" lon="18.781386"><time>2026-05-23T08:11:32.900Z</time></trkpt>
<trkpt lat="54.368614" lon="18.781376"><time>2026-05-23T08:11:34.900Z</time></trkpt>
<trkpt lat="54.368655" lon="18.781378"><time>2026-05-23T08:11:36.900Z</time></trkpt>
<trkpt lat="54.368688" lon="18.781360"><time>2026-05-23T08:11:38.900Z</time></trkpt>
<trkpt lat="54.368720" lon="18.781343"><time>2026-05-23T08:11:40.900Z</time></trkpt>
<trkpt lat="54.368758" lon="18.781333"><time>2026-05-23T08:11:42.900Z</time></trkpt>
<trkpt lat="54.368793" lon="18.781327"><time>2026-05-23T08:11:44.900Z</time></trkpt>
<trkpt lat="54.368824" lon="18.781310"><time>2026-05-23T08:11:46.900Z</time></trkpt>
<trkpt lat="54.368861" lon="18.781295"><time>2026-05-23T08:11:48.900Z</time></trkpt>
<trkpt lat="54.368898" lon="18.781283"><time>2026-05-23T08:11:50.900Z</time></trkpt>
<trkpt lat="54.368928" lon="18.781265"><time>2026-05-23T08:11:52.900Z</time></trkpt>
<trkpt lat="54.368956" lon="18.781230"><time>2026-05-23T08:11:54.900Z</time></trkpt>
<trkpt lat="54.368990" lon="18.781217"><time>2026-05-23T08:11:56.900Z</time></trkpt>
<trkpt lat="54.369024" lon="18.781208"><time>2026-05-23T08:11:58.900Z</time></trkpt>
<trkpt lat="54.369055" lon="18.781185"><time>2026-05-23T08:12:00.900Z</time></trkpt>
<trkpt lat="54.369090" lon="18.781168"><time>2026-05-23T08:12:02.900Z</time></trkpt>
<trkpt lat="54.369125" lon="18.781149"><time>2026-05-23T08:12:04.900Z</time></trkpt>
<trkpt lat="54.369156" lon="18.781124"><time>2026-05-23T08:12:06.900Z</time></trkpt>
<trkpt lat="54.369188" lon="18.781094"><time>2026-05-23T08:12:08.900Z</time></trkpt>
<trkpt lat="54.369221" lon="18.781080"><time>2026-05-23T08:12:10.900Z</time></trkpt>
<trkpt lat="54.369255" lon="18.781065"><time>2026-05-23T08:12:12.900Z</time></trkpt>
<trkpt lat="54.369290" lon="18.781038"><time>2026-05-23T08:12:14.900Z</time></trkpt>
<trkpt lat="54.369326" lon="18.781021"><time>2026-05-23T08:12:16.900Z</time></trkpt>
<trkpt lat="54.369361" lon="18.781000"><time>2026-05-23T08:12:18.900Z</time></trkpt>
<trkpt lat="54.369394" lon="18.780978"><time>2026-05-23T08:12:20.900Z</time></trkpt>
<trkpt lat="54.369412" lon="18.780968"><time>2026-05-23T08:12:22.000Z</time></trkpt>
<trkpt lat="54.369446" lon="18.780945"><time>2026-05-23T08:12:24.000Z</time></trkpt>
<trkpt lat="54.369480" lon="18.780923"><time>2026-05-23T08:12:26.000Z</time></trkpt>
<trkpt lat="54.369511" lon="18.780894"><time>2026-05-23T08:12:28.000Z</time></trkpt>
<trkpt lat="54.369544" lon="18.780869"><time>2026-05-23T08:12:30.000Z</time></trkpt>
<trkpt lat="54.369576" lon="18.780846"><time>2026-05-23T08:12:32.000Z</time></trkpt>
<trkpt lat="54.369605" lon="18.780817"><time>2026-05-23T08:12:34.000Z</time></trkpt>
<trkpt lat="54.369633" lon="18.780795"><time>2026-05-23T08:12:36.000Z</time></trkpt>
<trkpt lat="54.369666" lon="18.780770"><time>2026-05-23T08:12:38.000Z</time></trkpt>
<trkpt lat="54.369698" lon="18.780750"><time>2026-05-23T08:12:40.000Z</time></trkpt>
<trkpt lat="54.369730" lon="18.780727"><time>2026-05-23T08:12:42.000Z</time></trkpt>
<trkpt lat="54.369762" lon="18.780706"><time>2026-05-23T08:12:44.000Z</time></trkpt>
<trkpt lat="54.369793" lon="18.780683"><time>2026-05-23T08:12:46.000Z</time></trkpt>
<trkpt lat="54.369825" lon="18.780666"><time>2026-05-23T08:12:48.000Z</time></trkpt>
<trkpt lat="54.369855" lon="18.780646"><time>2026-05-23T08:12:50.000Z</time></trkpt>
<trkpt lat="54.369886" lon="18.780625"><time>2026-05-23T08:12:52.000Z</time></trkpt>
<trkpt lat="54.369917" lon="18.780606"><time>2026-05-23T08:12:54.000Z</time></trkpt>
<trkpt lat="54.369947" lon="18.780583"><time>2026-05-23T08:12:56.000Z</time></trkpt>
<trkpt lat="54.369979" lon="18.780562"><time>2026-05-23T08:12:58.000Z</time></trkpt>
<trkpt lat="54.370013" lon="18.780541"><time>2026-05-23T08:13:00.000Z</time></trkpt>
<trkpt lat="54.370048" lon="18.780519"><time>2026-05-23T08:13:02.000Z</time></trkpt>
<trkpt lat="54.370081" lon="18.780497"><time>2026-05-23T08:13:04.000Z</time></trkpt>
<trkpt lat="54.370115" lon="18.780472"><time>2026-05-23T08:13:06.000Z</time></trkpt>
<trkpt lat="54.370164" lon="18.780434"><time>2026-05-23T08:13:08.900Z</time></trkpt>
<trkpt lat="54.370196" lon="18.780414"><time>2026-05-23T08:13:10.900Z</time></trkpt>
<trkpt lat="54.370229" lon="18.780392"><time>2026-05-23T08:13:12.900Z</time></trkpt>
<trkpt lat="54.370263" lon="18.780364"><time>2026-05-23T08:13:14.900Z</time></trkpt>
<trkpt lat="54.370296" lon="18.780333"><time>2026-05-23T08:13:16.900Z</time></trkpt>
<trkpt lat="54.370330" lon="18.780302"><time>2026-05-23T08:13:18.900Z</time></trkpt>
<trkpt lat="54.370362" lon="18.780274"><time>2026-05-23T08:13:20.900Z</time></trkpt>
<trkpt lat="54.370394" lon="18.780250"><time>2026-05-23T08:13:22.900Z</time></trkpt>
<trkpt lat="54.370426" lon="18.780223"><time>2026-05-23T08:13:24.900Z</time></trkpt>
<trkpt lat="54.370460" lon="18.780195"><time>2026-05-23T08:13:26.900Z</time></trkpt>
<trkpt lat="54.370491" lon="18.780163"><time>2026-05-23T08:13:28.900Z</time></trkpt>
<trkpt lat="54.370523" lon="18.780136"><time>2026-05-23T08:13:30.900Z</time></trkpt>
<trkpt lat="54.370557" lon="18.780113"><time>2026-05-23T08:13:32.900Z</time></trkpt>
<trkpt lat="54.370589" lon="18.780088"><time>2026-05-23T08:13:34.900Z</time></trkpt>
<trkpt lat="54.370622" lon="18.780061"><time>2026-05-23T08:13:36.900Z</time></trkpt>
<trkpt lat="54.370656" lon="18.780040"><time>2026-05-23T08:13:38.900Z</time></trkpt>
<trkpt lat="54.370690" lon="18.780015"><time>2026-05-23T08:13:40.900Z</time></trkpt>
<trkpt lat="54.370721" lon="18.779988"><time>2026-05-23T08:13:42.900Z</time></trkpt>
<trkpt lat="54.370754" lon="18.779963"><time>2026-05-23T08:13:44.900Z</time></trkpt>
<trkpt lat="54.370786" lon="18.779937"><time>2026-05-23T08:13:46.900Z</time></trkpt>
<trkpt lat="54.370816" lon="18.779908"><time>2026-05-23T08:13:48.900Z</time></trkpt>
<trkpt lat="54.370850" lon="18.779884"><time>2026-05-23T08:13:50.900Z</time></trkpt>
<trkpt lat="54.370884" lon="18.779864"><time>2026-05-23T08:13:52.900Z</time></trkpt>
<trkpt lat="54.370916" lon="18.779840"><time>2026-05-23T08:13:54.900Z</time></trkpt>
<trkpt lat="54.370949" lon="18.779817"><time>2026-05-23T08:13:56.900Z</time></trkpt>
<trkpt lat="54.370982" lon="18.779795"><time>2026-05-23T08:13:58.900Z</time></trkpt>
<trkpt lat="54.371017" lon="18.779769"><time>2026-05-23T08:14:00.900Z</time></trkpt>
<trkpt lat="54.371052" lon="18.779742"><time>2026-05-23T08:14:02.900Z</time></trkpt>
<trkpt lat="54.371086" lon="18.779713"><time>2026-05-23T08:14:04.900Z</time></trkpt>
<trkpt lat="54.371120" lon="18.779689"><time>2026-05-23T08:14:06.900Z</time></trkpt>
<trkpt lat="54.371153" lon="18.779664"><time>2026-05-23T08:14:08.900Z</time></trkpt>
<trkpt lat="54.371187" lon="18.779642"><time>2026-05-23T08:14:10.900Z</time></trkpt>
<trkpt lat="54.371223" lon="18.779617"><time>2026-05-23T08:14:12.900Z</time></trkpt>
<trkpt lat="54.371256" lon="18.779599"><time>2026-05-23T08:14:14.900Z</time></trkpt>
<trkpt lat="54.371292" lon="18.779562"><time>2026-05-23T08:14:16.900Z</time></trkpt>
<trkpt lat="54.371322" lon="18.779539"><time>2026-05-23T08:14:18.900Z</time></trkpt>
<trkpt lat="54.371351" lon="18.779515"><time>2026-05-23T08:14:20.900Z</time></trkpt>
<trkpt lat="54.371387" lon="18.779483"><time>2026-05-23T08:14:22.900Z</time></trkpt>
<trkpt lat="54.371419" lon="18.779450"><time>2026-05-23T08:14:24.900Z</time></trkpt>
<trkpt lat="54.371450" lon="18.779422"><time>2026-05-23T08:14:26.900Z</time></trkpt>
<trkpt lat="54.371466" lon="18.779407"><time>2026-05-23T08:14:28.000Z</time></trkpt>
<trkpt lat="54.371499" lon="18.779376"><time>2026-05-23T08:14:30.000Z</time></trkpt>
<trkpt lat="54.371531" lon="18.779348"><time>2026-05-23T08:14:32.000Z</time></trkpt>
<trkpt lat="54.371563" lon="18.779320"><time>2026-05-23T08:14:34.000Z</time></trkpt>
<trkpt lat="54.371598" lon="18.779290"><time>2026-05-23T08:14:36.000Z</time></trkpt>
<trkpt lat="54.371631" lon="18.779260"><time>2026-05-23T08:14:38.000Z</time></trkpt>
<trkpt lat="54.371665" lon="18.779233"><time>2026-05-23T08:14:40.000Z</time></trkpt>
<trkpt lat="54.371698" lon="18.779204"><time>2026-05-23T08:14:42.000Z</time></trkpt>
<trkpt lat="54.371732" lon="18.779172"><time>2026-05-23T08:14:44.000Z</time></trkpt>
<trkpt lat="54.371766" lon="18.779144"><time>2026-05-23T08:14:46.000Z</time></trkpt>
<trkpt lat="54.371800" lon="18.779115"><time>2026-05-23T08:14:48.000Z</time></trkpt>
<trkpt lat="54.371833" lon="18.779087"><time>2026-05-23T08:14:50.000Z</time></trkpt>
<trkpt lat="54.371867" lon="18.779061"><time>2026-05-23T08:14:52.000Z</time></trkpt>
<trkpt lat="54.371901" lon="18.779035"><time>2026-05-23T08:14:54.000Z</time></trkpt>
<trkpt lat="54.371937" lon="18.779010"><time>2026-05-23T08:14:56.000Z</time></trkpt>
<trkpt lat="54.371975" lon="18.778993"><time>2026-05-23T08:14:58.000Z</time></trkpt>
<trkpt lat="54.372010" lon="18.778971"><time>2026-05-23T08:15:00.000Z</time></trkpt>
<trkpt lat="54.372047" lon="18.778952"><time>2026-05-23T08:15:02.000Z</time></trkpt>
<trkpt lat="54.372083" lon="18.778930"><time>2026-05-23T08:15:04.000Z</time></trkpt>
<trkpt lat="54.372122" lon="18.778904"><time>2026-05-23T08:15:06.000Z</time></trkpt>
<trkpt lat="54.372177" lon="18.778884"><time>2026-05-23T08:15:08.900Z</time></trkpt>
<trkpt lat="54.372213" lon="18.778858"><time>2026-05-23T08:15:10.900Z</time></trkpt>
<trkpt lat="54.372250" lon="18.778838"><time>2026-05-23T08:15:12.900Z</time></trkpt>
<trkpt lat="54.372289" lon="18.778817"><time>2026-05-23T08:15:14.900Z</time></trkpt>
<trkpt lat="54.372326" lon="18.778797"><time>2026-05-23T08:15:16.900Z</time></trkpt>
<trkpt lat="54.372362" lon="18.778778"><time>2026-05-23T08:15:18.900Z</time></trkpt>
<trkpt lat="54.372397" lon="18.778755"><time>2026-05-23T08:15:20.900Z</time></trkpt>
<trkpt lat="54.372430" lon="18.778730"><time>2026-05-23T08:15:22.900Z</time></trkpt>
<trkpt lat="54.372465" lon="18.778705"><time>2026-05-23T08:15:24.900Z</time></trkpt>
<trkpt lat="54.372502" lon="18.778667"><time>2026-05-23T08:15:26.900Z</time></trkpt>
<trkpt lat="54.372537" lon="18.778646"><time>2026-05-23T08:15:28.900Z</time></trkpt>
<trkpt lat="54.372564" lon="18.778625"><time>2026-05-23T08:15:30.900Z</time></trkpt>
<trkpt lat="54.372601" lon="18.778588"><time>2026-05-23T08:15:32.900Z</time></trkpt>
<trkpt lat="54.372638" lon="18.778564"><time>2026-05-23T08:15:34.900Z</time></trkpt>
<trkpt lat="54.372673" lon="18.778537"><time>2026-05-23T08:15:36.900Z</time></trkpt>
<trkpt lat="54.372710" lon="18.778509"><time>2026-05-23T08:15:38.900Z</time></trkpt>
<trkpt lat="54.372745" lon="18.778482"><time>2026-05-23T08:15:40.900Z</time></trkpt>
<trkpt lat="54.372780" lon="18.778456"><time>2026-05-23T08:15:42.900Z</time></trkpt>
<trkpt lat="54.372814" lon="18.778425"><time>2026-05-23T08:15:44.900Z</time></trkpt>
<trkpt lat="54.372847" lon="18.778399"><time>2026-05-23T08:15:46.900Z</time></trkpt>
<trkpt lat="54.372882" lon="18.778371"><time>2026-05-23T08:15:48.900Z</time></trkpt>
<trkpt lat="54.372915" lon="18.778347"><time>2026-05-23T08:15:50.900Z</time></trkpt>
<trkpt lat="54.372948" lon="18.778317"><time>2026-05-23T08:15:52.900Z</time></trkpt>
<trkpt lat="54.372981" lon="18.778288"><time>2026-05-23T08:15:54.900Z</time></trkpt>
<trkpt lat="54.373013" lon="18.778257"><time>2026-05-23T08:15:56.900Z</time></trkpt>
<trkpt lat="54.373047" lon="18.778230"><time>2026-05-23T08:15:58.900Z</time></trkpt>
<trkpt lat="54.373081" lon="18.778202"><time>2026-05-23T08:16:00.900Z</time></trkpt>
<trkpt lat="54.373115" lon="18.778174"><time>2026-05-23T08:16:02.900Z</time></trkpt>
<trkpt lat="54.373151" lon="18.778150"><time>2026-05-23T08:16:04.900Z</time></trkpt>
<trkpt lat="54.373186" lon="18.778122"><time>2026-05-23T08:16:06.900Z</time></trkpt>
<trkpt lat="54.373224" lon="18.778096"><time>2026-05-23T08:16:08.900Z</time></trkpt>
<trkpt lat="54.373262" lon="18.778074"><time>2026-05-23T08:16:10.900Z</time></trkpt>
<trkpt lat="54.373303" lon="18.778045"><time>2026-05-23T08:16:12.900Z</time></trkpt>
<trkpt lat="54.373338" lon="18.778029"><time>2026-05-23T08:16:14.900Z</time></trkpt>
<trkpt lat="54.373373" lon="18.778006"><time>2026-05-23T08:16:16.900Z</time></trkpt>
<trkpt lat="54.373408" lon="18.777983"><time>2026-05-23T08:16:18.900Z</time></trkpt>
<trkpt lat="54.373443" lon="18.777960"><time>2026-05-23T08:16:20.900Z</time></trkpt>
<trkpt lat="54.373478" lon="18.777935"><time>2026-05-23T08:16:22.900Z</time></trkpt>
<trkpt lat="54.373513" lon="18.777910"><time>2026-05-23T08:16:24.900Z</time></trkpt>
<trkpt lat="54.373546" lon="18.777885"><time>2026-05-23T08:16:26.900Z</time></trkpt>
<trkpt lat="54.373580" lon="18.777859"><time>2026-05-23T08:16:28.900Z</time></trkpt>
<trkpt lat="54.373616" lon="18.777835"><time>2026-05-23T08:16:30.900Z</time></trkpt>
<trkpt lat="54.373651" lon="18.777813"><time>2026-05-23T08:16:32.900Z</time></trkpt>
<trkpt lat="54.373669" lon="18.777804"><time>2026-05-23T08:16:34.000Z</time></trkpt>
<trkpt lat="54.373705" lon="18.777782"><time>2026-05-23T08:16:36.000Z</time></trkpt>
<trkpt lat="54.373743" lon="18.777761"><time>2026-05-23T08:16:38.000Z</time></trkpt>
<trkpt lat="54.373779" lon="18.777745"><time>2026-05-23T08:16:40.000Z</time></trkpt>
<trkpt lat="54.373814" lon="18.777721"><time>2026-05-23T08:16:42.000Z</time></trkpt>
<trkpt lat="54.373850" lon="18.777697"><time>2026-05-23T08:16:44.000Z</time></trkpt>
<trkpt lat="54.373888" lon="18.777675"><time>2026-05-23T08:16:46.000Z</time></trkpt>
<trkpt lat="54.373929" lon="18.777658"><time>2026-05-23T08:16:48.000Z</time></trkpt>
<trkpt lat="54.373967" lon="18.777642"><time>2026-05-23T08:16:50.000Z</time></trkpt>
<trkpt lat="54.374005" lon="18.777638"><time>2026-05-23T08:16:52.000Z</time></trkpt>
<trkpt lat="54.374044" lon="18.777635"><time>2026-05-23T08:16:54.000Z</time></trkpt>
<trkpt lat="54.374076" lon="18.777648"><time>2026-05-23T08:16:56.000Z</time></trkpt>
<trkpt lat="54.374115" lon="18.777634"><time>2026-05-23T08:16:58.000Z</time></trkpt>
<trkpt lat="54.374151" lon="18.777645"><time>2026-05-23T08:17:00.000Z</time></trkpt>
<trkpt lat="54.374186" lon="18.777645"><time>2026-05-23T08:17:02.000Z</time></trkpt>
<trkpt lat="54.374224" lon="18.777651"><time>2026-05-23T08:17:04.000Z</time></trkpt>
<trkpt lat="54.374261" lon="18.777658"><time>2026-05-23T08:17:06.000Z</time></trkpt>
<trkpt lat="54.374305" lon="18.777663"><time>2026-05-23T08:17:08.000Z</time></trkpt>
<trkpt lat="54.374348" lon="18.777669"><time>2026-05-23T08:17:10.000Z</time></trkpt>
<trkpt lat="54.374401" lon="18.777685"><time>2026-05-23T08:17:12.900Z</time></trkpt>
<trkpt lat="54.374435" lon="18.777691"><time>2026-05-23T08:17:14.900Z</time></trkpt>
<trkpt lat="54.374469" lon="18.777699"><time>2026-05-23T08:17:16.900Z</time></trkpt>
<trkpt lat="54.374505" lon="18.777709"><time>2026-05-23T08:17:18.900Z</time></trkpt>
<trkpt lat="54.374543" lon="18.777717"><time>2026-05-23T08:17:20.900Z</time></trkpt>
<trkpt lat="54.374578" lon="18.777728"><time>2026-05-23T08:17:22.900Z</time></trkpt>
<trkpt lat="54.374620" lon="18.777748"><time>2026-05-23T08:17:24.900Z</time></trkpt>
<trkpt lat="54.374664" lon="18.777756"><time>2026-05-23T08:17:26.900Z</time></trkpt>
<trkpt lat="54.374702" lon="18.777763"><time>2026-05-23T08:17:28.900Z</time></trkpt>
<trkpt lat="54.374730" lon="18.777776"><time>2026-05-23T08:17:30.900Z</time></trkpt>
<trkpt lat="54.374762" lon="18.777775"><time>2026-05-23T08:17:32.900Z</time></trkpt>
<trkpt lat="54.374798" lon="18.777798"><time>2026-05-23T08:17:34.900Z</time></trkpt>
<trkpt lat="54.374835" lon="18.777817"><time>2026-05-23T08:17:36.900Z</time></trkpt>
<trkpt lat="54.374870" lon="18.777834"><time>2026-05-23T08:17:38.900Z</time></trkpt>
<trkpt lat="54.374904" lon="18.777851"><time>2026-05-23T08:17:40.900Z</time></trkpt>
<trkpt lat="54.374936" lon="18.777870"><time>2026-05-23T08:17:42.900Z</time></trkpt>
<trkpt lat="54.374966" lon="18.777887"><time>2026-05-23T08:17:44.900Z</time></trkpt>
<trkpt lat="54.374998" lon="18.777910"><time>2026-05-23T08:17:46.900Z</time></trkpt>
<trkpt lat="54.375029" lon="18.777940"><time>2026-05-23T08:17:48.900Z</time></trkpt>
<trkpt lat="54.375062" lon="18.777969"><time>2026-05-23T08:17:50.900Z</time></trkpt>
<trkpt lat="54.375089" lon="18.778001"><time>2026-05-23T08:17:52.900Z</time></trkpt>
<trkpt lat="54.375118" lon="18.778036"><time>2026-05-23T08:17:54.900Z</time></trkpt>
<trkpt lat="54.375145" lon="18.778077"><time>2026-05-23T08:17:56.900Z</time></trkpt>
<trkpt lat="54.375176" lon="18.778119"><time>2026-05-23T08:17:58.900Z</time></trkpt>
<trkpt lat="54.375199" lon="18.778157"><time>2026-05-23T08:18:00.900Z</time></trkpt>
<trkpt lat="54.375221" lon="18.778197"><time>2026-05-23T08:18:02.900Z</time></trkpt>
<trkpt lat="54.375240" lon="18.778244"><time>2026-05-23T08:18:04.900Z</time></trkpt>
<trkpt lat="54.375259" lon="18.778296"><time>2026-05-23T08:18:06.900Z</time></trkpt>
<trkpt lat="54.375274" lon="18.778340"><time>2026-05-23T08:18:08.900Z</time></trkpt>
<trkpt lat="54.375295" lon="18.778378"><time>2026-05-23T08:18:10.900Z</time></trkpt>
<trkpt lat="54.375315" lon="18.778421"><time>2026-05-23T08:18:12.900Z</time></trkpt>
<trkpt lat="54.375339" lon="18.778461"><time>2026-05-23T08:18:14.900Z</time></trkpt>
<trkpt lat="54.375356" lon="18.778501"><time>2026-05-23T08:18:16.900Z</time></trkpt>
<trkpt lat="54.375373" lon="18.778542"><time>2026-05-23T08:18:18.900Z</time></trkpt>
<trkpt lat="54.375393" lon="18.778589"><time>2026-05-23T08:18:20.900Z</time></trkpt>
<trkpt lat="54.375410" lon="18.778627"><time>2026-05-23T08:18:22.900Z</time></trkpt>
<trkpt lat="54.375427" lon="18.778689"><time>2026-05-23T08:18:24.900Z</time></trkpt>
<trkpt lat="54.375447" lon="18.778733"><time>2026-05-23T08:18:26.900Z</time></trkpt>
<trkpt lat="54.375467" lon="18.778777"><time>2026-05-23T08:18:28.900Z</time></trkpt>
<trkpt lat="54.375485" lon="18.778819"><time>2026-05-23T08:18:30.900Z</time></trkpt>
<trkpt lat="54.375501" lon="18.778867"><time>2026-05-23T08:18:32.900Z</time></trkpt>
<trkpt lat="54.375522" lon="18.778910"><time>2026-05-23T08:18:34.900Z</time></trkpt>
<trkpt lat="54.375543" lon="18.778951"><time>2026-05-23T08:18:36.900Z</time></trkpt>
<trkpt lat="54.375561" lon="18.778994"><time>2026-05-23T08:18:38.900Z</time></trkpt>
<trkpt lat="54.375569" lon="18.779019"><time>2026-05-23T08:18:40.000Z</time></trkpt>
<trkpt lat="54.375591" lon="18.779064"><time>2026-05-23T08:18:42.000Z</time></trkpt>
<trkpt lat="54.375609" lon="18.779116"><time>2026-05-23T08:18:44.000Z</time></trkpt>
<trkpt lat="54.375631" lon="18.779152"><time>2026-05-23T08:18:46.000Z</time></trkpt>
<trkpt lat="54.375653" lon="18.779198"><time>2026-05-23T08:18:48.000Z</time></trkpt>
<trkpt lat="54.375676" lon="18.779248"><time>2026-05-23T08:18:50.000Z</time></trkpt>
<trkpt lat="54.375700" lon="18.779293"><time>2026-05-23T08:18:52.000Z</time></trkpt>
<trkpt lat="54.375720" lon="18.779343"><time>2026-05-23T08:18:54.000Z</time></trkpt>
<trkpt lat="54.375744" lon="18.779393"><time>2026-05-23T08:18:56.000Z</time></trkpt>
<trkpt lat="54.375767" lon="18.779433"><time>2026-05-23T08:18:58.000Z</time></trkpt>
<trkpt lat="54.375788" lon="18.779481"><time>2026-05-23T08:19:00.000Z</time></trkpt>
<trkpt lat="54.375807" lon="18.779522"><time>2026-05-23T08:19:02.000Z</time></trkpt>
<trkpt lat="54.375822" lon="18.779562"><time>2026-05-23T08:19:04.000Z</time></trkpt>
<trkpt lat="54.375842" lon="18.779607"><time>2026-05-23T08:19:06.000Z</time></trkpt>
<trkpt lat="54.375864" lon="18.779653"><time>2026-05-23T08:19:08.000Z</time></trkpt>
<trkpt lat="54.375884" lon="18.779697"><time>2026-05-23T08:19:10.000Z</time></trkpt>
<trkpt lat="54.375907" lon="18.779739"><time>2026-05-23T08:19:12.000Z</time></trkpt>
<trkpt lat="54.375939" lon="18.779803"><time>2026-05-23T08:19:14.900Z</time></trkpt>
<trkpt lat="54.375960" lon="18.779849"><time>2026-05-23T08:19:16.900Z</time></trkpt>
<trkpt lat="54.375979" lon="18.779894"><time>2026-05-23T08:19:18.900Z</time></trkpt>
<trkpt lat="54.376000" lon="18.779943"><time>2026-05-23T08:19:20.900Z</time></trkpt>
<trkpt lat="54.376021" lon="18.779989"><time>2026-05-23T08:19:22.900Z</time></trkpt>
<trkpt lat="54.376040" lon="18.780036"><time>2026-05-23T08:19:24.900Z</time></trkpt>
<trkpt lat="54.376059" lon="18.780080"><time>2026-05-23T08:19:26.900Z</time></trkpt>
<trkpt lat="54.376077" lon="18.780125"><time>2026-05-23T08:19:28.900Z</time></trkpt>
<trkpt lat="54.376092" lon="18.780173"><time>2026-05-23T08:19:30.900Z</time></trkpt>
<trkpt lat="54.376113" lon="18.780222"><time>2026-05-23T08:19:32.900Z</time></trkpt>
<trkpt lat="54.376125" lon="18.780270"><time>2026-05-23T08:19:34.900Z</time></trkpt>
<trkpt lat="54.376143" lon="18.780317"><time>2026-05-23T08:19:36.900Z</time></trkpt>
<trkpt lat="54.376159" lon="18.780366"><time>2026-05-23T08:19:38.900Z</time></trkpt>
<trkpt lat="54.376180" lon="18.780418"><time>2026-05-23T08:19:40.900Z</time></trkpt>
<trkpt lat="54.376199" lon="18.780465"><time>2026-05-23T08:19:42.900Z</time></trkpt>
<trkpt lat="54.376219" lon="18.780510"><time>2026-05-23T08:19:44.900Z</time></trkpt>
<trkpt lat="54.376238" lon="18.780559"><time>2026-05-23T08:19:46.900Z</time></trkpt>
<trkpt lat="54.376257" lon="18.780602"><time>2026-05-23T08:19:48.900Z</time></trkpt>
<trkpt lat="54.376278" lon="18.780644"><time>2026-05-23T08:19:50.900Z</time></trkpt>
<trkpt lat="54.376297" lon="18.780685"><time>2026-05-23T08:19:52.900Z</time></trkpt>
<trkpt lat="54.376316" lon="18.780727"><time>2026-05-23T08:19:54.900Z</time></trkpt>
<trkpt lat="54.376332" lon="18.780765"><time>2026-05-23T08:19:56.900Z</time></trkpt>
<trkpt lat="54.376354" lon="18.780805"><time>2026-05-23T08:19:58.900Z</time></trkpt>
<trkpt lat="54.376378" lon="18.780851"><time>2026-05-23T08:20:00.900Z</time></trkpt>
<trkpt lat="54.376396" lon="18.780891"><time>2026-05-23T08:20:02.900Z</time></trkpt>
<trkpt lat="54.376417" lon="18.780932"><time>2026-05-23T08:20:04.900Z</time></trkpt>
<trkpt lat="54.376436" lon="18.780975"><time>2026-05-23T08:20:06.900Z</time></trkpt>
<trkpt lat="54.376456" lon="18.781018"><time>2026-05-23T08:20:08.900Z</time></trkpt>
<trkpt lat="54.376475" lon="18.781062"><time>2026-05-23T08:20:10.900Z</time></trkpt>
<trkpt lat="54.376493" lon="18.781106"><time>2026-05-23T08:20:12.900Z</time></trkpt>
<trkpt lat="54.376511" lon="18.781150"><time>2026-05-23T08:20:14.900Z</time></trkpt>
<trkpt lat="54.376529" lon="18.781193"><time>2026-05-23T08:20:16.900Z</time></trkpt>
<trkpt lat="54.376550" lon="18.781234"><time>2026-05-23T08:20:18.900Z</time></trkpt>
<trkpt lat="54.376568" lon="18.781278"><time>2026-05-23T08:20:20.900Z</time></trkpt>
<trkpt lat="54.376588" lon="18.781321"><time>2026-05-23T08:20:22.900Z</time></trkpt>
<trkpt lat="54.376607" lon="18.781362"><time>2026-05-23T08:20:24.900Z</time></trkpt>
<trkpt lat="54.376627" lon="18.781406"><time>2026-05-23T08:20:26.900Z</time></trkpt>
<trkpt lat="54.376647" lon="18.781447"><time>2026-05-23T08:20:28.900Z</time></trkpt>
<trkpt lat="54.376668" lon="18.781489"><time>2026-05-23T08:20:30.900Z</time></trkpt>
<trkpt lat="54.376687" lon="18.781532"><time>2026-05-23T08:20:32.900Z</time></trkpt>
<trkpt lat="54.376707" lon="18.781574"><time>2026-05-23T08:20:34.900Z</time></trkpt>
<trkpt lat="54.376725" lon="18.781618"><time>2026-05-23T08:20:36.900Z</time></trkpt>
<trkpt lat="54.376741" lon="18.781663"><time>2026-05-23T08:20:38.900Z</time></trkpt>
<trkpt lat="54.376752" lon="18.781711"><time>2026-05-23T08:20:40.900Z</time></trkpt>
<trkpt lat="54.376770" lon="18.781748"><time>2026-05-23T08:20:42.900Z</time></trkpt>
<trkpt lat="54.376794" lon="18.781780"><time>2026-05-23T08:20:44.900Z</time></trkpt>
<trkpt lat="54.376808" lon="18.781796"><time>2026-05-23T08:20:46.000Z</time></trkpt>
<trkpt lat="54.376834" lon="18.781817"><time>2026-05-23T08:20:48.000Z</time></trkpt>
<trkpt lat="54.376865" lon="18.781838"><time>2026-05-23T08:20:50.000Z</time></trkpt>
<trkpt lat="54.376893" lon="18.781859"><time>2026-05-23T08:20:52.000Z</time></trkpt>
<trkpt lat="54.376924" lon="18.781878"><time>2026-05-23T08:20:54.000Z</time></trkpt>
<trkpt lat="54.376953" lon="18.781894"><time>2026-05-23T08:20:56.000Z</time></trkpt>
<trkpt lat="54.376985" lon="18.781909"><time>2026-05-23T08:20:58.000Z</time></trkpt>
<trkpt lat="54.377018" lon="18.781924"><time>2026-05-23T08:21:00.000Z</time></trkpt>
<trkpt lat="54.377049" lon="18.781936"><time>2026-05-23T08:21:02.000Z</time></trkpt>
<trkpt lat="54.377079" lon="18.781948"><time>2026-05-23T08:21:04.000Z</time></trkpt>
<trkpt lat="54.377113" lon="18.781954"><time>2026-05-23T08:21:06.000Z</time></trkpt>
<trkpt lat="54.377140" lon="18.781959"><time>2026-05-23T08:21:08.000Z</time></trkpt>
<trkpt lat="54.377171" lon="18.781965"><time>2026-05-23T08:21:10.000Z</time></trkpt>
<trkpt lat="54.377204" lon="18.781976"><time>2026-05-23T08:21:12.000Z</time></trkpt>
<trkpt lat="54.377240" lon="18.781985"><time>2026-05-23T08:21:14.000Z</time></trkpt>
<trkpt lat="54.377271" lon="18.782003"><time>2026-05-23T08:21:16.000Z</time></trkpt>
<trkpt lat="54.377308" lon="18.782026"><time>2026-05-23T08:21:18.000Z</time></trkpt>
<trkpt lat="54.377334" lon="18.782067"><time>2026-05-23T08:21:20.900Z</time></trkpt>
<trkpt lat="54.377368" lon="18.782084"><time>2026-05-23T08:21:22.900Z</time></trkpt>
<trkpt lat="54.377400" lon="18.782113"><time>2026-05-23T08:21:24.900Z</time></trkpt>
<trkpt lat="54.377432" lon="18.782144"><time>2026-05-23T08:21:26.900Z</time></trkpt>
<trkpt lat="54.377465" lon="18.782168"><time>2026-05-23T08:21:28.900Z</time></trkpt>
<trkpt lat="54.377496" lon="18.782182"><time>2026-05-23T08:21:30.900Z</time></trkpt>
<trkpt lat="54.377530" lon="18.782200"><time>2026-05-23T08:21:32.900Z</time></trkpt>
<trkpt lat="54.377559" lon="18.782220"><time>2026-05-23T08:21:34.900Z</time></trkpt>
<trkpt lat="54.377591" lon="18.782248"><time>2026-05-23T08:21:36.900Z</time></trkpt>
<trkpt lat="54.377621" lon="18.782268"><time>2026-05-23T08:21:38.900Z</time></trkpt>
<trkpt lat="54.377654" lon="18.782299"><time>2026-05-23T08:21:40.900Z</time></trkpt>
<trkpt lat="54.377685" lon="18.782321"><time>2026-05-23T08:21:42.900Z</time></trkpt>
<trkpt lat="54.377715" lon="18.782346"><time>2026-05-23T08:21:44.900Z</time></trkpt>
<trkpt lat="54.377746" lon="18.782369"><time>2026-05-23T08:21:46.900Z</time></trkpt>
<trkpt lat="54.377796" lon="18.782423"><time>2026-05-23T08:21:48.900Z</time></trkpt>
<trkpt lat="54.377823" lon="18.782443"><time>2026-05-23T08:21:50.900Z</time></trkpt>
<trkpt lat="54.377846" lon="18.782460"><time>2026-05-23T08:21:52.900Z</time></trkpt>
<trkpt lat="54.377871" lon="18.782487"><time>2026-05-23T08:21:54.900Z</time></trkpt>
<trkpt lat="54.377890" lon="18.782494"><time>2026-05-23T08:21:56.900Z</time></trkpt>
<trkpt lat="54.377915" lon="18.782491"><time>2026-05-23T08:21:58.900Z</time></trkpt>
<trkpt lat="54.377936" lon="18.782487"><time>2026-05-23T08:22:00.900Z</time></trkpt>
<trkpt lat="54.377963" lon="18.782484"><time>2026-05-23T08:22:02.900Z</time></trkpt>
<trkpt lat="54.377989" lon="18.782481"><time>2026-05-23T08:22:04.900Z</time></trkpt>
<trkpt lat="54.378009" lon="18.782484"><time>2026-05-23T08:22:06.900Z</time></trkpt>
<trkpt lat="54.378029" lon="18.782498"><time>2026-05-23T08:22:08.900Z</time></trkpt>
<trkpt lat="54.378063" lon="18.782503"><time>2026-05-23T08:22:10.900Z</time></trkpt>
<trkpt lat="54.378097" lon="18.782510"><time>2026-05-23T08:22:12.900Z</time></trkpt>
<trkpt lat="54.378125" lon="18.782525"><time>2026-05-23T08:22:14.900Z</time></trkpt>
<trkpt lat="54.378156" lon="18.782537"><time>2026-05-23T08:22:16.900Z</time></trkpt>
<trkpt lat="54.378187" lon="18.782550"><time>2026-05-23T08:22:18.900Z</time></trkpt>
<trkpt lat="54.378224" lon="18.782549"><time>2026-05-23T08:22:20.900Z</time></trkpt>
<trkpt lat="54.378258" lon="18.782553"><time>2026-05-23T08:22:22.900Z</time></trkpt>
<trkpt lat="54.378294" lon="18.782571"><time>2026-05-23T08:22:24.900Z</time></trkpt>
<trkpt lat="54.378328" lon="18.782591"><time>2026-05-23T08:22:26.900Z</time></trkpt>
<trkpt lat="54.378361" lon="18.782611"><time>2026-05-23T08:22:28.900Z</time></trkpt>
<trkpt lat="54.378389" lon="18.782630"><time>2026-05-23T08:22:30.900Z</time></trkpt>
<trkpt lat="54.378414" lon="18.782634"><time>2026-05-23T08:22:32.900Z</time></trkpt>
<trkpt lat="54.378447" lon="18.782658"><time>2026-05-23T08:22:34.900Z</time></trkpt>
<trkpt lat="54.378480" lon="18.782661"><time>2026-05-23T08:22:36.900Z</time></trkpt>
<trkpt lat="54.378513" lon="18.782668"><time>2026-05-23T08:22:38.900Z</time></trkpt>
<trkpt lat="54.378547" lon="18.782678"><time>2026-05-23T08:22:40.900Z</time></trkpt>
<trkpt lat="54.378582" lon="18.782688"><time>2026-05-23T08:22:42.900Z</time></trkpt>
<trkpt lat="54.378615" lon="18.782697"><time>2026-05-23T08:22:44.900Z</time></trkpt>
<trkpt lat="54.378648" lon="18.782713"><time>2026-05-23T08:22:46.900Z</time></trkpt>
<trkpt lat="54.378678" lon="18.782728"><time>2026-05-23T08:22:48.900Z</time></trkpt>
<trkpt lat="54.378708" lon="18.782731"><time>2026-05-23T08:22:50.900Z</time></trkpt>
<trkpt lat="54.378724" lon="18.782735"><time>2026-05-23T08:22:52.000Z</time></trkpt>
<trkpt lat="54.378760" lon="18.782745"><time>2026-05-23T08:22:54.000Z</time></trkpt>
<trkpt lat="54.378794" lon="18.782762"><time>2026-05-23T08:22:56.000Z</time></trkpt>
<trkpt lat="54.378826" lon="18.782775"><time>2026-05-23T08:22:58.000Z</time></trkpt>
<trkpt lat="54.378858" lon="18.782779"><time>2026-05-23T08:23:00.000Z</time></trkpt>
<trkpt lat="54.378891" lon="18.782784"><time>2026-05-23T08:23:02.000Z</time></trkpt>
<trkpt lat="54.378928" lon="18.782794"><time>2026-05-23T08:23:04.000Z</time></trkpt>
<trkpt lat="54.378966" lon="18.782800"><time>2026-05-23T08:23:06.000Z</time></trkpt>
<trkpt lat="54.379006" lon="18.782810"><time>2026-05-23T08:23:08.000Z</time></trkpt>
<trkpt lat="54.379043" lon="18.782824"><time>2026-05-23T08:23:10.000Z</time></trkpt>
<trkpt lat="54.379087" lon="18.782844"><time>2026-05-23T08:23:12.000Z</time></trkpt>
<trkpt lat="54.379118" lon="18.782861"><time>2026-05-23T08:23:14.000Z</time></trkpt>
<trkpt lat="54.379154" lon="18.782887"><time>2026-05-23T08:23:16.000Z</time></trkpt>
<trkpt lat="54.379191" lon="18.782894"><time>2026-05-23T08:23:18.000Z</time></trkpt>
<trkpt lat="54.379230" lon="18.782900"><time>2026-05-23T08:23:20.000Z</time></trkpt>
<trkpt lat="54.379269" lon="18.782913"><time>2026-05-23T08:23:22.000Z</time></trkpt>
<trkpt lat="54.379308" lon="18.782921"><time>2026-05-23T08:23:24.000Z</time></trkpt>
<trkpt lat="54.379366" lon="18.782943"><time>2026-05-23T08:23:26.900Z</time></trkpt>
<trkpt lat="54.379403" lon="18.782959"><time>2026-05-23T08:23:28.900Z</time></trkpt>
<trkpt lat="54.379434" lon="18.782971"><time>2026-05-23T08:23:30.900Z</time></trkpt>
<trkpt lat="54.379472" lon="18.782989"><time>2026-05-23T08:23:32.900Z</time></trkpt>
<trkpt lat="54.379508" lon="18.783011"><time>2026-05-23T08:23:34.900Z</time></trkpt>
<trkpt lat="54.379545" lon="18.783033"><time>2026-05-23T08:23:36.900Z</time></trkpt>
<trkpt lat="54.379581" lon="18.783056"><time>2026-05-23T08:23:38.900Z</time></trkpt>
<trkpt lat="54.379615" lon="18.783078"><time>2026-05-23T08:23:40.900Z</time></trkpt>
<trkpt lat="54.379651" lon="18.783096"><time>2026-05-23T08:23:42.900Z</time></trkpt>
<trkpt lat="54.379688" lon="18.783109"><time>2026-05-23T08:23:44.900Z</time></trkpt>
<trkpt lat="54.379724" lon="18.783124"><time>2026-05-23T08:23:46.900Z</time></trkpt>
<trkpt lat="54.379759" lon="18.783139"><time>2026-05-23T08:23:48.900Z</time></trkpt>
<trkpt lat="54.379794" lon="18.783156"><time>2026-05-23T08:23:50.900Z</time></trkpt>
<trkpt lat="54.379830" lon="18.783175"><time>2026-05-23T08:23:52.900Z</time></trkpt>
<trkpt lat="54.379866" lon="18.783194"><time>2026-05-23T08:23:54.900Z</time></trkpt>
<trkpt lat="54.379901" lon="18.783212"><time>2026-05-23T08:23:56.900Z</time></trkpt>
<trkpt lat="54.379937" lon="18.783230"><time>2026-05-23T08:23:58.900Z</time></trkpt>
<trkpt lat="54.379972" lon="18.783247"><time>2026-05-23T08:24:00.900Z</time></trkpt>
<trkpt lat="54.380008" lon="18.783266"><time>2026-05-23T08:24:02.900Z</time></trkpt>
<trkpt lat="54.380054" lon="18.783288"><time>2026-05-23T08:24:04.900Z</time></trkpt>
<trkpt lat="54.380096" lon="18.783314"><time>2026-05-23T08:24:06.900Z</time></trkpt>
<trkpt lat="54.380132" lon="18.783333"><time>2026-05-23T08:24:08.900Z</time></trkpt>
<trkpt lat="54.380167" lon="18.783349"><time>2026-05-23T08:24:10.900Z</time></trkpt>
<trkpt lat="54.380195" lon="18.783362"><time>2026-05-23T08:24:12.900Z</time></trkpt>
<trkpt lat="54.380224" lon="18.783377"><time>2026-05-23T08:24:14.900Z</time></trkpt>
<trkpt lat="54.380253" lon="18.783392"><time>2026-05-23T08:24:16.900Z</time></trkpt>
<trkpt lat="54.380289" lon="18.783412"><time>2026-05-23T08:24:18.900Z</time></trkpt>
<trkpt lat="54.380327" lon="18.783435"><time>2026-05-23T08:24:20.900Z</time></trkpt>
<trkpt lat="54.380362" lon="18.783452"><time>2026-05-23T08:24:22.900Z</time></trkpt>
<trkpt lat="54.380393" lon="18.783466"><time>2026-05-23T08:24:24.900Z</time></trkpt>
<trkpt lat="54.380428" lon="18.783482"><time>2026-05-23T08:24:26.900Z</time></trkpt>
<trkpt lat="54.380465" lon="18.783497"><time>2026-05-23T08:24:28.900Z</time></trkpt>
<trkpt lat="54.380501" lon="18.783512"><time>2026-05-23T08:24:30.900Z</time></trkpt>
<trkpt lat="54.380536" lon="18.783529"><time>2026-05-23T08:24:32.900Z</time></trkpt>
<trkpt lat="54.380571" lon="18.783545"><time>2026-05-23T08:24:34.900Z</time></trkpt>
<trkpt lat="54.380606" lon="18.783562"><time>2026-05-23T08:24:36.900Z</time></trkpt>
<trkpt lat="54.380641" lon="18.783578"><time>2026-05-23T08:24:38.900Z</time></trkpt>
<trkpt lat="54.380675" lon="18.783598"><time>2026-05-23T08:24:40.900Z</time></trkpt>
<trkpt lat="54.380708" lon="18.783619"><time>2026-05-23T08:24:42.900Z</time></trkpt>
<trkpt lat="54.380741" lon="18.783641"><time>2026-05-23T08:24:44.900Z</time></trkpt>
<trkpt lat="54.380774" lon="18.783665"><time>2026-05-23T08:24:46.900Z</time></trkpt>
<trkpt lat="54.380807" lon="18.783690"><time>2026-05-23T08:24:48.900Z</time></trkpt>
<trkpt lat="54.380840" lon="18.783715"><time>2026-05-23T08:24:50.900Z</time></trkpt>
<trkpt lat="54.380876" lon="18.783733"><time>2026-05-23T08:24:52.900Z</time></trkpt>
<trkpt lat="54.380916" lon="18.783761"><time>2026-05-23T08:24:54.900Z</time></trkpt>
<trkpt lat="54.380954" lon="18.783783"><time>2026-05-23T08:24:56.900Z</time></trkpt>
<trkpt lat="54.380970" lon="18.783792"><time>2026-05-23T08:24:58.000Z</time></trkpt>
<trkpt lat="54.381014" lon="18.783813"><time>2026-05-23T08:25:00.000Z</time></trkpt>
<trkpt lat="54.381049" lon="18.783821"><time>2026-05-23T08:25:02.000Z</time></trkpt>
<trkpt lat="54.381082" lon="18.783837"><time>2026-05-23T08:25:04.000Z</time></trkpt>
<trkpt lat="54.381126" lon="18.783854"><time>2026-05-23T08:25:06.000Z</time></trkpt>
<trkpt lat="54.381149" lon="18.783876"><time>2026-05-23T08:25:08.000Z</time></trkpt>
<trkpt lat="54.381171" lon="18.783892"><time>2026-05-23T08:25:10.000Z</time></trkpt>
<trkpt lat="54.381205" lon="18.783904"><time>2026-05-23T08:25:12.000Z</time></trkpt>
<trkpt lat="54.381240" lon="18.783915"><time>2026-05-23T08:25:14.000Z</time></trkpt>
<trkpt lat="54.381274" lon="18.783929"><time>2026-05-23T08:25:16.000Z</time></trkpt>
<trkpt lat="54.381310" lon="18.783945"><time>2026-05-23T08:25:18.000Z</time></trkpt>
<trkpt lat="54.381343" lon="18.783961"><time>2026-05-23T08:25:20.000Z</time></trkpt>
<trkpt lat="54.381376" lon="18.783978"><time>2026-05-23T08:25:22.000Z</time></trkpt>
<trkpt lat="54.381410" lon="18.783995"><time>2026-05-23T08:25:24.000Z</time></trkpt>
<trkpt lat="54.381443" lon="18.784010"><time>2026-05-23T08:25:26.000Z</time></trkpt>
<trkpt lat="54.381477" lon="18.784023"><time>2026-05-23T08:25:28.000Z</time></trkpt>
<trkpt lat="54.381528" lon="18.784046"><time>2026-05-23T08:25:30.900Z</time></trkpt>
<trkpt lat="54.381563" lon="18.784060"><time>2026-05-23T08:25:32.900Z</time></trkpt>
<trkpt lat="54.381597" lon="18.784074"><time>2026-05-23T08:25:34.900Z</time></trkpt>
<trkpt lat="54.381632" lon="18.784091"><time>2026-05-23T08:25:36.900Z</time></trkpt>
<trkpt lat="54.381666" lon="18.784107"><time>2026-05-23T08:25:38.900Z</time></trkpt>
<trkpt lat="54.381700" lon="18.784122"><time>2026-05-23T08:25:40.900Z</time></trkpt>
<trkpt lat="54.381732" lon="18.784136"><time>2026-05-23T08:25:42.900Z</time></trkpt>
<trkpt lat="54.381765" lon="18.784150"><time>2026-05-23T08:25:44.900Z</time></trkpt>
<trkpt lat="54.381797" lon="18.784166"><time>2026-05-23T08:25:46.900Z</time></trkpt>
<trkpt lat="54.381830" lon="18.784185"><time>2026-05-23T08:25:48.900Z</time></trkpt>
<trkpt lat="54.381863" lon="18.784203"><time>2026-05-23T08:25:50.900Z</time></trkpt>
<trkpt lat="54.381894" lon="18.784221"><time>2026-05-23T08:25:52.900Z</time></trkpt>
<trkpt lat="54.381926" lon="18.784240"><time>2026-05-23T08:25:54.900Z</time></trkpt>
<trkpt lat="54.381958" lon="18.784257"><time>2026-05-23T08:25:56.900Z</time></trkpt>
<trkpt lat="54.381988" lon="18.784274"><time>2026-05-23T08:25:58.900Z</time></trkpt>
<trkpt lat="54.382019" lon="18.784294"><time>2026-05-23T08:26:00.900Z</time></trkpt>
<trkpt lat="54.382050" lon="18.784311"><time>2026-05-23T08:26:02.900Z</time></trkpt>
<trkpt lat="54.382080" lon="18.784327"><time>2026-05-23T08:26:04.900Z</time></trkpt>
<trkpt lat="54.382108" lon="18.784341"><time>2026-05-23T08:26:06.900Z</time></trkpt>
<trkpt lat="54.382137" lon="18.784355"><time>2026-05-23T08:26:08.900Z</time></trkpt>
<trkpt lat="54.382167" lon="18.784371"><time>2026-05-23T08:26:10.900Z</time></trkpt>
<trkpt lat="54.382197" lon="18.784389"><time>2026-05-23T08:26:12.900Z</time></trkpt>
<trkpt lat="54.382229" lon="18.784404"><time>2026-05-23T08:26:14.900Z</time></trkpt>
<trkpt lat="54.382261" lon="18.784420"><time>2026-05-23T08:26:16.900Z</time></trkpt>
<trkpt lat="54.382291" lon="18.784437"><time>2026-05-23T08:26:18.900Z</time></trkpt>
<trkpt lat="54.382322" lon="18.784455"><time>2026-05-23T08:26:20.900Z</time></trkpt>
<trkpt lat="54.382351" lon="18.784473"><time>2026-05-23T08:26:22.900Z</time></trkpt>
<trkpt lat="54.382383" lon="18.784494"><time>2026-05-23T08:26:24.900Z</time></trkpt>
<trkpt lat="54.382415" lon="18.784513"><time>2026-05-23T08:26:26.900Z</time></trkpt>
<trkpt lat="54.382444" lon="18.784526"><time>2026-05-23T08:26:28.900Z</time></trkpt>
<trkpt lat="54.382473" lon="18.784539"><time>2026-05-23T08:26:30.900Z</time></trkpt>
<trkpt lat="54.382501" lon="18.784549"><time>2026-05-23T08:26:32.900Z</time></trkpt>
<trkpt lat="54.382529" lon="18.784563"><time>2026-05-23T08:26:34.900Z</time></trkpt>
<trkpt lat="54.382558" lon="18.784580"><time>2026-05-23T08:26:36.900Z</time></trkpt>
<trkpt lat="54.382588" lon="18.784596"><time>2026-05-23T08:26:38.900Z</time></trkpt>
<trkpt lat="54.382616" lon="18.784612"><time>2026-05-23T08:26:40.900Z</time></trkpt>
<trkpt lat="54.382642" lon="18.784632"><time>2026-05-23T08:26:42.900Z</time></trkpt>
<trkpt lat="54.382662" lon="18.784655"><time>2026-05-23T08:26:44.900Z</time></trkpt>
<trkpt lat="54.382678" lon="18.784674"><time>2026-05-23T08:26:46.900Z</time></trkpt>
<trkpt lat="54.382695" lon="18.784706"><time>2026-05-23T08:26:48.900Z</time></trkpt>
<trkpt lat="54.382700" lon="18.784745"><time>2026-05-23T08:26:50.900Z</time></trkpt>
<trkpt lat="54.382696" lon="18.784770"><time>2026-05-23T08:26:52.900Z</time></trkpt>
<trkpt lat="54.382689" lon="18.784798"><time>2026-05-23T08:26:54.900Z</time></trkpt>
<trkpt lat="54.382674" lon="18.784816"><time>2026-05-23T08:26:56.900Z</time></trkpt>
<trkpt lat="54.382655" lon="18.784838"><time>2026-05-23T08:26:58.900Z</time></trkpt>
<trkpt lat="54.382639" lon="18.784865"><time>2026-05-23T08:27:00.900Z</time></trkpt>
<trkpt lat="54.382626" lon="18.784898"><time>2026-05-23T08:27:02.900Z</time></trkpt>
<trkpt lat="54.382615" lon="18.784925"><time>2026-05-23T08:27:04.000Z</time></trkpt>
<trkpt lat="54.382601" lon="18.784961"><time>2026-05-23T08:27:06.000Z</time></trkpt>
<trkpt lat="54.382586" lon="18.785002"><time>2026-05-23T08:27:08.000Z</time></trkpt>
<trkpt lat="54.382566" lon="18.785045"><time>2026-05-23T08:27:10.000Z</time></trkpt>
<trkpt lat="54.382548" lon="18.785089"><time>2026-05-23T08:27:12.000Z</time></trkpt>
<trkpt lat="54.382533" lon="18.785132"><time>2026-05-23T08:27:14.000Z</time></trkpt>
<trkpt lat="54.382519" lon="18.785178"><time>2026-05-23T08:27:16.000Z</time></trkpt>
<trkpt lat="54.382508" lon="18.785225"><time>2026-05-23T08:27:18.000Z</time></trkpt>
<trkpt lat="54.382497" lon="18.785275"><time>2026-05-23T08:27:20.000Z</time></trkpt>
<trkpt lat="54.382484" lon="18.785319"><time>2026-05-23T08:27:22.000Z</time></trkpt>
<trkpt lat="54.382468" lon="18.785362"><time>2026-05-23T08:27:24.000Z</time></trkpt>
<trkpt lat="54.382450" lon="18.785408"><time>2026-05-23T08:27:26.000Z</time></trkpt>
<trkpt lat="54.382433" lon="18.785453"><time>2026-05-23T08:27:28.000Z</time></trkpt>
<trkpt lat="54.382415" lon="18.785498"><time>2026-05-23T08:27:30.000Z</time></trkpt>
<trkpt lat="54.382401" lon="18.785548"><time>2026-05-23T08:27:32.000Z</time></trkpt>
<trkpt lat="54.382385" lon="18.785600"><time>2026-05-23T08:27:34.000Z</time></trkpt>
<trkpt lat="54.382360" lon="18.785672"><time>2026-05-23T08:27:36.900Z</time></trkpt>
<trkpt lat="54.382346" lon="18.785723"><time>2026-05-23T08:27:38.900Z</time></trkpt>
<trkpt lat="54.382330" lon="18.785774"><time>2026-05-23T08:27:40.900Z</time></trkpt>
<trkpt lat="54.382315" lon="18.785825"><time>2026-05-23T08:27:42.900Z</time></trkpt>
<trkpt lat="54.382300" lon="18.785876"><time>2026-05-23T08:27:44.900Z</time></trkpt>
<trkpt lat="54.382286" lon="18.785929"><time>2026-05-23T08:27:46.900Z</time></trkpt>
<trkpt lat="54.382270" lon="18.785983"><time>2026-05-23T08:27:48.900Z</time></trkpt>
<trkpt lat="54.382254" lon="18.786038"><time>2026-05-23T08:27:50.900Z</time></trkpt>
<trkpt lat="54.382240" lon="18.786088"><time>2026-05-23T08:27:52.900Z</time></trkpt>
<trkpt lat="54.382222" lon="18.786139"><time>2026-05-23T08:27:54.900Z</time></trkpt>
<trkpt lat="54.382204" lon="18.786193"><time>2026-05-23T08:27:56.900Z</time></trkpt>
<trkpt lat="54.382188" lon="18.786252"><time>2026-05-23T08:27:58.900Z</time></trkpt>
<trkpt lat="54.382167" lon="18.786317"><time>2026-05-23T08:28:00.900Z</time></trkpt>
<trkpt lat="54.382133" lon="18.786353"><time>2026-05-23T08:28:02.900Z</time></trkpt>
<trkpt lat="54.382117" lon="18.786395"><time>2026-05-23T08:28:04.900Z</time></trkpt>
<trkpt lat="54.382106" lon="18.786450"><time>2026-05-23T08:28:06.900Z</time></trkpt>
<trkpt lat="54.382092" lon="18.786503"><time>2026-05-23T08:28:08.900Z</time></trkpt>
<trkpt lat="54.382081" lon="18.786559"><time>2026-05-23T08:28:10.900Z</time></trkpt>
<trkpt lat="54.382068" lon="18.786613"><time>2026-05-23T08:28:12.900Z</time></trkpt>
<trkpt lat="54.382058" lon="18.786672"><time>2026-05-23T08:28:14.900Z</time></trkpt>
<trkpt lat="54.382046" lon="18.786724"><time>2026-05-23T08:28:16.900Z</time></trkpt>
<trkpt lat="54.382031" lon="18.786773"><time>2026-05-23T08:28:18.900Z</time></trkpt>
<trkpt lat="54.382020" lon="18.786822"><time>2026-05-23T08:28:20.900Z</time></trkpt>
<trkpt lat="54.382006" lon="18.786871"><time>2026-05-23T08:28:22.900Z</time></trkpt>
<trkpt lat="54.381993" lon="18.786926"><time>2026-05-23T08:28:24.900Z</time></trkpt>
<trkpt lat="54.381980" lon="18.786976"><time>2026-05-23T08:28:26.900Z</time></trkpt>
<trkpt lat="54.381963" lon="18.787023"><time>2026-05-23T08:28:28.900Z</time></trkpt>
<trkpt lat="54.381947" lon="18.787077"><time>2026-05-23T08:28:30.900Z</time></trkpt>
<trkpt lat="54.381929" lon="18.787126"><time>2026-05-23T08:28:32.900Z</time></trkpt>
<trkpt lat="54.381918" lon="18.787180"><time>2026-05-23T08:28:34.900Z</time></trkpt>
<trkpt lat="54.381910" lon="18.787233"><time>2026-05-23T08:28:36.900Z</time></trkpt>
<trkpt lat="54.381890" lon="18.787295"><time>2026-05-23T08:28:38.900Z</time></trkpt>
<trkpt lat="54.381870" lon="18.787348"><time>2026-05-23T08:28:40.900Z</time></trkpt>
<trkpt lat="54.381852" lon="18.787390"><time>2026-05-23T08:28:42.900Z</time></trkpt>
<trkpt lat="54.381830" lon="18.787437"><time>2026-05-23T08:28:44.900Z</time></trkpt>
<trkpt lat="54.381810" lon="18.787497"><time>2026-05-23T08:28:46.900Z</time></trkpt>
<trkpt lat="54.381788" lon="18.787559"><time>2026-05-23T08:28:48.900Z</time></trkpt>
<trkpt lat="54.381763" lon="18.787619"><time>2026-05-23T08:28:50.900Z</time></trkpt>
<trkpt lat="54.381740" lon="18.787666"><time>2026-05-23T08:28:52.900Z</time></trkpt>
<trkpt lat="54.381722" lon="18.787720"><time>2026-05-23T08:28:54.900Z</time></trkpt>
<trkpt lat="54.381704" lon="18.787765"><time>2026-05-23T08:28:56.900Z</time></trkpt>
<trkpt lat="54.381689" lon="18.787808"><time>2026-05-23T08:28:58.900Z</time></trkpt>
<trkpt lat="54.381673" lon="18.787862"><time>2026-05-23T08:29:00.900Z</time></trkpt>
<trkpt lat="54.381658" lon="18.787915"><time>2026-05-23T08:29:02.900Z</time></trkpt>
<trkpt lat="54.381641" lon="18.787963"><time>2026-05-23T08:29:04.900Z</time></trkpt>
<trkpt lat="54.381621" lon="18.788016"><time>2026-05-23T08:29:06.900Z</time></trkpt>
<trkpt lat="54.381602" lon="18.788068"><time>2026-05-23T08:29:08.900Z</time></trkpt>
<trkpt lat="54.381592" lon="18.788093"><time>2026-05-23T08:29:10.000Z</time></trkpt>
<trkpt lat="54.381574" lon="18.788146"><time>2026-05-23T08:29:12.000Z</time></trkpt>
<trkpt lat="54.381555" lon="18.788202"><time>2026-05-23T08:29:14.000Z</time></trkpt>
<trkpt lat="54.381532" lon="18.788256"><time>2026-05-23T08:29:16.000Z</time></trkpt>
<trkpt lat="54.381514" lon="18.788310"><time>2026-05-23T08:29:18.000Z</time></trkpt>
<trkpt lat="54.381492" lon="18.788366"><time>2026-05-23T08:29:20.000Z</time></trkpt>
<trkpt lat="54.381471" lon="18.788416"><time>2026-05-23T08:29:22.000Z</time></trkpt>
<trkpt lat="54.381454" lon="18.788469"><time>2026-05-23T08:29:24.000Z</time></trkpt>
<trkpt lat="54.381435" lon="18.788519"><time>2026-05-23T08:29:26.000Z</time></trkpt>
<trkpt lat="54.381412" lon="18.788570"><time>2026-05-23T08:29:28.000Z</time></trkpt>
<trkpt lat="54.381392" lon="18.788622"><time>2026-05-23T08:29:30.000Z</time></trkpt>
<trkpt lat="54.381374" lon="18.788674"><time>2026-05-23T08:29:32.000Z</time></trkpt>
<trkpt lat="54.381357" lon="18.788724"><time>2026-05-23T08:29:34.000Z</time></trkpt>
<trkpt lat="54.381334" lon="18.788786"><time>2026-05-23T08:29:36.000Z</time></trkpt>
<trkpt lat="54.381300" lon="18.788849"><time>2026-05-23T08:29:38.000Z</time></trkpt>
<trkpt lat="54.381261" lon="18.788935"><time>2026-05-23T08:29:40.900Z</time></trkpt>
<trkpt lat="54.381242" lon="18.788988"><time>2026-05-23T08:29:42.900Z</time></trkpt>
<trkpt lat="54.381224" lon="18.789039"><time>2026-05-23T08:29:44.900Z</time></trkpt>
<trkpt lat="54.381208" lon="18.789089"><time>2026-05-23T08:29:46.900Z</time></trkpt>
<trkpt lat="54.381196" lon="18.789147"><time>2026-05-23T08:29:48.900Z</time></trkpt>
<trkpt lat="54.381171" lon="18.789207"><time>2026-05-23T08:29:50.900Z</time></trkpt>
<trkpt lat="54.381146" lon="18.789277"><time>2026-05-23T08:29:52.900Z</time></trkpt>
<trkpt lat="54.381132" lon="18.789344"><time>2026-05-23T08:29:54.900Z</time></trkpt>
<trkpt lat="54.381120" lon="18.789398"><time>2026-05-23T08:29:56.900Z</time></trkpt>
<trkpt lat="54.381102" lon="18.789443"><time>2026-05-23T08:29:58.900Z</time></trkpt>
<trkpt lat="54.381081" lon="18.789508"><time>2026-05-23T08:30:00.900Z</time></trkpt>
<trkpt lat="54.381054" lon="18.789564"><time>2026-05-23T08:30:02.900Z</time></trkpt>
<trkpt lat="54.381034" lon="18.789614"><time>2026-05-23T08:30:04.900Z</time></trkpt>
<trkpt lat="54.381014" lon="18.789661"><time>2026-05-23T08:30:06.900Z</time></trkpt>
<trkpt lat="54.380999" lon="18.789691"><time>2026-05-23T08:30:08.900Z</time></trkpt>
<trkpt lat="54.380981" lon="18.789736"><time>2026-05-23T08:30:10.900Z</time></trkpt>
<trkpt lat="54.380960" lon="18.789778"><time>2026-05-23T08:30:12.900Z</time></trkpt>
<trkpt lat="54.380936" lon="18.789827"><time>2026-05-23T08:30:14.900Z</time></trkpt>
<trkpt lat="54.380920" lon="18.789880"><time>2026-05-23T08:30:16.900Z</time></trkpt>
<trkpt lat="54.380894" lon="18.789956"><time>2026-05-23T08:30:18.900Z</time></trkpt>
<trkpt lat="54.380875" lon="18.790007"><time>2026-05-23T08:30:20.900Z</time></trkpt>
<trkpt lat="54.380854" lon="18.790056"><time>2026-05-23T08:30:22.900Z</time></trkpt>
<trkpt lat="54.380832" lon="18.790107"><time>2026-05-23T08:30:24.900Z</time></trkpt>
<trkpt lat="54.380809" lon="18.790157"><time>2026-05-23T08:30:26.900Z</time></trkpt>
<trkpt lat="54.380790" lon="18.790197"><time>2026-05-23T08:30:28.900Z</time></trkpt>
<trkpt lat="54.380769" lon="18.790236"><time>2026-05-23T08:30:30.900Z</time></trkpt>
<trkpt lat="54.380753" lon="18.790284"><time>2026-05-23T08:30:32.900Z</time></trkpt>
<trkpt lat="54.380745" lon="18.790312"><time>2026-05-23T08:30:34.900Z</time></trkpt>
<trkpt lat="54.380726" lon="18.790346"><time>2026-05-23T08:30:36.900Z</time></trkpt>
<trkpt lat="54.380706" lon="18.790398"><time>2026-05-23T08:30:38.900Z</time></trkpt>
<trkpt lat="54.380681" lon="18.790453"><time>2026-05-23T08:30:40.900Z</time></trkpt>
<trkpt lat="54.380655" lon="18.790504"><time>2026-05-23T08:30:42.900Z</time></trkpt>
<trkpt lat="54.380627" lon="18.790548"><time>2026-05-23T08:30:44.900Z</time></trkpt>
<trkpt lat="54.380600" lon="18.790582"><time>2026-05-23T08:30:46.900Z</time></trkpt>
<trkpt lat="54.380575" lon="18.790625"><time>2026-05-23T08:30:48.900Z</time></trkpt>
<trkpt lat="54.380554" lon="18.790677"><time>2026-05-23T08:30:50.900Z</time></trkpt>
<trkpt lat="54.380529" lon="18.790729"><time>2026-05-23T08:30:52.900Z</time></trkpt>
<trkpt lat="54.380509" lon="18.790783"><time>2026-05-23T08:30:54.900Z</time></trkpt>
<trkpt lat="54.380492" lon="18.790839"><time>2026-05-23T08:30:56.900Z</time></trkpt>
<trkpt lat="54.380469" lon="18.790893"><time>2026-05-23T08:30:58.900Z</time></trkpt>
<trkpt lat="54.380447" lon="18.790945"><time>2026-05-23T08:31:00.900Z</time></trkpt>
<trkpt lat="54.380428" lon="18.790999"><time>2026-05-23T08:31:02.900Z</time></trkpt>
<trkpt lat="54.380400" lon="18.791026"><time>2026-05-23T08:31:04.900Z</time></trkpt>
<trkpt lat="54.380377" lon="18.791090"><time>2026-05-23T08:31:06.900Z</time></trkpt>
<trkpt lat="54.380352" lon="18.791153"><time>2026-05-23T08:31:08.900Z</time></trkpt>
<trkpt lat="54.380330" lon="18.791207"><time>2026-05-23T08:31:10.900Z</time></trkpt>
<trkpt lat="54.380308" lon="18.791266"><time>2026-05-23T08:31:12.900Z</time></trkpt>
<trkpt lat="54.380284" lon="18.791332"><time>2026-05-23T08:31:14.900Z</time></trkpt>
<trkpt lat="54.380274" lon="18.791365"><time>2026-05-23T08:31:16.000Z</time></trkpt>
<trkpt lat="54.380246" lon="18.791432"><time>2026-05-23T08:31:18.000Z</time></trkpt>
<trkpt lat="54.380221" lon="18.791486"><time>2026-05-23T08:31:20.000Z</time></trkpt>
<trkpt lat="54.380199" lon="18.791539"><time>2026-05-23T08:31:22.000Z</time></trkpt>
<trkpt lat="54.380179" lon="18.791593"><time>2026-05-23T08:31:24.000Z</time></trkpt>
<trkpt lat="54.380158" lon="18.791643"><time>2026-05-23T08:31:26.000Z</time></trkpt>
<trkpt lat="54.380135" lon="18.791689"><time>2026-05-23T08:31:28.000Z</time></trkpt>
<trkpt lat="54.380114" lon="18.791736"><time>2026-05-23T08:31:30.000Z</time></trkpt>
<trkpt lat="54.380093" lon="18.791790"><time>2026-05-23T08:31:32.000Z</time></trkpt>
<trkpt lat="54.380073" lon="18.791863"><time>2026-05-23T08:31:34.000Z</time></trkpt>
<trkpt lat="54.380049" lon="18.791915"><time>2026-05-23T08:31:36.000Z</time></trkpt>
<trkpt lat="54.380032" lon="18.791959"><time>2026-05-23T08:31:38.000Z</time></trkpt>
<trkpt lat="54.380009" lon="18.792011"><time>2026-05-23T08:31:40.000Z</time></trkpt>
<trkpt lat="54.379993" lon="18.792050"><time>2026-05-23T08:31:42.000Z</time></trkpt>
<trkpt lat="54.379975" lon="18.792100"><time>2026-05-23T08:31:44.000Z</time></trkpt>
<trkpt lat="54.379936" lon="18.792171"><time>2026-05-23T08:31:46.900Z</time></trkpt>
<trkpt lat="54.379912" lon="18.792224"><time>2026-05-23T08:31:48.900Z</time></trkpt>
<trkpt lat="54.379895" lon="18.792272"><time>2026-05-23T08:31:50.900Z</time></trkpt>
<trkpt lat="54.379875" lon="18.792318"><time>2026-05-23T08:31:52.900Z</time></trkpt>
<trkpt lat="54.379855" lon="18.792367"><time>2026-05-23T08:31:54.900Z</time></trkpt>
<trkpt lat="54.379832" lon="18.792414"><time>2026-05-23T08:31:56.900Z</time></trkpt>
<trkpt lat="54.379813" lon="18.792463"><time>2026-05-23T08:31:58.900Z</time></trkpt>
<trkpt lat="54.379793" lon="18.792513"><time>2026-05-23T08:32:00.900Z</time></trkpt>
<trkpt lat="54.379773" lon="18.792561"><time>2026-05-23T08:32:02.900Z</time></trkpt>
<trkpt lat="54.379754" lon="18.792614"><time>2026-05-23T08:32:04.900Z</time></trkpt>
<trkpt lat="54.379734" lon="18.792660"><time>2026-05-23T08:32:06.900Z</time></trkpt>
<trkpt lat="54.379711" lon="18.792714"><time>2026-05-23T08:32:08.900Z</time></trkpt>
<trkpt lat="54.379692" lon="18.792765"><time>2026-05-23T08:32:10.900Z</time></trkpt>
<trkpt lat="54.379675" lon="18.792819"><time>2026-05-23T08:32:12.900Z</time></trkpt>
<trkpt lat="54.379657" lon="18.792867"><time>2026-05-23T08:32:14.900Z</time></trkpt>
<trkpt lat="54.379633" lon="18.792918"><time>2026-05-23T08:32:16.900Z</time></trkpt>
<trkpt lat="54.379609" lon="18.792974"><time>2026-05-23T08:32:18.900Z</time></trkpt>
<trkpt lat="54.379591" lon="18.793015"><time>2026-05-23T08:32:20.900Z</time></trkpt>
<trkpt lat="54.379576" lon="18.793055"><time>2026-05-23T08:32:22.900Z</time></trkpt>
<trkpt lat="54.379561" lon="18.793092"><time>2026-05-23T08:32:24.900Z</time></trkpt>
<trkpt lat="54.379542" lon="18.793134"><time>2026-05-23T08:32:26.900Z</time></trkpt>
<trkpt lat="54.379523" lon="18.793185"><time>2026-05-23T08:32:28.900Z</time></trkpt>
<trkpt lat="54.379504" lon="18.793232"><time>2026-05-23T08:32:30.900Z</time></trkpt>
<trkpt lat="54.379479" lon="18.793280"><time>2026-05-23T08:32:32.900Z</time></trkpt>
<trkpt lat="54.379456" lon="18.793326"><time>2026-05-23T08:32:34.900Z</time></trkpt>
<trkpt lat="54.379434" lon="18.793372"><time>2026-05-23T08:32:36.900Z</time></trkpt>
<trkpt lat="54.379412" lon="18.793420"><time>2026-05-23T08:32:38.900Z</time></trkpt>
<trkpt lat="54.379391" lon="18.793470"><time>2026-05-23T08:32:40.900Z</time></trkpt>
<trkpt lat="54.379369" lon="18.793519"><time>2026-05-23T08:32:42.900Z</time></trkpt>
<trkpt lat="54.379349" lon="18.793571"><time>2026-05-23T08:32:44.900Z</time></trkpt>
<trkpt lat="54.379326" lon="18.793628"><time>2026-05-23T08:32:46.900Z</time></trkpt>
<trkpt lat="54.379307" lon="18.793677"><time>2026-05-23T08:32:48.900Z</time></trkpt>
<trkpt lat="54.379286" lon="18.793729"><time>2026-05-23T08:32:50.900Z</time></trkpt>
<trkpt lat="54.379262" lon="18.793777"><time>2026-05-23T08:32:52.900Z</time></trkpt>
<trkpt lat="54.379240" lon="18.793824"><time>2026-05-23T08:32:54.900Z</time></trkpt>
<trkpt lat="54.379222" lon="18.793869"><time>2026-05-23T08:32:56.900Z</time></trkpt>
<trkpt lat="54.379206" lon="18.793919"><time>2026-05-23T08:32:58.900Z</time></trkpt>
<trkpt lat="54.379199" lon="18.793969"><time>2026-05-23T08:33:00.900Z</time></trkpt>
<trkpt lat="54.379201" lon="18.794026"><time>2026-05-23T08:33:02.900Z</time></trkpt>
<trkpt lat="54.379203" lon="18.794078"><time>2026-05-23T08:33:04.900Z</time></trkpt>
<trkpt lat="54.379205" lon="18.794133"><time>2026-05-23T08:33:06.900Z</time></trkpt>
<trkpt lat="54.379203" lon="18.794184"><time>2026-05-23T08:33:08.900Z</time></trkpt>
<trkpt lat="54.379197" lon="18.794230"><time>2026-05-23T08:33:10.900Z</time></trkpt>
<trkpt lat="54.379190" lon="18.794264"><time>2026-05-23T08:33:12.900Z</time></trkpt>
<trkpt lat="54.379183" lon="18.794300"><time>2026-05-23T08:33:14.900Z</time></trkpt>
<trkpt lat="54.379175" lon="18.794333"><time>2026-05-23T08:33:16.900Z</time></trkpt>
<trkpt lat="54.379168" lon="18.794374"><time>2026-05-23T08:33:18.900Z</time></trkpt>
<trkpt lat="54.379169" lon="18.794418"><time>2026-05-23T08:33:21.000Z</time></trkpt>
<trkpt lat="54.379169" lon="18.794437"><time>2026-05-23T08:33:22.000Z</time></trkpt>
<trkpt lat="54.379176" lon="18.794473"><time>2026-05-23T08:33:24.000Z</time></trkpt>
<trkpt lat="54.379185" lon="18.794506"><time>2026-05-23T08:33:26.000Z</time></trkpt>
<trkpt lat="54.379199" lon="18.794533"><time>2026-05-23T08:33:28.000Z</time></trkpt>
<trkpt lat="54.379211" lon="18.794533"><time>2026-05-23T08:33:30.000Z</time></trkpt>
<trkpt lat="54.379219" lon="18.794538"><time>2026-05-23T08:33:32.000Z</time></trkpt>
<trkpt lat="54.379230" lon="18.794544"><time>2026-05-23T08:33:34.000Z</time></trkpt>
<trkpt lat="54.379236" lon="18.794545"><time>2026-05-23T08:33:36.000Z</time></trkpt>
<trkpt lat="54.379257" lon="18.794548"><time>2026-05-23T08:33:38.000Z</time></trkpt>
<trkpt lat="54.379268" lon="18.794549"><time>2026-05-23T08:33:40.000Z</time></trkpt>
<trkpt lat="54.379286" lon="18.794541"><time>2026-05-23T08:33:42.000Z</time></trkpt>
<trkpt lat="54.379302" lon="18.794532"><time>2026-05-23T08:33:44.000Z</time></trkpt>
<trkpt lat="54.379320" lon="18.794527"><time>2026-05-23T08:33:46.000Z</time></trkpt>
<trkpt lat="54.379340" lon="18.794528"><time>2026-05-23T08:33:48.000Z</time></trkpt>
<trkpt lat="54.379361" lon="18.794529"><time>2026-05-23T08:33:50.000Z</time></trkpt>
<trkpt lat="54.379394" lon="18.794530"><time>2026-05-23T08:33:52.900Z</time></trkpt>
<trkpt lat="54.379415" lon="18.794528"><time>2026-05-23T08:33:54.900Z</time></trkpt>
<trkpt lat="54.379438" lon="18.794525"><time>2026-05-23T08:33:56.900Z</time></trkpt>
<trkpt lat="54.379461" lon="18.794524"><time>2026-05-23T08:33:58.900Z</time></trkpt>
<trkpt lat="54.379485" lon="18.794523"><time>2026-05-23T08:34:00.900Z</time></trkpt>
<trkpt lat="54.379510" lon="18.794522"><time>2026-05-23T08:34:02.900Z</time></trkpt>
<trkpt lat="54.379535" lon="18.794521"><time>2026-05-23T08:34:04.900Z</time></trkpt>
<trkpt lat="54.379560" lon="18.794519"><time>2026-05-23T08:34:06.900Z</time></trkpt>
<trkpt lat="54.379590" lon="18.794516"><time>2026-05-23T08:34:08.900Z</time></trkpt>
<trkpt lat="54.379618" lon="18.794515"><time>2026-05-23T08:34:10.900Z</time></trkpt>
<trkpt lat="54.379637" lon="18.794516"><time>2026-05-23T08:34:12.900Z</time></trkpt>
<trkpt lat="54.379665" lon="18.794517"><time>2026-05-23T08:34:14.900Z</time></trkpt>
<trkpt lat="54.379694" lon="18.794514"><time>2026-05-23T08:34:16.900Z</time></trkpt>
<trkpt lat="54.379725" lon="18.794508"><time>2026-05-23T08:34:18.900Z</time></trkpt>
<trkpt lat="54.379761" lon="18.794517"><time>2026-05-23T08:34:20.900Z</time></trkpt>
<trkpt lat="54.379791" lon="18.794514"><time>2026-05-23T08:34:22.900Z</time></trkpt>
<trkpt lat="54.379823" lon="18.794516"><time>2026-05-23T08:34:24.900Z</time></trkpt>
<trkpt lat="54.379851" lon="18.794516"><time>2026-05-23T08:34:26.900Z</time></trkpt>
<trkpt lat="54.379881" lon="18.794515"><time>2026-05-23T08:34:28.900Z</time></trkpt>
<trkpt lat="54.379911" lon="18.794512"><time>2026-05-23T08:34:30.900Z</time></trkpt>
<trkpt lat="54.379942" lon="18.794511"><time>2026-05-23T08:34:32.900Z</time></trkpt>
<trkpt lat="54.379972" lon="18.794512"><time>2026-05-23T08:34:34.900Z</time></trkpt>
<trkpt lat="54.380001" lon="18.794514"><time>2026-05-23T08:34:36.900Z</time></trkpt>
<trkpt lat="54.380033" lon="18.794518"><time>2026-05-23T08:34:38.900Z</time></trkpt>
<trkpt lat="54.380064" lon="18.794523"><time>2026-05-23T08:34:40.900Z</time></trkpt>
<trkpt lat="54.380094" lon="18.794529"><time>2026-05-23T08:34:42.900Z</time></trkpt>
<trkpt lat="54.380125" lon="18.794534"><time>2026-05-23T08:34:44.900Z</time></trkpt>
<trkpt lat="54.380156" lon="18.794539"><time>2026-05-23T08:34:46.900Z</time></trkpt>
<trkpt lat="54.380184" lon="18.794543"><time>2026-05-23T08:34:48.900Z</time></trkpt>
<trkpt lat="54.380215" lon="18.794545"><time>2026-05-23T08:34:50.900Z</time></trkpt>
<trkpt lat="54.380247" lon="18.794551"><time>2026-05-23T08:34:52.900Z</time></trkpt>
<trkpt lat="54.380272" lon="18.794556"><time>2026-05-23T08:34:54.900Z</time></trkpt>
<trkpt lat="54.380301" lon="18.794557"><time>2026-05-23T08:34:56.900Z</time></trkpt>
<trkpt lat="54.380332" lon="18.794561"><time>2026-05-23T08:34:58.900Z</time></trkpt>
<trkpt lat="54.380359" lon="18.794566"><time>2026-05-23T08:35:00.900Z</time></trkpt>
<trkpt lat="54.380388" lon="18.794573"><time>2026-05-23T08:35:02.900Z</time></trkpt>
<trkpt lat="54.380417" lon="18.794578"><time>2026-05-23T08:35:04.900Z</time></trkpt>
<trkpt lat="54.380444" lon="18.794580"><time>2026-05-23T08:35:06.900Z</time></trkpt>
<trkpt lat="54.380473" lon="18.794578"><time>2026-05-23T08:35:08.900Z</time></trkpt>
<trkpt lat="54.380499" lon="18.794579"><time>2026-05-23T08:35:10.900Z</time></trkpt>
<trkpt lat="54.380526" lon="18.794581"><time>2026-05-23T08:35:12.900Z</time></trkpt>
<trkpt lat="54.380552" lon="18.794584"><time>2026-05-23T08:35:14.900Z</time></trkpt>
<trkpt lat="54.380578" lon="18.794584"><time>2026-05-23T08:35:16.900Z</time></trkpt>
<trkpt lat="54.380604" lon="18.794583"><time>2026-05-23T08:35:18.900Z</time></trkpt>
<trkpt lat="54.380631" lon="18.794584"><time>2026-05-23T08:35:20.900Z</time></trkpt>
<trkpt lat="54.380658" lon="18.794584"><time>2026-05-23T08:35:22.900Z</time></trkpt>
<trkpt lat="54.380686" lon="18.794586"><time>2026-05-23T08:35:24.900Z</time></trkpt>
<trkpt lat="54.380700" lon="18.794586"><time>2026-05-23T08:35:26.000Z</time></trkpt>
<trkpt lat="54.380726" lon="18.794585"><time>2026-05-23T08:35:28.000Z</time></trkpt>
<trkpt lat="54.380753" lon="18.794583"><time>2026-05-23T08:35:30.000Z</time></trkpt>
<trkpt lat="54.380783" lon="18.794579"><time>2026-05-23T08:35:32.000Z</time></trkpt>
<trkpt lat="54.380809" lon="18.794577"><time>2026-05-23T08:35:34.000Z</time></trkpt>
<trkpt lat="54.380835" lon="18.794575"><time>2026-05-23T08:35:36.000Z</time></trkpt>
<trkpt lat="54.380864" lon="18.794573"><time>2026-05-23T08:35:38.000Z</time></trkpt>
<trkpt lat="54.380893" lon="18.794572"><time>2026-05-23T08:35:40.000Z</time></trkpt>
<trkpt lat="54.380920" lon="18.794571"><time>2026-05-23T08:35:42.000Z</time></trkpt>
<trkpt lat="54.380947" lon="18.794569"><time>2026-05-23T08:35:44.000Z</time></trkpt>
<trkpt lat="54.380972" lon="18.794567"><time>2026-05-23T08:35:46.000Z</time></trkpt>
<trkpt lat="54.380993" lon="18.794570"><time>2026-05-23T08:35:48.000Z</time></trkpt>
<trkpt lat="54.381014" lon="18.794556"><time>2026-05-23T08:35:50.000Z</time></trkpt>
<trkpt lat="54.381041" lon="18.794551"><time>2026-05-23T08:35:52.000Z</time></trkpt>
<trkpt lat="54.381069" lon="18.794550"><time>2026-05-23T08:35:54.000Z</time></trkpt>
<trkpt lat="54.381102" lon="18.794547"><time>2026-05-23T08:35:56.900Z</time></trkpt>
<trkpt lat="54.381131" lon="18.794543"><time>2026-05-23T08:35:58.900Z</time></trkpt>
<trkpt lat="54.381154" lon="18.794541"><time>2026-05-23T08:36:00.900Z</time></trkpt>
<trkpt lat="54.381183" lon="18.794542"><time>2026-05-23T08:36:02.900Z</time></trkpt>
<trkpt lat="54.381211" lon="18.794540"><time>2026-05-23T08:36:04.900Z</time></trkpt>
<trkpt lat="54.381240" lon="18.794539"><time>2026-05-23T08:36:06.900Z</time></trkpt>
<trkpt lat="54.381278" lon="18.794539"><time>2026-05-23T08:36:08.900Z</time></trkpt>
<trkpt lat="54.381314" lon="18.794539"><time>2026-05-23T08:36:10.900Z</time></trkpt>
<trkpt lat="54.381346" lon="18.794531"><time>2026-05-23T08:36:12.900Z</time></trkpt>
<trkpt lat="54.381377" lon="18.794526"><time>2026-05-23T08:36:14.900Z</time></trkpt>
<trkpt lat="54.381401" lon="18.794521"><time>2026-05-23T08:36:16.900Z</time></trkpt>
<trkpt lat="54.381428" lon="18.794520"><time>2026-05-23T08:36:18.900Z</time></trkpt>
<trkpt lat="54.381454" lon="18.794516"><time>2026-05-23T08:36:20.900Z</time></trkpt>
<trkpt lat="54.381484" lon="18.794514"><time>2026-05-23T08:36:22.900Z</time></trkpt>
<trkpt lat="54.381511" lon="18.794510"><time>2026-05-23T08:36:24.900Z</time></trkpt>
<trkpt lat="54.381538" lon="18.794504"><time>2026-05-23T08:36:26.900Z</time></trkpt>
<trkpt lat="54.381569" lon="18.794504"><time>2026-05-23T08:36:28.900Z</time></trkpt>
<trkpt lat="54.381605" lon="18.794501"><time>2026-05-23T08:36:30.900Z</time></trkpt>
<trkpt lat="54.381647" lon="18.794493"><time>2026-05-23T08:36:32.900Z</time></trkpt>
<trkpt lat="54.381678" lon="18.794488"><time>2026-05-23T08:36:34.900Z</time></trkpt>
<trkpt lat="54.381703" lon="18.794490"><time>2026-05-23T08:36:36.900Z</time></trkpt>
<trkpt lat="54.381726" lon="18.794487"><time>2026-05-23T08:36:38.900Z</time></trkpt>
<trkpt lat="54.381748" lon="18.794479"><time>2026-05-23T08:36:40.900Z</time></trkpt>
<trkpt lat="54.381767" lon="18.794473"><time>2026-05-23T08:36:42.900Z</time></trkpt>
<trkpt lat="54.381787" lon="18.794471"><time>2026-05-23T08:36:44.900Z</time></trkpt>
<trkpt lat="54.381798" lon="18.794478"><time>2026-05-23T08:36:46.900Z</time></trkpt>
<trkpt lat="54.381814" lon="18.794456"><time>2026-05-23T08:36:48.900Z</time></trkpt>
<trkpt lat="54.381832" lon="18.794448"><time>2026-05-23T08:36:50.900Z</time></trkpt>
<trkpt lat="54.381852" lon="18.794438"><time>2026-05-23T08:36:52.900Z</time></trkpt>
<trkpt lat="54.381868" lon="18.794423"><time>2026-05-23T08:36:54.900Z</time></trkpt>
<trkpt lat="54.381883" lon="18.794405"><time>2026-05-23T08:36:56.900Z</time></trkpt>
<trkpt lat="54.381898" lon="18.794382"><time>2026-05-23T08:36:58.900Z</time></trkpt>
<trkpt lat="54.381911" lon="18.794351"><time>2026-05-23T08:37:00.900Z</time></trkpt>
<trkpt lat="54.381923" lon="18.794316"><time>2026-05-23T08:37:02.900Z</time></trkpt>
<trkpt lat="54.381933" lon="18.794280"><time>2026-05-23T08:37:04.900Z</time></trkpt>
<trkpt lat="54.381943" lon="18.794242"><time>2026-05-23T08:37:06.900Z</time></trkpt>
<trkpt lat="54.381949" lon="18.794204"><time>2026-05-23T08:37:08.900Z</time></trkpt>
<trkpt lat="54.381954" lon="18.794164"><time>2026-05-23T08:37:10.900Z</time></trkpt>
<trkpt lat="54.381958" lon="18.794126"><time>2026-05-23T08:37:12.900Z</time></trkpt>
<trkpt lat="54.381959" lon="18.794087"><time>2026-05-23T08:37:14.900Z</time></trkpt>
<trkpt lat="54.381961" lon="18.794056"><time>2026-05-23T08:37:16.900Z</time></trkpt>
<trkpt lat="54.381966" lon="18.794025"><time>2026-05-23T08:37:18.900Z</time></trkpt>
<trkpt lat="54.381972" lon="18.793998"><time>2026-05-23T08:37:20.900Z</time></trkpt>
<trkpt lat="54.381970" lon="18.793978"><time>2026-05-23T08:37:22.900Z</time></trkpt>
<trkpt lat="54.381959" lon="18.793954"><time>2026-05-23T08:37:24.900Z</time></trkpt>
<trkpt lat="54.381945" lon="18.793937"><time>2026-05-23T08:37:26.900Z</time></trkpt>
<trkpt lat="54.381924" lon="18.793919"><time>2026-05-23T08:37:28.900Z</time></trkpt>
<trkpt lat="54.381907" lon="18.793908"><time>2026-05-23T08:37:31.000Z</time></trkpt>
<trkpt lat="54.381898" lon="18.793904"><time>2026-05-23T08:37:32.000Z</time></trkpt>
<trkpt lat="54.381878" lon="18.793902"><time>2026-05-23T08:37:34.000Z</time></trkpt>
<trkpt lat="54.381864" lon="18.793913"><time>2026-05-23T08:37:36.000Z</time></trkpt>
<trkpt lat="54.381850" lon="18.793933"><time>2026-05-23T08:37:38.000Z</time></trkpt>
<trkpt lat="54.381839" lon="18.793956"><time>2026-05-23T08:37:40.000Z</time></trkpt>
<trkpt lat="54.381828" lon="18.793978"><time>2026-05-23T08:37:42.000Z</time></trkpt>
<trkpt lat="54.381824" lon="18.794010"><time>2026-05-23T08:37:44.000Z</time></trkpt>
<trkpt lat="54.381821" lon="18.794043"><time>2026-05-23T08:37:46.000Z</time></trkpt>
<trkpt lat="54.381814" lon="18.794059"><time>2026-05-23T08:37:48.000Z</time></trkpt>
<trkpt lat="54.381804" lon="18.794081"><time>2026-05-23T08:37:50.000Z</time></trkpt>
<trkpt lat="54.381795" lon="18.794110"><time>2026-05-23T08:37:52.000Z</time></trkpt>
<trkpt lat="54.381786" lon="18.794133"><time>2026-05-23T08:37:54.000Z</time></trkpt>
<trkpt lat="54.381776" lon="18.794152"><time>2026-05-23T08:37:56.000Z</time></trkpt>
<trkpt lat="54.381755" lon="18.794204"><time>2026-05-23T08:37:58.900Z</time></trkpt>
<trkpt lat="54.381733" lon="18.794235"><time>2026-05-23T08:38:00.900Z</time></trkpt>
<trkpt lat="54.381718" lon="18.794251"><time>2026-05-23T08:38:02.900Z</time></trkpt>
<trkpt lat="54.381701" lon="18.794268"><time>2026-05-23T08:38:04.900Z</time></trkpt>
<trkpt lat="54.381687" lon="18.794281"><time>2026-05-23T08:38:06.900Z</time></trkpt>
<trkpt lat="54.381666" lon="18.794297"><time>2026-05-23T08:38:08.900Z</time></trkpt>
<trkpt lat="54.381647" lon="18.794313"><time>2026-05-23T08:38:10.900Z</time></trkpt>
<trkpt lat="54.381627" lon="18.794326"><time>2026-05-23T08:38:12.900Z</time></trkpt>
<trkpt lat="54.381611" lon="18.794316"><time>2026-05-23T08:38:14.900Z</time></trkpt>
<trkpt lat="54.381592" lon="18.794308"><time>2026-05-23T08:38:16.900Z</time></trkpt>
<trkpt lat="54.381576" lon="18.794297"><time>2026-05-23T08:38:18.900Z</time></trkpt>
<trkpt lat="54.381565" lon="18.794288"><time>2026-05-23T08:38:20.900Z</time></trkpt>
<trkpt lat="54.381550" lon="18.794278"><time>2026-05-23T08:38:22.900Z</time></trkpt>
<trkpt lat="54.381533" lon="18.794272"><time>2026-05-23T08:38:24.900Z</time></trkpt>
<trkpt lat="54.381515" lon="18.794273"><time>2026-05-23T08:38:26.900Z</time></trkpt>
<trkpt lat="54.381495" lon="18.794272"><time>2026-05-23T08:38:28.900Z</time></trkpt>
<trkpt lat="54.381478" lon="18.794277"><time>2026-05-23T08:38:30.900Z</time></trkpt>
<trkpt lat="54.381462" lon="18.794288"><time>2026-05-23T08:38:32.900Z</time></trkpt>
<trkpt lat="54.381442" lon="18.794302"><time>2026-05-23T08:38:34.900Z</time></trkpt>
<trkpt lat="54.381424" lon="18.794322"><time>2026-05-23T08:38:36.900Z</time></trkpt>
<trkpt lat="54.381413" lon="18.794346"><time>2026-05-23T08:38:38.900Z</time></trkpt>
<trkpt lat="54.381405" lon="18.794375"><time>2026-05-23T08:38:40.900Z</time></trkpt>
<trkpt lat="54.381399" lon="18.794399"><time>2026-05-23T08:38:42.900Z</time></trkpt>
<trkpt lat="54.381394" lon="18.794422"><time>2026-05-23T08:38:44.900Z</time></trkpt>
<trkpt lat="54.381387" lon="18.794446"><time>2026-05-23T08:38:46.900Z</time></trkpt>
<trkpt lat="54.381384" lon="18.794469"><time>2026-05-23T08:38:48.900Z</time></trkpt>
<trkpt lat="54.381385" lon="18.794482"><time>2026-05-23T08:38:50.900Z</time></trkpt>
<trkpt lat="54.381379" lon="18.794498"><time>2026-05-23T08:38:52.900Z</time></trkpt>
<trkpt lat="54.381377" lon="18.794512"><time>2026-05-23T08:38:54.900Z</time></trkpt>
<trkpt lat="54.381374" lon="18.794544"><time>2026-05-23T08:38:56.900Z</time></trkpt>
<trkpt lat="54.381368" lon="18.794583"><time>2026-05-23T08:38:58.900Z</time></trkpt>
<trkpt lat="54.381359" lon="18.794616"><time>2026-05-23T08:39:00.900Z</time></trkpt>
<trkpt lat="54.381348" lon="18.794651"><time>2026-05-23T08:39:02.900Z</time></trkpt>
<trkpt lat="54.381335" lon="18.794690"><time>2026-05-23T08:39:04.900Z</time></trkpt>
<trkpt lat="54.381322" lon="18.794728"><time>2026-05-23T08:39:06.900Z</time></trkpt>
<trkpt lat="54.381310" lon="18.794764"><time>2026-05-23T08:39:08.900Z</time></trkpt>
<trkpt lat="54.381297" lon="18.794805"><time>2026-05-23T08:39:10.900Z</time></trkpt>
<trkpt lat="54.381290" lon="18.794845"><time>2026-05-23T08:39:12.900Z</time></trkpt>
<trkpt lat="54.381281" lon="18.794886"><time>2026-05-23T08:39:14.900Z</time></trkpt>
<trkpt lat="54.381274" lon="18.794930"><time>2026-05-23T08:39:16.900Z</time></trkpt>
<trkpt lat="54.381270" lon="18.794976"><time>2026-05-23T08:39:18.900Z</time></trkpt>
<trkpt lat="54.381268" lon="18.795018"><time>2026-05-23T08:39:20.900Z</time></trkpt>
<trkpt lat="54.381268" lon="18.795065"><time>2026-05-23T08:39:22.900Z</time></trkpt>
<trkpt lat="54.381269" lon="18.795120"><time>2026-05-23T08:39:24.900Z</time></trkpt>
<trkpt lat="54.381270" lon="18.795173"><time>2026-05-23T08:39:26.900Z</time></trkpt>
<trkpt lat="54.381270" lon="18.795211"><time>2026-05-23T08:39:28.900Z</time></trkpt>
<trkpt lat="54.381273" lon="18.795253"><time>2026-05-23T08:39:30.900Z</time></trkpt>
<trkpt lat="54.381274" lon="18.795286"><time>2026-05-23T08:39:32.900Z</time></trkpt>
<trkpt lat="54.381276" lon="18.795326"><time>2026-05-23T08:39:34.900Z</time></trkpt>
<trkpt lat="54.381275" lon="18.795347"><time>2026-05-23T08:39:36.000Z</time></trkpt>
<trkpt lat="54.381275" lon="18.795384"><time>2026-05-23T08:39:38.000Z</time></trkpt>
<trkpt lat="54.381271" lon="18.795421"><time>2026-05-23T08:39:40.000Z</time></trkpt>
<trkpt lat="54.381266" lon="18.795456"><time>2026-05-23T08:39:42.000Z</time></trkpt>
<trkpt lat="54.381257" lon="18.795491"><time>2026-05-23T08:39:44.000Z</time></trkpt>
<trkpt lat="54.381247" lon="18.795522"><time>2026-05-23T08:39:46.000Z</time></trkpt>
<trkpt lat="54.381237" lon="18.795553"><time>2026-05-23T08:39:48.000Z</time></trkpt>
<trkpt lat="54.381227" lon="18.795586"><time>2026-05-23T08:39:50.000Z</time></trkpt>
<trkpt lat="54.381218" lon="18.795619"><time>2026-05-23T08:39:52.000Z</time></trkpt>
<trkpt lat="54.381210" lon="18.795653"><time>2026-05-23T08:39:54.000Z</time></trkpt>
<trkpt lat="54.381200" lon="18.795689"><time>2026-05-23T08:39:56.000Z</time></trkpt>
<trkpt lat="54.381189" lon="18.795725"><time>2026-05-23T08:39:58.000Z</time></trkpt>
<trkpt lat="54.381179" lon="18.795755"><time>2026-05-23T08:40:00.000Z</time></trkpt>
<trkpt lat="54.381164" lon="18.795811"><time>2026-05-23T08:40:02.900Z</time></trkpt>
<trkpt lat="54.381155" lon="18.795846"><time>2026-05-23T08:40:04.900Z</time></trkpt>
<trkpt lat="54.381149" lon="18.795878"><time>2026-05-23T08:40:06.900Z</time></trkpt>
<trkpt lat="54.381141" lon="18.795910"><time>2026-05-23T08:40:08.900Z</time></trkpt>
<trkpt lat="54.381132" lon="18.795943"><time>2026-05-23T08:40:10.900Z</time></trkpt>
<trkpt lat="54.381123" lon="18.795977"><time>2026-05-23T08:40:12.900Z</time></trkpt>
<trkpt lat="54.381115" lon="18.796010"><time>2026-05-23T08:40:14.900Z</time></trkpt>
<trkpt lat="54.381107" lon="18.796044"><time>2026-05-23T08:40:16.900Z</time></trkpt>
<trkpt lat="54.381095" lon="18.796073"><time>2026-05-23T08:40:18.900Z</time></trkpt>
<trkpt lat="54.381082" lon="18.796108"><time>2026-05-23T08:40:20.900Z</time></trkpt>
<trkpt lat="54.381069" lon="18.796143"><time>2026-05-23T08:40:22.900Z</time></trkpt>
<trkpt lat="54.381055" lon="18.796174"><time>2026-05-23T08:40:24.900Z</time></trkpt>
<trkpt lat="54.381044" lon="18.796206"><time>2026-05-23T08:40:26.900Z</time></trkpt>
<trkpt lat="54.381035" lon="18.796238"><time>2026-05-23T08:40:28.900Z</time></trkpt>
<trkpt lat="54.381020" lon="18.796276"><time>2026-05-23T08:40:30.900Z</time></trkpt>
<trkpt lat="54.381007" lon="18.796314"><time>2026-05-23T08:40:32.900Z</time></trkpt>
<trkpt lat="54.380992" lon="18.796348"><time>2026-05-23T08:40:34.900Z</time></trkpt>
<trkpt lat="54.380981" lon="18.796381"><time>2026-05-23T08:40:36.900Z</time></trkpt>
<trkpt lat="54.380964" lon="18.796420"><time>2026-05-23T08:40:38.900Z</time></trkpt>
<trkpt lat="54.380948" lon="18.796459"><time>2026-05-23T08:40:40.900Z</time></trkpt>
<trkpt lat="54.380933" lon="18.796498"><time>2026-05-23T08:40:42.900Z</time></trkpt>
<trkpt lat="54.380916" lon="18.796537"><time>2026-05-23T08:40:44.900Z</time></trkpt>
<trkpt lat="54.380898" lon="18.796575"><time>2026-05-23T08:40:46.900Z</time></trkpt>
<trkpt lat="54.380880" lon="18.796615"><time>2026-05-23T08:40:48.900Z</time></trkpt>
<trkpt lat="54.380864" lon="18.796653"><time>2026-05-23T08:40:50.900Z</time></trkpt>
<trkpt lat="54.380849" lon="18.796694"><time>2026-05-23T08:40:52.900Z</time></trkpt>
<trkpt lat="54.380832" lon="18.796734"><time>2026-05-23T08:40:54.900Z</time></trkpt>
<trkpt lat="54.380815" lon="18.796776"><time>2026-05-23T08:40:56.900Z</time></trkpt>
<trkpt lat="54.380798" lon="18.796818"><time>2026-05-23T08:40:58.900Z</time></trkpt>
<trkpt lat="54.380781" lon="18.796853"><time>2026-05-23T08:41:00.900Z</time></trkpt>
<trkpt lat="54.380762" lon="18.796888"><time>2026-05-23T08:41:02.900Z</time></trkpt>
<trkpt lat="54.380743" lon="18.796916"><time>2026-05-23T08:41:04.900Z</time></trkpt>
<trkpt lat="54.380726" lon="18.796949"><time>2026-05-23T08:41:06.900Z</time></trkpt>
<trkpt lat="54.380704" lon="18.796986"><time>2026-05-23T08:41:08.900Z</time></trkpt>
<trkpt lat="54.380687" lon="18.797022"><time>2026-05-23T08:41:10.900Z</time></trkpt>
<trkpt lat="54.380669" lon="18.797059"><time>2026-05-23T08:41:12.900Z</time></trkpt>
<trkpt lat="54.380652" lon="18.797096"><time>2026-05-23T08:41:14.900Z</time></trkpt>
<trkpt lat="54.380626" lon="18.797144"><time>2026-05-23T08:41:16.900Z</time></trkpt>
<trkpt lat="54.380601" lon="18.797193"><time>2026-05-23T08:41:18.900Z</time></trkpt>
<trkpt lat="54.380583" lon="18.797229"><time>2026-05-23T08:41:20.900Z</time></trkpt>
<trkpt lat="54.380567" lon="18.797261"><time>2026-05-23T08:41:22.900Z</time></trkpt>
<trkpt lat="54.380558" lon="18.797294"><time>2026-05-23T08:41:24.900Z</time></trkpt>
<trkpt lat="54.380540" lon="18.797334"><time>2026-05-23T08:41:26.900Z</time></trkpt>
<trkpt lat="54.380524" lon="18.797374"><time>2026-05-23T08:41:28.900Z</time></trkpt>
<trkpt lat="54.380508" lon="18.797419"><time>2026-05-23T08:41:30.900Z</time></trkpt>
<trkpt lat="54.380489" lon="18.797454"><time>2026-05-23T08:41:32.900Z</time></trkpt>
<trkpt lat="54.380469" lon="18.797494"><time>2026-05-23T08:41:34.900Z</time></trkpt>
<trkpt lat="54.380445" lon="18.797538"><time>2026-05-23T08:41:36.900Z</time></trkpt>
<trkpt lat="54.380417" lon="18.797584"><time>2026-05-23T08:41:38.900Z</time></trkpt>
<trkpt lat="54.380390" lon="18.797617"><time>2026-05-23T08:41:40.900Z</time></trkpt>
<trkpt lat="54.380368" lon="18.797671"><time>2026-05-23T08:41:42.900Z</time></trkpt>
<trkpt lat="54.380348" lon="18.797710"><time>2026-05-23T08:41:44.900Z</time></trkpt>
<trkpt lat="54.380323" lon="18.797752"><time>2026-05-23T08:41:46.900Z</time></trkpt>
<trkpt lat="54.380296" lon="18.797803"><time>2026-05-23T08:41:48.900Z</time></trkpt>
<trkpt lat="54.380273" lon="18.797849"><time>2026-05-23T08:41:50.900Z</time></trkpt>
<trkpt lat="54.380251" lon="18.797891"><time>2026-05-23T08:41:52.900Z</time></trkpt>
<trkpt lat="54.380230" lon="18.797934"><time>2026-05-23T08:41:54.900Z</time></trkpt>
<trkpt lat="54.380204" lon="18.797979"><time>2026-05-23T08:41:56.900Z</time></trkpt>
<trkpt lat="54.380184" lon="18.798015"><time>2026-05-23T08:41:58.900Z</time></trkpt>
<trkpt lat="54.380160" lon="18.798054"><time>2026-05-23T08:42:00.900Z</time></trkpt>
<trkpt lat="54.380133" lon="18.798100"><time>2026-05-23T08:42:02.900Z</time></trkpt>
<trkpt lat="54.380107" lon="18.798146"><time>2026-05-23T08:42:04.900Z</time></trkpt>
<trkpt lat="54.380082" lon="18.798190"><time>2026-05-23T08:42:06.900Z</time></trkpt>
<trkpt lat="54.380057" lon="18.798234"><time>2026-05-23T08:42:08.900Z</time></trkpt>
<trkpt lat="54.380032" lon="18.798280"><time>2026-05-23T08:42:10.900Z</time></trkpt>
<trkpt lat="54.380006" lon="18.798325"><time>2026-05-23T08:42:12.900Z</time></trkpt>
<trkpt lat="54.379981" lon="18.798372"><time>2026-05-23T08:42:14.900Z</time></trkpt>
<trkpt lat="54.379956" lon="18.798417"><time>2026-05-23T08:42:16.900Z</time></trkpt>
<trkpt lat="54.379932" lon="18.798464"><time>2026-05-23T08:42:18.900Z</time></trkpt>
<trkpt lat="54.379910" lon="18.798516"><time>2026-05-23T08:42:20.900Z</time></trkpt>
<trkpt lat="54.379886" lon="18.798568"><time>2026-05-23T08:42:22.900Z</time></trkpt>
<trkpt lat="54.379863" lon="18.798616"><time>2026-05-23T08:42:24.900Z</time></trkpt>
<trkpt lat="54.379839" lon="18.798665"><time>2026-05-23T08:42:26.900Z</time></trkpt>
<trkpt lat="54.379815" lon="18.798714"><time>2026-05-23T08:42:28.900Z</time></trkpt>
<trkpt lat="54.379788" lon="18.798763"><time>2026-05-23T08:42:30.900Z</time></trkpt>
<trkpt lat="54.379761" lon="18.798809"><time>2026-05-23T08:42:32.900Z</time></trkpt>
<trkpt lat="54.379734" lon="18.798863"><time>2026-05-23T08:42:34.900Z</time></trkpt>
<trkpt lat="54.379707" lon="18.798900"><time>2026-05-23T08:42:36.900Z</time></trkpt>
<trkpt lat="54.379680" lon="18.798954"><time>2026-05-23T08:42:38.900Z</time></trkpt>
<trkpt lat="54.379654" lon="18.798999"><time>2026-05-23T08:42:40.900Z</time></trkpt>
<trkpt lat="54.379634" lon="18.799040"><time>2026-05-23T08:42:42.900Z</time></trkpt>
<trkpt lat="54.379606" lon="18.799086"><time>2026-05-23T08:42:44.900Z</time></trkpt>
<trkpt lat="54.379578" lon="18.799135"><time>2026-05-23T08:42:46.900Z</time></trkpt>
<trkpt lat="54.379549" lon="18.799181"><time>2026-05-23T08:42:48.900Z</time></trkpt>
<trkpt lat="54.379527" lon="18.799223"><time>2026-05-23T08:42:50.900Z</time></trkpt>
<trkpt lat="54.379503" lon="18.799267"><time>2026-05-23T08:42:52.900Z</time></trkpt>
<trkpt lat="54.379477" lon="18.799318"><time>2026-05-23T08:42:54.900Z</time></trkpt>
<trkpt lat="54.379449" lon="18.799368"><time>2026-05-23T08:42:56.900Z</time></trkpt>
<trkpt lat="54.379421" lon="18.799416"><time>2026-05-23T08:42:58.900Z</time></trkpt>
<trkpt lat="54.379397" lon="18.799464"><time>2026-05-23T08:43:00.900Z</time></trkpt>
<trkpt lat="54.379372" lon="18.799524"><time>2026-05-23T08:43:02.900Z</time></trkpt>
<trkpt lat="54.379346" lon="18.799578"><time>2026-05-23T08:43:04.900Z</time></trkpt>
<trkpt lat="54.379322" lon="18.799634"><time>2026-05-23T08:43:06.900Z</time></trkpt>
<trkpt lat="54.379298" lon="18.799692"><time>2026-05-23T08:43:08.900Z</time></trkpt>
<trkpt lat="54.379275" lon="18.799748"><time>2026-05-23T08:43:10.900Z</time></trkpt>
<trkpt lat="54.379250" lon="18.799802"><time>2026-05-23T08:43:12.900Z</time></trkpt>
<trkpt lat="54.379226" lon="18.799858"><time>2026-05-23T08:43:14.900Z</time></trkpt>
<trkpt lat="54.379203" lon="18.799911"><time>2026-05-23T08:43:16.900Z</time></trkpt>
<trkpt lat="54.379179" lon="18.799968"><time>2026-05-23T08:43:18.900Z</time></trkpt>
<trkpt lat="54.379156" lon="18.800025"><time>2026-05-23T08:43:20.900Z</time></trkpt>
<trkpt lat="54.379134" lon="18.800082"><time>2026-05-23T08:43:22.900Z</time></trkpt>
<trkpt lat="54.379111" lon="18.800138"><time>2026-05-23T08:43:24.900Z</time></trkpt>
<trkpt lat="54.379088" lon="18.800194"><time>2026-05-23T08:43:26.900Z</time></trkpt>
<trkpt lat="54.379063" lon="18.800252"><time>2026-05-23T08:43:28.900Z</time></trkpt>
<trkpt lat="54.379040" lon="18.800302"><time>2026-05-23T08:43:30.900Z</time></trkpt>
<trkpt lat="54.379021" lon="18.800352"><time>2026-05-23T08:43:32.900Z</time></trkpt>
<trkpt lat="54.379000" lon="18.800406"><time>2026-05-23T08:43:34.900Z</time></trkpt>
<trkpt lat="54.378975" lon="18.800460"><time>2026-05-23T08:43:36.900Z</time></trkpt>
<trkpt lat="54.378952" lon="18.800512"><time>2026-05-23T08:43:38.900Z</time></trkpt>
<trkpt lat="54.378930" lon="18.800563"><time>2026-05-23T08:43:40.900Z</time></trkpt>
<trkpt lat="54.378907" lon="18.800613"><time>2026-05-23T08:43:42.900Z</time></trkpt>
<trkpt lat="54.378883" lon="18.800663"><time>2026-05-23T08:43:44.900Z</time></trkpt>
<trkpt lat="54.378859" lon="18.800711"><time>2026-05-23T08:43:46.900Z</time></trkpt>
<trkpt lat="54.378838" lon="18.800759"><time>2026-05-23T08:43:48.900Z</time></trkpt>
<trkpt lat="54.378822" lon="18.800803"><time>2026-05-23T08:43:50.900Z</time></trkpt>
<trkpt lat="54.378802" lon="18.800854"><time>2026-05-23T08:43:52.900Z</time></trkpt>
<trkpt lat="54.378780" lon="18.800906"><time>2026-05-23T08:43:54.900Z</time></trkpt>
<trkpt lat="54.378759" lon="18.800960"><time>2026-05-23T08:43:56.900Z</time></trkpt>
<trkpt lat="54.378738" lon="18.801012"><time>2026-05-23T08:43:58.900Z</time></trkpt>
<trkpt lat="54.378717" lon="18.801062"><time>2026-05-23T08:44:00.900Z</time></trkpt>
<trkpt lat="54.378695" lon="18.801113"><time>2026-05-23T08:44:02.900Z</time></trkpt>
<trkpt lat="54.378675" lon="18.801162"><time>2026-05-23T08:44:04.900Z</time></trkpt>
<trkpt lat="54.378653" lon="18.801211"><time>2026-05-23T08:44:06.900Z</time></trkpt>
<trkpt lat="54.378631" lon="18.801262"><time>2026-05-23T08:44:08.900Z</time></trkpt>
<trkpt lat="54.378609" lon="18.801313"><time>2026-05-23T08:44:10.900Z</time></trkpt>
<trkpt lat="54.378588" lon="18.801365"><time>2026-05-23T08:44:12.900Z</time></trkpt>
<trkpt lat="54.378568" lon="18.801417"><time>2026-05-23T08:44:14.900Z</time></trkpt>
<trkpt lat="54.378547" lon="18.801471"><time>2026-05-23T08:44:16.900Z</time></trkpt>
<trkpt lat="54.378525" lon="18.801525"><time>2026-05-23T08:44:18.900Z</time></trkpt>
<trkpt lat="54.378500" lon="18.801581"><time>2026-05-23T08:44:20.900Z</time></trkpt>
<trkpt lat="54.378480" lon="18.801632"><time>2026-05-23T08:44:22.900Z</time></trkpt>
<trkpt lat="54.378461" lon="18.801687"><time>2026-05-23T08:44:24.900Z</time></trkpt>
<trkpt lat="54.378449" lon="18.801751"><time>2026-05-23T08:44:26.900Z</time></trkpt>
<trkpt lat="54.378448" lon="18.801811"><time>2026-05-23T08:44:28.900Z</time></trkpt>
<trkpt lat="54.378457" lon="18.801868"><time>2026-05-23T08:44:30.900Z</time></trkpt>
<trkpt lat="54.378472" lon="18.801919"><time>2026-05-23T08:44:32.900Z</time></trkpt>
<trkpt lat="54.378495" lon="18.801936"><time>2026-05-23T08:44:34.900Z</time></trkpt>
<trkpt lat="54.378510" lon="18.801950"><time>2026-05-23T08:44:36.900Z</time></trkpt>
<trkpt lat="54.378530" lon="18.801960"><time>2026-05-23T08:44:38.900Z</time></trkpt>
<trkpt lat="54.378547" lon="18.801973"><time>2026-05-23T08:44:40.900Z</time></trkpt>
<trkpt lat="54.378569" lon="18.801981"><time>2026-05-23T08:44:42.900Z</time></trkpt>
<trkpt lat="54.378589" lon="18.801990"><time>2026-05-23T08:44:44.900Z</time></trkpt>
<trkpt lat="54.378610" lon="18.802000"><time>2026-05-23T08:44:46.900Z</time></trkpt>
<trkpt lat="54.378630" lon="18.802009"><time>2026-05-23T08:44:48.900Z</time></trkpt>
<trkpt lat="54.378653" lon="18.802020"><time>2026-05-23T08:44:50.900Z</time></trkpt>
<trkpt lat="54.378681" lon="18.802033"><time>2026-05-23T08:44:52.900Z</time></trkpt>
<trkpt lat="54.378701" lon="18.802050"><time>2026-05-23T08:44:54.900Z</time></trkpt>
<trkpt lat="54.378722" lon="18.802059"><time>2026-05-23T08:44:56.900Z</time></trkpt>
<trkpt lat="54.378745" lon="18.802070"><time>2026-05-23T08:44:58.900Z</time></trkpt>
<trkpt lat="54.378770" lon="18.802079"><time>2026-05-23T08:45:00.900Z</time></trkpt>
<trkpt lat="54.378792" lon="18.802089"><time>2026-05-23T08:45:02.900Z</time></trkpt>
<trkpt lat="54.378805" lon="18.802121"><time>2026-05-23T08:45:04.900Z</time></trkpt>
<trkpt lat="54.378824" lon="18.802122"><time>2026-05-23T08:45:06.900Z</time></trkpt>
<trkpt lat="54.378851" lon="18.802129"><time>2026-05-23T08:45:08.900Z</time></trkpt>
<trkpt lat="54.378882" lon="18.802137"><time>2026-05-23T08:45:10.900Z</time></trkpt>
<trkpt lat="54.378912" lon="18.802149"><time>2026-05-23T08:45:12.900Z</time></trkpt>
<trkpt lat="54.378942" lon="18.802161"><time>2026-05-23T08:45:14.900Z</time></trkpt>
<trkpt lat="54.378973" lon="18.802170"><time>2026-05-23T08:45:16.900Z</time></trkpt>
<trkpt lat="54.379011" lon="18.802187"><time>2026-05-23T08:45:18.900Z</time></trkpt>
<trkpt lat="54.379051" lon="18.802190"><time>2026-05-23T08:45:20.900Z</time></trkpt>
<trkpt lat="54.379094" lon="18.802193"><time>2026-05-23T08:45:22.900Z</time></trkpt>
<trkpt lat="54.379135" lon="18.802196"><time>2026-05-23T08:45:24.900Z</time></trkpt>
<trkpt lat="54.379174" lon="18.802206"><time>2026-05-23T08:45:26.900Z</time></trkpt>
<trkpt lat="54.379203" lon="18.802217"><time>2026-05-23T08:45:28.900Z</time></trkpt>
<trkpt lat="54.379235" lon="18.802229"><time>2026-05-23T08:45:30.900Z</time></trkpt>
<trkpt lat="54.379265" lon="18.802240"><time>2026-05-23T08:45:32.900Z</time></trkpt>
<trkpt lat="54.379298" lon="18.802249"><time>2026-05-23T08:45:34.900Z</time></trkpt>
<trkpt lat="54.379329" lon="18.802258"><time>2026-05-23T08:45:36.900Z</time></trkpt>
<trkpt lat="54.379359" lon="18.802264"><time>2026-05-23T08:45:38.900Z</time></trkpt>
<trkpt lat="54.379384" lon="18.802271"><time>2026-05-23T08:45:40.900Z</time></trkpt>
<trkpt lat="54.379411" lon="18.802278"><time>2026-05-23T08:45:42.900Z</time></trkpt>
<trkpt lat="54.379434" lon="18.802287"><time>2026-05-23T08:45:44.900Z</time></trkpt>
<trkpt lat="54.379458" lon="18.802298"><time>2026-05-23T08:45:46.900Z</time></trkpt>
<trkpt lat="54.379491" lon="18.802305"><time>2026-05-23T08:45:48.900Z</time></trkpt>
<trkpt lat="54.379524" lon="18.802310"><time>2026-05-23T08:45:50.900Z</time></trkpt>
<trkpt lat="54.379558" lon="18.802316"><time>2026-05-23T08:45:52.900Z</time></trkpt>
<trkpt lat="54.379584" lon="18.802322"><time>2026-05-23T08:45:54.900Z</time></trkpt>
<trkpt lat="54.379612" lon="18.802325"><time>2026-05-23T08:45:56.900Z</time></trkpt>
<trkpt lat="54.379654" lon="18.802334"><time>2026-05-23T08:45:58.900Z</time></trkpt>
<trkpt lat="54.379686" lon="18.802347"><time>2026-05-23T08:46:00.900Z</time></trkpt>
<trkpt lat="54.379721" lon="18.802356"><time>2026-05-23T08:46:02.900Z</time></trkpt>
<trkpt lat="54.379757" lon="18.802361"><time>2026-05-23T08:46:04.900Z</time></trkpt>
<trkpt lat="54.379775" lon="18.802363"><time>2026-05-23T08:46:06.000Z</time></trkpt>
<trkpt lat="54.379829" lon="18.802368"><time>2026-05-23T08:46:08.900Z</time></trkpt>
<trkpt lat="54.379864" lon="18.802371"><time>2026-05-23T08:46:10.900Z</time></trkpt>
<trkpt lat="54.379898" lon="18.802374"><time>2026-05-23T08:46:12.900Z</time></trkpt>
<trkpt lat="54.379933" lon="18.802382"><time>2026-05-23T08:46:14.900Z</time></trkpt>
<trkpt lat="54.379966" lon="18.802389"><time>2026-05-23T08:46:16.900Z</time></trkpt>
<trkpt lat="54.380003" lon="18.802396"><time>2026-05-23T08:46:18.900Z</time></trkpt>
<trkpt lat="54.380039" lon="18.802399"><time>2026-05-23T08:46:20.900Z</time></trkpt>
<trkpt lat="54.380074" lon="18.802403"><time>2026-05-23T08:46:22.900Z</time></trkpt>
<trkpt lat="54.380108" lon="18.802413"><time>2026-05-23T08:46:24.900Z</time></trkpt>
<trkpt lat="54.380142" lon="18.802421"><time>2026-05-23T08:46:26.900Z</time></trkpt>
<trkpt lat="54.380177" lon="18.802427"><time>2026-05-23T08:46:28.900Z</time></trkpt>
<trkpt lat="54.380214" lon="18.802430"><time>2026-05-23T08:46:30.900Z</time></trkpt>
<trkpt lat="54.380248" lon="18.802436"><time>2026-05-23T08:46:32.900Z</time></trkpt>
<trkpt lat="54.380282" lon="18.802440"><time>2026-05-23T08:46:34.900Z</time></trkpt>
<trkpt lat="54.380317" lon="18.802439"><time>2026-05-23T08:46:36.900Z</time></trkpt>
<trkpt lat="54.380353" lon="18.802436"><time>2026-05-23T08:46:38.900Z</time></trkpt>
<trkpt lat="54.380389" lon="18.802435"><time>2026-05-23T08:46:40.900Z</time></trkpt>
<trkpt lat="54.380425" lon="18.802434"><time>2026-05-23T08:46:42.900Z</time></trkpt>
<trkpt lat="54.380462" lon="18.802432"><time>2026-05-23T08:46:44.900Z</time></trkpt>
<trkpt lat="54.380498" lon="18.802433"><time>2026-05-23T08:46:46.900Z</time></trkpt>
<trkpt lat="54.380535" lon="18.802440"><time>2026-05-23T08:46:48.900Z</time></trkpt>
<trkpt lat="54.380575" lon="18.802436"><time>2026-05-23T08:46:50.900Z</time></trkpt>
<trkpt lat="54.380614" lon="18.802431"><time>2026-05-23T08:46:52.900Z</time></trkpt>
<trkpt lat="54.380651" lon="18.802427"><time>2026-05-23T08:46:54.900Z</time></trkpt>
<trkpt lat="54.380691" lon="18.802427"><time>2026-05-23T08:46:56.900Z</time></trkpt>
<trkpt lat="54.380731" lon="18.802428"><time>2026-05-23T08:46:58.900Z</time></trkpt>
<trkpt lat="54.380768" lon="18.802429"><time>2026-05-23T08:47:00.900Z</time></trkpt>
<trkpt lat="54.380805" lon="18.802428"><time>2026-05-23T08:47:02.900Z</time></trkpt>
<trkpt lat="54.380843" lon="18.802430"><time>2026-05-23T08:47:04.900Z</time></trkpt>
<trkpt lat="54.380883" lon="18.802432"><time>2026-05-23T08:47:06.900Z</time></trkpt>
<trkpt lat="54.380921" lon="18.802436"><time>2026-05-23T08:47:08.900Z</time></trkpt>
<trkpt lat="54.380957" lon="18.802440"><time>2026-05-23T08:47:10.900Z</time></trkpt>
<trkpt lat="54.380994" lon="18.802445"><time>2026-05-23T08:47:12.900Z</time></trkpt>
<trkpt lat="54.381032" lon="18.802451"><time>2026-05-23T08:47:14.900Z</time></trkpt>
<trkpt lat="54.381068" lon="18.802461"><time>2026-05-23T08:47:16.900Z</time></trkpt>
<trkpt lat="54.381105" lon="18.802468"><time>2026-05-23T08:47:18.900Z</time></trkpt>
<trkpt lat="54.381141" lon="18.802471"><time>2026-05-23T08:47:20.900Z</time></trkpt>
<trkpt lat="54.381177" lon="18.802474"><time>2026-05-23T08:47:22.900Z</time></trkpt>
<trkpt lat="54.381214" lon="18.802474"><time>2026-05-23T08:47:24.900Z</time></trkpt>
<trkpt lat="54.381253" lon="18.802463"><time>2026-05-23T08:47:26.900Z</time></trkpt>
<trkpt lat="54.381291" lon="18.802443"><time>2026-05-23T08:47:28.900Z</time></trkpt>
<trkpt lat="54.381328" lon="18.802418"><time>2026-05-23T08:47:30.900Z</time></trkpt>
<trkpt lat="54.381364" lon="18.802393"><time>2026-05-23T08:47:32.900Z</time></trkpt>
<trkpt lat="54.381400" lon="18.802382"><time>2026-05-23T08:47:34.900Z</time></trkpt>
<trkpt lat="54.381437" lon="18.802382"><time>2026-05-23T08:47:36.900Z</time></trkpt>
<trkpt lat="54.381479" lon="18.802383"><time>2026-05-23T08:47:38.900Z</time></trkpt>
<trkpt lat="54.381515" lon="18.802384"><time>2026-05-23T08:47:40.900Z</time></trkpt>
<trkpt lat="54.381558" lon="18.802382"><time>2026-05-23T08:47:42.900Z</time></trkpt>
<trkpt lat="54.381600" lon="18.802380"><time>2026-05-23T08:47:44.900Z</time></trkpt>
<trkpt lat="54.381637" lon="18.802380"><time>2026-05-23T08:47:46.900Z</time></trkpt>
<trkpt lat="54.381672" lon="18.802379"><time>2026-05-23T08:47:48.900Z</time></trkpt>
<trkpt lat="54.381717" lon="18.802377"><time>2026-05-23T08:47:50.900Z</time></trkpt>
<trkpt lat="54.381767" lon="18.802371"><time>2026-05-23T08:47:52.900Z</time></trkpt>
<trkpt lat="54.381809" lon="18.802368"><time>2026-05-23T08:47:54.900Z</time></trkpt>
<trkpt lat="54.381848" lon="18.802373"><time>2026-05-23T08:47:56.900Z</time></trkpt>
<trkpt lat="54.381888" lon="18.802379"><time>2026-05-23T08:47:58.900Z</time></trkpt>
<trkpt lat="54.381929" lon="18.802375"><time>2026-05-23T08:48:00.900Z</time></trkpt>
<trkpt lat="54.381972" lon="18.802374"><time>2026-05-23T08:48:02.900Z</time></trkpt>
<trkpt lat="54.382013" lon="18.802378"><time>2026-05-23T08:48:04.900Z</time></trkpt>
<trkpt lat="54.382042" lon="18.802386"><time>2026-05-23T08:48:06.900Z</time></trkpt>
<trkpt lat="54.382079" lon="18.802396"><time>2026-05-23T08:48:08.900Z</time></trkpt>
<trkpt lat="54.382115" lon="18.802401"><time>2026-05-23T08:48:10.900Z</time></trkpt>
<trkpt lat="54.382153" lon="18.802407"><time>2026-05-23T08:48:12.900Z</time></trkpt>
<trkpt lat="54.382191" lon="18.802408"><time>2026-05-23T08:48:14.900Z</time></trkpt>
<trkpt lat="54.382228" lon="18.802406"><time>2026-05-23T08:48:16.900Z</time></trkpt>
<trkpt lat="54.382270" lon="18.802402"><time>2026-05-23T08:48:18.900Z</time></trkpt>
<trkpt lat="54.382308" lon="18.802396"><time>2026-05-23T08:48:20.900Z</time></trkpt>
<trkpt lat="54.382350" lon="18.802391"><time>2026-05-23T08:48:22.900Z</time></trkpt>
<trkpt lat="54.382386" lon="18.802386"><time>2026-05-23T08:48:24.900Z</time></trkpt>
<trkpt lat="54.382425" lon="18.802382"><time>2026-05-23T08:48:26.900Z</time></trkpt>
<trkpt lat="54.382466" lon="18.802382"><time>2026-05-23T08:48:28.900Z</time></trkpt>
<trkpt lat="54.382506" lon="18.802377"><time>2026-05-23T08:48:30.900Z</time></trkpt>
<trkpt lat="54.382532" lon="18.802372"><time>2026-05-23T08:48:32.900Z</time></trkpt>
<trkpt lat="54.382569" lon="18.802367"><time>2026-05-23T08:48:34.900Z</time></trkpt>
<trkpt lat="54.382608" lon="18.802362"><time>2026-05-23T08:48:36.900Z</time></trkpt>
<trkpt lat="54.382647" lon="18.802359"><time>2026-05-23T08:48:38.900Z</time></trkpt>
<trkpt lat="54.382687" lon="18.802357"><time>2026-05-23T08:48:40.900Z</time></trkpt>
<trkpt lat="54.382726" lon="18.802352"><time>2026-05-23T08:48:42.900Z</time></trkpt>
<trkpt lat="54.382765" lon="18.802347"><time>2026-05-23T08:48:44.900Z</time></trkpt>
<trkpt lat="54.382803" lon="18.802339"><time>2026-05-23T08:48:46.900Z</time></trkpt>
<trkpt lat="54.382842" lon="18.802338"><time>2026-05-23T08:48:48.900Z</time></trkpt>
<trkpt lat="54.382881" lon="18.802341"><time>2026-05-23T08:48:50.900Z</time></trkpt>
<trkpt lat="54.382915" lon="18.802344"><time>2026-05-23T08:48:52.900Z</time></trkpt>
<trkpt lat="54.382954" lon="18.802346"><time>2026-05-23T08:48:54.900Z</time></trkpt>
<trkpt lat="54.382988" lon="18.802344"><time>2026-05-23T08:48:56.900Z</time></trkpt>
<trkpt lat="54.383024" lon="18.802350"><time>2026-05-23T08:48:58.900Z</time></trkpt>
<trkpt lat="54.383065" lon="18.802352"><time>2026-05-23T08:49:00.900Z</time></trkpt>
<trkpt lat="54.383100" lon="18.802355"><time>2026-05-23T08:49:02.900Z</time></trkpt>
<trkpt lat="54.383133" lon="18.802353"><time>2026-05-23T08:49:04.900Z</time></trkpt>
<trkpt lat="54.383165" lon="18.802350"><time>2026-05-23T08:49:06.900Z</time></trkpt>
<trkpt lat="54.383197" lon="18.802353"><time>2026-05-23T08:49:08.900Z</time></trkpt>
<trkpt lat="54.383228" lon="18.802349"><time>2026-05-23T08:49:10.900Z</time></trkpt>
<trkpt lat="54.383257" lon="18.802365"><time>2026-05-23T08:49:12.900Z</time></trkpt>
<trkpt lat="54.383294" lon="18.802369"><time>2026-05-23T08:49:14.900Z</time></trkpt>
<trkpt lat="54.383343" lon="18.802354"><time>2026-05-23T08:49:16.900Z</time></trkpt>
<trkpt lat="54.383384" lon="18.802343"><time>2026-05-23T08:49:18.900Z</time></trkpt>
<trkpt lat="54.383419" lon="18.802338"><time>2026-05-23T08:49:20.900Z</time></trkpt>
<trkpt lat="54.383449" lon="18.802341"><time>2026-05-23T08:49:22.900Z</time></trkpt>
<trkpt lat="54.383479" lon="18.802336"><time>2026-05-23T08:49:24.900Z</time></trkpt>
<trkpt lat="54.383516" lon="18.802332"><time>2026-05-23T08:49:26.900Z</time></trkpt>
<trkpt lat="54.383556" lon="18.802322"><time>2026-05-23T08:49:28.900Z</time></trkpt>
<trkpt lat="54.383596" lon="18.802315"><time>2026-05-23T08:49:30.900Z</time></trkpt>
<trkpt lat="54.383638" lon="18.802307"><time>2026-05-23T08:49:32.900Z</time></trkpt>
<trkpt lat="54.383676" lon="18.802298"><time>2026-05-23T08:49:34.900Z</time></trkpt>
<trkpt lat="54.383716" lon="18.802288"><time>2026-05-23T08:49:36.900Z</time></trkpt>
<trkpt lat="54.383765" lon="18.802279"><time>2026-05-23T08:49:38.900Z</time></trkpt>
<trkpt lat="54.383806" lon="18.802275"><time>2026-05-23T08:49:40.900Z</time></trkpt>
<trkpt lat="54.383844" lon="18.802268"><time>2026-05-23T08:49:42.900Z</time></trkpt>
<trkpt lat="54.383888" lon="18.802266"><time>2026-05-23T08:49:44.900Z</time></trkpt>
<trkpt lat="54.383928" lon="18.802270"><time>2026-05-23T08:49:46.900Z</time></trkpt>
<trkpt lat="54.383967" lon="18.802270"><time>2026-05-23T08:49:48.900Z</time></trkpt>
<trkpt lat="54.384006" lon="18.802266"><time>2026-05-23T08:49:50.900Z</time></trkpt>
<trkpt lat="54.384047" lon="18.802261"><time>2026-05-23T08:49:52.900Z</time></trkpt>
<trkpt lat="54.384082" lon="18.802251"><time>2026-05-23T08:49:54.900Z</time></trkpt>
<trkpt lat="54.384120" lon="18.802240"><time>2026-05-23T08:49:56.900Z</time></trkpt>
<trkpt lat="54.384158" lon="18.802232"><time>2026-05-23T08:49:58.900Z</time></trkpt>
<trkpt lat="54.384195" lon="18.802225"><time>2026-05-23T08:50:00.900Z</time></trkpt>
<trkpt lat="54.384229" lon="18.802234"><time>2026-05-23T08:50:02.900Z</time></trkpt>
<trkpt lat="54.384246" lon="18.802240"><time>2026-05-23T08:50:04.000Z</time></trkpt>
<trkpt lat="54.384289" lon="18.802248"><time>2026-05-23T08:50:06.000Z</time></trkpt>
<trkpt lat="54.384328" lon="18.802247"><time>2026-05-23T08:50:08.000Z</time></trkpt>
<trkpt lat="54.384362" lon="18.802251"><time>2026-05-23T08:50:10.000Z</time></trkpt>
<trkpt lat="54.384401" lon="18.802252"><time>2026-05-23T08:50:12.000Z</time></trkpt>
<trkpt lat="54.384446" lon="18.802248"><time>2026-05-23T08:50:14.000Z</time></trkpt>
<trkpt lat="54.384489" lon="18.802243"><time>2026-05-23T08:50:16.000Z</time></trkpt>
<trkpt lat="54.384528" lon="18.802237"><time>2026-05-23T08:50:18.000Z</time></trkpt>
<trkpt lat="54.384564" lon="18.802237"><time>2026-05-23T08:50:20.000Z</time></trkpt>
<trkpt lat="54.384601" lon="18.802231"><time>2026-05-23T08:50:22.000Z</time></trkpt>
<trkpt lat="54.384637" lon="18.802220"><time>2026-05-23T08:50:24.000Z</time></trkpt>
<trkpt lat="54.384671" lon="18.802196"><time>2026-05-23T08:50:26.000Z</time></trkpt>
<trkpt lat="54.384702" lon="18.802172"><time>2026-05-23T08:50:28.000Z</time></trkpt>
<trkpt lat="54.384727" lon="18.802135"><time>2026-05-23T08:50:30.000Z</time></trkpt>
<trkpt lat="54.384760" lon="18.802061"><time>2026-05-23T08:50:32.900Z</time></trkpt>
<trkpt lat="54.384780" lon="18.802017"><time>2026-05-23T08:50:34.900Z</time></trkpt>
<trkpt lat="54.384794" lon="18.801981"><time>2026-05-23T08:50:36.900Z</time></trkpt>
<trkpt lat="54.384810" lon="18.801937"><time>2026-05-23T08:50:38.900Z</time></trkpt>
<trkpt lat="54.384820" lon="18.801890"><time>2026-05-23T08:50:40.900Z</time></trkpt>
<trkpt lat="54.384833" lon="18.801840"><time>2026-05-23T08:50:42.900Z</time></trkpt>
<trkpt lat="54.384848" lon="18.801790"><time>2026-05-23T08:50:44.900Z</time></trkpt>
<trkpt lat="54.384856" lon="18.801766"><time>2026-05-23T08:50:46.900Z</time></trkpt>
<trkpt lat="54.384866" lon="18.801721"><time>2026-05-23T08:50:48.900Z</time></trkpt>
<trkpt lat="54.384870" lon="18.801675"><time>2026-05-23T08:50:50.900Z</time></trkpt>
<trkpt lat="54.384875" lon="18.801626"><time>2026-05-23T08:50:52.900Z</time></trkpt>
<trkpt lat="54.384878" lon="18.801583"><time>2026-05-23T08:50:54.900Z</time></trkpt>
<trkpt lat="54.384876" lon="18.801544"><time>2026-05-23T08:50:56.900Z</time></trkpt>
<trkpt lat="54.384865" lon="18.801491"><time>2026-05-23T08:50:58.900Z</time></trkpt>
<trkpt lat="54.384854" lon="18.801434"><time>2026-05-23T08:51:00.900Z</time></trkpt>
<trkpt lat="54.384843" lon="18.801397"><time>2026-05-23T08:51:02.900Z</time></trkpt>
<trkpt lat="54.384838" lon="18.801362"><time>2026-05-23T08:51:04.900Z</time></trkpt>
<trkpt lat="54.384835" lon="18.801347"><time>2026-05-23T08:51:06.900Z</time></trkpt>
<trkpt lat="54.384827" lon="18.801329"><time>2026-05-23T08:51:08.900Z</time></trkpt>
<trkpt lat="54.384828" lon="18.801288"><time>2026-05-23T08:51:10.900Z</time></trkpt>
<trkpt lat="54.384828" lon="18.801243"><time>2026-05-23T08:51:12.900Z</time></trkpt>
<trkpt lat="54.384830" lon="18.801209"><time>2026-05-23T08:51:14.900Z</time></trkpt>
<trkpt lat="54.384833" lon="18.801178"><time>2026-05-23T08:51:16.900Z</time></trkpt>
<trkpt lat="54.384838" lon="18.801147"><time>2026-05-23T08:51:18.900Z</time></trkpt>
<trkpt lat="54.384838" lon="18.801114"><time>2026-05-23T08:51:20.900Z</time></trkpt>
<trkpt lat="54.384837" lon="18.801079"><time>2026-05-23T08:51:22.900Z</time></trkpt>
<trkpt lat="54.384835" lon="18.801039"><time>2026-05-23T08:51:24.900Z</time></trkpt>
<trkpt lat="54.384833" lon="18.801000"><time>2026-05-23T08:51:26.900Z</time></trkpt>
<trkpt lat="54.384830" lon="18.800965"><time>2026-05-23T08:51:28.900Z</time></trkpt>
<trkpt lat="54.384831" lon="18.800930"><time>2026-05-23T08:51:30.900Z</time></trkpt>
<trkpt lat="54.384827" lon="18.800895"><time>2026-05-23T08:51:32.900Z</time></trkpt>
<trkpt lat="54.384827" lon="18.800861"><time>2026-05-23T08:51:34.900Z</time></trkpt>
<trkpt lat="54.384823" lon="18.800827"><time>2026-05-23T08:51:36.900Z</time></trkpt>
<trkpt lat="54.384823" lon="18.800795"><time>2026-05-23T08:51:38.900Z</time></trkpt>
<trkpt lat="54.384825" lon="18.800768"><time>2026-05-23T08:51:40.900Z</time></trkpt>
<trkpt lat="54.384829" lon="18.800754"><time>2026-05-23T08:51:42.900Z</time></trkpt>
<trkpt lat="54.384830" lon="18.800735"><time>2026-05-23T08:51:44.900Z</time></trkpt>
<trkpt lat="54.384829" lon="18.800711"><time>2026-05-23T08:51:46.900Z</time></trkpt>
<trkpt lat="54.384828" lon="18.800676"><time>2026-05-23T08:51:48.900Z</time></trkpt>
<trkpt lat="54.384826" lon="18.800647"><time>2026-05-23T08:51:50.900Z</time></trkpt>
<trkpt lat="54.384825" lon="18.800638"><time>2026-05-23T08:51:52.900Z</time></trkpt>
<trkpt lat="54.384823" lon="18.800626"><time>2026-05-23T08:51:54.900Z</time></trkpt>
<trkpt lat="54.384823" lon="18.800619"><time>2026-05-23T08:51:56.900Z</time></trkpt>
<trkpt lat="54.384825" lon="18.800595"><time>2026-05-23T08:51:58.900Z</time></trkpt>
<trkpt lat="54.384820" lon="18.800552"><time>2026-05-23T08:52:00.900Z</time></trkpt>
<trkpt lat="54.384814" lon="18.800522"><time>2026-05-23T08:52:02.900Z</time></trkpt>
<trkpt lat="54.384810" lon="18.800486"><time>2026-05-23T08:52:04.900Z</time></trkpt>
<trkpt lat="54.384810" lon="18.800435"><time>2026-05-23T08:52:06.900Z</time></trkpt>
<trkpt lat="54.384809" lon="18.800392"><time>2026-05-23T08:52:08.900Z</time></trkpt>
<trkpt lat="54.384807" lon="18.800377"><time>2026-05-23T08:52:10.000Z</time></trkpt>
<trkpt lat="54.384805" lon="18.800354"><time>2026-05-23T08:52:12.000Z</time></trkpt>
<trkpt lat="54.384805" lon="18.800335"><time>2026-05-23T08:52:14.000Z</time></trkpt>
<trkpt lat="54.384805" lon="18.800326"><time>2026-05-23T08:52:16.000Z</time></trkpt>
<trkpt lat="54.384801" lon="18.800325"><time>2026-05-23T08:52:18.000Z</time></trkpt>
<trkpt lat="54.384794" lon="18.800326"><time>2026-05-23T08:52:20.000Z</time></trkpt>
<trkpt lat="54.384791" lon="18.800293"><time>2026-05-23T08:52:22.000Z</time></trkpt>
<trkpt lat="54.384793" lon="18.800263"><time>2026-05-23T08:52:24.000Z</time></trkpt>
<trkpt lat="54.384793" lon="18.800238"><time>2026-05-23T08:52:26.000Z</time></trkpt>
<trkpt lat="54.384791" lon="18.800210"><time>2026-05-23T08:52:28.000Z</time></trkpt>
<trkpt lat="54.384790" lon="18.800180"><time>2026-05-23T08:52:30.000Z</time></trkpt>
<trkpt lat="54.384785" lon="18.800148"><time>2026-05-23T08:52:32.000Z</time></trkpt>
<trkpt lat="54.384788" lon="18.800118"><time>2026-05-23T08:52:34.000Z</time></trkpt>
<trkpt lat="54.384791" lon="18.800115"><time>2026-05-23T08:52:36.000Z</time></trkpt>
<trkpt lat="54.384793" lon="18.800095"><time>2026-05-23T08:52:38.000Z</time></trkpt>
<trkpt lat="54.384788" lon="18.800052"><time>2026-05-23T08:52:40.000Z</time></trkpt>
<trkpt lat="54.384784" lon="18.800011"><time>2026-05-23T08:52:42.000Z</time></trkpt>
<trkpt lat="54.384786" lon="18.799947"><time>2026-05-23T08:52:44.900Z</time></trkpt>
<trkpt lat="54.384784" lon="18.799924"><time>2026-05-23T08:52:46.900Z</time></trkpt>
<trkpt lat="54.384778" lon="18.799886"><time>2026-05-23T08:52:48.900Z</time></trkpt>
<trkpt lat="54.384775" lon="18.799874"><time>2026-05-23T08:52:50.900Z</time></trkpt>
<trkpt lat="54.384765" lon="18.799824"><time>2026-05-23T08:52:52.900Z</time></trkpt>
<trkpt lat="54.384757" lon="18.799782"><time>2026-05-23T08:52:54.900Z</time></trkpt>
<trkpt lat="54.384753" lon="18.799748"><time>2026-05-23T08:52:56.900Z</time></trkpt>
<trkpt lat="54.384750" lon="18.799713"><time>2026-05-23T08:52:58.900Z</time></trkpt>
<trkpt lat="54.384744" lon="18.799673"><time>2026-05-23T08:53:00.900Z</time></trkpt>
<trkpt lat="54.384740" lon="18.799635"><time>2026-05-23T08:53:02.900Z</time></trkpt>
<trkpt lat="54.384737" lon="18.799585"><time>2026-05-23T08:53:04.900Z</time></trkpt>
<trkpt lat="54.384734" lon="18.799540"><time>2026-05-23T08:53:06.900Z</time></trkpt>
<trkpt lat="54.384730" lon="18.799498"><time>2026-05-23T08:53:08.900Z</time></trkpt>
<trkpt lat="54.384727" lon="18.799464"><time>2026-05-23T08:53:10.900Z</time></trkpt>
<trkpt lat="54.384723" lon="18.799424"><time>2026-05-23T08:53:12.900Z</time></trkpt>
<trkpt lat="54.384718" lon="18.799393"><time>2026-05-23T08:53:14.900Z</time></trkpt>
<trkpt lat="54.384715" lon="18.799356"><time>2026-05-23T08:53:16.900Z</time></trkpt>
<trkpt lat="54.384711" lon="18.799321"><time>2026-05-23T08:53:18.900Z</time></trkpt>
<trkpt lat="54.384705" lon="18.799284"><time>2026-05-23T08:53:20.900Z</time></trkpt>
<trkpt lat="54.384701" lon="18.799247"><time>2026-05-23T08:53:22.900Z</time></trkpt>
<trkpt lat="54.384697" lon="18.799209"><time>2026-05-23T08:53:24.900Z</time></trkpt>
<trkpt lat="54.384692" lon="18.799174"><time>2026-05-23T08:53:26.900Z</time></trkpt>
<trkpt lat="54.384689" lon="18.799136"><time>2026-05-23T08:53:28.900Z</time></trkpt>
<trkpt lat="54.384689" lon="18.799099"><time>2026-05-23T08:53:30.900Z</time></trkpt>
<trkpt lat="54.384688" lon="18.799059"><time>2026-05-23T08:53:32.900Z</time></trkpt>
<trkpt lat="54.384684" lon="18.798989"><time>2026-05-23T08:53:34.900Z</time></trkpt>
<trkpt lat="54.384678" lon="18.798942"><time>2026-05-23T08:53:36.900Z</time></trkpt>
<trkpt lat="54.384669" lon="18.798896"><time>2026-05-23T08:53:38.900Z</time></trkpt>
<trkpt lat="54.384664" lon="18.798858"><time>2026-05-23T08:53:40.900Z</time></trkpt>
<trkpt lat="54.384664" lon="18.798820"><time>2026-05-23T08:53:42.900Z</time></trkpt>
<trkpt lat="54.384668" lon="18.798783"><time>2026-05-23T08:53:44.900Z</time></trkpt>
<trkpt lat="54.384673" lon="18.798752"><time>2026-05-23T08:53:46.900Z</time></trkpt>
<trkpt lat="54.384673" lon="18.798712"><time>2026-05-23T08:53:48.900Z</time></trkpt>
<trkpt lat="54.384672" lon="18.798681"><time>2026-05-23T08:53:50.900Z</time></trkpt>
<trkpt lat="54.384671" lon="18.798643"><time>2026-05-23T08:53:52.900Z</time></trkpt>
<trkpt lat="54.384670" lon="18.798587"><time>2026-05-23T08:53:54.900Z</time></trkpt>
<trkpt lat="54.384670" lon="18.798531"><time>2026-05-23T08:53:56.900Z</time></trkpt>
<trkpt lat="54.384670" lon="18.798493"><time>2026-05-23T08:53:58.900Z</time></trkpt>
<trkpt lat="54.384668" lon="18.798454"><time>2026-05-23T08:54:00.900Z</time></trkpt>
<trkpt lat="54.384666" lon="18.798425"><time>2026-05-23T08:54:02.900Z</time></trkpt>
<trkpt lat="54.384666" lon="18.798406"><time>2026-05-23T08:54:04.900Z</time></trkpt>
<trkpt lat="54.384663" lon="18.798387"><time>2026-05-23T08:54:06.900Z</time></trkpt>
<trkpt lat="54.384661" lon="18.798362"><time>2026-05-23T08:54:08.900Z</time></trkpt>
<trkpt lat="54.384661" lon="18.798323"><time>2026-05-23T08:54:10.900Z</time></trkpt>
<trkpt lat="54.384659" lon="18.798293"><time>2026-05-23T08:54:12.900Z</time></trkpt>
<trkpt lat="54.384654" lon="18.798255"><time>2026-05-23T08:54:14.900Z</time></trkpt>
<trkpt lat="54.384652" lon="18.798238"><time>2026-05-23T08:54:16.000Z</time></trkpt>
<trkpt lat="54.384643" lon="18.798205"><time>2026-05-23T08:54:18.000Z</time></trkpt>
<trkpt lat="54.384644" lon="18.798165"><time>2026-05-23T08:54:20.000Z</time></trkpt>
<trkpt lat="54.384640" lon="18.798115"><time>2026-05-23T08:54:22.000Z</time></trkpt>
<trkpt lat="54.384634" lon="18.798065"><time>2026-05-23T08:54:24.000Z</time></trkpt>
<trkpt lat="54.384629" lon="18.798016"><time>2026-05-23T08:54:26.000Z</time></trkpt>
<trkpt lat="54.384622" lon="18.797978"><time>2026-05-23T08:54:28.000Z</time></trkpt>
<trkpt lat="54.384612" lon="18.797944"><time>2026-05-23T08:54:30.000Z</time></trkpt>
<trkpt lat="54.384602" lon="18.797905"><time>2026-05-23T08:54:32.000Z</time></trkpt>
<trkpt lat="54.384590" lon="18.797854"><time>2026-05-23T08:54:34.000Z</time></trkpt>
<trkpt lat="54.384582" lon="18.797813"><time>2026-05-23T08:54:36.000Z</time></trkpt>
<trkpt lat="54.384576" lon="18.797776"><time>2026-05-23T08:54:38.000Z</time></trkpt>
<trkpt lat="54.384571" lon="18.797739"><time>2026-05-23T08:54:40.000Z</time></trkpt>
<trkpt lat="54.384566" lon="18.797698"><time>2026-05-23T08:54:42.000Z</time></trkpt>
<trkpt lat="54.384561" lon="18.797659"><time>2026-05-23T08:54:44.000Z</time></trkpt>
<trkpt lat="54.384554" lon="18.797603"><time>2026-05-23T08:54:46.900Z</time></trkpt>
<trkpt lat="54.384550" lon="18.797565"><time>2026-05-23T08:54:48.900Z</time></trkpt>
<trkpt lat="54.384545" lon="18.797527"><time>2026-05-23T08:54:50.900Z</time></trkpt>
<trkpt lat="54.384542" lon="18.797488"><time>2026-05-23T08:54:52.900Z</time></trkpt>
<trkpt lat="54.384539" lon="18.797449"><time>2026-05-23T08:54:54.900Z</time></trkpt>
<trkpt lat="54.384536" lon="18.797411"><time>2026-05-23T08:54:56.900Z</time></trkpt>
<trkpt lat="54.384532" lon="18.797371"><time>2026-05-23T08:54:58.900Z</time></trkpt>
<trkpt lat="54.384528" lon="18.797331"><time>2026-05-23T08:55:00.900Z</time></trkpt>
<trkpt lat="54.384525" lon="18.797293"><time>2026-05-23T08:55:02.900Z</time></trkpt>
<trkpt lat="54.384521" lon="18.797254"><time>2026-05-23T08:55:04.900Z</time></trkpt>
<trkpt lat="54.384516" lon="18.797212"><time>2026-05-23T08:55:06.900Z</time></trkpt>
<trkpt lat="54.384510" lon="18.797172"><time>2026-05-23T08:55:08.900Z</time></trkpt>
<trkpt lat="54.384505" lon="18.797131"><time>2026-05-23T08:55:10.900Z</time></trkpt>
<trkpt lat="54.384499" lon="18.797091"><time>2026-05-23T08:55:12.900Z</time></trkpt>
<trkpt lat="54.384493" lon="18.797052"><time>2026-05-23T08:55:14.900Z</time></trkpt>
<trkpt lat="54.384489" lon="18.797010"><time>2026-05-23T08:55:16.900Z</time></trkpt>
<trkpt lat="54.384482" lon="18.796968"><time>2026-05-23T08:55:18.900Z</time></trkpt>
<trkpt lat="54.384475" lon="18.796929"><time>2026-05-23T08:55:20.900Z</time></trkpt>
<trkpt lat="54.384469" lon="18.796893"><time>2026-05-23T08:55:22.900Z</time></trkpt>
<trkpt lat="54.384462" lon="18.796858"><time>2026-05-23T08:55:24.900Z</time></trkpt>
<trkpt lat="54.384454" lon="18.796818"><time>2026-05-23T08:55:26.900Z</time></trkpt>
<trkpt lat="54.384446" lon="18.796778"><time>2026-05-23T08:55:28.900Z</time></trkpt>
<trkpt lat="54.384438" lon="18.796741"><time>2026-05-23T08:55:30.900Z</time></trkpt>
<trkpt lat="54.384430" lon="18.796702"><time>2026-05-23T08:55:32.900Z</time></trkpt>
<trkpt lat="54.384422" lon="18.796665"><time>2026-05-23T08:55:34.900Z</time></trkpt>
<trkpt lat="54.384414" lon="18.796631"><time>2026-05-23T08:55:36.900Z</time></trkpt>
<trkpt lat="54.384405" lon="18.796597"><time>2026-05-23T08:55:38.900Z</time></trkpt>
<trkpt lat="54.384397" lon="18.796562"><time>2026-05-23T08:55:40.900Z</time></trkpt>
<trkpt lat="54.384388" lon="18.796525"><time>2026-05-23T08:55:42.900Z</time></trkpt>
<trkpt lat="54.384381" lon="18.796490"><time>2026-05-23T08:55:44.900Z</time></trkpt>
<trkpt lat="54.384375" lon="18.796452"><time>2026-05-23T08:55:46.900Z</time></trkpt>
<trkpt lat="54.384370" lon="18.796414"><time>2026-05-23T08:55:48.900Z</time></trkpt>
<trkpt lat="54.384366" lon="18.796374"><time>2026-05-23T08:55:50.900Z</time></trkpt>
<trkpt lat="54.384362" lon="18.796337"><time>2026-05-23T08:55:52.900Z</time></trkpt>
<trkpt lat="54.384355" lon="18.796299"><time>2026-05-23T08:55:54.900Z</time></trkpt>
<trkpt lat="54.384347" lon="18.796258"><time>2026-05-23T08:55:56.900Z</time></trkpt>
<trkpt lat="54.384340" lon="18.796217"><time>2026-05-23T08:55:58.900Z</time></trkpt>
<trkpt lat="54.384333" lon="18.796178"><time>2026-05-23T08:56:00.900Z</time></trkpt>
<trkpt lat="54.384327" lon="18.796139"><time>2026-05-23T08:56:02.900Z</time></trkpt>
<trkpt lat="54.384321" lon="18.796099"><time>2026-05-23T08:56:04.900Z</time></trkpt>
<trkpt lat="54.384315" lon="18.796058"><time>2026-05-23T08:56:06.900Z</time></trkpt>
<trkpt lat="54.384309" lon="18.796022"><time>2026-05-23T08:56:08.900Z</time></trkpt>
<trkpt lat="54.384302" lon="18.795984"><time>2026-05-23T08:56:10.900Z</time></trkpt>
<trkpt lat="54.384296" lon="18.795943"><time>2026-05-23T08:56:12.900Z</time></trkpt>
<trkpt lat="54.384290" lon="18.795897"><time>2026-05-23T08:56:14.900Z</time></trkpt>
<trkpt lat="54.384286" lon="18.795852"><time>2026-05-23T08:56:16.900Z</time></trkpt>
<trkpt lat="54.384279" lon="18.795826"><time>2026-05-23T08:56:18.900Z</time></trkpt>
<trkpt lat="54.384274" lon="18.795794"><time>2026-05-23T08:56:20.900Z</time></trkpt>
<trkpt lat="54.384272" lon="18.795772"><time>2026-05-23T08:56:22.000Z</time></trkpt>
<trkpt lat="54.384269" lon="18.795738"><time>2026-05-23T08:56:24.000Z</time></trkpt>
<trkpt lat="54.384264" lon="18.795699"><time>2026-05-23T08:56:26.000Z</time></trkpt>
<trkpt lat="54.384260" lon="18.795668"><time>2026-05-23T08:56:28.000Z</time></trkpt>
<trkpt lat="54.384256" lon="18.795625"><time>2026-05-23T08:56:30.000Z</time></trkpt>
<trkpt lat="54.384253" lon="18.795576"><time>2026-05-23T08:56:32.000Z</time></trkpt>
<trkpt lat="54.384249" lon="18.795539"><time>2026-05-23T08:56:34.000Z</time></trkpt>
<trkpt lat="54.384250" lon="18.795509"><time>2026-05-23T08:56:36.000Z</time></trkpt>
<trkpt lat="54.384251" lon="18.795481"><time>2026-05-23T08:56:38.000Z</time></trkpt>
<trkpt lat="54.384252" lon="18.795453"><time>2026-05-23T08:56:40.000Z</time></trkpt>
<trkpt lat="54.384251" lon="18.795427"><time>2026-05-23T08:56:42.000Z</time></trkpt>
<trkpt lat="54.384253" lon="18.795409"><time>2026-05-23T08:56:44.000Z</time></trkpt>
<trkpt lat="54.384247" lon="18.795385"><time>2026-05-23T08:56:46.000Z</time></trkpt>
<trkpt lat="54.384242" lon="18.795348"><time>2026-05-23T08:56:48.000Z</time></trkpt>
<trkpt lat="54.384243" lon="18.795314"><time>2026-05-23T08:56:50.000Z</time></trkpt>
<trkpt lat="54.384247" lon="18.795253"><time>2026-05-23T08:56:52.900Z</time></trkpt>
<trkpt lat="54.384256" lon="18.795215"><time>2026-05-23T08:56:54.900Z</time></trkpt>
<trkpt lat="54.384244" lon="18.795155"><time>2026-05-23T08:56:56.900Z</time></trkpt>
<trkpt lat="54.384230" lon="18.795131"><time>2026-05-23T08:56:58.900Z</time></trkpt>
<trkpt lat="54.384223" lon="18.795115"><time>2026-05-23T08:57:00.900Z</time></trkpt>
<trkpt lat="54.384221" lon="18.795097"><time>2026-05-23T08:57:02.900Z</time></trkpt>
<trkpt lat="54.384224" lon="18.795074"><time>2026-05-23T08:57:04.900Z</time></trkpt>
<trkpt lat="54.384225" lon="18.795049"><time>2026-05-23T08:57:06.900Z</time></trkpt>
<trkpt lat="54.384225" lon="18.795003"><time>2026-05-23T08:57:08.900Z</time></trkpt>
<trkpt lat="54.384221" lon="18.794974"><time>2026-05-23T08:57:10.900Z</time></trkpt>
<trkpt lat="54.384218" lon="18.794951"><time>2026-05-23T08:57:12.900Z</time></trkpt>
<trkpt lat="54.384215" lon="18.794923"><time>2026-05-23T08:57:14.900Z</time></trkpt>
<trkpt lat="54.384215" lon="18.794894"><time>2026-05-23T08:57:16.900Z</time></trkpt>
<trkpt lat="54.384218" lon="18.794852"><time>2026-05-23T08:57:18.900Z</time></trkpt>
<trkpt lat="54.384216" lon="18.794809"><time>2026-05-23T08:57:20.900Z</time></trkpt>
<trkpt lat="54.384215" lon="18.794771"><time>2026-05-23T08:57:22.900Z</time></trkpt>
<trkpt lat="54.384214" lon="18.794736"><time>2026-05-23T08:57:24.900Z</time></trkpt>
<trkpt lat="54.384212" lon="18.794704"><time>2026-05-23T08:57:26.900Z</time></trkpt>
<trkpt lat="54.384212" lon="18.794680"><time>2026-05-23T08:57:28.900Z</time></trkpt>
<trkpt lat="54.384209" lon="18.794663"><time>2026-05-23T08:57:30.900Z</time></trkpt>
<trkpt lat="54.384205" lon="18.794629"><time>2026-05-23T08:57:32.900Z</time></trkpt>
<trkpt lat="54.384203" lon="18.794601"><time>2026-05-23T08:57:34.900Z</time></trkpt>
<trkpt lat="54.384201" lon="18.794571"><time>2026-05-23T08:57:36.900Z</time></trkpt>
<trkpt lat="54.384199" lon="18.794543"><time>2026-05-23T08:57:38.900Z</time></trkpt>
<trkpt lat="54.384200" lon="18.794514"><time>2026-05-23T08:57:40.900Z</time></trkpt>
<trkpt lat="54.384198" lon="18.794484"><time>2026-05-23T08:57:42.900Z</time></trkpt>
<trkpt lat="54.384198" lon="18.794454"><time>2026-05-23T08:57:44.900Z</time></trkpt>
<trkpt lat="54.384199" lon="18.794435"><time>2026-05-23T08:57:46.900Z</time></trkpt>
<trkpt lat="54.384198" lon="18.794393"><time>2026-05-23T08:57:48.900Z</time></trkpt>
<trkpt lat="54.384197" lon="18.794369"><time>2026-05-23T08:57:50.900Z</time></trkpt>
<trkpt lat="54.384194" lon="18.794360"><time>2026-05-23T08:57:52.900Z</time></trkpt>
<trkpt lat="54.384192" lon="18.794357"><time>2026-05-23T08:57:54.900Z</time></trkpt>
<trkpt lat="54.384191" lon="18.794351"><time>2026-05-23T08:57:56.900Z</time></trkpt>
<trkpt lat="54.384194" lon="18.794323"><time>2026-05-23T08:57:58.900Z</time></trkpt>
<trkpt lat="54.384199" lon="18.794288"><time>2026-05-23T08:58:00.900Z</time></trkpt>
<trkpt lat="54.384208" lon="18.794238"><time>2026-05-23T08:58:02.900Z</time></trkpt>
<trkpt lat="54.384209" lon="18.794202"><time>2026-05-23T08:58:04.900Z</time></trkpt>
<trkpt lat="54.384208" lon="18.794179"><time>2026-05-23T08:58:06.900Z</time></trkpt>
<trkpt lat="54.384206" lon="18.794154"><time>2026-05-23T08:58:08.900Z</time></trkpt>
<trkpt lat="54.384204" lon="18.794127"><time>2026-05-23T08:58:10.900Z</time></trkpt>
<trkpt lat="54.384196" lon="18.794096"><time>2026-05-23T08:58:12.900Z</time></trkpt>
<trkpt lat="54.384188" lon="18.794072"><time>2026-05-23T08:58:14.900Z</time></trkpt>
<trkpt lat="54.384183" lon="18.794052"><time>2026-05-23T08:58:16.900Z</time></trkpt>
<trkpt lat="54.384184" lon="18.794043"><time>2026-05-23T08:58:18.900Z</time></trkpt>
<trkpt lat="54.384179" lon="18.794035"><time>2026-05-23T08:58:20.900Z</time></trkpt>
<trkpt lat="54.384168" lon="18.794019"><time>2026-05-23T08:58:22.900Z</time></trkpt>
<trkpt lat="54.384157" lon="18.794008"><time>2026-05-23T08:58:24.900Z</time></trkpt>
<trkpt lat="54.384136" lon="18.794000"><time>2026-05-23T08:58:27.000Z</time></trkpt>
<trkpt lat="54.384126" lon="18.793995"><time>2026-05-23T08:58:28.000Z</time></trkpt>
<trkpt lat="54.384110" lon="18.793972"><time>2026-05-23T08:58:30.000Z</time></trkpt>
<trkpt lat="54.384097" lon="18.793955"><time>2026-05-23T08:58:32.000Z</time></trkpt>
<trkpt lat="54.384085" lon="18.793925"><time>2026-05-23T08:58:34.000Z</time></trkpt>
<trkpt lat="54.384069" lon="18.793916"><time>2026-05-23T08:58:36.000Z</time></trkpt>
<trkpt lat="54.384058" lon="18.793909"><time>2026-05-23T08:58:38.000Z</time></trkpt>
<trkpt lat="54.384039" lon="18.793892"><time>2026-05-23T08:58:40.000Z</time></trkpt>
<trkpt lat="54.384020" lon="18.793883"><time>2026-05-23T08:58:42.000Z</time></trkpt>
<trkpt lat="54.384000" lon="18.793868"><time>2026-05-23T08:58:44.000Z</time></trkpt>
<trkpt lat="54.383982" lon="18.793856"><time>2026-05-23T08:58:46.000Z</time></trkpt>
<trkpt lat="54.383971" lon="18.793839"><time>2026-05-23T08:58:48.000Z</time></trkpt>
<trkpt lat="54.383955" lon="18.793818"><time>2026-05-23T08:58:50.000Z</time></trkpt>
<trkpt lat="54.383938" lon="18.793792"><time>2026-05-23T08:58:52.000Z</time></trkpt>
<trkpt lat="54.383912" lon="18.793762"><time>2026-05-23T08:58:54.900Z</time></trkpt>
<trkpt lat="54.383909" lon="18.793754"><time>2026-05-23T08:58:56.900Z</time></trkpt>
<trkpt lat="54.383904" lon="18.793748"><time>2026-05-23T08:58:58.900Z</time></trkpt>
<trkpt lat="54.383900" lon="18.793741"><time>2026-05-23T08:59:00.900Z</time></trkpt>
<trkpt lat="54.383896" lon="18.793737"><time>2026-05-23T08:59:02.900Z</time></trkpt>
<trkpt lat="54.383878" lon="18.793715"><time>2026-05-23T08:59:04.900Z</time></trkpt>
<trkpt lat="54.383852" lon="18.793684"><time>2026-05-23T08:59:06.900Z</time></trkpt>
<trkpt lat="54.383829" lon="18.793662"><time>2026-05-23T08:59:08.900Z</time></trkpt>
<trkpt lat="54.383810" lon="18.793637"><time>2026-05-23T08:59:10.900Z</time></trkpt>
<trkpt lat="54.383791" lon="18.793623"><time>2026-05-23T08:59:12.900Z</time></trkpt>
<trkpt lat="54.383770" lon="18.793610"><time>2026-05-23T08:59:14.900Z</time></trkpt>
<trkpt lat="54.383757" lon="18.793588"><time>2026-05-23T08:59:16.900Z</time></trkpt>
<trkpt lat="54.383741" lon="18.793567"><time>2026-05-23T08:59:18.900Z</time></trkpt>
<trkpt lat="54.383730" lon="18.793544"><time>2026-05-23T08:59:20.900Z</time></trkpt>
<trkpt lat="54.383715" lon="18.793522"><time>2026-05-23T08:59:22.900Z</time></trkpt>
<trkpt lat="54.383701" lon="18.793507"><time>2026-05-23T08:59:24.900Z</time></trkpt>
<trkpt lat="54.383685" lon="18.793486"><time>2026-05-23T08:59:26.900Z</time></trkpt>
<trkpt lat="54.383673" lon="18.793455"><time>2026-05-23T08:59:28.900Z</time></trkpt>
<trkpt lat="54.383664" lon="18.793426"><time>2026-05-23T08:59:30.900Z</time></trkpt>
<trkpt lat="54.383654" lon="18.793400"><time>2026-05-23T08:59:32.900Z</time></trkpt>
<trkpt lat="54.383641" lon="18.793387"><time>2026-05-23T08:59:34.900Z</time></trkpt>
<trkpt lat="54.383627" lon="18.793371"><time>2026-05-23T08:59:36.900Z</time></trkpt>
<trkpt lat="54.383618" lon="18.793351"><time>2026-05-23T08:59:38.900Z</time></trkpt>
<trkpt lat="54.383608" lon="18.793323"><time>2026-05-23T08:59:40.900Z</time></trkpt>
<trkpt lat="54.383599" lon="18.793304"><time>2026-05-23T08:59:42.900Z</time></trkpt>
<trkpt lat="54.383584" lon="18.793282"><time>2026-05-23T08:59:44.900Z</time></trkpt>
<trkpt lat="54.383570" lon="18.793260"><time>2026-05-23T08:59:46.900Z</time></trkpt>
<trkpt lat="54.383555" lon="18.793240"><time>2026-05-23T08:59:48.900Z</time></trkpt>
<trkpt lat="54.383540" lon="18.793224"><time>2026-05-23T08:59:50.900Z</time></trkpt>
<trkpt lat="54.383525" lon="18.793205"><time>2026-05-23T08:59:52.900Z</time></trkpt>
<trkpt lat="54.383508" lon="18.793185"><time>2026-05-23T08:59:54.900Z</time></trkpt>
<trkpt lat="54.383494" lon="18.793163"><time>2026-05-23T08:59:56.900Z</time></trkpt>
<trkpt lat="54.383479" lon="18.793135"><time>2026-05-23T08:59:58.900Z</time></trkpt>
<trkpt lat="54.383462" lon="18.793107"><time>2026-05-23T09:00:00.900Z</time></trkpt>
<trkpt lat="54.383449" lon="18.793097"><time>2026-05-23T09:00:02.900Z</time></trkpt>
<trkpt lat="54.383436" lon="18.793077"><time>2026-05-23T09:00:04.900Z</time></trkpt>
<trkpt lat="54.383422" lon="18.793059"><time>2026-05-23T09:00:06.900Z</time></trkpt>
<trkpt lat="54.383411" lon="18.793037"><time>2026-05-23T09:00:08.900Z</time></trkpt>
<trkpt lat="54.383398" lon="18.793019"><time>2026-05-23T09:00:10.900Z</time></trkpt>
<trkpt lat="54.383386" lon="18.793001"><time>2026-05-23T09:00:12.900Z</time></trkpt>
<trkpt lat="54.383372" lon="18.792982"><time>2026-05-23T09:00:14.900Z</time></trkpt>
<trkpt lat="54.383359" lon="18.792964"><time>2026-05-23T09:00:16.900Z</time></trkpt>
<trkpt lat="54.383345" lon="18.792944"><time>2026-05-23T09:00:18.900Z</time></trkpt>
<trkpt lat="54.383331" lon="18.792924"><time>2026-05-23T09:00:20.900Z</time></trkpt>
<trkpt lat="54.383317" lon="18.792907"><time>2026-05-23T09:00:22.900Z</time></trkpt>
<trkpt lat="54.383303" lon="18.792888"><time>2026-05-23T09:00:24.900Z</time></trkpt>
<trkpt lat="54.383289" lon="18.792869"><time>2026-05-23T09:00:26.900Z</time></trkpt>
<trkpt lat="54.383276" lon="18.792851"><time>2026-05-23T09:00:28.900Z</time></trkpt>
<trkpt lat="54.383259" lon="18.792832"><time>2026-05-23T09:00:30.900Z</time></trkpt>
<trkpt lat="54.383252" lon="18.792822"><time>2026-05-23T09:00:32.000Z</time></trkpt>
<trkpt lat="54.383240" lon="18.792799"><time>2026-05-23T09:00:34.000Z</time></trkpt>
<trkpt lat="54.383227" lon="18.792781"><time>2026-05-23T09:00:36.000Z</time></trkpt>
<trkpt lat="54.383215" lon="18.792761"><time>2026-05-23T09:00:38.000Z</time></trkpt>
<trkpt lat="54.383202" lon="18.792739"><time>2026-05-23T09:00:40.000Z</time></trkpt>
<trkpt lat="54.383188" lon="18.792719"><time>2026-05-23T09:00:42.000Z</time></trkpt>
<trkpt lat="54.383174" lon="18.792701"><time>2026-05-23T09:00:44.000Z</time></trkpt>
<trkpt lat="54.383162" lon="18.792679"><time>2026-05-23T09:00:46.000Z</time></trkpt>
<trkpt lat="54.383149" lon="18.792659"><time>2026-05-23T09:00:48.000Z</time></trkpt>
<trkpt lat="54.383136" lon="18.792639"><time>2026-05-23T09:00:50.000Z</time></trkpt>
<trkpt lat="54.383123" lon="18.792617"><time>2026-05-23T09:00:52.000Z</time></trkpt>
<trkpt lat="54.383111" lon="18.792591"><time>2026-05-23T09:00:54.000Z</time></trkpt>
<trkpt lat="54.383092" lon="18.792563"><time>2026-05-23T09:00:56.900Z</time></trkpt>
<trkpt lat="54.383079" lon="18.792548"><time>2026-05-23T09:00:58.900Z</time></trkpt>
<trkpt lat="54.383068" lon="18.792529"><time>2026-05-23T09:01:00.900Z</time></trkpt>
<trkpt lat="54.383055" lon="18.792508"><time>2026-05-23T09:01:02.900Z</time></trkpt>
<trkpt lat="54.383041" lon="18.792491"><time>2026-05-23T09:01:04.900Z</time></trkpt>
<trkpt lat="54.383027" lon="18.792476"><time>2026-05-23T09:01:06.900Z</time></trkpt>
<trkpt lat="54.383011" lon="18.792460"><time>2026-05-23T09:01:08.900Z</time></trkpt>
<trkpt lat="54.382996" lon="18.792442"><time>2026-05-23T09:01:10.900Z</time></trkpt>
<trkpt lat="54.382983" lon="18.792430"><time>2026-05-23T09:01:12.900Z</time></trkpt>
<trkpt lat="54.382974" lon="18.792414"><time>2026-05-23T09:01:14.900Z</time></trkpt>
<trkpt lat="54.382973" lon="18.792407"><time>2026-05-23T09:01:16.900Z</time></trkpt>
<trkpt lat="54.382964" lon="18.792397"><time>2026-05-23T09:01:18.900Z</time></trkpt>
<trkpt lat="54.382938" lon="18.792369"><time>2026-05-23T09:01:20.900Z</time></trkpt>
<trkpt lat="54.382919" lon="18.792347"><time>2026-05-23T09:01:22.900Z</time></trkpt>
<trkpt lat="54.382901" lon="18.792335"><time>2026-05-23T09:01:24.900Z</time></trkpt>
<trkpt lat="54.382885" lon="18.792323"><time>2026-05-23T09:01:26.900Z</time></trkpt>
<trkpt lat="54.382871" lon="18.792313"><time>2026-05-23T09:01:28.900Z</time></trkpt>
<trkpt lat="54.382856" lon="18.792296"><time>2026-05-23T09:01:30.900Z</time></trkpt>
<trkpt lat="54.382839" lon="18.792276"><time>2026-05-23T09:01:32.900Z</time></trkpt>
<trkpt lat="54.382820" lon="18.792253"><time>2026-05-23T09:01:34.900Z</time></trkpt>
<trkpt lat="54.382803" lon="18.792232"><time>2026-05-23T09:01:36.900Z</time></trkpt>
<trkpt lat="54.382786" lon="18.792210"><time>2026-05-23T09:01:38.900Z</time></trkpt>
<trkpt lat="54.382770" lon="18.792187"><time>2026-05-23T09:01:40.900Z</time></trkpt>
<trkpt lat="54.382753" lon="18.792167"><time>2026-05-23T09:01:42.900Z</time></trkpt>
<trkpt lat="54.382737" lon="18.792147"><time>2026-05-23T09:01:44.900Z</time></trkpt>
<trkpt lat="54.382719" lon="18.792129"><time>2026-05-23T09:01:46.900Z</time></trkpt>
<trkpt lat="54.382704" lon="18.792114"><time>2026-05-23T09:01:48.900Z</time></trkpt>
<trkpt lat="54.382684" lon="18.792101"><time>2026-05-23T09:01:50.900Z</time></trkpt>
<trkpt lat="54.382666" lon="18.792087"><time>2026-05-23T09:01:52.900Z</time></trkpt>
<trkpt lat="54.382648" lon="18.792072"><time>2026-05-23T09:01:54.900Z</time></trkpt>
<trkpt lat="54.382631" lon="18.792057"><time>2026-05-23T09:01:56.900Z</time></trkpt>
<trkpt lat="54.382615" lon="18.792041"><time>2026-05-23T09:01:58.900Z</time></trkpt>
<trkpt lat="54.382599" lon="18.792026"><time>2026-05-23T09:02:00.900Z</time></trkpt>
<trkpt lat="54.382581" lon="18.792011"><time>2026-05-23T09:02:02.900Z</time></trkpt>
<trkpt lat="54.382562" lon="18.791996"><time>2026-05-23T09:02:04.900Z</time></trkpt>
<trkpt lat="54.382544" lon="18.791981"><time>2026-05-23T09:02:06.900Z</time></trkpt>
<trkpt lat="54.382526" lon="18.791968"><time>2026-05-23T09:02:08.900Z</time></trkpt>
<trkpt lat="54.382507" lon="18.791954"><time>2026-05-23T09:02:10.900Z</time></trkpt>
<trkpt lat="54.382487" lon="18.791943"><time>2026-05-23T09:02:12.900Z</time></trkpt>
<trkpt lat="54.382469" lon="18.791931"><time>2026-05-23T09:02:14.900Z</time></trkpt>
<trkpt lat="54.382450" lon="18.791923"><time>2026-05-23T09:02:16.900Z</time></trkpt>
<trkpt lat="54.382435" lon="18.791908"><time>2026-05-23T09:02:18.900Z</time></trkpt>
<trkpt lat="54.382419" lon="18.791894"><time>2026-05-23T09:02:20.900Z</time></trkpt>
<trkpt lat="54.382400" lon="18.791880"><time>2026-05-23T09:02:22.900Z</time></trkpt>
<trkpt lat="54.382381" lon="18.791867"><time>2026-05-23T09:02:24.900Z</time></trkpt>
<trkpt lat="54.382362" lon="18.791853"><time>2026-05-23T09:02:26.900Z</time></trkpt>
<trkpt lat="54.382344" lon="18.791837"><time>2026-05-23T09:02:28.900Z</time></trkpt>
<trkpt lat="54.382325" lon="18.791823"><time>2026-05-23T09:02:30.900Z</time></trkpt>
<trkpt lat="54.382304" lon="18.791809"><time>2026-05-23T09:02:32.900Z</time></trkpt>
<trkpt lat="54.382283" lon="18.791797"><time>2026-05-23T09:02:34.900Z</time></trkpt>
<trkpt lat="54.382261" lon="18.791783"><time>2026-05-23T09:02:36.900Z</time></trkpt>
<trkpt lat="54.382240" lon="18.791773"><time>2026-05-23T09:02:38.900Z</time></trkpt>
<trkpt lat="54.382217" lon="18.791764"><time>2026-05-23T09:02:40.900Z</time></trkpt>
<trkpt lat="54.382196" lon="18.791761"><time>2026-05-23T09:02:42.900Z</time></trkpt>
<trkpt lat="54.382176" lon="18.791759"><time>2026-05-23T09:02:44.900Z</time></trkpt>
<trkpt lat="54.382153" lon="18.791759"><time>2026-05-23T09:02:46.900Z</time></trkpt>
<trkpt lat="54.382124" lon="18.791761"><time>2026-05-23T09:02:48.900Z</time></trkpt>
<trkpt lat="54.382100" lon="18.791760"><time>2026-05-23T09:02:50.900Z</time></trkpt>
<trkpt lat="54.382077" lon="18.791753"><time>2026-05-23T09:02:52.900Z</time></trkpt>
<trkpt lat="54.382054" lon="18.791744"><time>2026-05-23T09:02:54.900Z</time></trkpt>
<trkpt lat="54.382032" lon="18.791743"><time>2026-05-23T09:02:56.900Z</time></trkpt>
<trkpt lat="54.382009" lon="18.791747"><time>2026-05-23T09:02:58.900Z</time></trkpt>
<trkpt lat="54.381986" lon="18.791751"><time>2026-05-23T09:03:00.900Z</time></trkpt>
<trkpt lat="54.381960" lon="18.791760"><time>2026-05-23T09:03:02.900Z</time></trkpt>
<trkpt lat="54.381936" lon="18.791767"><time>2026-05-23T09:03:04.900Z</time></trkpt>
<trkpt lat="54.381910" lon="18.791776"><time>2026-05-23T09:03:06.900Z</time></trkpt>
<trkpt lat="54.381885" lon="18.791783"><time>2026-05-23T09:03:08.900Z</time></trkpt>
<trkpt lat="54.381859" lon="18.791788"><time>2026-05-23T09:03:10.900Z</time></trkpt>
<trkpt lat="54.381831" lon="18.791791"><time>2026-05-23T09:03:12.900Z</time></trkpt>
<trkpt lat="54.381802" lon="18.791797"><time>2026-05-23T09:03:14.900Z</time></trkpt>
<trkpt lat="54.381771" lon="18.791801"><time>2026-05-23T09:03:16.900Z</time></trkpt>
<trkpt lat="54.381742" lon="18.791809"><time>2026-05-23T09:03:18.900Z</time></trkpt>
<trkpt lat="54.381712" lon="18.791818"><time>2026-05-23T09:03:20.900Z</time></trkpt>
<trkpt lat="54.381684" lon="18.791824"><time>2026-05-23T09:03:22.900Z</time></trkpt>
<trkpt lat="54.381656" lon="18.791827"><time>2026-05-23T09:03:24.900Z</time></trkpt>
<trkpt lat="54.381628" lon="18.791829"><time>2026-05-23T09:03:26.900Z</time></trkpt>
<trkpt lat="54.381599" lon="18.791831"><time>2026-05-23T09:03:28.900Z</time></trkpt>
<trkpt lat="54.381571" lon="18.791828"><time>2026-05-23T09:03:30.900Z</time></trkpt>
<trkpt lat="54.381545" lon="18.791825"><time>2026-05-23T09:03:32.900Z</time></trkpt>
<trkpt lat="54.381516" lon="18.791827"><time>2026-05-23T09:03:34.900Z</time></trkpt>
<trkpt lat="54.381489" lon="18.791832"><time>2026-05-23T09:03:36.900Z</time></trkpt>
<trkpt lat="54.381466" lon="18.791834"><time>2026-05-23T09:03:38.900Z</time></trkpt>
<trkpt lat="54.381437" lon="18.791836"><time>2026-05-23T09:03:40.900Z</time></trkpt>
<trkpt lat="54.381406" lon="18.791844"><time>2026-05-23T09:03:42.900Z</time></trkpt>
<trkpt lat="54.381379" lon="18.791850"><time>2026-05-23T09:03:44.900Z</time></trkpt>
<trkpt lat="54.381352" lon="18.791855"><time>2026-05-23T09:03:46.900Z</time></trkpt>
<trkpt lat="54.381323" lon="18.791862"><time>2026-05-23T09:03:48.900Z</time></trkpt>
<trkpt lat="54.381292" lon="18.791867"><time>2026-05-23T09:03:50.900Z</time></trkpt>
<trkpt lat="54.381259" lon="18.791867"><time>2026-05-23T09:03:52.900Z</time></trkpt>
<trkpt lat="54.381232" lon="18.791870"><time>2026-05-23T09:03:54.900Z</time></trkpt>
<trkpt lat="54.381214" lon="18.791866"><time>2026-05-23T09:03:56.900Z</time></trkpt>
<trkpt lat="54.381187" lon="18.791856"><time>2026-05-23T09:03:58.900Z</time></trkpt>
<trkpt lat="54.381157" lon="18.791862"><time>2026-05-23T09:04:00.900Z</time></trkpt>
<trkpt lat="54.381128" lon="18.791875"><time>2026-05-23T09:04:02.900Z</time></trkpt>
<trkpt lat="54.381101" lon="18.791900"><time>2026-05-23T09:04:04.900Z</time></trkpt>
<trkpt lat="54.381078" lon="18.791929"><time>2026-05-23T09:04:06.900Z</time></trkpt>
<trkpt lat="54.381052" lon="18.791962"><time>2026-05-23T09:04:08.900Z</time></trkpt>
<trkpt lat="54.381040" lon="18.792024"><time>2026-05-23T09:04:10.900Z</time></trkpt>
<trkpt lat="54.381045" lon="18.792069"><time>2026-05-23T09:04:12.900Z</time></trkpt>
<trkpt lat="54.381055" lon="18.792090"><time>2026-05-23T09:04:14.900Z</time></trkpt>
<trkpt lat="54.381067" lon="18.792101"><time>2026-05-23T09:04:16.900Z</time></trkpt>
<trkpt lat="54.381079" lon="18.792103"><time>2026-05-23T09:04:18.900Z</time></trkpt>
<trkpt lat="54.381096" lon="18.792105"><time>2026-05-23T09:04:20.900Z</time></trkpt>
<trkpt lat="54.381114" lon="18.792104"><time>2026-05-23T09:04:22.900Z</time></trkpt>
<trkpt lat="54.381136" lon="18.792096"><time>2026-05-23T09:04:24.900Z</time></trkpt>
<trkpt lat="54.381150" lon="18.792088"><time>2026-05-23T09:04:26.900Z</time></trkpt>
<trkpt lat="54.381167" lon="18.792082"><time>2026-05-23T09:04:28.900Z</time></trkpt>
<trkpt lat="54.381182" lon="18.792075"><time>2026-05-23T09:04:30.900Z</time></trkpt>
<trkpt lat="54.381199" lon="18.792075"><time>2026-05-23T09:04:32.900Z</time></trkpt>
<trkpt lat="54.381217" lon="18.792073"><time>2026-05-23T09:04:34.900Z</time></trkpt>
<trkpt lat="54.381235" lon="18.792077"><time>2026-05-23T09:04:36.900Z</time></trkpt>
<trkpt lat="54.381236" lon="18.792087"><time>2026-05-23T09:04:38.900Z</time></trkpt>
<trkpt lat="54.381253" lon="18.792086"><time>2026-05-23T09:04:40.900Z</time></trkpt>
<trkpt lat="54.381272" lon="18.792085"><time>2026-05-23T09:04:42.900Z</time></trkpt>
<trkpt lat="54.381288" lon="18.792078"><time>2026-05-23T09:04:44.900Z</time></trkpt>
<trkpt lat="54.381305" lon="18.792086"><time>2026-05-23T09:04:46.900Z</time></trkpt>
<trkpt lat="54.381326" lon="18.792092"><time>2026-05-23T09:04:48.900Z</time></trkpt>
<trkpt lat="54.381350" lon="18.792100"><time>2026-05-23T09:04:50.900Z</time></trkpt>
<trkpt lat="54.381373" lon="18.792105"><time>2026-05-23T09:04:52.900Z</time></trkpt>
<trkpt lat="54.381398" lon="18.792110"><time>2026-05-23T09:04:54.900Z</time></trkpt>
<trkpt lat="54.381424" lon="18.792116"><time>2026-05-23T09:04:56.900Z</time></trkpt>
<trkpt lat="54.381455" lon="18.792123"><time>2026-05-23T09:04:58.900Z</time></trkpt>
<trkpt lat="54.381483" lon="18.792130"><time>2026-05-23T09:05:00.900Z</time></trkpt>
<trkpt lat="54.381509" lon="18.792138"><time>2026-05-23T09:05:02.900Z</time></trkpt>
<trkpt lat="54.381537" lon="18.792145"><time>2026-05-23T09:05:04.900Z</time></trkpt>
<trkpt lat="54.381566" lon="18.792154"><time>2026-05-23T09:05:06.900Z</time></trkpt>
<trkpt lat="54.381592" lon="18.792165"><time>2026-05-23T09:05:08.900Z</time></trkpt>
<trkpt lat="54.381618" lon="18.792175"><time>2026-05-23T09:05:10.900Z</time></trkpt>
<trkpt lat="54.381647" lon="18.792186"><time>2026-05-23T09:05:12.900Z</time></trkpt>
<trkpt lat="54.381675" lon="18.792198"><time>2026-05-23T09:05:14.900Z</time></trkpt>
<trkpt lat="54.381702" lon="18.792211"><time>2026-05-23T09:05:16.900Z</time></trkpt>
<trkpt lat="54.381728" lon="18.792225"><time>2026-05-23T09:05:18.900Z</time></trkpt>
<trkpt lat="54.381755" lon="18.792239"><time>2026-05-23T09:05:20.900Z</time></trkpt>
<trkpt lat="54.381784" lon="18.792255"><time>2026-05-23T09:05:22.900Z</time></trkpt>
<trkpt lat="54.381812" lon="18.792271"><time>2026-05-23T09:05:24.900Z</time></trkpt>
<trkpt lat="54.381839" lon="18.792287"><time>2026-05-23T09:05:26.900Z</time></trkpt>
<trkpt lat="54.381869" lon="18.792304"><time>2026-05-23T09:05:28.900Z</time></trkpt>
<trkpt lat="54.381898" lon="18.792321"><time>2026-05-23T09:05:30.900Z</time></trkpt>
<trkpt lat="54.381925" lon="18.792334"><time>2026-05-23T09:05:32.900Z</time></trkpt>
<trkpt lat="54.381950" lon="18.792352"><time>2026-05-23T09:05:34.900Z</time></trkpt>
<trkpt lat="54.381976" lon="18.792364"><time>2026-05-23T09:05:36.900Z</time></trkpt>
<trkpt lat="54.382000" lon="18.792381"><time>2026-05-23T09:05:38.900Z</time></trkpt>
<trkpt lat="54.382026" lon="18.792402"><time>2026-05-23T09:05:40.900Z</time></trkpt>
<trkpt lat="54.382053" lon="18.792418"><time>2026-05-23T09:05:42.900Z</time></trkpt>
<trkpt lat="54.382078" lon="18.792436"><time>2026-05-23T09:05:44.900Z</time></trkpt>
<trkpt lat="54.382104" lon="18.792453"><time>2026-05-23T09:05:46.900Z</time></trkpt>
<trkpt lat="54.382129" lon="18.792465"><time>2026-05-23T09:05:48.900Z</time></trkpt>
<trkpt lat="54.382154" lon="18.792474"><time>2026-05-23T09:05:50.900Z</time></trkpt>
<trkpt lat="54.382181" lon="18.792508"><time>2026-05-23T09:05:52.900Z</time></trkpt>
<trkpt lat="54.382212" lon="18.792521"><time>2026-05-23T09:05:54.900Z</time></trkpt>
<trkpt lat="54.382240" lon="18.792534"><time>2026-05-23T09:05:56.900Z</time></trkpt>
<trkpt lat="54.382264" lon="18.792538"><time>2026-05-23T09:05:58.900Z</time></trkpt>
<trkpt lat="54.382293" lon="18.792541"><time>2026-05-23T09:06:00.900Z</time></trkpt>
<trkpt lat="54.382325" lon="18.792545"><time>2026-05-23T09:06:02.900Z</time></trkpt>
<trkpt lat="54.382356" lon="18.792552"><time>2026-05-23T09:06:04.900Z</time></trkpt>
<trkpt lat="54.382385" lon="18.792571"><time>2026-05-23T09:06:06.900Z</time></trkpt>
<trkpt lat="54.382409" lon="18.792592"><time>2026-05-23T09:06:08.900Z</time></trkpt>
<trkpt lat="54.382438" lon="18.792610"><time>2026-05-23T09:06:10.900Z</time></trkpt>
<trkpt lat="54.382467" lon="18.792622"><time>2026-05-23T09:06:12.900Z</time></trkpt>
<trkpt lat="54.382499" lon="18.792629"><time>2026-05-23T09:06:14.900Z</time></trkpt>
<trkpt lat="54.382526" lon="18.792648"><time>2026-05-23T09:06:16.900Z</time></trkpt>
<trkpt lat="54.382553" lon="18.792665"><time>2026-05-23T09:06:18.900Z</time></trkpt>
<trkpt lat="54.382581" lon="18.792681"><time>2026-05-23T09:06:20.900Z</time></trkpt>
<trkpt lat="54.382616" lon="18.792678"><time>2026-05-23T09:06:22.900Z</time></trkpt>
<trkpt lat="54.382653" lon="18.792675"><time>2026-05-23T09:06:24.900Z</time></trkpt>
<trkpt lat="54.382690" lon="18.792667"><time>2026-05-23T09:06:26.900Z</time></trkpt>
<trkpt lat="54.382726" lon="18.792666"><time>2026-05-23T09:06:28.900Z</time></trkpt>
<trkpt lat="54.382750" lon="18.792699"><time>2026-05-23T09:06:30.900Z</time></trkpt>
<trkpt lat="54.382778" lon="18.792724"><time>2026-05-23T09:06:32.900Z</time></trkpt>
<trkpt lat="54.382806" lon="18.792751"><time>2026-05-23T09:06:34.900Z</time></trkpt>
<trkpt lat="54.382833" lon="18.792780"><time>2026-05-23T09:06:36.900Z</time></trkpt>
<trkpt lat="54.382865" lon="18.792800"><time>2026-05-23T09:06:38.900Z</time></trkpt>
<trkpt lat="54.382896" lon="18.792820"><time>2026-05-23T09:06:40.900Z</time></trkpt>
<trkpt lat="54.382926" lon="18.792838"><time>2026-05-23T09:06:42.900Z</time></trkpt>
<trkpt lat="54.382957" lon="18.792854"><time>2026-05-23T09:06:44.900Z</time></trkpt>
<trkpt lat="54.382988" lon="18.792869"><time>2026-05-23T09:06:46.900Z</time></trkpt>
<trkpt lat="54.383018" lon="18.792885"><time>2026-05-23T09:06:48.900Z</time></trkpt>
<trkpt lat="54.383045" lon="18.792897"><time>2026-05-23T09:06:50.900Z</time></trkpt>
<trkpt lat="54.383072" lon="18.792922"><time>2026-05-23T09:06:52.900Z</time></trkpt>
<trkpt lat="54.383102" lon="18.792937"><time>2026-05-23T09:06:54.900Z</time></trkpt>
<trkpt lat="54.383131" lon="18.792966"><time>2026-05-23T09:06:56.900Z</time></trkpt>
<trkpt lat="54.383162" lon="18.792985"><time>2026-05-23T09:06:58.900Z</time></trkpt>
<trkpt lat="54.383196" lon="18.793008"><time>2026-05-23T09:07:00.900Z</time></trkpt>
<trkpt lat="54.383231" lon="18.793028"><time>2026-05-23T09:07:02.900Z</time></trkpt>
<trkpt lat="54.383260" lon="18.793063"><time>2026-05-23T09:07:04.900Z</time></trkpt>
<trkpt lat="54.383293" lon="18.793082"><time>2026-05-23T09:07:06.900Z</time></trkpt>
<trkpt lat="54.383323" lon="18.793103"><time>2026-05-23T09:07:08.900Z</time></trkpt>
<trkpt lat="54.383357" lon="18.793131"><time>2026-05-23T09:07:10.900Z</time></trkpt>
<trkpt lat="54.383385" lon="18.793183"><time>2026-05-23T09:07:12.900Z</time></trkpt>
<trkpt lat="54.383414" lon="18.793215"><time>2026-05-23T09:07:14.900Z</time></trkpt>
<trkpt lat="54.383444" lon="18.793238"><time>2026-05-23T09:07:16.900Z</time></trkpt>
<trkpt lat="54.383474" lon="18.793265"><time>2026-05-23T09:07:18.900Z</time></trkpt>
<trkpt lat="54.383499" lon="18.793291"><time>2026-05-23T09:07:20.900Z</time></trkpt>
<trkpt lat="54.383528" lon="18.793322"><time>2026-05-23T09:07:22.900Z</time></trkpt>
<trkpt lat="54.383563" lon="18.793360"><time>2026-05-23T09:07:24.900Z</time></trkpt>
<trkpt lat="54.383596" lon="18.793391"><time>2026-05-23T09:07:26.900Z</time></trkpt>
<trkpt lat="54.383630" lon="18.793421"><time>2026-05-23T09:07:28.900Z</time></trkpt>
<trkpt lat="54.383662" lon="18.793450"><time>2026-05-23T09:07:30.900Z</time></trkpt>
<trkpt lat="54.383697" lon="18.793480"><time>2026-05-23T09:07:32.900Z</time></trkpt>
<trkpt lat="54.383735" lon="18.793498"><time>2026-05-23T09:07:34.900Z</time></trkpt>
<trkpt lat="54.383769" lon="18.793519"><time>2026-05-23T09:07:36.900Z</time></trkpt>
<trkpt lat="54.383798" lon="18.793553"><time>2026-05-23T09:07:38.900Z</time></trkpt>
<trkpt lat="54.383830" lon="18.793585"><time>2026-05-23T09:07:40.900Z</time></trkpt>
<trkpt lat="54.383850" lon="18.793614"><time>2026-05-23T09:07:42.900Z</time></trkpt>
<trkpt lat="54.383882" lon="18.793656"><time>2026-05-23T09:07:44.900Z</time></trkpt>
<trkpt lat="54.383917" lon="18.793686"><time>2026-05-23T09:07:46.900Z</time></trkpt>
<trkpt lat="54.383949" lon="18.793710"><time>2026-05-23T09:07:48.900Z</time></trkpt>
<trkpt lat="54.383981" lon="18.793728"><time>2026-05-23T09:07:50.900Z</time></trkpt>
<trkpt lat="54.384011" lon="18.793749"><time>2026-05-23T09:07:52.900Z</time></trkpt>
<trkpt lat="54.384040" lon="18.793772"><time>2026-05-23T09:07:54.900Z</time></trkpt>
<trkpt lat="54.384069" lon="18.793796"><time>2026-05-23T09:07:56.900Z</time></trkpt>
<trkpt lat="54.384100" lon="18.793819"><time>2026-05-23T09:07:58.900Z</time></trkpt>
<trkpt lat="54.384129" lon="18.793834"><time>2026-05-23T09:08:00.900Z</time></trkpt>
<trkpt lat="54.384161" lon="18.793863"><time>2026-05-23T09:08:02.900Z</time></trkpt>
<trkpt lat="54.384193" lon="18.793891"><time>2026-05-23T09:08:04.900Z</time></trkpt>
<trkpt lat="54.384224" lon="18.793921"><time>2026-05-23T09:08:06.900Z</time></trkpt>
<trkpt lat="54.384258" lon="18.793949"><time>2026-05-23T09:08:08.900Z</time></trkpt>
<trkpt lat="54.384278" lon="18.793970"><time>2026-05-23T09:08:10.900Z</time></trkpt>
<trkpt lat="54.384284" lon="18.793956"><time>2026-05-23T09:08:12.900Z</time></trkpt>
<trkpt lat="54.384297" lon="18.793967"><time>2026-05-23T09:08:14.900Z</time></trkpt>
<trkpt lat="54.384317" lon="18.793975"><time>2026-05-23T09:08:16.900Z</time></trkpt>
<trkpt lat="54.384331" lon="18.793977"><time>2026-05-23T09:08:18.900Z</time></trkpt>
<trkpt lat="54.384353" lon="18.793992"><time>2026-05-23T09:08:20.900Z</time></trkpt>
<trkpt lat="54.384377" lon="18.794009"><time>2026-05-23T09:08:22.900Z</time></trkpt>
<trkpt lat="54.384402" lon="18.794031"><time>2026-05-23T09:08:24.900Z</time></trkpt>
<trkpt lat="54.384427" lon="18.794054"><time>2026-05-23T09:08:26.900Z</time></trkpt>
<trkpt lat="54.384451" lon="18.794075"><time>2026-05-23T09:08:28.900Z</time></trkpt>
<trkpt lat="54.384478" lon="18.794099"><time>2026-05-23T09:08:30.900Z</time></trkpt>
<trkpt lat="54.384502" lon="18.794124"><time>2026-05-23T09:08:32.900Z</time></trkpt>
<trkpt lat="54.384523" lon="18.794145"><time>2026-05-23T09:08:34.900Z</time></trkpt>
<trkpt lat="54.384548" lon="18.794169"><time>2026-05-23T09:08:36.900Z</time></trkpt>
<trkpt lat="54.384572" lon="18.794188"><time>2026-05-23T09:08:38.900Z</time></trkpt>
<trkpt lat="54.384598" lon="18.794210"><time>2026-05-23T09:08:40.900Z</time></trkpt>
<trkpt lat="54.384619" lon="18.794230"><time>2026-05-23T09:08:42.900Z</time></trkpt>
<trkpt lat="54.384640" lon="18.794250"><time>2026-05-23T09:08:44.900Z</time></trkpt>
<trkpt lat="54.384661" lon="18.794270"><time>2026-05-23T09:08:46.900Z</time></trkpt>
<trkpt lat="54.384685" lon="18.794290"><time>2026-05-23T09:08:48.900Z</time></trkpt>
<trkpt lat="54.384705" lon="18.794306"><time>2026-05-23T09:08:50.900Z</time></trkpt>
<trkpt lat="54.384727" lon="18.794322"><time>2026-05-23T09:08:52.900Z</time></trkpt>
<trkpt lat="54.384748" lon="18.794340"><time>2026-05-23T09:08:54.900Z</time></trkpt>
<trkpt lat="54.384769" lon="18.794359"><time>2026-05-23T09:08:56.900Z</time></trkpt>
<trkpt lat="54.384791" lon="18.794376"><time>2026-05-23T09:08:58.900Z</time></trkpt>
<trkpt lat="54.384812" lon="18.794394"><time>2026-05-23T09:09:00.900Z</time></trkpt>
<trkpt lat="54.384834" lon="18.794411"><time>2026-05-23T09:09:02.900Z</time></trkpt>
<trkpt lat="54.384857" lon="18.794428"><time>2026-05-23T09:09:04.900Z</time></trkpt>
<trkpt lat="54.384880" lon="18.794443"><time>2026-05-23T09:09:06.900Z</time></trkpt>
<trkpt lat="54.384903" lon="18.794458"><time>2026-05-23T09:09:08.900Z</time></trkpt>
<trkpt lat="54.384927" lon="18.794474"><time>2026-05-23T09:09:10.900Z</time></trkpt>
<trkpt lat="54.384950" lon="18.794490"><time>2026-05-23T09:09:12.900Z</time></trkpt>
<trkpt lat="54.384973" lon="18.794507"><time>2026-05-23T09:09:14.900Z</time></trkpt>
<trkpt lat="54.384997" lon="18.794524"><time>2026-05-23T09:09:16.900Z</time></trkpt>
<trkpt lat="54.385021" lon="18.794542"><time>2026-05-23T09:09:18.900Z</time></trkpt>
<trkpt lat="54.385045" lon="18.794561"><time>2026-05-23T09:09:20.900Z</time></trkpt>
<trkpt lat="54.385069" lon="18.794579"><time>2026-05-23T09:09:22.900Z</time></trkpt>
<trkpt lat="54.385093" lon="18.794596"><time>2026-05-23T09:09:24.900Z</time></trkpt>
<trkpt lat="54.385118" lon="18.794615"><time>2026-05-23T09:09:26.900Z</time></trkpt>
<trkpt lat="54.385143" lon="18.794640"><time>2026-05-23T09:09:28.900Z</time></trkpt>
<trkpt lat="54.385165" lon="18.794663"><time>2026-05-23T09:09:30.900Z</time></trkpt>
<trkpt lat="54.385190" lon="18.794687"><time>2026-05-23T09:09:32.900Z</time></trkpt>
<trkpt lat="54.385213" lon="18.794705"><time>2026-05-23T09:09:34.900Z</time></trkpt>
<trkpt lat="54.385239" lon="18.794722"><time>2026-05-23T09:09:36.900Z</time></trkpt>
<trkpt lat="54.385265" lon="18.794743"><time>2026-05-23T09:09:38.900Z</time></trkpt>
<trkpt lat="54.385290" lon="18.794763"><time>2026-05-23T09:09:40.900Z</time></trkpt>
<trkpt lat="54.385314" lon="18.794783"><time>2026-05-23T09:09:42.900Z</time></trkpt>
<trkpt lat="54.385339" lon="18.794803"><time>2026-05-23T09:09:44.900Z</time></trkpt>
<trkpt lat="54.385363" lon="18.794823"><time>2026-05-23T09:09:46.900Z</time></trkpt>
<trkpt lat="54.385389" lon="18.794840"><time>2026-05-23T09:09:48.900Z</time></trkpt>
<trkpt lat="54.385413" lon="18.794859"><time>2026-05-23T09:09:50.900Z</time></trkpt>
<trkpt lat="54.385438" lon="18.794876"><time>2026-05-23T09:09:52.900Z</time></trkpt>
<trkpt lat="54.385462" lon="18.794896"><time>2026-05-23T09:09:54.900Z</time></trkpt>
<trkpt lat="54.385489" lon="18.794916"><time>2026-05-23T09:09:56.900Z</time></trkpt>
<trkpt lat="54.385515" lon="18.794937"><time>2026-05-23T09:09:58.900Z</time></trkpt>
<trkpt lat="54.385537" lon="18.794958"><time>2026-05-23T09:10:00.900Z</time></trkpt>
<trkpt lat="54.385562" lon="18.794977"><time>2026-05-23T09:10:02.900Z</time></trkpt>
<trkpt lat="54.385587" lon="18.794998"><time>2026-05-23T09:10:04.900Z</time></trkpt>
<trkpt lat="54.385613" lon="18.795021"><time>2026-05-23T09:10:06.900Z</time></trkpt>
<trkpt lat="54.385641" lon="18.795042"><time>2026-05-23T09:10:08.900Z</time></trkpt>
<trkpt lat="54.385672" lon="18.795064"><time>2026-05-23T09:10:10.900Z</time></trkpt>
<trkpt lat="54.385704" lon="18.795083"><time>2026-05-23T09:10:12.900Z</time></trkpt>
<trkpt lat="54.385730" lon="18.795105"><time>2026-05-23T09:10:14.900Z</time></trkpt>
<trkpt lat="54.385758" lon="18.795130"><time>2026-05-23T09:10:16.900Z</time></trkpt>
<trkpt lat="54.385783" lon="18.795152"><time>2026-05-23T09:10:18.900Z</time></trkpt>
<trkpt lat="54.385805" lon="18.795175"><time>2026-05-23T09:10:20.900Z</time></trkpt>
<trkpt lat="54.385829" lon="18.795198"><time>2026-05-23T09:10:22.900Z</time></trkpt>
<trkpt lat="54.385855" lon="18.795218"><time>2026-05-23T09:10:24.900Z</time></trkpt>
<trkpt lat="54.385878" lon="18.795243"><time>2026-05-23T09:10:26.900Z</time></trkpt>
<trkpt lat="54.385901" lon="18.795265"><time>2026-05-23T09:10:28.900Z</time></trkpt>
<trkpt lat="54.385920" lon="18.795288"><time>2026-05-23T09:10:30.900Z</time></trkpt>
<trkpt lat="54.385944" lon="18.795311"><time>2026-05-23T09:10:32.900Z</time></trkpt>
<trkpt lat="54.385969" lon="18.795335"><time>2026-05-23T09:10:34.900Z</time></trkpt>
<trkpt lat="54.385993" lon="18.795358"><time>2026-05-23T09:10:36.900Z</time></trkpt>
<trkpt lat="54.386019" lon="18.795383"><time>2026-05-23T09:10:38.900Z</time></trkpt>
<trkpt lat="54.386044" lon="18.795407"><time>2026-05-23T09:10:40.900Z</time></trkpt>
<trkpt lat="54.386069" lon="18.795430"><time>2026-05-23T09:10:42.900Z</time></trkpt>
<trkpt lat="54.386093" lon="18.795453"><time>2026-05-23T09:10:44.900Z</time></trkpt>
<trkpt lat="54.386118" lon="18.795475"><time>2026-05-23T09:10:46.900Z</time></trkpt>
<trkpt lat="54.386142" lon="18.795497"><time>2026-05-23T09:10:48.900Z</time></trkpt>
<trkpt lat="54.386167" lon="18.795519"><time>2026-05-23T09:10:50.900Z</time></trkpt>
<trkpt lat="54.386192" lon="18.795542"><time>2026-05-23T09:10:52.900Z</time></trkpt>
<trkpt lat="54.386216" lon="18.795565"><time>2026-05-23T09:10:54.900Z</time></trkpt>
<trkpt lat="54.386240" lon="18.795586"><time>2026-05-23T09:10:56.900Z</time></trkpt>
<trkpt lat="54.386265" lon="18.795609"><time>2026-05-23T09:10:58.900Z</time></trkpt>
<trkpt lat="54.386278" lon="18.795620"><time>2026-05-23T09:11:00.000Z</time></trkpt>
<trkpt lat="54.386303" lon="18.795642"><time>2026-05-23T09:11:02.000Z</time></trkpt>
<trkpt lat="54.386328" lon="18.795664"><time>2026-05-23T09:11:04.000Z</time></trkpt>
<trkpt lat="54.386353" lon="18.795686"><time>2026-05-23T09:11:06.000Z</time></trkpt>
<trkpt lat="54.386379" lon="18.795708"><time>2026-05-23T09:11:08.000Z</time></trkpt>
<trkpt lat="54.386405" lon="18.795730"><time>2026-05-23T09:11:10.000Z</time></trkpt>
<trkpt lat="54.386430" lon="18.795753"><time>2026-05-23T09:11:12.000Z</time></trkpt>
<trkpt lat="54.386456" lon="18.795776"><time>2026-05-23T09:11:14.000Z</time></trkpt>
<trkpt lat="54.386482" lon="18.795799"><time>2026-05-23T09:11:16.000Z</time></trkpt>
<trkpt lat="54.386521" lon="18.795834"><time>2026-05-23T09:11:18.900Z</time></trkpt>
<trkpt lat="54.386547" lon="18.795857"><time>2026-05-23T09:11:20.900Z</time></trkpt>
<trkpt lat="54.386572" lon="18.795881"><time>2026-05-23T09:11:22.900Z</time></trkpt>
<trkpt lat="54.386598" lon="18.795905"><time>2026-05-23T09:11:24.900Z</time></trkpt>
<trkpt lat="54.386624" lon="18.795929"><time>2026-05-23T09:11:26.900Z</time></trkpt>
<trkpt lat="54.386649" lon="18.795955"><time>2026-05-23T09:11:28.900Z</time></trkpt>
<trkpt lat="54.386673" lon="18.795980"><time>2026-05-23T09:11:30.900Z</time></trkpt>
<trkpt lat="54.386698" lon="18.796006"><time>2026-05-23T09:11:32.900Z</time></trkpt>
<trkpt lat="54.386722" lon="18.796032"><time>2026-05-23T09:11:34.900Z</time></trkpt>
<trkpt lat="54.386746" lon="18.796058"><time>2026-05-23T09:11:36.900Z</time></trkpt>
<trkpt lat="54.386770" lon="18.796084"><time>2026-05-23T09:11:38.900Z</time></trkpt>
<trkpt lat="54.386794" lon="18.796110"><time>2026-05-23T09:11:40.900Z</time></trkpt>
<trkpt lat="54.386818" lon="18.796135"><time>2026-05-23T09:11:42.900Z</time></trkpt>
<trkpt lat="54.386841" lon="18.796161"><time>2026-05-23T09:11:44.900Z</time></trkpt>
<trkpt lat="54.386865" lon="18.796187"><time>2026-05-23T09:11:46.900Z</time></trkpt>
<trkpt lat="54.386889" lon="18.796211"><time>2026-05-23T09:11:48.900Z</time></trkpt>
<trkpt lat="54.386913" lon="18.796236"><time>2026-05-23T09:11:50.900Z</time></trkpt>
<trkpt lat="54.386937" lon="18.796259"><time>2026-05-23T09:11:52.900Z</time></trkpt>
<trkpt lat="54.386961" lon="18.796282"><time>2026-05-23T09:11:54.900Z</time></trkpt>
<trkpt lat="54.386985" lon="18.796305"><time>2026-05-23T09:11:56.900Z</time></trkpt>
<trkpt lat="54.387010" lon="18.796328"><time>2026-05-23T09:11:58.900Z</time></trkpt>
<trkpt lat="54.387035" lon="18.796350"><time>2026-05-23T09:12:00.900Z</time></trkpt>
<trkpt lat="54.387059" lon="18.796373"><time>2026-05-23T09:12:02.900Z</time></trkpt>
<trkpt lat="54.387084" lon="18.796395"><time>2026-05-23T09:12:04.900Z</time></trkpt>
<trkpt lat="54.387110" lon="18.796417"><time>2026-05-23T09:12:06.900Z</time></trkpt>
<trkpt lat="54.387135" lon="18.796440"><time>2026-05-23T09:12:08.900Z</time></trkpt>
<trkpt lat="54.387161" lon="18.796463"><time>2026-05-23T09:12:10.900Z</time></trkpt>
<trkpt lat="54.387186" lon="18.796487"><time>2026-05-23T09:12:12.900Z</time></trkpt>
<trkpt lat="54.387212" lon="18.796510"><time>2026-05-23T09:12:14.900Z</time></trkpt>
<trkpt lat="54.387238" lon="18.796534"><time>2026-05-23T09:12:16.900Z</time></trkpt>
<trkpt lat="54.387264" lon="18.796559"><time>2026-05-23T09:12:18.900Z</time></trkpt>
<trkpt lat="54.387290" lon="18.796584"><time>2026-05-23T09:12:20.900Z</time></trkpt>
<trkpt lat="54.387315" lon="18.796610"><time>2026-05-23T09:12:22.900Z</time></trkpt>
<trkpt lat="54.387339" lon="18.796635"><time>2026-05-23T09:12:24.900Z</time></trkpt>
<trkpt lat="54.387363" lon="18.796660"><time>2026-05-23T09:12:26.900Z</time></trkpt>
<trkpt lat="54.387384" lon="18.796686"><time>2026-05-23T09:12:28.900Z</time></trkpt>
<trkpt lat="54.387408" lon="18.796713"><time>2026-05-23T09:12:30.900Z</time></trkpt>
<trkpt lat="54.387431" lon="18.796739"><time>2026-05-23T09:12:32.900Z</time></trkpt>
<trkpt lat="54.387457" lon="18.796766"><time>2026-05-23T09:12:34.900Z</time></trkpt>
<trkpt lat="54.387476" lon="18.796791"><time>2026-05-23T09:12:36.900Z</time></trkpt>
<trkpt lat="54.387498" lon="18.796817"><time>2026-05-23T09:12:38.900Z</time></trkpt>
<trkpt lat="54.387520" lon="18.796845"><time>2026-05-23T09:12:40.900Z</time></trkpt>
<trkpt lat="54.387545" lon="18.796872"><time>2026-05-23T09:12:42.900Z</time></trkpt>
<trkpt lat="54.387568" lon="18.796900"><time>2026-05-23T09:12:44.900Z</time></trkpt>
<trkpt lat="54.387592" lon="18.796929"><time>2026-05-23T09:12:46.900Z</time></trkpt>
<trkpt lat="54.387615" lon="18.796955"><time>2026-05-23T09:12:48.900Z</time></trkpt>
<trkpt lat="54.387639" lon="18.796981"><time>2026-05-23T09:12:50.900Z</time></trkpt>
<trkpt lat="54.387659" lon="18.797007"><time>2026-05-23T09:12:52.900Z</time></trkpt>
<trkpt lat="54.387681" lon="18.797031"><time>2026-05-23T09:12:54.900Z</time></trkpt>
<trkpt lat="54.387704" lon="18.797055"><time>2026-05-23T09:12:56.900Z</time></trkpt>
<trkpt lat="54.387727" lon="18.797079"><time>2026-05-23T09:12:58.900Z</time></trkpt>
<trkpt lat="54.387749" lon="18.797102"><time>2026-05-23T09:13:00.900Z</time></trkpt>
<trkpt lat="54.387772" lon="18.797124"><time>2026-05-23T09:13:02.900Z</time></trkpt>
<trkpt lat="54.387795" lon="18.797146"><time>2026-05-23T09:13:05.000Z</time></trkpt>
<trkpt lat="54.387806" lon="18.797157"><time>2026-05-23T09:13:06.000Z</time></trkpt>
<trkpt lat="54.387829" lon="18.797179"><time>2026-05-23T09:13:08.000Z</time></trkpt>
<trkpt lat="54.387853" lon="18.797199"><time>2026-05-23T09:13:10.000Z</time></trkpt>
<trkpt lat="54.387877" lon="18.797219"><time>2026-05-23T09:13:12.000Z</time></trkpt>
<trkpt lat="54.387902" lon="18.797240"><time>2026-05-23T09:13:14.000Z</time></trkpt>
<trkpt lat="54.387925" lon="18.797262"><time>2026-05-23T09:13:16.000Z</time></trkpt>
<trkpt lat="54.387948" lon="18.797285"><time>2026-05-23T09:13:18.000Z</time></trkpt>
<trkpt lat="54.387971" lon="18.797308"><time>2026-05-23T09:13:20.000Z</time></trkpt>
<trkpt lat="54.387993" lon="18.797332"><time>2026-05-23T09:13:22.000Z</time></trkpt>
<trkpt lat="54.388015" lon="18.797355"><time>2026-05-23T09:13:24.000Z</time></trkpt>
<trkpt lat="54.388049" lon="18.797390"><time>2026-05-23T09:13:26.900Z</time></trkpt>
<trkpt lat="54.388072" lon="18.797414"><time>2026-05-23T09:13:28.900Z</time></trkpt>
<trkpt lat="54.388096" lon="18.797438"><time>2026-05-23T09:13:30.900Z</time></trkpt>
<trkpt lat="54.388118" lon="18.797462"><time>2026-05-23T09:13:32.900Z</time></trkpt>
<trkpt lat="54.388141" lon="18.797486"><time>2026-05-23T09:13:34.900Z</time></trkpt>
<trkpt lat="54.388163" lon="18.797512"><time>2026-05-23T09:13:36.900Z</time></trkpt>
<trkpt lat="54.388185" lon="18.797536"><time>2026-05-23T09:13:38.900Z</time></trkpt>
<trkpt lat="54.388208" lon="18.797560"><time>2026-05-23T09:13:40.900Z</time></trkpt>
<trkpt lat="54.388229" lon="18.797585"><time>2026-05-23T09:13:42.900Z</time></trkpt>
<trkpt lat="54.388241" lon="18.797596"><time>2026-05-23T09:13:44.000Z</time></trkpt>
<trkpt lat="54.388262" lon="18.797621"><time>2026-05-23T09:13:46.000Z</time></trkpt>
<trkpt lat="54.388283" lon="18.797645"><time>2026-05-23T09:13:48.000Z</time></trkpt>
<trkpt lat="54.388302" lon="18.797668"><time>2026-05-23T09:13:50.000Z</time></trkpt>
<trkpt lat="54.388323" lon="18.797693"><time>2026-05-23T09:13:52.000Z</time></trkpt>
<trkpt lat="54.388345" lon="18.797719"><time>2026-05-23T09:13:54.000Z</time></trkpt>
<trkpt lat="54.388366" lon="18.797743"><time>2026-05-23T09:13:56.000Z</time></trkpt>
<trkpt lat="54.388387" lon="18.797768"><time>2026-05-23T09:13:58.000Z</time></trkpt>
<trkpt lat="54.388408" lon="18.797792"><time>2026-05-23T09:14:00.000Z</time></trkpt>
<trkpt lat="54.388429" lon="18.797816"><time>2026-05-23T09:14:02.000Z</time></trkpt>
<trkpt lat="54.388450" lon="18.797841"><time>2026-05-23T09:14:04.000Z</time></trkpt>
<trkpt lat="54.388471" lon="18.797865"><time>2026-05-23T09:14:06.000Z</time></trkpt>
<trkpt lat="54.388492" lon="18.797889"><time>2026-05-23T09:14:08.000Z</time></trkpt>
<trkpt lat="54.388512" lon="18.797913"><time>2026-05-23T09:14:10.000Z</time></trkpt>
<trkpt lat="54.388531" lon="18.797935"><time>2026-05-23T09:14:12.000Z</time></trkpt>
<trkpt lat="54.388551" lon="18.797958"><time>2026-05-23T09:14:14.000Z</time></trkpt>
<trkpt lat="54.388571" lon="18.797981"><time>2026-05-23T09:14:16.000Z</time></trkpt>
<trkpt lat="54.388590" lon="18.798003"><time>2026-05-23T09:14:18.000Z</time></trkpt>
<trkpt lat="54.388611" lon="18.798025"><time>2026-05-23T09:14:20.000Z</time></trkpt>
<trkpt lat="54.388643" lon="18.798056"><time>2026-05-23T09:14:22.900Z</time></trkpt>
<trkpt lat="54.388664" lon="18.798076"><time>2026-05-23T09:14:24.900Z</time></trkpt>
<trkpt lat="54.388685" lon="18.798098"><time>2026-05-23T09:14:26.900Z</time></trkpt>
<trkpt lat="54.388704" lon="18.798121"><time>2026-05-23T09:14:28.900Z</time></trkpt>
<trkpt lat="54.388723" lon="18.798143"><time>2026-05-23T09:14:30.900Z</time></trkpt>
<trkpt lat="54.388742" lon="18.798165"><time>2026-05-23T09:14:32.900Z</time></trkpt>
<trkpt lat="54.388760" lon="18.798187"><time>2026-05-23T09:14:34.900Z</time></trkpt>
<trkpt lat="54.388776" lon="18.798205"><time>2026-05-23T09:14:36.900Z</time></trkpt>
<trkpt lat="54.388791" lon="18.798224"><time>2026-05-23T09:14:38.900Z</time></trkpt>
<trkpt lat="54.388809" lon="18.798246"><time>2026-05-23T09:14:40.900Z</time></trkpt>
<trkpt lat="54.388828" lon="18.798267"><time>2026-05-23T09:14:42.900Z</time></trkpt>
<trkpt lat="54.388847" lon="18.798288"><time>2026-05-23T09:14:44.900Z</time></trkpt>
<trkpt lat="54.388869" lon="18.798310"><time>2026-05-23T09:14:46.900Z</time></trkpt>
<trkpt lat="54.388890" lon="18.798332"><time>2026-05-23T09:14:48.900Z</time></trkpt>
<trkpt lat="54.388911" lon="18.798353"><time>2026-05-23T09:14:50.900Z</time></trkpt>
<trkpt lat="54.388932" lon="18.798374"><time>2026-05-23T09:14:52.900Z</time></trkpt>
<trkpt lat="54.388954" lon="18.798392"><time>2026-05-23T09:14:54.900Z</time></trkpt>
<trkpt lat="54.388976" lon="18.798415"><time>2026-05-23T09:14:56.900Z</time></trkpt>
<trkpt lat="54.388999" lon="18.798437"><time>2026-05-23T09:14:58.900Z</time></trkpt>
<trkpt lat="54.389021" lon="18.798458"><time>2026-05-23T09:15:00.900Z</time></trkpt>
<trkpt lat="54.389044" lon="18.798479"><time>2026-05-23T09:15:02.900Z</time></trkpt>
<trkpt lat="54.389067" lon="18.798500"><time>2026-05-23T09:15:04.900Z</time></trkpt>
<trkpt lat="54.389090" lon="18.798520"><time>2026-05-23T09:15:06.900Z</time></trkpt>
<trkpt lat="54.389113" lon="18.798540"><time>2026-05-23T09:15:08.900Z</time></trkpt>
<trkpt lat="54.389125" lon="18.798550"><time>2026-05-23T09:15:10.000Z</time></trkpt>
<trkpt lat="54.389150" lon="18.798567"><time>2026-05-23T09:15:12.000Z</time></trkpt>
<trkpt lat="54.389174" lon="18.798586"><time>2026-05-23T09:15:14.000Z</time></trkpt>
<trkpt lat="54.389198" lon="18.798608"><time>2026-05-23T09:15:16.000Z</time></trkpt>
<trkpt lat="54.389220" lon="18.798630"><time>2026-05-23T09:15:18.000Z</time></trkpt>
<trkpt lat="54.389242" lon="18.798655"><time>2026-05-23T09:15:20.000Z</time></trkpt>
<trkpt lat="54.389265" lon="18.798678"><time>2026-05-23T09:15:22.000Z</time></trkpt>
<trkpt lat="54.389291" lon="18.798703"><time>2026-05-23T09:15:24.000Z</time></trkpt>
<trkpt lat="54.389314" lon="18.798725"><time>2026-05-23T09:15:26.000Z</time></trkpt>
<trkpt lat="54.389336" lon="18.798744"><time>2026-05-23T09:15:28.000Z</time></trkpt>
<trkpt lat="54.389359" lon="18.798763"><time>2026-05-23T09:15:30.000Z</time></trkpt>
<trkpt lat="54.389382" lon="18.798782"><time>2026-05-23T09:15:32.000Z</time></trkpt>
<trkpt lat="54.389406" lon="18.798802"><time>2026-05-23T09:15:34.000Z</time></trkpt>
<trkpt lat="54.389430" lon="18.798821"><time>2026-05-23T09:15:36.000Z</time></trkpt>
<trkpt lat="54.389455" lon="18.798843"><time>2026-05-23T09:15:38.000Z</time></trkpt>
<trkpt lat="54.389479" lon="18.798864"><time>2026-05-23T09:15:40.000Z</time></trkpt>
<trkpt lat="54.389503" lon="18.798884"><time>2026-05-23T09:15:42.000Z</time></trkpt>
<trkpt lat="54.389528" lon="18.798904"><time>2026-05-23T09:15:44.000Z</time></trkpt>
<trkpt lat="54.389553" lon="18.798923"><time>2026-05-23T09:15:46.000Z</time></trkpt>
<trkpt lat="54.389578" lon="18.798943"><time>2026-05-23T09:15:48.000Z</time></trkpt>
<trkpt lat="54.389603" lon="18.798963"><time>2026-05-23T09:15:50.000Z</time></trkpt>
<trkpt lat="54.389629" lon="18.798984"><time>2026-05-23T09:15:52.000Z</time></trkpt>
<trkpt lat="54.389654" lon="18.799004"><time>2026-05-23T09:15:54.000Z</time></trkpt>
<trkpt lat="54.389679" lon="18.799024"><time>2026-05-23T09:15:56.000Z</time></trkpt>
<trkpt lat="54.389703" lon="18.799046"><time>2026-05-23T09:15:58.000Z</time></trkpt>
<trkpt lat="54.389727" lon="18.799068"><time>2026-05-23T09:16:00.000Z</time></trkpt>
<trkpt lat="54.389752" lon="18.799089"><time>2026-05-23T09:16:02.000Z</time></trkpt>
<trkpt lat="54.389776" lon="18.799109"><time>2026-05-23T09:16:04.000Z</time></trkpt>
<trkpt lat="54.389801" lon="18.799132"><time>2026-05-23T09:16:06.000Z</time></trkpt>
<trkpt lat="54.389826" lon="18.799154"><time>2026-05-23T09:16:08.000Z</time></trkpt>
<trkpt lat="54.389850" lon="18.799171"><time>2026-05-23T09:16:10.000Z</time></trkpt>
<trkpt lat="54.389876" lon="18.799194"><time>2026-05-23T09:16:12.000Z</time></trkpt>
<trkpt lat="54.389901" lon="18.799214"><time>2026-05-23T09:16:14.000Z</time></trkpt>
<trkpt lat="54.389925" lon="18.799232"><time>2026-05-23T09:16:16.000Z</time></trkpt>
<trkpt lat="54.389951" lon="18.799255"><time>2026-05-23T09:16:18.000Z</time></trkpt>
<trkpt lat="54.389976" lon="18.799274"><time>2026-05-23T09:16:20.000Z</time></trkpt>
<trkpt lat="54.390011" lon="18.799306"><time>2026-05-23T09:16:22.900Z</time></trkpt>
<trkpt lat="54.390035" lon="18.799326"><time>2026-05-23T09:16:24.900Z</time></trkpt>
<trkpt lat="54.390061" lon="18.799348"><time>2026-05-23T09:16:26.900Z</time></trkpt>
<trkpt lat="54.390085" lon="18.799367"><time>2026-05-23T09:16:28.900Z</time></trkpt>
<trkpt lat="54.390107" lon="18.799389"><time>2026-05-23T09:16:30.900Z</time></trkpt>
<trkpt lat="54.390132" lon="18.799411"><time>2026-05-23T09:16:32.900Z</time></trkpt>
<trkpt lat="54.390157" lon="18.799433"><time>2026-05-23T09:16:34.900Z</time></trkpt>
<trkpt lat="54.390182" lon="18.799458"><time>2026-05-23T09:16:36.900Z</time></trkpt>
<trkpt lat="54.390204" lon="18.799485"><time>2026-05-23T09:16:38.900Z</time></trkpt>
<trkpt lat="54.390227" lon="18.799511"><time>2026-05-23T09:16:40.900Z</time></trkpt>
<trkpt lat="54.390251" lon="18.799533"><time>2026-05-23T09:16:42.900Z</time></trkpt>
<trkpt lat="54.390274" lon="18.799554"><time>2026-05-23T09:16:44.900Z</time></trkpt>
<trkpt lat="54.390298" lon="18.799575"><time>2026-05-23T09:16:46.900Z</time></trkpt>
<trkpt lat="54.390323" lon="18.799596"><time>2026-05-23T09:16:48.900Z</time></trkpt>
<trkpt lat="54.390346" lon="18.799617"><time>2026-05-23T09:16:50.900Z</time></trkpt>
<trkpt lat="54.390369" lon="18.799637"><time>2026-05-23T09:16:52.900Z</time></trkpt>
<trkpt lat="54.390392" lon="18.799659"><time>2026-05-23T09:16:54.900Z</time></trkpt>
<trkpt lat="54.390416" lon="18.799679"><time>2026-05-23T09:16:56.900Z</time></trkpt>
<trkpt lat="54.390440" lon="18.799697"><time>2026-05-23T09:16:58.900Z</time></trkpt>
<trkpt lat="54.390462" lon="18.799716"><time>2026-05-23T09:17:00.900Z</time></trkpt>
<trkpt lat="54.390483" lon="18.799732"><time>2026-05-23T09:17:02.900Z</time></trkpt>
<trkpt lat="54.390509" lon="18.799752"><time>2026-05-23T09:17:04.900Z</time></trkpt>
<trkpt lat="54.390535" lon="18.799773"><time>2026-05-23T09:17:06.900Z</time></trkpt>
<trkpt lat="54.390559" lon="18.799793"><time>2026-05-23T09:17:08.900Z</time></trkpt>
<trkpt lat="54.390584" lon="18.799814"><time>2026-05-23T09:17:10.900Z</time></trkpt>
<trkpt lat="54.390607" lon="18.799832"><time>2026-05-23T09:17:12.900Z</time></trkpt>
<trkpt lat="54.390631" lon="18.799851"><time>2026-05-23T09:17:14.900Z</time></trkpt>
<trkpt lat="54.390644" lon="18.799862"><time>2026-05-23T09:17:16.000Z</time></trkpt>
<trkpt lat="54.390668" lon="18.799883"><time>2026-05-23T09:17:18.000Z</time></trkpt>
<trkpt lat="54.390693" lon="18.799904"><time>2026-05-23T09:17:20.000Z</time></trkpt>
<trkpt lat="54.390718" lon="18.799925"><time>2026-05-23T09:17:22.000Z</time></trkpt>
<trkpt lat="54.390744" lon="18.799945"><time>2026-05-23T09:17:24.000Z</time></trkpt>
<trkpt lat="54.390769" lon="18.799967"><time>2026-05-23T09:17:26.000Z</time></trkpt>
<trkpt lat="54.390794" lon="18.799986"><time>2026-05-23T09:17:28.000Z</time></trkpt>
<trkpt lat="54.390820" lon="18.800007"><time>2026-05-23T09:17:30.000Z</time></trkpt>
<trkpt lat="54.390846" lon="18.800028"><time>2026-05-23T09:17:32.000Z</time></trkpt>
<trkpt lat="54.390872" lon="18.800048"><time>2026-05-23T09:17:34.000Z</time></trkpt>
<trkpt lat="54.390898" lon="18.800068"><time>2026-05-23T09:17:36.000Z</time></trkpt>
<trkpt lat="54.390925" lon="18.800089"><time>2026-05-23T09:17:38.000Z</time></trkpt>
<trkpt lat="54.390951" lon="18.800109"><time>2026-05-23T09:17:40.000Z</time></trkpt>
<trkpt lat="54.390978" lon="18.800131"><time>2026-05-23T09:17:42.000Z</time></trkpt>
<trkpt lat="54.391004" lon="18.800152"><time>2026-05-23T09:17:44.000Z</time></trkpt>
<trkpt lat="54.391030" lon="18.800175"><time>2026-05-23T09:17:46.000Z</time></trkpt>
<trkpt lat="54.391057" lon="18.800196"><time>2026-05-23T09:17:48.000Z</time></trkpt>
<trkpt lat="54.391084" lon="18.800217"><time>2026-05-23T09:17:50.000Z</time></trkpt>
<trkpt lat="54.391110" lon="18.800239"><time>2026-05-23T09:17:52.000Z</time></trkpt>
<trkpt lat="54.391137" lon="18.800257"><time>2026-05-23T09:17:54.000Z</time></trkpt>
<trkpt lat="54.391163" lon="18.800279"><time>2026-05-23T09:17:56.000Z</time></trkpt>
<trkpt lat="54.391190" lon="18.800303"><time>2026-05-23T09:17:58.000Z</time></trkpt>
<trkpt lat="54.391216" lon="18.800325"><time>2026-05-23T09:18:00.000Z</time></trkpt>
<trkpt lat="54.391244" lon="18.800349"><time>2026-05-23T09:18:02.000Z</time></trkpt>
<trkpt lat="54.391272" lon="18.800372"><time>2026-05-23T09:18:04.000Z</time></trkpt>
<trkpt lat="54.391299" lon="18.800396"><time>2026-05-23T09:18:06.000Z</time></trkpt>
<trkpt lat="54.391324" lon="18.800421"><time>2026-05-23T09:18:08.000Z</time></trkpt>
<trkpt lat="54.391351" lon="18.800444"><time>2026-05-23T09:18:10.000Z</time></trkpt>
<trkpt lat="54.391377" lon="18.800467"><time>2026-05-23T09:18:12.000Z</time></trkpt>
<trkpt lat="54.391403" lon="18.800492"><time>2026-05-23T09:18:14.000Z</time></trkpt>
<trkpt lat="54.391429" lon="18.800516"><time>2026-05-23T09:18:16.000Z</time></trkpt>
<trkpt lat="54.391455" lon="18.800540"><time>2026-05-23T09:18:18.000Z</time></trkpt>
<trkpt lat="54.391480" lon="18.800566"><time>2026-05-23T09:18:20.000Z</time></trkpt>
<trkpt lat="54.391505" lon="18.800591"><time>2026-05-23T09:18:22.000Z</time></trkpt>
<trkpt lat="54.391530" lon="18.800615"><time>2026-05-23T09:18:24.000Z</time></trkpt>
<trkpt lat="54.391567" lon="18.800652"><time>2026-05-23T09:18:26.900Z</time></trkpt>
<trkpt lat="54.391592" lon="18.800676"><time>2026-05-23T09:18:28.900Z</time></trkpt>
<trkpt lat="54.391616" lon="18.800699"><time>2026-05-23T09:18:30.900Z</time></trkpt>
<trkpt lat="54.391641" lon="18.800721"><time>2026-05-23T09:18:32.900Z</time></trkpt>
<trkpt lat="54.391665" lon="18.800743"><time>2026-05-23T09:18:34.900Z</time></trkpt>
<trkpt lat="54.391688" lon="18.800766"><time>2026-05-23T09:18:36.900Z</time></trkpt>
<trkpt lat="54.391711" lon="18.800790"><time>2026-05-23T09:18:38.900Z</time></trkpt>
<trkpt lat="54.391735" lon="18.800814"><time>2026-05-23T09:18:40.900Z</time></trkpt>
<trkpt lat="54.391759" lon="18.800838"><time>2026-05-23T09:18:42.900Z</time></trkpt>
<trkpt lat="54.391782" lon="18.800860"><time>2026-05-23T09:18:44.900Z</time></trkpt>
<trkpt lat="54.391806" lon="18.800883"><time>2026-05-23T09:18:46.900Z</time></trkpt>
<trkpt lat="54.391828" lon="18.800905"><time>2026-05-23T09:18:48.900Z</time></trkpt>
<trkpt lat="54.391851" lon="18.800927"><time>2026-05-23T09:18:50.900Z</time></trkpt>
<trkpt lat="54.391875" lon="18.800947"><time>2026-05-23T09:18:52.900Z</time></trkpt>
<trkpt lat="54.391899" lon="18.800968"><time>2026-05-23T09:18:54.900Z</time></trkpt>
<trkpt lat="54.391924" lon="18.800990"><time>2026-05-23T09:18:56.900Z</time></trkpt>
<trkpt lat="54.391948" lon="18.801009"><time>2026-05-23T09:18:58.900Z</time></trkpt>
<trkpt lat="54.391972" lon="18.801028"><time>2026-05-23T09:19:00.900Z</time></trkpt>
<trkpt lat="54.391996" lon="18.801049"><time>2026-05-23T09:19:02.900Z</time></trkpt>
<trkpt lat="54.392020" lon="18.801069"><time>2026-05-23T09:19:04.900Z</time></trkpt>
<trkpt lat="54.392044" lon="18.801087"><time>2026-05-23T09:19:06.900Z</time></trkpt>
<trkpt lat="54.392068" lon="18.801103"><time>2026-05-23T09:19:08.900Z</time></trkpt>
<trkpt lat="54.392092" lon="18.801121"><time>2026-05-23T09:19:10.900Z</time></trkpt>
<trkpt lat="54.392115" lon="18.801140"><time>2026-05-23T09:19:12.900Z</time></trkpt>
<trkpt lat="54.392139" lon="18.801159"><time>2026-05-23T09:19:14.900Z</time></trkpt>
<trkpt lat="54.392162" lon="18.801178"><time>2026-05-23T09:19:16.900Z</time></trkpt>
<trkpt lat="54.392185" lon="18.801199"><time>2026-05-23T09:19:18.900Z</time></trkpt>
<trkpt lat="54.392207" lon="18.801219"><time>2026-05-23T09:19:20.900Z</time></trkpt>
<trkpt lat="54.392218" lon="18.801230"><time>2026-05-23T09:19:22.000Z</time></trkpt>
<trkpt lat="54.392241" lon="18.801248"><time>2026-05-23T09:19:24.000Z</time></trkpt>
<trkpt lat="54.392264" lon="18.801264"><time>2026-05-23T09:19:26.000Z</time></trkpt>
<trkpt lat="54.392287" lon="18.801280"><time>2026-05-23T09:19:28.000Z</time></trkpt>
<trkpt lat="54.392310" lon="18.801294"><time>2026-05-23T09:19:30.000Z</time></trkpt>
<trkpt lat="54.392334" lon="18.801310"><time>2026-05-23T09:19:32.000Z</time></trkpt>
<trkpt lat="54.392359" lon="18.801324"><time>2026-05-23T09:19:34.000Z</time></trkpt>
<trkpt lat="54.392383" lon="18.801338"><time>2026-05-23T09:19:36.000Z</time></trkpt>
<trkpt lat="54.392405" lon="18.801351"><time>2026-05-23T09:19:38.000Z</time></trkpt>
<trkpt lat="54.392429" lon="18.801365"><time>2026-05-23T09:19:40.000Z</time></trkpt>
<trkpt lat="54.392453" lon="18.801380"><time>2026-05-23T09:19:42.000Z</time></trkpt>
<trkpt lat="54.392477" lon="18.801395"><time>2026-05-23T09:19:44.000Z</time></trkpt>
<trkpt lat="54.392501" lon="18.801411"><time>2026-05-23T09:19:46.000Z</time></trkpt>
<trkpt lat="54.392526" lon="18.801428"><time>2026-05-23T09:19:48.000Z</time></trkpt>
<trkpt lat="54.392551" lon="18.801444"><time>2026-05-23T09:19:50.000Z</time></trkpt>
<trkpt lat="54.392575" lon="18.801461"><time>2026-05-23T09:19:52.000Z</time></trkpt>
<trkpt lat="54.392600" lon="18.801476"><time>2026-05-23T09:19:54.000Z</time></trkpt>
<trkpt lat="54.392625" lon="18.801493"><time>2026-05-23T09:19:56.000Z</time></trkpt>
<trkpt lat="54.392650" lon="18.801510"><time>2026-05-23T09:19:58.000Z</time></trkpt>
<trkpt lat="54.392675" lon="18.801527"><time>2026-05-23T09:20:00.000Z</time></trkpt>
<trkpt lat="54.392701" lon="18.801543"><time>2026-05-23T09:20:02.000Z</time></trkpt>
<trkpt lat="54.392727" lon="18.801561"><time>2026-05-23T09:20:04.000Z</time></trkpt>
<trkpt lat="54.392751" lon="18.801580"><time>2026-05-23T09:20:06.000Z</time></trkpt>
<trkpt lat="54.392775" lon="18.801599"><time>2026-05-23T09:20:08.000Z</time></trkpt>
<trkpt lat="54.392801" lon="18.801620"><time>2026-05-23T09:20:10.000Z</time></trkpt>
<trkpt lat="54.392825" lon="18.801639"><time>2026-05-23T09:20:12.000Z</time></trkpt>
<trkpt lat="54.392850" lon="18.801659"><time>2026-05-23T09:20:14.000Z</time></trkpt>
<trkpt lat="54.392874" lon="18.801678"><time>2026-05-23T09:20:16.000Z</time></trkpt>
<trkpt lat="54.392900" lon="18.801699"><time>2026-05-23T09:20:18.000Z</time></trkpt>
<trkpt lat="54.392924" lon="18.801721"><time>2026-05-23T09:20:20.000Z</time></trkpt>
<trkpt lat="54.392949" lon="18.801743"><time>2026-05-23T09:20:22.000Z</time></trkpt>
<trkpt lat="54.392975" lon="18.801764"><time>2026-05-23T09:20:24.000Z</time></trkpt>
<trkpt lat="54.393000" lon="18.801787"><time>2026-05-23T09:20:26.000Z</time></trkpt>
<trkpt lat="54.393023" lon="18.801810"><time>2026-05-23T09:20:28.000Z</time></trkpt>
<trkpt lat="54.393048" lon="18.801833"><time>2026-05-23T09:20:30.000Z</time></trkpt>
<trkpt lat="54.393071" lon="18.801855"><time>2026-05-23T09:20:32.000Z</time></trkpt>
<trkpt lat="54.393107" lon="18.801891"><time>2026-05-23T09:20:34.900Z</time></trkpt>
<trkpt lat="54.393132" lon="18.801914"><time>2026-05-23T09:20:36.900Z</time></trkpt>
<trkpt lat="54.393156" lon="18.801934"><time>2026-05-23T09:20:38.900Z</time></trkpt>
<trkpt lat="54.393182" lon="18.801957"><time>2026-05-23T09:20:40.900Z</time></trkpt>
<trkpt lat="54.393206" lon="18.801980"><time>2026-05-23T09:20:42.900Z</time></trkpt>
<trkpt lat="54.393230" lon="18.802003"><time>2026-05-23T09:20:44.900Z</time></trkpt>
<trkpt lat="54.393254" lon="18.802026"><time>2026-05-23T09:20:46.900Z</time></trkpt>
<trkpt lat="54.393279" lon="18.802050"><time>2026-05-23T09:20:48.900Z</time></trkpt>
<trkpt lat="54.393302" lon="18.802073"><time>2026-05-23T09:20:50.900Z</time></trkpt>
<trkpt lat="54.393326" lon="18.802097"><time>2026-05-23T09:20:52.900Z</time></trkpt>
<trkpt lat="54.393349" lon="18.802121"><time>2026-05-23T09:20:54.900Z</time></trkpt>
<trkpt lat="54.393372" lon="18.802144"><time>2026-05-23T09:20:56.900Z</time></trkpt>
<trkpt lat="54.393396" lon="18.802167"><time>2026-05-23T09:20:58.900Z</time></trkpt>
<trkpt lat="54.393420" lon="18.802190"><time>2026-05-23T09:21:00.900Z</time></trkpt>
<trkpt lat="54.393444" lon="18.802212"><time>2026-05-23T09:21:02.900Z</time></trkpt>
<trkpt lat="54.393467" lon="18.802235"><time>2026-05-23T09:21:04.900Z</time></trkpt>
<trkpt lat="54.393491" lon="18.802262"><time>2026-05-23T09:21:06.900Z</time></trkpt>
<trkpt lat="54.393516" lon="18.802288"><time>2026-05-23T09:21:08.900Z</time></trkpt>
<trkpt lat="54.393540" lon="18.802311"><time>2026-05-23T09:21:10.900Z</time></trkpt>
<trkpt lat="54.393566" lon="18.802336"><time>2026-05-23T09:21:12.900Z</time></trkpt>
<trkpt lat="54.393591" lon="18.802358"><time>2026-05-23T09:21:14.900Z</time></trkpt>
<trkpt lat="54.393615" lon="18.802379"><time>2026-05-23T09:21:16.900Z</time></trkpt>
<trkpt lat="54.393641" lon="18.802402"><time>2026-05-23T09:21:18.900Z</time></trkpt>
<trkpt lat="54.393666" lon="18.802423"><time>2026-05-23T09:21:20.900Z</time></trkpt>
<trkpt lat="54.393691" lon="18.802445"><time>2026-05-23T09:21:22.900Z</time></trkpt>
<trkpt lat="54.393715" lon="18.802464"><time>2026-05-23T09:21:24.900Z</time></trkpt>
<trkpt lat="54.393741" lon="18.802486"><time>2026-05-23T09:21:26.900Z</time></trkpt>
<trkpt lat="54.393753" lon="18.802497"><time>2026-05-23T09:21:28.000Z</time></trkpt>
<trkpt lat="54.393778" lon="18.802519"><time>2026-05-23T09:21:30.000Z</time></trkpt>
<trkpt lat="54.393802" lon="18.802543"><time>2026-05-23T09:21:32.000Z</time></trkpt>
<trkpt lat="54.393826" lon="18.802566"><time>2026-05-23T09:21:34.000Z</time></trkpt>
<trkpt lat="54.393851" lon="18.802588"><time>2026-05-23T09:21:36.000Z</time></trkpt>
<trkpt lat="54.393876" lon="18.802610"><time>2026-05-23T09:21:38.000Z</time></trkpt>
<trkpt lat="54.393901" lon="18.802631"><time>2026-05-23T09:21:40.000Z</time></trkpt>
<trkpt lat="54.393926" lon="18.802653"><time>2026-05-23T09:21:42.000Z</time></trkpt>
<trkpt lat="54.393950" lon="18.802675"><time>2026-05-23T09:21:44.000Z</time></trkpt>
<trkpt lat="54.393974" lon="18.802697"><time>2026-05-23T09:21:46.000Z</time></trkpt>
<trkpt lat="54.393999" lon="18.802719"><time>2026-05-23T09:21:48.000Z</time></trkpt>
<trkpt lat="54.394024" lon="18.802742"><time>2026-05-23T09:21:50.000Z</time></trkpt>
<trkpt lat="54.394050" lon="18.802763"><time>2026-05-23T09:21:52.000Z</time></trkpt>
<trkpt lat="54.394075" lon="18.802783"><time>2026-05-23T09:21:54.000Z</time></trkpt>
<trkpt lat="54.394101" lon="18.802805"><time>2026-05-23T09:21:56.000Z</time></trkpt>
<trkpt lat="54.394126" lon="18.802825"><time>2026-05-23T09:21:58.000Z</time></trkpt>
<trkpt lat="54.394151" lon="18.802845"><time>2026-05-23T09:22:00.000Z</time></trkpt>
<trkpt lat="54.394177" lon="18.802865"><time>2026-05-23T09:22:02.000Z</time></trkpt>
<trkpt lat="54.394203" lon="18.802884"><time>2026-05-23T09:22:04.000Z</time></trkpt>
<trkpt lat="54.394228" lon="18.802905"><time>2026-05-23T09:22:06.000Z</time></trkpt>
<trkpt lat="54.394254" lon="18.802926"><time>2026-05-23T09:22:08.000Z</time></trkpt>
<trkpt lat="54.394280" lon="18.802947"><time>2026-05-23T09:22:10.000Z</time></trkpt>
<trkpt lat="54.394306" lon="18.802967"><time>2026-05-23T09:22:12.000Z</time></trkpt>
<trkpt lat="54.394333" lon="18.802988"><time>2026-05-23T09:22:14.000Z</time></trkpt>
<trkpt lat="54.394359" lon="18.803010"><time>2026-05-23T09:22:16.000Z</time></trkpt>
<trkpt lat="54.394385" lon="18.803030"><time>2026-05-23T09:22:18.000Z</time></trkpt>
<trkpt lat="54.394411" lon="18.803052"><time>2026-05-23T09:22:20.000Z</time></trkpt>
<trkpt lat="54.394436" lon="18.803074"><time>2026-05-23T09:22:22.000Z</time></trkpt>
<trkpt lat="54.394462" lon="18.803096"><time>2026-05-23T09:22:24.000Z</time></trkpt>
<trkpt lat="54.394488" lon="18.803118"><time>2026-05-23T09:22:26.000Z</time></trkpt>
<trkpt lat="54.394513" lon="18.803141"><time>2026-05-23T09:22:28.000Z</time></trkpt>
<trkpt lat="54.394539" lon="18.803164"><time>2026-05-23T09:22:30.000Z</time></trkpt>
<trkpt lat="54.394565" lon="18.803185"><time>2026-05-23T09:22:32.000Z</time></trkpt>
<trkpt lat="54.394590" lon="18.803208"><time>2026-05-23T09:22:34.000Z</time></trkpt>
<trkpt lat="54.394615" lon="18.803230"><time>2026-05-23T09:22:36.000Z</time></trkpt>
<trkpt lat="54.394640" lon="18.803253"><time>2026-05-23T09:22:38.000Z</time></trkpt>
<trkpt lat="54.394665" lon="18.803276"><time>2026-05-23T09:22:40.000Z</time></trkpt>
<trkpt lat="54.394702" lon="18.803312"><time>2026-05-23T09:22:42.900Z</time></trkpt>
<trkpt lat="54.394726" lon="18.803335"><time>2026-05-23T09:22:44.900Z</time></trkpt>
<trkpt lat="54.394749" lon="18.803359"><time>2026-05-23T09:22:46.900Z</time></trkpt>
<trkpt lat="54.394774" lon="18.803384"><time>2026-05-23T09:22:48.900Z</time></trkpt>
<trkpt lat="54.394799" lon="18.803405"><time>2026-05-23T09:22:50.900Z</time></trkpt>
<trkpt lat="54.394824" lon="18.803427"><time>2026-05-23T09:22:52.900Z</time></trkpt>
<trkpt lat="54.394849" lon="18.803448"><time>2026-05-23T09:22:54.900Z</time></trkpt>
<trkpt lat="54.394874" lon="18.803469"><time>2026-05-23T09:22:56.900Z</time></trkpt>
<trkpt lat="54.394901" lon="18.803488"><time>2026-05-23T09:22:58.900Z</time></trkpt>
<trkpt lat="54.394924" lon="18.803509"><time>2026-05-23T09:23:00.900Z</time></trkpt>
<trkpt lat="54.394950" lon="18.803533"><time>2026-05-23T09:23:02.900Z</time></trkpt>
<trkpt lat="54.394975" lon="18.803555"><time>2026-05-23T09:23:04.900Z</time></trkpt>
<trkpt lat="54.395001" lon="18.803577"><time>2026-05-23T09:23:06.900Z</time></trkpt>
<trkpt lat="54.395026" lon="18.803599"><time>2026-05-23T09:23:08.900Z</time></trkpt>
<trkpt lat="54.395052" lon="18.803621"><time>2026-05-23T09:23:10.900Z</time></trkpt>
<trkpt lat="54.395077" lon="18.803642"><time>2026-05-23T09:23:12.900Z</time></trkpt>
<trkpt lat="54.395103" lon="18.803663"><time>2026-05-23T09:23:14.900Z</time></trkpt>
<trkpt lat="54.395128" lon="18.803684"><time>2026-05-23T09:23:16.900Z</time></trkpt>
<trkpt lat="54.395153" lon="18.803706"><time>2026-05-23T09:23:18.900Z</time></trkpt>
<trkpt lat="54.395178" lon="18.803728"><time>2026-05-23T09:23:20.900Z</time></trkpt>
<trkpt lat="54.395202" lon="18.803750"><time>2026-05-23T09:23:22.900Z</time></trkpt>
<trkpt lat="54.395227" lon="18.803772"><time>2026-05-23T09:23:24.900Z</time></trkpt>
<trkpt lat="54.395253" lon="18.803795"><time>2026-05-23T09:23:26.900Z</time></trkpt>
<trkpt lat="54.395279" lon="18.803818"><time>2026-05-23T09:23:28.900Z</time></trkpt>
<trkpt lat="54.395304" lon="18.803838"><time>2026-05-23T09:23:30.900Z</time></trkpt>
<trkpt lat="54.395328" lon="18.803859"><time>2026-05-23T09:23:32.900Z</time></trkpt>
<trkpt lat="54.395340" lon="18.803870"><time>2026-05-23T09:23:34.000Z</time></trkpt>
<trkpt lat="54.395364" lon="18.803893"><time>2026-05-23T09:23:36.000Z</time></trkpt>
<trkpt lat="54.395388" lon="18.803915"><time>2026-05-23T09:23:38.000Z</time></trkpt>
<trkpt lat="54.395413" lon="18.803937"><time>2026-05-23T09:23:40.000Z</time></trkpt>
<trkpt lat="54.395438" lon="18.803958"><time>2026-05-23T09:23:42.000Z</time></trkpt>
<trkpt lat="54.395464" lon="18.803980"><time>2026-05-23T09:23:44.000Z</time></trkpt>
<trkpt lat="54.395488" lon="18.804000"><time>2026-05-23T09:23:46.000Z</time></trkpt>
<trkpt lat="54.395513" lon="18.804018"><time>2026-05-23T09:23:48.000Z</time></trkpt>
<trkpt lat="54.395538" lon="18.804036"><time>2026-05-23T09:23:50.000Z</time></trkpt>
<trkpt lat="54.395564" lon="18.804052"><time>2026-05-23T09:23:52.000Z</time></trkpt>
<trkpt lat="54.395590" lon="18.804068"><time>2026-05-23T09:23:54.000Z</time></trkpt>
<trkpt lat="54.395616" lon="18.804085"><time>2026-05-23T09:23:56.000Z</time></trkpt>
<trkpt lat="54.395643" lon="18.804101"><time>2026-05-23T09:23:58.000Z</time></trkpt>
<trkpt lat="54.395671" lon="18.804114"><time>2026-05-23T09:24:00.000Z</time></trkpt>
<trkpt lat="54.395696" lon="18.804134"><time>2026-05-23T09:24:02.000Z</time></trkpt>
<trkpt lat="54.395722" lon="18.804153"><time>2026-05-23T09:24:04.000Z</time></trkpt>
<trkpt lat="54.395749" lon="18.804172"><time>2026-05-23T09:24:06.000Z</time></trkpt>
<trkpt lat="54.395776" lon="18.804194"><time>2026-05-23T09:24:08.000Z</time></trkpt>
<trkpt lat="54.395805" lon="18.804215"><time>2026-05-23T09:24:10.000Z</time></trkpt>
<trkpt lat="54.395834" lon="18.804236"><time>2026-05-23T09:24:12.000Z</time></trkpt>
<trkpt lat="54.395863" lon="18.804258"><time>2026-05-23T09:24:14.000Z</time></trkpt>
<trkpt lat="54.395891" lon="18.804282"><time>2026-05-23T09:24:16.000Z</time></trkpt>
<trkpt lat="54.395919" lon="18.804304"><time>2026-05-23T09:24:18.000Z</time></trkpt>
<trkpt lat="54.395947" lon="18.804324"><time>2026-05-23T09:24:20.000Z</time></trkpt>
<trkpt lat="54.395975" lon="18.804343"><time>2026-05-23T09:24:22.000Z</time></trkpt>
<trkpt lat="54.396004" lon="18.804360"><time>2026-05-23T09:24:24.000Z</time></trkpt>
<trkpt lat="54.396032" lon="18.804378"><time>2026-05-23T09:24:26.000Z</time></trkpt>
<trkpt lat="54.396060" lon="18.804397"><time>2026-05-23T09:24:28.000Z</time></trkpt>
<trkpt lat="54.396089" lon="18.804418"><time>2026-05-23T09:24:30.000Z</time></trkpt>
<trkpt lat="54.396115" lon="18.804438"><time>2026-05-23T09:24:32.000Z</time></trkpt>
<trkpt lat="54.396144" lon="18.804459"><time>2026-05-23T09:24:34.000Z</time></trkpt>
<trkpt lat="54.396171" lon="18.804481"><time>2026-05-23T09:24:36.000Z</time></trkpt>
<trkpt lat="54.396199" lon="18.804503"><time>2026-05-23T09:24:38.000Z</time></trkpt>
<trkpt lat="54.396228" lon="18.804526"><time>2026-05-23T09:24:40.000Z</time></trkpt>
<trkpt lat="54.396257" lon="18.804550"><time>2026-05-23T09:24:42.000Z</time></trkpt>
<trkpt lat="54.396285" lon="18.804574"><time>2026-05-23T09:24:44.000Z</time></trkpt>
<trkpt lat="54.396326" lon="18.804612"><time>2026-05-23T09:24:46.900Z</time></trkpt>
<trkpt lat="54.396351" lon="18.804637"><time>2026-05-23T09:24:48.900Z</time></trkpt>
<trkpt lat="54.396376" lon="18.804662"><time>2026-05-23T09:24:50.900Z</time></trkpt>
<trkpt lat="54.396402" lon="18.804685"><time>2026-05-23T09:24:52.900Z</time></trkpt>
<trkpt lat="54.396428" lon="18.804709"><time>2026-05-23T09:24:54.900Z</time></trkpt>
<trkpt lat="54.396456" lon="18.804732"><time>2026-05-23T09:24:56.900Z</time></trkpt>
<trkpt lat="54.396482" lon="18.804757"><time>2026-05-23T09:24:58.900Z</time></trkpt>
<trkpt lat="54.396509" lon="18.804782"><time>2026-05-23T09:25:00.900Z</time></trkpt>
<trkpt lat="54.396534" lon="18.804805"><time>2026-05-23T09:25:02.900Z</time></trkpt>
<trkpt lat="54.396561" lon="18.804829"><time>2026-05-23T09:25:04.900Z</time></trkpt>
<trkpt lat="54.396587" lon="18.804853"><time>2026-05-23T09:25:06.900Z</time></trkpt>
<trkpt lat="54.396614" lon="18.804874"><time>2026-05-23T09:25:08.900Z</time></trkpt>
<trkpt lat="54.396642" lon="18.804895"><time>2026-05-23T09:25:10.900Z</time></trkpt>
<trkpt lat="54.396670" lon="18.804914"><time>2026-05-23T09:25:12.900Z</time></trkpt>
<trkpt lat="54.396699" lon="18.804931"><time>2026-05-23T09:25:14.900Z</time></trkpt>
<trkpt lat="54.396728" lon="18.804948"><time>2026-05-23T09:25:16.900Z</time></trkpt>
<trkpt lat="54.396757" lon="18.804967"><time>2026-05-23T09:25:18.900Z</time></trkpt>
<trkpt lat="54.396785" lon="18.804987"><time>2026-05-23T09:25:20.900Z</time></trkpt>
<trkpt lat="54.396813" lon="18.805009"><time>2026-05-23T09:25:22.900Z</time></trkpt>
<trkpt lat="54.396840" lon="18.805032"><time>2026-05-23T09:25:24.900Z</time></trkpt>
<trkpt lat="54.396868" lon="18.805053"><time>2026-05-23T09:25:26.900Z</time></trkpt>
<trkpt lat="54.396896" lon="18.805074"><time>2026-05-23T09:25:28.900Z</time></trkpt>
<trkpt lat="54.396924" lon="18.805096"><time>2026-05-23T09:25:30.900Z</time></trkpt>
<trkpt lat="54.396948" lon="18.805124"><time>2026-05-23T09:25:32.900Z</time></trkpt>
<trkpt lat="54.396970" lon="18.805148"><time>2026-05-23T09:25:34.900Z</time></trkpt>
<trkpt lat="54.397000" lon="18.805170"><time>2026-05-23T09:25:36.900Z</time></trkpt>
<trkpt lat="54.397032" lon="18.805194"><time>2026-05-23T09:25:38.900Z</time></trkpt>
<trkpt lat="54.397045" lon="18.805201"><time>2026-05-23T09:25:40.000Z</time></trkpt>
<trkpt lat="54.397069" lon="18.805222"><time>2026-05-23T09:25:42.000Z</time></trkpt>
<trkpt lat="54.397093" lon="18.805242"><time>2026-05-23T09:25:44.000Z</time></trkpt>
<trkpt lat="54.397117" lon="18.805264"><time>2026-05-23T09:25:46.000Z</time></trkpt>
<trkpt lat="54.397142" lon="18.805288"><time>2026-05-23T09:25:48.000Z</time></trkpt>
<trkpt lat="54.397166" lon="18.805309"><time>2026-05-23T09:25:50.000Z</time></trkpt>
<trkpt lat="54.397190" lon="18.805330"><time>2026-05-23T09:25:52.000Z</time></trkpt>
<trkpt lat="54.397216" lon="18.805351"><time>2026-05-23T09:25:54.000Z</time></trkpt>
<trkpt lat="54.397242" lon="18.805373"><time>2026-05-23T09:25:56.000Z</time></trkpt>
<trkpt lat="54.397268" lon="18.805396"><time>2026-05-23T09:25:58.000Z</time></trkpt>
<trkpt lat="54.397291" lon="18.805420"><time>2026-05-23T09:26:00.000Z</time></trkpt>
<trkpt lat="54.397321" lon="18.805448"><time>2026-05-23T09:26:02.000Z</time></trkpt>
<trkpt lat="54.397350" lon="18.805482"><time>2026-05-23T09:26:04.000Z</time></trkpt>
<trkpt lat="54.397376" lon="18.805507"><time>2026-05-23T09:26:06.000Z</time></trkpt>
<trkpt lat="54.397401" lon="18.805529"><time>2026-05-23T09:26:08.000Z</time></trkpt>
<trkpt lat="54.397428" lon="18.805546"><time>2026-05-23T09:26:10.000Z</time></trkpt>
<trkpt lat="54.397452" lon="18.805569"><time>2026-05-23T09:26:12.000Z</time></trkpt>
<trkpt lat="54.397480" lon="18.805583"><time>2026-05-23T09:26:14.000Z</time></trkpt>
<trkpt lat="54.397504" lon="18.805602"><time>2026-05-23T09:26:16.000Z</time></trkpt>
<trkpt lat="54.397528" lon="18.805624"><time>2026-05-23T09:26:18.000Z</time></trkpt>
<trkpt lat="54.397550" lon="18.805654"><time>2026-05-23T09:26:20.000Z</time></trkpt>
<trkpt lat="54.397570" lon="18.805686"><time>2026-05-23T09:26:22.000Z</time></trkpt>
<trkpt lat="54.397591" lon="18.805712"><time>2026-05-23T09:26:24.000Z</time></trkpt>
<trkpt lat="54.397617" lon="18.805734"><time>2026-05-23T09:26:26.000Z</time></trkpt>
<trkpt lat="54.397642" lon="18.805754"><time>2026-05-23T09:26:28.000Z</time></trkpt>
<trkpt lat="54.397668" lon="18.805775"><time>2026-05-23T09:26:30.000Z</time></trkpt>
<trkpt lat="54.397693" lon="18.805796"><time>2026-05-23T09:26:32.000Z</time></trkpt>
<trkpt lat="54.397718" lon="18.805818"><time>2026-05-23T09:26:34.000Z</time></trkpt>
<trkpt lat="54.397742" lon="18.805841"><time>2026-05-23T09:26:36.000Z</time></trkpt>
<trkpt lat="54.397764" lon="18.805858"><time>2026-05-23T09:26:38.000Z</time></trkpt>
<trkpt lat="54.397783" lon="18.805877"><time>2026-05-23T09:26:40.000Z</time></trkpt>
<trkpt lat="54.397799" lon="18.805897"><time>2026-05-23T09:26:42.000Z</time></trkpt>
<trkpt lat="54.397821" lon="18.805922"><time>2026-05-23T09:26:44.000Z</time></trkpt>
<trkpt lat="54.397839" lon="18.805952"><time>2026-05-23T09:26:46.000Z</time></trkpt>
<trkpt lat="54.397847" lon="18.805997"><time>2026-05-23T09:26:48.900Z</time></trkpt>
<trkpt lat="54.397845" lon="18.806022"><time>2026-05-23T09:26:50.900Z</time></trkpt>
<trkpt lat="54.397837" lon="18.806045"><time>2026-05-23T09:26:52.900Z</time></trkpt>
<trkpt lat="54.397827" lon="18.806059"><time>2026-05-23T09:26:54.900Z</time></trkpt>
<trkpt lat="54.397816" lon="18.806072"><time>2026-05-23T09:26:56.900Z</time></trkpt>
<trkpt lat="54.397802" lon="18.806084"><time>2026-05-23T09:26:58.900Z</time></trkpt>
<trkpt lat="54.397787" lon="18.806097"><time>2026-05-23T09:27:00.900Z</time></trkpt>
<trkpt lat="54.397771" lon="18.806108"><time>2026-05-23T09:27:02.900Z</time></trkpt>
<trkpt lat="54.397744" lon="18.806122"><time>2026-05-23T09:27:04.900Z</time></trkpt>
<trkpt lat="54.397715" lon="18.806125"><time>2026-05-23T09:27:06.900Z</time></trkpt>
<trkpt lat="54.397699" lon="18.806142"><time>2026-05-23T09:27:08.900Z</time></trkpt>
<trkpt lat="54.397677" lon="18.806156"><time>2026-05-23T09:27:10.900Z</time></trkpt>
<trkpt lat="54.397655" lon="18.806172"><time>2026-05-23T09:27:12.900Z</time></trkpt>
<trkpt lat="54.397634" lon="18.806191"><time>2026-05-23T09:27:14.900Z</time></trkpt>
<trkpt lat="54.397611" lon="18.806209"><time>2026-05-23T09:27:16.900Z</time></trkpt>
<trkpt lat="54.397586" lon="18.806233"><time>2026-05-23T09:27:18.900Z</time></trkpt>
<trkpt lat="54.397568" lon="18.806257"><time>2026-05-23T09:27:20.900Z</time></trkpt>
<trkpt lat="54.397553" lon="18.806287"><time>2026-05-23T09:27:22.900Z</time></trkpt>
<trkpt lat="54.397538" lon="18.806311"><time>2026-05-23T09:27:24.900Z</time></trkpt>
<trkpt lat="54.397523" lon="18.806333"><time>2026-05-23T09:27:26.900Z</time></trkpt>
<trkpt lat="54.397508" lon="18.806345"><time>2026-05-23T09:27:28.900Z</time></trkpt>
<trkpt lat="54.397483" lon="18.806377"><time>2026-05-23T09:27:30.900Z</time></trkpt>
<trkpt lat="54.397466" lon="18.806406"><time>2026-05-23T09:27:32.900Z</time></trkpt>
<trkpt lat="54.397454" lon="18.806441"><time>2026-05-23T09:27:34.900Z</time></trkpt>
<trkpt lat="54.397437" lon="18.806472"><time>2026-05-23T09:27:36.900Z</time></trkpt>
<trkpt lat="54.397420" lon="18.806500"><time>2026-05-23T09:27:38.900Z</time></trkpt>
<trkpt lat="54.397404" lon="18.806530"><time>2026-05-23T09:27:40.900Z</time></trkpt>
<trkpt lat="54.397389" lon="18.806562"><time>2026-05-23T09:27:42.900Z</time></trkpt>
<trkpt lat="54.397376" lon="18.806597"><time>2026-05-23T09:27:44.900Z</time></trkpt>
<trkpt lat="54.397369" lon="18.806613"><time>2026-05-23T09:27:46.000Z</time></trkpt>
<trkpt lat="54.397354" lon="18.806646"><time>2026-05-23T09:27:48.000Z</time></trkpt>
<trkpt lat="54.397339" lon="18.806681"><time>2026-05-23T09:27:50.000Z</time></trkpt>
<trkpt lat="54.397324" lon="18.806716"><time>2026-05-23T09:27:52.000Z</time></trkpt>
<trkpt lat="54.397308" lon="18.806752"><time>2026-05-23T09:27:54.000Z</time></trkpt>
<trkpt lat="54.397292" lon="18.806789"><time>2026-05-23T09:27:56.000Z</time></trkpt>
<trkpt lat="54.397277" lon="18.806825"><time>2026-05-23T09:27:58.000Z</time></trkpt>
<trkpt lat="54.397262" lon="18.806862"><time>2026-05-23T09:28:00.000Z</time></trkpt>
<trkpt lat="54.397249" lon="18.806901"><time>2026-05-23T09:28:02.000Z</time></trkpt>
<trkpt lat="54.397228" lon="18.806956"><time>2026-05-23T09:28:04.000Z</time></trkpt>
<trkpt lat="54.397213" lon="18.807014"><time>2026-05-23T09:28:06.000Z</time></trkpt>
<trkpt lat="54.397201" lon="18.807049"><time>2026-05-23T09:28:08.000Z</time></trkpt>
<trkpt lat="54.397187" lon="18.807085"><time>2026-05-23T09:28:10.000Z</time></trkpt>
<trkpt lat="54.397174" lon="18.807123"><time>2026-05-23T09:28:12.000Z</time></trkpt>
<trkpt lat="54.397161" lon="18.807160"><time>2026-05-23T09:28:14.000Z</time></trkpt>
<trkpt lat="54.397145" lon="18.807199"><time>2026-05-23T09:28:16.000Z</time></trkpt>
<trkpt lat="54.397132" lon="18.807238"><time>2026-05-23T09:28:18.000Z</time></trkpt>
<trkpt lat="54.397117" lon="18.807276"><time>2026-05-23T09:28:20.000Z</time></trkpt>
<trkpt lat="54.397104" lon="18.807315"><time>2026-05-23T09:28:22.000Z</time></trkpt>
<trkpt lat="54.397089" lon="18.807354"><time>2026-05-23T09:28:24.000Z</time></trkpt>
<trkpt lat="54.397075" lon="18.807393"><time>2026-05-23T09:28:26.000Z</time></trkpt>
<trkpt lat="54.397060" lon="18.807431"><time>2026-05-23T09:28:28.000Z</time></trkpt>
<trkpt lat="54.397046" lon="18.807469"><time>2026-05-23T09:28:30.000Z</time></trkpt>
<trkpt lat="54.397030" lon="18.807511"><time>2026-05-23T09:28:32.000Z</time></trkpt>
<trkpt lat="54.397015" lon="18.807556"><time>2026-05-23T09:28:34.000Z</time></trkpt>
<trkpt lat="54.396999" lon="18.807596"><time>2026-05-23T09:28:36.000Z</time></trkpt>
<trkpt lat="54.396986" lon="18.807639"><time>2026-05-23T09:28:38.000Z</time></trkpt>
<trkpt lat="54.396973" lon="18.807678"><time>2026-05-23T09:28:40.000Z</time></trkpt>
<trkpt lat="54.396950" lon="18.807738"><time>2026-05-23T09:28:42.900Z</time></trkpt>
<trkpt lat="54.396935" lon="18.807777"><time>2026-05-23T09:28:44.900Z</time></trkpt>
<trkpt lat="54.396921" lon="18.807818"><time>2026-05-23T09:28:46.900Z</time></trkpt>
<trkpt lat="54.396906" lon="18.807853"><time>2026-05-23T09:28:48.900Z</time></trkpt>
<trkpt lat="54.396893" lon="18.807892"><time>2026-05-23T09:28:50.900Z</time></trkpt>
<trkpt lat="54.396877" lon="18.807938"><time>2026-05-23T09:28:52.900Z</time></trkpt>
<trkpt lat="54.396864" lon="18.807985"><time>2026-05-23T09:28:54.900Z</time></trkpt>
<trkpt lat="54.396851" lon="18.808022"><time>2026-05-23T09:28:56.900Z</time></trkpt>
<trkpt lat="54.396837" lon="18.808054"><time>2026-05-23T09:28:58.900Z</time></trkpt>
<trkpt lat="54.396823" lon="18.808092"><time>2026-05-23T09:29:00.900Z</time></trkpt>
<trkpt lat="54.396811" lon="18.808125"><time>2026-05-23T09:29:02.900Z</time></trkpt>
<trkpt lat="54.396799" lon="18.808156"><time>2026-05-23T09:29:04.900Z</time></trkpt>
<trkpt lat="54.396786" lon="18.808182"><time>2026-05-23T09:29:06.900Z</time></trkpt>
<trkpt lat="54.396769" lon="18.808218"><time>2026-05-23T09:29:08.900Z</time></trkpt>
<trkpt lat="54.396757" lon="18.808250"><time>2026-05-23T09:29:10.900Z</time></trkpt>
<trkpt lat="54.396741" lon="18.808295"><time>2026-05-23T09:29:12.900Z</time></trkpt>
<trkpt lat="54.396729" lon="18.808340"><time>2026-05-23T09:29:14.900Z</time></trkpt>
<trkpt lat="54.396717" lon="18.808389"><time>2026-05-23T09:29:16.900Z</time></trkpt>
<trkpt lat="54.396703" lon="18.808434"><time>2026-05-23T09:29:18.900Z</time></trkpt>
<trkpt lat="54.396683" lon="18.808470"><time>2026-05-23T09:29:20.900Z</time></trkpt>
<trkpt lat="54.396670" lon="18.808498"><time>2026-05-23T09:29:22.900Z</time></trkpt>
<trkpt lat="54.396662" lon="18.808526"><time>2026-05-23T09:29:24.900Z</time></trkpt>
<trkpt lat="54.396650" lon="18.808566"><time>2026-05-23T09:29:26.900Z</time></trkpt>
<trkpt lat="54.396638" lon="18.808617"><time>2026-05-23T09:29:28.900Z</time></trkpt>
<trkpt lat="54.396627" lon="18.808661"><time>2026-05-23T09:29:30.900Z</time></trkpt>
<trkpt lat="54.396612" lon="18.808705"><time>2026-05-23T09:29:32.900Z</time></trkpt>
<trkpt lat="54.396601" lon="18.808748"><time>2026-05-23T09:29:34.900Z</time></trkpt>
<trkpt lat="54.396582" lon="18.808785"><time>2026-05-23T09:29:36.900Z</time></trkpt>
<trkpt lat="54.396569" lon="18.808819"><time>2026-05-23T09:29:38.900Z</time></trkpt>
<trkpt lat="54.396553" lon="18.808863"><time>2026-05-23T09:29:40.900Z</time></trkpt>
<trkpt lat="54.396540" lon="18.808906"><time>2026-05-23T09:29:42.900Z</time></trkpt>
<trkpt lat="54.396526" lon="18.808947"><time>2026-05-23T09:29:44.900Z</time></trkpt>
<trkpt lat="54.396513" lon="18.808989"><time>2026-05-23T09:29:46.900Z</time></trkpt>
<trkpt lat="54.396501" lon="18.809032"><time>2026-05-23T09:29:48.900Z</time></trkpt>
<trkpt lat="54.396489" lon="18.809072"><time>2026-05-23T09:29:50.900Z</time></trkpt>
<trkpt lat="54.396483" lon="18.809092"><time>2026-05-23T09:29:52.000Z</time></trkpt>
<trkpt lat="54.396472" lon="18.809133"><time>2026-05-23T09:29:54.000Z</time></trkpt>
<trkpt lat="54.396459" lon="18.809167"><time>2026-05-23T09:29:56.000Z</time></trkpt>
<trkpt lat="54.396443" lon="18.809210"><time>2026-05-23T09:29:58.000Z</time></trkpt>
<trkpt lat="54.396421" lon="18.809250"><time>2026-05-23T09:30:00.000Z</time></trkpt>
<trkpt lat="54.396410" lon="18.809308"><time>2026-05-23T09:30:02.000Z</time></trkpt>
<trkpt lat="54.396395" lon="18.809352"><time>2026-05-23T09:30:04.000Z</time></trkpt>
<trkpt lat="54.396383" lon="18.809386"><time>2026-05-23T09:30:06.000Z</time></trkpt>
<trkpt lat="54.396370" lon="18.809420"><time>2026-05-23T09:30:08.000Z</time></trkpt>
<trkpt lat="54.396357" lon="18.809458"><time>2026-05-23T09:30:10.000Z</time></trkpt>
<trkpt lat="54.396344" lon="18.809497"><time>2026-05-23T09:30:12.000Z</time></trkpt>
<trkpt lat="54.396332" lon="18.809534"><time>2026-05-23T09:30:14.000Z</time></trkpt>
<trkpt lat="54.396322" lon="18.809571"><time>2026-05-23T09:30:16.000Z</time></trkpt>
<trkpt lat="54.396311" lon="18.809607"><time>2026-05-23T09:30:18.000Z</time></trkpt>
<trkpt lat="54.396299" lon="18.809645"><time>2026-05-23T09:30:20.000Z</time></trkpt>
<trkpt lat="54.396288" lon="18.809684"><time>2026-05-23T09:30:22.000Z</time></trkpt>
<trkpt lat="54.396278" lon="18.809722"><time>2026-05-23T09:30:24.000Z</time></trkpt>
<trkpt lat="54.396268" lon="18.809761"><time>2026-05-23T09:30:26.000Z</time></trkpt>
<trkpt lat="54.396258" lon="18.809799"><time>2026-05-23T09:30:28.000Z</time></trkpt>
<trkpt lat="54.396249" lon="18.809838"><time>2026-05-23T09:30:30.000Z</time></trkpt>
<trkpt lat="54.396238" lon="18.809874"><time>2026-05-23T09:30:32.000Z</time></trkpt>
<trkpt lat="54.396226" lon="18.809911"><time>2026-05-23T09:30:34.000Z</time></trkpt>
<trkpt lat="54.396214" lon="18.809946"><time>2026-05-23T09:30:36.000Z</time></trkpt>
<trkpt lat="54.396200" lon="18.809985"><time>2026-05-23T09:30:38.000Z</time></trkpt>
<trkpt lat="54.396186" lon="18.810023"><time>2026-05-23T09:30:40.000Z</time></trkpt>
<trkpt lat="54.396172" lon="18.810061"><time>2026-05-23T09:30:42.000Z</time></trkpt>
<trkpt lat="54.396153" lon="18.810120"><time>2026-05-23T09:30:44.900Z</time></trkpt>
<trkpt lat="54.396140" lon="18.810158"><time>2026-05-23T09:30:46.900Z</time></trkpt>
<trkpt lat="54.396126" lon="18.810197"><time>2026-05-23T09:30:48.900Z</time></trkpt>
<trkpt lat="54.396113" lon="18.810235"><time>2026-05-23T09:30:50.900Z</time></trkpt>
<trkpt lat="54.396100" lon="18.810272"><time>2026-05-23T09:30:52.900Z</time></trkpt>
<trkpt lat="54.396088" lon="18.810308"><time>2026-05-23T09:30:54.900Z</time></trkpt>
<trkpt lat="54.396075" lon="18.810346"><time>2026-05-23T09:30:56.900Z</time></trkpt>
<trkpt lat="54.396063" lon="18.810383"><time>2026-05-23T09:30:58.900Z</time></trkpt>
<trkpt lat="54.396050" lon="18.810421"><time>2026-05-23T09:31:00.900Z</time></trkpt>
<trkpt lat="54.396037" lon="18.810458"><time>2026-05-23T09:31:02.900Z</time></trkpt>
<trkpt lat="54.396023" lon="18.810494"><time>2026-05-23T09:31:04.900Z</time></trkpt>
<trkpt lat="54.396010" lon="18.810530"><time>2026-05-23T09:31:06.900Z</time></trkpt>
<trkpt lat="54.395997" lon="18.810567"><time>2026-05-23T09:31:08.900Z</time></trkpt>
<trkpt lat="54.395983" lon="18.810604"><time>2026-05-23T09:31:10.900Z</time></trkpt>
<trkpt lat="54.395970" lon="18.810643"><time>2026-05-23T09:31:12.900Z</time></trkpt>
<trkpt lat="54.395957" lon="18.810681"><time>2026-05-23T09:31:14.900Z</time></trkpt>
<trkpt lat="54.395944" lon="18.810719"><time>2026-05-23T09:31:16.900Z</time></trkpt>
<trkpt lat="54.395932" lon="18.810753"><time>2026-05-23T09:31:18.900Z</time></trkpt>
<trkpt lat="54.395919" lon="18.810787"><time>2026-05-23T09:31:20.900Z</time></trkpt>
<trkpt lat="54.395905" lon="18.810825"><time>2026-05-23T09:31:22.900Z</time></trkpt>
<trkpt lat="54.395892" lon="18.810862"><time>2026-05-23T09:31:24.900Z</time></trkpt>
<trkpt lat="54.395878" lon="18.810899"><time>2026-05-23T09:31:26.900Z</time></trkpt>
<trkpt lat="54.395865" lon="18.810939"><time>2026-05-23T09:31:28.900Z</time></trkpt>
<trkpt lat="54.395853" lon="18.810977"><time>2026-05-23T09:31:30.900Z</time></trkpt>
<trkpt lat="54.395839" lon="18.811015"><time>2026-05-23T09:31:32.900Z</time></trkpt>
<trkpt lat="54.395826" lon="18.811055"><time>2026-05-23T09:31:34.900Z</time></trkpt>
<trkpt lat="54.395813" lon="18.811095"><time>2026-05-23T09:31:36.900Z</time></trkpt>
<trkpt lat="54.395799" lon="18.811134"><time>2026-05-23T09:31:38.900Z</time></trkpt>
<trkpt lat="54.395785" lon="18.811174"><time>2026-05-23T09:31:40.900Z</time></trkpt>
<trkpt lat="54.395772" lon="18.811214"><time>2026-05-23T09:31:42.900Z</time></trkpt>
<trkpt lat="54.395758" lon="18.811255"><time>2026-05-23T09:31:44.900Z</time></trkpt>
<trkpt lat="54.395745" lon="18.811295"><time>2026-05-23T09:31:46.900Z</time></trkpt>
<trkpt lat="54.395731" lon="18.811337"><time>2026-05-23T09:31:48.900Z</time></trkpt>
<trkpt lat="54.395718" lon="18.811378"><time>2026-05-23T09:31:50.900Z</time></trkpt>
<trkpt lat="54.395705" lon="18.811423"><time>2026-05-23T09:31:52.900Z</time></trkpt>
<trkpt lat="54.395692" lon="18.811463"><time>2026-05-23T09:31:54.900Z</time></trkpt>
<trkpt lat="54.395678" lon="18.811505"><time>2026-05-23T09:31:57.000Z</time></trkpt>
<trkpt lat="54.395672" lon="18.811524"><time>2026-05-23T09:31:58.000Z</time></trkpt>
<trkpt lat="54.395660" lon="18.811564"><time>2026-05-23T09:32:00.000Z</time></trkpt>
<trkpt lat="54.395647" lon="18.811603"><time>2026-05-23T09:32:02.000Z</time></trkpt>
<trkpt lat="54.395628" lon="18.811660"><time>2026-05-23T09:32:04.900Z</time></trkpt>
<trkpt lat="54.395615" lon="18.811700"><time>2026-05-23T09:32:06.900Z</time></trkpt>
<trkpt lat="54.395602" lon="18.811740"><time>2026-05-23T09:32:08.900Z</time></trkpt>
<trkpt lat="54.395588" lon="18.811780"><time>2026-05-23T09:32:10.900Z</time></trkpt>
<trkpt lat="54.395575" lon="18.811819"><time>2026-05-23T09:32:12.900Z</time></trkpt>
<trkpt lat="54.395561" lon="18.811858"><time>2026-05-23T09:32:14.900Z</time></trkpt>
<trkpt lat="54.395547" lon="18.811898"><time>2026-05-23T09:32:16.900Z</time></trkpt>
<trkpt lat="54.395534" lon="18.811937"><time>2026-05-23T09:32:18.900Z</time></trkpt>
<trkpt lat="54.395518" lon="18.811974"><time>2026-05-23T09:32:20.900Z</time></trkpt>
<trkpt lat="54.395505" lon="18.812018"><time>2026-05-23T09:32:22.900Z</time></trkpt>
<trkpt lat="54.395492" lon="18.812059"><time>2026-05-23T09:32:24.900Z</time></trkpt>
<trkpt lat="54.395479" lon="18.812102"><time>2026-05-23T09:32:26.900Z</time></trkpt>
<trkpt lat="54.395467" lon="18.812145"><time>2026-05-23T09:32:28.900Z</time></trkpt>
<trkpt lat="54.395458" lon="18.812186"><time>2026-05-23T09:32:30.900Z</time></trkpt>
<trkpt lat="54.395443" lon="18.812225"><time>2026-05-23T09:32:32.900Z</time></trkpt>
<trkpt lat="54.395429" lon="18.812267"><time>2026-05-23T09:32:34.900Z</time></trkpt>
<trkpt lat="54.395414" lon="18.812310"><time>2026-05-23T09:32:36.900Z</time></trkpt>
<trkpt lat="54.395399" lon="18.812350"><time>2026-05-23T09:32:38.900Z</time></trkpt>
<trkpt lat="54.395385" lon="18.812391"><time>2026-05-23T09:32:40.900Z</time></trkpt>
<trkpt lat="54.395370" lon="18.812433"><time>2026-05-23T09:32:42.900Z</time></trkpt>
<trkpt lat="54.395356" lon="18.812477"><time>2026-05-23T09:32:44.900Z</time></trkpt>
<trkpt lat="54.395340" lon="18.812522"><time>2026-05-23T09:32:46.900Z</time></trkpt>
<trkpt lat="54.395325" lon="18.812566"><time>2026-05-23T09:32:48.900Z</time></trkpt>
<trkpt lat="54.395310" lon="18.812611"><time>2026-05-23T09:32:50.900Z</time></trkpt>
<trkpt lat="54.395294" lon="18.812660"><time>2026-05-23T09:32:52.900Z</time></trkpt>
<trkpt lat="54.395276" lon="18.812710"><time>2026-05-23T09:32:54.900Z</time></trkpt>
<trkpt lat="54.395255" lon="18.812756"><time>2026-05-23T09:32:56.900Z</time></trkpt>
<trkpt lat="54.395239" lon="18.812803"><time>2026-05-23T09:32:58.900Z</time></trkpt>
<trkpt lat="54.395224" lon="18.812853"><time>2026-05-23T09:33:00.900Z</time></trkpt>
<trkpt lat="54.395209" lon="18.812896"><time>2026-05-23T09:33:02.900Z</time></trkpt>
<trkpt lat="54.395194" lon="18.812943"><time>2026-05-23T09:33:04.900Z</time></trkpt>
<trkpt lat="54.395178" lon="18.812989"><time>2026-05-23T09:33:06.900Z</time></trkpt>
<trkpt lat="54.395163" lon="18.813038"><time>2026-05-23T09:33:08.900Z</time></trkpt>
<trkpt lat="54.395148" lon="18.813085"><time>2026-05-23T09:33:10.900Z</time></trkpt>
<trkpt lat="54.395134" lon="18.813132"><time>2026-05-23T09:33:12.900Z</time></trkpt>
<trkpt lat="54.395118" lon="18.813180"><time>2026-05-23T09:33:14.900Z</time></trkpt>
<trkpt lat="54.395103" lon="18.813227"><time>2026-05-23T09:33:16.900Z</time></trkpt>
<trkpt lat="54.395088" lon="18.813275"><time>2026-05-23T09:33:18.900Z</time></trkpt>
<trkpt lat="54.395074" lon="18.813323"><time>2026-05-23T09:33:20.900Z</time></trkpt>
<trkpt lat="54.395059" lon="18.813370"><time>2026-05-23T09:33:22.900Z</time></trkpt>
<trkpt lat="54.395044" lon="18.813418"><time>2026-05-23T09:33:24.900Z</time></trkpt>
<trkpt lat="54.395028" lon="18.813462"><time>2026-05-23T09:33:26.900Z</time></trkpt>
<trkpt lat="54.395012" lon="18.813512"><time>2026-05-23T09:33:28.900Z</time></trkpt>
<trkpt lat="54.394997" lon="18.813561"><time>2026-05-23T09:33:30.900Z</time></trkpt>
<trkpt lat="54.394982" lon="18.813612"><time>2026-05-23T09:33:32.900Z</time></trkpt>
<trkpt lat="54.394967" lon="18.813661"><time>2026-05-23T09:33:34.900Z</time></trkpt>
<trkpt lat="54.394950" lon="18.813708"><time>2026-05-23T09:33:36.900Z</time></trkpt>
<trkpt lat="54.394933" lon="18.813756"><time>2026-05-23T09:33:38.900Z</time></trkpt>
<trkpt lat="54.394916" lon="18.813803"><time>2026-05-23T09:33:40.900Z</time></trkpt>
<trkpt lat="54.394899" lon="18.813850"><time>2026-05-23T09:33:42.900Z</time></trkpt>
<trkpt lat="54.394883" lon="18.813898"><time>2026-05-23T09:33:44.900Z</time></trkpt>
<trkpt lat="54.394866" lon="18.813946"><time>2026-05-23T09:33:46.900Z</time></trkpt>
<trkpt lat="54.394849" lon="18.813994"><time>2026-05-23T09:33:48.900Z</time></trkpt>
<trkpt lat="54.394833" lon="18.814044"><time>2026-05-23T09:33:50.900Z</time></trkpt>
<trkpt lat="54.394817" lon="18.814092"><time>2026-05-23T09:33:52.900Z</time></trkpt>
<trkpt lat="54.394799" lon="18.814141"><time>2026-05-23T09:33:54.900Z</time></trkpt>
<trkpt lat="54.394782" lon="18.814190"><time>2026-05-23T09:33:56.900Z</time></trkpt>
<trkpt lat="54.394764" lon="18.814240"><time>2026-05-23T09:33:58.900Z</time></trkpt>
<trkpt lat="54.394747" lon="18.814290"><time>2026-05-23T09:34:00.900Z</time></trkpt>
<trkpt lat="54.394729" lon="18.814338"><time>2026-05-23T09:34:02.900Z</time></trkpt>
<trkpt lat="54.394711" lon="18.814388"><time>2026-05-23T09:34:04.900Z</time></trkpt>
<trkpt lat="54.394693" lon="18.814436"><time>2026-05-23T09:34:06.900Z</time></trkpt>
<trkpt lat="54.394676" lon="18.814485"><time>2026-05-23T09:34:08.900Z</time></trkpt>
<trkpt lat="54.394658" lon="18.814535"><time>2026-05-23T09:34:10.900Z</time></trkpt>
<trkpt lat="54.394639" lon="18.814582"><time>2026-05-23T09:34:12.900Z</time></trkpt>
<trkpt lat="54.394631" lon="18.814608"><time>2026-05-23T09:34:14.000Z</time></trkpt>
<trkpt lat="54.394614" lon="18.814657"><time>2026-05-23T09:34:16.000Z</time></trkpt>
<trkpt lat="54.394597" lon="18.814706"><time>2026-05-23T09:34:18.000Z</time></trkpt>
<trkpt lat="54.394578" lon="18.814755"><time>2026-05-23T09:34:20.000Z</time></trkpt>
<trkpt lat="54.394561" lon="18.814802"><time>2026-05-23T09:34:22.000Z</time></trkpt>
<trkpt lat="54.394543" lon="18.814851"><time>2026-05-23T09:34:24.000Z</time></trkpt>
<trkpt lat="54.394526" lon="18.814903"><time>2026-05-23T09:34:26.000Z</time></trkpt>
<trkpt lat="54.394507" lon="18.814955"><time>2026-05-23T09:34:28.000Z</time></trkpt>
<trkpt lat="54.394490" lon="18.814996"><time>2026-05-23T09:34:30.000Z</time></trkpt>
<trkpt lat="54.394473" lon="18.815040"><time>2026-05-23T09:34:32.000Z</time></trkpt>
<trkpt lat="54.394456" lon="18.815084"><time>2026-05-23T09:34:34.000Z</time></trkpt>
<trkpt lat="54.394441" lon="18.815132"><time>2026-05-23T09:34:36.000Z</time></trkpt>
<trkpt lat="54.394424" lon="18.815191"><time>2026-05-23T09:34:38.000Z</time></trkpt>
<trkpt lat="54.394408" lon="18.815240"><time>2026-05-23T09:34:40.000Z</time></trkpt>
<trkpt lat="54.394394" lon="18.815292"><time>2026-05-23T09:34:42.000Z</time></trkpt>
<trkpt lat="54.394370" lon="18.815364"><time>2026-05-23T09:34:44.900Z</time></trkpt>
<trkpt lat="54.394354" lon="18.815417"><time>2026-05-23T09:34:46.900Z</time></trkpt>
<trkpt lat="54.394335" lon="18.815470"><time>2026-05-23T09:34:48.900Z</time></trkpt>
<trkpt lat="54.394316" lon="18.815520"><time>2026-05-23T09:34:50.900Z</time></trkpt>
<trkpt lat="54.394300" lon="18.815568"><time>2026-05-23T09:34:52.900Z</time></trkpt>
<trkpt lat="54.394282" lon="18.815618"><time>2026-05-23T09:34:54.900Z</time></trkpt>
<trkpt lat="54.394264" lon="18.815666"><time>2026-05-23T09:34:56.900Z</time></trkpt>
<trkpt lat="54.394245" lon="18.815717"><time>2026-05-23T09:34:58.900Z</time></trkpt>
<trkpt lat="54.394228" lon="18.815768"><time>2026-05-23T09:35:00.900Z</time></trkpt>
<trkpt lat="54.394210" lon="18.815819"><time>2026-05-23T09:35:02.900Z</time></trkpt>
<trkpt lat="54.394193" lon="18.815870"><time>2026-05-23T09:35:04.900Z</time></trkpt>
<trkpt lat="54.394176" lon="18.815921"><time>2026-05-23T09:35:06.900Z</time></trkpt>
<trkpt lat="54.394160" lon="18.815973"><time>2026-05-23T09:35:08.900Z</time></trkpt>
<trkpt lat="54.394143" lon="18.816026"><time>2026-05-23T09:35:10.900Z</time></trkpt>
<trkpt lat="54.394127" lon="18.816078"><time>2026-05-23T09:35:12.900Z</time></trkpt>
<trkpt lat="54.394110" lon="18.816130"><time>2026-05-23T09:35:14.900Z</time></trkpt>
<trkpt lat="54.394095" lon="18.816181"><time>2026-05-23T09:35:16.900Z</time></trkpt>
<trkpt lat="54.394080" lon="18.816233"><time>2026-05-23T09:35:18.900Z</time></trkpt>
<trkpt lat="54.394066" lon="18.816284"><time>2026-05-23T09:35:20.900Z</time></trkpt>
<trkpt lat="54.394052" lon="18.816335"><time>2026-05-23T09:35:22.900Z</time></trkpt>
<trkpt lat="54.394038" lon="18.816387"><time>2026-05-23T09:35:24.900Z</time></trkpt>
<trkpt lat="54.394023" lon="18.816438"><time>2026-05-23T09:35:26.900Z</time></trkpt>
<trkpt lat="54.394006" lon="18.816489"><time>2026-05-23T09:35:28.900Z</time></trkpt>
<trkpt lat="54.393994" lon="18.816530"><time>2026-05-23T09:35:30.900Z</time></trkpt>
<trkpt lat="54.393980" lon="18.816575"><time>2026-05-23T09:35:32.900Z</time></trkpt>
<trkpt lat="54.393965" lon="18.816624"><time>2026-05-23T09:35:34.900Z</time></trkpt>
<trkpt lat="54.393948" lon="18.816673"><time>2026-05-23T09:35:36.900Z</time></trkpt>
<trkpt lat="54.393935" lon="18.816716"><time>2026-05-23T09:35:38.900Z</time></trkpt>
<trkpt lat="54.393918" lon="18.816766"><time>2026-05-23T09:35:40.900Z</time></trkpt>
<trkpt lat="54.393901" lon="18.816817"><time>2026-05-23T09:35:42.900Z</time></trkpt>
<trkpt lat="54.393887" lon="18.816872"><time>2026-05-23T09:35:44.900Z</time></trkpt>
<trkpt lat="54.393872" lon="18.816927"><time>2026-05-23T09:35:46.900Z</time></trkpt>
<trkpt lat="54.393858" lon="18.816980"><time>2026-05-23T09:35:48.900Z</time></trkpt>
<trkpt lat="54.393842" lon="18.817030"><time>2026-05-23T09:35:50.900Z</time></trkpt>
<trkpt lat="54.393827" lon="18.817082"><time>2026-05-23T09:35:52.900Z</time></trkpt>
<trkpt lat="54.393811" lon="18.817131"><time>2026-05-23T09:35:54.900Z</time></trkpt>
<trkpt lat="54.393796" lon="18.817180"><time>2026-05-23T09:35:56.900Z</time></trkpt>
<trkpt lat="54.393779" lon="18.817231"><time>2026-05-23T09:35:58.900Z</time></trkpt>
<trkpt lat="54.393766" lon="18.817283"><time>2026-05-23T09:36:00.900Z</time></trkpt>
<trkpt lat="54.393753" lon="18.817332"><time>2026-05-23T09:36:02.900Z</time></trkpt>
<trkpt lat="54.393735" lon="18.817381"><time>2026-05-23T09:36:04.900Z</time></trkpt>
<trkpt lat="54.393720" lon="18.817432"><time>2026-05-23T09:36:06.900Z</time></trkpt>
<trkpt lat="54.393712" lon="18.817456"><time>2026-05-23T09:36:08.000Z</time></trkpt>
<trkpt lat="54.393695" lon="18.817505"><time>2026-05-23T09:36:10.000Z</time></trkpt>
<trkpt lat="54.393679" lon="18.817553"><time>2026-05-23T09:36:12.000Z</time></trkpt>
<trkpt lat="54.393666" lon="18.817610"><time>2026-05-23T09:36:14.000Z</time></trkpt>
<trkpt lat="54.393649" lon="18.817665"><time>2026-05-23T09:36:16.000Z</time></trkpt>
<trkpt lat="54.393628" lon="18.817720"><time>2026-05-23T09:36:18.000Z</time></trkpt>
<trkpt lat="54.393608" lon="18.817787"><time>2026-05-23T09:36:20.000Z</time></trkpt>
<trkpt lat="54.393592" lon="18.817851"><time>2026-05-23T09:36:22.000Z</time></trkpt>
<trkpt lat="54.393575" lon="18.817902"><time>2026-05-23T09:36:24.000Z</time></trkpt>
<trkpt lat="54.393565" lon="18.817931"><time>2026-05-23T09:36:26.000Z</time></trkpt>
<trkpt lat="54.393557" lon="18.817986"><time>2026-05-23T09:36:28.000Z</time></trkpt>
<trkpt lat="54.393546" lon="18.818030"><time>2026-05-23T09:36:30.000Z</time></trkpt>
<trkpt lat="54.393516" lon="18.818091"><time>2026-05-23T09:36:32.000Z</time></trkpt>
<trkpt lat="54.393491" lon="18.818140"><time>2026-05-23T09:36:34.000Z</time></trkpt>
<trkpt lat="54.393478" lon="18.818188"><time>2026-05-23T09:36:36.000Z</time></trkpt>
<trkpt lat="54.393464" lon="18.818236"><time>2026-05-23T09:36:38.000Z</time></trkpt>
<trkpt lat="54.393448" lon="18.818285"><time>2026-05-23T09:36:40.000Z</time></trkpt>
<trkpt lat="54.393442" lon="18.818337"><time>2026-05-23T09:36:42.000Z</time></trkpt>
<trkpt lat="54.393446" lon="18.818388"><time>2026-05-23T09:36:44.000Z</time></trkpt>
<trkpt lat="54.393452" lon="18.818427"><time>2026-05-23T09:36:46.000Z</time></trkpt>
<trkpt lat="54.393458" lon="18.818464"><time>2026-05-23T09:36:48.000Z</time></trkpt>
<trkpt lat="54.393478" lon="18.818478"><time>2026-05-23T09:36:50.000Z</time></trkpt>
<trkpt lat="54.393504" lon="18.818480"><time>2026-05-23T09:36:52.000Z</time></trkpt>
<trkpt lat="54.393530" lon="18.818482"><time>2026-05-23T09:36:54.000Z</time></trkpt>
<trkpt lat="54.393558" lon="18.818491"><time>2026-05-23T09:36:56.000Z</time></trkpt>
<trkpt lat="54.393582" lon="18.818496"><time>2026-05-23T09:36:58.000Z</time></trkpt>
<trkpt lat="54.393608" lon="18.818511"><time>2026-05-23T09:37:00.000Z</time></trkpt>
<trkpt lat="54.393644" lon="18.818542"><time>2026-05-23T09:37:02.000Z</time></trkpt>
<trkpt lat="54.393675" lon="18.818547"><time>2026-05-23T09:37:04.000Z</time></trkpt>
<trkpt lat="54.393699" lon="18.818553"><time>2026-05-23T09:37:06.000Z</time></trkpt>
<trkpt lat="54.393716" lon="18.818565"><time>2026-05-23T09:37:08.000Z</time></trkpt>
<trkpt lat="54.393738" lon="18.818577"><time>2026-05-23T09:37:10.000Z</time></trkpt>
<trkpt lat="54.393759" lon="18.818586"><time>2026-05-23T09:37:12.000Z</time></trkpt>
<trkpt lat="54.393770" lon="18.818581"><time>2026-05-23T09:37:14.000Z</time></trkpt>
<trkpt lat="54.393793" lon="18.818585"><time>2026-05-23T09:37:16.000Z</time></trkpt>
<trkpt lat="54.393823" lon="18.818603"><time>2026-05-23T09:37:18.000Z</time></trkpt>
<trkpt lat="54.393858" lon="18.818615"><time>2026-05-23T09:37:20.000Z</time></trkpt>
<trkpt lat="54.393893" lon="18.818624"><time>2026-05-23T09:37:22.900Z</time></trkpt>
<trkpt lat="54.393915" lon="18.818630"><time>2026-05-23T09:37:24.900Z</time></trkpt>
<trkpt lat="54.393943" lon="18.818636"><time>2026-05-23T09:37:26.900Z</time></trkpt>
<trkpt lat="54.393970" lon="18.818640"><time>2026-05-23T09:37:28.900Z</time></trkpt>
<trkpt lat="54.393997" lon="18.818647"><time>2026-05-23T09:37:30.900Z</time></trkpt>
<trkpt lat="54.394026" lon="18.818648"><time>2026-05-23T09:37:32.900Z</time></trkpt>
<trkpt lat="54.394051" lon="18.818650"><time>2026-05-23T09:37:34.900Z</time></trkpt>
<trkpt lat="54.394078" lon="18.818657"><time>2026-05-23T09:37:36.900Z</time></trkpt>
<trkpt lat="54.394108" lon="18.818664"><time>2026-05-23T09:37:38.900Z</time></trkpt>
<trkpt lat="54.394141" lon="18.818676"><time>2026-05-23T09:37:40.900Z</time></trkpt>
<trkpt lat="54.394172" lon="18.818684"><time>2026-05-23T09:37:42.900Z</time></trkpt>
<trkpt lat="54.394204" lon="18.818686"><time>2026-05-23T09:37:44.900Z</time></trkpt>
<trkpt lat="54.394254" lon="18.818688"><time>2026-05-23T09:37:46.900Z</time></trkpt>
<trkpt lat="54.394273" lon="18.818698"><time>2026-05-23T09:37:48.900Z</time></trkpt>
<trkpt lat="54.394289" lon="18.818699"><time>2026-05-23T09:37:50.900Z</time></trkpt>
<trkpt lat="54.394319" lon="18.818708"><time>2026-05-23T09:37:52.900Z</time></trkpt>
<trkpt lat="54.394358" lon="18.818713"><time>2026-05-23T09:37:54.900Z</time></trkpt>
<trkpt lat="54.394390" lon="18.818717"><time>2026-05-23T09:37:56.900Z</time></trkpt>
<trkpt lat="54.394420" lon="18.818717"><time>2026-05-23T09:37:58.900Z</time></trkpt>
<trkpt lat="54.394425" lon="18.818717"><time>2026-05-23T09:38:00.900Z</time></trkpt>
<trkpt lat="54.394452" lon="18.818719"><time>2026-05-23T09:38:02.900Z</time></trkpt>
<trkpt lat="54.394485" lon="18.818711"><time>2026-05-23T09:38:04.900Z</time></trkpt>
<trkpt lat="54.394508" lon="18.818688"><time>2026-05-23T09:38:06.900Z</time></trkpt>
<trkpt lat="54.394521" lon="18.818663"><time>2026-05-23T09:38:08.900Z</time></trkpt>
<trkpt lat="54.394546" lon="18.818618"><time>2026-05-23T09:38:10.900Z</time></trkpt>
<trkpt lat="54.394567" lon="18.818556"><time>2026-05-23T09:38:12.900Z</time></trkpt>
<trkpt lat="54.394577" lon="18.818523"><time>2026-05-23T09:38:14.000Z</time></trkpt>
<trkpt lat="54.394593" lon="18.818464"><time>2026-05-23T09:38:16.000Z</time></trkpt>
<trkpt lat="54.394604" lon="18.818418"><time>2026-05-23T09:38:18.000Z</time></trkpt>
<trkpt lat="54.394612" lon="18.818373"><time>2026-05-23T09:38:20.000Z</time></trkpt>
<trkpt lat="54.394620" lon="18.818329"><time>2026-05-23T09:38:22.000Z</time></trkpt>
<trkpt lat="54.394626" lon="18.818291"><time>2026-05-23T09:38:24.000Z</time></trkpt>
<trkpt lat="54.394634" lon="18.818238"><time>2026-05-23T09:38:26.000Z</time></trkpt>
<trkpt lat="54.394638" lon="18.818193"><time>2026-05-23T09:38:28.000Z</time></trkpt>
<trkpt lat="54.394642" lon="18.818135"><time>2026-05-23T09:38:30.000Z</time></trkpt>
<trkpt lat="54.394643" lon="18.818096"><time>2026-05-23T09:38:32.000Z</time></trkpt>
<trkpt lat="54.394647" lon="18.818056"><time>2026-05-23T09:38:34.000Z</time></trkpt>
<trkpt lat="54.394650" lon="18.818017"><time>2026-05-23T09:38:36.000Z</time></trkpt>
<trkpt lat="54.394652" lon="18.817979"><time>2026-05-23T09:38:38.000Z</time></trkpt>
<trkpt lat="54.394657" lon="18.817945"><time>2026-05-23T09:38:40.000Z</time></trkpt>
<trkpt lat="54.394667" lon="18.817921"><time>2026-05-23T09:38:42.000Z</time></trkpt>
<trkpt lat="54.394677" lon="18.817900"><time>2026-05-23T09:38:44.000Z</time></trkpt>
<trkpt lat="54.394686" lon="18.817871"><time>2026-05-23T09:38:46.000Z</time></trkpt>
<trkpt lat="54.394694" lon="18.817845"><time>2026-05-23T09:38:48.000Z</time></trkpt>
<trkpt lat="54.394702" lon="18.817811"><time>2026-05-23T09:38:50.000Z</time></trkpt>
<trkpt lat="54.394704" lon="18.817753"><time>2026-05-23T09:38:52.000Z</time></trkpt>
<trkpt lat="54.394712" lon="18.817702"><time>2026-05-23T09:38:54.000Z</time></trkpt>
<trkpt lat="54.394715" lon="18.817673"><time>2026-05-23T09:38:56.000Z</time></trkpt>
<trkpt lat="54.394714" lon="18.817625"><time>2026-05-23T09:38:58.000Z</time></trkpt>
<trkpt lat="54.394721" lon="18.817591"><time>2026-05-23T09:39:00.000Z</time></trkpt>
<trkpt lat="54.394724" lon="18.817554"><time>2026-05-23T09:39:02.000Z</time></trkpt>
<trkpt lat="54.394723" lon="18.817516"><time>2026-05-23T09:39:04.000Z</time></trkpt>
<trkpt lat="54.394725" lon="18.817481"><time>2026-05-23T09:39:06.000Z</time></trkpt>
<trkpt lat="54.394724" lon="18.817448"><time>2026-05-23T09:39:08.000Z</time></trkpt>
<trkpt lat="54.394728" lon="18.817412"><time>2026-05-23T09:39:10.000Z</time></trkpt>
<trkpt lat="54.394731" lon="18.817377"><time>2026-05-23T09:39:12.000Z</time></trkpt>
<trkpt lat="54.394733" lon="18.817340"><time>2026-05-23T09:39:14.000Z</time></trkpt>
<trkpt lat="54.394737" lon="18.817303"><time>2026-05-23T09:39:16.000Z</time></trkpt>
<trkpt lat="54.394736" lon="18.817266"><time>2026-05-23T09:39:18.000Z</time></trkpt>
<trkpt lat="54.394736" lon="18.817230"><time>2026-05-23T09:39:20.000Z</time></trkpt>
<trkpt lat="54.394735" lon="18.817197"><time>2026-05-23T09:39:22.000Z</time></trkpt>
<trkpt lat="54.394737" lon="18.817158"><time>2026-05-23T09:39:24.000Z</time></trkpt>
<trkpt lat="54.394737" lon="18.817113"><time>2026-05-23T09:39:26.000Z</time></trkpt>
<trkpt lat="54.394736" lon="18.817076"><time>2026-05-23T09:39:28.000Z</time></trkpt>
<trkpt lat="54.394731" lon="18.817044"><time>2026-05-23T09:39:30.000Z</time></trkpt>
<trkpt lat="54.394725" lon="18.817010"><time>2026-05-23T09:39:32.000Z</time></trkpt>
<trkpt lat="54.394727" lon="18.816970"><time>2026-05-23T09:39:34.000Z</time></trkpt>
<trkpt lat="54.394733" lon="18.816930"><time>2026-05-23T09:39:36.000Z</time></trkpt>
<trkpt lat="54.394736" lon="18.816890"><time>2026-05-23T09:39:38.000Z</time></trkpt>
<trkpt lat="54.394742" lon="18.816850"><time>2026-05-23T09:39:40.000Z</time></trkpt>
<trkpt lat="54.394747" lon="18.816809"><time>2026-05-23T09:39:42.000Z</time></trkpt>
<trkpt lat="54.394751" lon="18.816775"><time>2026-05-23T09:39:44.000Z</time></trkpt>
<trkpt lat="54.394758" lon="18.816714"><time>2026-05-23T09:39:46.900Z</time></trkpt>
<trkpt lat="54.394761" lon="18.816670"><time>2026-05-23T09:39:48.900Z</time></trkpt>
<trkpt lat="54.394766" lon="18.816618"><time>2026-05-23T09:39:50.900Z</time></trkpt>
<trkpt lat="54.394769" lon="18.816575"><time>2026-05-23T09:39:52.900Z</time></trkpt>
<trkpt lat="54.394771" lon="18.816534"><time>2026-05-23T09:39:54.900Z</time></trkpt>
<trkpt lat="54.394773" lon="18.816494"><time>2026-05-23T09:39:56.900Z</time></trkpt>
<trkpt lat="54.394776" lon="18.816458"><time>2026-05-23T09:39:58.900Z</time></trkpt>
<trkpt lat="54.394775" lon="18.816419"><time>2026-05-23T09:40:00.900Z</time></trkpt>
<trkpt lat="54.394775" lon="18.816382"><time>2026-05-23T09:40:02.900Z</time></trkpt>
<trkpt lat="54.394775" lon="18.816342"><time>2026-05-23T09:40:04.900Z</time></trkpt>
<trkpt lat="54.394772" lon="18.816330"><time>2026-05-23T09:40:06.900Z</time></trkpt>
<trkpt lat="54.394765" lon="18.816297"><time>2026-05-23T09:40:08.900Z</time></trkpt>
<trkpt lat="54.394761" lon="18.816254"><time>2026-05-23T09:40:10.900Z</time></trkpt>
<trkpt lat="54.394756" lon="18.816211"><time>2026-05-23T09:40:12.900Z</time></trkpt>
<trkpt lat="54.394757" lon="18.816174"><time>2026-05-23T09:40:14.900Z</time></trkpt>
<trkpt lat="54.394755" lon="18.816139"><time>2026-05-23T09:40:16.900Z</time></trkpt>
<trkpt lat="54.394755" lon="18.816090"><time>2026-05-23T09:40:18.900Z</time></trkpt>
<trkpt lat="54.394755" lon="18.816067"><time>2026-05-23T09:40:20.000Z</time></trkpt>
<trkpt lat="54.394756" lon="18.816024"><time>2026-05-23T09:40:22.000Z</time></trkpt>
<trkpt lat="54.394757" lon="18.815986"><time>2026-05-23T09:40:24.000Z</time></trkpt>
<trkpt lat="54.394756" lon="18.815944"><time>2026-05-23T09:40:26.000Z</time></trkpt>
<trkpt lat="54.394756" lon="18.815905"><time>2026-05-23T09:40:28.000Z</time></trkpt>
<trkpt lat="54.394755" lon="18.815865"><time>2026-05-23T09:40:30.000Z</time></trkpt>
<trkpt lat="54.394755" lon="18.815826"><time>2026-05-23T09:40:32.000Z</time></trkpt>
<trkpt lat="54.394755" lon="18.815786"><time>2026-05-23T09:40:34.000Z</time></trkpt>
<trkpt lat="54.394756" lon="18.815746"><time>2026-05-23T09:40:36.000Z</time></trkpt>
<trkpt lat="54.394759" lon="18.815713"><time>2026-05-23T09:40:38.000Z</time></trkpt>
<trkpt lat="54.394761" lon="18.815671"><time>2026-05-23T09:40:40.000Z</time></trkpt>
<trkpt lat="54.394766" lon="18.815639"><time>2026-05-23T09:40:42.000Z</time></trkpt>
<trkpt lat="54.394769" lon="18.815600"><time>2026-05-23T09:40:44.000Z</time></trkpt>
<trkpt lat="54.394769" lon="18.815557"><time>2026-05-23T09:40:46.000Z</time></trkpt>
<trkpt lat="54.394770" lon="18.815520"><time>2026-05-23T09:40:48.000Z</time></trkpt>
<trkpt lat="54.394770" lon="18.815477"><time>2026-05-23T09:40:50.000Z</time></trkpt>
<trkpt lat="54.394768" lon="18.815433"><time>2026-05-23T09:40:52.000Z</time></trkpt>
<trkpt lat="54.394768" lon="18.815390"><time>2026-05-23T09:40:54.000Z</time></trkpt>
<trkpt lat="54.394770" lon="18.815346"><time>2026-05-23T09:40:56.000Z</time></trkpt>
<trkpt lat="54.394772" lon="18.815302"><time>2026-05-23T09:40:58.000Z</time></trkpt>
<trkpt lat="54.394772" lon="18.815262"><time>2026-05-23T09:41:00.000Z</time></trkpt>
<trkpt lat="54.394773" lon="18.815222"><time>2026-05-23T09:41:02.000Z</time></trkpt>
<trkpt lat="54.394774" lon="18.815178"><time>2026-05-23T09:41:04.000Z</time></trkpt>
<trkpt lat="54.394775" lon="18.815135"><time>2026-05-23T09:41:06.000Z</time></trkpt>
<trkpt lat="54.394777" lon="18.815090"><time>2026-05-23T09:41:08.000Z</time></trkpt>
<trkpt lat="54.394777" lon="18.815047"><time>2026-05-23T09:41:10.000Z</time></trkpt>
<trkpt lat="54.394778" lon="18.815002"><time>2026-05-23T09:41:12.000Z</time></trkpt>
<trkpt lat="54.394776" lon="18.814963"><time>2026-05-23T09:41:14.000Z</time></trkpt>
<trkpt lat="54.394777" lon="18.814923"><time>2026-05-23T09:41:16.000Z</time></trkpt>
<trkpt lat="54.394781" lon="18.814885"><time>2026-05-23T09:41:18.000Z</time></trkpt>
<trkpt lat="54.394782" lon="18.814844"><time>2026-05-23T09:41:20.000Z</time></trkpt>
<trkpt lat="54.394782" lon="18.814820"><time>2026-05-23T09:41:22.000Z</time></trkpt>
<trkpt lat="54.394779" lon="18.814781"><time>2026-05-23T09:41:24.000Z</time></trkpt>
<trkpt lat="54.394782" lon="18.814739"><time>2026-05-23T09:41:26.000Z</time></trkpt>
<trkpt lat="54.394787" lon="18.814699"><time>2026-05-23T09:41:28.000Z</time></trkpt>
<trkpt lat="54.394792" lon="18.814654"><time>2026-05-23T09:41:30.000Z</time></trkpt>
<trkpt lat="54.394799" lon="18.814610"><time>2026-05-23T09:41:32.000Z</time></trkpt>
<trkpt lat="54.394803" lon="18.814568"><time>2026-05-23T09:41:34.000Z</time></trkpt>
<trkpt lat="54.394807" lon="18.814527"><time>2026-05-23T09:41:36.000Z</time></trkpt>
<trkpt lat="54.394807" lon="18.814480"><time>2026-05-23T09:41:38.000Z</time></trkpt>
<trkpt lat="54.394810" lon="18.814434"><time>2026-05-23T09:41:40.000Z</time></trkpt>
<trkpt lat="54.394810" lon="18.814363"><time>2026-05-23T09:41:42.000Z</time></trkpt>
<trkpt lat="54.394815" lon="18.814319"><time>2026-05-23T09:41:44.000Z</time></trkpt>
<trkpt lat="54.394817" lon="18.814290"><time>2026-05-23T09:41:46.000Z</time></trkpt>
<trkpt lat="54.394820" lon="18.814250"><time>2026-05-23T09:41:48.000Z</time></trkpt>
<trkpt lat="54.394819" lon="18.814210"><time>2026-05-23T09:41:50.000Z</time></trkpt>
<trkpt lat="54.394825" lon="18.814152"><time>2026-05-23T09:41:52.900Z</time></trkpt>
<trkpt lat="54.394830" lon="18.814112"><time>2026-05-23T09:41:54.900Z</time></trkpt>
<trkpt lat="54.394832" lon="18.814070"><time>2026-05-23T09:41:56.900Z</time></trkpt>
<trkpt lat="54.394835" lon="18.814028"><time>2026-05-23T09:41:58.900Z</time></trkpt>
<trkpt lat="54.394835" lon="18.813987"><time>2026-05-23T09:42:00.900Z</time></trkpt>
<trkpt lat="54.394835" lon="18.813945"><time>2026-05-23T09:42:02.900Z</time></trkpt>
<trkpt lat="54.394836" lon="18.813902"><time>2026-05-23T09:42:04.900Z</time></trkpt>
<trkpt lat="54.394838" lon="18.813859"><time>2026-05-23T09:42:06.900Z</time></trkpt>
<trkpt lat="54.394841" lon="18.813823"><time>2026-05-23T09:42:08.900Z</time></trkpt>
<trkpt lat="54.394842" lon="18.813777"><time>2026-05-23T09:42:10.900Z</time></trkpt>
<trkpt lat="54.394841" lon="18.813733"><time>2026-05-23T09:42:12.900Z</time></trkpt>
<trkpt lat="54.394840" lon="18.813689"><time>2026-05-23T09:42:14.900Z</time></trkpt>
<trkpt lat="54.394837" lon="18.813651"><time>2026-05-23T09:42:16.900Z</time></trkpt>
<trkpt lat="54.394836" lon="18.813606"><time>2026-05-23T09:42:18.900Z</time></trkpt>
<trkpt lat="54.394836" lon="18.813569"><time>2026-05-23T09:42:20.900Z</time></trkpt>
<trkpt lat="54.394841" lon="18.813534"><time>2026-05-23T09:42:22.900Z</time></trkpt>
<trkpt lat="54.394844" lon="18.813488"><time>2026-05-23T09:42:24.900Z</time></trkpt>
<trkpt lat="54.394845" lon="18.813463"><time>2026-05-23T09:42:26.000Z</time></trkpt>
<trkpt lat="54.394845" lon="18.813417"><time>2026-05-23T09:42:28.000Z</time></trkpt>
<trkpt lat="54.394847" lon="18.813375"><time>2026-05-23T09:42:30.000Z</time></trkpt>
<trkpt lat="54.394850" lon="18.813329"><time>2026-05-23T09:42:32.000Z</time></trkpt>
<trkpt lat="54.394853" lon="18.813274"><time>2026-05-23T09:42:34.000Z</time></trkpt>
<trkpt lat="54.394856" lon="18.813235"><time>2026-05-23T09:42:36.000Z</time></trkpt>
<trkpt lat="54.394861" lon="18.813204"><time>2026-05-23T09:42:38.000Z</time></trkpt>
<trkpt lat="54.394866" lon="18.813167"><time>2026-05-23T09:42:40.000Z</time></trkpt>
<trkpt lat="54.394868" lon="18.813123"><time>2026-05-23T09:42:42.000Z</time></trkpt>
<trkpt lat="54.394876" lon="18.813084"><time>2026-05-23T09:42:44.000Z</time></trkpt>
<trkpt lat="54.394878" lon="18.813047"><time>2026-05-23T09:42:46.000Z</time></trkpt>
<trkpt lat="54.394877" lon="18.812998"><time>2026-05-23T09:42:48.000Z</time></trkpt>
<trkpt lat="54.394877" lon="18.812954"><time>2026-05-23T09:42:50.000Z</time></trkpt>
<trkpt lat="54.394879" lon="18.812918"><time>2026-05-23T09:42:52.000Z</time></trkpt>
<trkpt lat="54.394878" lon="18.812876"><time>2026-05-23T09:42:54.000Z</time></trkpt>
<trkpt lat="54.394881" lon="18.812831"><time>2026-05-23T09:42:56.000Z</time></trkpt>
<trkpt lat="54.394882" lon="18.812787"><time>2026-05-23T09:42:58.000Z</time></trkpt>
<trkpt lat="54.394885" lon="18.812755"><time>2026-05-23T09:43:00.000Z</time></trkpt>
<trkpt lat="54.394887" lon="18.812711"><time>2026-05-23T09:43:02.000Z</time></trkpt>
<trkpt lat="54.394888" lon="18.812660"><time>2026-05-23T09:43:04.000Z</time></trkpt>
<trkpt lat="54.394887" lon="18.812606"><time>2026-05-23T09:43:06.000Z</time></trkpt>
<trkpt lat="54.394887" lon="18.812548"><time>2026-05-23T09:43:08.000Z</time></trkpt>
<trkpt lat="54.394887" lon="18.812503"><time>2026-05-23T09:43:10.000Z</time></trkpt>
<trkpt lat="54.394887" lon="18.812464"><time>2026-05-23T09:43:12.000Z</time></trkpt>
<trkpt lat="54.394892" lon="18.812424"><time>2026-05-23T09:43:14.000Z</time></trkpt>
<trkpt lat="54.394896" lon="18.812390"><time>2026-05-23T09:43:16.000Z</time></trkpt>
<trkpt lat="54.394891" lon="18.812351"><time>2026-05-23T09:43:18.000Z</time></trkpt>
<trkpt lat="54.394887" lon="18.812302"><time>2026-05-23T09:43:20.000Z</time></trkpt>
<trkpt lat="54.394882" lon="18.812257"><time>2026-05-23T09:43:22.000Z</time></trkpt>
<trkpt lat="54.394885" lon="18.812235"><time>2026-05-23T09:43:24.000Z</time></trkpt>
<trkpt lat="54.394878" lon="18.812202"><time>2026-05-23T09:43:26.000Z</time></trkpt>
<trkpt lat="54.394870" lon="18.812168"><time>2026-05-23T09:43:28.000Z</time></trkpt>
<trkpt lat="54.394867" lon="18.812146"><time>2026-05-23T09:43:30.000Z</time></trkpt>
<trkpt lat="54.394863" lon="18.812144"><time>2026-05-23T09:43:32.000Z</time></trkpt>
<trkpt lat="54.394844" lon="18.812096"><time>2026-05-23T09:43:34.000Z</time></trkpt>
<trkpt lat="54.394829" lon="18.812054"><time>2026-05-23T09:43:36.000Z</time></trkpt>
<trkpt lat="54.394820" lon="18.812029"><time>2026-05-23T09:43:38.000Z</time></trkpt>
<trkpt lat="54.394813" lon="18.812002"><time>2026-05-23T09:43:40.000Z</time></trkpt>
<trkpt lat="54.394806" lon="18.811977"><time>2026-05-23T09:43:42.000Z</time></trkpt>
<trkpt lat="54.394793" lon="18.811945"><time>2026-05-23T09:43:44.000Z</time></trkpt>
<trkpt lat="54.394778" lon="18.811946"><time>2026-05-23T09:43:46.000Z</time></trkpt>
<trkpt lat="54.394772" lon="18.811935"><time>2026-05-23T09:43:48.000Z</time></trkpt>
<trkpt lat="54.394758" lon="18.811915"><time>2026-05-23T09:43:50.000Z</time></trkpt>
<trkpt lat="54.394742" lon="18.811891"><time>2026-05-23T09:43:52.900Z</time></trkpt>
<trkpt lat="54.394732" lon="18.811861"><time>2026-05-23T09:43:54.900Z</time></trkpt>
<trkpt lat="54.394724" lon="18.811824"><time>2026-05-23T09:43:56.900Z</time></trkpt>
<trkpt lat="54.394718" lon="18.811785"><time>2026-05-23T09:43:58.900Z</time></trkpt>
<trkpt lat="54.394707" lon="18.811767"><time>2026-05-23T09:44:00.900Z</time></trkpt>
<trkpt lat="54.394695" lon="18.811745"><time>2026-05-23T09:44:02.900Z</time></trkpt>
<trkpt lat="54.394679" lon="18.811721"><time>2026-05-23T09:44:04.900Z</time></trkpt>
<trkpt lat="54.394663" lon="18.811702"><time>2026-05-23T09:44:06.900Z</time></trkpt>
<trkpt lat="54.394653" lon="18.811679"><time>2026-05-23T09:44:08.900Z</time></trkpt>
<trkpt lat="54.394643" lon="18.811645"><time>2026-05-23T09:44:10.900Z</time></trkpt>
<trkpt lat="54.394627" lon="18.811609"><time>2026-05-23T09:44:12.900Z</time></trkpt>
<trkpt lat="54.394600" lon="18.811574"><time>2026-05-23T09:44:14.900Z</time></trkpt>
<trkpt lat="54.394592" lon="18.811557"><time>2026-05-23T09:44:16.900Z</time></trkpt>
<trkpt lat="54.394586" lon="18.811542"><time>2026-05-23T09:44:18.900Z</time></trkpt>
<trkpt lat="54.394570" lon="18.811519"><time>2026-05-23T09:44:20.900Z</time></trkpt>
<trkpt lat="54.394552" lon="18.811486"><time>2026-05-23T09:44:22.900Z</time></trkpt>
<trkpt lat="54.394532" lon="18.811453"><time>2026-05-23T09:44:24.900Z</time></trkpt>
<trkpt lat="54.394518" lon="18.811417"><time>2026-05-23T09:44:26.900Z</time></trkpt>
<trkpt lat="54.394507" lon="18.811384"><time>2026-05-23T09:44:28.900Z</time></trkpt>
<trkpt lat="54.394497" lon="18.811364"><time>2026-05-23T09:44:30.900Z</time></trkpt>
<trkpt lat="54.394491" lon="18.811351"><time>2026-05-23T09:44:32.000Z</time></trkpt>
<trkpt lat="54.394470" lon="18.811312"><time>2026-05-23T09:44:34.000Z</time></trkpt>
<trkpt lat="54.394445" lon="18.811264"><time>2026-05-23T09:44:36.000Z</time></trkpt>
<trkpt lat="54.394429" lon="18.811228"><time>2026-05-23T09:44:38.000Z</time></trkpt>
<trkpt lat="54.394409" lon="18.811180"><time>2026-05-23T09:44:40.000Z</time></trkpt>
<trkpt lat="54.394393" lon="18.811145"><time>2026-05-23T09:44:42.000Z</time></trkpt>
<trkpt lat="54.394374" lon="18.811108"><time>2026-05-23T09:44:44.000Z</time></trkpt>
<trkpt lat="54.394356" lon="18.811074"><time>2026-05-23T09:44:46.000Z</time></trkpt>
<trkpt lat="54.394338" lon="18.811039"><time>2026-05-23T09:44:48.000Z</time></trkpt>
<trkpt lat="54.394328" lon="18.811005"><time>2026-05-23T09:44:50.000Z</time></trkpt>
<trkpt lat="54.394320" lon="18.810978"><time>2026-05-23T09:44:52.000Z</time></trkpt>
<trkpt lat="54.394312" lon="18.810954"><time>2026-05-23T09:44:54.000Z</time></trkpt>
<trkpt lat="54.394302" lon="18.810924"><time>2026-05-23T09:44:56.000Z</time></trkpt>
<trkpt lat="54.394275" lon="18.810883"><time>2026-05-23T09:44:58.000Z</time></trkpt>
<trkpt lat="54.394259" lon="18.810856"><time>2026-05-23T09:45:00.000Z</time></trkpt>
<trkpt lat="54.394240" lon="18.810823"><time>2026-05-23T09:45:02.000Z</time></trkpt>
<trkpt lat="54.394222" lon="18.810790"><time>2026-05-23T09:45:04.000Z</time></trkpt>
<trkpt lat="54.394205" lon="18.810758"><time>2026-05-23T09:45:06.000Z</time></trkpt>
<trkpt lat="54.394187" lon="18.810721"><time>2026-05-23T09:45:08.000Z</time></trkpt>
<trkpt lat="54.394169" lon="18.810684"><time>2026-05-23T09:45:10.000Z</time></trkpt>
<trkpt lat="54.394151" lon="18.810652"><time>2026-05-23T09:45:12.000Z</time></trkpt>
<trkpt lat="54.394134" lon="18.810618"><time>2026-05-23T09:45:14.000Z</time></trkpt>
<trkpt lat="54.394113" lon="18.810584"><time>2026-05-23T09:45:16.000Z</time></trkpt>
<trkpt lat="54.394098" lon="18.810551"><time>2026-05-23T09:45:18.000Z</time></trkpt>
<trkpt lat="54.394081" lon="18.810519"><time>2026-05-23T09:45:20.000Z</time></trkpt>
<trkpt lat="54.394060" lon="18.810483"><time>2026-05-23T09:45:22.000Z</time></trkpt>
<trkpt lat="54.394041" lon="18.810447"><time>2026-05-23T09:45:24.000Z</time></trkpt>
<trkpt lat="54.394021" lon="18.810412"><time>2026-05-23T09:45:26.000Z</time></trkpt>
<trkpt lat="54.394001" lon="18.810376"><time>2026-05-23T09:45:28.000Z</time></trkpt>
<trkpt lat="54.393981" lon="18.810338"><time>2026-05-23T09:45:30.000Z</time></trkpt>
<trkpt lat="54.393962" lon="18.810303"><time>2026-05-23T09:45:32.000Z</time></trkpt>
<trkpt lat="54.393943" lon="18.810267"><time>2026-05-23T09:45:34.000Z</time></trkpt>
<trkpt lat="54.393922" lon="18.810235"><time>2026-05-23T09:45:36.000Z</time></trkpt>
<trkpt lat="54.393902" lon="18.810204"><time>2026-05-23T09:45:38.000Z</time></trkpt>
<trkpt lat="54.393883" lon="18.810172"><time>2026-05-23T09:45:40.000Z</time></trkpt>
<trkpt lat="54.393869" lon="18.810133"><time>2026-05-23T09:45:42.000Z</time></trkpt>
<trkpt lat="54.393853" lon="18.810095"><time>2026-05-23T09:45:44.000Z</time></trkpt>
<trkpt lat="54.393822" lon="18.810044"><time>2026-05-23T09:45:46.900Z</time></trkpt>
<trkpt lat="54.393801" lon="18.810015"><time>2026-05-23T09:45:48.900Z</time></trkpt>
<trkpt lat="54.393782" lon="18.809991"><time>2026-05-23T09:45:50.900Z</time></trkpt>
<trkpt lat="54.393766" lon="18.809965"><time>2026-05-23T09:45:52.900Z</time></trkpt>
<trkpt lat="54.393754" lon="18.809931"><time>2026-05-23T09:45:54.900Z</time></trkpt>
<trkpt lat="54.393746" lon="18.809895"><time>2026-05-23T09:45:56.900Z</time></trkpt>
<trkpt lat="54.393733" lon="18.809860"><time>2026-05-23T09:45:58.900Z</time></trkpt>
<trkpt lat="54.393726" lon="18.809821"><time>2026-05-23T09:46:00.900Z</time></trkpt>
<trkpt lat="54.393715" lon="18.809784"><time>2026-05-23T09:46:02.900Z</time></trkpt>
<trkpt lat="54.393702" lon="18.809747"><time>2026-05-23T09:46:04.900Z</time></trkpt>
<trkpt lat="54.393691" lon="18.809722"><time>2026-05-23T09:46:06.900Z</time></trkpt>
<trkpt lat="54.393676" lon="18.809685"><time>2026-05-23T09:46:08.900Z</time></trkpt>
<trkpt lat="54.393661" lon="18.809649"><time>2026-05-23T09:46:10.900Z</time></trkpt>
<trkpt lat="54.393647" lon="18.809613"><time>2026-05-23T09:46:12.900Z</time></trkpt>
<trkpt lat="54.393624" lon="18.809553"><time>2026-05-23T09:46:16.900Z</time></trkpt>
<trkpt lat="54.393618" lon="18.809537"><time>2026-05-23T09:46:17.900Z</time></trkpt>
<trkpt lat="54.393611" lon="18.809519"><time>2026-05-23T09:46:18.900Z</time></trkpt>
<trkpt lat="54.393597" lon="18.809483"><time>2026-05-23T09:46:20.900Z</time></trkpt>
<trkpt lat="54.393588" lon="18.809463"><time>2026-05-23T09:46:22.900Z</time></trkpt>
<trkpt lat="54.393573" lon="18.809428"><time>2026-05-23T09:46:24.900Z</time></trkpt>
<trkpt lat="54.393558" lon="18.809392"><time>2026-05-23T09:46:26.900Z</time></trkpt>
<trkpt lat="54.393543" lon="18.809357"><time>2026-05-23T09:46:28.900Z</time></trkpt>
<trkpt lat="54.393528" lon="18.809320"><time>2026-05-23T09:46:30.900Z</time></trkpt>
<trkpt lat="54.393514" lon="18.809281"><time>2026-05-23T09:46:32.900Z</time></trkpt>
<trkpt lat="54.393499" lon="18.809244"><time>2026-05-23T09:46:34.900Z</time></trkpt>
<trkpt lat="54.393484" lon="18.809205"><time>2026-05-23T09:46:36.900Z</time></trkpt>
<trkpt lat="54.393476" lon="18.809186"><time>2026-05-23T09:46:38.000Z</time></trkpt>
<trkpt lat="54.393461" lon="18.809151"><time>2026-05-23T09:46:40.000Z</time></trkpt>
<trkpt lat="54.393444" lon="18.809115"><time>2026-05-23T09:46:42.000Z</time></trkpt>
<trkpt lat="54.393416" lon="18.809059"><time>2026-05-23T09:46:44.000Z</time></trkpt>
<trkpt lat="54.393398" lon="18.809025"><time>2026-05-23T09:46:46.000Z</time></trkpt>
<trkpt lat="54.393384" lon="18.808997"><time>2026-05-23T09:46:48.000Z</time></trkpt>
<trkpt lat="54.393368" lon="18.808961"><time>2026-05-23T09:46:50.000Z</time></trkpt>
<trkpt lat="54.393348" lon="18.808929"><time>2026-05-23T09:46:52.000Z</time></trkpt>
<trkpt lat="54.393329" lon="18.808897"><time>2026-05-23T09:46:54.000Z</time></trkpt>
<trkpt lat="54.393309" lon="18.808867"><time>2026-05-23T09:46:56.000Z</time></trkpt>
<trkpt lat="54.393291" lon="18.808833"><time>2026-05-23T09:46:58.000Z</time></trkpt>
<trkpt lat="54.393271" lon="18.808800"><time>2026-05-23T09:47:00.000Z</time></trkpt>
<trkpt lat="54.393251" lon="18.808765"><time>2026-05-23T09:47:02.000Z</time></trkpt>
<trkpt lat="54.393227" lon="18.808731"><time>2026-05-23T09:47:04.000Z</time></trkpt>
<trkpt lat="54.393206" lon="18.808701"><time>2026-05-23T09:47:06.000Z</time></trkpt>
<trkpt lat="54.393187" lon="18.808665"><time>2026-05-23T09:47:08.000Z</time></trkpt>
<trkpt lat="54.393167" lon="18.808634"><time>2026-05-23T09:47:10.000Z</time></trkpt>
<trkpt lat="54.393149" lon="18.808601"><time>2026-05-23T09:47:12.000Z</time></trkpt>
<trkpt lat="54.393129" lon="18.808567"><time>2026-05-23T09:47:14.000Z</time></trkpt>
<trkpt lat="54.393108" lon="18.808532"><time>2026-05-23T09:47:16.000Z</time></trkpt>
<trkpt lat="54.393087" lon="18.808495"><time>2026-05-23T09:47:18.000Z</time></trkpt>
<trkpt lat="54.393067" lon="18.808457"><time>2026-05-23T09:47:20.000Z</time></trkpt>
<trkpt lat="54.393036" lon="18.808403"><time>2026-05-23T09:47:22.900Z</time></trkpt>
<trkpt lat="54.393015" lon="18.808367"><time>2026-05-23T09:47:24.900Z</time></trkpt>
<trkpt lat="54.392992" lon="18.808331"><time>2026-05-23T09:47:26.900Z</time></trkpt>
<trkpt lat="54.392969" lon="18.808293"><time>2026-05-23T09:47:28.900Z</time></trkpt>
<trkpt lat="54.392947" lon="18.808256"><time>2026-05-23T09:47:30.900Z</time></trkpt>
<trkpt lat="54.392925" lon="18.808219"><time>2026-05-23T09:47:32.900Z</time></trkpt>
<trkpt lat="54.392905" lon="18.808181"><time>2026-05-23T09:47:34.900Z</time></trkpt>
<trkpt lat="54.392882" lon="18.808145"><time>2026-05-23T09:47:36.900Z</time></trkpt>
<trkpt lat="54.392860" lon="18.808107"><time>2026-05-23T09:47:38.900Z</time></trkpt>
<trkpt lat="54.392838" lon="18.808070"><time>2026-05-23T09:47:40.900Z</time></trkpt>
<trkpt lat="54.392816" lon="18.808032"><time>2026-05-23T09:47:42.900Z</time></trkpt>
<trkpt lat="54.392794" lon="18.807994"><time>2026-05-23T09:47:44.900Z</time></trkpt>
<trkpt lat="54.392772" lon="18.807956"><time>2026-05-23T09:47:46.900Z</time></trkpt>
<trkpt lat="54.392750" lon="18.807918"><time>2026-05-23T09:47:48.900Z</time></trkpt>
<trkpt lat="54.392730" lon="18.807884"><time>2026-05-23T09:47:50.900Z</time></trkpt>
<trkpt lat="54.392712" lon="18.807852"><time>2026-05-23T09:47:52.900Z</time></trkpt>
<trkpt lat="54.392692" lon="18.807819"><time>2026-05-23T09:47:54.900Z</time></trkpt>
<trkpt lat="54.392671" lon="18.807787"><time>2026-05-23T09:47:56.900Z</time></trkpt>
<trkpt lat="54.392648" lon="18.807754"><time>2026-05-23T09:47:58.900Z</time></trkpt>
<trkpt lat="54.392625" lon="18.807720"><time>2026-05-23T09:48:00.900Z</time></trkpt>
<trkpt lat="54.392604" lon="18.807686"><time>2026-05-23T09:48:02.900Z</time></trkpt>
<trkpt lat="54.392582" lon="18.807649"><time>2026-05-23T09:48:04.900Z</time></trkpt>
<trkpt lat="54.392561" lon="18.807611"><time>2026-05-23T09:48:06.900Z</time></trkpt>
<trkpt lat="54.392539" lon="18.807576"><time>2026-05-23T09:48:08.900Z</time></trkpt>
<trkpt lat="54.392517" lon="18.807539"><time>2026-05-23T09:48:10.900Z</time></trkpt>
<trkpt lat="54.392495" lon="18.807503"><time>2026-05-23T09:48:12.900Z</time></trkpt>
<trkpt lat="54.392472" lon="18.807465"><time>2026-05-23T09:48:14.900Z</time></trkpt>
<trkpt lat="54.392449" lon="18.807427"><time>2026-05-23T09:48:16.900Z</time></trkpt>
<trkpt lat="54.392425" lon="18.807387"><time>2026-05-23T09:48:18.900Z</time></trkpt>
<trkpt lat="54.392401" lon="18.807342"><time>2026-05-23T09:48:20.900Z</time></trkpt>
<trkpt lat="54.392378" lon="18.807298"><time>2026-05-23T09:48:22.900Z</time></trkpt>
<trkpt lat="54.392356" lon="18.807253"><time>2026-05-23T09:48:24.900Z</time></trkpt>
<trkpt lat="54.392334" lon="18.807209"><time>2026-05-23T09:48:26.900Z</time></trkpt>
<trkpt lat="54.392312" lon="18.807166"><time>2026-05-23T09:48:28.900Z</time></trkpt>
<trkpt lat="54.392289" lon="18.807123"><time>2026-05-23T09:48:30.900Z</time></trkpt>
<trkpt lat="54.392268" lon="18.807081"><time>2026-05-23T09:48:32.900Z</time></trkpt>
<trkpt lat="54.392246" lon="18.807039"><time>2026-05-23T09:48:34.900Z</time></trkpt>
<trkpt lat="54.392224" lon="18.806998"><time>2026-05-23T09:48:36.900Z</time></trkpt>
<trkpt lat="54.392203" lon="18.806957"><time>2026-05-23T09:48:38.900Z</time></trkpt>
<trkpt lat="54.392182" lon="18.806916"><time>2026-05-23T09:48:40.900Z</time></trkpt>
<trkpt lat="54.392162" lon="18.806874"><time>2026-05-23T09:48:42.900Z</time></trkpt>
<trkpt lat="54.392151" lon="18.806853"><time>2026-05-23T09:48:44.000Z</time></trkpt>
<trkpt lat="54.392130" lon="18.806810"><time>2026-05-23T09:48:46.000Z</time></trkpt>
<trkpt lat="54.392109" lon="18.806769"><time>2026-05-23T09:48:48.000Z</time></trkpt>
<trkpt lat="54.392088" lon="18.806727"><time>2026-05-23T09:48:50.000Z</time></trkpt>
<trkpt lat="54.392068" lon="18.806684"><time>2026-05-23T09:48:52.000Z</time></trkpt>
<trkpt lat="54.392048" lon="18.806643"><time>2026-05-23T09:48:54.000Z</time></trkpt>
<trkpt lat="54.392029" lon="18.806600"><time>2026-05-23T09:48:56.000Z</time></trkpt>
<trkpt lat="54.392010" lon="18.806557"><time>2026-05-23T09:48:58.000Z</time></trkpt>
<trkpt lat="54.391992" lon="18.806514"><time>2026-05-23T09:49:00.000Z</time></trkpt>
<trkpt lat="54.391972" lon="18.806471"><time>2026-05-23T09:49:02.000Z</time></trkpt>
<trkpt lat="54.391954" lon="18.806428"><time>2026-05-23T09:49:04.000Z</time></trkpt>
<trkpt lat="54.391935" lon="18.806385"><time>2026-05-23T09:49:06.000Z</time></trkpt>
<trkpt lat="54.391916" lon="18.806341"><time>2026-05-23T09:49:08.000Z</time></trkpt>
<trkpt lat="54.391899" lon="18.806299"><time>2026-05-23T09:49:10.000Z</time></trkpt>
<trkpt lat="54.391880" lon="18.806255"><time>2026-05-23T09:49:12.000Z</time></trkpt>
<trkpt lat="54.391862" lon="18.806212"><time>2026-05-23T09:49:14.000Z</time></trkpt>
<trkpt lat="54.391844" lon="18.806169"><time>2026-05-23T09:49:16.000Z</time></trkpt>
<trkpt lat="54.391825" lon="18.806127"><time>2026-05-23T09:49:18.000Z</time></trkpt>
<trkpt lat="54.391805" lon="18.806087"><time>2026-05-23T09:49:20.000Z</time></trkpt>
<trkpt lat="54.391774" lon="18.806028"><time>2026-05-23T09:49:22.900Z</time></trkpt>
<trkpt lat="54.391754" lon="18.805989"><time>2026-05-23T09:49:24.900Z</time></trkpt>
<trkpt lat="54.391732" lon="18.805948"><time>2026-05-23T09:49:26.900Z</time></trkpt>
<trkpt lat="54.391711" lon="18.805908"><time>2026-05-23T09:49:28.900Z</time></trkpt>
<trkpt lat="54.391691" lon="18.805870"><time>2026-05-23T09:49:30.900Z</time></trkpt>
<trkpt lat="54.391670" lon="18.805831"><time>2026-05-23T09:49:32.900Z</time></trkpt>
<trkpt lat="54.391649" lon="18.805792"><time>2026-05-23T09:49:34.900Z</time></trkpt>
<trkpt lat="54.391628" lon="18.805753"><time>2026-05-23T09:49:36.900Z</time></trkpt>
<trkpt lat="54.391606" lon="18.805714"><time>2026-05-23T09:49:38.900Z</time></trkpt>
<trkpt lat="54.391584" lon="18.805677"><time>2026-05-23T09:49:40.900Z</time></trkpt>
<trkpt lat="54.391560" lon="18.805640"><time>2026-05-23T09:49:42.900Z</time></trkpt>
<trkpt lat="54.391537" lon="18.805603"><time>2026-05-23T09:49:44.900Z</time></trkpt>
<trkpt lat="54.391513" lon="18.805566"><time>2026-05-23T09:49:46.900Z</time></trkpt>
<trkpt lat="54.391492" lon="18.805531"><time>2026-05-23T09:49:48.900Z</time></trkpt>
<trkpt lat="54.391470" lon="18.805493"><time>2026-05-23T09:49:50.900Z</time></trkpt>
<trkpt lat="54.391448" lon="18.805458"><time>2026-05-23T09:49:52.900Z</time></trkpt>
<trkpt lat="54.391425" lon="18.805421"><time>2026-05-23T09:49:54.900Z</time></trkpt>
<trkpt lat="54.391403" lon="18.805388"><time>2026-05-23T09:49:56.900Z</time></trkpt>
<trkpt lat="54.391383" lon="18.805360"><time>2026-05-23T09:49:58.900Z</time></trkpt>
<trkpt lat="54.391360" lon="18.805327"><time>2026-05-23T09:50:00.900Z</time></trkpt>
<trkpt lat="54.391339" lon="18.805295"><time>2026-05-23T09:50:02.900Z</time></trkpt>
<trkpt lat="54.391321" lon="18.805266"><time>2026-05-23T09:50:04.900Z</time></trkpt>
<trkpt lat="54.391303" lon="18.805237"><time>2026-05-23T09:50:06.900Z</time></trkpt>
<trkpt lat="54.391283" lon="18.805207"><time>2026-05-23T09:50:08.900Z</time></trkpt>
<trkpt lat="54.391264" lon="18.805176"><time>2026-05-23T09:50:10.900Z</time></trkpt>
<trkpt lat="54.391245" lon="18.805146"><time>2026-05-23T09:50:12.900Z</time></trkpt>
<trkpt lat="54.391223" lon="18.805111"><time>2026-05-23T09:50:14.900Z</time></trkpt>
<trkpt lat="54.391203" lon="18.805082"><time>2026-05-23T09:50:16.900Z</time></trkpt>
<trkpt lat="54.391181" lon="18.805051"><time>2026-05-23T09:50:18.900Z</time></trkpt>
<trkpt lat="54.391160" lon="18.805016"><time>2026-05-23T09:50:20.900Z</time></trkpt>
<trkpt lat="54.391139" lon="18.804984"><time>2026-05-23T09:50:22.900Z</time></trkpt>
<trkpt lat="54.391118" lon="18.804951"><time>2026-05-23T09:50:24.900Z</time></trkpt>
<trkpt lat="54.391096" lon="18.804919"><time>2026-05-23T09:50:26.900Z</time></trkpt>
<trkpt lat="54.391076" lon="18.804886"><time>2026-05-23T09:50:28.900Z</time></trkpt>
<trkpt lat="54.391055" lon="18.804854"><time>2026-05-23T09:50:30.900Z</time></trkpt>
<trkpt lat="54.391034" lon="18.804820"><time>2026-05-23T09:50:32.900Z</time></trkpt>
<trkpt lat="54.391014" lon="18.804786"><time>2026-05-23T09:50:34.900Z</time></trkpt>
<trkpt lat="54.390993" lon="18.804751"><time>2026-05-23T09:50:36.900Z</time></trkpt>
<trkpt lat="54.390973" lon="18.804716"><time>2026-05-23T09:50:38.900Z</time></trkpt>
<trkpt lat="54.390953" lon="18.804681"><time>2026-05-23T09:50:40.900Z</time></trkpt>
<trkpt lat="54.390933" lon="18.804647"><time>2026-05-23T09:50:42.900Z</time></trkpt>
<trkpt lat="54.390913" lon="18.804612"><time>2026-05-23T09:50:44.900Z</time></trkpt>
<trkpt lat="54.390892" lon="18.804578"><time>2026-05-23T09:50:46.900Z</time></trkpt>
<trkpt lat="54.390870" lon="18.804544"><time>2026-05-23T09:50:48.900Z</time></trkpt>
<trkpt lat="54.390859" lon="18.804527"><time>2026-05-23T09:50:50.000Z</time></trkpt>
<trkpt lat="54.390838" lon="18.804491"><time>2026-05-23T09:50:52.000Z</time></trkpt>
<trkpt lat="54.390818" lon="18.804456"><time>2026-05-23T09:50:54.000Z</time></trkpt>
<trkpt lat="54.390797" lon="18.804420"><time>2026-05-23T09:50:56.000Z</time></trkpt>
<trkpt lat="54.390777" lon="18.804384"><time>2026-05-23T09:50:58.000Z</time></trkpt>
<trkpt lat="54.390755" lon="18.804347"><time>2026-05-23T09:51:00.000Z</time></trkpt>
<trkpt lat="54.390734" lon="18.804311"><time>2026-05-23T09:51:02.000Z</time></trkpt>
<trkpt lat="54.390712" lon="18.804276"><time>2026-05-23T09:51:04.000Z</time></trkpt>
<trkpt lat="54.390691" lon="18.804241"><time>2026-05-23T09:51:06.000Z</time></trkpt>
<trkpt lat="54.390670" lon="18.804205"><time>2026-05-23T09:51:08.000Z</time></trkpt>
<trkpt lat="54.390649" lon="18.804169"><time>2026-05-23T09:51:10.000Z</time></trkpt>
<trkpt lat="54.390627" lon="18.804131"><time>2026-05-23T09:51:12.000Z</time></trkpt>
<trkpt lat="54.390606" lon="18.804095"><time>2026-05-23T09:51:14.000Z</time></trkpt>
<trkpt lat="54.390583" lon="18.804059"><time>2026-05-23T09:51:16.000Z</time></trkpt>
<trkpt lat="54.390561" lon="18.804025"><time>2026-05-23T09:51:18.000Z</time></trkpt>
<trkpt lat="54.390543" lon="18.804003"><time>2026-05-23T09:51:20.000Z</time></trkpt>
<trkpt lat="54.390522" lon="18.803970"><time>2026-05-23T09:51:22.000Z</time></trkpt>
<trkpt lat="54.390499" lon="18.803935"><time>2026-05-23T09:51:24.000Z</time></trkpt>
<trkpt lat="54.390479" lon="18.803903"><time>2026-05-23T09:51:26.000Z</time></trkpt>
<trkpt lat="54.390457" lon="18.803870"><time>2026-05-23T09:51:28.000Z</time></trkpt>
<trkpt lat="54.390436" lon="18.803837"><time>2026-05-23T09:51:30.000Z</time></trkpt>
<trkpt lat="54.390415" lon="18.803805"><time>2026-05-23T09:51:32.000Z</time></trkpt>
<trkpt lat="54.390394" lon="18.803770"><time>2026-05-23T09:51:34.000Z</time></trkpt>
<trkpt lat="54.390371" lon="18.803731"><time>2026-05-23T09:51:36.000Z</time></trkpt>
<trkpt lat="54.390350" lon="18.803696"><time>2026-05-23T09:51:38.000Z</time></trkpt>
<trkpt lat="54.390331" lon="18.803663"><time>2026-05-23T09:51:40.000Z</time></trkpt>
<trkpt lat="54.390296" lon="18.803611"><time>2026-05-23T09:51:42.900Z</time></trkpt>
<trkpt lat="54.390271" lon="18.803573"><time>2026-05-23T09:51:44.900Z</time></trkpt>
<trkpt lat="54.390249" lon="18.803537"><time>2026-05-23T09:51:46.900Z</time></trkpt>
<trkpt lat="54.390221" lon="18.803493"><time>2026-05-23T09:51:48.900Z</time></trkpt>
<trkpt lat="54.390196" lon="18.803456"><time>2026-05-23T09:51:50.900Z</time></trkpt>
<trkpt lat="54.390171" lon="18.803419"><time>2026-05-23T09:51:52.900Z</time></trkpt>
<trkpt lat="54.390153" lon="18.803387"><time>2026-05-23T09:51:54.900Z</time></trkpt>
<trkpt lat="54.390131" lon="18.803350"><time>2026-05-23T09:51:56.900Z</time></trkpt>
<trkpt lat="54.390110" lon="18.803319"><time>2026-05-23T09:51:58.900Z</time></trkpt>
<trkpt lat="54.390086" lon="18.803280"><time>2026-05-23T09:52:00.900Z</time></trkpt>
<trkpt lat="54.390061" lon="18.803245"><time>2026-05-23T09:52:02.900Z</time></trkpt>
<trkpt lat="54.390038" lon="18.803211"><time>2026-05-23T09:52:04.900Z</time></trkpt>
<trkpt lat="54.390015" lon="18.803181"><time>2026-05-23T09:52:06.900Z</time></trkpt>
<trkpt lat="54.389990" lon="18.803143"><time>2026-05-23T09:52:08.900Z</time></trkpt>
<trkpt lat="54.389965" lon="18.803104"><time>2026-05-23T09:52:10.900Z</time></trkpt>
<trkpt lat="54.389943" lon="18.803069"><time>2026-05-23T09:52:12.900Z</time></trkpt>
<trkpt lat="54.389919" lon="18.803034"><time>2026-05-23T09:52:14.900Z</time></trkpt>
<trkpt lat="54.389892" lon="18.802998"><time>2026-05-23T09:52:16.900Z</time></trkpt>
<trkpt lat="54.389868" lon="18.802963"><time>2026-05-23T09:52:18.900Z</time></trkpt>
<trkpt lat="54.389845" lon="18.802924"><time>2026-05-23T09:52:20.900Z</time></trkpt>
<trkpt lat="54.389820" lon="18.802888"><time>2026-05-23T09:52:22.900Z</time></trkpt>
<trkpt lat="54.389798" lon="18.802849"><time>2026-05-23T09:52:24.900Z</time></trkpt>
<trkpt lat="54.389774" lon="18.802812"><time>2026-05-23T09:52:26.900Z</time></trkpt>
<trkpt lat="54.389752" lon="18.802778"><time>2026-05-23T09:52:28.900Z</time></trkpt>
<trkpt lat="54.389730" lon="18.802745"><time>2026-05-23T09:52:30.900Z</time></trkpt>
<trkpt lat="54.389707" lon="18.802709"><time>2026-05-23T09:52:32.900Z</time></trkpt>
<trkpt lat="54.389684" lon="18.802671"><time>2026-05-23T09:52:34.900Z</time></trkpt>
<trkpt lat="54.389662" lon="18.802633"><time>2026-05-23T09:52:36.900Z</time></trkpt>
<trkpt lat="54.389640" lon="18.802598"><time>2026-05-23T09:52:38.900Z</time></trkpt>
<trkpt lat="54.389619" lon="18.802560"><time>2026-05-23T09:52:40.900Z</time></trkpt>
<trkpt lat="54.389597" lon="18.802521"><time>2026-05-23T09:52:42.900Z</time></trkpt>
<trkpt lat="54.389574" lon="18.802484"><time>2026-05-23T09:52:44.900Z</time></trkpt>
<trkpt lat="54.389551" lon="18.802450"><time>2026-05-23T09:52:46.900Z</time></trkpt>
<trkpt lat="54.389528" lon="18.802414"><time>2026-05-23T09:52:48.900Z</time></trkpt>
<trkpt lat="54.389504" lon="18.802376"><time>2026-05-23T09:52:50.900Z</time></trkpt>
<trkpt lat="54.389479" lon="18.802342"><time>2026-05-23T09:52:52.900Z</time></trkpt>
<trkpt lat="54.389457" lon="18.802312"><time>2026-05-23T09:52:54.900Z</time></trkpt>
<trkpt lat="54.389446" lon="18.802296"><time>2026-05-23T09:52:56.000Z</time></trkpt>
<trkpt lat="54.389421" lon="18.802262"><time>2026-05-23T09:52:58.000Z</time></trkpt>
<trkpt lat="54.389398" lon="18.802229"><time>2026-05-23T09:53:00.000Z</time></trkpt>
<trkpt lat="54.389374" lon="18.802194"><time>2026-05-23T09:53:02.000Z</time></trkpt>
<trkpt lat="54.389350" lon="18.802160"><time>2026-05-23T09:53:04.000Z</time></trkpt>
<trkpt lat="54.389325" lon="18.802127"><time>2026-05-23T09:53:06.000Z</time></trkpt>
<trkpt lat="54.389300" lon="18.802093"><time>2026-05-23T09:53:08.000Z</time></trkpt>
<trkpt lat="54.389271" lon="18.802061"><time>2026-05-23T09:53:10.000Z</time></trkpt>
<trkpt lat="54.389239" lon="18.802021"><time>2026-05-23T09:53:12.000Z</time></trkpt>
<trkpt lat="54.389209" lon="18.801984"><time>2026-05-23T09:53:14.000Z</time></trkpt>
<trkpt lat="54.389186" lon="18.801953"><time>2026-05-23T09:53:16.000Z</time></trkpt>
<trkpt lat="54.389163" lon="18.801911"><time>2026-05-23T09:53:18.000Z</time></trkpt>
<trkpt lat="54.389141" lon="18.801874"><time>2026-05-23T09:53:20.000Z</time></trkpt>
<trkpt lat="54.389120" lon="18.801840"><time>2026-05-23T09:53:22.000Z</time></trkpt>
<trkpt lat="54.389098" lon="18.801803"><time>2026-05-23T09:53:24.000Z</time></trkpt>
<trkpt lat="54.389074" lon="18.801767"><time>2026-05-23T09:53:26.000Z</time></trkpt>
<trkpt lat="54.389052" lon="18.801733"><time>2026-05-23T09:53:28.000Z</time></trkpt>
<trkpt lat="54.389028" lon="18.801695"><time>2026-05-23T09:53:30.000Z</time></trkpt>
<trkpt lat="54.389004" lon="18.801657"><time>2026-05-23T09:53:32.000Z</time></trkpt>
<trkpt lat="54.388981" lon="18.801623"><time>2026-05-23T09:53:34.000Z</time></trkpt>
<trkpt lat="54.388956" lon="18.801588"><time>2026-05-23T09:53:36.000Z</time></trkpt>
<trkpt lat="54.388931" lon="18.801551"><time>2026-05-23T09:53:38.000Z</time></trkpt>
<trkpt lat="54.388906" lon="18.801514"><time>2026-05-23T09:53:40.000Z</time></trkpt>
<trkpt lat="54.388882" lon="18.801477"><time>2026-05-23T09:53:42.000Z</time></trkpt>
<trkpt lat="54.388859" lon="18.801440"><time>2026-05-23T09:53:44.000Z</time></trkpt>
<trkpt lat="54.388835" lon="18.801402"><time>2026-05-23T09:53:46.000Z</time></trkpt>
<trkpt lat="54.388811" lon="18.801365"><time>2026-05-23T09:53:48.000Z</time></trkpt>
<trkpt lat="54.388786" lon="18.801327"><time>2026-05-23T09:53:50.000Z</time></trkpt>
<trkpt lat="54.388762" lon="18.801287"><time>2026-05-23T09:53:52.000Z</time></trkpt>
<trkpt lat="54.388738" lon="18.801250"><time>2026-05-23T09:53:54.000Z</time></trkpt>
<trkpt lat="54.388713" lon="18.801213"><time>2026-05-23T09:53:56.000Z</time></trkpt>
<trkpt lat="54.388679" lon="18.801159"><time>2026-05-23T09:53:58.900Z</time></trkpt>
<trkpt lat="54.388656" lon="18.801122"><time>2026-05-23T09:54:00.900Z</time></trkpt>
<trkpt lat="54.388634" lon="18.801085"><time>2026-05-23T09:54:02.900Z</time></trkpt>
<trkpt lat="54.388610" lon="18.801048"><time>2026-05-23T09:54:04.900Z</time></trkpt>
<trkpt lat="54.388587" lon="18.801012"><time>2026-05-23T09:54:06.900Z</time></trkpt>
<trkpt lat="54.388564" lon="18.800976"><time>2026-05-23T09:54:08.900Z</time></trkpt>
<trkpt lat="54.388539" lon="18.800941"><time>2026-05-23T09:54:10.900Z</time></trkpt>
<trkpt lat="54.388517" lon="18.800904"><time>2026-05-23T09:54:12.900Z</time></trkpt>
<trkpt lat="54.388495" lon="18.800869"><time>2026-05-23T09:54:14.900Z</time></trkpt>
<trkpt lat="54.388471" lon="18.800835"><time>2026-05-23T09:54:16.900Z</time></trkpt>
<trkpt lat="54.388447" lon="18.800805"><time>2026-05-23T09:54:18.900Z</time></trkpt>
<trkpt lat="54.388421" lon="18.800775"><time>2026-05-23T09:54:20.900Z</time></trkpt>
<trkpt lat="54.388398" lon="18.800742"><time>2026-05-23T09:54:22.900Z</time></trkpt>
<trkpt lat="54.388374" lon="18.800710"><time>2026-05-23T09:54:24.900Z</time></trkpt>
<trkpt lat="54.388350" lon="18.800675"><time>2026-05-23T09:54:26.900Z</time></trkpt>
<trkpt lat="54.388326" lon="18.800637"><time>2026-05-23T09:54:28.900Z</time></trkpt>
<trkpt lat="54.388304" lon="18.800613"><time>2026-05-23T09:54:30.900Z</time></trkpt>
<trkpt lat="54.388276" lon="18.800586"><time>2026-05-23T09:54:32.900Z</time></trkpt>
<trkpt lat="54.388253" lon="18.800553"><time>2026-05-23T09:54:34.900Z</time></trkpt>
<trkpt lat="54.388229" lon="18.800519"><time>2026-05-23T09:54:36.900Z</time></trkpt>
<trkpt lat="54.388204" lon="18.800483"><time>2026-05-23T09:54:38.900Z</time></trkpt>
<trkpt lat="54.388179" lon="18.800450"><time>2026-05-23T09:54:40.900Z</time></trkpt>
<trkpt lat="54.388153" lon="18.800414"><time>2026-05-23T09:54:42.900Z</time></trkpt>
<trkpt lat="54.388129" lon="18.800381"><time>2026-05-23T09:54:44.900Z</time></trkpt>
<trkpt lat="54.388104" lon="18.800347"><time>2026-05-23T09:54:46.900Z</time></trkpt>
<trkpt lat="54.388077" lon="18.800313"><time>2026-05-23T09:54:48.900Z</time></trkpt>
<trkpt lat="54.388051" lon="18.800280"><time>2026-05-23T09:54:50.900Z</time></trkpt>
<trkpt lat="54.388023" lon="18.800244"><time>2026-05-23T09:54:52.900Z</time></trkpt>
<trkpt lat="54.387995" lon="18.800208"><time>2026-05-23T09:54:54.900Z</time></trkpt>
<trkpt lat="54.387968" lon="18.800174"><time>2026-05-23T09:54:56.900Z</time></trkpt>
<trkpt lat="54.387941" lon="18.800141"><time>2026-05-23T09:54:58.900Z</time></trkpt>
<trkpt lat="54.387914" lon="18.800107"><time>2026-05-23T09:55:00.900Z</time></trkpt>
<trkpt lat="54.387899" lon="18.800091"><time>2026-05-23T09:55:02.000Z</time></trkpt>
<trkpt lat="54.387872" lon="18.800060"><time>2026-05-23T09:55:04.000Z</time></trkpt>
<trkpt lat="54.387843" lon="18.800027"><time>2026-05-23T09:55:06.000Z</time></trkpt>
<trkpt lat="54.387815" lon="18.799995"><time>2026-05-23T09:55:08.000Z</time></trkpt>
<trkpt lat="54.387788" lon="18.799963"><time>2026-05-23T09:55:10.000Z</time></trkpt>
<trkpt lat="54.387761" lon="18.799932"><time>2026-05-23T09:55:12.000Z</time></trkpt>
<trkpt lat="54.387733" lon="18.799903"><time>2026-05-23T09:55:14.000Z</time></trkpt>
<trkpt lat="54.387706" lon="18.799872"><time>2026-05-23T09:55:16.000Z</time></trkpt>
<trkpt lat="54.387677" lon="18.799840"><time>2026-05-23T09:55:18.000Z</time></trkpt>
<trkpt lat="54.387649" lon="18.799811"><time>2026-05-23T09:55:20.000Z</time></trkpt>
<trkpt lat="54.387621" lon="18.799781"><time>2026-05-23T09:55:22.000Z</time></trkpt>
<trkpt lat="54.387595" lon="18.799748"><time>2026-05-23T09:55:24.000Z</time></trkpt>
<trkpt lat="54.387568" lon="18.799713"><time>2026-05-23T09:55:26.000Z</time></trkpt>
<trkpt lat="54.387545" lon="18.799673"><time>2026-05-23T09:55:28.000Z</time></trkpt>
<trkpt lat="54.387524" lon="18.799633"><time>2026-05-23T09:55:30.000Z</time></trkpt>
<trkpt lat="54.387503" lon="18.799595"><time>2026-05-23T09:55:32.000Z</time></trkpt>
<trkpt lat="54.387482" lon="18.799557"><time>2026-05-23T09:55:34.000Z</time></trkpt>
<trkpt lat="54.387460" lon="18.799522"><time>2026-05-23T09:55:36.000Z</time></trkpt>
<trkpt lat="54.387438" lon="18.799487"><time>2026-05-23T09:55:38.000Z</time></trkpt>
<trkpt lat="54.387416" lon="18.799454"><time>2026-05-23T09:55:40.000Z</time></trkpt>
<trkpt lat="54.387395" lon="18.799421"><time>2026-05-23T09:55:42.000Z</time></trkpt>
<trkpt lat="54.387373" lon="18.799389"><time>2026-05-23T09:55:44.000Z</time></trkpt>
<trkpt lat="54.387350" lon="18.799359"><time>2026-05-23T09:55:46.000Z</time></trkpt>
<trkpt lat="54.387328" lon="18.799328"><time>2026-05-23T09:55:48.000Z</time></trkpt>
<trkpt lat="54.387305" lon="18.799299"><time>2026-05-23T09:55:50.000Z</time></trkpt>
<trkpt lat="54.387281" lon="18.799266"><time>2026-05-23T09:55:52.000Z</time></trkpt>
<trkpt lat="54.387255" lon="18.799235"><time>2026-05-23T09:55:54.000Z</time></trkpt>
<trkpt lat="54.387232" lon="18.799204"><time>2026-05-23T09:55:56.000Z</time></trkpt>
<trkpt lat="54.387209" lon="18.799172"><time>2026-05-23T09:55:58.000Z</time></trkpt>
<trkpt lat="54.387186" lon="18.799139"><time>2026-05-23T09:56:00.000Z</time></trkpt>
<trkpt lat="54.387162" lon="18.799104"><time>2026-05-23T09:56:02.000Z</time></trkpt>
<trkpt lat="54.387128" lon="18.799050"><time>2026-05-23T09:56:04.900Z</time></trkpt>
<trkpt lat="54.387106" lon="18.799016"><time>2026-05-23T09:56:06.900Z</time></trkpt>
<trkpt lat="54.387083" lon="18.798983"><time>2026-05-23T09:56:08.900Z</time></trkpt>
<trkpt lat="54.387059" lon="18.798953"><time>2026-05-23T09:56:10.900Z</time></trkpt>
<trkpt lat="54.387035" lon="18.798923"><time>2026-05-23T09:56:12.900Z</time></trkpt>
<trkpt lat="54.387010" lon="18.798891"><time>2026-05-23T09:56:14.900Z</time></trkpt>
<trkpt lat="54.386985" lon="18.798859"><time>2026-05-23T09:56:16.900Z</time></trkpt>
<trkpt lat="54.386961" lon="18.798827"><time>2026-05-23T09:56:18.900Z</time></trkpt>
<trkpt lat="54.386936" lon="18.798793"><time>2026-05-23T09:56:20.900Z</time></trkpt>
<trkpt lat="54.386912" lon="18.798760"><time>2026-05-23T09:56:22.900Z</time></trkpt>
<trkpt lat="54.386887" lon="18.798729"><time>2026-05-23T09:56:24.900Z</time></trkpt>
<trkpt lat="54.386862" lon="18.798697"><time>2026-05-23T09:56:26.900Z</time></trkpt>
<trkpt lat="54.386836" lon="18.798667"><time>2026-05-23T09:56:28.900Z</time></trkpt>
<trkpt lat="54.386811" lon="18.798638"><time>2026-05-23T09:56:30.900Z</time></trkpt>
<trkpt lat="54.386785" lon="18.798606"><time>2026-05-23T09:56:32.900Z</time></trkpt>
<trkpt lat="54.386758" lon="18.798574"><time>2026-05-23T09:56:34.900Z</time></trkpt>
<trkpt lat="54.386733" lon="18.798545"><time>2026-05-23T09:56:36.900Z</time></trkpt>
<trkpt lat="54.386708" lon="18.798513"><time>2026-05-23T09:56:38.900Z</time></trkpt>
<trkpt lat="54.386682" lon="18.798482"><time>2026-05-23T09:56:40.900Z</time></trkpt>
<trkpt lat="54.386659" lon="18.798451"><time>2026-05-23T09:56:42.900Z</time></trkpt>
<trkpt lat="54.386635" lon="18.798418"><time>2026-05-23T09:56:44.900Z</time></trkpt>
<trkpt lat="54.386610" lon="18.798385"><time>2026-05-23T09:56:46.900Z</time></trkpt>
<trkpt lat="54.386587" lon="18.798352"><time>2026-05-23T09:56:48.900Z</time></trkpt>
<trkpt lat="54.386567" lon="18.798315"><time>2026-05-23T09:56:50.900Z</time></trkpt>
<trkpt lat="54.386546" lon="18.798282"><time>2026-05-23T09:56:52.900Z</time></trkpt>
<trkpt lat="54.386526" lon="18.798245"><time>2026-05-23T09:56:54.900Z</time></trkpt>
<trkpt lat="54.386511" lon="18.798209"><time>2026-05-23T09:56:56.900Z</time></trkpt>
<trkpt lat="54.386498" lon="18.798172"><time>2026-05-23T09:56:58.900Z</time></trkpt>
<trkpt lat="54.386485" lon="18.798136"><time>2026-05-23T09:57:00.900Z</time></trkpt>
<trkpt lat="54.386471" lon="18.798095"><time>2026-05-23T09:57:02.900Z</time></trkpt>
<trkpt lat="54.386459" lon="18.798061"><time>2026-05-23T09:57:04.900Z</time></trkpt>
<trkpt lat="54.386446" lon="18.798026"><time>2026-05-23T09:57:07.000Z</time></trkpt>
<trkpt lat="54.386439" lon="18.798008"><time>2026-05-23T09:57:08.000Z</time></trkpt>
<trkpt lat="54.386423" lon="18.797974"><time>2026-05-23T09:57:10.000Z</time></trkpt>
<trkpt lat="54.386406" lon="18.797936"><time>2026-05-23T09:57:12.000Z</time></trkpt>
<trkpt lat="54.386388" lon="18.797894"><time>2026-05-23T09:57:14.000Z</time></trkpt>
<trkpt lat="54.386373" lon="18.797868"><time>2026-05-23T09:57:16.000Z</time></trkpt>
<trkpt lat="54.386359" lon="18.797842"><time>2026-05-23T09:57:18.000Z</time></trkpt>
<trkpt lat="54.386342" lon="18.797812"><time>2026-05-23T09:57:20.000Z</time></trkpt>
<trkpt lat="54.386321" lon="18.797781"><time>2026-05-23T09:57:22.000Z</time></trkpt>
<trkpt lat="54.386298" lon="18.797750"><time>2026-05-23T09:57:24.000Z</time></trkpt>
<trkpt lat="54.386275" lon="18.797721"><time>2026-05-23T09:57:26.000Z</time></trkpt>
<trkpt lat="54.386251" lon="18.797691"><time>2026-05-23T09:57:28.000Z</time></trkpt>
<trkpt lat="54.386226" lon="18.797662"><time>2026-05-23T09:57:30.000Z</time></trkpt>
<trkpt lat="54.386202" lon="18.797632"><time>2026-05-23T09:57:32.000Z</time></trkpt>
<trkpt lat="54.386179" lon="18.797599"><time>2026-05-23T09:57:34.000Z</time></trkpt>
<trkpt lat="54.386161" lon="18.797562"><time>2026-05-23T09:57:36.000Z</time></trkpt>
<trkpt lat="54.386147" lon="18.797531"><time>2026-05-23T09:57:38.000Z</time></trkpt>
<trkpt lat="54.386118" lon="18.797507"><time>2026-05-23T09:57:40.000Z</time></trkpt>
<trkpt lat="54.386094" lon="18.797501"><time>2026-05-23T09:57:42.000Z</time></trkpt>
<trkpt lat="54.386070" lon="18.797465"><time>2026-05-23T09:57:44.000Z</time></trkpt>
<trkpt lat="54.386051" lon="18.797433"><time>2026-05-23T09:57:46.000Z</time></trkpt>
<trkpt lat="54.386034" lon="18.797406"><time>2026-05-23T09:57:48.000Z</time></trkpt>
<trkpt lat="54.386004" lon="18.797380"><time>2026-05-23T09:57:50.000Z</time></trkpt>
<trkpt lat="54.385981" lon="18.797363"><time>2026-05-23T09:57:52.000Z</time></trkpt>
<trkpt lat="54.385955" lon="18.797334"><time>2026-05-23T09:57:54.000Z</time></trkpt>
<trkpt lat="54.385926" lon="18.797297"><time>2026-05-23T09:57:56.000Z</time></trkpt>
<trkpt lat="54.385899" lon="18.797264"><time>2026-05-23T09:57:58.000Z</time></trkpt>
<trkpt lat="54.385873" lon="18.797229"><time>2026-05-23T09:58:00.000Z</time></trkpt>
<trkpt lat="54.385848" lon="18.797196"><time>2026-05-23T09:58:02.000Z</time></trkpt>
<trkpt lat="54.385821" lon="18.797164"><time>2026-05-23T09:58:04.000Z</time></trkpt>
<trkpt lat="54.385793" lon="18.797132"><time>2026-05-23T09:58:06.000Z</time></trkpt>
<trkpt lat="54.385756" lon="18.797082"><time>2026-05-23T09:58:08.900Z</time></trkpt>
<trkpt lat="54.385730" lon="18.797048"><time>2026-05-23T09:58:10.900Z</time></trkpt>
<trkpt lat="54.385702" lon="18.797018"><time>2026-05-23T09:58:12.900Z</time></trkpt>
<trkpt lat="54.385677" lon="18.796987"><time>2026-05-23T09:58:14.900Z</time></trkpt>
<trkpt lat="54.385650" lon="18.796954"><time>2026-05-23T09:58:16.900Z</time></trkpt>
<trkpt lat="54.385625" lon="18.796922"><time>2026-05-23T09:58:18.900Z</time></trkpt>
<trkpt lat="54.385600" lon="18.796891"><time>2026-05-23T09:58:20.900Z</time></trkpt>
<trkpt lat="54.385573" lon="18.796861"><time>2026-05-23T09:58:22.900Z</time></trkpt>
<trkpt lat="54.385548" lon="18.796829"><time>2026-05-23T09:58:24.900Z</time></trkpt>
<trkpt lat="54.385523" lon="18.796798"><time>2026-05-23T09:58:26.900Z</time></trkpt>
<trkpt lat="54.385496" lon="18.796767"><time>2026-05-23T09:58:28.900Z</time></trkpt>
<trkpt lat="54.385471" lon="18.796736"><time>2026-05-23T09:58:30.900Z</time></trkpt>
<trkpt lat="54.385445" lon="18.796708"><time>2026-05-23T09:58:32.900Z</time></trkpt>
<trkpt lat="54.385419" lon="18.796677"><time>2026-05-23T09:58:34.900Z</time></trkpt>
<trkpt lat="54.385392" lon="18.796648"><time>2026-05-23T09:58:36.900Z</time></trkpt>
<trkpt lat="54.385365" lon="18.796619"><time>2026-05-23T09:58:38.900Z</time></trkpt>
<trkpt lat="54.385338" lon="18.796590"><time>2026-05-23T09:58:40.900Z</time></trkpt>
<trkpt lat="54.385311" lon="18.796558"><time>2026-05-23T09:58:42.900Z</time></trkpt>
<trkpt lat="54.385283" lon="18.796530"><time>2026-05-23T09:58:44.900Z</time></trkpt>
<trkpt lat="54.385253" lon="18.796502"><time>2026-05-23T09:58:46.900Z</time></trkpt>
<trkpt lat="54.385228" lon="18.796468"><time>2026-05-23T09:58:48.900Z</time></trkpt>
<trkpt lat="54.385201" lon="18.796439"><time>2026-05-23T09:58:50.900Z</time></trkpt>
<trkpt lat="54.385173" lon="18.796408"><time>2026-05-23T09:58:52.900Z</time></trkpt>
<trkpt lat="54.385149" lon="18.796375"><time>2026-05-23T09:58:54.900Z</time></trkpt>
<trkpt lat="54.385124" lon="18.796345"><time>2026-05-23T09:58:56.900Z</time></trkpt>
<trkpt lat="54.385094" lon="18.796318"><time>2026-05-23T09:58:58.900Z</time></trkpt>
<trkpt lat="54.385057" lon="18.796284"><time>2026-05-23T09:59:00.900Z</time></trkpt>
<trkpt lat="54.385032" lon="18.796254"><time>2026-05-23T09:59:02.900Z</time></trkpt>
<trkpt lat="54.385000" lon="18.796225"><time>2026-05-23T09:59:04.900Z</time></trkpt>
<trkpt lat="54.384973" lon="18.796204"><time>2026-05-23T09:59:06.900Z</time></trkpt>
<trkpt lat="54.384946" lon="18.796176"><time>2026-05-23T09:59:08.900Z</time></trkpt>
<trkpt lat="54.384919" lon="18.796149"><time>2026-05-23T09:59:10.900Z</time></trkpt>
<trkpt lat="54.384905" lon="18.796135"><time>2026-05-23T09:59:12.000Z</time></trkpt>
<trkpt lat="54.384880" lon="18.796114"><time>2026-05-23T09:59:14.000Z</time></trkpt>
<trkpt lat="54.384852" lon="18.796087"><time>2026-05-23T09:59:16.000Z</time></trkpt>
<trkpt lat="54.384826" lon="18.796056"><time>2026-05-23T09:59:18.000Z</time></trkpt>
<trkpt lat="54.384799" lon="18.796030"><time>2026-05-23T09:59:20.000Z</time></trkpt>
<trkpt lat="54.384770" lon="18.796001"><time>2026-05-23T09:59:22.000Z</time></trkpt>
<trkpt lat="54.384741" lon="18.795977"><time>2026-05-23T09:59:24.000Z</time></trkpt>
<trkpt lat="54.384712" lon="18.795951"><time>2026-05-23T09:59:26.000Z</time></trkpt>
<trkpt lat="54.384684" lon="18.795925"><time>2026-05-23T09:59:28.000Z</time></trkpt>
<trkpt lat="54.384657" lon="18.795897"><time>2026-05-23T09:59:30.000Z</time></trkpt>
<trkpt lat="54.384631" lon="18.795871"><time>2026-05-23T09:59:32.000Z</time></trkpt>
<trkpt lat="54.384604" lon="18.795842"><time>2026-05-23T09:59:34.000Z</time></trkpt>
<trkpt lat="54.384578" lon="18.795810"><time>2026-05-23T09:59:36.000Z</time></trkpt>
<trkpt lat="54.384549" lon="18.795781"><time>2026-05-23T09:59:38.000Z</time></trkpt>
<trkpt lat="54.384521" lon="18.795758"><time>2026-05-23T09:59:40.000Z</time></trkpt>
<trkpt lat="54.384493" lon="18.795729"><time>2026-05-23T09:59:42.000Z</time></trkpt>
<trkpt lat="54.384470" lon="18.795701"><time>2026-05-23T09:59:44.000Z</time></trkpt>
<trkpt lat="54.384444" lon="18.795673"><time>2026-05-23T09:59:46.000Z</time></trkpt>
<trkpt lat="54.384416" lon="18.795641"><time>2026-05-23T09:59:48.000Z</time></trkpt>
<trkpt lat="54.384393" lon="18.795617"><time>2026-05-23T09:59:50.000Z</time></trkpt>
<trkpt lat="54.384371" lon="18.795583"><time>2026-05-23T09:59:52.000Z</time></trkpt>
<trkpt lat="54.384346" lon="18.795544"><time>2026-05-23T09:59:54.000Z</time></trkpt>
<trkpt lat="54.384330" lon="18.795514"><time>2026-05-23T09:59:56.000Z</time></trkpt>
<trkpt lat="54.384296" lon="18.795486"><time>2026-05-23T09:59:58.000Z</time></trkpt>
<trkpt lat="54.384267" lon="18.795459"><time>2026-05-23T10:00:00.000Z</time></trkpt>
<trkpt lat="54.384238" lon="18.795427"><time>2026-05-23T10:00:02.000Z</time></trkpt>
<trkpt lat="54.384210" lon="18.795397"><time>2026-05-23T10:00:04.000Z</time></trkpt>
<trkpt lat="54.384171" lon="18.795356"><time>2026-05-23T10:00:06.900Z</time></trkpt>
<trkpt lat="54.384141" lon="18.795327"><time>2026-05-23T10:00:08.900Z</time></trkpt>
<trkpt lat="54.384119" lon="18.795291"><time>2026-05-23T10:00:10.900Z</time></trkpt>
<trkpt lat="54.384092" lon="18.795267"><time>2026-05-23T10:00:12.900Z</time></trkpt>
<trkpt lat="54.384064" lon="18.795245"><time>2026-05-23T10:00:14.900Z</time></trkpt>
<trkpt lat="54.384039" lon="18.795219"><time>2026-05-23T10:00:16.900Z</time></trkpt>
<trkpt lat="54.384011" lon="18.795193"><time>2026-05-23T10:00:18.900Z</time></trkpt>
<trkpt lat="54.383984" lon="18.795167"><time>2026-05-23T10:00:20.900Z</time></trkpt>
<trkpt lat="54.383960" lon="18.795139"><time>2026-05-23T10:00:22.900Z</time></trkpt>
<trkpt lat="54.383933" lon="18.795113"><time>2026-05-23T10:00:24.900Z</time></trkpt>
<trkpt lat="54.383903" lon="18.795087"><time>2026-05-23T10:00:26.900Z</time></trkpt>
<trkpt lat="54.383879" lon="18.795069"><time>2026-05-23T10:00:28.900Z</time></trkpt>
<trkpt lat="54.383854" lon="18.795041"><time>2026-05-23T10:00:30.900Z</time></trkpt>
<trkpt lat="54.383828" lon="18.795011"><time>2026-05-23T10:00:32.900Z</time></trkpt>
<trkpt lat="54.383804" lon="18.794983"><time>2026-05-23T10:00:34.900Z</time></trkpt>
<trkpt lat="54.383778" lon="18.794946"><time>2026-05-23T10:00:36.900Z</time></trkpt>
<trkpt lat="54.383751" lon="18.794914"><time>2026-05-23T10:00:38.900Z</time></trkpt>
<trkpt lat="54.383728" lon="18.794882"><time>2026-05-23T10:00:40.900Z</time></trkpt>
<trkpt lat="54.383701" lon="18.794845"><time>2026-05-23T10:00:42.900Z</time></trkpt>
<trkpt lat="54.383677" lon="18.794811"><time>2026-05-23T10:00:44.900Z</time></trkpt>
<trkpt lat="54.383654" lon="18.794780"><time>2026-05-23T10:00:46.900Z</time></trkpt>
<trkpt lat="54.383634" lon="18.794758"><time>2026-05-23T10:00:48.900Z</time></trkpt>
<trkpt lat="54.383621" lon="18.794737"><time>2026-05-23T10:00:50.900Z</time></trkpt>
<trkpt lat="54.383609" lon="18.794716"><time>2026-05-23T10:00:52.900Z</time></trkpt>
<trkpt lat="54.383592" lon="18.794688"><time>2026-05-23T10:00:54.900Z</time></trkpt>
<trkpt lat="54.383562" lon="18.794658"><time>2026-05-23T10:00:56.900Z</time></trkpt>
<trkpt lat="54.383527" lon="18.794629"><time>2026-05-23T10:00:58.900Z</time></trkpt>
<trkpt lat="54.383488" lon="18.794609"><time>2026-05-23T10:01:00.900Z</time></trkpt>
<trkpt lat="54.383457" lon="18.794589"><time>2026-05-23T10:01:02.900Z</time></trkpt>
<trkpt lat="54.383431" lon="18.794558"><time>2026-05-23T10:01:04.900Z</time></trkpt>
<trkpt lat="54.383402" lon="18.794517"><time>2026-05-23T10:01:06.900Z</time></trkpt>
<trkpt lat="54.383366" lon="18.794477"><time>2026-05-23T10:01:08.900Z</time></trkpt>
<trkpt lat="54.383319" lon="18.794450"><time>2026-05-23T10:01:10.900Z</time></trkpt>
<trkpt lat="54.383280" lon="18.794422"><time>2026-05-23T10:01:12.900Z</time></trkpt>
<trkpt lat="54.383250" lon="18.794396"><time>2026-05-23T10:01:14.900Z</time></trkpt>
<trkpt lat="54.383223" lon="18.794371"><time>2026-05-23T10:01:16.900Z</time></trkpt>
<trkpt lat="54.383211" lon="18.794362"><time>2026-05-23T10:01:18.000Z</time></trkpt>
<trkpt lat="54.383184" lon="18.794338"><time>2026-05-23T10:01:20.000Z</time></trkpt>
<trkpt lat="54.383154" lon="18.794303"><time>2026-05-23T10:01:22.000Z</time></trkpt>
<trkpt lat="54.383118" lon="18.794266"><time>2026-05-23T10:01:24.000Z</time></trkpt>
<trkpt lat="54.383088" lon="18.794241"><time>2026-05-23T10:01:26.000Z</time></trkpt>
<trkpt lat="54.383058" lon="18.794212"><time>2026-05-23T10:01:28.000Z</time></trkpt>
<trkpt lat="54.383033" lon="18.794191"><time>2026-05-23T10:01:30.000Z</time></trkpt>
<trkpt lat="54.383012" lon="18.794166"><time>2026-05-23T10:01:32.000Z</time></trkpt>
<trkpt lat="54.382991" lon="18.794146"><time>2026-05-23T10:01:34.000Z</time></trkpt>
<trkpt lat="54.382968" lon="18.794127"><time>2026-05-23T10:01:36.000Z</time></trkpt>
<trkpt lat="54.382938" lon="18.794107"><time>2026-05-23T10:01:38.000Z</time></trkpt>
<trkpt lat="54.382903" lon="18.794091"><time>2026-05-23T10:01:40.000Z</time></trkpt>
<trkpt lat="54.382884" lon="18.794070"><time>2026-05-23T10:01:42.000Z</time></trkpt>
<trkpt lat="54.382861" lon="18.794047"><time>2026-05-23T10:01:44.000Z</time></trkpt>
<trkpt lat="54.382832" lon="18.794024"><time>2026-05-23T10:01:46.000Z</time></trkpt>
<trkpt lat="54.382808" lon="18.794006"><time>2026-05-23T10:01:48.000Z</time></trkpt>
<trkpt lat="54.382779" lon="18.793982"><time>2026-05-23T10:01:50.000Z</time></trkpt>
<trkpt lat="54.382750" lon="18.793961"><time>2026-05-23T10:01:52.000Z</time></trkpt>
<trkpt lat="54.382728" lon="18.793940"><time>2026-05-23T10:01:54.000Z</time></trkpt>
<trkpt lat="54.382706" lon="18.793917"><time>2026-05-23T10:01:56.000Z</time></trkpt>
<trkpt lat="54.382694" lon="18.793905"><time>2026-05-23T10:01:58.000Z</time></trkpt>
<trkpt lat="54.382673" lon="18.793884"><time>2026-05-23T10:02:00.000Z</time></trkpt>
<trkpt lat="54.382648" lon="18.793866"><time>2026-05-23T10:02:02.000Z</time></trkpt>
<trkpt lat="54.382622" lon="18.793838"><time>2026-05-23T10:02:04.000Z</time></trkpt>
<trkpt lat="54.382596" lon="18.793817"><time>2026-05-23T10:02:06.000Z</time></trkpt>
<trkpt lat="54.382560" lon="18.793796"><time>2026-05-23T10:02:08.900Z</time></trkpt>
<trkpt lat="54.382537" lon="18.793785"><time>2026-05-23T10:02:10.900Z</time></trkpt>
<trkpt lat="54.382516" lon="18.793788"><time>2026-05-23T10:02:12.900Z</time></trkpt>
<trkpt lat="54.382491" lon="18.793793"><time>2026-05-23T10:02:14.900Z</time></trkpt>
<trkpt lat="54.382470" lon="18.793777"><time>2026-05-23T10:02:16.900Z</time></trkpt>
<trkpt lat="54.382446" lon="18.793766"><time>2026-05-23T10:02:18.900Z</time></trkpt>
<trkpt lat="54.382425" lon="18.793749"><time>2026-05-23T10:02:20.900Z</time></trkpt>
<trkpt lat="54.382416" lon="18.793750"><time>2026-05-23T10:02:22.900Z</time></trkpt>
<trkpt lat="54.382387" lon="18.793749"><time>2026-05-23T10:02:24.900Z</time></trkpt>
<trkpt lat="54.382357" lon="18.793727"><time>2026-05-23T10:02:26.900Z</time></trkpt>
<trkpt lat="54.382332" lon="18.793704"><time>2026-05-23T10:02:28.900Z</time></trkpt>
<trkpt lat="54.382313" lon="18.793683"><time>2026-05-23T10:02:30.900Z</time></trkpt>
<trkpt lat="54.382287" lon="18.793667"><time>2026-05-23T10:02:32.900Z</time></trkpt>
<trkpt lat="54.382262" lon="18.793662"><time>2026-05-23T10:02:34.900Z</time></trkpt>
<trkpt lat="54.382236" lon="18.793652"><time>2026-05-23T10:02:36.900Z</time></trkpt>
<trkpt lat="54.382212" lon="18.793645"><time>2026-05-23T10:02:38.900Z</time></trkpt>
<trkpt lat="54.382183" lon="18.793642"><time>2026-05-23T10:02:40.900Z</time></trkpt>
<trkpt lat="54.382149" lon="18.793654"><time>2026-05-23T10:02:42.900Z</time></trkpt>
<trkpt lat="54.382113" lon="18.793681"><time>2026-05-23T10:02:44.900Z</time></trkpt>
<trkpt lat="54.382082" lon="18.793704"><time>2026-05-23T10:02:46.900Z</time></trkpt>
<trkpt lat="54.382054" lon="18.793727"><time>2026-05-23T10:02:48.900Z</time></trkpt>
<trkpt lat="54.382033" lon="18.793753"><time>2026-05-23T10:02:50.900Z</time></trkpt>
<trkpt lat="54.382019" lon="18.793780"><time>2026-05-23T10:02:52.900Z</time></trkpt>
<trkpt lat="54.382009" lon="18.793799"><time>2026-05-23T10:02:54.900Z</time></trkpt>
<trkpt lat="54.382005" lon="18.793841"><time>2026-05-23T10:02:56.900Z</time></trkpt>
<trkpt lat="54.382015" lon="18.793928"><time>2026-05-23T10:02:58.900Z</time></trkpt>
<trkpt lat="54.382002" lon="18.793960"><time>2026-05-23T10:03:00.900Z</time></trkpt>
<trkpt lat="54.381984" lon="18.793985"><time>2026-05-23T10:03:02.900Z</time></trkpt>
<trkpt lat="54.381968" lon="18.794013"><time>2026-05-23T10:03:04.900Z</time></trkpt>
<trkpt lat="54.381953" lon="18.794040"><time>2026-05-23T10:03:06.900Z</time></trkpt>
<trkpt lat="54.381938" lon="18.794067"><time>2026-05-23T10:03:08.900Z</time></trkpt>
<trkpt lat="54.381923" lon="18.794096"><time>2026-05-23T10:03:10.900Z</time></trkpt>
<trkpt lat="54.381906" lon="18.794134"><time>2026-05-23T10:03:12.900Z</time></trkpt>
<trkpt lat="54.381888" lon="18.794174"><time>2026-05-23T10:03:14.900Z</time></trkpt>
<trkpt lat="54.381879" lon="18.794221"><time>2026-05-23T10:03:16.900Z</time></trkpt>
<trkpt lat="54.381873" lon="18.794249"><time>2026-05-23T10:03:18.900Z</time></trkpt>
<trkpt lat="54.381864" lon="18.794291"><time>2026-05-23T10:03:20.900Z</time></trkpt>
<trkpt lat="54.381854" lon="18.794344"><time>2026-05-23T10:03:22.900Z</time></trkpt>
<trkpt lat="54.381853" lon="18.794363"><time>2026-05-23T10:03:24.000Z</time></trkpt>
<trkpt lat="54.381855" lon="18.794395"><time>2026-05-23T10:03:26.000Z</time></trkpt>
<trkpt lat="54.381851" lon="18.794453"><time>2026-05-23T10:03:28.000Z</time></trkpt>
<trkpt lat="54.381844" lon="18.794497"><time>2026-05-23T10:03:30.000Z</time></trkpt>
<trkpt lat="54.381839" lon="18.794533"><time>2026-05-23T10:03:32.000Z</time></trkpt>
<trkpt lat="54.381832" lon="18.794582"><time>2026-05-23T10:03:34.000Z</time></trkpt>
<trkpt lat="54.381825" lon="18.794618"><time>2026-05-23T10:03:36.000Z</time></trkpt>
<trkpt lat="54.381819" lon="18.794659"><time>2026-05-23T10:03:38.000Z</time></trkpt>
<trkpt lat="54.381810" lon="18.794697"><time>2026-05-23T10:03:40.000Z</time></trkpt>
<trkpt lat="54.381805" lon="18.794742"><time>2026-05-23T10:03:42.000Z</time></trkpt>
<trkpt lat="54.381800" lon="18.794789"><time>2026-05-23T10:03:44.000Z</time></trkpt>
<trkpt lat="54.381799" lon="18.794842"><time>2026-05-23T10:03:46.000Z</time></trkpt>
<trkpt lat="54.381791" lon="18.794879"><time>2026-05-23T10:03:48.000Z</time></trkpt>
<trkpt lat="54.381785" lon="18.794922"><time>2026-05-23T10:03:50.000Z</time></trkpt>
<trkpt lat="54.381775" lon="18.794966"><time>2026-05-23T10:03:52.000Z</time></trkpt>
<trkpt lat="54.381763" lon="18.795018"><time>2026-05-23T10:03:54.000Z</time></trkpt>
<trkpt lat="54.381753" lon="18.795074"><time>2026-05-23T10:03:56.000Z</time></trkpt>
<trkpt lat="54.381741" lon="18.795121"><time>2026-05-23T10:03:58.000Z</time></trkpt>
<trkpt lat="54.381735" lon="18.795165"><time>2026-05-23T10:04:00.000Z</time></trkpt>
<trkpt lat="54.381728" lon="18.795216"><time>2026-05-23T10:04:02.000Z</time></trkpt>
<trkpt lat="54.381719" lon="18.795262"><time>2026-05-23T10:04:04.000Z</time></trkpt>
<trkpt lat="54.381711" lon="18.795306"><time>2026-05-23T10:04:06.000Z</time></trkpt>
<trkpt lat="54.381702" lon="18.795348"><time>2026-05-23T10:04:08.000Z</time></trkpt>
<trkpt lat="54.381693" lon="18.795392"><time>2026-05-23T10:04:10.000Z</time></trkpt>
<trkpt lat="54.381693" lon="18.795418"><time>2026-05-23T10:04:12.000Z</time></trkpt>
<trkpt lat="54.381692" lon="18.795458"><time>2026-05-23T10:04:14.000Z</time></trkpt>
<trkpt lat="54.381677" lon="18.795538"><time>2026-05-23T10:04:16.900Z</time></trkpt>
<trkpt lat="54.381663" lon="18.795580"><time>2026-05-23T10:04:18.900Z</time></trkpt>
<trkpt lat="54.381653" lon="18.795620"><time>2026-05-23T10:04:20.900Z</time></trkpt>
<trkpt lat="54.381639" lon="18.795665"><time>2026-05-23T10:04:22.900Z</time></trkpt>
<trkpt lat="54.381625" lon="18.795710"><time>2026-05-23T10:04:24.900Z</time></trkpt>
<trkpt lat="54.381610" lon="18.795755"><time>2026-05-23T10:04:26.900Z</time></trkpt>
<trkpt lat="54.381596" lon="18.795808"><time>2026-05-23T10:04:28.900Z</time></trkpt>
<trkpt lat="54.381584" lon="18.795858"><time>2026-05-23T10:04:30.900Z</time></trkpt>
<trkpt lat="54.381570" lon="18.795918"><time>2026-05-23T10:04:32.900Z</time></trkpt>
<trkpt lat="54.381557" lon="18.795975"><time>2026-05-23T10:04:34.900Z</time></trkpt>
<trkpt lat="54.381541" lon="18.796037"><time>2026-05-23T10:04:36.900Z</time></trkpt>
<trkpt lat="54.381526" lon="18.796088"><time>2026-05-23T10:04:38.900Z</time></trkpt>
<trkpt lat="54.381514" lon="18.796134"><time>2026-05-23T10:04:40.900Z</time></trkpt>
<trkpt lat="54.381496" lon="18.796185"><time>2026-05-23T10:04:42.900Z</time></trkpt>
<trkpt lat="54.381481" lon="18.796240"><time>2026-05-23T10:04:44.900Z</time></trkpt>
<trkpt lat="54.381467" lon="18.796294"><time>2026-05-23T10:04:46.900Z</time></trkpt>
<trkpt lat="54.381447" lon="18.796338"><time>2026-05-23T10:04:48.900Z</time></trkpt>
<trkpt lat="54.381430" lon="18.796384"><time>2026-05-23T10:04:50.900Z</time></trkpt>
<trkpt lat="54.381413" lon="18.796438"><time>2026-05-23T10:04:52.900Z</time></trkpt>
<trkpt lat="54.381396" lon="18.796488"><time>2026-05-23T10:04:54.900Z</time></trkpt>
<trkpt lat="54.381379" lon="18.796537"><time>2026-05-23T10:04:56.900Z</time></trkpt>
<trkpt lat="54.381363" lon="18.796593"><time>2026-05-23T10:04:58.900Z</time></trkpt>
<trkpt lat="54.381346" lon="18.796650"><time>2026-05-23T10:05:00.900Z</time></trkpt>
<trkpt lat="54.381338" lon="18.796708"><time>2026-05-23T10:05:02.900Z</time></trkpt>
<trkpt lat="54.381329" lon="18.796756"><time>2026-05-23T10:05:04.900Z</time></trkpt>
<trkpt lat="54.381316" lon="18.796802"><time>2026-05-23T10:05:06.900Z</time></trkpt>
<trkpt lat="54.381301" lon="18.796848"><time>2026-05-23T10:05:08.900Z</time></trkpt>
<trkpt lat="54.381288" lon="18.796901"><time>2026-05-23T10:05:10.900Z</time></trkpt>
<trkpt lat="54.381273" lon="18.796965"><time>2026-05-23T10:05:12.900Z</time></trkpt>
<trkpt lat="54.381260" lon="18.797031"><time>2026-05-23T10:05:14.900Z</time></trkpt>
<trkpt lat="54.381247" lon="18.797091"><time>2026-05-23T10:05:16.900Z</time></trkpt>
<trkpt lat="54.381234" lon="18.797135"><time>2026-05-23T10:05:18.900Z</time></trkpt>
<trkpt lat="54.381218" lon="18.797184"><time>2026-05-23T10:05:20.900Z</time></trkpt>
<trkpt lat="54.381207" lon="18.797241"><time>2026-05-23T10:05:22.900Z</time></trkpt>
<trkpt lat="54.381195" lon="18.797301"><time>2026-05-23T10:05:24.900Z</time></trkpt>
<trkpt lat="54.381182" lon="18.797354"><time>2026-05-23T10:05:26.900Z</time></trkpt>
<trkpt lat="54.381169" lon="18.797400"><time>2026-05-23T10:05:28.900Z</time></trkpt>
<trkpt lat="54.381164" lon="18.797417"><time>2026-05-23T10:05:30.000Z</time></trkpt>
<trkpt lat="54.381148" lon="18.797483"><time>2026-05-23T10:05:32.000Z</time></trkpt>
<trkpt lat="54.381133" lon="18.797536"><time>2026-05-23T10:05:34.000Z</time></trkpt>
<trkpt lat="54.381126" lon="18.797586"><time>2026-05-23T10:05:36.000Z</time></trkpt>
<trkpt lat="54.381109" lon="18.797633"><time>2026-05-23T10:05:38.000Z</time></trkpt>
<trkpt lat="54.381086" lon="18.797677"><time>2026-05-23T10:05:40.000Z</time></trkpt>
<trkpt lat="54.381071" lon="18.797722"><time>2026-05-23T10:05:42.000Z</time></trkpt>
<trkpt lat="54.381056" lon="18.797774"><time>2026-05-23T10:05:44.000Z</time></trkpt>
<trkpt lat="54.381041" lon="18.797827"><time>2026-05-23T10:05:46.000Z</time></trkpt>
<trkpt lat="54.381025" lon="18.797883"><time>2026-05-23T10:05:48.000Z</time></trkpt>
<trkpt lat="54.381006" lon="18.797970"><time>2026-05-23T10:05:50.000Z</time></trkpt>
<trkpt lat="54.380986" lon="18.798002"><time>2026-05-23T10:05:52.000Z</time></trkpt>
<trkpt lat="54.380976" lon="18.798024"><time>2026-05-23T10:05:54.000Z</time></trkpt>
<trkpt lat="54.380969" lon="18.798059"><time>2026-05-23T10:05:56.000Z</time></trkpt>
<trkpt lat="54.380954" lon="18.798119"><time>2026-05-23T10:05:58.000Z</time></trkpt>
<trkpt lat="54.380934" lon="18.798180"><time>2026-05-23T10:06:00.000Z</time></trkpt>
<trkpt lat="54.380916" lon="18.798235"><time>2026-05-23T10:06:02.000Z</time></trkpt>
<trkpt lat="54.380900" lon="18.798289"><time>2026-05-23T10:06:04.000Z</time></trkpt>
<trkpt lat="54.380885" lon="18.798340"><time>2026-05-23T10:06:06.000Z</time></trkpt>
<trkpt lat="54.380869" lon="18.798397"><time>2026-05-23T10:06:08.000Z</time></trkpt>
<trkpt lat="54.380853" lon="18.798449"><time>2026-05-23T10:06:10.000Z</time></trkpt>
<trkpt lat="54.380838" lon="18.798506"><time>2026-05-23T10:06:12.000Z</time></trkpt>
<trkpt lat="54.380823" lon="18.798559"><time>2026-05-23T10:06:14.000Z</time></trkpt>
<trkpt lat="54.380808" lon="18.798614"><time>2026-05-23T10:06:16.000Z</time></trkpt>
<trkpt lat="54.380792" lon="18.798667"><time>2026-05-23T10:06:18.000Z</time></trkpt>
<trkpt lat="54.380776" lon="18.798721"><time>2026-05-23T10:06:20.000Z</time></trkpt>
<trkpt lat="54.380761" lon="18.798771"><time>2026-05-23T10:06:22.000Z</time></trkpt>
<trkpt lat="54.380732" lon="18.798853"><time>2026-05-23T10:06:24.900Z</time></trkpt>
<trkpt lat="54.380715" lon="18.798906"><time>2026-05-23T10:06:26.900Z</time></trkpt>
<trkpt lat="54.380696" lon="18.798968"><time>2026-05-23T10:06:28.900Z</time></trkpt>
<trkpt lat="54.380679" lon="18.799023"><time>2026-05-23T10:06:30.900Z</time></trkpt>
<trkpt lat="54.380661" lon="18.799073"><time>2026-05-23T10:06:32.900Z</time></trkpt>
<trkpt lat="54.380641" lon="18.799126"><time>2026-05-23T10:06:34.900Z</time></trkpt>
<trkpt lat="54.380620" lon="18.799179"><time>2026-05-23T10:06:36.900Z</time></trkpt>
<trkpt lat="54.380600" lon="18.799235"><time>2026-05-23T10:06:38.900Z</time></trkpt>
<trkpt lat="54.380581" lon="18.799292"><time>2026-05-23T10:06:40.900Z</time></trkpt>
<trkpt lat="54.380558" lon="18.799349"><time>2026-05-23T10:06:42.900Z</time></trkpt>
<trkpt lat="54.380538" lon="18.799404"><time>2026-05-23T10:06:44.900Z</time></trkpt>
<trkpt lat="54.380519" lon="18.799458"><time>2026-05-23T10:06:46.900Z</time></trkpt>
<trkpt lat="54.380500" lon="18.799513"><time>2026-05-23T10:06:48.900Z</time></trkpt>
<trkpt lat="54.380483" lon="18.799565"><time>2026-05-23T10:06:50.900Z</time></trkpt>
<trkpt lat="54.380464" lon="18.799618"><time>2026-05-23T10:06:52.900Z</time></trkpt>
<trkpt lat="54.380445" lon="18.799673"><time>2026-05-23T10:06:54.900Z</time></trkpt>
<trkpt lat="54.380426" lon="18.799728"><time>2026-05-23T10:06:56.900Z</time></trkpt>
<trkpt lat="54.380408" lon="18.799782"><time>2026-05-23T10:06:58.900Z</time></trkpt>
<trkpt lat="54.380389" lon="18.799836"><time>2026-05-23T10:07:00.900Z</time></trkpt>
<trkpt lat="54.380371" lon="18.799890"><time>2026-05-23T10:07:02.900Z</time></trkpt>
<trkpt lat="54.380353" lon="18.799944"><time>2026-05-23T10:07:04.900Z</time></trkpt>
<trkpt lat="54.380335" lon="18.799999"><time>2026-05-23T10:07:06.900Z</time></trkpt>
<trkpt lat="54.380318" lon="18.800054"><time>2026-05-23T10:07:08.900Z</time></trkpt>
<trkpt lat="54.380300" lon="18.800113"><time>2026-05-23T10:07:10.900Z</time></trkpt>
<trkpt lat="54.380282" lon="18.800169"><time>2026-05-23T10:07:12.900Z</time></trkpt>
<trkpt lat="54.380265" lon="18.800226"><time>2026-05-23T10:07:14.900Z</time></trkpt>
<trkpt lat="54.380246" lon="18.800281"><time>2026-05-23T10:07:16.900Z</time></trkpt>
<trkpt lat="54.380227" lon="18.800338"><time>2026-05-23T10:07:18.900Z</time></trkpt>
<trkpt lat="54.380206" lon="18.800394"><time>2026-05-23T10:07:20.900Z</time></trkpt>
<trkpt lat="54.380186" lon="18.800448"><time>2026-05-23T10:07:22.900Z</time></trkpt>
<trkpt lat="54.380167" lon="18.800504"><time>2026-05-23T10:07:24.900Z</time></trkpt>
<trkpt lat="54.380147" lon="18.800560"><time>2026-05-23T10:07:26.900Z</time></trkpt>
<trkpt lat="54.380128" lon="18.800618"><time>2026-05-23T10:07:28.900Z</time></trkpt>
<trkpt lat="54.380107" lon="18.800674"><time>2026-05-23T10:07:30.900Z</time></trkpt>
<trkpt lat="54.380087" lon="18.800733"><time>2026-05-23T10:07:32.900Z</time></trkpt>
<trkpt lat="54.380067" lon="18.800789"><time>2026-05-23T10:07:34.900Z</time></trkpt>
<trkpt lat="54.380056" lon="18.800817"><time>2026-05-23T10:07:36.000Z</time></trkpt>
<trkpt lat="54.380036" lon="18.800875"><time>2026-05-23T10:07:38.000Z</time></trkpt>
<trkpt lat="54.380017" lon="18.800934"><time>2026-05-23T10:07:40.000Z</time></trkpt>
<trkpt lat="54.379999" lon="18.800997"><time>2026-05-23T10:07:42.000Z</time></trkpt>
<trkpt lat="54.379984" lon="18.801052"><time>2026-05-23T10:07:44.000Z</time></trkpt>
<trkpt lat="54.379968" lon="18.801104"><time>2026-05-23T10:07:46.000Z</time></trkpt>
<trkpt lat="54.379950" lon="18.801158"><time>2026-05-23T10:07:48.000Z</time></trkpt>
<trkpt lat="54.379932" lon="18.801216"><time>2026-05-23T10:07:50.000Z</time></trkpt>
<trkpt lat="54.379910" lon="18.801274"><time>2026-05-23T10:07:52.000Z</time></trkpt>
<trkpt lat="54.379891" lon="18.801333"><time>2026-05-23T10:07:54.000Z</time></trkpt>
<trkpt lat="54.379869" lon="18.801390"><time>2026-05-23T10:07:56.000Z</time></trkpt>
<trkpt lat="54.379848" lon="18.801447"><time>2026-05-23T10:07:58.000Z</time></trkpt>
<trkpt lat="54.379825" lon="18.801506"><time>2026-05-23T10:08:00.000Z</time></trkpt>
<trkpt lat="54.379803" lon="18.801564"><time>2026-05-23T10:08:02.000Z</time></trkpt>
<trkpt lat="54.379783" lon="18.801622"><time>2026-05-23T10:08:04.000Z</time></trkpt>
<trkpt lat="54.379762" lon="18.801680"><time>2026-05-23T10:08:06.000Z</time></trkpt>
<trkpt lat="54.379742" lon="18.801738"><time>2026-05-23T10:08:08.000Z</time></trkpt>
<trkpt lat="54.379721" lon="18.801797"><time>2026-05-23T10:08:10.000Z</time></trkpt>
<trkpt lat="54.379701" lon="18.801857"><time>2026-05-23T10:08:12.000Z</time></trkpt>
<trkpt lat="54.379681" lon="18.801916"><time>2026-05-23T10:08:14.000Z</time></trkpt>
<trkpt lat="54.379661" lon="18.801976"><time>2026-05-23T10:08:16.000Z</time></trkpt>
<trkpt lat="54.379642" lon="18.802036"><time>2026-05-23T10:08:18.000Z</time></trkpt>
<trkpt lat="54.379621" lon="18.802096"><time>2026-05-23T10:08:20.000Z</time></trkpt>
<trkpt lat="54.379600" lon="18.802154"><time>2026-05-23T10:08:22.000Z</time></trkpt>
<trkpt lat="54.379579" lon="18.802211"><time>2026-05-23T10:08:24.000Z</time></trkpt>
<trkpt lat="54.379560" lon="18.802269"><time>2026-05-23T10:08:26.000Z</time></trkpt>
<trkpt lat="54.379539" lon="18.802327"><time>2026-05-23T10:08:28.000Z</time></trkpt>
<trkpt lat="54.379518" lon="18.802383"><time>2026-05-23T10:08:30.000Z</time></trkpt>
<trkpt lat="54.379500" lon="18.802442"><time>2026-05-23T10:08:32.000Z</time></trkpt>
<trkpt lat="54.379461" lon="18.802535"><time>2026-05-23T10:08:34.900Z</time></trkpt>
<trkpt lat="54.379438" lon="18.802596"><time>2026-05-23T10:08:36.900Z</time></trkpt>
<trkpt lat="54.379413" lon="18.802661"><time>2026-05-23T10:08:38.900Z</time></trkpt>
<trkpt lat="54.379403" lon="18.802721"><time>2026-05-23T10:08:40.900Z</time></trkpt>
<trkpt lat="54.379410" lon="18.802774"><time>2026-05-23T10:08:42.900Z</time></trkpt>
<trkpt lat="54.379420" lon="18.802840"><time>2026-05-23T10:08:44.900Z</time></trkpt>
<trkpt lat="54.379434" lon="18.802877"><time>2026-05-23T10:08:46.900Z</time></trkpt>
<trkpt lat="54.379451" lon="18.802898"><time>2026-05-23T10:08:48.900Z</time></trkpt>
<trkpt lat="54.379472" lon="18.802913"><time>2026-05-23T10:08:50.900Z</time></trkpt>
<trkpt lat="54.379496" lon="18.802931"><time>2026-05-23T10:08:52.900Z</time></trkpt>
<trkpt lat="54.379523" lon="18.802951"><time>2026-05-23T10:08:54.900Z</time></trkpt>
<trkpt lat="54.379548" lon="18.802984"><time>2026-05-23T10:08:56.900Z</time></trkpt>
<trkpt lat="54.379568" lon="18.803005"><time>2026-05-23T10:08:58.900Z</time></trkpt>
<trkpt lat="54.379592" lon="18.803032"><time>2026-05-23T10:09:00.900Z</time></trkpt>
<trkpt lat="54.379617" lon="18.803063"><time>2026-05-23T10:09:02.900Z</time></trkpt>
<trkpt lat="54.379641" lon="18.803085"><time>2026-05-23T10:09:04.900Z</time></trkpt>
<trkpt lat="54.379657" lon="18.803101"><time>2026-05-23T10:09:06.900Z</time></trkpt>
<trkpt lat="54.379672" lon="18.803117"><time>2026-05-23T10:09:08.900Z</time></trkpt>
<trkpt lat="54.379686" lon="18.803126"><time>2026-05-23T10:09:10.900Z</time></trkpt>
<trkpt lat="54.379703" lon="18.803135"><time>2026-05-23T10:09:12.900Z</time></trkpt>
<trkpt lat="54.379725" lon="18.803147"><time>2026-05-23T10:09:14.900Z</time></trkpt>
<trkpt lat="54.379744" lon="18.803166"><time>2026-05-23T10:09:16.900Z</time></trkpt>
<trkpt lat="54.379764" lon="18.803181"><time>2026-05-23T10:09:18.900Z</time></trkpt>
<trkpt lat="54.379785" lon="18.803194"><time>2026-05-23T10:09:20.900Z</time></trkpt>
<trkpt lat="54.379809" lon="18.803206"><time>2026-05-23T10:09:22.900Z</time></trkpt>
<trkpt lat="54.379834" lon="18.803213"><time>2026-05-23T10:09:24.900Z</time></trkpt>
<trkpt lat="54.379859" lon="18.803225"><time>2026-05-23T10:09:26.900Z</time></trkpt>
<trkpt lat="54.379883" lon="18.803241"><time>2026-05-23T10:09:28.900Z</time></trkpt>
<trkpt lat="54.379908" lon="18.803257"><time>2026-05-23T10:09:30.900Z</time></trkpt>
<trkpt lat="54.379933" lon="18.803276"><time>2026-05-23T10:09:32.900Z</time></trkpt>
<trkpt lat="54.379947" lon="18.803281"><time>2026-05-23T10:09:34.900Z</time></trkpt>
<trkpt lat="54.379969" lon="18.803299"><time>2026-05-23T10:09:36.900Z</time></trkpt>
<trkpt lat="54.379983" lon="18.803315"><time>2026-05-23T10:09:38.900Z</time></trkpt>
<trkpt lat="54.380008" lon="18.803324"><time>2026-05-23T10:09:40.900Z</time></trkpt>
<trkpt lat="54.380024" lon="18.803326"><time>2026-05-23T10:09:42.000Z</time></trkpt>
<trkpt lat="54.380054" lon="18.803337"><time>2026-05-23T10:09:44.000Z</time></trkpt>
<trkpt lat="54.380076" lon="18.803347"><time>2026-05-23T10:09:46.000Z</time></trkpt>
<trkpt lat="54.380104" lon="18.803359"><time>2026-05-23T10:09:48.000Z</time></trkpt>
<trkpt lat="54.380135" lon="18.803372"><time>2026-05-23T10:09:50.000Z</time></trkpt>
<trkpt lat="54.380171" lon="18.803389"><time>2026-05-23T10:09:52.000Z</time></trkpt>
<trkpt lat="54.380196" lon="18.803400"><time>2026-05-23T10:09:54.000Z</time></trkpt>
<trkpt lat="54.380214" lon="18.803412"><time>2026-05-23T10:09:56.000Z</time></trkpt>
<trkpt lat="54.380251" lon="18.803437"><time>2026-05-23T10:09:58.000Z</time></trkpt>
<trkpt lat="54.380287" lon="18.803460"><time>2026-05-23T10:10:00.000Z</time></trkpt>
<trkpt lat="54.380316" lon="18.803473"><time>2026-05-23T10:10:02.000Z</time></trkpt>
<trkpt lat="54.380350" lon="18.803490"><time>2026-05-23T10:10:04.000Z</time></trkpt>
<trkpt lat="54.380386" lon="18.803502"><time>2026-05-23T10:10:06.000Z</time></trkpt>
<trkpt lat="54.380415" lon="18.803517"><time>2026-05-23T10:10:08.000Z</time></trkpt>
<trkpt lat="54.380452" lon="18.803532"><time>2026-05-23T10:10:10.000Z</time></trkpt>
<trkpt lat="54.380482" lon="18.803543"><time>2026-05-23T10:10:12.000Z</time></trkpt>
<trkpt lat="54.380500" lon="18.803549"><time>2026-05-23T10:10:14.000Z</time></trkpt>
<trkpt lat="54.380520" lon="18.803561"><time>2026-05-23T10:10:16.000Z</time></trkpt>
<trkpt lat="54.380561" lon="18.803584"><time>2026-05-23T10:10:18.900Z</time></trkpt>
<trkpt lat="54.380591" lon="18.803602"><time>2026-05-23T10:10:20.900Z</time></trkpt>
<trkpt lat="54.380624" lon="18.803616"><time>2026-05-23T10:10:22.900Z</time></trkpt>
<trkpt lat="54.380658" lon="18.803628"><time>2026-05-23T10:10:24.900Z</time></trkpt>
<trkpt lat="54.380689" lon="18.803642"><time>2026-05-23T10:10:26.900Z</time></trkpt>
<trkpt lat="54.380721" lon="18.803647"><time>2026-05-23T10:10:28.900Z</time></trkpt>
<trkpt lat="54.380752" lon="18.803655"><time>2026-05-23T10:10:30.900Z</time></trkpt>
<trkpt lat="54.380784" lon="18.803666"><time>2026-05-23T10:10:32.900Z</time></trkpt>
<trkpt lat="54.380816" lon="18.803679"><time>2026-05-23T10:10:34.900Z</time></trkpt>
<trkpt lat="54.380848" lon="18.803693"><time>2026-05-23T10:10:36.900Z</time></trkpt>
<trkpt lat="54.380880" lon="18.803706"><time>2026-05-23T10:10:38.900Z</time></trkpt>
<trkpt lat="54.380910" lon="18.803715"><time>2026-05-23T10:10:40.900Z</time></trkpt>
<trkpt lat="54.380946" lon="18.803736"><time>2026-05-23T10:10:42.900Z</time></trkpt>
<trkpt lat="54.380981" lon="18.803759"><time>2026-05-23T10:10:44.900Z</time></trkpt>
<trkpt lat="54.381011" lon="18.803774"><time>2026-05-23T10:10:46.900Z</time></trkpt>
<trkpt lat="54.381046" lon="18.803791"><time>2026-05-23T10:10:48.900Z</time></trkpt>
<trkpt lat="54.381091" lon="18.803821"><time>2026-05-23T10:10:50.900Z</time></trkpt>
<trkpt lat="54.381133" lon="18.803842"><time>2026-05-23T10:10:52.900Z</time></trkpt>
<trkpt lat="54.381182" lon="18.803857"><time>2026-05-23T10:10:54.900Z</time></trkpt>
<trkpt lat="54.381229" lon="18.803869"><time>2026-05-23T10:10:56.900Z</time></trkpt>
<trkpt lat="54.381262" lon="18.803877"><time>2026-05-23T10:10:58.900Z</time></trkpt>
<trkpt lat="54.381293" lon="18.803895"><time>2026-05-23T10:11:00.900Z</time></trkpt>
<trkpt lat="54.381318" lon="18.803910"><time>2026-05-23T10:11:02.900Z</time></trkpt>
<trkpt lat="54.381344" lon="18.803922"><time>2026-05-23T10:11:04.900Z</time></trkpt>
<trkpt lat="54.381374" lon="18.803935"><time>2026-05-23T10:11:06.900Z</time></trkpt>
<trkpt lat="54.381404" lon="18.803950"><time>2026-05-23T10:11:08.900Z</time></trkpt>
<trkpt lat="54.381433" lon="18.803968"><time>2026-05-23T10:11:10.900Z</time></trkpt>
<trkpt lat="54.381456" lon="18.803981"><time>2026-05-23T10:11:12.900Z</time></trkpt>
<trkpt lat="54.381478" lon="18.804001"><time>2026-05-23T10:11:14.900Z</time></trkpt>
<trkpt lat="54.381503" lon="18.804025"><time>2026-05-23T10:11:16.900Z</time></trkpt>
<trkpt lat="54.381533" lon="18.804042"><time>2026-05-23T10:11:18.900Z</time></trkpt>
<trkpt lat="54.381562" lon="18.804054"><time>2026-05-23T10:11:20.900Z</time></trkpt>
<trkpt lat="54.381591" lon="18.804069"><time>2026-05-23T10:11:22.900Z</time></trkpt>
<trkpt lat="54.381618" lon="18.804085"><time>2026-05-23T10:11:24.900Z</time></trkpt>
<trkpt lat="54.381642" lon="18.804100"><time>2026-05-23T10:11:26.900Z</time></trkpt>
<trkpt lat="54.381676" lon="18.804116"><time>2026-05-23T10:11:28.900Z</time></trkpt>
<trkpt lat="54.381706" lon="18.804131"><time>2026-05-23T10:11:30.900Z</time></trkpt>
<trkpt lat="54.381737" lon="18.804152"><time>2026-05-23T10:11:32.900Z</time></trkpt>
<trkpt lat="54.381765" lon="18.804157"><time>2026-05-23T10:11:34.900Z</time></trkpt>
<trkpt lat="54.381795" lon="18.804163"><time>2026-05-23T10:11:36.900Z</time></trkpt>
<trkpt lat="54.381820" lon="18.804167"><time>2026-05-23T10:11:38.900Z</time></trkpt>
<trkpt lat="54.381849" lon="18.804181"><time>2026-05-23T10:11:40.900Z</time></trkpt>
<trkpt lat="54.381875" lon="18.804197"><time>2026-05-23T10:11:42.900Z</time></trkpt>
<trkpt lat="54.381903" lon="18.804218"><time>2026-05-23T10:11:44.900Z</time></trkpt>
<trkpt lat="54.381937" lon="18.804232"><time>2026-05-23T10:11:46.900Z</time></trkpt>
<trkpt lat="54.381953" lon="18.804229"><time>2026-05-23T10:11:48.000Z</time></trkpt>
<trkpt lat="54.382005" lon="18.804237"><time>2026-05-23T10:11:50.000Z</time></trkpt>
<trkpt lat="54.382059" lon="18.804239"><time>2026-05-23T10:11:52.000Z</time></trkpt>
<trkpt lat="54.382098" lon="18.804241"><time>2026-05-23T10:11:54.000Z</time></trkpt>
<trkpt lat="54.382132" lon="18.804249"><time>2026-05-23T10:11:56.000Z</time></trkpt>
<trkpt lat="54.382166" lon="18.804264"><time>2026-05-23T10:11:58.000Z</time></trkpt>
<trkpt lat="54.382198" lon="18.804276"><time>2026-05-23T10:12:00.000Z</time></trkpt>
<trkpt lat="54.382224" lon="18.804301"><time>2026-05-23T10:12:02.000Z</time></trkpt>
<trkpt lat="54.382247" lon="18.804327"><time>2026-05-23T10:12:04.000Z</time></trkpt>
<trkpt lat="54.382283" lon="18.804357"><time>2026-05-23T10:12:06.000Z</time></trkpt>
<trkpt lat="54.382320" lon="18.804386"><time>2026-05-23T10:12:08.000Z</time></trkpt>
<trkpt lat="54.382356" lon="18.804409"><time>2026-05-23T10:12:10.000Z</time></trkpt>
<trkpt lat="54.382393" lon="18.804418"><time>2026-05-23T10:12:12.000Z</time></trkpt>
<trkpt lat="54.382436" lon="18.804423"><time>2026-05-23T10:12:14.000Z</time></trkpt>
<trkpt lat="54.382478" lon="18.804440"><time>2026-05-23T10:12:16.000Z</time></trkpt>
<trkpt lat="54.382514" lon="18.804439"><time>2026-05-23T10:12:18.000Z</time></trkpt>
<trkpt lat="54.382548" lon="18.804442"><time>2026-05-23T10:12:20.000Z</time></trkpt>
<trkpt lat="54.382585" lon="18.804449"><time>2026-05-23T10:12:22.000Z</time></trkpt>
<trkpt lat="54.382599" lon="18.804453"><time>2026-05-23T10:12:24.000Z</time></trkpt>
<trkpt lat="54.382616" lon="18.804458"><time>2026-05-23T10:12:26.000Z</time></trkpt>
<trkpt lat="54.382647" lon="18.804458"><time>2026-05-23T10:12:28.000Z</time></trkpt>
<trkpt lat="54.382685" lon="18.804467"><time>2026-05-23T10:12:30.000Z</time></trkpt>
<trkpt lat="54.382725" lon="18.804479"><time>2026-05-23T10:12:32.000Z</time></trkpt>
<trkpt lat="54.382765" lon="18.804493"><time>2026-05-23T10:12:34.000Z</time></trkpt>
<trkpt lat="54.382797" lon="18.804512"><time>2026-05-23T10:12:36.000Z</time></trkpt>
<trkpt lat="54.382825" lon="18.804530"><time>2026-05-23T10:12:38.000Z</time></trkpt>
<trkpt lat="54.382871" lon="18.804554"><time>2026-05-23T10:12:40.900Z</time></trkpt>
<trkpt lat="54.382916" lon="18.804558"><time>2026-05-23T10:12:42.900Z</time></trkpt>
<trkpt lat="54.382961" lon="18.804562"><time>2026-05-23T10:12:44.900Z</time></trkpt>
<trkpt lat="54.383005" lon="18.804563"><time>2026-05-23T10:12:46.900Z</time></trkpt>
<trkpt lat="54.383048" lon="18.804573"><time>2026-05-23T10:12:48.900Z</time></trkpt>
<trkpt lat="54.383092" lon="18.804589"><time>2026-05-23T10:12:50.900Z</time></trkpt>
<trkpt lat="54.383132" lon="18.804614"><time>2026-05-23T10:12:52.900Z</time></trkpt>
<trkpt lat="54.383160" lon="18.804635"><time>2026-05-23T10:12:54.900Z</time></trkpt>
<trkpt lat="54.383193" lon="18.804650"><time>2026-05-23T10:12:56.900Z</time></trkpt>
<trkpt lat="54.383223" lon="18.804675"><time>2026-05-23T10:12:58.900Z</time></trkpt>
<trkpt lat="54.383253" lon="18.804699"><time>2026-05-23T10:13:00.900Z</time></trkpt>
<trkpt lat="54.383280" lon="18.804711"><time>2026-05-23T10:13:02.900Z</time></trkpt>
<trkpt lat="54.383289" lon="18.804730"><time>2026-05-23T10:13:04.900Z</time></trkpt>
<trkpt lat="54.383307" lon="18.804737"><time>2026-05-23T10:13:06.900Z</time></trkpt>
<trkpt lat="54.383324" lon="18.804740"><time>2026-05-23T10:13:08.900Z</time></trkpt>
<trkpt lat="54.383347" lon="18.804741"><time>2026-05-23T10:13:10.900Z</time></trkpt>
<trkpt lat="54.383380" lon="18.804747"><time>2026-05-23T10:13:12.900Z</time></trkpt>
<trkpt lat="54.383417" lon="18.804764"><time>2026-05-23T10:13:14.900Z</time></trkpt>
<trkpt lat="54.383455" lon="18.804788"><time>2026-05-23T10:13:16.900Z</time></trkpt>
<trkpt lat="54.383496" lon="18.804796"><time>2026-05-23T10:13:18.900Z</time></trkpt>
<trkpt lat="54.383550" lon="18.804795"><time>2026-05-23T10:13:20.900Z</time></trkpt>
<trkpt lat="54.383601" lon="18.804800"><time>2026-05-23T10:13:22.900Z</time></trkpt>
<trkpt lat="54.383642" lon="18.804801"><time>2026-05-23T10:13:24.900Z</time></trkpt>
<trkpt lat="54.383677" lon="18.804814"><time>2026-05-23T10:13:26.900Z</time></trkpt>
<trkpt lat="54.383715" lon="18.804813"><time>2026-05-23T10:13:28.900Z</time></trkpt>
<trkpt lat="54.383752" lon="18.804819"><time>2026-05-23T10:13:30.900Z</time></trkpt>
<trkpt lat="54.383783" lon="18.804835"><time>2026-05-23T10:13:32.900Z</time></trkpt>
<trkpt lat="54.383823" lon="18.804850"><time>2026-05-23T10:13:34.900Z</time></trkpt>
<trkpt lat="54.383870" lon="18.804863"><time>2026-05-23T10:13:36.900Z</time></trkpt>
<trkpt lat="54.383906" lon="18.804871"><time>2026-05-23T10:13:38.900Z</time></trkpt>
<trkpt lat="54.383936" lon="18.804881"><time>2026-05-23T10:13:40.900Z</time></trkpt>
<trkpt lat="54.383971" lon="18.804896"><time>2026-05-23T10:13:42.900Z</time></trkpt>
<trkpt lat="54.384002" lon="18.804909"><time>2026-05-23T10:13:44.900Z</time></trkpt>
<trkpt lat="54.384055" lon="18.804927"><time>2026-05-23T10:13:46.900Z</time></trkpt>
<trkpt lat="54.384104" lon="18.804955"><time>2026-05-23T10:13:48.900Z</time></trkpt>
<trkpt lat="54.384122" lon="18.804957"><time>2026-05-23T10:13:50.900Z</time></trkpt>
<trkpt lat="54.384147" lon="18.804960"><time>2026-05-23T10:13:53.000Z</time></trkpt>
<trkpt lat="54.384164" lon="18.804967"><time>2026-05-23T10:13:54.000Z</time></trkpt>
<trkpt lat="54.384199" lon="18.804984"><time>2026-05-23T10:13:56.000Z</time></trkpt>
<trkpt lat="54.384241" lon="18.805005"><time>2026-05-23T10:13:58.000Z</time></trkpt>
<trkpt lat="54.384283" lon="18.805021"><time>2026-05-23T10:14:00.000Z</time></trkpt>
<trkpt lat="54.384329" lon="18.805045"><time>2026-05-23T10:14:02.000Z</time></trkpt>
<trkpt lat="54.384374" lon="18.805062"><time>2026-05-23T10:14:04.000Z</time></trkpt>
<trkpt lat="54.384419" lon="18.805081"><time>2026-05-23T10:14:06.000Z</time></trkpt>
<trkpt lat="54.384463" lon="18.805096"><time>2026-05-23T10:14:08.000Z</time></trkpt>
<trkpt lat="54.384509" lon="18.805111"><time>2026-05-23T10:14:10.000Z</time></trkpt>
<trkpt lat="54.384543" lon="18.805113"><time>2026-05-23T10:14:12.000Z</time></trkpt>
<trkpt lat="54.384575" lon="18.805117"><time>2026-05-23T10:14:14.000Z</time></trkpt>
<trkpt lat="54.384604" lon="18.805132"><time>2026-05-23T10:14:16.000Z</time></trkpt>
<trkpt lat="54.384644" lon="18.805156"><time>2026-05-23T10:14:18.000Z</time></trkpt>
<trkpt lat="54.384692" lon="18.805187"><time>2026-05-23T10:14:20.000Z</time></trkpt>
<trkpt lat="54.384739" lon="18.805232"><time>2026-05-23T10:14:22.000Z</time></trkpt>
<trkpt lat="54.384783" lon="18.805276"><time>2026-05-23T10:14:24.000Z</time></trkpt>
<trkpt lat="54.384827" lon="18.805315"><time>2026-05-23T10:14:26.000Z</time></trkpt>
<trkpt lat="54.384879" lon="18.805357"><time>2026-05-23T10:14:28.000Z</time></trkpt>
<trkpt lat="54.384936" lon="18.805410"><time>2026-05-23T10:14:30.000Z</time></trkpt>
<trkpt lat="54.384977" lon="18.805438"><time>2026-05-23T10:14:32.000Z</time></trkpt>
<trkpt lat="54.385017" lon="18.805457"><time>2026-05-23T10:14:34.000Z</time></trkpt>
<trkpt lat="54.385065" lon="18.805489"><time>2026-05-23T10:14:36.000Z</time></trkpt>
<trkpt lat="54.385118" lon="18.805526"><time>2026-05-23T10:14:38.000Z</time></trkpt>
<trkpt lat="54.385169" lon="18.805548"><time>2026-05-23T10:14:40.000Z</time></trkpt>
<trkpt lat="54.385244" lon="18.805567"><time>2026-05-23T10:14:43.000Z</time></trkpt>
<trkpt lat="54.385259" lon="18.805516"><time>2026-05-23T10:14:44.000Z</time></trkpt>
<trkpt lat="54.385322" lon="18.805500"><time>2026-05-23T10:14:46.000Z</time></trkpt>
<trkpt lat="54.385371" lon="18.805496"><time>2026-05-23T10:14:48.000Z</time></trkpt>
<trkpt lat="54.385404" lon="18.805489"><time>2026-05-23T10:14:50.000Z</time></trkpt>
<trkpt lat="54.385459" lon="18.805494"><time>2026-05-23T10:14:52.900Z</time></trkpt>
<trkpt lat="54.385502" lon="18.805500"><time>2026-05-23T10:14:54.900Z</time></trkpt>
<trkpt lat="54.385550" lon="18.805465"><time>2026-05-23T10:14:56.900Z</time></trkpt>
<trkpt lat="54.385553" lon="18.805211"><time>2026-05-23T10:14:58.900Z</time></trkpt>
<trkpt lat="54.385515" lon="18.805241"><time>2026-05-23T10:15:00.900Z</time></trkpt>
<trkpt lat="54.385540" lon="18.805254"><time>2026-05-23T10:15:02.900Z</time></trkpt>
<trkpt lat="54.385578" lon="18.805265"><time>2026-05-23T10:15:04.900Z</time></trkpt>
<trkpt lat="54.385616" lon="18.805275"><time>2026-05-23T10:15:06.900Z</time></trkpt>
<trkpt lat="54.385655" lon="18.805288"><time>2026-05-23T10:15:08.900Z</time></trkpt>
<trkpt lat="54.385674" lon="18.805332"><time>2026-05-23T10:15:10.900Z</time></trkpt>
<trkpt lat="54.385684" lon="18.805363"><time>2026-05-23T10:15:12.900Z</time></trkpt>
<trkpt lat="54.385715" lon="18.805369"><time>2026-05-23T10:15:14.900Z</time></trkpt>
<trkpt lat="54.385750" lon="18.805376"><time>2026-05-23T10:15:16.900Z</time></trkpt>
<trkpt lat="54.385789" lon="18.805379"><time>2026-05-23T10:15:18.900Z</time></trkpt>
<trkpt lat="54.385829" lon="18.805387"><time>2026-05-23T10:15:20.900Z</time></trkpt>
<trkpt lat="54.385868" lon="18.805398"><time>2026-05-23T10:15:22.900Z</time></trkpt>
<trkpt lat="54.385909" lon="18.805408"><time>2026-05-23T10:15:24.900Z</time></trkpt>
<trkpt lat="54.385945" lon="18.805416"><time>2026-05-23T10:15:26.900Z</time></trkpt>
<trkpt lat="54.385978" lon="18.805424"><time>2026-05-23T10:15:28.900Z</time></trkpt>
<trkpt lat="54.386016" lon="18.805433"><time>2026-05-23T10:15:30.900Z</time></trkpt>
<trkpt lat="54.386056" lon="18.805443"><time>2026-05-23T10:15:32.900Z</time></trkpt>
<trkpt lat="54.386096" lon="18.805458"><time>2026-05-23T10:15:34.900Z</time></trkpt>
<trkpt lat="54.386135" lon="18.805471"><time>2026-05-23T10:15:36.900Z</time></trkpt>
<trkpt lat="54.386174" lon="18.805484"><time>2026-05-23T10:15:38.900Z</time></trkpt>
<trkpt lat="54.386211" lon="18.805497"><time>2026-05-23T10:15:40.900Z</time></trkpt>
<trkpt lat="54.386246" lon="18.805510"><time>2026-05-23T10:15:42.900Z</time></trkpt>
<trkpt lat="54.386283" lon="18.805524"><time>2026-05-23T10:15:44.900Z</time></trkpt>
<trkpt lat="54.386320" lon="18.805538"><time>2026-05-23T10:15:46.900Z</time></trkpt>
<trkpt lat="54.386358" lon="18.805551"><time>2026-05-23T10:15:48.900Z</time></trkpt>
<trkpt lat="54.386395" lon="18.805566"><time>2026-05-23T10:15:50.900Z</time></trkpt>
<trkpt lat="54.386434" lon="18.805581"><time>2026-05-23T10:15:52.900Z</time></trkpt>
<trkpt lat="54.386473" lon="18.805595"><time>2026-05-23T10:15:54.900Z</time></trkpt>
<trkpt lat="54.386511" lon="18.805606"><time>2026-05-23T10:15:56.900Z</time></trkpt>
<trkpt lat="54.386547" lon="18.805616"><time>2026-05-23T10:15:59.000Z</time></trkpt>
<trkpt lat="54.386566" lon="18.805620"><time>2026-05-23T10:16:00.000Z</time></trkpt>
<trkpt lat="54.386604" lon="18.805628"><time>2026-05-23T10:16:02.000Z</time></trkpt>
<trkpt lat="54.386640" lon="18.805639"><time>2026-05-23T10:16:04.000Z</time></trkpt>
<trkpt lat="54.386676" lon="18.805652"><time>2026-05-23T10:16:06.000Z</time></trkpt>
<trkpt lat="54.386716" lon="18.805660"><time>2026-05-23T10:16:08.000Z</time></trkpt>
<trkpt lat="54.386756" lon="18.805670"><time>2026-05-23T10:16:10.000Z</time></trkpt>
<trkpt lat="54.386796" lon="18.805678"><time>2026-05-23T10:16:12.000Z</time></trkpt>
<trkpt lat="54.386835" lon="18.805685"><time>2026-05-23T10:16:14.000Z</time></trkpt>
<trkpt lat="54.386876" lon="18.805688"><time>2026-05-23T10:16:16.000Z</time></trkpt>
<trkpt lat="54.386916" lon="18.805696"><time>2026-05-23T10:16:18.000Z</time></trkpt>
<trkpt lat="54.386956" lon="18.805703"><time>2026-05-23T10:16:20.000Z</time></trkpt>
<trkpt lat="54.386997" lon="18.805709"><time>2026-05-23T10:16:22.000Z</time></trkpt>
<trkpt lat="54.387035" lon="18.805715"><time>2026-05-23T10:16:24.000Z</time></trkpt>
<trkpt lat="54.387077" lon="18.805718"><time>2026-05-23T10:16:26.000Z</time></trkpt>
<trkpt lat="54.387117" lon="18.805721"><time>2026-05-23T10:16:28.000Z</time></trkpt>
<trkpt lat="54.387157" lon="18.805725"><time>2026-05-23T10:16:30.000Z</time></trkpt>
<trkpt lat="54.387197" lon="18.805728"><time>2026-05-23T10:16:32.000Z</time></trkpt>
<trkpt lat="54.387238" lon="18.805735"><time>2026-05-23T10:16:34.000Z</time></trkpt>
<trkpt lat="54.387284" lon="18.805741"><time>2026-05-23T10:16:36.000Z</time></trkpt>
<trkpt lat="54.387321" lon="18.805755"><time>2026-05-23T10:16:38.000Z</time></trkpt>
<trkpt lat="54.387349" lon="18.805763"><time>2026-05-23T10:16:40.000Z</time></trkpt>
<trkpt lat="54.387391" lon="18.805775"><time>2026-05-23T10:16:42.000Z</time></trkpt>
<trkpt lat="54.387436" lon="18.805781"><time>2026-05-23T10:16:44.000Z</time></trkpt>
<trkpt lat="54.387486" lon="18.805799"><time>2026-05-23T10:16:46.000Z</time></trkpt>
<trkpt lat="54.387531" lon="18.805809"><time>2026-05-23T10:16:48.000Z</time></trkpt>
<trkpt lat="54.387573" lon="18.805819"><time>2026-05-23T10:16:50.000Z</time></trkpt>
<trkpt lat="54.387608" lon="18.805830"><time>2026-05-23T10:16:52.000Z</time></trkpt>
<trkpt lat="54.387647" lon="18.805836"><time>2026-05-23T10:16:54.000Z</time></trkpt>
<trkpt lat="54.387685" lon="18.805848"><time>2026-05-23T10:16:56.000Z</time></trkpt>
<trkpt lat="54.387739" lon="18.805863"><time>2026-05-23T10:16:58.900Z</time></trkpt>
<trkpt lat="54.387773" lon="18.805877"><time>2026-05-23T10:17:00.900Z</time></trkpt>
<trkpt lat="54.387811" lon="18.805885"><time>2026-05-23T10:17:02.900Z</time></trkpt>
<trkpt lat="54.387846" lon="18.805898"><time>2026-05-23T10:17:04.900Z</time></trkpt>
<trkpt lat="54.387882" lon="18.805905"><time>2026-05-23T10:17:06.900Z</time></trkpt>
<trkpt lat="54.387924" lon="18.805907"><time>2026-05-23T10:17:08.900Z</time></trkpt>
<trkpt lat="54.387962" lon="18.805913"><time>2026-05-23T10:17:10.900Z</time></trkpt>
<trkpt lat="54.387998" lon="18.805924"><time>2026-05-23T10:17:12.900Z</time></trkpt>
<trkpt lat="54.388033" lon="18.805936"><time>2026-05-23T10:17:14.900Z</time></trkpt>
<trkpt lat="54.388070" lon="18.805948"><time>2026-05-23T10:17:16.900Z</time></trkpt>
<trkpt lat="54.388107" lon="18.805954"><time>2026-05-23T10:17:18.900Z</time></trkpt>
<trkpt lat="54.388145" lon="18.805960"><time>2026-05-23T10:17:20.900Z</time></trkpt>
<trkpt lat="54.388180" lon="18.805970"><time>2026-05-23T10:17:22.900Z</time></trkpt>
<trkpt lat="54.388214" lon="18.805982"><time>2026-05-23T10:17:24.900Z</time></trkpt>
<trkpt lat="54.388244" lon="18.805995"><time>2026-05-23T10:17:26.900Z</time></trkpt>
<trkpt lat="54.388276" lon="18.806003"><time>2026-05-23T10:17:28.900Z</time></trkpt>
<trkpt lat="54.388310" lon="18.806006"><time>2026-05-23T10:17:30.900Z</time></trkpt>
<trkpt lat="54.388344" lon="18.806010"><time>2026-05-23T10:17:32.900Z</time></trkpt>
<trkpt lat="54.388379" lon="18.806017"><time>2026-05-23T10:17:34.900Z</time></trkpt>
<trkpt lat="54.388410" lon="18.806029"><time>2026-05-23T10:17:36.900Z</time></trkpt>
<trkpt lat="54.388439" lon="18.806042"><time>2026-05-23T10:17:38.900Z</time></trkpt>
<trkpt lat="54.388472" lon="18.806059"><time>2026-05-23T10:17:40.900Z</time></trkpt>
<trkpt lat="54.388503" lon="18.806070"><time>2026-05-23T10:17:42.900Z</time></trkpt>
<trkpt lat="54.388537" lon="18.806079"><time>2026-05-23T10:17:44.900Z</time></trkpt>
<trkpt lat="54.388570" lon="18.806089"><time>2026-05-23T10:17:46.900Z</time></trkpt>
<trkpt lat="54.388604" lon="18.806100"><time>2026-05-23T10:17:48.900Z</time></trkpt>
<trkpt lat="54.388634" lon="18.806106"><time>2026-05-23T10:17:50.900Z</time></trkpt>
<trkpt lat="54.388662" lon="18.806125"><time>2026-05-23T10:17:52.900Z</time></trkpt>
<trkpt lat="54.388693" lon="18.806136"><time>2026-05-23T10:17:54.900Z</time></trkpt>
<trkpt lat="54.388726" lon="18.806145"><time>2026-05-23T10:17:56.900Z</time></trkpt>
<trkpt lat="54.388759" lon="18.806156"><time>2026-05-23T10:17:58.900Z</time></trkpt>
<trkpt lat="54.388790" lon="18.806165"><time>2026-05-23T10:18:00.900Z</time></trkpt>
<trkpt lat="54.388821" lon="18.806170"><time>2026-05-23T10:18:02.900Z</time></trkpt>
<trkpt lat="54.388854" lon="18.806175"><time>2026-05-23T10:18:05.000Z</time></trkpt>
<trkpt lat="54.388869" lon="18.806177"><time>2026-05-23T10:18:06.000Z</time></trkpt>
<trkpt lat="54.388896" lon="18.806180"><time>2026-05-23T10:18:08.000Z</time></trkpt>
<trkpt lat="54.388925" lon="18.806190"><time>2026-05-23T10:18:10.000Z</time></trkpt>
<trkpt lat="54.388957" lon="18.806197"><time>2026-05-23T10:18:12.000Z</time></trkpt>
<trkpt lat="54.388993" lon="18.806199"><time>2026-05-23T10:18:14.000Z</time></trkpt>
<trkpt lat="54.389023" lon="18.806199"><time>2026-05-23T10:18:16.000Z</time></trkpt>
<trkpt lat="54.389056" lon="18.806197"><time>2026-05-23T10:18:18.000Z</time></trkpt>
<trkpt lat="54.389090" lon="18.806192"><time>2026-05-23T10:18:20.000Z</time></trkpt>
<trkpt lat="54.389122" lon="18.806193"><time>2026-05-23T10:18:22.000Z</time></trkpt>
<trkpt lat="54.389154" lon="18.806195"><time>2026-05-23T10:18:24.000Z</time></trkpt>
<trkpt lat="54.389186" lon="18.806197"><time>2026-05-23T10:18:26.000Z</time></trkpt>
<trkpt lat="54.389217" lon="18.806198"><time>2026-05-23T10:18:28.000Z</time></trkpt>
<trkpt lat="54.389246" lon="18.806198"><time>2026-05-23T10:18:30.000Z</time></trkpt>
<trkpt lat="54.389277" lon="18.806196"><time>2026-05-23T10:18:32.000Z</time></trkpt>
<trkpt lat="54.389309" lon="18.806190"><time>2026-05-23T10:18:34.000Z</time></trkpt>
<trkpt lat="54.389341" lon="18.806182"><time>2026-05-23T10:18:36.000Z</time></trkpt>
<trkpt lat="54.389373" lon="18.806173"><time>2026-05-23T10:18:38.000Z</time></trkpt>
<trkpt lat="54.389406" lon="18.806165"><time>2026-05-23T10:18:40.000Z</time></trkpt>
<trkpt lat="54.389440" lon="18.806160"><time>2026-05-23T10:18:42.000Z</time></trkpt>
<trkpt lat="54.389474" lon="18.806160"><time>2026-05-23T10:18:44.000Z</time></trkpt>
<trkpt lat="54.389508" lon="18.806159"><time>2026-05-23T10:18:46.000Z</time></trkpt>
<trkpt lat="54.389541" lon="18.806156"><time>2026-05-23T10:18:48.000Z</time></trkpt>
<trkpt lat="54.389575" lon="18.806159"><time>2026-05-23T10:18:50.000Z</time></trkpt>
<trkpt lat="54.389606" lon="18.806167"><time>2026-05-23T10:18:52.000Z</time></trkpt>
<trkpt lat="54.389645" lon="18.806170"><time>2026-05-23T10:18:54.000Z</time></trkpt>
<trkpt lat="54.389682" lon="18.806177"><time>2026-05-23T10:18:56.000Z</time></trkpt>
<trkpt lat="54.389711" lon="18.806212"><time>2026-05-23T10:18:58.000Z</time></trkpt>
<trkpt lat="54.389728" lon="18.806252"><time>2026-05-23T10:19:00.000Z</time></trkpt>
<trkpt lat="54.389726" lon="18.806302"><time>2026-05-23T10:19:02.900Z</time></trkpt>
<trkpt lat="54.389716" lon="18.806333"><time>2026-05-23T10:19:04.900Z</time></trkpt>
<trkpt lat="54.389708" lon="18.806369"><time>2026-05-23T10:19:06.900Z</time></trkpt>
<trkpt lat="54.389703" lon="18.806409"><time>2026-05-23T10:19:08.900Z</time></trkpt>
<trkpt lat="54.389700" lon="18.806435"><time>2026-05-23T10:19:10.900Z</time></trkpt>
<trkpt lat="54.389696" lon="18.806461"><time>2026-05-23T10:19:12.900Z</time></trkpt>
<trkpt lat="54.389685" lon="18.806500"><time>2026-05-23T10:19:14.900Z</time></trkpt>
<trkpt lat="54.389674" lon="18.806553"><time>2026-05-23T10:19:16.900Z</time></trkpt>
<trkpt lat="54.389670" lon="18.806603"><time>2026-05-23T10:19:18.900Z</time></trkpt>
<trkpt lat="54.389662" lon="18.806652"><time>2026-05-23T10:19:20.900Z</time></trkpt>
<trkpt lat="54.389656" lon="18.806702"><time>2026-05-23T10:19:22.900Z</time></trkpt>
<trkpt lat="54.389649" lon="18.806752"><time>2026-05-23T10:19:24.900Z</time></trkpt>
<trkpt lat="54.389643" lon="18.806806"><time>2026-05-23T10:19:26.900Z</time></trkpt>
<trkpt lat="54.389637" lon="18.806861"><time>2026-05-23T10:19:28.900Z</time></trkpt>
<trkpt lat="54.389632" lon="18.806918"><time>2026-05-23T10:19:30.900Z</time></trkpt>
<trkpt lat="54.389630" lon="18.806975"><time>2026-05-23T10:19:32.900Z</time></trkpt>
<trkpt lat="54.389628" lon="18.807029"><time>2026-05-23T10:19:34.900Z</time></trkpt>
<trkpt lat="54.389623" lon="18.807085"><time>2026-05-23T10:19:36.900Z</time></trkpt>
<trkpt lat="54.389616" lon="18.807143"><time>2026-05-23T10:19:38.900Z</time></trkpt>
<trkpt lat="54.389610" lon="18.807199"><time>2026-05-23T10:19:40.900Z</time></trkpt>
<trkpt lat="54.389604" lon="18.807255"><time>2026-05-23T10:19:42.900Z</time></trkpt>
<trkpt lat="54.389596" lon="18.807311"><time>2026-05-23T10:19:44.900Z</time></trkpt>
<trkpt lat="54.389590" lon="18.807369"><time>2026-05-23T10:19:46.900Z</time></trkpt>
<trkpt lat="54.389584" lon="18.807429"><time>2026-05-23T10:19:48.900Z</time></trkpt>
<trkpt lat="54.389578" lon="18.807487"><time>2026-05-23T10:19:50.900Z</time></trkpt>
<trkpt lat="54.389571" lon="18.807546"><time>2026-05-23T10:19:52.900Z</time></trkpt>
<trkpt lat="54.389565" lon="18.807602"><time>2026-05-23T10:19:54.900Z</time></trkpt>
<trkpt lat="54.389560" lon="18.807662"><time>2026-05-23T10:19:56.900Z</time></trkpt>
<trkpt lat="54.389553" lon="18.807717"><time>2026-05-23T10:19:58.900Z</time></trkpt>
<trkpt lat="54.389547" lon="18.807777"><time>2026-05-23T10:20:00.900Z</time></trkpt>
<trkpt lat="54.389541" lon="18.807838"><time>2026-05-23T10:20:02.900Z</time></trkpt>
<trkpt lat="54.389535" lon="18.807898"><time>2026-05-23T10:20:04.900Z</time></trkpt>
<trkpt lat="54.389529" lon="18.807960"><time>2026-05-23T10:20:06.900Z</time></trkpt>
<trkpt lat="54.389525" lon="18.808021"><time>2026-05-23T10:20:08.900Z</time></trkpt>
<trkpt lat="54.389519" lon="18.808082"><time>2026-05-23T10:20:11.000Z</time></trkpt>
<trkpt lat="54.389518" lon="18.808103"><time>2026-05-23T10:20:12.000Z</time></trkpt>
<trkpt lat="54.389512" lon="18.808163"><time>2026-05-23T10:20:14.000Z</time></trkpt>
<trkpt lat="54.389505" lon="18.808212"><time>2026-05-23T10:20:16.000Z</time></trkpt>
<trkpt lat="54.389499" lon="18.808270"><time>2026-05-23T10:20:18.000Z</time></trkpt>
<trkpt lat="54.389491" lon="18.808329"><time>2026-05-23T10:20:20.000Z</time></trkpt>
<trkpt lat="54.389484" lon="18.808390"><time>2026-05-23T10:20:22.000Z</time></trkpt>
<trkpt lat="54.389477" lon="18.808448"><time>2026-05-23T10:20:24.000Z</time></trkpt>
<trkpt lat="54.389471" lon="18.808506"><time>2026-05-23T10:20:26.000Z</time></trkpt>
<trkpt lat="54.389465" lon="18.808568"><time>2026-05-23T10:20:28.000Z</time></trkpt>
<trkpt lat="54.389459" lon="18.808630"><time>2026-05-23T10:20:30.000Z</time></trkpt>
<trkpt lat="54.389452" lon="18.808689"><time>2026-05-23T10:20:32.000Z</time></trkpt>
<trkpt lat="54.389445" lon="18.808749"><time>2026-05-23T10:20:34.000Z</time></trkpt>
<trkpt lat="54.389436" lon="18.808809"><time>2026-05-23T10:20:36.000Z</time></trkpt>
<trkpt lat="54.389429" lon="18.808870"><time>2026-05-23T10:20:38.000Z</time></trkpt>
<trkpt lat="54.389421" lon="18.808930"><time>2026-05-23T10:20:40.000Z</time></trkpt>
<trkpt lat="54.389414" lon="18.808989"><time>2026-05-23T10:20:42.000Z</time></trkpt>
<trkpt lat="54.389405" lon="18.809054"><time>2026-05-23T10:20:44.000Z</time></trkpt>
<trkpt lat="54.389396" lon="18.809117"><time>2026-05-23T10:20:46.000Z</time></trkpt>
<trkpt lat="54.389390" lon="18.809182"><time>2026-05-23T10:20:48.000Z</time></trkpt>
<trkpt lat="54.389382" lon="18.809246"><time>2026-05-23T10:20:50.000Z</time></trkpt>
<trkpt lat="54.389375" lon="18.809311"><time>2026-05-23T10:20:52.000Z</time></trkpt>
<trkpt lat="54.389368" lon="18.809373"><time>2026-05-23T10:20:54.000Z</time></trkpt>
<trkpt lat="54.389361" lon="18.809432"><time>2026-05-23T10:20:56.000Z</time></trkpt>
<trkpt lat="54.389354" lon="18.809495"><time>2026-05-23T10:20:58.000Z</time></trkpt>
<trkpt lat="54.389341" lon="18.809588"><time>2026-05-23T10:21:00.900Z</time></trkpt>
<trkpt lat="54.389333" lon="18.809650"><time>2026-05-23T10:21:02.900Z</time></trkpt>
<trkpt lat="54.389325" lon="18.809709"><time>2026-05-23T10:21:04.900Z</time></trkpt>
<trkpt lat="54.389317" lon="18.809771"><time>2026-05-23T10:21:06.900Z</time></trkpt>
<trkpt lat="54.389309" lon="18.809834"><time>2026-05-23T10:21:08.900Z</time></trkpt>
<trkpt lat="54.389301" lon="18.809900"><time>2026-05-23T10:21:10.900Z</time></trkpt>
<trkpt lat="54.389290" lon="18.809962"><time>2026-05-23T10:21:12.900Z</time></trkpt>
<trkpt lat="54.389282" lon="18.810030"><time>2026-05-23T10:21:14.900Z</time></trkpt>
<trkpt lat="54.389268" lon="18.810089"><time>2026-05-23T10:21:16.900Z</time></trkpt>
<trkpt lat="54.389246" lon="18.810150"><time>2026-05-23T10:21:18.900Z</time></trkpt>
<trkpt lat="54.389241" lon="18.810220"><time>2026-05-23T10:21:20.900Z</time></trkpt>
<trkpt lat="54.389233" lon="18.810288"><time>2026-05-23T10:21:22.900Z</time></trkpt>
<trkpt lat="54.389231" lon="18.810353"><time>2026-05-23T10:21:24.900Z</time></trkpt>
<trkpt lat="54.389229" lon="18.810405"><time>2026-05-23T10:21:26.900Z</time></trkpt>
<trkpt lat="54.389218" lon="18.810462"><time>2026-05-23T10:21:28.900Z</time></trkpt>
<trkpt lat="54.389209" lon="18.810522"><time>2026-05-23T10:21:30.900Z</time></trkpt>
<trkpt lat="54.389203" lon="18.810582"><time>2026-05-23T10:21:32.900Z</time></trkpt>
<trkpt lat="54.389197" lon="18.810642"><time>2026-05-23T10:21:34.900Z</time></trkpt>
<trkpt lat="54.389187" lon="18.810709"><time>2026-05-23T10:21:36.900Z</time></trkpt>
<trkpt lat="54.389178" lon="18.810770"><time>2026-05-23T10:21:38.900Z</time></trkpt>
<trkpt lat="54.389175" lon="18.810833"><time>2026-05-23T10:21:40.900Z</time></trkpt>
<trkpt lat="54.389173" lon="18.810891"><time>2026-05-23T10:21:42.900Z</time></trkpt>
<trkpt lat="54.389166" lon="18.810954"><time>2026-05-23T10:21:44.900Z</time></trkpt>
<trkpt lat="54.389158" lon="18.811023"><time>2026-05-23T10:21:46.900Z</time></trkpt>
<trkpt lat="54.389150" lon="18.811090"><time>2026-05-23T10:21:48.900Z</time></trkpt>
<trkpt lat="54.389136" lon="18.811164"><time>2026-05-23T10:21:50.900Z</time></trkpt>
<trkpt lat="54.389115" lon="18.811235"><time>2026-05-23T10:21:52.900Z</time></trkpt>
<trkpt lat="54.389106" lon="18.811294"><time>2026-05-23T10:21:54.900Z</time></trkpt>
<trkpt lat="54.389095" lon="18.811357"><time>2026-05-23T10:21:56.900Z</time></trkpt>
<trkpt lat="54.389087" lon="18.811417"><time>2026-05-23T10:21:58.900Z</time></trkpt>
<trkpt lat="54.389080" lon="18.811479"><time>2026-05-23T10:22:00.900Z</time></trkpt>
<trkpt lat="54.389066" lon="18.811541"><time>2026-05-23T10:22:02.900Z</time></trkpt>
<trkpt lat="54.389056" lon="18.811609"><time>2026-05-23T10:22:04.900Z</time></trkpt>
<trkpt lat="54.389045" lon="18.811671"><time>2026-05-23T10:22:06.900Z</time></trkpt>
<trkpt lat="54.389037" lon="18.811728"><time>2026-05-23T10:22:08.900Z</time></trkpt>
<trkpt lat="54.389031" lon="18.811789"><time>2026-05-23T10:22:10.900Z</time></trkpt>
<trkpt lat="54.389027" lon="18.811850"><time>2026-05-23T10:22:12.900Z</time></trkpt>
<trkpt lat="54.389024" lon="18.811912"><time>2026-05-23T10:22:14.900Z</time></trkpt>
<trkpt lat="54.389017" lon="18.811971"><time>2026-05-23T10:22:17.000Z</time></trkpt>
<trkpt lat="54.389014" lon="18.812002"><time>2026-05-23T10:22:18.000Z</time></trkpt>
<trkpt lat="54.389006" lon="18.812069"><time>2026-05-23T10:22:20.000Z</time></trkpt>
<trkpt lat="54.389000" lon="18.812131"><time>2026-05-23T10:22:22.000Z</time></trkpt>
<trkpt lat="54.388991" lon="18.812192"><time>2026-05-23T10:22:24.000Z</time></trkpt>
<trkpt lat="54.388983" lon="18.812254"><time>2026-05-23T10:22:26.000Z</time></trkpt>
<trkpt lat="54.388977" lon="18.812314"><time>2026-05-23T10:22:28.000Z</time></trkpt>
<trkpt lat="54.388975" lon="18.812375"><time>2026-05-23T10:22:30.000Z</time></trkpt>
<trkpt lat="54.388971" lon="18.812436"><time>2026-05-23T10:22:32.000Z</time></trkpt>
<trkpt lat="54.388966" lon="18.812498"><time>2026-05-23T10:22:34.000Z</time></trkpt>
<trkpt lat="54.388960" lon="18.812559"><time>2026-05-23T10:22:36.000Z</time></trkpt>
<trkpt lat="54.388953" lon="18.812618"><time>2026-05-23T10:22:38.000Z</time></trkpt>
<trkpt lat="54.388944" lon="18.812681"><time>2026-05-23T10:22:40.000Z</time></trkpt>
<trkpt lat="54.388935" lon="18.812748"><time>2026-05-23T10:22:42.000Z</time></trkpt>
<trkpt lat="54.388926" lon="18.812810"><time>2026-05-23T10:22:44.000Z</time></trkpt>
<trkpt lat="54.388915" lon="18.812874"><time>2026-05-23T10:22:46.000Z</time></trkpt>
<trkpt lat="54.388907" lon="18.812939"><time>2026-05-23T10:22:48.000Z</time></trkpt>
<trkpt lat="54.388910" lon="18.813000"><time>2026-05-23T10:22:50.000Z</time></trkpt>
<trkpt lat="54.388906" lon="18.813062"><time>2026-05-23T10:22:52.000Z</time></trkpt>
<trkpt lat="54.388900" lon="18.813120"><time>2026-05-23T10:22:54.000Z</time></trkpt>
<trkpt lat="54.388890" lon="18.813214"><time>2026-05-23T10:22:56.900Z</time></trkpt>
<trkpt lat="54.388887" lon="18.813275"><time>2026-05-23T10:22:58.900Z</time></trkpt>
<trkpt lat="54.388885" lon="18.813333"><time>2026-05-23T10:23:00.900Z</time></trkpt>
<trkpt lat="54.388879" lon="18.813392"><time>2026-05-23T10:23:02.900Z</time></trkpt>
<trkpt lat="54.388870" lon="18.813452"><time>2026-05-23T10:23:04.900Z</time></trkpt>
<trkpt lat="54.388859" lon="18.813516"><time>2026-05-23T10:23:06.900Z</time></trkpt>
<trkpt lat="54.388847" lon="18.813580"><time>2026-05-23T10:23:08.900Z</time></trkpt>
<trkpt lat="54.388836" lon="18.813642"><time>2026-05-23T10:23:10.900Z</time></trkpt>
<trkpt lat="54.388825" lon="18.813705"><time>2026-05-23T10:23:12.900Z</time></trkpt>
<trkpt lat="54.388813" lon="18.813768"><time>2026-05-23T10:23:14.900Z</time></trkpt>
<trkpt lat="54.388801" lon="18.813832"><time>2026-05-23T10:23:16.900Z</time></trkpt>
<trkpt lat="54.388786" lon="18.813895"><time>2026-05-23T10:23:18.900Z</time></trkpt>
<trkpt lat="54.388773" lon="18.813956"><time>2026-05-23T10:23:20.900Z</time></trkpt>
<trkpt lat="54.388765" lon="18.814015"><time>2026-05-23T10:23:22.900Z</time></trkpt>
<trkpt lat="54.388755" lon="18.814077"><time>2026-05-23T10:23:24.900Z</time></trkpt>
<trkpt lat="54.388750" lon="18.814153"><time>2026-05-23T10:23:26.900Z</time></trkpt>
<trkpt lat="54.388737" lon="18.814227"><time>2026-05-23T10:23:28.900Z</time></trkpt>
<trkpt lat="54.388716" lon="18.814279"><time>2026-05-23T10:23:30.900Z</time></trkpt>
<trkpt lat="54.388702" lon="18.814337"><time>2026-05-23T10:23:32.900Z</time></trkpt>
<trkpt lat="54.388695" lon="18.814392"><time>2026-05-23T10:23:34.900Z</time></trkpt>
<trkpt lat="54.388682" lon="18.814459"><time>2026-05-23T10:23:36.900Z</time></trkpt>
<trkpt lat="54.388667" lon="18.814535"><time>2026-05-23T10:23:38.900Z</time></trkpt>
<trkpt lat="54.388657" lon="18.814602"><time>2026-05-23T10:23:40.900Z</time></trkpt>
<trkpt lat="54.388656" lon="18.814665"><time>2026-05-23T10:23:42.900Z</time></trkpt>
<trkpt lat="54.388671" lon="18.814727"><time>2026-05-23T10:23:44.900Z</time></trkpt>
<trkpt lat="54.388688" lon="18.814772"><time>2026-05-23T10:23:46.900Z</time></trkpt>
<trkpt lat="54.388705" lon="18.814784"><time>2026-05-23T10:23:48.900Z</time></trkpt>
<trkpt lat="54.388727" lon="18.814782"><time>2026-05-23T10:23:50.900Z</time></trkpt>
<trkpt lat="54.388755" lon="18.814792"><time>2026-05-23T10:23:52.900Z</time></trkpt>
<trkpt lat="54.388778" lon="18.814797"><time>2026-05-23T10:23:54.900Z</time></trkpt>
<trkpt lat="54.388799" lon="18.814820"><time>2026-05-23T10:23:56.900Z</time></trkpt>
<trkpt lat="54.388815" lon="18.814835"><time>2026-05-23T10:23:58.900Z</time></trkpt>
<trkpt lat="54.388833" lon="18.814852"><time>2026-05-23T10:24:00.900Z</time></trkpt>
<trkpt lat="54.388852" lon="18.814866"><time>2026-05-23T10:24:02.900Z</time></trkpt>
<trkpt lat="54.388870" lon="18.814883"><time>2026-05-23T10:24:04.900Z</time></trkpt>
<trkpt lat="54.388887" lon="18.814896"><time>2026-05-23T10:24:06.900Z</time></trkpt>
<trkpt lat="54.388905" lon="18.814905"><time>2026-05-23T10:24:08.900Z</time></trkpt>
<trkpt lat="54.388923" lon="18.814914"><time>2026-05-23T10:24:10.900Z</time></trkpt>
<trkpt lat="54.388940" lon="18.814919"><time>2026-05-23T10:24:12.900Z</time></trkpt>
<trkpt lat="54.388957" lon="18.814924"><time>2026-05-23T10:24:14.900Z</time></trkpt>
<trkpt lat="54.388978" lon="18.814939"><time>2026-05-23T10:24:16.900Z</time></trkpt>
<trkpt lat="54.388998" lon="18.814952"><time>2026-05-23T10:24:18.900Z</time></trkpt>
<trkpt lat="54.389018" lon="18.814960"><time>2026-05-23T10:24:20.900Z</time></trkpt>
<trkpt lat="54.389028" lon="18.814966"><time>2026-05-23T10:24:22.000Z</time></trkpt>
<trkpt lat="54.389050" lon="18.814977"><time>2026-05-23T10:24:24.000Z</time></trkpt>
<trkpt lat="54.389069" lon="18.814990"><time>2026-05-23T10:24:26.000Z</time></trkpt>
<trkpt lat="54.389088" lon="18.815003"><time>2026-05-23T10:24:28.000Z</time></trkpt>
<trkpt lat="54.389108" lon="18.815013"><time>2026-05-23T10:24:30.000Z</time></trkpt>
<trkpt lat="54.389128" lon="18.815024"><time>2026-05-23T10:24:32.000Z</time></trkpt>
<trkpt lat="54.389148" lon="18.815035"><time>2026-05-23T10:24:34.000Z</time></trkpt>
<trkpt lat="54.389167" lon="18.815047"><time>2026-05-23T10:24:36.000Z</time></trkpt>
<trkpt lat="54.389188" lon="18.815057"><time>2026-05-23T10:24:38.000Z</time></trkpt>
<trkpt lat="54.389206" lon="18.815067"><time>2026-05-23T10:24:40.000Z</time></trkpt>
<trkpt lat="54.389226" lon="18.815076"><time>2026-05-23T10:24:42.000Z</time></trkpt>
<trkpt lat="54.389246" lon="18.815087"><time>2026-05-23T10:24:44.000Z</time></trkpt>
<trkpt lat="54.389265" lon="18.815095"><time>2026-05-23T10:24:46.000Z</time></trkpt>
<trkpt lat="54.389287" lon="18.815101"><time>2026-05-23T10:24:48.000Z</time></trkpt>
<trkpt lat="54.389308" lon="18.815109"><time>2026-05-23T10:24:50.000Z</time></trkpt>
<trkpt lat="54.389328" lon="18.815115"><time>2026-05-23T10:24:52.000Z</time></trkpt>
<trkpt lat="54.389349" lon="18.815117"><time>2026-05-23T10:24:54.000Z</time></trkpt>
<trkpt lat="54.389373" lon="18.815116"><time>2026-05-23T10:24:56.000Z</time></trkpt>
<trkpt lat="54.389397" lon="18.815116"><time>2026-05-23T10:24:58.000Z</time></trkpt>
<trkpt lat="54.389423" lon="18.815120"><time>2026-05-23T10:25:00.000Z</time></trkpt>
<trkpt lat="54.389447" lon="18.815123"><time>2026-05-23T10:25:02.000Z</time></trkpt>
<trkpt lat="54.389482" lon="18.815136"><time>2026-05-23T10:25:04.900Z</time></trkpt>
<trkpt lat="54.389507" lon="18.815143"><time>2026-05-23T10:25:06.900Z</time></trkpt>
<trkpt lat="54.389532" lon="18.815153"><time>2026-05-23T10:25:08.900Z</time></trkpt>
<trkpt lat="54.389556" lon="18.815162"><time>2026-05-23T10:25:10.900Z</time></trkpt>
<trkpt lat="54.389580" lon="18.815173"><time>2026-05-23T10:25:12.900Z</time></trkpt>
<trkpt lat="54.389606" lon="18.815181"><time>2026-05-23T10:25:14.900Z</time></trkpt>
<trkpt lat="54.389631" lon="18.815191"><time>2026-05-23T10:25:16.900Z</time></trkpt>
<trkpt lat="54.389657" lon="18.815201"><time>2026-05-23T10:25:18.900Z</time></trkpt>
<trkpt lat="54.389682" lon="18.815212"><time>2026-05-23T10:25:20.900Z</time></trkpt>
<trkpt lat="54.389707" lon="18.815225"><time>2026-05-23T10:25:22.900Z</time></trkpt>
<trkpt lat="54.389731" lon="18.815235"><time>2026-05-23T10:25:24.900Z</time></trkpt>
<trkpt lat="54.389759" lon="18.815245"><time>2026-05-23T10:25:26.900Z</time></trkpt>
<trkpt lat="54.389786" lon="18.815255"><time>2026-05-23T10:25:28.900Z</time></trkpt>
<trkpt lat="54.389810" lon="18.815265"><time>2026-05-23T10:25:30.900Z</time></trkpt>
<trkpt lat="54.389835" lon="18.815274"><time>2026-05-23T10:25:32.900Z</time></trkpt>
<trkpt lat="54.389861" lon="18.815283"><time>2026-05-23T10:25:34.900Z</time></trkpt>
<trkpt lat="54.389887" lon="18.815293"><time>2026-05-23T10:25:36.900Z</time></trkpt>
<trkpt lat="54.389912" lon="18.815305"><time>2026-05-23T10:25:38.900Z</time></trkpt>
<trkpt lat="54.389942" lon="18.815322"><time>2026-05-23T10:25:40.900Z</time></trkpt>
<trkpt lat="54.389970" lon="18.815334"><time>2026-05-23T10:25:42.900Z</time></trkpt>
<trkpt lat="54.389996" lon="18.815345"><time>2026-05-23T10:25:44.900Z</time></trkpt>
<trkpt lat="54.390021" lon="18.815356"><time>2026-05-23T10:25:46.900Z</time></trkpt>
<trkpt lat="54.390047" lon="18.815367"><time>2026-05-23T10:25:48.900Z</time></trkpt>
<trkpt lat="54.390074" lon="18.815376"><time>2026-05-23T10:25:50.900Z</time></trkpt>
<trkpt lat="54.390103" lon="18.815386"><time>2026-05-23T10:25:52.900Z</time></trkpt>
<trkpt lat="54.390131" lon="18.815392"><time>2026-05-23T10:25:54.900Z</time></trkpt>
<trkpt lat="54.390159" lon="18.815392"><time>2026-05-23T10:25:56.900Z</time></trkpt>
<trkpt lat="54.390188" lon="18.815394"><time>2026-05-23T10:25:58.900Z</time></trkpt>
<trkpt lat="54.390215" lon="18.815395"><time>2026-05-23T10:26:00.900Z</time></trkpt>
<trkpt lat="54.390244" lon="18.815399"><time>2026-05-23T10:26:02.900Z</time></trkpt>
<trkpt lat="54.390274" lon="18.815403"><time>2026-05-23T10:26:04.900Z</time></trkpt>
<trkpt lat="54.390305" lon="18.815407"><time>2026-05-23T10:26:06.900Z</time></trkpt>
<trkpt lat="54.390336" lon="18.815412"><time>2026-05-23T10:26:08.900Z</time></trkpt>
<trkpt lat="54.390367" lon="18.815417"><time>2026-05-23T10:26:10.900Z</time></trkpt>
<trkpt lat="54.390398" lon="18.815422"><time>2026-05-23T10:26:12.900Z</time></trkpt>
<trkpt lat="54.390429" lon="18.815426"><time>2026-05-23T10:26:14.900Z</time></trkpt>
<trkpt lat="54.390460" lon="18.815431"><time>2026-05-23T10:26:16.900Z</time></trkpt>
<trkpt lat="54.390491" lon="18.815437"><time>2026-05-23T10:26:18.900Z</time></trkpt>
<trkpt lat="54.390523" lon="18.815444"><time>2026-05-23T10:26:20.900Z</time></trkpt>
<trkpt lat="54.390554" lon="18.815453"><time>2026-05-23T10:26:22.900Z</time></trkpt>
<trkpt lat="54.390584" lon="18.815464"><time>2026-05-23T10:26:24.900Z</time></trkpt>
<trkpt lat="54.390613" lon="18.815473"><time>2026-05-23T10:26:26.900Z</time></trkpt>
<trkpt lat="54.390628" lon="18.815478"><time>2026-05-23T10:26:28.000Z</time></trkpt>
<trkpt lat="54.390658" lon="18.815491"><time>2026-05-23T10:26:30.000Z</time></trkpt>
<trkpt lat="54.390687" lon="18.815503"><time>2026-05-23T10:26:32.000Z</time></trkpt>
<trkpt lat="54.390715" lon="18.815515"><time>2026-05-23T10:26:34.000Z</time></trkpt>
<trkpt lat="54.390743" lon="18.815526"><time>2026-05-23T10:26:36.000Z</time></trkpt>
<trkpt lat="54.390773" lon="18.815536"><time>2026-05-23T10:26:38.000Z</time></trkpt>
<trkpt lat="54.390803" lon="18.815542"><time>2026-05-23T10:26:40.000Z</time></trkpt>
<trkpt lat="54.390832" lon="18.815547"><time>2026-05-23T10:26:42.000Z</time></trkpt>
<trkpt lat="54.390862" lon="18.815553"><time>2026-05-23T10:26:44.000Z</time></trkpt>
<trkpt lat="54.390891" lon="18.815560"><time>2026-05-23T10:26:46.000Z</time></trkpt>
<trkpt lat="54.390922" lon="18.815570"><time>2026-05-23T10:26:48.000Z</time></trkpt>
<trkpt lat="54.390953" lon="18.815577"><time>2026-05-23T10:26:50.000Z</time></trkpt>
<trkpt lat="54.390983" lon="18.815585"><time>2026-05-23T10:26:52.000Z</time></trkpt>
<trkpt lat="54.391015" lon="18.815590"><time>2026-05-23T10:26:54.000Z</time></trkpt>
<trkpt lat="54.391046" lon="18.815596"><time>2026-05-23T10:26:56.000Z</time></trkpt>
<trkpt lat="54.391077" lon="18.815601"><time>2026-05-23T10:26:58.000Z</time></trkpt>
<trkpt lat="54.391109" lon="18.815608"><time>2026-05-23T10:27:00.000Z</time></trkpt>
<trkpt lat="54.391141" lon="18.815614"><time>2026-05-23T10:27:02.000Z</time></trkpt>
<trkpt lat="54.391173" lon="18.815621"><time>2026-05-23T10:27:04.000Z</time></trkpt>
<trkpt lat="54.391205" lon="18.815628"><time>2026-05-23T10:27:06.000Z</time></trkpt>
<trkpt lat="54.391239" lon="18.815636"><time>2026-05-23T10:27:08.000Z</time></trkpt>
<trkpt lat="54.391272" lon="18.815645"><time>2026-05-23T10:27:10.000Z</time></trkpt>
<trkpt lat="54.391320" lon="18.815661"><time>2026-05-23T10:27:12.900Z</time></trkpt>
<trkpt lat="54.391347" lon="18.815666"><time>2026-05-23T10:27:14.900Z</time></trkpt>
<trkpt lat="54.391374" lon="18.815670"><time>2026-05-23T10:27:16.900Z</time></trkpt>
<trkpt lat="54.391408" lon="18.815669"><time>2026-05-23T10:27:18.900Z</time></trkpt>
<trkpt lat="54.391455" lon="18.815688"><time>2026-05-23T10:27:20.900Z</time></trkpt>
<trkpt lat="54.391494" lon="18.815699"><time>2026-05-23T10:27:22.900Z</time></trkpt>
<trkpt lat="54.391527" lon="18.815708"><time>2026-05-23T10:27:24.900Z</time></trkpt>
<trkpt lat="54.391559" lon="18.815723"><time>2026-05-23T10:27:26.900Z</time></trkpt>
<trkpt lat="54.391585" lon="18.815735"><time>2026-05-23T10:27:28.900Z</time></trkpt>
<trkpt lat="54.391621" lon="18.815744"><time>2026-05-23T10:27:30.900Z</time></trkpt>
<trkpt lat="54.391653" lon="18.815756"><time>2026-05-23T10:27:32.900Z</time></trkpt>
<trkpt lat="54.391685" lon="18.815766"><time>2026-05-23T10:27:34.900Z</time></trkpt>
<trkpt lat="54.391718" lon="18.815774"><time>2026-05-23T10:27:36.900Z</time></trkpt>
<trkpt lat="54.391752" lon="18.815782"><time>2026-05-23T10:27:38.900Z</time></trkpt>
<trkpt lat="54.391787" lon="18.815789"><time>2026-05-23T10:27:40.900Z</time></trkpt>
<trkpt lat="54.391820" lon="18.815796"><time>2026-05-23T10:27:42.900Z</time></trkpt>
<trkpt lat="54.391851" lon="18.815805"><time>2026-05-23T10:27:44.900Z</time></trkpt>
<trkpt lat="54.391884" lon="18.815810"><time>2026-05-23T10:27:46.900Z</time></trkpt>
<trkpt lat="54.391918" lon="18.815812"><time>2026-05-23T10:27:48.900Z</time></trkpt>
<trkpt lat="54.391953" lon="18.815817"><time>2026-05-23T10:27:50.900Z</time></trkpt>
<trkpt lat="54.391988" lon="18.815823"><time>2026-05-23T10:27:52.900Z</time></trkpt>
<trkpt lat="54.392024" lon="18.815831"><time>2026-05-23T10:27:54.900Z</time></trkpt>
<trkpt lat="54.392060" lon="18.815837"><time>2026-05-23T10:27:56.900Z</time></trkpt>
<trkpt lat="54.392095" lon="18.815842"><time>2026-05-23T10:27:58.900Z</time></trkpt>
<trkpt lat="54.392129" lon="18.815848"><time>2026-05-23T10:28:00.900Z</time></trkpt>
<trkpt lat="54.392165" lon="18.815853"><time>2026-05-23T10:28:02.900Z</time></trkpt>
<trkpt lat="54.392201" lon="18.815859"><time>2026-05-23T10:28:04.900Z</time></trkpt>
<trkpt lat="54.392237" lon="18.815866"><time>2026-05-23T10:28:06.900Z</time></trkpt>
<trkpt lat="54.392273" lon="18.815872"><time>2026-05-23T10:28:08.900Z</time></trkpt>
<trkpt lat="54.392310" lon="18.815877"><time>2026-05-23T10:28:10.900Z</time></trkpt>
<trkpt lat="54.392346" lon="18.815883"><time>2026-05-23T10:28:12.900Z</time></trkpt>
<trkpt lat="54.392383" lon="18.815893"><time>2026-05-23T10:28:14.900Z</time></trkpt>
<trkpt lat="54.392418" lon="18.815902"><time>2026-05-23T10:28:16.900Z</time></trkpt>
<trkpt lat="54.392454" lon="18.815911"><time>2026-05-23T10:28:18.900Z</time></trkpt>
<trkpt lat="54.392489" lon="18.815919"><time>2026-05-23T10:28:20.900Z</time></trkpt>
<trkpt lat="54.392526" lon="18.815928"><time>2026-05-23T10:28:22.900Z</time></trkpt>
<trkpt lat="54.392562" lon="18.815937"><time>2026-05-23T10:28:24.900Z</time></trkpt>
<trkpt lat="54.392600" lon="18.815944"><time>2026-05-23T10:28:26.900Z</time></trkpt>
<trkpt lat="54.392635" lon="18.815951"><time>2026-05-23T10:28:28.900Z</time></trkpt>
<trkpt lat="54.392671" lon="18.815960"><time>2026-05-23T10:28:30.900Z</time></trkpt>
<trkpt lat="54.392708" lon="18.815973"><time>2026-05-23T10:28:33.000Z</time></trkpt>
<trkpt lat="54.392726" lon="18.815983"><time>2026-05-23T10:28:34.000Z</time></trkpt>
<trkpt lat="54.392766" lon="18.815993"><time>2026-05-23T10:28:36.000Z</time></trkpt>
<trkpt lat="54.392813" lon="18.816004"><time>2026-05-23T10:28:38.000Z</time></trkpt>
<trkpt lat="54.392856" lon="18.816008"><time>2026-05-23T10:28:40.000Z</time></trkpt>
<trkpt lat="54.392882" lon="18.816012"><time>2026-05-23T10:28:42.000Z</time></trkpt>
<trkpt lat="54.392918" lon="18.816006"><time>2026-05-23T10:28:44.000Z</time></trkpt>
<trkpt lat="54.392951" lon="18.816008"><time>2026-05-23T10:28:46.000Z</time></trkpt>
<trkpt lat="54.392986" lon="18.816017"><time>2026-05-23T10:28:48.000Z</time></trkpt>
<trkpt lat="54.393021" lon="18.816023"><time>2026-05-23T10:28:50.000Z</time></trkpt>
<trkpt lat="54.393058" lon="18.816031"><time>2026-05-23T10:28:52.000Z</time></trkpt>
<trkpt lat="54.393095" lon="18.816039"><time>2026-05-23T10:28:54.000Z</time></trkpt>
<trkpt lat="54.393131" lon="18.816046"><time>2026-05-23T10:28:56.000Z</time></trkpt>
<trkpt lat="54.393167" lon="18.816052"><time>2026-05-23T10:28:58.000Z</time></trkpt>
<trkpt lat="54.393204" lon="18.816058"><time>2026-05-23T10:29:00.000Z</time></trkpt>
<trkpt lat="54.393239" lon="18.816066"><time>2026-05-23T10:29:02.000Z</time></trkpt>
<trkpt lat="54.393274" lon="18.816075"><time>2026-05-23T10:29:04.000Z</time></trkpt>
<trkpt lat="54.393311" lon="18.816086"><time>2026-05-23T10:29:06.000Z</time></trkpt>
<trkpt lat="54.393354" lon="18.816104"><time>2026-05-23T10:29:08.000Z</time></trkpt>
<trkpt lat="54.393391" lon="18.816110"><time>2026-05-23T10:29:10.000Z</time></trkpt>
<trkpt lat="54.393426" lon="18.816119"><time>2026-05-23T10:29:12.000Z</time></trkpt>
<trkpt lat="54.393485" lon="18.816124"><time>2026-05-23T10:29:14.900Z</time></trkpt>
<trkpt lat="54.393517" lon="18.816127"><time>2026-05-23T10:29:16.900Z</time></trkpt>
<trkpt lat="54.393551" lon="18.816136"><time>2026-05-23T10:29:18.900Z</time></trkpt>
<trkpt lat="54.393587" lon="18.816143"><time>2026-05-23T10:29:20.900Z</time></trkpt>
<trkpt lat="54.393623" lon="18.816151"><time>2026-05-23T10:29:22.900Z</time></trkpt>
<trkpt lat="54.393660" lon="18.816161"><time>2026-05-23T10:29:24.900Z</time></trkpt>
<trkpt lat="54.393695" lon="18.816177"><time>2026-05-23T10:29:26.900Z</time></trkpt>
<trkpt lat="54.393728" lon="18.816186"><time>2026-05-23T10:29:28.900Z</time></trkpt>
<trkpt lat="54.393763" lon="18.816191"><time>2026-05-23T10:29:30.900Z</time></trkpt>
<trkpt lat="54.393801" lon="18.816200"><time>2026-05-23T10:29:32.900Z</time></trkpt>
<trkpt lat="54.393840" lon="18.816210"><time>2026-05-23T10:29:34.900Z</time></trkpt>
<trkpt lat="54.393877" lon="18.816220"><time>2026-05-23T10:29:36.900Z</time></trkpt>
<trkpt lat="54.393915" lon="18.816228"><time>2026-05-23T10:29:38.900Z</time></trkpt>
<trkpt lat="54.393951" lon="18.816236"><time>2026-05-23T10:29:40.900Z</time></trkpt>
<trkpt lat="54.393983" lon="18.816240"><time>2026-05-23T10:29:42.900Z</time></trkpt>
<trkpt lat="54.394020" lon="18.816238"><time>2026-05-23T10:29:44.900Z</time></trkpt>
<trkpt lat="54.394055" lon="18.816234"><time>2026-05-23T10:29:46.900Z</time></trkpt>
<trkpt lat="54.394098" lon="18.816251"><time>2026-05-23T10:29:48.900Z</time></trkpt>
<trkpt lat="54.394124" lon="18.816296"><time>2026-05-23T10:29:50.900Z</time></trkpt>
<trkpt lat="54.394141" lon="18.816343"><time>2026-05-23T10:29:52.900Z</time></trkpt>
<trkpt lat="54.394144" lon="18.816384"><time>2026-05-23T10:29:54.900Z</time></trkpt>
<trkpt lat="54.394111" lon="18.816436"><time>2026-05-23T10:29:56.900Z</time></trkpt>
<trkpt lat="54.394092" lon="18.816457"><time>2026-05-23T10:29:58.900Z</time></trkpt>
<trkpt lat="54.394076" lon="18.816490"><time>2026-05-23T10:30:00.900Z</time></trkpt>
<trkpt lat="54.394061" lon="18.816532"><time>2026-05-23T10:30:02.900Z</time></trkpt>
<trkpt lat="54.394046" lon="18.816574"><time>2026-05-23T10:30:04.900Z</time></trkpt>
<trkpt lat="54.394035" lon="18.816614"><time>2026-05-23T10:30:06.900Z</time></trkpt>
<trkpt lat="54.394028" lon="18.816641"><time>2026-05-23T10:30:08.900Z</time></trkpt>
<trkpt lat="54.394017" lon="18.816665"><time>2026-05-23T10:30:10.900Z</time></trkpt>
<trkpt lat="54.394009" lon="18.816701"><time>2026-05-23T10:30:12.900Z</time></trkpt>
<trkpt lat="54.394002" lon="18.816753"><time>2026-05-23T10:30:14.900Z</time></trkpt>
<trkpt lat="54.393995" lon="18.816812"><time>2026-05-23T10:30:16.900Z</time></trkpt>
<trkpt lat="54.393987" lon="18.816863"><time>2026-05-23T10:30:18.900Z</time></trkpt>
<trkpt lat="54.393979" lon="18.816919"><time>2026-05-23T10:30:20.900Z</time></trkpt>
<trkpt lat="54.393968" lon="18.816972"><time>2026-05-23T10:30:22.900Z</time></trkpt>
<trkpt lat="54.393955" lon="18.817026"><time>2026-05-23T10:30:24.900Z</time></trkpt>
<trkpt lat="54.393944" lon="18.817075"><time>2026-05-23T10:30:26.900Z</time></trkpt>
<trkpt lat="54.393934" lon="18.817135"><time>2026-05-23T10:30:28.900Z</time></trkpt>
<trkpt lat="54.393923" lon="18.817191"><time>2026-05-23T10:30:30.900Z</time></trkpt>
<trkpt lat="54.393913" lon="18.817230"><time>2026-05-23T10:30:32.900Z</time></trkpt>
<trkpt lat="54.393903" lon="18.817278"><time>2026-05-23T10:30:34.900Z</time></trkpt>
<trkpt lat="54.393895" lon="18.817318"><time>2026-05-23T10:30:36.900Z</time></trkpt>
<trkpt lat="54.393890" lon="18.817358"><time>2026-05-23T10:30:39.000Z</time></trkpt>
<trkpt lat="54.393887" lon="18.817377"><time>2026-05-23T10:30:40.000Z</time></trkpt>
<trkpt lat="54.393880" lon="18.817427"><time>2026-05-23T10:30:42.000Z</time></trkpt>
<trkpt lat="54.393871" lon="18.817485"><time>2026-05-23T10:30:44.000Z</time></trkpt>
<trkpt lat="54.393862" lon="18.817528"><time>2026-05-23T10:30:46.000Z</time></trkpt>
<trkpt lat="54.393854" lon="18.817587"><time>2026-05-23T10:30:48.000Z</time></trkpt>
<trkpt lat="54.393847" lon="18.817626"><time>2026-05-23T10:30:50.000Z</time></trkpt>
<trkpt lat="54.393837" lon="18.817671"><time>2026-05-23T10:30:52.000Z</time></trkpt>
<trkpt lat="54.393831" lon="18.817698"><time>2026-05-23T10:30:54.000Z</time></trkpt>
<trkpt lat="54.393821" lon="18.817763"><time>2026-05-23T10:30:56.000Z</time></trkpt>
<trkpt lat="54.393813" lon="18.817816"><time>2026-05-23T10:30:58.000Z</time></trkpt>
<trkpt lat="54.393800" lon="18.817883"><time>2026-05-23T10:31:00.000Z</time></trkpt>
<trkpt lat="54.393787" lon="18.817949"><time>2026-05-23T10:31:02.000Z</time></trkpt>
<trkpt lat="54.393775" lon="18.818005"><time>2026-05-23T10:31:04.000Z</time></trkpt>
<trkpt lat="54.393764" lon="18.818053"><time>2026-05-23T10:31:06.000Z</time></trkpt>
<trkpt lat="54.393754" lon="18.818098"><time>2026-05-23T10:31:08.000Z</time></trkpt>
<trkpt lat="54.393741" lon="18.818145"><time>2026-05-23T10:31:10.000Z</time></trkpt>
<trkpt lat="54.393732" lon="18.818185"><time>2026-05-23T10:31:12.000Z</time></trkpt>
<trkpt lat="54.393722" lon="18.818218"><time>2026-05-23T10:31:14.000Z</time></trkpt>
<trkpt lat="54.393710" lon="18.818260"><time>2026-05-23T10:31:16.000Z</time></trkpt>
<trkpt lat="54.393696" lon="18.818307"><time>2026-05-23T10:31:18.000Z</time></trkpt>
<trkpt lat="54.393673" lon="18.818378"><time>2026-05-23T10:31:20.900Z</time></trkpt>
<trkpt lat="54.393659" lon="18.818428"><time>2026-05-23T10:31:22.900Z</time></trkpt>
<trkpt lat="54.393644" lon="18.818479"><time>2026-05-23T10:31:24.900Z</time></trkpt>
<trkpt lat="54.393632" lon="18.818527"><time>2026-05-23T10:31:26.900Z</time></trkpt>
<trkpt lat="54.393619" lon="18.818576"><time>2026-05-23T10:31:28.900Z</time></trkpt>
<trkpt lat="54.393607" lon="18.818625"><time>2026-05-23T10:31:30.900Z</time></trkpt>
<trkpt lat="54.393595" lon="18.818669"><time>2026-05-23T10:31:32.900Z</time></trkpt>
<trkpt lat="54.393574" lon="18.818734"><time>2026-05-23T10:31:34.900Z</time></trkpt>
<trkpt lat="54.393552" lon="18.818800"><time>2026-05-23T10:31:36.900Z</time></trkpt>
<trkpt lat="54.393538" lon="18.818855"><time>2026-05-23T10:31:38.900Z</time></trkpt>
<trkpt lat="54.393534" lon="18.818908"><time>2026-05-23T10:31:40.900Z</time></trkpt>
<trkpt lat="54.393540" lon="18.818953"><time>2026-05-23T10:31:42.900Z</time></trkpt>
<trkpt lat="54.393551" lon="18.818991"><time>2026-05-23T10:31:44.900Z</time></trkpt>
<trkpt lat="54.393564" lon="18.819018"><time>2026-05-23T10:31:46.900Z</time></trkpt>
<trkpt lat="54.393580" lon="18.819034"><time>2026-05-23T10:31:48.900Z</time></trkpt>
<trkpt lat="54.393598" lon="18.819039"><time>2026-05-23T10:31:50.900Z</time></trkpt>
<trkpt lat="54.393621" lon="18.819042"><time>2026-05-23T10:31:52.900Z</time></trkpt>
<trkpt lat="54.393650" lon="18.819038"><time>2026-05-23T10:31:54.900Z</time></trkpt>
<trkpt lat="54.393680" lon="18.819027"><time>2026-05-23T10:31:56.900Z</time></trkpt>
<trkpt lat="54.393710" lon="18.819007"><time>2026-05-23T10:31:58.900Z</time></trkpt>
<trkpt lat="54.393742" lon="18.818984"><time>2026-05-23T10:32:00.900Z</time></trkpt>
<trkpt lat="54.393777" lon="18.818965"><time>2026-05-23T10:32:02.900Z</time></trkpt>
<trkpt lat="54.393795" lon="18.818964"><time>2026-05-23T10:32:04.900Z</time></trkpt>
<trkpt lat="54.393821" lon="18.818961"><time>2026-05-23T10:32:06.900Z</time></trkpt>
<trkpt lat="54.393854" lon="18.818948"><time>2026-05-23T10:32:08.900Z</time></trkpt>
<trkpt lat="54.393888" lon="18.818938"><time>2026-05-23T10:32:10.900Z</time></trkpt>
<trkpt lat="54.393921" lon="18.818921"><time>2026-05-23T10:32:12.900Z</time></trkpt>
<trkpt lat="54.393953" lon="18.818911"><time>2026-05-23T10:32:14.900Z</time></trkpt>
<trkpt lat="54.393987" lon="18.818900"><time>2026-05-23T10:32:16.900Z</time></trkpt>
<trkpt lat="54.394020" lon="18.818892"><time>2026-05-23T10:32:18.900Z</time></trkpt>
<trkpt lat="54.394054" lon="18.818881"><time>2026-05-23T10:32:20.900Z</time></trkpt>
<trkpt lat="54.394087" lon="18.818871"><time>2026-05-23T10:32:22.900Z</time></trkpt>
<trkpt lat="54.394123" lon="18.818860"><time>2026-05-23T10:32:24.900Z</time></trkpt>
<trkpt lat="54.394153" lon="18.818854"><time>2026-05-23T10:32:26.900Z</time></trkpt>
<trkpt lat="54.394188" lon="18.818847"><time>2026-05-23T10:32:28.900Z</time></trkpt>
<trkpt lat="54.394228" lon="18.818843"><time>2026-05-23T10:32:30.900Z</time></trkpt>
<trkpt lat="54.394266" lon="18.818844"><time>2026-05-23T10:32:32.900Z</time></trkpt>
<trkpt lat="54.394300" lon="18.818838"><time>2026-05-23T10:32:34.900Z</time></trkpt>
<trkpt lat="54.394338" lon="18.818823"><time>2026-05-23T10:32:36.900Z</time></trkpt>
<trkpt lat="54.394372" lon="18.818801"><time>2026-05-23T10:32:38.900Z</time></trkpt>
<trkpt lat="54.394410" lon="18.818772"><time>2026-05-23T10:32:40.900Z</time></trkpt>
<trkpt lat="54.394446" lon="18.818731"><time>2026-05-23T10:32:42.900Z</time></trkpt>
<trkpt lat="54.394462" lon="18.818707"><time>2026-05-23T10:32:44.000Z</time></trkpt>
<trkpt lat="54.394493" lon="18.818647"><time>2026-05-23T10:32:46.000Z</time></trkpt>
<trkpt lat="54.394511" lon="18.818589"><time>2026-05-23T10:32:48.000Z</time></trkpt>
<trkpt lat="54.394525" lon="18.818526"><time>2026-05-23T10:32:50.000Z</time></trkpt>
<trkpt lat="54.394527" lon="18.818474"><time>2026-05-23T10:32:52.000Z</time></trkpt>
<trkpt lat="54.394515" lon="18.818421"><time>2026-05-23T10:32:54.000Z</time></trkpt>
<trkpt lat="54.394498" lon="18.818369"><time>2026-05-23T10:32:56.000Z</time></trkpt>
<trkpt lat="54.394481" lon="18.818332"><time>2026-05-23T10:32:58.000Z</time></trkpt>
<trkpt lat="54.394455" lon="18.818247"><time>2026-05-23T10:33:00.000Z</time></trkpt>
<trkpt lat="54.394442" lon="18.818198"><time>2026-05-23T10:33:02.000Z</time></trkpt>
<trkpt lat="54.394433" lon="18.818154"><time>2026-05-23T10:33:04.000Z</time></trkpt>
<trkpt lat="54.394433" lon="18.818124"><time>2026-05-23T10:33:06.000Z</time></trkpt>
<trkpt lat="54.394429" lon="18.818095"><time>2026-05-23T10:33:08.000Z</time></trkpt>
<trkpt lat="54.394420" lon="18.818065"><time>2026-05-23T10:33:10.000Z</time></trkpt>
<trkpt lat="54.394406" lon="18.818019"><time>2026-05-23T10:33:12.000Z</time></trkpt>
<trkpt lat="54.394394" lon="18.817981"><time>2026-05-23T10:33:14.000Z</time></trkpt>
<trkpt lat="54.394376" lon="18.817930"><time>2026-05-23T10:33:16.000Z</time></trkpt>
<trkpt lat="54.394368" lon="18.817899"><time>2026-05-23T10:33:18.000Z</time></trkpt>
<trkpt lat="54.394362" lon="18.817864"><time>2026-05-23T10:33:20.000Z</time></trkpt>
<trkpt lat="54.394359" lon="18.817832"><time>2026-05-23T10:33:22.000Z</time></trkpt>
<trkpt lat="54.394350" lon="18.817779"><time>2026-05-23T10:33:24.900Z</time></trkpt>
<trkpt lat="54.394344" lon="18.817745"><time>2026-05-23T10:33:26.900Z</time></trkpt>
<trkpt lat="54.394338" lon="18.817716"><time>2026-05-23T10:33:28.900Z</time></trkpt>
<trkpt lat="54.394342" lon="18.817701"><time>2026-05-23T10:33:30.900Z</time></trkpt>
<trkpt lat="54.394345" lon="18.817668"><time>2026-05-23T10:33:32.900Z</time></trkpt>
<trkpt lat="54.394344" lon="18.817628"><time>2026-05-23T10:33:34.900Z</time></trkpt>
<trkpt lat="54.394342" lon="18.817583"><time>2026-05-23T10:33:36.900Z</time></trkpt>
<trkpt lat="54.394346" lon="18.817524"><time>2026-05-23T10:33:38.900Z</time></trkpt>
<trkpt lat="54.394335" lon="18.817492"><time>2026-05-23T10:33:40.900Z</time></trkpt>
<trkpt lat="54.394328" lon="18.817472"><time>2026-05-23T10:33:42.900Z</time></trkpt>
<trkpt lat="54.394322" lon="18.817441"><time>2026-05-23T10:33:44.900Z</time></trkpt>
<trkpt lat="54.394317" lon="18.817407"><time>2026-05-23T10:33:46.900Z</time></trkpt>
<trkpt lat="54.394313" lon="18.817378"><time>2026-05-23T10:33:48.900Z</time></trkpt>
<trkpt lat="54.394305" lon="18.817347"><time>2026-05-23T10:33:50.900Z</time></trkpt>
<trkpt lat="54.394305" lon="18.817322"><time>2026-05-23T10:33:52.900Z</time></trkpt>
<trkpt lat="54.394304" lon="18.817298"><time>2026-05-23T10:33:54.900Z</time></trkpt>
<trkpt lat="54.394299" lon="18.817265"><time>2026-05-23T10:33:56.900Z</time></trkpt>
<trkpt lat="54.394295" lon="18.817233"><time>2026-05-23T10:33:58.900Z</time></trkpt>
<trkpt lat="54.394287" lon="18.817202"><time>2026-05-23T10:34:00.900Z</time></trkpt>
<trkpt lat="54.394283" lon="18.817197"><time>2026-05-23T10:34:02.900Z</time></trkpt>
<trkpt lat="54.394269" lon="18.817168"><time>2026-05-23T10:34:04.900Z</time></trkpt>
<trkpt lat="54.394258" lon="18.817144"><time>2026-05-23T10:34:06.900Z</time></trkpt>
<trkpt lat="54.394251" lon="18.817114"><time>2026-05-23T10:34:08.900Z</time></trkpt>
<trkpt lat="54.394244" lon="18.817084"><time>2026-05-23T10:34:10.900Z</time></trkpt>
<trkpt lat="54.394237" lon="18.817058"><time>2026-05-23T10:34:12.900Z</time></trkpt>
<trkpt lat="54.394231" lon="18.817030"><time>2026-05-23T10:34:14.900Z</time></trkpt>
<trkpt lat="54.394226" lon="18.817003"><time>2026-05-23T10:34:16.900Z</time></trkpt>
<trkpt lat="54.394228" lon="18.816986"><time>2026-05-23T10:34:18.900Z</time></trkpt>
<trkpt lat="54.394221" lon="18.816955"><time>2026-05-23T10:34:20.900Z</time></trkpt>
<trkpt lat="54.394215" lon="18.816929"><time>2026-05-23T10:34:22.900Z</time></trkpt>
<trkpt lat="54.394211" lon="18.816899"><time>2026-05-23T10:34:24.900Z</time></trkpt>
<trkpt lat="54.394208" lon="18.816881"><time>2026-05-23T10:34:26.900Z</time></trkpt>
<trkpt lat="54.394206" lon="18.816864"><time>2026-05-23T10:34:28.900Z</time></trkpt>
<trkpt lat="54.394196" lon="18.816849"><time>2026-05-23T10:34:30.900Z</time></trkpt>
<trkpt lat="54.394187" lon="18.816824"><time>2026-05-23T10:34:32.900Z</time></trkpt>
<trkpt lat="54.394180" lon="18.816804"><time>2026-05-23T10:34:34.900Z</time></trkpt>
<trkpt lat="54.394171" lon="18.816785"><time>2026-05-23T10:34:36.900Z</time></trkpt>
<trkpt lat="54.394163" lon="18.816762"><time>2026-05-23T10:34:38.900Z</time></trkpt>
<trkpt lat="54.394155" lon="18.816742"><time>2026-05-23T10:34:40.900Z</time></trkpt>
<trkpt lat="54.394139" lon="18.816710"><time>2026-05-23T10:34:42.900Z</time></trkpt>
<trkpt lat="54.394127" lon="18.816686"><time>2026-05-23T10:34:44.900Z</time></trkpt>
<trkpt lat="54.394125" lon="18.816661"><time>2026-05-23T10:34:46.900Z</time></trkpt>
<trkpt lat="54.394123" lon="18.816637"><time>2026-05-23T10:34:49.000Z</time></trkpt>
<trkpt lat="54.394122" lon="18.816627"><time>2026-05-23T10:34:50.000Z</time></trkpt>
<trkpt lat="54.394115" lon="18.816602"><time>2026-05-23T10:34:52.000Z</time></trkpt>
<trkpt lat="54.394108" lon="18.816576"><time>2026-05-23T10:34:54.000Z</time></trkpt>
<trkpt lat="54.394100" lon="18.816548"><time>2026-05-23T10:34:56.000Z</time></trkpt>
<trkpt lat="54.394094" lon="18.816525"><time>2026-05-23T10:34:58.000Z</time></trkpt>
<trkpt lat="54.394084" lon="18.816497"><time>2026-05-23T10:35:00.000Z</time></trkpt>
<trkpt lat="54.394068" lon="18.816460"><time>2026-05-23T10:35:02.000Z</time></trkpt>
<trkpt lat="54.394056" lon="18.816422"><time>2026-05-23T10:35:04.000Z</time></trkpt>
<trkpt lat="54.394037" lon="18.816407"><time>2026-05-23T10:35:06.000Z</time></trkpt>
<trkpt lat="54.394024" lon="18.816387"><time>2026-05-23T10:35:08.000Z</time></trkpt>
<trkpt lat="54.394012" lon="18.816360"><time>2026-05-23T10:35:10.000Z</time></trkpt>
<trkpt lat="54.393995" lon="18.816325"><time>2026-05-23T10:35:12.000Z</time></trkpt>
<trkpt lat="54.393988" lon="18.816298"><time>2026-05-23T10:35:14.000Z</time></trkpt>
<trkpt lat="54.393983" lon="18.816276"><time>2026-05-23T10:35:16.000Z</time></trkpt>
<trkpt lat="54.393975" lon="18.816245"><time>2026-05-23T10:35:18.000Z</time></trkpt>
<trkpt lat="54.393962" lon="18.816203"><time>2026-05-23T10:35:20.000Z</time></trkpt>
<trkpt lat="54.393951" lon="18.816167"><time>2026-05-23T10:35:22.000Z</time></trkpt>
<trkpt lat="54.393940" lon="18.816135"><time>2026-05-23T10:35:24.000Z</time></trkpt>
<trkpt lat="54.393917" lon="18.816094"><time>2026-05-23T10:35:26.900Z</time></trkpt>
<trkpt lat="54.393906" lon="18.816067"><time>2026-05-23T10:35:28.900Z</time></trkpt>
<trkpt lat="54.393892" lon="18.816039"><time>2026-05-23T10:35:30.900Z</time></trkpt>
<trkpt lat="54.393880" lon="18.816005"><time>2026-05-23T10:35:32.900Z</time></trkpt>
<trkpt lat="54.393866" lon="18.815967"><time>2026-05-23T10:35:34.900Z</time></trkpt>
<trkpt lat="54.393850" lon="18.815934"><time>2026-05-23T10:35:36.900Z</time></trkpt>
<trkpt lat="54.393835" lon="18.815888"><time>2026-05-23T10:35:38.900Z</time></trkpt>
<trkpt lat="54.393821" lon="18.815851"><time>2026-05-23T10:35:40.900Z</time></trkpt>
<trkpt lat="54.393807" lon="18.815820"><time>2026-05-23T10:35:42.900Z</time></trkpt>
<trkpt lat="54.393792" lon="18.815789"><time>2026-05-23T10:35:44.900Z</time></trkpt>
<trkpt lat="54.393780" lon="18.815765"><time>2026-05-23T10:35:46.900Z</time></trkpt>
<trkpt lat="54.393761" lon="18.815731"><time>2026-05-23T10:35:48.900Z</time></trkpt>
<trkpt lat="54.393745" lon="18.815695"><time>2026-05-23T10:35:50.900Z</time></trkpt>
<trkpt lat="54.393730" lon="18.815664"><time>2026-05-23T10:35:52.900Z</time></trkpt>
<trkpt lat="54.393708" lon="18.815628"><time>2026-05-23T10:35:54.900Z</time></trkpt>
<trkpt lat="54.393693" lon="18.815582"><time>2026-05-23T10:35:56.900Z</time></trkpt>
<trkpt lat="54.393673" lon="18.815542"><time>2026-05-23T10:35:58.900Z</time></trkpt>
<trkpt lat="54.393652" lon="18.815506"><time>2026-05-23T10:36:00.900Z</time></trkpt>
<trkpt lat="54.393630" lon="18.815468"><time>2026-05-23T10:36:02.900Z</time></trkpt>
<trkpt lat="54.393614" lon="18.815444"><time>2026-05-23T10:36:04.900Z</time></trkpt>
<trkpt lat="54.393599" lon="18.815418"><time>2026-05-23T10:36:06.900Z</time></trkpt>
<trkpt lat="54.393582" lon="18.815384"><time>2026-05-23T10:36:08.900Z</time></trkpt>
<trkpt lat="54.393567" lon="18.815345"><time>2026-05-23T10:36:10.900Z</time></trkpt>
<trkpt lat="54.393552" lon="18.815309"><time>2026-05-23T10:36:12.900Z</time></trkpt>
<trkpt lat="54.393536" lon="18.815273"><time>2026-05-23T10:36:14.900Z</time></trkpt>
<trkpt lat="54.393526" lon="18.815253"><time>2026-05-23T10:36:16.900Z</time></trkpt>
<trkpt lat="54.393512" lon="18.815225"><time>2026-05-23T10:36:18.900Z</time></trkpt>
<trkpt lat="54.393495" lon="18.815198"><time>2026-05-23T10:36:20.900Z</time></trkpt>
<trkpt lat="54.393478" lon="18.815180"><time>2026-05-23T10:36:22.900Z</time></trkpt>
<trkpt lat="54.393464" lon="18.815158"><time>2026-05-23T10:36:24.900Z</time></trkpt>
<trkpt lat="54.393444" lon="18.815117"><time>2026-05-23T10:36:26.900Z</time></trkpt>
<trkpt lat="54.393429" lon="18.815058"><time>2026-05-23T10:36:28.900Z</time></trkpt>
<trkpt lat="54.393414" lon="18.815003"><time>2026-05-23T10:36:30.900Z</time></trkpt>
<trkpt lat="54.393403" lon="18.814967"><time>2026-05-23T10:36:32.900Z</time></trkpt>
<trkpt lat="54.393392" lon="18.814929"><time>2026-05-23T10:36:34.900Z</time></trkpt>
<trkpt lat="54.393380" lon="18.814897"><time>2026-05-23T10:36:36.900Z</time></trkpt>
<trkpt lat="54.393369" lon="18.814861"><time>2026-05-23T10:36:38.900Z</time></trkpt>
<trkpt lat="54.393355" lon="18.814813"><time>2026-05-23T10:36:40.900Z</time></trkpt>
<trkpt lat="54.393339" lon="18.814777"><time>2026-05-23T10:36:42.900Z</time></trkpt>
<trkpt lat="54.393321" lon="18.814744"><time>2026-05-23T10:36:44.900Z</time></trkpt>
<trkpt lat="54.393305" lon="18.814708"><time>2026-05-23T10:36:46.900Z</time></trkpt>
<trkpt lat="54.393288" lon="18.814676"><time>2026-05-23T10:36:48.900Z</time></trkpt>
<trkpt lat="54.393272" lon="18.814641"><time>2026-05-23T10:36:50.900Z</time></trkpt>
<trkpt lat="54.393257" lon="18.814610"><time>2026-05-23T10:36:52.900Z</time></trkpt>
<trkpt lat="54.393240" lon="18.814578"><time>2026-05-23T10:36:55.000Z</time></trkpt>
<trkpt lat="54.393232" lon="18.814560"><time>2026-05-23T10:36:56.000Z</time></trkpt>
<trkpt lat="54.393216" lon="18.814526"><time>2026-05-23T10:36:58.000Z</time></trkpt>
<trkpt lat="54.393199" lon="18.814490"><time>2026-05-23T10:37:00.000Z</time></trkpt>
<trkpt lat="54.393183" lon="18.814454"><time>2026-05-23T10:37:02.000Z</time></trkpt>
<trkpt lat="54.393169" lon="18.814419"><time>2026-05-23T10:37:04.000Z</time></trkpt>
<trkpt lat="54.393152" lon="18.814383"><time>2026-05-23T10:37:06.000Z</time></trkpt>
<trkpt lat="54.393136" lon="18.814344"><time>2026-05-23T10:37:08.000Z</time></trkpt>
<trkpt lat="54.393120" lon="18.814306"><time>2026-05-23T10:37:10.000Z</time></trkpt>
<trkpt lat="54.393103" lon="18.814266"><time>2026-05-23T10:37:12.000Z</time></trkpt>
<trkpt lat="54.393088" lon="18.814226"><time>2026-05-23T10:37:14.000Z</time></trkpt>
<trkpt lat="54.393075" lon="18.814188"><time>2026-05-23T10:37:16.000Z</time></trkpt>
<trkpt lat="54.393061" lon="18.814151"><time>2026-05-23T10:37:18.000Z</time></trkpt>
<trkpt lat="54.393046" lon="18.814116"><time>2026-05-23T10:37:20.000Z</time></trkpt>
<trkpt lat="54.393028" lon="18.814080"><time>2026-05-23T10:37:22.000Z</time></trkpt>
<trkpt lat="54.393011" lon="18.814047"><time>2026-05-23T10:37:24.000Z</time></trkpt>
<trkpt lat="54.392993" lon="18.814015"><time>2026-05-23T10:37:26.000Z</time></trkpt>
<trkpt lat="54.392975" lon="18.813978"><time>2026-05-23T10:37:28.000Z</time></trkpt>
<trkpt lat="54.392958" lon="18.813944"><time>2026-05-23T10:37:30.000Z</time></trkpt>
<trkpt lat="54.392932" lon="18.813889"><time>2026-05-23T10:37:32.900Z</time></trkpt>
<trkpt lat="54.392913" lon="18.813850"><time>2026-05-23T10:37:34.900Z</time></trkpt>
<trkpt lat="54.392902" lon="18.813820"><time>2026-05-23T10:37:36.900Z</time></trkpt>
<trkpt lat="54.392889" lon="18.813790"><time>2026-05-23T10:37:38.900Z</time></trkpt>
<trkpt lat="54.392873" lon="18.813755"><time>2026-05-23T10:37:40.900Z</time></trkpt>
<trkpt lat="54.392854" lon="18.813718"><time>2026-05-23T10:37:42.900Z</time></trkpt>
<trkpt lat="54.392836" lon="18.813682"><time>2026-05-23T10:37:44.900Z</time></trkpt>
<trkpt lat="54.392817" lon="18.813645"><time>2026-05-23T10:37:46.900Z</time></trkpt>
<trkpt lat="54.392799" lon="18.813608"><time>2026-05-23T10:37:48.900Z</time></trkpt>
<trkpt lat="54.392782" lon="18.813572"><time>2026-05-23T10:37:50.900Z</time></trkpt>
<trkpt lat="54.392764" lon="18.813536"><time>2026-05-23T10:37:52.900Z</time></trkpt>
<trkpt lat="54.392746" lon="18.813499"><time>2026-05-23T10:37:54.900Z</time></trkpt>
<trkpt lat="54.392729" lon="18.813462"><time>2026-05-23T10:37:56.900Z</time></trkpt>
<trkpt lat="54.392711" lon="18.813425"><time>2026-05-23T10:37:58.900Z</time></trkpt>
<trkpt lat="54.392693" lon="18.813389"><time>2026-05-23T10:38:00.900Z</time></trkpt>
<trkpt lat="54.392675" lon="18.813354"><time>2026-05-23T10:38:02.900Z</time></trkpt>
<trkpt lat="54.392656" lon="18.813321"><time>2026-05-23T10:38:04.900Z</time></trkpt>
<trkpt lat="54.392638" lon="18.813287"><time>2026-05-23T10:38:06.900Z</time></trkpt>
<trkpt lat="54.392619" lon="18.813252"><time>2026-05-23T10:38:08.900Z</time></trkpt>
<trkpt lat="54.392600" lon="18.813217"><time>2026-05-23T10:38:10.900Z</time></trkpt>
<trkpt lat="54.392583" lon="18.813182"><time>2026-05-23T10:38:12.900Z</time></trkpt>
<trkpt lat="54.392564" lon="18.813146"><time>2026-05-23T10:38:14.900Z</time></trkpt>
<trkpt lat="54.392546" lon="18.813111"><time>2026-05-23T10:38:16.900Z</time></trkpt>
<trkpt lat="54.392527" lon="18.813076"><time>2026-05-23T10:38:18.900Z</time></trkpt>
<trkpt lat="54.392509" lon="18.813041"><time>2026-05-23T10:38:20.900Z</time></trkpt>
<trkpt lat="54.392491" lon="18.813005"><time>2026-05-23T10:38:22.900Z</time></trkpt>
<trkpt lat="54.392474" lon="18.812970"><time>2026-05-23T10:38:24.900Z</time></trkpt>
<trkpt lat="54.392457" lon="18.812934"><time>2026-05-23T10:38:26.900Z</time></trkpt>
<trkpt lat="54.392440" lon="18.812898"><time>2026-05-23T10:38:28.900Z</time></trkpt>
<trkpt lat="54.392423" lon="18.812863"><time>2026-05-23T10:38:30.900Z</time></trkpt>
<trkpt lat="54.392406" lon="18.812827"><time>2026-05-23T10:38:32.900Z</time></trkpt>
<trkpt lat="54.392389" lon="18.812791"><time>2026-05-23T10:38:34.900Z</time></trkpt>
<trkpt lat="54.392371" lon="18.812755"><time>2026-05-23T10:38:36.900Z</time></trkpt>
<trkpt lat="54.392353" lon="18.812720"><time>2026-05-23T10:38:38.900Z</time></trkpt>
<trkpt lat="54.392336" lon="18.812684"><time>2026-05-23T10:38:40.900Z</time></trkpt>
<trkpt lat="54.392318" lon="18.812649"><time>2026-05-23T10:38:42.900Z</time></trkpt>
<trkpt lat="54.392301" lon="18.812613"><time>2026-05-23T10:38:44.900Z</time></trkpt>
<trkpt lat="54.392284" lon="18.812576"><time>2026-05-23T10:38:46.900Z</time></trkpt>
<trkpt lat="54.392266" lon="18.812538"><time>2026-05-23T10:38:48.900Z</time></trkpt>
<trkpt lat="54.392249" lon="18.812501"><time>2026-05-23T10:38:50.900Z</time></trkpt>
<trkpt lat="54.392231" lon="18.812465"><time>2026-05-23T10:38:52.900Z</time></trkpt>
<trkpt lat="54.392213" lon="18.812429"><time>2026-05-23T10:38:54.900Z</time></trkpt>
<trkpt lat="54.392195" lon="18.812392"><time>2026-05-23T10:38:56.900Z</time></trkpt>
<trkpt lat="54.392176" lon="18.812356"><time>2026-05-23T10:38:58.900Z</time></trkpt>
<trkpt lat="54.392157" lon="18.812320"><time>2026-05-23T10:39:01.000Z</time></trkpt>
<trkpt lat="54.392147" lon="18.812302"><time>2026-05-23T10:39:02.000Z</time></trkpt>
<trkpt lat="54.392130" lon="18.812266"><time>2026-05-23T10:39:04.000Z</time></trkpt>
<trkpt lat="54.392113" lon="18.812231"><time>2026-05-23T10:39:06.000Z</time></trkpt>
<trkpt lat="54.392094" lon="18.812194"><time>2026-05-23T10:39:08.000Z</time></trkpt>
<trkpt lat="54.392077" lon="18.812158"><time>2026-05-23T10:39:10.000Z</time></trkpt>
<trkpt lat="54.392059" lon="18.812121"><time>2026-05-23T10:39:12.000Z</time></trkpt>
<trkpt lat="54.392041" lon="18.812082"><time>2026-05-23T10:39:14.000Z</time></trkpt>
<trkpt lat="54.392024" lon="18.812044"><time>2026-05-23T10:39:16.000Z</time></trkpt>
<trkpt lat="54.392006" lon="18.812007"><time>2026-05-23T10:39:18.000Z</time></trkpt>
<trkpt lat="54.391989" lon="18.811971"><time>2026-05-23T10:39:20.000Z</time></trkpt>
<trkpt lat="54.391977" lon="18.811941"><time>2026-05-23T10:39:22.000Z</time></trkpt>
<trkpt lat="54.391961" lon="18.811905"><time>2026-05-23T10:39:24.000Z</time></trkpt>
<trkpt lat="54.391942" lon="18.811868"><time>2026-05-23T10:39:26.000Z</time></trkpt>
<trkpt lat="54.391926" lon="18.811832"><time>2026-05-23T10:39:28.000Z</time></trkpt>
<trkpt lat="54.391907" lon="18.811796"><time>2026-05-23T10:39:30.000Z</time></trkpt>
<trkpt lat="54.391891" lon="18.811760"><time>2026-05-23T10:39:32.000Z</time></trkpt>
<trkpt lat="54.391864" lon="18.811707"><time>2026-05-23T10:39:34.900Z</time></trkpt>
<trkpt lat="54.391845" lon="18.811670"><time>2026-05-23T10:39:36.900Z</time></trkpt>
<trkpt lat="54.391828" lon="18.811635"><time>2026-05-23T10:39:38.900Z</time></trkpt>
<trkpt lat="54.391810" lon="18.811597"><time>2026-05-23T10:39:40.900Z</time></trkpt>
<trkpt lat="54.391794" lon="18.811561"><time>2026-05-23T10:39:42.900Z</time></trkpt>
<trkpt lat="54.391776" lon="18.811524"><time>2026-05-23T10:39:44.900Z</time></trkpt>
<trkpt lat="54.391757" lon="18.811486"><time>2026-05-23T10:39:46.900Z</time></trkpt>
<trkpt lat="54.391740" lon="18.811449"><time>2026-05-23T10:39:48.900Z</time></trkpt>
<trkpt lat="54.391723" lon="18.811412"><time>2026-05-23T10:39:50.900Z</time></trkpt>
<trkpt lat="54.391706" lon="18.811375"><time>2026-05-23T10:39:52.900Z</time></trkpt>
<trkpt lat="54.391689" lon="18.811339"><time>2026-05-23T10:39:54.900Z</time></trkpt>
<trkpt lat="54.391673" lon="18.811303"><time>2026-05-23T10:39:56.900Z</time></trkpt>
<trkpt lat="54.391656" lon="18.811265"><time>2026-05-23T10:39:58.900Z</time></trkpt>
<trkpt lat="54.391641" lon="18.811227"><time>2026-05-23T10:40:00.900Z</time></trkpt>
<trkpt lat="54.391624" lon="18.811189"><time>2026-05-23T10:40:02.900Z</time></trkpt>
<trkpt lat="54.391608" lon="18.811150"><time>2026-05-23T10:40:04.900Z</time></trkpt>
<trkpt lat="54.391594" lon="18.811112"><time>2026-05-23T10:40:06.900Z</time></trkpt>
<trkpt lat="54.391579" lon="18.811073"><time>2026-05-23T10:40:08.900Z</time></trkpt>
<trkpt lat="54.391564" lon="18.811034"><time>2026-05-23T10:40:10.900Z</time></trkpt>
<trkpt lat="54.391550" lon="18.810997"><time>2026-05-23T10:40:12.900Z</time></trkpt>
<trkpt lat="54.391534" lon="18.810960"><time>2026-05-23T10:40:14.900Z</time></trkpt>
<trkpt lat="54.391517" lon="18.810921"><time>2026-05-23T10:40:16.900Z</time></trkpt>
<trkpt lat="54.391500" lon="18.810884"><time>2026-05-23T10:40:18.900Z</time></trkpt>
<trkpt lat="54.391483" lon="18.810847"><time>2026-05-23T10:40:20.900Z</time></trkpt>
<trkpt lat="54.391466" lon="18.810808"><time>2026-05-23T10:40:22.900Z</time></trkpt>
<trkpt lat="54.391450" lon="18.810772"><time>2026-05-23T10:40:24.900Z</time></trkpt>
<trkpt lat="54.391432" lon="18.810734"><time>2026-05-23T10:40:26.900Z</time></trkpt>
<trkpt lat="54.391416" lon="18.810697"><time>2026-05-23T10:40:28.900Z</time></trkpt>
<trkpt lat="54.391401" lon="18.810664"><time>2026-05-23T10:40:30.900Z</time></trkpt>
<trkpt lat="54.391386" lon="18.810627"><time>2026-05-23T10:40:32.900Z</time></trkpt>
<trkpt lat="54.391371" lon="18.810592"><time>2026-05-23T10:40:34.900Z</time></trkpt>
<trkpt lat="54.391353" lon="18.810553"><time>2026-05-23T10:40:36.900Z</time></trkpt>
<trkpt lat="54.391339" lon="18.810515"><time>2026-05-23T10:40:38.900Z</time></trkpt>
<trkpt lat="54.391323" lon="18.810477"><time>2026-05-23T10:40:40.900Z</time></trkpt>
<trkpt lat="54.391306" lon="18.810438"><time>2026-05-23T10:40:42.900Z</time></trkpt>
<trkpt lat="54.391292" lon="18.810402"><time>2026-05-23T10:40:44.900Z</time></trkpt>
<trkpt lat="54.391277" lon="18.810366"><time>2026-05-23T10:40:46.900Z</time></trkpt>
<trkpt lat="54.391262" lon="18.810326"><time>2026-05-23T10:40:48.900Z</time></trkpt>
<trkpt lat="54.391246" lon="18.810285"><time>2026-05-23T10:40:50.900Z</time></trkpt>
<trkpt lat="54.391232" lon="18.810250"><time>2026-05-23T10:40:52.900Z</time></trkpt>
<trkpt lat="54.391217" lon="18.810214"><time>2026-05-23T10:40:54.900Z</time></trkpt>
<trkpt lat="54.391203" lon="18.810179"><time>2026-05-23T10:40:56.900Z</time></trkpt>
<trkpt lat="54.391189" lon="18.810141"><time>2026-05-23T10:40:58.900Z</time></trkpt>
<trkpt lat="54.391174" lon="18.810103"><time>2026-05-23T10:41:00.900Z</time></trkpt>
<trkpt lat="54.391158" lon="18.810065"><time>2026-05-23T10:41:02.900Z</time></trkpt>
<trkpt lat="54.391142" lon="18.810026"><time>2026-05-23T10:41:04.900Z</time></trkpt>
<trkpt lat="54.391126" lon="18.809988"><time>2026-05-23T10:41:07.000Z</time></trkpt>
<trkpt lat="54.391119" lon="18.809969"><time>2026-05-23T10:41:08.000Z</time></trkpt>
<trkpt lat="54.391104" lon="18.809932"><time>2026-05-23T10:41:10.000Z</time></trkpt>
<trkpt lat="54.391089" lon="18.809894"><time>2026-05-23T10:41:12.000Z</time></trkpt>
<trkpt lat="54.391073" lon="18.809856"><time>2026-05-23T10:41:14.000Z</time></trkpt>
<trkpt lat="54.391061" lon="18.809823"><time>2026-05-23T10:41:16.000Z</time></trkpt>
<trkpt lat="54.391047" lon="18.809786"><time>2026-05-23T10:41:18.000Z</time></trkpt>
<trkpt lat="54.391030" lon="18.809749"><time>2026-05-23T10:41:20.000Z</time></trkpt>
<trkpt lat="54.391013" lon="18.809711"><time>2026-05-23T10:41:22.000Z</time></trkpt>
<trkpt lat="54.390997" lon="18.809672"><time>2026-05-23T10:41:24.000Z</time></trkpt>
<trkpt lat="54.390980" lon="18.809633"><time>2026-05-23T10:41:26.000Z</time></trkpt>
<trkpt lat="54.390963" lon="18.809595"><time>2026-05-23T10:41:28.000Z</time></trkpt>
<trkpt lat="54.390947" lon="18.809556"><time>2026-05-23T10:41:30.000Z</time></trkpt>
<trkpt lat="54.390930" lon="18.809518"><time>2026-05-23T10:41:32.000Z</time></trkpt>
<trkpt lat="54.390913" lon="18.809480"><time>2026-05-23T10:41:34.000Z</time></trkpt>
<trkpt lat="54.390887" lon="18.809425"><time>2026-05-23T10:41:36.900Z</time></trkpt>
<trkpt lat="54.390870" lon="18.809388"><time>2026-05-23T10:41:38.900Z</time></trkpt>
<trkpt lat="54.390852" lon="18.809349"><time>2026-05-23T10:41:40.900Z</time></trkpt>
<trkpt lat="54.390835" lon="18.809311"><time>2026-05-23T10:41:42.900Z</time></trkpt>
<trkpt lat="54.390819" lon="18.809273"><time>2026-05-23T10:41:44.900Z</time></trkpt>
<trkpt lat="54.390804" lon="18.809236"><time>2026-05-23T10:41:46.900Z</time></trkpt>
<trkpt lat="54.390789" lon="18.809197"><time>2026-05-23T10:41:48.900Z</time></trkpt>
<trkpt lat="54.390774" lon="18.809158"><time>2026-05-23T10:41:50.900Z</time></trkpt>
<trkpt lat="54.390757" lon="18.809118"><time>2026-05-23T10:41:52.900Z</time></trkpt>
<trkpt lat="54.390741" lon="18.809077"><time>2026-05-23T10:41:54.900Z</time></trkpt>
<trkpt lat="54.390726" lon="18.809038"><time>2026-05-23T10:41:56.900Z</time></trkpt>
<trkpt lat="54.390709" lon="18.809001"><time>2026-05-23T10:41:58.900Z</time></trkpt>
<trkpt lat="54.390694" lon="18.808962"><time>2026-05-23T10:42:00.900Z</time></trkpt>
<trkpt lat="54.390677" lon="18.808924"><time>2026-05-23T10:42:02.900Z</time></trkpt>
<trkpt lat="54.390661" lon="18.808888"><time>2026-05-23T10:42:04.900Z</time></trkpt>
<trkpt lat="54.390646" lon="18.808849"><time>2026-05-23T10:42:06.900Z</time></trkpt>
<trkpt lat="54.390630" lon="18.808811"><time>2026-05-23T10:42:08.900Z</time></trkpt>
<trkpt lat="54.390613" lon="18.808772"><time>2026-05-23T10:42:10.900Z</time></trkpt>
<trkpt lat="54.390596" lon="18.808735"><time>2026-05-23T10:42:12.900Z</time></trkpt>
<trkpt lat="54.390579" lon="18.808696"><time>2026-05-23T10:42:14.900Z</time></trkpt>
<trkpt lat="54.390561" lon="18.808657"><time>2026-05-23T10:42:16.900Z</time></trkpt>
<trkpt lat="54.390543" lon="18.808619"><time>2026-05-23T10:42:18.900Z</time></trkpt>
<trkpt lat="54.390525" lon="18.808580"><time>2026-05-23T10:42:20.900Z</time></trkpt>
<trkpt lat="54.390508" lon="18.808544"><time>2026-05-23T10:42:22.900Z</time></trkpt>
<trkpt lat="54.390490" lon="18.808507"><time>2026-05-23T10:42:24.900Z</time></trkpt>
<trkpt lat="54.390472" lon="18.808469"><time>2026-05-23T10:42:26.900Z</time></trkpt>
<trkpt lat="54.390454" lon="18.808432"><time>2026-05-23T10:42:28.900Z</time></trkpt>
<trkpt lat="54.390435" lon="18.808394"><time>2026-05-23T10:42:30.900Z</time></trkpt>
<trkpt lat="54.390417" lon="18.808356"><time>2026-05-23T10:42:32.900Z</time></trkpt>
<trkpt lat="54.390398" lon="18.808319"><time>2026-05-23T10:42:34.900Z</time></trkpt>
<trkpt lat="54.390381" lon="18.808280"><time>2026-05-23T10:42:36.900Z</time></trkpt>
<trkpt lat="54.390363" lon="18.808243"><time>2026-05-23T10:42:38.900Z</time></trkpt>
<trkpt lat="54.390346" lon="18.808205"><time>2026-05-23T10:42:40.900Z</time></trkpt>
<trkpt lat="54.390328" lon="18.808168"><time>2026-05-23T10:42:42.900Z</time></trkpt>
<trkpt lat="54.390311" lon="18.808129"><time>2026-05-23T10:42:44.900Z</time></trkpt>
<trkpt lat="54.390292" lon="18.808092"><time>2026-05-23T10:42:46.900Z</time></trkpt>
<trkpt lat="54.390274" lon="18.808053"><time>2026-05-23T10:42:48.900Z</time></trkpt>
<trkpt lat="54.390255" lon="18.808013"><time>2026-05-23T10:42:50.900Z</time></trkpt>
<trkpt lat="54.390237" lon="18.807974"><time>2026-05-23T10:42:52.900Z</time></trkpt>
<trkpt lat="54.390219" lon="18.807935"><time>2026-05-23T10:42:54.900Z</time></trkpt>
<trkpt lat="54.390202" lon="18.807897"><time>2026-05-23T10:42:56.900Z</time></trkpt>
<trkpt lat="54.390183" lon="18.807859"><time>2026-05-23T10:42:58.900Z</time></trkpt>
<trkpt lat="54.390164" lon="18.807821"><time>2026-05-23T10:43:00.900Z</time></trkpt>
<trkpt lat="54.390146" lon="18.807781"><time>2026-05-23T10:43:02.900Z</time></trkpt>
<trkpt lat="54.390126" lon="18.807744"><time>2026-05-23T10:43:04.900Z</time></trkpt>
<trkpt lat="54.390108" lon="18.807705"><time>2026-05-23T10:43:06.900Z</time></trkpt>
<trkpt lat="54.390090" lon="18.807666"><time>2026-05-23T10:43:08.900Z</time></trkpt>
<trkpt lat="54.390071" lon="18.807627"><time>2026-05-23T10:43:10.900Z</time></trkpt>
<trkpt lat="54.390053" lon="18.807589"><time>2026-05-23T10:43:13.000Z</time></trkpt>
<trkpt lat="54.390045" lon="18.807570"><time>2026-05-23T10:43:14.000Z</time></trkpt>
<trkpt lat="54.390026" lon="18.807531"><time>2026-05-23T10:43:16.000Z</time></trkpt>
<trkpt lat="54.390008" lon="18.807491"><time>2026-05-23T10:43:18.000Z</time></trkpt>
<trkpt lat="54.389991" lon="18.807453"><time>2026-05-23T10:43:20.000Z</time></trkpt>
<trkpt lat="54.389974" lon="18.807415"><time>2026-05-23T10:43:22.000Z</time></trkpt>
<trkpt lat="54.389956" lon="18.807377"><time>2026-05-23T10:43:24.000Z</time></trkpt>
<trkpt lat="54.389940" lon="18.807339"><time>2026-05-23T10:43:26.000Z</time></trkpt>
<trkpt lat="54.389922" lon="18.807300"><time>2026-05-23T10:43:28.000Z</time></trkpt>
<trkpt lat="54.389903" lon="18.807262"><time>2026-05-23T10:43:30.000Z</time></trkpt>
<trkpt lat="54.389887" lon="18.807224"><time>2026-05-23T10:43:32.000Z</time></trkpt>
<trkpt lat="54.389870" lon="18.807187"><time>2026-05-23T10:43:34.000Z</time></trkpt>
<trkpt lat="54.389852" lon="18.807148"><time>2026-05-23T10:43:36.000Z</time></trkpt>
<trkpt lat="54.389833" lon="18.807109"><time>2026-05-23T10:43:38.000Z</time></trkpt>
<trkpt lat="54.389814" lon="18.807069"><time>2026-05-23T10:43:40.000Z</time></trkpt>
<trkpt lat="54.389788" lon="18.807010"><time>2026-05-23T10:43:42.900Z</time></trkpt>
<trkpt lat="54.389770" lon="18.806970"><time>2026-05-23T10:43:44.900Z</time></trkpt>
<trkpt lat="54.389752" lon="18.806930"><time>2026-05-23T10:43:46.900Z</time></trkpt>
<trkpt lat="54.389733" lon="18.806892"><time>2026-05-23T10:43:48.900Z</time></trkpt>
<trkpt lat="54.389713" lon="18.806853"><time>2026-05-23T10:43:50.900Z</time></trkpt>
<trkpt lat="54.389694" lon="18.806814"><time>2026-05-23T10:43:52.900Z</time></trkpt>
<trkpt lat="54.389675" lon="18.806777"><time>2026-05-23T10:43:54.900Z</time></trkpt>
<trkpt lat="54.389656" lon="18.806737"><time>2026-05-23T10:43:56.900Z</time></trkpt>
<trkpt lat="54.389638" lon="18.806699"><time>2026-05-23T10:43:58.900Z</time></trkpt>
<trkpt lat="54.389619" lon="18.806660"><time>2026-05-23T10:44:00.900Z</time></trkpt>
<trkpt lat="54.389601" lon="18.806621"><time>2026-05-23T10:44:02.900Z</time></trkpt>
<trkpt lat="54.389582" lon="18.806583"><time>2026-05-23T10:44:04.900Z</time></trkpt>
<trkpt lat="54.389563" lon="18.806542"><time>2026-05-23T10:44:06.900Z</time></trkpt>
<trkpt lat="54.389545" lon="18.806504"><time>2026-05-23T10:44:08.900Z</time></trkpt>
<trkpt lat="54.389526" lon="18.806466"><time>2026-05-23T10:44:10.900Z</time></trkpt>
<trkpt lat="54.389507" lon="18.806425"><time>2026-05-23T10:44:12.900Z</time></trkpt>
<trkpt lat="54.389487" lon="18.806385"><time>2026-05-23T10:44:14.900Z</time></trkpt>
<trkpt lat="54.389469" lon="18.806344"><time>2026-05-23T10:44:16.900Z</time></trkpt>
<trkpt lat="54.389450" lon="18.806304"><time>2026-05-23T10:44:18.900Z</time></trkpt>
<trkpt lat="54.389432" lon="18.806264"><time>2026-05-23T10:44:20.900Z</time></trkpt>
<trkpt lat="54.389412" lon="18.806224"><time>2026-05-23T10:44:22.900Z</time></trkpt>
<trkpt lat="54.389393" lon="18.806187"><time>2026-05-23T10:44:24.900Z</time></trkpt>
<trkpt lat="54.389372" lon="18.806148"><time>2026-05-23T10:44:26.900Z</time></trkpt>
<trkpt lat="54.389353" lon="18.806108"><time>2026-05-23T10:44:28.900Z</time></trkpt>
<trkpt lat="54.389336" lon="18.806068"><time>2026-05-23T10:44:30.900Z</time></trkpt>
<trkpt lat="54.389317" lon="18.806028"><time>2026-05-23T10:44:32.900Z</time></trkpt>
<trkpt lat="54.389299" lon="18.805990"><time>2026-05-23T10:44:34.900Z</time></trkpt>
<trkpt lat="54.389280" lon="18.805951"><time>2026-05-23T10:44:36.900Z</time></trkpt>
<trkpt lat="54.389263" lon="18.805913"><time>2026-05-23T10:44:38.900Z</time></trkpt>
<trkpt lat="54.389244" lon="18.805875"><time>2026-05-23T10:44:40.900Z</time></trkpt>
<trkpt lat="54.389226" lon="18.805838"><time>2026-05-23T10:44:42.900Z</time></trkpt>
<trkpt lat="54.389208" lon="18.805799"><time>2026-05-23T10:44:44.900Z</time></trkpt>
<trkpt lat="54.389189" lon="18.805758"><time>2026-05-23T10:44:46.900Z</time></trkpt>
<trkpt lat="54.389171" lon="18.805718"><time>2026-05-23T10:44:48.900Z</time></trkpt>
<trkpt lat="54.389153" lon="18.805676"><time>2026-05-23T10:44:50.900Z</time></trkpt>
<trkpt lat="54.389135" lon="18.805634"><time>2026-05-23T10:44:52.900Z</time></trkpt>
<trkpt lat="54.389117" lon="18.805592"><time>2026-05-23T10:44:54.900Z</time></trkpt>
<trkpt lat="54.389099" lon="18.805552"><time>2026-05-23T10:44:56.900Z</time></trkpt>
<trkpt lat="54.389081" lon="18.805510"><time>2026-05-23T10:44:58.900Z</time></trkpt>
<trkpt lat="54.389063" lon="18.805470"><time>2026-05-23T10:45:00.900Z</time></trkpt>
<trkpt lat="54.389045" lon="18.805431"><time>2026-05-23T10:45:02.900Z</time></trkpt>
<trkpt lat="54.389028" lon="18.805391"><time>2026-05-23T10:45:04.900Z</time></trkpt>
<trkpt lat="54.389010" lon="18.805351"><time>2026-05-23T10:45:06.900Z</time></trkpt>
<trkpt lat="54.388993" lon="18.805312"><time>2026-05-23T10:45:08.900Z</time></trkpt>
<trkpt lat="54.388976" lon="18.805271"><time>2026-05-23T10:45:10.900Z</time></trkpt>
<trkpt lat="54.388958" lon="18.805231"><time>2026-05-23T10:45:12.900Z</time></trkpt>
<trkpt lat="54.388941" lon="18.805191"><time>2026-05-23T10:45:14.900Z</time></trkpt>
<trkpt lat="54.388924" lon="18.805151"><time>2026-05-23T10:45:16.900Z</time></trkpt>
<trkpt lat="54.388907" lon="18.805110"><time>2026-05-23T10:45:19.000Z</time></trkpt>
<trkpt lat="54.388899" lon="18.805090"><time>2026-05-23T10:45:20.000Z</time></trkpt>
<trkpt lat="54.388882" lon="18.805050"><time>2026-05-23T10:45:22.000Z</time></trkpt>
<trkpt lat="54.388865" lon="18.805010"><time>2026-05-23T10:45:24.000Z</time></trkpt>
<trkpt lat="54.388848" lon="18.804973"><time>2026-05-23T10:45:26.000Z</time></trkpt>
<trkpt lat="54.388831" lon="18.804936"><time>2026-05-23T10:45:28.000Z</time></trkpt>
<trkpt lat="54.388814" lon="18.804899"><time>2026-05-23T10:45:30.000Z</time></trkpt>
<trkpt lat="54.388796" lon="18.804863"><time>2026-05-23T10:45:32.000Z</time></trkpt>
<trkpt lat="54.388779" lon="18.804828"><time>2026-05-23T10:45:34.000Z</time></trkpt>
<trkpt lat="54.388762" lon="18.804790"><time>2026-05-23T10:45:36.000Z</time></trkpt>
<trkpt lat="54.388745" lon="18.804751"><time>2026-05-23T10:45:38.000Z</time></trkpt>
<trkpt lat="54.388728" lon="18.804710"><time>2026-05-23T10:45:40.000Z</time></trkpt>
<trkpt lat="54.388712" lon="18.804668"><time>2026-05-23T10:45:42.000Z</time></trkpt>
<trkpt lat="54.388696" lon="18.804625"><time>2026-05-23T10:45:44.000Z</time></trkpt>
<trkpt lat="54.388680" lon="18.804582"><time>2026-05-23T10:45:46.000Z</time></trkpt>
<trkpt lat="54.388654" lon="18.804519"><time>2026-05-23T10:45:48.900Z</time></trkpt>
<trkpt lat="54.388636" lon="18.804480"><time>2026-05-23T10:45:50.900Z</time></trkpt>
<trkpt lat="54.388616" lon="18.804440"><time>2026-05-23T10:45:52.900Z</time></trkpt>
<trkpt lat="54.388598" lon="18.804401"><time>2026-05-23T10:45:54.900Z</time></trkpt>
<trkpt lat="54.388579" lon="18.804361"><time>2026-05-23T10:45:56.900Z</time></trkpt>
<trkpt lat="54.388560" lon="18.804321"><time>2026-05-23T10:45:58.900Z</time></trkpt>
<trkpt lat="54.388541" lon="18.804284"><time>2026-05-23T10:46:00.900Z</time></trkpt>
<trkpt lat="54.388521" lon="18.804243"><time>2026-05-23T10:46:02.900Z</time></trkpt>
<trkpt lat="54.388502" lon="18.804203"><time>2026-05-23T10:46:04.900Z</time></trkpt>
<trkpt lat="54.388483" lon="18.804163"><time>2026-05-23T10:46:06.900Z</time></trkpt>
<trkpt lat="54.388463" lon="18.804122"><time>2026-05-23T10:46:08.900Z</time></trkpt>
<trkpt lat="54.388444" lon="18.804080"><time>2026-05-23T10:46:10.900Z</time></trkpt>
<trkpt lat="54.388424" lon="18.804039"><time>2026-05-23T10:46:12.900Z</time></trkpt>
<trkpt lat="54.388405" lon="18.803999"><time>2026-05-23T10:46:14.900Z</time></trkpt>
<trkpt lat="54.388386" lon="18.803958"><time>2026-05-23T10:46:16.900Z</time></trkpt>
<trkpt lat="54.388367" lon="18.803915"><time>2026-05-23T10:46:18.900Z</time></trkpt>
<trkpt lat="54.388349" lon="18.803874"><time>2026-05-23T10:46:20.900Z</time></trkpt>
<trkpt lat="54.388331" lon="18.803832"><time>2026-05-23T10:46:22.900Z</time></trkpt>
<trkpt lat="54.388313" lon="18.803791"><time>2026-05-23T10:46:24.900Z</time></trkpt>
<trkpt lat="54.388304" lon="18.803766"><time>2026-05-23T10:46:26.900Z</time></trkpt>
<trkpt lat="54.388286" lon="18.803731"><time>2026-05-23T10:46:28.900Z</time></trkpt>
<trkpt lat="54.388264" lon="18.803687"><time>2026-05-23T10:46:30.900Z</time></trkpt>
<trkpt lat="54.388241" lon="18.803648"><time>2026-05-23T10:46:32.900Z</time></trkpt>
<trkpt lat="54.388220" lon="18.803610"><time>2026-05-23T10:46:34.900Z</time></trkpt>
<trkpt lat="54.388198" lon="18.803571"><time>2026-05-23T10:46:36.900Z</time></trkpt>
<trkpt lat="54.388176" lon="18.803534"><time>2026-05-23T10:46:38.900Z</time></trkpt>
<trkpt lat="54.388154" lon="18.803497"><time>2026-05-23T10:46:40.900Z</time></trkpt>
<trkpt lat="54.388132" lon="18.803459"><time>2026-05-23T10:46:42.900Z</time></trkpt>
<trkpt lat="54.388111" lon="18.803420"><time>2026-05-23T10:46:44.900Z</time></trkpt>
<trkpt lat="54.388085" lon="18.803382"><time>2026-05-23T10:46:46.900Z</time></trkpt>
<trkpt lat="54.388057" lon="18.803330"><time>2026-05-23T10:46:48.900Z</time></trkpt>
<trkpt lat="54.388034" lon="18.803281"><time>2026-05-23T10:46:50.900Z</time></trkpt>
<trkpt lat="54.388014" lon="18.803243"><time>2026-05-23T10:46:52.900Z</time></trkpt>
<trkpt lat="54.387994" lon="18.803203"><time>2026-05-23T10:46:54.900Z</time></trkpt>
<trkpt lat="54.387974" lon="18.803165"><time>2026-05-23T10:46:56.900Z</time></trkpt>
<trkpt lat="54.387954" lon="18.803129"><time>2026-05-23T10:46:58.900Z</time></trkpt>
<trkpt lat="54.387934" lon="18.803092"><time>2026-05-23T10:47:00.900Z</time></trkpt>
<trkpt lat="54.387917" lon="18.803065"><time>2026-05-23T10:47:02.900Z</time></trkpt>
<trkpt lat="54.387896" lon="18.803039"><time>2026-05-23T10:47:04.900Z</time></trkpt>
<trkpt lat="54.387879" lon="18.803016"><time>2026-05-23T10:47:06.900Z</time></trkpt>
<trkpt lat="54.387854" lon="18.802979"><time>2026-05-23T10:47:08.900Z</time></trkpt>
<trkpt lat="54.387830" lon="18.802940"><time>2026-05-23T10:47:10.900Z</time></trkpt>
<trkpt lat="54.387807" lon="18.802898"><time>2026-05-23T10:47:12.900Z</time></trkpt>
<trkpt lat="54.387783" lon="18.802842"><time>2026-05-23T10:47:14.900Z</time></trkpt>
<trkpt lat="54.387761" lon="18.802783"><time>2026-05-23T10:47:16.900Z</time></trkpt>
<trkpt lat="54.387737" lon="18.802731"><time>2026-05-23T10:47:18.900Z</time></trkpt>
<trkpt lat="54.387715" lon="18.802682"><time>2026-05-23T10:47:20.900Z</time></trkpt>
<trkpt lat="54.387694" lon="18.802638"><time>2026-05-23T10:47:22.900Z</time></trkpt>
<trkpt lat="54.387673" lon="18.802593"><time>2026-05-23T10:47:25.000Z</time></trkpt>
<trkpt lat="54.387668" lon="18.802568"><time>2026-05-23T10:47:26.000Z</time></trkpt>
<trkpt lat="54.387654" lon="18.802521"><time>2026-05-23T10:47:28.000Z</time></trkpt>
<trkpt lat="54.387635" lon="18.802471"><time>2026-05-23T10:47:30.000Z</time></trkpt>
<trkpt lat="54.387610" lon="18.802433"><time>2026-05-23T10:47:32.000Z</time></trkpt>
<trkpt lat="54.387592" lon="18.802390"><time>2026-05-23T10:47:34.000Z</time></trkpt>
<trkpt lat="54.387574" lon="18.802357"><time>2026-05-23T10:47:36.000Z</time></trkpt>
<trkpt lat="54.387560" lon="18.802318"><time>2026-05-23T10:47:38.000Z</time></trkpt>
<trkpt lat="54.387541" lon="18.802286"><time>2026-05-23T10:47:40.000Z</time></trkpt>
<trkpt lat="54.387515" lon="18.802260"><time>2026-05-23T10:47:42.000Z</time></trkpt>
<trkpt lat="54.387491" lon="18.802230"><time>2026-05-23T10:47:44.000Z</time></trkpt>
<trkpt lat="54.387467" lon="18.802196"><time>2026-05-23T10:47:46.000Z</time></trkpt>
<trkpt lat="54.387447" lon="18.802156"><time>2026-05-23T10:47:48.000Z</time></trkpt>
<trkpt lat="54.387424" lon="18.802099"><time>2026-05-23T10:47:50.900Z</time></trkpt>
<trkpt lat="54.387400" lon="18.802054"><time>2026-05-23T10:47:52.900Z</time></trkpt>
<trkpt lat="54.387367" lon="18.802000"><time>2026-05-23T10:47:54.900Z</time></trkpt>
<trkpt lat="54.387346" lon="18.801964"><time>2026-05-23T10:47:56.900Z</time></trkpt>
<trkpt lat="54.387327" lon="18.801927"><time>2026-05-23T10:47:58.900Z</time></trkpt>
<trkpt lat="54.387304" lon="18.801888"><time>2026-05-23T10:48:00.900Z</time></trkpt>
<trkpt lat="54.387283" lon="18.801850"><time>2026-05-23T10:48:02.900Z</time></trkpt>
<trkpt lat="54.387263" lon="18.801812"><time>2026-05-23T10:48:04.900Z</time></trkpt>
<trkpt lat="54.387242" lon="18.801774"><time>2026-05-23T10:48:06.900Z</time></trkpt>
<trkpt lat="54.387220" lon="18.801735"><time>2026-05-23T10:48:08.900Z</time></trkpt>
<trkpt lat="54.387200" lon="18.801702"><time>2026-05-23T10:48:10.900Z</time></trkpt>
<trkpt lat="54.387176" lon="18.801661"><time>2026-05-23T10:48:12.900Z</time></trkpt>
<trkpt lat="54.387158" lon="18.801621"><time>2026-05-23T10:48:14.900Z</time></trkpt>
<trkpt lat="54.387140" lon="18.801584"><time>2026-05-23T10:48:16.900Z</time></trkpt>
<trkpt lat="54.387120" lon="18.801555"><time>2026-05-23T10:48:18.900Z</time></trkpt>
<trkpt lat="54.387100" lon="18.801520"><time>2026-05-23T10:48:20.900Z</time></trkpt>
<trkpt lat="54.387083" lon="18.801476"><time>2026-05-23T10:48:22.900Z</time></trkpt>
<trkpt lat="54.387060" lon="18.801429"><time>2026-05-23T10:48:24.900Z</time></trkpt>
<trkpt lat="54.387038" lon="18.801385"><time>2026-05-23T10:48:26.900Z</time></trkpt>
<trkpt lat="54.387021" lon="18.801355"><time>2026-05-23T10:48:28.900Z</time></trkpt>
<trkpt lat="54.387000" lon="18.801314"><time>2026-05-23T10:48:30.900Z</time></trkpt>
<trkpt lat="54.386979" lon="18.801276"><time>2026-05-23T10:48:32.900Z</time></trkpt>
<trkpt lat="54.386962" lon="18.801258"><time>2026-05-23T10:48:34.900Z</time></trkpt>
<trkpt lat="54.386940" lon="18.801229"><time>2026-05-23T10:48:36.900Z</time></trkpt>
<trkpt lat="54.386920" lon="18.801187"><time>2026-05-23T10:48:38.900Z</time></trkpt>
<trkpt lat="54.386902" lon="18.801145"><time>2026-05-23T10:48:40.900Z</time></trkpt>
<trkpt lat="54.386882" lon="18.801107"><time>2026-05-23T10:48:42.900Z</time></trkpt>
<trkpt lat="54.386862" lon="18.801070"><time>2026-05-23T10:48:44.900Z</time></trkpt>
<trkpt lat="54.386843" lon="18.801032"><time>2026-05-23T10:48:46.900Z</time></trkpt>
<trkpt lat="54.386822" lon="18.800995"><time>2026-05-23T10:48:48.900Z</time></trkpt>
<trkpt lat="54.386800" lon="18.800958"><time>2026-05-23T10:48:50.900Z</time></trkpt>
<trkpt lat="54.386778" lon="18.800921"><time>2026-05-23T10:48:52.900Z</time></trkpt>
<trkpt lat="54.386755" lon="18.800881"><time>2026-05-23T10:48:54.900Z</time></trkpt>
<trkpt lat="54.386733" lon="18.800842"><time>2026-05-23T10:48:56.900Z</time></trkpt>
<trkpt lat="54.386711" lon="18.800802"><time>2026-05-23T10:48:58.900Z</time></trkpt>
<trkpt lat="54.386690" lon="18.800762"><time>2026-05-23T10:49:00.900Z</time></trkpt>
<trkpt lat="54.386669" lon="18.800722"><time>2026-05-23T10:49:02.900Z</time></trkpt>
<trkpt lat="54.386648" lon="18.800681"><time>2026-05-23T10:49:04.900Z</time></trkpt>
<trkpt lat="54.386628" lon="18.800642"><time>2026-05-23T10:49:06.900Z</time></trkpt>
<trkpt lat="54.386607" lon="18.800602"><time>2026-05-23T10:49:08.900Z</time></trkpt>
<trkpt lat="54.386584" lon="18.800565"><time>2026-05-23T10:49:10.900Z</time></trkpt>
<trkpt lat="54.386561" lon="18.800526"><time>2026-05-23T10:49:12.900Z</time></trkpt>
<trkpt lat="54.386539" lon="18.800488"><time>2026-05-23T10:49:14.900Z</time></trkpt>
<trkpt lat="54.386514" lon="18.800439"><time>2026-05-23T10:49:16.900Z</time></trkpt>
<trkpt lat="54.386491" lon="18.800402"><time>2026-05-23T10:49:18.900Z</time></trkpt>
<trkpt lat="54.386469" lon="18.800361"><time>2026-05-23T10:49:20.900Z</time></trkpt>
<trkpt lat="54.386448" lon="18.800321"><time>2026-05-23T10:49:22.900Z</time></trkpt>
<trkpt lat="54.386426" lon="18.800282"><time>2026-05-23T10:49:24.900Z</time></trkpt>
<trkpt lat="54.386404" lon="18.800244"><time>2026-05-23T10:49:26.900Z</time></trkpt>
<trkpt lat="54.386382" lon="18.800207"><time>2026-05-23T10:49:28.900Z</time></trkpt>
<trkpt lat="54.386360" lon="18.800171"><time>2026-05-23T10:49:31.000Z</time></trkpt>
<trkpt lat="54.386348" lon="18.800153"><time>2026-05-23T10:49:32.000Z</time></trkpt>
<trkpt lat="54.386326" lon="18.800117"><time>2026-05-23T10:49:34.000Z</time></trkpt>
<trkpt lat="54.386302" lon="18.800081"><time>2026-05-23T10:49:36.000Z</time></trkpt>
<trkpt lat="54.386282" lon="18.800045"><time>2026-05-23T10:49:38.000Z</time></trkpt>
<trkpt lat="54.386256" lon="18.800000"><time>2026-05-23T10:49:40.000Z</time></trkpt>
<trkpt lat="54.386226" lon="18.799953"><time>2026-05-23T10:49:42.000Z</time></trkpt>
<trkpt lat="54.386200" lon="18.799910"><time>2026-05-23T10:49:44.000Z</time></trkpt>
<trkpt lat="54.386174" lon="18.799867"><time>2026-05-23T10:49:46.000Z</time></trkpt>
<trkpt lat="54.386147" lon="18.799825"><time>2026-05-23T10:49:48.000Z</time></trkpt>
<trkpt lat="54.386125" lon="18.799782"><time>2026-05-23T10:49:50.000Z</time></trkpt>
<trkpt lat="54.386095" lon="18.799731"><time>2026-05-23T10:49:52.900Z</time></trkpt>
<trkpt lat="54.386072" lon="18.799693"><time>2026-05-23T10:49:54.900Z</time></trkpt>
<trkpt lat="54.386048" lon="18.799651"><time>2026-05-23T10:49:56.900Z</time></trkpt>
<trkpt lat="54.386027" lon="18.799611"><time>2026-05-23T10:49:58.900Z</time></trkpt>
<trkpt lat="54.386003" lon="18.799574"><time>2026-05-23T10:50:00.900Z</time></trkpt>
<trkpt lat="54.385980" lon="18.799536"><time>2026-05-23T10:50:02.900Z</time></trkpt>
<trkpt lat="54.385956" lon="18.799497"><time>2026-05-23T10:50:04.900Z</time></trkpt>
<trkpt lat="54.385932" lon="18.799454"><time>2026-05-23T10:50:06.900Z</time></trkpt>
<trkpt lat="54.385909" lon="18.799415"><time>2026-05-23T10:50:08.900Z</time></trkpt>
<trkpt lat="54.385884" lon="18.799374"><time>2026-05-23T10:50:10.900Z</time></trkpt>
<trkpt lat="54.385860" lon="18.799332"><time>2026-05-23T10:50:12.900Z</time></trkpt>
<trkpt lat="54.385834" lon="18.799291"><time>2026-05-23T10:50:14.900Z</time></trkpt>
<trkpt lat="54.385811" lon="18.799251"><time>2026-05-23T10:50:16.900Z</time></trkpt>
<trkpt lat="54.385787" lon="18.799211"><time>2026-05-23T10:50:18.900Z</time></trkpt>
<trkpt lat="54.385764" lon="18.799172"><time>2026-05-23T10:50:20.900Z</time></trkpt>
<trkpt lat="54.385740" lon="18.799137"><time>2026-05-23T10:50:22.900Z</time></trkpt>
<trkpt lat="54.385717" lon="18.799101"><time>2026-05-23T10:50:24.900Z</time></trkpt>
<trkpt lat="54.385693" lon="18.799060"><time>2026-05-23T10:50:26.900Z</time></trkpt>
<trkpt lat="54.385669" lon="18.799023"><time>2026-05-23T10:50:28.900Z</time></trkpt>
<trkpt lat="54.385646" lon="18.798984"><time>2026-05-23T10:50:30.900Z</time></trkpt>
<trkpt lat="54.385622" lon="18.798947"><time>2026-05-23T10:50:32.900Z</time></trkpt>
<trkpt lat="54.385598" lon="18.798909"><time>2026-05-23T10:50:34.900Z</time></trkpt>
<trkpt lat="54.385570" lon="18.798870"><time>2026-05-23T10:50:36.900Z</time></trkpt>
<trkpt lat="54.385544" lon="18.798834"><time>2026-05-23T10:50:38.900Z</time></trkpt>
<trkpt lat="54.385521" lon="18.798794"><time>2026-05-23T10:50:40.900Z</time></trkpt>
<trkpt lat="54.385500" lon="18.798757"><time>2026-05-23T10:50:42.900Z</time></trkpt>
<trkpt lat="54.385478" lon="18.798716"><time>2026-05-23T10:50:44.900Z</time></trkpt>
<trkpt lat="54.385455" lon="18.798675"><time>2026-05-23T10:50:46.900Z</time></trkpt>
<trkpt lat="54.385432" lon="18.798635"><time>2026-05-23T10:50:48.900Z</time></trkpt>
<trkpt lat="54.385408" lon="18.798594"><time>2026-05-23T10:50:50.900Z</time></trkpt>
<trkpt lat="54.385385" lon="18.798556"><time>2026-05-23T10:50:52.900Z</time></trkpt>
<trkpt lat="54.385364" lon="18.798518"><time>2026-05-23T10:50:54.900Z</time></trkpt>
<trkpt lat="54.385340" lon="18.798479"><time>2026-05-23T10:50:56.900Z</time></trkpt>
<trkpt lat="54.385316" lon="18.798439"><time>2026-05-23T10:50:58.900Z</time></trkpt>
<trkpt lat="54.385292" lon="18.798399"><time>2026-05-23T10:51:00.900Z</time></trkpt>
<trkpt lat="54.385269" lon="18.798362"><time>2026-05-23T10:51:02.900Z</time></trkpt>
<trkpt lat="54.385246" lon="18.798326"><time>2026-05-23T10:51:04.900Z</time></trkpt>
<trkpt lat="54.385222" lon="18.798289"><time>2026-05-23T10:51:06.900Z</time></trkpt>
<trkpt lat="54.385197" lon="18.798251"><time>2026-05-23T10:51:08.900Z</time></trkpt>
<trkpt lat="54.385170" lon="18.798216"><time>2026-05-23T10:51:10.900Z</time></trkpt>
<trkpt lat="54.385147" lon="18.798179"><time>2026-05-23T10:51:12.900Z</time></trkpt>
<trkpt lat="54.385122" lon="18.798141"><time>2026-05-23T10:51:14.900Z</time></trkpt>
<trkpt lat="54.385096" lon="18.798103"><time>2026-05-23T10:51:16.900Z</time></trkpt>
<trkpt lat="54.385075" lon="18.798063"><time>2026-05-23T10:51:18.900Z</time></trkpt>
<trkpt lat="54.385050" lon="18.798026"><time>2026-05-23T10:51:20.900Z</time></trkpt>
<trkpt lat="54.385025" lon="18.797989"><time>2026-05-23T10:51:22.900Z</time></trkpt>
<trkpt lat="54.385009" lon="18.797965"><time>2026-05-23T10:51:24.900Z</time></trkpt>
<trkpt lat="54.384990" lon="18.797932"><time>2026-05-23T10:51:26.900Z</time></trkpt>
<trkpt lat="54.384968" lon="18.797889"><time>2026-05-23T10:51:28.900Z</time></trkpt>
<trkpt lat="54.384946" lon="18.797851"><time>2026-05-23T10:51:30.900Z</time></trkpt>
<trkpt lat="54.384924" lon="18.797813"><time>2026-05-23T10:51:32.900Z</time></trkpt>
<trkpt lat="54.384898" lon="18.797772"><time>2026-05-23T10:51:34.900Z</time></trkpt>
<trkpt lat="54.384880" lon="18.797740"><time>2026-05-23T10:51:36.900Z</time></trkpt>
<trkpt lat="54.384860" lon="18.797706"><time>2026-05-23T10:51:38.900Z</time></trkpt>
<trkpt lat="54.384835" lon="18.797666"><time>2026-05-23T10:51:40.900Z</time></trkpt>
<trkpt lat="54.384812" lon="18.797622"><time>2026-05-23T10:51:42.900Z</time></trkpt>
<trkpt lat="54.384786" lon="18.797582"><time>2026-05-23T10:51:44.900Z</time></trkpt>
<trkpt lat="54.384760" lon="18.797541"><time>2026-05-23T10:51:46.900Z</time></trkpt>
<trkpt lat="54.384736" lon="18.797498"><time>2026-05-23T10:51:48.900Z</time></trkpt>
<trkpt lat="54.384710" lon="18.797455"><time>2026-05-23T10:51:50.900Z</time></trkpt>
<trkpt lat="54.384685" lon="18.797412"><time>2026-05-23T10:51:52.900Z</time></trkpt>
<trkpt lat="54.384661" lon="18.797374"><time>2026-05-23T10:51:54.900Z</time></trkpt>
<trkpt lat="54.384636" lon="18.797333"><time>2026-05-23T10:51:56.900Z</time></trkpt>
<trkpt lat="54.384612" lon="18.797295"><time>2026-05-23T10:51:58.900Z</time></trkpt>
<trkpt lat="54.384587" lon="18.797253"><time>2026-05-23T10:52:00.900Z</time></trkpt>
<trkpt lat="54.384562" lon="18.797213"><time>2026-05-23T10:52:02.900Z</time></trkpt>
<trkpt lat="54.384536" lon="18.797173"><time>2026-05-23T10:52:04.900Z</time></trkpt>
<trkpt lat="54.384512" lon="18.797129"><time>2026-05-23T10:52:06.900Z</time></trkpt>
<trkpt lat="54.384486" lon="18.797089"><time>2026-05-23T10:52:08.900Z</time></trkpt>
<trkpt lat="54.384460" lon="18.797049"><time>2026-05-23T10:52:10.900Z</time></trkpt>
<trkpt lat="54.384433" lon="18.797007"><time>2026-05-23T10:52:12.900Z</time></trkpt>
<trkpt lat="54.384405" lon="18.796962"><time>2026-05-23T10:52:14.900Z</time></trkpt>
<trkpt lat="54.384379" lon="18.796919"><time>2026-05-23T10:52:16.900Z</time></trkpt>
<trkpt lat="54.384354" lon="18.796876"><time>2026-05-23T10:52:18.900Z</time></trkpt>
<trkpt lat="54.384327" lon="18.796832"><time>2026-05-23T10:52:20.900Z</time></trkpt>
<trkpt lat="54.384299" lon="18.796789"><time>2026-05-23T10:52:22.900Z</time></trkpt>
<trkpt lat="54.384276" lon="18.796754"><time>2026-05-23T10:52:24.900Z</time></trkpt>
<trkpt lat="54.384251" lon="18.796716"><time>2026-05-23T10:52:26.900Z</time></trkpt>
<trkpt lat="54.384226" lon="18.796678"><time>2026-05-23T10:52:28.900Z</time></trkpt>
<trkpt lat="54.384201" lon="18.796642"><time>2026-05-23T10:52:30.900Z</time></trkpt>
<trkpt lat="54.384177" lon="18.796604"><time>2026-05-23T10:52:32.900Z</time></trkpt>
<trkpt lat="54.384151" lon="18.796566"><time>2026-05-23T10:52:34.900Z</time></trkpt>
<trkpt lat="54.384125" lon="18.796532"><time>2026-05-23T10:52:36.900Z</time></trkpt>
<trkpt lat="54.384100" lon="18.796491"><time>2026-05-23T10:52:38.900Z</time></trkpt>
<trkpt lat="54.384075" lon="18.796451"><time>2026-05-23T10:52:40.900Z</time></trkpt>
<trkpt lat="54.384050" lon="18.796409"><time>2026-05-23T10:52:42.900Z</time></trkpt>
<trkpt lat="54.384025" lon="18.796368"><time>2026-05-23T10:52:44.900Z</time></trkpt>
<trkpt lat="54.384002" lon="18.796329"><time>2026-05-23T10:52:46.900Z</time></trkpt>
<trkpt lat="54.383982" lon="18.796297"><time>2026-05-23T10:52:48.900Z</time></trkpt>
<trkpt lat="54.383959" lon="18.796264"><time>2026-05-23T10:52:50.900Z</time></trkpt>
<trkpt lat="54.383935" lon="18.796229"><time>2026-05-23T10:52:52.900Z</time></trkpt>
<trkpt lat="54.383910" lon="18.796192"><time>2026-05-23T10:52:54.900Z</time></trkpt>
<trkpt lat="54.383886" lon="18.796160"><time>2026-05-23T10:52:56.900Z</time></trkpt>
<trkpt lat="54.383859" lon="18.796121"><time>2026-05-23T10:52:58.900Z</time></trkpt>
<trkpt lat="54.383834" lon="18.796082"><time>2026-05-23T10:53:00.900Z</time></trkpt>
<trkpt lat="54.383808" lon="18.796046"><time>2026-05-23T10:53:02.900Z</time></trkpt>
<trkpt lat="54.383782" lon="18.796006"><time>2026-05-23T10:53:04.900Z</time></trkpt>
<trkpt lat="54.383749" lon="18.795976"><time>2026-05-23T10:53:06.900Z</time></trkpt>
<trkpt lat="54.383724" lon="18.795935"><time>2026-05-23T10:53:08.900Z</time></trkpt>
<trkpt lat="54.383693" lon="18.795894"><time>2026-05-23T10:53:10.900Z</time></trkpt>
<trkpt lat="54.383666" lon="18.795849"><time>2026-05-23T10:53:12.900Z</time></trkpt>
<trkpt lat="54.383636" lon="18.795809"><time>2026-05-23T10:53:14.900Z</time></trkpt>
<trkpt lat="54.383614" lon="18.795756"><time>2026-05-23T10:53:16.900Z</time></trkpt>
<trkpt lat="54.383583" lon="18.795709"><time>2026-05-23T10:53:18.900Z</time></trkpt>
<trkpt lat="54.383561" lon="18.795675"><time>2026-05-23T10:53:20.900Z</time></trkpt>
<trkpt lat="54.383534" lon="18.795639"><time>2026-05-23T10:53:22.900Z</time></trkpt>
<trkpt lat="54.383513" lon="18.795593"><time>2026-05-23T10:53:24.900Z</time></trkpt>
<trkpt lat="54.383485" lon="18.795560"><time>2026-05-23T10:53:26.900Z</time></trkpt>
<trkpt lat="54.383450" lon="18.795517"><time>2026-05-23T10:53:28.900Z</time></trkpt>
<trkpt lat="54.383424" lon="18.795470"><time>2026-05-23T10:53:30.900Z</time></trkpt>
<trkpt lat="54.383394" lon="18.795423"><time>2026-05-23T10:53:32.900Z</time></trkpt>
<trkpt lat="54.383369" lon="18.795381"><time>2026-05-23T10:53:34.900Z</time></trkpt>
<trkpt lat="54.383346" lon="18.795339"><time>2026-05-23T10:53:36.900Z</time></trkpt>
<trkpt lat="54.383319" lon="18.795309"><time>2026-05-23T10:53:38.900Z</time></trkpt>
<trkpt lat="54.383298" lon="18.795272"><time>2026-05-23T10:53:40.900Z</time></trkpt>
<trkpt lat="54.383269" lon="18.795230"><time>2026-05-23T10:53:43.000Z</time></trkpt>
<trkpt lat="54.383250" lon="18.795203"><time>2026-05-23T10:53:44.000Z</time></trkpt>
<trkpt lat="54.383217" lon="18.795150"><time>2026-05-23T10:53:46.000Z</time></trkpt>
<trkpt lat="54.383195" lon="18.795108"><time>2026-05-23T10:53:48.000Z</time></trkpt>
<trkpt lat="54.383174" lon="18.795069"><time>2026-05-23T10:53:50.000Z</time></trkpt>
<trkpt lat="54.383148" lon="18.795031"><time>2026-05-23T10:53:52.000Z</time></trkpt>
<trkpt lat="54.383126" lon="18.795003"><time>2026-05-23T10:53:54.000Z</time></trkpt>
<trkpt lat="54.383102" lon="18.794972"><time>2026-05-23T10:53:56.000Z</time></trkpt>
<trkpt lat="54.383075" lon="18.794929"><time>2026-05-23T10:53:58.000Z</time></trkpt>
<trkpt lat="54.383049" lon="18.794885"><time>2026-05-23T10:54:00.000Z</time></trkpt>
<trkpt lat="54.383026" lon="18.794847"><time>2026-05-23T10:54:02.000Z</time></trkpt>
<trkpt lat="54.383000" lon="18.794805"><time>2026-05-23T10:54:04.000Z</time></trkpt>
<trkpt lat="54.382969" lon="18.794757"><time>2026-05-23T10:54:06.000Z</time></trkpt>
<trkpt lat="54.382918" lon="18.794678"><time>2026-05-23T10:54:08.900Z</time></trkpt>
<trkpt lat="54.382890" lon="18.794630"><time>2026-05-23T10:54:10.900Z</time></trkpt>
<trkpt lat="54.382863" lon="18.794589"><time>2026-05-23T10:54:12.900Z</time></trkpt>
<trkpt lat="54.382839" lon="18.794550"><time>2026-05-23T10:54:14.900Z</time></trkpt>
<trkpt lat="54.382811" lon="18.794510"><time>2026-05-23T10:54:16.900Z</time></trkpt>
<trkpt lat="54.382782" lon="18.794472"><time>2026-05-23T10:54:18.900Z</time></trkpt>
<trkpt lat="54.382753" lon="18.794431"><time>2026-05-23T10:54:20.900Z</time></trkpt>
<trkpt lat="54.382731" lon="18.794405"><time>2026-05-23T10:54:22.900Z</time></trkpt>
<trkpt lat="54.382709" lon="18.794380"><time>2026-05-23T10:54:24.900Z</time></trkpt>
<trkpt lat="54.382681" lon="18.794329"><time>2026-05-23T10:54:26.900Z</time></trkpt>
<trkpt lat="54.382659" lon="18.794289"><time>2026-05-23T10:54:28.900Z</time></trkpt>
<trkpt lat="54.382630" lon="18.794248"><time>2026-05-23T10:54:30.900Z</time></trkpt>
<trkpt lat="54.382599" lon="18.794214"><time>2026-05-23T10:54:32.900Z</time></trkpt>
<trkpt lat="54.382569" lon="18.794181"><time>2026-05-23T10:54:34.900Z</time></trkpt>
<trkpt lat="54.382544" lon="18.794150"><time>2026-05-23T10:54:36.900Z</time></trkpt>
<trkpt lat="54.382518" lon="18.794115"><time>2026-05-23T10:54:38.900Z</time></trkpt>
<trkpt lat="54.382491" lon="18.794079"><time>2026-05-23T10:54:40.900Z</time></trkpt>
<trkpt lat="54.382468" lon="18.794048"><time>2026-05-23T10:54:42.900Z</time></trkpt>
<trkpt lat="54.382435" lon="18.794018"><time>2026-05-23T10:54:44.900Z</time></trkpt>
<trkpt lat="54.382422" lon="18.794001"><time>2026-05-23T10:54:46.900Z</time></trkpt>
<trkpt lat="54.382398" lon="18.793973"><time>2026-05-23T10:54:48.900Z</time></trkpt>
<trkpt lat="54.382373" lon="18.793932"><time>2026-05-23T10:54:50.900Z</time></trkpt>
<trkpt lat="54.382362" lon="18.793906"><time>2026-05-23T10:54:52.900Z</time></trkpt>
<trkpt lat="54.382351" lon="18.793885"><time>2026-05-23T10:54:54.900Z</time></trkpt>
<trkpt lat="54.382331" lon="18.793857"><time>2026-05-23T10:54:56.900Z</time></trkpt>
<trkpt lat="54.382312" lon="18.793828"><time>2026-05-23T10:54:58.900Z</time></trkpt>
<trkpt lat="54.382291" lon="18.793797"><time>2026-05-23T10:55:00.900Z</time></trkpt>
<trkpt lat="54.382269" lon="18.793774"><time>2026-05-23T10:55:02.900Z</time></trkpt>
<trkpt lat="54.382247" lon="18.793752"><time>2026-05-23T10:55:04.900Z</time></trkpt>
<trkpt lat="54.382228" lon="18.793730"><time>2026-05-23T10:55:06.900Z</time></trkpt>
<trkpt lat="54.382206" lon="18.793703"><time>2026-05-23T10:55:08.900Z</time></trkpt>
<trkpt lat="54.382183" lon="18.793681"><time>2026-05-23T10:55:10.900Z</time></trkpt>
<trkpt lat="54.382158" lon="18.793674"><time>2026-05-23T10:55:12.900Z</time></trkpt>
<trkpt lat="54.382135" lon="18.793672"><time>2026-05-23T10:55:14.900Z</time></trkpt>
<trkpt lat="54.382110" lon="18.793674"><time>2026-05-23T10:55:16.900Z</time></trkpt>
<trkpt lat="54.382092" lon="18.793689"><time>2026-05-23T10:55:18.900Z</time></trkpt>
<trkpt lat="54.382069" lon="18.793722"><time>2026-05-23T10:55:20.900Z</time></trkpt>
<trkpt lat="54.382039" lon="18.793753"><time>2026-05-23T10:55:22.900Z</time></trkpt>
<trkpt lat="54.382014" lon="18.793789"><time>2026-05-23T10:55:24.900Z</time></trkpt>
<trkpt lat="54.381992" lon="18.793824"><time>2026-05-23T10:55:26.900Z</time></trkpt>
<trkpt lat="54.381976" lon="18.793862"><time>2026-05-23T10:55:28.900Z</time></trkpt>
<trkpt lat="54.381963" lon="18.793902"><time>2026-05-23T10:55:30.900Z</time></trkpt>
<trkpt lat="54.381955" lon="18.793952"><time>2026-05-23T10:55:32.900Z</time></trkpt>
<trkpt lat="54.381942" lon="18.793993"><time>2026-05-23T10:55:34.900Z</time></trkpt>
<trkpt lat="54.381935" lon="18.794033"><time>2026-05-23T10:55:36.900Z</time></trkpt>
<trkpt lat="54.381934" lon="18.794102"><time>2026-05-23T10:55:38.900Z</time></trkpt>
<trkpt lat="54.381908" lon="18.794152"><time>2026-05-23T10:55:40.900Z</time></trkpt>
<trkpt lat="54.381892" lon="18.794202"><time>2026-05-23T10:55:42.900Z</time></trkpt>
<trkpt lat="54.381874" lon="18.794244"><time>2026-05-23T10:55:44.900Z</time></trkpt>
<trkpt lat="54.381852" lon="18.794301"><time>2026-05-23T10:55:46.900Z</time></trkpt>
<trkpt lat="54.381840" lon="18.794340"><time>2026-05-23T10:55:48.000Z</time></trkpt>
<trkpt lat="54.381829" lon="18.794419"><time>2026-05-23T10:55:50.000Z</time></trkpt>
<trkpt lat="54.381818" lon="18.794488"><time>2026-05-23T10:55:52.000Z</time></trkpt>
<trkpt lat="54.381802" lon="18.794554"><time>2026-05-23T10:55:54.000Z</time></trkpt>
<trkpt lat="54.381789" lon="18.794620"><time>2026-05-23T10:55:56.000Z</time></trkpt>
<trkpt lat="54.381773" lon="18.794691"><time>2026-05-23T10:55:58.000Z</time></trkpt>
<trkpt lat="54.381759" lon="18.794757"><time>2026-05-23T10:56:00.000Z</time></trkpt>
<trkpt lat="54.381745" lon="18.794823"><time>2026-05-23T10:56:02.000Z</time></trkpt>
<trkpt lat="54.381731" lon="18.794894"><time>2026-05-23T10:56:04.000Z</time></trkpt>
<trkpt lat="54.381719" lon="18.794955"><time>2026-05-23T10:56:06.000Z</time></trkpt>
<trkpt lat="54.381706" lon="18.795014"><time>2026-05-23T10:56:08.000Z</time></trkpt>
<trkpt lat="54.381693" lon="18.795078"><time>2026-05-23T10:56:10.000Z</time></trkpt>
<trkpt lat="54.381681" lon="18.795151"><time>2026-05-23T10:56:12.000Z</time></trkpt>
<trkpt lat="54.381669" lon="18.795244"><time>2026-05-23T10:56:14.000Z</time></trkpt>
<trkpt lat="54.381649" lon="18.795326"><time>2026-05-23T10:56:16.000Z</time></trkpt>
<trkpt lat="54.381641" lon="18.795388"><time>2026-05-23T10:56:18.000Z</time></trkpt>
<trkpt lat="54.381627" lon="18.795467"><time>2026-05-23T10:56:20.900Z</time></trkpt>
<trkpt lat="54.381617" lon="18.795531"><time>2026-05-23T10:56:22.900Z</time></trkpt>
<trkpt lat="54.381604" lon="18.795604"><time>2026-05-23T10:56:24.900Z</time></trkpt>
<trkpt lat="54.381585" lon="18.795669"><time>2026-05-23T10:56:26.900Z</time></trkpt>
<trkpt lat="54.381570" lon="18.795739"><time>2026-05-23T10:56:28.900Z</time></trkpt>
<trkpt lat="54.381558" lon="18.795811"><time>2026-05-23T10:56:30.900Z</time></trkpt>
<trkpt lat="54.381544" lon="18.795877"><time>2026-05-23T10:56:32.900Z</time></trkpt>
<trkpt lat="54.381534" lon="18.795951"><time>2026-05-23T10:56:34.900Z</time></trkpt>
<trkpt lat="54.381520" lon="18.796024"><time>2026-05-23T10:56:36.900Z</time></trkpt>
<trkpt lat="54.381503" lon="18.796084"><time>2026-05-23T10:56:38.900Z</time></trkpt>
<trkpt lat="54.381485" lon="18.796142"><time>2026-05-23T10:56:40.900Z</time></trkpt>
<trkpt lat="54.381467" lon="18.796203"><time>2026-05-23T10:56:42.900Z</time></trkpt>
<trkpt lat="54.381451" lon="18.796260"><time>2026-05-23T10:56:44.900Z</time></trkpt>
<trkpt lat="54.381434" lon="18.796320"><time>2026-05-23T10:56:46.900Z</time></trkpt>
<trkpt lat="54.381417" lon="18.796368"><time>2026-05-23T10:56:48.900Z</time></trkpt>
<trkpt lat="54.381400" lon="18.796427"><time>2026-05-23T10:56:50.900Z</time></trkpt>
<trkpt lat="54.381380" lon="18.796491"><time>2026-05-23T10:56:52.900Z</time></trkpt>
<trkpt lat="54.381363" lon="18.796554"><time>2026-05-23T10:56:54.900Z</time></trkpt>
<trkpt lat="54.381343" lon="18.796626"><time>2026-05-23T10:56:56.900Z</time></trkpt>
<trkpt lat="54.381327" lon="18.796698"><time>2026-05-23T10:56:58.900Z</time></trkpt>
<trkpt lat="54.381316" lon="18.796748"><time>2026-05-23T10:57:00.900Z</time></trkpt>
<trkpt lat="54.381301" lon="18.796820"><time>2026-05-23T10:57:02.900Z</time></trkpt>
<trkpt lat="54.381282" lon="18.796893"><time>2026-05-23T10:57:04.900Z</time></trkpt>
<trkpt lat="54.381259" lon="18.796965"><time>2026-05-23T10:57:06.900Z</time></trkpt>
<trkpt lat="54.381234" lon="18.797027"><time>2026-05-23T10:57:08.900Z</time></trkpt>
<trkpt lat="54.381217" lon="18.797088"><time>2026-05-23T10:57:10.900Z</time></trkpt>
<trkpt lat="54.381201" lon="18.797158"><time>2026-05-23T10:57:12.900Z</time></trkpt>
<trkpt lat="54.381184" lon="18.797217"><time>2026-05-23T10:57:14.900Z</time></trkpt>
<trkpt lat="54.381170" lon="18.797279"><time>2026-05-23T10:57:16.900Z</time></trkpt>
<trkpt lat="54.381153" lon="18.797347"><time>2026-05-23T10:57:18.900Z</time></trkpt>
<trkpt lat="54.381135" lon="18.797407"><time>2026-05-23T10:57:20.900Z</time></trkpt>
<trkpt lat="54.381113" lon="18.797471"><time>2026-05-23T10:57:22.900Z</time></trkpt>
<trkpt lat="54.381089" lon="18.797544"><time>2026-05-23T10:57:24.900Z</time></trkpt>
<trkpt lat="54.381059" lon="18.797616"><time>2026-05-23T10:57:26.900Z</time></trkpt>
<trkpt lat="54.381031" lon="18.797696"><time>2026-05-23T10:57:28.900Z</time></trkpt>
<trkpt lat="54.381007" lon="18.797781"><time>2026-05-23T10:57:30.900Z</time></trkpt>
<trkpt lat="54.380987" lon="18.797876"><time>2026-05-23T10:57:32.900Z</time></trkpt>
<trkpt lat="54.380968" lon="18.797949"><time>2026-05-23T10:57:34.900Z</time></trkpt>
<trkpt lat="54.380953" lon="18.798007"><time>2026-05-23T10:57:36.900Z</time></trkpt>
<trkpt lat="54.380926" lon="18.798082"><time>2026-05-23T10:57:38.900Z</time></trkpt>
<trkpt lat="54.380902" lon="18.798177"><time>2026-05-23T10:57:40.900Z</time></trkpt>
<trkpt lat="54.380883" lon="18.798259"><time>2026-05-23T10:57:42.900Z</time></trkpt>
<trkpt lat="54.380867" lon="18.798342"><time>2026-05-23T10:57:44.900Z</time></trkpt>
<trkpt lat="54.380855" lon="18.798422"><time>2026-05-23T10:57:46.900Z</time></trkpt>
<trkpt lat="54.380838" lon="18.798501"><time>2026-05-23T10:57:48.900Z</time></trkpt>
<trkpt lat="54.380825" lon="18.798571"><time>2026-05-23T10:57:50.900Z</time></trkpt>
<trkpt lat="54.380805" lon="18.798646"><time>2026-05-23T10:57:52.900Z</time></trkpt>
<trkpt lat="54.380796" lon="18.798678"><time>2026-05-23T10:57:54.000Z</time></trkpt>
<trkpt lat="54.380777" lon="18.798752"><time>2026-05-23T10:57:56.000Z</time></trkpt>
<trkpt lat="54.380764" lon="18.798832"><time>2026-05-23T10:57:58.000Z</time></trkpt>
<trkpt lat="54.380749" lon="18.798904"><time>2026-05-23T10:58:00.000Z</time></trkpt>
<trkpt lat="54.380731" lon="18.798978"><time>2026-05-23T10:58:02.000Z</time></trkpt>
<trkpt lat="54.380713" lon="18.799047"><time>2026-05-23T10:58:04.000Z</time></trkpt>
<trkpt lat="54.380698" lon="18.799109"><time>2026-05-23T10:58:06.000Z</time></trkpt>
<trkpt lat="54.380683" lon="18.799178"><time>2026-05-23T10:58:08.000Z</time></trkpt>
<trkpt lat="54.380668" lon="18.799252"><time>2026-05-23T10:58:10.000Z</time></trkpt>
<trkpt lat="54.380649" lon="18.799337"><time>2026-05-23T10:58:12.000Z</time></trkpt>
<trkpt lat="54.380628" lon="18.799413"><time>2026-05-23T10:58:14.000Z</time></trkpt>
<trkpt lat="54.380608" lon="18.799477"><time>2026-05-23T10:58:16.000Z</time></trkpt>
<trkpt lat="54.380590" lon="18.799547"><time>2026-05-23T10:58:18.000Z</time></trkpt>
<trkpt lat="54.380575" lon="18.799615"><time>2026-05-23T10:58:20.000Z</time></trkpt>
<trkpt lat="54.380558" lon="18.799683"><time>2026-05-23T10:58:22.000Z</time></trkpt>
<trkpt lat="54.380540" lon="18.799755"><time>2026-05-23T10:58:24.000Z</time></trkpt>
<trkpt lat="54.380522" lon="18.799817"><time>2026-05-23T10:58:26.000Z</time></trkpt>
<trkpt lat="54.380504" lon="18.799879"><time>2026-05-23T10:58:28.000Z</time></trkpt>
<trkpt lat="54.380475" lon="18.799986"><time>2026-05-23T10:58:30.900Z</time></trkpt>
<trkpt lat="54.380455" lon="18.800059"><time>2026-05-23T10:58:32.900Z</time></trkpt>
<trkpt lat="54.380437" lon="18.800127"><time>2026-05-23T10:58:34.900Z</time></trkpt>
<trkpt lat="54.380419" lon="18.800196"><time>2026-05-23T10:58:36.900Z</time></trkpt>
<trkpt lat="54.380400" lon="18.800265"><time>2026-05-23T10:58:38.900Z</time></trkpt>
<trkpt lat="54.380382" lon="18.800337"><time>2026-05-23T10:58:40.900Z</time></trkpt>
<trkpt lat="54.380362" lon="18.800409"><time>2026-05-23T10:58:42.900Z</time></trkpt>
<trkpt lat="54.380342" lon="18.800480"><time>2026-05-23T10:58:44.900Z</time></trkpt>
<trkpt lat="54.380323" lon="18.800552"><time>2026-05-23T10:58:46.900Z</time></trkpt>
<trkpt lat="54.380303" lon="18.800626"><time>2026-05-23T10:58:48.900Z</time></trkpt>
<trkpt lat="54.380283" lon="18.800700"><time>2026-05-23T10:58:50.900Z</time></trkpt>
<trkpt lat="54.380263" lon="18.800775"><time>2026-05-23T10:58:52.900Z</time></trkpt>
<trkpt lat="54.380244" lon="18.800848"><time>2026-05-23T10:58:54.900Z</time></trkpt>
<trkpt lat="54.380224" lon="18.800922"><time>2026-05-23T10:58:56.900Z</time></trkpt>
<trkpt lat="54.380204" lon="18.800996"><time>2026-05-23T10:58:58.900Z</time></trkpt>
<trkpt lat="54.380184" lon="18.801072"><time>2026-05-23T10:59:00.900Z</time></trkpt>
<trkpt lat="54.380162" lon="18.801145"><time>2026-05-23T10:59:02.900Z</time></trkpt>
<trkpt lat="54.380142" lon="18.801218"><time>2026-05-23T10:59:04.900Z</time></trkpt>
<trkpt lat="54.380124" lon="18.801293"><time>2026-05-23T10:59:06.900Z</time></trkpt>
<trkpt lat="54.380104" lon="18.801367"><time>2026-05-23T10:59:08.900Z</time></trkpt>
<trkpt lat="54.380084" lon="18.801439"><time>2026-05-23T10:59:10.900Z</time></trkpt>
<trkpt lat="54.380063" lon="18.801505"><time>2026-05-23T10:59:12.900Z</time></trkpt>
<trkpt lat="54.380043" lon="18.801579"><time>2026-05-23T10:59:14.900Z</time></trkpt>
<trkpt lat="54.380022" lon="18.801653"><time>2026-05-23T10:59:16.900Z</time></trkpt>
<trkpt lat="54.380002" lon="18.801728"><time>2026-05-23T10:59:18.900Z</time></trkpt>
<trkpt lat="54.379982" lon="18.801803"><time>2026-05-23T10:59:20.900Z</time></trkpt>
<trkpt lat="54.379963" lon="18.801877"><time>2026-05-23T10:59:22.900Z</time></trkpt>
<trkpt lat="54.379943" lon="18.801952"><time>2026-05-23T10:59:24.900Z</time></trkpt>
<trkpt lat="54.379924" lon="18.802024"><time>2026-05-23T10:59:26.900Z</time></trkpt>
<trkpt lat="54.379907" lon="18.802098"><time>2026-05-23T10:59:28.900Z</time></trkpt>
<trkpt lat="54.379889" lon="18.802177"><time>2026-05-23T10:59:30.900Z</time></trkpt>
<trkpt lat="54.379869" lon="18.802255"><time>2026-05-23T10:59:32.900Z</time></trkpt>
<trkpt lat="54.379849" lon="18.802330"><time>2026-05-23T10:59:34.900Z</time></trkpt>
<trkpt lat="54.379829" lon="18.802406"><time>2026-05-23T10:59:36.900Z</time></trkpt>
<trkpt lat="54.379811" lon="18.802482"><time>2026-05-23T10:59:38.900Z</time></trkpt>
<trkpt lat="54.379794" lon="18.802560"><time>2026-05-23T10:59:40.900Z</time></trkpt>
<trkpt lat="54.379775" lon="18.802637"><time>2026-05-23T10:59:42.900Z</time></trkpt>
<trkpt lat="54.379756" lon="18.802713"><time>2026-05-23T10:59:44.900Z</time></trkpt>
<trkpt lat="54.379738" lon="18.802787"><time>2026-05-23T10:59:46.900Z</time></trkpt>
<trkpt lat="54.379719" lon="18.802862"><time>2026-05-23T10:59:48.900Z</time></trkpt>
<trkpt lat="54.379701" lon="18.802936"><time>2026-05-23T10:59:50.900Z</time></trkpt>
<trkpt lat="54.379682" lon="18.803012"><time>2026-05-23T10:59:52.900Z</time></trkpt>
<trkpt lat="54.379663" lon="18.803085"><time>2026-05-23T10:59:54.900Z</time></trkpt>
<trkpt lat="54.379646" lon="18.803159"><time>2026-05-23T10:59:56.900Z</time></trkpt>
<trkpt lat="54.379629" lon="18.803235"><time>2026-05-23T10:59:58.900Z</time></trkpt>
<trkpt lat="54.379620" lon="18.803273"><time>2026-05-23T11:00:00.000Z</time></trkpt>
<trkpt lat="54.379604" lon="18.803350"><time>2026-05-23T11:00:02.000Z</time></trkpt>
<trkpt lat="54.379589" lon="18.803424"><time>2026-05-23T11:00:04.000Z</time></trkpt>
<trkpt lat="54.379573" lon="18.803501"><time>2026-05-23T11:00:06.000Z</time></trkpt>
<trkpt lat="54.379557" lon="18.803578"><time>2026-05-23T11:00:08.000Z</time></trkpt>
<trkpt lat="54.379542" lon="18.803647"><time>2026-05-23T11:00:10.000Z</time></trkpt>
<trkpt lat="54.379524" lon="18.803720"><time>2026-05-23T11:00:12.000Z</time></trkpt>
<trkpt lat="54.379508" lon="18.803796"><time>2026-05-23T11:00:14.000Z</time></trkpt>
<trkpt lat="54.379493" lon="18.803872"><time>2026-05-23T11:00:16.000Z</time></trkpt>
<trkpt lat="54.379476" lon="18.803946"><time>2026-05-23T11:00:18.000Z</time></trkpt>
<trkpt lat="54.379461" lon="18.804023"><time>2026-05-23T11:00:20.000Z</time></trkpt>
<trkpt lat="54.379446" lon="18.804103"><time>2026-05-23T11:00:22.000Z</time></trkpt>
<trkpt lat="54.379436" lon="18.804181"><time>2026-05-23T11:00:24.000Z</time></trkpt>
<trkpt lat="54.379418" lon="18.804257"><time>2026-05-23T11:00:26.000Z</time></trkpt>
<trkpt lat="54.379399" lon="18.804335"><time>2026-05-23T11:00:28.000Z</time></trkpt>
<trkpt lat="54.379383" lon="18.804413"><time>2026-05-23T11:00:30.000Z</time></trkpt>
<trkpt lat="54.379367" lon="18.804490"><time>2026-05-23T11:00:32.000Z</time></trkpt>
<trkpt lat="54.379351" lon="18.804568"><time>2026-05-23T11:00:34.000Z</time></trkpt>
<trkpt lat="54.379335" lon="18.804646"><time>2026-05-23T11:00:36.000Z</time></trkpt>
<trkpt lat="54.379311" lon="18.804762"><time>2026-05-23T11:00:38.900Z</time></trkpt>
<trkpt lat="54.379295" lon="18.804839"><time>2026-05-23T11:00:40.900Z</time></trkpt>
<trkpt lat="54.379279" lon="18.804916"><time>2026-05-23T11:00:42.900Z</time></trkpt>
<trkpt lat="54.379265" lon="18.804991"><time>2026-05-23T11:00:44.900Z</time></trkpt>
<trkpt lat="54.379250" lon="18.805068"><time>2026-05-23T11:00:46.900Z</time></trkpt>
<trkpt lat="54.379234" lon="18.805146"><time>2026-05-23T11:00:48.900Z</time></trkpt>
<trkpt lat="54.379217" lon="18.805223"><time>2026-05-23T11:00:50.900Z</time></trkpt>
<trkpt lat="54.379201" lon="18.805300"><time>2026-05-23T11:00:52.900Z</time></trkpt>
<trkpt lat="54.379186" lon="18.805377"><time>2026-05-23T11:00:54.900Z</time></trkpt>
<trkpt lat="54.379170" lon="18.805454"><time>2026-05-23T11:00:56.900Z</time></trkpt>
<trkpt lat="54.379155" lon="18.805533"><time>2026-05-23T11:00:58.900Z</time></trkpt>
<trkpt lat="54.379139" lon="18.805612"><time>2026-05-23T11:01:00.900Z</time></trkpt>
<trkpt lat="54.379124" lon="18.805691"><time>2026-05-23T11:01:02.900Z</time></trkpt>
<trkpt lat="54.379108" lon="18.805769"><time>2026-05-23T11:01:04.900Z</time></trkpt>
<trkpt lat="54.379091" lon="18.805850"><time>2026-05-23T11:01:06.900Z</time></trkpt>
<trkpt lat="54.379076" lon="18.805929"><time>2026-05-23T11:01:08.900Z</time></trkpt>
<trkpt lat="54.379060" lon="18.806008"><time>2026-05-23T11:01:10.900Z</time></trkpt>
<trkpt lat="54.379044" lon="18.806085"><time>2026-05-23T11:01:12.900Z</time></trkpt>
<trkpt lat="54.379027" lon="18.806165"><time>2026-05-23T11:01:14.900Z</time></trkpt>
<trkpt lat="54.379010" lon="18.806244"><time>2026-05-23T11:01:16.900Z</time></trkpt>
<trkpt lat="54.378993" lon="18.806322"><time>2026-05-23T11:01:18.900Z</time></trkpt>
<trkpt lat="54.378979" lon="18.806399"><time>2026-05-23T11:01:20.900Z</time></trkpt>
<trkpt lat="54.378964" lon="18.806477"><time>2026-05-23T11:01:22.900Z</time></trkpt>
<trkpt lat="54.378951" lon="18.806557"><time>2026-05-23T11:01:24.900Z</time></trkpt>
<trkpt lat="54.378938" lon="18.806637"><time>2026-05-23T11:01:26.900Z</time></trkpt>
<trkpt lat="54.378927" lon="18.806717"><time>2026-05-23T11:01:28.900Z</time></trkpt>
<trkpt lat="54.378913" lon="18.806799"><time>2026-05-23T11:01:30.900Z</time></trkpt>
<trkpt lat="54.378901" lon="18.806876"><time>2026-05-23T11:01:32.900Z</time></trkpt>
<trkpt lat="54.378885" lon="18.806946"><time>2026-05-23T11:01:34.900Z</time></trkpt>
<trkpt lat="54.378872" lon="18.807056"><time>2026-05-23T11:01:36.900Z</time></trkpt>
<trkpt lat="54.378855" lon="18.807132"><time>2026-05-23T11:01:38.900Z</time></trkpt>
<trkpt lat="54.378844" lon="18.807206"><time>2026-05-23T11:01:40.900Z</time></trkpt>
<trkpt lat="54.378833" lon="18.807277"><time>2026-05-23T11:01:42.900Z</time></trkpt>
<trkpt lat="54.378819" lon="18.807353"><time>2026-05-23T11:01:44.900Z</time></trkpt>
<trkpt lat="54.378807" lon="18.807427"><time>2026-05-23T11:01:46.900Z</time></trkpt>
<trkpt lat="54.378794" lon="18.807504"><time>2026-05-23T11:01:48.900Z</time></trkpt>
<trkpt lat="54.378783" lon="18.807581"><time>2026-05-23T11:01:50.900Z</time></trkpt>
<trkpt lat="54.378773" lon="18.807662"><time>2026-05-23T11:01:52.900Z</time></trkpt>
<trkpt lat="54.378774" lon="18.807737"><time>2026-05-23T11:01:54.900Z</time></trkpt>
<trkpt lat="54.378787" lon="18.807805"><time>2026-05-23T11:01:56.900Z</time></trkpt>
<trkpt lat="54.378805" lon="18.807872"><time>2026-05-23T11:01:58.900Z</time></trkpt>
<trkpt lat="54.378829" lon="18.807935"><time>2026-05-23T11:02:00.900Z</time></trkpt>
<trkpt lat="54.378856" lon="18.807986"><time>2026-05-23T11:02:02.900Z</time></trkpt>
<trkpt lat="54.378869" lon="18.807992"><time>2026-05-23T11:02:04.900Z</time></trkpt>
<trkpt lat="54.378875" lon="18.807992"><time>2026-05-23T11:02:06.000Z</time></trkpt>
<trkpt lat="54.378894" lon="18.808015"><time>2026-05-23T11:02:08.000Z</time></trkpt>
<trkpt lat="54.378920" lon="18.808034"><time>2026-05-23T11:02:10.000Z</time></trkpt>
<trkpt lat="54.378944" lon="18.808050"><time>2026-05-23T11:02:12.000Z</time></trkpt>
<trkpt lat="54.378969" lon="18.808061"><time>2026-05-23T11:02:14.000Z</time></trkpt>
<trkpt lat="54.378984" lon="18.808065"><time>2026-05-23T11:02:16.000Z</time></trkpt>
<trkpt lat="54.379003" lon="18.808067"><time>2026-05-23T11:02:18.000Z</time></trkpt>
<trkpt lat="54.379026" lon="18.808076"><time>2026-05-23T11:02:20.000Z</time></trkpt>
<trkpt lat="54.379051" lon="18.808089"><time>2026-05-23T11:02:22.000Z</time></trkpt>
<trkpt lat="54.379074" lon="18.808100"><time>2026-05-23T11:02:24.000Z</time></trkpt>
<trkpt lat="54.379101" lon="18.808095"><time>2026-05-23T11:02:26.000Z</time></trkpt>
<trkpt lat="54.379129" lon="18.808093"><time>2026-05-23T11:02:28.000Z</time></trkpt>
<trkpt lat="54.379154" lon="18.808099"><time>2026-05-23T11:02:30.000Z</time></trkpt>
<trkpt lat="54.379176" lon="18.808092"><time>2026-05-23T11:02:32.000Z</time></trkpt>
<trkpt lat="54.379204" lon="18.808093"><time>2026-05-23T11:02:34.000Z</time></trkpt>
<trkpt lat="54.379242" lon="18.808096"><time>2026-05-23T11:02:36.000Z</time></trkpt>
<trkpt lat="54.379277" lon="18.808092"><time>2026-05-23T11:02:38.000Z</time></trkpt>
<trkpt lat="54.379319" lon="18.808093"><time>2026-05-23T11:02:40.900Z</time></trkpt>
<trkpt lat="54.379347" lon="18.808089"><time>2026-05-23T11:02:42.900Z</time></trkpt>
<trkpt lat="54.379383" lon="18.808085"><time>2026-05-23T11:02:44.900Z</time></trkpt>
<trkpt lat="54.379421" lon="18.808078"><time>2026-05-23T11:02:46.900Z</time></trkpt>
<trkpt lat="54.379456" lon="18.808075"><time>2026-05-23T11:02:48.900Z</time></trkpt>
<trkpt lat="54.379493" lon="18.808072"><time>2026-05-23T11:02:50.900Z</time></trkpt>
<trkpt lat="54.379534" lon="18.808067"><time>2026-05-23T11:02:52.900Z</time></trkpt>
<trkpt lat="54.379575" lon="18.808063"><time>2026-05-23T11:02:54.900Z</time></trkpt>
<trkpt lat="54.379616" lon="18.808057"><time>2026-05-23T11:02:56.900Z</time></trkpt>
<trkpt lat="54.379657" lon="18.808054"><time>2026-05-23T11:02:58.900Z</time></trkpt>
<trkpt lat="54.379697" lon="18.808049"><time>2026-05-23T11:03:00.900Z</time></trkpt>
<trkpt lat="54.379739" lon="18.808044"><time>2026-05-23T11:03:02.900Z</time></trkpt>
<trkpt lat="54.379780" lon="18.808039"><time>2026-05-23T11:03:04.900Z</time></trkpt>
<trkpt lat="54.379825" lon="18.808034"><time>2026-05-23T11:03:06.900Z</time></trkpt>
<trkpt lat="54.379874" lon="18.808018"><time>2026-05-23T11:03:08.900Z</time></trkpt>
<trkpt lat="54.379917" lon="18.808008"><time>2026-05-23T11:03:10.900Z</time></trkpt>
<trkpt lat="54.379960" lon="18.808004"><time>2026-05-23T11:03:12.900Z</time></trkpt>
<trkpt lat="54.380004" lon="18.807998"><time>2026-05-23T11:03:14.900Z</time></trkpt>
<trkpt lat="54.380050" lon="18.807991"><time>2026-05-23T11:03:16.900Z</time></trkpt>
<trkpt lat="54.380094" lon="18.807986"><time>2026-05-23T11:03:18.900Z</time></trkpt>
<trkpt lat="54.380141" lon="18.807979"><time>2026-05-23T11:03:20.900Z</time></trkpt>
<trkpt lat="54.380183" lon="18.807975"><time>2026-05-23T11:03:22.900Z</time></trkpt>
<trkpt lat="54.380227" lon="18.807969"><time>2026-05-23T11:03:24.900Z</time></trkpt>
<trkpt lat="54.380272" lon="18.807965"><time>2026-05-23T11:03:26.900Z</time></trkpt>
<trkpt lat="54.380315" lon="18.807955"><time>2026-05-23T11:03:28.900Z</time></trkpt>
<trkpt lat="54.380359" lon="18.807948"><time>2026-05-23T11:03:30.900Z</time></trkpt>
<trkpt lat="54.380403" lon="18.807938"><time>2026-05-23T11:03:32.900Z</time></trkpt>
<trkpt lat="54.380448" lon="18.807931"><time>2026-05-23T11:03:34.900Z</time></trkpt>
<trkpt lat="54.380495" lon="18.807922"><time>2026-05-23T11:03:36.900Z</time></trkpt>
<trkpt lat="54.380544" lon="18.807913"><time>2026-05-23T11:03:38.900Z</time></trkpt>
<trkpt lat="54.380591" lon="18.807902"><time>2026-05-23T11:03:40.900Z</time></trkpt>
<trkpt lat="54.380642" lon="18.807894"><time>2026-05-23T11:03:42.900Z</time></trkpt>
<trkpt lat="54.380690" lon="18.807887"><time>2026-05-23T11:03:44.900Z</time></trkpt>
<trkpt lat="54.380739" lon="18.807882"><time>2026-05-23T11:03:46.900Z</time></trkpt>
<trkpt lat="54.380788" lon="18.807879"><time>2026-05-23T11:03:48.900Z</time></trkpt>
<trkpt lat="54.380836" lon="18.807875"><time>2026-05-23T11:03:50.900Z</time></trkpt>
<trkpt lat="54.380884" lon="18.807869"><time>2026-05-23T11:03:52.900Z</time></trkpt>
<trkpt lat="54.380933" lon="18.807862"><time>2026-05-23T11:03:54.900Z</time></trkpt>
<trkpt lat="54.380982" lon="18.807853"><time>2026-05-23T11:03:56.900Z</time></trkpt>
<trkpt lat="54.381030" lon="18.807840"><time>2026-05-23T11:03:58.900Z</time></trkpt>
<trkpt lat="54.381080" lon="18.807832"><time>2026-05-23T11:04:00.900Z</time></trkpt>
<trkpt lat="54.381130" lon="18.807821"><time>2026-05-23T11:04:02.900Z</time></trkpt>
<trkpt lat="54.381182" lon="18.807812"><time>2026-05-23T11:04:04.900Z</time></trkpt>
<trkpt lat="54.381229" lon="18.807805"><time>2026-05-23T11:04:06.900Z</time></trkpt>
<trkpt lat="54.381275" lon="18.807788"><time>2026-05-23T11:04:08.900Z</time></trkpt>
<trkpt lat="54.381319" lon="18.807780"><time>2026-05-23T11:04:11.000Z</time></trkpt>
<trkpt lat="54.381342" lon="18.807775"><time>2026-05-23T11:04:12.000Z</time></trkpt>
<trkpt lat="54.381391" lon="18.807761"><time>2026-05-23T11:04:14.000Z</time></trkpt>
<trkpt lat="54.381444" lon="18.807750"><time>2026-05-23T11:04:16.000Z</time></trkpt>
<trkpt lat="54.381492" lon="18.807737"><time>2026-05-23T11:04:18.000Z</time></trkpt>
<trkpt lat="54.381543" lon="18.807722"><time>2026-05-23T11:04:20.000Z</time></trkpt>
<trkpt lat="54.381594" lon="18.807705"><time>2026-05-23T11:04:22.000Z</time></trkpt>
<trkpt lat="54.381641" lon="18.807695"><time>2026-05-23T11:04:24.000Z</time></trkpt>
<trkpt lat="54.381692" lon="18.807683"><time>2026-05-23T11:04:26.000Z</time></trkpt>
<trkpt lat="54.381739" lon="18.807674"><time>2026-05-23T11:04:28.000Z</time></trkpt>
<trkpt lat="54.381788" lon="18.807663"><time>2026-05-23T11:04:30.000Z</time></trkpt>
<trkpt lat="54.381836" lon="18.807654"><time>2026-05-23T11:04:32.000Z</time></trkpt>
<trkpt lat="54.381886" lon="18.807645"><time>2026-05-23T11:04:34.000Z</time></trkpt>
<trkpt lat="54.381940" lon="18.807627"><time>2026-05-23T11:04:36.000Z</time></trkpt>
<trkpt lat="54.381990" lon="18.807607"><time>2026-05-23T11:04:38.000Z</time></trkpt>
<trkpt lat="54.382040" lon="18.807597"><time>2026-05-23T11:04:40.000Z</time></trkpt>
<trkpt lat="54.382088" lon="18.807591"><time>2026-05-23T11:04:42.000Z</time></trkpt>
<trkpt lat="54.382142" lon="18.807582"><time>2026-05-23T11:04:44.000Z</time></trkpt>
<trkpt lat="54.382190" lon="18.807568"><time>2026-05-23T11:04:46.000Z</time></trkpt>
<trkpt lat="54.382241" lon="18.807553"><time>2026-05-23T11:04:48.000Z</time></trkpt>
<trkpt lat="54.382314" lon="18.807528"><time>2026-05-23T11:04:50.900Z</time></trkpt>
<trkpt lat="54.382362" lon="18.807514"><time>2026-05-23T11:04:52.900Z</time></trkpt>
<trkpt lat="54.382412" lon="18.807500"><time>2026-05-23T11:04:54.900Z</time></trkpt>
<trkpt lat="54.382461" lon="18.807486"><time>2026-05-23T11:04:56.900Z</time></trkpt>
<trkpt lat="54.382509" lon="18.807470"><time>2026-05-23T11:04:58.900Z</time></trkpt>
<trkpt lat="54.382557" lon="18.807458"><time>2026-05-23T11:05:00.900Z</time></trkpt>
<trkpt lat="54.382606" lon="18.807445"><time>2026-05-23T11:05:02.900Z</time></trkpt>
<trkpt lat="54.382658" lon="18.807430"><time>2026-05-23T11:05:04.900Z</time></trkpt>
<trkpt lat="54.382707" lon="18.807416"><time>2026-05-23T11:05:06.900Z</time></trkpt>
<trkpt lat="54.382759" lon="18.807401"><time>2026-05-23T11:05:08.900Z</time></trkpt>
<trkpt lat="54.382811" lon="18.807383"><time>2026-05-23T11:05:10.900Z</time></trkpt>
<trkpt lat="54.382861" lon="18.807370"><time>2026-05-23T11:05:12.900Z</time></trkpt>
<trkpt lat="54.382912" lon="18.807356"><time>2026-05-23T11:05:14.900Z</time></trkpt>
<trkpt lat="54.382963" lon="18.807337"><time>2026-05-23T11:05:16.900Z</time></trkpt>
<trkpt lat="54.383014" lon="18.807325"><time>2026-05-23T11:05:18.900Z</time></trkpt>
<trkpt lat="54.383064" lon="18.807310"><time>2026-05-23T11:05:20.900Z</time></trkpt>
<trkpt lat="54.383115" lon="18.807293"><time>2026-05-23T11:05:22.900Z</time></trkpt>
<trkpt lat="54.383165" lon="18.807278"><time>2026-05-23T11:05:24.900Z</time></trkpt>
<trkpt lat="54.383217" lon="18.807263"><time>2026-05-23T11:05:26.900Z</time></trkpt>
<trkpt lat="54.383267" lon="18.807248"><time>2026-05-23T11:05:28.900Z</time></trkpt>
<trkpt lat="54.383317" lon="18.807232"><time>2026-05-23T11:05:30.900Z</time></trkpt>
<trkpt lat="54.383368" lon="18.807217"><time>2026-05-23T11:05:32.900Z</time></trkpt>
<trkpt lat="54.383420" lon="18.807205"><time>2026-05-23T11:05:34.900Z</time></trkpt>
<trkpt lat="54.383469" lon="18.807191"><time>2026-05-23T11:05:36.900Z</time></trkpt>
<trkpt lat="54.383521" lon="18.807178"><time>2026-05-23T11:05:38.900Z</time></trkpt>
<trkpt lat="54.383574" lon="18.807168"><time>2026-05-23T11:05:40.900Z</time></trkpt>
<trkpt lat="54.383625" lon="18.807157"><time>2026-05-23T11:05:42.900Z</time></trkpt>
<trkpt lat="54.383673" lon="18.807143"><time>2026-05-23T11:05:44.900Z</time></trkpt>
<trkpt lat="54.383722" lon="18.807129"><time>2026-05-23T11:05:46.900Z</time></trkpt>
<trkpt lat="54.383772" lon="18.807111"><time>2026-05-23T11:05:48.900Z</time></trkpt>
<trkpt lat="54.383822" lon="18.807094"><time>2026-05-23T11:05:50.900Z</time></trkpt>
<trkpt lat="54.383873" lon="18.807078"><time>2026-05-23T11:05:52.900Z</time></trkpt>
<trkpt lat="54.383923" lon="18.807065"><time>2026-05-23T11:05:54.900Z</time></trkpt>
<trkpt lat="54.383974" lon="18.807052"><time>2026-05-23T11:05:56.900Z</time></trkpt>
<trkpt lat="54.384023" lon="18.807038"><time>2026-05-23T11:05:58.900Z</time></trkpt>
<trkpt lat="54.384073" lon="18.807028"><time>2026-05-23T11:06:00.900Z</time></trkpt>
<trkpt lat="54.384123" lon="18.807018"><time>2026-05-23T11:06:02.900Z</time></trkpt>
<trkpt lat="54.384173" lon="18.807006"><time>2026-05-23T11:06:04.900Z</time></trkpt>
<trkpt lat="54.384225" lon="18.806995"><time>2026-05-23T11:06:06.900Z</time></trkpt>
<trkpt lat="54.384277" lon="18.806983"><time>2026-05-23T11:06:08.900Z</time></trkpt>
<trkpt lat="54.384328" lon="18.806969"><time>2026-05-23T11:06:10.900Z</time></trkpt>
<trkpt lat="54.384377" lon="18.806955"><time>2026-05-23T11:06:12.900Z</time></trkpt>
<trkpt lat="54.384428" lon="18.806942"><time>2026-05-23T11:06:14.900Z</time></trkpt>
<trkpt lat="54.384479" lon="18.806928"><time>2026-05-23T11:06:17.000Z</time></trkpt>
<trkpt lat="54.384505" lon="18.806921"><time>2026-05-23T11:06:18.000Z</time></trkpt>
<trkpt lat="54.384557" lon="18.806904"><time>2026-05-23T11:06:20.000Z</time></trkpt>
<trkpt lat="54.384607" lon="18.806887"><time>2026-05-23T11:06:22.000Z</time></trkpt>
<trkpt lat="54.384657" lon="18.806873"><time>2026-05-23T11:06:24.000Z</time></trkpt>
<trkpt lat="54.384705" lon="18.806861"><time>2026-05-23T11:06:26.000Z</time></trkpt>
<trkpt lat="54.384756" lon="18.806850"><time>2026-05-23T11:06:28.000Z</time></trkpt>
<trkpt lat="54.384807" lon="18.806839"><time>2026-05-23T11:06:30.000Z</time></trkpt>
<trkpt lat="54.384858" lon="18.806826"><time>2026-05-23T11:06:32.000Z</time></trkpt>
<trkpt lat="54.384907" lon="18.806814"><time>2026-05-23T11:06:34.000Z</time></trkpt>
<trkpt lat="54.384957" lon="18.806801"><time>2026-05-23T11:06:36.000Z</time></trkpt>
<trkpt lat="54.385008" lon="18.806790"><time>2026-05-23T11:06:38.000Z</time></trkpt>
<trkpt lat="54.385059" lon="18.806778"><time>2026-05-23T11:06:40.000Z</time></trkpt>
<trkpt lat="54.385109" lon="18.806769"><time>2026-05-23T11:06:42.000Z</time></trkpt>
<trkpt lat="54.385160" lon="18.806759"><time>2026-05-23T11:06:44.000Z</time></trkpt>
<trkpt lat="54.385207" lon="18.806751"><time>2026-05-23T11:06:46.000Z</time></trkpt>
<trkpt lat="54.385261" lon="18.806739"><time>2026-05-23T11:06:48.000Z</time></trkpt>
<trkpt lat="54.385314" lon="18.806728"><time>2026-05-23T11:06:50.000Z</time></trkpt>
<trkpt lat="54.385365" lon="18.806718"><time>2026-05-23T11:06:52.000Z</time></trkpt>
<trkpt lat="54.385439" lon="18.806703"><time>2026-05-23T11:06:54.900Z</time></trkpt>
<trkpt lat="54.385491" lon="18.806698"><time>2026-05-23T11:06:56.900Z</time></trkpt>
<trkpt lat="54.385540" lon="18.806690"><time>2026-05-23T11:06:58.900Z</time></trkpt>
<trkpt lat="54.385592" lon="18.806688"><time>2026-05-23T11:07:00.900Z</time></trkpt>
<trkpt lat="54.385645" lon="18.806687"><time>2026-05-23T11:07:02.900Z</time></trkpt>
<trkpt lat="54.385694" lon="18.806675"><time>2026-05-23T11:07:04.900Z</time></trkpt>
<trkpt lat="54.385743" lon="18.806664"><time>2026-05-23T11:07:06.900Z</time></trkpt>
<trkpt lat="54.385793" lon="18.806654"><time>2026-05-23T11:07:08.900Z</time></trkpt>
<trkpt lat="54.385843" lon="18.806647"><time>2026-05-23T11:07:10.900Z</time></trkpt>
<trkpt lat="54.385894" lon="18.806637"><time>2026-05-23T11:07:12.900Z</time></trkpt>
<trkpt lat="54.385957" lon="18.806626"><time>2026-05-23T11:07:14.900Z</time></trkpt>
<trkpt lat="54.386009" lon="18.806640"><time>2026-05-23T11:07:16.900Z</time></trkpt>
<trkpt lat="54.386036" lon="18.806687"><time>2026-05-23T11:07:18.900Z</time></trkpt>
<trkpt lat="54.386046" lon="18.806746"><time>2026-05-23T11:07:20.900Z</time></trkpt>
<trkpt lat="54.386035" lon="18.806812"><time>2026-05-23T11:07:22.900Z</time></trkpt>
<trkpt lat="54.386030" lon="18.806863"><time>2026-05-23T11:07:24.900Z</time></trkpt>
<trkpt lat="54.386023" lon="18.806902"><time>2026-05-23T11:07:26.900Z</time></trkpt>
<trkpt lat="54.386019" lon="18.806947"><time>2026-05-23T11:07:28.900Z</time></trkpt>
<trkpt lat="54.386017" lon="18.806999"><time>2026-05-23T11:07:30.900Z</time></trkpt>
<trkpt lat="54.386013" lon="18.807050"><time>2026-05-23T11:07:32.900Z</time></trkpt>
<trkpt lat="54.386002" lon="18.807098"><time>2026-05-23T11:07:34.900Z</time></trkpt>
<trkpt lat="54.385994" lon="18.807141"><time>2026-05-23T11:07:36.900Z</time></trkpt>
<trkpt lat="54.385986" lon="18.807191"><time>2026-05-23T11:07:38.900Z</time></trkpt>
<trkpt lat="54.385978" lon="18.807244"><time>2026-05-23T11:07:40.900Z</time></trkpt>
<trkpt lat="54.385976" lon="18.807297"><time>2026-05-23T11:07:42.900Z</time></trkpt>
<trkpt lat="54.385973" lon="18.807340"><time>2026-05-23T11:07:44.900Z</time></trkpt>
<trkpt lat="54.385962" lon="18.807413"><time>2026-05-23T11:07:46.900Z</time></trkpt>
<trkpt lat="54.385949" lon="18.807471"><time>2026-05-23T11:07:48.900Z</time></trkpt>
<trkpt lat="54.385945" lon="18.807528"><time>2026-05-23T11:07:50.900Z</time></trkpt>
<trkpt lat="54.385943" lon="18.807590"><time>2026-05-23T11:07:52.900Z</time></trkpt>
<trkpt lat="54.385940" lon="18.807653"><time>2026-05-23T11:07:54.900Z</time></trkpt>
<trkpt lat="54.385937" lon="18.807713"><time>2026-05-23T11:07:56.900Z</time></trkpt>
<trkpt lat="54.385932" lon="18.807777"><time>2026-05-23T11:07:58.900Z</time></trkpt>
<trkpt lat="54.385926" lon="18.807836"><time>2026-05-23T11:08:00.900Z</time></trkpt>
<trkpt lat="54.385917" lon="18.807897"><time>2026-05-23T11:08:02.900Z</time></trkpt>
<trkpt lat="54.385909" lon="18.807954"><time>2026-05-23T11:08:04.900Z</time></trkpt>
<trkpt lat="54.385903" lon="18.808018"><time>2026-05-23T11:08:06.900Z</time></trkpt>
<trkpt lat="54.385899" lon="18.808079"><time>2026-05-23T11:08:08.900Z</time></trkpt>
<trkpt lat="54.385892" lon="18.808142"><time>2026-05-23T11:08:10.900Z</time></trkpt>
<trkpt lat="54.385888" lon="18.808204"><time>2026-05-23T11:08:12.900Z</time></trkpt>
<trkpt lat="54.385879" lon="18.808274"><time>2026-05-23T11:08:14.900Z</time></trkpt>
<trkpt lat="54.385872" lon="18.808341"><time>2026-05-23T11:08:16.900Z</time></trkpt>
<trkpt lat="54.385863" lon="18.808409"><time>2026-05-23T11:08:18.900Z</time></trkpt>
<trkpt lat="54.385854" lon="18.808478"><time>2026-05-23T11:08:20.900Z</time></trkpt>
<trkpt lat="54.385845" lon="18.808545"><time>2026-05-23T11:08:23.000Z</time></trkpt>
<trkpt lat="54.385839" lon="18.808580"><time>2026-05-23T11:08:24.000Z</time></trkpt>
<trkpt lat="54.385827" lon="18.808649"><time>2026-05-23T11:08:26.000Z</time></trkpt>
<trkpt lat="54.385816" lon="18.808719"><time>2026-05-23T11:08:28.000Z</time></trkpt>
<trkpt lat="54.385805" lon="18.808788"><time>2026-05-23T11:08:30.000Z</time></trkpt>
<trkpt lat="54.385795" lon="18.808855"><time>2026-05-23T11:08:32.000Z</time></trkpt>
<trkpt lat="54.385785" lon="18.808928"><time>2026-05-23T11:08:34.000Z</time></trkpt>
<trkpt lat="54.385775" lon="18.808999"><time>2026-05-23T11:08:36.000Z</time></trkpt>
<trkpt lat="54.385764" lon="18.809073"><time>2026-05-23T11:08:38.000Z</time></trkpt>
<trkpt lat="54.385754" lon="18.809144"><time>2026-05-23T11:08:40.000Z</time></trkpt>
<trkpt lat="54.385744" lon="18.809218"><time>2026-05-23T11:08:42.000Z</time></trkpt>
<trkpt lat="54.385734" lon="18.809291"><time>2026-05-23T11:08:44.000Z</time></trkpt>
<trkpt lat="54.385724" lon="18.809366"><time>2026-05-23T11:08:46.000Z</time></trkpt>
<trkpt lat="54.385714" lon="18.809442"><time>2026-05-23T11:08:48.000Z</time></trkpt>
<trkpt lat="54.385705" lon="18.809518"><time>2026-05-23T11:08:50.000Z</time></trkpt>
<trkpt lat="54.385694" lon="18.809592"><time>2026-05-23T11:08:52.000Z</time></trkpt>
<trkpt lat="54.385683" lon="18.809667"><time>2026-05-23T11:08:54.000Z</time></trkpt>
<trkpt lat="54.385664" lon="18.809778"><time>2026-05-23T11:08:56.900Z</time></trkpt>
<trkpt lat="54.385651" lon="18.809851"><time>2026-05-23T11:08:58.900Z</time></trkpt>
<trkpt lat="54.385637" lon="18.809927"><time>2026-05-23T11:09:00.900Z</time></trkpt>
<trkpt lat="54.385623" lon="18.810002"><time>2026-05-23T11:09:02.900Z</time></trkpt>
<trkpt lat="54.385610" lon="18.810077"><time>2026-05-23T11:09:04.900Z</time></trkpt>
<trkpt lat="54.385598" lon="18.810152"><time>2026-05-23T11:09:06.900Z</time></trkpt>
<trkpt lat="54.385586" lon="18.810227"><time>2026-05-23T11:09:08.900Z</time></trkpt>
<trkpt lat="54.385573" lon="18.810302"><time>2026-05-23T11:09:10.900Z</time></trkpt>
<trkpt lat="54.385562" lon="18.810377"><time>2026-05-23T11:09:12.900Z</time></trkpt>
<trkpt lat="54.385549" lon="18.810452"><time>2026-05-23T11:09:14.900Z</time></trkpt>
<trkpt lat="54.385536" lon="18.810526"><time>2026-05-23T11:09:16.900Z</time></trkpt>
<trkpt lat="54.385525" lon="18.810598"><time>2026-05-23T11:09:18.900Z</time></trkpt>
<trkpt lat="54.385515" lon="18.810671"><time>2026-05-23T11:09:20.900Z</time></trkpt>
<trkpt lat="54.385504" lon="18.810746"><time>2026-05-23T11:09:22.900Z</time></trkpt>
<trkpt lat="54.385492" lon="18.810819"><time>2026-05-23T11:09:24.900Z</time></trkpt>
<trkpt lat="54.385480" lon="18.810892"><time>2026-05-23T11:09:26.900Z</time></trkpt>
<trkpt lat="54.385469" lon="18.810964"><time>2026-05-23T11:09:28.900Z</time></trkpt>
<trkpt lat="54.385458" lon="18.811037"><time>2026-05-23T11:09:30.900Z</time></trkpt>
<trkpt lat="54.385447" lon="18.811112"><time>2026-05-23T11:09:32.900Z</time></trkpt>
<trkpt lat="54.385436" lon="18.811187"><time>2026-05-23T11:09:34.900Z</time></trkpt>
<trkpt lat="54.385425" lon="18.811262"><time>2026-05-23T11:09:36.900Z</time></trkpt>
<trkpt lat="54.385414" lon="18.811336"><time>2026-05-23T11:09:38.900Z</time></trkpt>
<trkpt lat="54.385403" lon="18.811412"><time>2026-05-23T11:09:40.900Z</time></trkpt>
<trkpt lat="54.385392" lon="18.811488"><time>2026-05-23T11:09:42.900Z</time></trkpt>
<trkpt lat="54.385381" lon="18.811567"><time>2026-05-23T11:09:44.900Z</time></trkpt>
<trkpt lat="54.385369" lon="18.811645"><time>2026-05-23T11:09:46.900Z</time></trkpt>
<trkpt lat="54.385359" lon="18.811719"><time>2026-05-23T11:09:48.900Z</time></trkpt>
<trkpt lat="54.385348" lon="18.811794"><time>2026-05-23T11:09:50.900Z</time></trkpt>
<trkpt lat="54.385337" lon="18.811870"><time>2026-05-23T11:09:52.900Z</time></trkpt>
<trkpt lat="54.385327" lon="18.811943"><time>2026-05-23T11:09:54.900Z</time></trkpt>
<trkpt lat="54.385318" lon="18.812016"><time>2026-05-23T11:09:56.900Z</time></trkpt>
<trkpt lat="54.385307" lon="18.812090"><time>2026-05-23T11:09:58.900Z</time></trkpt>
<trkpt lat="54.385294" lon="18.812161"><time>2026-05-23T11:10:00.900Z</time></trkpt>
<trkpt lat="54.385284" lon="18.812232"><time>2026-05-23T11:10:02.900Z</time></trkpt>
<trkpt lat="54.385272" lon="18.812306"><time>2026-05-23T11:10:04.900Z</time></trkpt>
<trkpt lat="54.385261" lon="18.812381"><time>2026-05-23T11:10:06.900Z</time></trkpt>
<trkpt lat="54.385250" lon="18.812455"><time>2026-05-23T11:10:08.900Z</time></trkpt>
<trkpt lat="54.385240" lon="18.812526"><time>2026-05-23T11:10:10.900Z</time></trkpt>
<trkpt lat="54.385232" lon="18.812601"><time>2026-05-23T11:10:12.900Z</time></trkpt>
<trkpt lat="54.385223" lon="18.812671"><time>2026-05-23T11:10:14.900Z</time></trkpt>
<trkpt lat="54.385215" lon="18.812737"><time>2026-05-23T11:10:16.900Z</time></trkpt>
<trkpt lat="54.385206" lon="18.812804"><time>2026-05-23T11:10:18.900Z</time></trkpt>
<trkpt lat="54.385192" lon="18.812872"><time>2026-05-23T11:10:20.900Z</time></trkpt>
<trkpt lat="54.385180" lon="18.812938"><time>2026-05-23T11:10:22.900Z</time></trkpt>
<trkpt lat="54.385169" lon="18.813006"><time>2026-05-23T11:10:24.900Z</time></trkpt>
<trkpt lat="54.385158" lon="18.813076"><time>2026-05-23T11:10:26.900Z</time></trkpt>
<trkpt lat="54.385148" lon="18.813139"><time>2026-05-23T11:10:29.000Z</time></trkpt>
<trkpt lat="54.385143" lon="18.813172"><time>2026-05-23T11:10:30.000Z</time></trkpt>
<trkpt lat="54.385132" lon="18.813241"><time>2026-05-23T11:10:32.000Z</time></trkpt>
<trkpt lat="54.385124" lon="18.813309"><time>2026-05-23T11:10:34.000Z</time></trkpt>
<trkpt lat="54.385116" lon="18.813376"><time>2026-05-23T11:10:36.000Z</time></trkpt>
<trkpt lat="54.385107" lon="18.813443"><time>2026-05-23T11:10:38.000Z</time></trkpt>
<trkpt lat="54.385097" lon="18.813508"><time>2026-05-23T11:10:40.000Z</time></trkpt>
<trkpt lat="54.385087" lon="18.813573"><time>2026-05-23T11:10:42.000Z</time></trkpt>
<trkpt lat="54.385075" lon="18.813640"><time>2026-05-23T11:10:44.000Z</time></trkpt>
<trkpt lat="54.385061" lon="18.813705"><time>2026-05-23T11:10:46.000Z</time></trkpt>
<trkpt lat="54.385047" lon="18.813771"><time>2026-05-23T11:10:48.000Z</time></trkpt>
<trkpt lat="54.385032" lon="18.813836"><time>2026-05-23T11:10:50.000Z</time></trkpt>
<trkpt lat="54.385019" lon="18.813904"><time>2026-05-23T11:10:52.000Z</time></trkpt>
<trkpt lat="54.385005" lon="18.813972"><time>2026-05-23T11:10:54.000Z</time></trkpt>
<trkpt lat="54.384992" lon="18.814040"><time>2026-05-23T11:10:56.000Z</time></trkpt>
<trkpt lat="54.384979" lon="18.814138"><time>2026-05-23T11:10:58.900Z</time></trkpt>
<trkpt lat="54.384968" lon="18.814203"><time>2026-05-23T11:11:00.900Z</time></trkpt>
<trkpt lat="54.384951" lon="18.814264"><time>2026-05-23T11:11:02.900Z</time></trkpt>
<trkpt lat="54.384937" lon="18.814321"><time>2026-05-23T11:11:04.900Z</time></trkpt>
<trkpt lat="54.384926" lon="18.814384"><time>2026-05-23T11:11:06.900Z</time></trkpt>
<trkpt lat="54.384911" lon="18.814458"><time>2026-05-23T11:11:08.900Z</time></trkpt>
<trkpt lat="54.384898" lon="18.814520"><time>2026-05-23T11:11:10.900Z</time></trkpt>
<trkpt lat="54.384885" lon="18.814582"><time>2026-05-23T11:11:12.900Z</time></trkpt>
<trkpt lat="54.384872" lon="18.814644"><time>2026-05-23T11:11:14.900Z</time></trkpt>
<trkpt lat="54.384860" lon="18.814709"><time>2026-05-23T11:11:16.900Z</time></trkpt>
<trkpt lat="54.384848" lon="18.814776"><time>2026-05-23T11:11:18.900Z</time></trkpt>
<trkpt lat="54.384836" lon="18.814840"><time>2026-05-23T11:11:20.900Z</time></trkpt>
<trkpt lat="54.384823" lon="18.814905"><time>2026-05-23T11:11:22.900Z</time></trkpt>
<trkpt lat="54.384809" lon="18.814973"><time>2026-05-23T11:11:24.900Z</time></trkpt>
<trkpt lat="54.384794" lon="18.815035"><time>2026-05-23T11:11:26.900Z</time></trkpt>
<trkpt lat="54.384781" lon="18.815106"><time>2026-05-23T11:11:28.900Z</time></trkpt>
<trkpt lat="54.384767" lon="18.815174"><time>2026-05-23T11:11:30.900Z</time></trkpt>
<trkpt lat="54.384750" lon="18.815244"><time>2026-05-23T11:11:32.900Z</time></trkpt>
<trkpt lat="54.384734" lon="18.815311"><time>2026-05-23T11:11:34.900Z</time></trkpt>
<trkpt lat="54.384714" lon="18.815380"><time>2026-05-23T11:11:36.900Z</time></trkpt>
<trkpt lat="54.384695" lon="18.815444"><time>2026-05-23T11:11:38.900Z</time></trkpt>
<trkpt lat="54.384677" lon="18.815508"><time>2026-05-23T11:11:40.900Z</time></trkpt>
<trkpt lat="54.384662" lon="18.815572"><time>2026-05-23T11:11:42.900Z</time></trkpt>
<trkpt lat="54.384640" lon="18.815632"><time>2026-05-23T11:11:44.900Z</time></trkpt>
<trkpt lat="54.384620" lon="18.815690"><time>2026-05-23T11:11:46.900Z</time></trkpt>
<trkpt lat="54.384604" lon="18.815750"><time>2026-05-23T11:11:48.900Z</time></trkpt>
<trkpt lat="54.384586" lon="18.815809"><time>2026-05-23T11:11:50.900Z</time></trkpt>
<trkpt lat="54.384569" lon="18.815869"><time>2026-05-23T11:11:52.900Z</time></trkpt>
<trkpt lat="54.384563" lon="18.815922"><time>2026-05-23T11:11:54.900Z</time></trkpt>
<trkpt lat="54.384562" lon="18.815988"><time>2026-05-23T11:11:56.900Z</time></trkpt>
<trkpt lat="54.384574" lon="18.816063"><time>2026-05-23T11:11:58.900Z</time></trkpt>
<trkpt lat="54.384597" lon="18.816102"><time>2026-05-23T11:12:00.900Z</time></trkpt>
<trkpt lat="54.384620" lon="18.816109"><time>2026-05-23T11:12:02.900Z</time></trkpt>
<trkpt lat="54.384648" lon="18.816107"><time>2026-05-23T11:12:04.900Z</time></trkpt>
<trkpt lat="54.384681" lon="18.816108"><time>2026-05-23T11:12:06.900Z</time></trkpt>
<trkpt lat="54.384715" lon="18.816105"><time>2026-05-23T11:12:08.900Z</time></trkpt>
<trkpt lat="54.384751" lon="18.816113"><time>2026-05-23T11:12:10.900Z</time></trkpt>
<trkpt lat="54.384793" lon="18.816135"><time>2026-05-23T11:12:12.900Z</time></trkpt>
<trkpt lat="54.384836" lon="18.816151"><time>2026-05-23T11:12:14.900Z</time></trkpt>
<trkpt lat="54.384868" lon="18.816153"><time>2026-05-23T11:12:16.900Z</time></trkpt>
<trkpt lat="54.384899" lon="18.816151"><time>2026-05-23T11:12:18.900Z</time></trkpt>
<trkpt lat="54.384945" lon="18.816146"><time>2026-05-23T11:12:20.900Z</time></trkpt>
<trkpt lat="54.384981" lon="18.816142"><time>2026-05-23T11:12:22.900Z</time></trkpt>
<trkpt lat="54.385018" lon="18.816149"><time>2026-05-23T11:12:24.900Z</time></trkpt>
<trkpt lat="54.385051" lon="18.816166"><time>2026-05-23T11:12:26.900Z</time></trkpt>
<trkpt lat="54.385082" lon="18.816168"><time>2026-05-23T11:12:28.900Z</time></trkpt>
<trkpt lat="54.385113" lon="18.816163"><time>2026-05-23T11:12:30.900Z</time></trkpt>
<trkpt lat="54.385153" lon="18.816178"><time>2026-05-23T11:12:32.900Z</time></trkpt>
<trkpt lat="54.385177" lon="18.816182"><time>2026-05-23T11:12:34.000Z</time></trkpt>
<trkpt lat="54.385220" lon="18.816192"><time>2026-05-23T11:12:36.000Z</time></trkpt>
<trkpt lat="54.385259" lon="18.816200"><time>2026-05-23T11:12:38.000Z</time></trkpt>
<trkpt lat="54.385297" lon="18.816205"><time>2026-05-23T11:12:40.000Z</time></trkpt>
<trkpt lat="54.385334" lon="18.816217"><time>2026-05-23T11:12:42.000Z</time></trkpt>
<trkpt lat="54.385374" lon="18.816231"><time>2026-05-23T11:12:44.000Z</time></trkpt>
<trkpt lat="54.385412" lon="18.816245"><time>2026-05-23T11:12:46.000Z</time></trkpt>
<trkpt lat="54.385447" lon="18.816302"><time>2026-05-23T11:12:48.000Z</time></trkpt>
<trkpt lat="54.385479" lon="18.816329"><time>2026-05-23T11:12:50.000Z</time></trkpt>
<trkpt lat="54.385519" lon="18.816338"><time>2026-05-23T11:12:52.000Z</time></trkpt>
<trkpt lat="54.385558" lon="18.816345"><time>2026-05-23T11:12:54.000Z</time></trkpt>
<trkpt lat="54.385599" lon="18.816346"><time>2026-05-23T11:12:56.000Z</time></trkpt>
<trkpt lat="54.385644" lon="18.816351"><time>2026-05-23T11:12:58.000Z</time></trkpt>
<trkpt lat="54.385719" lon="18.816365"><time>2026-05-23T11:13:00.900Z</time></trkpt>
<trkpt lat="54.385764" lon="18.816369"><time>2026-05-23T11:13:02.900Z</time></trkpt>
<trkpt lat="54.385808" lon="18.816375"><time>2026-05-23T11:13:04.900Z</time></trkpt>
<trkpt lat="54.385852" lon="18.816382"><time>2026-05-23T11:13:06.900Z</time></trkpt>
<trkpt lat="54.385897" lon="18.816387"><time>2026-05-23T11:13:08.900Z</time></trkpt>
<trkpt lat="54.385938" lon="18.816394"><time>2026-05-23T11:13:10.900Z</time></trkpt>
<trkpt lat="54.385985" lon="18.816401"><time>2026-05-23T11:13:12.900Z</time></trkpt>
<trkpt lat="54.386032" lon="18.816410"><time>2026-05-23T11:13:14.900Z</time></trkpt>
<trkpt lat="54.386077" lon="18.816420"><time>2026-05-23T11:13:16.900Z</time></trkpt>
<trkpt lat="54.386122" lon="18.816426"><time>2026-05-23T11:13:18.900Z</time></trkpt>
<trkpt lat="54.386167" lon="18.816424"><time>2026-05-23T11:13:20.900Z</time></trkpt>
<trkpt lat="54.386213" lon="18.816431"><time>2026-05-23T11:13:22.900Z</time></trkpt>
<trkpt lat="54.386259" lon="18.816441"><time>2026-05-23T11:13:24.900Z</time></trkpt>
<trkpt lat="54.386302" lon="18.816446"><time>2026-05-23T11:13:26.900Z</time></trkpt>
<trkpt lat="54.386347" lon="18.816452"><time>2026-05-23T11:13:28.900Z</time></trkpt>
<trkpt lat="54.386386" lon="18.816455"><time>2026-05-23T11:13:30.900Z</time></trkpt>
<trkpt lat="54.386434" lon="18.816461"><time>2026-05-23T11:13:32.900Z</time></trkpt>
<trkpt lat="54.386487" lon="18.816466"><time>2026-05-23T11:13:34.900Z</time></trkpt>
<trkpt lat="54.386533" lon="18.816483"><time>2026-05-23T11:13:36.900Z</time></trkpt>
<trkpt lat="54.386579" lon="18.816495"><time>2026-05-23T11:13:38.900Z</time></trkpt>
<trkpt lat="54.386622" lon="18.816508"><time>2026-05-23T11:13:40.900Z</time></trkpt>
<trkpt lat="54.386663" lon="18.816514"><time>2026-05-23T11:13:42.900Z</time></trkpt>
<trkpt lat="54.386708" lon="18.816524"><time>2026-05-23T11:13:44.900Z</time></trkpt>
<trkpt lat="54.386752" lon="18.816528"><time>2026-05-23T11:13:46.900Z</time></trkpt>
<trkpt lat="54.386795" lon="18.816531"><time>2026-05-23T11:13:48.900Z</time></trkpt>
<trkpt lat="54.386841" lon="18.816535"><time>2026-05-23T11:13:50.900Z</time></trkpt>
<trkpt lat="54.386886" lon="18.816543"><time>2026-05-23T11:13:52.900Z</time></trkpt>
<trkpt lat="54.386934" lon="18.816553"><time>2026-05-23T11:13:54.900Z</time></trkpt>
<trkpt lat="54.386980" lon="18.816561"><time>2026-05-23T11:13:56.900Z</time></trkpt>
<trkpt lat="54.387029" lon="18.816572"><time>2026-05-23T11:13:58.900Z</time></trkpt>
<trkpt lat="54.387073" lon="18.816575"><time>2026-05-23T11:14:00.900Z</time></trkpt>
<trkpt lat="54.387119" lon="18.816580"><time>2026-05-23T11:14:02.900Z</time></trkpt>
<trkpt lat="54.387167" lon="18.816591"><time>2026-05-23T11:14:04.900Z</time></trkpt>
<trkpt lat="54.387214" lon="18.816599"><time>2026-05-23T11:14:06.900Z</time></trkpt>
<trkpt lat="54.387261" lon="18.816606"><time>2026-05-23T11:14:08.900Z</time></trkpt>
<trkpt lat="54.387308" lon="18.816611"><time>2026-05-23T11:14:10.900Z</time></trkpt>
<trkpt lat="54.387359" lon="18.816619"><time>2026-05-23T11:14:12.900Z</time></trkpt>
<trkpt lat="54.387414" lon="18.816629"><time>2026-05-23T11:14:14.900Z</time></trkpt>
<trkpt lat="54.387464" lon="18.816636"><time>2026-05-23T11:14:16.900Z</time></trkpt>
<trkpt lat="54.387513" lon="18.816642"><time>2026-05-23T11:14:18.900Z</time></trkpt>
<trkpt lat="54.387562" lon="18.816647"><time>2026-05-23T11:14:20.900Z</time></trkpt>
<trkpt lat="54.387610" lon="18.816653"><time>2026-05-23T11:14:22.900Z</time></trkpt>
<trkpt lat="54.387657" lon="18.816658"><time>2026-05-23T11:14:24.900Z</time></trkpt>
<trkpt lat="54.387702" lon="18.816668"><time>2026-05-23T11:14:26.900Z</time></trkpt>
<trkpt lat="54.387747" lon="18.816675"><time>2026-05-23T11:14:28.900Z</time></trkpt>
<trkpt lat="54.387794" lon="18.816678"><time>2026-05-23T11:14:30.900Z</time></trkpt>
<trkpt lat="54.387840" lon="18.816685"><time>2026-05-23T11:14:32.900Z</time></trkpt>
<trkpt lat="54.387885" lon="18.816692"><time>2026-05-23T11:14:34.900Z</time></trkpt>
<trkpt lat="54.387927" lon="18.816701"><time>2026-05-23T11:14:36.900Z</time></trkpt>
<trkpt lat="54.387971" lon="18.816713"><time>2026-05-23T11:14:38.900Z</time></trkpt>
<trkpt lat="54.387993" lon="18.816714"><time>2026-05-23T11:14:40.000Z</time></trkpt>
<trkpt lat="54.388034" lon="18.816720"><time>2026-05-23T11:14:42.000Z</time></trkpt>
<trkpt lat="54.388074" lon="18.816737"><time>2026-05-23T11:14:44.000Z</time></trkpt>
<trkpt lat="54.388115" lon="18.816748"><time>2026-05-23T11:14:46.000Z</time></trkpt>
<trkpt lat="54.388159" lon="18.816760"><time>2026-05-23T11:14:48.000Z</time></trkpt>
<trkpt lat="54.388202" lon="18.816766"><time>2026-05-23T11:14:50.000Z</time></trkpt>
<trkpt lat="54.388244" lon="18.816776"><time>2026-05-23T11:14:52.000Z</time></trkpt>
<trkpt lat="54.388282" lon="18.816785"><time>2026-05-23T11:14:54.000Z</time></trkpt>
<trkpt lat="54.388323" lon="18.816802"><time>2026-05-23T11:14:56.000Z</time></trkpt>
<trkpt lat="54.388364" lon="18.816818"><time>2026-05-23T11:14:58.000Z</time></trkpt>
<trkpt lat="54.388407" lon="18.816831"><time>2026-05-23T11:15:00.000Z</time></trkpt>
<trkpt lat="54.388449" lon="18.816827"><time>2026-05-23T11:15:02.000Z</time></trkpt>
<trkpt lat="54.388493" lon="18.816836"><time>2026-05-23T11:15:04.000Z</time></trkpt>
<trkpt lat="54.388560" lon="18.816851"><time>2026-05-23T11:15:06.900Z</time></trkpt>
<trkpt lat="54.388607" lon="18.816863"><time>2026-05-23T11:15:08.900Z</time></trkpt>
<trkpt lat="54.388649" lon="18.816875"><time>2026-05-23T11:15:10.900Z</time></trkpt>
<trkpt lat="54.388690" lon="18.816882"><time>2026-05-23T11:15:12.900Z</time></trkpt>
<trkpt lat="54.388732" lon="18.816883"><time>2026-05-23T11:15:14.900Z</time></trkpt>
<trkpt lat="54.388774" lon="18.816895"><time>2026-05-23T11:15:16.900Z</time></trkpt>
<trkpt lat="54.388817" lon="18.816902"><time>2026-05-23T11:15:18.900Z</time></trkpt>
<trkpt lat="54.388864" lon="18.816915"><time>2026-05-23T11:15:20.900Z</time></trkpt>
<trkpt lat="54.388911" lon="18.816930"><time>2026-05-23T11:15:22.900Z</time></trkpt>
<trkpt lat="54.388952" lon="18.816938"><time>2026-05-23T11:15:24.900Z</time></trkpt>
<trkpt lat="54.388986" lon="18.816953"><time>2026-05-23T11:15:26.900Z</time></trkpt>
<trkpt lat="54.389024" lon="18.816959"><time>2026-05-23T11:15:28.900Z</time></trkpt>
<trkpt lat="54.389070" lon="18.816976"><time>2026-05-23T11:15:30.900Z</time></trkpt>
<trkpt lat="54.389118" lon="18.816994"><time>2026-05-23T11:15:32.900Z</time></trkpt>
<trkpt lat="54.389165" lon="18.817007"><time>2026-05-23T11:15:34.900Z</time></trkpt>
<trkpt lat="54.389213" lon="18.817019"><time>2026-05-23T11:15:36.900Z</time></trkpt>
<trkpt lat="54.389254" lon="18.817033"><time>2026-05-23T11:15:38.900Z</time></trkpt>
<trkpt lat="54.389291" lon="18.817034"><time>2026-05-23T11:15:40.900Z</time></trkpt>
<trkpt lat="54.389332" lon="18.817040"><time>2026-05-23T11:15:42.900Z</time></trkpt>
<trkpt lat="54.389376" lon="18.817049"><time>2026-05-23T11:15:44.900Z</time></trkpt>
<trkpt lat="54.389422" lon="18.817055"><time>2026-05-23T11:15:46.900Z</time></trkpt>
<trkpt lat="54.389468" lon="18.817060"><time>2026-05-23T11:15:48.900Z</time></trkpt>
<trkpt lat="54.389507" lon="18.817066"><time>2026-05-23T11:15:50.900Z</time></trkpt>
<trkpt lat="54.389548" lon="18.817076"><time>2026-05-23T11:15:52.900Z</time></trkpt>
<trkpt lat="54.389596" lon="18.817095"><time>2026-05-23T11:15:54.900Z</time></trkpt>
<trkpt lat="54.389645" lon="18.817109"><time>2026-05-23T11:15:56.900Z</time></trkpt>
<trkpt lat="54.389695" lon="18.817118"><time>2026-05-23T11:15:58.900Z</time></trkpt>
<trkpt lat="54.389743" lon="18.817125"><time>2026-05-23T11:16:00.900Z</time></trkpt>
<trkpt lat="54.389788" lon="18.817132"><time>2026-05-23T11:16:02.900Z</time></trkpt>
<trkpt lat="54.389830" lon="18.817140"><time>2026-05-23T11:16:04.900Z</time></trkpt>
<trkpt lat="54.389868" lon="18.817151"><time>2026-05-23T11:16:06.900Z</time></trkpt>
<trkpt lat="54.389907" lon="18.817162"><time>2026-05-23T11:16:08.900Z</time></trkpt>
<trkpt lat="54.389948" lon="18.817172"><time>2026-05-23T11:16:10.900Z</time></trkpt>
<trkpt lat="54.389989" lon="18.817185"><time>2026-05-23T11:16:12.900Z</time></trkpt>
<trkpt lat="54.390032" lon="18.817196"><time>2026-05-23T11:16:14.900Z</time></trkpt>
<trkpt lat="54.390073" lon="18.817208"><time>2026-05-23T11:16:16.900Z</time></trkpt>
<trkpt lat="54.390115" lon="18.817219"><time>2026-05-23T11:16:18.900Z</time></trkpt>
<trkpt lat="54.390155" lon="18.817230"><time>2026-05-23T11:16:20.900Z</time></trkpt>
<trkpt lat="54.390197" lon="18.817243"><time>2026-05-23T11:16:22.900Z</time></trkpt>
<trkpt lat="54.390234" lon="18.817254"><time>2026-05-23T11:16:24.900Z</time></trkpt>
<trkpt lat="54.390273" lon="18.817265"><time>2026-05-23T11:16:26.900Z</time></trkpt>
<trkpt lat="54.390315" lon="18.817275"><time>2026-05-23T11:16:28.900Z</time></trkpt>
<trkpt lat="54.390359" lon="18.817283"><time>2026-05-23T11:16:30.900Z</time></trkpt>
<trkpt lat="54.390399" lon="18.817294"><time>2026-05-23T11:16:32.900Z</time></trkpt>
<trkpt lat="54.390438" lon="18.817306"><time>2026-05-23T11:16:34.900Z</time></trkpt>
<trkpt lat="54.390479" lon="18.817316"><time>2026-05-23T11:16:36.900Z</time></trkpt>
<trkpt lat="54.390519" lon="18.817327"><time>2026-05-23T11:16:38.900Z</time></trkpt>
<trkpt lat="54.390561" lon="18.817336"><time>2026-05-23T11:16:40.900Z</time></trkpt>
<trkpt lat="54.390601" lon="18.817346"><time>2026-05-23T11:16:42.900Z</time></trkpt>
<trkpt lat="54.390642" lon="18.817354"><time>2026-05-23T11:16:45.000Z</time></trkpt>
<trkpt lat="54.390662" lon="18.817359"><time>2026-05-23T11:16:46.000Z</time></trkpt>
<trkpt lat="54.390702" lon="18.817370"><time>2026-05-23T11:16:48.000Z</time></trkpt>
<trkpt lat="54.390740" lon="18.817380"><time>2026-05-23T11:16:50.000Z</time></trkpt>
<trkpt lat="54.390779" lon="18.817388"><time>2026-05-23T11:16:52.000Z</time></trkpt>
<trkpt lat="54.390816" lon="18.817393"><time>2026-05-23T11:16:54.000Z</time></trkpt>
<trkpt lat="54.390855" lon="18.817402"><time>2026-05-23T11:16:56.000Z</time></trkpt>
<trkpt lat="54.390894" lon="18.817412"><time>2026-05-23T11:16:58.000Z</time></trkpt>
<trkpt lat="54.390936" lon="18.817422"><time>2026-05-23T11:17:00.000Z</time></trkpt>
<trkpt lat="54.390976" lon="18.817430"><time>2026-05-23T11:17:02.000Z</time></trkpt>
<trkpt lat="54.391018" lon="18.817440"><time>2026-05-23T11:17:04.000Z</time></trkpt>
<trkpt lat="54.391059" lon="18.817453"><time>2026-05-23T11:17:06.000Z</time></trkpt>
<trkpt lat="54.391099" lon="18.817463"><time>2026-05-23T11:17:08.000Z</time></trkpt>
<trkpt lat="54.391157" lon="18.817478"><time>2026-05-23T11:17:10.900Z</time></trkpt>
<trkpt lat="54.391196" lon="18.817490"><time>2026-05-23T11:17:12.900Z</time></trkpt>
<trkpt lat="54.391237" lon="18.817506"><time>2026-05-23T11:17:14.900Z</time></trkpt>
<trkpt lat="54.391272" lon="18.817517"><time>2026-05-23T11:17:16.900Z</time></trkpt>
<trkpt lat="54.391310" lon="18.817529"><time>2026-05-23T11:17:18.900Z</time></trkpt>
<trkpt lat="54.391350" lon="18.817543"><time>2026-05-23T11:17:20.900Z</time></trkpt>
<trkpt lat="54.391389" lon="18.817559"><time>2026-05-23T11:17:22.900Z</time></trkpt>
<trkpt lat="54.391428" lon="18.817575"><time>2026-05-23T11:17:24.900Z</time></trkpt>
<trkpt lat="54.391467" lon="18.817589"><time>2026-05-23T11:17:26.900Z</time></trkpt>
<trkpt lat="54.391507" lon="18.817601"><time>2026-05-23T11:17:28.900Z</time></trkpt>
<trkpt lat="54.391546" lon="18.817613"><time>2026-05-23T11:17:30.900Z</time></trkpt>
<trkpt lat="54.391584" lon="18.817626"><time>2026-05-23T11:17:32.900Z</time></trkpt>
<trkpt lat="54.391622" lon="18.817639"><time>2026-05-23T11:17:34.900Z</time></trkpt>
<trkpt lat="54.391660" lon="18.817649"><time>2026-05-23T11:17:36.900Z</time></trkpt>
<trkpt lat="54.391698" lon="18.817659"><time>2026-05-23T11:17:38.900Z</time></trkpt>
<trkpt lat="54.391736" lon="18.817671"><time>2026-05-23T11:17:40.900Z</time></trkpt>
<trkpt lat="54.391773" lon="18.817684"><time>2026-05-23T11:17:42.900Z</time></trkpt>
<trkpt lat="54.391810" lon="18.817694"><time>2026-05-23T11:17:44.900Z</time></trkpt>
<trkpt lat="54.391848" lon="18.817705"><time>2026-05-23T11:17:46.900Z</time></trkpt>
<trkpt lat="54.391884" lon="18.817716"><time>2026-05-23T11:17:48.900Z</time></trkpt>
<trkpt lat="54.391921" lon="18.817729"><time>2026-05-23T11:17:50.900Z</time></trkpt>
<trkpt lat="54.391958" lon="18.817738"><time>2026-05-23T11:17:52.900Z</time></trkpt>
<trkpt lat="54.391994" lon="18.817748"><time>2026-05-23T11:17:54.900Z</time></trkpt>
<trkpt lat="54.392030" lon="18.817757"><time>2026-05-23T11:17:56.900Z</time></trkpt>
<trkpt lat="54.392066" lon="18.817766"><time>2026-05-23T11:17:58.900Z</time></trkpt>
<trkpt lat="54.392102" lon="18.817776"><time>2026-05-23T11:18:00.900Z</time></trkpt>
<trkpt lat="54.392138" lon="18.817785"><time>2026-05-23T11:18:02.900Z</time></trkpt>
<trkpt lat="54.392174" lon="18.817795"><time>2026-05-23T11:18:04.900Z</time></trkpt>
<trkpt lat="54.392211" lon="18.817805"><time>2026-05-23T11:18:06.900Z</time></trkpt>
<trkpt lat="54.392247" lon="18.817817"><time>2026-05-23T11:18:08.900Z</time></trkpt>
<trkpt lat="54.392284" lon="18.817829"><time>2026-05-23T11:18:10.900Z</time></trkpt>
<trkpt lat="54.392321" lon="18.817839"><time>2026-05-23T11:18:12.900Z</time></trkpt>
<trkpt lat="54.392358" lon="18.817849"><time>2026-05-23T11:18:14.900Z</time></trkpt>
<trkpt lat="54.392394" lon="18.817859"><time>2026-05-23T11:18:16.900Z</time></trkpt>
<trkpt lat="54.392429" lon="18.817870"><time>2026-05-23T11:18:18.900Z</time></trkpt>
<trkpt lat="54.392465" lon="18.817881"><time>2026-05-23T11:18:20.900Z</time></trkpt>
<trkpt lat="54.392500" lon="18.817895"><time>2026-05-23T11:18:22.900Z</time></trkpt>
<trkpt lat="54.392537" lon="18.817906"><time>2026-05-23T11:18:24.900Z</time></trkpt>
<trkpt lat="54.392572" lon="18.817915"><time>2026-05-23T11:18:26.900Z</time></trkpt>
<trkpt lat="54.392607" lon="18.817925"><time>2026-05-23T11:18:28.900Z</time></trkpt>
<trkpt lat="54.392641" lon="18.817937"><time>2026-05-23T11:18:30.900Z</time></trkpt>
<trkpt lat="54.392676" lon="18.817950"><time>2026-05-23T11:18:32.900Z</time></trkpt>
<trkpt lat="54.392711" lon="18.817960"><time>2026-05-23T11:18:34.900Z</time></trkpt>
<trkpt lat="54.392746" lon="18.817971"><time>2026-05-23T11:18:36.900Z</time></trkpt>
<trkpt lat="54.392780" lon="18.817984"><time>2026-05-23T11:18:38.900Z</time></trkpt>
<trkpt lat="54.392816" lon="18.817999"><time>2026-05-23T11:18:40.900Z</time></trkpt>
<trkpt lat="54.392851" lon="18.818014"><time>2026-05-23T11:18:42.900Z</time></trkpt>
<trkpt lat="54.392885" lon="18.818028"><time>2026-05-23T11:18:44.900Z</time></trkpt>
<trkpt lat="54.392920" lon="18.818044"><time>2026-05-23T11:18:46.900Z</time></trkpt>
<trkpt lat="54.392956" lon="18.818057"><time>2026-05-23T11:18:48.900Z</time></trkpt>
<trkpt lat="54.392988" lon="18.818072"><time>2026-05-23T11:18:51.000Z</time></trkpt>
<trkpt lat="54.393004" lon="18.818078"><time>2026-05-23T11:18:52.000Z</time></trkpt>
<trkpt lat="54.393042" lon="18.818094"><time>2026-05-23T11:18:54.000Z</time></trkpt>
<trkpt lat="54.393077" lon="18.818105"><time>2026-05-23T11:18:56.000Z</time></trkpt>
<trkpt lat="54.393108" lon="18.818116"><time>2026-05-23T11:18:58.000Z</time></trkpt>
<trkpt lat="54.393136" lon="18.818126"><time>2026-05-23T11:19:00.000Z</time></trkpt>
<trkpt lat="54.393171" lon="18.818148"><time>2026-05-23T11:19:02.000Z</time></trkpt>
<trkpt lat="54.393202" lon="18.818163"><time>2026-05-23T11:19:04.000Z</time></trkpt>
<trkpt lat="54.393231" lon="18.818172"><time>2026-05-23T11:19:06.000Z</time></trkpt>
<trkpt lat="54.393261" lon="18.818181"><time>2026-05-23T11:19:08.000Z</time></trkpt>
<trkpt lat="54.393290" lon="18.818191"><time>2026-05-23T11:19:10.000Z</time></trkpt>
<trkpt lat="54.393319" lon="18.818203"><time>2026-05-23T11:19:12.000Z</time></trkpt>
<trkpt lat="54.393348" lon="18.818213"><time>2026-05-23T11:19:14.000Z</time></trkpt>
<trkpt lat="54.393392" lon="18.818230"><time>2026-05-23T11:19:16.900Z</time></trkpt>
<trkpt lat="54.393421" lon="18.818240"><time>2026-05-23T11:19:18.900Z</time></trkpt>
<trkpt lat="54.393450" lon="18.818247"><time>2026-05-23T11:19:20.900Z</time></trkpt>
<trkpt lat="54.393480" lon="18.818257"><time>2026-05-23T11:19:22.900Z</time></trkpt>
<trkpt lat="54.393508" lon="18.818268"><time>2026-05-23T11:19:24.900Z</time></trkpt>
<trkpt lat="54.393535" lon="18.818279"><time>2026-05-23T11:19:26.900Z</time></trkpt>
<trkpt lat="54.393562" lon="18.818294"><time>2026-05-23T11:19:28.900Z</time></trkpt>
<trkpt lat="54.393590" lon="18.818305"><time>2026-05-23T11:19:30.900Z</time></trkpt>
<trkpt lat="54.393616" lon="18.818316"><time>2026-05-23T11:19:32.900Z</time></trkpt>
<trkpt lat="54.393644" lon="18.818327"><time>2026-05-23T11:19:34.900Z</time></trkpt>
<trkpt lat="54.393673" lon="18.818337"><time>2026-05-23T11:19:36.900Z</time></trkpt>
<trkpt lat="54.393701" lon="18.818350"><time>2026-05-23T11:19:38.900Z</time></trkpt>
<trkpt lat="54.393727" lon="18.818362"><time>2026-05-23T11:19:40.900Z</time></trkpt>
<trkpt lat="54.393753" lon="18.818375"><time>2026-05-23T11:19:42.900Z</time></trkpt>
<trkpt lat="54.393778" lon="18.818387"><time>2026-05-23T11:19:44.900Z</time></trkpt>
<trkpt lat="54.393805" lon="18.818400"><time>2026-05-23T11:19:46.900Z</time></trkpt>
<trkpt lat="54.393830" lon="18.818412"><time>2026-05-23T11:19:48.900Z</time></trkpt>
<trkpt lat="54.393856" lon="18.818423"><time>2026-05-23T11:19:50.900Z</time></trkpt>
<trkpt lat="54.393883" lon="18.818435"><time>2026-05-23T11:19:52.900Z</time></trkpt>
<trkpt lat="54.393908" lon="18.818446"><time>2026-05-23T11:19:54.900Z</time></trkpt>
<trkpt lat="54.393934" lon="18.818458"><time>2026-05-23T11:19:56.900Z</time></trkpt>
<trkpt lat="54.393959" lon="18.818471"><time>2026-05-23T11:19:58.900Z</time></trkpt>
<trkpt lat="54.393983" lon="18.818484"><time>2026-05-23T11:20:00.900Z</time></trkpt>
<trkpt lat="54.394009" lon="18.818498"><time>2026-05-23T11:20:02.900Z</time></trkpt>
<trkpt lat="54.394035" lon="18.818511"><time>2026-05-23T11:20:04.900Z</time></trkpt>
<trkpt lat="54.394060" lon="18.818521"><time>2026-05-23T11:20:06.900Z</time></trkpt>
<trkpt lat="54.394084" lon="18.818530"><time>2026-05-23T11:20:08.900Z</time></trkpt>
<trkpt lat="54.394109" lon="18.818541"><time>2026-05-23T11:20:10.900Z</time></trkpt>
<trkpt lat="54.394133" lon="18.818551"><time>2026-05-23T11:20:12.900Z</time></trkpt>
<trkpt lat="54.394157" lon="18.818562"><time>2026-05-23T11:20:14.900Z</time></trkpt>
<trkpt lat="54.394182" lon="18.818570"><time>2026-05-23T11:20:16.900Z</time></trkpt>
<trkpt lat="54.394205" lon="18.818579"><time>2026-05-23T11:20:18.900Z</time></trkpt>
<trkpt lat="54.394228" lon="18.818593"><time>2026-05-23T11:20:20.900Z</time></trkpt>
<trkpt lat="54.394246" lon="18.818607"><time>2026-05-23T11:20:22.900Z</time></trkpt>
<trkpt lat="54.394263" lon="18.818610"><time>2026-05-23T11:20:24.900Z</time></trkpt>
<trkpt lat="54.394287" lon="18.818622"><time>2026-05-23T11:20:26.900Z</time></trkpt>
<trkpt lat="54.394308" lon="18.818631"><time>2026-05-23T11:20:28.900Z</time></trkpt>
<trkpt lat="54.394327" lon="18.818642"><time>2026-05-23T11:20:30.900Z</time></trkpt>
<trkpt lat="54.394345" lon="18.818656"><time>2026-05-23T11:20:32.900Z</time></trkpt>
<trkpt lat="54.394366" lon="18.818676"><time>2026-05-23T11:20:34.900Z</time></trkpt>
<trkpt lat="54.394386" lon="18.818692"><time>2026-05-23T11:20:36.900Z</time></trkpt>
<trkpt lat="54.394404" lon="18.818702"><time>2026-05-23T11:20:38.900Z</time></trkpt>
<trkpt lat="54.394425" lon="18.818702"><time>2026-05-23T11:20:40.900Z</time></trkpt>
<trkpt lat="54.394451" lon="18.818695"><time>2026-05-23T11:20:42.900Z</time></trkpt>
<trkpt lat="54.394470" lon="18.818686"><time>2026-05-23T11:20:44.900Z</time></trkpt>
<trkpt lat="54.394492" lon="18.818671"><time>2026-05-23T11:20:46.900Z</time></trkpt>
<trkpt lat="54.394514" lon="18.818648"><time>2026-05-23T11:20:48.900Z</time></trkpt>
<trkpt lat="54.394537" lon="18.818607"><time>2026-05-23T11:20:50.900Z</time></trkpt>
<trkpt lat="54.394547" lon="18.818556"><time>2026-05-23T11:20:52.900Z</time></trkpt>
<trkpt lat="54.394548" lon="18.818508"><time>2026-05-23T11:20:54.900Z</time></trkpt>
<trkpt lat="54.394537" lon="18.818469"><time>2026-05-23T11:20:57.000Z</time></trkpt>
<trkpt lat="54.394530" lon="18.818453"><time>2026-05-23T11:20:58.000Z</time></trkpt>
<trkpt lat="54.394516" lon="18.818429"><time>2026-05-23T11:21:00.000Z</time></trkpt>
<trkpt lat="54.394499" lon="18.818425"><time>2026-05-23T11:21:02.000Z</time></trkpt>
<trkpt lat="54.394481" lon="18.818393"><time>2026-05-23T11:21:04.000Z</time></trkpt>
<trkpt lat="54.394466" lon="18.818364"><time>2026-05-23T11:21:06.000Z</time></trkpt>
<trkpt lat="54.394445" lon="18.818332"><time>2026-05-23T11:21:08.000Z</time></trkpt>
<trkpt lat="54.394427" lon="18.818295"><time>2026-05-23T11:21:10.000Z</time></trkpt>
<trkpt lat="54.394413" lon="18.818266"><time>2026-05-23T11:21:12.000Z</time></trkpt>
<trkpt lat="54.394395" lon="18.818207"><time>2026-05-23T11:21:14.000Z</time></trkpt>
<trkpt lat="54.394378" lon="18.818151"><time>2026-05-23T11:21:16.000Z</time></trkpt>
<trkpt lat="54.394357" lon="18.818120"><time>2026-05-23T11:21:18.000Z</time></trkpt>
<trkpt lat="54.394340" lon="18.818088"><time>2026-05-23T11:21:20.000Z</time></trkpt>
<trkpt lat="54.394319" lon="18.818065"><time>2026-05-23T11:21:22.900Z</time></trkpt>
<trkpt lat="54.394297" lon="18.818039"><time>2026-05-23T11:21:24.900Z</time></trkpt>
<trkpt lat="54.394282" lon="18.818014"><time>2026-05-23T11:21:26.900Z</time></trkpt>
<trkpt lat="54.394270" lon="18.817990"><time>2026-05-23T11:21:28.900Z</time></trkpt>
<trkpt lat="54.394255" lon="18.817962"><time>2026-05-23T11:21:30.900Z</time></trkpt>
<trkpt lat="54.394243" lon="18.817932"><time>2026-05-23T11:21:32.900Z</time></trkpt>
<trkpt lat="54.394232" lon="18.817908"><time>2026-05-23T11:21:34.900Z</time></trkpt>
<trkpt lat="54.394223" lon="18.817888"><time>2026-05-23T11:21:36.900Z</time></trkpt>
<trkpt lat="54.394210" lon="18.817865"><time>2026-05-23T11:21:38.900Z</time></trkpt>
<trkpt lat="54.394195" lon="18.817840"><time>2026-05-23T11:21:40.900Z</time></trkpt>
<trkpt lat="54.394179" lon="18.817805"><time>2026-05-23T11:21:42.900Z</time></trkpt>
<trkpt lat="54.394166" lon="18.817772"><time>2026-05-23T11:21:44.900Z</time></trkpt>
<trkpt lat="54.394155" lon="18.817739"><time>2026-05-23T11:21:46.900Z</time></trkpt>
<trkpt lat="54.394142" lon="18.817708"><time>2026-05-23T11:21:48.900Z</time></trkpt>
<trkpt lat="54.394134" lon="18.817683"><time>2026-05-23T11:21:50.900Z</time></trkpt>
<trkpt lat="54.394128" lon="18.817650"><time>2026-05-23T11:21:52.900Z</time></trkpt>
<trkpt lat="54.394123" lon="18.817636"><time>2026-05-23T11:21:54.900Z</time></trkpt>
<trkpt lat="54.394112" lon="18.817606"><time>2026-05-23T11:21:56.900Z</time></trkpt>
<trkpt lat="54.394098" lon="18.817572"><time>2026-05-23T11:21:58.900Z</time></trkpt>
<trkpt lat="54.394081" lon="18.817538"><time>2026-05-23T11:22:00.900Z</time></trkpt>
<trkpt lat="54.394070" lon="18.817511"><time>2026-05-23T11:22:02.900Z</time></trkpt>
<trkpt lat="54.394064" lon="18.817479"><time>2026-05-23T11:22:04.900Z</time></trkpt>
<trkpt lat="54.394055" lon="18.817449"><time>2026-05-23T11:22:06.900Z</time></trkpt>
<trkpt lat="54.394043" lon="18.817415"><time>2026-05-23T11:22:08.900Z</time></trkpt>
<trkpt lat="54.394041" lon="18.817397"><time>2026-05-23T11:22:10.900Z</time></trkpt>
<trkpt lat="54.394037" lon="18.817364"><time>2026-05-23T11:22:12.900Z</time></trkpt>
<trkpt lat="54.394032" lon="18.817334"><time>2026-05-23T11:22:14.900Z</time></trkpt>
<trkpt lat="54.394024" lon="18.817319"><time>2026-05-23T11:22:16.900Z</time></trkpt>
<trkpt lat="54.394010" lon="18.817285"><time>2026-05-23T11:22:18.900Z</time></trkpt>
<trkpt lat="54.393995" lon="18.817250"><time>2026-05-23T11:22:20.900Z</time></trkpt>
<trkpt lat="54.393984" lon="18.817219"><time>2026-05-23T11:22:22.900Z</time></trkpt>
<trkpt lat="54.393972" lon="18.817194"><time>2026-05-23T11:22:24.900Z</time></trkpt>
<trkpt lat="54.393954" lon="18.817170"><time>2026-05-23T11:22:26.900Z</time></trkpt>
<trkpt lat="54.393935" lon="18.817132"><time>2026-05-23T11:22:28.900Z</time></trkpt>
<trkpt lat="54.393920" lon="18.817106"><time>2026-05-23T11:22:30.900Z</time></trkpt>
<trkpt lat="54.393904" lon="18.817078"><time>2026-05-23T11:22:32.900Z</time></trkpt>
<trkpt lat="54.393889" lon="18.817034"><time>2026-05-23T11:22:34.900Z</time></trkpt>
<trkpt lat="54.393877" lon="18.816997"><time>2026-05-23T11:22:36.900Z</time></trkpt>
<trkpt lat="54.393869" lon="18.816953"><time>2026-05-23T11:22:38.900Z</time></trkpt>
<trkpt lat="54.393856" lon="18.816906"><time>2026-05-23T11:22:40.900Z</time></trkpt>
<trkpt lat="54.393833" lon="18.816879"><time>2026-05-23T11:22:42.900Z</time></trkpt>
<trkpt lat="54.393815" lon="18.816845"><time>2026-05-23T11:22:44.900Z</time></trkpt>
<trkpt lat="54.393792" lon="18.816798"><time>2026-05-23T11:22:46.900Z</time></trkpt>
<trkpt lat="54.393772" lon="18.816749"><time>2026-05-23T11:22:48.900Z</time></trkpt>
<trkpt lat="54.393759" lon="18.816693"><time>2026-05-23T11:22:50.900Z</time></trkpt>
<trkpt lat="54.393744" lon="18.816648"><time>2026-05-23T11:22:52.900Z</time></trkpt>
<trkpt lat="54.393728" lon="18.816598"><time>2026-05-23T11:22:54.900Z</time></trkpt>
<trkpt lat="54.393710" lon="18.816552"><time>2026-05-23T11:22:56.900Z</time></trkpt>
<trkpt lat="54.393694" lon="18.816509"><time>2026-05-23T11:22:58.900Z</time></trkpt>
<trkpt lat="54.393686" lon="18.816484"><time>2026-05-23T11:23:00.900Z</time></trkpt>
<trkpt lat="54.393677" lon="18.816467"><time>2026-05-23T11:23:02.000Z</time></trkpt>
<trkpt lat="54.393659" lon="18.816424"><time>2026-05-23T11:23:04.000Z</time></trkpt>
<trkpt lat="54.393637" lon="18.816374"><time>2026-05-23T11:23:06.000Z</time></trkpt>
<trkpt lat="54.393613" lon="18.816324"><time>2026-05-23T11:23:08.000Z</time></trkpt>
<trkpt lat="54.393592" lon="18.816279"><time>2026-05-23T11:23:10.000Z</time></trkpt>
<trkpt lat="54.393577" lon="18.816248"><time>2026-05-23T11:23:12.000Z</time></trkpt>
<trkpt lat="54.393563" lon="18.816231"><time>2026-05-23T11:23:14.000Z</time></trkpt>
<trkpt lat="54.393549" lon="18.816189"><time>2026-05-23T11:23:16.000Z</time></trkpt>
<trkpt lat="54.393526" lon="18.816144"><time>2026-05-23T11:23:18.000Z</time></trkpt>
<trkpt lat="54.393507" lon="18.816097"><time>2026-05-23T11:23:20.000Z</time></trkpt>
<trkpt lat="54.393492" lon="18.816052"><time>2026-05-23T11:23:22.000Z</time></trkpt>
<trkpt lat="54.393472" lon="18.816009"><time>2026-05-23T11:23:24.000Z</time></trkpt>
<trkpt lat="54.393445" lon="18.815939"><time>2026-05-23T11:23:26.900Z</time></trkpt>
<trkpt lat="54.393426" lon="18.815893"><time>2026-05-23T11:23:28.900Z</time></trkpt>
<trkpt lat="54.393410" lon="18.815850"><time>2026-05-23T11:23:30.900Z</time></trkpt>
<trkpt lat="54.393393" lon="18.815807"><time>2026-05-23T11:23:32.900Z</time></trkpt>
<trkpt lat="54.393373" lon="18.815761"><time>2026-05-23T11:23:34.900Z</time></trkpt>
<trkpt lat="54.393355" lon="18.815716"><time>2026-05-23T11:23:36.900Z</time></trkpt>
<trkpt lat="54.393335" lon="18.815673"><time>2026-05-23T11:23:38.900Z</time></trkpt>
<trkpt lat="54.393313" lon="18.815638"><time>2026-05-23T11:23:40.900Z</time></trkpt>
<trkpt lat="54.393295" lon="18.815600"><time>2026-05-23T11:23:42.900Z</time></trkpt>
<trkpt lat="54.393279" lon="18.815557"><time>2026-05-23T11:23:44.900Z</time></trkpt>
<trkpt lat="54.393264" lon="18.815506"><time>2026-05-23T11:23:46.900Z</time></trkpt>
<trkpt lat="54.393247" lon="18.815446"><time>2026-05-23T11:23:48.900Z</time></trkpt>
<trkpt lat="54.393229" lon="18.815398"><time>2026-05-23T11:23:50.900Z</time></trkpt>
<trkpt lat="54.393209" lon="18.815352"><time>2026-05-23T11:23:52.900Z</time></trkpt>
<trkpt lat="54.393186" lon="18.815306"><time>2026-05-23T11:23:54.900Z</time></trkpt>
<trkpt lat="54.393172" lon="18.815260"><time>2026-05-23T11:23:56.900Z</time></trkpt>
<trkpt lat="54.393158" lon="18.815223"><time>2026-05-23T11:23:58.900Z</time></trkpt>
<trkpt lat="54.393141" lon="18.815179"><time>2026-05-23T11:24:00.900Z</time></trkpt>
<trkpt lat="54.393121" lon="18.815128"><time>2026-05-23T11:24:02.900Z</time></trkpt>
<trkpt lat="54.393096" lon="18.815079"><time>2026-05-23T11:24:04.900Z</time></trkpt>
<trkpt lat="54.393077" lon="18.815032"><time>2026-05-23T11:24:06.900Z</time></trkpt>
<trkpt lat="54.393055" lon="18.814983"><time>2026-05-23T11:24:08.900Z</time></trkpt>
<trkpt lat="54.393036" lon="18.814937"><time>2026-05-23T11:24:10.900Z</time></trkpt>
<trkpt lat="54.393015" lon="18.814889"><time>2026-05-23T11:24:12.900Z</time></trkpt>
<trkpt lat="54.392995" lon="18.814844"><time>2026-05-23T11:24:14.900Z</time></trkpt>
<trkpt lat="54.392977" lon="18.814800"><time>2026-05-23T11:24:16.900Z</time></trkpt>
<trkpt lat="54.392958" lon="18.814755"><time>2026-05-23T11:24:18.900Z</time></trkpt>
<trkpt lat="54.392941" lon="18.814708"><time>2026-05-23T11:24:20.900Z</time></trkpt>
<trkpt lat="54.392928" lon="18.814663"><time>2026-05-23T11:24:22.900Z</time></trkpt>
<trkpt lat="54.392901" lon="18.814613"><time>2026-05-23T11:24:24.900Z</time></trkpt>
<trkpt lat="54.392879" lon="18.814571"><time>2026-05-23T11:24:26.900Z</time></trkpt>
<trkpt lat="54.392866" lon="18.814540"><time>2026-05-23T11:24:28.900Z</time></trkpt>
<trkpt lat="54.392858" lon="18.814504"><time>2026-05-23T11:24:30.900Z</time></trkpt>
<trkpt lat="54.392840" lon="18.814461"><time>2026-05-23T11:24:32.900Z</time></trkpt>
<trkpt lat="54.392830" lon="18.814423"><time>2026-05-23T11:24:34.900Z</time></trkpt>
<trkpt lat="54.392818" lon="18.814391"><time>2026-05-23T11:24:36.900Z</time></trkpt>
<trkpt lat="54.392800" lon="18.814348"><time>2026-05-23T11:24:38.900Z</time></trkpt>
<trkpt lat="54.392766" lon="18.814283"><time>2026-05-23T11:24:40.900Z</time></trkpt>
<trkpt lat="54.392735" lon="18.814221"><time>2026-05-23T11:24:42.900Z</time></trkpt>
<trkpt lat="54.392705" lon="18.814164"><time>2026-05-23T11:24:44.900Z</time></trkpt>
<trkpt lat="54.392679" lon="18.814123"><time>2026-05-23T11:24:46.900Z</time></trkpt>
<trkpt lat="54.392657" lon="18.814074"><time>2026-05-23T11:24:48.900Z</time></trkpt>
<trkpt lat="54.392639" lon="18.814038"><time>2026-05-23T11:24:50.900Z</time></trkpt>
<trkpt lat="54.392619" lon="18.813991"><time>2026-05-23T11:24:52.900Z</time></trkpt>
<trkpt lat="54.392600" lon="18.813943"><time>2026-05-23T11:24:54.900Z</time></trkpt>
<trkpt lat="54.392582" lon="18.813898"><time>2026-05-23T11:24:56.900Z</time></trkpt>
<trkpt lat="54.392562" lon="18.813854"><time>2026-05-23T11:24:58.900Z</time></trkpt>
<trkpt lat="54.392541" lon="18.813805"><time>2026-05-23T11:25:00.900Z</time></trkpt>
<trkpt lat="54.392522" lon="18.813765"><time>2026-05-23T11:25:02.900Z</time></trkpt>
<trkpt lat="54.392499" lon="18.813721"><time>2026-05-23T11:25:04.900Z</time></trkpt>
<trkpt lat="54.392478" lon="18.813674"><time>2026-05-23T11:25:06.900Z</time></trkpt>
<trkpt lat="54.392472" lon="18.813652"><time>2026-05-23T11:25:08.000Z</time></trkpt>
<trkpt lat="54.392452" lon="18.813596"><time>2026-05-23T11:25:10.000Z</time></trkpt>
<trkpt lat="54.392432" lon="18.813547"><time>2026-05-23T11:25:12.000Z</time></trkpt>
<trkpt lat="54.392413" lon="18.813501"><time>2026-05-23T11:25:14.000Z</time></trkpt>
<trkpt lat="54.392390" lon="18.813456"><time>2026-05-23T11:25:16.000Z</time></trkpt>
<trkpt lat="54.392368" lon="18.813410"><time>2026-05-23T11:25:18.000Z</time></trkpt>
<trkpt lat="54.392343" lon="18.813359"><time>2026-05-23T11:25:20.000Z</time></trkpt>
<trkpt lat="54.392322" lon="18.813309"><time>2026-05-23T11:25:22.000Z</time></trkpt>
<trkpt lat="54.392305" lon="18.813264"><time>2026-05-23T11:25:24.000Z</time></trkpt>
<trkpt lat="54.392288" lon="18.813216"><time>2026-05-23T11:25:26.000Z</time></trkpt>
<trkpt lat="54.392250" lon="18.813148"><time>2026-05-23T11:25:28.900Z</time></trkpt>
<trkpt lat="54.392229" lon="18.813112"><time>2026-05-23T11:25:30.900Z</time></trkpt>
<trkpt lat="54.392212" lon="18.813087"><time>2026-05-23T11:25:32.900Z</time></trkpt>
<trkpt lat="54.392191" lon="18.813028"><time>2026-05-23T11:25:34.900Z</time></trkpt>
<trkpt lat="54.392173" lon="18.812969"><time>2026-05-23T11:25:36.900Z</time></trkpt>
<trkpt lat="54.392155" lon="18.812918"><time>2026-05-23T11:25:38.900Z</time></trkpt>
<trkpt lat="54.392133" lon="18.812870"><time>2026-05-23T11:25:40.900Z</time></trkpt>
<trkpt lat="54.392111" lon="18.812835"><time>2026-05-23T11:25:42.900Z</time></trkpt>
<trkpt lat="54.392091" lon="18.812794"><time>2026-05-23T11:25:44.900Z</time></trkpt>
<trkpt lat="54.392071" lon="18.812746"><time>2026-05-23T11:25:46.900Z</time></trkpt>
<trkpt lat="54.392049" lon="18.812700"><time>2026-05-23T11:25:48.900Z</time></trkpt>
<trkpt lat="54.392028" lon="18.812653"><time>2026-05-23T11:25:50.900Z</time></trkpt>
<trkpt lat="54.392008" lon="18.812606"><time>2026-05-23T11:25:52.900Z</time></trkpt>
<trkpt lat="54.391995" lon="18.812568"><time>2026-05-23T11:25:54.900Z</time></trkpt>
<trkpt lat="54.391974" lon="18.812528"><time>2026-05-23T11:25:56.900Z</time></trkpt>
<trkpt lat="54.391951" lon="18.812480"><time>2026-05-23T11:25:58.900Z</time></trkpt>
<trkpt lat="54.391928" lon="18.812434"><time>2026-05-23T11:26:00.900Z</time></trkpt>
<trkpt lat="54.391902" lon="18.812384"><time>2026-05-23T11:26:02.900Z</time></trkpt>
<trkpt lat="54.391879" lon="18.812338"><time>2026-05-23T11:26:04.900Z</time></trkpt>
<trkpt lat="54.391858" lon="18.812293"><time>2026-05-23T11:26:06.900Z</time></trkpt>
<trkpt lat="54.391843" lon="18.812246"><time>2026-05-23T11:26:08.900Z</time></trkpt>
<trkpt lat="54.391822" lon="18.812191"><time>2026-05-23T11:26:10.900Z</time></trkpt>
<trkpt lat="54.391802" lon="18.812138"><time>2026-05-23T11:26:12.900Z</time></trkpt>
<trkpt lat="54.391786" lon="18.812111"><time>2026-05-23T11:26:14.900Z</time></trkpt>
<trkpt lat="54.391769" lon="18.812072"><time>2026-05-23T11:26:16.900Z</time></trkpt>
<trkpt lat="54.391745" lon="18.812021"><time>2026-05-23T11:26:18.900Z</time></trkpt>
<trkpt lat="54.391721" lon="18.811976"><time>2026-05-23T11:26:20.900Z</time></trkpt>
<trkpt lat="54.391698" lon="18.811929"><time>2026-05-23T11:26:22.900Z</time></trkpt>
<trkpt lat="54.391670" lon="18.811876"><time>2026-05-23T11:26:24.900Z</time></trkpt>
<trkpt lat="54.391644" lon="18.811831"><time>2026-05-23T11:26:26.900Z</time></trkpt>
<trkpt lat="54.391624" lon="18.811787"><time>2026-05-23T11:26:28.900Z</time></trkpt>
<trkpt lat="54.391602" lon="18.811745"><time>2026-05-23T11:26:30.900Z</time></trkpt>
<trkpt lat="54.391577" lon="18.811702"><time>2026-05-23T11:26:32.900Z</time></trkpt>
<trkpt lat="54.391554" lon="18.811660"><time>2026-05-23T11:26:34.900Z</time></trkpt>
<trkpt lat="54.391533" lon="18.811626"><time>2026-05-23T11:26:36.900Z</time></trkpt>
<trkpt lat="54.391509" lon="18.811591"><time>2026-05-23T11:26:38.900Z</time></trkpt>
<trkpt lat="54.391490" lon="18.811548"><time>2026-05-23T11:26:40.900Z</time></trkpt>
<trkpt lat="54.391471" lon="18.811499"><time>2026-05-23T11:26:42.900Z</time></trkpt>
<trkpt lat="54.391451" lon="18.811463"><time>2026-05-23T11:26:44.900Z</time></trkpt>
<trkpt lat="54.391429" lon="18.811406"><time>2026-05-23T11:26:46.900Z</time></trkpt>
<trkpt lat="54.391411" lon="18.811367"><time>2026-05-23T11:26:48.900Z</time></trkpt>
<trkpt lat="54.391400" lon="18.811326"><time>2026-05-23T11:26:50.900Z</time></trkpt>
<trkpt lat="54.391386" lon="18.811282"><time>2026-05-23T11:26:52.900Z</time></trkpt>
<trkpt lat="54.391368" lon="18.811240"><time>2026-05-23T11:26:54.900Z</time></trkpt>
<trkpt lat="54.391345" lon="18.811194"><time>2026-05-23T11:26:56.900Z</time></trkpt>
<trkpt lat="54.391324" lon="18.811150"><time>2026-05-23T11:26:58.900Z</time></trkpt>
<trkpt lat="54.391304" lon="18.811109"><time>2026-05-23T11:27:00.900Z</time></trkpt>
<trkpt lat="54.391279" lon="18.811075"><time>2026-05-23T11:27:02.900Z</time></trkpt>
<trkpt lat="54.391250" lon="18.811030"><time>2026-05-23T11:27:04.900Z</time></trkpt>
<trkpt lat="54.391218" lon="18.810985"><time>2026-05-23T11:27:06.900Z</time></trkpt>
<trkpt lat="54.391185" lon="18.810946"><time>2026-05-23T11:27:08.900Z</time></trkpt>
<trkpt lat="54.391158" lon="18.810903"><time>2026-05-23T11:27:10.900Z</time></trkpt>
<trkpt lat="54.391136" lon="18.810859"><time>2026-05-23T11:27:12.900Z</time></trkpt>
<trkpt lat="54.391111" lon="18.810817"><time>2026-05-23T11:27:14.900Z</time></trkpt>
<trkpt lat="54.391088" lon="18.810767"><time>2026-05-23T11:27:16.900Z</time></trkpt>
<trkpt lat="54.391065" lon="18.810713"><time>2026-05-23T11:27:18.900Z</time></trkpt>
<trkpt lat="54.391048" lon="18.810675"><time>2026-05-23T11:27:20.900Z</time></trkpt>
<trkpt lat="54.391033" lon="18.810637"><time>2026-05-23T11:27:22.900Z</time></trkpt>
<trkpt lat="54.391015" lon="18.810596"><time>2026-05-23T11:27:24.900Z</time></trkpt>
<trkpt lat="54.390994" lon="18.810557"><time>2026-05-23T11:27:26.900Z</time></trkpt>
<trkpt lat="54.390973" lon="18.810505"><time>2026-05-23T11:27:28.900Z</time></trkpt>
<trkpt lat="54.390952" lon="18.810456"><time>2026-05-23T11:27:30.900Z</time></trkpt>
<trkpt lat="54.390930" lon="18.810410"><time>2026-05-23T11:27:32.900Z</time></trkpt>
<trkpt lat="54.390909" lon="18.810363"><time>2026-05-23T11:27:34.900Z</time></trkpt>
<trkpt lat="54.390889" lon="18.810316"><time>2026-05-23T11:27:36.900Z</time></trkpt>
<trkpt lat="54.390870" lon="18.810269"><time>2026-05-23T11:27:38.900Z</time></trkpt>
<trkpt lat="54.390849" lon="18.810220"><time>2026-05-23T11:27:40.900Z</time></trkpt>
<trkpt lat="54.390830" lon="18.810169"><time>2026-05-23T11:27:42.900Z</time></trkpt>
<trkpt lat="54.390809" lon="18.810118"><time>2026-05-23T11:27:44.900Z</time></trkpt>
<trkpt lat="54.390788" lon="18.810066"><time>2026-05-23T11:27:46.900Z</time></trkpt>
<trkpt lat="54.390767" lon="18.810014"><time>2026-05-23T11:27:48.900Z</time></trkpt>
<trkpt lat="54.390751" lon="18.809966"><time>2026-05-23T11:27:50.900Z</time></trkpt>
<trkpt lat="54.390730" lon="18.809915"><time>2026-05-23T11:27:52.900Z</time></trkpt>
<trkpt lat="54.390707" lon="18.809868"><time>2026-05-23T11:27:54.900Z</time></trkpt>
<trkpt lat="54.390686" lon="18.809816"><time>2026-05-23T11:27:56.900Z</time></trkpt>
<trkpt lat="54.390663" lon="18.809762"><time>2026-05-23T11:27:58.900Z</time></trkpt>
<trkpt lat="54.390641" lon="18.809706"><time>2026-05-23T11:28:00.900Z</time></trkpt>
<trkpt lat="54.390618" lon="18.809647"><time>2026-05-23T11:28:02.900Z</time></trkpt>
<trkpt lat="54.390600" lon="18.809592"><time>2026-05-23T11:28:04.900Z</time></trkpt>
<trkpt lat="54.390583" lon="18.809528"><time>2026-05-23T11:28:06.900Z</time></trkpt>
<trkpt lat="54.390561" lon="18.809472"><time>2026-05-23T11:28:08.900Z</time></trkpt>
<trkpt lat="54.390538" lon="18.809421"><time>2026-05-23T11:28:10.900Z</time></trkpt>
<trkpt lat="54.390513" lon="18.809377"><time>2026-05-23T11:28:12.900Z</time></trkpt>
<trkpt lat="54.390486" lon="18.809328"><time>2026-05-23T11:28:14.900Z</time></trkpt>
<trkpt lat="54.390461" lon="18.809272"><time>2026-05-23T11:28:16.900Z</time></trkpt>
<trkpt lat="54.390435" lon="18.809228"><time>2026-05-23T11:28:18.900Z</time></trkpt>
<trkpt lat="54.390416" lon="18.809176"><time>2026-05-23T11:28:20.900Z</time></trkpt>
<trkpt lat="54.390396" lon="18.809143"><time>2026-05-23T11:28:22.900Z</time></trkpt>
<trkpt lat="54.390378" lon="18.809105"><time>2026-05-23T11:28:24.900Z</time></trkpt>
<trkpt lat="54.390361" lon="18.809071"><time>2026-05-23T11:28:26.900Z</time></trkpt>
<trkpt lat="54.390340" lon="18.809030"><time>2026-05-23T11:28:28.900Z</time></trkpt>
<trkpt lat="54.390318" lon="18.808993"><time>2026-05-23T11:28:30.900Z</time></trkpt>
<trkpt lat="54.390297" lon="18.808951"><time>2026-05-23T11:28:32.900Z</time></trkpt>
<trkpt lat="54.390276" lon="18.808897"><time>2026-05-23T11:28:34.900Z</time></trkpt>
<trkpt lat="54.390252" lon="18.808848"><time>2026-05-23T11:28:36.900Z</time></trkpt>
<trkpt lat="54.390232" lon="18.808803"><time>2026-05-23T11:28:38.900Z</time></trkpt>
<trkpt lat="54.390207" lon="18.808754"><time>2026-05-23T11:28:40.900Z</time></trkpt>
<trkpt lat="54.390182" lon="18.808701"><time>2026-05-23T11:28:42.900Z</time></trkpt>
<trkpt lat="54.390159" lon="18.808654"><time>2026-05-23T11:28:44.900Z</time></trkpt>
<trkpt lat="54.390132" lon="18.808609"><time>2026-05-23T11:28:46.900Z</time></trkpt>
<trkpt lat="54.390108" lon="18.808563"><time>2026-05-23T11:28:48.900Z</time></trkpt>
<trkpt lat="54.390086" lon="18.808516"><time>2026-05-23T11:28:50.900Z</time></trkpt>
<trkpt lat="54.390063" lon="18.808466"><time>2026-05-23T11:28:52.900Z</time></trkpt>
<trkpt lat="54.390037" lon="18.808418"><time>2026-05-23T11:28:54.900Z</time></trkpt>
<trkpt lat="54.390012" lon="18.808371"><time>2026-05-23T11:28:56.900Z</time></trkpt>
<trkpt lat="54.389987" lon="18.808324"><time>2026-05-23T11:28:58.900Z</time></trkpt>
<trkpt lat="54.389965" lon="18.808277"><time>2026-05-23T11:29:00.900Z</time></trkpt>
<trkpt lat="54.389945" lon="18.808225"><time>2026-05-23T11:29:02.900Z</time></trkpt>
<trkpt lat="54.389927" lon="18.808171"><time>2026-05-23T11:29:04.900Z</time></trkpt>
<trkpt lat="54.389909" lon="18.808120"><time>2026-05-23T11:29:06.900Z</time></trkpt>
<trkpt lat="54.389885" lon="18.808071"><time>2026-05-23T11:29:08.900Z</time></trkpt>
<trkpt lat="54.389861" lon="18.808019"><time>2026-05-23T11:29:10.900Z</time></trkpt>
<trkpt lat="54.389841" lon="18.807971"><time>2026-05-23T11:29:12.900Z</time></trkpt>
<trkpt lat="54.389819" lon="18.807924"><time>2026-05-23T11:29:14.900Z</time></trkpt>
<trkpt lat="54.389793" lon="18.807868"><time>2026-05-23T11:29:16.900Z</time></trkpt>
<trkpt lat="54.389763" lon="18.807806"><time>2026-05-23T11:29:18.900Z</time></trkpt>
<trkpt lat="54.389743" lon="18.807724"><time>2026-05-23T11:29:20.900Z</time></trkpt>
<trkpt lat="54.389729" lon="18.807678"><time>2026-05-23T11:29:22.900Z</time></trkpt>
<trkpt lat="54.389705" lon="18.807628"><time>2026-05-23T11:29:24.900Z</time></trkpt>
<trkpt lat="54.389681" lon="18.807573"><time>2026-05-23T11:29:26.900Z</time></trkpt>
<trkpt lat="54.389656" lon="18.807524"><time>2026-05-23T11:29:28.900Z</time></trkpt>
<trkpt lat="54.389632" lon="18.807476"><time>2026-05-23T11:29:30.900Z</time></trkpt>
<trkpt lat="54.389615" lon="18.807434"><time>2026-05-23T11:29:32.900Z</time></trkpt>
<trkpt lat="54.389593" lon="18.807399"><time>2026-05-23T11:29:34.900Z</time></trkpt>
<trkpt lat="54.389569" lon="18.807353"><time>2026-05-23T11:29:36.900Z</time></trkpt>
<trkpt lat="54.389545" lon="18.807307"><time>2026-05-23T11:29:38.900Z</time></trkpt>
<trkpt lat="54.389521" lon="18.807264"><time>2026-05-23T11:29:40.900Z</time></trkpt>
<trkpt lat="54.389497" lon="18.807217"><time>2026-05-23T11:29:42.900Z</time></trkpt>
<trkpt lat="54.389472" lon="18.807172"><time>2026-05-23T11:29:44.900Z</time></trkpt>
<trkpt lat="54.389449" lon="18.807128"><time>2026-05-23T11:29:46.900Z</time></trkpt>
<trkpt lat="54.389426" lon="18.807086"><time>2026-05-23T11:29:48.900Z</time></trkpt>
<trkpt lat="54.389405" lon="18.807044"><time>2026-05-23T11:29:50.900Z</time></trkpt>
<trkpt lat="54.389382" lon="18.806993"><time>2026-05-23T11:29:52.900Z</time></trkpt>
<trkpt lat="54.389355" lon="18.806946"><time>2026-05-23T11:29:54.900Z</time></trkpt>
<trkpt lat="54.389328" lon="18.806893"><time>2026-05-23T11:29:56.900Z</time></trkpt>
<trkpt lat="54.389303" lon="18.806835"><time>2026-05-23T11:29:58.900Z</time></trkpt>
<trkpt lat="54.389276" lon="18.806782"><time>2026-05-23T11:30:00.900Z</time></trkpt>
<trkpt lat="54.389250" lon="18.806737"><time>2026-05-23T11:30:02.900Z</time></trkpt>
<trkpt lat="54.389227" lon="18.806689"><time>2026-05-23T11:30:04.900Z</time></trkpt>
<trkpt lat="54.389205" lon="18.806640"><time>2026-05-23T11:30:06.900Z</time></trkpt>
<trkpt lat="54.389185" lon="18.806586"><time>2026-05-23T11:30:08.900Z</time></trkpt>
<trkpt lat="54.389162" lon="18.806531"><time>2026-05-23T11:30:10.900Z</time></trkpt>
<trkpt lat="54.389139" lon="18.806478"><time>2026-05-23T11:30:12.900Z</time></trkpt>
<trkpt lat="54.389115" lon="18.806431"><time>2026-05-23T11:30:14.900Z</time></trkpt>
<trkpt lat="54.389092" lon="18.806382"><time>2026-05-23T11:30:16.900Z</time></trkpt>
<trkpt lat="54.389070" lon="18.806329"><time>2026-05-23T11:30:18.900Z</time></trkpt>
<trkpt lat="54.389045" lon="18.806276"><time>2026-05-23T11:30:20.900Z</time></trkpt>
<trkpt lat="54.389022" lon="18.806223"><time>2026-05-23T11:30:22.900Z</time></trkpt>
<trkpt lat="54.388999" lon="18.806170"><time>2026-05-23T11:30:24.900Z</time></trkpt>
<trkpt lat="54.388978" lon="18.806119"><time>2026-05-23T11:30:26.900Z</time></trkpt>
<trkpt lat="54.388953" lon="18.806073"><time>2026-05-23T11:30:28.900Z</time></trkpt>
<trkpt lat="54.388928" lon="18.806020"><time>2026-05-23T11:30:30.900Z</time></trkpt>
<trkpt lat="54.388902" lon="18.805968"><time>2026-05-23T11:30:32.900Z</time></trkpt>
<trkpt lat="54.388881" lon="18.805913"><time>2026-05-23T11:30:34.900Z</time></trkpt>
<trkpt lat="54.388862" lon="18.805859"><time>2026-05-23T11:30:36.900Z</time></trkpt>
<trkpt lat="54.388846" lon="18.805810"><time>2026-05-23T11:30:38.900Z</time></trkpt>
<trkpt lat="54.388824" lon="18.805758"><time>2026-05-23T11:30:40.900Z</time></trkpt>
<trkpt lat="54.388802" lon="18.805700"><time>2026-05-23T11:30:42.900Z</time></trkpt>
<trkpt lat="54.388779" lon="18.805640"><time>2026-05-23T11:30:44.900Z</time></trkpt>
<trkpt lat="54.388756" lon="18.805578"><time>2026-05-23T11:30:46.900Z</time></trkpt>
<trkpt lat="54.388732" lon="18.805517"><time>2026-05-23T11:30:48.900Z</time></trkpt>
<trkpt lat="54.388705" lon="18.805459"><time>2026-05-23T11:30:50.900Z</time></trkpt>
<trkpt lat="54.388679" lon="18.805402"><time>2026-05-23T11:30:52.900Z</time></trkpt>
<trkpt lat="54.388652" lon="18.805341"><time>2026-05-23T11:30:54.900Z</time></trkpt>
<trkpt lat="54.388625" lon="18.805279"><time>2026-05-23T11:30:56.900Z</time></trkpt>
<trkpt lat="54.388595" lon="18.805222"><time>2026-05-23T11:30:58.900Z</time></trkpt>
<trkpt lat="54.388564" lon="18.805166"><time>2026-05-23T11:31:00.900Z</time></trkpt>
<trkpt lat="54.388535" lon="18.805111"><time>2026-05-23T11:31:02.900Z</time></trkpt>
<trkpt lat="54.388506" lon="18.805053"><time>2026-05-23T11:31:04.900Z</time></trkpt>
<trkpt lat="54.388478" lon="18.804993"><time>2026-05-23T11:31:06.900Z</time></trkpt>
<trkpt lat="54.388449" lon="18.804934"><time>2026-05-23T11:31:08.900Z</time></trkpt>
<trkpt lat="54.388420" lon="18.804874"><time>2026-05-23T11:31:10.900Z</time></trkpt>
<trkpt lat="54.388391" lon="18.804815"><time>2026-05-23T11:31:12.900Z</time></trkpt>
<trkpt lat="54.388362" lon="18.804755"><time>2026-05-23T11:31:14.900Z</time></trkpt>
<trkpt lat="54.388334" lon="18.804697"><time>2026-05-23T11:31:16.900Z</time></trkpt>
<trkpt lat="54.388306" lon="18.804641"><time>2026-05-23T11:31:18.900Z</time></trkpt>
<trkpt lat="54.388278" lon="18.804583"><time>2026-05-23T11:31:20.900Z</time></trkpt>
<trkpt lat="54.388250" lon="18.804522"><time>2026-05-23T11:31:22.900Z</time></trkpt>
<trkpt lat="54.388221" lon="18.804462"><time>2026-05-23T11:31:24.900Z</time></trkpt>
<trkpt lat="54.388191" lon="18.804403"><time>2026-05-23T11:31:26.900Z</time></trkpt>
<trkpt lat="54.388162" lon="18.804343"><time>2026-05-23T11:31:28.900Z</time></trkpt>
<trkpt lat="54.388133" lon="18.804275"><time>2026-05-23T11:31:30.900Z</time></trkpt>
<trkpt lat="54.388108" lon="18.804204"><time>2026-05-23T11:31:32.900Z</time></trkpt>
<trkpt lat="54.388075" lon="18.804139"><time>2026-05-23T11:31:34.900Z</time></trkpt>
<trkpt lat="54.388042" lon="18.804085"><time>2026-05-23T11:31:36.900Z</time></trkpt>
<trkpt lat="54.388010" lon="18.804023"><time>2026-05-23T11:31:38.900Z</time></trkpt>
<trkpt lat="54.387980" lon="18.803964"><time>2026-05-23T11:31:40.900Z</time></trkpt>
<trkpt lat="54.387953" lon="18.803894"><time>2026-05-23T11:31:42.900Z</time></trkpt>
<trkpt lat="54.387921" lon="18.803823"><time>2026-05-23T11:31:44.900Z</time></trkpt>
<trkpt lat="54.387889" lon="18.803759"><time>2026-05-23T11:31:46.900Z</time></trkpt>
<trkpt lat="54.387854" lon="18.803696"><time>2026-05-23T11:31:48.900Z</time></trkpt>
<trkpt lat="54.387817" lon="18.803638"><time>2026-05-23T11:31:50.900Z</time></trkpt>
<trkpt lat="54.387784" lon="18.803576"><time>2026-05-23T11:31:52.900Z</time></trkpt>
<trkpt lat="54.387750" lon="18.803515"><time>2026-05-23T11:31:54.900Z</time></trkpt>
<trkpt lat="54.387718" lon="18.803454"><time>2026-05-23T11:31:56.900Z</time></trkpt>
<trkpt lat="54.387685" lon="18.803390"><time>2026-05-23T11:31:58.900Z</time></trkpt>
<trkpt lat="54.387652" lon="18.803326"><time>2026-05-23T11:32:00.900Z</time></trkpt>
<trkpt lat="54.387622" lon="18.803261"><time>2026-05-23T11:32:02.900Z</time></trkpt>
<trkpt lat="54.387591" lon="18.803197"><time>2026-05-23T11:32:04.900Z</time></trkpt>
<trkpt lat="54.387555" lon="18.803138"><time>2026-05-23T11:32:06.900Z</time></trkpt>
<trkpt lat="54.387518" lon="18.803078"><time>2026-05-23T11:32:08.900Z</time></trkpt>
<trkpt lat="54.387488" lon="18.803013"><time>2026-05-23T11:32:10.900Z</time></trkpt>
<trkpt lat="54.387456" lon="18.802947"><time>2026-05-23T11:32:12.900Z</time></trkpt>
<trkpt lat="54.387420" lon="18.802883"><time>2026-05-23T11:32:14.900Z</time></trkpt>
<trkpt lat="54.387383" lon="18.802828"><time>2026-05-23T11:32:16.900Z</time></trkpt>
<trkpt lat="54.387348" lon="18.802774"><time>2026-05-23T11:32:18.900Z</time></trkpt>
<trkpt lat="54.387315" lon="18.802715"><time>2026-05-23T11:32:20.900Z</time></trkpt>
<trkpt lat="54.387284" lon="18.802649"><time>2026-05-23T11:32:22.900Z</time></trkpt>
<trkpt lat="54.387257" lon="18.802588"><time>2026-05-23T11:32:24.900Z</time></trkpt>
<trkpt lat="54.387224" lon="18.802523"><time>2026-05-23T11:32:26.900Z</time></trkpt>
<trkpt lat="54.387189" lon="18.802476"><time>2026-05-23T11:32:28.900Z</time></trkpt>
<trkpt lat="54.387146" lon="18.802420"><time>2026-05-23T11:32:30.900Z</time></trkpt>
<trkpt lat="54.387111" lon="18.802360"><time>2026-05-23T11:32:32.900Z</time></trkpt>
<trkpt lat="54.387078" lon="18.802302"><time>2026-05-23T11:32:34.900Z</time></trkpt>
<trkpt lat="54.387041" lon="18.802236"><time>2026-05-23T11:32:36.900Z</time></trkpt>
<trkpt lat="54.387005" lon="18.802172"><time>2026-05-23T11:32:38.900Z</time></trkpt>
<trkpt lat="54.386972" lon="18.802115"><time>2026-05-23T11:32:40.900Z</time></trkpt>
<trkpt lat="54.386935" lon="18.802057"><time>2026-05-23T11:32:42.900Z</time></trkpt>
<trkpt lat="54.386897" lon="18.802005"><time>2026-05-23T11:32:44.900Z</time></trkpt>
<trkpt lat="54.386867" lon="18.801944"><time>2026-05-23T11:32:46.900Z</time></trkpt>
<trkpt lat="54.386836" lon="18.801884"><time>2026-05-23T11:32:48.900Z</time></trkpt>
<trkpt lat="54.386803" lon="18.801823"><time>2026-05-23T11:32:50.900Z</time></trkpt>
<trkpt lat="54.386767" lon="18.801768"><time>2026-05-23T11:32:52.900Z</time></trkpt>
<trkpt lat="54.386732" lon="18.801710"><time>2026-05-23T11:32:54.900Z</time></trkpt>
<trkpt lat="54.386696" lon="18.801654"><time>2026-05-23T11:32:56.900Z</time></trkpt>
<trkpt lat="54.386663" lon="18.801589"><time>2026-05-23T11:32:58.900Z</time></trkpt>
<trkpt lat="54.386633" lon="18.801522"><time>2026-05-23T11:33:00.900Z</time></trkpt>
<trkpt lat="54.386596" lon="18.801463"><time>2026-05-23T11:33:02.900Z</time></trkpt>
<trkpt lat="54.386562" lon="18.801407"><time>2026-05-23T11:33:04.900Z</time></trkpt>
<trkpt lat="54.386535" lon="18.801360"><time>2026-05-23T11:33:06.900Z</time></trkpt>
<trkpt lat="54.386504" lon="18.801306"><time>2026-05-23T11:33:08.900Z</time></trkpt>
<trkpt lat="54.386474" lon="18.801239"><time>2026-05-23T11:33:10.900Z</time></trkpt>
<trkpt lat="54.386442" lon="18.801179"><time>2026-05-23T11:33:12.900Z</time></trkpt>
<trkpt lat="54.386410" lon="18.801119"><time>2026-05-23T11:33:14.900Z</time></trkpt>
<trkpt lat="54.386378" lon="18.801067"><time>2026-05-23T11:33:16.900Z</time></trkpt>
<trkpt lat="54.386345" lon="18.801009"><time>2026-05-23T11:33:18.900Z</time></trkpt>
<trkpt lat="54.386313" lon="18.800947"><time>2026-05-23T11:33:20.900Z</time></trkpt>
<trkpt lat="54.386284" lon="18.800893"><time>2026-05-23T11:33:22.900Z</time></trkpt>
<trkpt lat="54.386255" lon="18.800835"><time>2026-05-23T11:33:24.900Z</time></trkpt>
<trkpt lat="54.386223" lon="18.800777"><time>2026-05-23T11:33:26.900Z</time></trkpt>
<trkpt lat="54.386190" lon="18.800720"><time>2026-05-23T11:33:28.900Z</time></trkpt>
<trkpt lat="54.386158" lon="18.800661"><time>2026-05-23T11:33:30.900Z</time></trkpt>
<trkpt lat="54.386125" lon="18.800608"><time>2026-05-23T11:33:32.900Z</time></trkpt>
<trkpt lat="54.386091" lon="18.800553"><time>2026-05-23T11:33:34.900Z</time></trkpt>
<trkpt lat="54.386060" lon="18.800492"><time>2026-05-23T11:33:36.900Z</time></trkpt>
<trkpt lat="54.386027" lon="18.800430"><time>2026-05-23T11:33:38.900Z</time></trkpt>
<trkpt lat="54.385993" lon="18.800373"><time>2026-05-23T11:33:40.900Z</time></trkpt>
<trkpt lat="54.385958" lon="18.800318"><time>2026-05-23T11:33:42.900Z</time></trkpt>
<trkpt lat="54.385925" lon="18.800261"><time>2026-05-23T11:33:44.900Z</time></trkpt>
<trkpt lat="54.385893" lon="18.800199"><time>2026-05-23T11:33:46.900Z</time></trkpt>
<trkpt lat="54.385861" lon="18.800138"><time>2026-05-23T11:33:48.900Z</time></trkpt>
<trkpt lat="54.385828" lon="18.800068"><time>2026-05-23T11:33:50.900Z</time></trkpt>
<trkpt lat="54.385794" lon="18.800015"><time>2026-05-23T11:33:52.900Z</time></trkpt>
<trkpt lat="54.385761" lon="18.799962"><time>2026-05-23T11:33:54.900Z</time></trkpt>
<trkpt lat="54.385729" lon="18.799900"><time>2026-05-23T11:33:56.900Z</time></trkpt>
<trkpt lat="54.385699" lon="18.799830"><time>2026-05-23T11:33:58.900Z</time></trkpt>
<trkpt lat="54.385669" lon="18.799759"><time>2026-05-23T11:34:00.900Z</time></trkpt>
<trkpt lat="54.385634" lon="18.799693"><time>2026-05-23T11:34:02.900Z</time></trkpt>
<trkpt lat="54.385596" lon="18.799638"><time>2026-05-23T11:34:04.900Z</time></trkpt>
<trkpt lat="54.385562" lon="18.799578"><time>2026-05-23T11:34:06.900Z</time></trkpt>
<trkpt lat="54.385530" lon="18.799516"><time>2026-05-23T11:34:08.900Z</time></trkpt>
<trkpt lat="54.385502" lon="18.799449"><time>2026-05-23T11:34:10.900Z</time></trkpt>
<trkpt lat="54.385473" lon="18.799381"><time>2026-05-23T11:34:12.900Z</time></trkpt>
<trkpt lat="54.385440" lon="18.799318"><time>2026-05-23T11:34:14.900Z</time></trkpt>
<trkpt lat="54.385406" lon="18.799263"><time>2026-05-23T11:34:16.900Z</time></trkpt>
<trkpt lat="54.385370" lon="18.799199"><time>2026-05-23T11:34:18.900Z</time></trkpt>
<trkpt lat="54.385337" lon="18.799136"><time>2026-05-23T11:34:20.900Z</time></trkpt>
<trkpt lat="54.385307" lon="18.799078"><time>2026-05-23T11:34:22.900Z</time></trkpt>
<trkpt lat="54.385278" lon="18.799009"><time>2026-05-23T11:34:24.900Z</time></trkpt>
<trkpt lat="54.385242" lon="18.798944"><time>2026-05-23T11:34:26.900Z</time></trkpt>
<trkpt lat="54.385211" lon="18.798881"><time>2026-05-23T11:34:28.900Z</time></trkpt>
<trkpt lat="54.385178" lon="18.798815"><time>2026-05-23T11:34:30.900Z</time></trkpt>
<trkpt lat="54.385151" lon="18.798747"><time>2026-05-23T11:34:32.900Z</time></trkpt>
<trkpt lat="54.385120" lon="18.798680"><time>2026-05-23T11:34:34.900Z</time></trkpt>
<trkpt lat="54.385090" lon="18.798610"><time>2026-05-23T11:34:36.900Z</time></trkpt>
<trkpt lat="54.385056" lon="18.798545"><time>2026-05-23T11:34:38.900Z</time></trkpt>
<trkpt lat="54.385022" lon="18.798478"><time>2026-05-23T11:34:40.900Z</time></trkpt>
<trkpt lat="54.384992" lon="18.798412"><time>2026-05-23T11:34:42.900Z</time></trkpt>
<trkpt lat="54.384962" lon="18.798341"><time>2026-05-23T11:34:44.900Z</time></trkpt>
<trkpt lat="54.384930" lon="18.798274"><time>2026-05-23T11:34:46.900Z</time></trkpt>
<trkpt lat="54.384896" lon="18.798214"><time>2026-05-23T11:34:48.900Z</time></trkpt>
<trkpt lat="54.384863" lon="18.798157"><time>2026-05-23T11:34:50.900Z</time></trkpt>
<trkpt lat="54.384830" lon="18.798098"><time>2026-05-23T11:34:52.900Z</time></trkpt>
<trkpt lat="54.384797" lon="18.798035"><time>2026-05-23T11:34:54.900Z</time></trkpt>
<trkpt lat="54.384767" lon="18.797972"><time>2026-05-23T11:34:56.900Z</time></trkpt>
<trkpt lat="54.384739" lon="18.797908"><time>2026-05-23T11:34:58.900Z</time></trkpt>
<trkpt lat="54.384709" lon="18.797845"><time>2026-05-23T11:35:00.900Z</time></trkpt>
<trkpt lat="54.384677" lon="18.797782"><time>2026-05-23T11:35:02.900Z</time></trkpt>
<trkpt lat="54.384646" lon="18.797722"><time>2026-05-23T11:35:04.900Z</time></trkpt>
<trkpt lat="54.384613" lon="18.797671"><time>2026-05-23T11:35:06.900Z</time></trkpt>
<trkpt lat="54.384583" lon="18.797608"><time>2026-05-23T11:35:08.900Z</time></trkpt>
<trkpt lat="54.384553" lon="18.797545"><time>2026-05-23T11:35:10.900Z</time></trkpt>
<trkpt lat="54.384524" lon="18.797482"><time>2026-05-23T11:35:12.900Z</time></trkpt>
<trkpt lat="54.384492" lon="18.797421"><time>2026-05-23T11:35:14.900Z</time></trkpt>
<trkpt lat="54.384460" lon="18.797362"><time>2026-05-23T11:35:16.900Z</time></trkpt>
<trkpt lat="54.384428" lon="18.797305"><time>2026-05-23T11:35:18.900Z</time></trkpt>
<trkpt lat="54.384397" lon="18.797246"><time>2026-05-23T11:35:20.900Z</time></trkpt>
<trkpt lat="54.384368" lon="18.797184"><time>2026-05-23T11:35:22.900Z</time></trkpt>
<trkpt lat="54.384337" lon="18.797118"><time>2026-05-23T11:35:24.900Z</time></trkpt>
<trkpt lat="54.384307" lon="18.797051"><time>2026-05-23T11:35:26.900Z</time></trkpt>
<trkpt lat="54.384273" lon="18.796987"><time>2026-05-23T11:35:28.900Z</time></trkpt>
<trkpt lat="54.384239" lon="18.796926"><time>2026-05-23T11:35:30.900Z</time></trkpt>
<trkpt lat="54.384206" lon="18.796861"><time>2026-05-23T11:35:32.900Z</time></trkpt>
<trkpt lat="54.384174" lon="18.796794"><time>2026-05-23T11:35:34.900Z</time></trkpt>
<trkpt lat="54.384142" lon="18.796731"><time>2026-05-23T11:35:36.900Z</time></trkpt>
<trkpt lat="54.384099" lon="18.796682"><time>2026-05-23T11:35:38.900Z</time></trkpt>
<trkpt lat="54.384059" lon="18.796623"><time>2026-05-23T11:35:40.900Z</time></trkpt>
<trkpt lat="54.384022" lon="18.796554"><time>2026-05-23T11:35:42.900Z</time></trkpt>
<trkpt lat="54.383986" lon="18.796497"><time>2026-05-23T11:35:44.900Z</time></trkpt>
<trkpt lat="54.383946" lon="18.796443"><time>2026-05-23T11:35:46.900Z</time></trkpt>
<trkpt lat="54.383910" lon="18.796386"><time>2026-05-23T11:35:48.900Z</time></trkpt>
<trkpt lat="54.383877" lon="18.796322"><time>2026-05-23T11:35:50.900Z</time></trkpt>
<trkpt lat="54.383849" lon="18.796259"><time>2026-05-23T11:35:52.900Z</time></trkpt>
<trkpt lat="54.383816" lon="18.796196"><time>2026-05-23T11:35:54.900Z</time></trkpt>
<trkpt lat="54.383784" lon="18.796135"><time>2026-05-23T11:35:56.900Z</time></trkpt>
<trkpt lat="54.383751" lon="18.796071"><time>2026-05-23T11:35:58.900Z</time></trkpt>
<trkpt lat="54.383714" lon="18.796011"><time>2026-05-23T11:36:00.900Z</time></trkpt>
<trkpt lat="54.383677" lon="18.795953"><time>2026-05-23T11:36:02.900Z</time></trkpt>
<trkpt lat="54.383641" lon="18.795898"><time>2026-05-23T11:36:04.900Z</time></trkpt>
<trkpt lat="54.383605" lon="18.795834"><time>2026-05-23T11:36:06.900Z</time></trkpt>
<trkpt lat="54.383570" lon="18.795770"><time>2026-05-23T11:36:08.900Z</time></trkpt>
<trkpt lat="54.383539" lon="18.795707"><time>2026-05-23T11:36:10.900Z</time></trkpt>
<trkpt lat="54.383506" lon="18.795642"><time>2026-05-23T11:36:12.900Z</time></trkpt>
<trkpt lat="54.383474" lon="18.795577"><time>2026-05-23T11:36:14.900Z</time></trkpt>
<trkpt lat="54.383444" lon="18.795515"><time>2026-05-23T11:36:16.900Z</time></trkpt>
<trkpt lat="54.383412" lon="18.795448"><time>2026-05-23T11:36:18.900Z</time></trkpt>
<trkpt lat="54.383379" lon="18.795380"><time>2026-05-23T11:36:20.900Z</time></trkpt>
<trkpt lat="54.383348" lon="18.795316"><time>2026-05-23T11:36:22.900Z</time></trkpt>
<trkpt lat="54.383316" lon="18.795249"><time>2026-05-23T11:36:24.900Z</time></trkpt>
<trkpt lat="54.383285" lon="18.795183"><time>2026-05-23T11:36:26.900Z</time></trkpt>
<trkpt lat="54.383253" lon="18.795118"><time>2026-05-23T11:36:28.900Z</time></trkpt>
<trkpt lat="54.383220" lon="18.795051"><time>2026-05-23T11:36:30.900Z</time></trkpt>
<trkpt lat="54.383187" lon="18.794983"><time>2026-05-23T11:36:32.900Z</time></trkpt>
<trkpt lat="54.383153" lon="18.794919"><time>2026-05-23T11:36:34.900Z</time></trkpt>
<trkpt lat="54.383118" lon="18.794859"><time>2026-05-23T11:36:36.900Z</time></trkpt>
<trkpt lat="54.383082" lon="18.794805"><time>2026-05-23T11:36:38.900Z</time></trkpt>
<trkpt lat="54.383051" lon="18.794752"><time>2026-05-23T11:36:40.900Z</time></trkpt>
<trkpt lat="54.383019" lon="18.794690"><time>2026-05-23T11:36:42.900Z</time></trkpt>
<trkpt lat="54.382984" lon="18.794633"><time>2026-05-23T11:36:44.900Z</time></trkpt>
<trkpt lat="54.382951" lon="18.794581"><time>2026-05-23T11:36:46.900Z</time></trkpt>
<trkpt lat="54.382917" lon="18.794530"><time>2026-05-23T11:36:48.900Z</time></trkpt>
<trkpt lat="54.382886" lon="18.794472"><time>2026-05-23T11:36:50.900Z</time></trkpt>
<trkpt lat="54.382852" lon="18.794414"><time>2026-05-23T11:36:52.900Z</time></trkpt>
<trkpt lat="54.382818" lon="18.794358"><time>2026-05-23T11:36:54.900Z</time></trkpt>
<trkpt lat="54.382784" lon="18.794303"><time>2026-05-23T11:36:56.900Z</time></trkpt>
<trkpt lat="54.382749" lon="18.794243"><time>2026-05-23T11:36:58.900Z</time></trkpt>
<trkpt lat="54.382714" lon="18.794186"><time>2026-05-23T11:37:00.900Z</time></trkpt>
<trkpt lat="54.382679" lon="18.794136"><time>2026-05-23T11:37:02.900Z</time></trkpt>
<trkpt lat="54.382643" lon="18.794084"><time>2026-05-23T11:37:04.900Z</time></trkpt>
<trkpt lat="54.382608" lon="18.794029"><time>2026-05-23T11:37:06.900Z</time></trkpt>
<trkpt lat="54.382572" lon="18.793970"><time>2026-05-23T11:37:08.900Z</time></trkpt>
<trkpt lat="54.382535" lon="18.793911"><time>2026-05-23T11:37:10.900Z</time></trkpt>
<trkpt lat="54.382500" lon="18.793850"><time>2026-05-23T11:37:12.900Z</time></trkpt>
<trkpt lat="54.382465" lon="18.793787"><time>2026-05-23T11:37:14.900Z</time></trkpt>
<trkpt lat="54.382428" lon="18.793725"><time>2026-05-23T11:37:16.900Z</time></trkpt>
<trkpt lat="54.382390" lon="18.793663"><time>2026-05-23T11:37:18.900Z</time></trkpt>
<trkpt lat="54.382352" lon="18.793603"><time>2026-05-23T11:37:20.900Z</time></trkpt>
<trkpt lat="54.382315" lon="18.793544"><time>2026-05-23T11:37:22.900Z</time></trkpt>
<trkpt lat="54.382279" lon="18.793482"><time>2026-05-23T11:37:24.900Z</time></trkpt>
<trkpt lat="54.382241" lon="18.793423"><time>2026-05-23T11:37:26.900Z</time></trkpt>
<trkpt lat="54.382202" lon="18.793363"><time>2026-05-23T11:37:28.900Z</time></trkpt>
<trkpt lat="54.382163" lon="18.793301"><time>2026-05-23T11:37:30.900Z</time></trkpt>
<trkpt lat="54.382127" lon="18.793240"><time>2026-05-23T11:37:32.900Z</time></trkpt>
<trkpt lat="54.382090" lon="18.793178"><time>2026-05-23T11:37:34.900Z</time></trkpt>
<trkpt lat="54.382052" lon="18.793123"><time>2026-05-23T11:37:36.900Z</time></trkpt>
<trkpt lat="54.382015" lon="18.793055"><time>2026-05-23T11:37:38.900Z</time></trkpt>
<trkpt lat="54.381977" lon="18.792995"><time>2026-05-23T11:37:40.900Z</time></trkpt>
<trkpt lat="54.381959" lon="18.792964"><time>2026-05-23T11:37:42.000Z</time></trkpt>
<trkpt lat="54.381919" lon="18.792897"><time>2026-05-23T11:37:44.000Z</time></trkpt>
<trkpt lat="54.381881" lon="18.792836"><time>2026-05-23T11:37:46.000Z</time></trkpt>
<trkpt lat="54.381848" lon="18.792784"><time>2026-05-23T11:37:48.000Z</time></trkpt>
<trkpt lat="54.381814" lon="18.792718"><time>2026-05-23T11:37:50.000Z</time></trkpt>
<trkpt lat="54.381781" lon="18.792647"><time>2026-05-23T11:37:52.000Z</time></trkpt>
<trkpt lat="54.381749" lon="18.792575"><time>2026-05-23T11:37:54.000Z</time></trkpt>
<trkpt lat="54.381715" lon="18.792503"><time>2026-05-23T11:37:56.000Z</time></trkpt>
<trkpt lat="54.381677" lon="18.792437"><time>2026-05-23T11:37:58.000Z</time></trkpt>
<trkpt lat="54.381636" lon="18.792374"><time>2026-05-23T11:38:00.000Z</time></trkpt>
<trkpt lat="54.381593" lon="18.792291"><time>2026-05-23T11:38:02.000Z</time></trkpt>
<trkpt lat="54.381562" lon="18.792237"><time>2026-05-23T11:38:04.000Z</time></trkpt>
<trkpt lat="54.381528" lon="18.792183"><time>2026-05-23T11:38:06.000Z</time></trkpt>
<trkpt lat="54.381467" lon="18.792103"><time>2026-05-23T11:38:08.900Z</time></trkpt>
<trkpt lat="54.381425" lon="18.792049"><time>2026-05-23T11:38:10.900Z</time></trkpt>
<trkpt lat="54.381382" lon="18.791996"><time>2026-05-23T11:38:12.900Z</time></trkpt>
<trkpt lat="54.381346" lon="18.791946"><time>2026-05-23T11:38:14.900Z</time></trkpt>
<trkpt lat="54.381306" lon="18.791898"><time>2026-05-23T11:38:16.900Z</time></trkpt>
<trkpt lat="54.381268" lon="18.791850"><time>2026-05-23T11:38:18.900Z</time></trkpt>
<trkpt lat="54.381228" lon="18.791809"><time>2026-05-23T11:38:20.900Z</time></trkpt>
<trkpt lat="54.381185" lon="18.791768"><time>2026-05-23T11:38:22.900Z</time></trkpt>
<trkpt lat="54.381125" lon="18.791738"><time>2026-05-23T11:38:24.900Z</time></trkpt>
<trkpt lat="54.381059" lon="18.791712"><time>2026-05-23T11:38:26.900Z</time></trkpt>
<trkpt lat="54.381007" lon="18.791682"><time>2026-05-23T11:38:28.900Z</time></trkpt>
<trkpt lat="54.380958" lon="18.791657"><time>2026-05-23T11:38:30.900Z</time></trkpt>
<trkpt lat="54.380913" lon="18.791628"><time>2026-05-23T11:38:32.900Z</time></trkpt>
<trkpt lat="54.380865" lon="18.791600"><time>2026-05-23T11:38:34.900Z</time></trkpt>
<trkpt lat="54.380809" lon="18.791566"><time>2026-05-23T11:38:36.900Z</time></trkpt>
<trkpt lat="54.380762" lon="18.791546"><time>2026-05-23T11:38:38.900Z</time></trkpt>
<trkpt lat="54.380721" lon="18.791522"><time>2026-05-23T11:38:40.900Z</time></trkpt>
<trkpt lat="54.380675" lon="18.791493"><time>2026-05-23T11:38:42.900Z</time></trkpt>
<trkpt lat="54.380655" lon="18.791481"><time>2026-05-23T11:38:44.000Z</time></trkpt>
<trkpt lat="54.380612" lon="18.791455"><time>2026-05-23T11:38:46.000Z</time></trkpt>
<trkpt lat="54.380567" lon="18.791433"><time>2026-05-23T11:38:48.000Z</time></trkpt>
<trkpt lat="54.380522" lon="18.791413"><time>2026-05-23T11:38:50.000Z</time></trkpt>
<trkpt lat="54.380478" lon="18.791384"><time>2026-05-23T11:38:52.000Z</time></trkpt>
<trkpt lat="54.380425" lon="18.791365"><time>2026-05-23T11:38:54.000Z</time></trkpt>
<trkpt lat="54.380371" lon="18.791331"><time>2026-05-23T11:38:56.000Z</time></trkpt>
<trkpt lat="54.380320" lon="18.791313"><time>2026-05-23T11:38:58.000Z</time></trkpt>
<trkpt lat="54.380265" lon="18.791303"><time>2026-05-23T11:39:00.000Z</time></trkpt>
<trkpt lat="54.380216" lon="18.791297"><time>2026-05-23T11:39:02.000Z</time></trkpt>
<trkpt lat="54.380179" lon="18.791294"><time>2026-05-23T11:39:04.000Z</time></trkpt>
<trkpt lat="54.380138" lon="18.791286"><time>2026-05-23T11:39:06.000Z</time></trkpt>
<trkpt lat="54.380097" lon="18.791279"><time>2026-05-23T11:39:08.000Z</time></trkpt>
<trkpt lat="54.380056" lon="18.791269"><time>2026-05-23T11:39:10.000Z</time></trkpt>
<trkpt lat="54.379978" lon="18.791241"><time>2026-05-23T11:39:12.900Z</time></trkpt>
<trkpt lat="54.379937" lon="18.791213"><time>2026-05-23T11:39:14.900Z</time></trkpt>
<trkpt lat="54.379896" lon="18.791185"><time>2026-05-23T11:39:16.900Z</time></trkpt>
<trkpt lat="54.379856" lon="18.791157"><time>2026-05-23T11:39:18.900Z</time></trkpt>
<trkpt lat="54.379818" lon="18.791126"><time>2026-05-23T11:39:20.900Z</time></trkpt>
<trkpt lat="54.379785" lon="18.791096"><time>2026-05-23T11:39:22.900Z</time></trkpt>
<trkpt lat="54.379749" lon="18.791066"><time>2026-05-23T11:39:24.900Z</time></trkpt>
<trkpt lat="54.379715" lon="18.791038"><time>2026-05-23T11:39:26.900Z</time></trkpt>
<trkpt lat="54.379680" lon="18.791006"><time>2026-05-23T11:39:28.900Z</time></trkpt>
<trkpt lat="54.379644" lon="18.790980"><time>2026-05-23T11:39:30.900Z</time></trkpt>
<trkpt lat="54.379617" lon="18.790950"><time>2026-05-23T11:39:32.900Z</time></trkpt>
<trkpt lat="54.379582" lon="18.790919"><time>2026-05-23T11:39:34.900Z</time></trkpt>
<trkpt lat="54.379548" lon="18.790893"><time>2026-05-23T11:39:36.900Z</time></trkpt>
<trkpt lat="54.379512" lon="18.790869"><time>2026-05-23T11:39:38.900Z</time></trkpt>
<trkpt lat="54.379483" lon="18.790842"><time>2026-05-23T11:39:40.900Z</time></trkpt>
<trkpt lat="54.379450" lon="18.790807"><time>2026-05-23T11:39:42.900Z</time></trkpt>
<trkpt lat="54.379419" lon="18.790781"><time>2026-05-23T11:39:44.900Z</time></trkpt>
<trkpt lat="54.379391" lon="18.790756"><time>2026-05-23T11:39:46.900Z</time></trkpt>
<trkpt lat="54.379376" lon="18.790746"><time>2026-05-23T11:39:48.000Z</time></trkpt>
<trkpt lat="54.379341" lon="18.790730"><time>2026-05-23T11:39:50.000Z</time></trkpt>
<trkpt lat="54.379311" lon="18.790711"><time>2026-05-23T11:39:52.000Z</time></trkpt>
<trkpt lat="54.379277" lon="18.790691"><time>2026-05-23T11:39:54.000Z</time></trkpt>
<trkpt lat="54.379246" lon="18.790680"><time>2026-05-23T11:39:56.000Z</time></trkpt>
<trkpt lat="54.379194" lon="18.790668"><time>2026-05-23T11:39:58.000Z</time></trkpt>
<trkpt lat="54.379144" lon="18.790660"><time>2026-05-23T11:40:00.000Z</time></trkpt>
<trkpt lat="54.379102" lon="18.790679"><time>2026-05-23T11:40:02.000Z</time></trkpt>
<trkpt lat="54.379054" lon="18.790721"><time>2026-05-23T11:40:04.000Z</time></trkpt>
<trkpt lat="54.379019" lon="18.790765"><time>2026-05-23T11:40:06.000Z</time></trkpt>
<trkpt lat="54.378980" lon="18.790809"><time>2026-05-23T11:40:08.000Z</time></trkpt>
<trkpt lat="54.378958" lon="18.790870"><time>2026-05-23T11:40:10.000Z</time></trkpt>
<trkpt lat="54.378930" lon="18.790931"><time>2026-05-23T11:40:12.000Z</time></trkpt>
<trkpt lat="54.378901" lon="18.791000"><time>2026-05-23T11:40:14.000Z</time></trkpt>
<trkpt lat="54.378875" lon="18.791080"><time>2026-05-23T11:40:16.000Z</time></trkpt>
<trkpt lat="54.378859" lon="18.791160"><time>2026-05-23T11:40:18.000Z</time></trkpt>
<trkpt lat="54.378863" lon="18.791255"><time>2026-05-23T11:40:20.000Z</time></trkpt>
<trkpt lat="54.378848" lon="18.791305"><time>2026-05-23T11:40:22.000Z</time></trkpt>
<trkpt lat="54.378836" lon="18.791357"><time>2026-05-23T11:40:24.000Z</time></trkpt>
<trkpt lat="54.378813" lon="18.791417"><time>2026-05-23T11:40:26.000Z</time></trkpt>
<trkpt lat="54.378794" lon="18.791476"><time>2026-05-23T11:40:28.000Z</time></trkpt>
<trkpt lat="54.378784" lon="18.791539"><time>2026-05-23T11:40:30.000Z</time></trkpt>
<trkpt lat="54.378775" lon="18.791588"><time>2026-05-23T11:40:32.000Z</time></trkpt>
<trkpt lat="54.378766" lon="18.791656"><time>2026-05-23T11:40:34.000Z</time></trkpt>
<trkpt lat="54.378757" lon="18.791722"><time>2026-05-23T11:40:36.000Z</time></trkpt>
<trkpt lat="54.378748" lon="18.791801"><time>2026-05-23T11:40:38.000Z</time></trkpt>
<trkpt lat="54.378740" lon="18.791879"><time>2026-05-23T11:40:40.000Z</time></trkpt>
<trkpt lat="54.378736" lon="18.791952"><time>2026-05-23T11:40:42.000Z</time></trkpt>
<trkpt lat="54.378733" lon="18.792031"><time>2026-05-23T11:40:44.000Z</time></trkpt>
<trkpt lat="54.378732" lon="18.792115"><time>2026-05-23T11:40:46.000Z</time></trkpt>
<trkpt lat="54.378734" lon="18.792187"><time>2026-05-23T11:40:48.000Z</time></trkpt>
<trkpt lat="54.378736" lon="18.792269"><time>2026-05-23T11:40:50.000Z</time></trkpt>
<trkpt lat="54.378743" lon="18.792357"><time>2026-05-23T11:40:52.000Z</time></trkpt>
<trkpt lat="54.378750" lon="18.792430"><time>2026-05-23T11:40:54.000Z</time></trkpt>
<trkpt lat="54.378762" lon="18.792495"><time>2026-05-23T11:40:56.000Z</time></trkpt>
<trkpt lat="54.378779" lon="18.792553"><time>2026-05-23T11:40:58.000Z</time></trkpt>
<trkpt lat="54.378799" lon="18.792586"><time>2026-05-23T11:41:00.000Z</time></trkpt>
<trkpt lat="54.378825" lon="18.792603"><time>2026-05-23T11:41:02.000Z</time></trkpt>
<trkpt lat="54.378849" lon="18.792604"><time>2026-05-23T11:41:04.000Z</time></trkpt>
<trkpt lat="54.378873" lon="18.792590"><time>2026-05-23T11:41:06.000Z</time></trkpt>
<trkpt lat="54.378899" lon="18.792580"><time>2026-05-23T11:41:08.000Z</time></trkpt>
<trkpt lat="54.378923" lon="18.792581"><time>2026-05-23T11:41:10.000Z</time></trkpt>
<trkpt lat="54.378953" lon="18.792571"><time>2026-05-23T11:41:12.000Z</time></trkpt>
<trkpt lat="54.378978" lon="18.792567"><time>2026-05-23T11:41:14.000Z</time></trkpt>
<trkpt lat="54.379000" lon="18.792553"><time>2026-05-23T11:41:16.000Z</time></trkpt>
<trkpt lat="54.379026" lon="18.792542"><time>2026-05-23T11:41:18.000Z</time></trkpt>
<trkpt lat="54.379068" lon="18.792491"><time>2026-05-23T11:41:20.900Z</time></trkpt>
<trkpt lat="54.379095" lon="18.792483"><time>2026-05-23T11:41:22.900Z</time></trkpt>
<trkpt lat="54.379128" lon="18.792474"><time>2026-05-23T11:41:24.900Z</time></trkpt>
<trkpt lat="54.379157" lon="18.792469"><time>2026-05-23T11:41:26.900Z</time></trkpt>
<trkpt lat="54.379188" lon="18.792464"><time>2026-05-23T11:41:28.900Z</time></trkpt>
<trkpt lat="54.379223" lon="18.792460"><time>2026-05-23T11:41:30.900Z</time></trkpt>
<trkpt lat="54.379258" lon="18.792449"><time>2026-05-23T11:41:32.900Z</time></trkpt>
<trkpt lat="54.379295" lon="18.792435"><time>2026-05-23T11:41:34.900Z</time></trkpt>
<trkpt lat="54.379334" lon="18.792420"><time>2026-05-23T11:41:36.900Z</time></trkpt>
<trkpt lat="54.379369" lon="18.792400"><time>2026-05-23T11:41:38.900Z</time></trkpt>
<trkpt lat="54.379406" lon="18.792384"><time>2026-05-23T11:41:40.900Z</time></trkpt>
<trkpt lat="54.379441" lon="18.792373"><time>2026-05-23T11:41:42.900Z</time></trkpt>
<trkpt lat="54.379477" lon="18.792373"><time>2026-05-23T11:41:44.900Z</time></trkpt>
<trkpt lat="54.379520" lon="18.792369"><time>2026-05-23T11:41:46.900Z</time></trkpt>
<trkpt lat="54.379559" lon="18.792367"><time>2026-05-23T11:41:48.900Z</time></trkpt>
<trkpt lat="54.379600" lon="18.792355"><time>2026-05-23T11:41:50.900Z</time></trkpt>
<trkpt lat="54.379637" lon="18.792347"><time>2026-05-23T11:41:52.900Z</time></trkpt>
<trkpt lat="54.379656" lon="18.792341"><time>2026-05-23T11:41:54.000Z</time></trkpt>
<trkpt lat="54.379694" lon="18.792325"><time>2026-05-23T11:41:56.000Z</time></trkpt>
<trkpt lat="54.379727" lon="18.792315"><time>2026-05-23T11:41:58.000Z</time></trkpt>
<trkpt lat="54.379760" lon="18.792302"><time>2026-05-23T11:42:00.000Z</time></trkpt>
<trkpt lat="54.379798" lon="18.792291"><time>2026-05-23T11:42:02.000Z</time></trkpt>
<trkpt lat="54.379836" lon="18.792277"><time>2026-05-23T11:42:04.000Z</time></trkpt>
<trkpt lat="54.379871" lon="18.792262"><time>2026-05-23T11:42:06.000Z</time></trkpt>
<trkpt lat="54.379903" lon="18.792249"><time>2026-05-23T11:42:08.000Z</time></trkpt>
<trkpt lat="54.379941" lon="18.792237"><time>2026-05-23T11:42:10.000Z</time></trkpt>
<trkpt lat="54.379978" lon="18.792229"><time>2026-05-23T11:42:12.000Z</time></trkpt>
<trkpt lat="54.380015" lon="18.792223"><time>2026-05-23T11:42:14.000Z</time></trkpt>
<trkpt lat="54.380052" lon="18.792213"><time>2026-05-23T11:42:16.000Z</time></trkpt>
<trkpt lat="54.380092" lon="18.792200"><time>2026-05-23T11:42:18.000Z</time></trkpt>
<trkpt lat="54.380129" lon="18.792196"><time>2026-05-23T11:42:20.000Z</time></trkpt>
<trkpt lat="54.380164" lon="18.792200"><time>2026-05-23T11:42:22.000Z</time></trkpt>
<trkpt lat="54.380196" lon="18.792193"><time>2026-05-23T11:42:24.000Z</time></trkpt>
<trkpt lat="54.380224" lon="18.792200"><time>2026-05-23T11:42:26.000Z</time></trkpt>
<trkpt lat="54.380263" lon="18.792202"><time>2026-05-23T11:42:28.000Z</time></trkpt>
<trkpt lat="54.380303" lon="18.792203"><time>2026-05-23T11:42:30.000Z</time></trkpt>
<trkpt lat="54.380339" lon="18.792204"><time>2026-05-23T11:42:32.000Z</time></trkpt>
<trkpt lat="54.380370" lon="18.792209"><time>2026-05-23T11:42:34.000Z</time></trkpt>
<trkpt lat="54.380400" lon="18.792217"><time>2026-05-23T11:42:36.000Z</time></trkpt>
<trkpt lat="54.380428" lon="18.792227"><time>2026-05-23T11:42:38.000Z</time></trkpt>
<trkpt lat="54.380455" lon="18.792237"><time>2026-05-23T11:42:40.000Z</time></trkpt>
<trkpt lat="54.380481" lon="18.792247"><time>2026-05-23T11:42:42.000Z</time></trkpt>
<trkpt lat="54.380505" lon="18.792255"><time>2026-05-23T11:42:44.000Z</time></trkpt>
<trkpt lat="54.380529" lon="18.792262"><time>2026-05-23T11:42:46.000Z</time></trkpt>
<trkpt lat="54.380551" lon="18.792269"><time>2026-05-23T11:42:48.000Z</time></trkpt>
<trkpt lat="54.380571" lon="18.792277"><time>2026-05-23T11:42:50.000Z</time></trkpt>
<trkpt lat="54.380588" lon="18.792288"><time>2026-05-23T11:42:52.000Z</time></trkpt>
<trkpt lat="54.380607" lon="18.792295"><time>2026-05-23T11:42:54.000Z</time></trkpt>
<trkpt lat="54.380623" lon="18.792298"><time>2026-05-23T11:42:56.000Z</time></trkpt>
<trkpt lat="54.380641" lon="18.792297"><time>2026-05-23T11:42:58.000Z</time></trkpt>
<trkpt lat="54.380657" lon="18.792290"><time>2026-05-23T11:43:00.000Z</time></trkpt>
<trkpt lat="54.380676" lon="18.792279"><time>2026-05-23T11:43:02.000Z</time></trkpt>
<trkpt lat="54.380696" lon="18.792258"><time>2026-05-23T11:43:04.000Z</time></trkpt>
<trkpt lat="54.380709" lon="18.792236"><time>2026-05-23T11:43:06.000Z</time></trkpt>
<trkpt lat="54.380723" lon="18.792214"><time>2026-05-23T11:43:08.000Z</time></trkpt>
<trkpt lat="54.380760" lon="18.792173"><time>2026-05-23T11:43:10.000Z</time></trkpt>
<trkpt lat="54.380797" lon="18.792126"><time>2026-05-23T11:43:12.000Z</time></trkpt>
<trkpt lat="54.380837" lon="18.792074"><time>2026-05-23T11:43:14.000Z</time></trkpt>
<trkpt lat="54.380884" lon="18.792002"><time>2026-05-23T11:43:16.000Z</time></trkpt>
<trkpt lat="54.380930" lon="18.791938"><time>2026-05-23T11:43:18.000Z</time></trkpt>
<trkpt lat="54.380976" lon="18.791880"><time>2026-05-23T11:43:20.000Z</time></trkpt>
<trkpt lat="54.381016" lon="18.791829"><time>2026-05-23T11:43:22.000Z</time></trkpt>
<trkpt lat="54.381064" lon="18.791782"><time>2026-05-23T11:43:24.000Z</time></trkpt>
<trkpt lat="54.381135" lon="18.791724"><time>2026-05-23T11:43:26.900Z</time></trkpt>
<trkpt lat="54.381190" lon="18.791687"><time>2026-05-23T11:43:28.900Z</time></trkpt>
<trkpt lat="54.381244" lon="18.791654"><time>2026-05-23T11:43:30.900Z</time></trkpt>
<trkpt lat="54.381306" lon="18.791611"><time>2026-05-23T11:43:32.900Z</time></trkpt>
<trkpt lat="54.381355" lon="18.791607"><time>2026-05-23T11:43:34.900Z</time></trkpt>
<trkpt lat="54.381401" lon="18.791598"><time>2026-05-23T11:43:36.900Z</time></trkpt>
<trkpt lat="54.381451" lon="18.791598"><time>2026-05-23T11:43:38.900Z</time></trkpt>
<trkpt lat="54.381498" lon="18.791596"><time>2026-05-23T11:43:40.900Z</time></trkpt>
<trkpt lat="54.381540" lon="18.791586"><time>2026-05-23T11:43:42.900Z</time></trkpt>
<trkpt lat="54.381581" lon="18.791599"><time>2026-05-23T11:43:44.900Z</time></trkpt>
<trkpt lat="54.381616" lon="18.791615"><time>2026-05-23T11:43:46.900Z</time></trkpt>
<trkpt lat="54.381651" lon="18.791630"><time>2026-05-23T11:43:48.900Z</time></trkpt>
<trkpt lat="54.381687" lon="18.791653"><time>2026-05-23T11:43:50.900Z</time></trkpt>
<trkpt lat="54.381719" lon="18.791665"><time>2026-05-23T11:43:52.900Z</time></trkpt>
<trkpt lat="54.381749" lon="18.791680"><time>2026-05-23T11:43:54.900Z</time></trkpt>
<trkpt lat="54.381776" lon="18.791692"><time>2026-05-23T11:43:56.900Z</time></trkpt>
<trkpt lat="54.381802" lon="18.791706"><time>2026-05-23T11:43:59.000Z</time></trkpt>
<trkpt lat="54.381815" lon="18.791712"><time>2026-05-23T11:44:00.000Z</time></trkpt>
<trkpt lat="54.381840" lon="18.791725"><time>2026-05-23T11:44:02.000Z</time></trkpt>
<trkpt lat="54.381871" lon="18.791741"><time>2026-05-23T11:44:04.000Z</time></trkpt>
<trkpt lat="54.381893" lon="18.791754"><time>2026-05-23T11:44:06.000Z</time></trkpt>
<trkpt lat="54.381916" lon="18.791757"><time>2026-05-23T11:44:08.000Z</time></trkpt>
<trkpt lat="54.381937" lon="18.791762"><time>2026-05-23T11:44:10.000Z</time></trkpt>
<trkpt lat="54.381953" lon="18.791771"><time>2026-05-23T11:44:12.000Z</time></trkpt>
<trkpt lat="54.381970" lon="18.791784"><time>2026-05-23T11:44:14.000Z</time></trkpt>
<trkpt lat="54.381985" lon="18.791791"><time>2026-05-23T11:44:16.000Z</time></trkpt>
<trkpt lat="54.382011" lon="18.791801"><time>2026-05-23T11:44:18.000Z</time></trkpt>
<trkpt lat="54.382036" lon="18.791807"><time>2026-05-23T11:44:20.000Z</time></trkpt>
<trkpt lat="54.382049" lon="18.791812"><time>2026-05-23T11:44:22.000Z</time></trkpt>
<trkpt lat="54.382058" lon="18.791809"><time>2026-05-23T11:44:24.000Z</time></trkpt>
<trkpt lat="54.382068" lon="18.791804"><time>2026-05-23T11:44:26.000Z</time></trkpt>
<trkpt lat="54.382072" lon="18.791801"><time>2026-05-23T11:44:28.000Z</time></trkpt>
<trkpt lat="54.382076" lon="18.791797"><time>2026-05-23T11:44:30.000Z</time></trkpt>
<trkpt lat="54.382074" lon="18.791793"><time>2026-05-23T11:44:32.000Z</time></trkpt>
<trkpt lat="54.382065" lon="18.791773"><time>2026-05-23T11:44:34.000Z</time></trkpt>
<trkpt lat="54.382073" lon="18.791754"><time>2026-05-23T11:44:36.000Z</time></trkpt>
<trkpt lat="54.382086" lon="18.791730"><time>2026-05-23T11:44:38.000Z</time></trkpt>
<trkpt lat="54.382105" lon="18.791701"><time>2026-05-23T11:44:40.000Z</time></trkpt>
<trkpt lat="54.382127" lon="18.791662"><time>2026-05-23T11:44:42.000Z</time></trkpt>
<trkpt lat="54.382160" lon="18.791623"><time>2026-05-23T11:44:44.000Z</time></trkpt>
<trkpt lat="54.382195" lon="18.791599"><time>2026-05-23T11:44:46.000Z</time></trkpt>
<trkpt lat="54.382230" lon="18.791612"><time>2026-05-23T11:44:48.000Z</time></trkpt>
<trkpt lat="54.382271" lon="18.791635"><time>2026-05-23T11:44:50.000Z</time></trkpt>
<trkpt lat="54.382299" lon="18.791663"><time>2026-05-23T11:44:52.000Z</time></trkpt>
<trkpt lat="54.382325" lon="18.791675"><time>2026-05-23T11:44:54.000Z</time></trkpt>
<trkpt lat="54.382349" lon="18.791683"><time>2026-05-23T11:44:56.000Z</time></trkpt>
<trkpt lat="54.382372" lon="18.791691"><time>2026-05-23T11:44:58.000Z</time></trkpt>
<trkpt lat="54.382394" lon="18.791701"><time>2026-05-23T11:45:00.000Z</time></trkpt>
<trkpt lat="54.382406" lon="18.791711"><time>2026-05-23T11:45:02.000Z</time></trkpt>
<trkpt lat="54.382424" lon="18.791717"><time>2026-05-23T11:45:04.000Z</time></trkpt>
<trkpt lat="54.382441" lon="18.791728"><time>2026-05-23T11:45:06.000Z</time></trkpt>
<trkpt lat="54.382456" lon="18.791737"><time>2026-05-23T11:45:08.000Z</time></trkpt>
<trkpt lat="54.382471" lon="18.791747"><time>2026-05-23T11:45:10.000Z</time></trkpt>
<trkpt lat="54.382481" lon="18.791749"><time>2026-05-23T11:45:12.000Z</time></trkpt>
<trkpt lat="54.382493" lon="18.791750"><time>2026-05-23T11:45:14.000Z</time></trkpt>
<trkpt lat="54.382503" lon="18.791761"><time>2026-05-23T11:45:16.000Z</time></trkpt>
<trkpt lat="54.382514" lon="18.791762"><time>2026-05-23T11:45:18.000Z</time></trkpt>
<trkpt lat="54.382532" lon="18.791759"><time>2026-05-23T11:45:20.000Z</time></trkpt>
<trkpt lat="54.382558" lon="18.791746"><time>2026-05-23T11:45:22.000Z</time></trkpt>
<trkpt lat="54.382579" lon="18.791717"><time>2026-05-23T11:45:24.900Z</time></trkpt>
<trkpt lat="54.382591" lon="18.791694"><time>2026-05-23T11:45:26.900Z</time></trkpt>
<trkpt lat="54.382622" lon="18.791661"><time>2026-05-23T11:45:28.900Z</time></trkpt>
<trkpt lat="54.382662" lon="18.791639"><time>2026-05-23T11:45:30.900Z</time></trkpt>
<trkpt lat="54.382706" lon="18.791608"><time>2026-05-23T11:45:32.900Z</time></trkpt>
<trkpt lat="54.382750" lon="18.791566"><time>2026-05-23T11:45:34.900Z</time></trkpt>
<trkpt lat="54.382795" lon="18.791523"><time>2026-05-23T11:45:36.900Z</time></trkpt>
<trkpt lat="54.382839" lon="18.791467"><time>2026-05-23T11:45:38.900Z</time></trkpt>
<trkpt lat="54.382887" lon="18.791422"><time>2026-05-23T11:45:40.900Z</time></trkpt>
<trkpt lat="54.382936" lon="18.791421"><time>2026-05-23T11:45:42.900Z</time></trkpt>
<trkpt lat="54.382990" lon="18.791429"><time>2026-05-23T11:45:44.900Z</time></trkpt>
<trkpt lat="54.383036" lon="18.791437"><time>2026-05-23T11:45:46.900Z</time></trkpt>
<trkpt lat="54.383073" lon="18.791444"><time>2026-05-23T11:45:48.900Z</time></trkpt>
<trkpt lat="54.383104" lon="18.791465"><time>2026-05-23T11:45:50.900Z</time></trkpt>
<trkpt lat="54.383131" lon="18.791494"><time>2026-05-23T11:45:52.900Z</time></trkpt>
<trkpt lat="54.383141" lon="18.791540"><time>2026-05-23T11:45:54.900Z</time></trkpt>
<trkpt lat="54.383146" lon="18.791575"><time>2026-05-23T11:45:56.900Z</time></trkpt>
<trkpt lat="54.383138" lon="18.791614"><time>2026-05-23T11:45:58.900Z</time></trkpt>
<trkpt lat="54.383127" lon="18.791641"><time>2026-05-23T11:46:00.900Z</time></trkpt>
<trkpt lat="54.383117" lon="18.791660"><time>2026-05-23T11:46:02.900Z</time></trkpt>
<trkpt lat="54.383109" lon="18.791694"><time>2026-05-23T11:46:05.000Z</time></trkpt>
<trkpt lat="54.383105" lon="18.791710"><time>2026-05-23T11:46:06.000Z</time></trkpt>
<trkpt lat="54.383089" lon="18.791764"><time>2026-05-23T11:46:08.000Z</time></trkpt>
<trkpt lat="54.383067" lon="18.791819"><time>2026-05-23T11:46:10.000Z</time></trkpt>
<trkpt lat="54.383037" lon="18.791876"><time>2026-05-23T11:46:12.000Z</time></trkpt>
<trkpt lat="54.382991" lon="18.791934"><time>2026-05-23T11:46:14.000Z</time></trkpt>
<trkpt lat="54.382933" lon="18.791967"><time>2026-05-23T11:46:16.000Z</time></trkpt>
<trkpt lat="54.382875" lon="18.791985"><time>2026-05-23T11:46:18.000Z</time></trkpt>
<trkpt lat="54.382820" lon="18.792002"><time>2026-05-23T11:46:20.000Z</time></trkpt>
<trkpt lat="54.382761" lon="18.792033"><time>2026-05-23T11:46:22.000Z</time></trkpt>
<trkpt lat="54.382705" lon="18.792052"><time>2026-05-23T11:46:24.000Z</time></trkpt>
<trkpt lat="54.382640" lon="18.792058"><time>2026-05-23T11:46:26.000Z</time></trkpt>
<trkpt lat="54.382586" lon="18.792054"><time>2026-05-23T11:46:28.000Z</time></trkpt>
<trkpt lat="54.382532" lon="18.792055"><time>2026-05-23T11:46:30.000Z</time></trkpt>
<trkpt lat="54.382473" lon="18.792048"><time>2026-05-23T11:46:32.000Z</time></trkpt>
<trkpt lat="54.382422" lon="18.792023"><time>2026-05-23T11:46:34.000Z</time></trkpt>
<trkpt lat="54.382387" lon="18.791981"><time>2026-05-23T11:46:36.000Z</time></trkpt>
<trkpt lat="54.382358" lon="18.791944"><time>2026-05-23T11:46:38.000Z</time></trkpt>
<trkpt lat="54.382326" lon="18.791910"><time>2026-05-23T11:46:40.000Z</time></trkpt>
<trkpt lat="54.382289" lon="18.791873"><time>2026-05-23T11:46:42.000Z</time></trkpt>
<trkpt lat="54.382255" lon="18.791834"><time>2026-05-23T11:46:44.000Z</time></trkpt>
<trkpt lat="54.382227" lon="18.791803"><time>2026-05-23T11:46:46.000Z</time></trkpt>
<trkpt lat="54.382193" lon="18.791762"><time>2026-05-23T11:46:48.000Z</time></trkpt>
<trkpt lat="54.382159" lon="18.791723"><time>2026-05-23T11:46:50.000Z</time></trkpt>
<trkpt lat="54.382128" lon="18.791687"><time>2026-05-23T11:46:52.000Z</time></trkpt>
<trkpt lat="54.382098" lon="18.791651"><time>2026-05-23T11:46:54.000Z</time></trkpt>
<trkpt lat="54.382067" lon="18.791621"><time>2026-05-23T11:46:56.000Z</time></trkpt>
<trkpt lat="54.382044" lon="18.791593"><time>2026-05-23T11:46:58.000Z</time></trkpt>
<trkpt lat="54.382022" lon="18.791555"><time>2026-05-23T11:47:00.000Z</time></trkpt>
<trkpt lat="54.381997" lon="18.791517"><time>2026-05-23T11:47:02.000Z</time></trkpt>
<trkpt lat="54.381973" lon="18.791471"><time>2026-05-23T11:47:04.000Z</time></trkpt>
<trkpt lat="54.381943" lon="18.791432"><time>2026-05-23T11:47:06.000Z</time></trkpt>
<trkpt lat="54.381915" lon="18.791410"><time>2026-05-23T11:47:08.000Z</time></trkpt>
<trkpt lat="54.381879" lon="18.791372"><time>2026-05-23T11:47:10.000Z</time></trkpt>
<trkpt lat="54.381846" lon="18.791335"><time>2026-05-23T11:47:12.000Z</time></trkpt>
<trkpt lat="54.381815" lon="18.791297"><time>2026-05-23T11:47:14.000Z</time></trkpt>
<trkpt lat="54.381789" lon="18.791267"><time>2026-05-23T11:47:16.000Z</time></trkpt>
<trkpt lat="54.381755" lon="18.791243"><time>2026-05-23T11:47:18.000Z</time></trkpt>
<trkpt lat="54.381725" lon="18.791217"><time>2026-05-23T11:47:20.000Z</time></trkpt>
<trkpt lat="54.381690" lon="18.791183"><time>2026-05-23T11:47:22.000Z</time></trkpt>
<trkpt lat="54.381638" lon="18.791132"><time>2026-05-23T11:47:24.900Z</time></trkpt>
<trkpt lat="54.381608" lon="18.791099"><time>2026-05-23T11:47:26.900Z</time></trkpt>
<trkpt lat="54.381580" lon="18.791072"><time>2026-05-23T11:47:28.900Z</time></trkpt>
<trkpt lat="54.381553" lon="18.791050"><time>2026-05-23T11:47:30.900Z</time></trkpt>
<trkpt lat="54.381521" lon="18.791014"><time>2026-05-23T11:47:32.900Z</time></trkpt>
<trkpt lat="54.381491" lon="18.790983"><time>2026-05-23T11:47:34.900Z</time></trkpt>
<trkpt lat="54.381463" lon="18.790943"><time>2026-05-23T11:47:36.900Z</time></trkpt>
<trkpt lat="54.381425" lon="18.790901"><time>2026-05-23T11:47:38.900Z</time></trkpt>
<trkpt lat="54.381395" lon="18.790864"><time>2026-05-23T11:47:40.900Z</time></trkpt>
<trkpt lat="54.381369" lon="18.790826"><time>2026-05-23T11:47:42.900Z</time></trkpt>
<trkpt lat="54.381337" lon="18.790786"><time>2026-05-23T11:47:44.900Z</time></trkpt>
<trkpt lat="54.381285" lon="18.790776"><time>2026-05-23T11:47:46.900Z</time></trkpt>
<trkpt lat="54.381243" lon="18.790769"><time>2026-05-23T11:47:48.900Z</time></trkpt>
<trkpt lat="54.381197" lon="18.790768"><time>2026-05-23T11:47:50.900Z</time></trkpt>
<trkpt lat="54.381156" lon="18.790788"><time>2026-05-23T11:47:52.900Z</time></trkpt>
<trkpt lat="54.381117" lon="18.790811"><time>2026-05-23T11:47:54.900Z</time></trkpt>
<trkpt lat="54.381076" lon="18.790842"><time>2026-05-23T11:47:56.900Z</time></trkpt>
<trkpt lat="54.381036" lon="18.790869"><time>2026-05-23T11:47:58.900Z</time></trkpt>
<trkpt lat="54.380998" lon="18.790892"><time>2026-05-23T11:48:00.900Z</time></trkpt>
<trkpt lat="54.380958" lon="18.790926"><time>2026-05-23T11:48:02.900Z</time></trkpt>
<trkpt lat="54.380921" lon="18.790967"><time>2026-05-23T11:48:04.900Z</time></trkpt>
<trkpt lat="54.380882" lon="18.791004"><time>2026-05-23T11:48:06.900Z</time></trkpt>
<trkpt lat="54.380841" lon="18.791042"><time>2026-05-23T11:48:08.900Z</time></trkpt>
<trkpt lat="54.380799" lon="18.791089"><time>2026-05-23T11:48:11.000Z</time></trkpt>
<trkpt lat="54.380780" lon="18.791116"><time>2026-05-23T11:48:12.000Z</time></trkpt>
<trkpt lat="54.380746" lon="18.791170"><time>2026-05-23T11:48:14.000Z</time></trkpt>
<trkpt lat="54.380714" lon="18.791227"><time>2026-05-23T11:48:16.000Z</time></trkpt>
<trkpt lat="54.380687" lon="18.791296"><time>2026-05-23T11:48:18.000Z</time></trkpt>
<trkpt lat="54.380664" lon="18.791355"><time>2026-05-23T11:48:20.000Z</time></trkpt>
<trkpt lat="54.380636" lon="18.791432"><time>2026-05-23T11:48:22.000Z</time></trkpt>
<trkpt lat="54.380607" lon="18.791517"><time>2026-05-23T11:48:24.000Z</time></trkpt>
<trkpt lat="54.380575" lon="18.791607"><time>2026-05-23T11:48:26.000Z</time></trkpt>
<trkpt lat="54.380548" lon="18.791690"><time>2026-05-23T11:48:28.000Z</time></trkpt>
<trkpt lat="54.380525" lon="18.791779"><time>2026-05-23T11:48:30.000Z</time></trkpt>
<trkpt lat="54.380505" lon="18.791872"><time>2026-05-23T11:48:32.000Z</time></trkpt>
<trkpt lat="54.380487" lon="18.791966"><time>2026-05-23T11:48:34.000Z</time></trkpt>
<trkpt lat="54.380465" lon="18.792055"><time>2026-05-23T11:48:36.000Z</time></trkpt>
<trkpt lat="54.380435" lon="18.792140"><time>2026-05-23T11:48:38.000Z</time></trkpt>
<trkpt lat="54.380410" lon="18.792231"><time>2026-05-23T11:48:40.000Z</time></trkpt>
<trkpt lat="54.380382" lon="18.792315"><time>2026-05-23T11:48:42.000Z</time></trkpt>
<trkpt lat="54.380345" lon="18.792394"><time>2026-05-23T11:48:44.000Z</time></trkpt>
<trkpt lat="54.380300" lon="18.792472"><time>2026-05-23T11:48:46.000Z</time></trkpt>
<trkpt lat="54.380257" lon="18.792546"><time>2026-05-23T11:48:48.000Z</time></trkpt>
<trkpt lat="54.380216" lon="18.792623"><time>2026-05-23T11:48:50.000Z</time></trkpt>
<trkpt lat="54.380174" lon="18.792695"><time>2026-05-23T11:48:52.000Z</time></trkpt>
<trkpt lat="54.380131" lon="18.792763"><time>2026-05-23T11:48:54.000Z</time></trkpt>
<trkpt lat="54.380087" lon="18.792829"><time>2026-05-23T11:48:56.000Z</time></trkpt>
<trkpt lat="54.380045" lon="18.792893"><time>2026-05-23T11:48:58.000Z</time></trkpt>
<trkpt lat="54.380009" lon="18.792965"><time>2026-05-23T11:49:00.000Z</time></trkpt>
<trkpt lat="54.379972" lon="18.793039"><time>2026-05-23T11:49:02.000Z</time></trkpt>
<trkpt lat="54.379935" lon="18.793110"><time>2026-05-23T11:49:04.000Z</time></trkpt>
<trkpt lat="54.379900" lon="18.793185"><time>2026-05-23T11:49:06.000Z</time></trkpt>
<trkpt lat="54.379867" lon="18.793270"><time>2026-05-23T11:49:08.000Z</time></trkpt>
<trkpt lat="54.379839" lon="18.793355"><time>2026-05-23T11:49:10.000Z</time></trkpt>
<trkpt lat="54.379836" lon="18.793440"><time>2026-05-23T11:49:12.000Z</time></trkpt>
<trkpt lat="54.379848" lon="18.793497"><time>2026-05-23T11:49:14.000Z</time></trkpt>
<trkpt lat="54.379881" lon="18.793493"><time>2026-05-23T11:49:16.000Z</time></trkpt>
<trkpt lat="54.379906" lon="18.793479"><time>2026-05-23T11:49:18.000Z</time></trkpt>
<trkpt lat="54.379927" lon="18.793430"><time>2026-05-23T11:49:20.000Z</time></trkpt>
<trkpt lat="54.379963" lon="18.793347"><time>2026-05-23T11:49:22.900Z</time></trkpt>
<trkpt lat="54.379990" lon="18.793292"><time>2026-05-23T11:49:24.900Z</time></trkpt>
<trkpt lat="54.380018" lon="18.793232"><time>2026-05-23T11:49:26.900Z</time></trkpt>
<trkpt lat="54.380046" lon="18.793172"><time>2026-05-23T11:49:28.900Z</time></trkpt>
<trkpt lat="54.380076" lon="18.793111"><time>2026-05-23T11:49:30.900Z</time></trkpt>
<trkpt lat="54.380106" lon="18.793046"><time>2026-05-23T11:49:32.900Z</time></trkpt>
<trkpt lat="54.380137" lon="18.792984"><time>2026-05-23T11:49:34.900Z</time></trkpt>
<trkpt lat="54.380173" lon="18.792925"><time>2026-05-23T11:49:36.900Z</time></trkpt>
<trkpt lat="54.380212" lon="18.792862"><time>2026-05-23T11:49:38.900Z</time></trkpt>
<trkpt lat="54.380252" lon="18.792795"><time>2026-05-23T11:49:40.900Z</time></trkpt>
<trkpt lat="54.380299" lon="18.792721"><time>2026-05-23T11:49:42.900Z</time></trkpt>
<trkpt lat="54.380345" lon="18.792647"><time>2026-05-23T11:49:44.900Z</time></trkpt>
<trkpt lat="54.380384" lon="18.792572"><time>2026-05-23T11:49:46.900Z</time></trkpt>
<trkpt lat="54.380423" lon="18.792498"><time>2026-05-23T11:49:48.900Z</time></trkpt>
<trkpt lat="54.380464" lon="18.792427"><time>2026-05-23T11:49:50.900Z</time></trkpt>
<trkpt lat="54.380508" lon="18.792354"><time>2026-05-23T11:49:52.900Z</time></trkpt>
<trkpt lat="54.380552" lon="18.792284"><time>2026-05-23T11:49:54.900Z</time></trkpt>
<trkpt lat="54.380596" lon="18.792214"><time>2026-05-23T11:49:56.900Z</time></trkpt>
<trkpt lat="54.380640" lon="18.792144"><time>2026-05-23T11:49:58.900Z</time></trkpt>
<trkpt lat="54.380680" lon="18.792074"><time>2026-05-23T11:50:00.900Z</time></trkpt>
<trkpt lat="54.380721" lon="18.791995"><time>2026-05-23T11:50:02.900Z</time></trkpt>
<trkpt lat="54.380770" lon="18.791926"><time>2026-05-23T11:50:04.900Z</time></trkpt>
<trkpt lat="54.380814" lon="18.791863"><time>2026-05-23T11:50:06.900Z</time></trkpt>
<trkpt lat="54.380851" lon="18.791791"><time>2026-05-23T11:50:08.900Z</time></trkpt>
<trkpt lat="54.380897" lon="18.791719"><time>2026-05-23T11:50:10.900Z</time></trkpt>
<trkpt lat="54.380948" lon="18.791652"><time>2026-05-23T11:50:12.900Z</time></trkpt>
<trkpt lat="54.380993" lon="18.791577"><time>2026-05-23T11:50:14.900Z</time></trkpt>
<trkpt lat="54.381037" lon="18.791498"><time>2026-05-23T11:50:17.000Z</time></trkpt>
<trkpt lat="54.381060" lon="18.791458"><time>2026-05-23T11:50:18.000Z</time></trkpt>
<trkpt lat="54.381103" lon="18.791384"><time>2026-05-23T11:50:20.000Z</time></trkpt>
<trkpt lat="54.381146" lon="18.791305"><time>2026-05-23T11:50:22.000Z</time></trkpt>
<trkpt lat="54.381190" lon="18.791230"><time>2026-05-23T11:50:24.000Z</time></trkpt>
<trkpt lat="54.381235" lon="18.791155"><time>2026-05-23T11:50:26.000Z</time></trkpt>
<trkpt lat="54.381281" lon="18.791071"><time>2026-05-23T11:50:28.000Z</time></trkpt>
<trkpt lat="54.381325" lon="18.791001"><time>2026-05-23T11:50:30.000Z</time></trkpt>
<trkpt lat="54.381371" lon="18.790937"><time>2026-05-23T11:50:32.000Z</time></trkpt>
<trkpt lat="54.381417" lon="18.790873"><time>2026-05-23T11:50:34.000Z</time></trkpt>
<trkpt lat="54.381461" lon="18.790804"><time>2026-05-23T11:50:36.000Z</time></trkpt>
<trkpt lat="54.381507" lon="18.790742"><time>2026-05-23T11:50:38.000Z</time></trkpt>
<trkpt lat="54.381556" lon="18.790686"><time>2026-05-23T11:50:40.000Z</time></trkpt>
<trkpt lat="54.381607" lon="18.790634"><time>2026-05-23T11:50:42.000Z</time></trkpt>
<trkpt lat="54.381663" lon="18.790571"><time>2026-05-23T11:50:44.000Z</time></trkpt>
<trkpt lat="54.381714" lon="18.790496"><time>2026-05-23T11:50:46.000Z</time></trkpt>
<trkpt lat="54.381762" lon="18.790434"><time>2026-05-23T11:50:48.000Z</time></trkpt>
<trkpt lat="54.381812" lon="18.790375"><time>2026-05-23T11:50:50.000Z</time></trkpt>
<trkpt lat="54.381860" lon="18.790317"><time>2026-05-23T11:50:52.000Z</time></trkpt>
<trkpt lat="54.381910" lon="18.790260"><time>2026-05-23T11:50:54.000Z</time></trkpt>
<trkpt lat="54.381957" lon="18.790204"><time>2026-05-23T11:50:56.000Z</time></trkpt>
<trkpt lat="54.382004" lon="18.790146"><time>2026-05-23T11:50:58.000Z</time></trkpt>
<trkpt lat="54.382053" lon="18.790094"><time>2026-05-23T11:51:00.000Z</time></trkpt>
<trkpt lat="54.382103" lon="18.790042"><time>2026-05-23T11:51:02.000Z</time></trkpt>
<trkpt lat="54.382154" lon="18.789985"><time>2026-05-23T11:51:04.000Z</time></trkpt>
<trkpt lat="54.382204" lon="18.789926"><time>2026-05-23T11:51:06.000Z</time></trkpt>
<trkpt lat="54.382253" lon="18.789868"><time>2026-05-23T11:51:08.000Z</time></trkpt>
<trkpt lat="54.382304" lon="18.789809"><time>2026-05-23T11:51:10.000Z</time></trkpt>
<trkpt lat="54.382353" lon="18.789757"><time>2026-05-23T11:51:12.000Z</time></trkpt>
<trkpt lat="54.382403" lon="18.789703"><time>2026-05-23T11:51:14.000Z</time></trkpt>
<trkpt lat="54.382450" lon="18.789642"><time>2026-05-23T11:51:16.000Z</time></trkpt>
<trkpt lat="54.382493" lon="18.789579"><time>2026-05-23T11:51:18.000Z</time></trkpt>
<trkpt lat="54.382538" lon="18.789516"><time>2026-05-23T11:51:20.000Z</time></trkpt>
<trkpt lat="54.382608" lon="18.789428"><time>2026-05-23T11:51:22.900Z</time></trkpt>
<trkpt lat="54.382653" lon="18.789368"><time>2026-05-23T11:51:24.900Z</time></trkpt>
<trkpt lat="54.382697" lon="18.789308"><time>2026-05-23T11:51:26.900Z</time></trkpt>
<trkpt lat="54.382742" lon="18.789245"><time>2026-05-23T11:51:28.900Z</time></trkpt>
<trkpt lat="54.382786" lon="18.789189"><time>2026-05-23T11:51:30.900Z</time></trkpt>
<trkpt lat="54.382834" lon="18.789129"><time>2026-05-23T11:51:32.900Z</time></trkpt>
<trkpt lat="54.382881" lon="18.789066"><time>2026-05-23T11:51:34.900Z</time></trkpt>
<trkpt lat="54.382928" lon="18.788999"><time>2026-05-23T11:51:36.900Z</time></trkpt>
<trkpt lat="54.382975" lon="18.788933"><time>2026-05-23T11:51:38.900Z</time></trkpt>
<trkpt lat="54.383023" lon="18.788851"><time>2026-05-23T11:51:40.900Z</time></trkpt>
<trkpt lat="54.383065" lon="18.788790"><time>2026-05-23T11:51:42.900Z</time></trkpt>
<trkpt lat="54.383110" lon="18.788722"><time>2026-05-23T11:51:44.900Z</time></trkpt>
<trkpt lat="54.383154" lon="18.788657"><time>2026-05-23T11:51:46.900Z</time></trkpt>
<trkpt lat="54.383202" lon="18.788594"><time>2026-05-23T11:51:48.900Z</time></trkpt>
<trkpt lat="54.383248" lon="18.788525"><time>2026-05-23T11:51:50.900Z</time></trkpt>
<trkpt lat="54.383294" lon="18.788456"><time>2026-05-23T11:51:52.900Z</time></trkpt>
<trkpt lat="54.383341" lon="18.788390"><time>2026-05-23T11:51:54.900Z</time></trkpt>
<trkpt lat="54.383384" lon="18.788317"><time>2026-05-23T11:51:56.900Z</time></trkpt>
<trkpt lat="54.383426" lon="18.788239"><time>2026-05-23T11:51:58.900Z</time></trkpt>
<trkpt lat="54.383470" lon="18.788155"><time>2026-05-23T11:52:00.900Z</time></trkpt>
<trkpt lat="54.383515" lon="18.788089"><time>2026-05-23T11:52:02.900Z</time></trkpt>
<trkpt lat="54.383560" lon="18.788023"><time>2026-05-23T11:52:04.900Z</time></trkpt>
<trkpt lat="54.383602" lon="18.787949"><time>2026-05-23T11:52:06.900Z</time></trkpt>
<trkpt lat="54.383644" lon="18.787876"><time>2026-05-23T11:52:08.900Z</time></trkpt>
<trkpt lat="54.383688" lon="18.787808"><time>2026-05-23T11:52:10.900Z</time></trkpt>
<trkpt lat="54.383732" lon="18.787738"><time>2026-05-23T11:52:12.900Z</time></trkpt>
<trkpt lat="54.383781" lon="18.787672"><time>2026-05-23T11:52:14.900Z</time></trkpt>
<trkpt lat="54.383830" lon="18.787613"><time>2026-05-23T11:52:16.900Z</time></trkpt>
<trkpt lat="54.383875" lon="18.787546"><time>2026-05-23T11:52:18.900Z</time></trkpt>
<trkpt lat="54.383922" lon="18.787477"><time>2026-05-23T11:52:20.900Z</time></trkpt>
<trkpt lat="54.383967" lon="18.787412"><time>2026-05-23T11:52:23.000Z</time></trkpt>
<trkpt lat="54.383991" lon="18.787383"><time>2026-05-23T11:52:24.000Z</time></trkpt>
<trkpt lat="54.384039" lon="18.787324"><time>2026-05-23T11:52:26.000Z</time></trkpt>
<trkpt lat="54.384086" lon="18.787261"><time>2026-05-23T11:52:28.000Z</time></trkpt>
<trkpt lat="54.384129" lon="18.787186"><time>2026-05-23T11:52:30.000Z</time></trkpt>
<trkpt lat="54.384178" lon="18.787112"><time>2026-05-23T11:52:32.000Z</time></trkpt>
<trkpt lat="54.384223" lon="18.787050"><time>2026-05-23T11:52:34.000Z</time></trkpt>
<trkpt lat="54.384263" lon="18.786989"><time>2026-05-23T11:52:36.000Z</time></trkpt>
<trkpt lat="54.384313" lon="18.786920"><time>2026-05-23T11:52:38.000Z</time></trkpt>
<trkpt lat="54.384361" lon="18.786856"><time>2026-05-23T11:52:40.000Z</time></trkpt>
<trkpt lat="54.384408" lon="18.786782"><time>2026-05-23T11:52:42.000Z</time></trkpt>
<trkpt lat="54.384455" lon="18.786712"><time>2026-05-23T11:52:44.000Z</time></trkpt>
<trkpt lat="54.384499" lon="18.786657"><time>2026-05-23T11:52:46.000Z</time></trkpt>
<trkpt lat="54.384545" lon="18.786603"><time>2026-05-23T11:52:48.000Z</time></trkpt>
<trkpt lat="54.384592" lon="18.786563"><time>2026-05-23T11:52:50.000Z</time></trkpt>
<trkpt lat="54.384637" lon="18.786512"><time>2026-05-23T11:52:52.000Z</time></trkpt>
<trkpt lat="54.384685" lon="18.786451"><time>2026-05-23T11:52:54.000Z</time></trkpt>
<trkpt lat="54.384735" lon="18.786387"><time>2026-05-23T11:52:56.000Z</time></trkpt>
<trkpt lat="54.384783" lon="18.786323"><time>2026-05-23T11:52:58.000Z</time></trkpt>
<trkpt lat="54.384830" lon="18.786248"><time>2026-05-23T11:53:00.000Z</time></trkpt>
<trkpt lat="54.384876" lon="18.786171"><time>2026-05-23T11:53:02.000Z</time></trkpt>
<trkpt lat="54.384924" lon="18.786099"><time>2026-05-23T11:53:04.000Z</time></trkpt>
<trkpt lat="54.384968" lon="18.786040"><time>2026-05-23T11:53:06.000Z</time></trkpt>
<trkpt lat="54.385014" lon="18.785974"><time>2026-05-23T11:53:08.000Z</time></trkpt>
<trkpt lat="54.385062" lon="18.785912"><time>2026-05-23T11:53:10.000Z</time></trkpt>
<trkpt lat="54.385113" lon="18.785853"><time>2026-05-23T11:53:12.000Z</time></trkpt>
<trkpt lat="54.385165" lon="18.785794"><time>2026-05-23T11:53:14.000Z</time></trkpt>
<trkpt lat="54.385237" lon="18.785688"><time>2026-05-23T11:53:16.900Z</time></trkpt>
<trkpt lat="54.385285" lon="18.785622"><time>2026-05-23T11:53:18.900Z</time></trkpt>
<trkpt lat="54.385335" lon="18.785574"><time>2026-05-23T11:53:20.900Z</time></trkpt>
<trkpt lat="54.385382" lon="18.785545"><time>2026-05-23T11:53:22.900Z</time></trkpt>
<trkpt lat="54.385431" lon="18.785549"><time>2026-05-23T11:53:24.900Z</time></trkpt>
<trkpt lat="54.385477" lon="18.785569"><time>2026-05-23T11:53:26.900Z</time></trkpt>
<trkpt lat="54.385520" lon="18.785613"><time>2026-05-23T11:53:28.900Z</time></trkpt>
<trkpt lat="54.385553" lon="18.785659"><time>2026-05-23T11:53:30.900Z</time></trkpt>
<trkpt lat="54.385562" lon="18.785687"><time>2026-05-23T11:53:32.900Z</time></trkpt>
<trkpt lat="54.385568" lon="18.785747"><time>2026-05-23T11:53:34.900Z</time></trkpt>
<trkpt lat="54.385557" lon="18.785791"><time>2026-05-23T11:53:36.900Z</time></trkpt>
<trkpt lat="54.385542" lon="18.785827"><time>2026-05-23T11:53:38.900Z</time></trkpt>
<trkpt lat="54.385517" lon="18.785862"><time>2026-05-23T11:53:40.900Z</time></trkpt>
<trkpt lat="54.385480" lon="18.785903"><time>2026-05-23T11:53:42.900Z</time></trkpt>
<trkpt lat="54.385441" lon="18.785948"><time>2026-05-23T11:53:44.900Z</time></trkpt>
<trkpt lat="54.385389" lon="18.785976"><time>2026-05-23T11:53:46.900Z</time></trkpt>
<trkpt lat="54.385335" lon="18.786003"><time>2026-05-23T11:53:48.900Z</time></trkpt>
<trkpt lat="54.385288" lon="18.786037"><time>2026-05-23T11:53:50.900Z</time></trkpt>
<trkpt lat="54.385240" lon="18.786080"><time>2026-05-23T11:53:52.900Z</time></trkpt>
<trkpt lat="54.385191" lon="18.786129"><time>2026-05-23T11:53:54.900Z</time></trkpt>
<trkpt lat="54.385139" lon="18.786177"><time>2026-05-23T11:53:56.900Z</time></trkpt>
<trkpt lat="54.385092" lon="18.786232"><time>2026-05-23T11:53:58.900Z</time></trkpt>
<trkpt lat="54.385043" lon="18.786287"><time>2026-05-23T11:54:00.900Z</time></trkpt>
<trkpt lat="54.384996" lon="18.786343"><time>2026-05-23T11:54:02.900Z</time></trkpt>
<trkpt lat="54.384946" lon="18.786402"><time>2026-05-23T11:54:04.900Z</time></trkpt>
<trkpt lat="54.384894" lon="18.786458"><time>2026-05-23T11:54:06.900Z</time></trkpt>
<trkpt lat="54.384846" lon="18.786521"><time>2026-05-23T11:54:08.900Z</time></trkpt>
<trkpt lat="54.384795" lon="18.786581"><time>2026-05-23T11:54:10.900Z</time></trkpt>
<trkpt lat="54.384744" lon="18.786641"><time>2026-05-23T11:54:12.900Z</time></trkpt>
<trkpt lat="54.384692" lon="18.786697"><time>2026-05-23T11:54:14.900Z</time></trkpt>
<trkpt lat="54.384641" lon="18.786756"><time>2026-05-23T11:54:16.900Z</time></trkpt>
<trkpt lat="54.384593" lon="18.786817"><time>2026-05-23T11:54:18.900Z</time></trkpt>
<trkpt lat="54.384544" lon="18.786879"><time>2026-05-23T11:54:20.900Z</time></trkpt>
<trkpt lat="54.384492" lon="18.786934"><time>2026-05-23T11:54:22.900Z</time></trkpt>
<trkpt lat="54.384439" lon="18.786988"><time>2026-05-23T11:54:24.900Z</time></trkpt>
<trkpt lat="54.384389" lon="18.787043"><time>2026-05-23T11:54:26.900Z</time></trkpt>
<trkpt lat="54.384364" lon="18.787074"><time>2026-05-23T11:54:28.000Z</time></trkpt>
<trkpt lat="54.384315" lon="18.787139"><time>2026-05-23T11:54:30.000Z</time></trkpt>
<trkpt lat="54.384267" lon="18.787205"><time>2026-05-23T11:54:32.000Z</time></trkpt>
<trkpt lat="54.384216" lon="18.787265"><time>2026-05-23T11:54:34.000Z</time></trkpt>
<trkpt lat="54.384166" lon="18.787328"><time>2026-05-23T11:54:36.000Z</time></trkpt>
<trkpt lat="54.384115" lon="18.787393"><time>2026-05-23T11:54:38.000Z</time></trkpt>
<trkpt lat="54.384062" lon="18.787449"><time>2026-05-23T11:54:40.000Z</time></trkpt>
<trkpt lat="54.384010" lon="18.787504"><time>2026-05-23T11:54:42.000Z</time></trkpt>
<trkpt lat="54.383959" lon="18.787566"><time>2026-05-23T11:54:44.000Z</time></trkpt>
<trkpt lat="54.383909" lon="18.787628"><time>2026-05-23T11:54:46.000Z</time></trkpt>
<trkpt lat="54.383860" lon="18.787689"><time>2026-05-23T11:54:48.000Z</time></trkpt>
<trkpt lat="54.383811" lon="18.787743"><time>2026-05-23T11:54:50.000Z</time></trkpt>
<trkpt lat="54.383759" lon="18.787791"><time>2026-05-23T11:54:52.000Z</time></trkpt>
<trkpt lat="54.383709" lon="18.787844"><time>2026-05-23T11:54:54.000Z</time></trkpt>
<trkpt lat="54.383659" lon="18.787902"><time>2026-05-23T11:54:56.000Z</time></trkpt>
<trkpt lat="54.383611" lon="18.787966"><time>2026-05-23T11:54:58.000Z</time></trkpt>
<trkpt lat="54.383564" lon="18.788034"><time>2026-05-23T11:55:00.000Z</time></trkpt>
<trkpt lat="54.383512" lon="18.788089"><time>2026-05-23T11:55:02.000Z</time></trkpt>
<trkpt lat="54.383455" lon="18.788134"><time>2026-05-23T11:55:04.000Z</time></trkpt>
<trkpt lat="54.383400" lon="18.788182"><time>2026-05-23T11:55:06.000Z</time></trkpt>
<trkpt lat="54.383347" lon="18.788236"><time>2026-05-23T11:55:08.000Z</time></trkpt>
<trkpt lat="54.383296" lon="18.788295"><time>2026-05-23T11:55:10.000Z</time></trkpt>
<trkpt lat="54.383243" lon="18.788349"><time>2026-05-23T11:55:12.000Z</time></trkpt>
<trkpt lat="54.383190" lon="18.788406"><time>2026-05-23T11:55:14.000Z</time></trkpt>
<trkpt lat="54.383141" lon="18.788468"><time>2026-05-23T11:55:16.000Z</time></trkpt>
<trkpt lat="54.383090" lon="18.788529"><time>2026-05-23T11:55:18.000Z</time></trkpt>
<trkpt lat="54.383036" lon="18.788587"><time>2026-05-23T11:55:20.000Z</time></trkpt>
<trkpt lat="54.382983" lon="18.788643"><time>2026-05-23T11:55:22.000Z</time></trkpt>
<trkpt lat="54.382932" lon="18.788701"><time>2026-05-23T11:55:24.000Z</time></trkpt>
<trkpt lat="54.382854" lon="18.788793"><time>2026-05-23T11:55:26.900Z</time></trkpt>
<trkpt lat="54.382804" lon="18.788854"><time>2026-05-23T11:55:28.900Z</time></trkpt>
<trkpt lat="54.382753" lon="18.788912"><time>2026-05-23T11:55:30.900Z</time></trkpt>
<trkpt lat="54.382699" lon="18.788971"><time>2026-05-23T11:55:32.900Z</time></trkpt>
<trkpt lat="54.382645" lon="18.789022"><time>2026-05-23T11:55:34.900Z</time></trkpt>
<trkpt lat="54.382591" lon="18.789069"><time>2026-05-23T11:55:36.900Z</time></trkpt>
<trkpt lat="54.382538" lon="18.789117"><time>2026-05-23T11:55:38.900Z</time></trkpt>
<trkpt lat="54.382484" lon="18.789167"><time>2026-05-23T11:55:40.900Z</time></trkpt>
<trkpt lat="54.382432" lon="18.789226"><time>2026-05-23T11:55:42.900Z</time></trkpt>
<trkpt lat="54.382381" lon="18.789286"><time>2026-05-23T11:55:44.900Z</time></trkpt>
<trkpt lat="54.382329" lon="18.789340"><time>2026-05-23T11:55:46.900Z</time></trkpt>
<trkpt lat="54.382274" lon="18.789387"><time>2026-05-23T11:55:48.900Z</time></trkpt>
<trkpt lat="54.382220" lon="18.789437"><time>2026-05-23T11:55:50.900Z</time></trkpt>
<trkpt lat="54.382168" lon="18.789488"><time>2026-05-23T11:55:52.900Z</time></trkpt>
<trkpt lat="54.382116" lon="18.789543"><time>2026-05-23T11:55:54.900Z</time></trkpt>
<trkpt lat="54.382063" lon="18.789603"><time>2026-05-23T11:55:56.900Z</time></trkpt>
<trkpt lat="54.382009" lon="18.789662"><time>2026-05-23T11:55:58.900Z</time></trkpt>
<trkpt lat="54.381952" lon="18.789717"><time>2026-05-23T11:56:00.900Z</time></trkpt>
<trkpt lat="54.381898" lon="18.789774"><time>2026-05-23T11:56:02.900Z</time></trkpt>
<trkpt lat="54.381843" lon="18.789824"><time>2026-05-23T11:56:04.900Z</time></trkpt>
<trkpt lat="54.381788" lon="18.789871"><time>2026-05-23T11:56:06.900Z</time></trkpt>
<trkpt lat="54.381735" lon="18.789922"><time>2026-05-23T11:56:08.900Z</time></trkpt>
<trkpt lat="54.381683" lon="18.789978"><time>2026-05-23T11:56:10.900Z</time></trkpt>
<trkpt lat="54.381633" lon="18.790035"><time>2026-05-23T11:56:12.900Z</time></trkpt>
<trkpt lat="54.381579" lon="18.790091"><time>2026-05-23T11:56:14.900Z</time></trkpt>
<trkpt lat="54.381528" lon="18.790154"><time>2026-05-23T11:56:16.900Z</time></trkpt>
<trkpt lat="54.381475" lon="18.790210"><time>2026-05-23T11:56:18.900Z</time></trkpt>
<trkpt lat="54.381419" lon="18.790257"><time>2026-05-23T11:56:20.900Z</time></trkpt>
<trkpt lat="54.381363" lon="18.790305"><time>2026-05-23T11:56:22.900Z</time></trkpt>
<trkpt lat="54.381312" lon="18.790361"><time>2026-05-23T11:56:24.900Z</time></trkpt>
<trkpt lat="54.381260" lon="18.790418"><time>2026-05-23T11:56:26.900Z</time></trkpt>
<trkpt lat="54.381220" lon="18.790468"><time>2026-05-23T11:56:28.900Z</time></trkpt>
<trkpt lat="54.381165" lon="18.790516"><time>2026-05-23T11:56:30.900Z</time></trkpt>
<trkpt lat="54.381103" lon="18.790554"><time>2026-05-23T11:56:32.900Z</time></trkpt>
<trkpt lat="54.381074" lon="18.790572"><time>2026-05-23T11:56:34.000Z</time></trkpt>
<trkpt lat="54.381015" lon="18.790611"><time>2026-05-23T11:56:36.000Z</time></trkpt>
<trkpt lat="54.380960" lon="18.790657"><time>2026-05-23T11:56:38.000Z</time></trkpt>
<trkpt lat="54.380910" lon="18.790713"><time>2026-05-23T11:56:40.000Z</time></trkpt>
<trkpt lat="54.380859" lon="18.790768"><time>2026-05-23T11:56:42.000Z</time></trkpt>
<trkpt lat="54.380807" lon="18.790826"><time>2026-05-23T11:56:44.000Z</time></trkpt>
<trkpt lat="54.380757" lon="18.790886"><time>2026-05-23T11:56:46.000Z</time></trkpt>
<trkpt lat="54.380704" lon="18.790943"><time>2026-05-23T11:56:48.000Z</time></trkpt>
<trkpt lat="54.380651" lon="18.790996"><time>2026-05-23T11:56:50.000Z</time></trkpt>
<trkpt lat="54.380596" lon="18.791050"><time>2026-05-23T11:56:52.000Z</time></trkpt>
<trkpt lat="54.380542" lon="18.791102"><time>2026-05-23T11:56:54.000Z</time></trkpt>
<trkpt lat="54.380485" lon="18.791147"><time>2026-05-23T11:56:56.000Z</time></trkpt>
<trkpt lat="54.380427" lon="18.791190"><time>2026-05-23T11:56:58.000Z</time></trkpt>
<trkpt lat="54.380372" lon="18.791231"><time>2026-05-23T11:57:00.000Z</time></trkpt>
<trkpt lat="54.380317" lon="18.791278"><time>2026-05-23T11:57:02.000Z</time></trkpt>
<trkpt lat="54.380265" lon="18.791320"><time>2026-05-23T11:57:04.000Z</time></trkpt>
<trkpt lat="54.380211" lon="18.791364"><time>2026-05-23T11:57:06.000Z</time></trkpt>
<trkpt lat="54.380157" lon="18.791413"><time>2026-05-23T11:57:08.000Z</time></trkpt>
<trkpt lat="54.380103" lon="18.791468"><time>2026-05-23T11:57:10.000Z</time></trkpt>
<trkpt lat="54.380050" lon="18.791524"><time>2026-05-23T11:57:12.000Z</time></trkpt>
<trkpt lat="54.380001" lon="18.791589"><time>2026-05-23T11:57:14.000Z</time></trkpt>
<trkpt lat="54.379953" lon="18.791653"><time>2026-05-23T11:57:16.000Z</time></trkpt>
<trkpt lat="54.379903" lon="18.791720"><time>2026-05-23T11:57:18.000Z</time></trkpt>
<trkpt lat="54.379846" lon="18.791803"><time>2026-05-23T11:57:20.000Z</time></trkpt>
<trkpt lat="54.379790" lon="18.791864"><time>2026-05-23T11:57:22.000Z</time></trkpt>
<trkpt lat="54.379737" lon="18.791927"><time>2026-05-23T11:57:24.000Z</time></trkpt>
<trkpt lat="54.379685" lon="18.791989"><time>2026-05-23T11:57:26.000Z</time></trkpt>
<trkpt lat="54.379633" lon="18.792054"><time>2026-05-23T11:57:28.000Z</time></trkpt>
<trkpt lat="54.379584" lon="18.792115"><time>2026-05-23T11:57:30.000Z</time></trkpt>
<trkpt lat="54.379538" lon="18.792183"><time>2026-05-23T11:57:32.000Z</time></trkpt>
<trkpt lat="54.379482" lon="18.792249"><time>2026-05-23T11:57:34.000Z</time></trkpt>
<trkpt lat="54.379426" lon="18.792314"><time>2026-05-23T11:57:36.000Z</time></trkpt>
<trkpt lat="54.379335" lon="18.792429"><time>2026-05-23T11:57:38.900Z</time></trkpt>
<trkpt lat="54.379288" lon="18.792518"><time>2026-05-23T11:57:40.900Z</time></trkpt>
<trkpt lat="54.379237" lon="18.792596"><time>2026-05-23T11:57:42.900Z</time></trkpt>
<trkpt lat="54.379199" lon="18.792680"><time>2026-05-23T11:57:44.900Z</time></trkpt>
<trkpt lat="54.379167" lon="18.792767"><time>2026-05-23T11:57:46.900Z</time></trkpt>
<trkpt lat="54.379133" lon="18.792852"><time>2026-05-23T11:57:48.900Z</time></trkpt>
<trkpt lat="54.379111" lon="18.792942"><time>2026-05-23T11:57:50.900Z</time></trkpt>
<trkpt lat="54.379095" lon="18.793033"><time>2026-05-23T11:57:52.900Z</time></trkpt>
<trkpt lat="54.379091" lon="18.793124"><time>2026-05-23T11:57:54.900Z</time></trkpt>
<trkpt lat="54.379091" lon="18.793208"><time>2026-05-23T11:57:56.900Z</time></trkpt>
<trkpt lat="54.379090" lon="18.793285"><time>2026-05-23T11:57:58.900Z</time></trkpt>
<trkpt lat="54.379093" lon="18.793363"><time>2026-05-23T11:58:00.900Z</time></trkpt>
<trkpt lat="54.379102" lon="18.793426"><time>2026-05-23T11:58:02.900Z</time></trkpt>
<trkpt lat="54.379105" lon="18.793495"><time>2026-05-23T11:58:04.900Z</time></trkpt>
<trkpt lat="54.379107" lon="18.793561"><time>2026-05-23T11:58:06.900Z</time></trkpt>
<trkpt lat="54.379113" lon="18.793620"><time>2026-05-23T11:58:08.900Z</time></trkpt>
<trkpt lat="54.379115" lon="18.793671"><time>2026-05-23T11:58:10.900Z</time></trkpt>
<trkpt lat="54.379118" lon="18.793721"><time>2026-05-23T11:58:12.900Z</time></trkpt>
<trkpt lat="54.379117" lon="18.793780"><time>2026-05-23T11:58:14.900Z</time></trkpt>
<trkpt lat="54.379121" lon="18.793826"><time>2026-05-23T11:58:16.900Z</time></trkpt>
<trkpt lat="54.379128" lon="18.793864"><time>2026-05-23T11:58:18.900Z</time></trkpt>
<trkpt lat="54.379132" lon="18.793917"><time>2026-05-23T11:58:20.900Z</time></trkpt>
<trkpt lat="54.379136" lon="18.793963"><time>2026-05-23T11:58:22.900Z</time></trkpt>
<trkpt lat="54.379133" lon="18.794000"><time>2026-05-23T11:58:24.900Z</time></trkpt>
<trkpt lat="54.379132" lon="18.794042"><time>2026-05-23T11:58:26.900Z</time></trkpt>
<trkpt lat="54.379130" lon="18.794080"><time>2026-05-23T11:58:28.900Z</time></trkpt>
<trkpt lat="54.379131" lon="18.794120"><time>2026-05-23T11:58:30.900Z</time></trkpt>
<trkpt lat="54.379132" lon="18.794158"><time>2026-05-23T11:58:32.900Z</time></trkpt>
<trkpt lat="54.379122" lon="18.794200"><time>2026-05-23T11:58:34.900Z</time></trkpt>
<trkpt lat="54.379114" lon="18.794241"><time>2026-05-23T11:58:36.900Z</time></trkpt>
<trkpt lat="54.379116" lon="18.794292"><time>2026-05-23T11:58:39.000Z</time></trkpt>
<trkpt lat="54.379114" lon="18.794331"><time>2026-05-23T11:58:40.000Z</time></trkpt>
<trkpt lat="54.379115" lon="18.794363"><time>2026-05-23T11:58:42.000Z</time></trkpt>
<trkpt lat="54.379114" lon="18.794407"><time>2026-05-23T11:58:44.000Z</time></trkpt>
<trkpt lat="54.379113" lon="18.794453"><time>2026-05-23T11:58:46.000Z</time></trkpt>
<trkpt lat="54.379111" lon="18.794502"><time>2026-05-23T11:58:48.000Z</time></trkpt>
<trkpt lat="54.379108" lon="18.794555"><time>2026-05-23T11:58:50.000Z</time></trkpt>
<trkpt lat="54.379107" lon="18.794601"><time>2026-05-23T11:58:52.000Z</time></trkpt>
<trkpt lat="54.379095" lon="18.794659"><time>2026-05-23T11:58:54.000Z</time></trkpt>
<trkpt lat="54.379098" lon="18.794680"><time>2026-05-23T11:58:56.000Z</time></trkpt>
<trkpt lat="54.379098" lon="18.794722"><time>2026-05-23T11:58:58.000Z</time></trkpt>
<trkpt lat="54.379105" lon="18.794766"><time>2026-05-23T11:59:00.000Z</time></trkpt>
<trkpt lat="54.379113" lon="18.794808"><time>2026-05-23T11:59:02.000Z</time></trkpt>
<trkpt lat="54.379123" lon="18.794844"><time>2026-05-23T11:59:04.000Z</time></trkpt>
<trkpt lat="54.379130" lon="18.794879"><time>2026-05-23T11:59:06.000Z</time></trkpt>
<trkpt lat="54.379136" lon="18.794908"><time>2026-05-23T11:59:08.000Z</time></trkpt>
<trkpt lat="54.379143" lon="18.794927"><time>2026-05-23T11:59:10.000Z</time></trkpt>
<trkpt lat="54.379145" lon="18.794965"><time>2026-05-23T11:59:12.000Z</time></trkpt>
<trkpt lat="54.379140" lon="18.795004"><time>2026-05-23T11:59:14.000Z</time></trkpt>
<trkpt lat="54.379138" lon="18.795036"><time>2026-05-23T11:59:16.000Z</time></trkpt>
<trkpt lat="54.379133" lon="18.795069"><time>2026-05-23T11:59:18.000Z</time></trkpt>
<trkpt lat="54.379125" lon="18.795105"><time>2026-05-23T11:59:20.000Z</time></trkpt>
<trkpt lat="54.379122" lon="18.795135"><time>2026-05-23T11:59:22.000Z</time></trkpt>
<trkpt lat="54.379112" lon="18.795183"><time>2026-05-23T11:59:24.000Z</time></trkpt>
<trkpt lat="54.379102" lon="18.795223"><time>2026-05-23T11:59:26.000Z</time></trkpt>
<trkpt lat="54.379097" lon="18.795269"><time>2026-05-23T11:59:28.000Z</time></trkpt>
<trkpt lat="54.379093" lon="18.795305"><time>2026-05-23T11:59:30.000Z</time></trkpt>
<trkpt lat="54.379086" lon="18.795353"><time>2026-05-23T11:59:32.000Z</time></trkpt>
<trkpt lat="54.379081" lon="18.795408"><time>2026-05-23T11:59:34.000Z</time></trkpt>
<trkpt lat="54.379074" lon="18.795469"><time>2026-05-23T11:59:36.000Z</time></trkpt>
<trkpt lat="54.379069" lon="18.795544"><time>2026-05-23T11:59:38.000Z</time></trkpt>
<trkpt lat="54.379047" lon="18.795630"><time>2026-05-23T11:59:40.900Z</time></trkpt>
<trkpt lat="54.379035" lon="18.795693"><time>2026-05-23T11:59:42.900Z</time></trkpt>
<trkpt lat="54.379023" lon="18.795756"><time>2026-05-23T11:59:44.900Z</time></trkpt>
<trkpt lat="54.379016" lon="18.795813"><time>2026-05-23T11:59:46.900Z</time></trkpt>
<trkpt lat="54.379005" lon="18.795870"><time>2026-05-23T11:59:48.900Z</time></trkpt>
<trkpt lat="54.378990" lon="18.795930"><time>2026-05-23T11:59:50.900Z</time></trkpt>
<trkpt lat="54.378981" lon="18.795992"><time>2026-05-23T11:59:52.900Z</time></trkpt>
<trkpt lat="54.378970" lon="18.796046"><time>2026-05-23T11:59:54.900Z</time></trkpt>
<trkpt lat="54.378956" lon="18.796102"><time>2026-05-23T11:59:56.900Z</time></trkpt>
<trkpt lat="54.378944" lon="18.796162"><time>2026-05-23T11:59:58.900Z</time></trkpt>
<trkpt lat="54.378929" lon="18.796220"><time>2026-05-23T12:00:00.900Z</time></trkpt>
<trkpt lat="54.378921" lon="18.796277"><time>2026-05-23T12:00:02.900Z</time></trkpt>
<trkpt lat="54.378897" lon="18.796397"><time>2026-05-23T12:00:06.900Z</time></trkpt>
<trkpt lat="54.378892" lon="18.796429"><time>2026-05-23T12:00:07.900Z</time></trkpt>
<trkpt lat="54.378885" lon="18.796461"><time>2026-05-23T12:00:08.900Z</time></trkpt>
<trkpt lat="54.378870" lon="18.796520"><time>2026-05-23T12:00:10.900Z</time></trkpt>
<trkpt lat="54.378855" lon="18.796576"><time>2026-05-23T12:00:12.900Z</time></trkpt>
<trkpt lat="54.378842" lon="18.796625"><time>2026-05-23T12:00:14.900Z</time></trkpt>
<trkpt lat="54.378826" lon="18.796693"><time>2026-05-23T12:00:16.900Z</time></trkpt>
<trkpt lat="54.378805" lon="18.796750"><time>2026-05-23T12:00:18.900Z</time></trkpt>
<trkpt lat="54.378791" lon="18.796809"><time>2026-05-23T12:00:20.900Z</time></trkpt>
<trkpt lat="54.378774" lon="18.796865"><time>2026-05-23T12:00:22.900Z</time></trkpt>
<trkpt lat="54.378757" lon="18.796918"><time>2026-05-23T12:00:24.900Z</time></trkpt>
<trkpt lat="54.378741" lon="18.796973"><time>2026-05-23T12:00:26.900Z</time></trkpt>
<trkpt lat="54.378724" lon="18.797031"><time>2026-05-23T12:00:28.900Z</time></trkpt>
<trkpt lat="54.378706" lon="18.797087"><time>2026-05-23T12:00:30.900Z</time></trkpt>
<trkpt lat="54.378687" lon="18.797147"><time>2026-05-23T12:00:32.900Z</time></trkpt>
<trkpt lat="54.378668" lon="18.797206"><time>2026-05-23T12:00:34.900Z</time></trkpt>
<trkpt lat="54.378647" lon="18.797266"><time>2026-05-23T12:00:36.900Z</time></trkpt>
<trkpt lat="54.378628" lon="18.797318"><time>2026-05-23T12:00:38.900Z</time></trkpt>
<trkpt lat="54.378608" lon="18.797380"><time>2026-05-23T12:00:40.900Z</time></trkpt>
<trkpt lat="54.378592" lon="18.797439"><time>2026-05-23T12:00:42.900Z</time></trkpt>
<trkpt lat="54.378589" lon="18.797498"><time>2026-05-23T12:00:45.000Z</time></trkpt>
<trkpt lat="54.378579" lon="18.797529"><time>2026-05-23T12:00:46.000Z</time></trkpt>
<trkpt lat="54.378559" lon="18.797586"><time>2026-05-23T12:00:48.000Z</time></trkpt>
<trkpt lat="54.378535" lon="18.797648"><time>2026-05-23T12:00:50.000Z</time></trkpt>
<trkpt lat="54.378512" lon="18.797709"><time>2026-05-23T12:00:52.000Z</time></trkpt>
<trkpt lat="54.378489" lon="18.797771"><time>2026-05-23T12:00:54.000Z</time></trkpt>
<trkpt lat="54.378466" lon="18.797828"><time>2026-05-23T12:00:56.000Z</time></trkpt>
<trkpt lat="54.378444" lon="18.797887"><time>2026-05-23T12:00:58.000Z</time></trkpt>
<trkpt lat="54.378423" lon="18.797944"><time>2026-05-23T12:01:00.000Z</time></trkpt>
<trkpt lat="54.378401" lon="18.798003"><time>2026-05-23T12:01:02.000Z</time></trkpt>
<trkpt lat="54.378378" lon="18.798062"><time>2026-05-23T12:01:04.000Z</time></trkpt>
<trkpt lat="54.378356" lon="18.798118"><time>2026-05-23T12:01:06.000Z</time></trkpt>
<trkpt lat="54.378332" lon="18.798176"><time>2026-05-23T12:01:08.000Z</time></trkpt>
<trkpt lat="54.378308" lon="18.798232"><time>2026-05-23T12:01:10.000Z</time></trkpt>
<trkpt lat="54.378283" lon="18.798290"><time>2026-05-23T12:01:12.000Z</time></trkpt>
<trkpt lat="54.378259" lon="18.798343"><time>2026-05-23T12:01:14.000Z</time></trkpt>
<trkpt lat="54.378235" lon="18.798398"><time>2026-05-23T12:01:16.000Z</time></trkpt>
<trkpt lat="54.378211" lon="18.798453"><time>2026-05-23T12:01:18.000Z</time></trkpt>
<trkpt lat="54.378185" lon="18.798508"><time>2026-05-23T12:01:20.000Z</time></trkpt>
<trkpt lat="54.378160" lon="18.798568"><time>2026-05-23T12:01:22.000Z</time></trkpt>
<trkpt lat="54.378139" lon="18.798625"><time>2026-05-23T12:01:24.000Z</time></trkpt>
<trkpt lat="54.378118" lon="18.798682"><time>2026-05-23T12:01:26.000Z</time></trkpt>
<trkpt lat="54.378097" lon="18.798737"><time>2026-05-23T12:01:28.000Z</time></trkpt>
<trkpt lat="54.378074" lon="18.798791"><time>2026-05-23T12:01:30.000Z</time></trkpt>
<trkpt lat="54.378050" lon="18.798845"><time>2026-05-23T12:01:32.000Z</time></trkpt>
<trkpt lat="54.378027" lon="18.798900"><time>2026-05-23T12:01:34.000Z</time></trkpt>
<trkpt lat="54.378009" lon="18.798956"><time>2026-05-23T12:01:36.000Z</time></trkpt>
<trkpt lat="54.377991" lon="18.799014"><time>2026-05-23T12:01:38.000Z</time></trkpt>
<trkpt lat="54.377973" lon="18.799070"><time>2026-05-23T12:01:40.000Z</time></trkpt>
<trkpt lat="54.377956" lon="18.799127"><time>2026-05-23T12:01:42.000Z</time></trkpt>
<trkpt lat="54.377933" lon="18.799213"><time>2026-05-23T12:01:44.900Z</time></trkpt>
<trkpt lat="54.377917" lon="18.799268"><time>2026-05-23T12:01:46.900Z</time></trkpt>
<trkpt lat="54.377912" lon="18.799316"><time>2026-05-23T12:01:48.900Z</time></trkpt>
<trkpt lat="54.377921" lon="18.799355"><time>2026-05-23T12:01:50.900Z</time></trkpt>
<trkpt lat="54.377940" lon="18.799389"><time>2026-05-23T12:01:52.900Z</time></trkpt>
<trkpt lat="54.377960" lon="18.799400"><time>2026-05-23T12:01:54.900Z</time></trkpt>
<trkpt lat="54.377986" lon="18.799382"><time>2026-05-23T12:01:56.900Z</time></trkpt>
<trkpt lat="54.378021" lon="18.799370"><time>2026-05-23T12:01:58.900Z</time></trkpt>
<trkpt lat="54.378052" lon="18.799354"><time>2026-05-23T12:02:00.900Z</time></trkpt>
<trkpt lat="54.378071" lon="18.799339"><time>2026-05-23T12:02:02.900Z</time></trkpt>
<trkpt lat="54.378095" lon="18.799316"><time>2026-05-23T12:02:04.900Z</time></trkpt>
<trkpt lat="54.378126" lon="18.799297"><time>2026-05-23T12:02:06.900Z</time></trkpt>
<trkpt lat="54.378157" lon="18.799281"><time>2026-05-23T12:02:08.900Z</time></trkpt>
<trkpt lat="54.378189" lon="18.799265"><time>2026-05-23T12:02:10.900Z</time></trkpt>
<trkpt lat="54.378217" lon="18.799247"><time>2026-05-23T12:02:12.900Z</time></trkpt>
<trkpt lat="54.378245" lon="18.799238"><time>2026-05-23T12:02:14.900Z</time></trkpt>
<trkpt lat="54.378288" lon="18.799234"><time>2026-05-23T12:02:16.900Z</time></trkpt>
<trkpt lat="54.378314" lon="18.799242"><time>2026-05-23T12:02:18.900Z</time></trkpt>
<trkpt lat="54.378347" lon="18.799249"><time>2026-05-23T12:02:20.900Z</time></trkpt>
<trkpt lat="54.378377" lon="18.799253"><time>2026-05-23T12:02:22.900Z</time></trkpt>
<trkpt lat="54.378409" lon="18.799259"><time>2026-05-23T12:02:24.900Z</time></trkpt>
<trkpt lat="54.378440" lon="18.799262"><time>2026-05-23T12:02:26.900Z</time></trkpt>
<trkpt lat="54.378461" lon="18.799270"><time>2026-05-23T12:02:28.900Z</time></trkpt>
<trkpt lat="54.378485" lon="18.799274"><time>2026-05-23T12:02:30.900Z</time></trkpt>
<trkpt lat="54.378513" lon="18.799284"><time>2026-05-23T12:02:32.900Z</time></trkpt>
<trkpt lat="54.378531" lon="18.799297"><time>2026-05-23T12:02:34.900Z</time></trkpt>
<trkpt lat="54.378545" lon="18.799321"><time>2026-05-23T12:02:36.900Z</time></trkpt>
<trkpt lat="54.378557" lon="18.799332"><time>2026-05-23T12:02:38.900Z</time></trkpt>
<trkpt lat="54.378574" lon="18.799344"><time>2026-05-23T12:02:40.900Z</time></trkpt>
<trkpt lat="54.378591" lon="18.799347"><time>2026-05-23T12:02:42.900Z</time></trkpt>
<trkpt lat="54.378618" lon="18.799335"><time>2026-05-23T12:02:44.900Z</time></trkpt>
<trkpt lat="54.378636" lon="18.799310"><time>2026-05-23T12:02:46.900Z</time></trkpt>
<trkpt lat="54.378653" lon="18.799305"><time>2026-05-23T12:02:48.900Z</time></trkpt>
<trkpt lat="54.378662" lon="18.799306"><time>2026-05-23T12:02:50.000Z</time></trkpt>
<trkpt lat="54.378671" lon="18.799302"><time>2026-05-23T12:02:52.000Z</time></trkpt>
<trkpt lat="54.378679" lon="18.799295"><time>2026-05-23T12:02:54.000Z</time></trkpt>
<trkpt lat="54.378686" lon="18.799288"><time>2026-05-23T12:02:56.000Z</time></trkpt>
<trkpt lat="54.378697" lon="18.799280"><time>2026-05-23T12:02:58.000Z</time></trkpt>
<trkpt lat="54.378741" lon="18.799286"><time>2026-05-23T12:03:00.000Z</time></trkpt>
<trkpt lat="54.378776" lon="18.799276"><time>2026-05-23T12:03:02.000Z</time></trkpt>
<trkpt lat="54.378799" lon="18.799262"><time>2026-05-23T12:03:04.000Z</time></trkpt>
<trkpt lat="54.378821" lon="18.799256"><time>2026-05-23T12:03:06.000Z</time></trkpt>
<trkpt lat="54.378846" lon="18.799255"><time>2026-05-23T12:03:08.000Z</time></trkpt>
<trkpt lat="54.378871" lon="18.799256"><time>2026-05-23T12:03:10.000Z</time></trkpt>
<trkpt lat="54.378894" lon="18.799263"><time>2026-05-23T12:03:12.000Z</time></trkpt>
<trkpt lat="54.378918" lon="18.799266"><time>2026-05-23T12:03:14.000Z</time></trkpt>
<trkpt lat="54.378942" lon="18.799266"><time>2026-05-23T12:03:16.000Z</time></trkpt>
<trkpt lat="54.378975" lon="18.799264"><time>2026-05-23T12:03:18.000Z</time></trkpt>
<trkpt lat="54.378995" lon="18.799263"><time>2026-05-23T12:03:20.000Z</time></trkpt>
<trkpt lat="54.379011" lon="18.799260"><time>2026-05-23T12:03:22.000Z</time></trkpt>
<trkpt lat="54.379035" lon="18.799267"><time>2026-05-23T12:03:24.000Z</time></trkpt>
<trkpt lat="54.379049" lon="18.799279"><time>2026-05-23T12:03:26.000Z</time></trkpt>
<trkpt lat="54.379056" lon="18.799274"><time>2026-05-23T12:03:28.000Z</time></trkpt>
<trkpt lat="54.379074" lon="18.799276"><time>2026-05-23T12:03:30.000Z</time></trkpt>
<trkpt lat="54.379091" lon="18.799279"><time>2026-05-23T12:03:32.000Z</time></trkpt>
<trkpt lat="54.379108" lon="18.799280"><time>2026-05-23T12:03:34.000Z</time></trkpt>
<trkpt lat="54.379122" lon="18.799281"><time>2026-05-23T12:03:36.000Z</time></trkpt>
<trkpt lat="54.379137" lon="18.799282"><time>2026-05-23T12:03:38.000Z</time></trkpt>
<trkpt lat="54.379153" lon="18.799280"><time>2026-05-23T12:03:40.000Z</time></trkpt>
<trkpt lat="54.379169" lon="18.799277"><time>2026-05-23T12:03:42.000Z</time></trkpt>
<trkpt lat="54.379183" lon="18.799272"><time>2026-05-23T12:03:44.000Z</time></trkpt>
<trkpt lat="54.379204" lon="18.799257"><time>2026-05-23T12:03:46.900Z</time></trkpt>
<trkpt lat="54.379223" lon="18.799247"><time>2026-05-23T12:03:48.900Z</time></trkpt>
<trkpt lat="54.379245" lon="18.799239"><time>2026-05-23T12:03:50.900Z</time></trkpt>
<trkpt lat="54.379272" lon="18.799231"><time>2026-05-23T12:03:52.900Z</time></trkpt>
<trkpt lat="54.379317" lon="18.799240"><time>2026-05-23T12:03:54.900Z</time></trkpt>
<trkpt lat="54.379345" lon="18.799250"><time>2026-05-23T12:03:56.900Z</time></trkpt>
<trkpt lat="54.379366" lon="18.799252"><time>2026-05-23T12:03:58.900Z</time></trkpt>
<trkpt lat="54.379383" lon="18.799251"><time>2026-05-23T12:04:00.900Z</time></trkpt>
<trkpt lat="54.379384" lon="18.799253"><time>2026-05-23T12:04:02.900Z</time></trkpt>
<trkpt lat="54.379404" lon="18.799251"><time>2026-05-23T12:04:04.900Z</time></trkpt>
<trkpt lat="54.379425" lon="18.799248"><time>2026-05-23T12:04:06.900Z</time></trkpt>
<trkpt lat="54.379444" lon="18.799251"><time>2026-05-23T12:04:08.900Z</time></trkpt>
<trkpt lat="54.379463" lon="18.799260"><time>2026-05-23T12:04:10.900Z</time></trkpt>
<trkpt lat="54.379488" lon="18.799255"><time>2026-05-23T12:04:12.900Z</time></trkpt>
<trkpt lat="54.379516" lon="18.799249"><time>2026-05-23T12:04:14.900Z</time></trkpt>
<trkpt lat="54.379549" lon="18.799251"><time>2026-05-23T12:04:16.900Z</time></trkpt>
<trkpt lat="54.379571" lon="18.799255"><time>2026-05-23T12:04:18.900Z</time></trkpt>
<trkpt lat="54.379594" lon="18.799259"><time>2026-05-23T12:04:20.900Z</time></trkpt>
<trkpt lat="54.379617" lon="18.799254"><time>2026-05-23T12:04:22.900Z</time></trkpt>
<trkpt lat="54.379641" lon="18.799252"><time>2026-05-23T12:04:24.900Z</time></trkpt>
<trkpt lat="54.379665" lon="18.799256"><time>2026-05-23T12:04:26.900Z</time></trkpt>
<trkpt lat="54.379680" lon="18.799261"><time>2026-05-23T12:04:28.900Z</time></trkpt>
<trkpt lat="54.379703" lon="18.799260"><time>2026-05-23T12:04:30.900Z</time></trkpt>
<trkpt lat="54.379730" lon="18.799251"><time>2026-05-23T12:04:32.900Z</time></trkpt>
<trkpt lat="54.379753" lon="18.799258"><time>2026-05-23T12:04:34.900Z</time></trkpt>
<trkpt lat="54.379774" lon="18.799267"><time>2026-05-23T12:04:36.900Z</time></trkpt>
<trkpt lat="54.379795" lon="18.799273"><time>2026-05-23T12:04:38.900Z</time></trkpt>
<trkpt lat="54.379813" lon="18.799282"><time>2026-05-23T12:04:40.900Z</time></trkpt>
<trkpt lat="54.379828" lon="18.799294"><time>2026-05-23T12:04:42.900Z</time></trkpt>
<trkpt lat="54.379856" lon="18.799312"><time>2026-05-23T12:04:44.900Z</time></trkpt>
<trkpt lat="54.379883" lon="18.799320"><time>2026-05-23T12:04:46.900Z</time></trkpt>
<trkpt lat="54.379907" lon="18.799319"><time>2026-05-23T12:04:48.900Z</time></trkpt>
<trkpt lat="54.379929" lon="18.799319"><time>2026-05-23T12:04:50.900Z</time></trkpt>
<trkpt lat="54.379950" lon="18.799319"><time>2026-05-23T12:04:52.900Z</time></trkpt>
<trkpt lat="54.379967" lon="18.799326"><time>2026-05-23T12:04:54.900Z</time></trkpt>
<trkpt lat="54.379975" lon="18.799327"><time>2026-05-23T12:04:56.000Z</time></trkpt>
<trkpt lat="54.379992" lon="18.799330"><time>2026-05-23T12:04:58.000Z</time></trkpt>
<trkpt lat="54.380009" lon="18.799339"><time>2026-05-23T12:05:00.000Z</time></trkpt>
<trkpt lat="54.380028" lon="18.799345"><time>2026-05-23T12:05:02.000Z</time></trkpt>
<trkpt lat="54.380046" lon="18.799345"><time>2026-05-23T12:05:04.000Z</time></trkpt>
<trkpt lat="54.380064" lon="18.799340"><time>2026-05-23T12:05:06.000Z</time></trkpt>
<trkpt lat="54.380083" lon="18.799345"><time>2026-05-23T12:05:08.000Z</time></trkpt>
<trkpt lat="54.380101" lon="18.799346"><time>2026-05-23T12:05:10.000Z</time></trkpt>
<trkpt lat="54.380117" lon="18.799348"><time>2026-05-23T12:05:12.000Z</time></trkpt>
<trkpt lat="54.380135" lon="18.799353"><time>2026-05-23T12:05:14.000Z</time></trkpt>
<trkpt lat="54.380157" lon="18.799353"><time>2026-05-23T12:05:16.000Z</time></trkpt>
<trkpt lat="54.380178" lon="18.799350"><time>2026-05-23T12:05:18.000Z</time></trkpt>
<trkpt lat="54.380195" lon="18.799342"><time>2026-05-23T12:05:20.000Z</time></trkpt>
<trkpt lat="54.380219" lon="18.799349"><time>2026-05-23T12:05:22.000Z</time></trkpt>
<trkpt lat="54.380238" lon="18.799361"><time>2026-05-23T12:05:24.000Z</time></trkpt>
<trkpt lat="54.380253" lon="18.799373"><time>2026-05-23T12:05:26.000Z</time></trkpt>
<trkpt lat="54.380268" lon="18.799386"><time>2026-05-23T12:05:28.000Z</time></trkpt>
<trkpt lat="54.380280" lon="18.799392"><time>2026-05-23T12:05:30.000Z</time></trkpt>
<trkpt lat="54.380289" lon="18.799394"><time>2026-05-23T12:05:32.000Z</time></trkpt>
<trkpt lat="54.380306" lon="18.799407"><time>2026-05-23T12:05:34.000Z</time></trkpt>
<trkpt lat="54.380322" lon="18.799404"><time>2026-05-23T12:05:36.000Z</time></trkpt>
<trkpt lat="54.380340" lon="18.799410"><time>2026-05-23T12:05:38.000Z</time></trkpt>
<trkpt lat="54.380350" lon="18.799412"><time>2026-05-23T12:05:40.000Z</time></trkpt>
<trkpt lat="54.380365" lon="18.799407"><time>2026-05-23T12:05:42.000Z</time></trkpt>
<trkpt lat="54.380379" lon="18.799404"><time>2026-05-23T12:05:44.000Z</time></trkpt>
<trkpt lat="54.380391" lon="18.799401"><time>2026-05-23T12:05:46.000Z</time></trkpt>
<trkpt lat="54.380404" lon="18.799399"><time>2026-05-23T12:05:48.000Z</time></trkpt>
<trkpt lat="54.380415" lon="18.799400"><time>2026-05-23T12:05:50.900Z</time></trkpt>
<trkpt lat="54.380435" lon="18.799397"><time>2026-05-23T12:05:52.900Z</time></trkpt>
<trkpt lat="54.380444" lon="18.799395"><time>2026-05-23T12:05:54.900Z</time></trkpt>
<trkpt lat="54.380448" lon="18.799395"><time>2026-05-23T12:05:56.900Z</time></trkpt>
<trkpt lat="54.380450" lon="18.799394"><time>2026-05-23T12:05:58.900Z</time></trkpt>
<trkpt lat="54.380453" lon="18.799391"><time>2026-05-23T12:06:00.900Z</time></trkpt>
<trkpt lat="54.380478" lon="18.799388"><time>2026-05-23T12:06:02.900Z</time></trkpt>
<trkpt lat="54.380494" lon="18.799390"><time>2026-05-23T12:06:04.900Z</time></trkpt>
<trkpt lat="54.380520" lon="18.799403"><time>2026-05-23T12:06:06.900Z</time></trkpt>
<trkpt lat="54.380535" lon="18.799410"><time>2026-05-23T12:06:08.900Z</time></trkpt>
<trkpt lat="54.380549" lon="18.799411"><time>2026-05-23T12:06:10.900Z</time></trkpt>
<trkpt lat="54.380551" lon="18.799412"><time>2026-05-23T12:06:12.900Z</time></trkpt>
<trkpt lat="54.380563" lon="18.799416"><time>2026-05-23T12:06:14.900Z</time></trkpt>
<trkpt lat="54.380575" lon="18.799422"><time>2026-05-23T12:06:16.900Z</time></trkpt>
<trkpt lat="54.380574" lon="18.799423"><time>2026-05-23T12:06:18.900Z</time></trkpt>
<trkpt lat="54.380578" lon="18.799426"><time>2026-05-23T12:06:20.900Z</time></trkpt>
<trkpt lat="54.380584" lon="18.799431"><time>2026-05-23T12:06:22.900Z</time></trkpt>
<trkpt lat="54.380595" lon="18.799433"><time>2026-05-23T12:06:24.900Z</time></trkpt>
<trkpt lat="54.380598" lon="18.799428"><time>2026-05-23T12:06:26.900Z</time></trkpt>
<trkpt lat="54.380601" lon="18.799420"><time>2026-05-23T12:06:28.900Z</time></trkpt>
<trkpt lat="54.380602" lon="18.799411"><time>2026-05-23T12:06:30.900Z</time></trkpt>
<trkpt lat="54.380608" lon="18.799403"><time>2026-05-23T12:06:32.900Z</time></trkpt>
<trkpt lat="54.380613" lon="18.799394"><time>2026-05-23T12:06:34.900Z</time></trkpt>
<trkpt lat="54.380617" lon="18.799382"><time>2026-05-23T12:06:36.900Z</time></trkpt>
<trkpt lat="54.380628" lon="18.799359"><time>2026-05-23T12:06:38.900Z</time></trkpt>
<trkpt lat="54.380630" lon="18.799344"><time>2026-05-23T12:06:40.900Z</time></trkpt>
<trkpt lat="54.380631" lon="18.799325"><time>2026-05-23T12:06:42.900Z</time></trkpt>
<trkpt lat="54.380630" lon="18.799291"><time>2026-05-23T12:06:44.900Z</time></trkpt>
<trkpt lat="54.380633" lon="18.799288"><time>2026-05-23T12:06:46.900Z</time></trkpt>
<trkpt lat="54.380634" lon="18.799284"><time>2026-05-23T12:06:48.900Z</time></trkpt>
<trkpt lat="54.380642" lon="18.799263"><time>2026-05-23T12:06:50.900Z</time></trkpt>
<trkpt lat="54.380646" lon="18.799247"><time>2026-05-23T12:06:52.900Z</time></trkpt>
<trkpt lat="54.380649" lon="18.799237"><time>2026-05-23T12:06:54.900Z</time></trkpt>
<trkpt lat="54.380656" lon="18.799193"><time>2026-05-23T12:06:56.900Z</time></trkpt>
<trkpt lat="54.380661" lon="18.799170"><time>2026-05-23T12:06:58.900Z</time></trkpt>
<trkpt lat="54.380664" lon="18.799159"><time>2026-05-23T12:07:01.000Z</time></trkpt>
<trkpt lat="54.380665" lon="18.799156"><time>2026-05-23T12:07:02.000Z</time></trkpt>
<trkpt lat="54.380667" lon="18.799132"><time>2026-05-23T12:07:04.000Z</time></trkpt>
<trkpt lat="54.380675" lon="18.799085"><time>2026-05-23T12:07:06.000Z</time></trkpt>
<trkpt lat="54.380682" lon="18.799059"><time>2026-05-23T12:07:08.000Z</time></trkpt>
<trkpt lat="54.380689" lon="18.799046"><time>2026-05-23T12:07:10.000Z</time></trkpt>
<trkpt lat="54.380698" lon="18.799007"><time>2026-05-23T12:07:12.000Z</time></trkpt>
<trkpt lat="54.380708" lon="18.798974"><time>2026-05-23T12:07:14.000Z</time></trkpt>
<trkpt lat="54.380722" lon="18.798949"><time>2026-05-23T12:07:16.000Z</time></trkpt>
<trkpt lat="54.380741" lon="18.798919"><time>2026-05-23T12:07:18.000Z</time></trkpt>
<trkpt lat="54.380760" lon="18.798892"><time>2026-05-23T12:07:20.000Z</time></trkpt>
<trkpt lat="54.380777" lon="18.798865"><time>2026-05-23T12:07:22.000Z</time></trkpt>
<trkpt lat="54.380797" lon="18.798845"><time>2026-05-23T12:07:24.000Z</time></trkpt>
<trkpt lat="54.380825" lon="18.798831"><time>2026-05-23T12:07:26.000Z</time></trkpt>
<trkpt lat="54.380848" lon="18.798826"><time>2026-05-23T12:07:28.000Z</time></trkpt>
<trkpt lat="54.380868" lon="18.798817"><time>2026-05-23T12:07:30.000Z</time></trkpt>
<trkpt lat="54.380888" lon="18.798818"><time>2026-05-23T12:07:32.000Z</time></trkpt>
<trkpt lat="54.380909" lon="18.798814"><time>2026-05-23T12:07:34.000Z</time></trkpt>
<trkpt lat="54.380935" lon="18.798808"><time>2026-05-23T12:07:36.000Z</time></trkpt>
<trkpt lat="54.380955" lon="18.798801"><time>2026-05-23T12:07:38.000Z</time></trkpt>
<trkpt lat="54.380977" lon="18.798792"><time>2026-05-23T12:07:40.000Z</time></trkpt>
<trkpt lat="54.381001" lon="18.798786"><time>2026-05-23T12:07:42.000Z</time></trkpt>
<trkpt lat="54.381025" lon="18.798775"><time>2026-05-23T12:07:44.000Z</time></trkpt>
<trkpt lat="54.381051" lon="18.798771"><time>2026-05-23T12:07:46.000Z</time></trkpt>
<trkpt lat="54.381071" lon="18.798767"><time>2026-05-23T12:07:48.000Z</time></trkpt>
<trkpt lat="54.381093" lon="18.798760"><time>2026-05-23T12:07:50.000Z</time></trkpt>
<trkpt lat="54.381130" lon="18.798745"><time>2026-05-23T12:07:52.900Z</time></trkpt>
<trkpt lat="54.381141" lon="18.798741"><time>2026-05-23T12:07:54.900Z</time></trkpt>
<trkpt lat="54.381167" lon="18.798729"><time>2026-05-23T12:07:56.900Z</time></trkpt>
<trkpt lat="54.381182" lon="18.798727"><time>2026-05-23T12:07:58.900Z</time></trkpt>
<trkpt lat="54.381206" lon="18.798730"><time>2026-05-23T12:08:00.900Z</time></trkpt>
<trkpt lat="54.381223" lon="18.798745"><time>2026-05-23T12:08:02.900Z</time></trkpt>
<trkpt lat="54.381250" lon="18.798749"><time>2026-05-23T12:08:04.900Z</time></trkpt>
<trkpt lat="54.381273" lon="18.798760"><time>2026-05-23T12:08:06.900Z</time></trkpt>
<trkpt lat="54.381286" lon="18.798770"><time>2026-05-23T12:08:08.900Z</time></trkpt>
<trkpt lat="54.381304" lon="18.798770"><time>2026-05-23T12:08:10.900Z</time></trkpt>
<trkpt lat="54.381315" lon="18.798766"><time>2026-05-23T12:08:12.900Z</time></trkpt>
<trkpt lat="54.381330" lon="18.798763"><time>2026-05-23T12:08:14.900Z</time></trkpt>
<trkpt lat="54.381346" lon="18.798766"><time>2026-05-23T12:08:16.900Z</time></trkpt>
<trkpt lat="54.381358" lon="18.798765"><time>2026-05-23T12:08:18.900Z</time></trkpt>
<trkpt lat="54.381369" lon="18.798763"><time>2026-05-23T12:08:20.900Z</time></trkpt>
<trkpt lat="54.381384" lon="18.798755"><time>2026-05-23T12:08:22.900Z</time></trkpt>
<trkpt lat="54.381398" lon="18.798757"><time>2026-05-23T12:08:24.900Z</time></trkpt>
<trkpt lat="54.381408" lon="18.798754"><time>2026-05-23T12:08:26.900Z</time></trkpt>
<trkpt lat="54.381419" lon="18.798749"><time>2026-05-23T12:08:28.900Z</time></trkpt>
<trkpt lat="54.381431" lon="18.798739"><time>2026-05-23T12:08:30.900Z</time></trkpt>
<trkpt lat="54.381443" lon="18.798729"><time>2026-05-23T12:08:32.900Z</time></trkpt>
<trkpt lat="54.381455" lon="18.798714"><time>2026-05-23T12:08:34.900Z</time></trkpt>
<trkpt lat="54.381462" lon="18.798706"><time>2026-05-23T12:08:36.900Z</time></trkpt>
<trkpt lat="54.381475" lon="18.798690"><time>2026-05-23T12:08:38.900Z</time></trkpt>
<trkpt lat="54.381492" lon="18.798669"><time>2026-05-23T12:08:40.900Z</time></trkpt>
<trkpt lat="54.381507" lon="18.798652"><time>2026-05-23T12:08:42.900Z</time></trkpt>
<trkpt lat="54.381522" lon="18.798633"><time>2026-05-23T12:08:44.900Z</time></trkpt>
<trkpt lat="54.381535" lon="18.798620"><time>2026-05-23T12:08:46.900Z</time></trkpt>
<trkpt lat="54.381549" lon="18.798607"><time>2026-05-23T12:08:48.900Z</time></trkpt>
<trkpt lat="54.381558" lon="18.798590"><time>2026-05-23T12:08:50.900Z</time></trkpt>
<trkpt lat="54.381570" lon="18.798583"><time>2026-05-23T12:08:52.900Z</time></trkpt>
<trkpt lat="54.381582" lon="18.798572"><time>2026-05-23T12:08:54.900Z</time></trkpt>
<trkpt lat="54.381597" lon="18.798559"><time>2026-05-23T12:08:56.900Z</time></trkpt>
<trkpt lat="54.381615" lon="18.798547"><time>2026-05-23T12:08:58.900Z</time></trkpt>
<trkpt lat="54.381634" lon="18.798534"><time>2026-05-23T12:09:00.900Z</time></trkpt>
<trkpt lat="54.381655" lon="18.798527"><time>2026-05-23T12:09:02.900Z</time></trkpt>
<trkpt lat="54.381676" lon="18.798522"><time>2026-05-23T12:09:04.900Z</time></trkpt>
<trkpt lat="54.381702" lon="18.798520"><time>2026-05-23T12:09:07.000Z</time></trkpt>
<trkpt lat="54.381713" lon="18.798516"><time>2026-05-23T12:09:08.000Z</time></trkpt>
<trkpt lat="54.381741" lon="18.798511"><time>2026-05-23T12:09:10.000Z</time></trkpt>
<trkpt lat="54.381765" lon="18.798508"><time>2026-05-23T12:09:12.000Z</time></trkpt>
<trkpt lat="54.381791" lon="18.798512"><time>2026-05-23T12:09:14.000Z</time></trkpt>
<trkpt lat="54.381816" lon="18.798513"><time>2026-05-23T12:09:16.000Z</time></trkpt>
<trkpt lat="54.381839" lon="18.798510"><time>2026-05-23T12:09:18.000Z</time></trkpt>
<trkpt lat="54.381868" lon="18.798515"><time>2026-05-23T12:09:20.000Z</time></trkpt>
<trkpt lat="54.381891" lon="18.798517"><time>2026-05-23T12:09:22.000Z</time></trkpt>
<trkpt lat="54.381914" lon="18.798520"><time>2026-05-23T12:09:24.000Z</time></trkpt>
<trkpt lat="54.381939" lon="18.798521"><time>2026-05-23T12:09:26.000Z</time></trkpt>
<trkpt lat="54.381963" lon="18.798523"><time>2026-05-23T12:09:28.000Z</time></trkpt>
<trkpt lat="54.381990" lon="18.798522"><time>2026-05-23T12:09:30.000Z</time></trkpt>
<trkpt lat="54.382014" lon="18.798526"><time>2026-05-23T12:09:32.000Z</time></trkpt>
<trkpt lat="54.382040" lon="18.798526"><time>2026-05-23T12:09:34.000Z</time></trkpt>
<trkpt lat="54.382065" lon="18.798516"><time>2026-05-23T12:09:36.000Z</time></trkpt>
<trkpt lat="54.382092" lon="18.798501"><time>2026-05-23T12:09:38.000Z</time></trkpt>
<trkpt lat="54.382116" lon="18.798481"><time>2026-05-23T12:09:40.000Z</time></trkpt>
<trkpt lat="54.382146" lon="18.798467"><time>2026-05-23T12:09:42.000Z</time></trkpt>
<trkpt lat="54.382178" lon="18.798455"><time>2026-05-23T12:09:44.000Z</time></trkpt>
<trkpt lat="54.382214" lon="18.798449"><time>2026-05-23T12:09:46.000Z</time></trkpt>
<trkpt lat="54.382254" lon="18.798445"><time>2026-05-23T12:09:48.000Z</time></trkpt>
<trkpt lat="54.382285" lon="18.798441"><time>2026-05-23T12:09:50.000Z</time></trkpt>
<trkpt lat="54.382319" lon="18.798440"><time>2026-05-23T12:09:52.000Z</time></trkpt>
<trkpt lat="54.382349" lon="18.798443"><time>2026-05-23T12:09:54.000Z</time></trkpt>
<trkpt lat="54.382377" lon="18.798453"><time>2026-05-23T12:09:56.000Z</time></trkpt>
<trkpt lat="54.382420" lon="18.798482"><time>2026-05-23T12:09:58.900Z</time></trkpt>
<trkpt lat="54.382445" lon="18.798503"><time>2026-05-23T12:10:00.900Z</time></trkpt>
<trkpt lat="54.382467" lon="18.798520"><time>2026-05-23T12:10:02.900Z</time></trkpt>
<trkpt lat="54.382488" lon="18.798533"><time>2026-05-23T12:10:04.900Z</time></trkpt>
<trkpt lat="54.382504" lon="18.798535"><time>2026-05-23T12:10:06.900Z</time></trkpt>
<trkpt lat="54.382522" lon="18.798545"><time>2026-05-23T12:10:08.900Z</time></trkpt>
<trkpt lat="54.382541" lon="18.798553"><time>2026-05-23T12:10:10.900Z</time></trkpt>
<trkpt lat="54.382553" lon="18.798542"><time>2026-05-23T12:10:12.900Z</time></trkpt>
<trkpt lat="54.382570" lon="18.798534"><time>2026-05-23T12:10:14.900Z</time></trkpt>
<trkpt lat="54.382580" lon="18.798526"><time>2026-05-23T12:10:16.900Z</time></trkpt>
<trkpt lat="54.382587" lon="18.798521"><time>2026-05-23T12:10:18.900Z</time></trkpt>
<trkpt lat="54.382607" lon="18.798505"><time>2026-05-23T12:10:20.900Z</time></trkpt>
<trkpt lat="54.382624" lon="18.798495"><time>2026-05-23T12:10:22.900Z</time></trkpt>
<trkpt lat="54.382641" lon="18.798485"><time>2026-05-23T12:10:24.900Z</time></trkpt>
<trkpt lat="54.382658" lon="18.798475"><time>2026-05-23T12:10:26.900Z</time></trkpt>
<trkpt lat="54.382673" lon="18.798467"><time>2026-05-23T12:10:28.900Z</time></trkpt>
<trkpt lat="54.382694" lon="18.798452"><time>2026-05-23T12:10:30.900Z</time></trkpt>
<trkpt lat="54.382715" lon="18.798440"><time>2026-05-23T12:10:32.900Z</time></trkpt>
<trkpt lat="54.382733" lon="18.798425"><time>2026-05-23T12:10:34.900Z</time></trkpt>
<trkpt lat="54.382752" lon="18.798411"><time>2026-05-23T12:10:36.900Z</time></trkpt>
<trkpt lat="54.382772" lon="18.798396"><time>2026-05-23T12:10:38.900Z</time></trkpt>
<trkpt lat="54.382787" lon="18.798389"><time>2026-05-23T12:10:40.900Z</time></trkpt>
<trkpt lat="54.382810" lon="18.798371"><time>2026-05-23T12:10:42.900Z</time></trkpt>
<trkpt lat="54.382828" lon="18.798344"><time>2026-05-23T12:10:44.900Z</time></trkpt>
<trkpt lat="54.382843" lon="18.798315"><time>2026-05-23T12:10:46.900Z</time></trkpt>
<trkpt lat="54.382865" lon="18.798284"><time>2026-05-23T12:10:48.900Z</time></trkpt>
<trkpt lat="54.382880" lon="18.798254"><time>2026-05-23T12:10:50.900Z</time></trkpt>
<trkpt lat="54.382897" lon="18.798223"><time>2026-05-23T12:10:52.900Z</time></trkpt>
<trkpt lat="54.382920" lon="18.798192"><time>2026-05-23T12:10:54.900Z</time></trkpt>
<trkpt lat="54.382942" lon="18.798154"><time>2026-05-23T12:10:56.900Z</time></trkpt>
<trkpt lat="54.382962" lon="18.798117"><time>2026-05-23T12:10:58.900Z</time></trkpt>
<trkpt lat="54.382986" lon="18.798074"><time>2026-05-23T12:11:00.900Z</time></trkpt>
<trkpt lat="54.382997" lon="18.798028"><time>2026-05-23T12:11:02.900Z</time></trkpt>
<trkpt lat="54.383014" lon="18.797993"><time>2026-05-23T12:11:04.900Z</time></trkpt>
<trkpt lat="54.383032" lon="18.797953"><time>2026-05-23T12:11:06.900Z</time></trkpt>
<trkpt lat="54.383050" lon="18.797908"><time>2026-05-23T12:11:08.900Z</time></trkpt>
<trkpt lat="54.383068" lon="18.797864"><time>2026-05-23T12:11:10.900Z</time></trkpt>
<trkpt lat="54.383072" lon="18.797810"><time>2026-05-23T12:11:13.000Z</time></trkpt>
<trkpt lat="54.383076" lon="18.797782"><time>2026-05-23T12:11:14.000Z</time></trkpt>
<trkpt lat="54.383095" lon="18.797721"><time>2026-05-23T12:11:16.000Z</time></trkpt>
<trkpt lat="54.383106" lon="18.797664"><time>2026-05-23T12:11:18.000Z</time></trkpt>
<trkpt lat="54.383112" lon="18.797595"><time>2026-05-23T12:11:20.000Z</time></trkpt>
<trkpt lat="54.383114" lon="18.797528"><time>2026-05-23T12:11:22.000Z</time></trkpt>
<trkpt lat="54.383117" lon="18.797460"><time>2026-05-23T12:11:24.000Z</time></trkpt>
<trkpt lat="54.383124" lon="18.797399"><time>2026-05-23T12:11:26.000Z</time></trkpt>
<trkpt lat="54.383127" lon="18.797331"><time>2026-05-23T12:11:28.000Z</time></trkpt>
<trkpt lat="54.383131" lon="18.797261"><time>2026-05-23T12:11:30.000Z</time></trkpt>
<trkpt lat="54.383135" lon="18.797189"><time>2026-05-23T12:11:32.000Z</time></trkpt>
<trkpt lat="54.383139" lon="18.797116"><time>2026-05-23T12:11:34.000Z</time></trkpt>
<trkpt lat="54.383141" lon="18.797045"><time>2026-05-23T12:11:36.000Z</time></trkpt>
<trkpt lat="54.383143" lon="18.796973"><time>2026-05-23T12:11:38.000Z</time></trkpt>
<trkpt lat="54.383146" lon="18.796896"><time>2026-05-23T12:11:40.000Z</time></trkpt>
<trkpt lat="54.383152" lon="18.796820"><time>2026-05-23T12:11:42.000Z</time></trkpt>
<trkpt lat="54.383157" lon="18.796752"><time>2026-05-23T12:11:44.000Z</time></trkpt>
<trkpt lat="54.383166" lon="18.796687"><time>2026-05-23T12:11:46.000Z</time></trkpt>
<trkpt lat="54.383175" lon="18.796630"><time>2026-05-23T12:11:48.000Z</time></trkpt>
<trkpt lat="54.383185" lon="18.796563"><time>2026-05-23T12:11:50.000Z</time></trkpt>
<trkpt lat="54.383192" lon="18.796491"><time>2026-05-23T12:11:52.000Z</time></trkpt>
<trkpt lat="54.383197" lon="18.796414"><time>2026-05-23T12:11:54.000Z</time></trkpt>
<trkpt lat="54.383202" lon="18.796332"><time>2026-05-23T12:11:56.000Z</time></trkpt>
<trkpt lat="54.383204" lon="18.796259"><time>2026-05-23T12:11:58.000Z</time></trkpt>
<trkpt lat="54.383211" lon="18.796187"><time>2026-05-23T12:12:00.000Z</time></trkpt>
<trkpt lat="54.383223" lon="18.796078"><time>2026-05-23T12:12:02.900Z</time></trkpt>
<trkpt lat="54.383234" lon="18.796009"><time>2026-05-23T12:12:04.900Z</time></trkpt>
<trkpt lat="54.383246" lon="18.795947"><time>2026-05-23T12:12:06.900Z</time></trkpt>
<trkpt lat="54.383260" lon="18.795877"><time>2026-05-23T12:12:08.900Z</time></trkpt>
<trkpt lat="54.383280" lon="18.795792"><time>2026-05-23T12:12:10.900Z</time></trkpt>
<trkpt lat="54.383296" lon="18.795715"><time>2026-05-23T12:12:12.900Z</time></trkpt>
<trkpt lat="54.383310" lon="18.795638"><time>2026-05-23T12:12:14.900Z</time></trkpt>
<trkpt lat="54.383317" lon="18.795563"><time>2026-05-23T12:12:16.900Z</time></trkpt>
<trkpt lat="54.383324" lon="18.795483"><time>2026-05-23T12:12:18.900Z</time></trkpt>
<trkpt lat="54.383326" lon="18.795405"><time>2026-05-23T12:12:20.900Z</time></trkpt>
<trkpt lat="54.383329" lon="18.795341"><time>2026-05-23T12:12:22.900Z</time></trkpt>
<trkpt lat="54.383333" lon="18.795272"><time>2026-05-23T12:12:24.900Z</time></trkpt>
<trkpt lat="54.383334" lon="18.795195"><time>2026-05-23T12:12:26.900Z</time></trkpt>
<trkpt lat="54.383331" lon="18.795123"><time>2026-05-23T12:12:28.900Z</time></trkpt>
<trkpt lat="54.383324" lon="18.795040"><time>2026-05-23T12:12:30.900Z</time></trkpt>
<trkpt lat="54.383320" lon="18.794951"><time>2026-05-23T12:12:32.900Z</time></trkpt>
<trkpt lat="54.383313" lon="18.794877"><time>2026-05-23T12:12:34.900Z</time></trkpt>
<trkpt lat="54.383308" lon="18.794800"><time>2026-05-23T12:12:36.900Z</time></trkpt>
<trkpt lat="54.383304" lon="18.794717"><time>2026-05-23T12:12:38.900Z</time></trkpt>
<trkpt lat="54.383298" lon="18.794635"><time>2026-05-23T12:12:40.900Z</time></trkpt>
<trkpt lat="54.383295" lon="18.794555"><time>2026-05-23T12:12:42.900Z</time></trkpt>
<trkpt lat="54.383291" lon="18.794490"><time>2026-05-23T12:12:44.900Z</time></trkpt>
<trkpt lat="54.383288" lon="18.794416"><time>2026-05-23T12:12:46.900Z</time></trkpt>
<trkpt lat="54.383282" lon="18.794343"><time>2026-05-23T12:12:48.900Z</time></trkpt>
<trkpt lat="54.383277" lon="18.794270"><time>2026-05-23T12:12:50.900Z</time></trkpt>
<trkpt lat="54.383273" lon="18.794198"><time>2026-05-23T12:12:52.900Z</time></trkpt>
<trkpt lat="54.383262" lon="18.794137"><time>2026-05-23T12:12:54.900Z</time></trkpt>
<trkpt lat="54.383255" lon="18.794077"><time>2026-05-23T12:12:56.900Z</time></trkpt>
<trkpt lat="54.383244" lon="18.794010"><time>2026-05-23T12:12:58.900Z</time></trkpt>
<trkpt lat="54.383238" lon="18.793938"><time>2026-05-23T12:13:00.900Z</time></trkpt>
<trkpt lat="54.383232" lon="18.793870"><time>2026-05-23T12:13:02.900Z</time></trkpt>
<trkpt lat="54.383223" lon="18.793802"><time>2026-05-23T12:13:04.900Z</time></trkpt>
<trkpt lat="54.383219" lon="18.793738"><time>2026-05-23T12:13:06.900Z</time></trkpt>
<trkpt lat="54.383214" lon="18.793666"><time>2026-05-23T12:13:08.900Z</time></trkpt>
<trkpt lat="54.383205" lon="18.793596"><time>2026-05-23T12:13:10.900Z</time></trkpt>
<trkpt lat="54.383198" lon="18.793531"><time>2026-05-23T12:13:12.900Z</time></trkpt>
<trkpt lat="54.383200" lon="18.793498"><time>2026-05-23T12:13:14.900Z</time></trkpt>
<trkpt lat="54.383203" lon="18.793456"><time>2026-05-23T12:13:16.900Z</time></trkpt>
<trkpt lat="54.383201" lon="18.793399"><time>2026-05-23T12:13:19.000Z</time></trkpt>
<trkpt lat="54.383203" lon="18.793364"><time>2026-05-23T12:13:20.000Z</time></trkpt>
<trkpt lat="54.383205" lon="18.793298"><time>2026-05-23T12:13:22.000Z</time></trkpt>
<trkpt lat="54.383208" lon="18.793233"><time>2026-05-23T12:13:24.000Z</time></trkpt>
<trkpt lat="54.383205" lon="18.793171"><time>2026-05-23T12:13:26.000Z</time></trkpt>
<trkpt lat="54.383201" lon="18.793120"><time>2026-05-23T12:13:28.000Z</time></trkpt>
<trkpt lat="54.383195" lon="18.793032"><time>2026-05-23T12:13:30.000Z</time></trkpt>
<trkpt lat="54.383205" lon="18.792933"><time>2026-05-23T12:13:32.000Z</time></trkpt>
<trkpt lat="54.383220" lon="18.792857"><time>2026-05-23T12:13:34.000Z</time></trkpt>
<trkpt lat="54.383229" lon="18.792777"><time>2026-05-23T12:13:36.000Z</time></trkpt>
<trkpt lat="54.383237" lon="18.792694"><time>2026-05-23T12:13:38.000Z</time></trkpt>
<trkpt lat="54.383241" lon="18.792625"><time>2026-05-23T12:13:40.000Z</time></trkpt>
<trkpt lat="54.383245" lon="18.792553"><time>2026-05-23T12:13:42.000Z</time></trkpt>
<trkpt lat="54.383253" lon="18.792492"><time>2026-05-23T12:13:44.000Z</time></trkpt>
<trkpt lat="54.383263" lon="18.792459"><time>2026-05-23T12:13:46.000Z</time></trkpt>
<trkpt lat="54.383272" lon="18.792412"><time>2026-05-23T12:13:48.000Z</time></trkpt>
<trkpt lat="54.383282" lon="18.792346"><time>2026-05-23T12:13:50.000Z</time></trkpt>
<trkpt lat="54.383288" lon="18.792282"><time>2026-05-23T12:13:52.000Z</time></trkpt>
<trkpt lat="54.383298" lon="18.792207"><time>2026-05-23T12:13:54.000Z</time></trkpt>
<trkpt lat="54.383316" lon="18.792127"><time>2026-05-23T12:13:56.000Z</time></trkpt>
<trkpt lat="54.383330" lon="18.792052"><time>2026-05-23T12:13:58.000Z</time></trkpt>
<trkpt lat="54.383342" lon="18.791976"><time>2026-05-23T12:14:00.000Z</time></trkpt>
<trkpt lat="54.383350" lon="18.791894"><time>2026-05-23T12:14:02.000Z</time></trkpt>
<trkpt lat="54.383354" lon="18.791811"><time>2026-05-23T12:14:04.000Z</time></trkpt>
<trkpt lat="54.383360" lon="18.791739"><time>2026-05-23T12:14:06.000Z</time></trkpt>
<trkpt lat="54.383368" lon="18.791631"><time>2026-05-23T12:14:08.900Z</time></trkpt>
<trkpt lat="54.383373" lon="18.791564"><time>2026-05-23T12:14:10.900Z</time></trkpt>
<trkpt lat="54.383380" lon="18.791480"><time>2026-05-23T12:14:12.900Z</time></trkpt>
<trkpt lat="54.383388" lon="18.791404"><time>2026-05-23T12:14:14.900Z</time></trkpt>
<trkpt lat="54.383394" lon="18.791323"><time>2026-05-23T12:14:16.900Z</time></trkpt>
<trkpt lat="54.383402" lon="18.791248"><time>2026-05-23T12:14:18.900Z</time></trkpt>
<trkpt lat="54.383412" lon="18.791174"><time>2026-05-23T12:14:20.900Z</time></trkpt>
<trkpt lat="54.383420" lon="18.791100"><time>2026-05-23T12:14:22.900Z</time></trkpt>
<trkpt lat="54.383430" lon="18.791017"><time>2026-05-23T12:14:24.900Z</time></trkpt>
<trkpt lat="54.383438" lon="18.790936"><time>2026-05-23T12:14:26.900Z</time></trkpt>
<trkpt lat="54.383439" lon="18.790854"><time>2026-05-23T12:14:28.900Z</time></trkpt>
<trkpt lat="54.383435" lon="18.790778"><time>2026-05-23T12:14:30.900Z</time></trkpt>
<trkpt lat="54.383428" lon="18.790697"><time>2026-05-23T12:14:32.900Z</time></trkpt>
<trkpt lat="54.383415" lon="18.790629"><time>2026-05-23T12:14:34.900Z</time></trkpt>
<trkpt lat="54.383407" lon="18.790562"><time>2026-05-23T12:14:36.900Z</time></trkpt>
<trkpt lat="54.383391" lon="18.790505"><time>2026-05-23T12:14:38.900Z</time></trkpt>
<trkpt lat="54.383375" lon="18.790448"><time>2026-05-23T12:14:40.900Z</time></trkpt>
<trkpt lat="54.383355" lon="18.790408"><time>2026-05-23T12:14:42.900Z</time></trkpt>
<trkpt lat="54.383327" lon="18.790374"><time>2026-05-23T12:14:44.900Z</time></trkpt>
<trkpt lat="54.383294" lon="18.790351"><time>2026-05-23T12:14:46.900Z</time></trkpt>
<trkpt lat="54.383260" lon="18.790334"><time>2026-05-23T12:14:48.900Z</time></trkpt>
<trkpt lat="54.383230" lon="18.790340"><time>2026-05-23T12:14:50.900Z</time></trkpt>
<trkpt lat="54.383191" lon="18.790348"><time>2026-05-23T12:14:52.900Z</time></trkpt>
<trkpt lat="54.383158" lon="18.790364"><time>2026-05-23T12:14:54.900Z</time></trkpt>
<trkpt lat="54.383130" lon="18.790382"><time>2026-05-23T12:14:56.900Z</time></trkpt>
<trkpt lat="54.383096" lon="18.790397"><time>2026-05-23T12:14:58.900Z</time></trkpt>
<trkpt lat="54.383062" lon="18.790412"><time>2026-05-23T12:15:00.900Z</time></trkpt>
<trkpt lat="54.383029" lon="18.790424"><time>2026-05-23T12:15:02.900Z</time></trkpt>
<trkpt lat="54.382991" lon="18.790433"><time>2026-05-23T12:15:04.900Z</time></trkpt>
<trkpt lat="54.382956" lon="18.790434"><time>2026-05-23T12:15:06.900Z</time></trkpt>
<trkpt lat="54.382917" lon="18.790435"><time>2026-05-23T12:15:08.900Z</time></trkpt>
<trkpt lat="54.382882" lon="18.790430"><time>2026-05-23T12:15:10.900Z</time></trkpt>
<trkpt lat="54.382849" lon="18.790420"><time>2026-05-23T12:15:12.900Z</time></trkpt>
<trkpt lat="54.382813" lon="18.790411"><time>2026-05-23T12:15:14.900Z</time></trkpt>
<trkpt lat="54.382773" lon="18.790406"><time>2026-05-23T12:15:16.900Z</time></trkpt>
<trkpt lat="54.382735" lon="18.790406"><time>2026-05-23T12:15:18.900Z</time></trkpt>
<trkpt lat="54.382699" lon="18.790410"><time>2026-05-23T12:15:20.900Z</time></trkpt>
<trkpt lat="54.382662" lon="18.790421"><time>2026-05-23T12:15:22.900Z</time></trkpt>
<trkpt lat="54.382620" lon="18.790405"><time>2026-05-23T12:15:25.000Z</time></trkpt>
<trkpt lat="54.382599" lon="18.790394"><time>2026-05-23T12:15:26.000Z</time></trkpt>
<trkpt lat="54.382568" lon="18.790371"><time>2026-05-23T12:15:28.000Z</time></trkpt>
<trkpt lat="54.382536" lon="18.790342"><time>2026-05-23T12:15:30.000Z</time></trkpt>
<trkpt lat="54.382498" lon="18.790309"><time>2026-05-23T12:15:32.000Z</time></trkpt>
<trkpt lat="54.382465" lon="18.790275"><time>2026-05-23T12:15:34.000Z</time></trkpt>
<trkpt lat="54.382425" lon="18.790220"><time>2026-05-23T12:15:36.000Z</time></trkpt>
<trkpt lat="54.382387" lon="18.790177"><time>2026-05-23T12:15:38.000Z</time></trkpt>
<trkpt lat="54.382348" lon="18.790149"><time>2026-05-23T12:15:40.000Z</time></trkpt>
<trkpt lat="54.382306" lon="18.790132"><time>2026-05-23T12:15:42.000Z</time></trkpt>
<trkpt lat="54.382265" lon="18.790115"><time>2026-05-23T12:15:44.000Z</time></trkpt>
<trkpt lat="54.382231" lon="18.790098"><time>2026-05-23T12:15:46.000Z</time></trkpt>
<trkpt lat="54.382196" lon="18.790079"><time>2026-05-23T12:15:48.000Z</time></trkpt>
<trkpt lat="54.382159" lon="18.790060"><time>2026-05-23T12:15:50.000Z</time></trkpt>
<trkpt lat="54.382121" lon="18.790037"><time>2026-05-23T12:15:52.000Z</time></trkpt>
<trkpt lat="54.382087" lon="18.790013"><time>2026-05-23T12:15:54.000Z</time></trkpt>
<trkpt lat="54.382050" lon="18.789996"><time>2026-05-23T12:15:56.000Z</time></trkpt>
<trkpt lat="54.382007" lon="18.789985"><time>2026-05-23T12:15:58.000Z</time></trkpt>
<trkpt lat="54.381968" lon="18.789981"><time>2026-05-23T12:16:00.000Z</time></trkpt>
<trkpt lat="54.381932" lon="18.789985"><time>2026-05-23T12:16:02.000Z</time></trkpt>
<trkpt lat="54.381891" lon="18.789991"><time>2026-05-23T12:16:04.000Z</time></trkpt>
<trkpt lat="54.381850" lon="18.789999"><time>2026-05-23T12:16:06.000Z</time></trkpt>
<trkpt lat="54.381814" lon="18.790011"><time>2026-05-23T12:16:08.000Z</time></trkpt>
<trkpt lat="54.381776" lon="18.790026"><time>2026-05-23T12:16:10.000Z</time></trkpt>
<trkpt lat="54.381737" lon="18.790051"><time>2026-05-23T12:16:12.000Z</time></trkpt>
<trkpt lat="54.381680" lon="18.790084"><time>2026-05-23T12:16:14.900Z</time></trkpt>
<trkpt lat="54.381644" lon="18.790099"><time>2026-05-23T12:16:16.900Z</time></trkpt>
<trkpt lat="54.381606" lon="18.790124"><time>2026-05-23T12:16:18.900Z</time></trkpt>
<trkpt lat="54.381571" lon="18.790150"><time>2026-05-23T12:16:20.900Z</time></trkpt>
<trkpt lat="54.381535" lon="18.790176"><time>2026-05-23T12:16:22.900Z</time></trkpt>
<trkpt lat="54.381500" lon="18.790206"><time>2026-05-23T12:16:24.900Z</time></trkpt>
<trkpt lat="54.381466" lon="18.790245"><time>2026-05-23T12:16:26.900Z</time></trkpt>
<trkpt lat="54.381423" lon="18.790295"><time>2026-05-23T12:16:28.900Z</time></trkpt>
<trkpt lat="54.381380" lon="18.790341"><time>2026-05-23T12:16:30.900Z</time></trkpt>
<trkpt lat="54.381354" lon="18.790379"><time>2026-05-23T12:16:32.900Z</time></trkpt>
<trkpt lat="54.381330" lon="18.790412"><time>2026-05-23T12:16:34.900Z</time></trkpt>
<trkpt lat="54.381300" lon="18.790435"><time>2026-05-23T12:16:36.900Z</time></trkpt>
<trkpt lat="54.381270" lon="18.790476"><time>2026-05-23T12:16:38.900Z</time></trkpt>
<trkpt lat="54.381240" lon="18.790517"><time>2026-05-23T12:16:40.900Z</time></trkpt>
<trkpt lat="54.381207" lon="18.790559"><time>2026-05-23T12:16:42.900Z</time></trkpt>
<trkpt lat="54.381174" lon="18.790595"><time>2026-05-23T12:16:44.900Z</time></trkpt>
<trkpt lat="54.381141" lon="18.790632"><time>2026-05-23T12:16:46.900Z</time></trkpt>
<trkpt lat="54.381101" lon="18.790674"><time>2026-05-23T12:16:48.900Z</time></trkpt>
<trkpt lat="54.381059" lon="18.790713"><time>2026-05-23T12:16:50.900Z</time></trkpt>
<trkpt lat="54.381017" lon="18.790758"><time>2026-05-23T12:16:52.900Z</time></trkpt>
<trkpt lat="54.380980" lon="18.790793"><time>2026-05-23T12:16:54.900Z</time></trkpt>
<trkpt lat="54.380944" lon="18.790843"><time>2026-05-23T12:16:56.900Z</time></trkpt>
<trkpt lat="54.380914" lon="18.790894"><time>2026-05-23T12:16:58.900Z</time></trkpt>
<trkpt lat="54.380886" lon="18.790939"><time>2026-05-23T12:17:00.900Z</time></trkpt>
<trkpt lat="54.380866" lon="18.790961"><time>2026-05-23T12:17:02.900Z</time></trkpt>
<trkpt lat="54.380841" lon="18.790988"><time>2026-05-23T12:17:04.900Z</time></trkpt>
<trkpt lat="54.380810" lon="18.791014"><time>2026-05-23T12:17:06.900Z</time></trkpt>
<trkpt lat="54.380778" lon="18.791042"><time>2026-05-23T12:17:08.900Z</time></trkpt>
<trkpt lat="54.380747" lon="18.791071"><time>2026-05-23T12:17:10.900Z</time></trkpt>
<trkpt lat="54.380720" lon="18.791117"><time>2026-05-23T12:17:12.900Z</time></trkpt>
<trkpt lat="54.380690" lon="18.791160"><time>2026-05-23T12:17:14.900Z</time></trkpt>
<trkpt lat="54.380662" lon="18.791204"><time>2026-05-23T12:17:16.900Z</time></trkpt>
<trkpt lat="54.380631" lon="18.791248"><time>2026-05-23T12:17:18.900Z</time></trkpt>
<trkpt lat="54.380601" lon="18.791289"><time>2026-05-23T12:17:20.900Z</time></trkpt>
<trkpt lat="54.380570" lon="18.791328"><time>2026-05-23T12:17:22.900Z</time></trkpt>
<trkpt lat="54.380538" lon="18.791371"><time>2026-05-23T12:17:24.900Z</time></trkpt>
<trkpt lat="54.380511" lon="18.791413"><time>2026-05-23T12:17:26.900Z</time></trkpt>
<trkpt lat="54.380477" lon="18.791446"><time>2026-05-23T12:17:28.900Z</time></trkpt>
<trkpt lat="54.380449" lon="18.791483"><time>2026-05-23T12:17:31.000Z</time></trkpt>
<trkpt lat="54.380429" lon="18.791500"><time>2026-05-23T12:17:32.000Z</time></trkpt>
<trkpt lat="54.380390" lon="18.791541"><time>2026-05-23T12:17:34.000Z</time></trkpt>
<trkpt lat="54.380355" lon="18.791583"><time>2026-05-23T12:17:36.000Z</time></trkpt>
<trkpt lat="54.380322" lon="18.791623"><time>2026-05-23T12:17:38.000Z</time></trkpt>
<trkpt lat="54.380293" lon="18.791660"><time>2026-05-23T12:17:40.000Z</time></trkpt>
<trkpt lat="54.380262" lon="18.791699"><time>2026-05-23T12:17:42.000Z</time></trkpt>
<trkpt lat="54.380228" lon="18.791743"><time>2026-05-23T12:17:44.000Z</time></trkpt>
<trkpt lat="54.380199" lon="18.791785"><time>2026-05-23T12:17:46.000Z</time></trkpt>
<trkpt lat="54.380174" lon="18.791828"><time>2026-05-23T12:17:48.000Z</time></trkpt>
<trkpt lat="54.380148" lon="18.791873"><time>2026-05-23T12:17:50.000Z</time></trkpt>
<trkpt lat="54.380121" lon="18.791915"><time>2026-05-23T12:17:52.000Z</time></trkpt>
<trkpt lat="54.380095" lon="18.791956"><time>2026-05-23T12:17:54.000Z</time></trkpt>
<trkpt lat="54.380064" lon="18.792000"><time>2026-05-23T12:17:56.000Z</time></trkpt>
<trkpt lat="54.380034" lon="18.792042"><time>2026-05-23T12:17:58.000Z</time></trkpt>
<trkpt lat="54.380003" lon="18.792083"><time>2026-05-23T12:18:00.000Z</time></trkpt>
<trkpt lat="54.379970" lon="18.792125"><time>2026-05-23T12:18:02.000Z</time></trkpt>
<trkpt lat="54.379939" lon="18.792170"><time>2026-05-23T12:18:04.000Z</time></trkpt>
<trkpt lat="54.379906" lon="18.792209"><time>2026-05-23T12:18:06.000Z</time></trkpt>
<trkpt lat="54.379875" lon="18.792253"><time>2026-05-23T12:18:08.000Z</time></trkpt>
<trkpt lat="54.379844" lon="18.792302"><time>2026-05-23T12:18:10.000Z</time></trkpt>
<trkpt lat="54.379814" lon="18.792350"><time>2026-05-23T12:18:12.000Z</time></trkpt>
<trkpt lat="54.379784" lon="18.792399"><time>2026-05-23T12:18:14.000Z</time></trkpt>
<trkpt lat="54.379756" lon="18.792449"><time>2026-05-23T12:18:16.000Z</time></trkpt>
<trkpt lat="54.379727" lon="18.792498"><time>2026-05-23T12:18:18.000Z</time></trkpt>
<trkpt lat="54.379686" lon="18.792571"><time>2026-05-23T12:18:20.900Z</time></trkpt>
<trkpt lat="54.379657" lon="18.792621"><time>2026-05-23T12:18:22.900Z</time></trkpt>
<trkpt lat="54.379630" lon="18.792674"><time>2026-05-23T12:18:24.900Z</time></trkpt>
<trkpt lat="54.379603" lon="18.792724"><time>2026-05-23T12:18:26.900Z</time></trkpt>
<trkpt lat="54.379575" lon="18.792777"><time>2026-05-23T12:18:28.900Z</time></trkpt>
<trkpt lat="54.379548" lon="18.792826"><time>2026-05-23T12:18:30.900Z</time></trkpt>
<trkpt lat="54.379521" lon="18.792874"><time>2026-05-23T12:18:32.900Z</time></trkpt>
<trkpt lat="54.379495" lon="18.792918"><time>2026-05-23T12:18:34.900Z</time></trkpt>
<trkpt lat="54.379468" lon="18.792967"><time>2026-05-23T12:18:36.900Z</time></trkpt>
<trkpt lat="54.379438" lon="18.793013"><time>2026-05-23T12:18:38.900Z</time></trkpt>
<trkpt lat="54.379414" lon="18.793057"><time>2026-05-23T12:18:40.900Z</time></trkpt>
<trkpt lat="54.379388" lon="18.793096"><time>2026-05-23T12:18:42.900Z</time></trkpt>
<trkpt lat="54.379357" lon="18.793139"><time>2026-05-23T12:18:44.900Z</time></trkpt>
<trkpt lat="54.379326" lon="18.793185"><time>2026-05-23T12:18:46.900Z</time></trkpt>
<trkpt lat="54.379298" lon="18.793231"><time>2026-05-23T12:18:48.900Z</time></trkpt>
<trkpt lat="54.379267" lon="18.793276"><time>2026-05-23T12:18:50.900Z</time></trkpt>
<trkpt lat="54.379238" lon="18.793325"><time>2026-05-23T12:18:52.900Z</time></trkpt>
<trkpt lat="54.379209" lon="18.793371"><time>2026-05-23T12:18:54.900Z</time></trkpt>
<trkpt lat="54.379178" lon="18.793418"><time>2026-05-23T12:18:56.900Z</time></trkpt>
<trkpt lat="54.379147" lon="18.793463"><time>2026-05-23T12:18:58.900Z</time></trkpt>
<trkpt lat="54.379116" lon="18.793507"><time>2026-05-23T12:19:00.900Z</time></trkpt>
<trkpt lat="54.379087" lon="18.793557"><time>2026-05-23T12:19:02.900Z</time></trkpt>
<trkpt lat="54.379065" lon="18.793612"><time>2026-05-23T12:19:04.900Z</time></trkpt>
<trkpt lat="54.379048" lon="18.793669"><time>2026-05-23T12:19:06.900Z</time></trkpt>
<trkpt lat="54.379042" lon="18.793730"><time>2026-05-23T12:19:08.900Z</time></trkpt>
<trkpt lat="54.379040" lon="18.793790"><time>2026-05-23T12:19:10.900Z</time></trkpt>
<trkpt lat="54.379041" lon="18.793847"><time>2026-05-23T12:19:12.900Z</time></trkpt>
<trkpt lat="54.379051" lon="18.793921"><time>2026-05-23T12:19:14.900Z</time></trkpt>
<trkpt lat="54.379070" lon="18.793956"><time>2026-05-23T12:19:16.900Z</time></trkpt>
<trkpt lat="54.379090" lon="18.793988"><time>2026-05-23T12:19:18.900Z</time></trkpt>
<trkpt lat="54.379109" lon="18.794005"><time>2026-05-23T12:19:20.900Z</time></trkpt>
<trkpt lat="54.379128" lon="18.794001"><time>2026-05-23T12:19:22.900Z</time></trkpt>
<trkpt lat="54.379149" lon="18.794000"><time>2026-05-23T12:19:24.900Z</time></trkpt>
<trkpt lat="54.379174" lon="18.794004"><time>2026-05-23T12:19:26.900Z</time></trkpt>
<trkpt lat="54.379197" lon="18.794002"><time>2026-05-23T12:19:28.900Z</time></trkpt>
<trkpt lat="54.379222" lon="18.793994"><time>2026-05-23T12:19:30.900Z</time></trkpt>
<trkpt lat="54.379243" lon="18.793988"><time>2026-05-23T12:19:32.900Z</time></trkpt>
<trkpt lat="54.379264" lon="18.793978"><time>2026-05-23T12:19:34.900Z</time></trkpt>
<trkpt lat="54.379286" lon="18.793961"><time>2026-05-23T12:19:37.000Z</time></trkpt>
<trkpt lat="54.379297" lon="18.793952"><time>2026-05-23T12:19:38.000Z</time></trkpt>
<trkpt lat="54.379317" lon="18.793925"><time>2026-05-23T12:19:40.000Z</time></trkpt>
<trkpt lat="54.379334" lon="18.793885"><time>2026-05-23T12:19:42.000Z</time></trkpt>
<trkpt lat="54.379357" lon="18.793856"><time>2026-05-23T12:19:44.000Z</time></trkpt>
<trkpt lat="54.379375" lon="18.793821"><time>2026-05-23T12:19:46.000Z</time></trkpt>
<trkpt lat="54.379398" lon="18.793785"><time>2026-05-23T12:19:48.000Z</time></trkpt>
<trkpt lat="54.379421" lon="18.793743"><time>2026-05-23T12:19:50.000Z</time></trkpt>
<trkpt lat="54.379444" lon="18.793703"><time>2026-05-23T12:19:52.000Z</time></trkpt>
<trkpt lat="54.379470" lon="18.793662"><time>2026-05-23T12:19:54.000Z</time></trkpt>
<trkpt lat="54.379493" lon="18.793626"><time>2026-05-23T12:19:56.000Z</time></trkpt>
<trkpt lat="54.379517" lon="18.793590"><time>2026-05-23T12:19:58.000Z</time></trkpt>
<trkpt lat="54.379543" lon="18.793552"><time>2026-05-23T12:20:00.000Z</time></trkpt>
<trkpt lat="54.379568" lon="18.793514"><time>2026-05-23T12:20:02.000Z</time></trkpt>
<trkpt lat="54.379606" lon="18.793451"><time>2026-05-23T12:20:04.000Z</time></trkpt>
<trkpt lat="54.379634" lon="18.793417"><time>2026-05-23T12:20:06.000Z</time></trkpt>
<trkpt lat="54.379660" lon="18.793386"><time>2026-05-23T12:20:08.000Z</time></trkpt>
<trkpt lat="54.379686" lon="18.793355"><time>2026-05-23T12:20:10.000Z</time></trkpt>
<trkpt lat="54.379714" lon="18.793327"><time>2026-05-23T12:20:12.000Z</time></trkpt>
<trkpt lat="54.379742" lon="18.793289"><time>2026-05-23T12:20:14.000Z</time></trkpt>
<trkpt lat="54.379764" lon="18.793250"><time>2026-05-23T12:20:16.000Z</time></trkpt>
<trkpt lat="54.379783" lon="18.793205"><time>2026-05-23T12:20:18.000Z</time></trkpt>
<trkpt lat="54.379801" lon="18.793162"><time>2026-05-23T12:20:20.000Z</time></trkpt>
<trkpt lat="54.379838" lon="18.793093"><time>2026-05-23T12:20:22.900Z</time></trkpt>
<trkpt lat="54.379862" lon="18.793050"><time>2026-05-23T12:20:24.900Z</time></trkpt>
<trkpt lat="54.379883" lon="18.792997"><time>2026-05-23T12:20:26.900Z</time></trkpt>
<trkpt lat="54.379902" lon="18.792951"><time>2026-05-23T12:20:28.900Z</time></trkpt>
<trkpt lat="54.379919" lon="18.792910"><time>2026-05-23T12:20:30.900Z</time></trkpt>
<trkpt lat="54.379937" lon="18.792863"><time>2026-05-23T12:20:32.900Z</time></trkpt>
<trkpt lat="54.379960" lon="18.792812"><time>2026-05-23T12:20:34.900Z</time></trkpt>
<trkpt lat="54.379986" lon="18.792765"><time>2026-05-23T12:20:36.900Z</time></trkpt>
<trkpt lat="54.380023" lon="18.792677"><time>2026-05-23T12:20:40.900Z</time></trkpt>
<trkpt lat="54.380032" lon="18.792654"><time>2026-05-23T12:20:41.900Z</time></trkpt>
<trkpt lat="54.380039" lon="18.792629"><time>2026-05-23T12:20:42.900Z</time></trkpt>
<trkpt lat="54.380055" lon="18.792575"><time>2026-05-23T12:20:44.900Z</time></trkpt>
<trkpt lat="54.380070" lon="18.792522"><time>2026-05-23T12:20:46.900Z</time></trkpt>
<trkpt lat="54.380088" lon="18.792483"><time>2026-05-23T12:20:48.900Z</time></trkpt>
<trkpt lat="54.380110" lon="18.792441"><time>2026-05-23T12:20:50.900Z</time></trkpt>
<trkpt lat="54.380130" lon="18.792402"><time>2026-05-23T12:20:52.900Z</time></trkpt>
<trkpt lat="54.380158" lon="18.792360"><time>2026-05-23T12:20:54.900Z</time></trkpt>
<trkpt lat="54.380183" lon="18.792323"><time>2026-05-23T12:20:56.900Z</time></trkpt>
<trkpt lat="54.380210" lon="18.792273"><time>2026-05-23T12:20:58.900Z</time></trkpt>
<trkpt lat="54.380234" lon="18.792231"><time>2026-05-23T12:21:00.900Z</time></trkpt>
<trkpt lat="54.380256" lon="18.792210"><time>2026-05-23T12:21:02.900Z</time></trkpt>
<trkpt lat="54.380277" lon="18.792189"><time>2026-05-23T12:21:04.900Z</time></trkpt>
<trkpt lat="54.380307" lon="18.792163"><time>2026-05-23T12:21:06.900Z</time></trkpt>
<trkpt lat="54.380338" lon="18.792131"><time>2026-05-23T12:21:08.900Z</time></trkpt>
<trkpt lat="54.380364" lon="18.792100"><time>2026-05-23T12:21:10.900Z</time></trkpt>
<trkpt lat="54.380395" lon="18.792059"><time>2026-05-23T12:21:12.900Z</time></trkpt>
<trkpt lat="54.380425" lon="18.792020"><time>2026-05-23T12:21:14.900Z</time></trkpt>
<trkpt lat="54.380451" lon="18.791985"><time>2026-05-23T12:21:16.900Z</time></trkpt>
<trkpt lat="54.380473" lon="18.791951"><time>2026-05-23T12:21:18.900Z</time></trkpt>
<trkpt lat="54.380497" lon="18.791917"><time>2026-05-23T12:21:20.900Z</time></trkpt>
<trkpt lat="54.380523" lon="18.791877"><time>2026-05-23T12:21:22.900Z</time></trkpt>
<trkpt lat="54.380554" lon="18.791833"><time>2026-05-23T12:21:24.900Z</time></trkpt>
<trkpt lat="54.380582" lon="18.791784"><time>2026-05-23T12:21:26.900Z</time></trkpt>
<trkpt lat="54.380614" lon="18.791737"><time>2026-05-23T12:21:28.900Z</time></trkpt>
<trkpt lat="54.380638" lon="18.791704"><time>2026-05-23T12:21:30.900Z</time></trkpt>
<trkpt lat="54.380665" lon="18.791664"><time>2026-05-23T12:21:32.900Z</time></trkpt>
<trkpt lat="54.380689" lon="18.791624"><time>2026-05-23T12:21:34.900Z</time></trkpt>
<trkpt lat="54.380713" lon="18.791586"><time>2026-05-23T12:21:36.900Z</time></trkpt>
<trkpt lat="54.380739" lon="18.791549"><time>2026-05-23T12:21:38.900Z</time></trkpt>
<trkpt lat="54.380763" lon="18.791516"><time>2026-05-23T12:21:40.900Z</time></trkpt>
<trkpt lat="54.380783" lon="18.791485"><time>2026-05-23T12:21:43.000Z</time></trkpt>
<trkpt lat="54.380792" lon="18.791465"><time>2026-05-23T12:21:44.000Z</time></trkpt>
<trkpt lat="54.380816" lon="18.791428"><time>2026-05-23T12:21:46.000Z</time></trkpt>
<trkpt lat="54.380839" lon="18.791390"><time>2026-05-23T12:21:48.000Z</time></trkpt>
<trkpt lat="54.380861" lon="18.791353"><time>2026-05-23T12:21:50.000Z</time></trkpt>
<trkpt lat="54.380890" lon="18.791308"><time>2026-05-23T12:21:52.000Z</time></trkpt>
<trkpt lat="54.380921" lon="18.791262"><time>2026-05-23T12:21:54.000Z</time></trkpt>
<trkpt lat="54.380951" lon="18.791227"><time>2026-05-23T12:21:56.000Z</time></trkpt>
<trkpt lat="54.380977" lon="18.791200"><time>2026-05-23T12:21:58.000Z</time></trkpt>
<trkpt lat="54.381004" lon="18.791169"><time>2026-05-23T12:22:00.000Z</time></trkpt>
<trkpt lat="54.381028" lon="18.791133"><time>2026-05-23T12:22:02.000Z</time></trkpt>
<trkpt lat="54.381054" lon="18.791103"><time>2026-05-23T12:22:04.000Z</time></trkpt>
<trkpt lat="54.381077" lon="18.791068"><time>2026-05-23T12:22:06.000Z</time></trkpt>
<trkpt lat="54.381102" lon="18.791032"><time>2026-05-23T12:22:08.000Z</time></trkpt>
<trkpt lat="54.381125" lon="18.790995"><time>2026-05-23T12:22:10.000Z</time></trkpt>
<trkpt lat="54.381150" lon="18.790960"><time>2026-05-23T12:22:12.000Z</time></trkpt>
<trkpt lat="54.381176" lon="18.790918"><time>2026-05-23T12:22:14.000Z</time></trkpt>
<trkpt lat="54.381198" lon="18.790889"><time>2026-05-23T12:22:16.000Z</time></trkpt>
<trkpt lat="54.381221" lon="18.790854"><time>2026-05-23T12:22:18.000Z</time></trkpt>
<trkpt lat="54.381241" lon="18.790814"><time>2026-05-23T12:22:20.000Z</time></trkpt>
<trkpt lat="54.381262" lon="18.790775"><time>2026-05-23T12:22:22.000Z</time></trkpt>
<trkpt lat="54.381288" lon="18.790734"><time>2026-05-23T12:22:24.000Z</time></trkpt>
<trkpt lat="54.381319" lon="18.790690"><time>2026-05-23T12:22:26.000Z</time></trkpt>
<trkpt lat="54.381356" lon="18.790637"><time>2026-05-23T12:22:28.900Z</time></trkpt>
<trkpt lat="54.381379" lon="18.790600"><time>2026-05-23T12:22:30.900Z</time></trkpt>
<trkpt lat="54.381394" lon="18.790576"><time>2026-05-23T12:22:32.900Z</time></trkpt>
<trkpt lat="54.381426" lon="18.790535"><time>2026-05-23T12:22:34.900Z</time></trkpt>
<trkpt lat="54.381450" lon="18.790498"><time>2026-05-23T12:22:36.900Z</time></trkpt>
<trkpt lat="54.381480" lon="18.790464"><time>2026-05-23T12:22:38.900Z</time></trkpt>
<trkpt lat="54.381514" lon="18.790433"><time>2026-05-23T12:22:40.900Z</time></trkpt>
<trkpt lat="54.381541" lon="18.790395"><time>2026-05-23T12:22:42.900Z</time></trkpt>
<trkpt lat="54.381575" lon="18.790355"><time>2026-05-23T12:22:44.900Z</time></trkpt>
<trkpt lat="54.381601" lon="18.790317"><time>2026-05-23T12:22:46.900Z</time></trkpt>
<trkpt lat="54.381626" lon="18.790272"><time>2026-05-23T12:22:48.900Z</time></trkpt>
<trkpt lat="54.381652" lon="18.790234"><time>2026-05-23T12:22:50.900Z</time></trkpt>
<trkpt lat="54.381679" lon="18.790200"><time>2026-05-23T12:22:52.900Z</time></trkpt>
<trkpt lat="54.381705" lon="18.790163"><time>2026-05-23T12:22:54.900Z</time></trkpt>
<trkpt lat="54.381730" lon="18.790122"><time>2026-05-23T12:22:56.900Z</time></trkpt>
<trkpt lat="54.381755" lon="18.790077"><time>2026-05-23T12:22:58.900Z</time></trkpt>
<trkpt lat="54.381780" lon="18.790034"><time>2026-05-23T12:23:00.900Z</time></trkpt>
<trkpt lat="54.381807" lon="18.789993"><time>2026-05-23T12:23:02.900Z</time></trkpt>
<trkpt lat="54.381833" lon="18.789947"><time>2026-05-23T12:23:04.900Z</time></trkpt>
<trkpt lat="54.381859" lon="18.789906"><time>2026-05-23T12:23:06.900Z</time></trkpt>
<trkpt lat="54.381885" lon="18.789863"><time>2026-05-23T12:23:08.900Z</time></trkpt>
<trkpt lat="54.381911" lon="18.789825"><time>2026-05-23T12:23:10.900Z</time></trkpt>
<trkpt lat="54.381939" lon="18.789783"><time>2026-05-23T12:23:12.900Z</time></trkpt>
<trkpt lat="54.381971" lon="18.789744"><time>2026-05-23T12:23:14.900Z</time></trkpt>
<trkpt lat="54.381999" lon="18.789704"><time>2026-05-23T12:23:16.900Z</time></trkpt>
<trkpt lat="54.382023" lon="18.789668"><time>2026-05-23T12:23:18.900Z</time></trkpt>
<trkpt lat="54.382051" lon="18.789617"><time>2026-05-23T12:23:20.900Z</time></trkpt>
<trkpt lat="54.382078" lon="18.789582"><time>2026-05-23T12:23:22.900Z</time></trkpt>
<trkpt lat="54.382106" lon="18.789550"><time>2026-05-23T12:23:24.900Z</time></trkpt>
<trkpt lat="54.382136" lon="18.789519"><time>2026-05-23T12:23:26.900Z</time></trkpt>
<trkpt lat="54.382158" lon="18.789481"><time>2026-05-23T12:23:28.900Z</time></trkpt>
<trkpt lat="54.382186" lon="18.789453"><time>2026-05-23T12:23:30.900Z</time></trkpt>
<trkpt lat="54.382218" lon="18.789426"><time>2026-05-23T12:23:32.900Z</time></trkpt>
<trkpt lat="54.382253" lon="18.789392"><time>2026-05-23T12:23:34.900Z</time></trkpt>
<trkpt lat="54.382286" lon="18.789351"><time>2026-05-23T12:23:36.900Z</time></trkpt>
<trkpt lat="54.382316" lon="18.789315"><time>2026-05-23T12:23:38.900Z</time></trkpt>
<trkpt lat="54.382349" lon="18.789284"><time>2026-05-23T12:23:40.900Z</time></trkpt>
<trkpt lat="54.382386" lon="18.789259"><time>2026-05-23T12:23:42.900Z</time></trkpt>
<trkpt lat="54.382422" lon="18.789225"><time>2026-05-23T12:23:44.900Z</time></trkpt>
<trkpt lat="54.382455" lon="18.789188"><time>2026-05-23T12:23:46.900Z</time></trkpt>
<trkpt lat="54.382489" lon="18.789150"><time>2026-05-23T12:23:49.000Z</time></trkpt>
<trkpt lat="54.382503" lon="18.789130"><time>2026-05-23T12:23:50.000Z</time></trkpt>
<trkpt lat="54.382533" lon="18.789094"><time>2026-05-23T12:23:52.000Z</time></trkpt>
<trkpt lat="54.382565" lon="18.789059"><time>2026-05-23T12:23:54.000Z</time></trkpt>
<trkpt lat="54.382598" lon="18.789023"><time>2026-05-23T12:23:56.000Z</time></trkpt>
<trkpt lat="54.382630" lon="18.788987"><time>2026-05-23T12:23:58.000Z</time></trkpt>
<trkpt lat="54.382661" lon="18.788954"><time>2026-05-23T12:24:00.000Z</time></trkpt>
<trkpt lat="54.382695" lon="18.788921"><time>2026-05-23T12:24:02.000Z</time></trkpt>
<trkpt lat="54.382728" lon="18.788893"><time>2026-05-23T12:24:04.000Z</time></trkpt>
<trkpt lat="54.382758" lon="18.788862"><time>2026-05-23T12:24:06.000Z</time></trkpt>
<trkpt lat="54.382790" lon="18.788836"><time>2026-05-23T12:24:08.000Z</time></trkpt>
<trkpt lat="54.382826" lon="18.788806"><time>2026-05-23T12:24:10.000Z</time></trkpt>
<trkpt lat="54.382855" lon="18.788773"><time>2026-05-23T12:24:12.000Z</time></trkpt>
<trkpt lat="54.382880" lon="18.788740"><time>2026-05-23T12:24:14.000Z</time></trkpt>
<trkpt lat="54.382910" lon="18.788710"><time>2026-05-23T12:24:16.000Z</time></trkpt>
<trkpt lat="54.382944" lon="18.788683"><time>2026-05-23T12:24:18.000Z</time></trkpt>
<trkpt lat="54.382979" lon="18.788654"><time>2026-05-23T12:24:20.000Z</time></trkpt>
<trkpt lat="54.383010" lon="18.788625"><time>2026-05-23T12:24:22.000Z</time></trkpt>
<trkpt lat="54.383037" lon="18.788600"><time>2026-05-23T12:24:24.000Z</time></trkpt>
<trkpt lat="54.383061" lon="18.788570"><time>2026-05-23T12:24:26.000Z</time></trkpt>
<trkpt lat="54.383091" lon="18.788543"><time>2026-05-23T12:24:28.000Z</time></trkpt>
<trkpt lat="54.383121" lon="18.788514"><time>2026-05-23T12:24:30.000Z</time></trkpt>
<trkpt lat="54.383165" lon="18.788473"><time>2026-05-23T12:24:32.900Z</time></trkpt>
<trkpt lat="54.383195" lon="18.788446"><time>2026-05-23T12:24:34.900Z</time></trkpt>
<trkpt lat="54.383222" lon="18.788421"><time>2026-05-23T12:24:36.900Z</time></trkpt>
<trkpt lat="54.383249" lon="18.788397"><time>2026-05-23T12:24:38.900Z</time></trkpt>
<trkpt lat="54.383279" lon="18.788375"><time>2026-05-23T12:24:40.900Z</time></trkpt>
<trkpt lat="54.383308" lon="18.788345"><time>2026-05-23T12:24:42.900Z</time></trkpt>
<trkpt lat="54.383337" lon="18.788316"><time>2026-05-23T12:24:44.900Z</time></trkpt>
<trkpt lat="54.383365" lon="18.788290"><time>2026-05-23T12:24:46.900Z</time></trkpt>
<trkpt lat="54.383388" lon="18.788259"><time>2026-05-23T12:24:48.900Z</time></trkpt>
<trkpt lat="54.383414" lon="18.788227"><time>2026-05-23T12:24:50.900Z</time></trkpt>
<trkpt lat="54.383443" lon="18.788205"><time>2026-05-23T12:24:52.900Z</time></trkpt>
<trkpt lat="54.383468" lon="18.788175"><time>2026-05-23T12:24:54.900Z</time></trkpt>
<trkpt lat="54.383494" lon="18.788138"><time>2026-05-23T12:24:56.900Z</time></trkpt>
<trkpt lat="54.383519" lon="18.788104"><time>2026-05-23T12:24:58.900Z</time></trkpt>
<trkpt lat="54.383540" lon="18.788070"><time>2026-05-23T12:25:00.900Z</time></trkpt>
<trkpt lat="54.383559" lon="18.788032"><time>2026-05-23T12:25:02.900Z</time></trkpt>
<trkpt lat="54.383582" lon="18.788000"><time>2026-05-23T12:25:04.900Z</time></trkpt>
<trkpt lat="54.383602" lon="18.787991"><time>2026-05-23T12:25:06.900Z</time></trkpt>
<trkpt lat="54.383618" lon="18.788007"><time>2026-05-23T12:25:08.900Z</time></trkpt>
<trkpt lat="54.383630" lon="18.788029"><time>2026-05-23T12:25:10.900Z</time></trkpt>
<trkpt lat="54.383633" lon="18.788049"><time>2026-05-23T12:25:12.900Z</time></trkpt>
<trkpt lat="54.383628" lon="18.788072"><time>2026-05-23T12:25:14.900Z</time></trkpt>
<trkpt lat="54.383623" lon="18.788103"><time>2026-05-23T12:25:16.900Z</time></trkpt>
<trkpt lat="54.383617" lon="18.788134"><time>2026-05-23T12:25:18.900Z</time></trkpt>
<trkpt lat="54.383600" lon="18.788163"><time>2026-05-23T12:25:20.900Z</time></trkpt>
<trkpt lat="54.383586" lon="18.788184"><time>2026-05-23T12:25:22.900Z</time></trkpt>
<trkpt lat="54.383561" lon="18.788201"><time>2026-05-23T12:25:24.900Z</time></trkpt>
<trkpt lat="54.383541" lon="18.788207"><time>2026-05-23T12:25:26.900Z</time></trkpt>
<trkpt lat="54.383527" lon="18.788227"><time>2026-05-23T12:25:28.900Z</time></trkpt>
<trkpt lat="54.383508" lon="18.788251"><time>2026-05-23T12:25:30.900Z</time></trkpt>
<trkpt lat="54.383484" lon="18.788272"><time>2026-05-23T12:25:32.900Z</time></trkpt>
<trkpt lat="54.383458" lon="18.788297"><time>2026-05-23T12:25:34.900Z</time></trkpt>
<trkpt lat="54.383430" lon="18.788318"><time>2026-05-23T12:25:36.900Z</time></trkpt>
<trkpt lat="54.383402" lon="18.788344"><time>2026-05-23T12:25:38.900Z</time></trkpt>
<trkpt lat="54.383372" lon="18.788370"><time>2026-05-23T12:25:40.900Z</time></trkpt>
<trkpt lat="54.383344" lon="18.788396"><time>2026-05-23T12:25:42.900Z</time></trkpt>
<trkpt lat="54.383314" lon="18.788425"><time>2026-05-23T12:25:44.900Z</time></trkpt>
<trkpt lat="54.383283" lon="18.788454"><time>2026-05-23T12:25:46.900Z</time></trkpt>
<trkpt lat="54.383258" lon="18.788487"><time>2026-05-23T12:25:48.900Z</time></trkpt>
<trkpt lat="54.383225" lon="18.788526"><time>2026-05-23T12:25:50.900Z</time></trkpt>
<trkpt lat="54.383196" lon="18.788565"><time>2026-05-23T12:25:52.900Z</time></trkpt>
<trkpt lat="54.383168" lon="18.788600"><time>2026-05-23T12:25:55.000Z</time></trkpt>
<trkpt lat="54.383154" lon="18.788622"><time>2026-05-23T12:25:56.000Z</time></trkpt>
<trkpt lat="54.383127" lon="18.788655"><time>2026-05-23T12:25:58.000Z</time></trkpt>
<trkpt lat="54.383098" lon="18.788692"><time>2026-05-23T12:26:00.000Z</time></trkpt>
<trkpt lat="54.383070" lon="18.788730"><time>2026-05-23T12:26:02.000Z</time></trkpt>
<trkpt lat="54.383039" lon="18.788773"><time>2026-05-23T12:26:04.000Z</time></trkpt>
<trkpt lat="54.383010" lon="18.788804"><time>2026-05-23T12:26:06.000Z</time></trkpt>
<trkpt lat="54.382979" lon="18.788823"><time>2026-05-23T12:26:08.000Z</time></trkpt>
<trkpt lat="54.382945" lon="18.788841"><time>2026-05-23T12:26:10.000Z</time></trkpt>
<trkpt lat="54.382904" lon="18.788861"><time>2026-05-23T12:26:12.000Z</time></trkpt>
<trkpt lat="54.382862" lon="18.788893"><time>2026-05-23T12:26:14.000Z</time></trkpt>
<trkpt lat="54.382824" lon="18.788923"><time>2026-05-23T12:26:16.000Z</time></trkpt>
<trkpt lat="54.382784" lon="18.788954"><time>2026-05-23T12:26:18.000Z</time></trkpt>
<trkpt lat="54.382753" lon="18.788987"><time>2026-05-23T12:26:20.000Z</time></trkpt>
<trkpt lat="54.382728" lon="18.789031"><time>2026-05-23T12:26:22.000Z</time></trkpt>
<trkpt lat="54.382700" lon="18.789064"><time>2026-05-23T12:26:24.000Z</time></trkpt>
<trkpt lat="54.382672" lon="18.789098"><time>2026-05-23T12:26:26.000Z</time></trkpt>
<trkpt lat="54.382639" lon="18.789135"><time>2026-05-23T12:26:28.000Z</time></trkpt>
<trkpt lat="54.382605" lon="18.789179"><time>2026-05-23T12:26:30.000Z</time></trkpt>
<trkpt lat="54.382574" lon="18.789217"><time>2026-05-23T12:26:32.000Z</time></trkpt>
<trkpt lat="54.382538" lon="18.789257"><time>2026-05-23T12:26:34.000Z</time></trkpt>
<trkpt lat="54.382500" lon="18.789285"><time>2026-05-23T12:26:36.000Z</time></trkpt>
<trkpt lat="54.382459" lon="18.789333"><time>2026-05-23T12:26:38.000Z</time></trkpt>
<trkpt lat="54.382402" lon="18.789390"><time>2026-05-23T12:26:40.900Z</time></trkpt>
<trkpt lat="54.382373" lon="18.789428"><time>2026-05-23T12:26:42.900Z</time></trkpt>
<trkpt lat="54.382342" lon="18.789459"><time>2026-05-23T12:26:44.900Z</time></trkpt>
<trkpt lat="54.382301" lon="18.789489"><time>2026-05-23T12:26:46.900Z</time></trkpt>
<trkpt lat="54.382265" lon="18.789520"><time>2026-05-23T12:26:48.900Z</time></trkpt>
<trkpt lat="54.382233" lon="18.789548"><time>2026-05-23T12:26:50.900Z</time></trkpt>
<trkpt lat="54.382202" lon="18.789584"><time>2026-05-23T12:26:52.900Z</time></trkpt>
<trkpt lat="54.382177" lon="18.789623"><time>2026-05-23T12:26:54.900Z</time></trkpt>
<trkpt lat="54.382140" lon="18.789670"><time>2026-05-23T12:26:56.900Z</time></trkpt>
<trkpt lat="54.382104" lon="18.789717"><time>2026-05-23T12:26:58.900Z</time></trkpt>
<trkpt lat="54.382070" lon="18.789770"><time>2026-05-23T12:27:00.900Z</time></trkpt>
<trkpt lat="54.382041" lon="18.789812"><time>2026-05-23T12:27:02.900Z</time></trkpt>
<trkpt lat="54.382014" lon="18.789851"><time>2026-05-23T12:27:04.900Z</time></trkpt>
<trkpt lat="54.381978" lon="18.789892"><time>2026-05-23T12:27:06.900Z</time></trkpt>
<trkpt lat="54.381940" lon="18.789941"><time>2026-05-23T12:27:08.900Z</time></trkpt>
<trkpt lat="54.381904" lon="18.789984"><time>2026-05-23T12:27:10.900Z</time></trkpt>
<trkpt lat="54.381871" lon="18.790019"><time>2026-05-23T12:27:12.900Z</time></trkpt>
<trkpt lat="54.381834" lon="18.790061"><time>2026-05-23T12:27:14.900Z</time></trkpt>
<trkpt lat="54.381802" lon="18.790099"><time>2026-05-23T12:27:16.900Z</time></trkpt>
<trkpt lat="54.381768" lon="18.790134"><time>2026-05-23T12:27:18.900Z</time></trkpt>
<trkpt lat="54.381736" lon="18.790174"><time>2026-05-23T12:27:20.900Z</time></trkpt>
<trkpt lat="54.381697" lon="18.790207"><time>2026-05-23T12:27:22.900Z</time></trkpt>
<trkpt lat="54.381659" lon="18.790238"><time>2026-05-23T12:27:24.900Z</time></trkpt>
<trkpt lat="54.381626" lon="18.790268"><time>2026-05-23T12:27:26.900Z</time></trkpt>
<trkpt lat="54.381592" lon="18.790301"><time>2026-05-23T12:27:28.900Z</time></trkpt>
<trkpt lat="54.381561" lon="18.790336"><time>2026-05-23T12:27:30.900Z</time></trkpt>
<trkpt lat="54.381528" lon="18.790375"><time>2026-05-23T12:27:32.900Z</time></trkpt>
<trkpt lat="54.381494" lon="18.790407"><time>2026-05-23T12:27:34.900Z</time></trkpt>
<trkpt lat="54.381459" lon="18.790432"><time>2026-05-23T12:27:36.900Z</time></trkpt>
<trkpt lat="54.381425" lon="18.790457"><time>2026-05-23T12:27:38.900Z</time></trkpt>
<trkpt lat="54.381389" lon="18.790483"><time>2026-05-23T12:27:40.900Z</time></trkpt>
<trkpt lat="54.381354" lon="18.790511"><time>2026-05-23T12:27:42.900Z</time></trkpt>
<trkpt lat="54.381319" lon="18.790543"><time>2026-05-23T12:27:44.900Z</time></trkpt>
<trkpt lat="54.381284" lon="18.790574"><time>2026-05-23T12:27:46.900Z</time></trkpt>
<trkpt lat="54.381251" lon="18.790604"><time>2026-05-23T12:27:48.900Z</time></trkpt>
<trkpt lat="54.381215" lon="18.790630"><time>2026-05-23T12:27:50.900Z</time></trkpt>
<trkpt lat="54.381181" lon="18.790652"><time>2026-05-23T12:27:52.900Z</time></trkpt>
<trkpt lat="54.381145" lon="18.790677"><time>2026-05-23T12:27:54.900Z</time></trkpt>
<trkpt lat="54.381106" lon="18.790710"><time>2026-05-23T12:27:56.900Z</time></trkpt>
<trkpt lat="54.381067" lon="18.790742"><time>2026-05-23T12:27:58.900Z</time></trkpt>
<trkpt lat="54.381049" lon="18.790761"><time>2026-05-23T12:28:00.000Z</time></trkpt>
<trkpt lat="54.381015" lon="18.790797"><time>2026-05-23T12:28:02.000Z</time></trkpt>
<trkpt lat="54.380990" lon="18.790829"><time>2026-05-23T12:28:04.000Z</time></trkpt>
<trkpt lat="54.380962" lon="18.790864"><time>2026-05-23T12:28:06.000Z</time></trkpt>
<trkpt lat="54.380942" lon="18.790908"><time>2026-05-23T12:28:08.000Z</time></trkpt>
<trkpt lat="54.380914" lon="18.790945"><time>2026-05-23T12:28:10.000Z</time></trkpt>
<trkpt lat="54.380889" lon="18.790989"><time>2026-05-23T12:28:12.000Z</time></trkpt>
<trkpt lat="54.380871" lon="18.791030"><time>2026-05-23T12:28:14.000Z</time></trkpt>
<trkpt lat="54.380849" lon="18.791066"><time>2026-05-23T12:28:16.000Z</time></trkpt>
<trkpt lat="54.380818" lon="18.791098"><time>2026-05-23T12:28:18.000Z</time></trkpt>
<trkpt lat="54.380792" lon="18.791127"><time>2026-05-23T12:28:20.000Z</time></trkpt>
<trkpt lat="54.380768" lon="18.791156"><time>2026-05-23T12:28:22.000Z</time></trkpt>
<trkpt lat="54.380741" lon="18.791195"><time>2026-05-23T12:28:24.000Z</time></trkpt>
<trkpt lat="54.380712" lon="18.791243"><time>2026-05-23T12:28:26.000Z</time></trkpt>
<trkpt lat="54.380685" lon="18.791282"><time>2026-05-23T12:28:28.000Z</time></trkpt>
<trkpt lat="54.380657" lon="18.791316"><time>2026-05-23T12:28:30.000Z</time></trkpt>
<trkpt lat="54.380630" lon="18.791351"><time>2026-05-23T12:28:32.000Z</time></trkpt>
<trkpt lat="54.380606" lon="18.791387"><time>2026-05-23T12:28:34.000Z</time></trkpt>
<trkpt lat="54.380586" lon="18.791418"><time>2026-05-23T12:28:36.000Z</time></trkpt>
<trkpt lat="54.380566" lon="18.791459"><time>2026-05-23T12:28:38.000Z</time></trkpt>
<trkpt lat="54.380540" lon="18.791501"><time>2026-05-23T12:28:40.000Z</time></trkpt>
<trkpt lat="54.380515" lon="18.791541"><time>2026-05-23T12:28:42.000Z</time></trkpt>
<trkpt lat="54.380490" lon="18.791583"><time>2026-05-23T12:28:44.000Z</time></trkpt>
<trkpt lat="54.380453" lon="18.791651"><time>2026-05-23T12:28:46.900Z</time></trkpt>
<trkpt lat="54.380427" lon="18.791693"><time>2026-05-23T12:28:48.900Z</time></trkpt>
<trkpt lat="54.380401" lon="18.791738"><time>2026-05-23T12:28:50.900Z</time></trkpt>
<trkpt lat="54.380375" lon="18.791787"><time>2026-05-23T12:28:52.900Z</time></trkpt>
<trkpt lat="54.380349" lon="18.791834"><time>2026-05-23T12:28:54.900Z</time></trkpt>
<trkpt lat="54.380324" lon="18.791880"><time>2026-05-23T12:28:56.900Z</time></trkpt>
<trkpt lat="54.380301" lon="18.791933"><time>2026-05-23T12:28:58.900Z</time></trkpt>
<trkpt lat="54.380276" lon="18.791982"><time>2026-05-23T12:29:00.900Z</time></trkpt>
<trkpt lat="54.380253" lon="18.792032"><time>2026-05-23T12:29:02.900Z</time></trkpt>
<trkpt lat="54.380230" lon="18.792080"><time>2026-05-23T12:29:04.900Z</time></trkpt>
<trkpt lat="54.380206" lon="18.792132"><time>2026-05-23T12:29:06.900Z</time></trkpt>
<trkpt lat="54.380184" lon="18.792185"><time>2026-05-23T12:29:08.900Z</time></trkpt>
<trkpt lat="54.380162" lon="18.792237"><time>2026-05-23T12:29:10.900Z</time></trkpt>
<trkpt lat="54.380143" lon="18.792290"><time>2026-05-23T12:29:12.900Z</time></trkpt>
<trkpt lat="54.380124" lon="18.792344"><time>2026-05-23T12:29:14.900Z</time></trkpt>
<trkpt lat="54.380103" lon="18.792396"><time>2026-05-23T12:29:16.900Z</time></trkpt>
<trkpt lat="54.380084" lon="18.792447"><time>2026-05-23T12:29:18.900Z</time></trkpt>
<trkpt lat="54.380065" lon="18.792500"><time>2026-05-23T12:29:20.900Z</time></trkpt>
<trkpt lat="54.380050" lon="18.792552"><time>2026-05-23T12:29:22.900Z</time></trkpt>
<trkpt lat="54.380031" lon="18.792605"><time>2026-05-23T12:29:24.900Z</time></trkpt>
<trkpt lat="54.380013" lon="18.792658"><time>2026-05-23T12:29:26.900Z</time></trkpt>
<trkpt lat="54.379997" lon="18.792711"><time>2026-05-23T12:29:28.900Z</time></trkpt>
<trkpt lat="54.379982" lon="18.792767"><time>2026-05-23T12:29:30.900Z</time></trkpt>
<trkpt lat="54.379969" lon="18.792823"><time>2026-05-23T12:29:32.900Z</time></trkpt>
<trkpt lat="54.379954" lon="18.792871"><time>2026-05-23T12:29:34.900Z</time></trkpt>
<trkpt lat="54.379942" lon="18.792919"><time>2026-05-23T12:29:36.900Z</time></trkpt>
<trkpt lat="54.379930" lon="18.792977"><time>2026-05-23T12:29:38.900Z</time></trkpt>
<trkpt lat="54.379924" lon="18.793041"><time>2026-05-23T12:29:40.900Z</time></trkpt>
<trkpt lat="54.379922" lon="18.793101"><time>2026-05-23T12:29:42.900Z</time></trkpt>
<trkpt lat="54.379928" lon="18.793150"><time>2026-05-23T12:29:44.900Z</time></trkpt>
<trkpt lat="54.379942" lon="18.793183"><time>2026-05-23T12:29:46.900Z</time></trkpt>
<trkpt lat="54.379956" lon="18.793178"><time>2026-05-23T12:29:48.900Z</time></trkpt>
<trkpt lat="54.379965" lon="18.793170"><time>2026-05-23T12:29:50.900Z</time></trkpt>
<trkpt lat="54.379993" lon="18.793122"><time>2026-05-23T12:29:52.900Z</time></trkpt>
<trkpt lat="54.380012" lon="18.793076"><time>2026-05-23T12:29:54.900Z</time></trkpt>
<trkpt lat="54.380029" lon="18.793038"><time>2026-05-23T12:29:56.900Z</time></trkpt>
<trkpt lat="54.380046" lon="18.792998"><time>2026-05-23T12:29:58.900Z</time></trkpt>
<trkpt lat="54.380062" lon="18.792948"><time>2026-05-23T12:30:00.900Z</time></trkpt>
<trkpt lat="54.380079" lon="18.792912"><time>2026-05-23T12:30:02.900Z</time></trkpt>
<trkpt lat="54.380093" lon="18.792885"><time>2026-05-23T12:30:04.900Z</time></trkpt>
<trkpt lat="54.380100" lon="18.792867"><time>2026-05-23T12:30:06.000Z</time></trkpt>
<trkpt lat="54.380134" lon="18.792827"><time>2026-05-23T12:30:08.000Z</time></trkpt>
<trkpt lat="54.380157" lon="18.792772"><time>2026-05-23T12:30:10.000Z</time></trkpt>
<trkpt lat="54.380169" lon="18.792739"><time>2026-05-23T12:30:12.000Z</time></trkpt>
<trkpt lat="54.380180" lon="18.792687"><time>2026-05-23T12:30:14.000Z</time></trkpt>
<trkpt lat="54.380193" lon="18.792639"><time>2026-05-23T12:30:16.000Z</time></trkpt>
<trkpt lat="54.380214" lon="18.792571"><time>2026-05-23T12:30:18.000Z</time></trkpt>
<trkpt lat="54.380225" lon="18.792525"><time>2026-05-23T12:30:20.000Z</time></trkpt>
<trkpt lat="54.380233" lon="18.792479"><time>2026-05-23T12:30:22.000Z</time></trkpt>
<trkpt lat="54.380243" lon="18.792421"><time>2026-05-23T12:30:24.000Z</time></trkpt>
<trkpt lat="54.380259" lon="18.792367"><time>2026-05-23T12:30:26.000Z</time></trkpt>
<trkpt lat="54.380270" lon="18.792320"><time>2026-05-23T12:30:28.000Z</time></trkpt>
<trkpt lat="54.380284" lon="18.792280"><time>2026-05-23T12:30:30.000Z</time></trkpt>
<trkpt lat="54.380301" lon="18.792237"><time>2026-05-23T12:30:32.000Z</time></trkpt>
<trkpt lat="54.380329" lon="18.792192"><time>2026-05-23T12:30:34.000Z</time></trkpt>
<trkpt lat="54.380355" lon="18.792151"><time>2026-05-23T12:30:36.000Z</time></trkpt>
<trkpt lat="54.380375" lon="18.792112"><time>2026-05-23T12:30:38.000Z</time></trkpt>
<trkpt lat="54.380397" lon="18.792071"><time>2026-05-23T12:30:40.000Z</time></trkpt>
<trkpt lat="54.380421" lon="18.792030"><time>2026-05-23T12:30:42.000Z</time></trkpt>
<trkpt lat="54.380440" lon="18.791990"><time>2026-05-23T12:30:44.000Z</time></trkpt>
<trkpt lat="54.380462" lon="18.791951"><time>2026-05-23T12:30:46.000Z</time></trkpt>
<trkpt lat="54.380488" lon="18.791919"><time>2026-05-23T12:30:48.000Z</time></trkpt>
<trkpt lat="54.380532" lon="18.791867"><time>2026-05-23T12:30:50.900Z</time></trkpt>
<trkpt lat="54.380556" lon="18.791822"><time>2026-05-23T12:30:52.900Z</time></trkpt>
<trkpt lat="54.380580" lon="18.791780"><time>2026-05-23T12:30:54.900Z</time></trkpt>
<trkpt lat="54.380604" lon="18.791751"><time>2026-05-23T12:30:56.900Z</time></trkpt>
<trkpt lat="54.380624" lon="18.791717"><time>2026-05-23T12:30:58.900Z</time></trkpt>
<trkpt lat="54.380657" lon="18.791668"><time>2026-05-23T12:31:00.900Z</time></trkpt>
<trkpt lat="54.380686" lon="18.791625"><time>2026-05-23T12:31:02.900Z</time></trkpt>
<trkpt lat="54.380710" lon="18.791587"><time>2026-05-23T12:31:04.900Z</time></trkpt>
<trkpt lat="54.380727" lon="18.791553"><time>2026-05-23T12:31:06.900Z</time></trkpt>
<trkpt lat="54.380741" lon="18.791519"><time>2026-05-23T12:31:08.900Z</time></trkpt>
<trkpt lat="54.380761" lon="18.791470"><time>2026-05-23T12:31:10.900Z</time></trkpt>
<trkpt lat="54.380784" lon="18.791444"><time>2026-05-23T12:31:12.900Z</time></trkpt>
<trkpt lat="54.380810" lon="18.791407"><time>2026-05-23T12:31:14.900Z</time></trkpt>
<trkpt lat="54.380837" lon="18.791368"><time>2026-05-23T12:31:16.900Z</time></trkpt>
<trkpt lat="54.380872" lon="18.791328"><time>2026-05-23T12:31:18.900Z</time></trkpt>
<trkpt lat="54.380898" lon="18.791291"><time>2026-05-23T12:31:20.900Z</time></trkpt>
<trkpt lat="54.380923" lon="18.791252"><time>2026-05-23T12:31:22.900Z</time></trkpt>
<trkpt lat="54.380946" lon="18.791220"><time>2026-05-23T12:31:24.900Z</time></trkpt>
<trkpt lat="54.380981" lon="18.791182"><time>2026-05-23T12:31:26.900Z</time></trkpt>
<trkpt lat="54.381014" lon="18.791139"><time>2026-05-23T12:31:28.900Z</time></trkpt>
<trkpt lat="54.381048" lon="18.791089"><time>2026-05-23T12:31:30.900Z</time></trkpt>
<trkpt lat="54.381075" lon="18.791054"><time>2026-05-23T12:31:32.900Z</time></trkpt>
<trkpt lat="54.381104" lon="18.791027"><time>2026-05-23T12:31:34.900Z</time></trkpt>
<trkpt lat="54.381130" lon="18.790989"><time>2026-05-23T12:31:36.900Z</time></trkpt>
<trkpt lat="54.381167" lon="18.790961"><time>2026-05-23T12:31:38.900Z</time></trkpt>
<trkpt lat="54.381201" lon="18.790919"><time>2026-05-23T12:31:40.900Z</time></trkpt>
<trkpt lat="54.381228" lon="18.790883"><time>2026-05-23T12:31:42.900Z</time></trkpt>
<trkpt lat="54.381263" lon="18.790842"><time>2026-05-23T12:31:44.900Z</time></trkpt>
<trkpt lat="54.381299" lon="18.790813"><time>2026-05-23T12:31:46.900Z</time></trkpt>
<trkpt lat="54.381334" lon="18.790779"><time>2026-05-23T12:31:48.900Z</time></trkpt>
<trkpt lat="54.381358" lon="18.790759"><time>2026-05-23T12:31:50.900Z</time></trkpt>
<trkpt lat="54.381399" lon="18.790722"><time>2026-05-23T12:31:52.900Z</time></trkpt>
<trkpt lat="54.381436" lon="18.790697"><time>2026-05-23T12:31:54.900Z</time></trkpt>
<trkpt lat="54.381469" lon="18.790668"><time>2026-05-23T12:31:56.900Z</time></trkpt>
<trkpt lat="54.381506" lon="18.790628"><time>2026-05-23T12:31:58.900Z</time></trkpt>
<trkpt lat="54.381538" lon="18.790590"><time>2026-05-23T12:32:00.900Z</time></trkpt>
<trkpt lat="54.381580" lon="18.790543"><time>2026-05-23T12:32:02.900Z</time></trkpt>
<trkpt lat="54.381620" lon="18.790492"><time>2026-05-23T12:32:04.900Z</time></trkpt>
<trkpt lat="54.381664" lon="18.790446"><time>2026-05-23T12:32:06.900Z</time></trkpt>
<trkpt lat="54.381713" lon="18.790398"><time>2026-05-23T12:32:08.900Z</time></trkpt>
<trkpt lat="54.381761" lon="18.790354"><time>2026-05-23T12:32:11.000Z</time></trkpt>
<trkpt lat="54.381785" lon="18.790332"><time>2026-05-23T12:32:12.000Z</time></trkpt>
<trkpt lat="54.381841" lon="18.790257"><time>2026-05-23T12:32:14.000Z</time></trkpt>
<trkpt lat="54.381895" lon="18.790181"><time>2026-05-23T12:32:16.000Z</time></trkpt>
<trkpt lat="54.381934" lon="18.790131"><time>2026-05-23T12:32:18.000Z</time></trkpt>
<trkpt lat="54.381977" lon="18.790081"><time>2026-05-23T12:32:20.000Z</time></trkpt>
<trkpt lat="54.382017" lon="18.790031"><time>2026-05-23T12:32:22.000Z</time></trkpt>
<trkpt lat="54.382060" lon="18.789966"><time>2026-05-23T12:32:24.000Z</time></trkpt>
<trkpt lat="54.382100" lon="18.789903"><time>2026-05-23T12:32:26.000Z</time></trkpt>
<trkpt lat="54.382143" lon="18.789834"><time>2026-05-23T12:32:28.000Z</time></trkpt>
<trkpt lat="54.382186" lon="18.789766"><time>2026-05-23T12:32:30.000Z</time></trkpt>
<trkpt lat="54.382232" lon="18.789727"><time>2026-05-23T12:32:32.000Z</time></trkpt>
<trkpt lat="54.382277" lon="18.789739"><time>2026-05-23T12:32:34.000Z</time></trkpt>
<trkpt lat="54.382316" lon="18.789796"><time>2026-05-23T12:32:36.000Z</time></trkpt>
<trkpt lat="54.382353" lon="18.789877"><time>2026-05-23T12:32:38.000Z</time></trkpt>
<trkpt lat="54.382339" lon="18.789915"><time>2026-05-23T12:32:40.000Z</time></trkpt>
<trkpt lat="54.382324" lon="18.789966"><time>2026-05-23T12:32:42.000Z</time></trkpt>
<trkpt lat="54.382303" lon="18.790027"><time>2026-05-23T12:32:44.000Z</time></trkpt>
<trkpt lat="54.382283" lon="18.790071"><time>2026-05-23T12:32:46.000Z</time></trkpt>
<trkpt lat="54.382264" lon="18.790103"><time>2026-05-23T12:32:48.000Z</time></trkpt>
<trkpt lat="54.382243" lon="18.790132"><time>2026-05-23T12:32:50.000Z</time></trkpt>
<trkpt lat="54.382215" lon="18.790163"><time>2026-05-23T12:32:52.000Z</time></trkpt>
<trkpt lat="54.382175" lon="18.790204"><time>2026-05-23T12:32:54.900Z</time></trkpt>
<trkpt lat="54.382143" lon="18.790237"><time>2026-05-23T12:32:56.900Z</time></trkpt>
<trkpt lat="54.382110" lon="18.790262"><time>2026-05-23T12:32:58.900Z</time></trkpt>
<trkpt lat="54.382072" lon="18.790286"><time>2026-05-23T12:33:00.900Z</time></trkpt>
<trkpt lat="54.382027" lon="18.790298"><time>2026-05-23T12:33:02.900Z</time></trkpt>
<trkpt lat="54.381989" lon="18.790325"><time>2026-05-23T12:33:04.900Z</time></trkpt>
<trkpt lat="54.381948" lon="18.790356"><time>2026-05-23T12:33:06.900Z</time></trkpt>
<trkpt lat="54.381901" lon="18.790397"><time>2026-05-23T12:33:08.900Z</time></trkpt>
<trkpt lat="54.381849" lon="18.790428"><time>2026-05-23T12:33:10.900Z</time></trkpt>
<trkpt lat="54.381791" lon="18.790455"><time>2026-05-23T12:33:12.900Z</time></trkpt>
<trkpt lat="54.381729" lon="18.790476"><time>2026-05-23T12:33:14.900Z</time></trkpt>
<trkpt lat="54.381681" lon="18.790492"><time>2026-05-23T12:33:16.900Z</time></trkpt>
<trkpt lat="54.381629" lon="18.790503"><time>2026-05-23T12:33:18.900Z</time></trkpt>
<trkpt lat="54.381582" lon="18.790504"><time>2026-05-23T12:33:20.900Z</time></trkpt>
<trkpt lat="54.381533" lon="18.790529"><time>2026-05-23T12:33:22.900Z</time></trkpt>
<trkpt lat="54.381478" lon="18.790576"><time>2026-05-23T12:33:24.900Z</time></trkpt>
<trkpt lat="54.381440" lon="18.790629"><time>2026-05-23T12:33:26.900Z</time></trkpt>
<trkpt lat="54.381402" lon="18.790667"><time>2026-05-23T12:33:28.900Z</time></trkpt>
<trkpt lat="54.381360" lon="18.790710"><time>2026-05-23T12:33:30.900Z</time></trkpt>
<trkpt lat="54.381318" lon="18.790760"><time>2026-05-23T12:33:32.900Z</time></trkpt>
<trkpt lat="54.381274" lon="18.790806"><time>2026-05-23T12:33:34.900Z</time></trkpt>
<trkpt lat="54.381234" lon="18.790848"><time>2026-05-23T12:33:36.900Z</time></trkpt>
<trkpt lat="54.381186" lon="18.790900"><time>2026-05-23T12:33:38.900Z</time></trkpt>
<trkpt lat="54.381141" lon="18.790930"><time>2026-05-23T12:33:40.900Z</time></trkpt>
<trkpt lat="54.381095" lon="18.790968"><time>2026-05-23T12:33:42.900Z</time></trkpt>
<trkpt lat="54.381050" lon="18.791021"><time>2026-05-23T12:33:44.900Z</time></trkpt>
<trkpt lat="54.380997" lon="18.791086"><time>2026-05-23T12:33:46.900Z</time></trkpt>
<trkpt lat="54.380945" lon="18.791151"><time>2026-05-23T12:33:48.900Z</time></trkpt>
<trkpt lat="54.380901" lon="18.791209"><time>2026-05-23T12:33:50.900Z</time></trkpt>
<trkpt lat="54.380861" lon="18.791260"><time>2026-05-23T12:33:52.900Z</time></trkpt>
<trkpt lat="54.380817" lon="18.791309"><time>2026-05-23T12:33:54.900Z</time></trkpt>
<trkpt lat="54.380771" lon="18.791364"><time>2026-05-23T12:33:56.900Z</time></trkpt>
<trkpt lat="54.380721" lon="18.791421"><time>2026-05-23T12:33:58.900Z</time></trkpt>
<trkpt lat="54.380672" lon="18.791479"><time>2026-05-23T12:34:00.900Z</time></trkpt>
<trkpt lat="54.380621" lon="18.791543"><time>2026-05-23T12:34:02.900Z</time></trkpt>
<trkpt lat="54.380579" lon="18.791615"><time>2026-05-23T12:34:04.900Z</time></trkpt>
<trkpt lat="54.380532" lon="18.791688"><time>2026-05-23T12:34:06.900Z</time></trkpt>
<trkpt lat="54.380487" lon="18.791784"><time>2026-05-23T12:34:08.900Z</time></trkpt>
<trkpt lat="54.380485" lon="18.791878"><time>2026-05-23T12:34:10.900Z</time></trkpt>
<trkpt lat="54.380517" lon="18.791914"><time>2026-05-23T12:34:12.900Z</time></trkpt>
<trkpt lat="54.380547" lon="18.791901"><time>2026-05-23T12:34:14.900Z</time></trkpt>
<trkpt lat="54.380580" lon="18.791913"><time>2026-05-23T12:34:17.000Z</time></trkpt>
<trkpt lat="54.380598" lon="18.791918"><time>2026-05-23T12:34:18.000Z</time></trkpt>
<trkpt lat="54.380629" lon="18.791918"><time>2026-05-23T12:34:20.000Z</time></trkpt>
<trkpt lat="54.380649" lon="18.791918"><time>2026-05-23T12:34:22.000Z</time></trkpt>
<trkpt lat="54.380672" lon="18.791911"><time>2026-05-23T12:34:24.000Z</time></trkpt>
<trkpt lat="54.380695" lon="18.791907"><time>2026-05-23T12:34:26.000Z</time></trkpt>
<trkpt lat="54.380716" lon="18.791900"><time>2026-05-23T12:34:28.000Z</time></trkpt>
<trkpt lat="54.380759" lon="18.791888"><time>2026-05-23T12:34:30.000Z</time></trkpt>
<trkpt lat="54.380772" lon="18.791888"><time>2026-05-23T12:34:32.000Z</time></trkpt>
<trkpt lat="54.380778" lon="18.791887"><time>2026-05-23T12:34:34.000Z</time></trkpt>
<trkpt lat="54.380810" lon="18.791882"><time>2026-05-23T12:34:36.000Z</time></trkpt>
<trkpt lat="54.380850" lon="18.791878"><time>2026-05-23T12:34:38.000Z</time></trkpt>
<trkpt lat="54.380895" lon="18.791879"><time>2026-05-23T12:34:40.000Z</time></trkpt>
<trkpt lat="54.380939" lon="18.791878"><time>2026-05-23T12:34:42.000Z</time></trkpt>
<trkpt lat="54.380987" lon="18.791874"><time>2026-05-23T12:34:44.000Z</time></trkpt>
<trkpt lat="54.381029" lon="18.791871"><time>2026-05-23T12:34:46.000Z</time></trkpt>
<trkpt lat="54.381074" lon="18.791872"><time>2026-05-23T12:34:48.000Z</time></trkpt>
<trkpt lat="54.381115" lon="18.791877"><time>2026-05-23T12:34:50.000Z</time></trkpt>
<trkpt lat="54.381153" lon="18.791882"><time>2026-05-23T12:34:52.000Z</time></trkpt>
<trkpt lat="54.381191" lon="18.791887"><time>2026-05-23T12:34:54.000Z</time></trkpt>
<trkpt lat="54.381231" lon="18.791890"><time>2026-05-23T12:34:56.000Z</time></trkpt>
<trkpt lat="54.381293" lon="18.791893"><time>2026-05-23T12:34:58.900Z</time></trkpt>
<trkpt lat="54.381334" lon="18.791901"><time>2026-05-23T12:35:00.900Z</time></trkpt>
<trkpt lat="54.381376" lon="18.791906"><time>2026-05-23T12:35:02.900Z</time></trkpt>
<trkpt lat="54.381417" lon="18.791912"><time>2026-05-23T12:35:04.900Z</time></trkpt>
<trkpt lat="54.381458" lon="18.791922"><time>2026-05-23T12:35:06.900Z</time></trkpt>
<trkpt lat="54.381497" lon="18.791933"><time>2026-05-23T12:35:08.900Z</time></trkpt>
<trkpt lat="54.381540" lon="18.791930"><time>2026-05-23T12:35:10.900Z</time></trkpt>
<trkpt lat="54.381583" lon="18.791926"><time>2026-05-23T12:35:12.900Z</time></trkpt>
<trkpt lat="54.381627" lon="18.791916"><time>2026-05-23T12:35:14.900Z</time></trkpt>
<trkpt lat="54.381671" lon="18.791916"><time>2026-05-23T12:35:16.900Z</time></trkpt>
<trkpt lat="54.381717" lon="18.791912"><time>2026-05-23T12:35:18.900Z</time></trkpt>
<trkpt lat="54.381764" lon="18.791906"><time>2026-05-23T12:35:20.900Z</time></trkpt>
<trkpt lat="54.381811" lon="18.791900"><time>2026-05-23T12:35:22.900Z</time></trkpt>
<trkpt lat="54.381859" lon="18.791890"><time>2026-05-23T12:35:24.900Z</time></trkpt>
<trkpt lat="54.381909" lon="18.791874"><time>2026-05-23T12:35:26.900Z</time></trkpt>
<trkpt lat="54.381959" lon="18.791854"><time>2026-05-23T12:35:28.900Z</time></trkpt>
<trkpt lat="54.382020" lon="18.791836"><time>2026-05-23T12:35:30.900Z</time></trkpt>
<trkpt lat="54.382084" lon="18.791818"><time>2026-05-23T12:35:32.900Z</time></trkpt>
<trkpt lat="54.382137" lon="18.791808"><time>2026-05-23T12:35:34.900Z</time></trkpt>
<trkpt lat="54.382189" lon="18.791803"><time>2026-05-23T12:35:36.900Z</time></trkpt>
<trkpt lat="54.382239" lon="18.791791"><time>2026-05-23T12:35:38.900Z</time></trkpt>
<trkpt lat="54.382290" lon="18.791778"><time>2026-05-23T12:35:40.900Z</time></trkpt>
<trkpt lat="54.382342" lon="18.791764"><time>2026-05-23T12:35:42.900Z</time></trkpt>
<trkpt lat="54.382406" lon="18.791747"><time>2026-05-23T12:35:44.900Z</time></trkpt>
<trkpt lat="54.382463" lon="18.791742"><time>2026-05-23T12:35:46.900Z</time></trkpt>
<trkpt lat="54.382510" lon="18.791732"><time>2026-05-23T12:35:48.900Z</time></trkpt>
<trkpt lat="54.382564" lon="18.791720"><time>2026-05-23T12:35:50.900Z</time></trkpt>
<trkpt lat="54.382621" lon="18.791713"><time>2026-05-23T12:35:52.900Z</time></trkpt>
<trkpt lat="54.382671" lon="18.791709"><time>2026-05-23T12:35:54.900Z</time></trkpt>
<trkpt lat="54.382721" lon="18.791706"><time>2026-05-23T12:35:56.900Z</time></trkpt>
<trkpt lat="54.382773" lon="18.791702"><time>2026-05-23T12:35:58.900Z</time></trkpt>
<trkpt lat="54.382822" lon="18.791702"><time>2026-05-23T12:36:00.900Z</time></trkpt>
<trkpt lat="54.382877" lon="18.791693"><time>2026-05-23T12:36:02.900Z</time></trkpt>
<trkpt lat="54.382929" lon="18.791691"><time>2026-05-23T12:36:04.900Z</time></trkpt>
<trkpt lat="54.382976" lon="18.791686"><time>2026-05-23T12:36:06.900Z</time></trkpt>
<trkpt lat="54.383029" lon="18.791674"><time>2026-05-23T12:36:08.900Z</time></trkpt>
<trkpt lat="54.383083" lon="18.791660"><time>2026-05-23T12:36:10.900Z</time></trkpt>
<trkpt lat="54.383132" lon="18.791646"><time>2026-05-23T12:36:12.900Z</time></trkpt>
<trkpt lat="54.383180" lon="18.791644"><time>2026-05-23T12:36:14.900Z</time></trkpt>
<trkpt lat="54.383236" lon="18.791639"><time>2026-05-23T12:36:16.900Z</time></trkpt>
<trkpt lat="54.383290" lon="18.791632"><time>2026-05-23T12:36:18.900Z</time></trkpt>
<trkpt lat="54.383337" lon="18.791634"><time>2026-05-23T12:36:20.900Z</time></trkpt>
<trkpt lat="54.383379" lon="18.791641"><time>2026-05-23T12:36:23.000Z</time></trkpt>
<trkpt lat="54.383396" lon="18.791644"><time>2026-05-23T12:36:24.000Z</time></trkpt>
<trkpt lat="54.383445" lon="18.791637"><time>2026-05-23T12:36:26.000Z</time></trkpt>
<trkpt lat="54.383493" lon="18.791649"><time>2026-05-23T12:36:28.000Z</time></trkpt>
<trkpt lat="54.383544" lon="18.791649"><time>2026-05-23T12:36:30.000Z</time></trkpt>
<trkpt lat="54.383576" lon="18.791633"><time>2026-05-23T12:36:32.000Z</time></trkpt>
<trkpt lat="54.383628" lon="18.791617"><time>2026-05-23T12:36:34.000Z</time></trkpt>
<trkpt lat="54.383683" lon="18.791600"><time>2026-05-23T12:36:36.000Z</time></trkpt>
<trkpt lat="54.383740" lon="18.791587"><time>2026-05-23T12:36:38.000Z</time></trkpt>
<trkpt lat="54.383791" lon="18.791567"><time>2026-05-23T12:36:40.000Z</time></trkpt>
<trkpt lat="54.383842" lon="18.791547"><time>2026-05-23T12:36:42.000Z</time></trkpt>
<trkpt lat="54.383896" lon="18.791530"><time>2026-05-23T12:36:44.000Z</time></trkpt>
<trkpt lat="54.383950" lon="18.791509"><time>2026-05-23T12:36:46.000Z</time></trkpt>
<trkpt lat="54.383998" lon="18.791479"><time>2026-05-23T12:36:48.000Z</time></trkpt>
<trkpt lat="54.384042" lon="18.791449"><time>2026-05-23T12:36:50.000Z</time></trkpt>
<trkpt lat="54.384085" lon="18.791428"><time>2026-05-23T12:36:52.000Z</time></trkpt>
<trkpt lat="54.384128" lon="18.791414"><time>2026-05-23T12:36:54.000Z</time></trkpt>
<trkpt lat="54.384171" lon="18.791390"><time>2026-05-23T12:36:56.000Z</time></trkpt>
<trkpt lat="54.384216" lon="18.791375"><time>2026-05-23T12:36:58.000Z</time></trkpt>
<trkpt lat="54.384255" lon="18.791365"><time>2026-05-23T12:37:00.000Z</time></trkpt>
<trkpt lat="54.384298" lon="18.791349"><time>2026-05-23T12:37:02.000Z</time></trkpt>
<trkpt lat="54.384343" lon="18.791320"><time>2026-05-23T12:37:04.000Z</time></trkpt>
<trkpt lat="54.384415" lon="18.791265"><time>2026-05-23T12:37:06.900Z</time></trkpt>
<trkpt lat="54.384460" lon="18.791234"><time>2026-05-23T12:37:08.900Z</time></trkpt>
<trkpt lat="54.384505" lon="18.791196"><time>2026-05-23T12:37:10.900Z</time></trkpt>
<trkpt lat="54.384562" lon="18.791171"><time>2026-05-23T12:37:12.900Z</time></trkpt>
<trkpt lat="54.384616" lon="18.791152"><time>2026-05-23T12:37:14.900Z</time></trkpt>
<trkpt lat="54.384671" lon="18.791133"><time>2026-05-23T12:37:16.900Z</time></trkpt>
<trkpt lat="54.384721" lon="18.791127"><time>2026-05-23T12:37:18.900Z</time></trkpt>
<trkpt lat="54.384771" lon="18.791128"><time>2026-05-23T12:37:20.900Z</time></trkpt>
<trkpt lat="54.384824" lon="18.791132"><time>2026-05-23T12:37:22.900Z</time></trkpt>
<trkpt lat="54.384889" lon="18.791131"><time>2026-05-23T12:37:24.900Z</time></trkpt>
<trkpt lat="54.384953" lon="18.791130"><time>2026-05-23T12:37:26.900Z</time></trkpt>
<trkpt lat="54.385006" lon="18.791139"><time>2026-05-23T12:37:28.900Z</time></trkpt>
<trkpt lat="54.385056" lon="18.791152"><time>2026-05-23T12:37:30.900Z</time></trkpt>
<trkpt lat="54.385103" lon="18.791168"><time>2026-05-23T12:37:32.900Z</time></trkpt>
<trkpt lat="54.385146" lon="18.791185"><time>2026-05-23T12:37:34.900Z</time></trkpt>
<trkpt lat="54.385193" lon="18.791196"><time>2026-05-23T12:37:36.900Z</time></trkpt>
<trkpt lat="54.385241" lon="18.791198"><time>2026-05-23T12:37:38.900Z</time></trkpt>
<trkpt lat="54.385289" lon="18.791186"><time>2026-05-23T12:37:40.900Z</time></trkpt>
<trkpt lat="54.385335" lon="18.791185"><time>2026-05-23T12:37:42.900Z</time></trkpt>
<trkpt lat="54.385383" lon="18.791188"><time>2026-05-23T12:37:44.900Z</time></trkpt>
<trkpt lat="54.385429" lon="18.791184"><time>2026-05-23T12:37:46.900Z</time></trkpt>
<trkpt lat="54.385480" lon="18.791175"><time>2026-05-23T12:37:48.900Z</time></trkpt>
<trkpt lat="54.385530" lon="18.791175"><time>2026-05-23T12:37:50.900Z</time></trkpt>
<trkpt lat="54.385580" lon="18.791170"><time>2026-05-23T12:37:52.900Z</time></trkpt>
<trkpt lat="54.385628" lon="18.791167"><time>2026-05-23T12:37:54.900Z</time></trkpt>
<trkpt lat="54.385676" lon="18.791166"><time>2026-05-23T12:37:56.900Z</time></trkpt>
<trkpt lat="54.385724" lon="18.791164"><time>2026-05-23T12:37:58.900Z</time></trkpt>
<trkpt lat="54.385767" lon="18.791173"><time>2026-05-23T12:38:00.900Z</time></trkpt>
<trkpt lat="54.385819" lon="18.791167"><time>2026-05-23T12:38:02.900Z</time></trkpt>
<trkpt lat="54.385861" lon="18.791156"><time>2026-05-23T12:38:04.900Z</time></trkpt>
<trkpt lat="54.385906" lon="18.791146"><time>2026-05-23T12:38:06.900Z</time></trkpt>
<trkpt lat="54.385953" lon="18.791143"><time>2026-05-23T12:38:08.900Z</time></trkpt>
<trkpt lat="54.386002" lon="18.791137"><time>2026-05-23T12:38:10.900Z</time></trkpt>
<trkpt lat="54.386041" lon="18.791149"><time>2026-05-23T12:38:12.900Z</time></trkpt>
<trkpt lat="54.386063" lon="18.791188"><time>2026-05-23T12:38:14.900Z</time></trkpt>
<trkpt lat="54.386073" lon="18.791236"><time>2026-05-23T12:38:16.900Z</time></trkpt>
<trkpt lat="54.386075" lon="18.791277"><time>2026-05-23T12:38:18.900Z</time></trkpt>
<trkpt lat="54.386066" lon="18.791295"><time>2026-05-23T12:38:20.900Z</time></trkpt>
<trkpt lat="54.386053" lon="18.791340"><time>2026-05-23T12:38:22.900Z</time></trkpt>
<trkpt lat="54.386047" lon="18.791385"><time>2026-05-23T12:38:24.900Z</time></trkpt>
<trkpt lat="54.386035" lon="18.791430"><time>2026-05-23T12:38:26.900Z</time></trkpt>
<trkpt lat="54.386014" lon="18.791485"><time>2026-05-23T12:38:29.000Z</time></trkpt>
<trkpt lat="54.386005" lon="18.791505"><time>2026-05-23T12:38:30.000Z</time></trkpt>
<trkpt lat="54.385982" lon="18.791554"><time>2026-05-23T12:38:32.000Z</time></trkpt>
<trkpt lat="54.385958" lon="18.791610"><time>2026-05-23T12:38:34.000Z</time></trkpt>
<trkpt lat="54.385936" lon="18.791681"><time>2026-05-23T12:38:36.000Z</time></trkpt>
<trkpt lat="54.385904" lon="18.791772"><time>2026-05-23T12:38:38.000Z</time></trkpt>
<trkpt lat="54.385872" lon="18.791850"><time>2026-05-23T12:38:40.000Z</time></trkpt>
<trkpt lat="54.385829" lon="18.791915"><time>2026-05-23T12:38:42.000Z</time></trkpt>
<trkpt lat="54.385793" lon="18.791988"><time>2026-05-23T12:38:44.000Z</time></trkpt>
<trkpt lat="54.385754" lon="18.792064"><time>2026-05-23T12:38:46.000Z</time></trkpt>
<trkpt lat="54.385712" lon="18.792137"><time>2026-05-23T12:38:48.000Z</time></trkpt>
<trkpt lat="54.385670" lon="18.792206"><time>2026-05-23T12:38:50.000Z</time></trkpt>
<trkpt lat="54.385623" lon="18.792272"><time>2026-05-23T12:38:52.000Z</time></trkpt>
<trkpt lat="54.385573" lon="18.792335"><time>2026-05-23T12:38:54.000Z</time></trkpt>
<trkpt lat="54.385525" lon="18.792397"><time>2026-05-23T12:38:56.000Z</time></trkpt>
<trkpt lat="54.385468" lon="18.792442"><time>2026-05-23T12:38:58.000Z</time></trkpt>
<trkpt lat="54.385414" lon="18.792493"><time>2026-05-23T12:39:00.000Z</time></trkpt>
<trkpt lat="54.385362" lon="18.792540"><time>2026-05-23T12:39:02.000Z</time></trkpt>
<trkpt lat="54.385307" lon="18.792578"><time>2026-05-23T12:39:04.000Z</time></trkpt>
<trkpt lat="54.385255" lon="18.792617"><time>2026-05-23T12:39:06.000Z</time></trkpt>
<trkpt lat="54.385202" lon="18.792664"><time>2026-05-23T12:39:08.000Z</time></trkpt>
<trkpt lat="54.385154" lon="18.792718"><time>2026-05-23T12:39:10.000Z</time></trkpt>
<trkpt lat="54.385099" lon="18.792811"><time>2026-05-23T12:39:12.900Z</time></trkpt>
<trkpt lat="54.385064" lon="18.792885"><time>2026-05-23T12:39:14.900Z</time></trkpt>
<trkpt lat="54.385035" lon="18.792967"><time>2026-05-23T12:39:16.900Z</time></trkpt>
<trkpt lat="54.385010" lon="18.793048"><time>2026-05-23T12:39:18.900Z</time></trkpt>
<trkpt lat="54.384988" lon="18.793136"><time>2026-05-23T12:39:20.900Z</time></trkpt>
<trkpt lat="54.384970" lon="18.793225"><time>2026-05-23T12:39:22.900Z</time></trkpt>
<trkpt lat="54.384948" lon="18.793313"><time>2026-05-23T12:39:24.900Z</time></trkpt>
<trkpt lat="54.384933" lon="18.793397"><time>2026-05-23T12:39:26.900Z</time></trkpt>
<trkpt lat="54.384911" lon="18.793487"><time>2026-05-23T12:39:28.900Z</time></trkpt>
<trkpt lat="54.384888" lon="18.793574"><time>2026-05-23T12:39:30.900Z</time></trkpt>
<trkpt lat="54.384859" lon="18.793657"><time>2026-05-23T12:39:32.900Z</time></trkpt>
<trkpt lat="54.384827" lon="18.793735"><time>2026-05-23T12:39:34.900Z</time></trkpt>
<trkpt lat="54.384795" lon="18.793820"><time>2026-05-23T12:39:36.900Z</time></trkpt>
<trkpt lat="54.384765" lon="18.793905"><time>2026-05-23T12:39:38.900Z</time></trkpt>
<trkpt lat="54.384733" lon="18.793988"><time>2026-05-23T12:39:40.900Z</time></trkpt>
<trkpt lat="54.384707" lon="18.794072"><time>2026-05-23T12:39:42.900Z</time></trkpt>
<trkpt lat="54.384679" lon="18.794160"><time>2026-05-23T12:39:44.900Z</time></trkpt>
<trkpt lat="54.384650" lon="18.794251"><time>2026-05-23T12:39:46.900Z</time></trkpt>
<trkpt lat="54.384619" lon="18.794333"><time>2026-05-23T12:39:48.900Z</time></trkpt>
<trkpt lat="54.384588" lon="18.794418"><time>2026-05-23T12:39:50.900Z</time></trkpt>
<trkpt lat="54.384558" lon="18.794503"><time>2026-05-23T12:39:52.900Z</time></trkpt>
<trkpt lat="54.384526" lon="18.794587"><time>2026-05-23T12:39:54.900Z</time></trkpt>
<trkpt lat="54.384491" lon="18.794666"><time>2026-05-23T12:39:56.900Z</time></trkpt>
<trkpt lat="54.384464" lon="18.794754"><time>2026-05-23T12:39:58.900Z</time></trkpt>
<trkpt lat="54.384438" lon="18.794845"><time>2026-05-23T12:40:00.900Z</time></trkpt>
<trkpt lat="54.384411" lon="18.794932"><time>2026-05-23T12:40:02.900Z</time></trkpt>
<trkpt lat="54.384383" lon="18.795018"><time>2026-05-23T12:40:04.900Z</time></trkpt>
<trkpt lat="54.384371" lon="18.795106"><time>2026-05-23T12:40:06.900Z</time></trkpt>
<trkpt lat="54.384360" lon="18.795197"><time>2026-05-23T12:40:08.900Z</time></trkpt>
<trkpt lat="54.384334" lon="18.795285"><time>2026-05-23T12:40:10.900Z</time></trkpt>
<trkpt lat="54.384307" lon="18.795369"><time>2026-05-23T12:40:12.900Z</time></trkpt>
<trkpt lat="54.384284" lon="18.795453"><time>2026-05-23T12:40:14.900Z</time></trkpt>
<trkpt lat="54.384263" lon="18.795537"><time>2026-05-23T12:40:16.900Z</time></trkpt>
<trkpt lat="54.384241" lon="18.795628"><time>2026-05-23T12:40:18.900Z</time></trkpt>
<trkpt lat="54.384215" lon="18.795718"><time>2026-05-23T12:40:20.900Z</time></trkpt>
<trkpt lat="54.384186" lon="18.795807"><time>2026-05-23T12:40:22.900Z</time></trkpt>
<trkpt lat="54.384160" lon="18.795897"><time>2026-05-23T12:40:24.900Z</time></trkpt>
<trkpt lat="54.384138" lon="18.795991"><time>2026-05-23T12:40:26.900Z</time></trkpt>
<trkpt lat="54.384114" lon="18.796075"><time>2026-05-23T12:40:28.900Z</time></trkpt>
<trkpt lat="54.384082" lon="18.796161"><time>2026-05-23T12:40:30.900Z</time></trkpt>
<trkpt lat="54.384053" lon="18.796241"><time>2026-05-23T12:40:32.900Z</time></trkpt>
<trkpt lat="54.384021" lon="18.796327"><time>2026-05-23T12:40:35.000Z</time></trkpt>
<trkpt lat="54.384008" lon="18.796372"><time>2026-05-23T12:40:36.000Z</time></trkpt>
<trkpt lat="54.383977" lon="18.796457"><time>2026-05-23T12:40:38.000Z</time></trkpt>
<trkpt lat="54.383949" lon="18.796543"><time>2026-05-23T12:40:40.000Z</time></trkpt>
<trkpt lat="54.383924" lon="18.796631"><time>2026-05-23T12:40:42.000Z</time></trkpt>
<trkpt lat="54.383900" lon="18.796718"><time>2026-05-23T12:40:44.000Z</time></trkpt>
<trkpt lat="54.383873" lon="18.796804"><time>2026-05-23T12:40:46.000Z</time></trkpt>
<trkpt lat="54.383845" lon="18.796890"><time>2026-05-23T12:40:48.000Z</time></trkpt>
<trkpt lat="54.383817" lon="18.796977"><time>2026-05-23T12:40:50.000Z</time></trkpt>
<trkpt lat="54.383789" lon="18.797064"><time>2026-05-23T12:40:52.000Z</time></trkpt>
<trkpt lat="54.383768" lon="18.797155"><time>2026-05-23T12:40:54.000Z</time></trkpt>
<trkpt lat="54.383744" lon="18.797244"><time>2026-05-23T12:40:56.000Z</time></trkpt>
<trkpt lat="54.383717" lon="18.797329"><time>2026-05-23T12:40:58.000Z</time></trkpt>
<trkpt lat="54.383693" lon="18.797419"><time>2026-05-23T12:41:00.000Z</time></trkpt>
<trkpt lat="54.383675" lon="18.797512"><time>2026-05-23T12:41:02.000Z</time></trkpt>
<trkpt lat="54.383654" lon="18.797601"><time>2026-05-23T12:41:04.000Z</time></trkpt>
<trkpt lat="54.383632" lon="18.797690"><time>2026-05-23T12:41:06.000Z</time></trkpt>
<trkpt lat="54.383611" lon="18.797777"><time>2026-05-23T12:41:08.000Z</time></trkpt>
<trkpt lat="54.383594" lon="18.797865"><time>2026-05-23T12:41:10.000Z</time></trkpt>
<trkpt lat="54.383573" lon="18.797952"><time>2026-05-23T12:41:12.000Z</time></trkpt>
<trkpt lat="54.383546" lon="18.798041"><time>2026-05-23T12:41:14.000Z</time></trkpt>
<trkpt lat="54.383500" lon="18.798168"><time>2026-05-23T12:41:16.900Z</time></trkpt>
<trkpt lat="54.383463" lon="18.798246"><time>2026-05-23T12:41:18.900Z</time></trkpt>
<trkpt lat="54.383432" lon="18.798327"><time>2026-05-23T12:41:20.900Z</time></trkpt>
<trkpt lat="54.383407" lon="18.798414"><time>2026-05-23T12:41:22.900Z</time></trkpt>
<trkpt lat="54.383382" lon="18.798500"><time>2026-05-23T12:41:24.900Z</time></trkpt>
<trkpt lat="54.383355" lon="18.798587"><time>2026-05-23T12:41:26.900Z</time></trkpt>
<trkpt lat="54.383330" lon="18.798675"><time>2026-05-23T12:41:28.900Z</time></trkpt>
<trkpt lat="54.383305" lon="18.798763"><time>2026-05-23T12:41:30.900Z</time></trkpt>
<trkpt lat="54.383280" lon="18.798853"><time>2026-05-23T12:41:32.900Z</time></trkpt>
<trkpt lat="54.383254" lon="18.798941"><time>2026-05-23T12:41:34.900Z</time></trkpt>
<trkpt lat="54.383231" lon="18.799029"><time>2026-05-23T12:41:36.900Z</time></trkpt>
<trkpt lat="54.383210" lon="18.799121"><time>2026-05-23T12:41:38.900Z</time></trkpt>
<trkpt lat="54.383184" lon="18.799207"><time>2026-05-23T12:41:40.900Z</time></trkpt>
<trkpt lat="54.383160" lon="18.799295"><time>2026-05-23T12:41:42.900Z</time></trkpt>
<trkpt lat="54.383146" lon="18.799384"><time>2026-05-23T12:41:44.900Z</time></trkpt>
<trkpt lat="54.383126" lon="18.799472"><time>2026-05-23T12:41:46.900Z</time></trkpt>
<trkpt lat="54.383105" lon="18.799561"><time>2026-05-23T12:41:48.900Z</time></trkpt>
<trkpt lat="54.383087" lon="18.799650"><time>2026-05-23T12:41:50.900Z</time></trkpt>
<trkpt lat="54.383068" lon="18.799739"><time>2026-05-23T12:41:52.900Z</time></trkpt>
<trkpt lat="54.383051" lon="18.799828"><time>2026-05-23T12:41:54.900Z</time></trkpt>
<trkpt lat="54.383030" lon="18.799917"><time>2026-05-23T12:41:56.900Z</time></trkpt>
<trkpt lat="54.383004" lon="18.800001"><time>2026-05-23T12:41:58.900Z</time></trkpt>
<trkpt lat="54.382979" lon="18.800086"><time>2026-05-23T12:42:00.900Z</time></trkpt>
<trkpt lat="54.382955" lon="18.800172"><time>2026-05-23T12:42:02.900Z</time></trkpt>
<trkpt lat="54.382937" lon="18.800260"><time>2026-05-23T12:42:04.900Z</time></trkpt>
<trkpt lat="54.382914" lon="18.800346"><time>2026-05-23T12:42:06.900Z</time></trkpt>
<trkpt lat="54.382894" lon="18.800433"><time>2026-05-23T12:42:08.900Z</time></trkpt>
<trkpt lat="54.382873" lon="18.800518"><time>2026-05-23T12:42:10.900Z</time></trkpt>
<trkpt lat="54.382853" lon="18.800604"><time>2026-05-23T12:42:12.900Z</time></trkpt>
<trkpt lat="54.382834" lon="18.800691"><time>2026-05-23T12:42:14.900Z</time></trkpt>
<trkpt lat="54.382812" lon="18.800778"><time>2026-05-23T12:42:16.900Z</time></trkpt>
<trkpt lat="54.382789" lon="18.800865"><time>2026-05-23T12:42:18.900Z</time></trkpt>
<trkpt lat="54.382767" lon="18.800952"><time>2026-05-23T12:42:20.900Z</time></trkpt>
<trkpt lat="54.382747" lon="18.801037"><time>2026-05-23T12:42:22.900Z</time></trkpt>
<trkpt lat="54.382730" lon="18.801124"><time>2026-05-23T12:42:24.900Z</time></trkpt>
<trkpt lat="54.382711" lon="18.801211"><time>2026-05-23T12:42:26.900Z</time></trkpt>
<trkpt lat="54.382690" lon="18.801301"><time>2026-05-23T12:42:28.900Z</time></trkpt>
<trkpt lat="54.382668" lon="18.801387"><time>2026-05-23T12:42:30.900Z</time></trkpt>
<trkpt lat="54.382645" lon="18.801473"><time>2026-05-23T12:42:32.900Z</time></trkpt>
<trkpt lat="54.382627" lon="18.801561"><time>2026-05-23T12:42:34.900Z</time></trkpt>
<trkpt lat="54.382612" lon="18.801649"><time>2026-05-23T12:42:36.900Z</time></trkpt>
<trkpt lat="54.382597" lon="18.801738"><time>2026-05-23T12:42:38.900Z</time></trkpt>
<trkpt lat="54.382580" lon="18.801827"><time>2026-05-23T12:42:41.000Z</time></trkpt>
<trkpt lat="54.382571" lon="18.801872"><time>2026-05-23T12:42:42.000Z</time></trkpt>
<trkpt lat="54.382553" lon="18.801957"><time>2026-05-23T12:42:44.000Z</time></trkpt>
<trkpt lat="54.382538" lon="18.802045"><time>2026-05-23T12:42:46.000Z</time></trkpt>
<trkpt lat="54.382527" lon="18.802134"><time>2026-05-23T12:42:48.000Z</time></trkpt>
<trkpt lat="54.382515" lon="18.802224"><time>2026-05-23T12:42:50.000Z</time></trkpt>
<trkpt lat="54.382502" lon="18.802315"><time>2026-05-23T12:42:52.000Z</time></trkpt>
<trkpt lat="54.382484" lon="18.802403"><time>2026-05-23T12:42:54.000Z</time></trkpt>
<trkpt lat="54.382465" lon="18.802489"><time>2026-05-23T12:42:56.000Z</time></trkpt>
<trkpt lat="54.382448" lon="18.802576"><time>2026-05-23T12:42:58.000Z</time></trkpt>
<trkpt lat="54.382429" lon="18.802662"><time>2026-05-23T12:43:00.000Z</time></trkpt>
<trkpt lat="54.382403" lon="18.802749"><time>2026-05-23T12:43:02.000Z</time></trkpt>
<trkpt lat="54.382378" lon="18.802835"><time>2026-05-23T12:43:04.000Z</time></trkpt>
<trkpt lat="54.382355" lon="18.802920"><time>2026-05-23T12:43:06.000Z</time></trkpt>
<trkpt lat="54.382335" lon="18.803009"><time>2026-05-23T12:43:08.000Z</time></trkpt>
<trkpt lat="54.382316" lon="18.803095"><time>2026-05-23T12:43:10.000Z</time></trkpt>
<trkpt lat="54.382296" lon="18.803182"><time>2026-05-23T12:43:12.000Z</time></trkpt>
<trkpt lat="54.382276" lon="18.803270"><time>2026-05-23T12:43:14.000Z</time></trkpt>
<trkpt lat="54.382252" lon="18.803358"><time>2026-05-23T12:43:16.000Z</time></trkpt>
<trkpt lat="54.382232" lon="18.803444"><time>2026-05-23T12:43:18.000Z</time></trkpt>
<trkpt lat="54.382213" lon="18.803532"><time>2026-05-23T12:43:20.000Z</time></trkpt>
<trkpt lat="54.382182" lon="18.803662"><time>2026-05-23T12:43:22.900Z</time></trkpt>
<trkpt lat="54.382161" lon="18.803751"><time>2026-05-23T12:43:24.900Z</time></trkpt>
<trkpt lat="54.382142" lon="18.803839"><time>2026-05-23T12:43:26.900Z</time></trkpt>
<trkpt lat="54.382125" lon="18.803927"><time>2026-05-23T12:43:28.900Z</time></trkpt>
<trkpt lat="54.382108" lon="18.804018"><time>2026-05-23T12:43:30.900Z</time></trkpt>
<trkpt lat="54.382092" lon="18.804108"><time>2026-05-23T12:43:32.900Z</time></trkpt>
<trkpt lat="54.382073" lon="18.804196"><time>2026-05-23T12:43:34.900Z</time></trkpt>
<trkpt lat="54.382050" lon="18.804283"><time>2026-05-23T12:43:36.900Z</time></trkpt>
<trkpt lat="54.382023" lon="18.804367"><time>2026-05-23T12:43:38.900Z</time></trkpt>
<trkpt lat="54.381988" lon="18.804447"><time>2026-05-23T12:43:40.900Z</time></trkpt>
<trkpt lat="54.381950" lon="18.804524"><time>2026-05-23T12:43:42.900Z</time></trkpt>
<trkpt lat="54.381913" lon="18.804600"><time>2026-05-23T12:43:44.900Z</time></trkpt>
<trkpt lat="54.381880" lon="18.804676"><time>2026-05-23T12:43:46.900Z</time></trkpt>
<trkpt lat="54.381849" lon="18.804757"><time>2026-05-23T12:43:48.900Z</time></trkpt>
<trkpt lat="54.381821" lon="18.804841"><time>2026-05-23T12:43:50.900Z</time></trkpt>
<trkpt lat="54.381794" lon="18.804924"><time>2026-05-23T12:43:52.900Z</time></trkpt>
<trkpt lat="54.381763" lon="18.805010"><time>2026-05-23T12:43:54.900Z</time></trkpt>
<trkpt lat="54.381737" lon="18.805096"><time>2026-05-23T12:43:56.900Z</time></trkpt>
<trkpt lat="54.381713" lon="18.805183"><time>2026-05-23T12:43:58.900Z</time></trkpt>
<trkpt lat="54.381688" lon="18.805271"><time>2026-05-23T12:44:00.900Z</time></trkpt>
<trkpt lat="54.381659" lon="18.805358"><time>2026-05-23T12:44:02.900Z</time></trkpt>
<trkpt lat="54.381631" lon="18.805444"><time>2026-05-23T12:44:04.900Z</time></trkpt>
<trkpt lat="54.381603" lon="18.805529"><time>2026-05-23T12:44:06.900Z</time></trkpt>
<trkpt lat="54.381577" lon="18.805616"><time>2026-05-23T12:44:08.900Z</time></trkpt>
<trkpt lat="54.381544" lon="18.805699"><time>2026-05-23T12:44:10.900Z</time></trkpt>
<trkpt lat="54.381519" lon="18.805783"><time>2026-05-23T12:44:12.900Z</time></trkpt>
<trkpt lat="54.381497" lon="18.805867"><time>2026-05-23T12:44:14.900Z</time></trkpt>
<trkpt lat="54.381477" lon="18.805955"><time>2026-05-23T12:44:16.900Z</time></trkpt>
<trkpt lat="54.381450" lon="18.806041"><time>2026-05-23T12:44:18.900Z</time></trkpt>
<trkpt lat="54.381429" lon="18.806129"><time>2026-05-23T12:44:20.900Z</time></trkpt>
<trkpt lat="54.381405" lon="18.806217"><time>2026-05-23T12:44:22.900Z</time></trkpt>
<trkpt lat="54.381384" lon="18.806305"><time>2026-05-23T12:44:24.900Z</time></trkpt>
<trkpt lat="54.381365" lon="18.806395"><time>2026-05-23T12:44:26.900Z</time></trkpt>
<trkpt lat="54.381346" lon="18.806486"><time>2026-05-23T12:44:28.900Z</time></trkpt>
<trkpt lat="54.381325" lon="18.806577"><time>2026-05-23T12:44:30.900Z</time></trkpt>
<trkpt lat="54.381302" lon="18.806665"><time>2026-05-23T12:44:32.900Z</time></trkpt>
<trkpt lat="54.381280" lon="18.806753"><time>2026-05-23T12:44:34.900Z</time></trkpt>
<trkpt lat="54.381259" lon="18.806840"><time>2026-05-23T12:44:36.900Z</time></trkpt>
<trkpt lat="54.381237" lon="18.806929"><time>2026-05-23T12:44:38.900Z</time></trkpt>
<trkpt lat="54.381214" lon="18.807015"><time>2026-05-23T12:44:40.900Z</time></trkpt>
<trkpt lat="54.381192" lon="18.807102"><time>2026-05-23T12:44:42.900Z</time></trkpt>
<trkpt lat="54.381167" lon="18.807187"><time>2026-05-23T12:44:44.900Z</time></trkpt>
<trkpt lat="54.381141" lon="18.807270"><time>2026-05-23T12:44:47.000Z</time></trkpt>
<trkpt lat="54.381130" lon="18.807312"><time>2026-05-23T12:44:48.000Z</time></trkpt>
<trkpt lat="54.381110" lon="18.807400"><time>2026-05-23T12:44:50.000Z</time></trkpt>
<trkpt lat="54.381092" lon="18.807488"><time>2026-05-23T12:44:52.000Z</time></trkpt>
<trkpt lat="54.381072" lon="18.807575"><time>2026-05-23T12:44:54.000Z</time></trkpt>
<trkpt lat="54.381052" lon="18.807661"><time>2026-05-23T12:44:56.000Z</time></trkpt>
<trkpt lat="54.381034" lon="18.807748"><time>2026-05-23T12:44:58.000Z</time></trkpt>
<trkpt lat="54.381017" lon="18.807834"><time>2026-05-23T12:45:00.000Z</time></trkpt>
<trkpt lat="54.381000" lon="18.807921"><time>2026-05-23T12:45:02.000Z</time></trkpt>
<trkpt lat="54.380985" lon="18.808011"><time>2026-05-23T12:45:04.000Z</time></trkpt>
<trkpt lat="54.380966" lon="18.808097"><time>2026-05-23T12:45:06.000Z</time></trkpt>
<trkpt lat="54.380944" lon="18.808186"><time>2026-05-23T12:45:08.000Z</time></trkpt>
<trkpt lat="54.380917" lon="18.808273"><time>2026-05-23T12:45:10.000Z</time></trkpt>
<trkpt lat="54.380896" lon="18.808362"><time>2026-05-23T12:45:12.000Z</time></trkpt>
<trkpt lat="54.380872" lon="18.808449"><time>2026-05-23T12:45:14.000Z</time></trkpt>
<trkpt lat="54.380849" lon="18.808537"><time>2026-05-23T12:45:16.000Z</time></trkpt>
<trkpt lat="54.380825" lon="18.808626"><time>2026-05-23T12:45:18.000Z</time></trkpt>
<trkpt lat="54.380801" lon="18.808713"><time>2026-05-23T12:45:20.000Z</time></trkpt>
<trkpt lat="54.380774" lon="18.808791"><time>2026-05-23T12:45:22.000Z</time></trkpt>
<trkpt lat="54.380748" lon="18.808875"><time>2026-05-23T12:45:24.000Z</time></trkpt>
<trkpt lat="54.380724" lon="18.808965"><time>2026-05-23T12:45:26.000Z</time></trkpt>
<trkpt lat="54.380683" lon="18.809093"><time>2026-05-23T12:45:28.900Z</time></trkpt>
<trkpt lat="54.380656" lon="18.809180"><time>2026-05-23T12:45:30.900Z</time></trkpt>
<trkpt lat="54.380634" lon="18.809268"><time>2026-05-23T12:45:32.900Z</time></trkpt>
<trkpt lat="54.380613" lon="18.809356"><time>2026-05-23T12:45:34.900Z</time></trkpt>
<trkpt lat="54.380592" lon="18.809444"><time>2026-05-23T12:45:36.900Z</time></trkpt>
<trkpt lat="54.380567" lon="18.809529"><time>2026-05-23T12:45:38.900Z</time></trkpt>
<trkpt lat="54.380539" lon="18.809614"><time>2026-05-23T12:45:40.900Z</time></trkpt>
<trkpt lat="54.380515" lon="18.809701"><time>2026-05-23T12:45:42.900Z</time></trkpt>
<trkpt lat="54.380491" lon="18.809791"><time>2026-05-23T12:45:44.900Z</time></trkpt>
<trkpt lat="54.380461" lon="18.809874"><time>2026-05-23T12:45:46.900Z</time></trkpt>
<trkpt lat="54.380426" lon="18.809952"><time>2026-05-23T12:45:48.900Z</time></trkpt>
<trkpt lat="54.380385" lon="18.810023"><time>2026-05-23T12:45:50.900Z</time></trkpt>
<trkpt lat="54.380347" lon="18.810091"><time>2026-05-23T12:45:52.900Z</time></trkpt>
<trkpt lat="54.380303" lon="18.810154"><time>2026-05-23T12:45:54.900Z</time></trkpt>
<trkpt lat="54.380263" lon="18.810210"><time>2026-05-23T12:45:56.900Z</time></trkpt>
<trkpt lat="54.380224" lon="18.810274"><time>2026-05-23T12:45:58.900Z</time></trkpt>
<trkpt lat="54.380183" lon="18.810346"><time>2026-05-23T12:46:00.900Z</time></trkpt>
<trkpt lat="54.380139" lon="18.810402"><time>2026-05-23T12:46:02.900Z</time></trkpt>
<trkpt lat="54.380098" lon="18.810453"><time>2026-05-23T12:46:04.900Z</time></trkpt>
<trkpt lat="54.380062" lon="18.810513"><time>2026-05-23T12:46:06.900Z</time></trkpt>
<trkpt lat="54.380024" lon="18.810565"><time>2026-05-23T12:46:08.900Z</time></trkpt>
<trkpt lat="54.379993" lon="18.810616"><time>2026-05-23T12:46:10.900Z</time></trkpt>
<trkpt lat="54.379958" lon="18.810665"><time>2026-05-23T12:46:12.900Z</time></trkpt>
<trkpt lat="54.379923" lon="18.810736"><time>2026-05-23T12:46:14.900Z</time></trkpt>
<trkpt lat="54.379887" lon="18.810797"><time>2026-05-23T12:46:16.900Z</time></trkpt>
<trkpt lat="54.379849" lon="18.810873"><time>2026-05-23T12:46:18.900Z</time></trkpt>
<trkpt lat="54.379809" lon="18.810942"><time>2026-05-23T12:46:20.900Z</time></trkpt>
<trkpt lat="54.379770" lon="18.811011"><time>2026-05-23T12:46:22.900Z</time></trkpt>
<trkpt lat="54.379736" lon="18.811089"><time>2026-05-23T12:46:24.900Z</time></trkpt>
<trkpt lat="54.379733" lon="18.811165"><time>2026-05-23T12:46:26.900Z</time></trkpt>
<trkpt lat="54.379749" lon="18.811223"><time>2026-05-23T12:46:28.900Z</time></trkpt>
<trkpt lat="54.379778" lon="18.811235"><time>2026-05-23T12:46:30.900Z</time></trkpt>
<trkpt lat="54.379803" lon="18.811238"><time>2026-05-23T12:46:32.900Z</time></trkpt>
<trkpt lat="54.379838" lon="18.811236"><time>2026-05-23T12:46:34.900Z</time></trkpt>
<trkpt lat="54.379870" lon="18.811233"><time>2026-05-23T12:46:36.900Z</time></trkpt>
<trkpt lat="54.379897" lon="18.811220"><time>2026-05-23T12:46:38.900Z</time></trkpt>
<trkpt lat="54.379926" lon="18.811208"><time>2026-05-23T12:46:40.900Z</time></trkpt>
<trkpt lat="54.379953" lon="18.811205"><time>2026-05-23T12:46:42.900Z</time></trkpt>
<trkpt lat="54.379979" lon="18.811201"><time>2026-05-23T12:46:44.900Z</time></trkpt>
<trkpt lat="54.380008" lon="18.811192"><time>2026-05-23T12:46:46.900Z</time></trkpt>
<trkpt lat="54.380038" lon="18.811187"><time>2026-05-23T12:46:48.900Z</time></trkpt>
<trkpt lat="54.380071" lon="18.811183"><time>2026-05-23T12:46:50.900Z</time></trkpt>
<trkpt lat="54.380107" lon="18.811183"><time>2026-05-23T12:46:53.000Z</time></trkpt>
<trkpt lat="54.380125" lon="18.811181"><time>2026-05-23T12:46:54.000Z</time></trkpt>
<trkpt lat="54.380166" lon="18.811163"><time>2026-05-23T12:46:56.000Z</time></trkpt>
<trkpt lat="54.380213" lon="18.811148"><time>2026-05-23T12:46:58.000Z</time></trkpt>
<trkpt lat="54.380257" lon="18.811149"><time>2026-05-23T12:47:00.000Z</time></trkpt>
<trkpt lat="54.380302" lon="18.811140"><time>2026-05-23T12:47:02.000Z</time></trkpt>
<trkpt lat="54.380348" lon="18.811135"><time>2026-05-23T12:47:04.000Z</time></trkpt>
<trkpt lat="54.380396" lon="18.811124"><time>2026-05-23T12:47:06.000Z</time></trkpt>
<trkpt lat="54.380446" lon="18.811115"><time>2026-05-23T12:47:08.000Z</time></trkpt>
<trkpt lat="54.380495" lon="18.811108"><time>2026-05-23T12:47:10.000Z</time></trkpt>
<trkpt lat="54.380542" lon="18.811107"><time>2026-05-23T12:47:12.000Z</time></trkpt>
<trkpt lat="54.380591" lon="18.811109"><time>2026-05-23T12:47:14.000Z</time></trkpt>
<trkpt lat="54.380646" lon="18.811100"><time>2026-05-23T12:47:16.000Z</time></trkpt>
<trkpt lat="54.380699" lon="18.811091"><time>2026-05-23T12:47:18.000Z</time></trkpt>
<trkpt lat="54.380750" lon="18.811082"><time>2026-05-23T12:47:20.000Z</time></trkpt>
<trkpt lat="54.380801" lon="18.811079"><time>2026-05-23T12:47:22.000Z</time></trkpt>
<trkpt lat="54.380852" lon="18.811079"><time>2026-05-23T12:47:24.000Z</time></trkpt>
<trkpt lat="54.380899" lon="18.811077"><time>2026-05-23T12:47:26.000Z</time></trkpt>
<trkpt lat="54.380943" lon="18.811064"><time>2026-05-23T12:47:28.000Z</time></trkpt>
<trkpt lat="54.380993" lon="18.811055"><time>2026-05-23T12:47:30.000Z</time></trkpt>
<trkpt lat="54.381046" lon="18.811050"><time>2026-05-23T12:47:32.000Z</time></trkpt>
<trkpt lat="54.381123" lon="18.811046"><time>2026-05-23T12:47:34.900Z</time></trkpt>
<trkpt lat="54.381175" lon="18.811046"><time>2026-05-23T12:47:36.900Z</time></trkpt>
<trkpt lat="54.381226" lon="18.811045"><time>2026-05-23T12:47:38.900Z</time></trkpt>
<trkpt lat="54.381277" lon="18.811039"><time>2026-05-23T12:47:40.900Z</time></trkpt>
<trkpt lat="54.381325" lon="18.811042"><time>2026-05-23T12:47:42.900Z</time></trkpt>
<trkpt lat="54.381375" lon="18.811044"><time>2026-05-23T12:47:44.900Z</time></trkpt>
<trkpt lat="54.381424" lon="18.811042"><time>2026-05-23T12:47:46.900Z</time></trkpt>
<trkpt lat="54.381474" lon="18.811036"><time>2026-05-23T12:47:48.900Z</time></trkpt>
<trkpt lat="54.381525" lon="18.811030"><time>2026-05-23T12:47:50.900Z</time></trkpt>
<trkpt lat="54.381574" lon="18.811026"><time>2026-05-23T12:47:52.900Z</time></trkpt>
<trkpt lat="54.381622" lon="18.811030"><time>2026-05-23T12:47:54.900Z</time></trkpt>
<trkpt lat="54.381667" lon="18.811039"><time>2026-05-23T12:47:56.900Z</time></trkpt>
<trkpt lat="54.381714" lon="18.811040"><time>2026-05-23T12:47:58.900Z</time></trkpt>
<trkpt lat="54.381762" lon="18.811030"><time>2026-05-23T12:48:00.900Z</time></trkpt>
<trkpt lat="54.381811" lon="18.811015"><time>2026-05-23T12:48:02.900Z</time></trkpt>
<trkpt lat="54.381860" lon="18.810996"><time>2026-05-23T12:48:04.900Z</time></trkpt>
<trkpt lat="54.381912" lon="18.810986"><time>2026-05-23T12:48:06.900Z</time></trkpt>
<trkpt lat="54.381966" lon="18.810984"><time>2026-05-23T12:48:08.900Z</time></trkpt>
<trkpt lat="54.382022" lon="18.810974"><time>2026-05-23T12:48:10.900Z</time></trkpt>
<trkpt lat="54.382074" lon="18.810954"><time>2026-05-23T12:48:12.900Z</time></trkpt>
<trkpt lat="54.382125" lon="18.810933"><time>2026-05-23T12:48:14.900Z</time></trkpt>
<trkpt lat="54.382176" lon="18.810919"><time>2026-05-23T12:48:16.900Z</time></trkpt>
<trkpt lat="54.382229" lon="18.810910"><time>2026-05-23T12:48:18.900Z</time></trkpt>
<trkpt lat="54.382280" lon="18.810898"><time>2026-05-23T12:48:20.900Z</time></trkpt>
<trkpt lat="54.382330" lon="18.810874"><time>2026-05-23T12:48:22.900Z</time></trkpt>
<trkpt lat="54.382382" lon="18.810854"><time>2026-05-23T12:48:24.900Z</time></trkpt>
<trkpt lat="54.382436" lon="18.810835"><time>2026-05-23T12:48:26.900Z</time></trkpt>
<trkpt lat="54.382490" lon="18.810817"><time>2026-05-23T12:48:28.900Z</time></trkpt>
<trkpt lat="54.382545" lon="18.810799"><time>2026-05-23T12:48:30.900Z</time></trkpt>
<trkpt lat="54.382594" lon="18.810786"><time>2026-05-23T12:48:32.900Z</time></trkpt>
<trkpt lat="54.382645" lon="18.810774"><time>2026-05-23T12:48:34.900Z</time></trkpt>
<trkpt lat="54.382700" lon="18.810767"><time>2026-05-23T12:48:36.900Z</time></trkpt>
<trkpt lat="54.382763" lon="18.810762"><time>2026-05-23T12:48:38.900Z</time></trkpt>
<trkpt lat="54.382816" lon="18.810750"><time>2026-05-23T12:48:40.900Z</time></trkpt>
<trkpt lat="54.382868" lon="18.810728"><time>2026-05-23T12:48:42.900Z</time></trkpt>
<trkpt lat="54.382922" lon="18.810691"><time>2026-05-23T12:48:44.900Z</time></trkpt>
<trkpt lat="54.382976" lon="18.810657"><time>2026-05-23T12:48:46.900Z</time></trkpt>
<trkpt lat="54.383029" lon="18.810629"><time>2026-05-23T12:48:48.900Z</time></trkpt>
<trkpt lat="54.383087" lon="18.810599"><time>2026-05-23T12:48:50.900Z</time></trkpt>
<trkpt lat="54.383144" lon="18.810564"><time>2026-05-23T12:48:52.900Z</time></trkpt>
<trkpt lat="54.383202" lon="18.810535"><time>2026-05-23T12:48:54.900Z</time></trkpt>
<trkpt lat="54.383258" lon="18.810513"><time>2026-05-23T12:48:56.900Z</time></trkpt>
<trkpt lat="54.383313" lon="18.810494"><time>2026-05-23T12:48:58.900Z</time></trkpt>
<trkpt lat="54.383370" lon="18.810466"><time>2026-05-23T12:49:00.900Z</time></trkpt>
<trkpt lat="54.383425" lon="18.810445"><time>2026-05-23T12:49:02.900Z</time></trkpt>
<trkpt lat="54.383483" lon="18.810426"><time>2026-05-23T12:49:04.900Z</time></trkpt>
<trkpt lat="54.383541" lon="18.810401"><time>2026-05-23T12:49:06.900Z</time></trkpt>
<trkpt lat="54.383575" lon="18.810369"><time>2026-05-23T12:49:08.900Z</time></trkpt>
<trkpt lat="54.383628" lon="18.810339"><time>2026-05-23T12:49:10.900Z</time></trkpt>
<trkpt lat="54.383686" lon="18.810301"><time>2026-05-23T12:49:12.900Z</time></trkpt>
<trkpt lat="54.383744" lon="18.810262"><time>2026-05-23T12:49:14.900Z</time></trkpt>
<trkpt lat="54.383804" lon="18.810234"><time>2026-05-23T12:49:16.900Z</time></trkpt>
<trkpt lat="54.383861" lon="18.810200"><time>2026-05-23T12:49:18.900Z</time></trkpt>
<trkpt lat="54.383917" lon="18.810154"><time>2026-05-23T12:49:20.900Z</time></trkpt>
<trkpt lat="54.383973" lon="18.810128"><time>2026-05-23T12:49:22.900Z</time></trkpt>
<trkpt lat="54.384029" lon="18.810120"><time>2026-05-23T12:49:24.900Z</time></trkpt>
<trkpt lat="54.384071" lon="18.810103"><time>2026-05-23T12:49:26.900Z</time></trkpt>
<trkpt lat="54.384117" lon="18.810079"><time>2026-05-23T12:49:28.900Z</time></trkpt>
<trkpt lat="54.384168" lon="18.810073"><time>2026-05-23T12:49:30.900Z</time></trkpt>
<trkpt lat="54.384219" lon="18.810069"><time>2026-05-23T12:49:32.900Z</time></trkpt>
<trkpt lat="54.384271" lon="18.810059"><time>2026-05-23T12:49:34.900Z</time></trkpt>
<trkpt lat="54.384322" lon="18.810050"><time>2026-05-23T12:49:36.900Z</time></trkpt>
<trkpt lat="54.384374" lon="18.810044"><time>2026-05-23T12:49:38.900Z</time></trkpt>
<trkpt lat="54.384427" lon="18.810037"><time>2026-05-23T12:49:40.900Z</time></trkpt>
<trkpt lat="54.384484" lon="18.810029"><time>2026-05-23T12:49:42.900Z</time></trkpt>
<trkpt lat="54.384537" lon="18.810021"><time>2026-05-23T12:49:44.900Z</time></trkpt>
<trkpt lat="54.384588" lon="18.810003"><time>2026-05-23T12:49:46.900Z</time></trkpt>
<trkpt lat="54.384639" lon="18.809980"><time>2026-05-23T12:49:48.900Z</time></trkpt>
<trkpt lat="54.384691" lon="18.809961"><time>2026-05-23T12:49:50.900Z</time></trkpt>
<trkpt lat="54.384744" lon="18.809947"><time>2026-05-23T12:49:52.900Z</time></trkpt>
<trkpt lat="54.384796" lon="18.809927"><time>2026-05-23T12:49:54.900Z</time></trkpt>
<trkpt lat="54.384850" lon="18.809908"><time>2026-05-23T12:49:56.900Z</time></trkpt>
<trkpt lat="54.384905" lon="18.809893"><time>2026-05-23T12:49:58.900Z</time></trkpt>
<trkpt lat="54.384960" lon="18.809892"><time>2026-05-23T12:50:00.900Z</time></trkpt>
<trkpt lat="54.385012" lon="18.809887"><time>2026-05-23T12:50:02.900Z</time></trkpt>
<trkpt lat="54.385066" lon="18.809882"><time>2026-05-23T12:50:04.900Z</time></trkpt>
<trkpt lat="54.385116" lon="18.809883"><time>2026-05-23T12:50:06.900Z</time></trkpt>
<trkpt lat="54.385167" lon="18.809888"><time>2026-05-23T12:50:08.900Z</time></trkpt>
<trkpt lat="54.385218" lon="18.809895"><time>2026-05-23T12:50:10.900Z</time></trkpt>
<trkpt lat="54.385267" lon="18.809900"><time>2026-05-23T12:50:12.900Z</time></trkpt>
<trkpt lat="54.385317" lon="18.809906"><time>2026-05-23T12:50:14.900Z</time></trkpt>
<trkpt lat="54.385364" lon="18.809909"><time>2026-05-23T12:50:16.900Z</time></trkpt>
<trkpt lat="54.385410" lon="18.809902"><time>2026-05-23T12:50:18.900Z</time></trkpt>
<trkpt lat="54.385458" lon="18.809882"><time>2026-05-23T12:50:20.900Z</time></trkpt>
<trkpt lat="54.385507" lon="18.809876"><time>2026-05-23T12:50:22.900Z</time></trkpt>
<trkpt lat="54.385557" lon="18.809871"><time>2026-05-23T12:50:24.900Z</time></trkpt>
<trkpt lat="54.385605" lon="18.809868"><time>2026-05-23T12:50:26.900Z</time></trkpt>
<trkpt lat="54.385656" lon="18.809862"><time>2026-05-23T12:50:28.900Z</time></trkpt>
<trkpt lat="54.385704" lon="18.809856"><time>2026-05-23T12:50:30.900Z</time></trkpt>
<trkpt lat="54.385756" lon="18.809848"><time>2026-05-23T12:50:32.900Z</time></trkpt>
<trkpt lat="54.385808" lon="18.809837"><time>2026-05-23T12:50:34.900Z</time></trkpt>
<trkpt lat="54.385860" lon="18.809829"><time>2026-05-23T12:50:36.900Z</time></trkpt>
<trkpt lat="54.385912" lon="18.809819"><time>2026-05-23T12:50:38.900Z</time></trkpt>
<trkpt lat="54.385966" lon="18.809812"><time>2026-05-23T12:50:40.900Z</time></trkpt>
<trkpt lat="54.386020" lon="18.809807"><time>2026-05-23T12:50:42.900Z</time></trkpt>
<trkpt lat="54.386072" lon="18.809795"><time>2026-05-23T12:50:44.900Z</time></trkpt>
<trkpt lat="54.386124" lon="18.809780"><time>2026-05-23T12:50:46.900Z</time></trkpt>
<trkpt lat="54.386174" lon="18.809763"><time>2026-05-23T12:50:48.900Z</time></trkpt>
<trkpt lat="54.386224" lon="18.809748"><time>2026-05-23T12:50:50.900Z</time></trkpt>
<trkpt lat="54.386276" lon="18.809735"><time>2026-05-23T12:50:52.900Z</time></trkpt>
<trkpt lat="54.386328" lon="18.809723"><time>2026-05-23T12:50:54.900Z</time></trkpt>
<trkpt lat="54.386379" lon="18.809708"><time>2026-05-23T12:50:56.900Z</time></trkpt>
<trkpt lat="54.386426" lon="18.809687"><time>2026-05-23T12:50:58.900Z</time></trkpt>
<trkpt lat="54.386481" lon="18.809661"><time>2026-05-23T12:51:00.900Z</time></trkpt>
<trkpt lat="54.386534" lon="18.809634"><time>2026-05-23T12:51:02.900Z</time></trkpt>
<trkpt lat="54.386588" lon="18.809606"><time>2026-05-23T12:51:04.900Z</time></trkpt>
<trkpt lat="54.386643" lon="18.809582"><time>2026-05-23T12:51:06.900Z</time></trkpt>
<trkpt lat="54.386697" lon="18.809551"><time>2026-05-23T12:51:08.900Z</time></trkpt>
<trkpt lat="54.386747" lon="18.809516"><time>2026-05-23T12:51:10.900Z</time></trkpt>
<trkpt lat="54.386799" lon="18.809482"><time>2026-05-23T12:51:12.900Z</time></trkpt>
<trkpt lat="54.386853" lon="18.809450"><time>2026-05-23T12:51:14.900Z</time></trkpt>
<trkpt lat="54.386911" lon="18.809425"><time>2026-05-23T12:51:16.900Z</time></trkpt>
<trkpt lat="54.386964" lon="18.809393"><time>2026-05-23T12:51:18.900Z</time></trkpt>
<trkpt lat="54.387013" lon="18.809348"><time>2026-05-23T12:51:20.900Z</time></trkpt>
<trkpt lat="54.387060" lon="18.809282"><time>2026-05-23T12:51:22.900Z</time></trkpt>
<trkpt lat="54.387103" lon="18.809217"><time>2026-05-23T12:51:24.900Z</time></trkpt>
<trkpt lat="54.387151" lon="18.809166"><time>2026-05-23T12:51:26.900Z</time></trkpt>
<trkpt lat="54.387201" lon="18.809122"><time>2026-05-23T12:51:28.900Z</time></trkpt>
<trkpt lat="54.387252" lon="18.809076"><time>2026-05-23T12:51:30.900Z</time></trkpt>
<trkpt lat="54.387302" lon="18.809028"><time>2026-05-23T12:51:32.900Z</time></trkpt>
<trkpt lat="54.387355" lon="18.808989"><time>2026-05-23T12:51:34.900Z</time></trkpt>
<trkpt lat="54.387407" lon="18.808966"><time>2026-05-23T12:51:36.900Z</time></trkpt>
<trkpt lat="54.387459" lon="18.808948"><time>2026-05-23T12:51:38.900Z</time></trkpt>
<trkpt lat="54.387512" lon="18.808927"><time>2026-05-23T12:51:40.900Z</time></trkpt>
<trkpt lat="54.387563" lon="18.808905"><time>2026-05-23T12:51:42.900Z</time></trkpt>
<trkpt lat="54.387615" lon="18.808892"><time>2026-05-23T12:51:44.900Z</time></trkpt>
<trkpt lat="54.387668" lon="18.808873"><time>2026-05-23T12:51:46.900Z</time></trkpt>
<trkpt lat="54.387720" lon="18.808842"><time>2026-05-23T12:51:48.900Z</time></trkpt>
<trkpt lat="54.387776" lon="18.808809"><time>2026-05-23T12:51:50.900Z</time></trkpt>
<trkpt lat="54.387830" lon="18.808781"><time>2026-05-23T12:51:52.900Z</time></trkpt>
<trkpt lat="54.387885" lon="18.808745"><time>2026-05-23T12:51:54.900Z</time></trkpt>
<trkpt lat="54.387939" lon="18.808708"><time>2026-05-23T12:51:56.900Z</time></trkpt>
<trkpt lat="54.387993" lon="18.808666"><time>2026-05-23T12:51:58.900Z</time></trkpt>
<trkpt lat="54.388042" lon="18.808613"><time>2026-05-23T12:52:00.900Z</time></trkpt>
<trkpt lat="54.388090" lon="18.808559"><time>2026-05-23T12:52:02.900Z</time></trkpt>
<trkpt lat="54.388141" lon="18.808534"><time>2026-05-23T12:52:04.900Z</time></trkpt>
<trkpt lat="54.388195" lon="18.808516"><time>2026-05-23T12:52:06.900Z</time></trkpt>
<trkpt lat="54.388247" lon="18.808491"><time>2026-05-23T12:52:08.900Z</time></trkpt>
<trkpt lat="54.388304" lon="18.808470"><time>2026-05-23T12:52:10.900Z</time></trkpt>
<trkpt lat="54.388356" lon="18.808452"><time>2026-05-23T12:52:12.900Z</time></trkpt>
<trkpt lat="54.388409" lon="18.808428"><time>2026-05-23T12:52:14.900Z</time></trkpt>
<trkpt lat="54.388463" lon="18.808404"><time>2026-05-23T12:52:16.900Z</time></trkpt>
<trkpt lat="54.388514" lon="18.808383"><time>2026-05-23T12:52:18.900Z</time></trkpt>
<trkpt lat="54.388568" lon="18.808365"><time>2026-05-23T12:52:20.900Z</time></trkpt>
<trkpt lat="54.388622" lon="18.808343"><time>2026-05-23T12:52:22.900Z</time></trkpt>
<trkpt lat="54.388673" lon="18.808317"><time>2026-05-23T12:52:24.900Z</time></trkpt>
<trkpt lat="54.388726" lon="18.808290"><time>2026-05-23T12:52:26.900Z</time></trkpt>
<trkpt lat="54.388777" lon="18.808268"><time>2026-05-23T12:52:28.900Z</time></trkpt>
<trkpt lat="54.388829" lon="18.808241"><time>2026-05-23T12:52:30.900Z</time></trkpt>
<trkpt lat="54.388882" lon="18.808215"><time>2026-05-23T12:52:32.900Z</time></trkpt>
<trkpt lat="54.388935" lon="18.808187"><time>2026-05-23T12:52:34.900Z</time></trkpt>
<trkpt lat="54.388989" lon="18.808163"><time>2026-05-23T12:52:36.900Z</time></trkpt>
<trkpt lat="54.389043" lon="18.808141"><time>2026-05-23T12:52:38.900Z</time></trkpt>
<trkpt lat="54.389099" lon="18.808128"><time>2026-05-23T12:52:40.900Z</time></trkpt>
<trkpt lat="54.389153" lon="18.808120"><time>2026-05-23T12:52:42.900Z</time></trkpt>
<trkpt lat="54.389207" lon="18.808108"><time>2026-05-23T12:52:44.900Z</time></trkpt>
<trkpt lat="54.389258" lon="18.808096"><time>2026-05-23T12:52:46.900Z</time></trkpt>
<trkpt lat="54.389314" lon="18.808090"><time>2026-05-23T12:52:48.900Z</time></trkpt>
<trkpt lat="54.389368" lon="18.808084"><time>2026-05-23T12:52:50.900Z</time></trkpt>
<trkpt lat="54.389421" lon="18.808077"><time>2026-05-23T12:52:52.900Z</time></trkpt>
<trkpt lat="54.389479" lon="18.808062"><time>2026-05-23T12:52:54.900Z</time></trkpt>
<trkpt lat="54.389542" lon="18.808023"><time>2026-05-23T12:52:56.900Z</time></trkpt>
<trkpt lat="54.389600" lon="18.808006"><time>2026-05-23T12:52:58.900Z</time></trkpt>
<trkpt lat="54.389664" lon="18.807992"><time>2026-05-23T12:53:00.900Z</time></trkpt>
<trkpt lat="54.389714" lon="18.807993"><time>2026-05-23T12:53:02.900Z</time></trkpt>
<trkpt lat="54.389767" lon="18.807983"><time>2026-05-23T12:53:04.900Z</time></trkpt>
<trkpt lat="54.389814" lon="18.807976"><time>2026-05-23T12:53:06.900Z</time></trkpt>
<trkpt lat="54.389863" lon="18.807970"><time>2026-05-23T12:53:08.900Z</time></trkpt>
<trkpt lat="54.389914" lon="18.807962"><time>2026-05-23T12:53:10.900Z</time></trkpt>
<trkpt lat="54.389967" lon="18.807950"><time>2026-05-23T12:53:12.900Z</time></trkpt>
<trkpt lat="54.390014" lon="18.807940"><time>2026-05-23T12:53:14.900Z</time></trkpt>
<trkpt lat="54.390056" lon="18.807926"><time>2026-05-23T12:53:16.900Z</time></trkpt>
<trkpt lat="54.390102" lon="18.807939"><time>2026-05-23T12:53:18.900Z</time></trkpt>
<trkpt lat="54.390152" lon="18.807943"><time>2026-05-23T12:53:20.900Z</time></trkpt>
<trkpt lat="54.390204" lon="18.807951"><time>2026-05-23T12:53:22.900Z</time></trkpt>
<trkpt lat="54.390254" lon="18.807958"><time>2026-05-23T12:53:24.900Z</time></trkpt>
<trkpt lat="54.390304" lon="18.807958"><time>2026-05-23T12:53:26.900Z</time></trkpt>
<trkpt lat="54.390354" lon="18.807943"><time>2026-05-23T12:53:28.900Z</time></trkpt>
<trkpt lat="54.390403" lon="18.807934"><time>2026-05-23T12:53:30.900Z</time></trkpt>
<trkpt lat="54.390454" lon="18.807929"><time>2026-05-23T12:53:32.900Z</time></trkpt>
<trkpt lat="54.390505" lon="18.807918"><time>2026-05-23T12:53:34.900Z</time></trkpt>
<trkpt lat="54.390554" lon="18.807900"><time>2026-05-23T12:53:36.900Z</time></trkpt>
<trkpt lat="54.390604" lon="18.807884"><time>2026-05-23T12:53:38.900Z</time></trkpt>
<trkpt lat="54.390655" lon="18.807872"><time>2026-05-23T12:53:40.900Z</time></trkpt>
<trkpt lat="54.390708" lon="18.807857"><time>2026-05-23T12:53:42.900Z</time></trkpt>
<trkpt lat="54.390763" lon="18.807843"><time>2026-05-23T12:53:44.900Z</time></trkpt>
<trkpt lat="54.390817" lon="18.807833"><time>2026-05-23T12:53:46.900Z</time></trkpt>
<trkpt lat="54.390871" lon="18.807822"><time>2026-05-23T12:53:48.900Z</time></trkpt>
<trkpt lat="54.390925" lon="18.807810"><time>2026-05-23T12:53:50.900Z</time></trkpt>
<trkpt lat="54.390980" lon="18.807798"><time>2026-05-23T12:53:52.900Z</time></trkpt>
<trkpt lat="54.391036" lon="18.807789"><time>2026-05-23T12:53:54.900Z</time></trkpt>
<trkpt lat="54.391089" lon="18.807771"><time>2026-05-23T12:53:56.900Z</time></trkpt>
<trkpt lat="54.391142" lon="18.807748"><time>2026-05-23T12:53:58.900Z</time></trkpt>
<trkpt lat="54.391194" lon="18.807725"><time>2026-05-23T12:54:00.900Z</time></trkpt>
<trkpt lat="54.391246" lon="18.807703"><time>2026-05-23T12:54:02.900Z</time></trkpt>
<trkpt lat="54.391299" lon="18.807683"><time>2026-05-23T12:54:04.900Z</time></trkpt>
<trkpt lat="54.391354" lon="18.807652"><time>2026-05-23T12:54:06.900Z</time></trkpt>
<trkpt lat="54.391411" lon="18.807632"><time>2026-05-23T12:54:08.900Z</time></trkpt>
<trkpt lat="54.391466" lon="18.807619"><time>2026-05-23T12:54:10.900Z</time></trkpt>
<trkpt lat="54.391522" lon="18.807604"><time>2026-05-23T12:54:12.900Z</time></trkpt>
<trkpt lat="54.391579" lon="18.807582"><time>2026-05-23T12:54:14.900Z</time></trkpt>
<trkpt lat="54.391636" lon="18.807553"><time>2026-05-23T12:54:16.900Z</time></trkpt>
<trkpt lat="54.391688" lon="18.807535"><time>2026-05-23T12:54:18.900Z</time></trkpt>
<trkpt lat="54.391739" lon="18.807527"><time>2026-05-23T12:54:20.900Z</time></trkpt>
<trkpt lat="54.391793" lon="18.807523"><time>2026-05-23T12:54:22.900Z</time></trkpt>
<trkpt lat="54.391847" lon="18.807512"><time>2026-05-23T12:54:24.900Z</time></trkpt>
<trkpt lat="54.391899" lon="18.807494"><time>2026-05-23T12:54:26.900Z</time></trkpt>
<trkpt lat="54.391950" lon="18.807477"><time>2026-05-23T12:54:28.900Z</time></trkpt>
<trkpt lat="54.392000" lon="18.807467"><time>2026-05-23T12:54:30.900Z</time></trkpt>
<trkpt lat="54.392053" lon="18.807456"><time>2026-05-23T12:54:32.900Z</time></trkpt>
<trkpt lat="54.392105" lon="18.807434"><time>2026-05-23T12:54:34.900Z</time></trkpt>
<trkpt lat="54.392154" lon="18.807411"><time>2026-05-23T12:54:36.900Z</time></trkpt>
<trkpt lat="54.392206" lon="18.807392"><time>2026-05-23T12:54:38.900Z</time></trkpt>
<trkpt lat="54.392257" lon="18.807379"><time>2026-05-23T12:54:40.900Z</time></trkpt>
<trkpt lat="54.392303" lon="18.807362"><time>2026-05-23T12:54:42.900Z</time></trkpt>
<trkpt lat="54.392355" lon="18.807332"><time>2026-05-23T12:54:44.900Z</time></trkpt>
<trkpt lat="54.392407" lon="18.807296"><time>2026-05-23T12:54:46.900Z</time></trkpt>
<trkpt lat="54.392459" lon="18.807269"><time>2026-05-23T12:54:48.900Z</time></trkpt>
<trkpt lat="54.392512" lon="18.807244"><time>2026-05-23T12:54:50.900Z</time></trkpt>
<trkpt lat="54.392565" lon="18.807213"><time>2026-05-23T12:54:52.900Z</time></trkpt>
<trkpt lat="54.392615" lon="18.807168"><time>2026-05-23T12:54:54.900Z</time></trkpt>
<trkpt lat="54.392667" lon="18.807124"><time>2026-05-23T12:54:56.900Z</time></trkpt>
<trkpt lat="54.392718" lon="18.807085"><time>2026-05-23T12:54:58.900Z</time></trkpt>
<trkpt lat="54.392769" lon="18.807046"><time>2026-05-23T12:55:00.900Z</time></trkpt>
<trkpt lat="54.392822" lon="18.807007"><time>2026-05-23T12:55:02.900Z</time></trkpt>
<trkpt lat="54.392873" lon="18.806961"><time>2026-05-23T12:55:04.900Z</time></trkpt>
<trkpt lat="54.392922" lon="18.806912"><time>2026-05-23T12:55:06.900Z</time></trkpt>
<trkpt lat="54.392979" lon="18.806863"><time>2026-05-23T12:55:08.900Z</time></trkpt>
<trkpt lat="54.393027" lon="18.806820"><time>2026-05-23T12:55:10.900Z</time></trkpt>
<trkpt lat="54.393074" lon="18.806770"><time>2026-05-23T12:55:12.900Z</time></trkpt>
<trkpt lat="54.393126" lon="18.806733"><time>2026-05-23T12:55:14.900Z</time></trkpt>
<trkpt lat="54.393146" lon="18.806715"><time>2026-05-23T12:55:16.000Z</time></trkpt>
<trkpt lat="54.393194" lon="18.806675"><time>2026-05-23T12:55:18.000Z</time></trkpt>
<trkpt lat="54.393246" lon="18.806622"><time>2026-05-23T12:55:20.000Z</time></trkpt>
<trkpt lat="54.393299" lon="18.806563"><time>2026-05-23T12:55:22.000Z</time></trkpt>
<trkpt lat="54.393349" lon="18.806506"><time>2026-05-23T12:55:24.000Z</time></trkpt>
<trkpt lat="54.393397" lon="18.806448"><time>2026-05-23T12:55:26.000Z</time></trkpt>
<trkpt lat="54.393429" lon="18.806386"><time>2026-05-23T12:55:28.000Z</time></trkpt>
<trkpt lat="54.393480" lon="18.806322"><time>2026-05-23T12:55:30.000Z</time></trkpt>
<trkpt lat="54.393524" lon="18.806269"><time>2026-05-23T12:55:32.000Z</time></trkpt>
<trkpt lat="54.393575" lon="18.806211"><time>2026-05-23T12:55:34.000Z</time></trkpt>
<trkpt lat="54.393623" lon="18.806149"><time>2026-05-23T12:55:36.000Z</time></trkpt>
<trkpt lat="54.393671" lon="18.806084"><time>2026-05-23T12:55:38.000Z</time></trkpt>
<trkpt lat="54.393708" lon="18.806008"><time>2026-05-23T12:55:40.000Z</time></trkpt>
<trkpt lat="54.393741" lon="18.805927"><time>2026-05-23T12:55:42.000Z</time></trkpt>
<trkpt lat="54.393770" lon="18.805847"><time>2026-05-23T12:55:44.000Z</time></trkpt>
<trkpt lat="54.393797" lon="18.805764"><time>2026-05-23T12:55:46.000Z</time></trkpt>
<trkpt lat="54.393836" lon="18.805649"><time>2026-05-23T12:55:48.900Z</time></trkpt>
<trkpt lat="54.393865" lon="18.805592"><time>2026-05-23T12:55:50.900Z</time></trkpt>
<trkpt lat="54.393899" lon="18.805584"><time>2026-05-23T12:55:52.900Z</time></trkpt>
<trkpt lat="54.393925" lon="18.805625"><time>2026-05-23T12:55:54.900Z</time></trkpt>
<trkpt lat="54.393937" lon="18.805663"><time>2026-05-23T12:55:56.900Z</time></trkpt>
<trkpt lat="54.393935" lon="18.805698"><time>2026-05-23T12:55:58.900Z</time></trkpt>
<trkpt lat="54.393924" lon="18.805726"><time>2026-05-23T12:56:00.900Z</time></trkpt>
<trkpt lat="54.393917" lon="18.805752"><time>2026-05-23T12:56:02.900Z</time></trkpt>
<trkpt lat="54.393902" lon="18.805778"><time>2026-05-23T12:56:04.900Z</time></trkpt>
<trkpt lat="54.393891" lon="18.805803"><time>2026-05-23T12:56:06.900Z</time></trkpt>
<trkpt lat="54.393877" lon="18.805858"><time>2026-05-23T12:56:08.900Z</time></trkpt>
<trkpt lat="54.393867" lon="18.805924"><time>2026-05-23T12:56:10.900Z</time></trkpt>
<trkpt lat="54.393844" lon="18.805980"><time>2026-05-23T12:56:12.900Z</time></trkpt>
<trkpt lat="54.393815" lon="18.806040"><time>2026-05-23T12:56:14.900Z</time></trkpt>
<trkpt lat="54.393789" lon="18.806094"><time>2026-05-23T12:56:16.900Z</time></trkpt>
<trkpt lat="54.393760" lon="18.806146"><time>2026-05-23T12:56:18.900Z</time></trkpt>
<trkpt lat="54.393729" lon="18.806203"><time>2026-05-23T12:56:20.900Z</time></trkpt>
<trkpt lat="54.393700" lon="18.806261"><time>2026-05-23T12:56:22.900Z</time></trkpt>
<trkpt lat="54.393667" lon="18.806328"><time>2026-05-23T12:56:24.900Z</time></trkpt>
<trkpt lat="54.393637" lon="18.806401"><time>2026-05-23T12:56:26.900Z</time></trkpt>
<trkpt lat="54.393616" lon="18.806480"><time>2026-05-23T12:56:28.900Z</time></trkpt>
<trkpt lat="54.393599" lon="18.806563"><time>2026-05-23T12:56:30.900Z</time></trkpt>
<trkpt lat="54.393584" lon="18.806651"><time>2026-05-23T12:56:32.900Z</time></trkpt>
<trkpt lat="54.393571" lon="18.806738"><time>2026-05-23T12:56:34.900Z</time></trkpt>
<trkpt lat="54.393558" lon="18.806824"><time>2026-05-23T12:56:36.900Z</time></trkpt>
<trkpt lat="54.393547" lon="18.806909"><time>2026-05-23T12:56:38.900Z</time></trkpt>
<trkpt lat="54.393539" lon="18.806994"><time>2026-05-23T12:56:40.900Z</time></trkpt>
<trkpt lat="54.393531" lon="18.807082"><time>2026-05-23T12:56:42.900Z</time></trkpt>
<trkpt lat="54.393520" lon="18.807157"><time>2026-05-23T12:56:44.900Z</time></trkpt>
<trkpt lat="54.393513" lon="18.807238"><time>2026-05-23T12:56:46.900Z</time></trkpt>
<trkpt lat="54.393510" lon="18.807325"><time>2026-05-23T12:56:48.900Z</time></trkpt>
<trkpt lat="54.393506" lon="18.807407"><time>2026-05-23T12:56:50.900Z</time></trkpt>
<trkpt lat="54.393493" lon="18.807485"><time>2026-05-23T12:56:52.900Z</time></trkpt>
<trkpt lat="54.393481" lon="18.807573"><time>2026-05-23T12:56:54.900Z</time></trkpt>
<trkpt lat="54.393473" lon="18.807662"><time>2026-05-23T12:56:56.900Z</time></trkpt>
<trkpt lat="54.393467" lon="18.807733"><time>2026-05-23T12:56:58.900Z</time></trkpt>
<trkpt lat="54.393458" lon="18.807810"><time>2026-05-23T12:57:00.900Z</time></trkpt>
<trkpt lat="54.393452" lon="18.807886"><time>2026-05-23T12:57:02.900Z</time></trkpt>
<trkpt lat="54.393447" lon="18.807965"><time>2026-05-23T12:57:04.900Z</time></trkpt>
<trkpt lat="54.393442" lon="18.808043"><time>2026-05-23T12:57:06.900Z</time></trkpt>
<trkpt lat="54.393434" lon="18.808123"><time>2026-05-23T12:57:08.900Z</time></trkpt>
<trkpt lat="54.393423" lon="18.808203"><time>2026-05-23T12:57:10.900Z</time></trkpt>
<trkpt lat="54.393408" lon="18.808284"><time>2026-05-23T12:57:12.900Z</time></trkpt>
<trkpt lat="54.393398" lon="18.808370"><time>2026-05-23T12:57:14.900Z</time></trkpt>
<trkpt lat="54.393390" lon="18.808459"><time>2026-05-23T12:57:16.900Z</time></trkpt>
<trkpt lat="54.393377" lon="18.808545"><time>2026-05-23T12:57:18.900Z</time></trkpt>
<trkpt lat="54.393359" lon="18.808637"><time>2026-05-23T12:57:20.900Z</time></trkpt>
<trkpt lat="54.393352" lon="18.808682"><time>2026-05-23T12:57:22.000Z</time></trkpt>
<trkpt lat="54.393338" lon="18.808770"><time>2026-05-23T12:57:24.000Z</time></trkpt>
<trkpt lat="54.393324" lon="18.808854"><time>2026-05-23T12:57:26.000Z</time></trkpt>
<trkpt lat="54.393309" lon="18.808938"><time>2026-05-23T12:57:28.000Z</time></trkpt>
<trkpt lat="54.393290" lon="18.809019"><time>2026-05-23T12:57:30.000Z</time></trkpt>
<trkpt lat="54.393273" lon="18.809106"><time>2026-05-23T12:57:32.000Z</time></trkpt>
<trkpt lat="54.393250" lon="18.809188"><time>2026-05-23T12:57:34.000Z</time></trkpt>
<trkpt lat="54.393229" lon="18.809272"><time>2026-05-23T12:57:36.000Z</time></trkpt>
<trkpt lat="54.393214" lon="18.809358"><time>2026-05-23T12:57:38.000Z</time></trkpt>
<trkpt lat="54.393197" lon="18.809446"><time>2026-05-23T12:57:40.000Z</time></trkpt>
<trkpt lat="54.393178" lon="18.809535"><time>2026-05-23T12:57:42.000Z</time></trkpt>
<trkpt lat="54.393157" lon="18.809622"><time>2026-05-23T12:57:44.000Z</time></trkpt>
<trkpt lat="54.393134" lon="18.809712"><time>2026-05-23T12:57:46.000Z</time></trkpt>
<trkpt lat="54.393114" lon="18.809800"><time>2026-05-23T12:57:48.000Z</time></trkpt>
<trkpt lat="54.393091" lon="18.809889"><time>2026-05-23T12:57:50.000Z</time></trkpt>
<trkpt lat="54.393065" lon="18.809977"><time>2026-05-23T12:57:52.000Z</time></trkpt>
<trkpt lat="54.393037" lon="18.810062"><time>2026-05-23T12:57:54.000Z</time></trkpt>
<trkpt lat="54.393009" lon="18.810147"><time>2026-05-23T12:57:56.000Z</time></trkpt>
<trkpt lat="54.392978" lon="18.810233"><time>2026-05-23T12:57:58.000Z</time></trkpt>
<trkpt lat="54.392946" lon="18.810315"><time>2026-05-23T12:58:00.000Z</time></trkpt>
<trkpt lat="54.392913" lon="18.810388"><time>2026-05-23T12:58:02.000Z</time></trkpt>
<trkpt lat="54.392883" lon="18.810471"><time>2026-05-23T12:58:04.000Z</time></trkpt>
<trkpt lat="54.392857" lon="18.810558"><time>2026-05-23T12:58:06.000Z</time></trkpt>
<trkpt lat="54.392836" lon="18.810642"><time>2026-05-23T12:58:08.000Z</time></trkpt>
<trkpt lat="54.392816" lon="18.810727"><time>2026-05-23T12:58:10.000Z</time></trkpt>
<trkpt lat="54.392793" lon="18.810814"><time>2026-05-23T12:58:12.000Z</time></trkpt>
<trkpt lat="54.392776" lon="18.810908"><time>2026-05-23T12:58:14.000Z</time></trkpt>
<trkpt lat="54.392746" lon="18.811038"><time>2026-05-23T12:58:16.900Z</time></trkpt>
<trkpt lat="54.392727" lon="18.811126"><time>2026-05-23T12:58:18.900Z</time></trkpt>
<trkpt lat="54.392705" lon="18.811213"><time>2026-05-23T12:58:20.900Z</time></trkpt>
<trkpt lat="54.392684" lon="18.811301"><time>2026-05-23T12:58:22.900Z</time></trkpt>
<trkpt lat="54.392669" lon="18.811393"><time>2026-05-23T12:58:24.900Z</time></trkpt>
<trkpt lat="54.392654" lon="18.811477"><time>2026-05-23T12:58:26.900Z</time></trkpt>
<trkpt lat="54.392652" lon="18.811550"><time>2026-05-23T12:58:28.900Z</time></trkpt>
<trkpt lat="54.392649" lon="18.811634"><time>2026-05-23T12:58:30.900Z</time></trkpt>
<trkpt lat="54.392643" lon="18.811717"><time>2026-05-23T12:58:32.900Z</time></trkpt>
<trkpt lat="54.392637" lon="18.811800"><time>2026-05-23T12:58:34.900Z</time></trkpt>
<trkpt lat="54.392630" lon="18.811886"><time>2026-05-23T12:58:36.900Z</time></trkpt>
<trkpt lat="54.392626" lon="18.811973"><time>2026-05-23T12:58:38.900Z</time></trkpt>
<trkpt lat="54.392622" lon="18.812058"><time>2026-05-23T12:58:40.900Z</time></trkpt>
<trkpt lat="54.392610" lon="18.812144"><time>2026-05-23T12:58:42.900Z</time></trkpt>
<trkpt lat="54.392598" lon="18.812232"><time>2026-05-23T12:58:44.900Z</time></trkpt>
<trkpt lat="54.392591" lon="18.812320"><time>2026-05-23T12:58:46.900Z</time></trkpt>
<trkpt lat="54.392580" lon="18.812404"><time>2026-05-23T12:58:48.900Z</time></trkpt>
<trkpt lat="54.392566" lon="18.812491"><time>2026-05-23T12:58:50.900Z</time></trkpt>
<trkpt lat="54.392554" lon="18.812580"><time>2026-05-23T12:58:52.900Z</time></trkpt>
<trkpt lat="54.392542" lon="18.812668"><time>2026-05-23T12:58:54.900Z</time></trkpt>
<trkpt lat="54.392530" lon="18.812755"><time>2026-05-23T12:58:56.900Z</time></trkpt>
<trkpt lat="54.392515" lon="18.812837"><time>2026-05-23T12:58:58.900Z</time></trkpt>
<trkpt lat="54.392504" lon="18.812925"><time>2026-05-23T12:59:00.900Z</time></trkpt>
<trkpt lat="54.392482" lon="18.813011"><time>2026-05-23T12:59:02.900Z</time></trkpt>
<trkpt lat="54.392461" lon="18.813094"><time>2026-05-23T12:59:04.900Z</time></trkpt>
<trkpt lat="54.392440" lon="18.813181"><time>2026-05-23T12:59:06.900Z</time></trkpt>
<trkpt lat="54.392424" lon="18.813271"><time>2026-05-23T12:59:08.900Z</time></trkpt>
<trkpt lat="54.392405" lon="18.813354"><time>2026-05-23T12:59:10.900Z</time></trkpt>
<trkpt lat="54.392386" lon="18.813439"><time>2026-05-23T12:59:12.900Z</time></trkpt>
<trkpt lat="54.392364" lon="18.813523"><time>2026-05-23T12:59:14.900Z</time></trkpt>
<trkpt lat="54.392343" lon="18.813602"><time>2026-05-23T12:59:16.900Z</time></trkpt>
<trkpt lat="54.392328" lon="18.813681"><time>2026-05-23T12:59:18.900Z</time></trkpt>
<trkpt lat="54.392315" lon="18.813762"><time>2026-05-23T12:59:20.900Z</time></trkpt>
<trkpt lat="54.392303" lon="18.813851"><time>2026-05-23T12:59:22.900Z</time></trkpt>
<trkpt lat="54.392288" lon="18.813940"><time>2026-05-23T12:59:24.900Z</time></trkpt>
<trkpt lat="54.392268" lon="18.814025"><time>2026-05-23T12:59:26.900Z</time></trkpt>
<trkpt lat="54.392258" lon="18.814069"><time>2026-05-23T12:59:28.000Z</time></trkpt>
<trkpt lat="54.392238" lon="18.814155"><time>2026-05-23T12:59:30.000Z</time></trkpt>
<trkpt lat="54.392222" lon="18.814241"><time>2026-05-23T12:59:32.000Z</time></trkpt>
<trkpt lat="54.392209" lon="18.814327"><time>2026-05-23T12:59:34.000Z</time></trkpt>
<trkpt lat="54.392194" lon="18.814413"><time>2026-05-23T12:59:36.000Z</time></trkpt>
<trkpt lat="54.392176" lon="18.814501"><time>2026-05-23T12:59:38.000Z</time></trkpt>
<trkpt lat="54.392157" lon="18.814591"><time>2026-05-23T12:59:40.000Z</time></trkpt>
<trkpt lat="54.392139" lon="18.814683"><time>2026-05-23T12:59:42.000Z</time></trkpt>
<trkpt lat="54.392119" lon="18.814771"><time>2026-05-23T12:59:44.000Z</time></trkpt>
<trkpt lat="54.392103" lon="18.814863"><time>2026-05-23T12:59:46.000Z</time></trkpt>
<trkpt lat="54.392089" lon="18.814950"><time>2026-05-23T12:59:48.000Z</time></trkpt>
<trkpt lat="54.392072" lon="18.815039"><time>2026-05-23T12:59:50.000Z</time></trkpt>
<trkpt lat="54.392057" lon="18.815134"><time>2026-05-23T12:59:52.000Z</time></trkpt>
<trkpt lat="54.392038" lon="18.815220"><time>2026-05-23T12:59:54.000Z</time></trkpt>
<trkpt lat="54.392020" lon="18.815305"><time>2026-05-23T12:59:56.000Z</time></trkpt>
<trkpt lat="54.392003" lon="18.815395"><time>2026-05-23T12:59:58.000Z</time></trkpt>
<trkpt lat="54.391987" lon="18.815490"><time>2026-05-23T13:00:00.000Z</time></trkpt>
<trkpt lat="54.391970" lon="18.815580"><time>2026-05-23T13:00:02.000Z</time></trkpt>
<trkpt lat="54.391949" lon="18.815668"><time>2026-05-23T13:00:04.000Z</time></trkpt>
<trkpt lat="54.391925" lon="18.815753"><time>2026-05-23T13:00:06.000Z</time></trkpt>
<trkpt lat="54.391900" lon="18.815835"><time>2026-05-23T13:00:08.000Z</time></trkpt>
<trkpt lat="54.391876" lon="18.815915"><time>2026-05-23T13:00:10.000Z</time></trkpt>
<trkpt lat="54.391852" lon="18.816000"><time>2026-05-23T13:00:12.000Z</time></trkpt>
<trkpt lat="54.391835" lon="18.816084"><time>2026-05-23T13:00:14.000Z</time></trkpt>
<trkpt lat="54.391815" lon="18.816173"><time>2026-05-23T13:00:16.000Z</time></trkpt>
<trkpt lat="54.391797" lon="18.816261"><time>2026-05-23T13:00:18.000Z</time></trkpt>
<trkpt lat="54.391773" lon="18.816345"><time>2026-05-23T13:00:20.000Z</time></trkpt>
<trkpt lat="54.391752" lon="18.816429"><time>2026-05-23T13:00:22.000Z</time></trkpt>
<trkpt lat="54.391730" lon="18.816513"><time>2026-05-23T13:00:24.000Z</time></trkpt>
<trkpt lat="54.391711" lon="18.816584"><time>2026-05-23T13:00:26.000Z</time></trkpt>
<trkpt lat="54.391682" lon="18.816707"><time>2026-05-23T13:00:28.900Z</time></trkpt>
<trkpt lat="54.391661" lon="18.816785"><time>2026-05-23T13:00:30.900Z</time></trkpt>
<trkpt lat="54.391634" lon="18.816864"><time>2026-05-23T13:00:32.900Z</time></trkpt>
<trkpt lat="54.391608" lon="18.816944"><time>2026-05-23T13:00:34.900Z</time></trkpt>
<trkpt lat="54.391582" lon="18.817024"><time>2026-05-23T13:00:36.900Z</time></trkpt>
<trkpt lat="54.391558" lon="18.817106"><time>2026-05-23T13:00:38.900Z</time></trkpt>
<trkpt lat="54.391540" lon="18.817189"><time>2026-05-23T13:00:40.900Z</time></trkpt>
<trkpt lat="54.391520" lon="18.817276"><time>2026-05-23T13:00:42.900Z</time></trkpt>
<trkpt lat="54.391494" lon="18.817359"><time>2026-05-23T13:00:44.900Z</time></trkpt>
<trkpt lat="54.391474" lon="18.817436"><time>2026-05-23T13:00:46.900Z</time></trkpt>
<trkpt lat="54.391456" lon="18.817522"><time>2026-05-23T13:00:48.900Z</time></trkpt>
<trkpt lat="54.391433" lon="18.817609"><time>2026-05-23T13:00:50.900Z</time></trkpt>
<trkpt lat="54.391407" lon="18.817692"><time>2026-05-23T13:00:52.900Z</time></trkpt>
<trkpt lat="54.391383" lon="18.817776"><time>2026-05-23T13:00:54.900Z</time></trkpt>
<trkpt lat="54.391367" lon="18.817863"><time>2026-05-23T13:00:56.900Z</time></trkpt>
<trkpt lat="54.391350" lon="18.817956"><time>2026-05-23T13:00:58.900Z</time></trkpt>
<trkpt lat="54.391337" lon="18.818062"><time>2026-05-23T13:01:00.900Z</time></trkpt>
<trkpt lat="54.391317" lon="18.818152"><time>2026-05-23T13:01:02.900Z</time></trkpt>
<trkpt lat="54.391293" lon="18.818236"><time>2026-05-23T13:01:04.900Z</time></trkpt>
<trkpt lat="54.391273" lon="18.818331"><time>2026-05-23T13:01:06.900Z</time></trkpt>
<trkpt lat="54.391257" lon="18.818426"><time>2026-05-23T13:01:08.900Z</time></trkpt>
<trkpt lat="54.391243" lon="18.818515"><time>2026-05-23T13:01:10.900Z</time></trkpt>
<trkpt lat="54.391231" lon="18.818605"><time>2026-05-23T13:01:12.900Z</time></trkpt>
<trkpt lat="54.391215" lon="18.818694"><time>2026-05-23T13:01:14.900Z</time></trkpt>
<trkpt lat="54.391200" lon="18.818779"><time>2026-05-23T13:01:16.900Z</time></trkpt>
<trkpt lat="54.391183" lon="18.818864"><time>2026-05-23T13:01:18.900Z</time></trkpt>
<trkpt lat="54.391163" lon="18.818949"><time>2026-05-23T13:01:20.900Z</time></trkpt>
<trkpt lat="54.391138" lon="18.819033"><time>2026-05-23T13:01:22.900Z</time></trkpt>
<trkpt lat="54.391115" lon="18.819120"><time>2026-05-23T13:01:24.900Z</time></trkpt>
<trkpt lat="54.391096" lon="18.819207"><time>2026-05-23T13:01:26.900Z</time></trkpt>
<trkpt lat="54.391071" lon="18.819288"><time>2026-05-23T13:01:28.900Z</time></trkpt>
<trkpt lat="54.391047" lon="18.819368"><time>2026-05-23T13:01:30.900Z</time></trkpt>
<trkpt lat="54.391024" lon="18.819452"><time>2026-05-23T13:01:33.000Z</time></trkpt>
<trkpt lat="54.391011" lon="18.819492"><time>2026-05-23T13:01:34.000Z</time></trkpt>
<trkpt lat="54.390983" lon="18.819576"><time>2026-05-23T13:01:36.000Z</time></trkpt>
<trkpt lat="54.390958" lon="18.819652"><time>2026-05-23T13:01:38.000Z</time></trkpt>
<trkpt lat="54.390943" lon="18.819751"><time>2026-05-23T13:01:40.000Z</time></trkpt>
<trkpt lat="54.390930" lon="18.819845"><time>2026-05-23T13:01:42.000Z</time></trkpt>
<trkpt lat="54.390912" lon="18.819937"><time>2026-05-23T13:01:44.000Z</time></trkpt>
<trkpt lat="54.390896" lon="18.820026"><time>2026-05-23T13:01:46.000Z</time></trkpt>
<trkpt lat="54.390892" lon="18.820110"><time>2026-05-23T13:01:48.000Z</time></trkpt>
<trkpt lat="54.390911" lon="18.820170"><time>2026-05-23T13:01:50.000Z</time></trkpt>
<trkpt lat="54.390941" lon="18.820190"><time>2026-05-23T13:01:52.000Z</time></trkpt>
<trkpt lat="54.390983" lon="18.820177"><time>2026-05-23T13:01:54.000Z</time></trkpt>
<trkpt lat="54.391015" lon="18.820154"><time>2026-05-23T13:01:56.000Z</time></trkpt>
<trkpt lat="54.391043" lon="18.820127"><time>2026-05-23T13:01:58.000Z</time></trkpt>
<trkpt lat="54.391080" lon="18.820101"><time>2026-05-23T13:02:00.000Z</time></trkpt>
<trkpt lat="54.391115" lon="18.820081"><time>2026-05-23T13:02:02.000Z</time></trkpt>
<trkpt lat="54.391151" lon="18.820071"><time>2026-05-23T13:02:04.000Z</time></trkpt>
<trkpt lat="54.391187" lon="18.820054"><time>2026-05-23T13:02:06.000Z</time></trkpt>
<trkpt lat="54.391227" lon="18.820021"><time>2026-05-23T13:02:08.000Z</time></trkpt>
<trkpt lat="54.391267" lon="18.819987"><time>2026-05-23T13:02:10.000Z</time></trkpt>
<trkpt lat="54.391310" lon="18.819965"><time>2026-05-23T13:02:12.000Z</time></trkpt>
<trkpt lat="54.391362" lon="18.819947"><time>2026-05-23T13:02:14.000Z</time></trkpt>
<trkpt lat="54.391406" lon="18.819930"><time>2026-05-23T13:02:16.000Z</time></trkpt>
<trkpt lat="54.391448" lon="18.819921"><time>2026-05-23T13:02:18.000Z</time></trkpt>
<trkpt lat="54.391518" lon="18.819905"><time>2026-05-23T13:02:20.000Z</time></trkpt>
<trkpt lat="54.391565" lon="18.819876"><time>2026-05-23T13:02:22.000Z</time></trkpt>
<trkpt lat="54.391615" lon="18.819839"><time>2026-05-23T13:02:24.000Z</time></trkpt>
<trkpt lat="54.391667" lon="18.819803"><time>2026-05-23T13:02:26.000Z</time></trkpt>
<trkpt lat="54.391718" lon="18.819772"><time>2026-05-23T13:02:28.000Z</time></trkpt>
<trkpt lat="54.391764" lon="18.819732"><time>2026-05-23T13:02:30.000Z</time></trkpt>
<trkpt lat="54.391809" lon="18.819690"><time>2026-05-23T13:02:32.000Z</time></trkpt>
<trkpt lat="54.391881" lon="18.819649"><time>2026-05-23T13:02:34.900Z</time></trkpt>
<trkpt lat="54.391937" lon="18.819613"><time>2026-05-23T13:02:36.900Z</time></trkpt>
<trkpt lat="54.391993" lon="18.819571"><time>2026-05-23T13:02:38.900Z</time></trkpt>
<trkpt lat="54.392044" lon="18.819527"><time>2026-05-23T13:02:40.900Z</time></trkpt>
<trkpt lat="54.392096" lon="18.819498"><time>2026-05-23T13:02:42.900Z</time></trkpt>
<trkpt lat="54.392154" lon="18.819502"><time>2026-05-23T13:02:44.900Z</time></trkpt>
<trkpt lat="54.392218" lon="18.819493"><time>2026-05-23T13:02:46.900Z</time></trkpt>
<trkpt lat="54.392274" lon="18.819465"><time>2026-05-23T13:02:48.900Z</time></trkpt>
<trkpt lat="54.392321" lon="18.819416"><time>2026-05-23T13:02:50.900Z</time></trkpt>
<trkpt lat="54.392369" lon="18.819377"><time>2026-05-23T13:02:52.900Z</time></trkpt>
<trkpt lat="54.392419" lon="18.819342"><time>2026-05-23T13:02:54.900Z</time></trkpt>
<trkpt lat="54.392471" lon="18.819311"><time>2026-05-23T13:02:56.900Z</time></trkpt>
<trkpt lat="54.392530" lon="18.819285"><time>2026-05-23T13:02:58.900Z</time></trkpt>
<trkpt lat="54.392584" lon="18.819255"><time>2026-05-23T13:03:00.900Z</time></trkpt>
<trkpt lat="54.392634" lon="18.819220"><time>2026-05-23T13:03:02.900Z</time></trkpt>
<trkpt lat="54.392683" lon="18.819192"><time>2026-05-23T13:03:04.900Z</time></trkpt>
<trkpt lat="54.392737" lon="18.819178"><time>2026-05-23T13:03:06.900Z</time></trkpt>
<trkpt lat="54.392791" lon="18.819162"><time>2026-05-23T13:03:08.900Z</time></trkpt>
<trkpt lat="54.392844" lon="18.819144"><time>2026-05-23T13:03:10.900Z</time></trkpt>
<trkpt lat="54.392900" lon="18.819129"><time>2026-05-23T13:03:12.900Z</time></trkpt>
<trkpt lat="54.392953" lon="18.819107"><time>2026-05-23T13:03:14.900Z</time></trkpt>
<trkpt lat="54.393007" lon="18.819092"><time>2026-05-23T13:03:16.900Z</time></trkpt>
<trkpt lat="54.393061" lon="18.819071"><time>2026-05-23T13:03:18.900Z</time></trkpt>
<trkpt lat="54.393114" lon="18.819050"><time>2026-05-23T13:03:20.900Z</time></trkpt>
<trkpt lat="54.393166" lon="18.819027"><time>2026-05-23T13:03:22.900Z</time></trkpt>
<trkpt lat="54.393217" lon="18.818999"><time>2026-05-23T13:03:24.900Z</time></trkpt>
<trkpt lat="54.393267" lon="18.818971"><time>2026-05-23T13:03:26.900Z</time></trkpt>
<trkpt lat="54.393319" lon="18.818947"><time>2026-05-23T13:03:28.900Z</time></trkpt>
<trkpt lat="54.393371" lon="18.818925"><time>2026-05-23T13:03:30.900Z</time></trkpt>
<trkpt lat="54.393423" lon="18.818906"><time>2026-05-23T13:03:32.900Z</time></trkpt>
<trkpt lat="54.393475" lon="18.818889"><time>2026-05-23T13:03:34.900Z</time></trkpt>
<trkpt lat="54.393535" lon="18.818864"><time>2026-05-23T13:03:36.900Z</time></trkpt>
<trkpt lat="54.393566" lon="18.818851"><time>2026-05-23T13:03:38.000Z</time></trkpt>
<trkpt lat="54.393620" lon="18.818830"><time>2026-05-23T13:03:40.000Z</time></trkpt>
<trkpt lat="54.393672" lon="18.818803"><time>2026-05-23T13:03:42.000Z</time></trkpt>
<trkpt lat="54.393724" lon="18.818781"><time>2026-05-23T13:03:44.000Z</time></trkpt>
<trkpt lat="54.393776" lon="18.818768"><time>2026-05-23T13:03:46.000Z</time></trkpt>
<trkpt lat="54.393828" lon="18.818747"><time>2026-05-23T13:03:48.000Z</time></trkpt>
<trkpt lat="54.393877" lon="18.818729"><time>2026-05-23T13:03:50.000Z</time></trkpt>
<trkpt lat="54.393929" lon="18.818717"><time>2026-05-23T13:03:52.000Z</time></trkpt>
<trkpt lat="54.393978" lon="18.818703"><time>2026-05-23T13:03:54.000Z</time></trkpt>
<trkpt lat="54.394024" lon="18.818691"><time>2026-05-23T13:03:56.000Z</time></trkpt>
<trkpt lat="54.394074" lon="18.818671"><time>2026-05-23T13:03:58.000Z</time></trkpt>
<trkpt lat="54.394125" lon="18.818660"><time>2026-05-23T13:04:00.000Z</time></trkpt>
<trkpt lat="54.394187" lon="18.818666"><time>2026-05-23T13:04:02.000Z</time></trkpt>
<trkpt lat="54.394236" lon="18.818663"><time>2026-05-23T13:04:04.000Z</time></trkpt>
<trkpt lat="54.394286" lon="18.818657"><time>2026-05-23T13:04:06.000Z</time></trkpt>
<trkpt lat="54.394335" lon="18.818658"><time>2026-05-23T13:04:08.000Z</time></trkpt>
<trkpt lat="54.394381" lon="18.818659"><time>2026-05-23T13:04:10.000Z</time></trkpt>
<trkpt lat="54.394425" lon="18.818663"><time>2026-05-23T13:04:12.000Z</time></trkpt>
<trkpt lat="54.394465" lon="18.818656"><time>2026-05-23T13:04:14.000Z</time></trkpt>
<trkpt lat="54.394507" lon="18.818605"><time>2026-05-23T13:04:16.000Z</time></trkpt>
<trkpt lat="54.394539" lon="18.818539"><time>2026-05-23T13:04:18.000Z</time></trkpt>
<trkpt lat="54.394554" lon="18.818453"><time>2026-05-23T13:04:20.000Z</time></trkpt>
<trkpt lat="54.394555" lon="18.818382"><time>2026-05-23T13:04:22.000Z</time></trkpt>
<trkpt lat="54.394553" lon="18.818311"><time>2026-05-23T13:04:24.000Z</time></trkpt>
<trkpt lat="54.394537" lon="18.818220"><time>2026-05-23T13:04:26.000Z</time></trkpt>
<trkpt lat="54.394511" lon="18.818145"><time>2026-05-23T13:04:28.000Z</time></trkpt>
<trkpt lat="54.394490" lon="18.818071"><time>2026-05-23T13:04:30.000Z</time></trkpt>
<trkpt lat="54.394477" lon="18.818006"><time>2026-05-23T13:04:32.000Z</time></trkpt>
<trkpt lat="54.394467" lon="18.817930"><time>2026-05-23T13:04:34.000Z</time></trkpt>
<trkpt lat="54.394447" lon="18.817857"><time>2026-05-23T13:04:36.000Z</time></trkpt>
<trkpt lat="54.394415" lon="18.817782"><time>2026-05-23T13:04:38.900Z</time></trkpt>
<trkpt lat="54.394386" lon="18.817735"><time>2026-05-23T13:04:40.900Z</time></trkpt>
<trkpt lat="54.394358" lon="18.817689"><time>2026-05-23T13:04:42.900Z</time></trkpt>
<trkpt lat="54.394326" lon="18.817645"><time>2026-05-23T13:04:44.900Z</time></trkpt>
<trkpt lat="54.394309" lon="18.817597"><time>2026-05-23T13:04:46.900Z</time></trkpt>
<trkpt lat="54.394292" lon="18.817552"><time>2026-05-23T13:04:48.900Z</time></trkpt>
<trkpt lat="54.394272" lon="18.817501"><time>2026-05-23T13:04:50.900Z</time></trkpt>
<trkpt lat="54.394248" lon="18.817460"><time>2026-05-23T13:04:52.900Z</time></trkpt>
<trkpt lat="54.394221" lon="18.817416"><time>2026-05-23T13:04:54.900Z</time></trkpt>
<trkpt lat="54.394193" lon="18.817371"><time>2026-05-23T13:04:56.900Z</time></trkpt>
<trkpt lat="54.394163" lon="18.817327"><time>2026-05-23T13:04:58.900Z</time></trkpt>
<trkpt lat="54.394132" lon="18.817302"><time>2026-05-23T13:05:00.900Z</time></trkpt>
<trkpt lat="54.394101" lon="18.817278"><time>2026-05-23T13:05:02.900Z</time></trkpt>
<trkpt lat="54.394070" lon="18.817257"><time>2026-05-23T13:05:04.900Z</time></trkpt>
<trkpt lat="54.394038" lon="18.817240"><time>2026-05-23T13:05:06.900Z</time></trkpt>
<trkpt lat="54.394005" lon="18.817217"><time>2026-05-23T13:05:08.900Z</time></trkpt>
<trkpt lat="54.393966" lon="18.817194"><time>2026-05-23T13:05:10.900Z</time></trkpt>
<trkpt lat="54.393928" lon="18.817176"><time>2026-05-23T13:05:12.900Z</time></trkpt>
<trkpt lat="54.393895" lon="18.817162"><time>2026-05-23T13:05:14.900Z</time></trkpt>
<trkpt lat="54.393862" lon="18.817147"><time>2026-05-23T13:05:16.900Z</time></trkpt>
<trkpt lat="54.393832" lon="18.817133"><time>2026-05-23T13:05:18.900Z</time></trkpt>
<trkpt lat="54.393802" lon="18.817130"><time>2026-05-23T13:05:20.900Z</time></trkpt>
<trkpt lat="54.393771" lon="18.817124"><time>2026-05-23T13:05:22.900Z</time></trkpt>
<trkpt lat="54.393725" lon="18.817125"><time>2026-05-23T13:05:24.900Z</time></trkpt>
<trkpt lat="54.393677" lon="18.817099"><time>2026-05-23T13:05:26.900Z</time></trkpt>
<trkpt lat="54.393634" lon="18.817076"><time>2026-05-23T13:05:28.900Z</time></trkpt>
<trkpt lat="54.393595" lon="18.817064"><time>2026-05-23T13:05:30.900Z</time></trkpt>
<trkpt lat="54.393554" lon="18.817049"><time>2026-05-23T13:05:32.900Z</time></trkpt>
<trkpt lat="54.393522" lon="18.817033"><time>2026-05-23T13:05:34.900Z</time></trkpt>
<trkpt lat="54.393492" lon="18.817027"><time>2026-05-23T13:05:36.900Z</time></trkpt>
<trkpt lat="54.393461" lon="18.817019"><time>2026-05-23T13:05:38.900Z</time></trkpt>
<trkpt lat="54.393424" lon="18.817004"><time>2026-05-23T13:05:40.900Z</time></trkpt>
<trkpt lat="54.393387" lon="18.817001"><time>2026-05-23T13:05:43.000Z</time></trkpt>
<trkpt lat="54.393367" lon="18.817004"><time>2026-05-23T13:05:44.000Z</time></trkpt>
<trkpt lat="54.393328" lon="18.817001"><time>2026-05-23T13:05:46.000Z</time></trkpt>
<trkpt lat="54.393290" lon="18.816998"><time>2026-05-23T13:05:48.000Z</time></trkpt>
<trkpt lat="54.393243" lon="18.817004"><time>2026-05-23T13:05:50.000Z</time></trkpt>
<trkpt lat="54.393211" lon="18.816988"><time>2026-05-23T13:05:52.000Z</time></trkpt>
<trkpt lat="54.393174" lon="18.816961"><time>2026-05-23T13:05:54.000Z</time></trkpt>
<trkpt lat="54.393146" lon="18.816934"><time>2026-05-23T13:05:56.000Z</time></trkpt>
<trkpt lat="54.393104" lon="18.816905"><time>2026-05-23T13:05:58.000Z</time></trkpt>
<trkpt lat="54.393072" lon="18.816873"><time>2026-05-23T13:06:00.000Z</time></trkpt>
<trkpt lat="54.393040" lon="18.816847"><time>2026-05-23T13:06:02.000Z</time></trkpt>
<trkpt lat="54.393003" lon="18.816825"><time>2026-05-23T13:06:04.000Z</time></trkpt>
<trkpt lat="54.392960" lon="18.816816"><time>2026-05-23T13:06:06.000Z</time></trkpt>
<trkpt lat="54.392915" lon="18.816797"><time>2026-05-23T13:06:08.000Z</time></trkpt>
<trkpt lat="54.392883" lon="18.816783"><time>2026-05-23T13:06:10.000Z</time></trkpt>
<trkpt lat="54.392844" lon="18.816757"><time>2026-05-23T13:06:12.000Z</time></trkpt>
<trkpt lat="54.392806" lon="18.816730"><time>2026-05-23T13:06:14.000Z</time></trkpt>
<trkpt lat="54.392771" lon="18.816688"><time>2026-05-23T13:06:16.000Z</time></trkpt>
<trkpt lat="54.392731" lon="18.816649"><time>2026-05-23T13:06:18.000Z</time></trkpt>
<trkpt lat="54.392695" lon="18.816613"><time>2026-05-23T13:06:20.000Z</time></trkpt>
<trkpt lat="54.392657" lon="18.816601"><time>2026-05-23T13:06:22.000Z</time></trkpt>
<trkpt lat="54.392620" lon="18.816571"><time>2026-05-23T13:06:24.000Z</time></trkpt>
<trkpt lat="54.392582" lon="18.816533"><time>2026-05-23T13:06:26.000Z</time></trkpt>
<trkpt lat="54.392546" lon="18.816485"><time>2026-05-23T13:06:28.000Z</time></trkpt>
<trkpt lat="54.392508" lon="18.816438"><time>2026-05-23T13:06:30.000Z</time></trkpt>
<trkpt lat="54.392469" lon="18.816392"><time>2026-05-23T13:06:32.000Z</time></trkpt>
<trkpt lat="54.392433" lon="18.816355"><time>2026-05-23T13:06:34.000Z</time></trkpt>
<trkpt lat="54.392391" lon="18.816318"><time>2026-05-23T13:06:36.000Z</time></trkpt>
<trkpt lat="54.392335" lon="18.816257"><time>2026-05-23T13:06:38.900Z</time></trkpt>
<trkpt lat="54.392296" lon="18.816222"><time>2026-05-23T13:06:40.900Z</time></trkpt>
<trkpt lat="54.392258" lon="18.816183"><time>2026-05-23T13:06:42.900Z</time></trkpt>
<trkpt lat="54.392217" lon="18.816144"><time>2026-05-23T13:06:44.900Z</time></trkpt>
<trkpt lat="54.392173" lon="18.816109"><time>2026-05-23T13:06:46.900Z</time></trkpt>
<trkpt lat="54.392126" lon="18.816078"><time>2026-05-23T13:06:48.900Z</time></trkpt>
<trkpt lat="54.392086" lon="18.816041"><time>2026-05-23T13:06:50.900Z</time></trkpt>
<trkpt lat="54.392047" lon="18.815998"><time>2026-05-23T13:06:52.900Z</time></trkpt>
<trkpt lat="54.392006" lon="18.815954"><time>2026-05-23T13:06:54.900Z</time></trkpt>
<trkpt lat="54.391969" lon="18.815902"><time>2026-05-23T13:06:56.900Z</time></trkpt>
<trkpt lat="54.391932" lon="18.815852"><time>2026-05-23T13:06:58.900Z</time></trkpt>
<trkpt lat="54.391900" lon="18.815805"><time>2026-05-23T13:07:00.900Z</time></trkpt>
<trkpt lat="54.391867" lon="18.815749"><time>2026-05-23T13:07:02.900Z</time></trkpt>
<trkpt lat="54.391833" lon="18.815690"><time>2026-05-23T13:07:04.900Z</time></trkpt>
<trkpt lat="54.391801" lon="18.815629"><time>2026-05-23T13:07:06.900Z</time></trkpt>
<trkpt lat="54.391772" lon="18.815571"><time>2026-05-23T13:07:08.900Z</time></trkpt>
<trkpt lat="54.391750" lon="18.815532"><time>2026-05-23T13:07:10.900Z</time></trkpt>
<trkpt lat="54.391720" lon="18.815477"><time>2026-05-23T13:07:12.900Z</time></trkpt>
<trkpt lat="54.391687" lon="18.815424"><time>2026-05-23T13:07:14.900Z</time></trkpt>
<trkpt lat="54.391670" lon="18.815365"><time>2026-05-23T13:07:16.900Z</time></trkpt>
<trkpt lat="54.391649" lon="18.815317"><time>2026-05-23T13:07:18.900Z</time></trkpt>
<trkpt lat="54.391629" lon="18.815289"><time>2026-05-23T13:07:20.900Z</time></trkpt>
<trkpt lat="54.391603" lon="18.815235"><time>2026-05-23T13:07:22.900Z</time></trkpt>
<trkpt lat="54.391572" lon="18.815174"><time>2026-05-23T13:07:24.900Z</time></trkpt>
<trkpt lat="54.391544" lon="18.815129"><time>2026-05-23T13:07:26.900Z</time></trkpt>
<trkpt lat="54.391516" lon="18.815078"><time>2026-05-23T13:07:28.900Z</time></trkpt>
<trkpt lat="54.391488" lon="18.815022"><time>2026-05-23T13:07:30.900Z</time></trkpt>
<trkpt lat="54.391459" lon="18.814967"><time>2026-05-23T13:07:32.900Z</time></trkpt>
<trkpt lat="54.391429" lon="18.814917"><time>2026-05-23T13:07:34.900Z</time></trkpt>
<trkpt lat="54.391397" lon="18.814868"><time>2026-05-23T13:07:36.900Z</time></trkpt>
<trkpt lat="54.391364" lon="18.814821"><time>2026-05-23T13:07:38.900Z</time></trkpt>
<trkpt lat="54.391335" lon="18.814769"><time>2026-05-23T13:07:40.900Z</time></trkpt>
<trkpt lat="54.391304" lon="18.814716"><time>2026-05-23T13:07:42.900Z</time></trkpt>
<trkpt lat="54.391275" lon="18.814664"><time>2026-05-23T13:07:44.900Z</time></trkpt>
<trkpt lat="54.391243" lon="18.814611"><time>2026-05-23T13:07:46.900Z</time></trkpt>
<trkpt lat="54.391215" lon="18.814565"><time>2026-05-23T13:07:49.000Z</time></trkpt>
<trkpt lat="54.391201" lon="18.814544"><time>2026-05-23T13:07:50.000Z</time></trkpt>
<trkpt lat="54.391173" lon="18.814487"><time>2026-05-23T13:07:52.000Z</time></trkpt>
<trkpt lat="54.391149" lon="18.814432"><time>2026-05-23T13:07:54.000Z</time></trkpt>
<trkpt lat="54.391125" lon="18.814385"><time>2026-05-23T13:07:56.000Z</time></trkpt>
<trkpt lat="54.391102" lon="18.814350"><time>2026-05-23T13:07:58.000Z</time></trkpt>
<trkpt lat="54.391077" lon="18.814303"><time>2026-05-23T13:08:00.000Z</time></trkpt>
<trkpt lat="54.391046" lon="18.814252"><time>2026-05-23T13:08:02.000Z</time></trkpt>
<trkpt lat="54.391014" lon="18.814202"><time>2026-05-23T13:08:04.000Z</time></trkpt>
<trkpt lat="54.390983" lon="18.814150"><time>2026-05-23T13:08:06.000Z</time></trkpt>
<trkpt lat="54.390953" lon="18.814101"><time>2026-05-23T13:08:08.000Z</time></trkpt>
<trkpt lat="54.390917" lon="18.814050"><time>2026-05-23T13:08:10.000Z</time></trkpt>
<trkpt lat="54.390889" lon="18.814010"><time>2026-05-23T13:08:12.000Z</time></trkpt>
<trkpt lat="54.390859" lon="18.813968"><time>2026-05-23T13:08:14.000Z</time></trkpt>
<trkpt lat="54.390825" lon="18.813924"><time>2026-05-23T13:08:16.000Z</time></trkpt>
<trkpt lat="54.390781" lon="18.813877"><time>2026-05-23T13:08:18.000Z</time></trkpt>
<trkpt lat="54.390745" lon="18.813846"><time>2026-05-23T13:08:20.000Z</time></trkpt>
<trkpt lat="54.390729" lon="18.813804"><time>2026-05-23T13:08:22.000Z</time></trkpt>
<trkpt lat="54.390698" lon="18.813754"><time>2026-05-23T13:08:24.000Z</time></trkpt>
<trkpt lat="54.390661" lon="18.813700"><time>2026-05-23T13:08:26.000Z</time></trkpt>
<trkpt lat="54.390624" lon="18.813644"><time>2026-05-23T13:08:28.000Z</time></trkpt>
<trkpt lat="54.390592" lon="18.813596"><time>2026-05-23T13:08:30.000Z</time></trkpt>
<trkpt lat="54.390562" lon="18.813540"><time>2026-05-23T13:08:32.000Z</time></trkpt>
<trkpt lat="54.390532" lon="18.813483"><time>2026-05-23T13:08:34.000Z</time></trkpt>
<trkpt lat="54.390487" lon="18.813404"><time>2026-05-23T13:08:36.900Z</time></trkpt>
<trkpt lat="54.390453" lon="18.813351"><time>2026-05-23T13:08:38.900Z</time></trkpt>
<trkpt lat="54.390420" lon="18.813298"><time>2026-05-23T13:08:40.900Z</time></trkpt>
<trkpt lat="54.390390" lon="18.813246"><time>2026-05-23T13:08:42.900Z</time></trkpt>
<trkpt lat="54.390358" lon="18.813190"><time>2026-05-23T13:08:44.900Z</time></trkpt>
<trkpt lat="54.390330" lon="18.813128"><time>2026-05-23T13:08:46.900Z</time></trkpt>
<trkpt lat="54.390308" lon="18.813080"><time>2026-05-23T13:08:48.900Z</time></trkpt>
<trkpt lat="54.390278" lon="18.813011"><time>2026-05-23T13:08:50.900Z</time></trkpt>
<trkpt lat="54.390249" lon="18.812949"><time>2026-05-23T13:08:52.900Z</time></trkpt>
<trkpt lat="54.390219" lon="18.812887"><time>2026-05-23T13:08:54.900Z</time></trkpt>
<trkpt lat="54.390183" lon="18.812830"><time>2026-05-23T13:08:56.900Z</time></trkpt>
<trkpt lat="54.390151" lon="18.812771"><time>2026-05-23T13:08:58.900Z</time></trkpt>
<trkpt lat="54.390122" lon="18.812719"><time>2026-05-23T13:09:00.900Z</time></trkpt>
<trkpt lat="54.390094" lon="18.812676"><time>2026-05-23T13:09:02.900Z</time></trkpt>
<trkpt lat="54.390063" lon="18.812619"><time>2026-05-23T13:09:04.900Z</time></trkpt>
<trkpt lat="54.390033" lon="18.812568"><time>2026-05-23T13:09:06.900Z</time></trkpt>
<trkpt lat="54.390002" lon="18.812518"><time>2026-05-23T13:09:08.900Z</time></trkpt>
<trkpt lat="54.389973" lon="18.812462"><time>2026-05-23T13:09:10.900Z</time></trkpt>
<trkpt lat="54.389944" lon="18.812409"><time>2026-05-23T13:09:12.900Z</time></trkpt>
<trkpt lat="54.389915" lon="18.812357"><time>2026-05-23T13:09:14.900Z</time></trkpt>
<trkpt lat="54.389879" lon="18.812303"><time>2026-05-23T13:09:16.900Z</time></trkpt>
<trkpt lat="54.389845" lon="18.812250"><time>2026-05-23T13:09:18.900Z</time></trkpt>
<trkpt lat="54.389814" lon="18.812196"><time>2026-05-23T13:09:20.900Z</time></trkpt>
<trkpt lat="54.389783" lon="18.812140"><time>2026-05-23T13:09:22.900Z</time></trkpt>
<trkpt lat="54.389751" lon="18.812087"><time>2026-05-23T13:09:24.900Z</time></trkpt>
<trkpt lat="54.389723" lon="18.812053"><time>2026-05-23T13:09:26.900Z</time></trkpt>
<trkpt lat="54.389688" lon="18.811999"><time>2026-05-23T13:09:28.900Z</time></trkpt>
<trkpt lat="54.389657" lon="18.811949"><time>2026-05-23T13:09:30.900Z</time></trkpt>
<trkpt lat="54.389627" lon="18.811903"><time>2026-05-23T13:09:32.900Z</time></trkpt>
<trkpt lat="54.389595" lon="18.811849"><time>2026-05-23T13:09:34.900Z</time></trkpt>
<trkpt lat="54.389558" lon="18.811796"><time>2026-05-23T13:09:36.900Z</time></trkpt>
<trkpt lat="54.389521" lon="18.811738"><time>2026-05-23T13:09:38.900Z</time></trkpt>
<trkpt lat="54.389483" lon="18.811679"><time>2026-05-23T13:09:40.900Z</time></trkpt>
<trkpt lat="54.389449" lon="18.811623"><time>2026-05-23T13:09:42.900Z</time></trkpt>
<trkpt lat="54.389422" lon="18.811592"><time>2026-05-23T13:09:44.900Z</time></trkpt>
<trkpt lat="54.389384" lon="18.811541"><time>2026-05-23T13:09:46.900Z</time></trkpt>
<trkpt lat="54.389359" lon="18.811515"><time>2026-05-23T13:09:48.900Z</time></trkpt>
<trkpt lat="54.389326" lon="18.811472"><time>2026-05-23T13:09:50.900Z</time></trkpt>
<trkpt lat="54.389291" lon="18.811428"><time>2026-05-23T13:09:52.900Z</time></trkpt>
<trkpt lat="54.389275" lon="18.811404"><time>2026-05-23T13:09:54.000Z</time></trkpt>
<trkpt lat="54.389242" lon="18.811350"><time>2026-05-23T13:09:56.000Z</time></trkpt>
<trkpt lat="54.389217" lon="18.811292"><time>2026-05-23T13:09:58.000Z</time></trkpt>
<trkpt lat="54.389175" lon="18.811232"><time>2026-05-23T13:10:00.000Z</time></trkpt>
<trkpt lat="54.389139" lon="18.811171"><time>2026-05-23T13:10:02.000Z</time></trkpt>
<trkpt lat="54.389109" lon="18.811108"><time>2026-05-23T13:10:04.000Z</time></trkpt>
<trkpt lat="54.389078" lon="18.811050"><time>2026-05-23T13:10:06.000Z</time></trkpt>
<trkpt lat="54.389043" lon="18.810998"><time>2026-05-23T13:10:08.000Z</time></trkpt>
<trkpt lat="54.389012" lon="18.810938"><time>2026-05-23T13:10:10.000Z</time></trkpt>
<trkpt lat="54.388977" lon="18.810885"><time>2026-05-23T13:10:12.000Z</time></trkpt>
<trkpt lat="54.388946" lon="18.810834"><time>2026-05-23T13:10:14.000Z</time></trkpt>
<trkpt lat="54.388913" lon="18.810781"><time>2026-05-23T13:10:16.000Z</time></trkpt>
<trkpt lat="54.388885" lon="18.810728"><time>2026-05-23T13:10:18.000Z</time></trkpt>
<trkpt lat="54.388858" lon="18.810675"><time>2026-05-23T13:10:20.000Z</time></trkpt>
<trkpt lat="54.388831" lon="18.810624"><time>2026-05-23T13:10:22.000Z</time></trkpt>
<trkpt lat="54.388796" lon="18.810581"><time>2026-05-23T13:10:24.000Z</time></trkpt>
<trkpt lat="54.388765" lon="18.810527"><time>2026-05-23T13:10:26.000Z</time></trkpt>
<trkpt lat="54.388730" lon="18.810468"><time>2026-05-23T13:10:28.000Z</time></trkpt>
<trkpt lat="54.388700" lon="18.810414"><time>2026-05-23T13:10:30.000Z</time></trkpt>
<trkpt lat="54.388668" lon="18.810357"><time>2026-05-23T13:10:32.000Z</time></trkpt>
<trkpt lat="54.388642" lon="18.810301"><time>2026-05-23T13:10:34.000Z</time></trkpt>
<trkpt lat="54.388603" lon="18.810213"><time>2026-05-23T13:10:36.900Z</time></trkpt>
<trkpt lat="54.388575" lon="18.810151"><time>2026-05-23T13:10:38.900Z</time></trkpt>
<trkpt lat="54.388548" lon="18.810094"><time>2026-05-23T13:10:40.900Z</time></trkpt>
<trkpt lat="54.388527" lon="18.810039"><time>2026-05-23T13:10:42.900Z</time></trkpt>
<trkpt lat="54.388503" lon="18.809987"><time>2026-05-23T13:10:44.900Z</time></trkpt>
<trkpt lat="54.388480" lon="18.809935"><time>2026-05-23T13:10:46.900Z</time></trkpt>
<trkpt lat="54.388461" lon="18.809889"><time>2026-05-23T13:10:48.900Z</time></trkpt>
<trkpt lat="54.388449" lon="18.809865"><time>2026-05-23T13:10:50.900Z</time></trkpt>
<trkpt lat="54.388432" lon="18.809831"><time>2026-05-23T13:10:52.900Z</time></trkpt>
<trkpt lat="54.388406" lon="18.809793"><time>2026-05-23T13:10:54.900Z</time></trkpt>
<trkpt lat="54.388381" lon="18.809750"><time>2026-05-23T13:10:56.900Z</time></trkpt>
<trkpt lat="54.388357" lon="18.809704"><time>2026-05-23T13:10:58.900Z</time></trkpt>
<trkpt lat="54.388334" lon="18.809661"><time>2026-05-23T13:11:00.900Z</time></trkpt>
<trkpt lat="54.388313" lon="18.809614"><time>2026-05-23T13:11:02.900Z</time></trkpt>
<trkpt lat="54.388294" lon="18.809561"><time>2026-05-23T13:11:04.900Z</time></trkpt>
<trkpt lat="54.388267" lon="18.809526"><time>2026-05-23T13:11:06.900Z</time></trkpt>
<trkpt lat="54.388236" lon="18.809492"><time>2026-05-23T13:11:08.900Z</time></trkpt>
<trkpt lat="54.388212" lon="18.809456"><time>2026-05-23T13:11:10.900Z</time></trkpt>
<trkpt lat="54.388189" lon="18.809406"><time>2026-05-23T13:11:12.900Z</time></trkpt>
<trkpt lat="54.388164" lon="18.809352"><time>2026-05-23T13:11:14.900Z</time></trkpt>
<trkpt lat="54.388145" lon="18.809309"><time>2026-05-23T13:11:16.900Z</time></trkpt>
<trkpt lat="54.388122" lon="18.809260"><time>2026-05-23T13:11:18.900Z</time></trkpt>
<trkpt lat="54.388101" lon="18.809206"><time>2026-05-23T13:11:20.900Z</time></trkpt>
<trkpt lat="54.388072" lon="18.809152"><time>2026-05-23T13:11:22.900Z</time></trkpt>
<trkpt lat="54.388054" lon="18.809103"><time>2026-05-23T13:11:24.900Z</time></trkpt>
<trkpt lat="54.388034" lon="18.809060"><time>2026-05-23T13:11:26.900Z</time></trkpt>
<trkpt lat="54.388017" lon="18.809013"><time>2026-05-23T13:11:28.900Z</time></trkpt>
<trkpt lat="54.387998" lon="18.808962"><time>2026-05-23T13:11:30.900Z</time></trkpt>
<trkpt lat="54.387967" lon="18.808926"><time>2026-05-23T13:11:32.900Z</time></trkpt>
<trkpt lat="54.387940" lon="18.808885"><time>2026-05-23T13:11:34.900Z</time></trkpt>
<trkpt lat="54.387910" lon="18.808849"><time>2026-05-23T13:11:36.900Z</time></trkpt>
<trkpt lat="54.387867" lon="18.808817"><time>2026-05-23T13:11:38.900Z</time></trkpt>
<trkpt lat="54.387828" lon="18.808783"><time>2026-05-23T13:11:40.900Z</time></trkpt>
<trkpt lat="54.387787" lon="18.808746"><time>2026-05-23T13:11:42.900Z</time></trkpt>
<trkpt lat="54.387748" lon="18.808706"><time>2026-05-23T13:11:44.900Z</time></trkpt>
<trkpt lat="54.387709" lon="18.808671"><time>2026-05-23T13:11:46.900Z</time></trkpt>
<trkpt lat="54.387670" lon="18.808632"><time>2026-05-23T13:11:48.900Z</time></trkpt>
<trkpt lat="54.387629" lon="18.808594"><time>2026-05-23T13:11:50.900Z</time></trkpt>
<trkpt lat="54.387591" lon="18.808555"><time>2026-05-23T13:11:52.900Z</time></trkpt>
<trkpt lat="54.387555" lon="18.808513"><time>2026-05-23T13:11:54.900Z</time></trkpt>
<trkpt lat="54.387519" lon="18.808476"><time>2026-05-23T13:11:56.900Z</time></trkpt>
<trkpt lat="54.387484" lon="18.808432"><time>2026-05-23T13:11:58.900Z</time></trkpt>
<trkpt lat="54.387466" lon="18.808408"><time>2026-05-23T13:12:00.000Z</time></trkpt>
<trkpt lat="54.387433" lon="18.808365"><time>2026-05-23T13:12:02.000Z</time></trkpt>
<trkpt lat="54.387396" lon="18.808327"><time>2026-05-23T13:12:04.000Z</time></trkpt>
<trkpt lat="54.387360" lon="18.808292"><time>2026-05-23T13:12:06.000Z</time></trkpt>
<trkpt lat="54.387320" lon="18.808258"><time>2026-05-23T13:12:08.000Z</time></trkpt>
<trkpt lat="54.387288" lon="18.808218"><time>2026-05-23T13:12:10.000Z</time></trkpt>
<trkpt lat="54.387251" lon="18.808183"><time>2026-05-23T13:12:12.000Z</time></trkpt>
<trkpt lat="54.387214" lon="18.808146"><time>2026-05-23T13:12:14.000Z</time></trkpt>
<trkpt lat="54.387185" lon="18.808118"><time>2026-05-23T13:12:16.000Z</time></trkpt>
<trkpt lat="54.387151" lon="18.808077"><time>2026-05-23T13:12:18.000Z</time></trkpt>
<trkpt lat="54.387120" lon="18.808039"><time>2026-05-23T13:12:20.000Z</time></trkpt>
<trkpt lat="54.387078" lon="18.807983"><time>2026-05-23T13:12:22.000Z</time></trkpt>
<trkpt lat="54.387047" lon="18.807951"><time>2026-05-23T13:12:24.000Z</time></trkpt>
<trkpt lat="54.387012" lon="18.807903"><time>2026-05-23T13:12:26.000Z</time></trkpt>
<trkpt lat="54.386977" lon="18.807865"><time>2026-05-23T13:12:28.000Z</time></trkpt>
<trkpt lat="54.386947" lon="18.807829"><time>2026-05-23T13:12:30.000Z</time></trkpt>
<trkpt lat="54.386916" lon="18.807790"><time>2026-05-23T13:12:32.000Z</time></trkpt>
<trkpt lat="54.386882" lon="18.807743"><time>2026-05-23T13:12:34.000Z</time></trkpt>
<trkpt lat="54.386836" lon="18.807672"><time>2026-05-23T13:12:36.900Z</time></trkpt>
<trkpt lat="54.386804" lon="18.807626"><time>2026-05-23T13:12:38.900Z</time></trkpt>
<trkpt lat="54.386772" lon="18.807577"><time>2026-05-23T13:12:40.900Z</time></trkpt>
<trkpt lat="54.386737" lon="18.807526"><time>2026-05-23T13:12:42.900Z</time></trkpt>
<trkpt lat="54.386710" lon="18.807474"><time>2026-05-23T13:12:44.900Z</time></trkpt>
<trkpt lat="54.386676" lon="18.807424"><time>2026-05-23T13:12:46.900Z</time></trkpt>
<trkpt lat="54.386647" lon="18.807367"><time>2026-05-23T13:12:48.900Z</time></trkpt>
<trkpt lat="54.386616" lon="18.807317"><time>2026-05-23T13:12:50.900Z</time></trkpt>
<trkpt lat="54.386584" lon="18.807259"><time>2026-05-23T13:12:52.900Z</time></trkpt>
<trkpt lat="54.386554" lon="18.807207"><time>2026-05-23T13:12:54.900Z</time></trkpt>
<trkpt lat="54.386524" lon="18.807154"><time>2026-05-23T13:12:56.900Z</time></trkpt>
<trkpt lat="54.386496" lon="18.807101"><time>2026-05-23T13:12:58.900Z</time></trkpt>
<trkpt lat="54.386478" lon="18.807069"><time>2026-05-23T13:13:00.900Z</time></trkpt>
<trkpt lat="54.386448" lon="18.807019"><time>2026-05-23T13:13:02.900Z</time></trkpt>
<trkpt lat="54.386420" lon="18.806981"><time>2026-05-23T13:13:04.900Z</time></trkpt>
<trkpt lat="54.386388" lon="18.806934"><time>2026-05-23T13:13:06.900Z</time></trkpt>
<trkpt lat="54.386362" lon="18.806891"><time>2026-05-23T13:13:08.900Z</time></trkpt>
<trkpt lat="54.386328" lon="18.806842"><time>2026-05-23T13:13:10.900Z</time></trkpt>
<trkpt lat="54.386296" lon="18.806789"><time>2026-05-23T13:13:12.900Z</time></trkpt>
<trkpt lat="54.386267" lon="18.806738"><time>2026-05-23T13:13:14.900Z</time></trkpt>
<trkpt lat="54.386227" lon="18.806688"><time>2026-05-23T13:13:16.900Z</time></trkpt>
<trkpt lat="54.386196" lon="18.806636"><time>2026-05-23T13:13:18.900Z</time></trkpt>
<trkpt lat="54.386163" lon="18.806592"><time>2026-05-23T13:13:20.900Z</time></trkpt>
<trkpt lat="54.386132" lon="18.806540"><time>2026-05-23T13:13:22.900Z</time></trkpt>
<trkpt lat="54.386100" lon="18.806489"><time>2026-05-23T13:13:24.900Z</time></trkpt>
<trkpt lat="54.386068" lon="18.806441"><time>2026-05-23T13:13:26.900Z</time></trkpt>
<trkpt lat="54.386038" lon="18.806393"><time>2026-05-23T13:13:28.900Z</time></trkpt>
<trkpt lat="54.386009" lon="18.806346"><time>2026-05-23T13:13:30.900Z</time></trkpt>
<trkpt lat="54.385976" lon="18.806293"><time>2026-05-23T13:13:32.900Z</time></trkpt>
<trkpt lat="54.385940" lon="18.806244"><time>2026-05-23T13:13:34.900Z</time></trkpt>
<trkpt lat="54.385907" lon="18.806191"><time>2026-05-23T13:13:36.900Z</time></trkpt>
<trkpt lat="54.385878" lon="18.806149"><time>2026-05-23T13:13:38.900Z</time></trkpt>
<trkpt lat="54.385847" lon="18.806112"><time>2026-05-23T13:13:40.900Z</time></trkpt>
<trkpt lat="54.385821" lon="18.806060"><time>2026-05-23T13:13:42.900Z</time></trkpt>
<trkpt lat="54.385799" lon="18.805994"><time>2026-05-23T13:13:44.900Z</time></trkpt>
<trkpt lat="54.385777" lon="18.805931"><time>2026-05-23T13:13:46.900Z</time></trkpt>
<trkpt lat="54.385768" lon="18.805862"><time>2026-05-23T13:13:48.900Z</time></trkpt>
<trkpt lat="54.385761" lon="18.805799"><time>2026-05-23T13:13:50.900Z</time></trkpt>
<trkpt lat="54.385759" lon="18.805735"><time>2026-05-23T13:13:52.900Z</time></trkpt>
<trkpt lat="54.385753" lon="18.805655"><time>2026-05-23T13:13:54.900Z</time></trkpt>
<trkpt lat="54.385750" lon="18.805577"><time>2026-05-23T13:13:56.900Z</time></trkpt>
<trkpt lat="54.385761" lon="18.805514"><time>2026-05-23T13:13:58.900Z</time></trkpt>
<trkpt lat="54.385785" lon="18.805449"><time>2026-05-23T13:14:00.900Z</time></trkpt>
<trkpt lat="54.385790" lon="18.805374"><time>2026-05-23T13:14:02.900Z</time></trkpt>
<trkpt lat="54.385797" lon="18.805301"><time>2026-05-23T13:14:04.900Z</time></trkpt>
<trkpt lat="54.385802" lon="18.805255"><time>2026-05-23T13:14:06.000Z</time></trkpt>
<trkpt lat="54.385812" lon="18.805170"><time>2026-05-23T13:14:08.000Z</time></trkpt>
<trkpt lat="54.385820" lon="18.805104"><time>2026-05-23T13:14:10.000Z</time></trkpt>
<trkpt lat="54.385822" lon="18.805013"><time>2026-05-23T13:14:12.000Z</time></trkpt>
<trkpt lat="54.385827" lon="18.804945"><time>2026-05-23T13:14:14.000Z</time></trkpt>
<trkpt lat="54.385836" lon="18.804887"><time>2026-05-23T13:14:16.000Z</time></trkpt>
<trkpt lat="54.385847" lon="18.804826"><time>2026-05-23T13:14:18.000Z</time></trkpt>
<trkpt lat="54.385855" lon="18.804757"><time>2026-05-23T13:14:20.000Z</time></trkpt>
<trkpt lat="54.385860" lon="18.804689"><time>2026-05-23T13:14:22.000Z</time></trkpt>
<trkpt lat="54.385860" lon="18.804622"><time>2026-05-23T13:14:24.000Z</time></trkpt>
<trkpt lat="54.385859" lon="18.804547"><time>2026-05-23T13:14:26.000Z</time></trkpt>
<trkpt lat="54.385858" lon="18.804481"><time>2026-05-23T13:14:28.000Z</time></trkpt>
<trkpt lat="54.385852" lon="18.804406"><time>2026-05-23T13:14:30.000Z</time></trkpt>
<trkpt lat="54.385842" lon="18.804340"><time>2026-05-23T13:14:32.000Z</time></trkpt>
<trkpt lat="54.385830" lon="18.804274"><time>2026-05-23T13:14:34.000Z</time></trkpt>
<trkpt lat="54.385815" lon="18.804215"><time>2026-05-23T13:14:36.000Z</time></trkpt>
<trkpt lat="54.385797" lon="18.804127"><time>2026-05-23T13:14:38.900Z</time></trkpt>
<trkpt lat="54.385783" lon="18.804067"><time>2026-05-23T13:14:40.900Z</time></trkpt>
<trkpt lat="54.385774" lon="18.804009"><time>2026-05-23T13:14:42.900Z</time></trkpt>
<trkpt lat="54.385762" lon="18.803961"><time>2026-05-23T13:14:44.900Z</time></trkpt>
<trkpt lat="54.385751" lon="18.803903"><time>2026-05-23T13:14:46.900Z</time></trkpt>
<trkpt lat="54.385743" lon="18.803853"><time>2026-05-23T13:14:48.900Z</time></trkpt>
<trkpt lat="54.385735" lon="18.803802"><time>2026-05-23T13:14:50.900Z</time></trkpt>
<trkpt lat="54.385720" lon="18.803734"><time>2026-05-23T13:14:52.900Z</time></trkpt>
<trkpt lat="54.385710" lon="18.803686"><time>2026-05-23T13:14:54.900Z</time></trkpt>
<trkpt lat="54.385706" lon="18.803635"><time>2026-05-23T13:14:56.900Z</time></trkpt>
<trkpt lat="54.385703" lon="18.803581"><time>2026-05-23T13:14:58.900Z</time></trkpt>
<trkpt lat="54.385699" lon="18.803522"><time>2026-05-23T13:15:00.900Z</time></trkpt>
<trkpt lat="54.385694" lon="18.803476"><time>2026-05-23T13:15:02.900Z</time></trkpt>
<trkpt lat="54.385688" lon="18.803423"><time>2026-05-23T13:15:04.900Z</time></trkpt>
<trkpt lat="54.385690" lon="18.803381"><time>2026-05-23T13:15:06.900Z</time></trkpt>
<trkpt lat="54.385681" lon="18.803322"><time>2026-05-23T13:15:08.900Z</time></trkpt>
<trkpt lat="54.385668" lon="18.803261"><time>2026-05-23T13:15:10.900Z</time></trkpt>
<trkpt lat="54.385663" lon="18.803203"><time>2026-05-23T13:15:12.900Z</time></trkpt>
<trkpt lat="54.385656" lon="18.803145"><time>2026-05-23T13:15:14.900Z</time></trkpt>
<trkpt lat="54.385646" lon="18.803086"><time>2026-05-23T13:15:16.900Z</time></trkpt>
<trkpt lat="54.385637" lon="18.803026"><time>2026-05-23T13:15:18.900Z</time></trkpt>
<trkpt lat="54.385621" lon="18.802970"><time>2026-05-23T13:15:20.900Z</time></trkpt>
<trkpt lat="54.385605" lon="18.802900"><time>2026-05-23T13:15:22.900Z</time></trkpt>
<trkpt lat="54.385592" lon="18.802829"><time>2026-05-23T13:15:24.900Z</time></trkpt>
<trkpt lat="54.385582" lon="18.802758"><time>2026-05-23T13:15:26.900Z</time></trkpt>
<trkpt lat="54.385572" lon="18.802688"><time>2026-05-23T13:15:28.900Z</time></trkpt>
<trkpt lat="54.385548" lon="18.802615"><time>2026-05-23T13:15:30.900Z</time></trkpt>
<trkpt lat="54.385535" lon="18.802538"><time>2026-05-23T13:15:32.900Z</time></trkpt>
<trkpt lat="54.385532" lon="18.802468"><time>2026-05-23T13:15:34.900Z</time></trkpt>
<trkpt lat="54.385522" lon="18.802406"><time>2026-05-23T13:15:36.900Z</time></trkpt>
<trkpt lat="54.385514" lon="18.802337"><time>2026-05-23T13:15:38.900Z</time></trkpt>
<trkpt lat="54.385503" lon="18.802259"><time>2026-05-23T13:15:40.900Z</time></trkpt>
<trkpt lat="54.385491" lon="18.802172"><time>2026-05-23T13:15:42.900Z</time></trkpt>
<trkpt lat="54.385483" lon="18.802096"><time>2026-05-23T13:15:44.900Z</time></trkpt>
<trkpt lat="54.385477" lon="18.802012"><time>2026-05-23T13:15:46.900Z</time></trkpt>
<trkpt lat="54.385475" lon="18.801939"><time>2026-05-23T13:15:48.900Z</time></trkpt>
<trkpt lat="54.385469" lon="18.801881"><time>2026-05-23T13:15:50.900Z</time></trkpt>
<trkpt lat="54.385465" lon="18.801821"><time>2026-05-23T13:15:52.900Z</time></trkpt>
<trkpt lat="54.385463" lon="18.801745"><time>2026-05-23T13:15:54.900Z</time></trkpt>
<trkpt lat="54.385472" lon="18.801679"><time>2026-05-23T13:15:56.900Z</time></trkpt>
<trkpt lat="54.385473" lon="18.801618"><time>2026-05-23T13:15:58.900Z</time></trkpt>
<trkpt lat="54.385475" lon="18.801562"><time>2026-05-23T13:16:00.900Z</time></trkpt>
<trkpt lat="54.385469" lon="18.801504"><time>2026-05-23T13:16:02.900Z</time></trkpt>
<trkpt lat="54.385456" lon="18.801441"><time>2026-05-23T13:16:04.900Z</time></trkpt>
<trkpt lat="54.385445" lon="18.801376"><time>2026-05-23T13:16:06.900Z</time></trkpt>
<trkpt lat="54.385425" lon="18.801327"><time>2026-05-23T13:16:08.900Z</time></trkpt>
<trkpt lat="54.385401" lon="18.801279"><time>2026-05-23T13:16:10.900Z</time></trkpt>
<trkpt lat="54.385392" lon="18.801252"><time>2026-05-23T13:16:12.000Z</time></trkpt>
<trkpt lat="54.385370" lon="18.801203"><time>2026-05-23T13:16:14.000Z</time></trkpt>
<trkpt lat="54.385349" lon="18.801147"><time>2026-05-23T13:16:16.000Z</time></trkpt>
<trkpt lat="54.385324" lon="18.801099"><time>2026-05-23T13:16:18.000Z</time></trkpt>
<trkpt lat="54.385297" lon="18.801056"><time>2026-05-23T13:16:20.000Z</time></trkpt>
<trkpt lat="54.385273" lon="18.801008"><time>2026-05-23T13:16:22.000Z</time></trkpt>
<trkpt lat="54.385251" lon="18.800959"><time>2026-05-23T13:16:24.000Z</time></trkpt>
<trkpt lat="54.385232" lon="18.800907"><time>2026-05-23T13:16:26.000Z</time></trkpt>
<trkpt lat="54.385206" lon="18.800838"><time>2026-05-23T13:16:28.000Z</time></trkpt>
<trkpt lat="54.385189" lon="18.800773"><time>2026-05-23T13:16:30.000Z</time></trkpt>
<trkpt lat="54.385171" lon="18.800701"><time>2026-05-23T13:16:32.000Z</time></trkpt>
<trkpt lat="54.385153" lon="18.800632"><time>2026-05-23T13:16:34.000Z</time></trkpt>
<trkpt lat="54.385138" lon="18.800568"><time>2026-05-23T13:16:36.000Z</time></trkpt>
<trkpt lat="54.385130" lon="18.800495"><time>2026-05-23T13:16:38.000Z</time></trkpt>
<trkpt lat="54.385115" lon="18.800393"><time>2026-05-23T13:16:40.900Z</time></trkpt>
<trkpt lat="54.385099" lon="18.800316"><time>2026-05-23T13:16:42.900Z</time></trkpt>
<trkpt lat="54.385084" lon="18.800254"><time>2026-05-23T13:16:44.900Z</time></trkpt>
<trkpt lat="54.385068" lon="18.800191"><time>2026-05-23T13:16:46.900Z</time></trkpt>
<trkpt lat="54.385056" lon="18.800131"><time>2026-05-23T13:16:48.900Z</time></trkpt>
<trkpt lat="54.385051" lon="18.800067"><time>2026-05-23T13:16:50.900Z</time></trkpt>
<trkpt lat="54.385053" lon="18.799994"><time>2026-05-23T13:16:52.900Z</time></trkpt>
<trkpt lat="54.385049" lon="18.799913"><time>2026-05-23T13:16:54.900Z</time></trkpt>
<trkpt lat="54.385041" lon="18.799823"><time>2026-05-23T13:16:56.900Z</time></trkpt>
<trkpt lat="54.385032" lon="18.799749"><time>2026-05-23T13:16:58.900Z</time></trkpt>
<trkpt lat="54.385020" lon="18.799676"><time>2026-05-23T13:17:00.900Z</time></trkpt>
<trkpt lat="54.385010" lon="18.799588"><time>2026-05-23T13:17:02.900Z</time></trkpt>
<trkpt lat="54.385003" lon="18.799514"><time>2026-05-23T13:17:04.900Z</time></trkpt>
<trkpt lat="54.384989" lon="18.799438"><time>2026-05-23T13:17:06.900Z</time></trkpt>
<trkpt lat="54.384973" lon="18.799374"><time>2026-05-23T13:17:08.900Z</time></trkpt>
<trkpt lat="54.384960" lon="18.799312"><time>2026-05-23T13:17:10.900Z</time></trkpt>
<trkpt lat="54.384956" lon="18.799229"><time>2026-05-23T13:17:12.900Z</time></trkpt>
<trkpt lat="54.384947" lon="18.799147"><time>2026-05-23T13:17:14.900Z</time></trkpt>
<trkpt lat="54.384943" lon="18.799081"><time>2026-05-23T13:17:16.900Z</time></trkpt>
<trkpt lat="54.384938" lon="18.799016"><time>2026-05-23T13:17:18.900Z</time></trkpt>
<trkpt lat="54.384932" lon="18.798946"><time>2026-05-23T13:17:20.900Z</time></trkpt>
<trkpt lat="54.384919" lon="18.798867"><time>2026-05-23T13:17:22.900Z</time></trkpt>
<trkpt lat="54.384911" lon="18.798781"><time>2026-05-23T13:17:24.900Z</time></trkpt>
<trkpt lat="54.384897" lon="18.798700"><time>2026-05-23T13:17:26.900Z</time></trkpt>
<trkpt lat="54.384888" lon="18.798623"><time>2026-05-23T13:17:28.900Z</time></trkpt>
<trkpt lat="54.384880" lon="18.798535"><time>2026-05-23T13:17:30.900Z</time></trkpt>
<trkpt lat="54.384872" lon="18.798445"><time>2026-05-23T13:17:32.900Z</time></trkpt>
<trkpt lat="54.384861" lon="18.798365"><time>2026-05-23T13:17:34.900Z</time></trkpt>
<trkpt lat="54.384853" lon="18.798284"><time>2026-05-23T13:17:36.900Z</time></trkpt>
<trkpt lat="54.384845" lon="18.798208"><time>2026-05-23T13:17:38.900Z</time></trkpt>
<trkpt lat="54.384834" lon="18.798129"><time>2026-05-23T13:17:40.900Z</time></trkpt>
<trkpt lat="54.384827" lon="18.798047"><time>2026-05-23T13:17:42.900Z</time></trkpt>
<trkpt lat="54.384827" lon="18.797963"><time>2026-05-23T13:17:44.900Z</time></trkpt>
<trkpt lat="54.384828" lon="18.797881"><time>2026-05-23T13:17:46.900Z</time></trkpt>
<trkpt lat="54.384828" lon="18.797809"><time>2026-05-23T13:17:48.900Z</time></trkpt>
<trkpt lat="54.384829" lon="18.797755"><time>2026-05-23T13:17:50.900Z</time></trkpt>
<trkpt lat="54.384828" lon="18.797698"><time>2026-05-23T13:17:52.900Z</time></trkpt>
<trkpt lat="54.384823" lon="18.797623"><time>2026-05-23T13:17:54.900Z</time></trkpt>
<trkpt lat="54.384823" lon="18.797550"><time>2026-05-23T13:17:56.900Z</time></trkpt>
<trkpt lat="54.384818" lon="18.797456"><time>2026-05-23T13:17:58.900Z</time></trkpt>
<trkpt lat="54.384807" lon="18.797379"><time>2026-05-23T13:18:00.900Z</time></trkpt>
<trkpt lat="54.384801" lon="18.797307"><time>2026-05-23T13:18:02.900Z</time></trkpt>
<trkpt lat="54.384795" lon="18.797238"><time>2026-05-23T13:18:04.900Z</time></trkpt>
<trkpt lat="54.384790" lon="18.797161"><time>2026-05-23T13:18:06.900Z</time></trkpt>
<trkpt lat="54.384783" lon="18.797085"><time>2026-05-23T13:18:08.900Z</time></trkpt>
<trkpt lat="54.384781" lon="18.797005"><time>2026-05-23T13:18:10.900Z</time></trkpt>
<trkpt lat="54.384775" lon="18.796931"><time>2026-05-23T13:18:12.900Z</time></trkpt>
<trkpt lat="54.384771" lon="18.796859"><time>2026-05-23T13:18:14.900Z</time></trkpt>
<trkpt lat="54.384765" lon="18.796784"><time>2026-05-23T13:18:17.000Z</time></trkpt>
<trkpt lat="54.384764" lon="18.796745"><time>2026-05-23T13:18:18.000Z</time></trkpt>
<trkpt lat="54.384759" lon="18.796674"><time>2026-05-23T13:18:20.000Z</time></trkpt>
<trkpt lat="54.384755" lon="18.796610"><time>2026-05-23T13:18:22.000Z</time></trkpt>
<trkpt lat="54.384749" lon="18.796530"><time>2026-05-23T13:18:24.000Z</time></trkpt>
<trkpt lat="54.384742" lon="18.796457"><time>2026-05-23T13:18:26.000Z</time></trkpt>
<trkpt lat="54.384736" lon="18.796394"><time>2026-05-23T13:18:28.000Z</time></trkpt>
<trkpt lat="54.384723" lon="18.796337"><time>2026-05-23T13:18:30.000Z</time></trkpt>
<trkpt lat="54.384705" lon="18.796286"><time>2026-05-23T13:18:32.000Z</time></trkpt>
<trkpt lat="54.384677" lon="18.796265"><time>2026-05-23T13:18:34.000Z</time></trkpt>
<trkpt lat="54.384643" lon="18.796215"><time>2026-05-23T13:18:36.000Z</time></trkpt>
<trkpt lat="54.384620" lon="18.796174"><time>2026-05-23T13:18:38.000Z</time></trkpt>
<trkpt lat="54.384591" lon="18.796131"><time>2026-05-23T13:18:40.000Z</time></trkpt>
<trkpt lat="54.384554" lon="18.796105"><time>2026-05-23T13:18:42.000Z</time></trkpt>
<trkpt lat="54.384494" lon="18.796061"><time>2026-05-23T13:18:44.900Z</time></trkpt>
<trkpt lat="54.384463" lon="18.796008"><time>2026-05-23T13:18:46.900Z</time></trkpt>
<trkpt lat="54.384434" lon="18.795969"><time>2026-05-23T13:18:48.900Z</time></trkpt>
<trkpt lat="54.384402" lon="18.795927"><time>2026-05-23T13:18:50.900Z</time></trkpt>
<trkpt lat="54.384366" lon="18.795886"><time>2026-05-23T13:18:52.900Z</time></trkpt>
<trkpt lat="54.384335" lon="18.795850"><time>2026-05-23T13:18:54.900Z</time></trkpt>
<trkpt lat="54.384299" lon="18.795804"><time>2026-05-23T13:18:56.900Z</time></trkpt>
<trkpt lat="54.384266" lon="18.795758"><time>2026-05-23T13:18:58.900Z</time></trkpt>
<trkpt lat="54.384230" lon="18.795713"><time>2026-05-23T13:19:00.900Z</time></trkpt>
<trkpt lat="54.384198" lon="18.795669"><time>2026-05-23T13:19:02.900Z</time></trkpt>
<trkpt lat="54.384168" lon="18.795624"><time>2026-05-23T13:19:04.900Z</time></trkpt>
<trkpt lat="54.384132" lon="18.795585"><time>2026-05-23T13:19:06.900Z</time></trkpt>
<trkpt lat="54.384101" lon="18.795545"><time>2026-05-23T13:19:08.900Z</time></trkpt>
<trkpt lat="54.384068" lon="18.795505"><time>2026-05-23T13:19:10.900Z</time></trkpt>
<trkpt lat="54.384037" lon="18.795467"><time>2026-05-23T13:19:12.900Z</time></trkpt>
<trkpt lat="54.384005" lon="18.795423"><time>2026-05-23T13:19:14.900Z</time></trkpt>
<trkpt lat="54.383973" lon="18.795382"><time>2026-05-23T13:19:16.900Z</time></trkpt>
<trkpt lat="54.383937" lon="18.795345"><time>2026-05-23T13:19:18.900Z</time></trkpt>
<trkpt lat="54.383898" lon="18.795314"><time>2026-05-23T13:19:20.900Z</time></trkpt>
<trkpt lat="54.383854" lon="18.795288"><time>2026-05-23T13:19:22.900Z</time></trkpt>
<trkpt lat="54.383811" lon="18.795254"><time>2026-05-23T13:19:24.900Z</time></trkpt>
<trkpt lat="54.383770" lon="18.795208"><time>2026-05-23T13:19:26.900Z</time></trkpt>
<trkpt lat="54.383740" lon="18.795177"><time>2026-05-23T13:19:28.900Z</time></trkpt>
<trkpt lat="54.383707" lon="18.795139"><time>2026-05-23T13:19:30.900Z</time></trkpt>
<trkpt lat="54.383670" lon="18.795094"><time>2026-05-23T13:19:32.900Z</time></trkpt>
<trkpt lat="54.383633" lon="18.795052"><time>2026-05-23T13:19:34.900Z</time></trkpt>
<trkpt lat="54.383598" lon="18.795008"><time>2026-05-23T13:19:36.900Z</time></trkpt>
<trkpt lat="54.383559" lon="18.794962"><time>2026-05-23T13:19:38.900Z</time></trkpt>
<trkpt lat="54.383524" lon="18.794916"><time>2026-05-23T13:19:40.900Z</time></trkpt>
<trkpt lat="54.383485" lon="18.794875"><time>2026-05-23T13:19:42.900Z</time></trkpt>
<trkpt lat="54.383447" lon="18.794835"><time>2026-05-23T13:19:44.900Z</time></trkpt>
<trkpt lat="54.383405" lon="18.794791"><time>2026-05-23T13:19:46.900Z</time></trkpt>
<trkpt lat="54.383368" lon="18.794751"><time>2026-05-23T13:19:48.900Z</time></trkpt>
<trkpt lat="54.383329" lon="18.794704"><time>2026-05-23T13:19:50.900Z</time></trkpt>
<trkpt lat="54.383293" lon="18.794664"><time>2026-05-23T13:19:52.900Z</time></trkpt>
<trkpt lat="54.383250" lon="18.794617"><time>2026-05-23T13:19:54.900Z</time></trkpt>
<trkpt lat="54.383213" lon="18.794578"><time>2026-05-23T13:19:56.900Z</time></trkpt>
<trkpt lat="54.383176" lon="18.794529"><time>2026-05-23T13:19:58.900Z</time></trkpt>
<trkpt lat="54.383140" lon="18.794486"><time>2026-05-23T13:20:00.900Z</time></trkpt>
<trkpt lat="54.383099" lon="18.794443"><time>2026-05-23T13:20:02.900Z</time></trkpt>
<trkpt lat="54.383063" lon="18.794397"><time>2026-05-23T13:20:04.900Z</time></trkpt>
<trkpt lat="54.383026" lon="18.794357"><time>2026-05-23T13:20:06.900Z</time></trkpt>
<trkpt lat="54.382993" lon="18.794323"><time>2026-05-23T13:20:08.900Z</time></trkpt>
<trkpt lat="54.382959" lon="18.794285"><time>2026-05-23T13:20:10.900Z</time></trkpt>
<trkpt lat="54.382929" lon="18.794245"><time>2026-05-23T13:20:12.900Z</time></trkpt>
<trkpt lat="54.382902" lon="18.794205"><time>2026-05-23T13:20:14.900Z</time></trkpt>
<trkpt lat="54.382873" lon="18.794168"><time>2026-05-23T13:20:16.900Z</time></trkpt>
<trkpt lat="54.382847" lon="18.794141"><time>2026-05-23T13:20:18.900Z</time></trkpt>
<trkpt lat="54.382813" lon="18.794099"><time>2026-05-23T13:20:20.900Z</time></trkpt>
<trkpt lat="54.382793" lon="18.794077"><time>2026-05-23T13:20:22.000Z</time></trkpt>
<trkpt lat="54.382752" lon="18.794034"><time>2026-05-23T13:20:24.000Z</time></trkpt>
<trkpt lat="54.382723" lon="18.794018"><time>2026-05-23T13:20:26.000Z</time></trkpt>
<trkpt lat="54.382695" lon="18.793996"><time>2026-05-23T13:20:28.000Z</time></trkpt>
<trkpt lat="54.382665" lon="18.793972"><time>2026-05-23T13:20:30.000Z</time></trkpt>
<trkpt lat="54.382639" lon="18.793952"><time>2026-05-23T13:20:32.000Z</time></trkpt>
<trkpt lat="54.382609" lon="18.793937"><time>2026-05-23T13:20:34.000Z</time></trkpt>
<trkpt lat="54.382584" lon="18.793917"><time>2026-05-23T13:20:36.000Z</time></trkpt>
<trkpt lat="54.382557" lon="18.793874"><time>2026-05-23T13:20:38.000Z</time></trkpt>
<trkpt lat="54.382538" lon="18.793851"><time>2026-05-23T13:20:40.000Z</time></trkpt>
<trkpt lat="54.382512" lon="18.793834"><time>2026-05-23T13:20:42.000Z</time></trkpt>
<trkpt lat="54.382479" lon="18.793804"><time>2026-05-23T13:20:44.000Z</time></trkpt>
<trkpt lat="54.382449" lon="18.793774"><time>2026-05-23T13:20:46.000Z</time></trkpt>
<trkpt lat="54.382425" lon="18.793733"><time>2026-05-23T13:20:48.900Z</time></trkpt>
<trkpt lat="54.382404" lon="18.793709"><time>2026-05-23T13:20:50.900Z</time></trkpt>
<trkpt lat="54.382379" lon="18.793680"><time>2026-05-23T13:20:52.900Z</time></trkpt>
<trkpt lat="54.382353" lon="18.793658"><time>2026-05-23T13:20:54.900Z</time></trkpt>
<trkpt lat="54.382321" lon="18.793623"><time>2026-05-23T13:20:56.900Z</time></trkpt>
<trkpt lat="54.382294" lon="18.793587"><time>2026-05-23T13:20:58.900Z</time></trkpt>
<trkpt lat="54.382272" lon="18.793557"><time>2026-05-23T13:21:00.900Z</time></trkpt>
<trkpt lat="54.382255" lon="18.793543"><time>2026-05-23T13:21:02.900Z</time></trkpt>
<trkpt lat="54.382231" lon="18.793538"><time>2026-05-23T13:21:04.900Z</time></trkpt>
<trkpt lat="54.382203" lon="18.793523"><time>2026-05-23T13:21:06.900Z</time></trkpt>
<trkpt lat="54.382167" lon="18.793522"><time>2026-05-23T13:21:08.900Z</time></trkpt>
<trkpt lat="54.382134" lon="18.793539"><time>2026-05-23T13:21:10.900Z</time></trkpt>
<trkpt lat="54.382114" lon="18.793570"><time>2026-05-23T13:21:12.900Z</time></trkpt>
<trkpt lat="54.382091" lon="18.793594"><time>2026-05-23T13:21:14.900Z</time></trkpt>
<trkpt lat="54.382069" lon="18.793625"><time>2026-05-23T13:21:16.900Z</time></trkpt>
<trkpt lat="54.382051" lon="18.793664"><time>2026-05-23T13:21:18.900Z</time></trkpt>
<trkpt lat="54.382036" lon="18.793708"><time>2026-05-23T13:21:20.900Z</time></trkpt>
<trkpt lat="54.382015" lon="18.793754"><time>2026-05-23T13:21:22.900Z</time></trkpt>
<trkpt lat="54.382008" lon="18.793803"><time>2026-05-23T13:21:24.900Z</time></trkpt>
<trkpt lat="54.382003" lon="18.793871"><time>2026-05-23T13:21:26.900Z</time></trkpt>
<trkpt lat="54.381995" lon="18.793929"><time>2026-05-23T13:21:28.900Z</time></trkpt>
<trkpt lat="54.382004" lon="18.793945"><time>2026-05-23T13:21:30.900Z</time></trkpt>
<trkpt lat="54.382002" lon="18.793980"><time>2026-05-23T13:21:32.900Z</time></trkpt>
<trkpt lat="54.381998" lon="18.794027"><time>2026-05-23T13:21:34.900Z</time></trkpt>
<trkpt lat="54.381994" lon="18.794072"><time>2026-05-23T13:21:36.900Z</time></trkpt>
<trkpt lat="54.381986" lon="18.794115"><time>2026-05-23T13:21:38.900Z</time></trkpt>
<trkpt lat="54.381971" lon="18.794150"><time>2026-05-23T13:21:40.900Z</time></trkpt>
<trkpt lat="54.381954" lon="18.794192"><time>2026-05-23T13:21:42.900Z</time></trkpt>
<trkpt lat="54.381939" lon="18.794244"><time>2026-05-23T13:21:44.900Z</time></trkpt>
<trkpt lat="54.381921" lon="18.794292"><time>2026-05-23T13:21:46.900Z</time></trkpt>
<trkpt lat="54.381900" lon="18.794349"><time>2026-05-23T13:21:48.900Z</time></trkpt>
<trkpt lat="54.381879" lon="18.794412"><time>2026-05-23T13:21:50.900Z</time></trkpt>
<trkpt lat="54.381864" lon="18.794474"><time>2026-05-23T13:21:52.900Z</time></trkpt>
<trkpt lat="54.381847" lon="18.794546"><time>2026-05-23T13:21:54.900Z</time></trkpt>
<trkpt lat="54.381835" lon="18.794597"><time>2026-05-23T13:21:56.900Z</time></trkpt>
<trkpt lat="54.381817" lon="18.794661"><time>2026-05-23T13:21:58.900Z</time></trkpt>
<trkpt lat="54.381804" lon="18.794741"><time>2026-05-23T13:22:00.900Z</time></trkpt>
<trkpt lat="54.381785" lon="18.794811"><time>2026-05-23T13:22:02.900Z</time></trkpt>
<trkpt lat="54.381766" lon="18.794880"><time>2026-05-23T13:22:04.900Z</time></trkpt>
<trkpt lat="54.381745" lon="18.794950"><time>2026-05-23T13:22:06.900Z</time></trkpt>
<trkpt lat="54.381727" lon="18.795022"><time>2026-05-23T13:22:08.900Z</time></trkpt>
<trkpt lat="54.381707" lon="18.795094"><time>2026-05-23T13:22:10.900Z</time></trkpt>
<trkpt lat="54.381681" lon="18.795163"><time>2026-05-23T13:22:12.900Z</time></trkpt>
<trkpt lat="54.381656" lon="18.795235"><time>2026-05-23T13:22:14.900Z</time></trkpt>
<trkpt lat="54.381632" lon="18.795298"><time>2026-05-23T13:22:16.900Z</time></trkpt>
<trkpt lat="54.381611" lon="18.795360"><time>2026-05-23T13:22:18.900Z</time></trkpt>
<trkpt lat="54.381590" lon="18.795425"><time>2026-05-23T13:22:20.900Z</time></trkpt>
<trkpt lat="54.381571" lon="18.795489"><time>2026-05-23T13:22:22.900Z</time></trkpt>
<trkpt lat="54.381546" lon="18.795557"><time>2026-05-23T13:22:24.900Z</time></trkpt>
<trkpt lat="54.381519" lon="18.795631"><time>2026-05-23T13:22:26.900Z</time></trkpt>
<trkpt lat="54.381504" lon="18.795663"><time>2026-05-23T13:22:28.000Z</time></trkpt>
<trkpt lat="54.381471" lon="18.795727"><time>2026-05-23T13:22:30.000Z</time></trkpt>
<trkpt lat="54.381443" lon="18.795799"><time>2026-05-23T13:22:32.000Z</time></trkpt>
<trkpt lat="54.381414" lon="18.795870"><time>2026-05-23T13:22:34.000Z</time></trkpt>
<trkpt lat="54.381387" lon="18.795939"><time>2026-05-23T13:22:36.000Z</time></trkpt>
<trkpt lat="54.381357" lon="18.796006"><time>2026-05-23T13:22:38.000Z</time></trkpt>
<trkpt lat="54.381322" lon="18.796075"><time>2026-05-23T13:22:40.000Z</time></trkpt>
<trkpt lat="54.381292" lon="18.796146"><time>2026-05-23T13:22:42.000Z</time></trkpt>
<trkpt lat="54.381263" lon="18.796227"><time>2026-05-23T13:22:44.000Z</time></trkpt>
<trkpt lat="54.381232" lon="18.796302"><time>2026-05-23T13:22:46.000Z</time></trkpt>
<trkpt lat="54.381203" lon="18.796375"><time>2026-05-23T13:22:48.000Z</time></trkpt>
<trkpt lat="54.381168" lon="18.796448"><time>2026-05-23T13:22:50.000Z</time></trkpt>
<trkpt lat="54.381128" lon="18.796525"><time>2026-05-23T13:22:52.000Z</time></trkpt>
<trkpt lat="54.381069" lon="18.796624"><time>2026-05-23T13:22:54.900Z</time></trkpt>
<trkpt lat="54.381027" lon="18.796689"><time>2026-05-23T13:22:56.900Z</time></trkpt>
<trkpt lat="54.380985" lon="18.796750"><time>2026-05-23T13:22:58.900Z</time></trkpt>
<trkpt lat="54.380945" lon="18.796799"><time>2026-05-23T13:23:00.900Z</time></trkpt>
<trkpt lat="54.380902" lon="18.796846"><time>2026-05-23T13:23:02.900Z</time></trkpt>
<trkpt lat="54.380866" lon="18.796893"><time>2026-05-23T13:23:04.900Z</time></trkpt>
<trkpt lat="54.380829" lon="18.796956"><time>2026-05-23T13:23:06.900Z</time></trkpt>
<trkpt lat="54.380792" lon="18.797025"><time>2026-05-23T13:23:08.900Z</time></trkpt>
<trkpt lat="54.380751" lon="18.797095"><time>2026-05-23T13:23:10.900Z</time></trkpt>
<trkpt lat="54.380718" lon="18.797168"><time>2026-05-23T13:23:12.900Z</time></trkpt>
<trkpt lat="54.380688" lon="18.797242"><time>2026-05-23T13:23:14.900Z</time></trkpt>
<trkpt lat="54.380654" lon="18.797320"><time>2026-05-23T13:23:16.900Z</time></trkpt>
<trkpt lat="54.380623" lon="18.797400"><time>2026-05-23T13:23:18.900Z</time></trkpt>
<trkpt lat="54.380596" lon="18.797495"><time>2026-05-23T13:23:20.900Z</time></trkpt>
<trkpt lat="54.380563" lon="18.797570"><time>2026-05-23T13:23:22.900Z</time></trkpt>
<trkpt lat="54.380530" lon="18.797628"><time>2026-05-23T13:23:24.900Z</time></trkpt>
<trkpt lat="54.380487" lon="18.797691"><time>2026-05-23T13:23:26.900Z</time></trkpt>
<trkpt lat="54.380450" lon="18.797760"><time>2026-05-23T13:23:28.900Z</time></trkpt>
<trkpt lat="54.380414" lon="18.797828"><time>2026-05-23T13:23:30.900Z</time></trkpt>
<trkpt lat="54.380376" lon="18.797902"><time>2026-05-23T13:23:32.900Z</time></trkpt>
<trkpt lat="54.380339" lon="18.797975"><time>2026-05-23T13:23:34.900Z</time></trkpt>
<trkpt lat="54.380307" lon="18.798047"><time>2026-05-23T13:23:36.900Z</time></trkpt>
<trkpt lat="54.380278" lon="18.798121"><time>2026-05-23T13:23:38.900Z</time></trkpt>
<trkpt lat="54.380251" lon="18.798201"><time>2026-05-23T13:23:40.900Z</time></trkpt>
<trkpt lat="54.380233" lon="18.798282"><time>2026-05-23T13:23:42.900Z</time></trkpt>
<trkpt lat="54.380239" lon="18.798341"><time>2026-05-23T13:23:44.900Z</time></trkpt>
<trkpt lat="54.380257" lon="18.798354"><time>2026-05-23T13:23:46.900Z</time></trkpt>
<trkpt lat="54.380286" lon="18.798367"><time>2026-05-23T13:23:48.900Z</time></trkpt>
<trkpt lat="54.380313" lon="18.798375"><time>2026-05-23T13:23:50.900Z</time></trkpt>
<trkpt lat="54.380354" lon="18.798350"><time>2026-05-23T13:23:52.900Z</time></trkpt>
<trkpt lat="54.380389" lon="18.798331"><time>2026-05-23T13:23:54.900Z</time></trkpt>
<trkpt lat="54.380428" lon="18.798317"><time>2026-05-23T13:23:56.900Z</time></trkpt>
<trkpt lat="54.380464" lon="18.798311"><time>2026-05-23T13:23:58.900Z</time></trkpt>
<trkpt lat="54.380507" lon="18.798304"><time>2026-05-23T13:24:00.900Z</time></trkpt>
<trkpt lat="54.380549" lon="18.798297"><time>2026-05-23T13:24:02.900Z</time></trkpt>
<trkpt lat="54.380584" lon="18.798304"><time>2026-05-23T13:24:04.900Z</time></trkpt>
<trkpt lat="54.380623" lon="18.798333"><time>2026-05-23T13:24:06.900Z</time></trkpt>
<trkpt lat="54.380660" lon="18.798367"><time>2026-05-23T13:24:08.900Z</time></trkpt>
<trkpt lat="54.380693" lon="18.798399"><time>2026-05-23T13:24:10.900Z</time></trkpt>
<trkpt lat="54.380727" lon="18.798406"><time>2026-05-23T13:24:12.900Z</time></trkpt>
<trkpt lat="54.380760" lon="18.798406"><time>2026-05-23T13:24:14.900Z</time></trkpt>
<trkpt lat="54.380800" lon="18.798404"><time>2026-05-23T13:24:16.900Z</time></trkpt>
<trkpt lat="54.380837" lon="18.798403"><time>2026-05-23T13:24:18.900Z</time></trkpt>
<trkpt lat="54.380877" lon="18.798403"><time>2026-05-23T13:24:20.900Z</time></trkpt>
<trkpt lat="54.380920" lon="18.798399"><time>2026-05-23T13:24:22.900Z</time></trkpt>
<trkpt lat="54.380960" lon="18.798397"><time>2026-05-23T13:24:24.900Z</time></trkpt>
<trkpt lat="54.381003" lon="18.798400"><time>2026-05-23T13:24:26.900Z</time></trkpt>
<trkpt lat="54.381047" lon="18.798401"><time>2026-05-23T13:24:28.900Z</time></trkpt>
<trkpt lat="54.381089" lon="18.798408"><time>2026-05-23T13:24:30.900Z</time></trkpt>
<trkpt lat="54.381132" lon="18.798416"><time>2026-05-23T13:24:32.900Z</time></trkpt>
<trkpt lat="54.381152" lon="18.798416"><time>2026-05-23T13:24:34.000Z</time></trkpt>
<trkpt lat="54.381187" lon="18.798416"><time>2026-05-23T13:24:36.000Z</time></trkpt>
<trkpt lat="54.381226" lon="18.798416"><time>2026-05-23T13:24:38.000Z</time></trkpt>
<trkpt lat="54.381265" lon="18.798418"><time>2026-05-23T13:24:40.000Z</time></trkpt>
<trkpt lat="54.381308" lon="18.798416"><time>2026-05-23T13:24:42.000Z</time></trkpt>
<trkpt lat="54.381350" lon="18.798408"><time>2026-05-23T13:24:44.000Z</time></trkpt>
<trkpt lat="54.381396" lon="18.798402"><time>2026-05-23T13:24:46.000Z</time></trkpt>
<trkpt lat="54.381444" lon="18.798395"><time>2026-05-23T13:24:48.000Z</time></trkpt>
<trkpt lat="54.381490" lon="18.798387"><time>2026-05-23T13:24:50.000Z</time></trkpt>
<trkpt lat="54.381539" lon="18.798380"><time>2026-05-23T13:24:52.000Z</time></trkpt>
<trkpt lat="54.381587" lon="18.798375"><time>2026-05-23T13:24:54.000Z</time></trkpt>
<trkpt lat="54.381635" lon="18.798379"><time>2026-05-23T13:24:56.000Z</time></trkpt>
<trkpt lat="54.381684" lon="18.798383"><time>2026-05-23T13:24:58.000Z</time></trkpt>
<trkpt lat="54.381734" lon="18.798391"><time>2026-05-23T13:25:00.000Z</time></trkpt>
<trkpt lat="54.381809" lon="18.798388"><time>2026-05-23T13:25:02.900Z</time></trkpt>
<trkpt lat="54.381854" lon="18.798391"><time>2026-05-23T13:25:04.900Z</time></trkpt>
<trkpt lat="54.381902" lon="18.798394"><time>2026-05-23T13:25:06.900Z</time></trkpt>
<trkpt lat="54.381948" lon="18.798400"><time>2026-05-23T13:25:08.900Z</time></trkpt>
<trkpt lat="54.381996" lon="18.798392"><time>2026-05-23T13:25:10.900Z</time></trkpt>
<trkpt lat="54.382045" lon="18.798380"><time>2026-05-23T13:25:12.900Z</time></trkpt>
<trkpt lat="54.382092" lon="18.798357"><time>2026-05-23T13:25:14.900Z</time></trkpt>
<trkpt lat="54.382140" lon="18.798342"><time>2026-05-23T13:25:16.900Z</time></trkpt>
<trkpt lat="54.382190" lon="18.798336"><time>2026-05-23T13:25:18.900Z</time></trkpt>
<trkpt lat="54.382239" lon="18.798322"><time>2026-05-23T13:25:20.900Z</time></trkpt>
<trkpt lat="54.382288" lon="18.798306"><time>2026-05-23T13:25:22.900Z</time></trkpt>
<trkpt lat="54.382337" lon="18.798306"><time>2026-05-23T13:25:24.900Z</time></trkpt>
<trkpt lat="54.382385" lon="18.798313"><time>2026-05-23T13:25:26.900Z</time></trkpt>
<trkpt lat="54.382433" lon="18.798315"><time>2026-05-23T13:25:28.900Z</time></trkpt>
<trkpt lat="54.382480" lon="18.798312"><time>2026-05-23T13:25:30.900Z</time></trkpt>
<trkpt lat="54.382529" lon="18.798310"><time>2026-05-23T13:25:32.900Z</time></trkpt>
<trkpt lat="54.382579" lon="18.798309"><time>2026-05-23T13:25:34.900Z</time></trkpt>
<trkpt lat="54.382626" lon="18.798304"><time>2026-05-23T13:25:36.900Z</time></trkpt>
<trkpt lat="54.382672" lon="18.798301"><time>2026-05-23T13:25:38.900Z</time></trkpt>
<trkpt lat="54.382721" lon="18.798303"><time>2026-05-23T13:25:40.900Z</time></trkpt>
<trkpt lat="54.382767" lon="18.798305"><time>2026-05-23T13:25:42.900Z</time></trkpt>
<trkpt lat="54.382813" lon="18.798307"><time>2026-05-23T13:25:44.900Z</time></trkpt>
<trkpt lat="54.382860" lon="18.798306"><time>2026-05-23T13:25:46.900Z</time></trkpt>
<trkpt lat="54.382910" lon="18.798305"><time>2026-05-23T13:25:48.900Z</time></trkpt>
<trkpt lat="54.382959" lon="18.798301"><time>2026-05-23T13:25:50.900Z</time></trkpt>
<trkpt lat="54.383009" lon="18.798291"><time>2026-05-23T13:25:52.900Z</time></trkpt>
<trkpt lat="54.383059" lon="18.798270"><time>2026-05-23T13:25:54.900Z</time></trkpt>
<trkpt lat="54.383110" lon="18.798250"><time>2026-05-23T13:25:56.900Z</time></trkpt>
<trkpt lat="54.383164" lon="18.798243"><time>2026-05-23T13:25:58.900Z</time></trkpt>
<trkpt lat="54.383218" lon="18.798238"><time>2026-05-23T13:26:00.900Z</time></trkpt>
<trkpt lat="54.383266" lon="18.798221"><time>2026-05-23T13:26:02.900Z</time></trkpt>
<trkpt lat="54.383313" lon="18.798202"><time>2026-05-23T13:26:04.900Z</time></trkpt>
<trkpt lat="54.383362" lon="18.798179"><time>2026-05-23T13:26:06.900Z</time></trkpt>
<trkpt lat="54.383413" lon="18.798153"><time>2026-05-23T13:26:08.900Z</time></trkpt>
<trkpt lat="54.383463" lon="18.798123"><time>2026-05-23T13:26:10.900Z</time></trkpt>
<trkpt lat="54.383515" lon="18.798099"><time>2026-05-23T13:26:12.900Z</time></trkpt>
<trkpt lat="54.383566" lon="18.798089"><time>2026-05-23T13:26:14.900Z</time></trkpt>
<trkpt lat="54.383617" lon="18.798078"><time>2026-05-23T13:26:16.900Z</time></trkpt>
<trkpt lat="54.383671" lon="18.798066"><time>2026-05-23T13:26:18.900Z</time></trkpt>
<trkpt lat="54.383722" lon="18.798055"><time>2026-05-23T13:26:20.900Z</time></trkpt>
<trkpt lat="54.383773" lon="18.798047"><time>2026-05-23T13:26:22.900Z</time></trkpt>
<trkpt lat="54.383822" lon="18.798031"><time>2026-05-23T13:26:24.900Z</time></trkpt>
<trkpt lat="54.383874" lon="18.798020"><time>2026-05-23T13:26:26.900Z</time></trkpt>
<trkpt lat="54.383929" lon="18.798017"><time>2026-05-23T13:26:28.900Z</time></trkpt>
<trkpt lat="54.383980" lon="18.798017"><time>2026-05-23T13:26:30.900Z</time></trkpt>
<trkpt lat="54.384038" lon="18.798016"><time>2026-05-23T13:26:32.900Z</time></trkpt>
<trkpt lat="54.384091" lon="18.798014"><time>2026-05-23T13:26:34.900Z</time></trkpt>
<trkpt lat="54.384145" lon="18.798002"><time>2026-05-23T13:26:36.900Z</time></trkpt>
<trkpt lat="54.384199" lon="18.797994"><time>2026-05-23T13:26:39.000Z</time></trkpt>
<trkpt lat="54.384228" lon="18.797989"><time>2026-05-23T13:26:40.000Z</time></trkpt>
<trkpt lat="54.384284" lon="18.797977"><time>2026-05-23T13:26:42.000Z</time></trkpt>
<trkpt lat="54.384336" lon="18.797957"><time>2026-05-23T13:26:44.000Z</time></trkpt>
<trkpt lat="54.384392" lon="18.797940"><time>2026-05-23T13:26:46.000Z</time></trkpt>
<trkpt lat="54.384447" lon="18.797930"><time>2026-05-23T13:26:48.000Z</time></trkpt>
<trkpt lat="54.384505" lon="18.797924"><time>2026-05-23T13:26:50.000Z</time></trkpt>
<trkpt lat="54.384561" lon="18.797924"><time>2026-05-23T13:26:52.000Z</time></trkpt>
<trkpt lat="54.384618" lon="18.797917"><time>2026-05-23T13:26:54.000Z</time></trkpt>
<trkpt lat="54.384673" lon="18.797899"><time>2026-05-23T13:26:56.000Z</time></trkpt>
<trkpt lat="54.384726" lon="18.797883"><time>2026-05-23T13:26:58.000Z</time></trkpt>
<trkpt lat="54.384781" lon="18.797872"><time>2026-05-23T13:27:00.000Z</time></trkpt>
<trkpt lat="54.384836" lon="18.797862"><time>2026-05-23T13:27:02.000Z</time></trkpt>
<trkpt lat="54.384892" lon="18.797851"><time>2026-05-23T13:27:04.000Z</time></trkpt>
<trkpt lat="54.384949" lon="18.797833"><time>2026-05-23T13:27:06.000Z</time></trkpt>
<trkpt lat="54.385028" lon="18.797799"><time>2026-05-23T13:27:08.900Z</time></trkpt>
<trkpt lat="54.385081" lon="18.797788"><time>2026-05-23T13:27:10.900Z</time></trkpt>
<trkpt lat="54.385133" lon="18.797780"><time>2026-05-23T13:27:12.900Z</time></trkpt>
<trkpt lat="54.385184" lon="18.797776"><time>2026-05-23T13:27:14.900Z</time></trkpt>
<trkpt lat="54.385237" lon="18.797776"><time>2026-05-23T13:27:16.900Z</time></trkpt>
<trkpt lat="54.385290" lon="18.797773"><time>2026-05-23T13:27:18.900Z</time></trkpt>
<trkpt lat="54.385342" lon="18.797772"><time>2026-05-23T13:27:20.900Z</time></trkpt>
<trkpt lat="54.385395" lon="18.797774"><time>2026-05-23T13:27:22.900Z</time></trkpt>
<trkpt lat="54.385446" lon="18.797778"><time>2026-05-23T13:27:24.900Z</time></trkpt>
<trkpt lat="54.385496" lon="18.797782"><time>2026-05-23T13:27:26.900Z</time></trkpt>
<trkpt lat="54.385547" lon="18.797782"><time>2026-05-23T13:27:28.900Z</time></trkpt>
<trkpt lat="54.385597" lon="18.797788"><time>2026-05-23T13:27:30.900Z</time></trkpt>
<trkpt lat="54.385648" lon="18.797797"><time>2026-05-23T13:27:32.900Z</time></trkpt>
<trkpt lat="54.385697" lon="18.797805"><time>2026-05-23T13:27:34.900Z</time></trkpt>
<trkpt lat="54.385749" lon="18.797813"><time>2026-05-23T13:27:36.900Z</time></trkpt>
<trkpt lat="54.385799" lon="18.797823"><time>2026-05-23T13:27:38.900Z</time></trkpt>
<trkpt lat="54.385849" lon="18.797832"><time>2026-05-23T13:27:40.900Z</time></trkpt>
<trkpt lat="54.385898" lon="18.797838"><time>2026-05-23T13:27:42.900Z</time></trkpt>
<trkpt lat="54.385944" lon="18.797851"><time>2026-05-23T13:27:44.900Z</time></trkpt>
<trkpt lat="54.385990" lon="18.797861"><time>2026-05-23T13:27:46.900Z</time></trkpt>
<trkpt lat="54.386038" lon="18.797869"><time>2026-05-23T13:27:48.900Z</time></trkpt>
<trkpt lat="54.386084" lon="18.797873"><time>2026-05-23T13:27:50.900Z</time></trkpt>
<trkpt lat="54.386129" lon="18.797882"><time>2026-05-23T13:27:52.900Z</time></trkpt>
<trkpt lat="54.386174" lon="18.797891"><time>2026-05-23T13:27:54.900Z</time></trkpt>
<trkpt lat="54.386220" lon="18.797900"><time>2026-05-23T13:27:56.900Z</time></trkpt>
<trkpt lat="54.386268" lon="18.797902"><time>2026-05-23T13:27:58.900Z</time></trkpt>
<trkpt lat="54.386316" lon="18.797908"><time>2026-05-23T13:28:00.900Z</time></trkpt>
<trkpt lat="54.386362" lon="18.797919"><time>2026-05-23T13:28:02.900Z</time></trkpt>
<trkpt lat="54.386408" lon="18.797926"><time>2026-05-23T13:28:04.900Z</time></trkpt>
<trkpt lat="54.386456" lon="18.797928"><time>2026-05-23T13:28:06.900Z</time></trkpt>
<trkpt lat="54.386504" lon="18.797928"><time>2026-05-23T13:28:08.900Z</time></trkpt>
<trkpt lat="54.386550" lon="18.797932"><time>2026-05-23T13:28:10.900Z</time></trkpt>
<trkpt lat="54.386596" lon="18.797939"><time>2026-05-23T13:28:12.900Z</time></trkpt>
<trkpt lat="54.386642" lon="18.797950"><time>2026-05-23T13:28:14.900Z</time></trkpt>
<trkpt lat="54.386687" lon="18.797960"><time>2026-05-23T13:28:16.900Z</time></trkpt>
<trkpt lat="54.386732" lon="18.797966"><time>2026-05-23T13:28:18.900Z</time></trkpt>
<trkpt lat="54.386777" lon="18.797972"><time>2026-05-23T13:28:20.900Z</time></trkpt>
<trkpt lat="54.386818" lon="18.797975"><time>2026-05-23T13:28:22.900Z</time></trkpt>
<trkpt lat="54.386863" lon="18.797976"><time>2026-05-23T13:28:24.900Z</time></trkpt>
<trkpt lat="54.386908" lon="18.797977"><time>2026-05-23T13:28:26.900Z</time></trkpt>
<trkpt lat="54.386955" lon="18.797979"><time>2026-05-23T13:28:28.900Z</time></trkpt>
<trkpt lat="54.387001" lon="18.797982"><time>2026-05-23T13:28:30.900Z</time></trkpt>
<trkpt lat="54.387048" lon="18.797987"><time>2026-05-23T13:28:32.900Z</time></trkpt>
<trkpt lat="54.387095" lon="18.797993"><time>2026-05-23T13:28:34.900Z</time></trkpt>
<trkpt lat="54.387142" lon="18.797999"><time>2026-05-23T13:28:36.900Z</time></trkpt>
<trkpt lat="54.387189" lon="18.797996"><time>2026-05-23T13:28:38.900Z</time></trkpt>
<trkpt lat="54.387237" lon="18.797985"><time>2026-05-23T13:28:40.900Z</time></trkpt>
<trkpt lat="54.387285" lon="18.797977"><time>2026-05-23T13:28:42.900Z</time></trkpt>
<trkpt lat="54.387309" lon="18.797974"><time>2026-05-23T13:28:44.000Z</time></trkpt>
<trkpt lat="54.387358" lon="18.797970"><time>2026-05-23T13:28:46.000Z</time></trkpt>
<trkpt lat="54.387407" lon="18.797967"><time>2026-05-23T13:28:48.000Z</time></trkpt>
<trkpt lat="54.387458" lon="18.797959"><time>2026-05-23T13:28:50.000Z</time></trkpt>
<trkpt lat="54.387511" lon="18.797952"><time>2026-05-23T13:28:52.000Z</time></trkpt>
<trkpt lat="54.387563" lon="18.797940"><time>2026-05-23T13:28:54.000Z</time></trkpt>
<trkpt lat="54.387616" lon="18.797928"><time>2026-05-23T13:28:56.000Z</time></trkpt>
<trkpt lat="54.387665" lon="18.797910"><time>2026-05-23T13:28:58.000Z</time></trkpt>
<trkpt lat="54.387721" lon="18.797893"><time>2026-05-23T13:29:00.000Z</time></trkpt>
<trkpt lat="54.387777" lon="18.797869"><time>2026-05-23T13:29:02.000Z</time></trkpt>
<trkpt lat="54.387832" lon="18.797842"><time>2026-05-23T13:29:04.000Z</time></trkpt>
<trkpt lat="54.387886" lon="18.797817"><time>2026-05-23T13:29:06.000Z</time></trkpt>
<trkpt lat="54.387929" lon="18.797787"><time>2026-05-23T13:29:08.000Z</time></trkpt>
<trkpt lat="54.387978" lon="18.797769"><time>2026-05-23T13:29:10.000Z</time></trkpt>
<trkpt lat="54.388056" lon="18.797745"><time>2026-05-23T13:29:12.900Z</time></trkpt>
<trkpt lat="54.388109" lon="18.797718"><time>2026-05-23T13:29:14.900Z</time></trkpt>
<trkpt lat="54.388166" lon="18.797689"><time>2026-05-23T13:29:16.900Z</time></trkpt>
<trkpt lat="54.388216" lon="18.797656"><time>2026-05-23T13:29:18.900Z</time></trkpt>
<trkpt lat="54.388268" lon="18.797618"><time>2026-05-23T13:29:20.900Z</time></trkpt>
<trkpt lat="54.388321" lon="18.797584"><time>2026-05-23T13:29:22.900Z</time></trkpt>
<trkpt lat="54.388372" lon="18.797556"><time>2026-05-23T13:29:24.900Z</time></trkpt>
<trkpt lat="54.388423" lon="18.797543"><time>2026-05-23T13:29:26.900Z</time></trkpt>
<trkpt lat="54.388478" lon="18.797536"><time>2026-05-23T13:29:28.900Z</time></trkpt>
<trkpt lat="54.388529" lon="18.797538"><time>2026-05-23T13:29:30.900Z</time></trkpt>
<trkpt lat="54.388580" lon="18.797543"><time>2026-05-23T13:29:32.900Z</time></trkpt>
<trkpt lat="54.388627" lon="18.797555"><time>2026-05-23T13:29:34.900Z</time></trkpt>
<trkpt lat="54.388675" lon="18.797562"><time>2026-05-23T13:29:36.900Z</time></trkpt>
<trkpt lat="54.388725" lon="18.797566"><time>2026-05-23T13:29:38.900Z</time></trkpt>
<trkpt lat="54.388773" lon="18.797571"><time>2026-05-23T13:29:40.900Z</time></trkpt>
<trkpt lat="54.388819" lon="18.797575"><time>2026-05-23T13:29:42.900Z</time></trkpt>
<trkpt lat="54.388870" lon="18.797579"><time>2026-05-23T13:29:44.900Z</time></trkpt>
<trkpt lat="54.388920" lon="18.797587"><time>2026-05-23T13:29:46.900Z</time></trkpt>
<trkpt lat="54.388969" lon="18.797591"><time>2026-05-23T13:29:48.900Z</time></trkpt>
<trkpt lat="54.389019" lon="18.797595"><time>2026-05-23T13:29:50.900Z</time></trkpt>
<trkpt lat="54.389070" lon="18.797603"><time>2026-05-23T13:29:52.900Z</time></trkpt>
<trkpt lat="54.389119" lon="18.797615"><time>2026-05-23T13:29:54.900Z</time></trkpt>
<trkpt lat="54.389169" lon="18.797636"><time>2026-05-23T13:29:56.900Z</time></trkpt>
<trkpt lat="54.389220" lon="18.797650"><time>2026-05-23T13:29:58.900Z</time></trkpt>
<trkpt lat="54.389272" lon="18.797654"><time>2026-05-23T13:30:00.900Z</time></trkpt>
<trkpt lat="54.389319" lon="18.797662"><time>2026-05-23T13:30:02.900Z</time></trkpt>
<trkpt lat="54.389365" lon="18.797675"><time>2026-05-23T13:30:04.900Z</time></trkpt>
<trkpt lat="54.389413" lon="18.797684"><time>2026-05-23T13:30:06.900Z</time></trkpt>
<trkpt lat="54.389463" lon="18.797692"><time>2026-05-23T13:30:08.900Z</time></trkpt>
<trkpt lat="54.389511" lon="18.797699"><time>2026-05-23T13:30:10.900Z</time></trkpt>
<trkpt lat="54.389556" lon="18.797704"><time>2026-05-23T13:30:12.900Z</time></trkpt>
<trkpt lat="54.389604" lon="18.797710"><time>2026-05-23T13:30:14.900Z</time></trkpt>
<trkpt lat="54.389652" lon="18.797711"><time>2026-05-23T13:30:16.900Z</time></trkpt>
<trkpt lat="54.389700" lon="18.797716"><time>2026-05-23T13:30:18.900Z</time></trkpt>
<trkpt lat="54.389750" lon="18.797716"><time>2026-05-23T13:30:20.900Z</time></trkpt>
<trkpt lat="54.389800" lon="18.797714"><time>2026-05-23T13:30:22.900Z</time></trkpt>
<trkpt lat="54.389848" lon="18.797717"><time>2026-05-23T13:30:24.900Z</time></trkpt>
<trkpt lat="54.389898" lon="18.797726"><time>2026-05-23T13:30:26.900Z</time></trkpt>
<trkpt lat="54.389946" lon="18.797733"><time>2026-05-23T13:30:28.900Z</time></trkpt>
<trkpt lat="54.389995" lon="18.797746"><time>2026-05-23T13:30:30.900Z</time></trkpt>
<trkpt lat="54.390047" lon="18.797749"><time>2026-05-23T13:30:32.900Z</time></trkpt>
<trkpt lat="54.390098" lon="18.797750"><time>2026-05-23T13:30:34.900Z</time></trkpt>
<trkpt lat="54.390150" lon="18.797759"><time>2026-05-23T13:30:36.900Z</time></trkpt>
<trkpt lat="54.390201" lon="18.797755"><time>2026-05-23T13:30:38.900Z</time></trkpt>
<trkpt lat="54.390255" lon="18.797761"><time>2026-05-23T13:30:40.900Z</time></trkpt>
<trkpt lat="54.390309" lon="18.797768"><time>2026-05-23T13:30:42.900Z</time></trkpt>
<trkpt lat="54.390364" lon="18.797773"><time>2026-05-23T13:30:44.900Z</time></trkpt>
<trkpt lat="54.390414" lon="18.797770"><time>2026-05-23T13:30:46.900Z</time></trkpt>
<trkpt lat="54.390463" lon="18.797770"><time>2026-05-23T13:30:48.900Z</time></trkpt>
<trkpt lat="54.390494" lon="18.797768"><time>2026-05-23T13:30:50.000Z</time></trkpt>
<trkpt lat="54.390539" lon="18.797774"><time>2026-05-23T13:30:52.000Z</time></trkpt>
<trkpt lat="54.390590" lon="18.797796"><time>2026-05-23T13:30:54.000Z</time></trkpt>
<trkpt lat="54.390637" lon="18.797815"><time>2026-05-23T13:30:56.000Z</time></trkpt>
<trkpt lat="54.390682" lon="18.797822"><time>2026-05-23T13:30:58.000Z</time></trkpt>
<trkpt lat="54.390728" lon="18.797819"><time>2026-05-23T13:31:00.000Z</time></trkpt>
<trkpt lat="54.390769" lon="18.797818"><time>2026-05-23T13:31:02.000Z</time></trkpt>
<trkpt lat="54.390813" lon="18.797804"><time>2026-05-23T13:31:04.000Z</time></trkpt>
<trkpt lat="54.390854" lon="18.797804"><time>2026-05-23T13:31:06.000Z</time></trkpt>
<trkpt lat="54.390896" lon="18.797808"><time>2026-05-23T13:31:08.000Z</time></trkpt>
<trkpt lat="54.390948" lon="18.797806"><time>2026-05-23T13:31:10.000Z</time></trkpt>
<trkpt lat="54.390996" lon="18.797812"><time>2026-05-23T13:31:12.000Z</time></trkpt>
<trkpt lat="54.391044" lon="18.797816"><time>2026-05-23T13:31:14.000Z</time></trkpt>
<trkpt lat="54.391090" lon="18.797819"><time>2026-05-23T13:31:16.000Z</time></trkpt>
<trkpt lat="54.391173" lon="18.797809"><time>2026-05-23T13:31:18.900Z</time></trkpt>
<trkpt lat="54.391224" lon="18.797803"><time>2026-05-23T13:31:20.900Z</time></trkpt>
<trkpt lat="54.391272" lon="18.797808"><time>2026-05-23T13:31:22.900Z</time></trkpt>
<trkpt lat="54.391321" lon="18.797815"><time>2026-05-23T13:31:24.900Z</time></trkpt>
<trkpt lat="54.391373" lon="18.797821"><time>2026-05-23T13:31:26.900Z</time></trkpt>
<trkpt lat="54.391424" lon="18.797825"><time>2026-05-23T13:31:28.900Z</time></trkpt>
<trkpt lat="54.391474" lon="18.797827"><time>2026-05-23T13:31:30.900Z</time></trkpt>
<trkpt lat="54.391527" lon="18.797825"><time>2026-05-23T13:31:32.900Z</time></trkpt>
<trkpt lat="54.391577" lon="18.797828"><time>2026-05-23T13:31:34.900Z</time></trkpt>
<trkpt lat="54.391631" lon="18.797828"><time>2026-05-23T13:31:36.900Z</time></trkpt>
<trkpt lat="54.391680" lon="18.797821"><time>2026-05-23T13:31:38.900Z</time></trkpt>
<trkpt lat="54.391729" lon="18.797817"><time>2026-05-23T13:31:40.900Z</time></trkpt>
<trkpt lat="54.391779" lon="18.797809"><time>2026-05-23T13:31:42.900Z</time></trkpt>
<trkpt lat="54.391830" lon="18.797800"><time>2026-05-23T13:31:44.900Z</time></trkpt>
<trkpt lat="54.391880" lon="18.797790"><time>2026-05-23T13:31:46.900Z</time></trkpt>
<trkpt lat="54.391932" lon="18.797783"><time>2026-05-23T13:31:48.900Z</time></trkpt>
<trkpt lat="54.391986" lon="18.797773"><time>2026-05-23T13:31:50.900Z</time></trkpt>
<trkpt lat="54.392038" lon="18.797764"><time>2026-05-23T13:31:52.900Z</time></trkpt>
<trkpt lat="54.392091" lon="18.797756"><time>2026-05-23T13:31:54.900Z</time></trkpt>
<trkpt lat="54.392139" lon="18.797755"><time>2026-05-23T13:31:56.900Z</time></trkpt>
<trkpt lat="54.392189" lon="18.797738"><time>2026-05-23T13:31:58.900Z</time></trkpt>
<trkpt lat="54.392246" lon="18.797733"><time>2026-05-23T13:32:00.900Z</time></trkpt>
<trkpt lat="54.392299" lon="18.797721"><time>2026-05-23T13:32:02.900Z</time></trkpt>
<trkpt lat="54.392353" lon="18.797712"><time>2026-05-23T13:32:04.900Z</time></trkpt>
<trkpt lat="54.392408" lon="18.797701"><time>2026-05-23T13:32:06.900Z</time></trkpt>
<trkpt lat="54.392465" lon="18.797700"><time>2026-05-23T13:32:08.900Z</time></trkpt>
<trkpt lat="54.392524" lon="18.797708"><time>2026-05-23T13:32:10.900Z</time></trkpt>
<trkpt lat="54.392576" lon="18.797708"><time>2026-05-23T13:32:12.900Z</time></trkpt>
<trkpt lat="54.392624" lon="18.797706"><time>2026-05-23T13:32:14.900Z</time></trkpt>
<trkpt lat="54.392671" lon="18.797708"><time>2026-05-23T13:32:16.900Z</time></trkpt>
<trkpt lat="54.392722" lon="18.797709"><time>2026-05-23T13:32:18.900Z</time></trkpt>
<trkpt lat="54.392782" lon="18.797705"><time>2026-05-23T13:32:20.900Z</time></trkpt>
<trkpt lat="54.392839" lon="18.797701"><time>2026-05-23T13:32:22.900Z</time></trkpt>
<trkpt lat="54.392893" lon="18.797694"><time>2026-05-23T13:32:24.900Z</time></trkpt>
<trkpt lat="54.392946" lon="18.797686"><time>2026-05-23T13:32:26.900Z</time></trkpt>
<trkpt lat="54.392999" lon="18.797695"><time>2026-05-23T13:32:28.900Z</time></trkpt>
<trkpt lat="54.393048" lon="18.797691"><time>2026-05-23T13:32:30.900Z</time></trkpt>
<trkpt lat="54.393102" lon="18.797677"><time>2026-05-23T13:32:32.900Z</time></trkpt>
<trkpt lat="54.393154" lon="18.797669"><time>2026-05-23T13:32:34.900Z</time></trkpt>
<trkpt lat="54.393200" lon="18.797666"><time>2026-05-23T13:32:36.900Z</time></trkpt>
<trkpt lat="54.393249" lon="18.797661"><time>2026-05-23T13:32:38.900Z</time></trkpt>
<trkpt lat="54.393299" lon="18.797656"><time>2026-05-23T13:32:40.900Z</time></trkpt>
<trkpt lat="54.393347" lon="18.797647"><time>2026-05-23T13:32:42.900Z</time></trkpt>
<trkpt lat="54.393395" lon="18.797640"><time>2026-05-23T13:32:44.900Z</time></trkpt>
<trkpt lat="54.393445" lon="18.797630"><time>2026-05-23T13:32:46.900Z</time></trkpt>
<trkpt lat="54.393490" lon="18.797626"><time>2026-05-23T13:32:48.900Z</time></trkpt>
<trkpt lat="54.393538" lon="18.797618"><time>2026-05-23T13:32:50.900Z</time></trkpt>
<trkpt lat="54.393585" lon="18.797605"><time>2026-05-23T13:32:52.900Z</time></trkpt>
<trkpt lat="54.393631" lon="18.797595"><time>2026-05-23T13:32:55.000Z</time></trkpt>
<trkpt lat="54.393657" lon="18.797586"><time>2026-05-23T13:32:56.000Z</time></trkpt>
<trkpt lat="54.393711" lon="18.797584"><time>2026-05-23T13:32:58.000Z</time></trkpt>
<trkpt lat="54.393763" lon="18.797570"><time>2026-05-23T13:33:00.000Z</time></trkpt>
<trkpt lat="54.393813" lon="18.797562"><time>2026-05-23T13:33:02.000Z</time></trkpt>
<trkpt lat="54.393864" lon="18.797557"><time>2026-05-23T13:33:04.000Z</time></trkpt>
<trkpt lat="54.393915" lon="18.797556"><time>2026-05-23T13:33:06.000Z</time></trkpt>
<trkpt lat="54.393968" lon="18.797555"><time>2026-05-23T13:33:08.000Z</time></trkpt>
<trkpt lat="54.394019" lon="18.797556"><time>2026-05-23T13:33:10.000Z</time></trkpt>
<trkpt lat="54.394070" lon="18.797560"><time>2026-05-23T13:33:12.000Z</time></trkpt>
<trkpt lat="54.394124" lon="18.797558"><time>2026-05-23T13:33:14.000Z</time></trkpt>
<trkpt lat="54.394202" lon="18.797555"><time>2026-05-23T13:33:16.900Z</time></trkpt>
<trkpt lat="54.394253" lon="18.797555"><time>2026-05-23T13:33:18.900Z</time></trkpt>
<trkpt lat="54.394301" lon="18.797558"><time>2026-05-23T13:33:20.900Z</time></trkpt>
<trkpt lat="54.394350" lon="18.797562"><time>2026-05-23T13:33:22.900Z</time></trkpt>
<trkpt lat="54.394399" lon="18.797563"><time>2026-05-23T13:33:24.900Z</time></trkpt>
<trkpt lat="54.394447" lon="18.797567"><time>2026-05-23T13:33:26.900Z</time></trkpt>
<trkpt lat="54.394493" lon="18.797574"><time>2026-05-23T13:33:28.900Z</time></trkpt>
<trkpt lat="54.394542" lon="18.797577"><time>2026-05-23T13:33:30.900Z</time></trkpt>
<trkpt lat="54.394597" lon="18.797573"><time>2026-05-23T13:33:32.900Z</time></trkpt>
<trkpt lat="54.394643" lon="18.797581"><time>2026-05-23T13:33:34.900Z</time></trkpt>
<trkpt lat="54.394692" lon="18.797583"><time>2026-05-23T13:33:36.900Z</time></trkpt>
<trkpt lat="54.394742" lon="18.797583"><time>2026-05-23T13:33:38.900Z</time></trkpt>
<trkpt lat="54.394792" lon="18.797586"><time>2026-05-23T13:33:40.900Z</time></trkpt>
<trkpt lat="54.394854" lon="18.797608"><time>2026-05-23T13:33:42.900Z</time></trkpt>
<trkpt lat="54.394904" lon="18.797615"><time>2026-05-23T13:33:44.900Z</time></trkpt>
<trkpt lat="54.394948" lon="18.797609"><time>2026-05-23T13:33:46.900Z</time></trkpt>
<trkpt lat="54.394990" lon="18.797595"><time>2026-05-23T13:33:48.900Z</time></trkpt>
<trkpt lat="54.395036" lon="18.797577"><time>2026-05-23T13:33:50.900Z</time></trkpt>
<trkpt lat="54.395086" lon="18.797557"><time>2026-05-23T13:33:52.900Z</time></trkpt>
<trkpt lat="54.395134" lon="18.797535"><time>2026-05-23T13:33:54.900Z</time></trkpt>
<trkpt lat="54.395186" lon="18.797524"><time>2026-05-23T13:33:56.900Z</time></trkpt>
<trkpt lat="54.395236" lon="18.797517"><time>2026-05-23T13:33:58.900Z</time></trkpt>
<trkpt lat="54.395286" lon="18.797506"><time>2026-05-23T13:34:00.900Z</time></trkpt>
<trkpt lat="54.395337" lon="18.797488"><time>2026-05-23T13:34:02.900Z</time></trkpt>
<trkpt lat="54.395390" lon="18.797472"><time>2026-05-23T13:34:04.900Z</time></trkpt>
<trkpt lat="54.395445" lon="18.797459"><time>2026-05-23T13:34:06.900Z</time></trkpt>
<trkpt lat="54.395493" lon="18.797455"><time>2026-05-23T13:34:08.900Z</time></trkpt>
<trkpt lat="54.395547" lon="18.797445"><time>2026-05-23T13:34:10.900Z</time></trkpt>
<trkpt lat="54.395600" lon="18.797427"><time>2026-05-23T13:34:12.900Z</time></trkpt>
<trkpt lat="54.395652" lon="18.797413"><time>2026-05-23T13:34:14.900Z</time></trkpt>
<trkpt lat="54.395706" lon="18.797418"><time>2026-05-23T13:34:16.900Z</time></trkpt>
<trkpt lat="54.395751" lon="18.797414"><time>2026-05-23T13:34:18.900Z</time></trkpt>
<trkpt lat="54.395802" lon="18.797411"><time>2026-05-23T13:34:20.900Z</time></trkpt>
<trkpt lat="54.395847" lon="18.797413"><time>2026-05-23T13:34:22.900Z</time></trkpt>
<trkpt lat="54.395896" lon="18.797419"><time>2026-05-23T13:34:24.900Z</time></trkpt>
<trkpt lat="54.395947" lon="18.797429"><time>2026-05-23T13:34:26.900Z</time></trkpt>
<trkpt lat="54.395990" lon="18.797435"><time>2026-05-23T13:34:28.900Z</time></trkpt>
<trkpt lat="54.396039" lon="18.797425"><time>2026-05-23T13:34:30.900Z</time></trkpt>
<trkpt lat="54.396092" lon="18.797412"><time>2026-05-23T13:34:32.900Z</time></trkpt>
<trkpt lat="54.396145" lon="18.797410"><time>2026-05-23T13:34:34.900Z</time></trkpt>
<trkpt lat="54.396194" lon="18.797414"><time>2026-05-23T13:34:36.900Z</time></trkpt>
<trkpt lat="54.396242" lon="18.797415"><time>2026-05-23T13:34:38.900Z</time></trkpt>
<trkpt lat="54.396292" lon="18.797408"><time>2026-05-23T13:34:40.900Z</time></trkpt>
<trkpt lat="54.396335" lon="18.797411"><time>2026-05-23T13:34:42.900Z</time></trkpt>
<trkpt lat="54.396383" lon="18.797412"><time>2026-05-23T13:34:44.900Z</time></trkpt>
<trkpt lat="54.396432" lon="18.797416"><time>2026-05-23T13:34:46.900Z</time></trkpt>
<trkpt lat="54.396481" lon="18.797421"><time>2026-05-23T13:34:48.900Z</time></trkpt>
<trkpt lat="54.396528" lon="18.797431"><time>2026-05-23T13:34:50.900Z</time></trkpt>
<trkpt lat="54.396579" lon="18.797436"><time>2026-05-23T13:34:52.900Z</time></trkpt>
<trkpt lat="54.396625" lon="18.797424"><time>2026-05-23T13:34:54.900Z</time></trkpt>
<trkpt lat="54.396678" lon="18.797412"><time>2026-05-23T13:34:56.900Z</time></trkpt>
<trkpt lat="54.396724" lon="18.797399"><time>2026-05-23T13:34:58.900Z</time></trkpt>
<trkpt lat="54.396746" lon="18.797390"><time>2026-05-23T13:35:00.000Z</time></trkpt>
<trkpt lat="54.396792" lon="18.797377"><time>2026-05-23T13:35:02.000Z</time></trkpt>
<trkpt lat="54.396829" lon="18.797411"><time>2026-05-23T13:35:04.000Z</time></trkpt>
<trkpt lat="54.396842" lon="18.797458"><time>2026-05-23T13:35:06.000Z</time></trkpt>
<trkpt lat="54.396843" lon="18.797498"><time>2026-05-23T13:35:08.000Z</time></trkpt>
<trkpt lat="54.396830" lon="18.797527"><time>2026-05-23T13:35:10.000Z</time></trkpt>
<trkpt lat="54.396811" lon="18.797566"><time>2026-05-23T13:35:12.000Z</time></trkpt>
<trkpt lat="54.396790" lon="18.797611"><time>2026-05-23T13:35:14.000Z</time></trkpt>
<trkpt lat="54.396771" lon="18.797647"><time>2026-05-23T13:35:16.000Z</time></trkpt>
<trkpt lat="54.396747" lon="18.797691"><time>2026-05-23T13:35:18.000Z</time></trkpt>
<trkpt lat="54.396721" lon="18.797745"><time>2026-05-23T13:35:20.000Z</time></trkpt>
<trkpt lat="54.396691" lon="18.797801"><time>2026-05-23T13:35:22.000Z</time></trkpt>
<trkpt lat="54.396651" lon="18.797896"><time>2026-05-23T13:35:24.900Z</time></trkpt>
<trkpt lat="54.396632" lon="18.797968"><time>2026-05-23T13:35:26.900Z</time></trkpt>
<trkpt lat="54.396609" lon="18.798037"><time>2026-05-23T13:35:28.900Z</time></trkpt>
<trkpt lat="54.396590" lon="18.798108"><time>2026-05-23T13:35:30.900Z</time></trkpt>
<trkpt lat="54.396571" lon="18.798177"><time>2026-05-23T13:35:32.900Z</time></trkpt>
<trkpt lat="54.396556" lon="18.798245"><time>2026-05-23T13:35:34.900Z</time></trkpt>
<trkpt lat="54.396544" lon="18.798317"><time>2026-05-23T13:35:36.900Z</time></trkpt>
<trkpt lat="54.396519" lon="18.798387"><time>2026-05-23T13:35:38.900Z</time></trkpt>
<trkpt lat="54.396492" lon="18.798437"><time>2026-05-23T13:35:40.900Z</time></trkpt>
<trkpt lat="54.396466" lon="18.798500"><time>2026-05-23T13:35:42.900Z</time></trkpt>
<trkpt lat="54.396444" lon="18.798565"><time>2026-05-23T13:35:44.900Z</time></trkpt>
<trkpt lat="54.396423" lon="18.798635"><time>2026-05-23T13:35:46.900Z</time></trkpt>
<trkpt lat="54.396398" lon="18.798704"><time>2026-05-23T13:35:48.900Z</time></trkpt>
<trkpt lat="54.396372" lon="18.798779"><time>2026-05-23T13:35:50.900Z</time></trkpt>
<trkpt lat="54.396342" lon="18.798859"><time>2026-05-23T13:35:52.900Z</time></trkpt>
<trkpt lat="54.396322" lon="18.798940"><time>2026-05-23T13:35:54.900Z</time></trkpt>
<trkpt lat="54.396302" lon="18.799018"><time>2026-05-23T13:35:56.900Z</time></trkpt>
<trkpt lat="54.396275" lon="18.799096"><time>2026-05-23T13:35:58.900Z</time></trkpt>
<trkpt lat="54.396256" lon="18.799172"><time>2026-05-23T13:36:00.900Z</time></trkpt>
<trkpt lat="54.396233" lon="18.799256"><time>2026-05-23T13:36:02.900Z</time></trkpt>
<trkpt lat="54.396211" lon="18.799339"><time>2026-05-23T13:36:04.900Z</time></trkpt>
<trkpt lat="54.396194" lon="18.799420"><time>2026-05-23T13:36:06.900Z</time></trkpt>
<trkpt lat="54.396174" lon="18.799497"><time>2026-05-23T13:36:08.900Z</time></trkpt>
<trkpt lat="54.396153" lon="18.799571"><time>2026-05-23T13:36:10.900Z</time></trkpt>
<trkpt lat="54.396128" lon="18.799652"><time>2026-05-23T13:36:12.900Z</time></trkpt>
<trkpt lat="54.396104" lon="18.799727"><time>2026-05-23T13:36:14.900Z</time></trkpt>
<trkpt lat="54.396077" lon="18.799796"><time>2026-05-23T13:36:16.900Z</time></trkpt>
<trkpt lat="54.396051" lon="18.799865"><time>2026-05-23T13:36:18.900Z</time></trkpt>
<trkpt lat="54.396022" lon="18.799934"><time>2026-05-23T13:36:20.900Z</time></trkpt>
<trkpt lat="54.395997" lon="18.800011"><time>2026-05-23T13:36:22.900Z</time></trkpt>
<trkpt lat="54.395971" lon="18.800089"><time>2026-05-23T13:36:24.900Z</time></trkpt>
<trkpt lat="54.395947" lon="18.800162"><time>2026-05-23T13:36:26.900Z</time></trkpt>
<trkpt lat="54.395920" lon="18.800243"><time>2026-05-23T13:36:28.900Z</time></trkpt>
<trkpt lat="54.395894" lon="18.800311"><time>2026-05-23T13:36:30.900Z</time></trkpt>
<trkpt lat="54.395868" lon="18.800387"><time>2026-05-23T13:36:32.900Z</time></trkpt>
<trkpt lat="54.395844" lon="18.800473"><time>2026-05-23T13:36:34.900Z</time></trkpt>
<trkpt lat="54.395823" lon="18.800544"><time>2026-05-23T13:36:36.900Z</time></trkpt>
<trkpt lat="54.395804" lon="18.800621"><time>2026-05-23T13:36:38.900Z</time></trkpt>
<trkpt lat="54.395784" lon="18.800702"><time>2026-05-23T13:36:40.900Z</time></trkpt>
<trkpt lat="54.395761" lon="18.800786"><time>2026-05-23T13:36:42.900Z</time></trkpt>
<trkpt lat="54.395744" lon="18.800841"><time>2026-05-23T13:36:44.900Z</time></trkpt>
<trkpt lat="54.395727" lon="18.800894"><time>2026-05-23T13:36:46.900Z</time></trkpt>
<trkpt lat="54.395716" lon="18.800935"><time>2026-05-23T13:36:48.900Z</time></trkpt>
<trkpt lat="54.395711" lon="18.800997"><time>2026-05-23T13:36:50.900Z</time></trkpt>
<trkpt lat="54.395699" lon="18.801066"><time>2026-05-23T13:36:52.900Z</time></trkpt>
<trkpt lat="54.395680" lon="18.801138"><time>2026-05-23T13:36:54.900Z</time></trkpt>
<trkpt lat="54.395659" lon="18.801212"><time>2026-05-23T13:36:56.900Z</time></trkpt>
<trkpt lat="54.395636" lon="18.801288"><time>2026-05-23T13:36:58.900Z</time></trkpt>
<trkpt lat="54.395615" lon="18.801359"><time>2026-05-23T13:37:00.900Z</time></trkpt>
<trkpt lat="54.395603" lon="18.801421"><time>2026-05-23T13:37:02.900Z</time></trkpt>
<trkpt lat="54.395584" lon="18.801496"><time>2026-05-23T13:37:04.900Z</time></trkpt>
<trkpt lat="54.395578" lon="18.801531"><time>2026-05-23T13:37:06.000Z</time></trkpt>
<trkpt lat="54.395555" lon="18.801606"><time>2026-05-23T13:37:08.000Z</time></trkpt>
<trkpt lat="54.395544" lon="18.801646"><time>2026-05-23T13:37:10.000Z</time></trkpt>
<trkpt lat="54.395533" lon="18.801706"><time>2026-05-23T13:37:12.000Z</time></trkpt>
<trkpt lat="54.395519" lon="18.801771"><time>2026-05-23T13:37:14.000Z</time></trkpt>
<trkpt lat="54.395496" lon="18.801839"><time>2026-05-23T13:37:16.000Z</time></trkpt>
<trkpt lat="54.395465" lon="18.801919"><time>2026-05-23T13:37:18.000Z</time></trkpt>
<trkpt lat="54.395437" lon="18.801983"><time>2026-05-23T13:37:20.000Z</time></trkpt>
<trkpt lat="54.395407" lon="18.802055"><time>2026-05-23T13:37:22.000Z</time></trkpt>
<trkpt lat="54.395380" lon="18.802129"><time>2026-05-23T13:37:24.000Z</time></trkpt>
<trkpt lat="54.395353" lon="18.802206"><time>2026-05-23T13:37:26.000Z</time></trkpt>
<trkpt lat="54.395333" lon="18.802288"><time>2026-05-23T13:37:28.000Z</time></trkpt>
<trkpt lat="54.395317" lon="18.802366"><time>2026-05-23T13:37:30.000Z</time></trkpt>
<trkpt lat="54.395301" lon="18.802440"><time>2026-05-23T13:37:32.000Z</time></trkpt>
<trkpt lat="54.395270" lon="18.802533"><time>2026-05-23T13:37:34.900Z</time></trkpt>
<trkpt lat="54.395241" lon="18.802586"><time>2026-05-23T13:37:36.900Z</time></trkpt>
<trkpt lat="54.395213" lon="18.802660"><time>2026-05-23T13:37:38.900Z</time></trkpt>
<trkpt lat="54.395189" lon="18.802736"><time>2026-05-23T13:37:40.900Z</time></trkpt>
<trkpt lat="54.395161" lon="18.802821"><time>2026-05-23T13:37:42.900Z</time></trkpt>
<trkpt lat="54.395136" lon="18.802904"><time>2026-05-23T13:37:44.900Z</time></trkpt>
<trkpt lat="54.395114" lon="18.802974"><time>2026-05-23T13:37:46.900Z</time></trkpt>
<trkpt lat="54.395092" lon="18.803044"><time>2026-05-23T13:37:48.900Z</time></trkpt>
<trkpt lat="54.395074" lon="18.803117"><time>2026-05-23T13:37:50.900Z</time></trkpt>
<trkpt lat="54.395052" lon="18.803183"><time>2026-05-23T13:37:52.900Z</time></trkpt>
<trkpt lat="54.395030" lon="18.803266"><time>2026-05-23T13:37:54.900Z</time></trkpt>
<trkpt lat="54.395011" lon="18.803339"><time>2026-05-23T13:37:56.900Z</time></trkpt>
<trkpt lat="54.394989" lon="18.803409"><time>2026-05-23T13:37:58.900Z</time></trkpt>
<trkpt lat="54.394968" lon="18.803475"><time>2026-05-23T13:38:00.900Z</time></trkpt>
<trkpt lat="54.394950" lon="18.803549"><time>2026-05-23T13:38:02.900Z</time></trkpt>
<trkpt lat="54.394930" lon="18.803624"><time>2026-05-23T13:38:04.900Z</time></trkpt>
<trkpt lat="54.394909" lon="18.803694"><time>2026-05-23T13:38:06.900Z</time></trkpt>
<trkpt lat="54.394884" lon="18.803774"><time>2026-05-23T13:38:08.900Z</time></trkpt>
<trkpt lat="54.394868" lon="18.803850"><time>2026-05-23T13:38:10.900Z</time></trkpt>
<trkpt lat="54.394856" lon="18.803921"><time>2026-05-23T13:38:12.900Z</time></trkpt>
<trkpt lat="54.394842" lon="18.803985"><time>2026-05-23T13:38:14.900Z</time></trkpt>
<trkpt lat="54.394824" lon="18.804047"><time>2026-05-23T13:38:16.900Z</time></trkpt>
<trkpt lat="54.394805" lon="18.804096"><time>2026-05-23T13:38:18.900Z</time></trkpt>
<trkpt lat="54.394784" lon="18.804158"><time>2026-05-23T13:38:20.900Z</time></trkpt>
<trkpt lat="54.394763" lon="18.804211"><time>2026-05-23T13:38:22.900Z</time></trkpt>
<trkpt lat="54.394741" lon="18.804273"><time>2026-05-23T13:38:24.900Z</time></trkpt>
<trkpt lat="54.394720" lon="18.804331"><time>2026-05-23T13:38:26.900Z</time></trkpt>
<trkpt lat="54.394689" lon="18.804402"><time>2026-05-23T13:38:28.900Z</time></trkpt>
<trkpt lat="54.394663" lon="18.804481"><time>2026-05-23T13:38:30.900Z</time></trkpt>
<trkpt lat="54.394647" lon="18.804556"><time>2026-05-23T13:38:32.900Z</time></trkpt>
<trkpt lat="54.394630" lon="18.804623"><time>2026-05-23T13:38:34.900Z</time></trkpt>
<trkpt lat="54.394612" lon="18.804692"><time>2026-05-23T13:38:36.900Z</time></trkpt>
<trkpt lat="54.394591" lon="18.804755"><time>2026-05-23T13:38:38.900Z</time></trkpt>
<trkpt lat="54.394580" lon="18.804824"><time>2026-05-23T13:38:40.900Z</time></trkpt>
<trkpt lat="54.394565" lon="18.804894"><time>2026-05-23T13:38:42.900Z</time></trkpt>
<trkpt lat="54.394547" lon="18.804961"><time>2026-05-23T13:38:44.900Z</time></trkpt>
<trkpt lat="54.394529" lon="18.805028"><time>2026-05-23T13:38:46.900Z</time></trkpt>
<trkpt lat="54.394504" lon="18.805095"><time>2026-05-23T13:38:48.900Z</time></trkpt>
<trkpt lat="54.394478" lon="18.805161"><time>2026-05-23T13:38:50.900Z</time></trkpt>
<trkpt lat="54.394453" lon="18.805225"><time>2026-05-23T13:38:52.900Z</time></trkpt>
<trkpt lat="54.394429" lon="18.805291"><time>2026-05-23T13:38:54.900Z</time></trkpt>
<trkpt lat="54.394406" lon="18.805357"><time>2026-05-23T13:38:56.900Z</time></trkpt>
<trkpt lat="54.394386" lon="18.805422"><time>2026-05-23T13:38:58.900Z</time></trkpt>
<trkpt lat="54.394365" lon="18.805487"><time>2026-05-23T13:39:00.900Z</time></trkpt>
<trkpt lat="54.394341" lon="18.805553"><time>2026-05-23T13:39:02.900Z</time></trkpt>
<trkpt lat="54.394318" lon="18.805623"><time>2026-05-23T13:39:04.900Z</time></trkpt>
<trkpt lat="54.394295" lon="18.805692"><time>2026-05-23T13:39:06.900Z</time></trkpt>
<trkpt lat="54.394274" lon="18.805765"><time>2026-05-23T13:39:08.900Z</time></trkpt>
<trkpt lat="54.394254" lon="18.805836"><time>2026-05-23T13:39:10.900Z</time></trkpt>
<trkpt lat="54.394243" lon="18.805873"><time>2026-05-23T13:39:12.000Z</time></trkpt>
<trkpt lat="54.394220" lon="18.805946"><time>2026-05-23T13:39:14.000Z</time></trkpt>
<trkpt lat="54.394195" lon="18.806011"><time>2026-05-23T13:39:16.000Z</time></trkpt>
<trkpt lat="54.394168" lon="18.806076"><time>2026-05-23T13:39:18.000Z</time></trkpt>
<trkpt lat="54.394139" lon="18.806143"><time>2026-05-23T13:39:20.000Z</time></trkpt>
<trkpt lat="54.394112" lon="18.806224"><time>2026-05-23T13:39:22.000Z</time></trkpt>
<trkpt lat="54.394091" lon="18.806298"><time>2026-05-23T13:39:24.000Z</time></trkpt>
<trkpt lat="54.394068" lon="18.806372"><time>2026-05-23T13:39:26.000Z</time></trkpt>
<trkpt lat="54.394048" lon="18.806437"><time>2026-05-23T13:39:28.000Z</time></trkpt>
<trkpt lat="54.394028" lon="18.806505"><time>2026-05-23T13:39:30.000Z</time></trkpt>
<trkpt lat="54.394007" lon="18.806569"><time>2026-05-23T13:39:32.000Z</time></trkpt>
<trkpt lat="54.393988" lon="18.806633"><time>2026-05-23T13:39:34.000Z</time></trkpt>
<trkpt lat="54.393974" lon="18.806695"><time>2026-05-23T13:39:36.000Z</time></trkpt>
<trkpt lat="54.393958" lon="18.806761"><time>2026-05-23T13:39:38.000Z</time></trkpt>
<trkpt lat="54.393932" lon="18.806859"><time>2026-05-23T13:39:40.900Z</time></trkpt>
<trkpt lat="54.393918" lon="18.806916"><time>2026-05-23T13:39:42.900Z</time></trkpt>
<trkpt lat="54.393900" lon="18.806971"><time>2026-05-23T13:39:44.900Z</time></trkpt>
<trkpt lat="54.393881" lon="18.807036"><time>2026-05-23T13:39:46.900Z</time></trkpt>
<trkpt lat="54.393862" lon="18.807125"><time>2026-05-23T13:39:48.900Z</time></trkpt>
<trkpt lat="54.393847" lon="18.807191"><time>2026-05-23T13:39:50.900Z</time></trkpt>
<trkpt lat="54.393834" lon="18.807256"><time>2026-05-23T13:39:52.900Z</time></trkpt>
<trkpt lat="54.393817" lon="18.807317"><time>2026-05-23T13:39:54.900Z</time></trkpt>
<trkpt lat="54.393799" lon="18.807379"><time>2026-05-23T13:39:56.900Z</time></trkpt>
<trkpt lat="54.393779" lon="18.807447"><time>2026-05-23T13:39:58.900Z</time></trkpt>
<trkpt lat="54.393757" lon="18.807514"><time>2026-05-23T13:40:00.900Z</time></trkpt>
<trkpt lat="54.393734" lon="18.807578"><time>2026-05-23T13:40:02.900Z</time></trkpt>
<trkpt lat="54.393715" lon="18.807632"><time>2026-05-23T13:40:04.900Z</time></trkpt>
<trkpt lat="54.393695" lon="18.807688"><time>2026-05-23T13:40:06.900Z</time></trkpt>
<trkpt lat="54.393673" lon="18.807752"><time>2026-05-23T13:40:08.900Z</time></trkpt>
<trkpt lat="54.393655" lon="18.807816"><time>2026-05-23T13:40:10.900Z</time></trkpt>
<trkpt lat="54.393630" lon="18.807874"><time>2026-05-23T13:40:12.900Z</time></trkpt>
<trkpt lat="54.393608" lon="18.807935"><time>2026-05-23T13:40:14.900Z</time></trkpt>
<trkpt lat="54.393583" lon="18.808005"><time>2026-05-23T13:40:16.900Z</time></trkpt>
<trkpt lat="54.393559" lon="18.808074"><time>2026-05-23T13:40:18.900Z</time></trkpt>
<trkpt lat="54.393536" lon="18.808136"><time>2026-05-23T13:40:20.900Z</time></trkpt>
<trkpt lat="54.393512" lon="18.808204"><time>2026-05-23T13:40:22.900Z</time></trkpt>
<trkpt lat="54.393498" lon="18.808270"><time>2026-05-23T13:40:24.900Z</time></trkpt>
<trkpt lat="54.393477" lon="18.808331"><time>2026-05-23T13:40:26.900Z</time></trkpt>
<trkpt lat="54.393457" lon="18.808398"><time>2026-05-23T13:40:28.900Z</time></trkpt>
<trkpt lat="54.393442" lon="18.808463"><time>2026-05-23T13:40:30.900Z</time></trkpt>
<trkpt lat="54.393423" lon="18.808529"><time>2026-05-23T13:40:32.900Z</time></trkpt>
<trkpt lat="54.393409" lon="18.808599"><time>2026-05-23T13:40:34.900Z</time></trkpt>
<trkpt lat="54.393394" lon="18.808665"><time>2026-05-23T13:40:36.900Z</time></trkpt>
<trkpt lat="54.393374" lon="18.808729"><time>2026-05-23T13:40:38.900Z</time></trkpt>
<trkpt lat="54.393352" lon="18.808797"><time>2026-05-23T13:40:40.900Z</time></trkpt>
<trkpt lat="54.393335" lon="18.808859"><time>2026-05-23T13:40:42.900Z</time></trkpt>
<trkpt lat="54.393324" lon="18.808913"><time>2026-05-23T13:40:44.900Z</time></trkpt>
<trkpt lat="54.393310" lon="18.808980"><time>2026-05-23T13:40:46.900Z</time></trkpt>
<trkpt lat="54.393290" lon="18.809042"><time>2026-05-23T13:40:48.900Z</time></trkpt>
<trkpt lat="54.393266" lon="18.809104"><time>2026-05-23T13:40:50.900Z</time></trkpt>
<trkpt lat="54.393246" lon="18.809163"><time>2026-05-23T13:40:52.900Z</time></trkpt>
<trkpt lat="54.393229" lon="18.809235"><time>2026-05-23T13:40:54.900Z</time></trkpt>
<trkpt lat="54.393211" lon="18.809295"><time>2026-05-23T13:40:56.900Z</time></trkpt>
<trkpt lat="54.393189" lon="18.809362"><time>2026-05-23T13:40:58.900Z</time></trkpt>
<trkpt lat="54.393166" lon="18.809426"><time>2026-05-23T13:41:00.900Z</time></trkpt>
<trkpt lat="54.393146" lon="18.809491"><time>2026-05-23T13:41:02.900Z</time></trkpt>
<trkpt lat="54.393128" lon="18.809559"><time>2026-05-23T13:41:04.900Z</time></trkpt>
<trkpt lat="54.393104" lon="18.809628"><time>2026-05-23T13:41:06.900Z</time></trkpt>
<trkpt lat="54.393080" lon="18.809696"><time>2026-05-23T13:41:08.900Z</time></trkpt>
<trkpt lat="54.393062" lon="18.809764"><time>2026-05-23T13:41:10.900Z</time></trkpt>
<trkpt lat="54.393043" lon="18.809832"><time>2026-05-23T13:41:12.900Z</time></trkpt>
<trkpt lat="54.393028" lon="18.809900"><time>2026-05-23T13:41:14.900Z</time></trkpt>
<trkpt lat="54.393018" lon="18.809967"><time>2026-05-23T13:41:16.900Z</time></trkpt>
<trkpt lat="54.393014" lon="18.809999"><time>2026-05-23T13:41:18.000Z</time></trkpt>
<trkpt lat="54.393003" lon="18.810065"><time>2026-05-23T13:41:20.000Z</time></trkpt>
<trkpt lat="54.392992" lon="18.810127"><time>2026-05-23T13:41:22.000Z</time></trkpt>
<trkpt lat="54.392981" lon="18.810189"><time>2026-05-23T13:41:24.000Z</time></trkpt>
<trkpt lat="54.392972" lon="18.810248"><time>2026-05-23T13:41:26.000Z</time></trkpt>
<trkpt lat="54.392961" lon="18.810308"><time>2026-05-23T13:41:28.000Z</time></trkpt>
<trkpt lat="54.392946" lon="18.810369"><time>2026-05-23T13:41:30.000Z</time></trkpt>
<trkpt lat="54.392927" lon="18.810424"><time>2026-05-23T13:41:32.000Z</time></trkpt>
<trkpt lat="54.392909" lon="18.810478"><time>2026-05-23T13:41:34.000Z</time></trkpt>
<trkpt lat="54.392894" lon="18.810541"><time>2026-05-23T13:41:36.000Z</time></trkpt>
<trkpt lat="54.392875" lon="18.810601"><time>2026-05-23T13:41:38.000Z</time></trkpt>
<trkpt lat="54.392844" lon="18.810688"><time>2026-05-23T13:41:40.900Z</time></trkpt>
<trkpt lat="54.392823" lon="18.810756"><time>2026-05-23T13:41:42.900Z</time></trkpt>
<trkpt lat="54.392801" lon="18.810825"><time>2026-05-23T13:41:44.900Z</time></trkpt>
<trkpt lat="54.392781" lon="18.810888"><time>2026-05-23T13:41:46.900Z</time></trkpt>
<trkpt lat="54.392761" lon="18.810962"><time>2026-05-23T13:41:48.900Z</time></trkpt>
<trkpt lat="54.392743" lon="18.811034"><time>2026-05-23T13:41:50.900Z</time></trkpt>
<trkpt lat="54.392726" lon="18.811102"><time>2026-05-23T13:41:52.900Z</time></trkpt>
<trkpt lat="54.392706" lon="18.811176"><time>2026-05-23T13:41:54.900Z</time></trkpt>
<trkpt lat="54.392688" lon="18.811239"><time>2026-05-23T13:41:56.900Z</time></trkpt>
<trkpt lat="54.392668" lon="18.811298"><time>2026-05-23T13:41:58.900Z</time></trkpt>
<trkpt lat="54.392646" lon="18.811366"><time>2026-05-23T13:42:00.900Z</time></trkpt>
<trkpt lat="54.392624" lon="18.811435"><time>2026-05-23T13:42:02.900Z</time></trkpt>
<trkpt lat="54.392604" lon="18.811500"><time>2026-05-23T13:42:04.900Z</time></trkpt>
<trkpt lat="54.392577" lon="18.811573"><time>2026-05-23T13:42:06.900Z</time></trkpt>
<trkpt lat="54.392552" lon="18.811652"><time>2026-05-23T13:42:08.900Z</time></trkpt>
<trkpt lat="54.392525" lon="18.811726"><time>2026-05-23T13:42:10.900Z</time></trkpt>
<trkpt lat="54.392499" lon="18.811800"><time>2026-05-23T13:42:12.900Z</time></trkpt>
<trkpt lat="54.392472" lon="18.811878"><time>2026-05-23T13:42:14.900Z</time></trkpt>
<trkpt lat="54.392451" lon="18.811935"><time>2026-05-23T13:42:16.900Z</time></trkpt>
<trkpt lat="54.392426" lon="18.812008"><time>2026-05-23T13:42:18.900Z</time></trkpt>
<trkpt lat="54.392402" lon="18.812077"><time>2026-05-23T13:42:20.900Z</time></trkpt>
<trkpt lat="54.392385" lon="18.812120"><time>2026-05-23T13:42:22.900Z</time></trkpt>
<trkpt lat="54.392356" lon="18.812198"><time>2026-05-23T13:42:24.900Z</time></trkpt>
<trkpt lat="54.392327" lon="18.812277"><time>2026-05-23T13:42:26.900Z</time></trkpt>
<trkpt lat="54.392293" lon="18.812368"><time>2026-05-23T13:42:28.900Z</time></trkpt>
<trkpt lat="54.392261" lon="18.812451"><time>2026-05-23T13:42:30.900Z</time></trkpt>
<trkpt lat="54.392231" lon="18.812494"><time>2026-05-23T13:42:32.900Z</time></trkpt>
<trkpt lat="54.392201" lon="18.812549"><time>2026-05-23T13:42:34.900Z</time></trkpt>
<trkpt lat="54.392167" lon="18.812627"><time>2026-05-23T13:42:36.900Z</time></trkpt>
<trkpt lat="54.392140" lon="18.812697"><time>2026-05-23T13:42:38.900Z</time></trkpt>
<trkpt lat="54.392121" lon="18.812748"><time>2026-05-23T13:42:40.900Z</time></trkpt>
<trkpt lat="54.392089" lon="18.812824"><time>2026-05-23T13:42:42.900Z</time></trkpt>
<trkpt lat="54.392055" lon="18.812890"><time>2026-05-23T13:42:44.900Z</time></trkpt>
<trkpt lat="54.392021" lon="18.812956"><time>2026-05-23T13:42:46.900Z</time></trkpt>
<trkpt lat="54.391983" lon="18.813028"><time>2026-05-23T13:42:48.900Z</time></trkpt>
<trkpt lat="54.391944" lon="18.813098"><time>2026-05-23T13:42:50.900Z</time></trkpt>
<trkpt lat="54.391903" lon="18.813170"><time>2026-05-23T13:42:52.900Z</time></trkpt>
<trkpt lat="54.391859" lon="18.813232"><time>2026-05-23T13:42:54.900Z</time></trkpt>
<trkpt lat="54.391822" lon="18.813293"><time>2026-05-23T13:42:56.900Z</time></trkpt>
<trkpt lat="54.391784" lon="18.813351"><time>2026-05-23T13:42:58.900Z</time></trkpt>
<trkpt lat="54.391753" lon="18.813413"><time>2026-05-23T13:43:00.900Z</time></trkpt>
<trkpt lat="54.391719" lon="18.813472"><time>2026-05-23T13:43:02.900Z</time></trkpt>
<trkpt lat="54.391682" lon="18.813541"><time>2026-05-23T13:43:04.900Z</time></trkpt>
<trkpt lat="54.391645" lon="18.813608"><time>2026-05-23T13:43:06.900Z</time></trkpt>
<trkpt lat="54.391610" lon="18.813663"><time>2026-05-23T13:43:08.900Z</time></trkpt>
<trkpt lat="54.391572" lon="18.813728"><time>2026-05-23T13:43:10.900Z</time></trkpt>
<trkpt lat="54.391539" lon="18.813799"><time>2026-05-23T13:43:12.900Z</time></trkpt>
<trkpt lat="54.391507" lon="18.813869"><time>2026-05-23T13:43:14.900Z</time></trkpt>
<trkpt lat="54.391472" lon="18.813945"><time>2026-05-23T13:43:16.900Z</time></trkpt>
<trkpt lat="54.391434" lon="18.814022"><time>2026-05-23T13:43:18.900Z</time></trkpt>
<trkpt lat="54.391398" lon="18.814083"><time>2026-05-23T13:43:20.900Z</time></trkpt>
<trkpt lat="54.391356" lon="18.814142"><time>2026-05-23T13:43:22.900Z</time></trkpt>
<trkpt lat="54.391334" lon="18.814169"><time>2026-05-23T13:43:24.000Z</time></trkpt>
<trkpt lat="54.391289" lon="18.814223"><time>2026-05-23T13:43:26.000Z</time></trkpt>
<trkpt lat="54.391246" lon="18.814284"><time>2026-05-23T13:43:28.000Z</time></trkpt>
<trkpt lat="54.391203" lon="18.814339"><time>2026-05-23T13:43:30.000Z</time></trkpt>
<trkpt lat="54.391160" lon="18.814399"><time>2026-05-23T13:43:32.000Z</time></trkpt>
<trkpt lat="54.391111" lon="18.814455"><time>2026-05-23T13:43:34.000Z</time></trkpt>
<trkpt lat="54.391068" lon="18.814497"><time>2026-05-23T13:43:36.000Z</time></trkpt>
<trkpt lat="54.391025" lon="18.814543"><time>2026-05-23T13:43:38.000Z</time></trkpt>
<trkpt lat="54.390985" lon="18.814594"><time>2026-05-23T13:43:40.000Z</time></trkpt>
<trkpt lat="54.390940" lon="18.814645"><time>2026-05-23T13:43:42.000Z</time></trkpt>
<trkpt lat="54.390880" lon="18.814727"><time>2026-05-23T13:43:44.900Z</time></trkpt>
<trkpt lat="54.390840" lon="18.814780"><time>2026-05-23T13:43:46.900Z</time></trkpt>
<trkpt lat="54.390805" lon="18.814841"><time>2026-05-23T13:43:48.900Z</time></trkpt>
<trkpt lat="54.390768" lon="18.814902"><time>2026-05-23T13:43:50.900Z</time></trkpt>
<trkpt lat="54.390721" lon="18.814952"><time>2026-05-23T13:43:52.900Z</time></trkpt>
<trkpt lat="54.390677" lon="18.814996"><time>2026-05-23T13:43:54.900Z</time></trkpt>
<trkpt lat="54.390640" lon="18.815043"><time>2026-05-23T13:43:56.900Z</time></trkpt>
<trkpt lat="54.390597" lon="18.815086"><time>2026-05-23T13:43:58.900Z</time></trkpt>
<trkpt lat="54.390554" lon="18.815124"><time>2026-05-23T13:44:00.900Z</time></trkpt>
<trkpt lat="54.390507" lon="18.815161"><time>2026-05-23T13:44:02.900Z</time></trkpt>
<trkpt lat="54.390463" lon="18.815206"><time>2026-05-23T13:44:04.900Z</time></trkpt>
<trkpt lat="54.390426" lon="18.815259"><time>2026-05-23T13:44:06.900Z</time></trkpt>
<trkpt lat="54.390386" lon="18.815314"><time>2026-05-23T13:44:08.900Z</time></trkpt>
<trkpt lat="54.390346" lon="18.815357"><time>2026-05-23T13:44:10.900Z</time></trkpt>
<trkpt lat="54.390300" lon="18.815390"><time>2026-05-23T13:44:12.900Z</time></trkpt>
<trkpt lat="54.390256" lon="18.815428"><time>2026-05-23T13:44:14.900Z</time></trkpt>
<trkpt lat="54.390210" lon="18.815457"><time>2026-05-23T13:44:16.900Z</time></trkpt>
<trkpt lat="54.390166" lon="18.815489"><time>2026-05-23T13:44:18.900Z</time></trkpt>
<trkpt lat="54.390125" lon="18.815523"><time>2026-05-23T13:44:20.900Z</time></trkpt>
<trkpt lat="54.390083" lon="18.815558"><time>2026-05-23T13:44:22.900Z</time></trkpt>
<trkpt lat="54.390038" lon="18.815589"><time>2026-05-23T13:44:24.900Z</time></trkpt>
<trkpt lat="54.389996" lon="18.815631"><time>2026-05-23T13:44:26.900Z</time></trkpt>
<trkpt lat="54.389954" lon="18.815670"><time>2026-05-23T13:44:28.900Z</time></trkpt>
<trkpt lat="54.389910" lon="18.815718"><time>2026-05-23T13:44:30.900Z</time></trkpt>
<trkpt lat="54.389867" lon="18.815752"><time>2026-05-23T13:44:32.900Z</time></trkpt>
<trkpt lat="54.389825" lon="18.815778"><time>2026-05-23T13:44:34.900Z</time></trkpt>
<trkpt lat="54.389784" lon="18.815804"><time>2026-05-23T13:44:36.900Z</time></trkpt>
<trkpt lat="54.389744" lon="18.815832"><time>2026-05-23T13:44:38.900Z</time></trkpt>
<trkpt lat="54.389707" lon="18.815862"><time>2026-05-23T13:44:40.900Z</time></trkpt>
<trkpt lat="54.389672" lon="18.815898"><time>2026-05-23T13:44:42.900Z</time></trkpt>
<trkpt lat="54.389638" lon="18.815932"><time>2026-05-23T13:44:44.900Z</time></trkpt>
<trkpt lat="54.389602" lon="18.815967"><time>2026-05-23T13:44:46.900Z</time></trkpt>
<trkpt lat="54.389562" lon="18.816000"><time>2026-05-23T13:44:48.900Z</time></trkpt>
<trkpt lat="54.389533" lon="18.816039"><time>2026-05-23T13:44:50.900Z</time></trkpt>
<trkpt lat="54.389521" lon="18.816101"><time>2026-05-23T13:44:52.900Z</time></trkpt>
<trkpt lat="54.389518" lon="18.816152"><time>2026-05-23T13:44:54.900Z</time></trkpt>
<trkpt lat="54.389526" lon="18.816176"><time>2026-05-23T13:44:56.900Z</time></trkpt>
<trkpt lat="54.389551" lon="18.816187"><time>2026-05-23T13:44:58.900Z</time></trkpt>
<trkpt lat="54.389568" lon="18.816190"><time>2026-05-23T13:45:00.900Z</time></trkpt>
<trkpt lat="54.389593" lon="18.816184"><time>2026-05-23T13:45:02.900Z</time></trkpt>
<trkpt lat="54.389620" lon="18.816181"><time>2026-05-23T13:45:04.900Z</time></trkpt>
<trkpt lat="54.389654" lon="18.816174"><time>2026-05-23T13:45:06.900Z</time></trkpt>
<trkpt lat="54.389690" lon="18.816172"><time>2026-05-23T13:45:08.900Z</time></trkpt>
<trkpt lat="54.389726" lon="18.816178"><time>2026-05-23T13:45:10.900Z</time></trkpt>
<trkpt lat="54.389751" lon="18.816187"><time>2026-05-23T13:45:12.900Z</time></trkpt>
<trkpt lat="54.389773" lon="18.816180"><time>2026-05-23T13:45:14.900Z</time></trkpt>
<trkpt lat="54.389803" lon="18.816176"><time>2026-05-23T13:45:16.900Z</time></trkpt>
<trkpt lat="54.389845" lon="18.816177"><time>2026-05-23T13:45:18.900Z</time></trkpt>
<trkpt lat="54.389891" lon="18.816174"><time>2026-05-23T13:45:20.900Z</time></trkpt>
<trkpt lat="54.389925" lon="18.816176"><time>2026-05-23T13:45:22.900Z</time></trkpt>
<trkpt lat="54.389955" lon="18.816185"><time>2026-05-23T13:45:24.900Z</time></trkpt>
<trkpt lat="54.389980" lon="18.816190"><time>2026-05-23T13:45:26.900Z</time></trkpt>
<trkpt lat="54.390016" lon="18.816201"><time>2026-05-23T13:45:28.900Z</time></trkpt>
<trkpt lat="54.390036" lon="18.816203"><time>2026-05-23T13:45:30.000Z</time></trkpt>
<trkpt lat="54.390081" lon="18.816208"><time>2026-05-23T13:45:32.000Z</time></trkpt>
<trkpt lat="54.390122" lon="18.816221"><time>2026-05-23T13:45:34.000Z</time></trkpt>
<trkpt lat="54.390161" lon="18.816233"><time>2026-05-23T13:45:36.000Z</time></trkpt>
<trkpt lat="54.390200" lon="18.816246"><time>2026-05-23T13:45:38.000Z</time></trkpt>
<trkpt lat="54.390233" lon="18.816266"><time>2026-05-23T13:45:40.000Z</time></trkpt>
<trkpt lat="54.390271" lon="18.816275"><time>2026-05-23T13:45:42.000Z</time></trkpt>
<trkpt lat="54.390311" lon="18.816283"><time>2026-05-23T13:45:44.000Z</time></trkpt>
<trkpt lat="54.390344" lon="18.816296"><time>2026-05-23T13:45:46.000Z</time></trkpt>
<trkpt lat="54.390386" lon="18.816312"><time>2026-05-23T13:45:48.000Z</time></trkpt>
<trkpt lat="54.390432" lon="18.816322"><time>2026-05-23T13:45:50.000Z</time></trkpt>
<trkpt lat="54.390470" lon="18.816332"><time>2026-05-23T13:45:52.000Z</time></trkpt>
<trkpt lat="54.390522" lon="18.816359"><time>2026-05-23T13:45:54.900Z</time></trkpt>
<trkpt lat="54.390556" lon="18.816381"><time>2026-05-23T13:45:56.900Z</time></trkpt>
<trkpt lat="54.390597" lon="18.816406"><time>2026-05-23T13:45:58.900Z</time></trkpt>
<trkpt lat="54.390645" lon="18.816419"><time>2026-05-23T13:46:00.900Z</time></trkpt>
<trkpt lat="54.390693" lon="18.816430"><time>2026-05-23T13:46:02.900Z</time></trkpt>
<trkpt lat="54.390735" lon="18.816442"><time>2026-05-23T13:46:04.900Z</time></trkpt>
<trkpt lat="54.390782" lon="18.816468"><time>2026-05-23T13:46:06.900Z</time></trkpt>
<trkpt lat="54.390827" lon="18.816486"><time>2026-05-23T13:46:08.900Z</time></trkpt>
<trkpt lat="54.390869" lon="18.816493"><time>2026-05-23T13:46:10.900Z</time></trkpt>
<trkpt lat="54.390911" lon="18.816502"><time>2026-05-23T13:46:12.900Z</time></trkpt>
<trkpt lat="54.390945" lon="18.816515"><time>2026-05-23T13:46:14.900Z</time></trkpt>
<trkpt lat="54.390984" lon="18.816529"><time>2026-05-23T13:46:16.900Z</time></trkpt>
<trkpt lat="54.391022" lon="18.816548"><time>2026-05-23T13:46:18.900Z</time></trkpt>
<trkpt lat="54.391061" lon="18.816567"><time>2026-05-23T13:46:20.900Z</time></trkpt>
<trkpt lat="54.391100" lon="18.816582"><time>2026-05-23T13:46:22.900Z</time></trkpt>
<trkpt lat="54.391138" lon="18.816600"><time>2026-05-23T13:46:24.900Z</time></trkpt>
<trkpt lat="54.391178" lon="18.816617"><time>2026-05-23T13:46:26.900Z</time></trkpt>
<trkpt lat="54.391217" lon="18.816631"><time>2026-05-23T13:46:28.900Z</time></trkpt>
<trkpt lat="54.391258" lon="18.816651"><time>2026-05-23T13:46:30.900Z</time></trkpt>
<trkpt lat="54.391296" lon="18.816667"><time>2026-05-23T13:46:32.900Z</time></trkpt>
<trkpt lat="54.391334" lon="18.816686"><time>2026-05-23T13:46:34.900Z</time></trkpt>
<trkpt lat="54.391373" lon="18.816716"><time>2026-05-23T13:46:36.900Z</time></trkpt>
<trkpt lat="54.391412" lon="18.816739"><time>2026-05-23T13:46:38.900Z</time></trkpt>
<trkpt lat="54.391452" lon="18.816756"><time>2026-05-23T13:46:40.900Z</time></trkpt>
<trkpt lat="54.391490" lon="18.816774"><time>2026-05-23T13:46:42.900Z</time></trkpt>
<trkpt lat="54.391529" lon="18.816787"><time>2026-05-23T13:46:44.900Z</time></trkpt>
<trkpt lat="54.391566" lon="18.816804"><time>2026-05-23T13:46:46.900Z</time></trkpt>
<trkpt lat="54.391605" lon="18.816818"><time>2026-05-23T13:46:48.900Z</time></trkpt>
<trkpt lat="54.391643" lon="18.816838"><time>2026-05-23T13:46:50.900Z</time></trkpt>
<trkpt lat="54.391680" lon="18.816867"><time>2026-05-23T13:46:52.900Z</time></trkpt>
<trkpt lat="54.391716" lon="18.816889"><time>2026-05-23T13:46:54.900Z</time></trkpt>
<trkpt lat="54.391748" lon="18.816907"><time>2026-05-23T13:46:56.900Z</time></trkpt>
<trkpt lat="54.391782" lon="18.816930"><time>2026-05-23T13:46:58.900Z</time></trkpt>
<trkpt lat="54.391820" lon="18.816947"><time>2026-05-23T13:47:00.900Z</time></trkpt>
<trkpt lat="54.391858" lon="18.816962"><time>2026-05-23T13:47:02.900Z</time></trkpt>
<trkpt lat="54.391891" lon="18.816977"><time>2026-05-23T13:47:04.900Z</time></trkpt>
<trkpt lat="54.391923" lon="18.816988"><time>2026-05-23T13:47:06.900Z</time></trkpt>
<trkpt lat="54.391952" lon="18.817007"><time>2026-05-23T13:47:08.900Z</time></trkpt>
<trkpt lat="54.391980" lon="18.817024"><time>2026-05-23T13:47:10.900Z</time></trkpt>
<trkpt lat="54.392016" lon="18.817036"><time>2026-05-23T13:47:12.900Z</time></trkpt>
<trkpt lat="54.392052" lon="18.817050"><time>2026-05-23T13:47:14.900Z</time></trkpt>
<trkpt lat="54.392088" lon="18.817072"><time>2026-05-23T13:47:16.900Z</time></trkpt>
<trkpt lat="54.392124" lon="18.817090"><time>2026-05-23T13:47:18.900Z</time></trkpt>
<trkpt lat="54.392164" lon="18.817104"><time>2026-05-23T13:47:20.900Z</time></trkpt>
<trkpt lat="54.392200" lon="18.817121"><time>2026-05-23T13:47:22.900Z</time></trkpt>
<trkpt lat="54.392230" lon="18.817137"><time>2026-05-23T13:47:24.900Z</time></trkpt>
<trkpt lat="54.392255" lon="18.817159"><time>2026-05-23T13:47:26.900Z</time></trkpt>
<trkpt lat="54.392291" lon="18.817182"><time>2026-05-23T13:47:28.900Z</time></trkpt>
<trkpt lat="54.392328" lon="18.817204"><time>2026-05-23T13:47:30.900Z</time></trkpt>
<trkpt lat="54.392361" lon="18.817209"><time>2026-05-23T13:47:32.900Z</time></trkpt>
<trkpt lat="54.392390" lon="18.817219"><time>2026-05-23T13:47:35.000Z</time></trkpt>
<trkpt lat="54.392409" lon="18.817225"><time>2026-05-23T13:47:36.000Z</time></trkpt>
<trkpt lat="54.392438" lon="18.817245"><time>2026-05-23T13:47:38.000Z</time></trkpt>
<trkpt lat="54.392469" lon="18.817264"><time>2026-05-23T13:47:40.000Z</time></trkpt>
<trkpt lat="54.392500" lon="18.817273"><time>2026-05-23T13:47:42.000Z</time></trkpt>
<trkpt lat="54.392530" lon="18.817288"><time>2026-05-23T13:47:44.000Z</time></trkpt>
<trkpt lat="54.392565" lon="18.817305"><time>2026-05-23T13:47:46.000Z</time></trkpt>
<trkpt lat="54.392597" lon="18.817317"><time>2026-05-23T13:47:48.000Z</time></trkpt>
<trkpt lat="54.392630" lon="18.817329"><time>2026-05-23T13:47:50.000Z</time></trkpt>
<trkpt lat="54.392668" lon="18.817344"><time>2026-05-23T13:47:52.000Z</time></trkpt>
<trkpt lat="54.392703" lon="18.817363"><time>2026-05-23T13:47:54.000Z</time></trkpt>
<trkpt lat="54.392739" lon="18.817382"><time>2026-05-23T13:47:56.000Z</time></trkpt>
<trkpt lat="54.392773" lon="18.817399"><time>2026-05-23T13:47:58.000Z</time></trkpt>
<trkpt lat="54.392809" lon="18.817415"><time>2026-05-23T13:48:00.000Z</time></trkpt>
<trkpt lat="54.392861" lon="18.817435"><time>2026-05-23T13:48:02.900Z</time></trkpt>
<trkpt lat="54.392892" lon="18.817448"><time>2026-05-23T13:48:04.900Z</time></trkpt>
<trkpt lat="54.392926" lon="18.817460"><time>2026-05-23T13:48:06.900Z</time></trkpt>
<trkpt lat="54.392963" lon="18.817476"><time>2026-05-23T13:48:08.900Z</time></trkpt>
<trkpt lat="54.392994" lon="18.817493"><time>2026-05-23T13:48:10.900Z</time></trkpt>
<trkpt lat="54.393023" lon="18.817511"><time>2026-05-23T13:48:12.900Z</time></trkpt>
<trkpt lat="54.393052" lon="18.817530"><time>2026-05-23T13:48:14.900Z</time></trkpt>
<trkpt lat="54.393085" lon="18.817550"><time>2026-05-23T13:48:16.900Z</time></trkpt>
<trkpt lat="54.393112" lon="18.817568"><time>2026-05-23T13:48:18.900Z</time></trkpt>
<trkpt lat="54.393144" lon="18.817579"><time>2026-05-23T13:48:20.900Z</time></trkpt>
<trkpt lat="54.393173" lon="18.817588"><time>2026-05-23T13:48:22.900Z</time></trkpt>
<trkpt lat="54.393203" lon="18.817595"><time>2026-05-23T13:48:24.900Z</time></trkpt>
<trkpt lat="54.393239" lon="18.817609"><time>2026-05-23T13:48:26.900Z</time></trkpt>
<trkpt lat="54.393263" lon="18.817615"><time>2026-05-23T13:48:28.900Z</time></trkpt>
<trkpt lat="54.393293" lon="18.817621"><time>2026-05-23T13:48:30.900Z</time></trkpt>
<trkpt lat="54.393328" lon="18.817638"><time>2026-05-23T13:48:32.900Z</time></trkpt>
<trkpt lat="54.393363" lon="18.817652"><time>2026-05-23T13:48:34.900Z</time></trkpt>
<trkpt lat="54.393402" lon="18.817672"><time>2026-05-23T13:48:36.900Z</time></trkpt>
<trkpt lat="54.393432" lon="18.817689"><time>2026-05-23T13:48:38.900Z</time></trkpt>
<trkpt lat="54.393456" lon="18.817706"><time>2026-05-23T13:48:40.900Z</time></trkpt>
<trkpt lat="54.393479" lon="18.817717"><time>2026-05-23T13:48:42.900Z</time></trkpt>
<trkpt lat="54.393510" lon="18.817728"><time>2026-05-23T13:48:44.900Z</time></trkpt>
<trkpt lat="54.393540" lon="18.817735"><time>2026-05-23T13:48:46.900Z</time></trkpt>
<trkpt lat="54.393574" lon="18.817748"><time>2026-05-23T13:48:48.900Z</time></trkpt>
<trkpt lat="54.393604" lon="18.817767"><time>2026-05-23T13:48:50.900Z</time></trkpt>
<trkpt lat="54.393636" lon="18.817789"><time>2026-05-23T13:48:52.900Z</time></trkpt>
<trkpt lat="54.393662" lon="18.817811"><time>2026-05-23T13:48:54.900Z</time></trkpt>
<trkpt lat="54.393685" lon="18.817832"><time>2026-05-23T13:48:56.900Z</time></trkpt>
<trkpt lat="54.393705" lon="18.817856"><time>2026-05-23T13:48:58.900Z</time></trkpt>
<trkpt lat="54.393726" lon="18.817871"><time>2026-05-23T13:49:00.900Z</time></trkpt>
<trkpt lat="54.393749" lon="18.817889"><time>2026-05-23T13:49:02.900Z</time></trkpt>
<trkpt lat="54.393774" lon="18.817902"><time>2026-05-23T13:49:04.900Z</time></trkpt>
<trkpt lat="54.393797" lon="18.817911"><time>2026-05-23T13:49:06.900Z</time></trkpt>
<trkpt lat="54.393822" lon="18.817921"><time>2026-05-23T13:49:08.900Z</time></trkpt>
<trkpt lat="54.393846" lon="18.817939"><time>2026-05-23T13:49:10.900Z</time></trkpt>
<trkpt lat="54.393863" lon="18.817959"><time>2026-05-23T13:49:12.900Z</time></trkpt>
<trkpt lat="54.393884" lon="18.817982"><time>2026-05-23T13:49:14.900Z</time></trkpt>
<trkpt lat="54.393902" lon="18.817996"><time>2026-05-23T13:49:16.900Z</time></trkpt>
<trkpt lat="54.393918" lon="18.818007"><time>2026-05-23T13:49:18.900Z</time></trkpt>
<trkpt lat="54.393921" lon="18.818009"><time>2026-05-23T13:49:20.900Z</time></trkpt>
<trkpt lat="54.393936" lon="18.818021"><time>2026-05-23T13:49:22.900Z</time></trkpt>
<trkpt lat="54.393958" lon="18.818037"><time>2026-05-23T13:49:24.900Z</time></trkpt>
<trkpt lat="54.393977" lon="18.818050"><time>2026-05-23T13:49:26.900Z</time></trkpt>
<trkpt lat="54.393991" lon="18.818054"><time>2026-05-23T13:49:28.900Z</time></trkpt>
<trkpt lat="54.393997" lon="18.818061"><time>2026-05-23T13:49:30.900Z</time></trkpt>
<trkpt lat="54.393999" lon="18.818064"><time>2026-05-23T13:49:32.900Z</time></trkpt>
<trkpt lat="54.394003" lon="18.818072"><time>2026-05-23T13:49:34.900Z</time></trkpt>
<trkpt lat="54.394015" lon="18.818095"><time>2026-05-23T13:49:36.900Z</time></trkpt>
<trkpt lat="54.394026" lon="18.818107"><time>2026-05-23T13:49:38.900Z</time></trkpt>
<trkpt lat="54.394036" lon="18.818114"><time>2026-05-23T13:49:40.000Z</time></trkpt>
<trkpt lat="54.394048" lon="18.818126"><time>2026-05-23T13:49:42.000Z</time></trkpt>
<trkpt lat="54.394059" lon="18.818130"><time>2026-05-23T13:49:44.000Z</time></trkpt>
<trkpt lat="54.394069" lon="18.818133"><time>2026-05-23T13:49:46.000Z</time></trkpt>
<trkpt lat="54.394071" lon="18.818142"><time>2026-05-23T13:49:49.000Z</time></trkpt>
<trkpt lat="54.394070" lon="18.818143"><time>2026-05-23T13:49:50.000Z</time></trkpt>
<trkpt lat="54.394070" lon="18.818144"><time>2026-05-23T13:49:52.000Z</time></trkpt>
<trkpt lat="54.394069" lon="18.818145"><time>2026-05-23T13:49:54.000Z</time></trkpt>
<trkpt lat="54.394074" lon="18.818142"><time>2026-05-23T13:49:56.000Z</time></trkpt>
<trkpt lat="54.394091" lon="18.818124"><time>2026-05-23T13:49:58.000Z</time></trkpt>
<trkpt lat="54.394101" lon="18.818114"><time>2026-05-23T13:50:00.000Z</time></trkpt>
<trkpt lat="54.394108" lon="18.818108"><time>2026-05-23T13:50:02.000Z</time></trkpt>
<trkpt lat="54.394110" lon="18.818105"><time>2026-05-23T13:50:04.000Z</time></trkpt>
<trkpt lat="54.394123" lon="18.818094"><time>2026-05-23T13:50:06.900Z</time></trkpt>
<trkpt lat="54.394144" lon="18.818080"><time>2026-05-23T13:50:08.900Z</time></trkpt>
<trkpt lat="54.394186" lon="18.818044"><time>2026-05-23T13:50:10.900Z</time></trkpt>
<trkpt lat="54.394223" lon="18.818019"><time>2026-05-23T13:50:12.900Z</time></trkpt>
<trkpt lat="54.394256" lon="18.817996"><time>2026-05-23T13:50:14.900Z</time></trkpt>
<trkpt lat="54.394288" lon="18.817975"><time>2026-05-23T13:50:16.900Z</time></trkpt>
<trkpt lat="54.394324" lon="18.817947"><time>2026-05-23T13:50:18.900Z</time></trkpt>
<trkpt lat="54.394354" lon="18.817926"><time>2026-05-23T13:50:20.900Z</time></trkpt>
<trkpt lat="54.394387" lon="18.817901"><time>2026-05-23T13:50:22.900Z</time></trkpt>
<trkpt lat="54.394414" lon="18.817865"><time>2026-05-23T13:50:24.900Z</time></trkpt>
<trkpt lat="54.394439" lon="18.817835"><time>2026-05-23T13:50:26.900Z</time></trkpt>
<trkpt lat="54.394471" lon="18.817824"><time>2026-05-23T13:50:28.900Z</time></trkpt>
<trkpt lat="54.394493" lon="18.817827"><time>2026-05-23T13:50:30.900Z</time></trkpt>
<trkpt lat="54.394515" lon="18.817844"><time>2026-05-23T13:50:32.900Z</time></trkpt>
<trkpt lat="54.394532" lon="18.817862"><time>2026-05-23T13:50:34.900Z</time></trkpt>
<trkpt lat="54.394537" lon="18.817883"><time>2026-05-23T13:50:36.900Z</time></trkpt>
<trkpt lat="54.394535" lon="18.817881"><time>2026-05-23T13:50:38.900Z</time></trkpt>
<trkpt lat="54.394519" lon="18.817897"><time>2026-05-23T13:50:40.900Z</time></trkpt>
<trkpt lat="54.394510" lon="18.817906"><time>2026-05-23T13:50:42.900Z</time></trkpt>
<trkpt lat="54.394502" lon="18.817911"><time>2026-05-23T13:50:44.900Z</time></trkpt>
<trkpt lat="54.394484" lon="18.817925"><time>2026-05-23T13:50:46.900Z</time></trkpt>
<trkpt lat="54.394453" lon="18.817958"><time>2026-05-23T13:50:48.900Z</time></trkpt>
<trkpt lat="54.394418" lon="18.817986"><time>2026-05-23T13:50:50.900Z</time></trkpt>
<trkpt lat="54.394376" lon="18.818016"><time>2026-05-23T13:50:52.900Z</time></trkpt>
<trkpt lat="54.394341" lon="18.818045"><time>2026-05-23T13:50:54.900Z</time></trkpt>
<trkpt lat="54.394303" lon="18.818079"><time>2026-05-23T13:50:56.900Z</time></trkpt>
<trkpt lat="54.394265" lon="18.818106"><time>2026-05-23T13:50:58.900Z</time></trkpt>
<trkpt lat="54.394230" lon="18.818124"><time>2026-05-23T13:51:00.900Z</time></trkpt>
<trkpt lat="54.394192" lon="18.818147"><time>2026-05-23T13:51:02.900Z</time></trkpt>
<trkpt lat="54.394163" lon="18.818178"><time>2026-05-23T13:51:04.900Z</time></trkpt>
<trkpt lat="54.394133" lon="18.818207"><time>2026-05-23T13:51:06.900Z</time></trkpt>
<trkpt lat="54.394104" lon="18.818238"><time>2026-05-23T13:51:08.900Z</time></trkpt>
<trkpt lat="54.394067" lon="18.818265"><time>2026-05-23T13:51:10.900Z</time></trkpt>
<trkpt lat="54.394031" lon="18.818290"><time>2026-05-23T13:51:12.900Z</time></trkpt>
<trkpt lat="54.393996" lon="18.818319"><time>2026-05-23T13:51:14.900Z</time></trkpt>
<trkpt lat="54.393969" lon="18.818361"><time>2026-05-23T13:51:16.900Z</time></trkpt>
<trkpt lat="54.393941" lon="18.818399"><time>2026-05-23T13:51:18.900Z</time></trkpt>
<trkpt lat="54.393911" lon="18.818429"><time>2026-05-23T13:51:20.900Z</time></trkpt>
<trkpt lat="54.393883" lon="18.818458"><time>2026-05-23T13:51:22.900Z</time></trkpt>
<trkpt lat="54.393854" lon="18.818466"><time>2026-05-23T13:51:24.900Z</time></trkpt>
<trkpt lat="54.393825" lon="18.818485"><time>2026-05-23T13:51:26.900Z</time></trkpt>
<trkpt lat="54.393793" lon="18.818513"><time>2026-05-23T13:51:28.900Z</time></trkpt>
<trkpt lat="54.393763" lon="18.818534"><time>2026-05-23T13:51:30.900Z</time></trkpt>
<trkpt lat="54.393733" lon="18.818555"><time>2026-05-23T13:51:32.900Z</time></trkpt>
<trkpt lat="54.393702" lon="18.818582"><time>2026-05-23T13:51:34.900Z</time></trkpt>
<trkpt lat="54.393668" lon="18.818608"><time>2026-05-23T13:51:36.900Z</time></trkpt>
<trkpt lat="54.393635" lon="18.818632"><time>2026-05-23T13:51:38.900Z</time></trkpt>
<trkpt lat="54.393604" lon="18.818651"><time>2026-05-23T13:51:40.900Z</time></trkpt>
<trkpt lat="54.393575" lon="18.818662"><time>2026-05-23T13:51:42.900Z</time></trkpt>
<trkpt lat="54.393541" lon="18.818675"><time>2026-05-23T13:51:44.900Z</time></trkpt>
<trkpt lat="54.393525" lon="18.818680"><time>2026-05-23T13:51:46.000Z</time></trkpt>
<trkpt lat="54.393497" lon="18.818688"><time>2026-05-23T13:51:48.000Z</time></trkpt>
<trkpt lat="54.393486" lon="18.818713"><time>2026-05-23T13:51:50.000Z</time></trkpt>
<trkpt lat="54.393479" lon="18.818750"><time>2026-05-23T13:51:52.000Z</time></trkpt>
<trkpt lat="54.393477" lon="18.818782"><time>2026-05-23T13:51:54.000Z</time></trkpt>
<trkpt lat="54.393483" lon="18.818799"><time>2026-05-23T13:51:56.000Z</time></trkpt>
<trkpt lat="54.393495" lon="18.818797"><time>2026-05-23T13:51:58.000Z</time></trkpt>
<trkpt lat="54.393509" lon="18.818787"><time>2026-05-23T13:52:00.000Z</time></trkpt>
<trkpt lat="54.393532" lon="18.818765"><time>2026-05-23T13:52:02.000Z</time></trkpt>
<trkpt lat="54.393560" lon="18.818745"><time>2026-05-23T13:52:04.000Z</time></trkpt>
<trkpt lat="54.393588" lon="18.818731"><time>2026-05-23T13:52:06.000Z</time></trkpt>
<trkpt lat="54.393614" lon="18.818709"><time>2026-05-23T13:52:08.000Z</time></trkpt>
<trkpt lat="54.393666" lon="18.818680"><time>2026-05-23T13:52:10.900Z</time></trkpt>
<trkpt lat="54.393700" lon="18.818673"><time>2026-05-23T13:52:12.900Z</time></trkpt>
<trkpt lat="54.393730" lon="18.818662"><time>2026-05-23T13:52:14.900Z</time></trkpt>
<trkpt lat="54.393769" lon="18.818665"><time>2026-05-23T13:52:16.900Z</time></trkpt>
<trkpt lat="54.393809" lon="18.818676"><time>2026-05-23T13:52:18.900Z</time></trkpt>
<trkpt lat="54.393849" lon="18.818681"><time>2026-05-23T13:52:20.900Z</time></trkpt>
<trkpt lat="54.393883" lon="18.818683"><time>2026-05-23T13:52:22.900Z</time></trkpt>
<trkpt lat="54.393924" lon="18.818717"><time>2026-05-23T13:52:24.900Z</time></trkpt>
<trkpt lat="54.393958" lon="18.818744"><time>2026-05-23T13:52:26.900Z</time></trkpt>
<trkpt lat="54.393983" lon="18.818771"><time>2026-05-23T13:52:28.900Z</time></trkpt>
<trkpt lat="54.394012" lon="18.818794"><time>2026-05-23T13:52:30.900Z</time></trkpt>
<trkpt lat="54.394045" lon="18.818813"><time>2026-05-23T13:52:32.900Z</time></trkpt>
<trkpt lat="54.394078" lon="18.818833"><time>2026-05-23T13:52:34.900Z</time></trkpt>
<trkpt lat="54.394110" lon="18.818851"><time>2026-05-23T13:52:36.900Z</time></trkpt>
<trkpt lat="54.394147" lon="18.818864"><time>2026-05-23T13:52:38.900Z</time></trkpt>
<trkpt lat="54.394182" lon="18.818879"><time>2026-05-23T13:52:40.900Z</time></trkpt>
<trkpt lat="54.394220" lon="18.818906"><time>2026-05-23T13:52:42.900Z</time></trkpt>
<trkpt lat="54.394251" lon="18.818927"><time>2026-05-23T13:52:44.900Z</time></trkpt>
<trkpt lat="54.394286" lon="18.818961"><time>2026-05-23T13:52:46.900Z</time></trkpt>
<trkpt lat="54.394317" lon="18.818985"><time>2026-05-23T13:52:48.900Z</time></trkpt>
<trkpt lat="54.394345" lon="18.819007"><time>2026-05-23T13:52:50.900Z</time></trkpt>
<trkpt lat="54.394378" lon="18.819030"><time>2026-05-23T13:52:52.900Z</time></trkpt>
<trkpt lat="54.394414" lon="18.819045"><time>2026-05-23T13:52:54.900Z</time></trkpt>
<trkpt lat="54.394452" lon="18.819051"><time>2026-05-23T13:52:56.900Z</time></trkpt>
<trkpt lat="54.394502" lon="18.819045"><time>2026-05-23T13:52:58.900Z</time></trkpt>
<trkpt lat="54.394552" lon="18.819031"><time>2026-05-23T13:53:00.900Z</time></trkpt>
<trkpt lat="54.394590" lon="18.819003"><time>2026-05-23T13:53:02.900Z</time></trkpt>
<trkpt lat="54.394632" lon="18.818953"><time>2026-05-23T13:53:04.900Z</time></trkpt>
<trkpt lat="54.394673" lon="18.818900"><time>2026-05-23T13:53:06.900Z</time></trkpt>
<trkpt lat="54.394708" lon="18.818834"><time>2026-05-23T13:53:08.900Z</time></trkpt>
<trkpt lat="54.394727" lon="18.818764"><time>2026-05-23T13:53:10.900Z</time></trkpt>
<trkpt lat="54.394740" lon="18.818679"><time>2026-05-23T13:53:12.900Z</time></trkpt>
<trkpt lat="54.394744" lon="18.818596"><time>2026-05-23T13:53:14.900Z</time></trkpt>
<trkpt lat="54.394745" lon="18.818523"><time>2026-05-23T13:53:16.900Z</time></trkpt>
<trkpt lat="54.394748" lon="18.818461"><time>2026-05-23T13:53:18.900Z</time></trkpt>
<trkpt lat="54.394742" lon="18.818389"><time>2026-05-23T13:53:20.900Z</time></trkpt>
<trkpt lat="54.394734" lon="18.818323"><time>2026-05-23T13:53:22.900Z</time></trkpt>
<trkpt lat="54.394720" lon="18.818256"><time>2026-05-23T13:53:24.900Z</time></trkpt>
<trkpt lat="54.394713" lon="18.818202"><time>2026-05-23T13:53:26.900Z</time></trkpt>
<trkpt lat="54.394712" lon="18.818140"><time>2026-05-23T13:53:28.900Z</time></trkpt>
<trkpt lat="54.394718" lon="18.818089"><time>2026-05-23T13:53:30.900Z</time></trkpt>
<trkpt lat="54.394728" lon="18.818032"><time>2026-05-23T13:53:32.900Z</time></trkpt>
<trkpt lat="54.394733" lon="18.817982"><time>2026-05-23T13:53:34.900Z</time></trkpt>
<trkpt lat="54.394728" lon="18.817931"><time>2026-05-23T13:53:36.900Z</time></trkpt>
<trkpt lat="54.394729" lon="18.817887"><time>2026-05-23T13:53:38.900Z</time></trkpt>
<trkpt lat="54.394720" lon="18.817831"><time>2026-05-23T13:53:40.900Z</time></trkpt>
<trkpt lat="54.394698" lon="18.817785"><time>2026-05-23T13:53:42.900Z</time></trkpt>
<trkpt lat="54.394679" lon="18.817756"><time>2026-05-23T13:53:44.900Z</time></trkpt>
<trkpt lat="54.394654" lon="18.817730"><time>2026-05-23T13:53:46.900Z</time></trkpt>
<trkpt lat="54.394629" lon="18.817711"><time>2026-05-23T13:53:48.900Z</time></trkpt>
<trkpt lat="54.394604" lon="18.817681"><time>2026-05-23T13:53:51.000Z</time></trkpt>
<trkpt lat="54.394591" lon="18.817670"><time>2026-05-23T13:53:52.000Z</time></trkpt>
<trkpt lat="54.394564" lon="18.817641"><time>2026-05-23T13:53:54.000Z</time></trkpt>
<trkpt lat="54.394534" lon="18.817621"><time>2026-05-23T13:53:56.000Z</time></trkpt>
<trkpt lat="54.394505" lon="18.817607"><time>2026-05-23T13:53:58.000Z</time></trkpt>
<trkpt lat="54.394473" lon="18.817595"><time>2026-05-23T13:54:00.000Z</time></trkpt>
<trkpt lat="54.394443" lon="18.817576"><time>2026-05-23T13:54:02.000Z</time></trkpt>
<trkpt lat="54.394414" lon="18.817554"><time>2026-05-23T13:54:04.000Z</time></trkpt>
<trkpt lat="54.394385" lon="18.817539"><time>2026-05-23T13:54:06.000Z</time></trkpt>
<trkpt lat="54.394354" lon="18.817520"><time>2026-05-23T13:54:08.000Z</time></trkpt>
<trkpt lat="54.394328" lon="18.817491"><time>2026-05-23T13:54:10.000Z</time></trkpt>
<trkpt lat="54.394279" lon="18.817449"><time>2026-05-23T13:54:12.900Z</time></trkpt>
<trkpt lat="54.394254" lon="18.817421"><time>2026-05-23T13:54:14.900Z</time></trkpt>
<trkpt lat="54.394217" lon="18.817394"><time>2026-05-23T13:54:16.900Z</time></trkpt>
<trkpt lat="54.394189" lon="18.817378"><time>2026-05-23T13:54:18.900Z</time></trkpt>
<trkpt lat="54.394158" lon="18.817353"><time>2026-05-23T13:54:20.900Z</time></trkpt>
<trkpt lat="54.394101" lon="18.817342"><time>2026-05-23T13:54:22.900Z</time></trkpt>
<trkpt lat="54.394065" lon="18.817337"><time>2026-05-23T13:54:24.900Z</time></trkpt>
<trkpt lat="54.394035" lon="18.817305"><time>2026-05-23T13:54:26.900Z</time></trkpt>
<trkpt lat="54.394008" lon="18.817285"><time>2026-05-23T13:54:28.900Z</time></trkpt>
<trkpt lat="54.393976" lon="18.817266"><time>2026-05-23T13:54:30.900Z</time></trkpt>
<trkpt lat="54.393939" lon="18.817234"><time>2026-05-23T13:54:32.900Z</time></trkpt>
<trkpt lat="54.393907" lon="18.817215"><time>2026-05-23T13:54:34.900Z</time></trkpt>
<trkpt lat="54.393873" lon="18.817193"><time>2026-05-23T13:54:36.900Z</time></trkpt>
<trkpt lat="54.393843" lon="18.817168"><time>2026-05-23T13:54:38.900Z</time></trkpt>
<trkpt lat="54.393814" lon="18.817138"><time>2026-05-23T13:54:40.900Z</time></trkpt>
<trkpt lat="54.393776" lon="18.817115"><time>2026-05-23T13:54:42.900Z</time></trkpt>
<trkpt lat="54.393744" lon="18.817083"><time>2026-05-23T13:54:44.900Z</time></trkpt>
<trkpt lat="54.393736" lon="18.817057"><time>2026-05-23T13:54:46.900Z</time></trkpt>
<trkpt lat="54.393717" lon="18.817013"><time>2026-05-23T13:54:48.900Z</time></trkpt>
<trkpt lat="54.393708" lon="18.816970"><time>2026-05-23T13:54:50.900Z</time></trkpt>
<trkpt lat="54.393684" lon="18.816926"><time>2026-05-23T13:54:52.900Z</time></trkpt>
<trkpt lat="54.393660" lon="18.816886"><time>2026-05-23T13:54:54.900Z</time></trkpt>
<trkpt lat="54.393639" lon="18.816844"><time>2026-05-23T13:54:56.900Z</time></trkpt>
<trkpt lat="54.393611" lon="18.816811"><time>2026-05-23T13:54:58.900Z</time></trkpt>
<trkpt lat="54.393587" lon="18.816765"><time>2026-05-23T13:55:00.900Z</time></trkpt>
<trkpt lat="54.393558" lon="18.816726"><time>2026-05-23T13:55:02.900Z</time></trkpt>
<trkpt lat="54.393534" lon="18.816688"><time>2026-05-23T13:55:04.900Z</time></trkpt>
<trkpt lat="54.393512" lon="18.816641"><time>2026-05-23T13:55:06.900Z</time></trkpt>
<trkpt lat="54.393496" lon="18.816600"><time>2026-05-23T13:55:08.900Z</time></trkpt>
<trkpt lat="54.393474" lon="18.816553"><time>2026-05-23T13:55:10.900Z</time></trkpt>
<trkpt lat="54.393453" lon="18.816509"><time>2026-05-23T13:55:12.900Z</time></trkpt>
<trkpt lat="54.393432" lon="18.816471"><time>2026-05-23T13:55:14.900Z</time></trkpt>
<trkpt lat="54.393402" lon="18.816437"><time>2026-05-23T13:55:16.900Z</time></trkpt>
<trkpt lat="54.393377" lon="18.816395"><time>2026-05-23T13:55:18.900Z</time></trkpt>
<trkpt lat="54.393358" lon="18.816350"><time>2026-05-23T13:55:20.900Z</time></trkpt>
<trkpt lat="54.393340" lon="18.816309"><time>2026-05-23T13:55:22.900Z</time></trkpt>
<trkpt lat="54.393318" lon="18.816262"><time>2026-05-23T13:55:24.900Z</time></trkpt>
<trkpt lat="54.393291" lon="18.816209"><time>2026-05-23T13:55:26.900Z</time></trkpt>
<trkpt lat="54.393267" lon="18.816160"><time>2026-05-23T13:55:28.900Z</time></trkpt>
<trkpt lat="54.393251" lon="18.816067"><time>2026-05-23T13:55:30.900Z</time></trkpt>
<trkpt lat="54.393230" lon="18.816017"><time>2026-05-23T13:55:32.900Z</time></trkpt>
<trkpt lat="54.393203" lon="18.815968"><time>2026-05-23T13:55:34.900Z</time></trkpt>
<trkpt lat="54.393175" lon="18.815920"><time>2026-05-23T13:55:36.900Z</time></trkpt>
<trkpt lat="54.393148" lon="18.815868"><time>2026-05-23T13:55:38.900Z</time></trkpt>
<trkpt lat="54.393121" lon="18.815812"><time>2026-05-23T13:55:40.900Z</time></trkpt>
<trkpt lat="54.393096" lon="18.815752"><time>2026-05-23T13:55:42.900Z</time></trkpt>
<trkpt lat="54.393074" lon="18.815697"><time>2026-05-23T13:55:44.900Z</time></trkpt>
<trkpt lat="54.393056" lon="18.815634"><time>2026-05-23T13:55:46.900Z</time></trkpt>
<trkpt lat="54.393032" lon="18.815589"><time>2026-05-23T13:55:48.900Z</time></trkpt>
<trkpt lat="54.393015" lon="18.815538"><time>2026-05-23T13:55:50.900Z</time></trkpt>
<trkpt lat="54.392992" lon="18.815487"><time>2026-05-23T13:55:52.900Z</time></trkpt>
<trkpt lat="54.392969" lon="18.815428"><time>2026-05-23T13:55:54.900Z</time></trkpt>
<trkpt lat="54.392947" lon="18.815374"><time>2026-05-23T13:55:57.000Z</time></trkpt>
<trkpt lat="54.392935" lon="18.815344"><time>2026-05-23T13:55:58.000Z</time></trkpt>
<trkpt lat="54.392908" lon="18.815339"><time>2026-05-23T13:56:00.000Z</time></trkpt>
<trkpt lat="54.392890" lon="18.815234"><time>2026-05-23T13:56:02.000Z</time></trkpt>
<trkpt lat="54.392860" lon="18.815164"><time>2026-05-23T13:56:04.000Z</time></trkpt>
<trkpt lat="54.392834" lon="18.815109"><time>2026-05-23T13:56:06.000Z</time></trkpt>
<trkpt lat="54.392811" lon="18.815055"><time>2026-05-23T13:56:08.000Z</time></trkpt>
<trkpt lat="54.392793" lon="18.815001"><time>2026-05-23T13:56:10.000Z</time></trkpt>
<trkpt lat="54.392771" lon="18.814947"><time>2026-05-23T13:56:12.000Z</time></trkpt>
<trkpt lat="54.392752" lon="18.814894"><time>2026-05-23T13:56:14.000Z</time></trkpt>
<trkpt lat="54.392715" lon="18.814817"><time>2026-05-23T13:56:16.900Z</time></trkpt>
<trkpt lat="54.392694" lon="18.814765"><time>2026-05-23T13:56:18.900Z</time></trkpt>
<trkpt lat="54.392669" lon="18.814711"><time>2026-05-23T13:56:20.900Z</time></trkpt>
<trkpt lat="54.392648" lon="18.814657"><time>2026-05-23T13:56:22.900Z</time></trkpt>
<trkpt lat="54.392623" lon="18.814605"><time>2026-05-23T13:56:24.900Z</time></trkpt>
<trkpt lat="54.392595" lon="18.814554"><time>2026-05-23T13:56:26.900Z</time></trkpt>
<trkpt lat="54.392568" lon="18.814503"><time>2026-05-23T13:56:28.900Z</time></trkpt>
<trkpt lat="54.392541" lon="18.814452"><time>2026-05-23T13:56:30.900Z</time></trkpt>
<trkpt lat="54.392519" lon="18.814405"><time>2026-05-23T13:56:32.900Z</time></trkpt>
<trkpt lat="54.392493" lon="18.814354"><time>2026-05-23T13:56:34.900Z</time></trkpt>
<trkpt lat="54.392467" lon="18.814307"><time>2026-05-23T13:56:36.900Z</time></trkpt>
<trkpt lat="54.392435" lon="18.814252"><time>2026-05-23T13:56:38.900Z</time></trkpt>
<trkpt lat="54.392409" lon="18.814214"><time>2026-05-23T13:56:40.900Z</time></trkpt>
<trkpt lat="54.392386" lon="18.814169"><time>2026-05-23T13:56:42.900Z</time></trkpt>
<trkpt lat="54.392358" lon="18.814119"><time>2026-05-23T13:56:44.900Z</time></trkpt>
<trkpt lat="54.392332" lon="18.814068"><time>2026-05-23T13:56:46.900Z</time></trkpt>
<trkpt lat="54.392307" lon="18.814017"><time>2026-05-23T13:56:48.900Z</time></trkpt>
<trkpt lat="54.392278" lon="18.813965"><time>2026-05-23T13:56:50.900Z</time></trkpt>
<trkpt lat="54.392247" lon="18.813911"><time>2026-05-23T13:56:52.900Z</time></trkpt>
<trkpt lat="54.392216" lon="18.813854"><time>2026-05-23T13:56:54.900Z</time></trkpt>
<trkpt lat="54.392191" lon="18.813799"><time>2026-05-23T13:56:56.900Z</time></trkpt>
<trkpt lat="54.392163" lon="18.813744"><time>2026-05-23T13:56:58.900Z</time></trkpt>
<trkpt lat="54.392138" lon="18.813692"><time>2026-05-23T13:57:00.900Z</time></trkpt>
<trkpt lat="54.392118" lon="18.813639"><time>2026-05-23T13:57:02.900Z</time></trkpt>
<trkpt lat="54.392098" lon="18.813582"><time>2026-05-23T13:57:04.900Z</time></trkpt>
<trkpt lat="54.392070" lon="18.813523"><time>2026-05-23T13:57:06.900Z</time></trkpt>
<trkpt lat="54.392052" lon="18.813480"><time>2026-05-23T13:57:08.900Z</time></trkpt>
<trkpt lat="54.392026" lon="18.813430"><time>2026-05-23T13:57:10.900Z</time></trkpt>
<trkpt lat="54.392001" lon="18.813377"><time>2026-05-23T13:57:12.900Z</time></trkpt>
<trkpt lat="54.391975" lon="18.813327"><time>2026-05-23T13:57:14.900Z</time></trkpt>
<trkpt lat="54.391949" lon="18.813275"><time>2026-05-23T13:57:16.900Z</time></trkpt>
<trkpt lat="54.391924" lon="18.813219"><time>2026-05-23T13:57:18.900Z</time></trkpt>
<trkpt lat="54.391898" lon="18.813172"><time>2026-05-23T13:57:20.900Z</time></trkpt>
<trkpt lat="54.391872" lon="18.813119"><time>2026-05-23T13:57:22.900Z</time></trkpt>
<trkpt lat="54.391844" lon="18.813065"><time>2026-05-23T13:57:24.900Z</time></trkpt>
<trkpt lat="54.391817" lon="18.813012"><time>2026-05-23T13:57:26.900Z</time></trkpt>
<trkpt lat="54.391791" lon="18.812959"><time>2026-05-23T13:57:28.900Z</time></trkpt>
<trkpt lat="54.391764" lon="18.812905"><time>2026-05-23T13:57:30.900Z</time></trkpt>
<trkpt lat="54.391738" lon="18.812849"><time>2026-05-23T13:57:32.900Z</time></trkpt>
<trkpt lat="54.391713" lon="18.812797"><time>2026-05-23T13:57:34.900Z</time></trkpt>
<trkpt lat="54.391688" lon="18.812743"><time>2026-05-23T13:57:36.900Z</time></trkpt>
<trkpt lat="54.391665" lon="18.812694"><time>2026-05-23T13:57:38.900Z</time></trkpt>
<trkpt lat="54.391644" lon="18.812658"><time>2026-05-23T13:57:40.900Z</time></trkpt>
<trkpt lat="54.391624" lon="18.812616"><time>2026-05-23T13:57:42.900Z</time></trkpt>
<trkpt lat="54.391601" lon="18.812565"><time>2026-05-23T13:57:44.900Z</time></trkpt>
<trkpt lat="54.391578" lon="18.812513"><time>2026-05-23T13:57:46.900Z</time></trkpt>
<trkpt lat="54.391554" lon="18.812464"><time>2026-05-23T13:57:48.900Z</time></trkpt>
<trkpt lat="54.391535" lon="18.812410"><time>2026-05-23T13:57:50.900Z</time></trkpt>
<trkpt lat="54.391513" lon="18.812359"><time>2026-05-23T13:57:52.900Z</time></trkpt>
<trkpt lat="54.391490" lon="18.812307"><time>2026-05-23T13:57:54.900Z</time></trkpt>
<trkpt lat="54.391464" lon="18.812255"><time>2026-05-23T13:57:56.900Z</time></trkpt>
<trkpt lat="54.391439" lon="18.812200"><time>2026-05-23T13:57:58.900Z</time></trkpt>
<trkpt lat="54.391416" lon="18.812153"><time>2026-05-23T13:58:00.900Z</time></trkpt>
<trkpt lat="54.391391" lon="18.812102"><time>2026-05-23T13:58:02.900Z</time></trkpt>
<trkpt lat="54.391362" lon="18.812050"><time>2026-05-23T13:58:04.900Z</time></trkpt>
<trkpt lat="54.391336" lon="18.811997"><time>2026-05-23T13:58:06.900Z</time></trkpt>
<trkpt lat="54.391300" lon="18.811927"><time>2026-05-23T13:58:08.900Z</time></trkpt>
<trkpt lat="54.391272" lon="18.811874"><time>2026-05-23T13:58:10.900Z</time></trkpt>
<trkpt lat="54.391243" lon="18.811826"><time>2026-05-23T13:58:12.900Z</time></trkpt>
<trkpt lat="54.391211" lon="18.811773"><time>2026-05-23T13:58:14.900Z</time></trkpt>
<trkpt lat="54.391179" lon="18.811723"><time>2026-05-23T13:58:16.900Z</time></trkpt>
<trkpt lat="54.391149" lon="18.811677"><time>2026-05-23T13:58:18.900Z</time></trkpt>
<trkpt lat="54.391122" lon="18.811625"><time>2026-05-23T13:58:20.900Z</time></trkpt>
<trkpt lat="54.391094" lon="18.811572"><time>2026-05-23T13:58:22.900Z</time></trkpt>
<trkpt lat="54.391067" lon="18.811514"><time>2026-05-23T13:58:24.900Z</time></trkpt>
<trkpt lat="54.391042" lon="18.811459"><time>2026-05-23T13:58:26.900Z</time></trkpt>
<trkpt lat="54.391019" lon="18.811401"><time>2026-05-23T13:58:28.900Z</time></trkpt>
<trkpt lat="54.390992" lon="18.811345"><time>2026-05-23T13:58:30.900Z</time></trkpt>
<trkpt lat="54.390969" lon="18.811291"><time>2026-05-23T13:58:32.900Z</time></trkpt>
<trkpt lat="54.390944" lon="18.811234"><time>2026-05-23T13:58:34.900Z</time></trkpt>
<trkpt lat="54.390920" lon="18.811178"><time>2026-05-23T13:58:36.900Z</time></trkpt>
<trkpt lat="54.390895" lon="18.811125"><time>2026-05-23T13:58:38.900Z</time></trkpt>
<trkpt lat="54.390872" lon="18.811068"><time>2026-05-23T13:58:40.900Z</time></trkpt>
<trkpt lat="54.390850" lon="18.811011"><time>2026-05-23T13:58:42.900Z</time></trkpt>
<trkpt lat="54.390827" lon="18.810955"><time>2026-05-23T13:58:44.900Z</time></trkpt>
<trkpt lat="54.390807" lon="18.810894"><time>2026-05-23T13:58:46.900Z</time></trkpt>
<trkpt lat="54.390780" lon="18.810836"><time>2026-05-23T13:58:48.900Z</time></trkpt>
<trkpt lat="54.390756" lon="18.810780"><time>2026-05-23T13:58:50.900Z</time></trkpt>
<trkpt lat="54.390735" lon="18.810723"><time>2026-05-23T13:58:52.900Z</time></trkpt>
<trkpt lat="54.390712" lon="18.810664"><time>2026-05-23T13:58:54.900Z</time></trkpt>
<trkpt lat="54.390692" lon="18.810608"><time>2026-05-23T13:58:56.900Z</time></trkpt>
<trkpt lat="54.390671" lon="18.810553"><time>2026-05-23T13:58:58.900Z</time></trkpt>
<trkpt lat="54.390646" lon="18.810496"><time>2026-05-23T13:59:00.900Z</time></trkpt>
<trkpt lat="54.390625" lon="18.810442"><time>2026-05-23T13:59:02.900Z</time></trkpt>
<trkpt lat="54.390603" lon="18.810389"><time>2026-05-23T13:59:04.900Z</time></trkpt>
<trkpt lat="54.390582" lon="18.810332"><time>2026-05-23T13:59:06.900Z</time></trkpt>
<trkpt lat="54.390563" lon="18.810279"><time>2026-05-23T13:59:08.900Z</time></trkpt>
<trkpt lat="54.390543" lon="18.810222"><time>2026-05-23T13:59:10.900Z</time></trkpt>
<trkpt lat="54.390523" lon="18.810163"><time>2026-05-23T13:59:12.900Z</time></trkpt>
<trkpt lat="54.390503" lon="18.810106"><time>2026-05-23T13:59:14.900Z</time></trkpt>
<trkpt lat="54.390482" lon="18.810053"><time>2026-05-23T13:59:16.900Z</time></trkpt>
<trkpt lat="54.390461" lon="18.809998"><time>2026-05-23T13:59:18.900Z</time></trkpt>
<trkpt lat="54.390439" lon="18.809942"><time>2026-05-23T13:59:20.900Z</time></trkpt>
<trkpt lat="54.390420" lon="18.809890"><time>2026-05-23T13:59:22.900Z</time></trkpt>
<trkpt lat="54.390402" lon="18.809839"><time>2026-05-23T13:59:24.900Z</time></trkpt>
<trkpt lat="54.390382" lon="18.809787"><time>2026-05-23T13:59:26.900Z</time></trkpt>
<trkpt lat="54.390365" lon="18.809737"><time>2026-05-23T13:59:28.900Z</time></trkpt>
<trkpt lat="54.390347" lon="18.809680"><time>2026-05-23T13:59:30.900Z</time></trkpt>
<trkpt lat="54.390326" lon="18.809626"><time>2026-05-23T13:59:32.900Z</time></trkpt>
<trkpt lat="54.390308" lon="18.809575"><time>2026-05-23T13:59:34.900Z</time></trkpt>
<trkpt lat="54.390286" lon="18.809521"><time>2026-05-23T13:59:36.900Z</time></trkpt>
<trkpt lat="54.390265" lon="18.809476"><time>2026-05-23T13:59:38.900Z</time></trkpt>
<trkpt lat="54.390245" lon="18.809432"><time>2026-05-23T13:59:40.900Z</time></trkpt>
<trkpt lat="54.390210" lon="18.809371"><time>2026-05-23T13:59:42.900Z</time></trkpt>
<trkpt lat="54.390187" lon="18.809319"><time>2026-05-23T13:59:44.900Z</time></trkpt>
<trkpt lat="54.390166" lon="18.809265"><time>2026-05-23T13:59:46.900Z</time></trkpt>
<trkpt lat="54.390142" lon="18.809215"><time>2026-05-23T13:59:48.900Z</time></trkpt>
<trkpt lat="54.390121" lon="18.809167"><time>2026-05-23T13:59:50.900Z</time></trkpt>
<trkpt lat="54.390095" lon="18.809117"><time>2026-05-23T13:59:52.900Z</time></trkpt>
<trkpt lat="54.390074" lon="18.809069"><time>2026-05-23T13:59:54.900Z</time></trkpt>
<trkpt lat="54.390047" lon="18.809022"><time>2026-05-23T13:59:56.900Z</time></trkpt>
<trkpt lat="54.390022" lon="18.808974"><time>2026-05-23T13:59:58.900Z</time></trkpt>
<trkpt lat="54.389995" lon="18.808934"><time>2026-05-23T14:00:00.900Z</time></trkpt>
<trkpt lat="54.389967" lon="18.808881"><time>2026-05-23T14:00:02.900Z</time></trkpt>
<trkpt lat="54.389942" lon="18.808841"><time>2026-05-23T14:00:04.900Z</time></trkpt>
<trkpt lat="54.389908" lon="18.808784"><time>2026-05-23T14:00:06.900Z</time></trkpt>
<trkpt lat="54.389883" lon="18.808730"><time>2026-05-23T14:00:08.900Z</time></trkpt>
<trkpt lat="54.389857" lon="18.808679"><time>2026-05-23T14:00:10.900Z</time></trkpt>
<trkpt lat="54.389826" lon="18.808623"><time>2026-05-23T14:00:12.900Z</time></trkpt>
<trkpt lat="54.389804" lon="18.808569"><time>2026-05-23T14:00:14.900Z</time></trkpt>
<trkpt lat="54.389783" lon="18.808514"><time>2026-05-23T14:00:16.900Z</time></trkpt>
<trkpt lat="54.389758" lon="18.808452"><time>2026-05-23T14:00:18.900Z</time></trkpt>
<trkpt lat="54.389737" lon="18.808390"><time>2026-05-23T14:00:20.900Z</time></trkpt>
<trkpt lat="54.389716" lon="18.808341"><time>2026-05-23T14:00:22.900Z</time></trkpt>
<trkpt lat="54.389694" lon="18.808287"><time>2026-05-23T14:00:24.900Z</time></trkpt>
<trkpt lat="54.389667" lon="18.808235"><time>2026-05-23T14:00:26.900Z</time></trkpt>
<trkpt lat="54.389645" lon="18.808176"><time>2026-05-23T14:00:28.900Z</time></trkpt>
<trkpt lat="54.389623" lon="18.808119"><time>2026-05-23T14:00:30.900Z</time></trkpt>
<trkpt lat="54.389600" lon="18.808061"><time>2026-05-23T14:00:32.900Z</time></trkpt>
<trkpt lat="54.389574" lon="18.808000"><time>2026-05-23T14:00:34.900Z</time></trkpt>
<trkpt lat="54.389552" lon="18.807943"><time>2026-05-23T14:00:36.900Z</time></trkpt>
<trkpt lat="54.389530" lon="18.807892"><time>2026-05-23T14:00:38.900Z</time></trkpt>
<trkpt lat="54.389509" lon="18.807835"><time>2026-05-23T14:00:40.900Z</time></trkpt>
<trkpt lat="54.389482" lon="18.807784"><time>2026-05-23T14:00:42.900Z</time></trkpt>
<trkpt lat="54.389454" lon="18.807735"><time>2026-05-23T14:00:44.900Z</time></trkpt>
<trkpt lat="54.389431" lon="18.807685"><time>2026-05-23T14:00:46.900Z</time></trkpt>
<trkpt lat="54.389408" lon="18.807639"><time>2026-05-23T14:00:48.900Z</time></trkpt>
<trkpt lat="54.389385" lon="18.807586"><time>2026-05-23T14:00:50.900Z</time></trkpt>
<trkpt lat="54.389357" lon="18.807532"><time>2026-05-23T14:00:52.900Z</time></trkpt>
<trkpt lat="54.389332" lon="18.807480"><time>2026-05-23T14:00:54.900Z</time></trkpt>
<trkpt lat="54.389308" lon="18.807428"><time>2026-05-23T14:00:56.900Z</time></trkpt>
<trkpt lat="54.389287" lon="18.807379"><time>2026-05-23T14:00:58.900Z</time></trkpt>
<trkpt lat="54.389263" lon="18.807328"><time>2026-05-23T14:01:00.900Z</time></trkpt>
<trkpt lat="54.389239" lon="18.807274"><time>2026-05-23T14:01:02.900Z</time></trkpt>
<trkpt lat="54.389217" lon="18.807227"><time>2026-05-23T14:01:04.900Z</time></trkpt>
<trkpt lat="54.389192" lon="18.807169"><time>2026-05-23T14:01:06.900Z</time></trkpt>
<trkpt lat="54.389171" lon="18.807111"><time>2026-05-23T14:01:08.900Z</time></trkpt>
<trkpt lat="54.389144" lon="18.807057"><time>2026-05-23T14:01:10.900Z</time></trkpt>
<trkpt lat="54.389119" lon="18.807003"><time>2026-05-23T14:01:12.900Z</time></trkpt>
<trkpt lat="54.389097" lon="18.806952"><time>2026-05-23T14:01:14.900Z</time></trkpt>
<trkpt lat="54.389073" lon="18.806903"><time>2026-05-23T14:01:16.900Z</time></trkpt>
<trkpt lat="54.389051" lon="18.806859"><time>2026-05-23T14:01:18.900Z</time></trkpt>
<trkpt lat="54.389024" lon="18.806806"><time>2026-05-23T14:01:20.900Z</time></trkpt>
<trkpt lat="54.388998" lon="18.806756"><time>2026-05-23T14:01:22.900Z</time></trkpt>
<trkpt lat="54.388974" lon="18.806706"><time>2026-05-23T14:01:24.900Z</time></trkpt>
<trkpt lat="54.388949" lon="18.806655"><time>2026-05-23T14:01:26.900Z</time></trkpt>
<trkpt lat="54.388925" lon="18.806605"><time>2026-05-23T14:01:28.900Z</time></trkpt>
<trkpt lat="54.388900" lon="18.806552"><time>2026-05-23T14:01:30.900Z</time></trkpt>
<trkpt lat="54.388878" lon="18.806501"><time>2026-05-23T14:01:32.900Z</time></trkpt>
<trkpt lat="54.388856" lon="18.806452"><time>2026-05-23T14:01:34.900Z</time></trkpt>
<trkpt lat="54.388832" lon="18.806399"><time>2026-05-23T14:01:36.900Z</time></trkpt>
<trkpt lat="54.388810" lon="18.806349"><time>2026-05-23T14:01:38.900Z</time></trkpt>
<trkpt lat="54.388789" lon="18.806300"><time>2026-05-23T14:01:40.900Z</time></trkpt>
<trkpt lat="54.388766" lon="18.806246"><time>2026-05-23T14:01:42.900Z</time></trkpt>
<trkpt lat="54.388745" lon="18.806192"><time>2026-05-23T14:01:44.900Z</time></trkpt>
<trkpt lat="54.388723" lon="18.806142"><time>2026-05-23T14:01:46.900Z</time></trkpt>
<trkpt lat="54.388701" lon="18.806088"><time>2026-05-23T14:01:48.900Z</time></trkpt>
<trkpt lat="54.388678" lon="18.806034"><time>2026-05-23T14:01:50.900Z</time></trkpt>
<trkpt lat="54.388656" lon="18.805980"><time>2026-05-23T14:01:52.900Z</time></trkpt>
<trkpt lat="54.388633" lon="18.805926"><time>2026-05-23T14:01:54.900Z</time></trkpt>
<trkpt lat="54.388611" lon="18.805874"><time>2026-05-23T14:01:56.900Z</time></trkpt>
<trkpt lat="54.388588" lon="18.805817"><time>2026-05-23T14:01:58.900Z</time></trkpt>
<trkpt lat="54.388566" lon="18.805762"><time>2026-05-23T14:02:00.900Z</time></trkpt>
<trkpt lat="54.388545" lon="18.805710"><time>2026-05-23T14:02:02.900Z</time></trkpt>
<trkpt lat="54.388524" lon="18.805660"><time>2026-05-23T14:02:04.900Z</time></trkpt>
<trkpt lat="54.388501" lon="18.805604"><time>2026-05-23T14:02:06.900Z</time></trkpt>
<trkpt lat="54.388479" lon="18.805551"><time>2026-05-23T14:02:08.900Z</time></trkpt>
<trkpt lat="54.388459" lon="18.805501"><time>2026-05-23T14:02:10.900Z</time></trkpt>
<trkpt lat="54.388434" lon="18.805450"><time>2026-05-23T14:02:12.900Z</time></trkpt>
<trkpt lat="54.388416" lon="18.805413"><time>2026-05-23T14:02:14.900Z</time></trkpt>
<trkpt lat="54.388393" lon="18.805365"><time>2026-05-23T14:02:16.900Z</time></trkpt>
<trkpt lat="54.388371" lon="18.805308"><time>2026-05-23T14:02:18.900Z</time></trkpt>
<trkpt lat="54.388350" lon="18.805257"><time>2026-05-23T14:02:20.900Z</time></trkpt>
<trkpt lat="54.388327" lon="18.805199"><time>2026-05-23T14:02:22.900Z</time></trkpt>
<trkpt lat="54.388311" lon="18.805148"><time>2026-05-23T14:02:24.900Z</time></trkpt>
<trkpt lat="54.388289" lon="18.805094"><time>2026-05-23T14:02:26.900Z</time></trkpt>
<trkpt lat="54.388269" lon="18.805041"><time>2026-05-23T14:02:28.900Z</time></trkpt>
<trkpt lat="54.388249" lon="18.804991"><time>2026-05-23T14:02:30.900Z</time></trkpt>
<trkpt lat="54.388227" lon="18.804937"><time>2026-05-23T14:02:32.900Z</time></trkpt>
<trkpt lat="54.388203" lon="18.804888"><time>2026-05-23T14:02:34.900Z</time></trkpt>
<trkpt lat="54.388178" lon="18.804836"><time>2026-05-23T14:02:36.900Z</time></trkpt>
<trkpt lat="54.388156" lon="18.804781"><time>2026-05-23T14:02:38.900Z</time></trkpt>
<trkpt lat="54.388132" lon="18.804729"><time>2026-05-23T14:02:40.900Z</time></trkpt>
<trkpt lat="54.388112" lon="18.804687"><time>2026-05-23T14:02:42.900Z</time></trkpt>
<trkpt lat="54.388090" lon="18.804641"><time>2026-05-23T14:02:44.900Z</time></trkpt>
<trkpt lat="54.388065" lon="18.804586"><time>2026-05-23T14:02:46.900Z</time></trkpt>
<trkpt lat="54.388038" lon="18.804531"><time>2026-05-23T14:02:48.900Z</time></trkpt>
<trkpt lat="54.388005" lon="18.804467"><time>2026-05-23T14:02:50.900Z</time></trkpt>
<trkpt lat="54.387964" lon="18.804403"><time>2026-05-23T14:02:52.900Z</time></trkpt>
<trkpt lat="54.387934" lon="18.804345"><time>2026-05-23T14:02:54.900Z</time></trkpt>
<trkpt lat="54.387910" lon="18.804282"><time>2026-05-23T14:02:56.900Z</time></trkpt>
<trkpt lat="54.387880" lon="18.804224"><time>2026-05-23T14:02:58.900Z</time></trkpt>
<trkpt lat="54.387854" lon="18.804169"><time>2026-05-23T14:03:00.900Z</time></trkpt>
<trkpt lat="54.387826" lon="18.804114"><time>2026-05-23T14:03:02.900Z</time></trkpt>
<trkpt lat="54.387796" lon="18.804057"><time>2026-05-23T14:03:04.900Z</time></trkpt>
<trkpt lat="54.387766" lon="18.804001"><time>2026-05-23T14:03:06.900Z</time></trkpt>
<trkpt lat="54.387741" lon="18.803954"><time>2026-05-23T14:03:08.900Z</time></trkpt>
<trkpt lat="54.387714" lon="18.803895"><time>2026-05-23T14:03:10.900Z</time></trkpt>
<trkpt lat="54.387688" lon="18.803841"><time>2026-05-23T14:03:12.900Z</time></trkpt>
<trkpt lat="54.387663" lon="18.803790"><time>2026-05-23T14:03:14.900Z</time></trkpt>
<trkpt lat="54.387635" lon="18.803740"><time>2026-05-23T14:03:16.900Z</time></trkpt>
<trkpt lat="54.387611" lon="18.803701"><time>2026-05-23T14:03:18.900Z</time></trkpt>
<trkpt lat="54.387584" lon="18.803644"><time>2026-05-23T14:03:20.900Z</time></trkpt>
<trkpt lat="54.387558" lon="18.803590"><time>2026-05-23T14:03:22.900Z</time></trkpt>
<trkpt lat="54.387531" lon="18.803541"><time>2026-05-23T14:03:24.900Z</time></trkpt>
<trkpt lat="54.387506" lon="18.803496"><time>2026-05-23T14:03:26.900Z</time></trkpt>
<trkpt lat="54.387480" lon="18.803442"><time>2026-05-23T14:03:28.900Z</time></trkpt>
<trkpt lat="54.387453" lon="18.803390"><time>2026-05-23T14:03:30.900Z</time></trkpt>
<trkpt lat="54.387422" lon="18.803335"><time>2026-05-23T14:03:32.900Z</time></trkpt>
<trkpt lat="54.387393" lon="18.803275"><time>2026-05-23T14:03:34.900Z</time></trkpt>
<trkpt lat="54.387365" lon="18.803223"><time>2026-05-23T14:03:36.900Z</time></trkpt>
<trkpt lat="54.387339" lon="18.803171"><time>2026-05-23T14:03:38.900Z</time></trkpt>
<trkpt lat="54.387311" lon="18.803118"><time>2026-05-23T14:03:40.900Z</time></trkpt>
<trkpt lat="54.387295" lon="18.803092"><time>2026-05-23T14:03:42.900Z</time></trkpt>
<trkpt lat="54.387275" lon="18.803055"><time>2026-05-23T14:03:44.900Z</time></trkpt>
<trkpt lat="54.387251" lon="18.803015"><time>2026-05-23T14:03:46.900Z</time></trkpt>
<trkpt lat="54.387230" lon="18.802979"><time>2026-05-23T14:03:48.900Z</time></trkpt>
<trkpt lat="54.387204" lon="18.802917"><time>2026-05-23T14:03:50.900Z</time></trkpt>
<trkpt lat="54.387174" lon="18.802865"><time>2026-05-23T14:03:52.900Z</time></trkpt>
<trkpt lat="54.387146" lon="18.802813"><time>2026-05-23T14:03:54.900Z</time></trkpt>
<trkpt lat="54.387116" lon="18.802761"><time>2026-05-23T14:03:56.900Z</time></trkpt>
<trkpt lat="54.387087" lon="18.802707"><time>2026-05-23T14:03:58.900Z</time></trkpt>
<trkpt lat="54.387056" lon="18.802654"><time>2026-05-23T14:04:00.900Z</time></trkpt>
<trkpt lat="54.387026" lon="18.802587"><time>2026-05-23T14:04:02.900Z</time></trkpt>
<trkpt lat="54.386996" lon="18.802529"><time>2026-05-23T14:04:04.900Z</time></trkpt>
<trkpt lat="54.386967" lon="18.802466"><time>2026-05-23T14:04:06.900Z</time></trkpt>
<trkpt lat="54.386937" lon="18.802412"><time>2026-05-23T14:04:08.900Z</time></trkpt>
<trkpt lat="54.386913" lon="18.802367"><time>2026-05-23T14:04:10.900Z</time></trkpt>
<trkpt lat="54.386884" lon="18.802309"><time>2026-05-23T14:04:12.900Z</time></trkpt>
<trkpt lat="54.386859" lon="18.802248"><time>2026-05-23T14:04:14.900Z</time></trkpt>
<trkpt lat="54.386833" lon="18.802190"><time>2026-05-23T14:04:16.900Z</time></trkpt>
<trkpt lat="54.386809" lon="18.802133"><time>2026-05-23T14:04:18.900Z</time></trkpt>
<trkpt lat="54.386780" lon="18.802080"><time>2026-05-23T14:04:20.900Z</time></trkpt>
<trkpt lat="54.386756" lon="18.802021"><time>2026-05-23T14:04:22.900Z</time></trkpt>
<trkpt lat="54.386731" lon="18.801970"><time>2026-05-23T14:04:24.900Z</time></trkpt>
<trkpt lat="54.386710" lon="18.801924"><time>2026-05-23T14:04:26.900Z</time></trkpt>
<trkpt lat="54.386688" lon="18.801872"><time>2026-05-23T14:04:28.900Z</time></trkpt>
<trkpt lat="54.386656" lon="18.801814"><time>2026-05-23T14:04:30.900Z</time></trkpt>
<trkpt lat="54.386626" lon="18.801756"><time>2026-05-23T14:04:32.900Z</time></trkpt>
<trkpt lat="54.386598" lon="18.801702"><time>2026-05-23T14:04:34.900Z</time></trkpt>
<trkpt lat="54.386571" lon="18.801644"><time>2026-05-23T14:04:36.900Z</time></trkpt>
<trkpt lat="54.386542" lon="18.801588"><time>2026-05-23T14:04:38.900Z</time></trkpt>
<trkpt lat="54.386514" lon="18.801529"><time>2026-05-23T14:04:40.900Z</time></trkpt>
<trkpt lat="54.386483" lon="18.801466"><time>2026-05-23T14:04:42.900Z</time></trkpt>
<trkpt lat="54.386461" lon="18.801421"><time>2026-05-23T14:04:44.900Z</time></trkpt>
<trkpt lat="54.386434" lon="18.801371"><time>2026-05-23T14:04:46.900Z</time></trkpt>
<trkpt lat="54.386407" lon="18.801319"><time>2026-05-23T14:04:48.900Z</time></trkpt>
<trkpt lat="54.386379" lon="18.801264"><time>2026-05-23T14:04:50.900Z</time></trkpt>
<trkpt lat="54.386352" lon="18.801209"><time>2026-05-23T14:04:52.900Z</time></trkpt>
<trkpt lat="54.386324" lon="18.801154"><time>2026-05-23T14:04:54.900Z</time></trkpt>
<trkpt lat="54.386296" lon="18.801096"><time>2026-05-23T14:04:56.900Z</time></trkpt>
<trkpt lat="54.386262" lon="18.801027"><time>2026-05-23T14:04:58.900Z</time></trkpt>
<trkpt lat="54.386229" lon="18.800963"><time>2026-05-23T14:05:00.900Z</time></trkpt>
<trkpt lat="54.386199" lon="18.800916"><time>2026-05-23T14:05:02.900Z</time></trkpt>
<trkpt lat="54.386173" lon="18.800878"><time>2026-05-23T14:05:04.900Z</time></trkpt>
<trkpt lat="54.386154" lon="18.800832"><time>2026-05-23T14:05:06.900Z</time></trkpt>
<trkpt lat="54.386126" lon="18.800768"><time>2026-05-23T14:05:08.900Z</time></trkpt>
<trkpt lat="54.386092" lon="18.800711"><time>2026-05-23T14:05:10.900Z</time></trkpt>
<trkpt lat="54.386063" lon="18.800651"><time>2026-05-23T14:05:12.900Z</time></trkpt>
<trkpt lat="54.386034" lon="18.800597"><time>2026-05-23T14:05:14.900Z</time></trkpt>
<trkpt lat="54.386012" lon="18.800556"><time>2026-05-23T14:05:16.900Z</time></trkpt>
<trkpt lat="54.385986" lon="18.800506"><time>2026-05-23T14:05:18.900Z</time></trkpt>
<trkpt lat="54.385958" lon="18.800453"><time>2026-05-23T14:05:20.900Z</time></trkpt>
<trkpt lat="54.385927" lon="18.800398"><time>2026-05-23T14:05:22.900Z</time></trkpt>
<trkpt lat="54.385902" lon="18.800343"><time>2026-05-23T14:05:24.900Z</time></trkpt>
<trkpt lat="54.385875" lon="18.800289"><time>2026-05-23T14:05:26.900Z</time></trkpt>
<trkpt lat="54.385853" lon="18.800242"><time>2026-05-23T14:05:28.900Z</time></trkpt>
<trkpt lat="54.385827" lon="18.800191"><time>2026-05-23T14:05:30.900Z</time></trkpt>
<trkpt lat="54.385800" lon="18.800135"><time>2026-05-23T14:05:32.900Z</time></trkpt>
<trkpt lat="54.385774" lon="18.800084"><time>2026-05-23T14:05:34.900Z</time></trkpt>
<trkpt lat="54.385747" lon="18.800033"><time>2026-05-23T14:05:36.900Z</time></trkpt>
<trkpt lat="54.385717" lon="18.799981"><time>2026-05-23T14:05:38.900Z</time></trkpt>
<trkpt lat="54.385687" lon="18.799928"><time>2026-05-23T14:05:40.900Z</time></trkpt>
<trkpt lat="54.385662" lon="18.799881"><time>2026-05-23T14:05:42.900Z</time></trkpt>
<trkpt lat="54.385645" lon="18.799833"><time>2026-05-23T14:05:44.900Z</time></trkpt>
<trkpt lat="54.385607" lon="18.799776"><time>2026-05-23T14:05:46.900Z</time></trkpt>
<trkpt lat="54.385580" lon="18.799722"><time>2026-05-23T14:05:48.900Z</time></trkpt>
<trkpt lat="54.385556" lon="18.799674"><time>2026-05-23T14:05:50.900Z</time></trkpt>
<trkpt lat="54.385530" lon="18.799621"><time>2026-05-23T14:05:52.900Z</time></trkpt>
<trkpt lat="54.385503" lon="18.799568"><time>2026-05-23T14:05:54.900Z</time></trkpt>
<trkpt lat="54.385481" lon="18.799518"><time>2026-05-23T14:05:56.900Z</time></trkpt>
<trkpt lat="54.385457" lon="18.799462"><time>2026-05-23T14:05:58.900Z</time></trkpt>
<trkpt lat="54.385435" lon="18.799414"><time>2026-05-23T14:06:00.900Z</time></trkpt>
<trkpt lat="54.385411" lon="18.799363"><time>2026-05-23T14:06:02.900Z</time></trkpt>
<trkpt lat="54.385384" lon="18.799311"><time>2026-05-23T14:06:04.900Z</time></trkpt>
<trkpt lat="54.385360" lon="18.799256"><time>2026-05-23T14:06:06.900Z</time></trkpt>
<trkpt lat="54.385333" lon="18.799202"><time>2026-05-23T14:06:08.900Z</time></trkpt>
<trkpt lat="54.385307" lon="18.799148"><time>2026-05-23T14:06:10.900Z</time></trkpt>
<trkpt lat="54.385275" lon="18.799086"><time>2026-05-23T14:06:12.900Z</time></trkpt>
<trkpt lat="54.385229" lon="18.799012"><time>2026-05-23T14:06:14.900Z</time></trkpt>
<trkpt lat="54.385198" lon="18.798949"><time>2026-05-23T14:06:16.900Z</time></trkpt>
<trkpt lat="54.385170" lon="18.798898"><time>2026-05-23T14:06:18.900Z</time></trkpt>
<trkpt lat="54.385148" lon="18.798852"><time>2026-05-23T14:06:20.900Z</time></trkpt>
<trkpt lat="54.385119" lon="18.798799"><time>2026-05-23T14:06:22.900Z</time></trkpt>
<trkpt lat="54.385092" lon="18.798747"><time>2026-05-23T14:06:24.900Z</time></trkpt>
<trkpt lat="54.385070" lon="18.798709"><time>2026-05-23T14:06:26.900Z</time></trkpt>
<trkpt lat="54.385046" lon="18.798666"><time>2026-05-23T14:06:28.900Z</time></trkpt>
<trkpt lat="54.385013" lon="18.798611"><time>2026-05-23T14:06:30.900Z</time></trkpt>
<trkpt lat="54.384988" lon="18.798562"><time>2026-05-23T14:06:32.900Z</time></trkpt>
<trkpt lat="54.384960" lon="18.798512"><time>2026-05-23T14:06:34.900Z</time></trkpt>
<trkpt lat="54.384930" lon="18.798460"><time>2026-05-23T14:06:36.900Z</time></trkpt>
<trkpt lat="54.384904" lon="18.798407"><time>2026-05-23T14:06:38.900Z</time></trkpt>
<trkpt lat="54.384873" lon="18.798352"><time>2026-05-23T14:06:40.900Z</time></trkpt>
<trkpt lat="54.384847" lon="18.798300"><time>2026-05-23T14:06:42.900Z</time></trkpt>
<trkpt lat="54.384816" lon="18.798244"><time>2026-05-23T14:06:44.900Z</time></trkpt>
<trkpt lat="54.384785" lon="18.798186"><time>2026-05-23T14:06:46.900Z</time></trkpt>
<trkpt lat="54.384760" lon="18.798137"><time>2026-05-23T14:06:48.900Z</time></trkpt>
<trkpt lat="54.384728" lon="18.798083"><time>2026-05-23T14:06:50.900Z</time></trkpt>
<trkpt lat="54.384696" lon="18.798030"><time>2026-05-23T14:06:52.900Z</time></trkpt>
<trkpt lat="54.384664" lon="18.797973"><time>2026-05-23T14:06:54.900Z</time></trkpt>
<trkpt lat="54.384627" lon="18.797914"><time>2026-05-23T14:06:56.900Z</time></trkpt>
<trkpt lat="54.384604" lon="18.797858"><time>2026-05-23T14:06:58.900Z</time></trkpt>
<trkpt lat="54.384576" lon="18.797821"><time>2026-05-23T14:07:00.900Z</time></trkpt>
<trkpt lat="54.384548" lon="18.797772"><time>2026-05-23T14:07:02.900Z</time></trkpt>
<trkpt lat="54.384522" lon="18.797719"><time>2026-05-23T14:07:04.900Z</time></trkpt>
<trkpt lat="54.384494" lon="18.797669"><time>2026-05-23T14:07:06.900Z</time></trkpt>
<trkpt lat="54.384465" lon="18.797618"><time>2026-05-23T14:07:08.900Z</time></trkpt>
<trkpt lat="54.384433" lon="18.797567"><time>2026-05-23T14:07:10.900Z</time></trkpt>
<trkpt lat="54.384405" lon="18.797515"><time>2026-05-23T14:07:12.900Z</time></trkpt>
<trkpt lat="54.384374" lon="18.797467"><time>2026-05-23T14:07:14.900Z</time></trkpt>
<trkpt lat="54.384343" lon="18.797413"><time>2026-05-23T14:07:16.900Z</time></trkpt>
<trkpt lat="54.384313" lon="18.797356"><time>2026-05-23T14:07:18.900Z</time></trkpt>
<trkpt lat="54.384279" lon="18.797297"><time>2026-05-23T14:07:20.900Z</time></trkpt>
<trkpt lat="54.384248" lon="18.797245"><time>2026-05-23T14:07:22.900Z</time></trkpt>
<trkpt lat="54.384217" lon="18.797190"><time>2026-05-23T14:07:24.900Z</time></trkpt>
<trkpt lat="54.384186" lon="18.797137"><time>2026-05-23T14:07:26.900Z</time></trkpt>
<trkpt lat="54.384153" lon="18.797080"><time>2026-05-23T14:07:28.900Z</time></trkpt>
<trkpt lat="54.384121" lon="18.797024"><time>2026-05-23T14:07:30.900Z</time></trkpt>
<trkpt lat="54.384088" lon="18.796969"><time>2026-05-23T14:07:32.900Z</time></trkpt>
<trkpt lat="54.384054" lon="18.796911"><time>2026-05-23T14:07:34.900Z</time></trkpt>
<trkpt lat="54.384022" lon="18.796858"><time>2026-05-23T14:07:36.900Z</time></trkpt>
<trkpt lat="54.383990" lon="18.796807"><time>2026-05-23T14:07:38.900Z</time></trkpt>
<trkpt lat="54.383954" lon="18.796755"><time>2026-05-23T14:07:40.900Z</time></trkpt>
<trkpt lat="54.383921" lon="18.796699"><time>2026-05-23T14:07:42.900Z</time></trkpt>
<trkpt lat="54.383893" lon="18.796644"><time>2026-05-23T14:07:44.900Z</time></trkpt>
<trkpt lat="54.383861" lon="18.796592"><time>2026-05-23T14:07:46.900Z</time></trkpt>
<trkpt lat="54.383829" lon="18.796537"><time>2026-05-23T14:07:48.900Z</time></trkpt>
<trkpt lat="54.383802" lon="18.796485"><time>2026-05-23T14:07:50.900Z</time></trkpt>
<trkpt lat="54.383770" lon="18.796433"><time>2026-05-23T14:07:52.900Z</time></trkpt>
<trkpt lat="54.383739" lon="18.796381"><time>2026-05-23T14:07:54.900Z</time></trkpt>
<trkpt lat="54.383708" lon="18.796327"><time>2026-05-23T14:07:56.900Z</time></trkpt>
<trkpt lat="54.383675" lon="18.796270"><time>2026-05-23T14:07:58.900Z</time></trkpt>
<trkpt lat="54.383644" lon="18.796216"><time>2026-05-23T14:08:00.900Z</time></trkpt>
<trkpt lat="54.383613" lon="18.796169"><time>2026-05-23T14:08:02.900Z</time></trkpt>
<trkpt lat="54.383583" lon="18.796127"><time>2026-05-23T14:08:04.900Z</time></trkpt>
<trkpt lat="54.383553" lon="18.796066"><time>2026-05-23T14:08:06.900Z</time></trkpt>
<trkpt lat="54.383522" lon="18.796007"><time>2026-05-23T14:08:08.900Z</time></trkpt>
<trkpt lat="54.383491" lon="18.795952"><time>2026-05-23T14:08:10.900Z</time></trkpt>
<trkpt lat="54.383457" lon="18.795892"><time>2026-05-23T14:08:12.900Z</time></trkpt>
<trkpt lat="54.383421" lon="18.795831"><time>2026-05-23T14:08:14.900Z</time></trkpt>
<trkpt lat="54.383388" lon="18.795774"><time>2026-05-23T14:08:16.900Z</time></trkpt>
<trkpt lat="54.383358" lon="18.795720"><time>2026-05-23T14:08:18.900Z</time></trkpt>
<trkpt lat="54.383329" lon="18.795671"><time>2026-05-23T14:08:20.900Z</time></trkpt>
<trkpt lat="54.383301" lon="18.795622"><time>2026-05-23T14:08:22.900Z</time></trkpt>
<trkpt lat="54.383268" lon="18.795564"><time>2026-05-23T14:08:24.900Z</time></trkpt>
<trkpt lat="54.383242" lon="18.795505"><time>2026-05-23T14:08:26.900Z</time></trkpt>
<trkpt lat="54.383216" lon="18.795450"><time>2026-05-23T14:08:28.900Z</time></trkpt>
<trkpt lat="54.383188" lon="18.795390"><time>2026-05-23T14:08:30.900Z</time></trkpt>
<trkpt lat="54.383162" lon="18.795335"><time>2026-05-23T14:08:33.000Z</time></trkpt>
<trkpt lat="54.383149" lon="18.795306"><time>2026-05-23T14:08:34.000Z</time></trkpt>
<trkpt lat="54.383113" lon="18.795244"><time>2026-05-23T14:08:36.000Z</time></trkpt>
<trkpt lat="54.383079" lon="18.795193"><time>2026-05-23T14:08:38.000Z</time></trkpt>
<trkpt lat="54.383046" lon="18.795149"><time>2026-05-23T14:08:40.000Z</time></trkpt>
<trkpt lat="54.383014" lon="18.795094"><time>2026-05-23T14:08:42.000Z</time></trkpt>
<trkpt lat="54.382981" lon="18.795047"><time>2026-05-23T14:08:44.000Z</time></trkpt>
<trkpt lat="54.382948" lon="18.794994"><time>2026-05-23T14:08:46.000Z</time></trkpt>
<trkpt lat="54.382914" lon="18.794944"><time>2026-05-23T14:08:48.000Z</time></trkpt>
<trkpt lat="54.382881" lon="18.794889"><time>2026-05-23T14:08:50.000Z</time></trkpt>
<trkpt lat="54.382849" lon="18.794836"><time>2026-05-23T14:08:52.000Z</time></trkpt>
<trkpt lat="54.382813" lon="18.794782"><time>2026-05-23T14:08:54.000Z</time></trkpt>
<trkpt lat="54.382784" lon="18.794733"><time>2026-05-23T14:08:56.000Z</time></trkpt>
<trkpt lat="54.382755" lon="18.794687"><time>2026-05-23T14:08:58.000Z</time></trkpt>
<trkpt lat="54.382723" lon="18.794639"><time>2026-05-23T14:09:00.000Z</time></trkpt>
<trkpt lat="54.382691" lon="18.794588"><time>2026-05-23T14:09:02.000Z</time></trkpt>
<trkpt lat="54.382658" lon="18.794537"><time>2026-05-23T14:09:04.000Z</time></trkpt>
<trkpt lat="54.382630" lon="18.794487"><time>2026-05-23T14:09:06.000Z</time></trkpt>
<trkpt lat="54.382601" lon="18.794432"><time>2026-05-23T14:09:08.000Z</time></trkpt>
<trkpt lat="54.382571" lon="18.794374"><time>2026-05-23T14:09:10.000Z</time></trkpt>
<trkpt lat="54.382540" lon="18.794319"><time>2026-05-23T14:09:12.000Z</time></trkpt>
<trkpt lat="54.382507" lon="18.794265"><time>2026-05-23T14:09:14.000Z</time></trkpt>
<trkpt lat="54.382476" lon="18.794213"><time>2026-05-23T14:09:16.000Z</time></trkpt>
<trkpt lat="54.382446" lon="18.794156"><time>2026-05-23T14:09:18.000Z</time></trkpt>
<trkpt lat="54.382415" lon="18.794104"><time>2026-05-23T14:09:20.000Z</time></trkpt>
<trkpt lat="54.382389" lon="18.794060"><time>2026-05-23T14:09:22.000Z</time></trkpt>
<trkpt lat="54.382358" lon="18.794022"><time>2026-05-23T14:09:24.000Z</time></trkpt>
<trkpt lat="54.382329" lon="18.793971"><time>2026-05-23T14:09:26.000Z</time></trkpt>
<trkpt lat="54.382297" lon="18.793922"><time>2026-05-23T14:09:28.000Z</time></trkpt>
<trkpt lat="54.382262" lon="18.793868"><time>2026-05-23T14:09:30.000Z</time></trkpt>
<trkpt lat="54.382228" lon="18.793817"><time>2026-05-23T14:09:32.000Z</time></trkpt>
<trkpt lat="54.382179" lon="18.793727"><time>2026-05-23T14:09:34.900Z</time></trkpt>
<trkpt lat="54.382146" lon="18.793681"><time>2026-05-23T14:09:36.900Z</time></trkpt>
<trkpt lat="54.382117" lon="18.793630"><time>2026-05-23T14:09:38.900Z</time></trkpt>
<trkpt lat="54.382081" lon="18.793571"><time>2026-05-23T14:09:40.900Z</time></trkpt>
<trkpt lat="54.382054" lon="18.793513"><time>2026-05-23T14:09:42.900Z</time></trkpt>
<trkpt lat="54.382028" lon="18.793459"><time>2026-05-23T14:09:44.900Z</time></trkpt>
<trkpt lat="54.382006" lon="18.793399"><time>2026-05-23T14:09:46.900Z</time></trkpt>
<trkpt lat="54.381982" lon="18.793338"><time>2026-05-23T14:09:48.900Z</time></trkpt>
<trkpt lat="54.381962" lon="18.793280"><time>2026-05-23T14:09:50.900Z</time></trkpt>
<trkpt lat="54.381943" lon="18.793210"><time>2026-05-23T14:09:52.900Z</time></trkpt>
<trkpt lat="54.381928" lon="18.793143"><time>2026-05-23T14:09:54.900Z</time></trkpt>
<trkpt lat="54.381908" lon="18.793070"><time>2026-05-23T14:09:56.900Z</time></trkpt>
<trkpt lat="54.381889" lon="18.793012"><time>2026-05-23T14:09:58.900Z</time></trkpt>
<trkpt lat="54.381869" lon="18.792945"><time>2026-05-23T14:10:00.900Z</time></trkpt>
<trkpt lat="54.381849" lon="18.792869"><time>2026-05-23T14:10:02.900Z</time></trkpt>
<trkpt lat="54.381838" lon="18.792823"><time>2026-05-23T14:10:04.900Z</time></trkpt>
<trkpt lat="54.381819" lon="18.792761"><time>2026-05-23T14:10:06.900Z</time></trkpt>
<trkpt lat="54.381803" lon="18.792700"><time>2026-05-23T14:10:08.900Z</time></trkpt>
<trkpt lat="54.381784" lon="18.792643"><time>2026-05-23T14:10:10.900Z</time></trkpt>
<trkpt lat="54.381768" lon="18.792592"><time>2026-05-23T14:10:12.900Z</time></trkpt>
<trkpt lat="54.381752" lon="18.792540"><time>2026-05-23T14:10:14.900Z</time></trkpt>
<trkpt lat="54.381737" lon="18.792484"><time>2026-05-23T14:10:16.900Z</time></trkpt>
<trkpt lat="54.381725" lon="18.792439"><time>2026-05-23T14:10:18.900Z</time></trkpt>
<trkpt lat="54.381715" lon="18.792373"><time>2026-05-23T14:10:20.900Z</time></trkpt>
<trkpt lat="54.381691" lon="18.792310"><time>2026-05-23T14:10:22.900Z</time></trkpt>
<trkpt lat="54.381675" lon="18.792240"><time>2026-05-23T14:10:24.900Z</time></trkpt>
<trkpt lat="54.381657" lon="18.792178"><time>2026-05-23T14:10:26.900Z</time></trkpt>
<trkpt lat="54.381641" lon="18.792101"><time>2026-05-23T14:10:28.900Z</time></trkpt>
<trkpt lat="54.381625" lon="18.792020"><time>2026-05-23T14:10:30.900Z</time></trkpt>
<trkpt lat="54.381602" lon="18.791951"><time>2026-05-23T14:10:32.900Z</time></trkpt>
<trkpt lat="54.381581" lon="18.791891"><time>2026-05-23T14:10:34.900Z</time></trkpt>
<trkpt lat="54.381565" lon="18.791857"><time>2026-05-23T14:10:36.900Z</time></trkpt>
<trkpt lat="54.381537" lon="18.791800"><time>2026-05-23T14:10:39.000Z</time></trkpt>
<trkpt lat="54.381523" lon="18.791773"><time>2026-05-23T14:10:40.000Z</time></trkpt>
<trkpt lat="54.381498" lon="18.791726"><time>2026-05-23T14:10:42.000Z</time></trkpt>
<trkpt lat="54.381471" lon="18.791678"><time>2026-05-23T14:10:44.000Z</time></trkpt>
<trkpt lat="54.381444" lon="18.791626"><time>2026-05-23T14:10:46.000Z</time></trkpt>
<trkpt lat="54.381413" lon="18.791567"><time>2026-05-23T14:10:48.000Z</time></trkpt>
<trkpt lat="54.381376" lon="18.791519"><time>2026-05-23T14:10:50.000Z</time></trkpt>
<trkpt lat="54.381344" lon="18.791473"><time>2026-05-23T14:10:52.000Z</time></trkpt>
<trkpt lat="54.381310" lon="18.791419"><time>2026-05-23T14:10:54.000Z</time></trkpt>
<trkpt lat="54.381282" lon="18.791371"><time>2026-05-23T14:10:56.000Z</time></trkpt>
<trkpt lat="54.381245" lon="18.791303"><time>2026-05-23T14:10:58.000Z</time></trkpt>
<trkpt lat="54.381211" lon="18.791236"><time>2026-05-23T14:11:00.000Z</time></trkpt>
<trkpt lat="54.381173" lon="18.791181"><time>2026-05-23T14:11:02.000Z</time></trkpt>
<trkpt lat="54.381136" lon="18.791129"><time>2026-05-23T14:11:04.000Z</time></trkpt>
<trkpt lat="54.381105" lon="18.791076"><time>2026-05-23T14:11:06.000Z</time></trkpt>
<trkpt lat="54.381073" lon="18.791017"><time>2026-05-23T14:11:08.000Z</time></trkpt>
<trkpt lat="54.381043" lon="18.790957"><time>2026-05-23T14:11:10.000Z</time></trkpt>
<trkpt lat="54.381010" lon="18.790903"><time>2026-05-23T14:11:12.000Z</time></trkpt>
<trkpt lat="54.380983" lon="18.790859"><time>2026-05-23T14:11:14.000Z</time></trkpt>
<trkpt lat="54.380955" lon="18.790801"><time>2026-05-23T14:11:16.000Z</time></trkpt>
<trkpt lat="54.380916" lon="18.790740"><time>2026-05-23T14:11:18.000Z</time></trkpt>
<trkpt lat="54.380883" lon="18.790685"><time>2026-05-23T14:11:20.000Z</time></trkpt>
<trkpt lat="54.380847" lon="18.790626"><time>2026-05-23T14:11:22.000Z</time></trkpt>
<trkpt lat="54.380810" lon="18.790571"><time>2026-05-23T14:11:24.000Z</time></trkpt>
<trkpt lat="54.380776" lon="18.790525"><time>2026-05-23T14:11:26.000Z</time></trkpt>
<trkpt lat="54.380743" lon="18.790473"><time>2026-05-23T14:11:28.000Z</time></trkpt>
<trkpt lat="54.380709" lon="18.790424"><time>2026-05-23T14:11:30.000Z</time></trkpt>
<trkpt lat="54.380671" lon="18.790382"><time>2026-05-23T14:11:32.000Z</time></trkpt>
<trkpt lat="54.380634" lon="18.790333"><time>2026-05-23T14:11:34.000Z</time></trkpt>
<trkpt lat="54.380603" lon="18.790291"><time>2026-05-23T14:11:36.000Z</time></trkpt>
<trkpt lat="54.380567" lon="18.790252"><time>2026-05-23T14:11:38.000Z</time></trkpt>
<trkpt lat="54.380515" lon="18.790205"><time>2026-05-23T14:11:40.900Z</time></trkpt>
<trkpt lat="54.380477" lon="18.790174"><time>2026-05-23T14:11:42.900Z</time></trkpt>
<trkpt lat="54.380440" lon="18.790148"><time>2026-05-23T14:11:44.900Z</time></trkpt>
<trkpt lat="54.380405" lon="18.790109"><time>2026-05-23T14:11:46.900Z</time></trkpt>
<trkpt lat="54.380377" lon="18.790073"><time>2026-05-23T14:11:48.900Z</time></trkpt>
<trkpt lat="54.380346" lon="18.790033"><time>2026-05-23T14:11:50.900Z</time></trkpt>
<trkpt lat="54.380310" lon="18.789997"><time>2026-05-23T14:11:52.900Z</time></trkpt>
<trkpt lat="54.380272" lon="18.789957"><time>2026-05-23T14:11:54.900Z</time></trkpt>
<trkpt lat="54.380236" lon="18.789910"><time>2026-05-23T14:11:56.900Z</time></trkpt>
<trkpt lat="54.380208" lon="18.789886"><time>2026-05-23T14:11:58.900Z</time></trkpt>
<trkpt lat="54.380181" lon="18.789861"><time>2026-05-23T14:12:00.900Z</time></trkpt>
<trkpt lat="54.380145" lon="18.789828"><time>2026-05-23T14:12:02.900Z</time></trkpt>
<trkpt lat="54.380104" lon="18.789799"><time>2026-05-23T14:12:04.900Z</time></trkpt>
<trkpt lat="54.380065" lon="18.789759"><time>2026-05-23T14:12:06.900Z</time></trkpt>
<trkpt lat="54.380033" lon="18.789732"><time>2026-05-23T14:12:08.900Z</time></trkpt>
<trkpt lat="54.379994" lon="18.789699"><time>2026-05-23T14:12:10.900Z</time></trkpt>
<trkpt lat="54.379946" lon="18.789668"><time>2026-05-23T14:12:12.900Z</time></trkpt>
<trkpt lat="54.379899" lon="18.789635"><time>2026-05-23T14:12:14.900Z</time></trkpt>
<trkpt lat="54.379861" lon="18.789604"><time>2026-05-23T14:12:16.900Z</time></trkpt>
<trkpt lat="54.379827" lon="18.789580"><time>2026-05-23T14:12:18.900Z</time></trkpt>
<trkpt lat="54.379791" lon="18.789557"><time>2026-05-23T14:12:20.900Z</time></trkpt>
<trkpt lat="54.379756" lon="18.789538"><time>2026-05-23T14:12:22.900Z</time></trkpt>
<trkpt lat="54.379716" lon="18.789520"><time>2026-05-23T14:12:24.900Z</time></trkpt>
<trkpt lat="54.379674" lon="18.789493"><time>2026-05-23T14:12:26.900Z</time></trkpt>
<trkpt lat="54.379637" lon="18.789476"><time>2026-05-23T14:12:28.900Z</time></trkpt>
<trkpt lat="54.379607" lon="18.789460"><time>2026-05-23T14:12:30.900Z</time></trkpt>
<trkpt lat="54.379571" lon="18.789435"><time>2026-05-23T14:12:32.900Z</time></trkpt>
<trkpt lat="54.379533" lon="18.789410"><time>2026-05-23T14:12:34.900Z</time></trkpt>
<trkpt lat="54.379493" lon="18.789385"><time>2026-05-23T14:12:36.900Z</time></trkpt>
<trkpt lat="54.379454" lon="18.789357"><time>2026-05-23T14:12:38.900Z</time></trkpt>
<trkpt lat="54.379415" lon="18.789330"><time>2026-05-23T14:12:40.900Z</time></trkpt>
<trkpt lat="54.379377" lon="18.789302"><time>2026-05-23T14:12:42.900Z</time></trkpt>
<trkpt lat="54.379337" lon="18.789278"><time>2026-05-23T14:12:45.000Z</time></trkpt>
<trkpt lat="54.379317" lon="18.789267"><time>2026-05-23T14:12:46.000Z</time></trkpt>
<trkpt lat="54.379279" lon="18.789244"><time>2026-05-23T14:12:48.000Z</time></trkpt>
<trkpt lat="54.379243" lon="18.789222"><time>2026-05-23T14:12:50.000Z</time></trkpt>
<trkpt lat="54.379212" lon="18.789197"><time>2026-05-23T14:12:52.000Z</time></trkpt>
<trkpt lat="54.379176" lon="18.789170"><time>2026-05-23T14:12:54.000Z</time></trkpt>
<trkpt lat="54.379141" lon="18.789141"><time>2026-05-23T14:12:56.000Z</time></trkpt>
<trkpt lat="54.379106" lon="18.789117"><time>2026-05-23T14:12:58.000Z</time></trkpt>
<trkpt lat="54.379069" lon="18.789091"><time>2026-05-23T14:13:00.000Z</time></trkpt>
<trkpt lat="54.379030" lon="18.789063"><time>2026-05-23T14:13:02.000Z</time></trkpt>
<trkpt lat="54.378989" lon="18.789011"><time>2026-05-23T14:13:04.000Z</time></trkpt>
<trkpt lat="54.378955" lon="18.788968"><time>2026-05-23T14:13:06.000Z</time></trkpt>
<trkpt lat="54.378922" lon="18.788925"><time>2026-05-23T14:13:08.000Z</time></trkpt>
<trkpt lat="54.378889" lon="18.788882"><time>2026-05-23T14:13:10.000Z</time></trkpt>
<trkpt lat="54.378852" lon="18.788838"><time>2026-05-23T14:13:12.000Z</time></trkpt>
<trkpt lat="54.378814" lon="18.788790"><time>2026-05-23T14:13:14.000Z</time></trkpt>
<trkpt lat="54.378787" lon="18.788755"><time>2026-05-23T14:13:16.000Z</time></trkpt>
<trkpt lat="54.378765" lon="18.788719"><time>2026-05-23T14:13:18.000Z</time></trkpt>
<trkpt lat="54.378744" lon="18.788677"><time>2026-05-23T14:13:20.000Z</time></trkpt>
<trkpt lat="54.378716" lon="18.788642"><time>2026-05-23T14:13:22.000Z</time></trkpt>
<trkpt lat="54.378687" lon="18.788606"><time>2026-05-23T14:13:24.000Z</time></trkpt>
<trkpt lat="54.378663" lon="18.788565"><time>2026-05-23T14:13:26.000Z</time></trkpt>
<trkpt lat="54.378639" lon="18.788524"><time>2026-05-23T14:13:28.000Z</time></trkpt>
<trkpt lat="54.378617" lon="18.788477"><time>2026-05-23T14:13:30.000Z</time></trkpt>
<trkpt lat="54.378592" lon="18.788431"><time>2026-05-23T14:13:32.000Z</time></trkpt>
<trkpt lat="54.378570" lon="18.788393"><time>2026-05-23T14:13:34.000Z</time></trkpt>
<trkpt lat="54.378541" lon="18.788357"><time>2026-05-23T14:13:36.000Z</time></trkpt>
<trkpt lat="54.378511" lon="18.788318"><time>2026-05-23T14:13:38.000Z</time></trkpt>
<trkpt lat="54.378485" lon="18.788276"><time>2026-05-23T14:13:40.000Z</time></trkpt>
<trkpt lat="54.378462" lon="18.788236"><time>2026-05-23T14:13:42.000Z</time></trkpt>
<trkpt lat="54.378442" lon="18.788199"><time>2026-05-23T14:13:44.000Z</time></trkpt>
<trkpt lat="54.378412" lon="18.788144"><time>2026-05-23T14:13:46.900Z</time></trkpt>
<trkpt lat="54.378391" lon="18.788106"><time>2026-05-23T14:13:48.900Z</time></trkpt>
<trkpt lat="54.378368" lon="18.788064"><time>2026-05-23T14:13:50.900Z</time></trkpt>
<trkpt lat="54.378347" lon="18.788022"><time>2026-05-23T14:13:52.900Z</time></trkpt>
<trkpt lat="54.378326" lon="18.787978"><time>2026-05-23T14:13:54.900Z</time></trkpt>
<trkpt lat="54.378303" lon="18.787936"><time>2026-05-23T14:13:56.900Z</time></trkpt>
<trkpt lat="54.378282" lon="18.787894"><time>2026-05-23T14:13:58.900Z</time></trkpt>
<trkpt lat="54.378263" lon="18.787856"><time>2026-05-23T14:14:00.900Z</time></trkpt>
<trkpt lat="54.378239" lon="18.787817"><time>2026-05-23T14:14:02.900Z</time></trkpt>
<trkpt lat="54.378216" lon="18.787776"><time>2026-05-23T14:14:04.900Z</time></trkpt>
<trkpt lat="54.378194" lon="18.787734"><time>2026-05-23T14:14:06.900Z</time></trkpt>
<trkpt lat="54.378172" lon="18.787688"><time>2026-05-23T14:14:08.900Z</time></trkpt>
<trkpt lat="54.378149" lon="18.787649"><time>2026-05-23T14:14:10.900Z</time></trkpt>
<trkpt lat="54.378127" lon="18.787610"><time>2026-05-23T14:14:12.900Z</time></trkpt>
<trkpt lat="54.378106" lon="18.787570"><time>2026-05-23T14:14:14.900Z</time></trkpt>
<trkpt lat="54.378082" lon="18.787530"><time>2026-05-23T14:14:16.900Z</time></trkpt>
<trkpt lat="54.378058" lon="18.787492"><time>2026-05-23T14:14:18.900Z</time></trkpt>
<trkpt lat="54.378035" lon="18.787450"><time>2026-05-23T14:14:20.900Z</time></trkpt>
<trkpt lat="54.378012" lon="18.787415"><time>2026-05-23T14:14:22.900Z</time></trkpt>
<trkpt lat="54.377992" lon="18.787371"><time>2026-05-23T14:14:24.900Z</time></trkpt>
<trkpt lat="54.377972" lon="18.787336"><time>2026-05-23T14:14:26.900Z</time></trkpt>
<trkpt lat="54.377950" lon="18.787298"><time>2026-05-23T14:14:28.900Z</time></trkpt>
<trkpt lat="54.377928" lon="18.787259"><time>2026-05-23T14:14:30.900Z</time></trkpt>
<trkpt lat="54.377900" lon="18.787217"><time>2026-05-23T14:14:32.900Z</time></trkpt>
<trkpt lat="54.377870" lon="18.787174"><time>2026-05-23T14:14:34.900Z</time></trkpt>
<trkpt lat="54.377845" lon="18.787134"><time>2026-05-23T14:14:36.900Z</time></trkpt>
<trkpt lat="54.377831" lon="18.787105"><time>2026-05-23T14:14:38.900Z</time></trkpt>
<trkpt lat="54.377814" lon="18.787068"><time>2026-05-23T14:14:40.900Z</time></trkpt>
<trkpt lat="54.377791" lon="18.787033"><time>2026-05-23T14:14:42.900Z</time></trkpt>
<trkpt lat="54.377768" lon="18.786996"><time>2026-05-23T14:14:44.900Z</time></trkpt>
<trkpt lat="54.377747" lon="18.786965"><time>2026-05-23T14:14:46.900Z</time></trkpt>
<trkpt lat="54.377721" lon="18.786927"><time>2026-05-23T14:14:48.900Z</time></trkpt>
<trkpt lat="54.377697" lon="18.786885"><time>2026-05-23T14:14:51.000Z</time></trkpt>
<trkpt lat="54.377685" lon="18.786870"><time>2026-05-23T14:14:52.000Z</time></trkpt>
<trkpt lat="54.377665" lon="18.786829"><time>2026-05-23T14:14:54.000Z</time></trkpt>
<trkpt lat="54.377641" lon="18.786787"><time>2026-05-23T14:14:56.000Z</time></trkpt>
<trkpt lat="54.377617" lon="18.786738"><time>2026-05-23T14:14:58.000Z</time></trkpt>
<trkpt lat="54.377592" lon="18.786691"><time>2026-05-23T14:15:00.000Z</time></trkpt>
<trkpt lat="54.377576" lon="18.786646"><time>2026-05-23T14:15:02.000Z</time></trkpt>
<trkpt lat="54.377555" lon="18.786601"><time>2026-05-23T14:15:04.000Z</time></trkpt>
<trkpt lat="54.377534" lon="18.786559"><time>2026-05-23T14:15:06.000Z</time></trkpt>
<trkpt lat="54.377510" lon="18.786520"><time>2026-05-23T14:15:08.000Z</time></trkpt>
<trkpt lat="54.377488" lon="18.786492"><time>2026-05-23T14:15:10.000Z</time></trkpt>
<trkpt lat="54.377464" lon="18.786467"><time>2026-05-23T14:15:12.000Z</time></trkpt>
<trkpt lat="54.377436" lon="18.786442"><time>2026-05-23T14:15:14.000Z</time></trkpt>
<trkpt lat="54.377404" lon="18.786431"><time>2026-05-23T14:15:16.000Z</time></trkpt>
<trkpt lat="54.377377" lon="18.786426"><time>2026-05-23T14:15:18.000Z</time></trkpt>
<trkpt lat="54.377348" lon="18.786429"><time>2026-05-23T14:15:20.000Z</time></trkpt>
<trkpt lat="54.377320" lon="18.786444"><time>2026-05-23T14:15:22.000Z</time></trkpt>
<trkpt lat="54.377295" lon="18.786465"><time>2026-05-23T14:15:24.000Z</time></trkpt>
<trkpt lat="54.377271" lon="18.786494"><time>2026-05-23T14:15:26.000Z</time></trkpt>
<trkpt lat="54.377248" lon="18.786519"><time>2026-05-23T14:15:28.000Z</time></trkpt>
<trkpt lat="54.377228" lon="18.786539"><time>2026-05-23T14:15:30.000Z</time></trkpt>
<trkpt lat="54.377204" lon="18.786560"><time>2026-05-23T14:15:32.000Z</time></trkpt>
<trkpt lat="54.377175" lon="18.786588"><time>2026-05-23T14:15:34.000Z</time></trkpt>
<trkpt lat="54.377146" lon="18.786621"><time>2026-05-23T14:15:36.000Z</time></trkpt>
<trkpt lat="54.377120" lon="18.786664"><time>2026-05-23T14:15:38.000Z</time></trkpt>
<trkpt lat="54.377095" lon="18.786697"><time>2026-05-23T14:15:40.000Z</time></trkpt>
<trkpt lat="54.377069" lon="18.786739"><time>2026-05-23T14:15:42.000Z</time></trkpt>
<trkpt lat="54.377044" lon="18.786780"><time>2026-05-23T14:15:44.000Z</time></trkpt>
<trkpt lat="54.377017" lon="18.786823"><time>2026-05-23T14:15:46.000Z</time></trkpt>
<trkpt lat="54.376995" lon="18.786859"><time>2026-05-23T14:15:48.000Z</time></trkpt>
<trkpt lat="54.376968" lon="18.786900"><time>2026-05-23T14:15:50.000Z</time></trkpt>
<trkpt lat="54.376945" lon="18.786936"><time>2026-05-23T14:15:52.000Z</time></trkpt>
<trkpt lat="54.376923" lon="18.786998"><time>2026-05-23T14:15:54.900Z</time></trkpt>
<trkpt lat="54.376918" lon="18.787041"><time>2026-05-23T14:15:56.900Z</time></trkpt>
<trkpt lat="54.376920" lon="18.787084"><time>2026-05-23T14:15:58.900Z</time></trkpt>
<trkpt lat="54.376931" lon="18.787086"><time>2026-05-23T14:16:00.900Z</time></trkpt>
<trkpt lat="54.376942" lon="18.787085"><time>2026-05-23T14:16:02.900Z</time></trkpt>
<trkpt lat="54.376949" lon="18.787079"><time>2026-05-23T14:16:04.900Z</time></trkpt>
<trkpt lat="54.376960" lon="18.787068"><time>2026-05-23T14:16:06.900Z</time></trkpt>
<trkpt lat="54.376967" lon="18.787058"><time>2026-05-23T14:16:08.900Z</time></trkpt>
<trkpt lat="54.377010" lon="18.787037"><time>2026-05-23T14:16:10.900Z</time></trkpt>
<trkpt lat="54.377051" lon="18.787018"><time>2026-05-23T14:16:12.900Z</time></trkpt>
<trkpt lat="54.377088" lon="18.786995"><time>2026-05-23T14:16:14.900Z</time></trkpt>
<trkpt lat="54.377134" lon="18.786980"><time>2026-05-23T14:16:16.900Z</time></trkpt>
<trkpt lat="54.377171" lon="18.786968"><time>2026-05-23T14:16:18.900Z</time></trkpt>
<trkpt lat="54.377209" lon="18.786955"><time>2026-05-23T14:16:20.900Z</time></trkpt>
<trkpt lat="54.377251" lon="18.786947"><time>2026-05-23T14:16:22.900Z</time></trkpt>
<trkpt lat="54.377295" lon="18.786934"><time>2026-05-23T14:16:24.900Z</time></trkpt>
<trkpt lat="54.377342" lon="18.786921"><time>2026-05-23T14:16:26.900Z</time></trkpt>
<trkpt lat="54.377386" lon="18.786921"><time>2026-05-23T14:16:28.900Z</time></trkpt>
<trkpt lat="54.377438" lon="18.786919"><time>2026-05-23T14:16:30.900Z</time></trkpt>
<trkpt lat="54.377488" lon="18.786907"><time>2026-05-23T14:16:32.900Z</time></trkpt>
<trkpt lat="54.377542" lon="18.786899"><time>2026-05-23T14:16:34.900Z</time></trkpt>
<trkpt lat="54.377590" lon="18.786899"><time>2026-05-23T14:16:36.900Z</time></trkpt>
<trkpt lat="54.377644" lon="18.786901"><time>2026-05-23T14:16:38.900Z</time></trkpt>
<trkpt lat="54.377695" lon="18.786890"><time>2026-05-23T14:16:40.900Z</time></trkpt>
<trkpt lat="54.377741" lon="18.786878"><time>2026-05-23T14:16:42.900Z</time></trkpt>
<trkpt lat="54.377799" lon="18.786870"><time>2026-05-23T14:16:44.900Z</time></trkpt>
<trkpt lat="54.377849" lon="18.786857"><time>2026-05-23T14:16:46.900Z</time></trkpt>
<trkpt lat="54.377894" lon="18.786843"><time>2026-05-23T14:16:48.900Z</time></trkpt>
<trkpt lat="54.377939" lon="18.786829"><time>2026-05-23T14:16:50.900Z</time></trkpt>
<trkpt lat="54.377996" lon="18.786802"><time>2026-05-23T14:16:52.900Z</time></trkpt>
<trkpt lat="54.378053" lon="18.786778"><time>2026-05-23T14:16:54.900Z</time></trkpt>
<trkpt lat="54.378104" lon="18.786757"><time>2026-05-23T14:16:57.000Z</time></trkpt>
<trkpt lat="54.378132" lon="18.786741"><time>2026-05-23T14:16:58.000Z</time></trkpt>
<trkpt lat="54.378184" lon="18.786701"><time>2026-05-23T14:17:00.000Z</time></trkpt>
<trkpt lat="54.378233" lon="18.786653"><time>2026-05-23T14:17:02.000Z</time></trkpt>
<trkpt lat="54.378282" lon="18.786599"><time>2026-05-23T14:17:04.000Z</time></trkpt>
<trkpt lat="54.378339" lon="18.786545"><time>2026-05-23T14:17:06.000Z</time></trkpt>
<trkpt lat="54.378390" lon="18.786496"><time>2026-05-23T14:17:08.000Z</time></trkpt>
<trkpt lat="54.378441" lon="18.786457"><time>2026-05-23T14:17:10.000Z</time></trkpt>
<trkpt lat="54.378493" lon="18.786415"><time>2026-05-23T14:17:12.000Z</time></trkpt>
<trkpt lat="54.378536" lon="18.786375"><time>2026-05-23T14:17:14.000Z</time></trkpt>
<trkpt lat="54.378581" lon="18.786329"><time>2026-05-23T14:17:16.000Z</time></trkpt>
<trkpt lat="54.378614" lon="18.786281"><time>2026-05-23T14:17:18.000Z</time></trkpt>
<trkpt lat="54.378660" lon="18.786211"><time>2026-05-23T14:17:20.000Z</time></trkpt>
<trkpt lat="54.378696" lon="18.786155"><time>2026-05-23T14:17:22.000Z</time></trkpt>
<trkpt lat="54.378734" lon="18.786101"><time>2026-05-23T14:17:24.000Z</time></trkpt>
<trkpt lat="54.378770" lon="18.786044"><time>2026-05-23T14:17:26.000Z</time></trkpt>
<trkpt lat="54.378794" lon="18.785975"><time>2026-05-23T14:17:28.000Z</time></trkpt>
<trkpt lat="54.378814" lon="18.785902"><time>2026-05-23T14:17:30.000Z</time></trkpt>
<trkpt lat="54.378837" lon="18.785836"><time>2026-05-23T14:17:32.000Z</time></trkpt>
<trkpt lat="54.378868" lon="18.785785"><time>2026-05-23T14:17:34.000Z</time></trkpt>
<trkpt lat="54.378901" lon="18.785734"><time>2026-05-23T14:17:36.000Z</time></trkpt>
<trkpt lat="54.378930" lon="18.785681"><time>2026-05-23T14:17:38.000Z</time></trkpt>
<trkpt lat="54.378960" lon="18.785628"><time>2026-05-23T14:17:40.000Z</time></trkpt>
<trkpt lat="54.378994" lon="18.785587"><time>2026-05-23T14:17:42.000Z</time></trkpt>
<trkpt lat="54.379028" lon="18.785547"><time>2026-05-23T14:17:44.000Z</time></trkpt>
<trkpt lat="54.379063" lon="18.785511"><time>2026-05-23T14:17:46.000Z</time></trkpt>
<trkpt lat="54.379100" lon="18.785476"><time>2026-05-23T14:17:48.000Z</time></trkpt>
<trkpt lat="54.379137" lon="18.785440"><time>2026-05-23T14:17:50.000Z</time></trkpt>
<trkpt lat="54.379181" lon="18.785406"><time>2026-05-23T14:17:52.000Z</time></trkpt>
<trkpt lat="54.379222" lon="18.785393"><time>2026-05-23T14:17:54.000Z</time></trkpt>
<trkpt lat="54.379265" lon="18.785385"><time>2026-05-23T14:17:56.000Z</time></trkpt>
<trkpt lat="54.379307" lon="18.785362"><time>2026-05-23T14:17:58.000Z</time></trkpt>
<trkpt lat="54.379306" lon="18.785281"><time>2026-05-23T14:18:00.000Z</time></trkpt>
<trkpt lat="54.379375" lon="18.785250"><time>2026-05-23T14:18:02.900Z</time></trkpt>
<trkpt lat="54.379422" lon="18.785219"><time>2026-05-23T14:18:04.900Z</time></trkpt>
<trkpt lat="54.379490" lon="18.785220"><time>2026-05-23T14:18:06.900Z</time></trkpt>
<trkpt lat="54.379532" lon="18.785180"><time>2026-05-23T14:18:08.900Z</time></trkpt>
<trkpt lat="54.379572" lon="18.785114"><time>2026-05-23T14:18:10.900Z</time></trkpt>
<trkpt lat="54.379594" lon="18.785029"><time>2026-05-23T14:18:12.900Z</time></trkpt>
<trkpt lat="54.379602" lon="18.784945"><time>2026-05-23T14:18:14.900Z</time></trkpt>
<trkpt lat="54.379607" lon="18.784872"><time>2026-05-23T14:18:16.900Z</time></trkpt>
<trkpt lat="54.379581" lon="18.784769"><time>2026-05-23T14:18:18.900Z</time></trkpt>
<trkpt lat="54.379584" lon="18.784701"><time>2026-05-23T14:18:20.900Z</time></trkpt>
<trkpt lat="54.379581" lon="18.784635"><time>2026-05-23T14:18:22.900Z</time></trkpt>
<trkpt lat="54.379576" lon="18.784570"><time>2026-05-23T14:18:24.900Z</time></trkpt>
<trkpt lat="54.379569" lon="18.784504"><time>2026-05-23T14:18:26.900Z</time></trkpt>
<trkpt lat="54.379565" lon="18.784443"><time>2026-05-23T14:18:28.900Z</time></trkpt>
<trkpt lat="54.379561" lon="18.784383"><time>2026-05-23T14:18:30.900Z</time></trkpt>
<trkpt lat="54.379558" lon="18.784327"><time>2026-05-23T14:18:32.900Z</time></trkpt>
<trkpt lat="54.379553" lon="18.784266"><time>2026-05-23T14:18:34.900Z</time></trkpt>
<trkpt lat="54.379551" lon="18.784210"><time>2026-05-23T14:18:36.900Z</time></trkpt>
<trkpt lat="54.379547" lon="18.784156"><time>2026-05-23T14:18:38.900Z</time></trkpt>
<trkpt lat="54.379538" lon="18.784107"><time>2026-05-23T14:18:40.900Z</time></trkpt>
<trkpt lat="54.379526" lon="18.784065"><time>2026-05-23T14:18:42.900Z</time></trkpt>
<trkpt lat="54.379506" lon="18.784035"><time>2026-05-23T14:18:44.900Z</time></trkpt>
<trkpt lat="54.379484" lon="18.784006"><time>2026-05-23T14:18:46.900Z</time></trkpt>
<trkpt lat="54.379462" lon="18.783977"><time>2026-05-23T14:18:48.900Z</time></trkpt>
<trkpt lat="54.379438" lon="18.783951"><time>2026-05-23T14:18:50.900Z</time></trkpt>
<trkpt lat="54.379413" lon="18.783925"><time>2026-05-23T14:18:52.900Z</time></trkpt>
<trkpt lat="54.379386" lon="18.783904"><time>2026-05-23T14:18:54.900Z</time></trkpt>
<trkpt lat="54.379358" lon="18.783882"><time>2026-05-23T14:18:56.900Z</time></trkpt>
<trkpt lat="54.379331" lon="18.783857"><time>2026-05-23T14:18:58.900Z</time></trkpt>
<trkpt lat="54.379303" lon="18.783823"><time>2026-05-23T14:19:00.900Z</time></trkpt>
<trkpt lat="54.379289" lon="18.783808"><time>2026-05-23T14:19:02.000Z</time></trkpt>
<trkpt lat="54.379262" lon="18.783778"><time>2026-05-23T14:19:04.000Z</time></trkpt>
<trkpt lat="54.379235" lon="18.783746"><time>2026-05-23T14:19:06.000Z</time></trkpt>
<trkpt lat="54.379208" lon="18.783713"><time>2026-05-23T14:19:08.000Z</time></trkpt>
<trkpt lat="54.379181" lon="18.783681"><time>2026-05-23T14:19:10.000Z</time></trkpt>
<trkpt lat="54.379156" lon="18.783648"><time>2026-05-23T14:19:12.000Z</time></trkpt>
<trkpt lat="54.379127" lon="18.783615"><time>2026-05-23T14:19:14.000Z</time></trkpt>
<trkpt lat="54.379105" lon="18.783577"><time>2026-05-23T14:19:16.000Z</time></trkpt>
<trkpt lat="54.379077" lon="18.783548"><time>2026-05-23T14:19:18.000Z</time></trkpt>
<trkpt lat="54.379052" lon="18.783511"><time>2026-05-23T14:19:20.000Z</time></trkpt>
<trkpt lat="54.379028" lon="18.783477"><time>2026-05-23T14:19:22.000Z</time></trkpt>
<trkpt lat="54.379007" lon="18.783436"><time>2026-05-23T14:19:24.000Z</time></trkpt>
<trkpt lat="54.378987" lon="18.783400"><time>2026-05-23T14:19:26.000Z</time></trkpt>
<trkpt lat="54.378968" lon="18.783364"><time>2026-05-23T14:19:28.000Z</time></trkpt>
<trkpt lat="54.378949" lon="18.783323"><time>2026-05-23T14:19:30.000Z</time></trkpt>
<trkpt lat="54.378927" lon="18.783285"><time>2026-05-23T14:19:32.000Z</time></trkpt>
<trkpt lat="54.378911" lon="18.783249"><time>2026-05-23T14:19:34.000Z</time></trkpt>
<trkpt lat="54.378895" lon="18.783212"><time>2026-05-23T14:19:36.000Z</time></trkpt>
<trkpt lat="54.378878" lon="18.783175"><time>2026-05-23T14:19:38.000Z</time></trkpt>
<trkpt lat="54.378860" lon="18.783135"><time>2026-05-23T14:19:40.000Z</time></trkpt>
<trkpt lat="54.378844" lon="18.783100"><time>2026-05-23T14:19:42.000Z</time></trkpt>
<trkpt lat="54.378829" lon="18.783060"><time>2026-05-23T14:19:44.000Z</time></trkpt>
<trkpt lat="54.378813" lon="18.783022"><time>2026-05-23T14:19:46.000Z</time></trkpt>
<trkpt lat="54.378795" lon="18.782987"><time>2026-05-23T14:19:48.000Z</time></trkpt>
<trkpt lat="54.378779" lon="18.782953"><time>2026-05-23T14:19:50.000Z</time></trkpt>
<trkpt lat="54.378762" lon="18.782919"><time>2026-05-23T14:19:52.000Z</time></trkpt>
<trkpt lat="54.378746" lon="18.782884"><time>2026-05-23T14:19:54.000Z</time></trkpt>
<trkpt lat="54.378732" lon="18.782842"><time>2026-05-23T14:19:56.000Z</time></trkpt>
<trkpt lat="54.378716" lon="18.782805"><time>2026-05-23T14:19:58.000Z</time></trkpt>
<trkpt lat="54.378699" lon="18.782770"><time>2026-05-23T14:20:00.000Z</time></trkpt>
<trkpt lat="54.378682" lon="18.782734"><time>2026-05-23T14:20:02.000Z</time></trkpt>
<trkpt lat="54.378659" lon="18.782687"><time>2026-05-23T14:20:04.900Z</time></trkpt>
<trkpt lat="54.378642" lon="18.782655"><time>2026-05-23T14:20:06.900Z</time></trkpt>
<trkpt lat="54.378626" lon="18.782625"><time>2026-05-23T14:20:08.900Z</time></trkpt>
<trkpt lat="54.378610" lon="18.782594"><time>2026-05-23T14:20:10.900Z</time></trkpt>
<trkpt lat="54.378593" lon="18.782560"><time>2026-05-23T14:20:12.900Z</time></trkpt>
<trkpt lat="54.378577" lon="18.782530"><time>2026-05-23T14:20:14.900Z</time></trkpt>
<trkpt lat="54.378558" lon="18.782502"><time>2026-05-23T14:20:16.900Z</time></trkpt>
<trkpt lat="54.378541" lon="18.782469"><time>2026-05-23T14:20:18.900Z</time></trkpt>
<trkpt lat="54.378524" lon="18.782437"><time>2026-05-23T14:20:20.900Z</time></trkpt>
<trkpt lat="54.378506" lon="18.782406"><time>2026-05-23T14:20:22.900Z</time></trkpt>
<trkpt lat="54.378489" lon="18.782367"><time>2026-05-23T14:20:24.900Z</time></trkpt>
<trkpt lat="54.378472" lon="18.782340"><time>2026-05-23T14:20:26.900Z</time></trkpt>
<trkpt lat="54.378454" lon="18.782311"><time>2026-05-23T14:20:28.900Z</time></trkpt>
<trkpt lat="54.378435" lon="18.782280"><time>2026-05-23T14:20:30.900Z</time></trkpt>
<trkpt lat="54.378416" lon="18.782253"><time>2026-05-23T14:20:32.900Z</time></trkpt>
<trkpt lat="54.378396" lon="18.782220"><time>2026-05-23T14:20:34.900Z</time></trkpt>
<trkpt lat="54.378375" lon="18.782190"><time>2026-05-23T14:20:36.900Z</time></trkpt>
<trkpt lat="54.378355" lon="18.782158"><time>2026-05-23T14:20:38.900Z</time></trkpt>
<trkpt lat="54.378330" lon="18.782136"><time>2026-05-23T14:20:40.900Z</time></trkpt>
<trkpt lat="54.378309" lon="18.782106"><time>2026-05-23T14:20:42.900Z</time></trkpt>
<trkpt lat="54.378288" lon="18.782076"><time>2026-05-23T14:20:44.900Z</time></trkpt>
<trkpt lat="54.378267" lon="18.782042"><time>2026-05-23T14:20:46.900Z</time></trkpt>
<trkpt lat="54.378248" lon="18.782013"><time>2026-05-23T14:20:48.900Z</time></trkpt>
<trkpt lat="54.378226" lon="18.781983"><time>2026-05-23T14:20:50.900Z</time></trkpt>
<trkpt lat="54.378206" lon="18.781950"><time>2026-05-23T14:20:52.900Z</time></trkpt>
<trkpt lat="54.378182" lon="18.781919"><time>2026-05-23T14:20:54.900Z</time></trkpt>
<trkpt lat="54.378160" lon="18.781887"><time>2026-05-23T14:20:56.900Z</time></trkpt>
<trkpt lat="54.378140" lon="18.781857"><time>2026-05-23T14:20:58.900Z</time></trkpt>
<trkpt lat="54.378120" lon="18.781826"><time>2026-05-23T14:21:00.900Z</time></trkpt>
<trkpt lat="54.378101" lon="18.781795"><time>2026-05-23T14:21:02.900Z</time></trkpt>
<trkpt lat="54.378079" lon="18.781764"><time>2026-05-23T14:21:04.900Z</time></trkpt>
<trkpt lat="54.378061" lon="18.781734"><time>2026-05-23T14:21:06.900Z</time></trkpt>
<trkpt lat="54.378050" lon="18.781717"><time>2026-05-23T14:21:08.000Z</time></trkpt>
<trkpt lat="54.378031" lon="18.781683"><time>2026-05-23T14:21:10.000Z</time></trkpt>
<trkpt lat="54.378007" lon="18.781648"><time>2026-05-23T14:21:12.000Z</time></trkpt>
<trkpt lat="54.377987" lon="18.781617"><time>2026-05-23T14:21:14.000Z</time></trkpt>
<trkpt lat="54.377967" lon="18.781583"><time>2026-05-23T14:21:16.000Z</time></trkpt>
<trkpt lat="54.377944" lon="18.781553"><time>2026-05-23T14:21:18.000Z</time></trkpt>
<trkpt lat="54.377921" lon="18.781521"><time>2026-05-23T14:21:20.000Z</time></trkpt>
<trkpt lat="54.377900" lon="18.781491"><time>2026-05-23T14:21:22.000Z</time></trkpt>
<trkpt lat="54.377877" lon="18.781464"><time>2026-05-23T14:21:24.000Z</time></trkpt>
<trkpt lat="54.377856" lon="18.781432"><time>2026-05-23T14:21:26.000Z</time></trkpt>
<trkpt lat="54.377831" lon="18.781401"><time>2026-05-23T14:21:28.000Z</time></trkpt>
<trkpt lat="54.377811" lon="18.781370"><time>2026-05-23T14:21:30.000Z</time></trkpt>
<trkpt lat="54.377787" lon="18.781339"><time>2026-05-23T14:21:32.000Z</time></trkpt>
<trkpt lat="54.377767" lon="18.781312"><time>2026-05-23T14:21:34.000Z</time></trkpt>
<trkpt lat="54.377743" lon="18.781280"><time>2026-05-23T14:21:36.000Z</time></trkpt>
<trkpt lat="54.377723" lon="18.781248"><time>2026-05-23T14:21:38.000Z</time></trkpt>
<trkpt lat="54.377701" lon="18.781218"><time>2026-05-23T14:21:40.000Z</time></trkpt>
<trkpt lat="54.377681" lon="18.781187"><time>2026-05-23T14:21:42.000Z</time></trkpt>
<trkpt lat="54.377659" lon="18.781154"><time>2026-05-23T14:21:44.000Z</time></trkpt>
<trkpt lat="54.377639" lon="18.781124"><time>2026-05-23T14:21:46.000Z</time></trkpt>
<trkpt lat="54.377621" lon="18.781095"><time>2026-05-23T14:21:48.000Z</time></trkpt>
<trkpt lat="54.377600" lon="18.781062"><time>2026-05-23T14:21:50.000Z</time></trkpt>
<trkpt lat="54.377580" lon="18.781029"><time>2026-05-23T14:21:52.000Z</time></trkpt>
<trkpt lat="54.377559" lon="18.781001"><time>2026-05-23T14:21:54.000Z</time></trkpt>
<trkpt lat="54.377540" lon="18.780969"><time>2026-05-23T14:21:56.000Z</time></trkpt>
<trkpt lat="54.377521" lon="18.780936"><time>2026-05-23T14:21:58.000Z</time></trkpt>
<trkpt lat="54.377500" lon="18.780902"><time>2026-05-23T14:22:00.000Z</time></trkpt>
<trkpt lat="54.377484" lon="18.780868"><time>2026-05-23T14:22:02.000Z</time></trkpt>
<trkpt lat="54.377462" lon="18.780838"><time>2026-05-23T14:22:04.000Z</time></trkpt>
<trkpt lat="54.377441" lon="18.780809"><time>2026-05-23T14:22:06.000Z</time></trkpt>
<trkpt lat="54.377420" lon="18.780777"><time>2026-05-23T14:22:08.000Z</time></trkpt>
<trkpt lat="54.377387" lon="18.780731"><time>2026-05-23T14:22:10.900Z</time></trkpt>
<trkpt lat="54.377365" lon="18.780699"><time>2026-05-23T14:22:12.900Z</time></trkpt>
<trkpt lat="54.377344" lon="18.780668"><time>2026-05-23T14:22:14.900Z</time></trkpt>
<trkpt lat="54.377323" lon="18.780634"><time>2026-05-23T14:22:16.900Z</time></trkpt>
<trkpt lat="54.377305" lon="18.780603"><time>2026-05-23T14:22:18.900Z</time></trkpt>
<trkpt lat="54.377282" lon="18.780570"><time>2026-05-23T14:22:20.900Z</time></trkpt>
<trkpt lat="54.377262" lon="18.780539"><time>2026-05-23T14:22:22.900Z</time></trkpt>
<trkpt lat="54.377240" lon="18.780502"><time>2026-05-23T14:22:24.900Z</time></trkpt>
<trkpt lat="54.377221" lon="18.780474"><time>2026-05-23T14:22:26.900Z</time></trkpt>
<trkpt lat="54.377198" lon="18.780444"><time>2026-05-23T14:22:28.900Z</time></trkpt>
<trkpt lat="54.377176" lon="18.780417"><time>2026-05-23T14:22:30.900Z</time></trkpt>
<trkpt lat="54.377154" lon="18.780391"><time>2026-05-23T14:22:32.900Z</time></trkpt>
<trkpt lat="54.377133" lon="18.780363"><time>2026-05-23T14:22:34.900Z</time></trkpt>
<trkpt lat="54.377113" lon="18.780332"><time>2026-05-23T14:22:36.900Z</time></trkpt>
<trkpt lat="54.377092" lon="18.780301"><time>2026-05-23T14:22:38.900Z</time></trkpt>
<trkpt lat="54.377070" lon="18.780271"><time>2026-05-23T14:22:40.900Z</time></trkpt>
<trkpt lat="54.377051" lon="18.780240"><time>2026-05-23T14:22:42.900Z</time></trkpt>
<trkpt lat="54.377028" lon="18.780209"><time>2026-05-23T14:22:44.900Z</time></trkpt>
<trkpt lat="54.377005" lon="18.780179"><time>2026-05-23T14:22:46.900Z</time></trkpt>
<trkpt lat="54.376983" lon="18.780147"><time>2026-05-23T14:22:48.900Z</time></trkpt>
<trkpt lat="54.376960" lon="18.780117"><time>2026-05-23T14:22:50.900Z</time></trkpt>
<trkpt lat="54.376938" lon="18.780084"><time>2026-05-23T14:22:52.900Z</time></trkpt>
<trkpt lat="54.376917" lon="18.780045"><time>2026-05-23T14:22:54.900Z</time></trkpt>
<trkpt lat="54.376898" lon="18.780012"><time>2026-05-23T14:22:56.900Z</time></trkpt>
<trkpt lat="54.376876" lon="18.779984"><time>2026-05-23T14:22:58.900Z</time></trkpt>
<trkpt lat="54.376856" lon="18.779955"><time>2026-05-23T14:23:00.900Z</time></trkpt>
<trkpt lat="54.376833" lon="18.779925"><time>2026-05-23T14:23:02.900Z</time></trkpt>
<trkpt lat="54.376813" lon="18.779892"><time>2026-05-23T14:23:04.900Z</time></trkpt>
<trkpt lat="54.376795" lon="18.779860"><time>2026-05-23T14:23:06.900Z</time></trkpt>
<trkpt lat="54.376775" lon="18.779825"><time>2026-05-23T14:23:08.900Z</time></trkpt>
<trkpt lat="54.376760" lon="18.779788"><time>2026-05-23T14:23:10.900Z</time></trkpt>
<trkpt lat="54.376745" lon="18.779750"><time>2026-05-23T14:23:12.900Z</time></trkpt>
<trkpt lat="54.376739" lon="18.779731"><time>2026-05-23T14:23:14.000Z</time></trkpt>
<trkpt lat="54.376726" lon="18.779693"><time>2026-05-23T14:23:16.000Z</time></trkpt>
<trkpt lat="54.376713" lon="18.779655"><time>2026-05-23T14:23:18.000Z</time></trkpt>
<trkpt lat="54.376700" lon="18.779620"><time>2026-05-23T14:23:20.000Z</time></trkpt>
<trkpt lat="54.376687" lon="18.779583"><time>2026-05-23T14:23:22.000Z</time></trkpt>
<trkpt lat="54.376673" lon="18.779548"><time>2026-05-23T14:23:24.000Z</time></trkpt>
<trkpt lat="54.376658" lon="18.779514"><time>2026-05-23T14:23:26.000Z</time></trkpt>
<trkpt lat="54.376641" lon="18.779483"><time>2026-05-23T14:23:28.000Z</time></trkpt>
<trkpt lat="54.376623" lon="18.779450"><time>2026-05-23T14:23:30.000Z</time></trkpt>
<trkpt lat="54.376605" lon="18.779426"><time>2026-05-23T14:23:32.000Z</time></trkpt>
<trkpt lat="54.376585" lon="18.779392"><time>2026-05-23T14:23:34.000Z</time></trkpt>
<trkpt lat="54.376566" lon="18.779360"><time>2026-05-23T14:23:36.000Z</time></trkpt>
<trkpt lat="54.376543" lon="18.779325"><time>2026-05-23T14:23:38.000Z</time></trkpt>
<trkpt lat="54.376517" lon="18.779293"><time>2026-05-23T14:23:40.000Z</time></trkpt>
<trkpt lat="54.376491" lon="18.779248"><time>2026-05-23T14:23:42.000Z</time></trkpt>
<trkpt lat="54.376469" lon="18.779207"><time>2026-05-23T14:23:44.000Z</time></trkpt>
<trkpt lat="54.376448" lon="18.779158"><time>2026-05-23T14:23:46.000Z</time></trkpt>
<trkpt lat="54.376422" lon="18.779115"><time>2026-05-23T14:23:48.000Z</time></trkpt>
<trkpt lat="54.376404" lon="18.779059"><time>2026-05-23T14:23:50.000Z</time></trkpt>
<trkpt lat="54.376379" lon="18.779014"><time>2026-05-23T14:23:52.000Z</time></trkpt>
<trkpt lat="54.376357" lon="18.778962"><time>2026-05-23T14:23:54.000Z</time></trkpt>
<trkpt lat="54.376332" lon="18.778911"><time>2026-05-23T14:23:56.000Z</time></trkpt>
<trkpt lat="54.376316" lon="18.778854"><time>2026-05-23T14:23:58.000Z</time></trkpt>
<trkpt lat="54.376300" lon="18.778782"><time>2026-05-23T14:24:00.000Z</time></trkpt>
<trkpt lat="54.376288" lon="18.778729"><time>2026-05-23T14:24:02.000Z</time></trkpt>
<trkpt lat="54.376268" lon="18.778676"><time>2026-05-23T14:24:04.000Z</time></trkpt>
<trkpt lat="54.376244" lon="18.778638"><time>2026-05-23T14:24:06.000Z</time></trkpt>
<trkpt lat="54.376217" lon="18.778592"><time>2026-05-23T14:24:08.000Z</time></trkpt>
<trkpt lat="54.376190" lon="18.778560"><time>2026-05-23T14:24:10.000Z</time></trkpt>
<trkpt lat="54.376157" lon="18.778530"><time>2026-05-23T14:24:12.000Z</time></trkpt>
<trkpt lat="54.376132" lon="18.778475"><time>2026-05-23T14:24:14.000Z</time></trkpt>
<trkpt lat="54.376103" lon="18.778391"><time>2026-05-23T14:24:16.900Z</time></trkpt>
<trkpt lat="54.376086" lon="18.778332"><time>2026-05-23T14:24:18.900Z</time></trkpt>
<trkpt lat="54.376069" lon="18.778276"><time>2026-05-23T14:24:20.900Z</time></trkpt>
<trkpt lat="54.376049" lon="18.778213"><time>2026-05-23T14:24:22.900Z</time></trkpt>
<trkpt lat="54.376030" lon="18.778166"><time>2026-05-23T14:24:24.900Z</time></trkpt>
<trkpt lat="54.376010" lon="18.778110"><time>2026-05-23T14:24:26.900Z</time></trkpt>
<trkpt lat="54.375985" lon="18.778064"><time>2026-05-23T14:24:28.900Z</time></trkpt>
<trkpt lat="54.375958" lon="18.778018"><time>2026-05-23T14:24:30.900Z</time></trkpt>
<trkpt lat="54.375928" lon="18.777990"><time>2026-05-23T14:24:32.900Z</time></trkpt>
<trkpt lat="54.375900" lon="18.777951"><time>2026-05-23T14:24:34.900Z</time></trkpt>
<trkpt lat="54.375872" lon="18.777929"><time>2026-05-23T14:24:36.900Z</time></trkpt>
<trkpt lat="54.375840" lon="18.777898"><time>2026-05-23T14:24:38.900Z</time></trkpt>
<trkpt lat="54.375810" lon="18.777871"><time>2026-05-23T14:24:40.900Z</time></trkpt>
<trkpt lat="54.375777" lon="18.777850"><time>2026-05-23T14:24:42.900Z</time></trkpt>
<trkpt lat="54.375747" lon="18.777827"><time>2026-05-23T14:24:44.900Z</time></trkpt>
<trkpt lat="54.375717" lon="18.777808"><time>2026-05-23T14:24:46.900Z</time></trkpt>
<trkpt lat="54.375689" lon="18.777777"><time>2026-05-23T14:24:48.900Z</time></trkpt>
<trkpt lat="54.375661" lon="18.777736"><time>2026-05-23T14:24:50.900Z</time></trkpt>
<trkpt lat="54.375632" lon="18.777703"><time>2026-05-23T14:24:52.900Z</time></trkpt>
<trkpt lat="54.375601" lon="18.777669"><time>2026-05-23T14:24:54.900Z</time></trkpt>
<trkpt lat="54.375572" lon="18.777639"><time>2026-05-23T14:24:56.900Z</time></trkpt>
<trkpt lat="54.375543" lon="18.777609"><time>2026-05-23T14:24:58.900Z</time></trkpt>
<trkpt lat="54.375512" lon="18.777576"><time>2026-05-23T14:25:00.900Z</time></trkpt>
<trkpt lat="54.375481" lon="18.777546"><time>2026-05-23T14:25:02.900Z</time></trkpt>
<trkpt lat="54.375451" lon="18.777520"><time>2026-05-23T14:25:04.900Z</time></trkpt>
<trkpt lat="54.375419" lon="18.777494"><time>2026-05-23T14:25:06.900Z</time></trkpt>
<trkpt lat="54.375389" lon="18.777469"><time>2026-05-23T14:25:08.900Z</time></trkpt>
<trkpt lat="54.375347" lon="18.777436"><time>2026-05-23T14:25:10.900Z</time></trkpt>
<trkpt lat="54.375319" lon="18.777413"><time>2026-05-23T14:25:12.900Z</time></trkpt>
<trkpt lat="54.375293" lon="18.777395"><time>2026-05-23T14:25:14.900Z</time></trkpt>
<trkpt lat="54.375258" lon="18.777372"><time>2026-05-23T14:25:16.900Z</time></trkpt>
<trkpt lat="54.375229" lon="18.777344"><time>2026-05-23T14:25:19.000Z</time></trkpt>
<trkpt lat="54.375213" lon="18.777334"><time>2026-05-23T14:25:20.000Z</time></trkpt>
<trkpt lat="54.375181" lon="18.777308"><time>2026-05-23T14:25:22.000Z</time></trkpt>
<trkpt lat="54.375150" lon="18.777292"><time>2026-05-23T14:25:24.000Z</time></trkpt>
<trkpt lat="54.375118" lon="18.777275"><time>2026-05-23T14:25:26.000Z</time></trkpt>
<trkpt lat="54.375088" lon="18.777254"><time>2026-05-23T14:25:28.000Z</time></trkpt>
<trkpt lat="54.375058" lon="18.777239"><time>2026-05-23T14:25:30.000Z</time></trkpt>
<trkpt lat="54.375023" lon="18.777211"><time>2026-05-23T14:25:32.000Z</time></trkpt>
<trkpt lat="54.374988" lon="18.777195"><time>2026-05-23T14:25:34.000Z</time></trkpt>
<trkpt lat="54.374954" lon="18.777179"><time>2026-05-23T14:25:36.000Z</time></trkpt>
<trkpt lat="54.374918" lon="18.777170"><time>2026-05-23T14:25:38.000Z</time></trkpt>
<trkpt lat="54.374884" lon="18.777155"><time>2026-05-23T14:25:40.000Z</time></trkpt>
<trkpt lat="54.374849" lon="18.777155"><time>2026-05-23T14:25:42.000Z</time></trkpt>
<trkpt lat="54.374815" lon="18.777148"><time>2026-05-23T14:25:44.000Z</time></trkpt>
<trkpt lat="54.374784" lon="18.777148"><time>2026-05-23T14:25:46.000Z</time></trkpt>
<trkpt lat="54.374754" lon="18.777160"><time>2026-05-23T14:25:48.000Z</time></trkpt>
<trkpt lat="54.374715" lon="18.777201"><time>2026-05-23T14:25:50.000Z</time></trkpt>
<trkpt lat="54.374695" lon="18.777237"><time>2026-05-23T14:25:52.000Z</time></trkpt>
<trkpt lat="54.374664" lon="18.777272"><time>2026-05-23T14:25:54.000Z</time></trkpt>
<trkpt lat="54.374634" lon="18.777295"><time>2026-05-23T14:25:56.000Z</time></trkpt>
<trkpt lat="54.374602" lon="18.777326"><time>2026-05-23T14:25:58.000Z</time></trkpt>
<trkpt lat="54.374586" lon="18.777371"><time>2026-05-23T14:26:00.000Z</time></trkpt>
<trkpt lat="54.374566" lon="18.777419"><time>2026-05-23T14:26:02.000Z</time></trkpt>
<trkpt lat="54.374558" lon="18.777465"><time>2026-05-23T14:26:04.000Z</time></trkpt>
<trkpt lat="54.374552" lon="18.777513"><time>2026-05-23T14:26:06.000Z</time></trkpt>
<trkpt lat="54.374559" lon="18.777558"><time>2026-05-23T14:26:08.000Z</time></trkpt>
<trkpt lat="54.374570" lon="18.777593"><time>2026-05-23T14:26:10.000Z</time></trkpt>
<trkpt lat="54.374588" lon="18.777628"><time>2026-05-23T14:26:12.000Z</time></trkpt>
<trkpt lat="54.374610" lon="18.777658"><time>2026-05-23T14:26:14.000Z</time></trkpt>
<trkpt lat="54.374630" lon="18.777682"><time>2026-05-23T14:26:16.000Z</time></trkpt>
<trkpt lat="54.374655" lon="18.777733"><time>2026-05-23T14:26:18.900Z</time></trkpt>
<trkpt lat="54.374670" lon="18.777766"><time>2026-05-23T14:26:20.900Z</time></trkpt>
<trkpt lat="54.374690" lon="18.777780"><time>2026-05-23T14:26:22.900Z</time></trkpt>
<trkpt lat="54.374712" lon="18.777776"><time>2026-05-23T14:26:24.900Z</time></trkpt>
<trkpt lat="54.374731" lon="18.777751"><time>2026-05-23T14:26:26.900Z</time></trkpt>
<trkpt lat="54.374744" lon="18.777723"><time>2026-05-23T14:26:28.900Z</time></trkpt>
<trkpt lat="54.374749" lon="18.777688"><time>2026-05-23T14:26:30.900Z</time></trkpt>
<trkpt lat="54.374744" lon="18.777659"><time>2026-05-23T14:26:32.900Z</time></trkpt>
<trkpt lat="54.374731" lon="18.777641"><time>2026-05-23T14:26:34.900Z</time></trkpt>
<trkpt lat="54.374715" lon="18.777631"><time>2026-05-23T14:26:36.900Z</time></trkpt>
<trkpt lat="54.374694" lon="18.777626"><time>2026-05-23T14:26:38.900Z</time></trkpt>
<trkpt lat="54.374673" lon="18.777618"><time>2026-05-23T14:26:40.900Z</time></trkpt>
<trkpt lat="54.374653" lon="18.777610"><time>2026-05-23T14:26:42.900Z</time></trkpt>
<trkpt lat="54.374629" lon="18.777603"><time>2026-05-23T14:26:44.900Z</time></trkpt>
<trkpt lat="54.374603" lon="18.777595"><time>2026-05-23T14:26:46.900Z</time></trkpt>
<trkpt lat="54.374577" lon="18.777590"><time>2026-05-23T14:26:48.900Z</time></trkpt>
<trkpt lat="54.374551" lon="18.777592"><time>2026-05-23T14:26:50.900Z</time></trkpt>
<trkpt lat="54.374520" lon="18.777590"><time>2026-05-23T14:26:52.900Z</time></trkpt>
<trkpt lat="54.374492" lon="18.777591"><time>2026-05-23T14:26:54.900Z</time></trkpt>
<trkpt lat="54.374463" lon="18.777597"><time>2026-05-23T14:26:56.900Z</time></trkpt>
<trkpt lat="54.374436" lon="18.777605"><time>2026-05-23T14:26:58.900Z</time></trkpt>
<trkpt lat="54.374403" lon="18.777607"><time>2026-05-23T14:27:00.900Z</time></trkpt>
<trkpt lat="54.374376" lon="18.777616"><time>2026-05-23T14:27:02.900Z</time></trkpt>
<trkpt lat="54.374345" lon="18.777628"><time>2026-05-23T14:27:04.900Z</time></trkpt>
<trkpt lat="54.374316" lon="18.777646"><time>2026-05-23T14:27:06.900Z</time></trkpt>
<trkpt lat="54.374287" lon="18.777662"><time>2026-05-23T14:27:08.900Z</time></trkpt>
<trkpt lat="54.374259" lon="18.777687"><time>2026-05-23T14:27:10.900Z</time></trkpt>
<trkpt lat="54.374230" lon="18.777705"><time>2026-05-23T14:27:12.900Z</time></trkpt>
<trkpt lat="54.374198" lon="18.777710"><time>2026-05-23T14:27:14.900Z</time></trkpt>
<trkpt lat="54.374166" lon="18.777707"><time>2026-05-23T14:27:16.900Z</time></trkpt>
<trkpt lat="54.374129" lon="18.777696"><time>2026-05-23T14:27:18.900Z</time></trkpt>
<trkpt lat="54.374097" lon="18.777692"><time>2026-05-23T14:27:20.900Z</time></trkpt>
<trkpt lat="54.374070" lon="18.777689"><time>2026-05-23T14:27:22.900Z</time></trkpt>
<trkpt lat="54.374043" lon="18.777690"><time>2026-05-23T14:27:25.000Z</time></trkpt>
<trkpt lat="54.374029" lon="18.777695"><time>2026-05-23T14:27:26.000Z</time></trkpt>
<trkpt lat="54.374008" lon="18.777732"><time>2026-05-23T14:27:28.000Z</time></trkpt>
<trkpt lat="54.373977" lon="18.777758"><time>2026-05-23T14:27:30.000Z</time></trkpt>
<trkpt lat="54.373954" lon="18.777775"><time>2026-05-23T14:27:32.000Z</time></trkpt>
<trkpt lat="54.373928" lon="18.777798"><time>2026-05-23T14:27:34.000Z</time></trkpt>
<trkpt lat="54.373901" lon="18.777820"><time>2026-05-23T14:27:36.000Z</time></trkpt>
<trkpt lat="54.373878" lon="18.777839"><time>2026-05-23T14:27:38.000Z</time></trkpt>
<trkpt lat="54.373848" lon="18.777858"><time>2026-05-23T14:27:40.000Z</time></trkpt>
<trkpt lat="54.373819" lon="18.777883"><time>2026-05-23T14:27:42.000Z</time></trkpt>
<trkpt lat="54.373791" lon="18.777902"><time>2026-05-23T14:27:44.000Z</time></trkpt>
<trkpt lat="54.373762" lon="18.777925"><time>2026-05-23T14:27:46.000Z</time></trkpt>
<trkpt lat="54.373736" lon="18.777947"><time>2026-05-23T14:27:48.000Z</time></trkpt>
<trkpt lat="54.373708" lon="18.777957"><time>2026-05-23T14:27:50.000Z</time></trkpt>
<trkpt lat="54.373681" lon="18.777980"><time>2026-05-23T14:27:52.000Z</time></trkpt>
<trkpt lat="54.373651" lon="18.777990"><time>2026-05-23T14:27:54.000Z</time></trkpt>
<trkpt lat="54.373623" lon="18.778016"><time>2026-05-23T14:27:56.000Z</time></trkpt>
<trkpt lat="54.373596" lon="18.778033"><time>2026-05-23T14:27:58.000Z</time></trkpt>
<trkpt lat="54.373561" lon="18.778049"><time>2026-05-23T14:28:00.000Z</time></trkpt>
<trkpt lat="54.373533" lon="18.778058"><time>2026-05-23T14:28:02.000Z</time></trkpt>
<trkpt lat="54.373505" lon="18.778071"><time>2026-05-23T14:28:04.000Z</time></trkpt>
<trkpt lat="54.373477" lon="18.778084"><time>2026-05-23T14:28:06.000Z</time></trkpt>
<trkpt lat="54.373448" lon="18.778092"><time>2026-05-23T14:28:08.000Z</time></trkpt>
<trkpt lat="54.373416" lon="18.778101"><time>2026-05-23T14:28:10.000Z</time></trkpt>
<trkpt lat="54.373386" lon="18.778115"><time>2026-05-23T14:28:12.000Z</time></trkpt>
<trkpt lat="54.373354" lon="18.778128"><time>2026-05-23T14:28:14.000Z</time></trkpt>
<trkpt lat="54.373328" lon="18.778125"><time>2026-05-23T14:28:16.000Z</time></trkpt>
<trkpt lat="54.373294" lon="18.778132"><time>2026-05-23T14:28:18.000Z</time></trkpt>
<trkpt lat="54.373245" lon="18.778150"><time>2026-05-23T14:28:20.900Z</time></trkpt>
<trkpt lat="54.373214" lon="18.778164"><time>2026-05-23T14:28:22.900Z</time></trkpt>
<trkpt lat="54.373179" lon="18.778176"><time>2026-05-23T14:28:24.900Z</time></trkpt>
<trkpt lat="54.373144" lon="18.778185"><time>2026-05-23T14:28:26.900Z</time></trkpt>
<trkpt lat="54.373115" lon="18.778192"><time>2026-05-23T14:28:28.900Z</time></trkpt>
<trkpt lat="54.373083" lon="18.778202"><time>2026-05-23T14:28:30.900Z</time></trkpt>
<trkpt lat="54.373054" lon="18.778202"><time>2026-05-23T14:28:32.900Z</time></trkpt>
<trkpt lat="54.373019" lon="18.778206"><time>2026-05-23T14:28:34.900Z</time></trkpt>
<trkpt lat="54.372980" lon="18.778212"><time>2026-05-23T14:28:36.900Z</time></trkpt>
<trkpt lat="54.372954" lon="18.778215"><time>2026-05-23T14:28:38.900Z</time></trkpt>
<trkpt lat="54.372921" lon="18.778228"><time>2026-05-23T14:28:40.900Z</time></trkpt>
<trkpt lat="54.372889" lon="18.778235"><time>2026-05-23T14:28:42.900Z</time></trkpt>
<trkpt lat="54.372864" lon="18.778248"><time>2026-05-23T14:28:44.900Z</time></trkpt>
<trkpt lat="54.372832" lon="18.778261"><time>2026-05-23T14:28:46.900Z</time></trkpt>
<trkpt lat="54.372799" lon="18.778260"><time>2026-05-23T14:28:48.900Z</time></trkpt>
<trkpt lat="54.372767" lon="18.778274"><time>2026-05-23T14:28:50.900Z</time></trkpt>
<trkpt lat="54.372738" lon="18.778293"><time>2026-05-23T14:28:52.900Z</time></trkpt>
<trkpt lat="54.372707" lon="18.778301"><time>2026-05-23T14:28:54.900Z</time></trkpt>
<trkpt lat="54.372670" lon="18.778312"><time>2026-05-23T14:28:56.900Z</time></trkpt>
<trkpt lat="54.372643" lon="18.778323"><time>2026-05-23T14:28:58.900Z</time></trkpt>
<trkpt lat="54.372609" lon="18.778338"><time>2026-05-23T14:29:00.900Z</time></trkpt>
<trkpt lat="54.372577" lon="18.778346"><time>2026-05-23T14:29:02.900Z</time></trkpt>
<trkpt lat="54.372546" lon="18.778361"><time>2026-05-23T14:29:04.900Z</time></trkpt>
<trkpt lat="54.372513" lon="18.778374"><time>2026-05-23T14:29:06.900Z</time></trkpt>
<trkpt lat="54.372482" lon="18.778386"><time>2026-05-23T14:29:08.900Z</time></trkpt>
<trkpt lat="54.372452" lon="18.778408"><time>2026-05-23T14:29:10.900Z</time></trkpt>
<trkpt lat="54.372420" lon="18.778427"><time>2026-05-23T14:29:12.900Z</time></trkpt>
<trkpt lat="54.372390" lon="18.778447"><time>2026-05-23T14:29:14.900Z</time></trkpt>
<trkpt lat="54.372357" lon="18.778463"><time>2026-05-23T14:29:16.900Z</time></trkpt>
<trkpt lat="54.372326" lon="18.778479"><time>2026-05-23T14:29:18.900Z</time></trkpt>
<trkpt lat="54.372293" lon="18.778501"><time>2026-05-23T14:29:20.900Z</time></trkpt>
<trkpt lat="54.372266" lon="18.778528"><time>2026-05-23T14:29:22.900Z</time></trkpt>
<trkpt lat="54.372232" lon="18.778548"><time>2026-05-23T14:29:24.900Z</time></trkpt>
<trkpt lat="54.372199" lon="18.778561"><time>2026-05-23T14:29:26.900Z</time></trkpt>
<trkpt lat="54.372158" lon="18.778563"><time>2026-05-23T14:29:28.900Z</time></trkpt>
<trkpt lat="54.372126" lon="18.778583"><time>2026-05-23T14:29:31.000Z</time></trkpt>
<trkpt lat="54.372112" lon="18.778593"><time>2026-05-23T14:29:32.000Z</time></trkpt>
<trkpt lat="54.372081" lon="18.778608"><time>2026-05-23T14:29:34.000Z</time></trkpt>
<trkpt lat="54.372050" lon="18.778624"><time>2026-05-23T14:29:36.000Z</time></trkpt>
<trkpt lat="54.372031" lon="18.778621"><time>2026-05-23T14:29:38.000Z</time></trkpt>
<trkpt lat="54.372001" lon="18.778642"><time>2026-05-23T14:29:40.000Z</time></trkpt>
<trkpt lat="54.371974" lon="18.778672"><time>2026-05-23T14:29:42.000Z</time></trkpt>
<trkpt lat="54.371942" lon="18.778688"><time>2026-05-23T14:29:44.000Z</time></trkpt>
<trkpt lat="54.371908" lon="18.778702"><time>2026-05-23T14:29:46.000Z</time></trkpt>
<trkpt lat="54.371872" lon="18.778708"><time>2026-05-23T14:29:48.000Z</time></trkpt>
<trkpt lat="54.371841" lon="18.778723"><time>2026-05-23T14:29:50.000Z</time></trkpt>
<trkpt lat="54.371810" lon="18.778739"><time>2026-05-23T14:29:52.000Z</time></trkpt>
<trkpt lat="54.371783" lon="18.778764"><time>2026-05-23T14:29:54.000Z</time></trkpt>
<trkpt lat="54.371758" lon="18.778784"><time>2026-05-23T14:29:56.000Z</time></trkpt>
<trkpt lat="54.371733" lon="18.778804"><time>2026-05-23T14:29:58.000Z</time></trkpt>
<trkpt lat="54.371700" lon="18.778833"><time>2026-05-23T14:30:00.000Z</time></trkpt>
<trkpt lat="54.371677" lon="18.778854"><time>2026-05-23T14:30:02.000Z</time></trkpt>
<trkpt lat="54.371648" lon="18.778874"><time>2026-05-23T14:30:04.000Z</time></trkpt>
<trkpt lat="54.371624" lon="18.778897"><time>2026-05-23T14:30:06.000Z</time></trkpt>
<trkpt lat="54.371588" lon="18.778929"><time>2026-05-23T14:30:08.000Z</time></trkpt>
<trkpt lat="54.371557" lon="18.778946"><time>2026-05-23T14:30:10.000Z</time></trkpt>
<trkpt lat="54.371522" lon="18.778991"><time>2026-05-23T14:30:12.000Z</time></trkpt>
<trkpt lat="54.371479" lon="18.779028"><time>2026-05-23T14:30:14.000Z</time></trkpt>
<trkpt lat="54.371456" lon="18.779054"><time>2026-05-23T14:30:16.000Z</time></trkpt>
<trkpt lat="54.371429" lon="18.779073"><time>2026-05-23T14:30:18.000Z</time></trkpt>
<trkpt lat="54.371403" lon="18.779089"><time>2026-05-23T14:30:20.000Z</time></trkpt>
<trkpt lat="54.371370" lon="18.779113"><time>2026-05-23T14:30:22.000Z</time></trkpt>
<trkpt lat="54.371344" lon="18.779138"><time>2026-05-23T14:30:24.000Z</time></trkpt>
<trkpt lat="54.371315" lon="18.779164"><time>2026-05-23T14:30:26.000Z</time></trkpt>
<trkpt lat="54.371272" lon="18.779194"><time>2026-05-23T14:30:28.900Z</time></trkpt>
<trkpt lat="54.371243" lon="18.779221"><time>2026-05-23T14:30:30.900Z</time></trkpt>
<trkpt lat="54.371213" lon="18.779241"><time>2026-05-23T14:30:32.900Z</time></trkpt>
<trkpt lat="54.371184" lon="18.779268"><time>2026-05-23T14:30:34.900Z</time></trkpt>
<trkpt lat="54.371156" lon="18.779294"><time>2026-05-23T14:30:36.900Z</time></trkpt>
<trkpt lat="54.371127" lon="18.779316"><time>2026-05-23T14:30:38.900Z</time></trkpt>
<trkpt lat="54.371102" lon="18.779347"><time>2026-05-23T14:30:40.900Z</time></trkpt>
<trkpt lat="54.371075" lon="18.779358"><time>2026-05-23T14:30:42.900Z</time></trkpt>
<trkpt lat="54.371038" lon="18.779387"><time>2026-05-23T14:30:44.900Z</time></trkpt>
<trkpt lat="54.371004" lon="18.779408"><time>2026-05-23T14:30:46.900Z</time></trkpt>
<trkpt lat="54.370973" lon="18.779429"><time>2026-05-23T14:30:48.900Z</time></trkpt>
<trkpt lat="54.370942" lon="18.779453"><time>2026-05-23T14:30:50.900Z</time></trkpt>
<trkpt lat="54.370914" lon="18.779472"><time>2026-05-23T14:30:52.900Z</time></trkpt>
<trkpt lat="54.370886" lon="18.779496"><time>2026-05-23T14:30:54.900Z</time></trkpt>
<trkpt lat="54.370856" lon="18.779520"><time>2026-05-23T14:30:56.900Z</time></trkpt>
<trkpt lat="54.370826" lon="18.779541"><time>2026-05-23T14:30:58.900Z</time></trkpt>
<trkpt lat="54.370793" lon="18.779554"><time>2026-05-23T14:31:00.900Z</time></trkpt>
<trkpt lat="54.370764" lon="18.779568"><time>2026-05-23T14:31:02.900Z</time></trkpt>
<trkpt lat="54.370736" lon="18.779587"><time>2026-05-23T14:31:04.900Z</time></trkpt>
<trkpt lat="54.370699" lon="18.779613"><time>2026-05-23T14:31:06.900Z</time></trkpt>
<trkpt lat="54.370669" lon="18.779633"><time>2026-05-23T14:31:08.900Z</time></trkpt>
<trkpt lat="54.370643" lon="18.779642"><time>2026-05-23T14:31:10.900Z</time></trkpt>
<trkpt lat="54.370611" lon="18.779656"><time>2026-05-23T14:31:12.900Z</time></trkpt>
<trkpt lat="54.370578" lon="18.779678"><time>2026-05-23T14:31:14.900Z</time></trkpt>
<trkpt lat="54.370550" lon="18.779704"><time>2026-05-23T14:31:16.900Z</time></trkpt>
<trkpt lat="54.370516" lon="18.779731"><time>2026-05-23T14:31:18.900Z</time></trkpt>
<trkpt lat="54.370488" lon="18.779745"><time>2026-05-23T14:31:20.900Z</time></trkpt>
<trkpt lat="54.370461" lon="18.779744"><time>2026-05-23T14:31:22.900Z</time></trkpt>
<trkpt lat="54.370445" lon="18.779760"><time>2026-05-23T14:31:24.900Z</time></trkpt>
<trkpt lat="54.370412" lon="18.779783"><time>2026-05-23T14:31:26.900Z</time></trkpt>
<trkpt lat="54.370376" lon="18.779809"><time>2026-05-23T14:31:28.900Z</time></trkpt>
<trkpt lat="54.370331" lon="18.779850"><time>2026-05-23T14:31:30.900Z</time></trkpt>
<trkpt lat="54.370302" lon="18.779878"><time>2026-05-23T14:31:32.900Z</time></trkpt>
<trkpt lat="54.370270" lon="18.779918"><time>2026-05-23T14:31:34.900Z</time></trkpt>
<trkpt lat="54.370231" lon="18.779941"><time>2026-05-23T14:31:37.000Z</time></trkpt>
<trkpt lat="54.370220" lon="18.779962"><time>2026-05-23T14:31:38.000Z</time></trkpt>
<trkpt lat="54.370183" lon="18.779969"><time>2026-05-23T14:31:40.000Z</time></trkpt>
<trkpt lat="54.370153" lon="18.779989"><time>2026-05-23T14:31:42.000Z</time></trkpt>
<trkpt lat="54.370126" lon="18.780027"><time>2026-05-23T14:31:44.000Z</time></trkpt>
<trkpt lat="54.370101" lon="18.780025"><time>2026-05-23T14:31:46.000Z</time></trkpt>
<trkpt lat="54.370077" lon="18.780041"><time>2026-05-23T14:31:48.000Z</time></trkpt>
<trkpt lat="54.370044" lon="18.780074"><time>2026-05-23T14:31:50.000Z</time></trkpt>
<trkpt lat="54.370013" lon="18.780103"><time>2026-05-23T14:31:52.000Z</time></trkpt>
<trkpt lat="54.369979" lon="18.780118"><time>2026-05-23T14:31:54.000Z</time></trkpt>
<trkpt lat="54.369944" lon="18.780131"><time>2026-05-23T14:31:56.000Z</time></trkpt>
<trkpt lat="54.369915" lon="18.780152"><time>2026-05-23T14:31:58.000Z</time></trkpt>
<trkpt lat="54.369883" lon="18.780162"><time>2026-05-23T14:32:00.000Z</time></trkpt>
<trkpt lat="54.369848" lon="18.780178"><time>2026-05-23T14:32:02.000Z</time></trkpt>
<trkpt lat="54.369821" lon="18.780201"><time>2026-05-23T14:32:04.000Z</time></trkpt>
<trkpt lat="54.369787" lon="18.780224"><time>2026-05-23T14:32:06.000Z</time></trkpt>
<trkpt lat="54.369754" lon="18.780249"><time>2026-05-23T14:32:08.000Z</time></trkpt>
<trkpt lat="54.369723" lon="18.780253"><time>2026-05-23T14:32:10.000Z</time></trkpt>
<trkpt lat="54.369693" lon="18.780262"><time>2026-05-23T14:32:12.000Z</time></trkpt>
<trkpt lat="54.369659" lon="18.780275"><time>2026-05-23T14:32:14.000Z</time></trkpt>
<trkpt lat="54.369626" lon="18.780290"><time>2026-05-23T14:32:16.000Z</time></trkpt>
<trkpt lat="54.369592" lon="18.780304"><time>2026-05-23T14:32:18.000Z</time></trkpt>
<trkpt lat="54.369559" lon="18.780320"><time>2026-05-23T14:32:20.000Z</time></trkpt>
<trkpt lat="54.369525" lon="18.780340"><time>2026-05-23T14:32:22.000Z</time></trkpt>
<trkpt lat="54.369492" lon="18.780354"><time>2026-05-23T14:32:24.000Z</time></trkpt>
<trkpt lat="54.369471" lon="18.780359"><time>2026-05-23T14:32:26.000Z</time></trkpt>
<trkpt lat="54.369419" lon="18.780375"><time>2026-05-23T14:32:28.900Z</time></trkpt>
<trkpt lat="54.369387" lon="18.780396"><time>2026-05-23T14:32:30.900Z</time></trkpt>
<trkpt lat="54.369355" lon="18.780412"><time>2026-05-23T14:32:32.900Z</time></trkpt>
<trkpt lat="54.369325" lon="18.780431"><time>2026-05-23T14:32:34.900Z</time></trkpt>
<trkpt lat="54.369292" lon="18.780447"><time>2026-05-23T14:32:36.900Z</time></trkpt>
<trkpt lat="54.369260" lon="18.780462"><time>2026-05-23T14:32:38.900Z</time></trkpt>
<trkpt lat="54.369233" lon="18.780485"><time>2026-05-23T14:32:40.900Z</time></trkpt>
<trkpt lat="54.369200" lon="18.780503"><time>2026-05-23T14:32:42.900Z</time></trkpt>
<trkpt lat="54.369158" lon="18.780514"><time>2026-05-23T14:32:44.900Z</time></trkpt>
<trkpt lat="54.369127" lon="18.780521"><time>2026-05-23T14:32:46.900Z</time></trkpt>
<trkpt lat="54.369094" lon="18.780543"><time>2026-05-23T14:32:48.900Z</time></trkpt>
<trkpt lat="54.369062" lon="18.780582"><time>2026-05-23T14:32:50.900Z</time></trkpt>
<trkpt lat="54.369030" lon="18.780593"><time>2026-05-23T14:32:52.900Z</time></trkpt>
<trkpt lat="54.368999" lon="18.780604"><time>2026-05-23T14:32:54.900Z</time></trkpt>
<trkpt lat="54.368965" lon="18.780620"><time>2026-05-23T14:32:56.900Z</time></trkpt>
<trkpt lat="54.368936" lon="18.780637"><time>2026-05-23T14:32:58.900Z</time></trkpt>
<trkpt lat="54.368908" lon="18.780647"><time>2026-05-23T14:33:00.900Z</time></trkpt>
<trkpt lat="54.368875" lon="18.780660"><time>2026-05-23T14:33:02.900Z</time></trkpt>
<trkpt lat="54.368838" lon="18.780683"><time>2026-05-23T14:33:04.900Z</time></trkpt>
<trkpt lat="54.368803" lon="18.780699"><time>2026-05-23T14:33:06.900Z</time></trkpt>
<trkpt lat="54.368770" lon="18.780719"><time>2026-05-23T14:33:08.900Z</time></trkpt>
<trkpt lat="54.368739" lon="18.780735"><time>2026-05-23T14:33:10.900Z</time></trkpt>
<trkpt lat="54.368701" lon="18.780755"><time>2026-05-23T14:33:12.900Z</time></trkpt>
<trkpt lat="54.368672" lon="18.780772"><time>2026-05-23T14:33:14.900Z</time></trkpt>
<trkpt lat="54.368640" lon="18.780789"><time>2026-05-23T14:33:16.900Z</time></trkpt>
<trkpt lat="54.368608" lon="18.780805"><time>2026-05-23T14:33:18.900Z</time></trkpt>
<trkpt lat="54.368573" lon="18.780816"><time>2026-05-23T14:33:20.900Z</time></trkpt>
<trkpt lat="54.368539" lon="18.780827"><time>2026-05-23T14:33:22.900Z</time></trkpt>
<trkpt lat="54.368507" lon="18.780833"><time>2026-05-23T14:33:24.900Z</time></trkpt>
<trkpt lat="54.368474" lon="18.780841"><time>2026-05-23T14:33:26.900Z</time></trkpt>
<trkpt lat="54.368439" lon="18.780851"><time>2026-05-23T14:33:28.900Z</time></trkpt>
<trkpt lat="54.368405" lon="18.780859"><time>2026-05-23T14:33:30.900Z</time></trkpt>
<trkpt lat="54.368371" lon="18.780862"><time>2026-05-23T14:33:32.900Z</time></trkpt>
<trkpt lat="54.368334" lon="18.780867"><time>2026-05-23T14:33:34.900Z</time></trkpt>
<trkpt lat="54.368300" lon="18.780879"><time>2026-05-23T14:33:36.900Z</time></trkpt>
</trkseg></trk>
</gpx>