<?xml version="1.0" encoding="UTF-8" standalone="no" ?><gpx xmlns="http://www.topografix.com/GPX/1/1">
<trk><trkseg>
<trkpt lat="54.381483" lon="18.792130"><time>2026-05-23T09:05:00.900Z</time></trkpt>
<trkpt lat="54.381509" lon="18.792138"><time>2026-05-23T09:05:02.900Z</time></trkpt>
<trkpt lat="54.381537" lon="18.792145"><time>2026-05-23T09:05:04.900Z</time></trkpt>
<trkpt lat="54.381566" lon="18.792154"><time>2026-05-23T09:05:06.900Z</time></trkpt>
<trkpt lat="54.381592" lon="18.792165"><time>2026-05-23T09:05:08.900Z</time></trkpt>
<trkpt lat="54.381618" lon="18.792175"><time>2026-05-23T09:05:10.900Z</time></trkpt>
<trkpt lat="54.381647" lon="18.792186"><time>2026-05-23T09:05:12.900Z</time></trkpt>
<trkpt lat="54.381675" lon="18.792198"><time>2026-05-23T09:05:14.900Z</time></trkpt>
<trkpt lat="54.381702" lon="18.792211"><time>2026-05-23T09:05:16.900Z</time></trkpt>
<trkpt lat="54.381728" lon="18.792225"><time>2026-05-23T09:05:18.900Z</time></trkpt>
<trkpt lat="54.381755" lon="18.792239"><time>2026-05-23T09:05:20.900Z</time></trkpt>
<trkpt lat="54.381784" lon="18.792255"><time>2026-05-23T09:05:22.900Z</time></trkpt>
<trkpt lat="54.381812" lon="18.792271"><time>2026-05-23T09:05:24.900Z</time></trkpt>
<trkpt lat="54.381839" lon="18.792287"><time>2026-05-23T09:05:26.900Z</time></trkpt>
<trkpt lat="54.381869" lon="18.792304"><time>2026-05-23T09:05:28.900Z</time></trkpt>
<trkpt lat="54.381898" lon="18.792321"><time>2026-05-23T09:05:30.900Z</time></trkpt>
<trkpt lat="54.381925" lon="18.792334"><time>2026-05-23T09:05:32.900Z</time></trkpt>
<trkpt lat="54.381950" lon="18.792352"><time>2026-05-23T09:05:34.900Z</time></trkpt>
<trkpt lat="54.381976" lon="18.792364"><time>2026-05-23T09:05:36.900Z</time></trkpt>
<trkpt lat="54.382000" lon="18.792381"><time>2026-05-23T09:05:38.900Z</time></trkpt>
<trkpt lat="54.382026" lon="18.792402"><time>2026-05-23T09:05:40.900Z</time></trkpt>
<trkpt lat="54.382053" lon="18.792418"><time>2026-05-23T09:05:42.900Z</time></trkpt>
<trkpt lat="54.382078" lon="18.792436"><time>2026-05-23T09:05:44.900Z</time></trkpt>
<trkpt lat="54.382104" lon="18.792453"><time>2026-05-23T09:05:46.900Z</time></trkpt>
<trkpt lat="54.382129" lon="18.792465"><time>2026-05-23T09:05:48.900Z</time></trkpt>
<trkpt lat="54.382154" lon="18.792474"><time>2026-05-23T09:05:50.900Z</time></trkpt>
<trkpt lat="54.382181" lon="18.792508"><time>2026-05-23T09:05:52.900Z</time></trkpt>
<trkpt lat="54.382212" lon="18.792521"><time>2026-05-23T09:05:54.900Z</time></trkpt>
<trkpt lat="54.382240" lon="18.792534"><time>2026-05-23T09:05:56.900Z</time></trkpt>
<trkpt lat="54.382264" lon="18.792538"><time>2026-05-23T09:05:58.900Z</time></trkpt>
<trkpt lat="54.382293" lon="18.792541"><time>2026-05-23T09:06:00.900Z</time></trkpt>
<trkpt lat="54.382325" lon="18.792545"><time>2026-05-23T09:06:02.900Z</time></trkpt>
<trkpt lat="54.382356" lon="18.792552"><time>2026-05-23T09:06:04.900Z</time></trkpt>
<trkpt lat="54.382385" lon="18.792571"><time>2026-05-23T09:06:06.900Z</time></trkpt>
<trkpt lat="54.382409" lon="18.792592"><time>2026-05-23T09:06:08.900Z</time></trkpt>
<trkpt lat="54.382438" lon="18.792610"><time>2026-05-23T09:06:10.900Z</time></trkpt>
<trkpt lat="54.382467" lon="18.792622"><time>2026-05-23T09:06:12.900Z</time></trkpt>
<trkpt lat="54.382499" lon="18.792629"><time>2026-05-23T09:06:14.900Z</time></trkpt>
<trkpt lat="54.382526" lon="18.792648"><time>2026-05-23T09:06:16.900Z</time></trkpt>
<trkpt lat="54.382553" lon="18.792665"><time>2026-05-23T09:06:18.900Z</time></trkpt>
<trkpt lat="54.382581" lon="18.792681"><time>2026-05-23T09:06:20.900Z</time></trkpt>
<trkpt lat="54.382616" lon="18.792678"><time>2026-05-23T09:06:22.900Z</time></trkpt>
<trkpt lat="54.382653" lon="18.792675"><time>2026-05-23T09:06:24.900Z</time></trkpt>
<trkpt lat="54.382690" lon="18.792667"><time>2026-05-23T09:06:26.900Z</time></trkpt>
<trkpt lat="54.382726" lon="18.792666"><time>2026-05-23T09:06:28.900Z</time></trkpt>
<trkpt lat="54.382750" lon="18.792699"><time>2026-05-23T09:06:30.900Z</time></trkpt>
<trkpt lat="54.382778" lon="18.792724"><time>2026-05-23T09:06:32.900Z</time></trkpt>
<trkpt lat="54.382806" lon="18.792751"><time>2026-05-23T09:06:34.900Z</time></trkpt>
<trkpt lat="54.382833" lon="18.792780"><time>2026-05-23T09:06:36.900Z</time></trkpt>
<trkpt lat="54.382865" lon="18.792800"><time>2026-05-23T09:06:38.900Z</time></trkpt>
<trkpt lat="54.382896" lon="18.792820"><time>2026-05-23T09:06:40.900Z</time></trkpt>
<trkpt lat="54.382926" lon="18.792838"><time>2026-05-23T09:06:42.900Z</time></trkpt>
<trkpt lat="54.382957" lon="18.792854"><time>2026-05-23T09:06:44.900Z</time></trkpt>
<trkpt lat="54.382988" lon="18.792869"><time>2026-05-23T09:06:46.900Z</time></trkpt>
<trkpt lat="54.383018" lon="18.792885"><time>2026-05-23T09:06:48.900Z</time></trkpt>
<trkpt lat="54.383045" lon="18.792897"><time>2026-05-23T09:06:50.900Z</time></trkpt>
<trkpt lat="54.383072" lon="18.792922"><time>2026-05-23T09:06:52.900Z</time></trkpt>
<trkpt lat="54.383102" lon="18.792937"><time>2026-05-23T09:06:54.900Z</time></trkpt>
<trkpt lat="54.383131" lon="18.792966"><time>2026-05-23T09:06:56.900Z</time></trkpt>
<trkpt lat="54.383162" lon="18.792985"><time>2026-05-23T09:06:58.900Z</time></trkpt>
<trkpt lat="54.383196" lon="18.793008"><time>2026-05-23T09:07:00.900Z</time></trkpt>
<trkpt lat="54.383231" lon="18.793028"><time>2026-05-23T09:07:02.900Z</time></trkpt>
<trkpt lat="54.383260" lon="18.793063"><time>2026-05-23T09:07:04.900Z</time></trkpt>
<trkpt lat="54.383293" lon="18.793082"><time>2026-05-23T09:07:06.900Z</time></trkpt>
<trkpt lat="54.383323" lon="18.793103"><time>2026-05-23T09:07:08.900Z</time></trkpt>
<trkpt lat="54.383357" lon="18.793131"><time>2026-05-23T09:07:10.900Z</time></trkpt>
<trkpt lat="54.383385" lon="18.793183"><time>2026-05-23T09:07:12.900Z</time></trkpt>
<trkpt lat="54.383414" lon="18.793215"><time>2026-05-23T09:07:14.900Z</time></trkpt>
<trkpt lat="54.383444" lon="18.793238"><time>2026-05-23T09:07:16.900Z</time></trkpt>
<trkpt lat="54.383474" lon="18.793265"><time>2026-05-23T09:07:18.900Z</time></trkpt>
<trkpt lat="54.383499" lon="18.793291"><time>2026-05-23T09:07:20.900Z</time></trkpt>
<trkpt lat="54.383528" lon="18.793322"><time>2026-05-23T09:07:22.900Z</time></trkpt>
<trkpt lat="54.383563" lon="18.793360"><time>2026-05-23T09:07:24.900Z</time></trkpt>
<trkpt lat="54.383596" lon="18.793391"><time>2026-05-23T09:07:26.900Z</time></trkpt>
<trkpt lat="54.383630" lon="18.793421"><time>2026-05-23T09:07:28.900Z</time></trkpt>
<trkpt lat="54.383662" lon="18.793450"><time>2026-05-23T09:07:30.900Z</time></trkpt>
<trkpt lat="54.383697" lon="18.793480"><time>2026-05-23T09:07:32.900Z</time></trkpt>
<trkpt lat="54.383735" lon="18.793498"><time>2026-05-23T09:07:34.900Z</time></trkpt>
<trkpt lat="54.383769" lon="18.793519"><time>2026-05-23T09:07:36.900Z</time></trkpt>
<trkpt lat="54.383798" lon="18.793553"><time>2026-05-23T09:07:38.900Z</time></trkpt>
<trkpt lat="54.383830" lon="18.793585"><time>2026-05-23T09:07:40.900Z</time></trkpt>
<trkpt lat="54.383850" lon="18.793614"><time>2026-05-23T09:07:42.900Z</time></trkpt>
<trkpt lat="54.383882" lon="18.793656"><time>2026-05-23T09:07:44.900Z</time></trkpt>
<trkpt lat="54.383917" lon="18.793686"><time>2026-05-23T09:07:46.900Z</time></trkpt>
<trkpt lat="54.383949" lon="18.793710"><time>2026-05-23T09:07:48.900Z</time></trkpt>
<trkpt lat="54.383981" lon="18.793728"><time>2026-05-23T09:07:50.900Z</time></trkpt>
<trkpt lat="54.384011" lon="18.793749"><time>2026-05-23T09:07:52.900Z</time></trkpt>
<trkpt lat="54.384040" lon="18.793772"><time>2026-05-23T09:07:54.900Z</time></trkpt>
<trkpt lat="54.384069" lon="18.793796"><time>2026-05-23T09:07:56.900Z</time></trkpt>
<trkpt lat="54.384100" lon="18.793819"><time>2026-05-23T09:07:58.900Z</time></trkpt>
<trkpt lat="54.384129" lon="18.793834"><time>2026-05-23T09:08:00.900Z</time></trkpt>
<trkpt lat="54.384161" lon="18.793863"><time>2026-05-23T09:08:02.900Z</time></trkpt>
<trkpt lat="54.384193" lon="18.793891"><time>2026-05-23T09:08:04.900Z</time></trkpt>
<trkpt lat="54.384224" lon="18.793921"><time>2026-05-23T09:08:06.900Z</time></trkpt>
<trkpt lat="54.384258" lon="18.793949"><time>2026-05-23T09:08:08.900Z</time></trkpt>
<trkpt lat="54.384278" lon="18.793970"><time>2026-05-23T09:08:10.900Z</time></trkpt>
<trkpt lat="54.384284" lon="18.793956"><time>2026-05-23T09:08:12.900Z</time></trkpt>
<trkpt lat="54.384297" lon="18.793967"><time>2026-05-23T09:08:14.900Z</time></trkpt>
<trkpt lat="54.384317" lon="18.793975"><time>2026-05-23T09:08:16.900Z</time></trkpt>
<trkpt lat="54.384331" lon="18.793977"><time>2026-05-23T09:08:18.900Z</time></trkpt>
<trkpt lat="54.384353" lon="18.793992"><time>2026-05-23T09:08:20.900Z</time></trkpt>
<trkpt lat="54.384377" lon="18.794009"><time>2026-05-23T09:08:22.900Z</time></trkpt>
<trkpt lat="54.384402" lon="18.794031"><time>2026-05-23T09:08:24.900Z</time></trkpt>
<trkpt lat="54.384427" lon="18.794054"><time>2026-05-23T09:08:26.900Z</time></trkpt>
<trkpt lat="54.384451" lon="18.794075"><time>2026-05-23T09:08:28.900Z</time></trkpt>
<trkpt lat="54.384478" lon="18.794099"><time>2026-05-23T09:08:30.900Z</time></trkpt>
<trkpt lat="54.384502" lon="18.794124"><time>2026-05-23T09:08:32.900Z</time></trkpt>
<trkpt lat="54.384523" lon="18.794145"><time>2026-05-23T09:08:34.900Z</time></trkpt>
<trkpt lat="54.384548" lon="18.794169"><time>2026-05-23T09:08:36.900Z</time></trkpt>
<trkpt lat="54.384572" lon="18.794188"><time>2026-05-23T09:08:38.900Z</time></trkpt>
<trkpt lat="54.384598" lon="18.794210"><time>2026-05-23T09:08:40.900Z</time></trkpt>
<trkpt lat="54.384619" lon="18.794230"><time>2026-05-23T09:08:42.900Z</time></trkpt>
<trkpt lat="54.384640" lon="18.794250"><time>2026-05-23T09:08:44.900Z</time></trkpt>
<trkpt lat="54.384661" lon="18.794270"><time>2026-05-23T09:08:46.900Z</time></trkpt>
<trkpt lat="54.384685" lon="18.794290"><time>2026-05-23T09:08:48.900Z</time></trkpt>
<trkpt lat="54.384705" lon="18.794306"><time>2026-05-23T09:08:50.900Z</time></trkpt>
<trkpt lat="54.384727" lon="18.794322"><time>2026-05-23T09:08:52.900Z</time></trkpt>
<trkpt lat="54.384748" lon="18.794340"><time>2026-05-23T09:08:54.900Z</time></trkpt>
<trkpt lat="54.384769" lon="18.794359"><time>2026-05-23T09:08:56.900Z</time></trkpt>
<trkpt lat="54.384791" lon="18.794376"><time>2026-05-23T09:08:58.900Z</time></trkpt>
<trkpt lat="54.384812" lon="18.794394"><time>2026-05-23T09:09:00.900Z</time></trkpt>
<trkpt lat="54.384834" lon="18.794411"><time>2026-05-23T09:09:02.900Z</time></trkpt>
<trkpt lat="54.384857" lon="18.794428"><time>2026-05-23T09:09:04.900Z</time></trkpt>
<trkpt lat="54.384880" lon="18.794443"><time>2026-05-23T09:09:06.900Z</time></trkpt>
<trkpt lat="54.384903" lon="18.794458"><time>2026-05-23T09:09:08.900Z</time></trkpt>
<trkpt lat="54.384927" lon="18.794474"><time>2026-05-23T09:09:10.900Z</time></trkpt>
<trkpt lat="54.384950" lon="18.794490"><time>2026-05-23T09:09:12.900Z</time></trkpt>
<trkpt lat="54.384973" lon="18.794507"><time>2026-05-23T09:09:14.900Z</time></trkpt>
<trkpt lat="54.384997" lon="18.794524"><time>2026-05-23T09:09:16.900Z</time></trkpt>
<trkpt lat="54.385021" lon="18.794542"><time>2026-05-23T09:09:18.900Z</time></trkpt>
<trkpt lat="54.385045" lon="18.794561"><time>2026-05-23T09:09:20.900Z</time></trkpt>
<trkpt lat="54.385069" lon="18.794579"><time>2026-05-23T09:09:22.900Z</time></trkpt>
<trkpt lat="54.385093" lon="18.794596"><time>2026-05-23T09:09:24.900Z</time></trkpt>
<trkpt lat="54.385118" lon="18.794615"><time>2026-05-23T09:09:26.900Z</time></trkpt>
<trkpt lat="54.385143" lon="18.794640"><time>2026-05-23T09:09:28.900Z</time></trkpt>
<trkpt lat="54.385165" lon="18.794663"><time>2026-05-23T09:09:30.900Z</time></trkpt>
<trkpt lat="54.385190" lon="18.794687"><time>2026-05-23T09:09:32.900Z</time></trkpt>
<trkpt lat="54.385213" lon="18.794705"><time>2026-05-23T09:09:34.900Z</time></trkpt>
<trkpt lat="54.385239" lon="18.794722"><time>2026-05-23T09:09:36.900Z</time></trkpt>
<trkpt lat="54.385265" lon="18.794743"><time>2026-05-23T09:09:38.900Z</time></trkpt>
<trkpt lat="54.385290" lon="18.794763"><time>2026-05-23T09:09:40.900Z</time></trkpt>
<trkpt lat="54.385314" lon="18.794783"><time>2026-05-23T09:09:42.900Z</time></trkpt>
<trkpt lat="54.385339" lon="18.794803"><time>2026-05-23T09:09:44.900Z</time></trkpt>
<trkpt lat="54.385363" lon="18.794823"><time>2026-05-23T09:09:46.900Z</time></trkpt>
<trkpt lat="54.385389" lon="18.794840"><time>2026-05-23T09:09:48.900Z</time></trkpt>
<trkpt lat="54.385413" lon="18.794859"><time>2026-05-23T09:09:50.900Z</time></trkpt>
<trkpt lat="54.385438" lon="18.794876"><time>2026-05-23T09:09:52.900Z</time></trkpt>
<trkpt lat="54.385462" lon="18.794896"><time>2026-05-23T09:09:54.900Z</time></trkpt>
<trkpt lat="54.385489" lon="18.794916"><time>2026-05-23T09:09:56.900Z</time></trkpt>
<trkpt lat="54.385515" lon="18.794937"><time>2026-05-23T09:09:58.900Z</time></trkpt>
<trkpt lat="54.385537" lon="18.794958"><time>2026-05-23T09:10:00.900Z</time></trkpt>
<trkpt lat="54.385562" lon="18.794977"><time>2026-05-23T09:10:02.900Z</time></trkpt>
<trkpt lat="54.385587" lon="18.794998"><time>2026-05-23T09:10:04.900Z</time></trkpt>
<trkpt lat="54.385613" lon="18.795021"><time>2026-05-23T09:10:06.900Z</time></trkpt>
<trkpt lat="54.385641" lon="18.795042"><time>2026-05-23T09:10:08.900Z</time></trkpt>
<trkpt lat="54.385672" lon="18.795064"><time>2026-05-23T09:10:10.900Z</time></trkpt>
<trkpt lat="54.385704" lon="18.795083"><time>2026-05-23T09:10:12.900Z</time></trkpt>
<trkpt lat="54.385730" lon="18.795105"><time>2026-05-23T09:10:14.900Z</time></trkpt>
<trkpt lat="54.385758" lon="18.795130"><time>2026-05-23T09:10:16.900Z</time></trkpt>
<trkpt lat="54.385783" lon="18.795152"><time>2026-05-23T09:10:18.900Z</time></trkpt>
<trkpt lat="54.385805" lon="18.795175"><time>2026-05-23T09:10:20.900Z</time></trkpt>
<trkpt lat="54.385829" lon="18.795198"><time>2026-05-23T09:10:22.900Z</time></trkpt>
<trkpt lat="54.385855" lon="18.795218"><time>2026-05-23T09:10:24.900Z</time></trkpt>
<trkpt lat="54.385878" lon="18.795243"><time>2026-05-23T09:10:26.900Z</time></trkpt>
<trkpt lat="54.385901" lon="18.795265"><time>2026-05-23T09:10:28.900Z</time></trkpt>
<trkpt lat="54.385920" lon="18.795288"><time>2026-05-23T09:10:30.900Z</time></trkpt>
<trkpt lat="54.385944" lon="18.795311"><time>2026-05-23T09:10:32.900Z</time></trkpt>
<trkpt lat="54.385969" lon="18.795335"><time>2026-05-23T09:10:34.900Z</time></trkpt>
<trkpt lat="54.385993" lon="18.795358"><time>2026-05-23T09:10:36.900Z</time></trkpt>
<trkpt lat="54.386019" lon="18.795383"><time>2026-05-23T09:10:38.900Z</time></trkpt>
<trkpt lat="54.386044" lon="18.795407"><time>2026-05-23T09:10:40.900Z</time></trkpt>
<trkpt lat="54.386069" lon="18.795430"><time>2026-05-23T09:10:42.900Z</time></trkpt>
<trkpt lat="54.386093" lon="18.795453"><time>2026-05-23T09:10:44.900Z</time></trkpt>
<trkpt lat="54.386118" lon="18.795475"><time>2026-05-23T09:10:46.900Z</time></trkpt>
<trkpt lat="54.386142" lon="18.795497"><time>2026-05-23T09:10:48.900Z</time></trkpt>
<trkpt lat="54.386167" lon="18.795519"><time>2026-05-23T09:10:50.900Z</time></trkpt>
<trkpt lat="54.386192" lon="18.795542"><time>2026-05-23T09:10:52.900Z</time></trkpt>
<trkpt lat="54.386216" lon="18.795565"><time>2026-05-23T09:10:54.900Z</time></trkpt>
<trkpt lat="54.386240" lon="18.795586"><time>2026-05-23T09:10:56.900Z</time></trkpt>
<trkpt lat="54.386265" lon="18.795609"><time>2026-05-23T09:10:58.900Z</time></trkpt>
<trkpt lat="54.386278" lon="18.795620"><time>2026-05-23T09:11:00.000Z</time></trkpt>
<trkpt lat="54.386303" lon="18.795642"><time>2026-05-23T09:11:02.000Z</time></trkpt>
<trkpt lat="54.386328" lon="18.795664"><time>2026-05-23T09:11:04.000Z</time></trkpt>
<trkpt lat="54.386353" lon="18.795686"><time>2026-05-23T09:11:06.000Z</time></trkpt>
<trkpt lat="54.386379" lon="18.795708"><time>2026-05-23T09:11:08.000Z</time></trkpt>
<trkpt lat="54.386405" lon="18.795730"><time>2026-05-23T09:11:10.000Z</time></trkpt>
<trkpt lat="54.386430" lon="18.795753"><time>2026-05-23T09:11:12.000Z</time></trkpt>
<trkpt lat="54.386456" lon="18.795776"><time>2026-05-23T09:11:14.000Z</time></trkpt>
<trkpt lat="54.386482" lon="18.795799"><time>2026-05-23T09:11:16.000Z</time></trkpt>
<trkpt lat="54.386521" lon="18.795834"><time>2026-05-23T09:11:18.900Z</time></trkpt>
<trkpt lat="54.386547" lon="18.795857"><time>2026-05-23T09:11:20.900Z</time></trkpt>
<trkpt lat="54.386572" lon="18.795881"><time>2026-05-23T09:11:22.900Z</time></trkpt>
<trkpt lat="54.386598" lon="18.795905"><time>2026-05-23T09:11:24.900Z</time></trkpt>
<trkpt lat="54.386624" lon="18.795929"><time>2026-05-23T09:11:26.900Z</time></trkpt>
<trkpt lat="54.386649" lon="18.795955"><time>2026-05-23T09:11:28.900Z</time></trkpt>
<trkpt lat="54.386673" lon="18.795980"><time>2026-05-23T09:11:30.900Z</time></trkpt>
<trkpt lat="54.386698" lon="18.796006"><time>2026-05-23T09:11:32.900Z</time></trkpt>
<trkpt lat="54.386722" lon="18.796032"><time>2026-05-23T09:11:34.900Z</time></trkpt>
<trkpt lat="54.386746" lon="18.796058"><time>2026-05-23T09:11:36.900Z</time></trkpt>
<trkpt lat="54.386770" lon="18.796084"><time>2026-05-23T09:11:38.900Z</time></trkpt>
<trkpt lat="54.386794" lon="18.796110"><time>2026-05-23T09:11:40.900Z</time></trkpt>
<trkpt lat="54.386818" lon="18.796135"><time>2026-05-23T09:11:42.900Z</time></trkpt>
<trkpt lat="54.386841" lon="18.796161"><time>2026-05-23T09:11:44.900Z</time></trkpt>
<trkpt lat="54.386865" lon="18.796187"><time>2026-05-23T09:11:46.900Z</time></trkpt>
<trkpt lat="54.386889" lon="18.796211"><time>2026-05-23T09:11:48.900Z</time></trkpt>
<trkpt lat="54.386913" lon="18.796236"><time>2026-05-23T09:11:50.900Z</time></trkpt>
<trkpt lat="54.386937" lon="18.796259"><time>2026-05-23T09:11:52.900Z</time></trkpt>
<trkpt lat="54.386961" lon="18.796282"><time>2026-05-23T09:11:54.900Z</time></trkpt>
<trkpt lat="54.386985" lon="18.796305"><time>2026-05-23T09:11:56.900Z</time></trkpt>
<trkpt lat="54.387010" lon="18.796328"><time>2026-05-23T09:11:58.900Z</time></trkpt>
<trkpt lat="54.387035" lon="18.796350"><time>2026-05-23T09:12:00.900Z</time></trkpt>
<trkpt lat="54.387059" lon="18.796373"><time>2026-05-23T09:12:02.900Z</time></trkpt>
<trkpt lat="54.387084" lon="18.796395"><time>2026-05-23T09:12:04.900Z</time></trkpt>
<trkpt lat="54.387110" lon="18.796417"><time>2026-05-23T09:12:06.900Z</time></trkpt>
<trkpt lat="54.387135" lon="18.796440"><time>2026-05-23T09:12:08.900Z</time></trkpt>
<trkpt lat="54.387161" lon="18.796463"><time>2026-05-23T09:12:10.900Z</time></trkpt>
<trkpt lat="54.387186" lon="18.796487"><time>2026-05-23T09:12:12.900Z</time></trkpt>
<trkpt lat="54.387212" lon="18.796510"><time>2026-05-23T09:12:14.900Z</time></trkpt>
<trkpt lat="54.387238" lon="18.796534"><time>2026-05-23T09:12:16.900Z</time></trkpt>
<trkpt lat="54.387264" lon="18.796559"><time>2026-05-23T09:12:18.900Z</time></trkpt>
<trkpt lat="54.387290" lon="18.796584"><time>2026-05-23T09:12:20.900Z</time></trkpt>
<trkpt lat="54.387315" lon="18.796610"><time>2026-05-23T09:12:22.900Z</time></trkpt>
<trkpt lat="54.387339" lon="18.796635"><time>2026-05-23T09:12:24.900Z</time></trkpt>
<trkpt lat="54.387363" lon="18.796660"><time>2026-05-23T09:12:26.900Z</time></trkpt>
<trkpt lat="54.387384" lon="18.796686"><time>2026-05-23T09:12:28.900Z</time></trkpt>
<trkpt lat="54.387408" lon="18.796713"><time>2026-05-23T09:12:30.900Z</time></trkpt>
<trkpt lat="54.387431" lon="18.796739"><time>2026-05-23T09:12:32.900Z</time></trkpt>
<trkpt lat="54.387457" lon="18.796766"><time>2026-05-23T09:12:34.900Z</time></trkpt>
<trkpt lat="54.387476" lon="18.796791"><time>2026-05-23T09:12:36.900Z</time></trkpt>
<trkpt lat="54.387498" lon="18.796817"><time>2026-05-23T09:12:38.900Z</time></trkpt>
<trkpt lat="54.387520" lon="18.796845"><time>2026-05-23T09:12:40.900Z</time></trkpt>
<trkpt lat="54.387545" lon="18.796872"><time>2026-05-23T09:12:42.900Z</time></trkpt>
<trkpt lat="54.387568" lon="18.796900"><time>2026-05-23T09:12:44.900Z</time></trkpt>
<trkpt lat="54.387592" lon="18.796929"><time>2026-05-23T09:12:46.900Z</time></trkpt>
<trkpt lat="54.387615" lon="18.796955"><time>2026-05-23T09:12:48.900Z</time></trkpt>
<trkpt lat="54.387639" lon="18.796981"><time>2026-05-23T09:12:50.900Z</time></trkpt>
<trkpt lat="54.387659" lon="18.797007"><time>2026-05-23T09:12:52.900Z</time></trkpt>
<trkpt lat="54.387681" lon="18.797031"><time>2026-05-23T09:12:54.900Z</time></trkpt>
<trkpt lat="54.387704" lon="18.797055"><time>2026-05-23T09:12:56.900Z</time></trkpt>
<trkpt lat="54.387727" lon="18.797079"><time>2026-05-23T09:12:58.900Z</time></trkpt>
<trkpt lat="54.387749" lon="18.797102"><time>2026-05-23T09:13:00.900Z</time></trkpt>
<trkpt lat="54.387772" lon="18.797124"><time>2026-05-23T09:13:02.900Z</time></trkpt>
<trkpt lat="54.387795" lon="18.797146"><time>2026-05-23T09:13:05.000Z</time></trkpt>
<trkpt lat="54.387806" lon="18.797157"><time>2026-05-23T09:13:06.000Z</time></trkpt>
<trkpt lat="54.387829" lon="18.797179"><time>2026-05-23T09:13:08.000Z</time></trkpt>
<trkpt lat="54.387853" lon="18.797199"><time>2026-05-23T09:13:10.000Z</time></trkpt>
<trkpt lat="54.387877" lon="18.797219"><time>2026-05-23T09:13:12.000Z</time></trkpt>
<trkpt lat="54.387902" lon="18.797240"><time>2026-05-23T09:13:14.000Z</time></trkpt>
<trkpt lat="54.387925" lon="18.797262"><time>2026-05-23T09:13:16.000Z</time></trkpt>
<trkpt lat="54.387948" lon="18.797285"><time>2026-05-23T09:13:18.000Z</time></trkpt>
<trkpt lat="54.387971" lon="18.797308"><time>2026-05-23T09:13:20.000Z</time></trkpt>
<trkpt lat="54.387993" lon="18.797332"><time>2026-05-23T09:13:22.000Z</time></trkpt>
<trkpt lat="54.388015" lon="18.797355"><time>2026-05-23T09:13:24.000Z</time></trkpt>
<trkpt lat="54.388049" lon="18.797390"><time>2026-05-23T09:13:26.900Z</time></trkpt>
<trkpt lat="54.388072" lon="18.797414"><time>2026-05-23T09:13:28.900Z</time></trkpt>
<trkpt lat="54.388096" lon="18.797438"><time>2026-05-23T09:13:30.900Z</time></trkpt>
<trkpt lat="54.388118" lon="18.797462"><time>2026-05-23T09:13:32.900Z</time></trkpt>
<trkpt lat="54.388141" lon="18.797486"><time>2026-05-23T09:13:34.900Z</time></trkpt>
<trkpt lat="54.388163" lon="18.797512"><time>2026-05-23T09:13:36.900Z</time></trkpt>
<trkpt lat="54.388185" lon="18.797536"><time>2026-05-23T09:13:38.900Z</time></trkpt>
<trkpt lat="54.388208" lon="18.797560"><time>2026-05-23T09:13:40.900Z</time></trkpt>
<trkpt lat="54.388229" lon="18.797585"><time>2026-05-23T09:13:42.900Z</time></trkpt>
<trkpt lat="54.388241" lon="18.797596"><time>2026-05-23T09:13:44.000Z</time></trkpt>
<trkpt lat="54.388262" lon="18.797621"><time>2026-05-23T09:13:46.000Z</time></trkpt>
<trkpt lat="54.388283" lon="18.797645"><time>2026-05-23T09:13:48.000Z</time></trkpt>
<trkpt lat="54.388302" lon="18.797668"><time>2026-05-23T09:13:50.000Z</time></trkpt>
<trkpt lat="54.388323" lon="18.797693"><time>2026-05-23T09:13:52.000Z</time></trkpt>
<trkpt lat="54.388345" lon="18.797719"><time>2026-05-23T09:13:54.000Z</time></trkpt>
<trkpt lat="54.388366" lon="18.797743"><time>2026-05-23T09:13:56.000Z</time></trkpt>
<trkpt lat="54.388387" lon="18.797768"><time>2026-05-23T09:13:58.000Z</time></trkpt>
<trkpt lat="54.388408" lon="18.797792"><time>2026-05-23T09:14:00.000Z</time></trkpt>
<trkpt lat="54.388429" lon="18.797816"><time>2026-05-23T09:14:02.000Z</time></trkpt>
<trkpt lat="54.388450" lon="18.797841"><time>2026-05-23T09:14:04.000Z</time></trkpt>
<trkpt lat="54.388471" lon="18.797865"><time>2026-05-23T09:14:06.000Z</time></trkpt>
<trkpt lat="54.388492" lon="18.797889"><time>2026-05-23T09:14:08.000Z</time></trkpt>
<trkpt lat="54.388512" lon="18.797913"><time>2026-05-23T09:14:10.000Z</time></trkpt>
<trkpt lat="54.388531" lon="18.797935"><time>2026-05-23T09:14:12.000Z</time></trkpt>
<trkpt lat="54.388551" lon="18.797958"><time>2026-05-23T09:14:14.000Z</time></trkpt>
<trkpt lat="54.388571" lon="18.797981"><time>2026-05-23T09:14:16.000Z</time></trkpt>
<trkpt lat="54.388590" lon="18.798003"><time>2026-05-23T09:14:18.000Z</time></trkpt>
<trkpt lat="54.388611" lon="18.798025"><time>2026-05-23T09:14:20.000Z</time></trkpt>
<trkpt lat="54.388643" lon="18.798056"><time>2026-05-23T09:14:22.900Z</time></trkpt>
<trkpt lat="54.388664" lon="18.798076"><time>2026-05-23T09:14:24.900Z</time></trkpt>
<trkpt lat="54.388685" lon="18.798098"><time>2026-05-23T09:14:26.900Z</time></trkpt>
<trkpt lat="54.388704" lon="18.798121"><time>2026-05-23T09:14:28.900Z</time></trkpt>
<trkpt lat="54.388723" lon="18.798143"><time>2026-05-23T09:14:30.900Z</time></trkpt>
<trkpt lat="54.388742" lon="18.798165"><time>2026-05-23T09:14:32.900Z</time></trkpt>
<trkpt lat="54.388760" lon="18.798187"><time>2026-05-23T09:14:34.900Z</time></trkpt>
<trkpt lat="54.388776" lon="18.798205"><time>2026-05-23T09:14:36.900Z</time></trkpt>
<trkpt lat="54.388791" lon="18.798224"><time>2026-05-23T09:14:38.900Z</time></trkpt>
<trkpt lat="54.388809" lon="18.798246"><time>2026-05-23T09:14:40.900Z</time></trkpt>
<trkpt lat="54.388828" lon="18.798267"><time>2026-05-23T09:14:42.900Z</time></trkpt>
<trkpt lat="54.388847" lon="18.798288"><time>2026-05-23T09:14:44.900Z</time></trkpt>
<trkpt lat="54.388869" lon="18.798310"><time>2026-05-23T09:14:46.900Z</time></trkpt>
<trkpt lat="54.388890" lon="18.798332"><time>2026-05-23T09:14:48.900Z</time></trkpt>
<trkpt lat="54.388911" lon="18.798353"><time>2026-05-23T09:14:50.900Z</time></trkpt>
<trkpt lat="54.388932" lon="18.798374"><time>2026-05-23T09:14:52.900Z</time></trkpt>
<trkpt lat="54.388954" lon="18.798392"><time>2026-05-23T09:14:54.900Z</time></trkpt>
<trkpt lat="54.388976" lon="18.798415"><time>2026-05-23T09:14:56.900Z</time></trkpt>
<trkpt lat="54.388999" lon="18.798437"><time>2026-05-23T09:14:58.900Z</time></trkpt>
<trkpt lat="54.389021" lon="18.798458"><time>2026-05-23T09:15:00.900Z</time></trkpt>
<trkpt lat="54.389044" lon="18.798479"><time>2026-05-23T09:15:02.900Z</time></trkpt>
<trkpt lat="54.389067" lon="18.798500"><time>2026-05-23T09:15:04.900Z</time></trkpt>
<trkpt lat="54.389090" lon="18.798520"><time>2026-05-23T09:15:06.900Z</time></trkpt>
<trkpt lat="54.389113" lon="18.798540"><time>2026-05-23T09:15:08.900Z</time></trkpt>
<trkpt lat="54.389125" lon="18.798550"><time>2026-05-23T09:15:10.000Z</time></trkpt>
<trkpt lat="54.389150" lon="18.798567"><time>2026-05-23T09:15:12.000Z</time></trkpt>
<trkpt lat="54.389174" lon="18.798586"><time>2026-05-23T09:15:14.000Z</time></trkpt>
<trkpt lat="54.389198" lon="18.798608"><time>2026-05-23T09:15:16.000Z</time></trkpt>
<trkpt lat="54.389220" lon="18.798630"><time>2026-05-23T09:15:18.000Z</time></trkpt>
<trkpt lat="54.389242" lon="18.798655"><time>2026-05-23T09:15:20.000Z</time></trkpt>
<trkpt lat="54.389265" lon="18.798678"><time>2026-05-23T09:15:22.000Z</time></trkpt>
<trkpt lat="54.389291" lon="18.798703"><time>2026-05-23T09:15:24.000Z</time></trkpt>
<trkpt lat="54.389314" lon="18.798725"><time>2026-05-23T09:15:26.000Z</time></trkpt>
<trkpt lat="54.389336" lon="18.798744"><time>2026-05-23T09:15:28.000Z</time></trkpt>
<trkpt lat="54.389359" lon="18.798763"><time>2026-05-23T09:15:30.000Z</time></trkpt>
<trkpt lat="54.389382" lon="18.798782"><time>2026-05-23T09:15:32.000Z</time></trkpt>
<trkpt lat="54.389406" lon="18.798802"><time>2026-05-23T09:15:34.000Z</time></trkpt>
<trkpt lat="54.389430" lon="18.798821"><time>2026-05-23T09:15:36.000Z</time></trkpt>
<trkpt lat="54.389455" lon="18.798843"><time>2026-05-23T09:15:38.000Z</time></trkpt>
<trkpt lat="54.389479" lon="18.798864"><time>2026-05-23T09:15:40.000Z</time></trkpt>
<trkpt lat="54.389503" lon="18.798884"><time>2026-05-23T09:15:42.000Z</time></trkpt>
<trkpt lat="54.389528" lon="18.798904"><time>2026-05-23T09:15:44.000Z</time></trkpt>
<trkpt lat="54.389553" lon="18.798923"><time>2026-05-23T09:15:46.000Z</time></trkpt>
<trkpt lat="54.389578" lon="18.798943"><time>2026-05-23T09:15:48.000Z</time></trkpt>
<trkpt lat="54.389603" lon="18.798963"><time>2026-05-23T09:15:50.000Z</time></trkpt>
<trkpt lat="54.389629" lon="18.798984"><time>2026-05-23T09:15:52.000Z</time></trkpt>
<trkpt lat="54.389654" lon="18.799004"><time>2026-05-23T09:15:54.000Z</time></trkpt>
<trkpt lat="54.389679" lon="18.799024"><time>2026-05-23T09:15:56.000Z</time></trkpt>
<trkpt lat="54.389703" lon="18.799046"><time>2026-05-23T09:15:58.000Z</time></trkpt>
<trkpt lat="54.389727" lon="18.799068"><time>2026-05-23T09:16:00.000Z</time></trkpt>
<trkpt lat="54.389752" lon="18.799089"><time>2026-05-23T09:16:02.000Z</time></trkpt>
<trkpt lat="54.389776" lon="18.799109"><time>2026-05-23T09:16:04.000Z</time></trkpt>
<trkpt lat="54.389801" lon="18.799132"><time>2026-05-23T09:16:06.000Z</time></trkpt>
<trkpt lat="54.389826" lon="18.799154"><time>2026-05-23T09:16:08.000Z</time></trkpt>
<trkpt lat="54.389850" lon="18.799171"><time>2026-05-23T09:16:10.000Z</time></trkpt>
<trkpt lat="54.389876" lon="18.799194"><time>2026-05-23T09:16:12.000Z</time></trkpt>
<trkpt lat="54.389901" lon="18.799214"><time>2026-05-23T09:16:14.000Z</time></trkpt>
<trkpt lat="54.389925" lon="18.799232"><time>2026-05-23T09:16:16.000Z</time></trkpt>
<trkpt lat="54.389951" lon="18.799255"><time>2026-05-23T09:16:18.000Z</time></trkpt>
<trkpt lat="54.389976" lon="18.799274"><time>2026-05-23T09:16:20.000Z</time></trkpt>
<trkpt lat="54.390011" lon="18.799306"><time>2026-05-23T09:16:22.900Z</time></trkpt>
<trkpt lat="54.390035" lon="18.799326"><time>2026-05-23T09:16:24.900Z</time></trkpt>
<trkpt lat="54.390061" lon="18.799348"><time>2026-05-23T09:16:26.900Z</time></trkpt>
<trkpt lat="54.390085" lon="18.799367"><time>2026-05-23T09:16:28.900Z</time></trkpt>
<trkpt lat="54.390107" lon="18.799389"><time>2026-05-23T09:16:30.900Z</time></trkpt>
<trkpt lat="54.390132" lon="18.799411"><time>2026-05-23T09:16:32.900Z</time></trkpt>
<trkpt lat="54.390157" lon="18.799433"><time>2026-05-23T09:16:34.900Z</time></trkpt>
<trkpt lat="54.390182" lon="18.799458"><time>2026-05-23T09:16:36.900Z</time></trkpt>
<trkpt lat="54.390204" lon="18.799485"><time>2026-05-23T09:16:38.900Z</time></trkpt>
<trkpt lat="54.390227" lon="18.799511"><time>2026-05-23T09:16:40.900Z</time></trkpt>
<trkpt lat="54.390251" lon="18.799533"><time>2026-05-23T09:16:42.900Z</time></trkpt>
<trkpt lat="54.390274" lon="18.799554"><time>2026-05-23T09:16:44.900Z</time></trkpt>
<trkpt lat="54.390298" lon="18.799575"><time>2026-05-23T09:16:46.900Z</time></trkpt>
<trkpt lat="54.390323" lon="18.799596"><time>2026-05-23T09:16:48.900Z</time></trkpt>
<trkpt lat="54.390346" lon="18.799617"><time>2026-05-23T09:16:50.900Z</time></trkpt>
<trkpt lat="54.390369" lon="18.799637"><time>2026-05-23T09:16:52.900Z</time></trkpt>
<trkpt lat="54.390392" lon="18.799659"><time>2026-05-23T09:16:54.900Z</time></trkpt>
<trkpt lat="54.390416" lon="18.799679"><time>2026-05-23T09:16:56.900Z</time></trkpt>
<trkpt lat="54.390440" lon="18.799697"><time>2026-05-23T09:16:58.900Z</time></trkpt>
<trkpt lat="54.390462" lon="18.799716"><time>2026-05-23T09:17:00.900Z</time></trkpt>
<trkpt lat="54.390483" lon="18.799732"><time>2026-05-23T09:17:02.900Z</time></trkpt>
<trkpt lat="54.390509" lon="18.799752"><time>2026-05-23T09:17:04.900Z</time></trkpt>
<trkpt lat="54.390535" lon="18.799773"><time>2026-05-23T09:17:06.900Z</time></trkpt>
<trkpt lat="54.390559" lon="18.799793"><time>2026-05-23T09:17:08.900Z</time></trkpt>
<trkpt lat="54.390584" lon="18.799814"><time>2026-05-23T09:17:10.900Z</time></trkpt>
<trkpt lat="54.390607" lon="18.799832"><time>2026-05-23T09:17:12.900Z</time></trkpt>
<trkpt lat="54.390631" lon="18.799851"><time>2026-05-23T09:17:14.900Z</time></trkpt>
<trkpt lat="54.390644" lon="18.799862"><time>2026-05-23T09:17:16.000Z</time></trkpt>
<trkpt lat="54.390668" lon="18.799883"><time>2026-05-23T09:17:18.000Z</time></trkpt>
<trkpt lat="54.390693" lon="18.799904"><time>2026-05-23T09:17:20.000Z</time></trkpt>
<trkpt lat="54.390718" lon="18.799925"><time>2026-05-23T09:17:22.000Z</time></trkpt>
<trkpt lat="54.390744" lon="18.799945"><time>2026-05-23T09:17:24.000Z</time></trkpt>
<trkpt lat="54.390769" lon="18.799967"><time>2026-05-23T09:17:26.000Z</time></trkpt>
<trkpt lat="54.390794" lon="18.799986"><time>2026-05-23T09:17:28.000Z</time></trkpt>
<trkpt lat="54.390820" lon="18.800007"><time>2026-05-23T09:17:30.000Z</time></trkpt>
<trkpt lat="54.390846" lon="18.800028"><time>2026-05-23T09:17:32.000Z</time></trkpt>
<trkpt lat="54.390872" lon="18.800048"><time>2026-05-23T09:17:34.000Z</time></trkpt>
<trkpt lat="54.390898" lon="18.800068"><time>2026-05-23T09:17:36.000Z</time></trkpt>
<trkpt lat="54.390925" lon="18.800089"><time>2026-05-23T09:17:38.000Z</time></trkpt>
<trkpt lat="54.390951" lon="18.800109"><time>2026-05-23T09:17:40.000Z</time></trkpt>
<trkpt lat="54.390978" lon="18.800131"><time>2026-05-23T09:17:42.000Z</time></trkpt>
<trkpt lat="54.391004" lon="18.800152"><time>2026-05-23T09:17:44.000Z</time></trkpt>
<trkpt lat="54.391030" lon="18.800175"><time>2026-05-23T09:17:46.000Z</time></trkpt>
<trkpt lat="54.391057" lon="18.800196"><time>2026-05-23T09:17:48.000Z</time></trkpt>
<trkpt lat="54.391084" lon="18.800217"><time>2026-05-23T09:17:50.000Z</time></trkpt>
<trkpt lat="54.391110" lon="18.800239"><time>2026-05-23T09:17:52.000Z</time></trkpt>
<trkpt lat="54.391137" lon="18.800257"><time>2026-05-23T09:17:54.000Z</time></trkpt>
<trkpt lat="54.391163" lon="18.800279"><time>2026-05-23T09:17:56.000Z</time></trkpt>
<trkpt lat="54.391190" lon="18.800303"><time>2026-05-23T09:17:58.000Z</time></trkpt>
<trkpt lat="54.391216" lon="18.800325"><time>2026-05-23T09:18:00.000Z</time></trkpt>
<trkpt lat="54.391244" lon="18.800349"><time>2026-05-23T09:18:02.000Z</time></trkpt>
<trkpt lat="54.391272" lon="18.800372"><time>2026-05-23T09:18:04.000Z</time></trkpt>
<trkpt lat="54.391299" lon="18.800396"><time>2026-05-23T09:18:06.000Z</time></trkpt>
<trkpt lat="54.391324" lon="18.800421"><time>2026-05-23T09:18:08.000Z</time></trkpt>
<trkpt lat="54.391351" lon="18.800444"><time>2026-05-23T09:18:10.000Z</time></trkpt>
<trkpt lat="54.391377" lon="18.800467"><time>2026-05-23T09:18:12.000Z</time></trkpt>
<trkpt lat="54.391403" lon="18.800492"><time>2026-05-23T09:18:14.000Z</time></trkpt>
<trkpt lat="54.391429" lon="18.800516"><time>2026-05-23T09:18:16.000Z</time></trkpt>
<trkpt lat="54.391455" lon="18.800540"><time>2026-05-23T09:18:18.000Z</time></trkpt>
<trkpt lat="54.391480" lon="18.800566"><time>2026-05-23T09:18:20.000Z</time></trkpt>
<trkpt lat="54.391505" lon="18.800591"><time>2026-05-23T09:18:22.000Z</time></trkpt>
<trkpt lat="54.391530" lon="18.800615"><time>2026-05-23T09:18:24.000Z</time></trkpt>
<trkpt lat="54.391567" lon="18.800652"><time>2026-05-23T09:18:26.900Z</time></trkpt>
<trkpt lat="54.391592" lon="18.800676"><time>2026-05-23T09:18:28.900Z</time></trkpt>
<trkpt lat="54.391616" lon="18.800699"><time>2026-05-23T09:18:30.900Z</time></trkpt>
<trkpt lat="54.391641" lon="18.800721"><time>2026-05-23T09:18:32.900Z</time></trkpt>
<trkpt lat="54.391665" lon="18.800743"><time>2026-05-23T09:18:34.900Z</time></trkpt>
<trkpt lat="54.391688" lon="18.800766"><time>2026-05-23T09:18:36.900Z</time></trkpt>
<trkpt lat="54.391711" lon="18.800790"><time>2026-05-23T09:18:38.900Z</time></trkpt>
<trkpt lat="54.391735" lon="18.800814"><time>2026-05-23T09:18:40.900Z</time></trkpt>
<trkpt lat="54.391759" lon="18.800838"><time>2026-05-23T09:18:42.900Z</time></trkpt>
<trkpt lat="54.391782" lon="18.800860"><time>2026-05-23T09:18:44.900Z</time></trkpt>
<trkpt lat="54.391806" lon="18.800883"><time>2026-05-23T09:18:46.900Z</time></trkpt>
<trkpt lat="54.391828" lon="18.800905"><time>2026-05-23T09:18:48.900Z</time></trkpt>
<trkpt lat="54.391851" lon="18.800927"><time>2026-05-23T09:18:50.900Z</time></trkpt>
<trkpt lat="54.391875" lon="18.800947"><time>2026-05-23T09:18:52.900Z</time></trkpt>
<trkpt lat="54.391899" lon="18.800968"><time>2026-05-23T09:18:54.900Z</time></trkpt>
<trkpt lat="54.391924" lon="18.800990"><time>2026-05-23T09:18:56.900Z</time></trkpt>
<trkpt lat="54.391948" lon="18.801009"><time>2026-05-23T09:18:58.900Z</time></trkpt>
<trkpt lat="54.391972" lon="18.801028"><time>2026-05-23T09:19:00.900Z</time></trkpt>
<trkpt lat="54.391996" lon="18.801049"><time>2026-05-23T09:19:02.900Z</time></trkpt>
<trkpt lat="54.392020" lon="18.801069"><time>2026-05-23T09:19:04.900Z</time></trkpt>
<trkpt lat="54.392044" lon="18.801087"><time>2026-05-23T09:19:06.900Z</time></trkpt>
<trkpt lat="54.392068" lon="18.801103"><time>2026-05-23T09:19:08.900Z</time></trkpt>
<trkpt lat="54.392092" lon="18.801121"><time>2026-05-23T09:19:10.900Z</time></trkpt>
<trkpt lat="54.392115" lon="18.801140"><time>2026-05-23T09:19:12.900Z</time></trkpt>
<trkpt lat="54.392139" lon="18.801159"><time>2026-05-23T09:19:14.900Z</time></trkpt>
<trkpt lat="54.392162" lon="18.801178"><time>2026-05-23T09:19:16.900Z</time></trkpt>
<trkpt lat="54.392185" lon="18.801199"><time>2026-05-23T09:19:18.900Z</time></trkpt>
<trkpt lat="54.392207" lon="18.801219"><time>2026-05-23T09:19:20.900Z</time></trkpt>
<trkpt lat="54.392218" lon="18.801230"><time>2026-05-23T09:19:22.000Z</time></trkpt>
<trkpt lat="54.392241" lon="18.801248"><time>2026-05-23T09:19:24.000Z</time></trkpt>
<trkpt lat="54.392264" lon="18.801264"><time>2026-05-23T09:19:26.000Z</time></trkpt>
<trkpt lat="54.392287" lon="18.801280"><time>2026-05-23T09:19:28.000Z</time></trkpt>
<trkpt lat="54.392310" lon="18.801294"><time>2026-05-23T09:19:30.000Z</time></trkpt>
<trkpt lat="54.392334" lon="18.801310"><time>2026-05-23T09:19:32.000Z</time></trkpt>
<trkpt lat="54.392359" lon="18.801324"><time>2026-05-23T09:19:34.000Z</time></trkpt>
<trkpt lat="54.392383" lon="18.801338"><time>2026-05-23T09:19:36.000Z</time></trkpt>
<trkpt lat="54.392405" lon="18.801351"><time>2026-05-23T09:19:38.000Z</time></trkpt>
<trkpt lat="54.392429" lon="18.801365"><time>2026-05-23T09:19:40.000Z</time></trkpt>
<trkpt lat="54.392453" lon="18.801380"><time>2026-05-23T09:19:42.000Z</time></trkpt>
<trkpt lat="54.392477" lon="18.801395"><time>2026-05-23T09:19:44.000Z</time></trkpt>
<trkpt lat="54.392501" lon="18.801411"><time>2026-05-23T09:19:46.000Z</time></trkpt>
<trkpt lat="54.392526" lon="18.801428"><time>2026-05-23T09:19:48.000Z</time></trkpt>
<trkpt lat="54.392551" lon="18.801444"><time>2026-05-23T09:19:50.000Z</time></trkpt>
<trkpt lat="54.392575" lon="18.801461"><time>2026-05-23T09:19:52.000Z</time></trkpt>
<trkpt lat="54.392600" lon="18.801476"><time>2026-05-23T09:19:54.000Z</time></trkpt>
<trkpt lat="54.392625" lon="18.801493"><time>2026-05-23T09:19:56.000Z</time></trkpt>
<trkpt lat="54.392650" lon="18.801510"><time>2026-05-23T09:19:58.000Z</time></trkpt>
<trkpt lat="54.392675" lon="18.801527"><time>2026-05-23T09:20:00.000Z</time></trkpt>
<trkpt lat="54.392701" lon="18.801543"><time>2026-05-23T09:20:02.000Z</time></trkpt>
<trkpt lat="54.392727" lon="18.801561"><time>2026-05-23T09:20:04.000Z</time></trkpt>
<trkpt lat="54.392751" lon="18.801580"><time>2026-05-23T09:20:06.000Z</time></trkpt>
<trkpt lat="54.392775" lon="18.801599"><time>2026-05-23T09:20:08.000Z</time></trkpt>
<trkpt lat="54.392801" lon="18.801620"><time>2026-05-23T09:20:10.000Z</time></trkpt>
<trkpt lat="54.392825" lon="18.801639"><time>2026-05-23T09:20:12.000Z</time></trkpt>
<trkpt lat="54.392850" lon="18.801659"><time>2026-05-23T09:20:14.000Z</time></trkpt>
<trkpt lat="54.392874" lon="18.801678"><time>2026-05-23T09:20:16.000Z</time></trkpt>
<trkpt lat="54.392900" lon="18.801699"><time>2026-05-23T09:20:18.000Z</time></trkpt>
<trkpt lat="54.392924" lon="18.801721"><time>2026-05-23T09:20:20.000Z</time></trkpt>
<trkpt lat="54.392949" lon="18.801743"><time>2026-05-23T09:20:22.000Z</time></trkpt>
<trkpt lat="54.392975" lon="18.801764"><time>2026-05-23T09:20:24.000Z</time></trkpt>
<trkpt lat="54.393000" lon="18.801787"><time>2026-05-23T09:20:26.000Z</time></trkpt>
<trkpt lat="54.393023" lon="18.801810"><time>2026-05-23T09:20:28.000Z</time></trkpt>
<trkpt lat="54.393048" lon="18.801833"><time>2026-05-23T09:20:30.000Z</time></trkpt>
<trkpt lat="54.393071" lon="18.801855"><time>2026-05-23T09:20:32.000Z</time></trkpt>
<trkpt lat="54.393107" lon="18.801891"><time>2026-05-23T09:20:34.900Z</time></trkpt>
<trkpt lat="54.393132" lon="18.801914"><time>2026-05-23T09:20:36.900Z</time></trkpt>
<trkpt lat="54.393156" lon="18.801934"><time>2026-05-23T09:20:38.900Z</time></trkpt>
<trkpt lat="54.393182" lon="18.801957"><time>2026-05-23T09:20:40.900Z</time></trkpt>
<trkpt lat="54.393206" lon="18.801980"><time>2026-05-23T09:20:42.900Z</time></trkpt>
<trkpt lat="54.393230" lon="18.802003"><time>2026-05-23T09:20:44.900Z</time></trkpt>
<trkpt lat="54.393254" lon="18.802026"><time>2026-05-23T09:20:46.900Z</time></trkpt>
<trkpt lat="54.393279" lon="18.802050"><time>2026-05-23T09:20:48.900Z</time></trkpt>
<trkpt lat="54.393302" lon="18.802073"><time>2026-05-23T09:20:50.900Z</time></trkpt>
<trkpt lat="54.393326" lon="18.802097"><time>2026-05-23T09:20:52.900Z</time></trkpt>
<trkpt lat="54.393349" lon="18.802121"><time>2026-05-23T09:20:54.900Z</time></trkpt>
<trkpt lat="54.393372" lon="18.802144"><time>2026-05-23T09:20:56.900Z</time></trkpt>
<trkpt lat="54.393396" lon="18.802167"><time>2026-05-23T09:20:58.900Z</time></trkpt>
<trkpt lat="54.393420" lon="18.802190"><time>2026-05-23T09:21:00.900Z</time></trkpt>
<trkpt lat="54.393444" lon="18.802212"><time>2026-05-23T09:21:02.900Z</time></trkpt>
<trkpt lat="54.393467" lon="18.802235"><time>2026-05-23T09:21:04.900Z</time></trkpt>
<trkpt lat="54.393491" lon="18.802262"><time>2026-05-23T09:21:06.900Z</time></trkpt>
<trkpt lat="54.393516" lon="18.802288"><time>2026-05-23T09:21:08.900Z</time></trkpt>
<trkpt lat="54.393540" lon="18.802311"><time>2026-05-23T09:21:10.900Z</time></trkpt>
<trkpt lat="54.393566" lon="18.802336"><time>2026-05-23T09:21:12.900Z</time></trkpt>
<trkpt lat="54.393591" lon="18.802358"><time>2026-05-23T09:21:14.900Z</time></trkpt>
<trkpt lat="54.393615" lon="18.802379"><time>2026-05-23T09:21:16.900Z</time></trkpt>
<trkpt lat="54.393641" lon="18.802402"><time>2026-05-23T09:21:18.900Z</time></trkpt>
<trkpt lat="54.393666" lon="18.802423"><time>2026-05-23T09:21:20.900Z</time></trkpt>
<trkpt lat="54.393691" lon="18.802445"><time>2026-05-23T09:21:22.900Z</time></trkpt>
<trkpt lat="54.393715" lon="18.802464"><time>2026-05-23T09:21:24.900Z</time></trkpt>
<trkpt lat="54.393741" lon="18.802486"><time>2026-05-23T09:21:26.900Z</time></trkpt>
<trkpt lat="54.393753" lon="18.802497"><time>2026-05-23T09:21:28.000Z</time></trkpt>
<trkpt lat="54.393778" lon="18.802519"><time>2026-05-23T09:21:30.000Z</time></trkpt>
<trkpt lat="54.393802" lon="18.802543"><time>2026-05-23T09:21:32.000Z</time></trkpt>
<trkpt lat="54.393826" lon="18.802566"><time>2026-05-23T09:21:34.000Z</time></trkpt>
<trkpt lat="54.393851" lon="18.802588"><time>2026-05-23T09:21:36.000Z</time></trkpt>
<trkpt lat="54.393876" lon="18.802610"><time>2026-05-23T09:21:38.000Z</time></trkpt>
<trkpt lat="54.393901" lon="18.802631"><time>2026-05-23T09:21:40.000Z</time></trkpt>
<trkpt lat="54.393926" lon="18.802653"><time>2026-05-23T09:21:42.000Z</time></trkpt>
<trkpt lat="54.393950" lon="18.802675"><time>2026-05-23T09:21:44.000Z</time></trkpt>
<trkpt lat="54.393974" lon="18.802697"><time>2026-05-23T09:21:46.000Z</time></trkpt>
<trkpt lat="54.393999" lon="18.802719"><time>2026-05-23T09:21:48.000Z</time></trkpt>
<trkpt lat="54.394024" lon="18.802742"><time>2026-05-23T09:21:50.000Z</time></trkpt>
<trkpt lat="54.394050" lon="18.802763"><time>2026-05-23T09:21:52.000Z</time></trkpt>
<trkpt lat="54.394075" lon="18.802783"><time>2026-05-23T09:21:54.000Z</time></trkpt>
<trkpt lat="54.394101" lon="18.802805"><time>2026-05-23T09:21:56.000Z</time></trkpt>
<trkpt lat="54.394126" lon="18.802825"><time>2026-05-23T09:21:58.000Z</time></trkpt>
<trkpt lat="54.394151" lon="18.802845"><time>2026-05-23T09:22:00.000Z</time></trkpt>
<trkpt lat="54.394177" lon="18.802865"><time>2026-05-23T09:22:02.000Z</time></trkpt>
<trkpt lat="54.394203" lon="18.802884"><time>2026-05-23T09:22:04.000Z</time></trkpt>
<trkpt lat="54.394228" lon="18.802905"><time>2026-05-23T09:22:06.000Z</time></trkpt>
<trkpt lat="54.394254" lon="18.802926"><time>2026-05-23T09:22:08.000Z</time></trkpt>
<trkpt lat="54.394280" lon="18.802947"><time>2026-05-23T09:22:10.000Z</time></trkpt>
<trkpt lat="54.394306" lon="18.802967"><time>2026-05-23T09:22:12.000Z</time></trkpt>
<trkpt lat="54.394333" lon="18.802988"><time>2026-05-23T09:22:14.000Z</time></trkpt>
<trkpt lat="54.394359" lon="18.803010"><time>2026-05-23T09:22:16.000Z</time></trkpt>
<trkpt lat="54.394385" lon="18.803030"><time>2026-05-23T09:22:18.000Z</time></trkpt>
<trkpt lat="54.394411" lon="18.803052"><time>2026-05-23T09:22:20.000Z</time></trkpt>
<trkpt lat="54.394436" lon="18.803074"><time>2026-05-23T09:22:22.000Z</time></trkpt>
<trkpt lat="54.394462" lon="18.803096"><time>2026-05-23T09:22:24.000Z</time></trkpt>
<trkpt lat="54.394488" lon="18.803118"><time>2026-05-23T09:22:26.000Z</time></trkpt>
<trkpt lat="54.394513" lon="18.803141"><time>2026-05-23T09:22:28.000Z</time></trkpt>
<trkpt lat="54.394539" lon="18.803164"><time>2026-05-23T09:22:30.000Z</time></trkpt>
<trkpt lat="54.394565" lon="18.803185"><time>2026-05-23T09:22:32.000Z</time></trkpt>
<trkpt lat="54.394590" lon="18.803208"><time>2026-05-23T09:22:34.000Z</time></trkpt>
<trkpt lat="54.394615" lon="18.803230"><time>2026-05-23T09:22:36.000Z</time></trkpt>
<trkpt lat="54.394640" lon="18.803253"><time>2026-05-23T09:22:38.000Z</time></trkpt>
<trkpt lat="54.394665" lon="18.803276"><time>2026-05-23T09:22:40.000Z</time></trkpt>
<trkpt lat="54.394702" lon="18.803312"><time>2026-05-23T09:22:42.900Z</time></trkpt>
<trkpt lat="54.394726" lon="18.803335"><time>2026-05-23T09:22:44.900Z</time></trkpt>
<trkpt lat="54.394749" lon="18.803359"><time>2026-05-23T09:22:46.900Z</time></trkpt>
<trkpt lat="54.394774" lon="18.803384"><time>2026-05-23T09:22:48.900Z</time></trkpt>
<trkpt lat="54.394799" lon="18.803405"><time>2026-05-23T09:22:50.900Z</time></trkpt>
<trkpt lat="54.394824" lon="18.803427"><time>2026-05-23T09:22:52.900Z</time></trkpt>
<trkpt lat="54.394849" lon="18.803448"><time>2026-05-23T09:22:54.900Z</time></trkpt>
<trkpt lat="54.394874" lon="18.803469"><time>2026-05-23T09:22:56.900Z</time></trkpt>
<trkpt lat="54.394901" lon="18.803488"><time>2026-05-23T09:22:58.900Z</time></trkpt>
<trkpt lat="54.394924" lon="18.803509"><time>2026-05-23T09:23:00.900Z</time></trkpt>
<trkpt lat="54.394950" lon="18.803533"><time>2026-05-23T09:23:02.900Z</time></trkpt>
<trkpt lat="54.394975" lon="18.803555"><time>2026-05-23T09:23:04.900Z</time></trkpt>
<trkpt lat="54.395001" lon="18.803577"><time>2026-05-23T09:23:06.900Z</time></trkpt>
<trkpt lat="54.395026" lon="18.803599"><time>2026-05-23T09:23:08.900Z</time></trkpt>
<trkpt lat="54.395052" lon="18.803621"><time>2026-05-23T09:23:10.900Z</time></trkpt>
<trkpt lat="54.395077" lon="18.803642"><time>2026-05-23T09:23:12.900Z</time></trkpt>
<trkpt lat="54.395103" lon="18.803663"><time>2026-05-23T09:23:14.900Z</time></trkpt>
<trkpt lat="54.395128" lon="18.803684"><time>2026-05-23T09:23:16.900Z</time></trkpt>
<trkpt lat="54.395153" lon="18.803706"><time>2026-05-23T09:23:18.900Z</time></trkpt>
<trkpt lat="54.395178" lon="18.803728"><time>2026-05-23T09:23:20.900Z</time></trkpt>
<trkpt lat="54.395202" lon="18.803750"><time>2026-05-23T09:23:22.900Z</time></trkpt>
<trkpt lat="54.395227" lon="18.803772"><time>2026-05-23T09:23:24.900Z</time></trkpt>
<trkpt lat="54.395253" lon="18.803795"><time>2026-05-23T09:23:26.900Z</time></trkpt>
<trkpt lat="54.395279" lon="18.803818"><time>2026-05-23T09:23:28.900Z</time></trkpt>
<trkpt lat="54.395304" lon="18.803838"><time>2026-05-23T09:23:30.900Z</time></trkpt>
<trkpt lat="54.395328" lon="18.803859"><time>2026-05-23T09:23:32.900Z</time></trkpt>
<trkpt lat="54.395340" lon="18.803870"><time>2026-05-23T09:23:34.000Z</time></trkpt>
<trkpt lat="54.395364" lon="18.803893"><time>2026-05-23T09:23:36.000Z</time></trkpt>
<trkpt lat="54.395388" lon="18.803915"><time>2026-05-23T09:23:38.000Z</time></trkpt>
<trkpt lat="54.395413" lon="18.803937"><time>2026-05-23T09:23:40.000Z</time></trkpt>
<trkpt lat="54.395438" lon="18.803958"><time>2026-05-23T09:23:42.000Z</time></trkpt>
<trkpt lat="54.395464" lon="18.803980"><time>2026-05-23T09:23:44.000Z</time></trkpt>
<trkpt lat="54.395488" lon="18.804000"><time>2026-05-23T09:23:46.000Z</time></trkpt>
<trkpt lat="54.395513" lon="18.804018"><time>2026-05-23T09:23:48.000Z</time></trkpt>
<trkpt lat="54.395538" lon="18.804036"><time>2026-05-23T09:23:50.000Z</time></trkpt>
<trkpt lat="54.395564" lon="18.804052"><time>2026-05-23T09:23:52.000Z</time></trkpt>
<trkpt lat="54.395590" lon="18.804068"><time>2026-05-23T09:23:54.000Z</time></trkpt>
<trkpt lat="54.395616" lon="18.804085"><time>2026-05-23T09:23:56.000Z</time></trkpt>
<trkpt lat="54.395643" lon="18.804101"><time>2026-05-23T09:23:58.000Z</time></trkpt>
<trkpt lat="54.395671" lon="18.804114"><time>2026-05-23T09:24:00.000Z</time></trkpt>
<trkpt lat="54.395696" lon="18.804134"><time>2026-05-23T09:24:02.000Z</time></trkpt>
<trkpt lat="54.395722" lon="18.804153"><time>2026-05-23T09:24:04.000Z</time></trkpt>
<trkpt lat="54.395749" lon="18.804172"><time>2026-05-23T09:24:06.000Z</time></trkpt>
<trkpt lat="54.395776" lon="18.804194"><time>2026-05-23T09:24:08.000Z</time></trkpt>
<trkpt lat="54.395805" lon="18.804215"><time>2026-05-23T09:24:10.000Z</time></trkpt>
<trkpt lat="54.395834" lon="18.804236"><time>2026-05-23T09:24:12.000Z</time></trkpt>
<trkpt lat="54.395863" lon="18.804258"><time>2026-05-23T09:24:14.000Z</time></trkpt>
<trkpt lat="54.395891" lon="18.804282"><time>2026-05-23T09:24:16.000Z</time></trkpt>
<trkpt lat="54.395919" lon="18.804304"><time>2026-05-23T09:24:18.000Z</time></trkpt>
<trkpt lat="54.395947" lon="18.804324"><time>2026-05-23T09:24:20.000Z</time></trkpt>
<trkpt lat="54.395975" lon="18.804343"><time>2026-05-23T09:24:22.000Z</time></trkpt>
<trkpt lat="54.396004" lon="18.804360"><time>2026-05-23T09:24:24.000Z</time></trkpt>
<trkpt lat="54.396032" lon="18.804378"><time>2026-05-23T09:24:26.000Z</time></trkpt>
<trkpt lat="54.396060" lon="18.804397"><time>2026-05-23T09:24:28.000Z</time></trkpt>
<trkpt lat="54.396089" lon="18.804418"><time>2026-05-23T09:24:30.000Z</time></trkpt>
<trkpt lat="54.396115" lon="18.804438"><time>2026-05-23T09:24:32.000Z</time></trkpt>
<trkpt lat="54.396144" lon="18.804459"><time>2026-05-23T09:24:34.000Z</time></trkpt>
<trkpt lat="54.396171" lon="18.804481"><time>2026-05-23T09:24:36.000Z</time></trkpt>
<trkpt lat="54.396199" lon="18.804503"><time>2026-05-23T09:24:38.000Z</time></trkpt>
<trkpt lat="54.396228" lon="18.804526"><time>2026-05-23T09:24:40.000Z</time></trkpt>
<trkpt lat="54.396257" lon="18.804550"><time>2026-05-23T09:24:42.000Z</time></trkpt>
<trkpt lat="54.396285" lon="18.804574"><time>2026-05-23T09:24:44.000Z</time></trkpt>
<trkpt lat="54.396326" lon="18.804612"><time>2026-05-23T09:24:46.900Z</time></trkpt>
<trkpt lat="54.396351" lon="18.804637"><time>2026-05-23T09:24:48.900Z</time></trkpt>
<trkpt lat="54.396376" lon="18.804662"><time>2026-05-23T09:24:50.900Z</time></trkpt>
<trkpt lat="54.396402" lon="18.804685"><time>2026-05-23T09:24:52.900Z</time></trkpt>
<trkpt lat="54.396428" lon="18.804709"><time>2026-05-23T09:24:54.900Z</time></trkpt>
<trkpt lat="54.396456" lon="18.804732"><time>2026-05-23T09:24:56.900Z</time></trkpt>
<trkpt lat="54.396482" lon="18.804757"><time>2026-05-23T09:24:58.900Z</time></trkpt>
<trkpt lat="54.396509" lon="18.804782"><time>2026-05-23T09:25:00.900Z</time></trkpt>
<trkpt lat="54.396534" lon="18.804805"><time>2026-05-23T09:25:02.900Z</time></trkpt>
<trkpt lat="54.396561" lon="18.804829"><time>2026-05-23T09:25:04.900Z</time></trkpt>
<trkpt lat="54.396587" lon="18.804853"><time>2026-05-23T09:25:06.900Z</time></trkpt>
<trkpt lat="54.396614" lon="18.804874"><time>2026-05-23T09:25:08.900Z</time></trkpt>
<trkpt lat="54.396642" lon="18.804895"><time>2026-05-23T09:25:10.900Z</time></trkpt>
<trkpt lat="54.396670" lon="18.804914"><time>2026-05-23T09:25:12.900Z</time></trkpt>
<trkpt lat="54.396699" lon="18.804931"><time>2026-05-23T09:25:14.900Z</time></trkpt>
<trkpt lat="54.396728" lon="18.804948"><time>2026-05-23T09:25:16.900Z</time></trkpt>
<trkpt lat="54.396757" lon="18.804967"><time>2026-05-23T09:25:18.900Z</time></trkpt>
<trkpt lat="54.396785" lon="18.804987"><time>2026-05-23T09:25:20.900Z</time></trkpt>
<trkpt lat="54.396813" lon="18.805009"><time>2026-05-23T09:25:22.900Z</time></trkpt>
<trkpt lat="54.396840" lon="18.805032"><time>2026-05-23T09:25:24.900Z</time></trkpt>
<trkpt lat="54.396868" lon="18.805053"><time>2026-05-23T09:25:26.900Z</time></trkpt>
<trkpt lat="54.396896" lon="18.805074"><time>2026-05-23T09:25:28.900Z</time></trkpt>
<trkpt lat="54.396924" lon="18.805096"><time>2026-05-23T09:25:30.900Z</time></trkpt>
<trkpt lat="54.396948" lon="18.805124"><time>2026-05-23T09:25:32.900Z</time></trkpt>
<trkpt lat="54.396970" lon="18.805148"><time>2026-05-23T09:25:34.900Z</time></trkpt>
<trkpt lat="54.397000" lon="18.805170"><time>2026-05-23T09:25:36.900Z</time></trkpt>
<trkpt lat="54.397032" lon="18.805194"><time>2026-05-23T09:25:38.900Z</time></trkpt>
<trkpt lat="54.397045" lon="18.805201"><time>2026-05-23T09:25:40.000Z</time></trkpt>
<trkpt lat="54.397069" lon="18.805222"><time>2026-05-23T09:25:42.000Z</time></trkpt>
<trkpt lat="54.397093" lon="18.805242"><time>2026-05-23T09:25:44.000Z</time></trkpt>
<trkpt lat="54.397117" lon="18.805264"><time>2026-05-23T09:25:46.000Z</time></trkpt>
<trkpt lat="54.397142" lon="18.805288"><time>2026-05-23T09:25:48.000Z</time></trkpt>
<trkpt lat="54.397166" lon="18.805309"><time>2026-05-23T09:25:50.000Z</time></trkpt>
<trkpt lat="54.397190" lon="18.805330"><time>2026-05-23T09:25:52.000Z</time></trkpt>
<trkpt lat="54.397216" lon="18.805351"><time>2026-05-23T09:25:54.000Z</time></trkpt>
<trkpt lat="54.397242" lon="18.805373"><time>2026-05-23T09:25:56.000Z</time></trkpt>
<trkpt lat="54.397268" lon="18.805396"><time>2026-05-23T09:25:58.000Z</time></trkpt>
<trkpt lat="54.397291" lon="18.805420"><time>2026-05-23T09:26:00.000Z</time></trkpt>
<trkpt lat="54.397321" lon="18.805448"><time>2026-05-23T09:26:02.000Z</time></trkpt>
<trkpt lat="54.397350" lon="18.805482"><time>2026-05-23T09:26:04.000Z</time></trkpt>
<trkpt lat="54.397376" lon="18.805507"><time>2026-05-23T09:26:06.000Z</time></trkpt>
<trkpt lat="54.397401" lon="18.805529"><time>2026-05-23T09:26:08.000Z</time></trkpt>
<trkpt lat="54.397428" lon="18.805546"><time>2026-05-23T09:26:10.000Z</time></trkpt>
<trkpt lat="54.397452" lon="18.805569"><time>2026-05-23T09:26:12.000Z</time></trkpt>
<trkpt lat="54.397480" lon="18.805583"><time>2026-05-23T09:26:14.000Z</time></trkpt>
<trkpt lat="54.397504" lon="18.805602"><time>2026-05-23T09:26:16.000Z</time></trkpt>
<trkpt lat="54.397528" lon="18.805624"><time>2026-05-23T09:26:18.000Z</time></trkpt>
<trkpt lat="54.397550" lon="18.805654"><time>2026-05-23T09:26:20.000Z</time></trkpt>
<trkpt lat="54.397570" lon="18.805686"><time>2026-05-23T09:26:22.000Z</time></trkpt>
<trkpt lat="54.397591" lon="18.805712"><time>2026-05-23T09:26:24.000Z</time></trkpt>
<trkpt lat="54.397617" lon="18.805734"><time>2026-05-23T09:26:26.000Z</time></trkpt>
<trkpt lat="54.397642" lon="18.805754"><time>2026-05-23T09:26:28.000Z</time></trkpt>
<trkpt lat="54.397668" lon="18.805775"><time>2026-05-23T09:26:30.000Z</time></trkpt>
<trkpt lat="54.397693" lon="18.805796"><time>2026-05-23T09:26:32.000Z</time></trkpt>
<trkpt lat="54.397718" lon="18.805818"><time>2026-05-23T09:26:34.000Z</time></trkpt>
<trkpt lat="54.397742" lon="18.805841"><time>2026-05-23T09:26:36.000Z</time></trkpt>
<trkpt lat="54.397764" lon="18.805858"><time>2026-05-23T09:26:38.000Z</time></trkpt>
<trkpt lat="54.397783" lon="18.805877"><time>2026-05-23T09:26:40.000Z</time></trkpt>
<trkpt lat="54.397799" lon="18.805897"><time>2026-05-23T09:26:42.000Z</time></trkpt>
<trkpt lat="54.397821" lon="18.805922"><time>2026-05-23T09:26:44.000Z</time></trkpt>
<trkpt lat="54.397839" lon="18.805952"><time>2026-05-23T09:26:46.000Z</time></trkpt>
<trkpt lat="54.397847" lon="18.805997"><time>2026-05-23T09:26:48.900Z</time></trkpt>
<trkpt lat="54.397845" lon="18.806022"><time>2026-05-23T09:26:50.900Z</time></trkpt>
<trkpt lat="54.397837" lon="18.806045"><time>2026-05-23T09:26:52.900Z</time></trkpt>
<trkpt lat="54.397827" lon="18.806059"><time>2026-05-23T09:26:54.900Z</time></trkpt>
<trkpt lat="54.397816" lon="18.806072"><time>2026-05-23T09:26:56.900Z</time></trkpt>
<trkpt lat="54.397802" lon="18.806084"><time>2026-05-23T09:26:58.900Z</time></trkpt>
<trkpt lat="54.397787" lon="18.806097"><time>2026-05-23T09:27:00.900Z</time></trkpt>
<trkpt lat="54.397771" lon="18.806108"><time>2026-05-23T09:27:02.900Z</time></trkpt>
<trkpt lat="54.397744" lon="18.806122"><time>2026-05-23T09:27:04.900Z</time></trkpt>
<trkpt lat="54.397715" lon="18.806125"><time>2026-05-23T09:27:06.900Z</time></trkpt>
<trkpt lat="54.397699" lon="18.806142"><time>2026-05-23T09:27:08.900Z</time></trkpt>
<trkpt lat="54.397677" lon="18.806156"><time>2026-05-23T09:27:10.900Z</time></trkpt>
<trkpt lat="54.397655" lon="18.806172"><time>2026-05-23T09:27:12.900Z</time></trkpt>
<trkpt lat="54.397634" lon="18.806191"><time>2026-05-23T09:27:14.900Z</time></trkpt>
<trkpt lat="54.397611" lon="18.806209"><time>2026-05-23T09:27:16.900Z</time></trkpt>
<trkpt lat="54.397586" lon="18.806233"><time>2026-05-23T09:27:18.900Z</time></trkpt>
<trkpt lat="54.397568" lon="18.806257"><time>2026-05-23T09:27:20.900Z</time></trkpt>
<trkpt lat="54.397553" lon="18.806287"><time>2026-05-23T09:27:22.900Z</time></trkpt>
<trkpt lat="54.397538" lon="18.806311"><time>2026-05-23T09:27:24.900Z</time></trkpt>
<trkpt lat="54.397523" lon="18.806333"><time>2026-05-23T09:27:26.900Z</time></trkpt>
<trkpt lat="54.397508" lon="18.806345"><time>2026-05-23T09:27:28.900Z</time></trkpt>
<trkpt lat="54.397483" lon="18.806377"><time>2026-05-23T09:27:30.900Z</time></trkpt>
<trkpt lat="54.397466" lon="18.806406"><time>2026-05-23T09:27:32.900Z</time></trkpt>
<trkpt lat="54.397454" lon="18.806441"><time>2026-05-23T09:27:34.900Z</time></trkpt>
<trkpt lat="54.397437" lon="18.806472"><time>2026-05-23T09:27:36.900Z</time></trkpt>
<trkpt lat="54.397420" lon="18.806500"><time>2026-05-23T09:27:38.900Z</time></trkpt>
<trkpt lat="54.397404" lon="18.806530"><time>2026-05-23T09:27:40.900Z</time></trkpt>
<trkpt lat="54.397389" lon="18.806562"><time>2026-05-23T09:27:42.900Z</time></trkpt>
<trkpt lat="54.397376" lon="18.806597"><time>2026-05-23T09:27:44.900Z</time></trkpt>
<trkpt lat="54.397369" lon="18.806613"><time>2026-05-23T09:27:46.000Z</time></trkpt>
<trkpt lat="54.397354" lon="18.806646"><time>2026-05-23T09:27:48.000Z</time></trkpt>
<trkpt lat="54.397339" lon="18.806681"><time>2026-05-23T09:27:50.000Z</time></trkpt>
<trkpt lat="54.397324" lon="18.806716"><time>2026-05-23T09:27:52.000Z</time></trkpt>
<trkpt lat="54.397308" lon="18.806752"><time>2026-05-23T09:27:54.000Z</time></trkpt>
<trkpt lat="54.397292" lon="18.806789"><time>2026-05-23T09:27:56.000Z</time></trkpt>
<trkpt lat="54.397277" lon="18.806825"><time>2026-05-23T09:27:58.000Z</time></trkpt>
<trkpt lat="54.397262" lon="18.806862"><time>2026-05-23T09:28:00.000Z</time></trkpt>
<trkpt lat="54.397249" lon="18.806901"><time>2026-05-23T09:28:02.000Z</time></trkpt>
<trkpt lat="54.397228" lon="18.806956"><time>2026-05-23T09:28:04.000Z</time></trkpt>
<trkpt lat="54.397213" lon="18.807014"><time>2026-05-23T09:28:06.000Z</time></trkpt>
<trkpt lat="54.397201" lon="18.807049"><time>2026-05-23T09:28:08.000Z</time></trkpt>
<trkpt lat="54.397187" lon="18.807085"><time>2026-05-23T09:28:10.000Z</time></trkpt>
<trkpt lat="54.397174" lon="18.807123"><time>2026-05-23T09:28:12.000Z</time></trkpt>
<trkpt lat="54.397161" lon="18.807160"><time>2026-05-23T09:28:14.000Z</time></trkpt>
<trkpt lat="54.397145" lon="18.807199"><time>2026-05-23T09:28:16.000Z</time></trkpt>
<trkpt lat="54.397132" lon="18.807238"><time>2026-05-23T09:28:18.000Z</time></trkpt>
<trkpt lat="54.397117" lon="18.807276"><time>2026-05-23T09:28:20.000Z</time></trkpt>
<trkpt lat="54.397104" lon="18.807315"><time>2026-05-23T09:28:22.000Z</time></trkpt>
<trkpt lat="54.397089" lon="18.807354"><time>2026-05-23T09:28:24.000Z</time></trkpt>
<trkpt lat="54.397075" lon="18.807393"><time>2026-05-23T09:28:26.000Z</time></trkpt>
<trkpt lat="54.397060" lon="18.807431"><time>2026-05-23T09:28:28.000Z</time></trkpt>
<trkpt lat="54.397046" lon="18.807469"><time>2026-05-23T09:28:30.000Z</time></trkpt>
<trkpt lat="54.397030" lon="18.807511"><time>2026-05-23T09:28:32.000Z</time></trkpt>
<trkpt lat="54.397015" lon="18.807556"><time>2026-05-23T09:28:34.000Z</time></trkpt>
<trkpt lat="54.396999" lon="18.807596"><time>2026-05-23T09:28:36.000Z</time></trkpt>
<trkpt lat="54.396986" lon="18.807639"><time>2026-05-23T09:28:38.000Z</time></trkpt>
<trkpt lat="54.396973" lon="18.807678"><time>2026-05-23T09:28:40.000Z</time></trkpt>
<trkpt lat="54.396950" lon="18.807738"><time>2026-05-23T09:28:42.900Z</time></trkpt>
<trkpt lat="54.396935" lon="18.807777"><time>2026-05-23T09:28:44.900Z</time></trkpt>
<trkpt lat="54.396921" lon="18.807818"><time>2026-05-23T09:28:46.900Z</time></trkpt>
<trkpt lat="54.396906" lon="18.807853"><time>2026-05-23T09:28:48.900Z</time></trkpt>
<trkpt lat="54.396893" lon="18.807892"><time>2026-05-23T09:28:50.900Z</time></trkpt>
<trkpt lat="54.396877" lon="18.807938"><time>2026-05-23T09:28:52.900Z</time></trkpt>
<trkpt lat="54.396864" lon="18.807985"><time>2026-05-23T09:28:54.900Z</time></trkpt>
<trkpt lat="54.396851" lon="18.808022"><time>2026-05-23T09:28:56.900Z</time></trkpt>
<trkpt lat="54.396837" lon="18.808054"><time>2026-05-23T09:28:58.900Z</time></trkpt>
<trkpt lat="54.396823" lon="18.808092"><time>2026-05-23T09:29:00.900Z</time></trkpt>
<trkpt lat="54.396811" lon="18.808125"><time>2026-05-23T09:29:02.900Z</time></trkpt>
<trkpt lat="54.396799" lon="18.808156"><time>2026-05-23T09:29:04.900Z</time></trkpt>
<trkpt lat="54.396786" lon="18.808182"><time>2026-05-23T09:29:06.900Z</time></trkpt>
<trkpt lat="54.396769" lon="18.808218"><time>2026-05-23T09:29:08.900Z</time></trkpt>
<trkpt lat="54.396757" lon="18.808250"><time>2026-05-23T09:29:10.900Z</time></trkpt>
<trkpt lat="54.396741" lon="18.808295"><time>2026-05-23T09:29:12.900Z</time></trkpt>
<trkpt lat="54.396729" lon="18.808340"><time>2026-05-23T09:29:14.900Z</time></trkpt>
<trkpt lat="54.396717" lon="18.808389"><time>2026-05-23T09:29:16.900Z</time></trkpt>
<trkpt lat="54.396703" lon="18.808434"><time>2026-05-23T09:29:18.900Z</time></trkpt>
<trkpt lat="54.396683" lon="18.808470"><time>2026-05-23T09:29:20.900Z</time></trkpt>
<trkpt lat="54.396670" lon="18.808498"><time>2026-05-23T09:29:22.900Z</time></trkpt>
<trkpt lat="54.396662" lon="18.808526"><time>2026-05-23T09:29:24.900Z</time></trkpt>
<trkpt lat="54.396650" lon="18.808566"><time>2026-05-23T09:29:26.900Z</time></trkpt>
<trkpt lat="54.396638" lon="18.808617"><time>2026-05-23T09:29:28.900Z</time></trkpt>
<trkpt lat="54.396627" lon="18.808661"><time>2026-05-23T09:29:30.900Z</time></trkpt>
<trkpt lat="54.396612" lon="18.808705"><time>2026-05-23T09:29:32.900Z</time></trkpt>
<trkpt lat="54.396601" lon="18.808748"><time>2026-05-23T09:29:34.900Z</time></trkpt>
<trkpt lat="54.396582" lon="18.808785"><time>2026-05-23T09:29:36.900Z</time></trkpt>
<trkpt lat="54.396569" lon="18.808819"><time>2026-05-23T09:29:38.900Z</time></trkpt>
<trkpt lat="54.396553" lon="18.808863"><time>2026-05-23T09:29:40.900Z</time></trkpt>
<trkpt lat="54.396540" lon="18.808906"><time>2026-05-23T09:29:42.900Z</time></trkpt>
<trkpt lat="54.396526" lon="18.808947"><time>2026-05-23T09:29:44.900Z</time></trkpt>
<trkpt lat="54.396513" lon="18.808989"><time>2026-05-23T09:29:46.900Z</time></trkpt>
<trkpt lat="54.396501" lon="18.809032"><time>2026-05-23T09:29:48.900Z</time></trkpt>
<trkpt lat="54.396489" lon="18.809072"><time>2026-05-23T09:29:50.900Z</time></trkpt>
<trkpt lat="54.396483" lon="18.809092"><time>2026-05-23T09:29:52.000Z</time></trkpt>
<trkpt lat="54.396472" lon="18.809133"><time>2026-05-23T09:29:54.000Z</time></trkpt>
<trkpt lat="54.396459" lon="18.809167"><time>2026-05-23T09:29:56.000Z</time></trkpt>
<trkpt lat="54.396443" lon="18.809210"><time>2026-05-23T09:29:58.000Z</time></trkpt>
<trkpt lat="54.396421" lon="18.809250"><time>2026-05-23T09:30:00.000Z</time></trkpt>
<trkpt lat="54.396410" lon="18.809308"><time>2026-05-23T09:30:02.000Z</time></trkpt>
<trkpt lat="54.396395" lon="18.809352"><time>2026-05-23T09:30:04.000Z</time></trkpt>
<trkpt lat="54.396383" lon="18.809386"><time>2026-05-23T09:30:06.000Z</time></trkpt>
<trkpt lat="54.396370" lon="18.809420"><time>2026-05-23T09:30:08.000Z</time></trkpt>
<trkpt lat="54.396357" lon="18.809458"><time>2026-05-23T09:30:10.000Z</time></trkpt>
<trkpt lat="54.396344" lon="18.809497"><time>2026-05-23T09:30:12.000Z</time></trkpt>
<trkpt lat="54.396332" lon="18.809534"><time>2026-05-23T09:30:14.000Z</time></trkpt>
<trkpt lat="54.396322" lon="18.809571"><time>2026-05-23T09:30:16.000Z</time></trkpt>
<trkpt lat="54.396311" lon="18.809607"><time>2026-05-23T09:30:18.000Z</time></trkpt>
<trkpt lat="54.396299" lon="18.809645"><time>2026-05-23T09:30:20.000Z</time></trkpt>
<trkpt lat="54.396288" lon="18.809684"><time>2026-05-23T09:30:22.000Z</time></trkpt>
<trkpt lat="54.396278" lon="18.809722"><time>2026-05-23T09:30:24.000Z</time></trkpt>
<trkpt lat="54.396268" lon="18.809761"><time>2026-05-23T09:30:26.000Z</time></trkpt>
<trkpt lat="54.396258" lon="18.809799"><time>2026-05-23T09:30:28.000Z</time></trkpt>
<trkpt lat="54.396249" lon="18.809838"><time>2026-05-23T09:30:30.000Z</time></trkpt>
<trkpt lat="54.396238" lon="18.809874"><time>2026-05-23T09:30:32.000Z</time></trkpt>
<trkpt lat="54.396226" lon="18.809911"><time>2026-05-23T09:30:34.000Z</time></trkpt>
<trkpt lat="54.396214" lon="18.809946"><time>2026-05-23T09:30:36.000Z</time></trkpt>
<trkpt lat="54.396200" lon="18.809985"><time>2026-05-23T09:30:38.000Z</time></trkpt>
<trkpt lat="54.396186" lon="18.810023"><time>2026-05-23T09:30:40.000Z</time></trkpt>
<trkpt lat="54.396172" lon="18.810061"><time>2026-05-23T09:30:42.000Z</time></trkpt>
<trkpt lat="54.396153" lon="18.810120"><time>2026-05-23T09:30:44.900Z</time></trkpt>
<trkpt lat="54.396140" lon="18.810158"><time>2026-05-23T09:30:46.900Z</time></trkpt>
<trkpt lat="54.396126" lon="18.810197"><time>2026-05-23T09:30:48.900Z</time></trkpt>
<trkpt lat="54.396113" lon="18.810235"><time>2026-05-23T09:30:50.900Z</time></trkpt>
<trkpt lat="54.396100" lon="18.810272"><time>2026-05-23T09:30:52.900Z</time></trkpt>
<trkpt lat="54.396088" lon="18.810308"><time>2026-05-23T09:30:54.900Z</time></trkpt>
<trkpt lat="54.396075" lon="18.810346"><time>2026-05-23T09:30:56.900Z</time></trkpt>
<trkpt lat="54.396063" lon="18.810383"><time>2026-05-23T09:30:58.900Z</time></trkpt>
<trkpt lat="54.396050" lon="18.810421"><time>2026-05-23T09:31:00.900Z</time></trkpt>
<trkpt lat="54.396037" lon="18.810458"><time>2026-05-23T09:31:02.900Z</time></trkpt>
<trkpt lat="54.396023" lon="18.810494"><time>2026-05-23T09:31:04.900Z</time></trkpt>
<trkpt lat="54.396010" lon="18.810530"><time>2026-05-23T09:31:06.900Z</time></trkpt>
<trkpt lat="54.395997" lon="18.810567"><time>2026-05-23T09:31:08.900Z</time></trkpt>
<trkpt lat="54.395983" lon="18.810604"><time>2026-05-23T09:31:10.900Z</time></trkpt>
<trkpt lat="54.395970" lon="18.810643"><time>2026-05-23T09:31:12.900Z</time></trkpt>
<trkpt lat="54.395957" lon="18.810681"><time>2026-05-23T09:31:14.900Z</time></trkpt>
<trkpt lat="54.395944" lon="18.810719"><time>2026-05-23T09:31:16.900Z</time></trkpt>
<trkpt lat="54.395932" lon="18.810753"><time>2026-05-23T09:31:18.900Z</time></trkpt>
<trkpt lat="54.395919" lon="18.810787"><time>2026-05-23T09:31:20.900Z</time></trkpt>
<trkpt lat="54.395905" lon="18.810825"><time>2026-05-23T09:31:22.900Z</time></trkpt>
<trkpt lat="54.395892" lon="18.810862"><time>2026-05-23T09:31:24.900Z</time></trkpt>
<trkpt lat="54.395878" lon="18.810899"><time>2026-05-23T09:31:26.900Z</time></trkpt>
<trkpt lat="54.395865" lon="18.810939"><time>2026-05-23T09:31:28.900Z</time></trkpt>
<trkpt lat="54.395853" lon="18.810977"><time>2026-05-23T09:31:30.900Z</time></trkpt>
<trkpt lat="54.395839" lon="18.811015"><time>2026-05-23T09:31:32.900Z</time></trkpt>
<trkpt lat="54.395826" lon="18.811055"><time>2026-05-23T09:31:34.900Z</time></trkpt>
<trkpt lat="54.395813" lon="18.811095"><time>2026-05-23T09:31:36.900Z</time></trkpt>
<trkpt lat="54.395799" lon="18.811134"><time>2026-05-23T09:31:38.900Z</time></trkpt>
<trkpt lat="54.395785" lon="18.811174"><time>2026-05-23T09:31:40.900Z</time></trkpt>
<trkpt lat="54.395772" lon="18.811214"><time>2026-05-23T09:31:42.900Z</time></trkpt>
<trkpt lat="54.395758" lon="18.811255"><time>2026-05-23T09:31:44.900Z</time></trkpt>
<trkpt lat="54.395745" lon="18.811295"><time>2026-05-23T09:31:46.900Z</time></trkpt>
<trkpt lat="54.395731" lon="18.811337"><time>2026-05-23T09:31:48.900Z</time></trkpt>
<trkpt lat="54.395718" lon="18.811378"><time>2026-05-23T09:31:50.900Z</time></trkpt>
<trkpt lat="54.395705" lon="18.811423"><time>2026-05-23T09:31:52.900Z</time></trkpt>
<trkpt lat="54.395692" lon="18.811463"><time>2026-05-23T09:31:54.900Z</time></trkpt>
<trkpt lat="54.395678" lon="18.811505"><time>2026-05-23T09:31:57.000Z</time></trkpt>
<trkpt lat="54.395672" lon="18.811524"><time>2026-05-23T09:31:58.000Z</time></trkpt>
<trkpt lat="54.395660" lon="18.811564"><time>2026-05-23T09:32:00.000Z</time></trkpt>
<trkpt lat="54.395647" lon="18.811603"><time>2026-05-23T09:32:02.000Z</time></trkpt>
<trkpt lat="54.395628" lon="18.811660"><time>2026-05-23T09:32:04.900Z</time></trkpt>
<trkpt lat="54.395615" lon="18.811700"><time>2026-05-23T09:32:06.900Z</time></trkpt>
<trkpt lat="54.395602" lon="18.811740"><time>2026-05-23T09:32:08.900Z</time></trkpt>
<trkpt lat="54.395588" lon="18.811780"><time>2026-05-23T09:32:10.900Z</time></trkpt>
<trkpt lat="54.395575" lon="18.811819"><time>2026-05-23T09:32:12.900Z</time></trkpt>
<trkpt lat="54.395561" lon="18.811858"><time>2026-05-23T09:32:14.900Z</time></trkpt>
<trkpt lat="54.395547" lon="18.811898"><time>2026-05-23T09:32:16.900Z</time></trkpt>
<trkpt lat="54.395534" lon="18.811937"><time>2026-05-23T09:32:18.900Z</time></trkpt>
<trkpt lat="54.395518" lon="18.811974"><time>2026-05-23T09:32:20.900Z</time></trkpt>
<trkpt lat="54.395505" lon="18.812018"><time>2026-05-23T09:32:22.900Z</time></trkpt>
<trkpt lat="54.395492" lon="18.812059"><time>2026-05-23T09:32:24.900Z</time></trkpt>
<trkpt lat="54.395479" lon="18.812102"><time>2026-05-23T09:32:26.900Z</time></trkpt>
<trkpt lat="54.395467" lon="18.812145"><time>2026-05-23T09:32:28.900Z</time></trkpt>
<trkpt lat="54.395458" lon="18.812186"><time>2026-05-23T09:32:30.900Z</time></trkpt>
<trkpt lat="54.395443" lon="18.812225"><time>2026-05-23T09:32:32.900Z</time></trkpt>
<trkpt lat="54.395429" lon="18.812267"><time>2026-05-23T09:32:34.900Z</time></trkpt>
<trkpt lat="54.395414" lon="18.812310"><time>2026-05-23T09:32:36.900Z</time></trkpt>
<trkpt lat="54.395399" lon="18.812350"><time>2026-05-23T09:32:38.900Z</time></trkpt>
<trkpt lat="54.395385" lon="18.812391"><time>2026-05-23T09:32:40.900Z</time></trkpt>
<trkpt lat="54.395370" lon="18.812433"><time>2026-05-23T09:32:42.900Z</time></trkpt>
<trkpt lat="54.395356" lon="18.812477"><time>2026-05-23T09:32:44.900Z</time></trkpt>
<trkpt lat="54.395340" lon="18.812522"><time>2026-05-23T09:32:46.900Z</time></trkpt>
<trkpt lat="54.395325" lon="18.812566"><time>2026-05-23T09:32:48.900Z</time></trkpt>
<trkpt lat="54.395310" lon="18.812611"><time>2026-05-23T09:32:50.900Z</time></trkpt>
<trkpt lat="54.395294" lon="18.812660"><time>2026-05-23T09:32:52.900Z</time></trkpt>
<trkpt lat="54.395276" lon="18.812710"><time>2026-05-23T09:32:54.900Z</time></trkpt>
<trkpt lat="54.395255" lon="18.812756"><time>2026-05-23T09:32:56.900Z</time></trkpt>
<trkpt lat="54.395239" lon="18.812803"><time>2026-05-23T09:32:58.900Z</time></trkpt>
<trkpt lat="54.395224" lon="18.812853"><time>2026-05-23T09:33:00.900Z</time></trkpt>
<trkpt lat="54.395209" lon="18.812896"><time>2026-05-23T09:33:02.900Z</time></trkpt>
<trkpt lat="54.395194" lon="18.812943"><time>2026-05-23T09:33:04.900Z</time></trkpt>
<trkpt lat="54.395178" lon="18.812989"><time>2026-05-23T09:33:06.900Z</time></trkpt>
<trkpt lat="54.395163" lon="18.813038"><time>2026-05-23T09:33:08.900Z</time></trkpt>
<trkpt lat="54.395148" lon="18.813085"><time>2026-05-23T09:33:10.900Z</time></trkpt>
<trkpt lat="54.395134" lon="18.813132"><time>2026-05-23T09:33:12.900Z</time></trkpt>
<trkpt lat="54.395118" lon="18.813180"><time>2026-05-23T09:33:14.900Z</time></trkpt>
<trkpt lat="54.395103" lon="18.813227"><time>2026-05-23T09:33:16.900Z</time></trkpt>
<trkpt lat="54.395088" lon="18.813275"><time>2026-05-23T09:33:18.900Z</time></trkpt>
<trkpt lat="54.395074" lon="18.813323"><time>2026-05-23T09:33:20.900Z</time></trkpt>
<trkpt lat="54.395059" lon="18.813370"><time>2026-05-23T09:33:22.900Z</time></trkpt>
<trkpt lat="54.395044" lon="18.813418"><time>2026-05-23T09:33:24.900Z</time></trkpt>
<trkpt lat="54.395028" lon="18.813462"><time>2026-05-23T09:33:26.900Z</time></trkpt>
<trkpt lat="54.395012" lon="18.813512"><time>2026-05-23T09:33:28.900Z</time></trkpt>
<trkpt lat="54.394997" lon="18.813561"><time>2026-05-23T09:33:30.900Z</time></trkpt>
<trkpt lat="54.394982" lon="18.813612"><time>2026-05-23T09:33:32.900Z</time></trkpt>
<trkpt lat="54.394967" lon="18.813661"><time>2026-05-23T09:33:34.900Z</time></trkpt>
<trkpt lat="54.394950" lon="18.813708"><time>2026-05-23T09:33:36.900Z</time></trkpt>
<trkpt lat="54.394933" lon="18.813756"><time>2026-05-23T09:33:38.900Z</time></trkpt>
<trkpt lat="54.394916" lon="18.813803"><time>2026-05-23T09:33:40.900Z</time></trkpt>
<trkpt lat="54.394899" lon="18.813850"><time>2026-05-23T09:33:42.900Z</time></trkpt>
<trkpt lat="54.394883" lon="18.813898"><time>2026-05-23T09:33:44.900Z</time></trkpt>
<trkpt lat="54.394866" lon="18.813946"><time>2026-05-23T09:33:46.900Z</time></trkpt>
<trkpt lat="54.394849" lon="18.813994"><time>2026-05-23T09:33:48.900Z</time></trkpt>
<trkpt lat="54.394833" lon="18.814044"><time>2026-05-23T09:33:50.900Z</time></trkpt>
<trkpt lat="54.394817" lon="18.814092"><time>2026-05-23T09:33:52.900Z</time></trkpt>
<trkpt lat="54.394799" lon="18.814141"><time>2026-05-23T09:33:54.900Z</time></trkpt>
<trkpt lat="54.394782" lon="18.814190"><time>2026-05-23T09:33:56.900Z</time></trkpt>
<trkpt lat="54.394764" lon="18.814240"><time>2026-05-23T09:33:58.900Z</time></trkpt>
<trkpt lat="54.394747" lon="18.814290"><time>2026-05-23T09:34:00.900Z</time></trkpt>
<trkpt lat="54.394729" lon="18.814338"><time>2026-05-23T09:34:02.900Z</time></trkpt>
<trkpt lat="54.394711" lon="18.814388"><time>2026-05-23T09:34:04.900Z</time></trkpt>
<trkpt lat="54.394693" lon="18.814436"><time>2026-05-23T09:34:06.900Z</time></trkpt>
<trkpt lat="54.394676" lon="18.814485"><time>2026-05-23T09:34:08.900Z</time></trkpt>
<trkpt lat="54.394658" lon="18.814535"><time>2026-05-23T09:34:10.900Z</time></trkpt>
<trkpt lat="54.394639" lon="18.814582"><time>2026-05-23T09:34:12.900Z</time></trkpt>
<trkpt lat="54.394631" lon="18.814608"><time>2026-05-23T09:34:14.000Z</time></trkpt>
<trkpt lat="54.394614" lon="18.814657"><time>2026-05-23T09:34:16.000Z</time></trkpt>
<trkpt lat="54.394597" lon="18.814706"><time>2026-05-23T09:34:18.000Z</time></trkpt>
<trkpt lat="54.394578" lon="18.814755"><time>2026-05-23T09:34:20.000Z</time></trkpt>
<trkpt lat="54.394561" lon="18.814802"><time>2026-05-23T09:34:22.000Z</time></trkpt>
<trkpt lat="54.394543" lon="18.814851"><time>2026-05-23T09:34:24.000Z</time></trkpt>
<trkpt lat="54.394526" lon="18.814903"><time>2026-05-23T09:34:26.000Z</time></trkpt>
<trkpt lat="54.394507" lon="18.814955"><time>2026-05-23T09:34:28.000Z</time></trkpt>
<trkpt lat="54.394490" lon="18.814996"><time>2026-05-23T09:34:30.000Z</time></trkpt>
<trkpt lat="54.394473" lon="18.815040"><time>2026-05-23T09:34:32.000Z</time></trkpt>
<trkpt lat="54.394456" lon="18.815084"><time>2026-05-23T09:34:34.000Z</time></trkpt>
<trkpt lat="54.394441" lon="18.815132"><time>2026-05-23T09:34:36.000Z</time></trkpt>
<trkpt lat="54.394424" lon="18.815191"><time>2026-05-23T09:34:38.000Z</time></trkpt>
<trkpt lat="54.394408" lon="18.815240"><time>2026-05-23T09:34:40.000Z</time></trkpt>
<trkpt lat="54.394394" lon="18.815292"><time>2026-05-23T09:34:42.000Z</time></trkpt>
<trkpt lat="54.394370" lon="18.815364"><time>2026-05-23T09:34:44.900Z</time></trkpt>
<trkpt lat="54.394354" lon="18.815417"><time>2026-05-23T09:34:46.900Z</time></trkpt>
<trkpt lat="54.394335" lon="18.815470"><time>2026-05-23T09:34:48.900Z</time></trkpt>
<trkpt lat="54.394316" lon="18.815520"><time>2026-05-23T09:34:50.900Z</time></trkpt>
<trkpt lat="54.394300" lon="18.815568"><time>2026-05-23T09:34:52.900Z</time></trkpt>
<trkpt lat="54.394282" lon="18.815618"><time>2026-05-23T09:34:54.900Z</time></trkpt>
<trkpt lat="54.394264" lon="18.815666"><time>2026-05-23T09:34:56.900Z</time></trkpt>
<trkpt lat="54.394245" lon="18.815717"><time>2026-05-23T09:34:58.900Z</time></trkpt>
<trkpt lat="54.394228" lon="18.815768"><time>2026-05-23T09:35:00.900Z</time></trkpt>
<trkpt lat="54.394210" lon="18.815819"><time>2026-05-23T09:35:02.900Z</time></trkpt>
<trkpt lat="54.394193" lon="18.815870"><time>2026-05-23T09:35:04.900Z</time></trkpt>
<trkpt lat="54.394176" lon="18.815921"><time>2026-05-23T09:35:06.900Z</time></trkpt>
<trkpt lat="54.394160" lon="18.815973"><time>2026-05-23T09:35:08.900Z</time></trkpt>
<trkpt lat="54.394143" lon="18.816026"><time>2026-05-23T09:35:10.900Z</time></trkpt>
<trkpt lat="54.394127" lon="18.816078"><time>2026-05-23T09:35:12.900Z</time></trkpt>
<trkpt lat="54.394110" lon="18.816130"><time>2026-05-23T09:35:14.900Z</time></trkpt>
<trkpt lat="54.394095" lon="18.816181"><time>2026-05-23T09:35:16.900Z</time></trkpt>
<trkpt lat="54.394080" lon="18.816233"><time>2026-05-23T09:35:18.900Z</time></trkpt>
<trkpt lat="54.394066" lon="18.816284"><time>2026-05-23T09:35:20.900Z</time></trkpt>
<trkpt lat="54.394052" lon="18.816335"><time>2026-05-23T09:35:22.900Z</time></trkpt>
<trkpt lat="54.394038" lon="18.816387"><time>2026-05-23T09:35:24.900Z</time></trkpt>
<trkpt lat="54.394023" lon="18.816438"><time>2026-05-23T09:35:26.900Z</time></trkpt>
<trkpt lat="54.394006" lon="18.816489"><time>2026-05-23T09:35:28.900Z</time></trkpt>
<trkpt lat="54.393994" lon="18.816530"><time>2026-05-23T09:35:30.900Z</time></trkpt>
<trkpt lat="54.393980" lon="18.816575"><time>2026-05-23T09:35:32.900Z</time></trkpt>
<trkpt lat="54.393965" lon="18.816624"><time>2026-05-23T09:35:34.900Z</time></trkpt>
<trkpt lat="54.393948" lon="18.816673"><time>2026-05-23T09:35:36.900Z</time></trkpt>
<trkpt lat="54.393935" lon="18.816716"><time>2026-05-23T09:35:38.900Z</time></trkpt>
<trkpt lat="54.393918" lon="18.816766"><time>2026-05-23T09:35:40.900Z</time></trkpt>
<trkpt lat="54.393901" lon="18.816817"><time>2026-05-23T09:35:42.900Z</time></trkpt>
<trkpt lat="54.393887" lon="18.816872"><time>2026-05-23T09:35:44.900Z</time></trkpt>
<trkpt lat="54.393872" lon="18.816927"><time>2026-05-23T09:35:46.900Z</time></trkpt>
<trkpt lat="54.393858" lon="18.816980"><time>2026-05-23T09:35:48.900Z</time></trkpt>
<trkpt lat="54.393842" lon="18.817030"><time>2026-05-23T09:35:50.900Z</time></trkpt>
<trkpt lat="54.393827" lon="18.817082"><time>2026-05-23T09:35:52.900Z</time></trkpt>
<trkpt lat="54.393811" lon="18.817131"><time>2026-05-23T09:35:54.900Z</time></trkpt>
<trkpt lat="54.393796" lon="18.817180"><time>2026-05-23T09:35:56.900Z</time></trkpt>
<trkpt lat="54.393779" lon="18.817231"><time>2026-05-23T09:35:58.900Z</time></trkpt>
<trkpt lat="54.393766" lon="18.817283"><time>2026-05-23T09:36:00.900Z</time></trkpt>
<trkpt lat="54.393753" lon="18.817332"><time>2026-05-23T09:36:02.900Z</time></trkpt>
<trkpt lat="54.393735" lon="18.817381"><time>2026-05-23T09:36:04.900Z</time></trkpt>
<trkpt lat="54.393720" lon="18.817432"><time>2026-05-23T09:36:06.900Z</time></trkpt>
<trkpt lat="54.393712" lon="18.817456"><time>2026-05-23T09:36:08.000Z</time></trkpt>
<trkpt lat="54.393695" lon="18.817505"><time>2026-05-23T09:36:10.000Z</time></trkpt>
<trkpt lat="54.393679" lon="18.817553"><time>2026-05-23T09:36:12.000Z</time></trkpt>
<trkpt lat="54.393666" lon="18.817610"><time>2026-05-23T09:36:14.000Z</time></trkpt>
<trkpt lat="54.393649" lon="18.817665"><time>2026-05-23T09:36:16.000Z</time></trkpt>
<trkpt lat="54.393628" lon="18.817720"><time>2026-05-23T09:36:18.000Z</time></trkpt>
<trkpt lat="54.393608" lon="18.817787"><time>2026-05-23T09:36:20.000Z</time></trkpt>
<trkpt lat="54.393592" lon="18.817851"><time>2026-05-23T09:36:22.000Z</time></trkpt>
<trkpt lat="54.393575" lon="18.817902"><time>2026-05-23T09:36:24.000Z</time></trkpt>
<trkpt lat="54.393565" lon="18.817931"><time>2026-05-23T09:36:26.000Z</time></trkpt>
<trkpt lat="54.393557" lon="18.817986"><time>2026-05-23T09:36:28.000Z</time></trkpt>
<trkpt lat="54.393546" lon="18.818030"><time>2026-05-23T09:36:30.000Z</time></trkpt>
<trkpt lat="54.393516" lon="18.818091"><time>2026-05-23T09:36:32.000Z</time></trkpt>
<trkpt lat="54.393491" lon="18.818140"><time>2026-05-23T09:36:34.000Z</time></trkpt>
<trkpt lat="54.393478" lon="18.818188"><time>2026-05-23T09:36:36.000Z</time></trkpt>
<trkpt lat="54.393464" lon="18.818236"><time>2026-05-23T09:36:38.000Z</time></trkpt>
<trkpt lat="54.393448" lon="18.818285"><time>2026-05-23T09:36:40.000Z</time></trkpt>
<trkpt lat="54.393442" lon="18.818337"><time>2026-05-23T09:36:42.000Z</time></trkpt>
<trkpt lat="54.393446" lon="18.818388"><time>2026-05-23T09:36:44.000Z</time></trkpt>
<trkpt lat="54.393452" lon="18.818427"><time>2026-05-23T09:36:46.000Z</time></trkpt>
<trkpt lat="54.393458" lon="18.818464"><time>2026-05-23T09:36:48.000Z</time></trkpt>
<trkpt lat="54.393478" lon="18.818478"><time>2026-05-23T09:36:50.000Z</time></trkpt>
<trkpt lat="54.393504" lon="18.818480"><time>2026-05-23T09:36:52.000Z</time></trkpt>
<trkpt lat="54.393530" lon="18.818482"><time>2026-05-23T09:36:54.000Z</time></trkpt>
<trkpt lat="54.393558" lon="18.818491"><time>2026-05-23T09:36:56.000Z</time></trkpt>
<trkpt lat="54.393582" lon="18.818496"><time>2026-05-23T09:36:58.000Z</time></trkpt>
<trkpt lat="54.393608" lon="18.818511"><time>2026-05-23T09:37:00.000Z</time></trkpt>
<trkpt lat="54.393644" lon="18.818542"><time>2026-05-23T09:37:02.000Z</time></trkpt>
<trkpt lat="54.393675" lon="18.818547"><time>2026-05-23T09:37:04.000Z</time></trkpt>
<trkpt lat="54.393699" lon="18.818553"><time>2026-05-23T09:37:06.000Z</time></trkpt>
<trkpt lat="54.393716" lon="18.818565"><time>2026-05-23T09:37:08.000Z</time></trkpt>
<trkpt lat="54.393738" lon="18.818577"><time>2026-05-23T09:37:10.000Z</time></trkpt>
<trkpt lat="54.393759" lon="18.818586"><time>2026-05-23T09:37:12.000Z</time></trkpt>
<trkpt lat="54.393770" lon="18.818581"><time>2026-05-23T09:37:14.000Z</time></trkpt>
<trkpt lat="54.393793" lon="18.818585"><time>2026-05-23T09:37:16.000Z</time></trkpt>
<trkpt lat="54.393823" lon="18.818603"><time>2026-05-23T09:37:18.000Z</time></trkpt>
<trkpt lat="54.393858" lon="18.818615"><time>2026-05-23T09:37:20.000Z</time></trkpt>
<trkpt lat="54.393893" lon="18.818624"><time>2026-05-23T09:37:22.900Z</time></trkpt>
<trkpt lat="54.393915" lon="18.818630"><time>2026-05-23T09:37:24.900Z</time></trkpt>
<trkpt lat="54.393943" lon="18.818636"><time>2026-05-23T09:37:26.900Z</time></trkpt>
<trkpt lat="54.393970" lon="18.818640"><time>2026-05-23T09:37:28.900Z</time></trkpt>
<trkpt lat="54.393997" lon="18.818647"><time>2026-05-23T09:37:30.900Z</time></trkpt>
<trkpt lat="54.394026" lon="18.818648"><time>2026-05-23T09:37:32.900Z</time></trkpt>
<trkpt lat="54.394051" lon="18.818650"><time>2026-05-23T09:37:34.900Z</time></trkpt>
<trkpt lat="54.394078" lon="18.818657"><time>2026-05-23T09:37:36.900Z</time></trkpt>
<trkpt lat="54.394108" lon="18.818664"><time>2026-05-23T09:37:38.900Z</time></trkpt>
<trkpt lat="54.394141" lon="18.818676"><time>2026-05-23T09:37:40.900Z</time></trkpt>
<trkpt lat="54.394172" lon="18.818684"><time>2026-05-23T09:37:42.900Z</time></trkpt>
<trkpt lat="54.394204" lon="18.818686"><time>2026-05-23T09:37:44.900Z</time></trkpt>
<trkpt lat="54.394254" lon="18.818688"><time>2026-05-23T09:37:46.900Z</time></trkpt>
<trkpt lat="54.394273" lon="18.818698"><time>2026-05-23T09:37:48.900Z</time></trkpt>
<trkpt lat="54.394289" lon="18.818699"><time>2026-05-23T09:37:50.900Z</time></trkpt>
<trkpt lat="54.394319" lon="18.818708"><time>2026-05-23T09:37:52.900Z</time></trkpt>
<trkpt lat="54.394358" lon="18.818713"><time>2026-05-23T09:37:54.900Z</time></trkpt>
<trkpt lat="54.394390" lon="18.818717"><time>2026-05-23T09:37:56.900Z</time></trkpt>
<trkpt lat="54.394420" lon="18.818717"><time>2026-05-23T09:37:58.900Z</time></trkpt>
<trkpt lat="54.394425" lon="18.818717"><time>2026-05-23T09:38:00.900Z</time></trkpt>
<trkpt lat="54.394452" lon="18.818719"><time>2026-05-23T09:38:02.900Z</time></trkpt>
<trkpt lat="54.394485" lon="18.818711"><time>2026-05-23T09:38:04.900Z</time></trkpt>
<trkpt lat="54.394508" lon="18.818688"><time>2026-05-23T09:38:06.900Z</time></trkpt>
<trkpt lat="54.394521" lon="18.818663"><time>2026-05-23T09:38:08.900Z</time></trkpt>
<trkpt lat="54.394546" lon="18.818618"><time>2026-05-23T09:38:10.900Z</time></trkpt>
<trkpt lat="54.394567" lon="18.818556"><time>2026-05-23T09:38:12.900Z</time></trkpt>
<trkpt lat="54.394577" lon="18.818523"><time>2026-05-23T09:38:14.000Z</time></trkpt>
<trkpt lat="54.394593" lon="18.818464"><time>2026-05-23T09:38:16.000Z</time></trkpt>
<trkpt lat="54.394604" lon="18.818418"><time>2026-05-23T09:38:18.000Z</time></trkpt>
<trkpt lat="54.394612" lon="18.818373"><time>2026-05-23T09:38:20.000Z</time></trkpt>
<trkpt lat="54.394620" lon="18.818329"><time>2026-05-23T09:38:22.000Z</time></trkpt>
<trkpt lat="54.394626" lon="18.818291"><time>2026-05-23T09:38:24.000Z</time></trkpt>
<trkpt lat="54.394634" lon="18.818238"><time>2026-05-23T09:38:26.000Z</time></trkpt>
<trkpt lat="54.394638" lon="18.818193"><time>2026-05-23T09:38:28.000Z</time></trkpt>
<trkpt lat="54.394642" lon="18.818135"><time>2026-05-23T09:38:30.000Z</time></trkpt>
<trkpt lat="54.394643" lon="18.818096"><time>2026-05-23T09:38:32.000Z</time></trkpt>
<trkpt lat="54.394647" lon="18.818056"><time>2026-05-23T09:38:34.000Z</time></trkpt>
<trkpt lat="54.394650" lon="18.818017"><time>2026-05-23T09:38:36.000Z</time></trkpt>
<trkpt lat="54.394652" lon="18.817979"><time>2026-05-23T09:38:38.000Z</time></trkpt>
<trkpt lat="54.394657" lon="18.817945"><time>2026-05-23T09:38:40.000Z</time></trkpt>
<trkpt lat="54.394667" lon="18.817921"><time>2026-05-23T09:38:42.000Z</time></trkpt>
<trkpt lat="54.394677" lon="18.817900"><time>2026-05-23T09:38:44.000Z</time></trkpt>
<trkpt lat="54.394686" lon="18.817871"><time>2026-05-23T09:38:46.000Z</time></trkpt>
<trkpt lat="54.394694" lon="18.817845"><time>2026-05-23T09:38:48.000Z</time></trkpt>
<trkpt lat="54.394702" lon="18.817811"><time>2026-05-23T09:38:50.000Z</time></trkpt>
<trkpt lat="54.394704" lon="18.817753"><time>2026-05-23T09:38:52.000Z</time></trkpt>
<trkpt lat="54.394712" lon="18.817702"><time>2026-05-23T09:38:54.000Z</time></trkpt>
<trkpt lat="54.394715" lon="18.817673"><time>2026-05-23T09:38:56.000Z</time></trkpt>
<trkpt lat="54.394714" lon="18.817625"><time>2026-05-23T09:38:58.000Z</time></trkpt>
<trkpt lat="54.394721" lon="18.817591"><time>2026-05-23T09:39:00.000Z</time></trkpt>
<trkpt lat="54.394724" lon="18.817554"><time>2026-05-23T09:39:02.000Z</time></trkpt>
<trkpt lat="54.394723" lon="18.817516"><time>2026-05-23T09:39:04.000Z</time></trkpt>
<trkpt lat="54.394725" lon="18.817481"><time>2026-05-23T09:39:06.000Z</time></trkpt>
<trkpt lat="54.394724" lon="18.817448"><time>2026-05-23T09:39:08.000Z</time></trkpt>
<trkpt lat="54.394728" lon="18.817412"><time>2026-05-23T09:39:10.000Z</time></trkpt>
<trkpt lat="54.394731" lon="18.817377"><time>2026-05-23T09:39:12.000Z</time></trkpt>
<trkpt lat="54.394733" lon="18.817340"><time>2026-05-23T09:39:14.000Z</time></trkpt>
<trkpt lat="54.394737" lon="18.817303"><time>2026-05-23T09:39:16.000Z</time></trkpt>
<trkpt lat="54.394736" lon="18.817266"><time>2026-05-23T09:39:18.000Z</time></trkpt>
<trkpt lat="54.394736" lon="18.817230"><time>2026-05-23T09:39:20.000Z</time></trkpt>
<trkpt lat="54.394735" lon="18.817197"><time>2026-05-23T09:39:22.000Z</time></trkpt>
<trkpt lat="54.394737" lon="18.817158"><time>2026-05-23T09:39:24.000Z</time></trkpt>
<trkpt lat="54.394737" lon="18.817113"><time>2026-05-23T09:39:26.000Z</time></trkpt>
<trkpt lat="54.394736" lon="18.817076"><time>2026-05-23T09:39:28.000Z</time></trkpt>
<trkpt lat="54.394731" lon="18.817044"><time>2026-05-23T09:39:30.000Z</time></trkpt>
<trkpt lat="54.394725" lon="18.817010"><time>2026-05-23T09:39:32.000Z</time></trkpt>
<trkpt lat="54.394727" lon="18.816970"><time>2026-05-23T09:39:34.000Z</time></trkpt>
<trkpt lat="54.394733" lon="18.816930"><time>2026-05-23T09:39:36.000Z</time></trkpt>
<trkpt lat="54.394736" lon="18.816890"><time>2026-05-23T09:39:38.000Z</time></trkpt>
<trkpt lat="54.394742" lon="18.816850"><time>2026-05-23T09:39:40.000Z</time></trkpt>
<trkpt lat="54.394747" lon="18.816809"><time>2026-05-23T09:39:42.000Z</time></trkpt>
<trkpt lat="54.394751" lon="18.816775"><time>2026-05-23T09:39:44.000Z</time></trkpt>
<trkpt lat="54.394758" lon="18.816714"><time>2026-05-23T09:39:46.900Z</time></trkpt>
<trkpt lat="54.394761" lon="18.816670"><time>2026-05-23T09:39:48.900Z</time></trkpt>
<trkpt lat="54.394766" lon="18.816618"><time>2026-05-23T09:39:50.900Z</time></trkpt>
<trkpt lat="54.394769" lon="18.816575"><time>2026-05-23T09:39:52.900Z</time></trkpt>
<trkpt lat="54.394771" lon="18.816534"><time>2026-05-23T09:39:54.900Z</time></trkpt>
<trkpt lat="54.394773" lon="18.816494"><time>2026-05-23T09:39:56.900Z</time></trkpt>
<trkpt lat="54.394776" lon="18.816458"><time>2026-05-23T09:39:58.900Z</time></trkpt>
<trkpt lat="54.394775" lon="18.816419"><time>2026-05-23T09:40:00.900Z</time></trkpt>
<trkpt lat="54.394775" lon="18.816382"><time>2026-05-23T09:40:02.900Z</time></trkpt>
<trkpt lat="54.394775" lon="18.816342"><time>2026-05-23T09:40:04.900Z</time></trkpt>
<trkpt lat="54.394772" lon="18.816330"><time>2026-05-23T09:40:06.900Z</time></trkpt>
<trkpt lat="54.394765" lon="18.816297"><time>2026-05-23T09:40:08.900Z</time></trkpt>
<trkpt lat="54.394761" lon="18.816254"><time>2026-05-23T09:40:10.900Z</time></trkpt>
<trkpt lat="54.394756" lon="18.816211"><time>2026-05-23T09:40:12.900Z</time></trkpt>
<trkpt lat="54.394757" lon="18.816174"><time>2026-05-23T09:40:14.900Z</time></trkpt>
<trkpt lat="54.394755" lon="18.816139"><time>2026-05-23T09:40:16.900Z</time></trkpt>
<trkpt lat="54.394755" lon="18.816090"><time>2026-05-23T09:40:18.900Z</time></trkpt>
<trkpt lat="54.394755" lon="18.816067"><time>2026-05-23T09:40:20.000Z</time></trkpt>
<trkpt lat="54.394756" lon="18.816024"><time>2026-05-23T09:40:22.000Z</time></trkpt>
<trkpt lat="54.394757" lon="18.815986"><time>2026-05-23T09:40:24.000Z</time></trkpt>
<trkpt lat="54.394756" lon="18.815944"><time>2026-05-23T09:40:26.000Z</time></trkpt>
<trkpt lat="54.394756" lon="18.815905"><time>2026-05-23T09:40:28.000Z</time></trkpt>
<trkpt lat="54.394755" lon="18.815865"><time>2026-05-23T09:40:30.000Z</time></trkpt>
<trkpt lat="54.394755" lon="18.815826"><time>2026-05-23T09:40:32.000Z</time></trkpt>
<trkpt lat="54.394755" lon="18.815786"><time>2026-05-23T09:40:34.000Z</time></trkpt>
<trkpt lat="54.394756" lon="18.815746"><time>2026-05-23T09:40:36.000Z</time></trkpt>
<trkpt lat="54.394759" lon="18.815713"><time>2026-05-23T09:40:38.000Z</time></trkpt>
<trkpt lat="54.394761" lon="18.815671"><time>2026-05-23T09:40:40.000Z</time></trkpt>
<trkpt lat="54.394766" lon="18.815639"><time>2026-05-23T09:40:42.000Z</time></trkpt>
<trkpt lat="54.394769" lon="18.815600"><time>2026-05-23T09:40:44.000Z</time></trkpt>
<trkpt lat="54.394769" lon="18.815557"><time>2026-05-23T09:40:46.000Z</time></trkpt>
<trkpt lat="54.394770" lon="18.815520"><time>2026-05-23T09:40:48.000Z</time></trkpt>
<trkpt lat="54.394770" lon="18.815477"><time>2026-05-23T09:40:50.000Z</time></trkpt>
<trkpt lat="54.394768" lon="18.815433"><time>2026-05-23T09:40:52.000Z</time></trkpt>
<trkpt lat="54.394768" lon="18.815390"><time>2026-05-23T09:40:54.000Z</time></trkpt>
<trkpt lat="54.394770" lon="18.815346"><time>2026-05-23T09:40:56.000Z</time></trkpt>
<trkpt lat="54.394772" lon="18.815302"><time>2026-05-23T09:40:58.000Z</time></trkpt>
<trkpt lat="54.394772" lon="18.815262"><time>2026-05-23T09:41:00.000Z</time></trkpt>
<trkpt lat="54.394773" lon="18.815222"><time>2026-05-23T09:41:02.000Z</time></trkpt>
<trkpt lat="54.394774" lon="18.815178"><time>2026-05-23T09:41:04.000Z</time></trkpt>
<trkpt lat="54.394775" lon="18.815135"><time>2026-05-23T09:41:06.000Z</time></trkpt>
<trkpt lat="54.394777" lon="18.815090"><time>2026-05-23T09:41:08.000Z</time></trkpt>
<trkpt lat="54.394777" lon="18.815047"><time>2026-05-23T09:41:10.000Z</time></trkpt>
<trkpt lat="54.394778" lon="18.815002"><time>2026-05-23T09:41:12.000Z</time></trkpt>
<trkpt lat="54.394776" lon="18.814963"><time>2026-05-23T09:41:14.000Z</time></trkpt>
<trkpt lat="54.394777" lon="18.814923"><time>2026-05-23T09:41:16.000Z</time></trkpt>
<trkpt lat="54.394781" lon="18.814885"><time>2026-05-23T09:41:18.000Z</time></trkpt>
<trkpt lat="54.394782" lon="18.814844"><time>2026-05-23T09:41:20.000Z</time></trkpt>
<trkpt lat="54.394782" lon="18.814820"><time>2026-05-23T09:41:22.000Z</time></trkpt>
<trkpt lat="54.394779" lon="18.814781"><time>2026-05-23T09:41:24.000Z</time></trkpt>
<trkpt lat="54.394782" lon="18.814739"><time>2026-05-23T09:41:26.000Z</time></trkpt>
<trkpt lat="54.394787" lon="18.814699"><time>2026-05-23T09:41:28.000Z</time></trkpt>
<trkpt lat="54.394792" lon="18.814654"><time>2026-05-23T09:41:30.000Z</time></trkpt>
<trkpt lat="54.394799" lon="18.814610"><time>2026-05-23T09:41:32.000Z</time></trkpt>
<trkpt lat="54.394803" lon="18.814568"><time>2026-05-23T09:41:34.000Z</time></trkpt>
<trkpt lat="54.394807" lon="18.814527"><time>2026-05-23T09:41:36.000Z</time></trkpt>
<trkpt lat="54.394807" lon="18.814480"><time>2026-05-23T09:41:38.000Z</time></trkpt>
<trkpt lat="54.394810" lon="18.814434"><time>2026-05-23T09:41:40.000Z</time></trkpt>
<trkpt lat="54.394810" lon="18.814363"><time>2026-05-23T09:41:42.000Z</time></trkpt>
<trkpt lat="54.394815" lon="18.814319"><time>2026-05-23T09:41:44.000Z</time></trkpt>
<trkpt lat="54.394817" lon="18.814290"><time>2026-05-23T09:41:46.000Z</time></trkpt>
<trkpt lat="54.394820" lon="18.814250"><time>2026-05-23T09:41:48.000Z</time></trkpt>
<trkpt lat="54.394819" lon="18.814210"><time>2026-05-23T09:41:50.000Z</time></trkpt>
<trkpt lat="54.394825" lon="18.814152"><time>2026-05-23T09:41:52.900Z</time></trkpt>
<trkpt lat="54.394830" lon="18.814112"><time>2026-05-23T09:41:54.900Z</time></trkpt>
<trkpt lat="54.394832" lon="18.814070"><time>2026-05-23T09:41:56.900Z</time></trkpt>
<trkpt lat="54.394835" lon="18.814028"><time>2026-05-23T09:41:58.900Z</time></trkpt>
<trkpt lat="54.394835" lon="18.813987"><time>2026-05-23T09:42:00.900Z</time></trkpt>
<trkpt lat="54.394835" lon="18.813945"><time>2026-05-23T09:42:02.900Z</time></trkpt>
<trkpt lat="54.394836" lon="18.813902"><time>2026-05-23T09:42:04.900Z</time></trkpt>
<trkpt lat="54.394838" lon="18.813859"><time>2026-05-23T09:42:06.900Z</time></trkpt>
<trkpt lat="54.394841" lon="18.813823"><time>2026-05-23T09:42:08.900Z</time></trkpt>
<trkpt lat="54.394842" lon="18.813777"><time>2026-05-23T09:42:10.900Z</time></trkpt>
<trkpt lat="54.394841" lon="18.813733"><time>2026-05-23T09:42:12.900Z</time></trkpt>
<trkpt lat="54.394840" lon="18.813689"><time>2026-05-23T09:42:14.900Z</time></trkpt>
<trkpt lat="54.394837" lon="18.813651"><time>2026-05-23T09:42:16.900Z</time></trkpt>
<trkpt lat="54.394836" lon="18.813606"><time>2026-05-23T09:42:18.900Z</time></trkpt>
<trkpt lat="54.394836" lon="18.813569"><time>2026-05-23T09:42:20.900Z</time></trkpt>
<trkpt lat="54.394841" lon="18.813534"><time>2026-05-23T09:42:22.900Z</time></trkpt>
<trkpt lat="54.394844" lon="18.813488"><time>2026-05-23T09:42:24.900Z</time></trkpt>
<trkpt lat="54.394845" lon="18.813463"><time>2026-05-23T09:42:26.000Z</time></trkpt>
<trkpt lat="54.394845" lon="18.813417"><time>2026-05-23T09:42:28.000Z</time></trkpt>
<trkpt lat="54.394847" lon="18.813375"><time>2026-05-23T09:42:30.000Z</time></trkpt>
<trkpt lat="54.394850" lon="18.813329"><time>2026-05-23T09:42:32.000Z</time></trkpt>
<trkpt lat="54.394853" lon="18.813274"><time>2026-05-23T09:42:34.000Z</time></trkpt>
<trkpt lat="54.394856" lon="18.813235"><time>2026-05-23T09:42:36.000Z</time></trkpt>
<trkpt lat="54.394861" lon="18.813204"><time>2026-05-23T09:42:38.000Z</time></trkpt>
<trkpt lat="54.394866" lon="18.813167"><time>2026-05-23T09:42:40.000Z</time></trkpt>
<trkpt lat="54.394868" lon="18.813123"><time>2026-05-23T09:42:42.000Z</time></trkpt>
<trkpt lat="54.394876" lon="18.813084"><time>2026-05-23T09:42:44.000Z</time></trkpt>
<trkpt lat="54.394878" lon="18.813047"><time>2026-05-23T09:42:46.000Z</time></trkpt>
<trkpt lat="54.394877" lon="18.812998"><time>2026-05-23T09:42:48.000Z</time></trkpt>
<trkpt lat="54.394877" lon="18.812954"><time>2026-05-23T09:42:50.000Z</time></trkpt>
<trkpt lat="54.394879" lon="18.812918"><time>2026-05-23T09:42:52.000Z</time></trkpt>
<trkpt lat="54.394878" lon="18.812876"><time>2026-05-23T09:42:54.000Z</time></trkpt>
<trkpt lat="54.394881" lon="18.812831"><time>2026-05-23T09:42:56.000Z</time></trkpt>
<trkpt lat="54.394882" lon="18.812787"><time>2026-05-23T09:42:58.000Z</time></trkpt>
<trkpt lat="54.394885" lon="18.812755"><time>2026-05-23T09:43:00.000Z</time></trkpt>
<trkpt lat="54.394887" lon="18.812711"><time>2026-05-23T09:43:02.000Z</time></trkpt>
<trkpt lat="54.394888" lon="18.812660"><time>2026-05-23T09:43:04.000Z</time></trkpt>
<trkpt lat="54.394887" lon="18.812606"><time>2026-05-23T09:43:06.000Z</time></trkpt>
<trkpt lat="54.394887" lon="18.812548"><time>2026-05-23T09:43:08.000Z</time></trkpt>
<trkpt lat="54.394887" lon="18.812503"><time>2026-05-23T09:43:10.000Z</time></trkpt>
<trkpt lat="54.394887" lon="18.812464"><time>2026-05-23T09:43:12.000Z</time></trkpt>
<trkpt lat="54.394892" lon="18.812424"><time>2026-05-23T09:43:14.000Z</time></trkpt>
<trkpt lat="54.394896" lon="18.812390"><time>2026-05-23T09:43:16.000Z</time></trkpt>
<trkpt lat="54.394891" lon="18.812351"><time>2026-05-23T09:43:18.000Z</time></trkpt>
<trkpt lat="54.394887" lon="18.812302"><time>2026-05-23T09:43:20.000Z</time></trkpt>
<trkpt lat="54.394882" lon="18.812257"><time>2026-05-23T09:43:22.000Z</time></trkpt>
<trkpt lat="54.394885" lon="18.812235"><time>2026-05-23T09:43:24.000Z</time></trkpt>
<trkpt lat="54.394878" lon="18.812202"><time>2026-05-23T09:43:26.000Z</time></trkpt>
<trkpt lat="54.394870" lon="18.812168"><time>2026-05-23T09:43:28.000Z</time></trkpt>
<trkpt lat="54.394867" lon="18.812146"><time>2026-05-23T09:43:30.000Z</time></trkpt>
<trkpt lat="54.394863" lon="18.812144"><time>2026-05-23T09:43:32.000Z</time></trkpt>
<trkpt lat="54.394844" lon="18.812096"><time>2026-05-23T09:43:34.000Z</time></trkpt>
<trkpt lat="54.394829" lon="18.812054"><time>2026-05-23T09:43:36.000Z</time></trkpt>
<trkpt lat="54.394820" lon="18.812029"><time>2026-05-23T09:43:38.000Z</time></trkpt>
<trkpt lat="54.394813" lon="18.812002"><time>2026-05-23T09:43:40.000Z</time></trkpt>
<trkpt lat="54.394806" lon="18.811977"><time>2026-05-23T09:43:42.000Z</time></trkpt>
<trkpt lat="54.394793" lon="18.811945"><time>2026-05-23T09:43:44.000Z</time></trkpt>
<trkpt lat="54.394778" lon="18.811946"><time>2026-05-23T09:43:46.000Z</time></trkpt>
<trkpt lat="54.394772" lon="18.811935"><time>2026-05-23T09:43:48.000Z</time></trkpt>
<trkpt lat="54.394758" lon="18.811915"><time>2026-05-23T09:43:50.000Z</time></trkpt>
<trkpt lat="54.394742" lon="18.811891"><time>2026-05-23T09:43:52.900Z</time></trkpt>
<trkpt lat="54.394732" lon="18.811861"><time>2026-05-23T09:43:54.900Z</time></trkpt>
<trkpt lat="54.394724" lon="18.811824"><time>2026-05-23T09:43:56.900Z</time></trkpt>
<trkpt lat="54.394718" lon="18.811785"><time>2026-05-23T09:43:58.900Z</time></trkpt>
<trkpt lat="54.394707" lon="18.811767"><time>2026-05-23T09:44:00.900Z</time></trkpt>
<trkpt lat="54.394695" lon="18.811745"><time>2026-05-23T09:44:02.900Z</time></trkpt>
<trkpt lat="54.394679" lon="18.811721"><time>2026-05-23T09:44:04.900Z</time></trkpt>
<trkpt lat="54.394663" lon="18.811702"><time>2026-05-23T09:44:06.900Z</time></trkpt>
<trkpt lat="54.394653" lon="18.811679"><time>2026-05-23T09:44:08.900Z</time></trkpt>
<trkpt lat="54.394643" lon="18.811645"><time>2026-05-23T09:44:10.900Z</time></trkpt>
<trkpt lat="54.394627" lon="18.811609"><time>2026-05-23T09:44:12.900Z</time></trkpt>
<trkpt lat="54.394600" lon="18.811574"><time>2026-05-23T09:44:14.900Z</time></trkpt>
<trkpt lat="54.394592" lon="18.811557"><time>2026-05-23T09:44:16.900Z</time></trkpt>
<trkpt lat="54.394586" lon="18.811542"><time>2026-05-23T09:44:18.900Z</time></trkpt>
<trkpt lat="54.394570" lon="18.811519"><time>2026-05-23T09:44:20.900Z</time></trkpt>
<trkpt lat="54.394552" lon="18.811486"><time>2026-05-23T09:44:22.900Z</time></trkpt>
<trkpt lat="54.394532" lon="18.811453"><time>2026-05-23T09:44:24.900Z</time></trkpt>
<trkpt lat="54.394518" lon="18.811417"><time>2026-05-23T09:44:26.900Z</time></trkpt>
<trkpt lat="54.394507" lon="18.811384"><time>2026-05-23T09:44:28.900Z</time></trkpt>
<trkpt lat="54.394497" lon="18.811364"><time>2026-05-23T09:44:30.900Z</time></trkpt>
<trkpt lat="54.394491" lon="18.811351"><time>2026-05-23T09:44:32.000Z</time></trkpt>
<trkpt lat="54.394470" lon="18.811312"><time>2026-05-23T09:44:34.000Z</time></trkpt>
<trkpt lat="54.394445" lon="18.811264"><time>2026-05-23T09:44:36.000Z</time></trkpt>
<trkpt lat="54.394429" lon="18.811228"><time>2026-05-23T09:44:38.000Z</time></trkpt>
<trkpt lat="54.394409" lon="18.811180"><time>2026-05-23T09:44:40.000Z</time></trkpt>
<trkpt lat="54.394393" lon="18.811145"><time>2026-05-23T09:44:42.000Z</time></trkpt>
<trkpt lat="54.394374" lon="18.811108"><time>2026-05-23T09:44:44.000Z</time></trkpt>
<trkpt lat="54.394356" lon="18.811074"><time>2026-05-23T09:44:46.000Z</time></trkpt>
<trkpt lat="54.394338" lon="18.811039"><time>2026-05-23T09:44:48.000Z</time></trkpt>
<trkpt lat="54.394328" lon="18.811005"><time>2026-05-23T09:44:50.000Z</time></trkpt>
<trkpt lat="54.394320" lon="18.810978"><time>2026-05-23T09:44:52.000Z</time></trkpt>
<trkpt lat="54.394312" lon="18.810954"><time>2026-05-23T09:44:54.000Z</time></trkpt>
<trkpt lat="54.394302" lon="18.810924"><time>2026-05-23T09:44:56.000Z</time></trkpt>
<trkpt lat="54.394275" lon="18.810883"><time>2026-05-23T09:44:58.000Z</time></trkpt>
<trkpt lat="54.394259" lon="18.810856"><time>2026-05-23T09:45:00.000Z</time></trkpt>
<trkpt lat="54.394240" lon="18.810823"><time>2026-05-23T09:45:02.000Z</time></trkpt>
<trkpt lat="54.394222" lon="18.810790"><time>2026-05-23T09:45:04.000Z</time></trkpt>
<trkpt lat="54.394205" lon="18.810758"><time>2026-05-23T09:45:06.000Z</time></trkpt>
<trkpt lat="54.394187" lon="18.810721"><time>2026-05-23T09:45:08.000Z</time></trkpt>
<trkpt lat="54.394169" lon="18.810684"><time>2026-05-23T09:45:10.000Z</time></trkpt>
<trkpt lat="54.394151" lon="18.810652"><time>2026-05-23T09:45:12.000Z</time></trkpt>
<trkpt lat="54.394134" lon="18.810618"><time>2026-05-23T09:45:14.000Z</time></trkpt>
<trkpt lat="54.394113" lon="18.810584"><time>2026-05-23T09:45:16.000Z</time></trkpt>
<trkpt lat="54.394098" lon="18.810551"><time>2026-05-23T09:45:18.000Z</time></trkpt>
<trkpt lat="54.394081" lon="18.810519"><time>2026-05-23T09:45:20.000Z</time></trkpt>
<trkpt lat="54.394060" lon="18.810483"><time>2026-05-23T09:45:22.000Z</time></trkpt>
<trkpt lat="54.394041" lon="18.810447"><time>2026-05-23T09:45:24.000Z</time></trkpt>
<trkpt lat="54.394021" lon="18.810412"><time>2026-05-23T09:45:26.000Z</time></trkpt>
<trkpt lat="54.394001" lon="18.810376"><time>2026-05-23T09:45:28.000Z</time></trkpt>
<trkpt lat="54.393981" lon="18.810338"><time>2026-05-23T09:45:30.000Z</time></trkpt>
<trkpt lat="54.393962" lon="18.810303"><time>2026-05-23T09:45:32.000Z</time></trkpt>
<trkpt lat="54.393943" lon="18.810267"><time>2026-05-23T09:45:34.000Z</time></trkpt>
<trkpt lat="54.393922" lon="18.810235"><time>2026-05-23T09:45:36.000Z</time></trkpt>
<trkpt lat="54.393902" lon="18.810204"><time>2026-05-23T09:45:38.000Z</time></trkpt>
<trkpt lat="54.393883" lon="18.810172"><time>2026-05-23T09:45:40.000Z</time></trkpt>
<trkpt lat="54.393869" lon="18.810133"><time>2026-05-23T09:45:42.000Z</time></trkpt>
<trkpt lat="54.393853" lon="18.810095"><time>2026-05-23T09:45:44.000Z</time></trkpt>
<trkpt lat="54.393822" lon="18.810044"><time>2026-05-23T09:45:46.900Z</time></trkpt>
<trkpt lat="54.393801" lon="18.810015"><time>2026-05-23T09:45:48.900Z</time></trkpt>
<trkpt lat="54.393782" lon="18.809991"><time>2026-05-23T09:45:50.900Z</time></trkpt>
<trkpt lat="54.393766" lon="18.809965"><time>2026-05-23T09:45:52.900Z</time></trkpt>
<trkpt lat="54.393754" lon="18.809931"><time>2026-05-23T09:45:54.900Z</time></trkpt>
<trkpt lat="54.393746" lon="18.809895"><time>2026-05-23T09:45:56.900Z</time></trkpt>
<trkpt lat="54.393733" lon="18.809860"><time>2026-05-23T09:45:58.900Z</time></trkpt>
<trkpt lat="54.393726" lon="18.809821"><time>2026-05-23T09:46:00.900Z</time></trkpt>
<trkpt lat="54.393715" lon="18.809784"><time>2026-05-23T09:46:02.900Z</time></trkpt>
<trkpt lat="54.393702" lon="18.809747"><time>2026-05-23T09:46:04.900Z</time></trkpt>
<trkpt lat="54.393691" lon="18.809722"><time>2026-05-23T09:46:06.900Z</time></trkpt>
<trkpt lat="54.393676" lon="18.809685"><time>2026-05-23T09:46:08.900Z</time></trkpt>
<trkpt lat="54.393661" lon="18.809649"><time>2026-05-23T09:46:10.900Z</time></trkpt>
<trkpt lat="54.393647" lon="18.809613"><time>2026-05-23T09:46:12.900Z</time></trkpt>
<trkpt lat="54.393624" lon="18.809553"><time>2026-05-23T09:46:16.900Z</time></trkpt>
<trkpt lat="54.393618" lon="18.809537"><time>2026-05-23T09:46:17.900Z</time></trkpt>
<trkpt lat="54.393611" lon="18.809519"><time>2026-05-23T09:46:18.900Z</time></trkpt>
<trkpt lat="54.393597" lon="18.809483"><time>2026-05-23T09:46:20.900Z</time></trkpt>
<trkpt lat="54.393588" lon="18.809463"><time>2026-05-23T09:46:22.900Z</time></trkpt>
<trkpt lat="54.393573" lon="18.809428"><time>2026-05-23T09:46:24.900Z</time></trkpt>
<trkpt lat="54.393558" lon="18.809392"><time>2026-05-23T09:46:26.900Z</time></trkpt>
<trkpt lat="54.393543" lon="18.809357"><time>2026-05-23T09:46:28.900Z</time></trkpt>
<trkpt lat="54.393528" lon="18.809320"><time>2026-05-23T09:46:30.900Z</time></trkpt>
<trkpt lat="54.393514" lon="18.809281"><time>2026-05-23T09:46:32.900Z</time></trkpt>
<trkpt lat="54.393499" lon="18.809244"><time>2026-05-23T09:46:34.900Z</time></trkpt>
<trkpt lat="54.393484" lon="18.809205"><time>2026-05-23T09:46:36.900Z</time></trkpt>
<trkpt lat="54.393476" lon="18.809186"><time>2026-05-23T09:46:38.000Z</time></trkpt>
<trkpt lat="54.393461" lon="18.809151"><time>2026-05-23T09:46:40.000Z</time></trkpt>
<trkpt lat="54.393444" lon="18.809115"><time>2026-05-23T09:46:42.000Z</time></trkpt>
<trkpt lat="54.393416" lon="18.809059"><time>2026-05-23T09:46:44.000Z</time></trkpt>
<trkpt lat="54.393398" lon="18.809025"><time>2026-05-23T09:46:46.000Z</time></trkpt>
<trkpt lat="54.393384" lon="18.808997"><time>2026-05-23T09:46:48.000Z</time></trkpt>
<trkpt lat="54.393368" lon="18.808961"><time>2026-05-23T09:46:50.000Z</time></trkpt>
<trkpt lat="54.393348" lon="18.808929"><time>2026-05-23T09:46:52.000Z</time></trkpt>
<trkpt lat="54.393329" lon="18.808897"><time>2026-05-23T09:46:54.000Z</time></trkpt>
<trkpt lat="54.393309" lon="18.808867"><time>2026-05-23T09:46:56.000Z</time></trkpt>
<trkpt lat="54.393291" lon="18.808833"><time>2026-05-23T09:46:58.000Z</time></trkpt>
<trkpt lat="54.393271" lon="18.808800"><time>2026-05-23T09:47:00.000Z</time></trkpt>
<trkpt lat="54.393251" lon="18.808765"><time>2026-05-23T09:47:02.000Z</time></trkpt>
<trkpt lat="54.393227" lon="18.808731"><time>2026-05-23T09:47:04.000Z</time></trkpt>
<trkpt lat="54.393206" lon="18.808701"><time>2026-05-23T09:47:06.000Z</time></trkpt>
<trkpt lat="54.393187" lon="18.808665"><time>2026-05-23T09:47:08.000Z</time></trkpt>
<trkpt lat="54.393167" lon="18.808634"><time>2026-05-23T09:47:10.000Z</time></trkpt>
<trkpt lat="54.393149" lon="18.808601"><time>2026-05-23T09:47:12.000Z</time></trkpt>
<trkpt lat="54.393129" lon="18.808567"><time>2026-05-23T09:47:14.000Z</time></trkpt>
<trkpt lat="54.393108" lon="18.808532"><time>2026-05-23T09:47:16.000Z</time></trkpt>
<trkpt lat="54.393087" lon="18.808495"><time>2026-05-23T09:47:18.000Z</time></trkpt>
<trkpt lat="54.393067" lon="18.808457"><time>2026-05-23T09:47:20.000Z</time></trkpt>
<trkpt lat="54.393036" lon="18.808403"><time>2026-05-23T09:47:22.900Z</time></trkpt>
<trkpt lat="54.393015" lon="18.808367"><time>2026-05-23T09:47:24.900Z</time></trkpt>
<trkpt lat="54.392992" lon="18.808331"><time>2026-05-23T09:47:26.900Z</time></trkpt>
<trkpt lat="54.392969" lon="18.808293"><time>2026-05-23T09:47:28.900Z</time></trkpt>
<trkpt lat="54.392947" lon="18.808256"><time>2026-05-23T09:47:30.900Z</time></trkpt>
<trkpt lat="54.392925" lon="18.808219"><time>2026-05-23T09:47:32.900Z</time></trkpt>
<trkpt lat="54.392905" lon="18.808181"><time>2026-05-23T09:47:34.900Z</time></trkpt>
<trkpt lat="54.392882" lon="18.808145"><time>2026-05-23T09:47:36.900Z</time></trkpt>
<trkpt lat="54.392860" lon="18.808107"><time>2026-05-23T09:47:38.900Z</time></trkpt>
<trkpt lat="54.392838" lon="18.808070"><time>2026-05-23T09:47:40.900Z</time></trkpt>
<trkpt lat="54.392816" lon="18.808032"><time>2026-05-23T09:47:42.900Z</time></trkpt>
<trkpt lat="54.392794" lon="18.807994"><time>2026-05-23T09:47:44.900Z</time></trkpt>
<trkpt lat="54.392772" lon="18.807956"><time>2026-05-23T09:47:46.900Z</time></trkpt>
<trkpt lat="54.392750" lon="18.807918"><time>2026-05-23T09:47:48.900Z</time></trkpt>
<trkpt lat="54.392730" lon="18.807884"><time>2026-05-23T09:47:50.900Z</time></trkpt>
<trkpt lat="54.392712" lon="18.807852"><time>2026-05-23T09:47:52.900Z</time></trkpt>
<trkpt lat="54.392692" lon="18.807819"><time>2026-05-23T09:47:54.900Z</time></trkpt>
<trkpt lat="54.392671" lon="18.807787"><time>2026-05-23T09:47:56.900Z</time></trkpt>
<trkpt lat="54.392648" lon="18.807754"><time>2026-05-23T09:47:58.900Z</time></trkpt>
<trkpt lat="54.392625" lon="18.807720"><time>2026-05-23T09:48:00.900Z</time></trkpt>
<trkpt lat="54.392604" lon="18.807686"><time>2026-05-23T09:48:02.900Z</time></trkpt>
<trkpt lat="54.392582" lon="18.807649"><time>2026-05-23T09:48:04.900Z</time></trkpt>
<trkpt lat="54.392561" lon="18.807611"><time>2026-05-23T09:48:06.900Z</time></trkpt>
<trkpt lat="54.392539" lon="18.807576"><time>2026-05-23T09:48:08.900Z</time></trkpt>
<trkpt lat="54.392517" lon="18.807539"><time>2026-05-23T09:48:10.900Z</time></trkpt>
<trkpt lat="54.392495" lon="18.807503"><time>2026-05-23T09:48:12.900Z</time></trkpt>
<trkpt lat="54.392472" lon="18.807465"><time>2026-05-23T09:48:14.900Z</time></trkpt>
<trkpt lat="54.392449" lon="18.807427"><time>2026-05-23T09:48:16.900Z</time></trkpt>
<trkpt lat="54.392425" lon="18.807387"><time>2026-05-23T09:48:18.900Z</time></trkpt>
<trkpt lat="54.392401" lon="18.807342"><time>2026-05-23T09:48:20.900Z</time></trkpt>
<trkpt lat="54.392378" lon="18.807298"><time>2026-05-23T09:48:22.900Z</time></trkpt>
<trkpt lat="54.392356" lon="18.807253"><time>2026-05-23T09:48:24.900Z</time></trkpt>
<trkpt lat="54.392334" lon="18.807209"><time>2026-05-23T09:48:26.900Z</time></trkpt>
<trkpt lat="54.392312" lon="18.807166"><time>2026-05-23T09:48:28.900Z</time></trkpt>
<trkpt lat="54.392289" lon="18.807123"><time>2026-05-23T09:48:30.900Z</time></trkpt>
<trkpt lat="54.392268" lon="18.807081"><time>2026-05-23T09:48:32.900Z</time></trkpt>
<trkpt lat="54.392246" lon="18.807039"><time>2026-05-23T09:48:34.900Z</time></trkpt>
<trkpt lat="54.392224" lon="18.806998"><time>2026-05-23T09:48:36.900Z</time></trkpt>
<trkpt lat="54.392203" lon="18.806957"><time>2026-05-23T09:48:38.900Z</time></trkpt>
<trkpt lat="54.392182" lon="18.806916"><time>2026-05-23T09:48:40.900Z</time></trkpt>
<trkpt lat="54.392162" lon="18.806874"><time>2026-05-23T09:48:42.900Z</time></trkpt>
<trkpt lat="54.392151" lon="18.806853"><time>2026-05-23T09:48:44.000Z</time></trkpt>
<trkpt lat="54.392130" lon="18.806810"><time>2026-05-23T09:48:46.000Z</time></trkpt>
<trkpt lat="54.392109" lon="18.806769"><time>2026-05-23T09:48:48.000Z</time></trkpt>
<trkpt lat="54.392088" lon="18.806727"><time>2026-05-23T09:48:50.000Z</time></trkpt>
<trkpt lat="54.392068" lon="18.806684"><time>2026-05-23T09:48:52.000Z</time></trkpt>
<trkpt lat="54.392048" lon="18.806643"><time>2026-05-23T09:48:54.000Z</time></trkpt>
<trkpt lat="54.392029" lon="18.806600"><time>2026-05-23T09:48:56.000Z</time></trkpt>
<trkpt lat="54.392010" lon="18.806557"><time>2026-05-23T09:48:58.000Z</time></trkpt>
<trkpt lat="54.391992" lon="18.806514"><time>2026-05-23T09:49:00.000Z</time></trkpt>
<trkpt lat="54.391972" lon="18.806471"><time>2026-05-23T09:49:02.000Z</time></trkpt>
<trkpt lat="54.391954" lon="18.806428"><time>2026-05-23T09:49:04.000Z</time></trkpt>
<trkpt lat="54.391935" lon="18.806385"><time>2026-05-23T09:49:06.000Z</time></trkpt>
<trkpt lat="54.391916" lon="18.806341"><time>2026-05-23T09:49:08.000Z</time></trkpt>
<trkpt lat="54.391899" lon="18.806299"><time>2026-05-23T09:49:10.000Z</time></trkpt>
<trkpt lat="54.391880" lon="18.806255"><time>2026-05-23T09:49:12.000Z</time></trkpt>
<trkpt lat="54.391862" lon="18.806212"><time>2026-05-23T09:49:14.000Z</time></trkpt>
<trkpt lat="54.391844" lon="18.806169"><time>2026-05-23T09:49:16.000Z</time></trkpt>
<trkpt lat="54.391825" lon="18.806127"><time>2026-05-23T09:49:18.000Z</time></trkpt>
<trkpt lat="54.391805" lon="18.806087"><time>2026-05-23T09:49:20.000Z</time></trkpt>
<trkpt lat="54.391774" lon="18.806028"><time>2026-05-23T09:49:22.900Z</time></trkpt>
<trkpt lat="54.391754" lon="18.805989"><time>2026-05-23T09:49:24.900Z</time></trkpt>
<trkpt lat="54.391732" lon="18.805948"><time>2026-05-23T09:49:26.900Z</time></trkpt>
<trkpt lat="54.391711" lon="18.805908"><time>2026-05-23T09:49:28.900Z</time></trkpt>
<trkpt lat="54.391691" lon="18.805870"><time>2026-05-23T09:49:30.900Z</time></trkpt>
<trkpt lat="54.391670" lon="18.805831"><time>2026-05-23T09:49:32.900Z</time></trkpt>
<trkpt lat="54.391649" lon="18.805792"><time>2026-05-23T09:49:34.900Z</time></trkpt>
<trkpt lat="54.391628" lon="18.805753"><time>2026-05-23T09:49:36.900Z</time></trkpt>
<trkpt lat="54.391606" lon="18.805714"><time>2026-05-23T09:49:38.900Z</time></trkpt>
<trkpt lat="54.391584" lon="18.805677"><time>2026-05-23T09:49:40.900Z</time></trkpt>
<trkpt lat="54.391560" lon="18.805640"><time>2026-05-23T09:49:42.900Z</time></trkpt>
<trkpt lat="54.391537" lon="18.805603"><time>2026-05-23T09:49:44.900Z</time></trkpt>
<trkpt lat="54.391513" lon="18.805566"><time>2026-05-23T09:49:46.900Z</time></trkpt>
<trkpt lat="54.391492" lon="18.805531"><time>2026-05-23T09:49:48.900Z</time></trkpt>
<trkpt lat="54.391470" lon="18.805493"><time>2026-05-23T09:49:50.900Z</time></trkpt>
<trkpt lat="54.391448" lon="18.805458"><time>2026-05-23T09:49:52.900Z</time></trkpt>
<trkpt lat="54.391425" lon="18.805421"><time>2026-05-23T09:49:54.900Z</time></trkpt>
<trkpt lat="54.391403" lon="18.805388"><time>2026-05-23T09:49:56.900Z</time></trkpt>
<trkpt lat="54.391383" lon="18.805360"><time>2026-05-23T09:49:58.900Z</time></trkpt>
<trkpt lat="54.391360" lon="18.805327"><time>2026-05-23T09:50:00.900Z</time></trkpt>
<trkpt lat="54.391339" lon="18.805295"><time>2026-05-23T09:50:02.900Z</time></trkpt>
<trkpt lat="54.391321" lon="18.805266"><time>2026-05-23T09:50:04.900Z</time></trkpt>
<trkpt lat="54.391303" lon="18.805237"><time>2026-05-23T09:50:06.900Z</time></trkpt>
<trkpt lat="54.391283" lon="18.805207"><time>2026-05-23T09:50:08.900Z</time></trkpt>
<trkpt lat="54.391264" lon="18.805176"><time>2026-05-23T09:50:10.900Z</time></trkpt>
<trkpt lat="54.391245" lon="18.805146"><time>2026-05-23T09:50:12.900Z</time></trkpt>
<trkpt lat="54.391223" lon="18.805111"><time>2026-05-23T09:50:14.900Z</time></trkpt>
<trkpt lat="54.391203" lon="18.805082"><time>2026-05-23T09:50:16.900Z</time></trkpt>
<trkpt lat="54.391181" lon="18.805051"><time>2026-05-23T09:50:18.900Z</time></trkpt>
<trkpt lat="54.391160" lon="18.805016"><time>2026-05-23T09:50:20.900Z</time></trkpt>
<trkpt lat="54.391139" lon="18.804984"><time>2026-05-23T09:50:22.900Z</time></trkpt>
<trkpt lat="54.391118" lon="18.804951"><time>2026-05-23T09:50:24.900Z</time></trkpt>
<trkpt lat="54.391096" lon="18.804919"><time>2026-05-23T09:50:26.900Z</time></trkpt>
<trkpt lat="54.391076" lon="18.804886"><time>2026-05-23T09:50:28.900Z</time></trkpt>
<trkpt lat="54.391055" lon="18.804854"><time>2026-05-23T09:50:30.900Z</time></trkpt>
<trkpt lat="54.391034" lon="18.804820"><time>2026-05-23T09:50:32.900Z</time></trkpt>
<trkpt lat="54.391014" lon="18.804786"><time>2026-05-23T09:50:34.900Z</time></trkpt>
<trkpt lat="54.390993" lon="18.804751"><time>2026-05-23T09:50:36.900Z</time></trkpt>
<trkpt lat="54.390973" lon="18.804716"><time>2026-05-23T09:50:38.900Z</time></trkpt>
<trkpt lat="54.390953" lon="18.804681"><time>2026-05-23T09:50:40.900Z</time></trkpt>
<trkpt lat="54.390933" lon="18.804647"><time>2026-05-23T09:50:42.900Z</time></trkpt>
<trkpt lat="54.390913" lon="18.804612"><time>2026-05-23T09:50:44.900Z</time></trkpt>
<trkpt lat="54.390892" lon="18.804578"><time>2026-05-23T09:50:46.900Z</time></trkpt>
<trkpt lat="54.390870" lon="18.804544"><time>2026-05-23T09:50:48.900Z</time></trkpt>
<trkpt lat="54.390859" lon="18.804527"><time>2026-05-23T09:50:50.000Z</time></trkpt>
<trkpt lat="54.390838" lon="18.804491"><time>2026-05-23T09:50:52.000Z</time></trkpt>
<trkpt lat="54.390818" lon="18.804456"><time>2026-05-23T09:50:54.000Z</time></trkpt>
<trkpt lat="54.390797" lon="18.804420"><time>2026-05-23T09:50:56.000Z</time></trkpt>
<trkpt lat="54.390777" lon="18.804384"><time>2026-05-23T09:50:58.000Z</time></trkpt>
<trkpt lat="54.390755" lon="18.804347"><time>2026-05-23T09:51:00.000Z</time></trkpt>
<trkpt lat="54.390734" lon="18.804311"><time>2026-05-23T09:51:02.000Z</time></trkpt>
<trkpt lat="54.390712" lon="18.804276"><time>2026-05-23T09:51:04.000Z</time></trkpt>
<trkpt lat="54.390691" lon="18.804241"><time>2026-05-23T09:51:06.000Z</time></trkpt>
<trkpt lat="54.390670" lon="18.804205"><time>2026-05-23T09:51:08.000Z</time></trkpt>
<trkpt lat="54.390649" lon="18.804169"><time>2026-05-23T09:51:10.000Z</time></trkpt>
<trkpt lat="54.390627" lon="18.804131"><time>2026-05-23T09:51:12.000Z</time></trkpt>
<trkpt lat="54.390606" lon="18.804095"><time>2026-05-23T09:51:14.000Z</time></trkpt>
<trkpt lat="54.390583" lon="18.804059"><time>2026-05-23T09:51:16.000Z</time></trkpt>
<trkpt lat="54.390561" lon="18.804025"><time>2026-05-23T09:51:18.000Z</time></trkpt>
<trkpt lat="54.390543" lon="18.804003"><time>2026-05-23T09:51:20.000Z</time></trkpt>
<trkpt lat="54.390522" lon="18.803970"><time>2026-05-23T09:51:22.000Z</time></trkpt>
<trkpt lat="54.390499" lon="18.803935"><time>2026-05-23T09:51:24.000Z</time></trkpt>
<trkpt lat="54.390479" lon="18.803903"><time>2026-05-23T09:51:26.000Z</time></trkpt>
<trkpt lat="54.390457" lon="18.803870"><time>2026-05-23T09:51:28.000Z</time></trkpt>
<trkpt lat="54.390436" lon="18.803837"><time>2026-05-23T09:51:30.000Z</time></trkpt>
<trkpt lat="54.390415" lon="18.803805"><time>2026-05-23T09:51:32.000Z</time></trkpt>
<trkpt lat="54.390394" lon="18.803770"><time>2026-05-23T09:51:34.000Z</time></trkpt>
<trkpt lat="54.390371" lon="18.803731"><time>2026-05-23T09:51:36.000Z</time></trkpt>
<trkpt lat="54.390350" lon="18.803696"><time>2026-05-23T09:51:38.000Z</time></trkpt>
<trkpt lat="54.390331" lon="18.803663"><time>2026-05-23T09:51:40.000Z</time></trkpt>
<trkpt lat="54.390296" lon="18.803611"><time>2026-05-23T09:51:42.900Z</time></trkpt>
<trkpt lat="54.390271" lon="18.803573"><time>2026-05-23T09:51:44.900Z</time></trkpt>
<trkpt lat="54.390249" lon="18.803537"><time>2026-05-23T09:51:46.900Z</time></trkpt>
<trkpt lat="54.390221" lon="18.803493"><time>2026-05-23T09:51:48.900Z</time></trkpt>
<trkpt lat="54.390196" lon="18.803456"><time>2026-05-23T09:51:50.900Z</time></trkpt>
<trkpt lat="54.390171" lon="18.803419"><time>2026-05-23T09:51:52.900Z</time></trkpt>
<trkpt lat="54.390153" lon="18.803387"><time>2026-05-23T09:51:54.900Z</time></trkpt>
<trkpt lat="54.390131" lon="18.803350"><time>2026-05-23T09:51:56.900Z</time></trkpt>
<trkpt lat="54.390110" lon="18.803319"><time>2026-05-23T09:51:58.900Z</time></trkpt>
<trkpt lat="54.390086" lon="18.803280"><time>2026-05-23T09:52:00.900Z</time></trkpt>
<trkpt lat="54.390061" lon="18.803245"><time>2026-05-23T09:52:02.900Z</time></trkpt>
<trkpt lat="54.390038" lon="18.803211"><time>2026-05-23T09:52:04.900Z</time></trkpt>
<trkpt lat="54.390015" lon="18.803181"><time>2026-05-23T09:52:06.900Z</time></trkpt>
<trkpt lat="54.389990" lon="18.803143"><time>2026-05-23T09:52:08.900Z</time></trkpt>
<trkpt lat="54.389965" lon="18.803104"><time>2026-05-23T09:52:10.900Z</time></trkpt>
<trkpt lat="54.389943" lon="18.803069"><time>2026-05-23T09:52:12.900Z</time></trkpt>
<trkpt lat="54.389919" lon="18.803034"><time>2026-05-23T09:52:14.900Z</time></trkpt>
<trkpt lat="54.389892" lon="18.802998"><time>2026-05-23T09:52:16.900Z</time></trkpt>
<trkpt lat="54.389868" lon="18.802963"><time>2026-05-23T09:52:18.900Z</time></trkpt>
<trkpt lat="54.389845" lon="18.802924"><time>2026-05-23T09:52:20.900Z</time></trkpt>
<trkpt lat="54.389820" lon="18.802888"><time>2026-05-23T09:52:22.900Z</time></trkpt>
<trkpt lat="54.389798" lon="18.802849"><time>2026-05-23T09:52:24.900Z</time></trkpt>
<trkpt lat="54.389774" lon="18.802812"><time>2026-05-23T09:52:26.900Z</time></trkpt>
<trkpt lat="54.389752" lon="18.802778"><time>2026-05-23T09:52:28.900Z</time></trkpt>
<trkpt lat="54.389730" lon="18.802745"><time>2026-05-23T09:52:30.900Z</time></trkpt>
<trkpt lat="54.389707" lon="18.802709"><time>2026-05-23T09:52:32.900Z</time></trkpt>
<trkpt lat="54.389684" lon="18.802671"><time>2026-05-23T09:52:34.900Z</time></trkpt>
<trkpt lat="54.389662" lon="18.802633"><time>2026-05-23T09:52:36.900Z</time></trkpt>
<trkpt lat="54.389640" lon="18.802598"><time>2026-05-23T09:52:38.900Z</time></trkpt>
<trkpt lat="54.389619" lon="18.802560"><time>2026-05-23T09:52:40.900Z</time></trkpt>
<trkpt lat="54.389597" lon="18.802521"><time>2026-05-23T09:52:42.900Z</time></trkpt>
<trkpt lat="54.389574" lon="18.802484"><time>2026-05-23T09:52:44.900Z</time></trkpt>
<trkpt lat="54.389551" lon="18.802450"><time>2026-05-23T09:52:46.900Z</time></trkpt>
<trkpt lat="54.389528" lon="18.802414"><time>2026-05-23T09:52:48.900Z</time></trkpt>
<trkpt lat="54.389504" lon="18.802376"><time>2026-05-23T09:52:50.900Z</time></trkpt>
<trkpt lat="54.389479" lon="18.802342"><time>2026-05-23T09:52:52.900Z</time></trkpt>
<trkpt lat="54.389457" lon="18.802312"><time>2026-05-23T09:52:54.900Z</time></trkpt>
<trkpt lat="54.389446" lon="18.802296"><time>2026-05-23T09:52:56.000Z</time></trkpt>
<trkpt lat="54.389421" lon="18.802262"><time>2026-05-23T09:52:58.000Z</time></trkpt>
<trkpt lat="54.389398" lon="18.802229"><time>2026-05-23T09:53:00.000Z</time></trkpt>
<trkpt lat="54.389374" lon="18.802194"><time>2026-05-23T09:53:02.000Z</time></trkpt>
<trkpt lat="54.389350" lon="18.802160"><time>2026-05-23T09:53:04.000Z</time></trkpt>
<trkpt lat="54.389325" lon="18.802127"><time>2026-05-23T09:53:06.000Z</time></trkpt>
<trkpt lat="54.389300" lon="18.802093"><time>2026-05-23T09:53:08.000Z</time></trkpt>
<trkpt lat="54.389271" lon="18.802061"><time>2026-05-23T09:53:10.000Z</time></trkpt>
<trkpt lat="54.389239" lon="18.802021"><time>2026-05-23T09:53:12.000Z</time></trkpt>
<trkpt lat="54.389209" lon="18.801984"><time>2026-05-23T09:53:14.000Z</time></trkpt>
<trkpt lat="54.389186" lon="18.801953"><time>2026-05-23T09:53:16.000Z</time></trkpt>
<trkpt lat="54.389163" lon="18.801911"><time>2026-05-23T09:53:18.000Z</time></trkpt>
<trkpt lat="54.389141" lon="18.801874"><time>2026-05-23T09:53:20.000Z</time></trkpt>
<trkpt lat="54.389120" lon="18.801840"><time>2026-05-23T09:53:22.000Z</time></trkpt>
<trkpt lat="54.389098" lon="18.801803"><time>2026-05-23T09:53:24.000Z</time></trkpt>
<trkpt lat="54.389074" lon="18.801767"><time>2026-05-23T09:53:26.000Z</time></trkpt>
<trkpt lat="54.389052" lon="18.801733"><time>2026-05-23T09:53:28.000Z</time></trkpt>
<trkpt lat="54.389028" lon="18.801695"><time>2026-05-23T09:53:30.000Z</time></trkpt>
<trkpt lat="54.389004" lon="18.801657"><time>2026-05-23T09:53:32.000Z</time></trkpt>
<trkpt lat="54.388981" lon="18.801623"><time>2026-05-23T09:53:34.000Z</time></trkpt>
<trkpt lat="54.388956" lon="18.801588"><time>2026-05-23T09:53:36.000Z</time></trkpt>
<trkpt lat="54.388931" lon="18.801551"><time>2026-05-23T09:53:38.000Z</time></trkpt>
<trkpt lat="54.388906" lon="18.801514"><time>2026-05-23T09:53:40.000Z</time></trkpt>
<trkpt lat="54.388882" lon="18.801477"><time>2026-05-23T09:53:42.000Z</time></trkpt>
<trkpt lat="54.388859" lon="18.801440"><time>2026-05-23T09:53:44.000Z</time></trkpt>
<trkpt lat="54.388835" lon="18.801402"><time>2026-05-23T09:53:46.000Z</time></trkpt>
<trkpt lat="54.388811" lon="18.801365"><time>2026-05-23T09:53:48.000Z</time></trkpt>
<trkpt lat="54.388786" lon="18.801327"><time>2026-05-23T09:53:50.000Z</time></trkpt>
<trkpt lat="54.388762" lon="18.801287"><time>2026-05-23T09:53:52.000Z</time></trkpt>
<trkpt lat="54.388738" lon="18.801250"><time>2026-05-23T09:53:54.000Z</time></trkpt>
<trkpt lat="54.388713" lon="18.801213"><time>2026-05-23T09:53:56.000Z</time></trkpt>
<trkpt lat="54.388679" lon="18.801159"><time>2026-05-23T09:53:58.900Z</time></trkpt>
<trkpt lat="54.388656" lon="18.801122"><time>2026-05-23T09:54:00.900Z</time></trkpt>
<trkpt lat="54.388634" lon="18.801085"><time>2026-05-23T09:54:02.900Z</time></trkpt>
<trkpt lat="54.388610" lon="18.801048"><time>2026-05-23T09:54:04.900Z</time></trkpt>
<trkpt lat="54.388587" lon="18.801012"><time>2026-05-23T09:54:06.900Z</time></trkpt>
<trkpt lat="54.388564" lon="18.800976"><time>2026-05-23T09:54:08.900Z</time></trkpt>
<trkpt lat="54.388539" lon="18.800941"><time>2026-05-23T09:54:10.900Z</time></trkpt>
<trkpt lat="54.388517" lon="18.800904"><time>2026-05-23T09:54:12.900Z</time></trkpt>
<trkpt lat="54.388495" lon="18.800869"><time>2026-05-23T09:54:14.900Z</time></trkpt>
<trkpt lat="54.388471" lon="18.800835"><time>2026-05-23T09:54:16.900Z</time></trkpt>
<trkpt lat="54.388447" lon="18.800805"><time>2026-05-23T09:54:18.900Z</time></trkpt>
<trkpt lat="54.388421" lon="18.800775"><time>2026-05-23T09:54:20.900Z</time></trkpt>
<trkpt lat="54.388398" lon="18.800742"><time>2026-05-23T09:54:22.900Z</time></trkpt>
<trkpt lat="54.388374" lon="18.800710"><time>2026-05-23T09:54:24.900Z</time></trkpt>
<trkpt lat="54.388350" lon="18.800675"><time>2026-05-23T09:54:26.900Z</time></trkpt>
<trkpt lat="54.388326" lon="18.800637"><time>2026-05-23T09:54:28.900Z</time></trkpt>
<trkpt lat="54.388304" lon="18.800613"><time>2026-05-23T09:54:30.900Z</time></trkpt>
<trkpt lat="54.388276" lon="18.800586"><time>2026-05-23T09:54:32.900Z</time></trkpt>
<trkpt lat="54.388253" lon="18.800553"><time>2026-05-23T09:54:34.900Z</time></trkpt>
<trkpt lat="54.388229" lon="18.800519"><time>2026-05-23T09:54:36.900Z</time></trkpt>
<trkpt lat="54.388204" lon="18.800483"><time>2026-05-23T09:54:38.900Z</time></trkpt>
<trkpt lat="54.388179" lon="18.800450"><time>2026-05-23T09:54:40.900Z</time></trkpt>
<trkpt lat="54.388153" lon="18.800414"><time>2026-05-23T09:54:42.900Z</time></trkpt>
<trkpt lat="54.388129" lon="18.800381"><time>2026-05-23T09:54:44.900Z</time></trkpt>
<trkpt lat="54.388104" lon="18.800347"><time>2026-05-23T09:54:46.900Z</time></trkpt>
<trkpt lat="54.388077" lon="18.800313"><time>2026-05-23T09:54:48.900Z</time></trkpt>
<trkpt lat="54.388051" lon="18.800280"><time>2026-05-23T09:54:50.900Z</time></trkpt>
<trkpt lat="54.388023" lon="18.800244"><time>2026-05-23T09:54:52.900Z</time></trkpt>
<trkpt lat="54.387995" lon="18.800208"><time>2026-05-23T09:54:54.900Z</time></trkpt>
<trkpt lat="54.387968" lon="18.800174"><time>2026-05-23T09:54:56.900Z</time></trkpt>
<trkpt lat="54.387941" lon="18.800141"><time>2026-05-23T09:54:58.900Z</time></trkpt>
<trkpt lat="54.387914" lon="18.800107"><time>2026-05-23T09:55:00.900Z</time></trkpt>
<trkpt lat="54.387899" lon="18.800091"><time>2026-05-23T09:55:02.000Z</time></trkpt>
<trkpt lat="54.387872" lon="18.800060"><time>2026-05-23T09:55:04.000Z</time></trkpt>
<trkpt lat="54.387843" lon="18.800027"><time>2026-05-23T09:55:06.000Z</time></trkpt>
<trkpt lat="54.387815" lon="18.799995"><time>2026-05-23T09:55:08.000Z</time></trkpt>
<trkpt lat="54.387788" lon="18.799963"><time>2026-05-23T09:55:10.000Z</time></trkpt>
<trkpt lat="54.387761" lon="18.799932"><time>2026-05-23T09:55:12.000Z</time></trkpt>
<trkpt lat="54.387733" lon="18.799903"><time>2026-05-23T09:55:14.000Z</time></trkpt>
<trkpt lat="54.387706" lon="18.799872"><time>2026-05-23T09:55:16.000Z</time></trkpt>
<trkpt lat="54.387677" lon="18.799840"><time>2026-05-23T09:55:18.000Z</time></trkpt>
<trkpt lat="54.387649" lon="18.799811"><time>2026-05-23T09:55:20.000Z</time></trkpt>
<trkpt lat="54.387621" lon="18.799781"><time>2026-05-23T09:55:22.000Z</time></trkpt>
<trkpt lat="54.387595" lon="18.799748"><time>2026-05-23T09:55:24.000Z</time></trkpt>
<trkpt lat="54.387568" lon="18.799713"><time>2026-05-23T09:55:26.000Z</time></trkpt>
<trkpt lat="54.387545" lon="18.799673"><time>2026-05-23T09:55:28.000Z</time></trkpt>
<trkpt lat="54.387524" lon="18.799633"><time>2026-05-23T09:55:30.000Z</time></trkpt>
<trkpt lat="54.387503" lon="18.799595"><time>2026-05-23T09:55:32.000Z</time></trkpt>
<trkpt lat="54.387482" lon="18.799557"><time>2026-05-23T09:55:34.000Z</time></trkpt>
<trkpt lat="54.387460" lon="18.799522"><time>2026-05-23T09:55:36.000Z</time></trkpt>
<trkpt lat="54.387438" lon="18.799487"><time>2026-05-23T09:55:38.000Z</time></trkpt>
<trkpt lat="54.387416" lon="18.799454"><time>2026-05-23T09:55:40.000Z</time></trkpt>
<trkpt lat="54.387395" lon="18.799421"><time>2026-05-23T09:55:42.000Z</time></trkpt>
<trkpt lat="54.387373" lon="18.799389"><time>2026-05-23T09:55:44.000Z</time></trkpt>
<trkpt lat="54.387350" lon="18.799359"><time>2026-05-23T09:55:46.000Z</time></trkpt>
<trkpt lat="54.387328" lon="18.799328"><time>2026-05-23T09:55:48.000Z</time></trkpt>
<trkpt lat="54.387305" lon="18.799299"><time>2026-05-23T09:55:50.000Z</time></trkpt>
<trkpt lat="54.387281" lon="18.799266"><time>2026-05-23T09:55:52.000Z</time></trkpt>
<trkpt lat="54.387255" lon="18.799235"><time>2026-05-23T09:55:54.000Z</time></trkpt>
<trkpt lat="54.387232" lon="18.799204"><time>2026-05-23T09:55:56.000Z</time></trkpt>
<trkpt lat="54.387209" lon="18.799172"><time>2026-05-23T09:55:58.000Z</time></trkpt>
<trkpt lat="54.387186" lon="18.799139"><time>2026-05-23T09:56:00.000Z</time></trkpt>
<trkpt lat="54.387162" lon="18.799104"><time>2026-05-23T09:56:02.000Z</time></trkpt>
<trkpt lat="54.387128" lon="18.799050"><time>2026-05-23T09:56:04.900Z</time></trkpt>
<trkpt lat="54.387106" lon="18.799016"><time>2026-05-23T09:56:06.900Z</time></trkpt>
<trkpt lat="54.387083" lon="18.798983"><time>2026-05-23T09:56:08.900Z</time></trkpt>
<trkpt lat="54.387059" lon="18.798953"><time>2026-05-23T09:56:10.900Z</time></trkpt>
<trkpt lat="54.387035" lon="18.798923"><time>2026-05-23T09:56:12.900Z</time></trkpt>
<trkpt lat="54.387010" lon="18.798891"><time>2026-05-23T09:56:14.900Z</time></trkpt>
<trkpt lat="54.386985" lon="18.798859"><time>2026-05-23T09:56:16.900Z</time></trkpt>
<trkpt lat="54.386961" lon="18.798827"><time>2026-05-23T09:56:18.900Z</time></trkpt>
<trkpt lat="54.386936" lon="18.798793"><time>2026-05-23T09:56:20.900Z</time></trkpt>
<trkpt lat="54.386912" lon="18.798760"><time>2026-05-23T09:56:22.900Z</time></trkpt>
<trkpt lat="54.386887" lon="18.798729"><time>2026-05-23T09:56:24.900Z</time></trkpt>
<trkpt lat="54.386862" lon="18.798697"><time>2026-05-23T09:56:26.900Z</time></trkpt>
<trkpt lat="54.386836" lon="18.798667"><time>2026-05-23T09:56:28.900Z</time></trkpt>
<trkpt lat="54.386811" lon="18.798638"><time>2026-05-23T09:56:30.900Z</time></trkpt>
<trkpt lat="54.386785" lon="18.798606"><time>2026-05-23T09:56:32.900Z</time></trkpt>
<trkpt lat="54.386758" lon="18.798574"><time>2026-05-23T09:56:34.900Z</time></trkpt>
<trkpt lat="54.386733" lon="18.798545"><time>2026-05-23T09:56:36.900Z</time></trkpt>
<trkpt lat="54.386708" lon="18.798513"><time>2026-05-23T09:56:38.900Z</time></trkpt>
<trkpt lat="54.386682" lon="18.798482"><time>2026-05-23T09:56:40.900Z</time></trkpt>
<trkpt lat="54.386659" lon="18.798451"><time>2026-05-23T09:56:42.900Z</time></trkpt>
<trkpt lat="54.386635" lon="18.798418"><time>2026-05-23T09:56:44.900Z</time></trkpt>
<trkpt lat="54.386610" lon="18.798385"><time>2026-05-23T09:56:46.900Z</time></trkpt>
<trkpt lat="54.386587" lon="18.798352"><time>2026-05-23T09:56:48.900Z</time></trkpt>
<trkpt lat="54.386567" lon="18.798315"><time>2026-05-23T09:56:50.900Z</time></trkpt>
<trkpt lat="54.386546" lon="18.798282"><time>2026-05-23T09:56:52.900Z</time></trkpt>
<trkpt lat="54.386526" lon="18.798245"><time>2026-05-23T09:56:54.900Z</time></trkpt>
<trkpt lat="54.386511" lon="18.798209"><time>2026-05-23T09:56:56.900Z</time></trkpt>
<trkpt lat="54.386498" lon="18.798172"><time>2026-05-23T09:56:58.900Z</time></trkpt>
<trkpt lat="54.386485" lon="18.798136"><time>2026-05-23T09:57:00.900Z</time></trkpt>
<trkpt lat="54.386471" lon="18.798095"><time>2026-05-23T09:57:02.900Z</time></trkpt>
<trkpt lat="54.386459" lon="18.798061"><time>2026-05-23T09:57:04.900Z</time></trkpt>
<trkpt lat="54.386446" lon="18.798026"><time>2026-05-23T09:57:07.000Z</time></trkpt>
<trkpt lat="54.386439" lon="18.798008"><time>2026-05-23T09:57:08.000Z</time></trkpt>
<trkpt lat="54.386423" lon="18.797974"><time>2026-05-23T09:57:10.000Z</time></trkpt>
<trkpt lat="54.386406" lon="18.797936"><time>2026-05-23T09:57:12.000Z</time></trkpt>
<trkpt lat="54.386388" lon="18.797894"><time>2026-05-23T09:57:14.000Z</time></trkpt>
<trkpt lat="54.386373" lon="18.797868"><time>2026-05-23T09:57:16.000Z</time></trkpt>
<trkpt lat="54.386359" lon="18.797842"><time>2026-05-23T09:57:18.000Z</time></trkpt>
<trkpt lat="54.386342" lon="18.797812"><time>2026-05-23T09:57:20.000Z</time></trkpt>
<trkpt lat="54.386321" lon="18.797781"><time>2026-05-23T09:57:22.000Z</time></trkpt>
<trkpt lat="54.386298" lon="18.797750"><time>2026-05-23T09:57:24.000Z</time></trkpt>
<trkpt lat="54.386275" lon="18.797721"><time>2026-05-23T09:57:26.000Z</time></trkpt>
<trkpt lat="54.386251" lon="18.797691"><time>2026-05-23T09:57:28.000Z</time></trkpt>
<trkpt lat="54.386226" lon="18.797662"><time>2026-05-23T09:57:30.000Z</time></trkpt>
<trkpt lat="54.386202" lon="18.797632"><time>2026-05-23T09:57:32.000Z</time></trkpt>
<trkpt lat="54.386179" lon="18.797599"><time>2026-05-23T09:57:34.000Z</time></trkpt>
<trkpt lat="54.386161" lon="18.797562"><time>2026-05-23T09:57:36.000Z</time></trkpt>
<trkpt lat="54.386147" lon="18.797531"><time>2026-05-23T09:57:38.000Z</time></trkpt>
<trkpt lat="54.386118" lon="18.797507"><time>2026-05-23T09:57:40.000Z</time></trkpt>
<trkpt lat="54.386094" lon="18.797501"><time>2026-05-23T09:57:42.000Z</time></trkpt>
<trkpt lat="54.386070" lon="18.797465"><time>2026-05-23T09:57:44.000Z</time></trkpt>
<trkpt lat="54.386051" lon="18.797433"><time>2026-05-23T09:57:46.000Z</time></trkpt>
<trkpt lat="54.386034" lon="18.797406"><time>2026-05-23T09:57:48.000Z</time></trkpt>
<trkpt lat="54.386004" lon="18.797380"><time>2026-05-23T09:57:50.000Z</time></trkpt>
<trkpt lat="54.385981" lon="18.797363"><time>2026-05-23T09:57:52.000Z</time></trkpt>
<trkpt lat="54.385955" lon="18.797334"><time>2026-05-23T09:57:54.000Z</time></trkpt>
<trkpt lat="54.385926" lon="18.797297"><time>2026-05-23T09:57:56.000Z</time></trkpt>
<trkpt lat="54.385899" lon="18.797264"><time>2026-05-23T09:57:58.000Z</time></trkpt>
<trkpt lat="54.385873" lon="18.797229"><time>2026-05-23T09:58:00.000Z</time></trkpt>
<trkpt lat="54.385848" lon="18.797196"><time>2026-05-23T09:58:02.000Z</time></trkpt>
<trkpt lat="54.385821" lon="18.797164"><time>2026-05-23T09:58:04.000Z</time></trkpt>
<trkpt lat="54.385793" lon="18.797132"><time>2026-05-23T09:58:06.000Z</time></trkpt>
<trkpt lat="54.385756" lon="18.797082"><time>2026-05-23T09:58:08.900Z</time></trkpt>
<trkpt lat="54.385730" lon="18.797048"><time>2026-05-23T09:58:10.900Z</time></trkpt>
<trkpt lat="54.385702" lon="18.797018"><time>2026-05-23T09:58:12.900Z</time></trkpt>
<trkpt lat="54.385677" lon="18.796987"><time>2026-05-23T09:58:14.900Z</time></trkpt>
<trkpt lat="54.385650" lon="18.796954"><time>2026-05-23T09:58:16.900Z</time></trkpt>
<trkpt lat="54.385625" lon="18.796922"><time>2026-05-23T09:58:18.900Z</time></trkpt>
<trkpt lat="54.385600" lon="18.796891"><time>2026-05-23T09:58:20.900Z</time></trkpt>
<trkpt lat="54.385573" lon="18.796861"><time>2026-05-23T09:58:22.900Z</time></trkpt>
<trkpt lat="54.385548" lon="18.796829"><time>2026-05-23T09:58:24.900Z</time></trkpt>
<trkpt lat="54.385523" lon="18.796798"><time>2026-05-23T09:58:26.900Z</time></trkpt>
<trkpt lat="54.385496" lon="18.796767"><time>2026-05-23T09:58:28.900Z</time></trkpt>
<trkpt lat="54.385471" lon="18.796736"><time>2026-05-23T09:58:30.900Z</time></trkpt>
<trkpt lat="54.385445" lon="18.796708"><time>2026-05-23T09:58:32.900Z</time></trkpt>
<trkpt lat="54.385419" lon="18.796677"><time>2026-05-23T09:58:34.900Z</time></trkpt>
<trkpt lat="54.385392" lon="18.796648"><time>2026-05-23T09:58:36.900Z</time></trkpt>
<trkpt lat="54.385365" lon="18.796619"><time>2026-05-23T09:58:38.900Z</time></trkpt>
<trkpt lat="54.385338" lon="18.796590"><time>2026-05-23T09:58:40.900Z</time></trkpt>
<trkpt lat="54.385311" lon="18.796558"><time>2026-05-23T09:58:42.900Z</time></trkpt>
<trkpt lat="54.385283" lon="18.796530"><time>2026-05-23T09:58:44.900Z</time></trkpt>
<trkpt lat="54.385253" lon="18.796502"><time>2026-05-23T09:58:46.900Z</time></trkpt>
<trkpt lat="54.385228" lon="18.796468"><time>2026-05-23T09:58:48.900Z</time></trkpt>
<trkpt lat="54.385201" lon="18.796439"><time>2026-05-23T09:58:50.900Z</time></trkpt>
<trkpt lat="54.385173" lon="18.796408"><time>2026-05-23T09:58:52.900Z</time></trkpt>
<trkpt lat="54.385149" lon="18.796375"><time>2026-05-23T09:58:54.900Z</time></trkpt>
<trkpt lat="54.385124" lon="18.796345"><time>2026-05-23T09:58:56.900Z</time></trkpt>
<trkpt lat="54.385094" lon="18.796318"><time>2026-05-23T09:58:58.900Z</time></trkpt>
<trkpt lat="54.385057" lon="18.796284"><time>2026-05-23T09:59:00.900Z</time></trkpt>
<trkpt lat="54.385032" lon="18.796254"><time>2026-05-23T09:59:02.900Z</time></trkpt>
<trkpt lat="54.385000" lon="18.796225"><time>2026-05-23T09:59:04.900Z</time></trkpt>
<trkpt lat="54.384973" lon="18.796204"><time>2026-05-23T09:59:06.900Z</time></trkpt>
<trkpt lat="54.384946" lon="18.796176"><time>2026-05-23T09:59:08.900Z</time></trkpt>
<trkpt lat="54.384919" lon="18.796149"><time>2026-05-23T09:59:10.900Z</time></trkpt>
<trkpt lat="54.384905" lon="18.796135"><time>2026-05-23T09:59:12.000Z</time></trkpt>
<trkpt lat="54.384880" lon="18.796114"><time>2026-05-23T09:59:14.000Z</time></trkpt>
<trkpt lat="54.384852" lon="18.796087"><time>2026-05-23T09:59:16.000Z</time></trkpt>
<trkpt lat="54.384826" lon="18.796056"><time>2026-05-23T09:59:18.000Z</time></trkpt>
<trkpt lat="54.384799" lon="18.796030"><time>2026-05-23T09:59:20.000Z</time></trkpt>
<trkpt lat="54.384770" lon="18.796001"><time>2026-05-23T09:59:22.000Z</time></trkpt>
<trkpt lat="54.384741" lon="18.795977"><time>2026-05-23T09:59:24.000Z</time></trkpt>
<trkpt lat="54.384712" lon="18.795951"><time>2026-05-23T09:59:26.000Z</time></trkpt>
<trkpt lat="54.384684" lon="18.795925"><time>2026-05-23T09:59:28.000Z</time></trkpt>
<trkpt lat="54.384657" lon="18.795897"><time>2026-05-23T09:59:30.000Z</time></trkpt>
<trkpt lat="54.384631" lon="18.795871"><time>2026-05-23T09:59:32.000Z</time></trkpt>
<trkpt lat="54.384604" lon="18.795842"><time>2026-05-23T09:59:34.000Z</time></trkpt>
<trkpt lat="54.384578" lon="18.795810"><time>2026-05-23T09:59:36.000Z</time></trkpt>
<trkpt lat="54.384549" lon="18.795781"><time>2026-05-23T09:59:38.000Z</time></trkpt>
<trkpt lat="54.384521" lon="18.795758"><time>2026-05-23T09:59:40.000Z</time></trkpt>
<trkpt lat="54.384493" lon="18.795729"><time>2026-05-23T09:59:42.000Z</time></trkpt>
<trkpt lat="54.384470" lon="18.795701"><time>2026-05-23T09:59:44.000Z</time></trkpt>
<trkpt lat="54.384444" lon="18.795673"><time>2026-05-23T09:59:46.000Z</time></trkpt>
<trkpt lat="54.384416" lon="18.795641"><time>2026-05-23T09:59:48.000Z</time></trkpt>
<trkpt lat="54.384393" lon="18.795617"><time>2026-05-23T09:59:50.000Z</time></trkpt>
<trkpt lat="54.384371" lon="18.795583"><time>2026-05-23T09:59:52.000Z</time></trkpt>
<trkpt lat="54.384346" lon="18.795544"><time>2026-05-23T09:59:54.000Z</time></trkpt>
<trkpt lat="54.384330" lon="18.795514"><time>2026-05-23T09:59:56.000Z</time></trkpt>
<trkpt lat="54.384296" lon="18.795486"><time>2026-05-23T09:59:58.000Z</time></trkpt>
<trkpt lat="54.384267" lon="18.795459"><time>2026-05-23T10:00:00.000Z</time></trkpt>
<trkpt lat="54.384238" lon="18.795427"><time>2026-05-23T10:00:02.000Z</time></trkpt>
<trkpt lat="54.384210" lon="18.795397"><time>2026-05-23T10:00:04.000Z</time></trkpt>
<trkpt lat="54.384171" lon="18.795356"><time>2026-05-23T10:00:06.900Z</time></trkpt>
<trkpt lat="54.384141" lon="18.795327"><time>2026-05-23T10:00:08.900Z</time></trkpt>
<trkpt lat="54.384119" lon="18.795291"><time>2026-05-23T10:00:10.900Z</time></trkpt>
<trkpt lat="54.384092" lon="18.795267"><time>2026-05-23T10:00:12.900Z</time></trkpt>
<trkpt lat="54.384064" lon="18.795245"><time>2026-05-23T10:00:14.900Z</time></trkpt>
<trkpt lat="54.384039" lon="18.795219"><time>2026-05-23T10:00:16.900Z</time></trkpt>
<trkpt lat="54.384011" lon="18.795193"><time>2026-05-23T10:00:18.900Z</time></trkpt>
<trkpt lat="54.383984" lon="18.795167"><time>2026-05-23T10:00:20.900Z</time></trkpt>
<trkpt lat="54.383960" lon="18.795139"><time>2026-05-23T10:00:22.900Z</time></trkpt>
<trkpt lat="54.383933" lon="18.795113"><time>2026-05-23T10:00:24.900Z</time></trkpt>
<trkpt lat="54.383903" lon="18.795087"><time>2026-05-23T10:00:26.900Z</time></trkpt>
<trkpt lat="54.383879" lon="18.795069"><time>2026-05-23T10:00:28.900Z</time></trkpt>
<trkpt lat="54.383854" lon="18.795041"><time>2026-05-23T10:00:30.900Z</time></trkpt>
<trkpt lat="54.383828" lon="18.795011"><time>2026-05-23T10:00:32.900Z</time></trkpt>
<trkpt lat="54.383804" lon="18.794983"><time>2026-05-23T10:00:34.900Z</time></trkpt>
<trkpt lat="54.383778" lon="18.794946"><time>2026-05-23T10:00:36.900Z</time></trkpt>
<trkpt lat="54.383751" lon="18.794914"><time>2026-05-23T10:00:38.900Z</time></trkpt>
<trkpt lat="54.383728" lon="18.794882"><time>2026-05-23T10:00:40.900Z</time></trkpt>
<trkpt lat="54.383701" lon="18.794845"><time>2026-05-23T10:00:42.900Z</time></trkpt>
<trkpt lat="54.383677" lon="18.794811"><time>2026-05-23T10:00:44.900Z</time></trkpt>
<trkpt lat="54.383654" lon="18.794780"><time>2026-05-23T10:00:46.900Z</time></trkpt>
<trkpt lat="54.383634" lon="18.794758"><time>2026-05-23T10:00:48.900Z</time></trkpt>
<trkpt lat="54.383621" lon="18.794737"><time>2026-05-23T10:00:50.900Z</time></trkpt>
<trkpt lat="54.383609" lon="18.794716"><time>2026-05-23T10:00:52.900Z</time></trkpt>
<trkpt lat="54.383592" lon="18.794688"><time>2026-05-23T10:00:54.900Z</time></trkpt>
<trkpt lat="54.383562" lon="18.794658"><time>2026-05-23T10:00:56.900Z</time></trkpt>
<trkpt lat="54.383527" lon="18.794629"><time>2026-05-23T10:00:58.900Z</time></trkpt>
<trkpt lat="54.383488" lon="18.794609"><time>2026-05-23T10:01:00.900Z</time></trkpt>
<trkpt lat="54.383457" lon="18.794589"><time>2026-05-23T10:01:02.900Z</time></trkpt>
<trkpt lat="54.383431" lon="18.794558"><time>2026-05-23T10:01:04.900Z</time></trkpt>
<trkpt lat="54.383402" lon="18.794517"><time>2026-05-23T10:01:06.900Z</time></trkpt>
<trkpt lat="54.383366" lon="18.794477"><time>2026-05-23T10:01:08.900Z</time></trkpt>
<trkpt lat="54.383319" lon="18.794450"><time>2026-05-23T10:01:10.900Z</time></trkpt>
<trkpt lat="54.383280" lon="18.794422"><time>2026-05-23T10:01:12.900Z</time></trkpt>
<trkpt lat="54.383250" lon="18.794396"><time>2026-05-23T10:01:14.900Z</time></trkpt>
<trkpt lat="54.383223" lon="18.794371"><time>2026-05-23T10:01:16.900Z</time></trkpt>
<trkpt lat="54.383211" lon="18.794362"><time>2026-05-23T10:01:18.000Z</time></trkpt>
<trkpt lat="54.383184" lon="18.794338"><time>2026-05-23T10:01:20.000Z</time></trkpt>
<trkpt lat="54.383154" lon="18.794303"><time>2026-05-23T10:01:22.000Z</time></trkpt>
<trkpt lat="54.383118" lon="18.794266"><time>2026-05-23T10:01:24.000Z</time></trkpt>
<trkpt lat="54.383088" lon="18.794241"><time>2026-05-23T10:01:26.000Z</time></trkpt>
<trkpt lat="54.383058" lon="18.794212"><time>2026-05-23T10:01:28.000Z</time></trkpt>
<trkpt lat="54.383033" lon="18.794191"><time>2026-05-23T10:01:30.000Z</time></trkpt>
<trkpt lat="54.383012" lon="18.794166"><time>2026-05-23T10:01:32.000Z</time></trkpt>
<trkpt lat="54.382991" lon="18.794146"><time>2026-05-23T10:01:34.000Z</time></trkpt>
<trkpt lat="54.382968" lon="18.794127"><time>2026-05-23T10:01:36.000Z</time></trkpt>
<trkpt lat="54.382938" lon="18.794107"><time>2026-05-23T10:01:38.000Z</time></trkpt>
<trkpt lat="54.382903" lon="18.794091"><time>2026-05-23T10:01:40.000Z</time></trkpt>
<trkpt lat="54.382884" lon="18.794070"><time>2026-05-23T10:01:42.000Z</time></trkpt>
<trkpt lat="54.382861" lon="18.794047"><time>2026-05-23T10:01:44.000Z</time></trkpt>
<trkpt lat="54.382832" lon="18.794024"><time>2026-05-23T10:01:46.000Z</time></trkpt>
<trkpt lat="54.382808" lon="18.794006"><time>2026-05-23T10:01:48.000Z</time></trkpt>
<trkpt lat="54.382779" lon="18.793982"><time>2026-05-23T10:01:50.000Z</time></trkpt>
<trkpt lat="54.382750" lon="18.793961"><time>2026-05-23T10:01:52.000Z</time></trkpt>
<trkpt lat="54.382728" lon="18.793940"><time>2026-05-23T10:01:54.000Z</time></trkpt>
<trkpt lat="54.382706" lon="18.793917"><time>2026-05-23T10:01:56.000Z</time></trkpt>
<trkpt lat="54.382694" lon="18.793905"><time>2026-05-23T10:01:58.000Z</time></trkpt>
<trkpt lat="54.382673" lon="18.793884"><time>2026-05-23T10:02:00.000Z</time></trkpt>
<trkpt lat="54.382648" lon="18.793866"><time>2026-05-23T10:02:02.000Z</time></trkpt>
<trkpt lat="54.382622" lon="18.793838"><time>2026-05-23T10:02:04.000Z</time></trkpt>
<trkpt lat="54.382596" lon="18.793817"><time>2026-05-23T10:02:06.000Z</time></trkpt>
<trkpt lat="54.382560" lon="18.793796"><time>2026-05-23T10:02:08.900Z</time></trkpt>
<trkpt lat="54.382537" lon="18.793785"><time>2026-05-23T10:02:10.900Z</time></trkpt>
<trkpt lat="54.382516" lon="18.793788"><time>2026-05-23T10:02:12.900Z</time></trkpt>
<trkpt lat="54.382491" lon="18.793793"><time>2026-05-23T10:02:14.900Z</time></trkpt>
<trkpt lat="54.382470" lon="18.793777"><time>2026-05-23T10:02:16.900Z</time></trkpt>
<trkpt lat="54.382446" lon="18.793766"><time>2026-05-23T10:02:18.900Z</time></trkpt>
<trkpt lat="54.382425" lon="18.793749"><time>2026-05-23T10:02:20.900Z</time></trkpt>
<trkpt lat="54.382416" lon="18.793750"><time>2026-05-23T10:02:22.900Z</time></trkpt>
<trkpt lat="54.382387" lon="18.793749"><time>2026-05-23T10:02:24.900Z</time></trkpt>
<trkpt lat="54.382357" lon="18.793727"><time>2026-05-23T10:02:26.900Z</time></trkpt>
<trkpt lat="54.382332" lon="18.793704"><time>2026-05-23T10:02:28.900Z</time></trkpt>
<trkpt lat="54.382313" lon="18.793683"><time>2026-05-23T10:02:30.900Z</time></trkpt>
<trkpt lat="54.382287" lon="18.793667"><time>2026-05-23T10:02:32.900Z</time></trkpt>
<trkpt lat="54.382262" lon="18.793662"><time>2026-05-23T10:02:34.900Z</time></trkpt>
<trkpt lat="54.382236" lon="18.793652"><time>2026-05-23T10:02:36.900Z</time></trkpt>
<trkpt lat="54.382212" lon="18.793645"><time>2026-05-23T10:02:38.900Z</time></trkpt>
<trkpt lat="54.382183" lon="18.793642"><time>2026-05-23T10:02:40.900Z</time></trkpt>
<trkpt lat="54.382149" lon="18.793654"><time>2026-05-23T10:02:42.900Z</time></trkpt>
<trkpt lat="54.382113" lon="18.793681"><time>2026-05-23T10:02:44.900Z</time></trkpt>
<trkpt lat="54.382082" lon="18.793704"><time>2026-05-23T10:02:46.900Z</time></trkpt>
<trkpt lat="54.382054" lon="18.793727"><time>2026-05-23T10:02:48.900Z</time></trkpt>
<trkpt lat="54.382033" lon="18.793753"><time>2026-05-23T10:02:50.900Z</time></trkpt>
<trkpt lat="54.382019" lon="18.793780"><time>2026-05-23T10:02:52.900Z</time></trkpt>
<trkpt lat="54.382009" lon="18.793799"><time>2026-05-23T10:02:54.900Z</time></trkpt>
<trkpt lat="54.382005" lon="18.793841"><time>2026-05-23T10:02:56.900Z</time></trkpt>
<trkpt lat="54.382015" lon="18.793928"><time>2026-05-23T10:02:58.900Z</time></trkpt>
<trkpt lat="54.382002" lon="18.793960"><time>2026-05-23T10:03:00.900Z</time></trkpt>
<trkpt lat="54.381984" lon="18.793985"><time>2026-05-23T10:03:02.900Z</time></trkpt>
<trkpt lat="54.381968" lon="18.794013"><time>2026-05-23T10:03:04.900Z</time></trkpt>
<trkpt lat="54.381953" lon="18.794040"><time>2026-05-23T10:03:06.900Z</time></trkpt>
<trkpt lat="54.381938" lon="18.794067"><time>2026-05-23T10:03:08.900Z</time></trkpt>
<trkpt lat="54.381923" lon="18.794096"><time>2026-05-23T10:03:10.900Z</time></trkpt>
<trkpt lat="54.381906" lon="18.794134"><time>2026-05-23T10:03:12.900Z</time></trkpt>
<trkpt lat="54.381888" lon="18.794174"><time>2026-05-23T10:03:14.900Z</time></trkpt>
<trkpt lat="54.381879" lon="18.794221"><time>2026-05-23T10:03:16.900Z</time></trkpt>
<trkpt lat="54.381873" lon="18.794249"><time>2026-05-23T10:03:18.900Z</time></trkpt>
<trkpt lat="54.381864" lon="18.794291"><time>2026-05-23T10:03:20.900Z</time></trkpt>
<trkpt lat="54.381854" lon="18.794344"><time>2026-05-23T10:03:22.900Z</time></trkpt>
<trkpt lat="54.381853" lon="18.794363"><time>2026-05-23T10:03:24.000Z</time></trkpt>
<trkpt lat="54.381855" lon="18.794395"><time>2026-05-23T10:03:26.000Z</time></trkpt>
<trkpt lat="54.381851" lon="18.794453"><time>2026-05-23T10:03:28.000Z</time></trkpt>
<trkpt lat="54.381844" lon="18.794497"><time>2026-05-23T10:03:30.000Z</time></trkpt>
<trkpt lat="54.381839" lon="18.794533"><time>2026-05-23T10:03:32.000Z</time></trkpt>
<trkpt lat="54.381832" lon="18.794582"><time>2026-05-23T10:03:34.000Z</time></trkpt>
<trkpt lat="54.381825" lon="18.794618"><time>2026-05-23T10:03:36.000Z</time></trkpt>
<trkpt lat="54.381819" lon="18.794659"><time>2026-05-23T10:03:38.000Z</time></trkpt>
<trkpt lat="54.381810" lon="18.794697"><time>2026-05-23T10:03:40.000Z</time></trkpt>
<trkpt lat="54.381805" lon="18.794742"><time>2026-05-23T10:03:42.000Z</time></trkpt>
<trkpt lat="54.381800" lon="18.794789"><time>2026-05-23T10:03:44.000Z</time></trkpt>
<trkpt lat="54.381799" lon="18.794842"><time>2026-05-23T10:03:46.000Z</time></trkpt>
<trkpt lat="54.381791" lon="18.794879"><time>2026-05-23T10:03:48.000Z</time></trkpt>
<trkpt lat="54.381785" lon="18.794922"><time>2026-05-23T10:03:50.000Z</time></trkpt>
<trkpt lat="54.381775" lon="18.794966"><time>2026-05-23T10:03:52.000Z</time></trkpt>
<trkpt lat="54.381763" lon="18.795018"><time>2026-05-23T10:03:54.000Z</time></trkpt>
<trkpt lat="54.381753" lon="18.795074"><time>2026-05-23T10:03:56.000Z</time></trkpt>
<trkpt lat="54.381741" lon="18.795121"><time>2026-05-23T10:03:58.000Z</time></trkpt>
<trkpt lat="54.381735" lon="18.795165"><time>2026-05-23T10:04:00.000Z</time></trkpt>
<trkpt lat="54.381728" lon="18.795216"><time>2026-05-23T10:04:02.000Z</time></trkpt>
<trkpt lat="54.381719" lon="18.795262"><time>2026-05-23T10:04:04.000Z</time></trkpt>
<trkpt lat="54.381711" lon="18.795306"><time>2026-05-23T10:04:06.000Z</time></trkpt>
<trkpt lat="54.381702" lon="18.795348"><time>2026-05-23T10:04:08.000Z</time></trkpt>
<trkpt lat="54.381693" lon="18.795392"><time>2026-05-23T10:04:10.000Z</time></trkpt>
<trkpt lat="54.381693" lon="18.795418"><time>2026-05-23T10:04:12.000Z</time></trkpt>
<trkpt lat="54.381692" lon="18.795458"><time>2026-05-23T10:04:14.000Z</time></trkpt>
<trkpt lat="54.381677" lon="18.795538"><time>2026-05-23T10:04:16.900Z</time></trkpt>
<trkpt lat="54.381663" lon="18.795580"><time>2026-05-23T10:04:18.900Z</time></trkpt>
<trkpt lat="54.381653" lon="18.795620"><time>2026-05-23T10:04:20.900Z</time></trkpt>
<trkpt lat="54.381639" lon="18.795665"><time>2026-05-23T10:04:22.900Z</time></trkpt>
<trkpt lat="54.381625" lon="18.795710"><time>2026-05-23T10:04:24.900Z</time></trkpt>
<trkpt lat="54.381610" lon="18.795755"><time>2026-05-23T10:04:26.900Z</time></trkpt>
<trkpt lat="54.381596" lon="18.795808"><time>2026-05-23T10:04:28.900Z</time></trkpt>
<trkpt lat="54.381584" lon="18.795858"><time>2026-05-23T10:04:30.900Z</time></trkpt>
<trkpt lat="54.381570" lon="18.795918"><time>2026-05-23T10:04:32.900Z</time></trkpt>
<trkpt lat="54.381557" lon="18.795975"><time>2026-05-23T10:04:34.900Z</time></trkpt>
<trkpt lat="54.381541" lon="18.796037"><time>2026-05-23T10:04:36.900Z</time></trkpt>
<trkpt lat="54.381526" lon="18.796088"><time>2026-05-23T10:04:38.900Z</time></trkpt>
<trkpt lat="54.381514" lon="18.796134"><time>2026-05-23T10:04:40.900Z</time></trkpt>
<trkpt lat="54.381496" lon="18.796185"><time>2026-05-23T10:04:42.900Z</time></trkpt>
<trkpt lat="54.381481" lon="18.796240"><time>2026-05-23T10:04:44.900Z</time></trkpt>
<trkpt lat="54.381467" lon="18.796294"><time>2026-05-23T10:04:46.900Z</time></trkpt>
<trkpt lat="54.381447" lon="18.796338"><time>2026-05-23T10:04:48.900Z</time></trkpt>
<trkpt lat="54.381430" lon="18.796384"><time>2026-05-23T10:04:50.900Z</time></trkpt>
<trkpt lat="54.381413" lon="18.796438"><time>2026-05-23T10:04:52.900Z</time></trkpt>
<trkpt lat="54.381396" lon="18.796488"><time>2026-05-23T10:04:54.900Z</time></trkpt>
<trkpt lat="54.381379" lon="18.796537"><time>2026-05-23T10:04:56.900Z</time></trkpt>
<trkpt lat="54.381363" lon="18.796593"><time>2026-05-23T10:04:58.900Z</time></trkpt>
<trkpt lat="54.381346" lon="18.796650"><time>2026-05-23T10:05:00.900Z</time></trkpt>
<trkpt lat="54.381338" lon="18.796708"><time>2026-05-23T10:05:02.900Z</time></trkpt>
<trkpt lat="54.381329" lon="18.796756"><time>2026-05-23T10:05:04.900Z</time></trkpt>
<trkpt lat="54.381316" lon="18.796802"><time>2026-05-23T10:05:06.900Z</time></trkpt>
<trkpt lat="54.381301" lon="18.796848"><time>2026-05-23T10:05:08.900Z</time></trkpt>
<trkpt lat="54.381288" lon="18.796901"><time>2026-05-23T10:05:10.900Z</time></trkpt>
<trkpt lat="54.381273" lon="18.796965"><time>2026-05-23T10:05:12.900Z</time></trkpt>
<trkpt lat="54.381260" lon="18.797031"><time>2026-05-23T10:05:14.900Z</time></trkpt>
<trkpt lat="54.381247" lon="18.797091"><time>2026-05-23T10:05:16.900Z</time></trkpt>
<trkpt lat="54.381234" lon="18.797135"><time>2026-05-23T10:05:18.900Z</time></trkpt>
<trkpt lat="54.381218" lon="18.797184"><time>2026-05-23T10:05:20.900Z</time></trkpt>
<trkpt lat="54.381207" lon="18.797241"><time>2026-05-23T10:05:22.900Z</time></trkpt>
<trkpt lat="54.381195" lon="18.797301"><time>2026-05-23T10:05:24.900Z</time></trkpt>
<trkpt lat="54.381182" lon="18.797354"><time>2026-05-23T10:05:26.900Z</time></trkpt>
<trkpt lat="54.381169" lon="18.797400"><time>2026-05-23T10:05:28.900Z</time></trkpt>
<trkpt lat="54.381164" lon="18.797417"><time>2026-05-23T10:05:30.000Z</time></trkpt>
<trkpt lat="54.381148" lon="18.797483"><time>2026-05-23T10:05:32.000Z</time></trkpt>
<trkpt lat="54.381133" lon="18.797536"><time>2026-05-23T10:05:34.000Z</time></trkpt>
<trkpt lat="54.381126" lon="18.797586"><time>2026-05-23T10:05:36.000Z</time></trkpt>
<trkpt lat="54.381109" lon="18.797633"><time>2026-05-23T10:05:38.000Z</time></trkpt>
<trkpt lat="54.381086" lon="18.797677"><time>2026-05-23T10:05:40.000Z</time></trkpt>
<trkpt lat="54.381071" lon="18.797722"><time>2026-05-23T10:05:42.000Z</time></trkpt>
<trkpt lat="54.381056" lon="18.797774"><time>2026-05-23T10:05:44.000Z</time></trkpt>
<trkpt lat="54.381041" lon="18.797827"><time>2026-05-23T10:05:46.000Z</time></trkpt>
<trkpt lat="54.381025" lon="18.797883"><time>2026-05-23T10:05:48.000Z</time></trkpt>
<trkpt lat="54.381006" lon="18.797970"><time>2026-05-23T10:05:50.000Z</time></trkpt>
<trkpt lat="54.380986" lon="18.798002"><time>2026-05-23T10:05:52.000Z</time></trkpt>
<trkpt lat="54.380976" lon="18.798024"><time>2026-05-23T10:05:54.000Z</time></trkpt>
<trkpt lat="54.380969" lon="18.798059"><time>2026-05-23T10:05:56.000Z</time></trkpt>
<trkpt lat="54.380954" lon="18.798119"><time>2026-05-23T10:05:58.000Z</time></trkpt>
<trkpt lat="54.380934" lon="18.798180"><time>2026-05-23T10:06:00.000Z</time></trkpt>
<trkpt lat="54.380916" lon="18.798235"><time>2026-05-23T10:06:02.000Z</time></trkpt>
<trkpt lat="54.380900" lon="18.798289"><time>2026-05-23T10:06:04.000Z</time></trkpt>
<trkpt lat="54.380885" lon="18.798340"><time>2026-05-23T10:06:06.000Z</time></trkpt>
<trkpt lat="54.380869" lon="18.798397"><time>2026-05-23T10:06:08.000Z</time></trkpt>
<trkpt lat="54.380853" lon="18.798449"><time>2026-05-23T10:06:10.000Z</time></trkpt>
<trkpt lat="54.380838" lon="18.798506"><time>2026-05-23T10:06:12.000Z</time></trkpt>
<trkpt lat="54.380823" lon="18.798559"><time>2026-05-23T10:06:14.000Z</time></trkpt>
<trkpt lat="54.380808" lon="18.798614"><time>2026-05-23T10:06:16.000Z</time></trkpt>
<trkpt lat="54.380792" lon="18.798667"><time>2026-05-23T10:06:18.000Z</time></trkpt>
<trkpt lat="54.380776" lon="18.798721"><time>2026-05-23T10:06:20.000Z</time></trkpt>
<trkpt lat="54.380761" lon="18.798771"><time>2026-05-23T10:06:22.000Z</time></trkpt>
<trkpt lat="54.380732" lon="18.798853"><time>2026-05-23T10:06:24.900Z</time></trkpt>
<trkpt lat="54.380715" lon="18.798906"><time>2026-05-23T10:06:26.900Z</time></trkpt>
<trkpt lat="54.380696" lon="18.798968"><time>2026-05-23T10:06:28.900Z</time></trkpt>
<trkpt lat="54.380679" lon="18.799023"><time>2026-05-23T10:06:30.900Z</time></trkpt>
<trkpt lat="54.380661" lon="18.799073"><time>2026-05-23T10:06:32.900Z</time></trkpt>
<trkpt lat="54.380641" lon="18.799126"><time>2026-05-23T10:06:34.900Z</time></trkpt>
<trkpt lat="54.380620" lon="18.799179"><time>2026-05-23T10:06:36.900Z</time></trkpt>
<trkpt lat="54.380600" lon="18.799235"><time>2026-05-23T10:06:38.900Z</time></trkpt>
<trkpt lat="54.380581" lon="18.799292"><time>2026-05-23T10:06:40.900Z</time></trkpt>
<trkpt lat="54.380558" lon="18.799349"><time>2026-05-23T10:06:42.900Z</time></trkpt>
<trkpt lat="54.380538" lon="18.799404"><time>2026-05-23T10:06:44.900Z</time></trkpt>
<trkpt lat="54.380519" lon="18.799458"><time>2026-05-23T10:06:46.900Z</time></trkpt>
<trkpt lat="54.380500" lon="18.799513"><time>2026-05-23T10:06:48.900Z</time></trkpt>
<trkpt lat="54.380483" lon="18.799565"><time>2026-05-23T10:06:50.900Z</time></trkpt>
<trkpt lat="54.380464" lon="18.799618"><time>2026-05-23T10:06:52.900Z</time></trkpt>
<trkpt lat="54.380445" lon="18.799673"><time>2026-05-23T10:06:54.900Z</time></trkpt>
<trkpt lat="54.380426" lon="18.799728"><time>2026-05-23T10:06:56.900Z</time></trkpt>
<trkpt lat="54.380408" lon="18.799782"><time>2026-05-23T10:06:58.900Z</time></trkpt>
<trkpt lat="54.380389" lon="18.799836"><time>2026-05-23T10:07:00.900Z</time></trkpt>
<trkpt lat="54.380371" lon="18.799890"><time>2026-05-23T10:07:02.900Z</time></trkpt>
<trkpt lat="54.380353" lon="18.799944"><time>2026-05-23T10:07:04.900Z</time></trkpt>
<trkpt lat="54.380335" lon="18.799999"><time>2026-05-23T10:07:06.900Z</time></trkpt>
<trkpt lat="54.380318" lon="18.800054"><time>2026-05-23T10:07:08.900Z</time></trkpt>
<trkpt lat="54.380300" lon="18.800113"><time>2026-05-23T10:07:10.900Z</time></trkpt>
<trkpt lat="54.380282" lon="18.800169"><time>2026-05-23T10:07:12.900Z</time></trkpt>
<trkpt lat="54.380265" lon="18.800226"><time>2026-05-23T10:07:14.900Z</time></trkpt>
<trkpt lat="54.380246" lon="18.800281"><time>2026-05-23T10:07:16.900Z</time></trkpt>
<trkpt lat="54.380227" lon="18.800338"><time>2026-05-23T10:07:18.900Z</time></trkpt>
<trkpt lat="54.380206" lon="18.800394"><time>2026-05-23T10:07:20.900Z</time></trkpt>
<trkpt lat="54.380186" lon="18.800448"><time>2026-05-23T10:07:22.900Z</time></trkpt>
<trkpt lat="54.380167" lon="18.800504"><time>2026-05-23T10:07:24.900Z</time></trkpt>
<trkpt lat="54.380147" lon="18.800560"><time>2026-05-23T10:07:26.900Z</time></trkpt>
<trkpt lat="54.380128" lon="18.800618"><time>2026-05-23T10:07:28.900Z</time></trkpt>
<trkpt lat="54.380107" lon="18.800674"><time>2026-05-23T10:07:30.900Z</time></trkpt>
<trkpt lat="54.380087" lon="18.800733"><time>2026-05-23T10:07:32.900Z</time></trkpt>
<trkpt lat="54.380067" lon="18.800789"><time>2026-05-23T10:07:34.900Z</time></trkpt>
<trkpt lat="54.380056" lon="18.800817"><time>2026-05-23T10:07:36.000Z</time></trkpt>
<trkpt lat="54.380036" lon="18.800875"><time>2026-05-23T10:07:38.000Z</time></trkpt>
<trkpt lat="54.380017" lon="18.800934"><time>2026-05-23T10:07:40.000Z</time></trkpt>
<trkpt lat="54.379999" lon="18.800997"><time>2026-05-23T10:07:42.000Z</time></trkpt>
<trkpt lat="54.379984" lon="18.801052"><time>2026-05-23T10:07:44.000Z</time></trkpt>
<trkpt lat="54.379968" lon="18.801104"><time>2026-05-23T10:07:46.000Z</time></trkpt>
<trkpt lat="54.379950" lon="18.801158"><time>2026-05-23T10:07:48.000Z</time></trkpt>
<trkpt lat="54.379932" lon="18.801216"><time>2026-05-23T10:07:50.000Z</time></trkpt>
<trkpt lat="54.379910" lon="18.801274"><time>2026-05-23T10:07:52.000Z</time></trkpt>
<trkpt lat="54.379891" lon="18.801333"><time>2026-05-23T10:07:54.000Z</time></trkpt>
<trkpt lat="54.379869" lon="18.801390"><time>2026-05-23T10:07:56.000Z</time></trkpt>
<trkpt lat="54.379848" lon="18.801447"><time>2026-05-23T10:07:58.000Z</time></trkpt>
<trkpt lat="54.379825" lon="18.801506"><time>2026-05-23T10:08:00.000Z</time></trkpt>
<trkpt lat="54.379803" lon="18.801564"><time>2026-05-23T10:08:02.000Z</time></trkpt>
<trkpt lat="54.379783" lon="18.801622"><time>2026-05-23T10:08:04.000Z</time></trkpt>
<trkpt lat="54.379762" lon="18.801680"><time>2026-05-23T10:08:06.000Z</time></trkpt>
<trkpt lat="54.379742" lon="18.801738"><time>2026-05-23T10:08:08.000Z</time></trkpt>
<trkpt lat="54.379721" lon="18.801797"><time>2026-05-23T10:08:10.000Z</time></trkpt>
<trkpt lat="54.379701" lon="18.801857"><time>2026-05-23T10:08:12.000Z</time></trkpt>
<trkpt lat="54.379681" lon="18.801916"><time>2026-05-23T10:08:14.000Z</time></trkpt>
<trkpt lat="54.379661" lon="18.801976"><time>2026-05-23T10:08:16.000Z</time></trkpt>
<trkpt lat="54.379642" lon="18.802036"><time>2026-05-23T10:08:18.000Z</time></trkpt>
<trkpt lat="54.379621" lon="18.802096"><time>2026-05-23T10:08:20.000Z</time></trkpt>
<trkpt lat="54.379600" lon="18.802154"><time>2026-05-23T10:08:22.000Z</time></trkpt>
<trkpt lat="54.379579" lon="18.802211"><time>2026-05-23T10:08:24.000Z</time></trkpt>
<trkpt lat="54.379560" lon="18.802269"><time>2026-05-23T10:08:26.000Z</time></trkpt>
<trkpt lat="54.379539" lon="18.802327"><time>2026-05-23T10:08:28.000Z</time></trkpt>
<trkpt lat="54.379518" lon="18.802383"><time>2026-05-23T10:08:30.000Z</time></trkpt>
<trkpt lat="54.379500" lon="18.802442"><time>2026-05-23T10:08:32.000Z</time></trkpt>
<trkpt lat="54.379461" lon="18.802535"><time>2026-05-23T10:08:34.900Z</time></trkpt>
<trkpt lat="54.379438" lon="18.802596"><time>2026-05-23T10:08:36.900Z</time></trkpt>
<trkpt lat="54.379413" lon="18.802661"><time>2026-05-23T10:08:38.900Z</time></trkpt>
<trkpt lat="54.379403" lon="18.802721"><time>2026-05-23T10:08:40.900Z</time></trkpt>
<trkpt lat="54.379410" lon="18.802774"><time>2026-05-23T10:08:42.900Z</time></trkpt>
<trkpt lat="54.379420" lon="18.802840"><time>2026-05-23T10:08:44.900Z</time></trkpt>
<trkpt lat="54.379434" lon="18.802877"><time>2026-05-23T10:08:46.900Z</time></trkpt>
<trkpt lat="54.379451" lon="18.802898"><time>2026-05-23T10:08:48.900Z</time></trkpt>
<trkpt lat="54.379472" lon="18.802913"><time>2026-05-23T10:08:50.900Z</time></trkpt>
<trkpt lat="54.379496" lon="18.802931"><time>2026-05-23T10:08:52.900Z</time></trkpt>
<trkpt lat="54.379523" lon="18.802951"><time>2026-05-23T10:08:54.900Z</time></trkpt>
<trkpt lat="54.379548" lon="18.802984"><time>2026-05-23T10:08:56.900Z</time></trkpt>
<trkpt lat="54.379568" lon="18.803005"><time>2026-05-23T10:08:58.900Z</time></trkpt>
<trkpt lat="54.379592" lon="18.803032"><time>2026-05-23T10:09:00.900Z</time></trkpt>
<trkpt lat="54.379617" lon="18.803063"><time>2026-05-23T10:09:02.900Z</time></trkpt>
<trkpt lat="54.379641" lon="18.803085"><time>2026-05-23T10:09:04.900Z</time></trkpt>
<trkpt lat="54.379657" lon="18.803101"><time>2026-05-23T10:09:06.900Z</time></trkpt>
<trkpt lat="54.379672" lon="18.803117"><time>2026-05-23T10:09:08.900Z</time></trkpt>
<trkpt lat="54.379686" lon="18.803126"><time>2026-05-23T10:09:10.900Z</time></trkpt>
<trkpt lat="54.379703" lon="18.803135"><time>2026-05-23T10:09:12.900Z</time></trkpt>
<trkpt lat="54.379725" lon="18.803147"><time>2026-05-23T10:09:14.900Z</time></trkpt>
<trkpt lat="54.379744" lon="18.803166"><time>2026-05-23T10:09:16.900Z</time></trkpt>
<trkpt lat="54.379764" lon="18.803181"><time>2026-05-23T10:09:18.900Z</time></trkpt>
<trkpt lat="54.379785" lon="18.803194"><time>2026-05-23T10:09:20.900Z</time></trkpt>
<trkpt lat="54.379809" lon="18.803206"><time>2026-05-23T10:09:22.900Z</time></trkpt>
<trkpt lat="54.379834" lon="18.803213"><time>2026-05-23T10:09:24.900Z</time></trkpt>
<trkpt lat="54.379859" lon="18.803225"><time>2026-05-23T10:09:26.900Z</time></trkpt>
<trkpt lat="54.379883" lon="18.803241"><time>2026-05-23T10:09:28.900Z</time></trkpt>
<trkpt lat="54.379908" lon="18.803257"><time>2026-05-23T10:09:30.900Z</time></trkpt>
<trkpt lat="54.379933" lon="18.803276"><time>2026-05-23T10:09:32.900Z</time></trkpt>
<trkpt lat="54.379947" lon="18.803281"><time>2026-05-23T10:09:34.900Z</time></trkpt>
<trkpt lat="54.379969" lon="18.803299"><time>2026-05-23T10:09:36.900Z</time></trkpt>
<trkpt lat="54.379983" lon="18.803315"><time>2026-05-23T10:09:38.900Z</time></trkpt>
<trkpt lat="54.380008" lon="18.803324"><time>2026-05-23T10:09:40.900Z</time></trkpt>
<trkpt lat="54.380024" lon="18.803326"><time>2026-05-23T10:09:42.000Z</time></trkpt>
<trkpt lat="54.380054" lon="18.803337"><time>2026-05-23T10:09:44.000Z</time></trkpt>
<trkpt lat="54.380076" lon="18.803347"><time>2026-05-23T10:09:46.000Z</time></trkpt>
<trkpt lat="54.380104" lon="18.803359"><time>2026-05-23T10:09:48.000Z</time></trkpt>
<trkpt lat="54.380135" lon="18.803372"><time>2026-05-23T10:09:50.000Z</time></trkpt>
<trkpt lat="54.380171" lon="18.803389"><time>2026-05-23T10:09:52.000Z</time></trkpt>
<trkpt lat="54.380196" lon="18.803400"><time>2026-05-23T10:09:54.000Z</time></trkpt>
<trkpt lat="54.380214" lon="18.803412"><time>2026-05-23T10:09:56.000Z</time></trkpt>
<trkpt lat="54.380251" lon="18.803437"><time>2026-05-23T10:09:58.000Z</time></trkpt>
<trkpt lat="54.380287" lon="18.803460"><time>2026-05-23T10:10:00.000Z</time></trkpt>
<trkpt lat="54.380316" lon="18.803473"><time>2026-05-23T10:10:02.000Z</time></trkpt>
<trkpt lat="54.380350" lon="18.803490"><time>2026-05-23T10:10:04.000Z</time></trkpt>
<trkpt lat="54.380386" lon="18.803502"><time>2026-05-23T10:10:06.000Z</time></trkpt>
<trkpt lat="54.380415" lon="18.803517"><time>2026-05-23T10:10:08.000Z</time></trkpt>
<trkpt lat="54.380452" lon="18.803532"><time>2026-05-23T10:10:10.000Z</time></trkpt>
<trkpt lat="54.380482" lon="18.803543"><time>2026-05-23T10:10:12.000Z</time></trkpt>
<trkpt lat="54.380500" lon="18.803549"><time>2026-05-23T10:10:14.000Z</time></trkpt>
<trkpt lat="54.380520" lon="18.803561"><time>2026-05-23T10:10:16.000Z</time></trkpt>
<trkpt lat="54.380561" lon="18.803584"><time>2026-05-23T10:10:18.900Z</time></trkpt>
<trkpt lat="54.380591" lon="18.803602"><time>2026-05-23T10:10:20.900Z</time></trkpt>
<trkpt lat="54.380624" lon="18.803616"><time>2026-05-23T10:10:22.900Z</time></trkpt>
<trkpt lat="54.380658" lon="18.803628"><time>2026-05-23T10:10:24.900Z</time></trkpt>
<trkpt lat="54.380689" lon="18.803642"><time>2026-05-23T10:10:26.900Z</time></trkpt>
<trkpt lat="54.380721" lon="18.803647"><time>2026-05-23T10:10:28.900Z</time></trkpt>
<trkpt lat="54.380752" lon="18.803655"><time>2026-05-23T10:10:30.900Z</time></trkpt>
<trkpt lat="54.380784" lon="18.803666"><time>2026-05-23T10:10:32.900Z</time></trkpt>
<trkpt lat="54.380816" lon="18.803679"><time>2026-05-23T10:10:34.900Z</time></trkpt>
<trkpt lat="54.380848" lon="18.803693"><time>2026-05-23T10:10:36.900Z</time></trkpt>
<trkpt lat="54.380880" lon="18.803706"><time>2026-05-23T10:10:38.900Z</time></trkpt>
<trkpt lat="54.380910" lon="18.803715"><time>2026-05-23T10:10:40.900Z</time></trkpt>
<trkpt lat="54.380946" lon="18.803736"><time>2026-05-23T10:10:42.900Z</time></trkpt>
<trkpt lat="54.380981" lon="18.803759"><time>2026-05-23T10:10:44.900Z</time></trkpt>
<trkpt lat="54.381011" lon="18.803774"><time>2026-05-23T10:10:46.900Z</time></trkpt>
<trkpt lat="54.381046" lon="18.803791"><time>2026-05-23T10:10:48.900Z</time></trkpt>
<trkpt lat="54.381091" lon="18.803821"><time>2026-05-23T10:10:50.900Z</time></trkpt>
<trkpt lat="54.381133" lon="18.803842"><time>2026-05-23T10:10:52.900Z</time></trkpt>
<trkpt lat="54.381182" lon="18.803857"><time>2026-05-23T10:10:54.900Z</time></trkpt>
<trkpt lat="54.381229" lon="18.803869"><time>2026-05-23T10:10:56.900Z</time></trkpt>
<trkpt lat="54.381262" lon="18.803877"><time>2026-05-23T10:10:58.900Z</time></trkpt>
<trkpt lat="54.381293" lon="18.803895"><time>2026-05-23T10:11:00.900Z</time></trkpt>
<trkpt lat="54.381318" lon="18.803910"><time>2026-05-23T10:11:02.900Z</time></trkpt>
<trkpt lat="54.381344" lon="18.803922"><time>2026-05-23T10:11:04.900Z</time></trkpt>
<trkpt lat="54.381374" lon="18.803935"><time>2026-05-23T10:11:06.900Z</time></trkpt>
<trkpt lat="54.381404" lon="18.803950"><time>2026-05-23T10:11:08.900Z</time></trkpt>
<trkpt lat="54.381433" lon="18.803968"><time>2026-05-23T10:11:10.900Z</time></trkpt>
<trkpt lat="54.381456" lon="18.803981"><time>2026-05-23T10:11:12.900Z</time></trkpt>
<trkpt lat="54.381478" lon="18.804001"><time>2026-05-23T10:11:14.900Z</time></trkpt>
<trkpt lat="54.381503" lon="18.804025"><time>2026-05-23T10:11:16.900Z</time></trkpt>
<trkpt lat="54.381533" lon="18.804042"><time>2026-05-23T10:11:18.900Z</time></trkpt>
<trkpt lat="54.381562" lon="18.804054"><time>2026-05-23T10:11:20.900Z</time></trkpt>
<trkpt lat="54.381591" lon="18.804069"><time>2026-05-23T10:11:22.900Z</time></trkpt>
<trkpt lat="54.381618" lon="18.804085"><time>2026-05-23T10:11:24.900Z</time></trkpt>
<trkpt lat="54.381642" lon="18.804100"><time>2026-05-23T10:11:26.900Z</time></trkpt>
<trkpt lat="54.381676" lon="18.804116"><time>2026-05-23T10:11:28.900Z</time></trkpt>
<trkpt lat="54.381706" lon="18.804131"><time>2026-05-23T10:11:30.900Z</time></trkpt>
<trkpt lat="54.381737" lon="18.804152"><time>2026-05-23T10:11:32.900Z</time></trkpt>
<trkpt lat="54.381765" lon="18.804157"><time>2026-05-23T10:11:34.900Z</time></trkpt>
<trkpt lat="54.381795" lon="18.804163"><time>2026-05-23T10:11:36.900Z</time></trkpt>
<trkpt lat="54.381820" lon="18.804167"><time>2026-05-23T10:11:38.900Z</time></trkpt>
<trkpt lat="54.381849" lon="18.804181"><time>2026-05-23T10:11:40.900Z</time></trkpt>
<trkpt lat="54.381875" lon="18.804197"><time>2026-05-23T10:11:42.900Z</time></trkpt>
<trkpt lat="54.381903" lon="18.804218"><time>2026-05-23T10:11:44.900Z</time></trkpt>
<trkpt lat="54.381937" lon="18.804232"><time>2026-05-23T10:11:46.900Z</time></trkpt>
<trkpt lat="54.381953" lon="18.804229"><time>2026-05-23T10:11:48.000Z</time></trkpt>
<trkpt lat="54.382005" lon="18.804237"><time>2026-05-23T10:11:50.000Z</time></trkpt>
<trkpt lat="54.382059" lon="18.804239"><time>2026-05-23T10:11:52.000Z</time></trkpt>
<trkpt lat="54.382098" lon="18.804241"><time>2026-05-23T10:11:54.000Z</time></trkpt>
<trkpt lat="54.382132" lon="18.804249"><time>2026-05-23T10:11:56.000Z</time></trkpt>
<trkpt lat="54.382166" lon="18.804264"><time>2026-05-23T10:11:58.000Z</time></trkpt>
<trkpt lat="54.382198" lon="18.804276"><time>2026-05-23T10:12:00.000Z</time></trkpt>
<trkpt lat="54.382224" lon="18.804301"><time>2026-05-23T10:12:02.000Z</time></trkpt>
<trkpt lat="54.382247" lon="18.804327"><time>2026-05-23T10:12:04.000Z</time></trkpt>
<trkpt lat="54.382283" lon="18.804357"><time>2026-05-23T10:12:06.000Z</time></trkpt>
<trkpt lat="54.382320" lon="18.804386"><time>2026-05-23T10:12:08.000Z</time></trkpt>
<trkpt lat="54.382356" lon="18.804409"><time>2026-05-23T10:12:10.000Z</time></trkpt>
<trkpt lat="54.382393" lon="18.804418"><time>2026-05-23T10:12:12.000Z</time></trkpt>
<trkpt lat="54.382436" lon="18.804423"><time>2026-05-23T10:12:14.000Z</time></trkpt>
<trkpt lat="54.382478" lon="18.804440"><time>2026-05-23T10:12:16.000Z</time></trkpt>
<trkpt lat="54.382514" lon="18.804439"><time>2026-05-23T10:12:18.000Z</time></trkpt>
<trkpt lat="54.382548" lon="18.804442"><time>2026-05-23T10:12:20.000Z</time></trkpt>
<trkpt lat="54.382585" lon="18.804449"><time>2026-05-23T10:12:22.000Z</time></trkpt>
<trkpt lat="54.382599" lon="18.804453"><time>2026-05-23T10:12:24.000Z</time></trkpt>
<trkpt lat="54.382616" lon="18.804458"><time>2026-05-23T10:12:26.000Z</time></trkpt>
<trkpt lat="54.382647" lon="18.804458"><time>2026-05-23T10:12:28.000Z</time></trkpt>
<trkpt lat="54.382685" lon="18.804467"><time>2026-05-23T10:12:30.000Z</time></trkpt>
<trkpt lat="54.382725" lon="18.804479"><time>2026-05-23T10:12:32.000Z</time></trkpt>
<trkpt lat="54.382765" lon="18.804493"><time>2026-05-23T10:12:34.000Z</time></trkpt>
<trkpt lat="54.382797" lon="18.804512"><time>2026-05-23T10:12:36.000Z</time></trkpt>
<trkpt lat="54.382825" lon="18.804530"><time>2026-05-23T10:12:38.000Z</time></trkpt>
<trkpt lat="54.382871" lon="18.804554"><time>2026-05-23T10:12:40.900Z</time></trkpt>
<trkpt lat="54.382916" lon="18.804558"><time>2026-05-23T10:12:42.900Z</time></trkpt>
<trkpt lat="54.382961" lon="18.804562"><time>2026-05-23T10:12:44.900Z</time></trkpt>
<trkpt lat="54.383005" lon="18.804563"><time>2026-05-23T10:12:46.900Z</time></trkpt>
<trkpt lat="54.383048" lon="18.804573"><time>2026-05-23T10:12:48.900Z</time></trkpt>
<trkpt lat="54.383092" lon="18.804589"><time>2026-05-23T10:12:50.900Z</time></trkpt>
<trkpt lat="54.383132" lon="18.804614"><time>2026-05-23T10:12:52.900Z</time></trkpt>
<trkpt lat="54.383160" lon="18.804635"><time>2026-05-23T10:12:54.900Z</time></trkpt>
<trkpt lat="54.383193" lon="18.804650"><time>2026-05-23T10:12:56.900Z</time></trkpt>
<trkpt lat="54.383223" lon="18.804675"><time>2026-05-23T10:12:58.900Z</time></trkpt>
<trkpt lat="54.383253" lon="18.804699"><time>2026-05-23T10:13:00.900Z</time></trkpt>
<trkpt lat="54.383280" lon="18.804711"><time>2026-05-23T10:13:02.900Z</time></trkpt>
<trkpt lat="54.383289" lon="18.804730"><time>2026-05-23T10:13:04.900Z</time></trkpt>
<trkpt lat="54.383307" lon="18.804737"><time>2026-05-23T10:13:06.900Z</time></trkpt>
<trkpt lat="54.383324" lon="18.804740"><time>2026-05-23T10:13:08.900Z</time></trkpt>
<trkpt lat="54.383347" lon="18.804741"><time>2026-05-23T10:13:10.900Z</time></trkpt>
<trkpt lat="54.383380" lon="18.804747"><time>2026-05-23T10:13:12.900Z</time></trkpt>
<trkpt lat="54.383417" lon="18.804764"><time>2026-05-23T10:13:14.900Z</time></trkpt>
<trkpt lat="54.383455" lon="18.804788"><time>2026-05-23T10:13:16.900Z</time></trkpt>
<trkpt lat="54.383496" lon="18.804796"><time>2026-05-23T10:13:18.900Z</time></trkpt>
<trkpt lat="54.383550" lon="18.804795"><time>2026-05-23T10:13:20.900Z</time></trkpt>
<trkpt lat="54.383601" lon="18.804800"><time>2026-05-23T10:13:22.900Z</time></trkpt>
<trkpt lat="54.383642" lon="18.804801"><time>2026-05-23T10:13:24.900Z</time></trkpt>
<trkpt lat="54.383677" lon="18.804814"><time>2026-05-23T10:13:26.900Z</time></trkpt>
<trkpt lat="54.383715" lon="18.804813"><time>2026-05-23T10:13:28.900Z</time></trkpt>
<trkpt lat="54.383752" lon="18.804819"><time>2026-05-23T10:13:30.900Z</time></trkpt>
<trkpt lat="54.383783" lon="18.804835"><time>2026-05-23T10:13:32.900Z</time></trkpt>
<trkpt lat="54.383823" lon="18.804850"><time>2026-05-23T10:13:34.900Z</time></trkpt>
<trkpt lat="54.383870" lon="18.804863"><time>2026-05-23T10:13:36.900Z</time></trkpt>
<trkpt lat="54.383906" lon="18.804871"><time>2026-05-23T10:13:38.900Z</time></trkpt>
<trkpt lat="54.383936" lon="18.804881"><time>2026-05-23T10:13:40.900Z</time></trkpt>
<trkpt lat="54.383971" lon="18.804896"><time>2026-05-23T10:13:42.900Z</time></trkpt>
<trkpt lat="54.384002" lon="18.804909"><time>2026-05-23T10:13:44.900Z</time></trkpt>
<trkpt lat="54.384055" lon="18.804927"><time>2026-05-23T10:13:46.900Z</time></trkpt>
<trkpt lat="54.384104" lon="18.804955"><time>2026-05-23T10:13:48.900Z</time></trkpt>
<trkpt lat="54.384122" lon="18.804957"><time>2026-05-23T10:13:50.900Z</time></trkpt>
<trkpt lat="54.384147" lon="18.804960"><time>2026-05-23T10:13:53.000Z</time></trkpt>
<trkpt lat="54.384164" lon="18.804967"><time>2026-05-23T10:13:54.000Z</time></trkpt>
<trkpt lat="54.384199" lon="18.804984"><time>2026-05-23T10:13:56.000Z</time></trkpt>
<trkpt lat="54.384241" lon="18.805005"><time>2026-05-23T10:13:58.000Z</time></trkpt>
<trkpt lat="54.384283" lon="18.805021"><time>2026-05-23T10:14:00.000Z</time></trkpt>
<trkpt lat="54.384329" lon="18.805045"><time>2026-05-23T10:14:02.000Z</time></trkpt>
<trkpt lat="54.384374" lon="18.805062"><time>2026-05-23T10:14:04.000Z</time></trkpt>
<trkpt lat="54.384419" lon="18.805081"><time>2026-05-23T10:14:06.000Z</time></trkpt>
<trkpt lat="54.384463" lon="18.805096"><time>2026-05-23T10:14:08.000Z</time></trkpt>
<trkpt lat="54.384509" lon="18.805111"><time>2026-05-23T10:14:10.000Z</time></trkpt>
<trkpt lat="54.384543" lon="18.805113"><time>2026-05-23T10:14:12.000Z</time></trkpt>
<trkpt lat="54.384575" lon="18.805117"><time>2026-05-23T10:14:14.000Z</time></trkpt>
<trkpt lat="54.384604" lon="18.805132"><time>2026-05-23T10:14:16.000Z</time></trkpt>
<trkpt lat="54.384644" lon="18.805156"><time>2026-05-23T10:14:18.000Z</time></trkpt>
<trkpt lat="54.384692" lon="18.805187"><time>2026-05-23T10:14:20.000Z</time></trkpt>
<trkpt lat="54.384739" lon="18.805232"><time>2026-05-23T10:14:22.000Z</time></trkpt>
<trkpt lat="54.384783" lon="18.805276"><time>2026-05-23T10:14:24.000Z</time></trkpt>
<trkpt lat="54.384827" lon="18.805315"><time>2026-05-23T10:14:26.000Z</time></trkpt>
<trkpt lat="54.384879" lon="18.805357"><time>2026-05-23T10:14:28.000Z</time></trkpt>
<trkpt lat="54.384936" lon="18.805410"><time>2026-05-23T10:14:30.000Z</time></trkpt>
<trkpt lat="54.384977" lon="18.805438"><time>2026-05-23T10:14:32.000Z</time></trkpt>
<trkpt lat="54.385017" lon="18.805457"><time>2026-05-23T10:14:34.000Z</time></trkpt>
<trkpt lat="54.385065" lon="18.805489"><time>2026-05-23T10:14:36.000Z</time></trkpt>
<trkpt lat="54.385118" lon="18.805526"><time>2026-05-23T10:14:38.000Z</time></trkpt>
<trkpt lat="54.385169" lon="18.805548"><time>2026-05-23T10:14:40.000Z</time></trkpt>
<trkpt lat="54.385244" lon="18.805567"><time>2026-05-23T10:14:43.000Z</time></trkpt>
<trkpt lat="54.385259" lon="18.805516"><time>2026-05-23T10:14:44.000Z</time></trkpt>
<trkpt lat="54.385322" lon="18.805500"><time>2026-05-23T10:14:46.000Z</time></trkpt>
<trkpt lat="54.385371" lon="18.805496"><time>2026-05-23T10:14:48.000Z</time></trkpt>
<trkpt lat="54.385404" lon="18.805489"><time>2026-05-23T10:14:50.000Z</time></trkpt>
<trkpt lat="54.385459" lon="18.805494"><time>2026-05-23T10:14:52.900Z</time></trkpt>
<trkpt lat="54.385502" lon="18.805500"><time>2026-05-23T10:14:54.900Z</time></trkpt>
<trkpt lat="54.385550" lon="18.805465"><time>2026-05-23T10:14:56.900Z</time></trkpt>
<trkpt lat="54.385553" lon="18.805211"><time>2026-05-23T10:14:58.900Z</time></trkpt>
<trkpt lat="54.385515" lon="18.805241"><time>2026-05-23T10:15:00.900Z</time></trkpt>
<trkpt lat="54.385540" lon="18.805254"><time>2026-05-23T10:15:02.900Z</time></trkpt>
<trkpt lat="54.385578" lon="18.805265"><time>2026-05-23T10:15:04.900Z</time></trkpt>
<trkpt lat="54.385616" lon="18.805275"><time>2026-05-23T10:15:06.900Z</time></trkpt>
<trkpt lat="54.385655" lon="18.805288"><time>2026-05-23T10:15:08.900Z</time></trkpt>
<trkpt lat="54.385674" lon="18.805332"><time>2026-05-23T10:15:10.900Z</time></trkpt>
<trkpt lat="54.385684" lon="18.805363"><time>2026-05-23T10:15:12.900Z</time></trkpt>
<trkpt lat="54.385715" lon="18.805369"><time>2026-05-23T10:15:14.900Z</time></trkpt>
<trkpt lat="54.385750" lon="18.805376"><time>2026-05-23T10:15:16.900Z</time></trkpt>
<trkpt lat="54.385789" lon="18.805379"><time>2026-05-23T10:15:18.900Z</time></trkpt>
<trkpt lat="54.385829" lon="18.805387"><time>2026-05-23T10:15:20.900Z</time></trkpt>
<trkpt lat="54.385868" lon="18.805398"><time>2026-05-23T10:15:22.900Z</time></trkpt>
<trkpt lat="54.385909" lon="18.805408"><time>2026-05-23T10:15:24.900Z</time></trkpt>
<trkpt lat="54.385945" lon="18.805416"><time>2026-05-23T10:15:26.900Z</time></trkpt>
<trkpt lat="54.385978" lon="18.805424"><time>2026-05-23T10:15:28.900Z</time></trkpt>
<trkpt lat="54.386016" lon="18.805433"><time>2026-05-23T10:15:30.900Z</time></trkpt>
<trkpt lat="54.386056" lon="18.805443"><time>2026-05-23T10:15:32.900Z</time></trkpt>
<trkpt lat="54.386096" lon="18.805458"><time>2026-05-23T10:15:34.900Z</time></trkpt>
<trkpt lat="54.386135" lon="18.805471"><time>2026-05-23T10:15:36.900Z</time></trkpt>
<trkpt lat="54.386174" lon="18.805484"><time>2026-05-23T10:15:38.900Z</time></trkpt>
<trkpt lat="54.386211" lon="18.805497"><time>2026-05-23T10:15:40.900Z</time></trkpt>
<trkpt lat="54.386246" lon="18.805510"><time>2026-05-23T10:15:42.900Z</time></trkpt>
<trkpt lat="54.386283" lon="18.805524"><time>2026-05-23T10:15:44.900Z</time></trkpt>
<trkpt lat="54.386320" lon="18.805538"><time>2026-05-23T10:15:46.900Z</time></trkpt>
<trkpt lat="54.386358" lon="18.805551"><time>2026-05-23T10:15:48.900Z</time></trkpt>
<trkpt lat="54.386395" lon="18.805566"><time>2026-05-23T10:15:50.900Z</time></trkpt>
<trkpt lat="54.386434" lon="18.805581"><time>2026-05-23T10:15:52.900Z</time></trkpt>
<trkpt lat="54.386473" lon="18.805595"><time>2026-05-23T10:15:54.900Z</time></trkpt>
<trkpt lat="54.386511" lon="18.805606"><time>2026-05-23T10:15:56.900Z</time></trkpt>
<trkpt lat="54.386547" lon="18.805616"><time>2026-05-23T10:15:59.000Z</time></trkpt>
<trkpt lat="54.386566" lon="18.805620"><time>2026-05-23T10:16:00.000Z</time></trkpt>
<trkpt lat="54.386604" lon="18.805628"><time>2026-05-23T10:16:02.000Z</time></trkpt>
<trkpt lat="54.386640" lon="18.805639"><time>2026-05-23T10:16:04.000Z</time></trkpt>
<trkpt lat="54.386676" lon="18.805652"><time>2026-05-23T10:16:06.000Z</time></trkpt>
<trkpt lat="54.386716" lon="18.805660"><time>2026-05-23T10:16:08.000Z</time></trkpt>
<trkpt lat="54.386756" lon="18.805670"><time>2026-05-23T10:16:10.000Z</time></trkpt>
<trkpt lat="54.386796" lon="18.805678"><time>2026-05-23T10:16:12.000Z</time></trkpt>
<trkpt lat="54.386835" lon="18.805685"><time>2026-05-23T10:16:14.000Z</time></trkpt>
<trkpt lat="54.386876" lon="18.805688"><time>2026-05-23T10:16:16.000Z</time></trkpt>
<trkpt lat="54.386916" lon="18.805696"><time>2026-05-23T10:16:18.000Z</time></trkpt>
<trkpt lat="54.386956" lon="18.805703"><time>2026-05-23T10:16:20.000Z</time></trkpt>
<trkpt lat="54.386997" lon="18.805709"><time>2026-05-23T10:16:22.000Z</time></trkpt>
<trkpt lat="54.387035" lon="18.805715"><time>2026-05-23T10:16:24.000Z</time></trkpt>
<trkpt lat="54.387077" lon="18.805718"><time>2026-05-23T10:16:26.000Z</time></trkpt>
<trkpt lat="54.387117" lon="18.805721"><time>2026-05-23T10:16:28.000Z</time></trkpt>
<trkpt lat="54.387157" lon="18.805725"><time>2026-05-23T10:16:30.000Z</time></trkpt>
<trkpt lat="54.387197" lon="18.805728"><time>2026-05-23T10:16:32.000Z</time></trkpt>
<trkpt lat="54.387238" lon="18.805735"><time>2026-05-23T10:16:34.000Z</time></trkpt>
<trkpt lat="54.387284" lon="18.805741"><time>2026-05-23T10:16:36.000Z</time></trkpt>
<trkpt lat="54.387321" lon="18.805755"><time>2026-05-23T10:16:38.000Z</time></trkpt>
<trkpt lat="54.387349" lon="18.805763"><time>2026-05-23T10:16:40.000Z</time></trkpt>
<trkpt lat="54.387391" lon="18.805775"><time>2026-05-23T10:16:42.000Z</time></trkpt>
<trkpt lat="54.387436" lon="18.805781"><time>2026-05-23T10:16:44.000Z</time></trkpt>
<trkpt lat="54.387486" lon="18.805799"><time>2026-05-23T10:16:46.000Z</time></trkpt>
<trkpt lat="54.387531" lon="18.805809"><time>2026-05-23T10:16:48.000Z</time></trkpt>
<trkpt lat="54.387573" lon="18.805819"><time>2026-05-23T10:16:50.000Z</time></trkpt>
<trkpt lat="54.387608" lon="18.805830"><time>2026-05-23T10:16:52.000Z</time></trkpt>
<trkpt lat="54.387647" lon="18.805836"><time>2026-05-23T10:16:54.000Z</time></trkpt>
<trkpt lat="54.387685" lon="18.805848"><time>2026-05-23T10:16:56.000Z</time></trkpt>
<trkpt lat="54.387739" lon="18.805863"><time>2026-05-23T10:16:58.900Z</time></trkpt>
<trkpt lat="54.387773" lon="18.805877"><time>2026-05-23T10:17:00.900Z</time></trkpt>
<trkpt lat="54.387811" lon="18.805885"><time>2026-05-23T10:17:02.900Z</time></trkpt>
<trkpt lat="54.387846" lon="18.805898"><time>2026-05-23T10:17:04.900Z</time></trkpt>
<trkpt lat="54.387882" lon="18.805905"><time>2026-05-23T10:17:06.900Z</time></trkpt>
<trkpt lat="54.387924" lon="18.805907"><time>2026-05-23T10:17:08.900Z</time></trkpt>
<trkpt lat="54.387962" lon="18.805913"><time>2026-05-23T10:17:10.900Z</time></trkpt>
<trkpt lat="54.387998" lon="18.805924"><time>2026-05-23T10:17:12.900Z</time></trkpt>
<trkpt lat="54.388033" lon="18.805936"><time>2026-05-23T10:17:14.900Z</time></trkpt>
<trkpt lat="54.388070" lon="18.805948"><time>2026-05-23T10:17:16.900Z</time></trkpt>
<trkpt lat="54.388107" lon="18.805954"><time>2026-05-23T10:17:18.900Z</time></trkpt>
<trkpt lat="54.388145" lon="18.805960"><time>2026-05-23T10:17:20.900Z</time></trkpt>
<trkpt lat="54.388180" lon="18.805970"><time>2026-05-23T10:17:22.900Z</time></trkpt>
<trkpt lat="54.388214" lon="18.805982"><time>2026-05-23T10:17:24.900Z</time></trkpt>
<trkpt lat="54.388244" lon="18.805995"><time>2026-05-23T10:17:26.900Z</time></trkpt>
<trkpt lat="54.388276" lon="18.806003"><time>2026-05-23T10:17:28.900Z</time></trkpt>
<trkpt lat="54.388310" lon="18.806006"><time>2026-05-23T10:17:30.900Z</time></trkpt>
<trkpt lat="54.388344" lon="18.806010"><time>2026-05-23T10:17:32.900Z</time></trkpt>
<trkpt lat="54.388379" lon="18.806017"><time>2026-05-23T10:17:34.900Z</time></trkpt>
<trkpt lat="54.388410" lon="18.806029"><time>2026-05-23T10:17:36.900Z</time></trkpt>
<trkpt lat="54.388439" lon="18.806042"><time>2026-05-23T10:17:38.900Z</time></trkpt>
<trkpt lat="54.388472" lon="18.806059"><time>2026-05-23T10:17:40.900Z</time></trkpt>
<trkpt lat="54.388503" lon="18.806070"><time>2026-05-23T10:17:42.900Z</time></trkpt>
<trkpt lat="54.388537" lon="18.806079"><time>2026-05-23T10:17:44.900Z</time></trkpt>
<trkpt lat="54.388570" lon="18.806089"><time>2026-05-23T10:17:46.900Z</time></trkpt>
<trkpt lat="54.388604" lon="18.806100"><time>2026-05-23T10:17:48.900Z</time></trkpt>
<trkpt lat="54.388634" lon="18.806106"><time>2026-05-23T10:17:50.900Z</time></trkpt>
<trkpt lat="54.388662" lon="18.806125"><time>2026-05-23T10:17:52.900Z</time></trkpt>
<trkpt lat="54.388693" lon="18.806136"><time>2026-05-23T10:17:54.900Z</time></trkpt>
<trkpt lat="54.388726" lon="18.806145"><time>2026-05-23T10:17:56.900Z</time></trkpt>
<trkpt lat="54.388759" lon="18.806156"><time>2026-05-23T10:17:58.900Z</time></trkpt>
<trkpt lat="54.388790" lon="18.806165"><time>2026-05-23T10:18:00.900Z</time></trkpt>
<trkpt lat="54.388821" lon="18.806170"><time>2026-05-23T10:18:02.900Z</time></trkpt>
<trkpt lat="54.388854" lon="18.806175"><time>2026-05-23T10:18:05.000Z</time></trkpt>
<trkpt lat="54.388869" lon="18.806177"><time>2026-05-23T10:18:06.000Z</time></trkpt>
<trkpt lat="54.388896" lon="18.806180"><time>2026-05-23T10:18:08.000Z</time></trkpt>
<trkpt lat="54.388925" lon="18.806190"><time>2026-05-23T10:18:10.000Z</time></trkpt>
<trkpt lat="54.388957" lon="18.806197"><time>2026-05-23T10:18:12.000Z</time></trkpt>
<trkpt lat="54.388993" lon="18.806199"><time>2026-05-23T10:18:14.000Z</time></trkpt>
<trkpt lat="54.389023" lon="18.806199"><time>2026-05-23T10:18:16.000Z</time></trkpt>
<trkpt lat="54.389056" lon="18.806197"><time>2026-05-23T10:18:18.000Z</time></trkpt>
<trkpt lat="54.389090" lon="18.806192"><time>2026-05-23T10:18:20.000Z</time></trkpt>
<trkpt lat="54.389122" lon="18.806193"><time>2026-05-23T10:18:22.000Z</time></trkpt>
<trkpt lat="54.389154" lon="18.806195"><time>2026-05-23T10:18:24.000Z</time></trkpt>
<trkpt lat="54.389186" lon="18.806197"><time>2026-05-23T10:18:26.000Z</time></trkpt>
<trkpt lat="54.389217" lon="18.806198"><time>2026-05-23T10:18:28.000Z</time></trkpt>
<trkpt lat="54.389246" lon="18.806198"><time>2026-05-23T10:18:30.000Z</time></trkpt>
<trkpt lat="54.389277" lon="18.806196"><time>2026-05-23T10:18:32.000Z</time></trkpt>
<trkpt lat="54.389309" lon="18.806190"><time>2026-05-23T10:18:34.000Z</time></trkpt>
<trkpt lat="54.389341" lon="18.806182"><time>2026-05-23T10:18:36.000Z</time></trkpt>
<trkpt lat="54.389373" lon="18.806173"><time>2026-05-23T10:18:38.000Z</time></trkpt>
<trkpt lat="54.389406" lon="18.806165"><time>2026-05-23T10:18:40.000Z</time></trkpt>
<trkpt lat="54.389440" lon="18.806160"><time>2026-05-23T10:18:42.000Z</time></trkpt>
<trkpt lat="54.389474" lon="18.806160"><time>2026-05-23T10:18:44.000Z</time></trkpt>
<trkpt lat="54.389508" lon="18.806159"><time>2026-05-23T10:18:46.000Z</time></trkpt>
<trkpt lat="54.389541" lon="18.806156"><time>2026-05-23T10:18:48.000Z</time></trkpt>
<trkpt lat="54.389575" lon="18.806159"><time>2026-05-23T10:18:50.000Z</time></trkpt>
<trkpt lat="54.389606" lon="18.806167"><time>2026-05-23T10:18:52.000Z</time></trkpt>
<trkpt lat="54.389645" lon="18.806170"><time>2026-05-23T10:18:54.000Z</time></trkpt>
<trkpt lat="54.389682" lon="18.806177"><time>2026-05-23T10:18:56.000Z</time></trkpt>
<trkpt lat="54.389711" lon="18.806212"><time>2026-05-23T10:18:58.000Z</time></trkpt>
<trkpt lat="54.389728" lon="18.806252"><time>2026-05-23T10:19:00.000Z</time></trkpt>
<trkpt lat="54.389726" lon="18.806302"><time>2026-05-23T10:19:02.900Z</time></trkpt>
<trkpt lat="54.389716" lon="18.806333"><time>2026-05-23T10:19:04.900Z</time></trkpt>
<trkpt lat="54.389708" lon="18.806369"><time>2026-05-23T10:19:06.900Z</time></trkpt>
<trkpt lat="54.389703" lon="18.806409"><time>2026-05-23T10:19:08.900Z</time></trkpt>
<trkpt lat="54.389700" lon="18.806435"><time>2026-05-23T10:19:10.900Z</time></trkpt>
<trkpt lat="54.389696" lon="18.806461"><time>2026-05-23T10:19:12.900Z</time></trkpt>
<trkpt lat="54.389685" lon="18.806500"><time>2026-05-23T10:19:14.900Z</time></trkpt>
<trkpt lat="54.389674" lon="18.806553"><time>2026-05-23T10:19:16.900Z</time></trkpt>
<trkpt lat="54.389670" lon="18.806603"><time>2026-05-23T10:19:18.900Z</time></trkpt>
<trkpt lat="54.389662" lon="18.806652"><time>2026-05-23T10:19:20.900Z</time></trkpt>
<trkpt lat="54.389656" lon="18.806702"><time>2026-05-23T10:19:22.900Z</time></trkpt>
<trkpt lat="54.389649" lon="18.806752"><time>2026-05-23T10:19:24.900Z</time></trkpt>
<trkpt lat="54.389643" lon="18.806806"><time>2026-05-23T10:19:26.900Z</time></trkpt>
<trkpt lat="54.389637" lon="18.806861"><time>2026-05-23T10:19:28.900Z</time></trkpt>
<trkpt lat="54.389632" lon="18.806918"><time>2026-05-23T10:19:30.900Z</time></trkpt>
<trkpt lat="54.389630" lon="18.806975"><time>2026-05-23T10:19:32.900Z</time></trkpt>
<trkpt lat="54.389628" lon="18.807029"><time>2026-05-23T10:19:34.900Z</time></trkpt>
<trkpt lat="54.389623" lon="18.807085"><time>2026-05-23T10:19:36.900Z</time></trkpt>
<trkpt lat="54.389616" lon="18.807143"><time>2026-05-23T10:19:38.900Z</time></trkpt>
<trkpt lat="54.389610" lon="18.807199"><time>2026-05-23T10:19:40.900Z</time></trkpt>
<trkpt lat="54.389604" lon="18.807255"><time>2026-05-23T10:19:42.900Z</time></trkpt>
<trkpt lat="54.389596" lon="18.807311"><time>2026-05-23T10:19:44.900Z</time></trkpt>
<trkpt lat="54.389590" lon="18.807369"><time>2026-05-23T10:19:46.900Z</time></trkpt>
<trkpt lat="54.389584" lon="18.807429"><time>2026-05-23T10:19:48.900Z</time></trkpt>
<trkpt lat="54.389578" lon="18.807487"><time>2026-05-23T10:19:50.900Z</time></trkpt>
<trkpt lat="54.389571" lon="18.807546"><time>2026-05-23T10:19:52.900Z</time></trkpt>
<trkpt lat="54.389565" lon="18.807602"><time>2026-05-23T10:19:54.900Z</time></trkpt>
<trkpt lat="54.389560" lon="18.807662"><time>2026-05-23T10:19:56.900Z</time></trkpt>
<trkpt lat="54.389553" lon="18.807717"><time>2026-05-23T10:19:58.900Z</time></trkpt>
<trkpt lat="54.389547" lon="18.807777"><time>2026-05-23T10:20:00.900Z</time></trkpt>
<trkpt lat="54.389541" lon="18.807838"><time>2026-05-23T10:20:02.900Z</time></trkpt>
<trkpt lat="54.389535" lon="18.807898"><time>2026-05-23T10:20:04.900Z</time></trkpt>
<trkpt lat="54.389529" lon="18.807960"><time>2026-05-23T10:20:06.900Z</time></trkpt>
<trkpt lat="54.389525" lon="18.808021"><time>2026-05-23T10:20:08.900Z</time></trkpt>
<trkpt lat="54.389519" lon="18.808082"><time>2026-05-23T10:20:11.000Z</time></trkpt>
<trkpt lat="54.389518" lon="18.808103"><time>2026-05-23T10:20:12.000Z</time></trkpt>
<trkpt lat="54.389512" lon="18.808163"><time>2026-05-23T10:20:14.000Z</time></trkpt>
<trkpt lat="54.389505" lon="18.808212"><time>2026-05-23T10:20:16.000Z</time></trkpt>
<trkpt lat="54.389499" lon="18.808270"><time>2026-05-23T10:20:18.000Z</time></trkpt>
<trkpt lat="54.389491" lon="18.808329"><time>2026-05-23T10:20:20.000Z</time></trkpt>
<trkpt lat="54.389484" lon="18.808390"><time>2026-05-23T10:20:22.000Z</time></trkpt>
<trkpt lat="54.389477" lon="18.808448"><time>2026-05-23T10:20:24.000Z</time></trkpt>
<trkpt lat="54.389471" lon="18.808506"><time>2026-05-23T10:20:26.000Z</time></trkpt>
<trkpt lat="54.389465" lon="18.808568"><time>2026-05-23T10:20:28.000Z</time></trkpt>
<trkpt lat="54.389459" lon="18.808630"><time>2026-05-23T10:20:30.000Z</time></trkpt>
<trkpt lat="54.389452" lon="18.808689"><time>2026-05-23T10:20:32.000Z</time></trkpt>
<trkpt lat="54.389445" lon="18.808749"><time>2026-05-23T10:20:34.000Z</time></trkpt>
<trkpt lat="54.389436" lon="18.808809"><time>2026-05-23T10:20:36.000Z</time></trkpt>
<trkpt lat="54.389429" lon="18.808870"><time>2026-05-23T10:20:38.000Z</time></trkpt>
<trkpt lat="54.389421" lon="18.808930"><time>2026-05-23T10:20:40.000Z</time></trkpt>
<trkpt lat="54.389414" lon="18.808989"><time>2026-05-23T10:20:42.000Z</time></trkpt>
<trkpt lat="54.389405" lon="18.809054"><time>2026-05-23T10:20:44.000Z</time></trkpt>
<trkpt lat="54.389396" lon="18.809117"><time>2026-05-23T10:20:46.000Z</time></trkpt>
<trkpt lat="54.389390" lon="18.809182"><time>2026-05-23T10:20:48.000Z</time></trkpt>
<trkpt lat="54.389382" lon="18.809246"><time>2026-05-23T10:20:50.000Z</time></trkpt>
<trkpt lat="54.389375" lon="18.809311"><time>2026-05-23T10:20:52.000Z</time></trkpt>
<trkpt lat="54.389368" lon="18.809373"><time>2026-05-23T10:20:54.000Z</time></trkpt>
<trkpt lat="54.389361" lon="18.809432"><time>2026-05-23T10:20:56.000Z</time></trkpt>
<trkpt lat="54.389354" lon="18.809495"><time>2026-05-23T10:20:58.000Z</time></trkpt>
<trkpt lat="54.389341" lon="18.809588"><time>2026-05-23T10:21:00.900Z</time></trkpt>
<trkpt lat="54.389333" lon="18.809650"><time>2026-05-23T10:21:02.900Z</time></trkpt>
<trkpt lat="54.389325" lon="18.809709"><time>2026-05-23T10:21:04.900Z</time></trkpt>
<trkpt lat="54.389317" lon="18.809771"><time>2026-05-23T10:21:06.900Z</time></trkpt>
<trkpt lat="54.389309" lon="18.809834"><time>2026-05-23T10:21:08.900Z</time></trkpt>
<trkpt lat="54.389301" lon="18.809900"><time>2026-05-23T10:21:10.900Z</time></trkpt>
<trkpt lat="54.389290" lon="18.809962"><time>2026-05-23T10:21:12.900Z</time></trkpt>
<trkpt lat="54.389282" lon="18.810030"><time>2026-05-23T10:21:14.900Z</time></trkpt>
<trkpt lat="54.389268" lon="18.810089"><time>2026-05-23T10:21:16.900Z</time></trkpt>
<trkpt lat="54.389246" lon="18.810150"><time>2026-05-23T10:21:18.900Z</time></trkpt>
<trkpt lat="54.389241" lon="18.810220"><time>2026-05-23T10:21:20.900Z</time></trkpt>
<trkpt lat="54.389233" lon="18.810288"><time>2026-05-23T10:21:22.900Z</time></trkpt>
<trkpt lat="54.389231" lon="18.810353"><time>2026-05-23T10:21:24.900Z</time></trkpt>
<trkpt lat="54.389229" lon="18.810405"><time>2026-05-23T10:21:26.900Z</time></trkpt>
<trkpt lat="54.389218" lon="18.810462"><time>2026-05-23T10:21:28.900Z</time></trkpt>
<trkpt lat="54.389209" lon="18.810522"><time>2026-05-23T10:21:30.900Z</time></trkpt>
<trkpt lat="54.389203" lon="18.810582"><time>2026-05-23T10:21:32.900Z</time></trkpt>
<trkpt lat="54.389197" lon="18.810642"><time>2026-05-23T10:21:34.900Z</time></trkpt>
<trkpt lat="54.389187" lon="18.810709"><time>2026-05-23T10:21:36.900Z</time></trkpt>
<trkpt lat="54.389178" lon="18.810770"><time>2026-05-23T10:21:38.900Z</time></trkpt>
<trkpt lat="54.389175" lon="18.810833"><time>2026-05-23T10:21:40.900Z</time></trkpt>
<trkpt lat="54.389173" lon="18.810891"><time>2026-05-23T10:21:42.900Z</time></trkpt>
<trkpt lat="54.389166" lon="18.810954"><time>2026-05-23T10:21:44.900Z</time></trkpt>
<trkpt lat="54.389158" lon="18.811023"><time>2026-05-23T10:21:46.900Z</time></trkpt>
<trkpt lat="54.389150" lon="18.811090"><time>2026-05-23T10:21:48.900Z</time></trkpt>
<trkpt lat="54.389136" lon="18.811164"><time>2026-05-23T10:21:50.900Z</time></trkpt>
<trkpt lat="54.389115" lon="18.811235"><time>2026-05-23T10:21:52.900Z</time></trkpt>
<trkpt lat="54.389106" lon="18.811294"><time>2026-05-23T10:21:54.900Z</time></trkpt>
<trkpt lat="54.389095" lon="18.811357"><time>2026-05-23T10:21:56.900Z</time></trkpt>
<trkpt lat="54.389087" lon="18.811417"><time>2026-05-23T10:21:58.900Z</time></trkpt>
<trkpt lat="54.389080" lon="18.811479"><time>2026-05-23T10:22:00.900Z</time></trkpt>
<trkpt lat="54.389066" lon="18.811541"><time>2026-05-23T10:22:02.900Z</time></trkpt>
<trkpt lat="54.389056" lon="18.811609"><time>2026-05-23T10:22:04.900Z</time></trkpt>
<trkpt lat="54.389045" lon="18.811671"><time>2026-05-23T10:22:06.900Z</time></trkpt>
<trkpt lat="54.389037" lon="18.811728"><time>2026-05-23T10:22:08.900Z</time></trkpt>
<trkpt lat="54.389031" lon="18.811789"><time>2026-05-23T10:22:10.900Z</time></trkpt>
<trkpt lat="54.389027" lon="18.811850"><time>2026-05-23T10:22:12.900Z</time></trkpt>
<trkpt lat="54.389024" lon="18.811912"><time>2026-05-23T10:22:14.900Z</time></trkpt>
<trkpt lat="54.389017" lon="18.811971"><time>2026-05-23T10:22:17.000Z</time></trkpt>
<trkpt lat="54.389014" lon="18.812002"><time>2026-05-23T10:22:18.000Z</time></trkpt>
<trkpt lat="54.389006" lon="18.812069"><time>2026-05-23T10:22:20.000Z</time></trkpt>
<trkpt lat="54.389000" lon="18.812131"><time>2026-05-23T10:22:22.000Z</time></trkpt>
<trkpt lat="54.388991" lon="18.812192"><time>2026-05-23T10:22:24.000Z</time></trkpt>
<trkpt lat="54.388983" lon="18.812254"><time>2026-05-23T10:22:26.000Z</time></trkpt>
<trkpt lat="54.388977" lon="18.812314"><time>2026-05-23T10:22:28.000Z</time></trkpt>
<trkpt lat="54.388975" lon="18.812375"><time>2026-05-23T10:22:30.000Z</time></trkpt>
<trkpt lat="54.388971" lon="18.812436"><time>2026-05-23T10:22:32.000Z</time></trkpt>
<trkpt lat="54.388966" lon="18.812498"><time>2026-05-23T10:22:34.000Z</time></trkpt>
<trkpt lat="54.388960" lon="18.812559"><time>2026-05-23T10:22:36.000Z</time></trkpt>
<trkpt lat="54.388953" lon="18.812618"><time>2026-05-23T10:22:38.000Z</time></trkpt>
<trkpt lat="54.388944" lon="18.812681"><time>2026-05-23T10:22:40.000Z</time></trkpt>
<trkpt lat="54.388935" lon="18.812748"><time>2026-05-23T10:22:42.000Z</time></trkpt>
<trkpt lat="54.388926" lon="18.812810"><time>2026-05-23T10:22:44.000Z</time></trkpt>
<trkpt lat="54.388915" lon="18.812874"><time>2026-05-23T10:22:46.000Z</time></trkpt>
<trkpt lat="54.388907" lon="18.812939"><time>2026-05-23T10:22:48.000Z</time></trkpt>
<trkpt lat="54.388910" lon="18.813000"><time>2026-05-23T10:22:50.000Z</time></trkpt>
<trkpt lat="54.388906" lon="18.813062"><time>2026-05-23T10:22:52.000Z</time></trkpt>
<trkpt lat="54.388900" lon="18.813120"><time>2026-05-23T10:22:54.000Z</time></trkpt>
<trkpt lat="54.388890" lon="18.813214"><time>2026-05-23T10:22:56.900Z</time></trkpt>
<trkpt lat="54.388887" lon="18.813275"><time>2026-05-23T10:22:58.900Z</time></trkpt>
<trkpt lat="54.388885" lon="18.813333"><time>2026-05-23T10:23:00.900Z</time></trkpt>
<trkpt lat="54.388879" lon="18.813392"><time>2026-05-23T10:23:02.900Z</time></trkpt>
<trkpt lat="54.388870" lon="18.813452"><time>2026-05-23T10:23:04.900Z</time></trkpt>
<trkpt lat="54.388859" lon="18.813516"><time>2026-05-23T10:23:06.900Z</time></trkpt>
<trkpt lat="54.388847" lon="18.813580"><time>2026-05-23T10:23:08.900Z</time></trkpt>
<trkpt lat="54.388836" lon="18.813642"><time>2026-05-23T10:23:10.900Z</time></trkpt>
<trkpt lat="54.388825" lon="18.813705"><time>2026-05-23T10:23:12.900Z</time></trkpt>
<trkpt lat="54.388813" lon="18.813768"><time>2026-05-23T10:23:14.900Z</time></trkpt>
<trkpt lat="54.388801" lon="18.813832"><time>2026-05-23T10:23:16.900Z</time></trkpt>
<trkpt lat="54.388786" lon="18.813895"><time>2026-05-23T10:23:18.900Z</time></trkpt>
<trkpt lat="54.388773" lon="18.813956"><time>2026-05-23T10:23:20.900Z</time></trkpt>
<trkpt lat="54.388765" lon="18.814015"><time>2026-05-23T10:23:22.900Z</time></trkpt>
<trkpt lat="54.388755" lon="18.814077"><time>2026-05-23T10:23:24.900Z</time></trkpt>
<trkpt lat="54.388750" lon="18.814153"><time>2026-05-23T10:23:26.900Z</time></trkpt>
<trkpt lat="54.388737" lon="18.814227"><time>2026-05-23T10:23:28.900Z</time></trkpt>
<trkpt lat="54.388716" lon="18.814279"><time>2026-05-23T10:23:30.900Z</time></trkpt>
<trkpt lat="54.388702" lon="18.814337"><time>2026-05-23T10:23:32.900Z</time></trkpt>
<trkpt lat="54.388695" lon="18.814392"><time>2026-05-23T10:23:34.900Z</time></trkpt>
<trkpt lat="54.388682" lon="18.814459"><time>2026-05-23T10:23:36.900Z</time></trkpt>
<trkpt lat="54.388667" lon="18.814535"><time>2026-05-23T10:23:38.900Z</time></trkpt>
<trkpt lat="54.388657" lon="18.814602"><time>2026-05-23T10:23:40.900Z</time></trkpt>
<trkpt lat="54.388656" lon="18.814665"><time>2026-05-23T10:23:42.900Z</time></trkpt>
<trkpt lat="54.388671" lon="18.814727"><time>2026-05-23T10:23:44.900Z</time></trkpt>
<trkpt lat="54.388688" lon="18.814772"><time>2026-05-23T10:23:46.900Z</time></trkpt>
<trkpt lat="54.388705" lon="18.814784"><time>2026-05-23T10:23:48.900Z</time></trkpt>
<trkpt lat="54.388727" lon="18.814782"><time>2026-05-23T10:23:50.900Z</time></trkpt>
<trkpt lat="54.388755" lon="18.814792"><time>2026-05-23T10:23:52.900Z</time></trkpt>
<trkpt lat="54.388778" lon="18.814797"><time>2026-05-23T10:23:54.900Z</time></trkpt>
<trkpt lat="54.388799" lon="18.814820"><time>2026-05-23T10:23:56.900Z</time></trkpt>
<trkpt lat="54.388815" lon="18.814835"><time>2026-05-23T10:23:58.900Z</time></trkpt>
<trkpt lat="54.388833" lon="18.814852"><time>2026-05-23T10:24:00.900Z</time></trkpt>
<trkpt lat="54.388852" lon="18.814866"><time>2026-05-23T10:24:02.900Z</time></trkpt>
<trkpt lat="54.388870" lon="18.814883"><time>2026-05-23T10:24:04.900Z</time></trkpt>
<trkpt lat="54.388887" lon="18.814896"><time>2026-05-23T10:24:06.900Z</time></trkpt>
<trkpt lat="54.388905" lon="18.814905"><time>2026-05-23T10:24:08.900Z</time></trkpt>
<trkpt lat="54.388923" lon="18.814914"><time>2026-05-23T10:24:10.900Z</time></trkpt>
<trkpt lat="54.388940" lon="18.814919"><time>2026-05-23T10:24:12.900Z</time></trkpt>
<trkpt lat="54.388957" lon="18.814924"><time>2026-05-23T10:24:14.900Z</time></trkpt>
<trkpt lat="54.388978" lon="18.814939"><time>2026-05-23T10:24:16.900Z</time></trkpt>
<trkpt lat="54.388998" lon="18.814952"><time>2026-05-23T10:24:18.900Z</time></trkpt>
<trkpt lat="54.389018" lon="18.814960"><time>2026-05-23T10:24:20.900Z</time></trkpt>
<trkpt lat="54.389028" lon="18.814966"><time>2026-05-23T10:24:22.000Z</time></trkpt>
<trkpt lat="54.389050" lon="18.814977"><time>2026-05-23T10:24:24.000Z</time></trkpt>
<trkpt lat="54.389069" lon="18.814990"><time>2026-05-23T10:24:26.000Z</time></trkpt>
<trkpt lat="54.389088" lon="18.815003"><time>2026-05-23T10:24:28.000Z</time></trkpt>
<trkpt lat="54.389108" lon="18.815013"><time>2026-05-23T10:24:30.000Z</time></trkpt>
<trkpt lat="54.389128" lon="18.815024"><time>2026-05-23T10:24:32.000Z</time></trkpt>
<trkpt lat="54.389148" lon="18.815035"><time>2026-05-23T10:24:34.000Z</time></trkpt>
<trkpt lat="54.389167" lon="18.815047"><time>2026-05-23T10:24:36.000Z</time></trkpt>
<trkpt lat="54.389188" lon="18.815057"><time>2026-05-23T10:24:38.000Z</time></trkpt>
<trkpt lat="54.389206" lon="18.815067"><time>2026-05-23T10:24:40.000Z</time></trkpt>
<trkpt lat="54.389226" lon="18.815076"><time>2026-05-23T10:24:42.000Z</time></trkpt>
<trkpt lat="54.389246" lon="18.815087"><time>2026-05-23T10:24:44.000Z</time></trkpt>
<trkpt lat="54.389265" lon="18.815095"><time>2026-05-23T10:24:46.000Z</time></trkpt>
<trkpt lat="54.389287" lon="18.815101"><time>2026-05-23T10:24:48.000Z</time></trkpt>
<trkpt lat="54.389308" lon="18.815109"><time>2026-05-23T10:24:50.000Z</time></trkpt>
<trkpt lat="54.389328" lon="18.815115"><time>2026-05-23T10:24:52.000Z</time></trkpt>
<trkpt lat="54.389349" lon="18.815117"><time>2026-05-23T10:24:54.000Z</time></trkpt>
<trkpt lat="54.389373" lon="18.815116"><time>2026-05-23T10:24:56.000Z</time></trkpt>
<trkpt lat="54.389397" lon="18.815116"><time>2026-05-23T10:24:58.000Z</time></trkpt>
<trkpt lat="54.389423" lon="18.815120"><time>2026-05-23T10:25:00.000Z</time></trkpt>
<trkpt lat="54.389447" lon="18.815123"><time>2026-05-23T10:25:02.000Z</time></trkpt>
<trkpt lat="54.389482" lon="18.815136"><time>2026-05-23T10:25:04.900Z</time></trkpt>
<trkpt lat="54.389507" lon="18.815143"><time>2026-05-23T10:25:06.900Z</time></trkpt>
<trkpt lat="54.389532" lon="18.815153"><time>2026-05-23T10:25:08.900Z</time></trkpt>
<trkpt lat="54.389556" lon="18.815162"><time>2026-05-23T10:25:10.900Z</time></trkpt>
<trkpt lat="54.389580" lon="18.815173"><time>2026-05-23T10:25:12.900Z</time></trkpt>
<trkpt lat="54.389606" lon="18.815181"><time>2026-05-23T10:25:14.900Z</time></trkpt>
<trkpt lat="54.389631" lon="18.815191"><time>2026-05-23T10:25:16.900Z</time></trkpt>
<trkpt lat="54.389657" lon="18.815201"><time>2026-05-23T10:25:18.900Z</time></trkpt>
<trkpt lat="54.389682" lon="18.815212"><time>2026-05-23T10:25:20.900Z</time></trkpt>
<trkpt lat="54.389707" lon="18.815225"><time>2026-05-23T10:25:22.900Z</time></trkpt>
<trkpt lat="54.389731" lon="18.815235"><time>2026-05-23T10:25:24.900Z</time></trkpt>
<trkpt lat="54.389759" lon="18.815245"><time>2026-05-23T10:25:26.900Z</time></trkpt>
<trkpt lat="54.389786" lon="18.815255"><time>2026-05-23T10:25:28.900Z</time></trkpt>
<trkpt lat="54.389810" lon="18.815265"><time>2026-05-23T10:25:30.900Z</time></trkpt>
<trkpt lat="54.389835" lon="18.815274"><time>2026-05-23T10:25:32.900Z</time></trkpt>
<trkpt lat="54.389861" lon="18.815283"><time>2026-05-23T10:25:34.900Z</time></trkpt>
<trkpt lat="54.389887" lon="18.815293"><time>2026-05-23T10:25:36.900Z</time></trkpt>
<trkpt lat="54.389912" lon="18.815305"><time>2026-05-23T10:25:38.900Z</time></trkpt>
<trkpt lat="54.389942" lon="18.815322"><time>2026-05-23T10:25:40.900Z</time></trkpt>
<trkpt lat="54.389970" lon="18.815334"><time>2026-05-23T10:25:42.900Z</time></trkpt>
<trkpt lat="54.389996" lon="18.815345"><time>2026-05-23T10:25:44.900Z</time></trkpt>
<trkpt lat="54.390021" lon="18.815356"><time>2026-05-23T10:25:46.900Z</time></trkpt>
<trkpt lat="54.390047" lon="18.815367"><time>2026-05-23T10:25:48.900Z</time></trkpt>
<trkpt lat="54.390074" lon="18.815376"><time>2026-05-23T10:25:50.900Z</time></trkpt>
<trkpt lat="54.390103" lon="18.815386"><time>2026-05-23T10:25:52.900Z</time></trkpt>
<trkpt lat="54.390131" lon="18.815392"><time>2026-05-23T10:25:54.900Z</time></trkpt>
<trkpt lat="54.390159" lon="18.815392"><time>2026-05-23T10:25:56.900Z</time></trkpt>
<trkpt lat="54.390188" lon="18.815394"><time>2026-05-23T10:25:58.900Z</time></trkpt>
<trkpt lat="54.390215" lon="18.815395"><time>2026-05-23T10:26:00.900Z</time></trkpt>
<trkpt lat="54.390244" lon="18.815399"><time>2026-05-23T10:26:02.900Z</time></trkpt>
<trkpt lat="54.390274" lon="18.815403"><time>2026-05-23T10:26:04.900Z</time></trkpt>
<trkpt lat="54.390305" lon="18.815407"><time>2026-05-23T10:26:06.900Z</time></trkpt>
<trkpt lat="54.390336" lon="18.815412"><time>2026-05-23T10:26:08.900Z</time></trkpt>
<trkpt lat="54.390367" lon="18.815417"><time>2026-05-23T10:26:10.900Z</time></trkpt>
<trkpt lat="54.390398" lon="18.815422"><time>2026-05-23T10:26:12.900Z</time></trkpt>
<trkpt lat="54.390429" lon="18.815426"><time>2026-05-23T10:26:14.900Z</time></trkpt>
<trkpt lat="54.390460" lon="18.815431"><time>2026-05-23T10:26:16.900Z</time></trkpt>
<trkpt lat="54.390491" lon="18.815437"><time>2026-05-23T10:26:18.900Z</time></trkpt>
<trkpt lat="54.390523" lon="18.815444"><time>2026-05-23T10:26:20.900Z</time></trkpt>
<trkpt lat="54.390554" lon="18.815453"><time>2026-05-23T10:26:22.900Z</time></trkpt>
<trkpt lat="54.390584" lon="18.815464"><time>2026-05-23T10:26:24.900Z</time></trkpt>
<trkpt lat="54.390613" lon="18.815473"><time>2026-05-23T10:26:26.900Z</time></trkpt>
<trkpt lat="54.390628" lon="18.815478"><time>2026-05-23T10:26:28.000Z</time></trkpt>
<trkpt lat="54.390658" lon="18.815491"><time>2026-05-23T10:26:30.000Z</time></trkpt>
<trkpt lat="54.390687" lon="18.815503"><time>2026-05-23T10:26:32.000Z</time></trkpt>
<trkpt lat="54.390715" lon="18.815515"><time>2026-05-23T10:26:34.000Z</time></trkpt>
<trkpt lat="54.390743" lon="18.815526"><time>2026-05-23T10:26:36.000Z</time></trkpt>
<trkpt lat="54.390773" lon="18.815536"><time>2026-05-23T10:26:38.000Z</time></trkpt>
<trkpt lat="54.390803" lon="18.815542"><time>2026-05-23T10:26:40.000Z</time></trkpt>
<trkpt lat="54.390832" lon="18.815547"><time>2026-05-23T10:26:42.000Z</time></trkpt>
<trkpt lat="54.390862" lon="18.815553"><time>2026-05-23T10:26:44.000Z</time></trkpt>
<trkpt lat="54.390891" lon="18.815560"><time>2026-05-23T10:26:46.000Z</time></trkpt>
<trkpt lat="54.390922" lon="18.815570"><time>2026-05-23T10:26:48.000Z</time></trkpt>
<trkpt lat="54.390953" lon="18.815577"><time>2026-05-23T10:26:50.000Z</time></trkpt>
<trkpt lat="54.390983" lon="18.815585"><time>2026-05-23T10:26:52.000Z</time></trkpt>
<trkpt lat="54.391015" lon="18.815590"><time>2026-05-23T10:26:54.000Z</time></trkpt>
<trkpt lat="54.391046" lon="18.815596"><time>2026-05-23T10:26:56.000Z</time></trkpt>
<trkpt lat="54.391077" lon="18.815601"><time>2026-05-23T10:26:58.000Z</time></trkpt>
<trkpt lat="54.391109" lon="18.815608"><time>2026-05-23T10:27:00.000Z</time></trkpt>
<trkpt lat="54.391141" lon="18.815614"><time>2026-05-23T10:27:02.000Z</time></trkpt>
<trkpt lat="54.391173" lon="18.815621"><time>2026-05-23T10:27:04.000Z</time></trkpt>
<trkpt lat="54.391205" lon="18.815628"><time>2026-05-23T10:27:06.000Z</time></trkpt>
<trkpt lat="54.391239" lon="18.815636"><time>2026-05-23T10:27:08.000Z</time></trkpt>
<trkpt lat="54.391272" lon="18.815645"><time>2026-05-23T10:27:10.000Z</time></trkpt>
<trkpt lat="54.391320" lon="18.815661"><time>2026-05-23T10:27:12.900Z</time></trkpt>
<trkpt lat="54.391347" lon="18.815666"><time>2026-05-23T10:27:14.900Z</time></trkpt>
<trkpt lat="54.391374" lon="18.815670"><time>2026-05-23T10:27:16.900Z</time></trkpt>
<trkpt lat="54.391408" lon="18.815669"><time>2026-05-23T10:27:18.900Z</time></trkpt>
<trkpt lat="54.391455" lon="18.815688"><time>2026-05-23T10:27:20.900Z</time></trkpt>
<trkpt lat="54.391494" lon="18.815699"><time>2026-05-23T10:27:22.900Z</time></trkpt>
<trkpt lat="54.391527" lon="18.815708"><time>2026-05-23T10:27:24.900Z</time></trkpt>
<trkpt lat="54.391559" lon="18.815723"><time>2026-05-23T10:27:26.900Z</time></trkpt>
<trkpt lat="54.391585" lon="18.815735"><time>2026-05-23T10:27:28.900Z</time></trkpt>
<trkpt lat="54.391621" lon="18.815744"><time>2026-05-23T10:27:30.900Z</time></trkpt>
<trkpt lat="54.391653" lon="18.815756"><time>2026-05-23T10:27:32.900Z</time></trkpt>
<trkpt lat="54.391685" lon="18.815766"><time>2026-05-23T10:27:34.900Z</time></trkpt>
<trkpt lat="54.391718" lon="18.815774"><time>2026-05-23T10:27:36.900Z</time></trkpt>
<trkpt lat="54.391752" lon="18.815782"><time>2026-05-23T10:27:38.900Z</time></trkpt>
<trkpt lat="54.391787" lon="18.815789"><time>2026-05-23T10:27:40.900Z</time></trkpt>
<trkpt lat="54.391820" lon="18.815796"><time>2026-05-23T10:27:42.900Z</time></trkpt>
<trkpt lat="54.391851" lon="18.815805"><time>2026-05-23T10:27:44.900Z</time></trkpt>
<trkpt lat="54.391884" lon="18.815810"><time>2026-05-23T10:27:46.900Z</time></trkpt>
<trkpt lat="54.391918" lon="18.815812"><time>2026-05-23T10:27:48.900Z</time></trkpt>
<trkpt lat="54.391953" lon="18.815817"><time>2026-05-23T10:27:50.900Z</time></trkpt>
<trkpt lat="54.391988" lon="18.815823"><time>2026-05-23T10:27:52.900Z</time></trkpt>
<trkpt lat="54.392024" lon="18.815831"><time>2026-05-23T10:27:54.900Z</time></trkpt>
<trkpt lat="54.392060" lon="18.815837"><time>2026-05-23T10:27:56.900Z</time></trkpt>
<trkpt lat="54.392095" lon="18.815842"><time>2026-05-23T10:27:58.900Z</time></trkpt>
<trkpt lat="54.392129" lon="18.815848"><time>2026-05-23T10:28:00.900Z</time></trkpt>
<trkpt lat="54.392165" lon="18.815853"><time>2026-05-23T10:28:02.900Z</time></trkpt>
<trkpt lat="54.392201" lon="18.815859"><time>2026-05-23T10:28:04.900Z</time></trkpt>
<trkpt lat="54.392237" lon="18.815866"><time>2026-05-23T10:28:06.900Z</time></trkpt>
<trkpt lat="54.392273" lon="18.815872"><time>2026-05-23T10:28:08.900Z</time></trkpt>
<trkpt lat="54.392310" lon="18.815877"><time>2026-05-23T10:28:10.900Z</time></trkpt>
<trkpt lat="54.392346" lon="18.815883"><time>2026-05-23T10:28:12.900Z</time></trkpt>
<trkpt lat="54.392383" lon="18.815893"><time>2026-05-23T10:28:14.900Z</time></trkpt>
<trkpt lat="54.392418" lon="18.815902"><time>2026-05-23T10:28:16.900Z</time></trkpt>
<trkpt lat="54.392454" lon="18.815911"><time>2026-05-23T10:28:18.900Z</time></trkpt>
<trkpt lat="54.392489" lon="18.815919"><time>2026-05-23T10:28:20.900Z</time></trkpt>
<trkpt lat="54.392526" lon="18.815928"><time>2026-05-23T10:28:22.900Z</time></trkpt>
<trkpt lat="54.392562" lon="18.815937"><time>2026-05-23T10:28:24.900Z</time></trkpt>
<trkpt lat="54.392600" lon="18.815944"><time>2026-05-23T10:28:26.900Z</time></trkpt>
<trkpt lat="54.392635" lon="18.815951"><time>2026-05-23T10:28:28.900Z</time></trkpt>
<trkpt lat="54.392671" lon="18.815960"><time>2026-05-23T10:28:30.900Z</time></trkpt>
<trkpt lat="54.392708" lon="18.815973"><time>2026-05-23T10:28:33.000Z</time></trkpt>
<trkpt lat="54.392726" lon="18.815983"><time>2026-05-23T10:28:34.000Z</time></trkpt>
<trkpt lat="54.392766" lon="18.815993"><time>2026-05-23T10:28:36.000Z</time></trkpt>
<trkpt lat="54.392813" lon="18.816004"><time>2026-05-23T10:28:38.000Z</time></trkpt>
<trkpt lat="54.392856" lon="18.816008"><time>2026-05-23T10:28:40.000Z</time></trkpt>
<trkpt lat="54.392882" lon="18.816012"><time>2026-05-23T10:28:42.000Z</time></trkpt>
<trkpt lat="54.392918" lon="18.816006"><time>2026-05-23T10:28:44.000Z</time></trkpt>
<trkpt lat="54.392951" lon="18.816008"><time>2026-05-23T10:28:46.000Z</time></trkpt>
<trkpt lat="54.392986" lon="18.816017"><time>2026-05-23T10:28:48.000Z</time></trkpt>
<trkpt lat="54.393021" lon="18.816023"><time>2026-05-23T10:28:50.000Z</time></trkpt>
<trkpt lat="54.393058" lon="18.816031"><time>2026-05-23T10:28:52.000Z</time></trkpt>
<trkpt lat="54.393095" lon="18.816039"><time>2026-05-23T10:28:54.000Z</time></trkpt>
<trkpt lat="54.393131" lon="18.816046"><time>2026-05-23T10:28:56.000Z</time></trkpt>
<trkpt lat="54.393167" lon="18.816052"><time>2026-05-23T10:28:58.000Z</time></trkpt>
<trkpt lat="54.393204" lon="18.816058"><time>2026-05-23T10:29:00.000Z</time></trkpt>
<trkpt lat="54.393239" lon="18.816066"><time>2026-05-23T10:29:02.000Z</time></trkpt>
<trkpt lat="54.393274" lon="18.816075"><time>2026-05-23T10:29:04.000Z</time></trkpt>
<trkpt lat="54.393311" lon="18.816086"><time>2026-05-23T10:29:06.000Z</time></trkpt>
<trkpt lat="54.393354" lon="18.816104"><time>2026-05-23T10:29:08.000Z</time></trkpt>
<trkpt lat="54.393391" lon="18.816110"><time>2026-05-23T10:29:10.000Z</time></trkpt>
<trkpt lat="54.393426" lon="18.816119"><time>2026-05-23T10:29:12.000Z</time></trkpt>
<trkpt lat="54.393485" lon="18.816124"><time>2026-05-23T10:29:14.900Z</time></trkpt>
<trkpt lat="54.393517" lon="18.816127"><time>2026-05-23T10:29:16.900Z</time></trkpt>
<trkpt lat="54.393551" lon="18.816136"><time>2026-05-23T10:29:18.900Z</time></trkpt>
<trkpt lat="54.393587" lon="18.816143"><time>2026-05-23T10:29:20.900Z</time></trkpt>
<trkpt lat="54.393623" lon="18.816151"><time>2026-05-23T10:29:22.900Z</time></trkpt>
<trkpt lat="54.393660" lon="18.816161"><time>2026-05-23T10:29:24.900Z</time></trkpt>
<trkpt lat="54.393695" lon="18.816177"><time>2026-05-23T10:29:26.900Z</time></trkpt>
<trkpt lat="54.393728" lon="18.816186"><time>2026-05-23T10:29:28.900Z</time></trkpt>
<trkpt lat="54.393763" lon="18.816191"><time>2026-05-23T10:29:30.900Z</time></trkpt>
<trkpt lat="54.393801" lon="18.816200"><time>2026-05-23T10:29:32.900Z</time></trkpt>
<trkpt lat="54.393840" lon="18.816210"><time>2026-05-23T10:29:34.900Z</time></trkpt>
<trkpt lat="54.393877" lon="18.816220"><time>2026-05-23T10:29:36.900Z</time></trkpt>
<trkpt lat="54.393915" lon="18.816228"><time>2026-05-23T10:29:38.900Z</time></trkpt>
<trkpt lat="54.393951" lon="18.816236"><time>2026-05-23T10:29:40.900Z</time></trkpt>
<trkpt lat="54.393983" lon="18.816240"><time>2026-05-23T10:29:42.900Z</time></trkpt>
<trkpt lat="54.394020" lon="18.816238"><time>2026-05-23T10:29:44.900Z</time></trkpt>
<trkpt lat="54.394055" lon="18.816234"><time>2026-05-23T10:29:46.900Z</time></trkpt>
<trkpt lat="54.394098" lon="18.816251"><time>2026-05-23T10:29:48.900Z</time></trkpt>
<trkpt lat="54.394124" lon="18.816296"><time>2026-05-23T10:29:50.900Z</time></trkpt>
<trkpt lat="54.394141" lon="18.816343"><time>2026-05-23T10:29:52.900Z</time></trkpt>
<trkpt lat="54.394144" lon="18.816384"><time>2026-05-23T10:29:54.900Z</time></trkpt>
<trkpt lat="54.394111" lon="18.816436"><time>2026-05-23T10:29:56.900Z</time></trkpt>
<trkpt lat="54.394092" lon="18.816457"><time>2026-05-23T10:29:58.900Z</time></trkpt>
<trkpt lat="54.394076" lon="18.816490"><time>2026-05-23T10:30:00.900Z</time></trkpt>
<trkpt lat="54.394061" lon="18.816532"><time>2026-05-23T10:30:02.900Z</time></trkpt>
<trkpt lat="54.394046" lon="18.816574"><time>2026-05-23T10:30:04.900Z</time></trkpt>
<trkpt lat="54.394035" lon="18.816614"><time>2026-05-23T10:30:06.900Z</time></trkpt>
<trkpt lat="54.394028" lon="18.816641"><time>2026-05-23T10:30:08.900Z</time></trkpt>
<trkpt lat="54.394017" lon="18.816665"><time>2026-05-23T10:30:10.900Z</time></trkpt>
<trkpt lat="54.394009" lon="18.816701"><time>2026-05-23T10:30:12.900Z</time></trkpt>
<trkpt lat="54.394002" lon="18.816753"><time>2026-05-23T10:30:14.900Z</time></trkpt>
<trkpt lat="54.393995" lon="18.816812"><time>2026-05-23T10:30:16.900Z</time></trkpt>
<trkpt lat="54.393987" lon="18.816863"><time>2026-05-23T10:30:18.900Z</time></trkpt>
<trkpt lat="54.393979" lon="18.816919"><time>2026-05-23T10:30:20.900Z</time></trkpt>
<trkpt lat="54.393968" lon="18.816972"><time>2026-05-23T10:30:22.900Z</time></trkpt>
<trkpt lat="54.393955" lon="18.817026"><time>2026-05-23T10:30:24.900Z</time></trkpt>
<trkpt lat="54.393944" lon="18.817075"><time>2026-05-23T10:30:26.900Z</time></trkpt>
<trkpt lat="54.393934" lon="18.817135"><time>2026-05-23T10:30:28.900Z</time></trkpt>
<trkpt lat="54.393923" lon="18.817191"><time>2026-05-23T10:30:30.900Z</time></trkpt>
<trkpt lat="54.393913" lon="18.817230"><time>2026-05-23T10:30:32.900Z</time></trkpt>
<trkpt lat="54.393903" lon="18.817278"><time>2026-05-23T10:30:34.900Z</time></trkpt>
<trkpt lat="54.393895" lon="18.817318"><time>2026-05-23T10:30:36.900Z</time></trkpt>
<trkpt lat="54.393890" lon="18.817358"><time>2026-05-23T10:30:39.000Z</time></trkpt>
<trkpt lat="54.393887" lon="18.817377"><time>2026-05-23T10:30:40.000Z</time></trkpt>
<trkpt lat="54.393880" lon="18.817427"><time>2026-05-23T10:30:42.000Z</time></trkpt>
<trkpt lat="54.393871" lon="18.817485"><time>2026-05-23T10:30:44.000Z</time></trkpt>
<trkpt lat="54.393862" lon="18.817528"><time>2026-05-23T10:30:46.000Z</time></trkpt>
<trkpt lat="54.393854" lon="18.817587"><time>2026-05-23T10:30:48.000Z</time></trkpt>
<trkpt lat="54.393847" lon="18.817626"><time>2026-05-23T10:30:50.000Z</time></trkpt>
<trkpt lat="54.393837" lon="18.817671"><time>2026-05-23T10:30:52.000Z</time></trkpt>
<trkpt lat="54.393831" lon="18.817698"><time>2026-05-23T10:30:54.000Z</time></trkpt>
<trkpt lat="54.393821" lon="18.817763"><time>2026-05-23T10:30:56.000Z</time></trkpt>
<trkpt lat="54.393813" lon="18.817816"><time>2026-05-23T10:30:58.000Z</time></trkpt>
<trkpt lat="54.393800" lon="18.817883"><time>2026-05-23T10:31:00.000Z</time></trkpt>
<trkpt lat="54.393787" lon="18.817949"><time>2026-05-23T10:31:02.000Z</time></trkpt>
<trkpt lat="54.393775" lon="18.818005"><time>2026-05-23T10:31:04.000Z</time></trkpt>
<trkpt lat="54.393764" lon="18.818053"><time>2026-05-23T10:31:06.000Z</time></trkpt>
<trkpt lat="54.393754" lon="18.818098"><time>2026-05-23T10:31:08.000Z</time></trkpt>
<trkpt lat="54.393741" lon="18.818145"><time>2026-05-23T10:31:10.000Z</time></trkpt>
<trkpt lat="54.393732" lon="18.818185"><time>2026-05-23T10:31:12.000Z</time></trkpt>
<trkpt lat="54.393722" lon="18.818218"><time>2026-05-23T10:31:14.000Z</time></trkpt>
<trkpt lat="54.393710" lon="18.818260"><time>2026-05-23T10:31:16.000Z</time></trkpt>
<trkpt lat="54.393696" lon="18.818307"><time>2026-05-23T10:31:18.000Z</time></trkpt>
<trkpt lat="54.393673" lon="18.818378"><time>2026-05-23T10:31:20.900Z</time></trkpt>
<trkpt lat="54.393659" lon="18.818428"><time>2026-05-23T10:31:22.900Z</time></trkpt>
<trkpt lat="54.393644" lon="18.818479"><time>2026-05-23T10:31:24.900Z</time></trkpt>
<trkpt lat="54.393632" lon="18.818527"><time>2026-05-23T10:31:26.900Z</time></trkpt>
<trkpt lat="54.393619" lon="18.818576"><time>2026-05-23T10:31:28.900Z</time></trkpt>
<trkpt lat="54.393607" lon="18.818625"><time>2026-05-23T10:31:30.900Z</time></trkpt>
<trkpt lat="54.393595" lon="18.818669"><time>2026-05-23T10:31:32.900Z</time></trkpt>
<trkpt lat="54.393574" lon="18.818734"><time>2026-05-23T10:31:34.900Z</time></trkpt>
<trkpt lat="54.393552" lon="18.818800"><time>2026-05-23T10:31:36.900Z</time></trkpt>
<trkpt lat="54.393538" lon="18.818855"><time>2026-05-23T10:31:38.900Z</time></trkpt>
<trkpt lat="54.393534" lon="18.818908"><time>2026-05-23T10:31:40.900Z</time></trkpt>
<trkpt lat="54.393540" lon="18.818953"><time>2026-05-23T10:31:42.900Z</time></trkpt>
<trkpt lat="54.393551" lon="18.818991"><time>2026-05-23T10:31:44.900Z</time></trkpt>
<trkpt lat="54.393564" lon="18.819018"><time>2026-05-23T10:31:46.900Z</time></trkpt>
<trkpt lat="54.393580" lon="18.819034"><time>2026-05-23T10:31:48.900Z</time></trkpt>
<trkpt lat="54.393598" lon="18.819039"><time>2026-05-23T10:31:50.900Z</time></trkpt>
<trkpt lat="54.393621" lon="18.819042"><time>2026-05-23T10:31:52.900Z</time></trkpt>
<trkpt lat="54.393650" lon="18.819038"><time>2026-05-23T10:31:54.900Z</time></trkpt>
<trkpt lat="54.393680" lon="18.819027"><time>2026-05-23T10:31:56.900Z</time></trkpt>
<trkpt lat="54.393710" lon="18.819007"><time>2026-05-23T10:31:58.900Z</time></trkpt>
<trkpt lat="54.393742" lon="18.818984"><time>2026-05-23T10:32:00.900Z</time></trkpt>
<trkpt lat="54.393777" lon="18.818965"><time>2026-05-23T10:32:02.900Z</time></trkpt>
<trkpt lat="54.393795" lon="18.818964"><time>2026-05-23T10:32:04.900Z</time></trkpt>
<trkpt lat="54.393821" lon="18.818961"><time>2026-05-23T10:32:06.900Z</time></trkpt>
<trkpt lat="54.393854" lon="18.818948"><time>2026-05-23T10:32:08.900Z</time></trkpt>
<trkpt lat="54.393888" lon="18.818938"><time>2026-05-23T10:32:10.900Z</time></trkpt>
<trkpt lat="54.393921" lon="18.818921"><time>2026-05-23T10:32:12.900Z</time></trkpt>
<trkpt lat="54.393953" lon="18.818911"><time>2026-05-23T10:32:14.900Z</time></trkpt>
<trkpt lat="54.393987" lon="18.818900"><time>2026-05-23T10:32:16.900Z</time></trkpt>
<trkpt lat="54.394020" lon="18.818892"><time>2026-05-23T10:32:18.900Z</time></trkpt>
<trkpt lat="54.394054" lon="18.818881"><time>2026-05-23T10:32:20.900Z</time></trkpt>
<trkpt lat="54.394087" lon="18.818871"><time>2026-05-23T10:32:22.900Z</time></trkpt>
<trkpt lat="54.394123" lon="18.818860"><time>2026-05-23T10:32:24.900Z</time></trkpt>
<trkpt lat="54.394153" lon="18.818854"><time>2026-05-23T10:32:26.900Z</time></trkpt>
<trkpt lat="54.394188" lon="18.818847"><time>2026-05-23T10:32:28.900Z</time></trkpt>
<trkpt lat="54.394228" lon="18.818843"><time>2026-05-23T10:32:30.900Z</time></trkpt>
<trkpt lat="54.394266" lon="18.818844"><time>2026-05-23T10:32:32.900Z</time></trkpt>
<trkpt lat="54.394300" lon="18.818838"><time>2026-05-23T10:32:34.900Z</time></trkpt>
<trkpt lat="54.394338" lon="18.818823"><time>2026-05-23T10:32:36.900Z</time></trkpt>
<trkpt lat="54.394372" lon="18.818801"><time>2026-05-23T10:32:38.900Z</time></trkpt>
<trkpt lat="54.394410" lon="18.818772"><time>2026-05-23T10:32:40.900Z</time></trkpt>
<trkpt lat="54.394446" lon="18.818731"><time>2026-05-23T10:32:42.900Z</time></trkpt>
<trkpt lat="54.394462" lon="18.818707"><time>2026-05-23T10:32:44.000Z</time></trkpt>
<trkpt lat="54.394493" lon="18.818647"><time>2026-05-23T10:32:46.000Z</time></trkpt>
<trkpt lat="54.394511" lon="18.818589"><time>2026-05-23T10:32:48.000Z</time></trkpt>
<trkpt lat="54.394525" lon="18.818526"><time>2026-05-23T10:32:50.000Z</time></trkpt>
<trkpt lat="54.394527" lon="18.818474"><time>2026-05-23T10:32:52.000Z</time></trkpt>
<trkpt lat="54.394515" lon="18.818421"><time>2026-05-23T10:32:54.000Z</time></trkpt>
<trkpt lat="54.394498" lon="18.818369"><time>2026-05-23T10:32:56.000Z</time></trkpt>
<trkpt lat="54.394481" lon="18.818332"><time>2026-05-23T10:32:58.000Z</time></trkpt>
<trkpt lat="54.394455" lon="18.818247"><time>2026-05-23T10:33:00.000Z</time></trkpt>
<trkpt lat="54.394442" lon="18.818198"><time>2026-05-23T10:33:02.000Z</time></trkpt>
<trkpt lat="54.394433" lon="18.818154"><time>2026-05-23T10:33:04.000Z</time></trkpt>
<trkpt lat="54.394433" lon="18.818124"><time>2026-05-23T10:33:06.000Z</time></trkpt>
<trkpt lat="54.394429" lon="18.818095"><time>2026-05-23T10:33:08.000Z</time></trkpt>
<trkpt lat="54.394420" lon="18.818065"><time>2026-05-23T10:33:10.000Z</time></trkpt>
<trkpt lat="54.394406" lon="18.818019"><time>2026-05-23T10:33:12.000Z</time></trkpt>
<trkpt lat="54.394394" lon="18.817981"><time>2026-05-23T10:33:14.000Z</time></trkpt>
<trkpt lat="54.394376" lon="18.817930"><time>2026-05-23T10:33:16.000Z</time></trkpt>
<trkpt lat="54.394368" lon="18.817899"><time>2026-05-23T10:33:18.000Z</time></trkpt>
<trkpt lat="54.394362" lon="18.817864"><time>2026-05-23T10:33:20.000Z</time></trkpt>
<trkpt lat="54.394359" lon="18.817832"><time>2026-05-23T10:33:22.000Z</time></trkpt>
<trkpt lat="54.394350" lon="18.817779"><time>2026-05-23T10:33:24.900Z</time></trkpt>
<trkpt lat="54.394344" lon="18.817745"><time>2026-05-23T10:33:26.900Z</time></trkpt>
<trkpt lat="54.394338" lon="18.817716"><time>2026-05-23T10:33:28.900Z</time></trkpt>
<trkpt lat="54.394342" lon="18.817701"><time>2026-05-23T10:33:30.900Z</time></trkpt>
<trkpt lat="54.394345" lon="18.817668"><time>2026-05-23T10:33:32.900Z</time></trkpt>
<trkpt lat="54.394344" lon="18.817628"><time>2026-05-23T10:33:34.900Z</time></trkpt>
<trkpt lat="54.394342" lon="18.817583"><time>2026-05-23T10:33:36.900Z</time></trkpt>
<trkpt lat="54.394346" lon="18.817524"><time>2026-05-23T10:33:38.900Z</time></trkpt>
<trkpt lat="54.394335" lon="18.817492"><time>2026-05-23T10:33:40.900Z</time></trkpt>
<trkpt lat="54.394328" lon="18.817472"><time>2026-05-23T10:33:42.900Z</time></trkpt>
<trkpt lat="54.394322" lon="18.817441"><time>2026-05-23T10:33:44.900Z</time></trkpt>
<trkpt lat="54.394317" lon="18.817407"><time>2026-05-23T10:33:46.900Z</time></trkpt>
<trkpt lat="54.394313" lon="18.817378"><time>2026-05-23T10:33:48.900Z</time></trkpt>
<trkpt lat="54.394305" lon="18.817347"><time>2026-05-23T10:33:50.900Z</time></trkpt>
<trkpt lat="54.394305" lon="18.817322"><time>2026-05-23T10:33:52.900Z</time></trkpt>
<trkpt lat="54.394304" lon="18.817298"><time>2026-05-23T10:33:54.900Z</time></trkpt>
<trkpt lat="54.394299" lon="18.817265"><time>2026-05-23T10:33:56.900Z</time></trkpt>
<trkpt lat="54.394295" lon="18.817233"><time>2026-05-23T10:33:58.900Z</time></trkpt>
<trkpt lat="54.394287" lon="18.817202"><time>2026-05-23T10:34:00.900Z</time></trkpt>
<trkpt lat="54.394283" lon="18.817197"><time>2026-05-23T10:34:02.900Z</time></trkpt>
<trkpt lat="54.394269" lon="18.817168"><time>2026-05-23T10:34:04.900Z</time></trkpt>
<trkpt lat="54.394258" lon="18.817144"><time>2026-05-23T10:34:06.900Z</time></trkpt>
<trkpt lat="54.394251" lon="18.817114"><time>2026-05-23T10:34:08.900Z</time></trkpt>
<trkpt lat="54.394244" lon="18.817084"><time>2026-05-23T10:34:10.900Z</time></trkpt>
<trkpt lat="54.394237" lon="18.817058"><time>2026-05-23T10:34:12.900Z</time></trkpt>
<trkpt lat="54.394231" lon="18.817030"><time>2026-05-23T10:34:14.900Z</time></trkpt>
<trkpt lat="54.394226" lon="18.817003"><time>2026-05-23T10:34:16.900Z</time></trkpt>
<trkpt lat="54.394228" lon="18.816986"><time>2026-05-23T10:34:18.900Z</time></trkpt>
<trkpt lat="54.394221" lon="18.816955"><time>2026-05-23T10:34:20.900Z</time></trkpt>
<trkpt lat="54.394215" lon="18.816929"><time>2026-05-23T10:34:22.900Z</time></trkpt>
<trkpt lat="54.394211" lon="18.816899"><time>2026-05-23T10:34:24.900Z</time></trkpt>
<trkpt lat="54.394208" lon="18.816881"><time>2026-05-23T10:34:26.900Z</time></trkpt>
<trkpt lat="54.394206" lon="18.816864"><time>2026-05-23T10:34:28.900Z</time></trkpt>
<trkpt lat="54.394196" lon="18.816849"><time>2026-05-23T10:34:30.900Z</time></trkpt>
<trkpt lat="54.394187" lon="18.816824"><time>2026-05-23T10:34:32.900Z</time></trkpt>
<trkpt lat="54.394180" lon="18.816804"><time>2026-05-23T10:34:34.900Z</time></trkpt>
<trkpt lat="54.394171" lon="18.816785"><time>2026-05-23T10:34:36.900Z</time></trkpt>
<trkpt lat="54.394163" lon="18.816762"><time>2026-05-23T10:34:38.900Z</time></trkpt>
<trkpt lat="54.394155" lon="18.816742"><time>2026-05-23T10:34:40.900Z</time></trkpt>
<trkpt lat="54.394139" lon="18.816710"><time>2026-05-23T10:34:42.900Z</time></trkpt>
<trkpt lat="54.394127" lon="18.816686"><time>2026-05-23T10:34:44.900Z</time></trkpt>
<trkpt lat="54.394125" lon="18.816661"><time>2026-05-23T10:34:46.900Z</time></trkpt>
<trkpt lat="54.394123" lon="18.816637"><time>2026-05-23T10:34:49.000Z</time></trkpt>
<trkpt lat="54.394122" lon="18.816627"><time>2026-05-23T10:34:50.000Z</time></trkpt>
<trkpt lat="54.394115" lon="18.816602"><time>2026-05-23T10:34:52.000Z</time></trkpt>
<trkpt lat="54.394108" lon="18.816576"><time>2026-05-23T10:34:54.000Z</time></trkpt>
<trkpt lat="54.394100" lon="18.816548"><time>2026-05-23T10:34:56.000Z</time></trkpt>
<trkpt lat="54.394094" lon="18.816525"><time>2026-05-23T10:34:58.000Z</time></trkpt>
<trkpt lat="54.394084" lon="18.816497"><time>2026-05-23T10:35:00.000Z</time></trkpt>
<trkpt lat="54.394068" lon="18.816460"><time>2026-05-23T10:35:02.000Z</time></trkpt>
<trkpt lat="54.394056" lon="18.816422"><time>2026-05-23T10:35:04.000Z</time></trkpt>
<trkpt lat="54.394037" lon="18.816407"><time>2026-05-23T10:35:06.000Z</time></trkpt>
<trkpt lat="54.394024" lon="18.816387"><time>2026-05-23T10:35:08.000Z</time></trkpt>
<trkpt lat="54.394012" lon="18.816360"><time>2026-05-23T10:35:10.000Z</time></trkpt>
<trkpt lat="54.393995" lon="18.816325"><time>2026-05-23T10:35:12.000Z</time></trkpt>
<trkpt lat="54.393988" lon="18.816298"><time>2026-05-23T10:35:14.000Z</time></trkpt>
<trkpt lat="54.393983" lon="18.816276"><time>2026-05-23T10:35:16.000Z</time></trkpt>
<trkpt lat="54.393975" lon="18.816245"><time>2026-05-23T10:35:18.000Z</time></trkpt>
<trkpt lat="54.393962" lon="18.816203"><time>2026-05-23T10:35:20.000Z</time></trkpt>
<trkpt lat="54.393951" lon="18.816167"><time>2026-05-23T10:35:22.000Z</time></trkpt>
<trkpt lat="54.393940" lon="18.816135"><time>2026-05-23T10:35:24.000Z</time></trkpt>
<trkpt lat="54.393917" lon="18.816094"><time>2026-05-23T10:35:26.900Z</time></trkpt>
<trkpt lat="54.393906" lon="18.816067"><time>2026-05-23T10:35:28.900Z</time></trkpt>
<trkpt lat="54.393892" lon="18.816039"><time>2026-05-23T10:35:30.900Z</time></trkpt>
<trkpt lat="54.393880" lon="18.816005"><time>2026-05-23T10:35:32.900Z</time></trkpt>
<trkpt lat="54.393866" lon="18.815967"><time>2026-05-23T10:35:34.900Z</time></trkpt>
<trkpt lat="54.393850" lon="18.815934"><time>2026-05-23T10:35:36.900Z</time></trkpt>
<trkpt lat="54.393835" lon="18.815888"><time>2026-05-23T10:35:38.900Z</time></trkpt>
<trkpt lat="54.393821" lon="18.815851"><time>2026-05-23T10:35:40.900Z</time></trkpt>
<trkpt lat="54.393807" lon="18.815820"><time>2026-05-23T10:35:42.900Z</time></trkpt>
<trkpt lat="54.393792" lon="18.815789"><time>2026-05-23T10:35:44.900Z</time></trkpt>
<trkpt lat="54.393780" lon="18.815765"><time>2026-05-23T10:35:46.900Z</time></trkpt>
<trkpt lat="54.393761" lon="18.815731"><time>2026-05-23T10:35:48.900Z</time></trkpt>
<trkpt lat="54.393745" lon="18.815695"><time>2026-05-23T10:35:50.900Z</time></trkpt>
<trkpt lat="54.393730" lon="18.815664"><time>2026-05-23T10:35:52.900Z</time></trkpt>
<trkpt lat="54.393708" lon="18.815628"><time>2026-05-23T10:35:54.900Z</time></trkpt>
<trkpt lat="54.393693" lon="18.815582"><time>2026-05-23T10:35:56.900Z</time></trkpt>
<trkpt lat="54.393673" lon="18.815542"><time>2026-05-23T10:35:58.900Z</time></trkpt>
<trkpt lat="54.393652" lon="18.815506"><time>2026-05-23T10:36:00.900Z</time></trkpt>
<trkpt lat="54.393630" lon="18.815468"><time>2026-05-23T10:36:02.900Z</time></trkpt>
<trkpt lat="54.393614" lon="18.815444"><time>2026-05-23T10:36:04.900Z</time></trkpt>
<trkpt lat="54.393599" lon="18.815418"><time>2026-05-23T10:36:06.900Z</time></trkpt>
<trkpt lat="54.393582" lon="18.815384"><time>2026-05-23T10:36:08.900Z</time></trkpt>
<trkpt lat="54.393567" lon="18.815345"><time>2026-05-23T10:36:10.900Z</time></trkpt>
<trkpt lat="54.393552" lon="18.815309"><time>2026-05-23T10:36:12.900Z</time></trkpt>
<trkpt lat="54.393536" lon="18.815273"><time>2026-05-23T10:36:14.900Z</time></trkpt>
<trkpt lat="54.393526" lon="18.815253"><time>2026-05-23T10:36:16.900Z</time></trkpt>
<trkpt lat="54.393512" lon="18.815225"><time>2026-05-23T10:36:18.900Z</time></trkpt>
<trkpt lat="54.393495" lon="18.815198"><time>2026-05-23T10:36:20.900Z</time></trkpt>
<trkpt lat="54.393478" lon="18.815180"><time>2026-05-23T10:36:22.900Z</time></trkpt>
<trkpt lat="54.393464" lon="18.815158"><time>2026-05-23T10:36:24.900Z</time></trkpt>
<trkpt lat="54.393444" lon="18.815117"><time>2026-05-23T10:36:26.900Z</time></trkpt>
<trkpt lat="54.393429" lon="18.815058"><time>2026-05-23T10:36:28.900Z</time></trkpt>
<trkpt lat="54.393414" lon="18.815003"><time>2026-05-23T10:36:30.900Z</time></trkpt>
<trkpt lat="54.393403" lon="18.814967"><time>2026-05-23T10:36:32.900Z</time></trkpt>
<trkpt lat="54.393392" lon="18.814929"><time>2026-05-23T10:36:34.900Z</time></trkpt>
<trkpt lat="54.393380" lon="18.814897"><time>2026-05-23T10:36:36.900Z</time></trkpt>
<trkpt lat="54.393369" lon="18.814861"><time>2026-05-23T10:36:38.900Z</time></trkpt>
<trkpt lat="54.393355" lon="18.814813"><time>2026-05-23T10:36:40.900Z</time></trkpt>
<trkpt lat="54.393339" lon="18.814777"><time>2026-05-23T10:36:42.900Z</time></trkpt>
<trkpt lat="54.393321" lon="18.814744"><time>2026-05-23T10:36:44.900Z</time></trkpt>
<trkpt lat="54.393305" lon="18.814708"><time>2026-05-23T10:36:46.900Z</time></trkpt>
<trkpt lat="54.393288" lon="18.814676"><time>2026-05-23T10:36:48.900Z</time></trkpt>
<trkpt lat="54.393272" lon="18.814641"><time>2026-05-23T10:36:50.900Z</time></trkpt>
<trkpt lat="54.393257" lon="18.814610"><time>2026-05-23T10:36:52.900Z</time></trkpt>
<trkpt lat="54.393240" lon="18.814578"><time>2026-05-23T10:36:55.000Z</time></trkpt>
<trkpt lat="54.393232" lon="18.814560"><time>2026-05-23T10:36:56.000Z</time></trkpt>
<trkpt lat="54.393216" lon="18.814526"><time>2026-05-23T10:36:58.000Z</time></trkpt>
<trkpt lat="54.393199" lon="18.814490"><time>2026-05-23T10:37:00.000Z</time></trkpt>
<trkpt lat="54.393183" lon="18.814454"><time>2026-05-23T10:37:02.000Z</time></trkpt>
<trkpt lat="54.393169" lon="18.814419"><time>2026-05-23T10:37:04.000Z</time></trkpt>
<trkpt lat="54.393152" lon="18.814383"><time>2026-05-23T10:37:06.000Z</time></trkpt>
<trkpt lat="54.393136" lon="18.814344"><time>2026-05-23T10:37:08.000Z</time></trkpt>
<trkpt lat="54.393120" lon="18.814306"><time>2026-05-23T10:37:10.000Z</time></trkpt>
<trkpt lat="54.393103" lon="18.814266"><time>2026-05-23T10:37:12.000Z</time></trkpt>
<trkpt lat="54.393088" lon="18.814226"><time>2026-05-23T10:37:14.000Z</time></trkpt>
<trkpt lat="54.393075" lon="18.814188"><time>2026-05-23T10:37:16.000Z</time></trkpt>
<trkpt lat="54.393061" lon="18.814151"><time>2026-05-23T10:37:18.000Z</time></trkpt>
<trkpt lat="54.393046" lon="18.814116"><time>2026-05-23T10:37:20.000Z</time></trkpt>
<trkpt lat="54.393028" lon="18.814080"><time>2026-05-23T10:37:22.000Z</time></trkpt>
<trkpt lat="54.393011" lon="18.814047"><time>2026-05-23T10:37:24.000Z</time></trkpt>
<trkpt lat="54.392993" lon="18.814015"><time>2026-05-23T10:37:26.000Z</time></trkpt>
<trkpt lat="54.392975" lon="18.813978"><time>2026-05-23T10:37:28.000Z</time></trkpt>
<trkpt lat="54.392958" lon="18.813944"><time>2026-05-23T10:37:30.000Z</time></trkpt>
<trkpt lat="54.392932" lon="18.813889"><time>2026-05-23T10:37:32.900Z</time></trkpt>
<trkpt lat="54.392913" lon="18.813850"><time>2026-05-23T10:37:34.900Z</time></trkpt>
<trkpt lat="54.392902" lon="18.813820"><time>2026-05-23T10:37:36.900Z</time></trkpt>
<trkpt lat="54.392889" lon="18.813790"><time>2026-05-23T10:37:38.900Z</time></trkpt>
<trkpt lat="54.392873" lon="18.813755"><time>2026-05-23T10:37:40.900Z</time></trkpt>
<trkpt lat="54.392854" lon="18.813718"><time>2026-05-23T10:37:42.900Z</time></trkpt>
<trkpt lat="54.392836" lon="18.813682"><time>2026-05-23T10:37:44.900Z</time></trkpt>
<trkpt lat="54.392817" lon="18.813645"><time>2026-05-23T10:37:46.900Z</time></trkpt>
<trkpt lat="54.392799" lon="18.813608"><time>2026-05-23T10:37:48.900Z</time></trkpt>
<trkpt lat="54.392782" lon="18.813572"><time>2026-05-23T10:37:50.900Z</time></trkpt>
<trkpt lat="54.392764" lon="18.813536"><time>2026-05-23T10:37:52.900Z</time></trkpt>
<trkpt lat="54.392746" lon="18.813499"><time>2026-05-23T10:37:54.900Z</time></trkpt>
<trkpt lat="54.392729" lon="18.813462"><time>2026-05-23T10:37:56.900Z</time></trkpt>
<trkpt lat="54.392711" lon="18.813425"><time>2026-05-23T10:37:58.900Z</time></trkpt>
<trkpt lat="54.392693" lon="18.813389"><time>2026-05-23T10:38:00.900Z</time></trkpt>
<trkpt lat="54.392675" lon="18.813354"><time>2026-05-23T10:38:02.900Z</time></trkpt>
<trkpt lat="54.392656" lon="18.813321"><time>2026-05-23T10:38:04.900Z</time></trkpt>
<trkpt lat="54.392638" lon="18.813287"><time>2026-05-23T10:38:06.900Z</time></trkpt>
<trkpt lat="54.392619" lon="18.813252"><time>2026-05-23T10:38:08.900Z</time></trkpt>
<trkpt lat="54.392600" lon="18.813217"><time>2026-05-23T10:38:10.900Z</time></trkpt>
<trkpt lat="54.392583" lon="18.813182"><time>2026-05-23T10:38:12.900Z</time></trkpt>
<trkpt lat="54.392564" lon="18.813146"><time>2026-05-23T10:38:14.900Z</time></trkpt>
<trkpt lat="54.392546" lon="18.813111"><time>2026-05-23T10:38:16.900Z</time></trkpt>
<trkpt lat="54.392527" lon="18.813076"><time>2026-05-23T10:38:18.900Z</time></trkpt>
<trkpt lat="54.392509" lon="18.813041"><time>2026-05-23T10:38:20.900Z</time></trkpt>
<trkpt lat="54.392491" lon="18.813005"><time>2026-05-23T10:38:22.900Z</time></trkpt>
<trkpt lat="54.392474" lon="18.812970"><time>2026-05-23T10:38:24.900Z</time></trkpt>
<trkpt lat="54.392457" lon="18.812934"><time>2026-05-23T10:38:26.900Z</time></trkpt>
<trkpt lat="54.392440" lon="18.812898"><time>2026-05-23T10:38:28.900Z</time></trkpt>
<trkpt lat="54.392423" lon="18.812863"><time>2026-05-23T10:38:30.900Z</time></trkpt>
<trkpt lat="54.392406" lon="18.812827"><time>2026-05-23T10:38:32.900Z</time></trkpt>
<trkpt lat="54.392389" lon="18.812791"><time>2026-05-23T10:38:34.900Z</time></trkpt>
<trkpt lat="54.392371" lon="18.812755"><time>2026-05-23T10:38:36.900Z</time></trkpt>
<trkpt lat="54.392353" lon="18.812720"><time>2026-05-23T10:38:38.900Z</time></trkpt>
<trkpt lat="54.392336" lon="18.812684"><time>2026-05-23T10:38:40.900Z</time></trkpt>
<trkpt lat="54.392318" lon="18.812649"><time>2026-05-23T10:38:42.900Z</time></trkpt>
<trkpt lat="54.392301" lon="18.812613"><time>2026-05-23T10:38:44.900Z</time></trkpt>
<trkpt lat="54.392284" lon="18.812576"><time>2026-05-23T10:38:46.900Z</time></trkpt>
<trkpt lat="54.392266" lon="18.812538"><time>2026-05-23T10:38:48.900Z</time></trkpt>
<trkpt lat="54.392249" lon="18.812501"><time>2026-05-23T10:38:50.900Z</time></trkpt>
<trkpt lat="54.392231" lon="18.812465"><time>2026-05-23T10:38:52.900Z</time></trkpt>
<trkpt lat="54.392213" lon="18.812429"><time>2026-05-23T10:38:54.900Z</time></trkpt>
<trkpt lat="54.392195" lon="18.812392"><time>2026-05-23T10:38:56.900Z</time></trkpt>
<trkpt lat="54.392176" lon="18.812356"><time>2026-05-23T10:38:58.900Z</time></trkpt>
<trkpt lat="54.392157" lon="18.812320"><time>2026-05-23T10:39:01.000Z</time></trkpt>
<trkpt lat="54.392147" lon="18.812302"><time>2026-05-23T10:39:02.000Z</time></trkpt>
<trkpt lat="54.392130" lon="18.812266"><time>2026-05-23T10:39:04.000Z</time></trkpt>
<trkpt lat="54.392113" lon="18.812231"><time>2026-05-23T10:39:06.000Z</time></trkpt>
<trkpt lat="54.392094" lon="18.812194"><time>2026-05-23T10:39:08.000Z</time></trkpt>
<trkpt lat="54.392077" lon="18.812158"><time>2026-05-23T10:39:10.000Z</time></trkpt>
<trkpt lat="54.392059" lon="18.812121"><time>2026-05-23T10:39:12.000Z</time></trkpt>
<trkpt lat="54.392041" lon="18.812082"><time>2026-05-23T10:39:14.000Z</time></trkpt>
<trkpt lat="54.392024" lon="18.812044"><time>2026-05-23T10:39:16.000Z</time></trkpt>
<trkpt lat="54.392006" lon="18.812007"><time>2026-05-23T10:39:18.000Z</time></trkpt>
<trkpt lat="54.391989" lon="18.811971"><time>2026-05-23T10:39:20.000Z</time></trkpt>
<trkpt lat="54.391977" lon="18.811941"><time>2026-05-23T10:39:22.000Z</time></trkpt>
<trkpt lat="54.391961" lon="18.811905"><time>2026-05-23T10:39:24.000Z</time></trkpt>
<trkpt lat="54.391942" lon="18.811868"><time>2026-05-23T10:39:26.000Z</time></trkpt>
<trkpt lat="54.391926" lon="18.811832"><time>2026-05-23T10:39:28.000Z</time></trkpt>
<trkpt lat="54.391907" lon="18.811796"><time>2026-05-23T10:39:30.000Z</time></trkpt>
<trkpt lat="54.391891" lon="18.811760"><time>2026-05-23T10:39:32.000Z</time></trkpt>
<trkpt lat="54.391864" lon="18.811707"><time>2026-05-23T10:39:34.900Z</time></trkpt>
<trkpt lat="54.391845" lon="18.811670"><time>2026-05-23T10:39:36.900Z</time></trkpt>
<trkpt lat="54.391828" lon="18.811635"><time>2026-05-23T10:39:38.900Z</time></trkpt>
<trkpt lat="54.391810" lon="18.811597"><time>2026-05-23T10:39:40.900Z</time></trkpt>
<trkpt lat="54.391794" lon="18.811561"><time>2026-05-23T10:39:42.900Z</time></trkpt>
<trkpt lat="54.391776" lon="18.811524"><time>2026-05-23T10:39:44.900Z</time></trkpt>
<trkpt lat="54.391757" lon="18.811486"><time>2026-05-23T10:39:46.900Z</time></trkpt>
<trkpt lat="54.391740" lon="18.811449"><time>2026-05-23T10:39:48.900Z</time></trkpt>
<trkpt lat="54.391723" lon="18.811412"><time>2026-05-23T10:39:50.900Z</time></trkpt>
<trkpt lat="54.391706" lon="18.811375"><time>2026-05-23T10:39:52.900Z</time></trkpt>
<trkpt lat="54.391689" lon="18.811339"><time>2026-05-23T10:39:54.900Z</time></trkpt>
<trkpt lat="54.391673" lon="18.811303"><time>2026-05-23T10:39:56.900Z</time></trkpt>
<trkpt lat="54.391656" lon="18.811265"><time>2026-05-23T10:39:58.900Z</time></trkpt>
<trkpt lat="54.391641" lon="18.811227"><time>2026-05-23T10:40:00.900Z</time></trkpt>
<trkpt lat="54.391624" lon="18.811189"><time>2026-05-23T10:40:02.900Z</time></trkpt>
<trkpt lat="54.391608" lon="18.811150"><time>2026-05-23T10:40:04.900Z</time></trkpt>
<trkpt lat="54.391594" lon="18.811112"><time>2026-05-23T10:40:06.900Z</time></trkpt>
<trkpt lat="54.391579" lon="18.811073"><time>2026-05-23T10:40:08.900Z</time></trkpt>
<trkpt lat="54.391564" lon="18.811034"><time>2026-05-23T10:40:10.900Z</time></trkpt>
<trkpt lat="54.391550" lon="18.810997"><time>2026-05-23T10:40:12.900Z</time></trkpt>
<trkpt lat="54.391534" lon="18.810960"><time>2026-05-23T10:40:14.900Z</time></trkpt>
<trkpt lat="54.391517" lon="18.810921"><time>2026-05-23T10:40:16.900Z</time></trkpt>
<trkpt lat="54.391500" lon="18.810884"><time>2026-05-23T10:40:18.900Z</time></trkpt>
<trkpt lat="54.391483" lon="18.810847"><time>2026-05-23T10:40:20.900Z</time></trkpt>
<trkpt lat="54.391466" lon="18.810808"><time>2026-05-23T10:40:22.900Z</time></trkpt>
<trkpt lat="54.391450" lon="18.810772"><time>2026-05-23T10:40:24.900Z</time></trkpt>
<trkpt lat="54.391432" lon="18.810734"><time>2026-05-23T10:40:26.900Z</time></trkpt>
<trkpt lat="54.391416" lon="18.810697"><time>2026-05-23T10:40:28.900Z</time></trkpt>
<trkpt lat="54.391401" lon="18.810664"><time>2026-05-23T10:40:30.900Z</time></trkpt>
<trkpt lat="54.391386" lon="18.810627"><time>2026-05-23T10:40:32.900Z</time></trkpt>
<trkpt lat="54.391371" lon="18.810592"><time>2026-05-23T10:40:34.900Z</time></trkpt>
<trkpt lat="54.391353" lon="18.810553"><time>2026-05-23T10:40:36.900Z</time></trkpt>
<trkpt lat="54.391339" lon="18.810515"><time>2026-05-23T10:40:38.900Z</time></trkpt>
<trkpt lat="54.391323" lon="18.810477"><time>2026-05-23T10:40:40.900Z</time></trkpt>
<trkpt lat="54.391306" lon="18.810438"><time>2026-05-23T10:40:42.900Z</time></trkpt>
<trkpt lat="54.391292" lon="18.810402"><time>2026-05-23T10:40:44.900Z</time></trkpt>
<trkpt lat="54.391277" lon="18.810366"><time>2026-05-23T10:40:46.900Z</time></trkpt>
<trkpt lat="54.391262" lon="18.810326"><time>2026-05-23T10:40:48.900Z</time></trkpt>
<trkpt lat="54.391246" lon="18.810285"><time>2026-05-23T10:40:50.900Z</time></trkpt>
<trkpt lat="54.391232" lon="18.810250"><time>2026-05-23T10:40:52.900Z</time></trkpt>
<trkpt lat="54.391217" lon="18.810214"><time>2026-05-23T10:40:54.900Z</time></trkpt>
<trkpt lat="54.391203" lon="18.810179"><time>2026-05-23T10:40:56.900Z</time></trkpt>
<trkpt lat="54.391189" lon="18.810141"><time>2026-05-23T10:40:58.900Z</time></trkpt>
<trkpt lat="54.391174" lon="18.810103"><time>2026-05-23T10:41:00.900Z</time></trkpt>
<trkpt lat="54.391158" lon="18.810065"><time>2026-05-23T10:41:02.900Z</time></trkpt>
<trkpt lat="54.391142" lon="18.810026"><time>2026-05-23T10:41:04.900Z</time></trkpt>
<trkpt lat="54.391126" lon="18.809988"><time>2026-05-23T10:41:07.000Z</time></trkpt>
<trkpt lat="54.391119" lon="18.809969"><time>2026-05-23T10:41:08.000Z</time></trkpt>
<trkpt lat="54.391104" lon="18.809932"><time>2026-05-23T10:41:10.000Z</time></trkpt>
<trkpt lat="54.391089" lon="18.809894"><time>2026-05-23T10:41:12.000Z</time></trkpt>
<trkpt lat="54.391073" lon="18.809856"><time>2026-05-23T10:41:14.000Z</time></trkpt>
<trkpt lat="54.391061" lon="18.809823"><time>2026-05-23T10:41:16.000Z</time></trkpt>
<trkpt lat="54.391047" lon="18.809786"><time>2026-05-23T10:41:18.000Z</time></trkpt>
<trkpt lat="54.391030" lon="18.809749"><time>2026-05-23T10:41:20.000Z</time></trkpt>
<trkpt lat="54.391013" lon="18.809711"><time>2026-05-23T10:41:22.000Z</time></trkpt>
<trkpt lat="54.390997" lon="18.809672"><time>2026-05-23T10:41:24.000Z</time></trkpt>
<trkpt lat="54.390980" lon="18.809633"><time>2026-05-23T10:41:26.000Z</time></trkpt>
<trkpt lat="54.390963" lon="18.809595"><time>2026-05-23T10:41:28.000Z</time></trkpt>
<trkpt lat="54.390947" lon="18.809556"><time>2026-05-23T10:41:30.000Z</time></trkpt>
<trkpt lat="54.390930" lon="18.809518"><time>2026-05-23T10:41:32.000Z</time></trkpt>
<trkpt lat="54.390913" lon="18.809480"><time>2026-05-23T10:41:34.000Z</time></trkpt>
<trkpt lat="54.390887" lon="18.809425"><time>2026-05-23T10:41:36.900Z</time></trkpt>
<trkpt lat="54.390870" lon="18.809388"><time>2026-05-23T10:41:38.900Z</time></trkpt>
<trkpt lat="54.390852" lon="18.809349"><time>2026-05-23T10:41:40.900Z</time></trkpt>
<trkpt lat="54.390835" lon="18.809311"><time>2026-05-23T10:41:42.900Z</time></trkpt>
<trkpt lat="54.390819" lon="18.809273"><time>2026-05-23T10:41:44.900Z</time></trkpt>
<trkpt lat="54.390804" lon="18.809236"><time>2026-05-23T10:41:46.900Z</time></trkpt>
<trkpt lat="54.390789" lon="18.809197"><time>2026-05-23T10:41:48.900Z</time></trkpt>
<trkpt lat="54.390774" lon="18.809158"><time>2026-05-23T10:41:50.900Z</time></trkpt>
<trkpt lat="54.390757" lon="18.809118"><time>2026-05-23T10:41:52.900Z</time></trkpt>
<trkpt lat="54.390741" lon="18.809077"><time>2026-05-23T10:41:54.900Z</time></trkpt>
<trkpt lat="54.390726" lon="18.809038"><time>2026-05-23T10:41:56.900Z</time></trkpt>
<trkpt lat="54.390709" lon="18.809001"><time>2026-05-23T10:41:58.900Z</time></trkpt>
<trkpt lat="54.390694" lon="18.808962"><time>2026-05-23T10:42:00.900Z</time></trkpt>
<trkpt lat="54.390677" lon="18.808924"><time>2026-05-23T10:42:02.900Z</time></trkpt>
<trkpt lat="54.390661" lon="18.808888"><time>2026-05-23T10:42:04.900Z</time></trkpt>
<trkpt lat="54.390646" lon="18.808849"><time>2026-05-23T10:42:06.900Z</time></trkpt>
<trkpt lat="54.390630" lon="18.808811"><time>2026-05-23T10:42:08.900Z</time></trkpt>
<trkpt lat="54.390613" lon="18.808772"><time>2026-05-23T10:42:10.900Z</time></trkpt>
<trkpt lat="54.390596" lon="18.808735"><time>2026-05-23T10:42:12.900Z</time></trkpt>
<trkpt lat="54.390579" lon="18.808696"><time>2026-05-23T10:42:14.900Z</time></trkpt>
<trkpt lat="54.390561" lon="18.808657"><time>2026-05-23T10:42:16.900Z</time></trkpt>
<trkpt lat="54.390543" lon="18.808619"><time>2026-05-23T10:42:18.900Z</time></trkpt>
<trkpt lat="54.390525" lon="18.808580"><time>2026-05-23T10:42:20.900Z</time></trkpt>
<trkpt lat="54.390508" lon="18.808544"><time>2026-05-23T10:42:22.900Z</time></trkpt>
<trkpt lat="54.390490" lon="18.808507"><time>2026-05-23T10:42:24.900Z</time></trkpt>
<trkpt lat="54.390472" lon="18.808469"><time>2026-05-23T10:42:26.900Z</time></trkpt>
<trkpt lat="54.390454" lon="18.808432"><time>2026-05-23T10:42:28.900Z</time></trkpt>
<trkpt lat="54.390435" lon="18.808394"><time>2026-05-23T10:42:30.900Z</time></trkpt>
<trkpt lat="54.390417" lon="18.808356"><time>2026-05-23T10:42:32.900Z</time></trkpt>
<trkpt lat="54.390398" lon="18.808319"><time>2026-05-23T10:42:34.900Z</time></trkpt>
<trkpt lat="54.390381" lon="18.808280"><time>2026-05-23T10:42:36.900Z</time></trkpt>
<trkpt lat="54.390363" lon="18.808243"><time>2026-05-23T10:42:38.900Z</time></trkpt>
<trkpt lat="54.390346" lon="18.808205"><time>2026-05-23T10:42:40.900Z</time></trkpt>
<trkpt lat="54.390328" lon="18.808168"><time>2026-05-23T10:42:42.900Z</time></trkpt>
<trkpt lat="54.390311" lon="18.808129"><time>2026-05-23T10:42:44.900Z</time></trkpt>
<trkpt lat="54.390292" lon="18.808092"><time>2026-05-23T10:42:46.900Z</time></trkpt>
<trkpt lat="54.390274" lon="18.808053"><time>2026-05-23T10:42:48.900Z</time></trkpt>
<trkpt lat="54.390255" lon="18.808013"><time>2026-05-23T10:42:50.900Z</time></trkpt>
<trkpt lat="54.390237" lon="18.807974"><time>2026-05-23T10:42:52.900Z</time></trkpt>
<trkpt lat="54.390219" lon="18.807935"><time>2026-05-23T10:42:54.900Z</time></trkpt>
<trkpt lat="54.390202" lon="18.807897"><time>2026-05-23T10:42:56.900Z</time></trkpt>
<trkpt lat="54.390183" lon="18.807859"><time>2026-05-23T10:42:58.900Z</time></trkpt>
<trkpt lat="54.390164" lon="18.807821"><time>2026-05-23T10:43:00.900Z</time></trkpt>
<trkpt lat="54.390146" lon="18.807781"><time>2026-05-23T10:43:02.900Z</time></trkpt>
<trkpt lat="54.390126" lon="18.807744"><time>2026-05-23T10:43:04.900Z</time></trkpt>
<trkpt lat="54.390108" lon="18.807705"><time>2026-05-23T10:43:06.900Z</time></trkpt>
<trkpt lat="54.390090" lon="18.807666"><time>2026-05-23T10:43:08.900Z</time></trkpt>
<trkpt lat="54.390071" lon="18.807627"><time>2026-05-23T10:43:10.900Z</time></trkpt>
<trkpt lat="54.390053" lon="18.807589"><time>2026-05-23T10:43:13.000Z</time></trkpt>
<trkpt lat="54.390045" lon="18.807570"><time>2026-05-23T10:43:14.000Z</time></trkpt>
<trkpt lat="54.390026" lon="18.807531"><time>2026-05-23T10:43:16.000Z</time></trkpt>
<trkpt lat="54.390008" lon="18.807491"><time>2026-05-23T10:43:18.000Z</time></trkpt>
<trkpt lat="54.389991" lon="18.807453"><time>2026-05-23T10:43:20.000Z</time></trkpt>
<trkpt lat="54.389974" lon="18.807415"><time>2026-05-23T10:43:22.000Z</time></trkpt>
<trkpt lat="54.389956" lon="18.807377"><time>2026-05-23T10:43:24.000Z</time></trkpt>
<trkpt lat="54.389940" lon="18.807339"><time>2026-05-23T10:43:26.000Z</time></trkpt>
<trkpt lat="54.389922" lon="18.807300"><time>2026-05-23T10:43:28.000Z</time></trkpt>
<trkpt lat="54.389903" lon="18.807262"><time>2026-05-23T10:43:30.000Z</time></trkpt>
<trkpt lat="54.389887" lon="18.807224"><time>2026-05-23T10:43:32.000Z</time></trkpt>
<trkpt lat="54.389870" lon="18.807187"><time>2026-05-23T10:43:34.000Z</time></trkpt>
<trkpt lat="54.389852" lon="18.807148"><time>2026-05-23T10:43:36.000Z</time></trkpt>
<trkpt lat="54.389833" lon="18.807109"><time>2026-05-23T10:43:38.000Z</time></trkpt>
<trkpt lat="54.389814" lon="18.807069"><time>2026-05-23T10:43:40.000Z</time></trkpt>
<trkpt lat="54.389788" lon="18.807010"><time>2026-05-23T10:43:42.900Z</time></trkpt>
<trkpt lat="54.389770" lon="18.806970"><time>2026-05-23T10:43:44.900Z</time></trkpt>
<trkpt lat="54.389752" lon="18.806930"><time>2026-05-23T10:43:46.900Z</time></trkpt>
<trkpt lat="54.389733" lon="18.806892"><time>2026-05-23T10:43:48.900Z</time></trkpt>
<trkpt lat="54.389713" lon="18.806853"><time>2026-05-23T10:43:50.900Z</time></trkpt>
<trkpt lat="54.389694" lon="18.806814"><time>2026-05-23T10:43:52.900Z</time></trkpt>
<trkpt lat="54.389675" lon="18.806777"><time>2026-05-23T10:43:54.900Z</time></trkpt>
<trkpt lat="54.389656" lon="18.806737"><time>2026-05-23T10:43:56.900Z</time></trkpt>
<trkpt lat="54.389638" lon="18.806699"><time>2026-05-23T10:43:58.900Z</time></trkpt>
<trkpt lat="54.389619" lon="18.806660"><time>2026-05-23T10:44:00.900Z</time></trkpt>
<trkpt lat="54.389601" lon="18.806621"><time>2026-05-23T10:44:02.900Z</time></trkpt>
<trkpt lat="54.389582" lon="18.806583"><time>2026-05-23T10:44:04.900Z</time></trkpt>
<trkpt lat="54.389563" lon="18.806542"><time>2026-05-23T10:44:06.900Z</time></trkpt>
<trkpt lat="54.389545" lon="18.806504"><time>2026-05-23T10:44:08.900Z</time></trkpt>
<trkpt lat="54.389526" lon="18.806466"><time>2026-05-23T10:44:10.900Z</time></trkpt>
<trkpt lat="54.389507" lon="18.806425"><time>2026-05-23T10:44:12.900Z</time></trkpt>
<trkpt lat="54.389487" lon="18.806385"><time>2026-05-23T10:44:14.900Z</time></trkpt>
<trkpt lat="54.389469" lon="18.806344"><time>2026-05-23T10:44:16.900Z</time></trkpt>
<trkpt lat="54.389450" lon="18.806304"><time>2026-05-23T10:44:18.900Z</time></trkpt>
<trkpt lat="54.389432" lon="18.806264"><time>2026-05-23T10:44:20.900Z</time></trkpt>
<trkpt lat="54.389412" lon="18.806224"><time>2026-05-23T10:44:22.900Z</time></trkpt>
<trkpt lat="54.389393" lon="18.806187"><time>2026-05-23T10:44:24.900Z</time></trkpt>
<trkpt lat="54.389372" lon="18.806148"><time>2026-05-23T10:44:26.900Z</time></trkpt>
<trkpt lat="54.389353" lon="18.806108"><time>2026-05-23T10:44:28.900Z</time></trkpt>
<trkpt lat="54.389336" lon="18.806068"><time>2026-05-23T10:44:30.900Z</time></trkpt>
<trkpt lat="54.389317" lon="18.806028"><time>2026-05-23T10:44:32.900Z</time></trkpt>
<trkpt lat="54.389299" lon="18.805990"><time>2026-05-23T10:44:34.900Z</time></trkpt>
<trkpt lat="54.389280" lon="18.805951"><time>2026-05-23T10:44:36.900Z</time></trkpt>
<trkpt lat="54.389263" lon="18.805913"><time>2026-05-23T10:44:38.900Z</time></trkpt>
<trkpt lat="54.389244" lon="18.805875"><time>2026-05-23T10:44:40.900Z</time></trkpt>
<trkpt lat="54.389226" lon="18.805838"><time>2026-05-23T10:44:42.900Z</time></trkpt>
<trkpt lat="54.389208" lon="18.805799"><time>2026-05-23T10:44:44.900Z</time></trkpt>
<trkpt lat="54.389189" lon="18.805758"><time>2026-05-23T10:44:46.900Z</time></trkpt>
<trkpt lat="54.389171" lon="18.805718"><time>2026-05-23T10:44:48.900Z</time></trkpt>
<trkpt lat="54.389153" lon="18.805676"><time>2026-05-23T10:44:50.900Z</time></trkpt>
<trkpt lat="54.389135" lon="18.805634"><time>2026-05-23T10:44:52.900Z</time></trkpt>
<trkpt lat="54.389117" lon="18.805592"><time>2026-05-23T10:44:54.900Z</time></trkpt>
<trkpt lat="54.389099" lon="18.805552"><time>2026-05-23T10:44:56.900Z</time></trkpt>
<trkpt lat="54.389081" lon="18.805510"><time>2026-05-23T10:44:58.900Z</time></trkpt>
<trkpt lat="54.389063" lon="18.805470"><time>2026-05-23T10:45:00.900Z</time></trkpt>
<trkpt lat="54.389045" lon="18.805431"><time>2026-05-23T10:45:02.900Z</time></trkpt>
<trkpt lat="54.389028" lon="18.805391"><time>2026-05-23T10:45:04.900Z</time></trkpt>
<trkpt lat="54.389010" lon="18.805351"><time>2026-05-23T10:45:06.900Z</time></trkpt>
<trkpt lat="54.388993" lon="18.805312"><time>2026-05-23T10:45:08.900Z</time></trkpt>
<trkpt lat="54.388976" lon="18.805271"><time>2026-05-23T10:45:10.900Z</time></trkpt>
<trkpt lat="54.388958" lon="18.805231"><time>2026-05-23T10:45:12.900Z</time></trkpt>
<trkpt lat="54.388941" lon="18.805191"><time>2026-05-23T10:45:14.900Z</time></trkpt>
<trkpt lat="54.388924" lon="18.805151"><time>2026-05-23T10:45:16.900Z</time></trkpt>
<trkpt lat="54.388907" lon="18.805110"><time>2026-05-23T10:45:19.000Z</time></trkpt>
<trkpt lat="54.388899" lon="18.805090"><time>2026-05-23T10:45:20.000Z</time></trkpt>
<trkpt lat="54.388882" lon="18.805050"><time>2026-05-23T10:45:22.000Z</time></trkpt>
<trkpt lat="54.388865" lon="18.805010"><time>2026-05-23T10:45:24.000Z</time></trkpt>
<trkpt lat="54.388848" lon="18.804973"><time>2026-05-23T10:45:26.000Z</time></trkpt>
<trkpt lat="54.388831" lon="18.804936"><time>2026-05-23T10:45:28.000Z</time></trkpt>
<trkpt lat="54.388814" lon="18.804899"><time>2026-05-23T10:45:30.000Z</time></trkpt>
<trkpt lat="54.388796" lon="18.804863"><time>2026-05-23T10:45:32.000Z</time></trkpt>
<trkpt lat="54.388779" lon="18.804828"><time>2026-05-23T10:45:34.000Z</time></trkpt>
<trkpt lat="54.388762" lon="18.804790"><time>2026-05-23T10:45:36.000Z</time></trkpt>
<trkpt lat="54.388745" lon="18.804751"><time>2026-05-23T10:45:38.000Z</time></trkpt>
<trkpt lat="54.388728" lon="18.804710"><time>2026-05-23T10:45:40.000Z</time></trkpt>
<trkpt lat="54.388712" lon="18.804668"><time>2026-05-23T10:45:42.000Z</time></trkpt>
<trkpt lat="54.388696" lon="18.804625"><time>2026-05-23T10:45:44.000Z</time></trkpt>
<trkpt lat="54.388680" lon="18.804582"><time>2026-05-23T10:45:46.000Z</time></trkpt>
<trkpt lat="54.388654" lon="18.804519"><time>2026-05-23T10:45:48.900Z</time></trkpt>
<trkpt lat="54.388636" lon="18.804480"><time>2026-05-23T10:45:50.900Z</time></trkpt>
<trkpt lat="54.388616" lon="18.804440"><time>2026-05-23T10:45:52.900Z</time></trkpt>
<trkpt lat="54.388598" lon="18.804401"><time>2026-05-23T10:45:54.900Z</time></trkpt>
<trkpt lat="54.388579" lon="18.804361"><time>2026-05-23T10:45:56.900Z</time></trkpt>
<trkpt lat="54.388560" lon="18.804321"><time>2026-05-23T10:45:58.900Z</time></trkpt>
<trkpt lat="54.388541" lon="18.804284"><time>2026-05-23T10:46:00.900Z</time></trkpt>
<trkpt lat="54.388521" lon="18.804243"><time>2026-05-23T10:46:02.900Z</time></trkpt>
<trkpt lat="54.388502" lon="18.804203"><time>2026-05-23T10:46:04.900Z</time></trkpt>
<trkpt lat="54.388483" lon="18.804163"><time>2026-05-23T10:46:06.900Z</time></trkpt>
<trkpt lat="54.388463" lon="18.804122"><time>2026-05-23T10:46:08.900Z</time></trkpt>
<trkpt lat="54.388444" lon="18.804080"><time>2026-05-23T10:46:10.900Z</time></trkpt>
<trkpt lat="54.388424" lon="18.804039"><time>2026-05-23T10:46:12.900Z</time></trkpt>
<trkpt lat="54.388405" lon="18.803999"><time>2026-05-23T10:46:14.900Z</time></trkpt>
<trkpt lat="54.388386" lon="18.803958"><time>2026-05-23T10:46:16.900Z</time></trkpt>
<trkpt lat="54.388367" lon="18.803915"><time>2026-05-23T10:46:18.900Z</time></trkpt>
<trkpt lat="54.388349" lon="18.803874"><time>2026-05-23T10:46:20.900Z</time></trkpt>
<trkpt lat="54.388331" lon="18.803832"><time>2026-05-23T10:46:22.900Z</time></trkpt>
<trkpt lat="54.388313" lon="18.803791"><time>2026-05-23T10:46:24.900Z</time></trkpt>
<trkpt lat="54.388304" lon="18.803766"><time>2026-05-23T10:46:26.900Z</time></trkpt>
<trkpt lat="54.388286" lon="18.803731"><time>2026-05-23T10:46:28.900Z</time></trkpt>
<trkpt lat="54.388264" lon="18.803687"><time>2026-05-23T10:46:30.900Z</time></trkpt>
<trkpt lat="54.388241" lon="18.803648"><time>2026-05-23T10:46:32.900Z</time></trkpt>
<trkpt lat="54.388220" lon="18.803610"><time>2026-05-23T10:46:34.900Z</time></trkpt>
<trkpt lat="54.388198" lon="18.803571"><time>2026-05-23T10:46:36.900Z</time></trkpt>
<trkpt lat="54.388176" lon="18.803534"><time>2026-05-23T10:46:38.900Z</time></trkpt>
<trkpt lat="54.388154" lon="18.803497"><time>2026-05-23T10:46:40.900Z</time></trkpt>
<trkpt lat="54.388132" lon="18.803459"><time>2026-05-23T10:46:42.900Z</time></trkpt>
<trkpt lat="54.388111" lon="18.803420"><time>2026-05-23T10:46:44.900Z</time></trkpt>
<trkpt lat="54.388085" lon="18.803382"><time>2026-05-23T10:46:46.900Z</time></trkpt>
<trkpt lat="54.388057" lon="18.803330"><time>2026-05-23T10:46:48.900Z</time></trkpt>
<trkpt lat="54.388034" lon="18.803281"><time>2026-05-23T10:46:50.900Z</time></trkpt>
<trkpt lat="54.388014" lon="18.803243"><time>2026-05-23T10:46:52.900Z</time></trkpt>
<trkpt lat="54.387994" lon="18.803203"><time>2026-05-23T10:46:54.900Z</time></trkpt>
<trkpt lat="54.387974" lon="18.803165"><time>2026-05-23T10:46:56.900Z</time></trkpt>
<trkpt lat="54.387954" lon="18.803129"><time>2026-05-23T10:46:58.900Z</time></trkpt>
<trkpt lat="54.387934" lon="18.803092"><time>2026-05-23T10:47:00.900Z</time></trkpt>
<trkpt lat="54.387917" lon="18.803065"><time>2026-05-23T10:47:02.900Z</time></trkpt>
<trkpt lat="54.387896" lon="18.803039"><time>2026-05-23T10:47:04.900Z</time></trkpt>
<trkpt lat="54.387879" lon="18.803016"><time>2026-05-23T10:47:06.900Z</time></trkpt>
<trkpt lat="54.387854" lon="18.802979"><time>2026-05-23T10:47:08.900Z</time></trkpt>
<trkpt lat="54.387830" lon="18.802940"><time>2026-05-23T10:47:10.900Z</time></trkpt>
<trkpt lat="54.387807" lon="18.802898"><time>2026-05-23T10:47:12.900Z</time></trkpt>
<trkpt lat="54.387783" lon="18.802842"><time>2026-05-23T10:47:14.900Z</time></trkpt>
<trkpt lat="54.387761" lon="18.802783"><time>2026-05-23T10:47:16.900Z</time></trkpt>
<trkpt lat="54.387737" lon="18.802731"><time>2026-05-23T10:47:18.900Z</time></trkpt>
<trkpt lat="54.387715" lon="18.802682"><time>2026-05-23T10:47:20.900Z</time></trkpt>
<trkpt lat="54.387694" lon="18.802638"><time>2026-05-23T10:47:22.900Z</time></trkpt>
<trkpt lat="54.387673" lon="18.802593"><time>2026-05-23T10:47:25.000Z</time></trkpt>
<trkpt lat="54.387668" lon="18.802568"><time>2026-05-23T10:47:26.000Z</time></trkpt>
<trkpt lat="54.387654" lon="18.802521"><time>2026-05-23T10:47:28.000Z</time></trkpt>
<trkpt lat="54.387635" lon="18.802471"><time>2026-05-23T10:47:30.000Z</time></trkpt>
<trkpt lat="54.387610" lon="18.802433"><time>2026-05-23T10:47:32.000Z</time></trkpt>
<trkpt lat="54.387592" lon="18.802390"><time>2026-05-23T10:47:34.000Z</time></trkpt>
<trkpt lat="54.387574" lon="18.802357"><time>2026-05-23T10:47:36.000Z</time></trkpt>
<trkpt lat="54.387560" lon="18.802318"><time>2026-05-23T10:47:38.000Z</time></trkpt>
<trkpt lat="54.387541" lon="18.802286"><time>2026-05-23T10:47:40.000Z</time></trkpt>
<trkpt lat="54.387515" lon="18.802260"><time>2026-05-23T10:47:42.000Z</time></trkpt>
<trkpt lat="54.387491" lon="18.802230"><time>2026-05-23T10:47:44.000Z</time></trkpt>
<trkpt lat="54.387467" lon="18.802196"><time>2026-05-23T10:47:46.000Z</time></trkpt>
<trkpt lat="54.387447" lon="18.802156"><time>2026-05-23T10:47:48.000Z</time></trkpt>
<trkpt lat="54.387424" lon="18.802099"><time>2026-05-23T10:47:50.900Z</time></trkpt>
<trkpt lat="54.387400" lon="18.802054"><time>2026-05-23T10:47:52.900Z</time></trkpt>
<trkpt lat="54.387367" lon="18.802000"><time>2026-05-23T10:47:54.900Z</time></trkpt>
<trkpt lat="54.387346" lon="18.801964"><time>2026-05-23T10:47:56.900Z</time></trkpt>
<trkpt lat="54.387327" lon="18.801927"><time>2026-05-23T10:47:58.900Z</time></trkpt>
<trkpt lat="54.387304" lon="18.801888"><time>2026-05-23T10:48:00.900Z</time></trkpt>
<trkpt lat="54.387283" lon="18.801850"><time>2026-05-23T10:48:02.900Z</time></trkpt>
<trkpt lat="54.387263" lon="18.801812"><time>2026-05-23T10:48:04.900Z</time></trkpt>
<trkpt lat="54.387242" lon="18.801774"><time>2026-05-23T10:48:06.900Z</time></trkpt>
<trkpt lat="54.387220" lon="18.801735"><time>2026-05-23T10:48:08.900Z</time></trkpt>
<trkpt lat="54.387200" lon="18.801702"><time>2026-05-23T10:48:10.900Z</time></trkpt>
<trkpt lat="54.387176" lon="18.801661"><time>2026-05-23T10:48:12.900Z</time></trkpt>
<trkpt lat="54.387158" lon="18.801621"><time>2026-05-23T10:48:14.900Z</time></trkpt>
<trkpt lat="54.387140" lon="18.801584"><time>2026-05-23T10:48:16.900Z</time></trkpt>
<trkpt lat="54.387120" lon="18.801555"><time>2026-05-23T10:48:18.900Z</time></trkpt>
<trkpt lat="54.387100" lon="18.801520"><time>2026-05-23T10:48:20.900Z</time></trkpt>
<trkpt lat="54.387083" lon="18.801476"><time>2026-05-23T10:48:22.900Z</time></trkpt>
<trkpt lat="54.387060" lon="18.801429"><time>2026-05-23T10:48:24.900Z</time></trkpt>
<trkpt lat="54.387038" lon="18.801385"><time>2026-05-23T10:48:26.900Z</time></trkpt>
<trkpt lat="54.387021" lon="18.801355"><time>2026-05-23T10:48:28.900Z</time></trkpt>
<trkpt lat="54.387000" lon="18.801314"><time>2026-05-23T10:48:30.900Z</time></trkpt>
<trkpt lat="54.386979" lon="18.801276"><time>2026-05-23T10:48:32.900Z</time></trkpt>
<trkpt lat="54.386962" lon="18.801258"><time>2026-05-23T10:48:34.900Z</time></trkpt>
<trkpt lat="54.386940" lon="18.801229"><time>2026-05-23T10:48:36.900Z</time></trkpt>
<trkpt lat="54.386920" lon="18.801187"><time>2026-05-23T10:48:38.900Z</time></trkpt>
<trkpt lat="54.386902" lon="18.801145"><time>2026-05-23T10:48:40.900Z</time></trkpt>
<trkpt lat="54.386882" lon="18.801107"><time>2026-05-23T10:48:42.900Z</time></trkpt>
<trkpt lat="54.386862" lon="18.801070"><time>2026-05-23T10:48:44.900Z</time></trkpt>
<trkpt lat="54.386843" lon="18.801032"><time>2026-05-23T10:48:46.900Z</time></trkpt>
<trkpt lat="54.386822" lon="18.800995"><time>2026-05-23T10:48:48.900Z</time></trkpt>
<trkpt lat="54.386800" lon="18.800958"><time>2026-05-23T10:48:50.900Z</time></trkpt>
<trkpt lat="54.386778" lon="18.800921"><time>2026-05-23T10:48:52.900Z</time></trkpt>
<trkpt lat="54.386755" lon="18.800881"><time>2026-05-23T10:48:54.900Z</time></trkpt>
<trkpt lat="54.386733" lon="18.800842"><time>2026-05-23T10:48:56.900Z</time></trkpt>
<trkpt lat="54.386711" lon="18.800802"><time>2026-05-23T10:48:58.900Z</time></trkpt>
<trkpt lat="54.386690" lon="18.800762"><time>2026-05-23T10:49:00.900Z</time></trkpt>
<trkpt lat="54.386669" lon="18.800722"><time>2026-05-23T10:49:02.900Z</time></trkpt>
<trkpt lat="54.386648" lon="18.800681"><time>2026-05-23T10:49:04.900Z</time></trkpt>
<trkpt lat="54.386628" lon="18.800642"><time>2026-05-23T10:49:06.900Z</time></trkpt>
<trkpt lat="54.386607" lon="18.800602"><time>2026-05-23T10:49:08.900Z</time></trkpt>
<trkpt lat="54.386584" lon="18.800565"><time>2026-05-23T10:49:10.900Z</time></trkpt>
<trkpt lat="54.386561" lon="18.800526"><time>2026-05-23T10:49:12.900Z</time></trkpt>
<trkpt lat="54.386539" lon="18.800488"><time>2026-05-23T10:49:14.900Z</time></trkpt>
<trkpt lat="54.386514" lon="18.800439"><time>2026-05-23T10:49:16.900Z</time></trkpt>
<trkpt lat="54.386491" lon="18.800402"><time>2026-05-23T10:49:18.900Z</time></trkpt>
<trkpt lat="54.386469" lon="18.800361"><time>2026-05-23T10:49:20.900Z</time></trkpt>
<trkpt lat="54.386448" lon="18.800321"><time>2026-05-23T10:49:22.900Z</time></trkpt>
<trkpt lat="54.386426" lon="18.800282"><time>2026-05-23T10:49:24.900Z</time></trkpt>
<trkpt lat="54.386404" lon="18.800244"><time>2026-05-23T10:49:26.900Z</time></trkpt>
<trkpt lat="54.386382" lon="18.800207"><time>2026-05-23T10:49:28.900Z</time></trkpt>
<trkpt lat="54.386360" lon="18.800171"><time>2026-05-23T10:49:31.000Z</time></trkpt>
<trkpt lat="54.386348" lon="18.800153"><time>2026-05-23T10:49:32.000Z</time></trkpt>
<trkpt lat="54.386326" lon="18.800117"><time>2026-05-23T10:49:34.000Z</time></trkpt>
<trkpt lat="54.386302" lon="18.800081"><time>2026-05-23T10:49:36.000Z</time></trkpt>
<trkpt lat="54.386282" lon="18.800045"><time>2026-05-23T10:49:38.000Z</time></trkpt>
<trkpt lat="54.386256" lon="18.800000"><time>2026-05-23T10:49:40.000Z</time></trkpt>
<trkpt lat="54.386226" lon="18.799953"><time>2026-05-23T10:49:42.000Z</time></trkpt>
<trkpt lat="54.386200" lon="18.799910"><time>2026-05-23T10:49:44.000Z</time></trkpt>
<trkpt lat="54.386174" lon="18.799867"><time>2026-05-23T10:49:46.000Z</time></trkpt>
<trkpt lat="54.386147" lon="18.799825"><time>2026-05-23T10:49:48.000Z</time></trkpt>
<trkpt lat="54.386125" lon="18.799782"><time>2026-05-23T10:49:50.000Z</time></trkpt>
<trkpt lat="54.386095" lon="18.799731"><time>2026-05-23T10:49:52.900Z</time></trkpt>
<trkpt lat="54.386072" lon="18.799693"><time>2026-05-23T10:49:54.900Z</time></trkpt>
<trkpt lat="54.386048" lon="18.799651"><time>2026-05-23T10:49:56.900Z</time></trkpt>
<trkpt lat="54.386027" lon="18.799611"><time>2026-05-23T10:49:58.900Z</time></trkpt>
<trkpt lat="54.386003" lon="18.799574"><time>2026-05-23T10:50:00.900Z</time></trkpt>
<trkpt lat="54.385980" lon="18.799536"><time>2026-05-23T10:50:02.900Z</time></trkpt>
<trkpt lat="54.385956" lon="18.799497"><time>2026-05-23T10:50:04.900Z</time></trkpt>
<trkpt lat="54.385932" lon="18.799454"><time>2026-05-23T10:50:06.900Z</time></trkpt>
<trkpt lat="54.385909" lon="18.799415"><time>2026-05-23T10:50:08.900Z</time></trkpt>
<trkpt lat="54.385884" lon="18.799374"><time>2026-05-23T10:50:10.900Z</time></trkpt>
<trkpt lat="54.385860" lon="18.799332"><time>2026-05-23T10:50:12.900Z</time></trkpt>
<trkpt lat="54.385834" lon="18.799291"><time>2026-05-23T10:50:14.900Z</time></trkpt>
<trkpt lat="54.385811" lon="18.799251"><time>2026-05-23T10:50:16.900Z</time></trkpt>
<trkpt lat="54.385787" lon="18.799211"><time>2026-05-23T10:50:18.900Z</time></trkpt>
<trkpt lat="54.385764" lon="18.799172"><time>2026-05-23T10:50:20.900Z</time></trkpt>
<trkpt lat="54.385740" lon="18.799137"><time>2026-05-23T10:50:22.900Z</time></trkpt>
<trkpt lat="54.385717" lon="18.799101"><time>2026-05-23T10:50:24.900Z</time></trkpt>
<trkpt lat="54.385693" lon="18.799060"><time>2026-05-23T10:50:26.900Z</time></trkpt>
<trkpt lat="54.385669" lon="18.799023"><time>2026-05-23T10:50:28.900Z</time></trkpt>
<trkpt lat="54.385646" lon="18.798984"><time>2026-05-23T10:50:30.900Z</time></trkpt>
<trkpt lat="54.385622" lon="18.798947"><time>2026-05-23T10:50:32.900Z</time></trkpt>
<trkpt lat="54.385598" lon="18.798909"><time>2026-05-23T10:50:34.900Z</time></trkpt>
<trkpt lat="54.385570" lon="18.798870"><time>2026-05-23T10:50:36.900Z</time></trkpt>
<trkpt lat="54.385544" lon="18.798834"><time>2026-05-23T10:50:38.900Z</time></trkpt>
<trkpt lat="54.385521" lon="18.798794"><time>2026-05-23T10:50:40.900Z</time></trkpt>
<trkpt lat="54.385500" lon="18.798757"><time>2026-05-23T10:50:42.900Z</time></trkpt>
<trkpt lat="54.385478" lon="18.798716"><time>2026-05-23T10:50:44.900Z</time></trkpt>
<trkpt lat="54.385455" lon="18.798675"><time>2026-05-23T10:50:46.900Z</time></trkpt>
<trkpt lat="54.385432" lon="18.798635"><time>2026-05-23T10:50:48.900Z</time></trkpt>
<trkpt lat="54.385408" lon="18.798594"><time>2026-05-23T10:50:50.900Z</time></trkpt>
<trkpt lat="54.385385" lon="18.798556"><time>2026-05-23T10:50:52.900Z</time></trkpt>
<trkpt lat="54.385364" lon="18.798518"><time>2026-05-23T10:50:54.900Z</time></trkpt>
<trkpt lat="54.385340" lon="18.798479"><time>2026-05-23T10:50:56.900Z</time></trkpt>
<trkpt lat="54.385316" lon="18.798439"><time>2026-05-23T10:50:58.900Z</time></trkpt>
<trkpt lat="54.385292" lon="18.798399"><time>2026-05-23T10:51:00.900Z</time></trkpt>
<trkpt lat="54.385269" lon="18.798362"><time>2026-05-23T10:51:02.900Z</time></trkpt>
<trkpt lat="54.385246" lon="18.798326"><time>2026-05-23T10:51:04.900Z</time></trkpt>
<trkpt lat="54.385222" lon="18.798289"><time>2026-05-23T10:51:06.900Z</time></trkpt>
<trkpt lat="54.385197" lon="18.798251"><time>2026-05-23T10:51:08.900Z</time></trkpt>
<trkpt lat="54.385170" lon="18.798216"><time>2026-05-23T10:51:10.900Z</time></trkpt>
<trkpt lat="54.385147" lon="18.798179"><time>2026-05-23T10:51:12.900Z</time></trkpt>
<trkpt lat="54.385122" lon="18.798141"><time>2026-05-23T10:51:14.900Z</time></trkpt>
<trkpt lat="54.385096" lon="18.798103"><time>2026-05-23T10:51:16.900Z</time></trkpt>
<trkpt lat="54.385075" lon="18.798063"><time>2026-05-23T10:51:18.900Z</time></trkpt>
<trkpt lat="54.385050" lon="18.798026"><time>2026-05-23T10:51:20.900Z</time></trkpt>
<trkpt lat="54.385025" lon="18.797989"><time>2026-05-23T10:51:22.900Z</time></trkpt>
<trkpt lat="54.385009" lon="18.797965"><time>2026-05-23T10:51:24.900Z</time></trkpt>
<trkpt lat="54.384990" lon="18.797932"><time>2026-05-23T10:51:26.900Z</time></trkpt>
<trkpt lat="54.384968" lon="18.797889"><time>2026-05-23T10:51:28.900Z</time></trkpt>
<trkpt lat="54.384946" lon="18.797851"><time>2026-05-23T10:51:30.900Z</time></trkpt>
<trkpt lat="54.384924" lon="18.797813"><time>2026-05-23T10:51:32.900Z</time></trkpt>
<trkpt lat="54.384898" lon="18.797772"><time>2026-05-23T10:51:34.900Z</time></trkpt>
<trkpt lat="54.384880" lon="18.797740"><time>2026-05-23T10:51:36.900Z</time></trkpt>
<trkpt lat="54.384860" lon="18.797706"><time>2026-05-23T10:51:38.900Z</time></trkpt>
<trkpt lat="54.384835" lon="18.797666"><time>2026-05-23T10:51:40.900Z</time></trkpt>
<trkpt lat="54.384812" lon="18.797622"><time>2026-05-23T10:51:42.900Z</time></trkpt>
<trkpt lat="54.384786" lon="18.797582"><time>2026-05-23T10:51:44.900Z</time></trkpt>
<trkpt lat="54.384760" lon="18.797541"><time>2026-05-23T10:51:46.900Z</time></trkpt>
<trkpt lat="54.384736" lon="18.797498"><time>2026-05-23T10:51:48.900Z</time></trkpt>
<trkpt lat="54.384710" lon="18.797455"><time>2026-05-23T10:51:50.900Z</time></trkpt>
<trkpt lat="54.384685" lon="18.797412"><time>2026-05-23T10:51:52.900Z</time></trkpt>
<trkpt lat="54.384661" lon="18.797374"><time>2026-05-23T10:51:54.900Z</time></trkpt>
<trkpt lat="54.384636" lon="18.797333"><time>2026-05-23T10:51:56.900Z</time></trkpt>
<trkpt lat="54.384612" lon="18.797295"><time>2026-05-23T10:51:58.900Z</time></trkpt>
<trkpt lat="54.384587" lon="18.797253"><time>2026-05-23T10:52:00.900Z</time></trkpt>
<trkpt lat="54.384562" lon="18.797213"><time>2026-05-23T10:52:02.900Z</time></trkpt>
<trkpt lat="54.384536" lon="18.797173"><time>2026-05-23T10:52:04.900Z</time></trkpt>
<trkpt lat="54.384512" lon="18.797129"><time>2026-05-23T10:52:06.900Z</time></trkpt>
<trkpt lat="54.384486" lon="18.797089"><time>2026-05-23T10:52:08.900Z</time></trkpt>
<trkpt lat="54.384460" lon="18.797049"><time>2026-05-23T10:52:10.900Z</time></trkpt>
<trkpt lat="54.384433" lon="18.797007"><time>2026-05-23T10:52:12.900Z</time></trkpt>
<trkpt lat="54.384405" lon="18.796962"><time>2026-05-23T10:52:14.900Z</time></trkpt>
<trkpt lat="54.384379" lon="18.796919"><time>2026-05-23T10:52:16.900Z</time></trkpt>
<trkpt lat="54.384354" lon="18.796876"><time>2026-05-23T10:52:18.900Z</time></trkpt>
<trkpt lat="54.384327" lon="18.796832"><time>2026-05-23T10:52:20.900Z</time></trkpt>
<trkpt lat="54.384299" lon="18.796789"><time>2026-05-23T10:52:22.900Z</time></trkpt>
<trkpt lat="54.384276" lon="18.796754"><time>2026-05-23T10:52:24.900Z</time></trkpt>
<trkpt lat="54.384251" lon="18.796716"><time>2026-05-23T10:52:26.900Z</time></trkpt>
<trkpt lat="54.384226" lon="18.796678"><time>2026-05-23T10:52:28.900Z</time></trkpt>
<trkpt lat="54.384201" lon="18.796642"><time>2026-05-23T10:52:30.900Z</time></trkpt>
<trkpt lat="54.384177" lon="18.796604"><time>2026-05-23T10:52:32.900Z</time></trkpt>
<trkpt lat="54.384151" lon="18.796566"><time>2026-05-23T10:52:34.900Z</time></trkpt>
<trkpt lat="54.384125" lon="18.796532"><time>2026-05-23T10:52:36.900Z</time></trkpt>
<trkpt lat="54.384100" lon="18.796491"><time>2026-05-23T10:52:38.900Z</time></trkpt>
<trkpt lat="54.384075" lon="18.796451"><time>2026-05-23T10:52:40.900Z</time></trkpt>
<trkpt lat="54.384050" lon="18.796409"><time>2026-05-23T10:52:42.900Z</time></trkpt>
<trkpt lat="54.384025" lon="18.796368"><time>2026-05-23T10:52:44.900Z</time></trkpt>
<trkpt lat="54.384002" lon="18.796329"><time>2026-05-23T10:52:46.900Z</time></trkpt>
<trkpt lat="54.383982" lon="18.796297"><time>2026-05-23T10:52:48.900Z</time></trkpt>
<trkpt lat="54.383959" lon="18.796264"><time>2026-05-23T10:52:50.900Z</time></trkpt>
<trkpt lat="54.383935" lon="18.796229"><time>2026-05-23T10:52:52.900Z</time></trkpt>
<trkpt lat="54.383910" lon="18.796192"><time>2026-05-23T10:52:54.900Z</time></trkpt>
<trkpt lat="54.383886" lon="18.796160"><time>2026-05-23T10:52:56.900Z</time></trkpt>
<trkpt lat="54.383859" lon="18.796121"><time>2026-05-23T10:52:58.900Z</time></trkpt>
<trkpt lat="54.383834" lon="18.796082"><time>2026-05-23T10:53:00.900Z</time></trkpt>
<trkpt lat="54.383808" lon="18.796046"><time>2026-05-23T10:53:02.900Z</time></trkpt>
<trkpt lat="54.383782" lon="18.796006"><time>2026-05-23T10:53:04.900Z</time></trkpt>
<trkpt lat="54.383749" lon="18.795976"><time>2026-05-23T10:53:06.900Z</time></trkpt>
<trkpt lat="54.383724" lon="18.795935"><time>2026-05-23T10:53:08.900Z</time></trkpt>
<trkpt lat="54.383693" lon="18.795894"><time>2026-05-23T10:53:10.900Z</time></trkpt>
<trkpt lat="54.383666" lon="18.795849"><time>2026-05-23T10:53:12.900Z</time></trkpt>
<trkpt lat="54.383636" lon="18.795809"><time>2026-05-23T10:53:14.900Z</time></trkpt>
<trkpt lat="54.383614" lon="18.795756"><time>2026-05-23T10:53:16.900Z</time></trkpt>
<trkpt lat="54.383583" lon="18.795709"><time>2026-05-23T10:53:18.900Z</time></trkpt>
<trkpt lat="54.383561" lon="18.795675"><time>2026-05-23T10:53:20.900Z</time></trkpt>
<trkpt lat="54.383534" lon="18.795639"><time>2026-05-23T10:53:22.900Z</time></trkpt>
<trkpt lat="54.383513" lon="18.795593"><time>2026-05-23T10:53:24.900Z</time></trkpt>
<trkpt lat="54.383485" lon="18.795560"><time>2026-05-23T10:53:26.900Z</time></trkpt>
<trkpt lat="54.383450" lon="18.795517"><time>2026-05-23T10:53:28.900Z</time></trkpt>
<trkpt lat="54.383424" lon="18.795470"><time>2026-05-23T10:53:30.900Z</time></trkpt>
<trkpt lat="54.383394" lon="18.795423"><time>2026-05-23T10:53:32.900Z</time></trkpt>
<trkpt lat="54.383369" lon="18.795381"><time>2026-05-23T10:53:34.900Z</time></trkpt>
<trkpt lat="54.383346" lon="18.795339"><time>2026-05-23T10:53:36.900Z</time></trkpt>
<trkpt lat="54.383319" lon="18.795309"><time>2026-05-23T10:53:38.900Z</time></trkpt>
<trkpt lat="54.383298" lon="18.795272"><time>2026-05-23T10:53:40.900Z</time></trkpt>
<trkpt lat="54.383269" lon="18.795230"><time>2026-05-23T10:53:43.000Z</time></trkpt>
<trkpt lat="54.383250" lon="18.795203"><time>2026-05-23T10:53:44.000Z</time></trkpt>
<trkpt lat="54.383217" lon="18.795150"><time>2026-05-23T10:53:46.000Z</time></trkpt>
<trkpt lat="54.383195" lon="18.795108"><time>2026-05-23T10:53:48.000Z</time></trkpt>
<trkpt lat="54.383174" lon="18.795069"><time>2026-05-23T10:53:50.000Z</time></trkpt>
<trkpt lat="54.383148" lon="18.795031"><time>2026-05-23T10:53:52.000Z</time></trkpt>
<trkpt lat="54.383126" lon="18.795003"><time>2026-05-23T10:53:54.000Z</time></trkpt>
<trkpt lat="54.383102" lon="18.794972"><time>2026-05-23T10:53:56.000Z</time></trkpt>
<trkpt lat="54.383075" lon="18.794929"><time>2026-05-23T10:53:58.000Z</time></trkpt>
<trkpt lat="54.383049" lon="18.794885"><time>2026-05-23T10:54:00.000Z</time></trkpt>
<trkpt lat="54.383026" lon="18.794847"><time>2026-05-23T10:54:02.000Z</time></trkpt>
<trkpt lat="54.383000" lon="18.794805"><time>2026-05-23T10:54:04.000Z</time></trkpt>
<trkpt lat="54.382969" lon="18.794757"><time>2026-05-23T10:54:06.000Z</time></trkpt>
<trkpt lat="54.382918" lon="18.794678"><time>2026-05-23T10:54:08.900Z</time></trkpt>
<trkpt lat="54.382890" lon="18.794630"><time>2026-05-23T10:54:10.900Z</time></trkpt>
<trkpt lat="54.382863" lon="18.794589"><time>2026-05-23T10:54:12.900Z</time></trkpt>
<trkpt lat="54.382839" lon="18.794550"><time>2026-05-23T10:54:14.900Z</time></trkpt>
<trkpt lat="54.382811" lon="18.794510"><time>2026-05-23T10:54:16.900Z</time></trkpt>
<trkpt lat="54.382782" lon="18.794472"><time>2026-05-23T10:54:18.900Z</time></trkpt>
<trkpt lat="54.382753" lon="18.794431"><time>2026-05-23T10:54:20.900Z</time></trkpt>
<trkpt lat="54.382731" lon="18.794405"><time>2026-05-23T10:54:22.900Z</time></trkpt>
<trkpt lat="54.382709" lon="18.794380"><time>2026-05-23T10:54:24.900Z</time></trkpt>
<trkpt lat="54.382681" lon="18.794329"><time>2026-05-23T10:54:26.900Z</time></trkpt>
<trkpt lat="54.382659" lon="18.794289"><time>2026-05-23T10:54:28.900Z</time></trkpt>
<trkpt lat="54.382630" lon="18.794248"><time>2026-05-23T10:54:30.900Z</time></trkpt>
<trkpt lat="54.382599" lon="18.794214"><time>2026-05-23T10:54:32.900Z</time></trkpt>
<trkpt lat="54.382569" lon="18.794181"><time>2026-05-23T10:54:34.900Z</time></trkpt>
<trkpt lat="54.382544" lon="18.794150"><time>2026-05-23T10:54:36.900Z</time></trkpt>
<trkpt lat="54.382518" lon="18.794115"><time>2026-05-23T10:54:38.900Z</time></trkpt>
<trkpt lat="54.382491" lon="18.794079"><time>2026-05-23T10:54:40.900Z</time></trkpt>
<trkpt lat="54.382468" lon="18.794048"><time>2026-05-23T10:54:42.900Z</time></trkpt>
<trkpt lat="54.382435" lon="18.794018"><time>2026-05-23T10:54:44.900Z</time></trkpt>
<trkpt lat="54.382422" lon="18.794001"><time>2026-05-23T10:54:46.900Z</time></trkpt>
<trkpt lat="54.382398" lon="18.793973"><time>2026-05-23T10:54:48.900Z</time></trkpt>
<trkpt lat="54.382373" lon="18.793932"><time>2026-05-23T10:54:50.900Z</time></trkpt>
<trkpt lat="54.382362" lon="18.793906"><time>2026-05-23T10:54:52.900Z</time></trkpt>
<trkpt lat="54.382351" lon="18.793885"><time>2026-05-23T10:54:54.900Z</time></trkpt>
<trkpt lat="54.382331" lon="18.793857"><time>2026-05-23T10:54:56.900Z</time></trkpt>
<trkpt lat="54.382312" lon="18.793828"><time>2026-05-23T10:54:58.900Z</time></trkpt>
<trkpt lat="54.382291" lon="18.793797"><time>2026-05-23T10:55:00.900Z</time></trkpt>
<trkpt lat="54.382269" lon="18.793774"><time>2026-05-23T10:55:02.900Z</time></trkpt>
<trkpt lat="54.382247" lon="18.793752"><time>2026-05-23T10:55:04.900Z</time></trkpt>
<trkpt lat="54.382228" lon="18.793730"><time>2026-05-23T10:55:06.900Z</time></trkpt>
<trkpt lat="54.382206" lon="18.793703"><time>2026-05-23T10:55:08.900Z</time></trkpt>
<trkpt lat="54.382183" lon="18.793681"><time>2026-05-23T10:55:10.900Z</time></trkpt>
<trkpt lat="54.382158" lon="18.793674"><time>2026-05-23T10:55:12.900Z</time></trkpt>
<trkpt lat="54.382135" lon="18.793672"><time>2026-05-23T10:55:14.900Z</time></trkpt>
<trkpt lat="54.382110" lon="18.793674"><time>2026-05-23T10:55:16.900Z</time></trkpt>
<trkpt lat="54.382092" lon="18.793689"><time>2026-05-23T10:55:18.900Z</time></trkpt>
<trkpt lat="54.382069" lon="18.793722"><time>2026-05-23T10:55:20.900Z</time></trkpt>
<trkpt lat="54.382039" lon="18.793753"><time>2026-05-23T10:55:22.900Z</time></trkpt>
<trkpt lat="54.382014" lon="18.793789"><time>2026-05-23T10:55:24.900Z</time></trkpt>
<trkpt lat="54.381992" lon="18.793824"><time>2026-05-23T10:55:26.900Z</time></trkpt>
<trkpt lat="54.381976" lon="18.793862"><time>2026-05-23T10:55:28.900Z</time></trkpt>
<trkpt lat="54.381963" lon="18.793902"><time>2026-05-23T10:55:30.900Z</time></trkpt>
<trkpt lat="54.381955" lon="18.793952"><time>2026-05-23T10:55:32.900Z</time></trkpt>
<trkpt lat="54.381942" lon="18.793993"><time>2026-05-23T10:55:34.900Z</time></trkpt>
<trkpt lat="54.381935" lon="18.794033"><time>2026-05-23T10:55:36.900Z</time></trkpt>
<trkpt lat="54.381934" lon="18.794102"><time>2026-05-23T10:55:38.900Z</time></trkpt>
<trkpt lat="54.381908" lon="18.794152"><time>2026-05-23T10:55:40.900Z</time></trkpt>
<trkpt lat="54.381892" lon="18.794202"><time>2026-05-23T10:55:42.900Z</time></trkpt>
<trkpt lat="54.381874" lon="18.794244"><time>2026-05-23T10:55:44.900Z</time></trkpt>
<trkpt lat="54.381852" lon="18.794301"><time>2026-05-23T10:55:46.900Z</time></trkpt>
<trkpt lat="54.381840" lon="18.794340"><time>2026-05-23T10:55:48.000Z</time></trkpt>
<trkpt lat="54.381829" lon="18.794419"><time>2026-05-23T10:55:50.000Z</time></trkpt>
<trkpt lat="54.381818" lon="18.794488"><time>2026-05-23T10:55:52.000Z</time></trkpt>
<trkpt lat="54.381802" lon="18.794554"><time>2026-05-23T10:55:54.000Z</time></trkpt>
<trkpt lat="54.381789" lon="18.794620"><time>2026-05-23T10:55:56.000Z</time></trkpt>
<trkpt lat="54.381773" lon="18.794691"><time>2026-05-23T10:55:58.000Z</time></trkpt>
<trkpt lat="54.381759" lon="18.794757"><time>2026-05-23T10:56:00.000Z</time></trkpt>
<trkpt lat="54.381745" lon="18.794823"><time>2026-05-23T10:56:02.000Z</time></trkpt>
<trkpt lat="54.381731" lon="18.794894"><time>2026-05-23T10:56:04.000Z</time></trkpt>
<trkpt lat="54.381719" lon="18.794955"><time>2026-05-23T10:56:06.000Z</time></trkpt>
<trkpt lat="54.381706" lon="18.795014"><time>2026-05-23T10:56:08.000Z</time></trkpt>
<trkpt lat="54.381693" lon="18.795078"><time>2026-05-23T10:56:10.000Z</time></trkpt>
<trkpt lat="54.381681" lon="18.795151"><time>2026-05-23T10:56:12.000Z</time></trkpt>
<trkpt lat="54.381669" lon="18.795244"><time>2026-05-23T10:56:14.000Z</time></trkpt>
<trkpt lat="54.381649" lon="18.795326"><time>2026-05-23T10:56:16.000Z</time></trkpt>
<trkpt lat="54.381641" lon="18.795388"><time>2026-05-23T10:56:18.000Z</time></trkpt>
<trkpt lat="54.381627" lon="18.795467"><time>2026-05-23T10:56:20.900Z</time></trkpt>
<trkpt lat="54.381617" lon="18.795531"><time>2026-05-23T10:56:22.900Z</time></trkpt>
<trkpt lat="54.381604" lon="18.795604"><time>2026-05-23T10:56:24.900Z</time></trkpt>
<trkpt lat="54.381585" lon="18.795669"><time>2026-05-23T10:56:26.900Z</time></trkpt>
<trkpt lat="54.381570" lon="18.795739"><time>2026-05-23T10:56:28.900Z</time></trkpt>
<trkpt lat="54.381558" lon="18.795811"><time>2026-05-23T10:56:30.900Z</time></trkpt>
<trkpt lat="54.381544" lon="18.795877"><time>2026-05-23T10:56:32.900Z</time></trkpt>
<trkpt lat="54.381534" lon="18.795951"><time>2026-05-23T10:56:34.900Z</time></trkpt>
<trkpt lat="54.381520" lon="18.796024"><time>2026-05-23T10:56:36.900Z</time></trkpt>
<trkpt lat="54.381503" lon="18.796084"><time>2026-05-23T10:56:38.900Z</time></trkpt>
<trkpt lat="54.381485" lon="18.796142"><time>2026-05-23T10:56:40.900Z</time></trkpt>
<trkpt lat="54.381467" lon="18.796203"><time>2026-05-23T10:56:42.900Z</time></trkpt>
<trkpt lat="54.381451" lon="18.796260"><time>2026-05-23T10:56:44.900Z</time></trkpt>
<trkpt lat="54.381434" lon="18.796320"><time>2026-05-23T10:56:46.900Z</time></trkpt>
<trkpt lat="54.381417" lon="18.796368"><time>2026-05-23T10:56:48.900Z</time></trkpt>
<trkpt lat="54.381400" lon="18.796427"><time>2026-05-23T10:56:50.900Z</time></trkpt>
<trkpt lat="54.381380" lon="18.796491"><time>2026-05-23T10:56:52.900Z</time></trkpt>
<trkpt lat="54.381363" lon="18.796554"><time>2026-05-23T10:56:54.900Z</time></trkpt>
<trkpt lat="54.381343" lon="18.796626"><time>2026-05-23T10:56:56.900Z</time></trkpt>
<trkpt lat="54.381327" lon="18.796698"><time>2026-05-23T10:56:58.900Z</time></trkpt>
<trkpt lat="54.381316" lon="18.796748"><time>2026-05-23T10:57:00.900Z</time></trkpt>
<trkpt lat="54.381301" lon="18.796820"><time>2026-05-23T10:57:02.900Z</time></trkpt>
<trkpt lat="54.381282" lon="18.796893"><time>2026-05-23T10:57:04.900Z</time></trkpt>
<trkpt lat="54.381259" lon="18.796965"><time>2026-05-23T10:57:06.900Z</time></trkpt>
<trkpt lat="54.381234" lon="18.797027"><time>2026-05-23T10:57:08.900Z</time></trkpt>
<trkpt lat="54.381217" lon="18.797088"><time>2026-05-23T10:57:10.900Z</time></trkpt>
<trkpt lat="54.381201" lon="18.797158"><time>2026-05-23T10:57:12.900Z</time></trkpt>
<trkpt lat="54.381184" lon="18.797217"><time>2026-05-23T10:57:14.900Z</time></trkpt>
<trkpt lat="54.381170" lon="18.797279"><time>2026-05-23T10:57:16.900Z</time></trkpt>
<trkpt lat="54.381153" lon="18.797347"><time>2026-05-23T10:57:18.900Z</time></trkpt>
<trkpt lat="54.381135" lon="18.797407"><time>2026-05-23T10:57:20.900Z</time></trkpt>
<trkpt lat="54.381113" lon="18.797471"><time>2026-05-23T10:57:22.900Z</time></trkpt>
<trkpt lat="54.381089" lon="18.797544"><time>2026-05-23T10:57:24.900Z</time></trkpt>
<trkpt lat="54.381059" lon="18.797616"><time>2026-05-23T10:57:26.900Z</time></trkpt>
<trkpt lat="54.381031" lon="18.797696"><time>2026-05-23T10:57:28.900Z</time></trkpt>
<trkpt lat="54.381007" lon="18.797781"><time>2026-05-23T10:57:30.900Z</time></trkpt>
<trkpt lat="54.380987" lon="18.797876"><time>2026-05-23T10:57:32.900Z</time></trkpt>
<trkpt lat="54.380968" lon="18.797949"><time>2026-05-23T10:57:34.900Z</time></trkpt>
<trkpt lat="54.380953" lon="18.798007"><time>2026-05-23T10:57:36.900Z</time></trkpt>
<trkpt lat="54.380926" lon="18.798082"><time>2026-05-23T10:57:38.900Z</time></trkpt>
<trkpt lat="54.380902" lon="18.798177"><time>2026-05-23T10:57:40.900Z</time></trkpt>
<trkpt lat="54.380883" lon="18.798259"><time>2026-05-23T10:57:42.900Z</time></trkpt>
<trkpt lat="54.380867" lon="18.798342"><time>2026-05-23T10:57:44.900Z</time></trkpt>
<trkpt lat="54.380855" lon="18.798422"><time>2026-05-23T10:57:46.900Z</time></trkpt>
<trkpt lat="54.380838" lon="18.798501"><time>2026-05-23T10:57:48.900Z</time></trkpt>
<trkpt lat="54.380825" lon="18.798571"><time>2026-05-23T10:57:50.900Z</time></trkpt>
<trkpt lat="54.380805" lon="18.798646"><time>2026-05-23T10:57:52.900Z</time></trkpt>
<trkpt lat="54.380796" lon="18.798678"><time>2026-05-23T10:57:54.000Z</time></trkpt>
<trkpt lat="54.380777" lon="18.798752"><time>2026-05-23T10:57:56.000Z</time></trkpt>
<trkpt lat="54.380764" lon="18.798832"><time>2026-05-23T10:57:58.000Z</time></trkpt>
<trkpt lat="54.380749" lon="18.798904"><time>2026-05-23T10:58:00.000Z</time></trkpt>
<trkpt lat="54.380731" lon="18.798978"><time>2026-05-23T10:58:02.000Z</time></trkpt>
<trkpt lat="54.380713" lon="18.799047"><time>2026-05-23T10:58:04.000Z</time></trkpt>
<trkpt lat="54.380698" lon="18.799109"><time>2026-05-23T10:58:06.000Z</time></trkpt>
<trkpt lat="54.380683" lon="18.799178"><time>2026-05-23T10:58:08.000Z</time></trkpt>
<trkpt lat="54.380668" lon="18.799252"><time>2026-05-23T10:58:10.000Z</time></trkpt>
<trkpt lat="54.380649" lon="18.799337"><time>2026-05-23T10:58:12.000Z</time></trkpt>
<trkpt lat="54.380628" lon="18.799413"><time>2026-05-23T10:58:14.000Z</time></trkpt>
<trkpt lat="54.380608" lon="18.799477"><time>2026-05-23T10:58:16.000Z</time></trkpt>
<trkpt lat="54.380590" lon="18.799547"><time>2026-05-23T10:58:18.000Z</time></trkpt>
<trkpt lat="54.380575" lon="18.799615"><time>2026-05-23T10:58:20.000Z</time></trkpt>
<trkpt lat="54.380558" lon="18.799683"><time>2026-05-23T10:58:22.000Z</time></trkpt>
<trkpt lat="54.380540" lon="18.799755"><time>2026-05-23T10:58:24.000Z</time></trkpt>
<trkpt lat="54.380522" lon="18.799817"><time>2026-05-23T10:58:26.000Z</time></trkpt>
<trkpt lat="54.380504" lon="18.799879"><time>2026-05-23T10:58:28.000Z</time></trkpt>
<trkpt lat="54.380475" lon="18.799986"><time>2026-05-23T10:58:30.900Z</time></trkpt>
<trkpt lat="54.380455" lon="18.800059"><time>2026-05-23T10:58:32.900Z</time></trkpt>
<trkpt lat="54.380437" lon="18.800127"><time>2026-05-23T10:58:34.900Z</time></trkpt>
<trkpt lat="54.380419" lon="18.800196"><time>2026-05-23T10:58:36.900Z</time></trkpt>
<trkpt lat="54.380400" lon="18.800265"><time>2026-05-23T10:58:38.900Z</time></trkpt>
<trkpt lat="54.380382" lon="18.800337"><time>2026-05-23T10:58:40.900Z</time></trkpt>
<trkpt lat="54.380362" lon="18.800409"><time>2026-05-23T10:58:42.900Z</time></trkpt>
<trkpt lat="54.380342" lon="18.800480"><time>2026-05-23T10:58:44.900Z</time></trkpt>
<trkpt lat="54.380323" lon="18.800552"><time>2026-05-23T10:58:46.900Z</time></trkpt>
<trkpt lat="54.380303" lon="18.800626"><time>2026-05-23T10:58:48.900Z</time></trkpt>
<trkpt lat="54.380283" lon="18.800700"><time>2026-05-23T10:58:50.900Z</time></trkpt>
<trkpt lat="54.380263" lon="18.800775"><time>2026-05-23T10:58:52.900Z</time></trkpt>
<trkpt lat="54.380244" lon="18.800848"><time>2026-05-23T10:58:54.900Z</time></trkpt>
<trkpt lat="54.380224" lon="18.800922"><time>2026-05-23T10:58:56.900Z</time></trkpt>
<trkpt lat="54.380204" lon="18.800996"><time>2026-05-23T10:58:58.900Z</time></trkpt>
<trkpt lat="54.380184" lon="18.801072"><time>2026-05-23T10:59:00.900Z</time></trkpt>
<trkpt lat="54.380162" lon="18.801145"><time>2026-05-23T10:59:02.900Z</time></trkpt>
<trkpt lat="54.380142" lon="18.801218"><time>2026-05-23T10:59:04.900Z</time></trkpt>
<trkpt lat="54.380124" lon="18.801293"><time>2026-05-23T10:59:06.900Z</time></trkpt>
<trkpt lat="54.380104" lon="18.801367"><time>2026-05-23T10:59:08.900Z</time></trkpt>
<trkpt lat="54.380084" lon="18.801439"><time>2026-05-23T10:59:10.900Z</time></trkpt>
<trkpt lat="54.380063" lon="18.801505"><time>2026-05-23T10:59:12.900Z</time></trkpt>
<trkpt lat="54.380043" lon="18.801579"><time>2026-05-23T10:59:14.900Z</time></trkpt>
<trkpt lat="54.380022" lon="18.801653"><time>2026-05-23T10:59:16.900Z</time></trkpt>
<trkpt lat="54.380002" lon="18.801728"><time>2026-05-23T10:59:18.900Z</time></trkpt>
<trkpt lat="54.379982" lon="18.801803"><time>2026-05-23T10:59:20.900Z</time></trkpt>
<trkpt lat="54.379963" lon="18.801877"><time>2026-05-23T10:59:22.900Z</time></trkpt>
<trkpt lat="54.379943" lon="18.801952"><time>2026-05-23T10:59:24.900Z</time></trkpt>
<trkpt lat="54.379924" lon="18.802024"><time>2026-05-23T10:59:26.900Z</time></trkpt>
<trkpt lat="54.379907" lon="18.802098"><time>2026-05-23T10:59:28.900Z</time></trkpt>
<trkpt lat="54.379889" lon="18.802177"><time>2026-05-23T10:59:30.900Z</time></trkpt>
<trkpt lat="54.379869" lon="18.802255"><time>2026-05-23T10:59:32.900Z</time></trkpt>
<trkpt lat="54.379849" lon="18.802330"><time>2026-05-23T10:59:34.900Z</time></trkpt>
<trkpt lat="54.379829" lon="18.802406"><time>2026-05-23T10:59:36.900Z</time></trkpt>
<trkpt lat="54.379811" lon="18.802482"><time>2026-05-23T10:59:38.900Z</time></trkpt>
<trkpt lat="54.379794" lon="18.802560"><time>2026-05-23T10:59:40.900Z</time></trkpt>
<trkpt lat="54.379775" lon="18.802637"><time>2026-05-23T10:59:42.900Z</time></trkpt>
<trkpt lat="54.379756" lon="18.802713"><time>2026-05-23T10:59:44.900Z</time></trkpt>
<trkpt lat="54.379738" lon="18.802787"><time>2026-05-23T10:59:46.900Z</time></trkpt>
<trkpt lat="54.379719" lon="18.802862"><time>2026-05-23T10:59:48.900Z</time></trkpt>
<trkpt lat="54.379701" lon="18.802936"><time>2026-05-23T10:59:50.900Z</time></trkpt>
<trkpt lat="54.379682" lon="18.803012"><time>2026-05-23T10:59:52.900Z</time></trkpt>
<trkpt lat="54.379663" lon="18.803085"><time>2026-05-23T10:59:54.900Z</time></trkpt>
<trkpt lat="54.379646" lon="18.803159"><time>2026-05-23T10:59:56.900Z</time></trkpt>
<trkpt lat="54.379629" lon="18.803235"><time>2026-05-23T10:59:58.900Z</time></trkpt>
<trkpt lat="54.379620" lon="18.803273"><time>2026-05-23T11:00:00.000Z</time></trkpt>
<trkpt lat="54.379604" lon="18.803350"><time>2026-05-23T11:00:02.000Z</time></trkpt>
<trkpt lat="54.379589" lon="18.803424"><time>2026-05-23T11:00:04.000Z</time></trkpt>
<trkpt lat="54.379573" lon="18.803501"><time>2026-05-23T11:00:06.000Z</time></trkpt>
<trkpt lat="54.379557" lon="18.803578"><time>2026-05-23T11:00:08.000Z</time></trkpt>
<trkpt lat="54.379542" lon="18.803647"><time>2026-05-23T11:00:10.000Z</time></trkpt>
<trkpt lat="54.379524" lon="18.803720"><time>2026-05-23T11:00:12.000Z</time></trkpt>
<trkpt lat="54.379508" lon="18.803796"><time>2026-05-23T11:00:14.000Z</time></trkpt>
<trkpt lat="54.379493" lon="18.803872"><time>2026-05-23T11:00:16.000Z</time></trkpt>
<trkpt lat="54.379476" lon="18.803946"><time>2026-05-23T11:00:18.000Z</time></trkpt>
<trkpt lat="54.379461" lon="18.804023"><time>2026-05-23T11:00:20.000Z</time></trkpt>
<trkpt lat="54.379446" lon="18.804103"><time>2026-05-23T11:00:22.000Z</time></trkpt>
<trkpt lat="54.379436" lon="18.804181"><time>2026-05-23T11:00:24.000Z</time></trkpt>
<trkpt lat="54.379418" lon="18.804257"><time>2026-05-23T11:00:26.000Z</time></trkpt>
<trkpt lat="54.379399" lon="18.804335"><time>2026-05-23T11:00:28.000Z</time></trkpt>
<trkpt lat="54.379383" lon="18.804413"><time>2026-05-23T11:00:30.000Z</time></trkpt>
<trkpt lat="54.379367" lon="18.804490"><time>2026-05-23T11:00:32.000Z</time></trkpt>
<trkpt lat="54.379351" lon="18.804568"><time>2026-05-23T11:00:34.000Z</time></trkpt>
<trkpt lat="54.379335" lon="18.804646"><time>2026-05-23T11:00:36.000Z</time></trkpt>
<trkpt lat="54.379311" lon="18.804762"><time>2026-05-23T11:00:38.900Z</time></trkpt>
<trkpt lat="54.379295" lon="18.804839"><time>2026-05-23T11:00:40.900Z</time></trkpt>
<trkpt lat="54.379279" lon="18.804916"><time>2026-05-23T11:00:42.900Z</time></trkpt>
<trkpt lat="54.379265" lon="18.804991"><time>2026-05-23T11:00:44.900Z</time></trkpt>
<trkpt lat="54.379250" lon="18.805068"><time>2026-05-23T11:00:46.900Z</time></trkpt>
<trkpt lat="54.379234" lon="18.805146"><time>2026-05-23T11:00:48.900Z</time></trkpt>
<trkpt lat="54.379217" lon="18.805223"><time>2026-05-23T11:00:50.900Z</time></trkpt>
<trkpt lat="54.379201" lon="18.805300"><time>2026-05-23T11:00:52.900Z</time></trkpt>
<trkpt lat="54.379186" lon="18.805377"><time>2026-05-23T11:00:54.900Z</time></trkpt>
<trkpt lat="54.379170" lon="18.805454"><time>2026-05-23T11:00:56.900Z</time></trkpt>
<trkpt lat="54.379155" lon="18.805533"><time>2026-05-23T11:00:58.900Z</time></trkpt>
<trkpt lat="54.379139" lon="18.805612"><time>2026-05-23T11:01:00.900Z</time></trkpt>
<trkpt lat="54.379124" lon="18.805691"><time>2026-05-23T11:01:02.900Z</time></trkpt>
<trkpt lat="54.379108" lon="18.805769"><time>2026-05-23T11:01:04.900Z</time></trkpt>
<trkpt lat="54.379091" lon="18.805850"><time>2026-05-23T11:01:06.900Z</time></trkpt>
<trkpt lat="54.379076" lon="18.805929"><time>2026-05-23T11:01:08.900Z</time></trkpt>
<trkpt lat="54.379060" lon="18.806008"><time>2026-05-23T11:01:10.900Z</time></trkpt>
<trkpt lat="54.379044" lon="18.806085"><time>2026-05-23T11:01:12.900Z</time></trkpt>
<trkpt lat="54.379027" lon="18.806165"><time>2026-05-23T11:01:14.900Z</time></trkpt>
<trkpt lat="54.379010" lon="18.806244"><time>2026-05-23T11:01:16.900Z</time></trkpt>
<trkpt lat="54.378993" lon="18.806322"><time>2026-05-23T11:01:18.900Z</time></trkpt>
<trkpt lat="54.378979" lon="18.806399"><time>2026-05-23T11:01:20.900Z</time></trkpt>
<trkpt lat="54.378964" lon="18.806477"><time>2026-05-23T11:01:22.900Z</time></trkpt>
<trkpt lat="54.378951" lon="18.806557"><time>2026-05-23T11:01:24.900Z</time></trkpt>
<trkpt lat="54.378938" lon="18.806637"><time>2026-05-23T11:01:26.900Z</time></trkpt>
<trkpt lat="54.378927" lon="18.806717"><time>2026-05-23T11:01:28.900Z</time></trkpt>
<trkpt lat="54.378913" lon="18.806799"><time>2026-05-23T11:01:30.900Z</time></trkpt>
<trkpt lat="54.378901" lon="18.806876"><time>2026-05-23T11:01:32.900Z</time></trkpt>
<trkpt lat="54.378885" lon="18.806946"><time>2026-05-23T11:01:34.900Z</time></trkpt>
<trkpt lat="54.378872" lon="18.807056"><time>2026-05-23T11:01:36.900Z</time></trkpt>
<trkpt lat="54.378855" lon="18.807132"><time>2026-05-23T11:01:38.900Z</time></trkpt>
<trkpt lat="54.378844" lon="18.807206"><time>2026-05-23T11:01:40.900Z</time></trkpt>
<trkpt lat="54.378833" lon="18.807277"><time>2026-05-23T11:01:42.900Z</time></trkpt>
<trkpt lat="54.378819" lon="18.807353"><time>2026-05-23T11:01:44.900Z</time></trkpt>
<trkpt lat="54.378807" lon="18.807427"><time>2026-05-23T11:01:46.900Z</time></trkpt>
<trkpt lat="54.378794" lon="18.807504"><time>2026-05-23T11:01:48.900Z</time></trkpt>
<trkpt lat="54.378783" lon="18.807581"><time>2026-05-23T11:01:50.900Z</time></trkpt>
<trkpt lat="54.378773" lon="18.807662"><time>2026-05-23T11:01:52.900Z</time></trkpt>
<trkpt lat="54.378774" lon="18.807737"><time>2026-05-23T11:01:54.900Z</time></trkpt>
<trkpt lat="54.378787" lon="18.807805"><time>2026-05-23T11:01:56.900Z</time></trkpt>
<trkpt lat="54.378805" lon="18.807872"><time>2026-05-23T11:01:58.900Z</time></trkpt>
<trkpt lat="54.378829" lon="18.807935"><time>2026-05-23T11:02:00.900Z</time></trkpt>
<trkpt lat="54.378856" lon="18.807986"><time>2026-05-23T11:02:02.900Z</time></trkpt>
<trkpt lat="54.378869" lon="18.807992"><time>2026-05-23T11:02:04.900Z</time></trkpt>
<trkpt lat="54.378875" lon="18.807992"><time>2026-05-23T11:02:06.000Z</time></trkpt>
<trkpt lat="54.378894" lon="18.808015"><time>2026-05-23T11:02:08.000Z</time></trkpt>
<trkpt lat="54.378920" lon="18.808034"><time>2026-05-23T11:02:10.000Z</time></trkpt>
<trkpt lat="54.378944" lon="18.808050"><time>2026-05-23T11:02:12.000Z</time></trkpt>
<trkpt lat="54.378969" lon="18.808061"><time>2026-05-23T11:02:14.000Z</time></trkpt>
<trkpt lat="54.378984" lon="18.808065"><time>2026-05-23T11:02:16.000Z</time></trkpt>
<trkpt lat="54.379003" lon="18.808067"><time>2026-05-23T11:02:18.000Z</time></trkpt>
<trkpt lat="54.379026" lon="18.808076"><time>2026-05-23T11:02:20.000Z</time></trkpt>
<trkpt lat="54.379051" lon="18.808089"><time>2026-05-23T11:02:22.000Z</time></trkpt>
<trkpt lat="54.379074" lon="18.808100"><time>2026-05-23T11:02:24.000Z</time></trkpt>
<trkpt lat="54.379101" lon="18.808095"><time>2026-05-23T11:02:26.000Z</time></trkpt>
<trkpt lat="54.379129" lon="18.808093"><time>2026-05-23T11:02:28.000Z</time></trkpt>
<trkpt lat="54.379154" lon="18.808099"><time>2026-05-23T11:02:30.000Z</time></trkpt>
<trkpt lat="54.379176" lon="18.808092"><time>2026-05-23T11:02:32.000Z</time></trkpt>
<trkpt lat="54.379204" lon="18.808093"><time>2026-05-23T11:02:34.000Z</time></trkpt>
<trkpt lat="54.379242" lon="18.808096"><time>2026-05-23T11:02:36.000Z</time></trkpt>
<trkpt lat="54.379277" lon="18.808092"><time>2026-05-23T11:02:38.000Z</time></trkpt>
<trkpt lat="54.379319" lon="18.808093"><time>2026-05-23T11:02:40.900Z</time></trkpt>
<trkpt lat="54.379347" lon="18.808089"><time>2026-05-23T11:02:42.900Z</time></trkpt>
<trkpt lat="54.379383" lon="18.808085"><time>2026-05-23T11:02:44.900Z</time></trkpt>
<trkpt lat="54.379421" lon="18.808078"><time>2026-05-23T11:02:46.900Z</time></trkpt>
<trkpt lat="54.379456" lon="18.808075"><time>2026-05-23T11:02:48.900Z</time></trkpt>
<trkpt lat="54.379493" lon="18.808072"><time>2026-05-23T11:02:50.900Z</time></trkpt>
<trkpt lat="54.379534" lon="18.808067"><time>2026-05-23T11:02:52.900Z</time></trkpt>
<trkpt lat="54.379575" lon="18.808063"><time>2026-05-23T11:02:54.900Z</time></trkpt>
<trkpt lat="54.379616" lon="18.808057"><time>2026-05-23T11:02:56.900Z</time></trkpt>
<trkpt lat="54.379657" lon="18.808054"><time>2026-05-23T11:02:58.900Z</time></trkpt>
<trkpt lat="54.379697" lon="18.808049"><time>2026-05-23T11:03:00.900Z</time></trkpt>
<trkpt lat="54.379739" lon="18.808044"><time>2026-05-23T11:03:02.900Z</time></trkpt>
<trkpt lat="54.379780" lon="18.808039"><time>2026-05-23T11:03:04.900Z</time></trkpt>
<trkpt lat="54.379825" lon="18.808034"><time>2026-05-23T11:03:06.900Z</time></trkpt>
<trkpt lat="54.379874" lon="18.808018"><time>2026-05-23T11:03:08.900Z</time></trkpt>
<trkpt lat="54.379917" lon="18.808008"><time>2026-05-23T11:03:10.900Z</time></trkpt>
<trkpt lat="54.379960" lon="18.808004"><time>2026-05-23T11:03:12.900Z</time></trkpt>
<trkpt lat="54.380004" lon="18.807998"><time>2026-05-23T11:03:14.900Z</time></trkpt>
<trkpt lat="54.380050" lon="18.807991"><time>2026-05-23T11:03:16.900Z</time></trkpt>
<trkpt lat="54.380094" lon="18.807986"><time>2026-05-23T11:03:18.900Z</time></trkpt>
<trkpt lat="54.380141" lon="18.807979"><time>2026-05-23T11:03:20.900Z</time></trkpt>
<trkpt lat="54.380183" lon="18.807975"><time>2026-05-23T11:03:22.900Z</time></trkpt>
<trkpt lat="54.380227" lon="18.807969"><time>2026-05-23T11:03:24.900Z</time></trkpt>
<trkpt lat="54.380272" lon="18.807965"><time>2026-05-23T11:03:26.900Z</time></trkpt>
<trkpt lat="54.380315" lon="18.807955"><time>2026-05-23T11:03:28.900Z</time></trkpt>
<trkpt lat="54.380359" lon="18.807948"><time>2026-05-23T11:03:30.900Z</time></trkpt>
<trkpt lat="54.380403" lon="18.807938"><time>2026-05-23T11:03:32.900Z</time></trkpt>
<trkpt lat="54.380448" lon="18.807931"><time>2026-05-23T11:03:34.900Z</time></trkpt>
<trkpt lat="54.380495" lon="18.807922"><time>2026-05-23T11:03:36.900Z</time></trkpt>
<trkpt lat="54.380544" lon="18.807913"><time>2026-05-23T11:03:38.900Z</time></trkpt>
<trkpt lat="54.380591" lon="18.807902"><time>2026-05-23T11:03:40.900Z</time></trkpt>
<trkpt lat="54.380642" lon="18.807894"><time>2026-05-23T11:03:42.900Z</time></trkpt>
<trkpt lat="54.380690" lon="18.807887"><time>2026-05-23T11:03:44.900Z</time></trkpt>
<trkpt lat="54.380739" lon="18.807882"><time>2026-05-23T11:03:46.900Z</time></trkpt>
<trkpt lat="54.380788" lon="18.807879"><time>2026-05-23T11:03:48.900Z</time></trkpt>
<trkpt lat="54.380836" lon="18.807875"><time>2026-05-23T11:03:50.900Z</time></trkpt>
<trkpt lat="54.380884" lon="18.807869"><time>2026-05-23T11:03:52.900Z</time></trkpt>
<trkpt lat="54.380933" lon="18.807862"><time>2026-05-23T11:03:54.900Z</time></trkpt>
<trkpt lat="54.380982" lon="18.807853"><time>2026-05-23T11:03:56.900Z</time></trkpt>
<trkpt lat="54.381030" lon="18.807840"><time>2026-05-23T11:03:58.900Z</time></trkpt>
<trkpt lat="54.381080" lon="18.807832"><time>2026-05-23T11:04:00.900Z</time></trkpt>
<trkpt lat="54.381130" lon="18.807821"><time>2026-05-23T11:04:02.900Z</time></trkpt>
<trkpt lat="54.381182" lon="18.807812"><time>2026-05-23T11:04:04.900Z</time></trkpt>
<trkpt lat="54.381229" lon="18.807805"><time>2026-05-23T11:04:06.900Z</time></trkpt>
<trkpt lat="54.381275" lon="18.807788"><time>2026-05-23T11:04:08.900Z</time></trkpt>
<trkpt lat="54.381319" lon="18.807780"><time>2026-05-23T11:04:11.000Z</time></trkpt>
<trkpt lat="54.381342" lon="18.807775"><time>2026-05-23T11:04:12.000Z</time></trkpt>
<trkpt lat="54.381391" lon="18.807761"><time>2026-05-23T11:04:14.000Z</time></trkpt>
<trkpt lat="54.381444" lon="18.807750"><time>2026-05-23T11:04:16.000Z</time></trkpt>
<trkpt lat="54.381492" lon="18.807737"><time>2026-05-23T11:04:18.000Z</time></trkpt>
<trkpt lat="54.381543" lon="18.807722"><time>2026-05-23T11:04:20.000Z</time></trkpt>
<trkpt lat="54.381594" lon="18.807705"><time>2026-05-23T11:04:22.000Z</time></trkpt>
<trkpt lat="54.381641" lon="18.807695"><time>2026-05-23T11:04:24.000Z</time></trkpt>
<trkpt lat="54.381692" lon="18.807683"><time>2026-05-23T11:04:26.000Z</time></trkpt>
<trkpt lat="54.381739" lon="18.807674"><time>2026-05-23T11:04:28.000Z</time></trkpt>
<trkpt lat="54.381788" lon="18.807663"><time>2026-05-23T11:04:30.000Z</time></trkpt>
<trkpt lat="54.381836" lon="18.807654"><time>2026-05-23T11:04:32.000Z</time></trkpt>
<trkpt lat="54.381886" lon="18.807645"><time>2026-05-23T11:04:34.000Z</time></trkpt>
<trkpt lat="54.381940" lon="18.807627"><time>2026-05-23T11:04:36.000Z</time></trkpt>
<trkpt lat="54.381990" lon="18.807607"><time>2026-05-23T11:04:38.000Z</time></trkpt>
<trkpt lat="54.382040" lon="18.807597"><time>2026-05-23T11:04:40.000Z</time></trkpt>
<trkpt lat="54.382088" lon="18.807591"><time>2026-05-23T11:04:42.000Z</time></trkpt>
<trkpt lat="54.382142" lon="18.807582"><time>2026-05-23T11:04:44.000Z</time></trkpt>
<trkpt lat="54.382190" lon="18.807568"><time>2026-05-23T11:04:46.000Z</time></trkpt>
<trkpt lat="54.382241" lon="18.807553"><time>2026-05-23T11:04:48.000Z</time></trkpt>
<trkpt lat="54.382314" lon="18.807528"><time>2026-05-23T11:04:50.900Z</time></trkpt>
<trkpt lat="54.382362" lon="18.807514"><time>2026-05-23T11:04:52.900Z</time></trkpt>
<trkpt lat="54.382412" lon="18.807500"><time>2026-05-23T11:04:54.900Z</time></trkpt>
<trkpt lat="54.382461" lon="18.807486"><time>2026-05-23T11:04:56.900Z</time></trkpt>
<trkpt lat="54.382509" lon="18.807470"><time>2026-05-23T11:04:58.900Z</time></trkpt>
<trkpt lat="54.382557" lon="18.807458"><time>2026-05-23T11:05:00.900Z</time></trkpt>
<trkpt lat="54.382606" lon="18.807445"><time>2026-05-23T11:05:02.900Z</time></trkpt>
<trkpt lat="54.382658" lon="18.807430"><time>2026-05-23T11:05:04.900Z</time></trkpt>
<trkpt lat="54.382707" lon="18.807416"><time>2026-05-23T11:05:06.900Z</time></trkpt>
<trkpt lat="54.382759" lon="18.807401"><time>2026-05-23T11:05:08.900Z</time></trkpt>
<trkpt lat="54.382811" lon="18.807383"><time>2026-05-23T11:05:10.900Z</time></trkpt>
<trkpt lat="54.382861" lon="18.807370"><time>2026-05-23T11:05:12.900Z</time></trkpt>
<trkpt lat="54.382912" lon="18.807356"><time>2026-05-23T11:05:14.900Z</time></trkpt>
<trkpt lat="54.382963" lon="18.807337"><time>2026-05-23T11:05:16.900Z</time></trkpt>
<trkpt lat="54.383014" lon="18.807325"><time>2026-05-23T11:05:18.900Z</time></trkpt>
<trkpt lat="54.383064" lon="18.807310"><time>2026-05-23T11:05:20.900Z</time></trkpt>
<trkpt lat="54.383115" lon="18.807293"><time>2026-05-23T11:05:22.900Z</time></trkpt>
<trkpt lat="54.383165" lon="18.807278"><time>2026-05-23T11:05:24.900Z</time></trkpt>
<trkpt lat="54.383217" lon="18.807263"><time>2026-05-23T11:05:26.900Z</time></trkpt>
<trkpt lat="54.383267" lon="18.807248"><time>2026-05-23T11:05:28.900Z</time></trkpt>
<trkpt lat="54.383317" lon="18.807232"><time>2026-05-23T11:05:30.900Z</time></trkpt>
<trkpt lat="54.383368" lon="18.807217"><time>2026-05-23T11:05:32.900Z</time></trkpt>
<trkpt lat="54.383420" lon="18.807205"><time>2026-05-23T11:05:34.900Z</time></trkpt>
<trkpt lat="54.383469" lon="18.807191"><time>2026-05-23T11:05:36.900Z</time></trkpt>
<trkpt lat="54.383521" lon="18.807178"><time>2026-05-23T11:05:38.900Z</time></trkpt>
<trkpt lat="54.383574" lon="18.807168"><time>2026-05-23T11:05:40.900Z</time></trkpt>
<trkpt lat="54.383625" lon="18.807157"><time>2026-05-23T11:05:42.900Z</time></trkpt>
<trkpt lat="54.383673" lon="18.807143"><time>2026-05-23T11:05:44.900Z</time></trkpt>
<trkpt lat="54.383722" lon="18.807129"><time>2026-05-23T11:05:46.900Z</time></trkpt>
<trkpt lat="54.383772" lon="18.807111"><time>2026-05-23T11:05:48.900Z</time></trkpt>
<trkpt lat="54.383822" lon="18.807094"><time>2026-05-23T11:05:50.900Z</time></trkpt>
<trkpt lat="54.383873" lon="18.807078"><time>2026-05-23T11:05:52.900Z</time></trkpt>
<trkpt lat="54.383923" lon="18.807065"><time>2026-05-23T11:05:54.900Z</time></trkpt>
<trkpt lat="54.383974" lon="18.807052"><time>2026-05-23T11:05:56.900Z</time></trkpt>
<trkpt lat="54.384023" lon="18.807038"><time>2026-05-23T11:05:58.900Z</time></trkpt>
<trkpt lat="54.384073" lon="18.807028"><time>2026-05-23T11:06:00.900Z</time></trkpt>
<trkpt lat="54.384123" lon="18.807018"><time>2026-05-23T11:06:02.900Z</time></trkpt>
<trkpt lat="54.384173" lon="18.807006"><time>2026-05-23T11:06:04.900Z</time></trkpt>
<trkpt lat="54.384225" lon="18.806995"><time>2026-05-23T11:06:06.900Z</time></trkpt>
<trkpt lat="54.384277" lon="18.806983"><time>2026-05-23T11:06:08.900Z</time></trkpt>
<trkpt lat="54.384328" lon="18.806969"><time>2026-05-23T11:06:10.900Z</time></trkpt>
<trkpt lat="54.384377" lon="18.806955"><time>2026-05-23T11:06:12.900Z</time></trkpt>
<trkpt lat="54.384428" lon="18.806942"><time>2026-05-23T11:06:14.900Z</time></trkpt>
<trkpt lat="54.384479" lon="18.806928"><time>2026-05-23T11:06:17.000Z</time></trkpt>
<trkpt lat="54.384505" lon="18.806921"><time>2026-05-23T11:06:18.000Z</time></trkpt>
<trkpt lat="54.384557" lon="18.806904"><time>2026-05-23T11:06:20.000Z</time></trkpt>
<trkpt lat="54.384607" lon="18.806887"><time>2026-05-23T11:06:22.000Z</time></trkpt>
<trkpt lat="54.384657" lon="18.806873"><time>2026-05-23T11:06:24.000Z</time></trkpt>
<trkpt lat="54.384705" lon="18.806861"><time>2026-05-23T11:06:26.000Z</time></trkpt>
<trkpt lat="54.384756" lon="18.806850"><time>2026-05-23T11:06:28.000Z</time></trkpt>
<trkpt lat="54.384807" lon="18.806839"><time>2026-05-23T11:06:30.000Z</time></trkpt>
<trkpt lat="54.384858" lon="18.806826"><time>2026-05-23T11:06:32.000Z</time></trkpt>
<trkpt lat="54.384907" lon="18.806814"><time>2026-05-23T11:06:34.000Z</time></trkpt>
<trkpt lat="54.384957" lon="18.806801"><time>2026-05-23T11:06:36.000Z</time></trkpt>
<trkpt lat="54.385008" lon="18.806790"><time>2026-05-23T11:06:38.000Z</time></trkpt>
<trkpt lat="54.385059" lon="18.806778"><time>2026-05-23T11:06:40.000Z</time></trkpt>
<trkpt lat="54.385109" lon="18.806769"><time>2026-05-23T11:06:42.000Z</time></trkpt>
<trkpt lat="54.385160" lon="18.806759"><time>2026-05-23T11:06:44.000Z</time></trkpt>
<trkpt lat="54.385207" lon="18.806751"><time>2026-05-23T11:06:46.000Z</time></trkpt>
<trkpt lat="54.385261" lon="18.806739"><time>2026-05-23T11:06:48.000Z</time></trkpt>
<trkpt lat="54.385314" lon="18.806728"><time>2026-05-23T11:06:50.000Z</time></trkpt>
<trkpt lat="54.385365" lon="18.806718"><time>2026-05-23T11:06:52.000Z</time></trkpt>
<trkpt lat="54.385439" lon="18.806703"><time>2026-05-23T11:06:54.900Z</time></trkpt>
<trkpt lat="54.385491" lon="18.806698"><time>2026-05-23T11:06:56.900Z</time></trkpt>
<trkpt lat="54.385540" lon="18.806690"><time>2026-05-23T11:06:58.900Z</time></trkpt>
<trkpt lat="54.385592" lon="18.806688"><time>2026-05-23T11:07:00.900Z</time></trkpt>
<trkpt lat="54.385645" lon="18.806687"><time>2026-05-23T11:07:02.900Z</time></trkpt>
<trkpt lat="54.385694" lon="18.806675"><time>2026-05-23T11:07:04.900Z</time></trkpt>
<trkpt lat="54.385743" lon="18.806664"><time>2026-05-23T11:07:06.900Z</time></trkpt>
<trkpt lat="54.385793" lon="18.806654"><time>2026-05-23T11:07:08.900Z</time></trkpt>
<trkpt lat="54.385843" lon="18.806647"><time>2026-05-23T11:07:10.900Z</time></trkpt>
<trkpt lat="54.385894" lon="18.806637"><time>2026-05-23T11:07:12.900Z</time></trkpt>
<trkpt lat="54.385957" lon="18.806626"><time>2026-05-23T11:07:14.900Z</time></trkpt>
<trkpt lat="54.386009" lon="18.806640"><time>2026-05-23T11:07:16.900Z</time></trkpt>
<trkpt lat="54.386036" lon="18.806687"><time>2026-05-23T11:07:18.900Z</time></trkpt>
<trkpt lat="54.386046" lon="18.806746"><time>2026-05-23T11:07:20.900Z</time></trkpt>
<trkpt lat="54.386035" lon="18.806812"><time>2026-05-23T11:07:22.900Z</time></trkpt>
<trkpt lat="54.386030" lon="18.806863"><time>2026-05-23T11:07:24.900Z</time></trkpt>
<trkpt lat="54.386023" lon="18.806902"><time>2026-05-23T11:07:26.900Z</time></trkpt>
<trkpt lat="54.386019" lon="18.806947"><time>2026-05-23T11:07:28.900Z</time></trkpt>
<trkpt lat="54.386017" lon="18.806999"><time>2026-05-23T11:07:30.900Z</time></trkpt>
<trkpt lat="54.386013" lon="18.807050"><time>2026-05-23T11:07:32.900Z</time></trkpt>
<trkpt lat="54.386002" lon="18.807098"><time>2026-05-23T11:07:34.900Z</time></trkpt>
<trkpt lat="54.385994" lon="18.807141"><time>2026-05-23T11:07:36.900Z</time></trkpt>
<trkpt lat="54.385986" lon="18.807191"><time>2026-05-23T11:07:38.900Z</time></trkpt>
<trkpt lat="54.385978" lon="18.807244"><time>2026-05-23T11:07:40.900Z</time></trkpt>
<trkpt lat="54.385976" lon="18.807297"><time>2026-05-23T11:07:42.900Z</time></trkpt>
<trkpt lat="54.385973" lon="18.807340"><time>2026-05-23T11:07:44.900Z</time></trkpt>
<trkpt lat="54.385962" lon="18.807413"><time>2026-05-23T11:07:46.900Z</time></trkpt>
<trkpt lat="54.385949" lon="18.807471"><time>2026-05-23T11:07:48.900Z</time></trkpt>
<trkpt lat="54.385945" lon="18.807528"><time>2026-05-23T11:07:50.900Z</time></trkpt>
<trkpt lat="54.385943" lon="18.807590"><time>2026-05-23T11:07:52.900Z</time></trkpt>
<trkpt lat="54.385940" lon="18.807653"><time>2026-05-23T11:07:54.900Z</time></trkpt>
<trkpt lat="54.385937" lon="18.807713"><time>2026-05-23T11:07:56.900Z</time></trkpt>
<trkpt lat="54.385932" lon="18.807777"><time>2026-05-23T11:07:58.900Z</time></trkpt>
<trkpt lat="54.385926" lon="18.807836"><time>2026-05-23T11:08:00.900Z</time></trkpt>
<trkpt lat="54.385917" lon="18.807897"><time>2026-05-23T11:08:02.900Z</time></trkpt>
<trkpt lat="54.385909" lon="18.807954"><time>2026-05-23T11:08:04.900Z</time></trkpt>
<trkpt lat="54.385903" lon="18.808018"><time>2026-05-23T11:08:06.900Z</time></trkpt>
<trkpt lat="54.385899" lon="18.808079"><time>2026-05-23T11:08:08.900Z</time></trkpt>
<trkpt lat="54.385892" lon="18.808142"><time>2026-05-23T11:08:10.900Z</time></trkpt>
<trkpt lat="54.385888" lon="18.808204"><time>2026-05-23T11:08:12.900Z</time></trkpt>
<trkpt lat="54.385879" lon="18.808274"><time>2026-05-23T11:08:14.900Z</time></trkpt>
<trkpt lat="54.385872" lon="18.808341"><time>2026-05-23T11:08:16.900Z</time></trkpt>
<trkpt lat="54.385863" lon="18.808409"><time>2026-05-23T11:08:18.900Z</time></trkpt>
<trkpt lat="54.385854" lon="18.808478"><time>2026-05-23T11:08:20.900Z</time></trkpt>
<trkpt lat="54.385845" lon="18.808545"><time>2026-05-23T11:08:23.000Z</time></trkpt>
<trkpt lat="54.385839" lon="18.808580"><time>2026-05-23T11:08:24.000Z</time></trkpt>
<trkpt lat="54.385827" lon="18.808649"><time>2026-05-23T11:08:26.000Z</time></trkpt>
<trkpt lat="54.385816" lon="18.808719"><time>2026-05-23T11:08:28.000Z</time></trkpt>
<trkpt lat="54.385805" lon="18.808788"><time>2026-05-23T11:08:30.000Z</time></trkpt>
<trkpt lat="54.385795" lon="18.808855"><time>2026-05-23T11:08:32.000Z</time></trkpt>
<trkpt lat="54.385785" lon="18.808928"><time>2026-05-23T11:08:34.000Z</time></trkpt>
<trkpt lat="54.385775" lon="18.808999"><time>2026-05-23T11:08:36.000Z</time></trkpt>
<trkpt lat="54.385764" lon="18.809073"><time>2026-05-23T11:08:38.000Z</time></trkpt>
<trkpt lat="54.385754" lon="18.809144"><time>2026-05-23T11:08:40.000Z</time></trkpt>
<trkpt lat="54.385744" lon="18.809218"><time>2026-05-23T11:08:42.000Z</time></trkpt>
<trkpt lat="54.385734" lon="18.809291"><time>2026-05-23T11:08:44.000Z</time></trkpt>
<trkpt lat="54.385724" lon="18.809366"><time>2026-05-23T11:08:46.000Z</time></trkpt>
<trkpt lat="54.385714" lon="18.809442"><time>2026-05-23T11:08:48.000Z</time></trkpt>
<trkpt lat="54.385705" lon="18.809518"><time>2026-05-23T11:08:50.000Z</time></trkpt>
<trkpt lat="54.385694" lon="18.809592"><time>2026-05-23T11:08:52.000Z</time></trkpt>
<trkpt lat="54.385683" lon="18.809667"><time>2026-05-23T11:08:54.000Z</time></trkpt>
<trkpt lat="54.385664" lon="18.809778"><time>2026-05-23T11:08:56.900Z</time></trkpt>
<trkpt lat="54.385651" lon="18.809851"><time>2026-05-23T11:08:58.900Z</time></trkpt>
<trkpt lat="54.385637" lon="18.809927"><time>2026-05-23T11:09:00.900Z</time></trkpt>
<trkpt lat="54.385623" lon="18.810002"><time>2026-05-23T11:09:02.900Z</time></trkpt>
<trkpt lat="54.385610" lon="18.810077"><time>2026-05-23T11:09:04.900Z</time></trkpt>
<trkpt lat="54.385598" lon="18.810152"><time>2026-05-23T11:09:06.900Z</time></trkpt>
<trkpt lat="54.385586" lon="18.810227"><time>2026-05-23T11:09:08.900Z</time></trkpt>
<trkpt lat="54.385573" lon="18.810302"><time>2026-05-23T11:09:10.900Z</time></trkpt>
<trkpt lat="54.385562" lon="18.810377"><time>2026-05-23T11:09:12.900Z</time></trkpt>
<trkpt lat="54.385549" lon="18.810452"><time>2026-05-23T11:09:14.900Z</time></trkpt>
<trkpt lat="54.385536" lon="18.810526"><time>2026-05-23T11:09:16.900Z</time></trkpt>
<trkpt lat="54.385525" lon="18.810598"><time>2026-05-23T11:09:18.900Z</time></trkpt>
<trkpt lat="54.385515" lon="18.810671"><time>2026-05-23T11:09:20.900Z</time></trkpt>
<trkpt lat="54.385504" lon="18.810746"><time>2026-05-23T11:09:22.900Z</time></trkpt>
<trkpt lat="54.385492" lon="18.810819"><time>2026-05-23T11:09:24.900Z</time></trkpt>
<trkpt lat="54.385480" lon="18.810892"><time>2026-05-23T11:09:26.900Z</time></trkpt>
<trkpt lat="54.385469" lon="18.810964"><time>2026-05-23T11:09:28.900Z</time></trkpt>
<trkpt lat="54.385458" lon="18.811037"><time>2026-05-23T11:09:30.900Z</time></trkpt>
<trkpt lat="54.385447" lon="18.811112"><time>2026-05-23T11:09:32.900Z</time></trkpt>
<trkpt lat="54.385436" lon="18.811187"><time>2026-05-23T11:09:34.900Z</time></trkpt>
<trkpt lat="54.385425" lon="18.811262"><time>2026-05-23T11:09:36.900Z</time></trkpt>
<trkpt lat="54.385414" lon="18.811336"><time>2026-05-23T11:09:38.900Z</time></trkpt>
<trkpt lat="54.385403" lon="18.811412"><time>2026-05-23T11:09:40.900Z</time></trkpt>
<trkpt lat="54.385392" lon="18.811488"><time>2026-05-23T11:09:42.900Z</time></trkpt>
<trkpt lat="54.385381" lon="18.811567"><time>2026-05-23T11:09:44.900Z</time></trkpt>
<trkpt lat="54.385369" lon="18.811645"><time>2026-05-23T11:09:46.900Z</time></trkpt>
<trkpt lat="54.385359" lon="18.811719"><time>2026-05-23T11:09:48.900Z</time></trkpt>
<trkpt lat="54.385348" lon="18.811794"><time>2026-05-23T11:09:50.900Z</time></trkpt>
<trkpt lat="54.385337" lon="18.811870"><time>2026-05-23T11:09:52.900Z</time></trkpt>
<trkpt lat="54.385327" lon="18.811943"><time>2026-05-23T11:09:54.900Z</time></trkpt>
<trkpt lat="54.385318" lon="18.812016"><time>2026-05-23T11:09:56.900Z</time></trkpt>
<trkpt lat="54.385307" lon="18.812090"><time>2026-05-23T11:09:58.900Z</time></trkpt>
<trkpt lat="54.385294" lon="18.812161"><time>2026-05-23T11:10:00.900Z</time></trkpt>
<trkpt lat="54.385284" lon="18.812232"><time>2026-05-23T11:10:02.900Z</time></trkpt>
<trkpt lat="54.385272" lon="18.812306"><time>2026-05-23T11:10:04.900Z</time></trkpt>
<trkpt lat="54.385261" lon="18.812381"><time>2026-05-23T11:10:06.900Z</time></trkpt>
<trkpt lat="54.385250" lon="18.812455"><time>2026-05-23T11:10:08.900Z</time></trkpt>
<trkpt lat="54.385240" lon="18.812526"><time>2026-05-23T11:10:10.900Z</time></trkpt>
<trkpt lat="54.385232" lon="18.812601"><time>2026-05-23T11:10:12.900Z</time></trkpt>
<trkpt lat="54.385223" lon="18.812671"><time>2026-05-23T11:10:14.900Z</time></trkpt>
<trkpt lat="54.385215" lon="18.812737"><time>2026-05-23T11:10:16.900Z</time></trkpt>
<trkpt lat="54.385206" lon="18.812804"><time>2026-05-23T11:10:18.900Z</time></trkpt>
<trkpt lat="54.385192" lon="18.812872"><time>2026-05-23T11:10:20.900Z</time></trkpt>
<trkpt lat="54.385180" lon="18.812938"><time>2026-05-23T11:10:22.900Z</time></trkpt>
<trkpt lat="54.385169" lon="18.813006"><time>2026-05-23T11:10:24.900Z</time></trkpt>
<trkpt lat="54.385158" lon="18.813076"><time>2026-05-23T11:10:26.900Z</time></trkpt>
<trkpt lat="54.385148" lon="18.813139"><time>2026-05-23T11:10:29.000Z</time></trkpt>
<trkpt lat="54.385143" lon="18.813172"><time>2026-05-23T11:10:30.000Z</time></trkpt>
<trkpt lat="54.385132" lon="18.813241"><time>2026-05-23T11:10:32.000Z</time></trkpt>
<trkpt lat="54.385124" lon="18.813309"><time>2026-05-23T11:10:34.000Z</time></trkpt>
<trkpt lat="54.385116" lon="18.813376"><time>2026-05-23T11:10:36.000Z</time></trkpt>
<trkpt lat="54.385107" lon="18.813443"><time>2026-05-23T11:10:38.000Z</time></trkpt>
<trkpt lat="54.385097" lon="18.813508"><time>2026-05-23T11:10:40.000Z</time></trkpt>
<trkpt lat="54.385087" lon="18.813573"><time>2026-05-23T11:10:42.000Z</time></trkpt>
<trkpt lat="54.385075" lon="18.813640"><time>2026-05-23T11:10:44.000Z</time></trkpt>
<trkpt lat="54.385061" lon="18.813705"><time>2026-05-23T11:10:46.000Z</time></trkpt>
<trkpt lat="54.385047" lon="18.813771"><time>2026-05-23T11:10:48.000Z</time></trkpt>
<trkpt lat="54.385032" lon="18.813836"><time>2026-05-23T11:10:50.000Z</time></trkpt>
<trkpt lat="54.385019" lon="18.813904"><time>2026-05-23T11:10:52.000Z</time></trkpt>
<trkpt lat="54.385005" lon="18.813972"><time>2026-05-23T11:10:54.000Z</time></trkpt>
<trkpt lat="54.384992" lon="18.814040"><time>2026-05-23T11:10:56.000Z</time></trkpt>
<trkpt lat="54.384979" lon="18.814138"><time>2026-05-23T11:10:58.900Z</time></trkpt>
<trkpt lat="54.384968" lon="18.814203"><time>2026-05-23T11:11:00.900Z</time></trkpt>
<trkpt lat="54.384951" lon="18.814264"><time>2026-05-23T11:11:02.900Z</time></trkpt>
<trkpt lat="54.384937" lon="18.814321"><time>2026-05-23T11:11:04.900Z</time></trkpt>
<trkpt lat="54.384926" lon="18.814384"><time>2026-05-23T11:11:06.900Z</time></trkpt>
<trkpt lat="54.384911" lon="18.814458"><time>2026-05-23T11:11:08.900Z</time></trkpt>
<trkpt lat="54.384898" lon="18.814520"><time>2026-05-23T11:11:10.900Z</time></trkpt>
<trkpt lat="54.384885" lon="18.814582"><time>2026-05-23T11:11:12.900Z</time></trkpt>
<trkpt lat="54.384872" lon="18.814644"><time>2026-05-23T11:11:14.900Z</time></trkpt>
<trkpt lat="54.384860" lon="18.814709"><time>2026-05-23T11:11:16.900Z</time></trkpt>
<trkpt lat="54.384848" lon="18.814776"><time>2026-05-23T11:11:18.900Z</time></trkpt>
<trkpt lat="54.384836" lon="18.814840"><time>2026-05-23T11:11:20.900Z</time></trkpt>
<trkpt lat="54.384823" lon="18.814905"><time>2026-05-23T11:11:22.900Z</time></trkpt>
<trkpt lat="54.384809" lon="18.814973"><time>2026-05-23T11:11:24.900Z</time></trkpt>
<trkpt lat="54.384794" lon="18.815035"><time>2026-05-23T11:11:26.900Z</time></trkpt>
<trkpt lat="54.384781" lon="18.815106"><time>2026-05-23T11:11:28.900Z</time></trkpt>
<trkpt lat="54.384767" lon="18.815174"><time>2026-05-23T11:11:30.900Z</time></trkpt>
<trkpt lat="54.384750" lon="18.815244"><time>2026-05-23T11:11:32.900Z</time></trkpt>
<trkpt lat="54.384734" lon="18.815311"><time>2026-05-23T11:11:34.900Z</time></trkpt>
<trkpt lat="54.384714" lon="18.815380"><time>2026-05-23T11:11:36.900Z</time></trkpt>
<trkpt lat="54.384695" lon="18.815444"><time>2026-05-23T11:11:38.900Z</time></trkpt>
<trkpt lat="54.384677" lon="18.815508"><time>2026-05-23T11:11:40.900Z</time></trkpt>
<trkpt lat="54.384662" lon="18.815572"><time>2026-05-23T11:11:42.900Z</time></trkpt>
<trkpt lat="54.384640" lon="18.815632"><time>2026-05-23T11:11:44.900Z</time></trkpt>
<trkpt lat="54.384620" lon="18.815690"><time>2026-05-23T11:11:46.900Z</time></trkpt>
<trkpt lat="54.384604" lon="18.815750"><time>2026-05-23T11:11:48.900Z</time></trkpt>
<trkpt lat="54.384586" lon="18.815809"><time>2026-05-23T11:11:50.900Z</time></trkpt>
<trkpt lat="54.384569" lon="18.815869"><time>2026-05-23T11:11:52.900Z</time></trkpt>
<trkpt lat="54.384563" lon="18.815922"><time>2026-05-23T11:11:54.900Z</time></trkpt>
<trkpt lat="54.384562" lon="18.815988"><time>2026-05-23T11:11:56.900Z</time></trkpt>
<trkpt lat="54.384574" lon="18.816063"><time>2026-05-23T11:11:58.900Z</time></trkpt>
<trkpt lat="54.384597" lon="18.816102"><time>2026-05-23T11:12:00.900Z</time></trkpt>
<trkpt lat="54.384620" lon="18.816109"><time>2026-05-23T11:12:02.900Z</time></trkpt>
<trkpt lat="54.384648" lon="18.816107"><time>2026-05-23T11:12:04.900Z</time></trkpt>
<trkpt lat="54.384681" lon="18.816108"><time>2026-05-23T11:12:06.900Z</time></trkpt>
<trkpt lat="54.384715" lon="18.816105"><time>2026-05-23T11:12:08.900Z</time></trkpt>
<trkpt lat="54.384751" lon="18.816113"><time>2026-05-23T11:12:10.900Z</time></trkpt>
<trkpt lat="54.384793" lon="18.816135"><time>2026-05-23T11:12:12.900Z</time></trkpt>
<trkpt lat="54.384836" lon="18.816151"><time>2026-05-23T11:12:14.900Z</time></trkpt>
<trkpt lat="54.384868" lon="18.816153"><time>2026-05-23T11:12:16.900Z</time></trkpt>
<trkpt lat="54.384899" lon="18.816151"><time>2026-05-23T11:12:18.900Z</time></trkpt>
<trkpt lat="54.384945" lon="18.816146"><time>2026-05-23T11:12:20.900Z</time></trkpt>
<trkpt lat="54.384981" lon="18.816142"><time>2026-05-23T11:12:22.900Z</time></trkpt>
<trkpt lat="54.385018" lon="18.816149"><time>2026-05-23T11:12:24.900Z</time></trkpt>
<trkpt lat="54.385051" lon="18.816166"><time>2026-05-23T11:12:26.900Z</time></trkpt>
<trkpt lat="54.385082" lon="18.816168"><time>2026-05-23T11:12:28.900Z</time></trkpt>
<trkpt lat="54.385113" lon="18.816163"><time>2026-05-23T11:12:30.900Z</time></trkpt>
<trkpt lat="54.385153" lon="18.816178"><time>2026-05-23T11:12:32.900Z</time></trkpt>
<trkpt lat="54.385177" lon="18.816182"><time>2026-05-23T11:12:34.000Z</time></trkpt>
<trkpt lat="54.385220" lon="18.816192"><time>2026-05-23T11:12:36.000Z</time></trkpt>
<trkpt lat="54.385259" lon="18.816200"><time>2026-05-23T11:12:38.000Z</time></trkpt>
<trkpt lat="54.385297" lon="18.816205"><time>2026-05-23T11:12:40.000Z</time></trkpt>
<trkpt lat="54.385334" lon="18.816217"><time>2026-05-23T11:12:42.000Z</time></trkpt>
<trkpt lat="54.385374" lon="18.816231"><time>2026-05-23T11:12:44.000Z</time></trkpt>
<trkpt lat="54.385412" lon="18.816245"><time>2026-05-23T11:12:46.000Z</time></trkpt>
<trkpt lat="54.385447" lon="18.816302"><time>2026-05-23T11:12:48.000Z</time></trkpt>
<trkpt lat="54.385479" lon="18.816329"><time>2026-05-23T11:12:50.000Z</time></trkpt>
<trkpt lat="54.385519" lon="18.816338"><time>2026-05-23T11:12:52.000Z</time></trkpt>
<trkpt lat="54.385558" lon="18.816345"><time>2026-05-23T11:12:54.000Z</time></trkpt>
<trkpt lat="54.385599" lon="18.816346"><time>2026-05-23T11:12:56.000Z</time></trkpt>
<trkpt lat="54.385644" lon="18.816351"><time>2026-05-23T11:12:58.000Z</time></trkpt>
<trkpt lat="54.385719" lon="18.816365"><time>2026-05-23T11:13:00.900Z</time></trkpt>
<trkpt lat="54.385764" lon="18.816369"><time>2026-05-23T11:13:02.900Z</time></trkpt>
<trkpt lat="54.385808" lon="18.816375"><time>2026-05-23T11:13:04.900Z</time></trkpt>
<trkpt lat="54.385852" lon="18.816382"><time>2026-05-23T11:13:06.900Z</time></trkpt>
<trkpt lat="54.385897" lon="18.816387"><time>2026-05-23T11:13:08.900Z</time></trkpt>
<trkpt lat="54.385938" lon="18.816394"><time>2026-05-23T11:13:10.900Z</time></trkpt>
<trkpt lat="54.385985" lon="18.816401"><time>2026-05-23T11:13:12.900Z</time></trkpt>
<trkpt lat="54.386032" lon="18.816410"><time>2026-05-23T11:13:14.900Z</time></trkpt>
<trkpt lat="54.386077" lon="18.816420"><time>2026-05-23T11:13:16.900Z</time></trkpt>
<trkpt lat="54.386122" lon="18.816426"><time>2026-05-23T11:13:18.900Z</time></trkpt>
<trkpt lat="54.386167" lon="18.816424"><time>2026-05-23T11:13:20.900Z</time></trkpt>
<trkpt lat="54.386213" lon="18.816431"><time>2026-05-23T11:13:22.900Z</time></trkpt>
<trkpt lat="54.386259" lon="18.816441"><time>2026-05-23T11:13:24.900Z</time></trkpt>
<trkpt lat="54.386302" lon="18.816446"><time>2026-05-23T11:13:26.900Z</time></trkpt>
<trkpt lat="54.386347" lon="18.816452"><time>2026-05-23T11:13:28.900Z</time></trkpt>
<trkpt lat="54.386386" lon="18.816455"><time>2026-05-23T11:13:30.900Z</time></trkpt>
<trkpt lat="54.386434" lon="18.816461"><time>2026-05-23T11:13:32.900Z</time></trkpt>
<trkpt lat="54.386487" lon="18.816466"><time>2026-05-23T11:13:34.900Z</time></trkpt>
<trkpt lat="54.386533" lon="18.816483"><time>2026-05-23T11:13:36.900Z</time></trkpt>
<trkpt lat="54.386579" lon="18.816495"><time>2026-05-23T11:13:38.900Z</time></trkpt>
<trkpt lat="54.386622" lon="18.816508"><time>2026-05-23T11:13:40.900Z</time></trkpt>
<trkpt lat="54.386663" lon="18.816514"><time>2026-05-23T11:13:42.900Z</time></trkpt>
<trkpt lat="54.386708" lon="18.816524"><time>2026-05-23T11:13:44.900Z</time></trkpt>
<trkpt lat="54.386752" lon="18.816528"><time>2026-05-23T11:13:46.900Z</time></trkpt>
<trkpt lat="54.386795" lon="18.816531"><time>2026-05-23T11:13:48.900Z</time></trkpt>
<trkpt lat="54.386841" lon="18.816535"><time>2026-05-23T11:13:50.900Z</time></trkpt>
<trkpt lat="54.386886" lon="18.816543"><time>2026-05-23T11:13:52.900Z</time></trkpt>
<trkpt lat="54.386934" lon="18.816553"><time>2026-05-23T11:13:54.900Z</time></trkpt>
<trkpt lat="54.386980" lon="18.816561"><time>2026-05-23T11:13:56.900Z</time></trkpt>
<trkpt lat="54.387029" lon="18.816572"><time>2026-05-23T11:13:58.900Z</time></trkpt>
<trkpt lat="54.387073" lon="18.816575"><time>2026-05-23T11:14:00.900Z</time></trkpt>
<trkpt lat="54.387119" lon="18.816580"><time>2026-05-23T11:14:02.900Z</time></trkpt>
<trkpt lat="54.387167" lon="18.816591"><time>2026-05-23T11:14:04.900Z</time></trkpt>
<trkpt lat="54.387214" lon="18.816599"><time>2026-05-23T11:14:06.900Z</time></trkpt>
<trkpt lat="54.387261" lon="18.816606"><time>2026-05-23T11:14:08.900Z</time></trkpt>
<trkpt lat="54.387308" lon="18.816611"><time>2026-05-23T11:14:10.900Z</time></trkpt>
<trkpt lat="54.387359" lon="18.816619"><time>2026-05-23T11:14:12.900Z</time></trkpt>
<trkpt lat="54.387414" lon="18.816629"><time>2026-05-23T11:14:14.900Z</time></trkpt>
<trkpt lat="54.387464" lon="18.816636"><time>2026-05-23T11:14:16.900Z</time></trkpt>
<trkpt lat="54.387513" lon="18.816642"><time>2026-05-23T11:14:18.900Z</time></trkpt>
<trkpt lat="54.387562" lon="18.816647"><time>2026-05-23T11:14:20.900Z</time></trkpt>
<trkpt lat="54.387610" lon="18.816653"><time>2026-05-23T11:14:22.900Z</time></trkpt>
<trkpt lat="54.387657" lon="18.816658"><time>2026-05-23T11:14:24.900Z</time></trkpt>
<trkpt lat="54.387702" lon="18.816668"><time>2026-05-23T11:14:26.900Z</time></trkpt>
<trkpt lat="54.387747" lon="18.816675"><time>2026-05-23T11:14:28.900Z</time></trkpt>
<trkpt lat="54.387794" lon="18.816678"><time>2026-05-23T11:14:30.900Z</time></trkpt>
<trkpt lat="54.387840" lon="18.816685"><time>2026-05-23T11:14:32.900Z</time></trkpt>
<trkpt lat="54.387885" lon="18.816692"><time>2026-05-23T11:14:34.900Z</time></trkpt>
<trkpt lat="54.387927" lon="18.816701"><time>2026-05-23T11:14:36.900Z</time></trkpt>
<trkpt lat="54.387971" lon="18.816713"><time>2026-05-23T11:14:38.900Z</time></trkpt>
<trkpt lat="54.387993" lon="18.816714"><time>2026-05-23T11:14:40.000Z</time></trkpt>
<trkpt lat="54.388034" lon="18.816720"><time>2026-05-23T11:14:42.000Z</time></trkpt>
<trkpt lat="54.388074" lon="18.816737"><time>2026-05-23T11:14:44.000Z</time></trkpt>
<trkpt lat="54.388115" lon="18.816748"><time>2026-05-23T11:14:46.000Z</time></trkpt>
<trkpt lat="54.388159" lon="18.816760"><time>2026-05-23T11:14:48.000Z</time></trkpt>
<trkpt lat="54.388202" lon="18.816766"><time>2026-05-23T11:14:50.000Z</time></trkpt>
<trkpt lat="54.388244" lon="18.816776"><time>2026-05-23T11:14:52.000Z</time></trkpt>
<trkpt lat="54.388282" lon="18.816785"><time>2026-05-23T11:14:54.000Z</time></trkpt>
<trkpt lat="54.388323" lon="18.816802"><time>2026-05-23T11:14:56.000Z</time></trkpt>
<trkpt lat="54.388364" lon="18.816818"><time>2026-05-23T11:14:58.000Z</time></trkpt>
<trkpt lat="54.388407" lon="18.816831"><time>2026-05-23T11:15:00.000Z</time></trkpt>
<trkpt lat="54.388449" lon="18.816827"><time>2026-05-23T11:15:02.000Z</time></trkpt>
<trkpt lat="54.388493" lon="18.816836"><time>2026-05-23T11:15:04.000Z</time></trkpt>
<trkpt lat="54.388560" lon="18.816851"><time>2026-05-23T11:15:06.900Z</time></trkpt>
<trkpt lat="54.388607" lon="18.816863"><time>2026-05-23T11:15:08.900Z</time></trkpt>
<trkpt lat="54.388649" lon="18.816875"><time>2026-05-23T11:15:10.900Z</time></trkpt>
<trkpt lat="54.388690" lon="18.816882"><time>2026-05-23T11:15:12.900Z</time></trkpt>
<trkpt lat="54.388732" lon="18.816883"><time>2026-05-23T11:15:14.900Z</time></trkpt>
<trkpt lat="54.388774" lon="18.816895"><time>2026-05-23T11:15:16.900Z</time></trkpt>
<trkpt lat="54.388817" lon="18.816902"><time>2026-05-23T11:15:18.900Z</time></trkpt>
<trkpt lat="54.388864" lon="18.816915"><time>2026-05-23T11:15:20.900Z</time></trkpt>
<trkpt lat="54.388911" lon="18.816930"><time>2026-05-23T11:15:22.900Z</time></trkpt>
<trkpt lat="54.388952" lon="18.816938"><time>2026-05-23T11:15:24.900Z</time></trkpt>
<trkpt lat="54.388986" lon="18.816953"><time>2026-05-23T11:15:26.900Z</time></trkpt>
<trkpt lat="54.389024" lon="18.816959"><time>2026-05-23T11:15:28.900Z</time></trkpt>
<trkpt lat="54.389070" lon="18.816976"><time>2026-05-23T11:15:30.900Z</time></trkpt>
<trkpt lat="54.389118" lon="18.816994"><time>2026-05-23T11:15:32.900Z</time></trkpt>
<trkpt lat="54.389165" lon="18.817007"><time>2026-05-23T11:15:34.900Z</time></trkpt>
<trkpt lat="54.389213" lon="18.817019"><time>2026-05-23T11:15:36.900Z</time></trkpt>
<trkpt lat="54.389254" lon="18.817033"><time>2026-05-23T11:15:38.900Z</time></trkpt>
<trkpt lat="54.389291" lon="18.817034"><time>2026-05-23T11:15:40.900Z</time></trkpt>
<trkpt lat="54.389332" lon="18.817040"><time>2026-05-23T11:15:42.900Z</time></trkpt>
<trkpt lat="54.389376" lon="18.817049"><time>2026-05-23T11:15:44.900Z</time></trkpt>
<trkpt lat="54.389422" lon="18.817055"><time>2026-05-23T11:15:46.900Z</time></trkpt>
<trkpt lat="54.389468" lon="18.817060"><time>2026-05-23T11:15:48.900Z</time></trkpt>
<trkpt lat="54.389507" lon="18.817066"><time>2026-05-23T11:15:50.900Z</time></trkpt>
<trkpt lat="54.389548" lon="18.817076"><time>2026-05-23T11:15:52.900Z</time></trkpt>
<trkpt lat="54.389596" lon="18.817095"><time>2026-05-23T11:15:54.900Z</time></trkpt>
<trkpt lat="54.389645" lon="18.817109"><time>2026-05-23T11:15:56.900Z</time></trkpt>
<trkpt lat="54.389695" lon="18.817118"><time>2026-05-23T11:15:58.900Z</time></trkpt>
<trkpt lat="54.389743" lon="18.817125"><time>2026-05-23T11:16:00.900Z</time></trkpt>
<trkpt lat="54.389788" lon="18.817132"><time>2026-05-23T11:16:02.900Z</time></trkpt>
<trkpt lat="54.389830" lon="18.817140"><time>2026-05-23T11:16:04.900Z</time></trkpt>
<trkpt lat="54.389868" lon="18.817151"><time>2026-05-23T11:16:06.900Z</time></trkpt>
<trkpt lat="54.389907" lon="18.817162"><time>2026-05-23T11:16:08.900Z</time></trkpt>
<trkpt lat="54.389948" lon="18.817172"><time>2026-05-23T11:16:10.900Z</time></trkpt>
<trkpt lat="54.389989" lon="18.817185"><time>2026-05-23T11:16:12.900Z</time></trkpt>
<trkpt lat="54.390032" lon="18.817196"><time>2026-05-23T11:16:14.900Z</time></trkpt>
<trkpt lat="54.390073" lon="18.817208"><time>2026-05-23T11:16:16.900Z</time></trkpt>
<trkpt lat="54.390115" lon="18.817219"><time>2026-05-23T11:16:18.900Z</time></trkpt>
<trkpt lat="54.390155" lon="18.817230"><time>2026-05-23T11:16:20.900Z</time></trkpt>
<trkpt lat="54.390197" lon="18.817243"><time>2026-05-23T11:16:22.900Z</time></trkpt>
<trkpt lat="54.390234" lon="18.817254"><time>2026-05-23T11:16:24.900Z</time></trkpt>
<trkpt lat="54.390273" lon="18.817265"><time>2026-05-23T11:16:26.900Z</time></trkpt>
<trkpt lat="54.390315" lon="18.817275"><time>2026-05-23T11:16:28.900Z</time></trkpt>
<trkpt lat="54.390359" lon="18.817283"><time>2026-05-23T11:16:30.900Z</time></trkpt>
<trkpt lat="54.390399" lon="18.817294"><time>2026-05-23T11:16:32.900Z</time></trkpt>
<trkpt lat="54.390438" lon="18.817306"><time>2026-05-23T11:16:34.900Z</time></trkpt>
<trkpt lat="54.390479" lon="18.817316"><time>2026-05-23T11:16:36.900Z</time></trkpt>
<trkpt lat="54.390519" lon="18.817327"><time>2026-05-23T11:16:38.900Z</time></trkpt>
<trkpt lat="54.390561" lon="18.817336"><time>2026-05-23T11:16:40.900Z</time></trkpt>
<trkpt lat="54.390601" lon="18.817346"><time>2026-05-23T11:16:42.900Z</time></trkpt>
<trkpt lat="54.390642" lon="18.817354"><time>2026-05-23T11:16:45.000Z</time></trkpt>
<trkpt lat="54.390662" lon="18.817359"><time>2026-05-23T11:16:46.000Z</time></trkpt>
<trkpt lat="54.390702" lon="18.817370"><time>2026-05-23T11:16:48.000Z</time></trkpt>
<trkpt lat="54.390740" lon="18.817380"><time>2026-05-23T11:16:50.000Z</time></trkpt>
<trkpt lat="54.390779" lon="18.817388"><time>2026-05-23T11:16:52.000Z</time></trkpt>
<trkpt lat="54.390816" lon="18.817393"><time>2026-05-23T11:16:54.000Z</time></trkpt>
<trkpt lat="54.390855" lon="18.817402"><time>2026-05-23T11:16:56.000Z</time></trkpt>
<trkpt lat="54.390894" lon="18.817412"><time>2026-05-23T11:16:58.000Z</time></trkpt>
<trkpt lat="54.390936" lon="18.817422"><time>2026-05-23T11:17:00.000Z</time></trkpt>
<trkpt lat="54.390976" lon="18.817430"><time>2026-05-23T11:17:02.000Z</time></trkpt>
<trkpt lat="54.391018" lon="18.817440"><time>2026-05-23T11:17:04.000Z</time></trkpt>
<trkpt lat="54.391059" lon="18.817453"><time>2026-05-23T11:17:06.000Z</time></trkpt>
<trkpt lat="54.391099" lon="18.817463"><time>2026-05-23T11:17:08.000Z</time></trkpt>
<trkpt lat="54.391157" lon="18.817478"><time>2026-05-23T11:17:10.900Z</time></trkpt>
<trkpt lat="54.391196" lon="18.817490"><time>2026-05-23T11:17:12.900Z</time></trkpt>
<trkpt lat="54.391237" lon="18.817506"><time>2026-05-23T11:17:14.900Z</time></trkpt>
<trkpt lat="54.391272" lon="18.817517"><time>2026-05-23T11:17:16.900Z</time></trkpt>
<trkpt lat="54.391310" lon="18.817529"><time>2026-05-23T11:17:18.900Z</time></trkpt>
<trkpt lat="54.391350" lon="18.817543"><time>2026-05-23T11:17:20.900Z</time></trkpt>
<trkpt lat="54.391389" lon="18.817559"><time>2026-05-23T11:17:22.900Z</time></trkpt>
<trkpt lat="54.391428" lon="18.817575"><time>2026-05-23T11:17:24.900Z</time></trkpt>
<trkpt lat="54.391467" lon="18.817589"><time>2026-05-23T11:17:26.900Z</time></trkpt>
<trkpt lat="54.391507" lon="18.817601"><time>2026-05-23T11:17:28.900Z</time></trkpt>
<trkpt lat="54.391546" lon="18.817613"><time>2026-05-23T11:17:30.900Z</time></trkpt>
<trkpt lat="54.391584" lon="18.817626"><time>2026-05-23T11:17:32.900Z</time></trkpt>
<trkpt lat="54.391622" lon="18.817639"><time>2026-05-23T11:17:34.900Z</time></trkpt>
<trkpt lat="54.391660" lon="18.817649"><time>2026-05-23T11:17:36.900Z</time></trkpt>
<trkpt lat="54.391698" lon="18.817659"><time>2026-05-23T11:17:38.900Z</time></trkpt>
<trkpt lat="54.391736" lon="18.817671"><time>2026-05-23T11:17:40.900Z</time></trkpt>
<trkpt lat="54.391773" lon="18.817684"><time>2026-05-23T11:17:42.900Z</time></trkpt>
<trkpt lat="54.391810" lon="18.817694"><time>2026-05-23T11:17:44.900Z</time></trkpt>
<trkpt lat="54.391848" lon="18.817705"><time>2026-05-23T11:17:46.900Z</time></trkpt>
<trkpt lat="54.391884" lon="18.817716"><time>2026-05-23T11:17:48.900Z</time></trkpt>
<trkpt lat="54.391921" lon="18.817729"><time>2026-05-23T11:17:50.900Z</time></trkpt>
<trkpt lat="54.391958" lon="18.817738"><time>2026-05-23T11:17:52.900Z</time></trkpt>
<trkpt lat="54.391994" lon="18.817748"><time>2026-05-23T11:17:54.900Z</time></trkpt>
<trkpt lat="54.392030" lon="18.817757"><time>2026-05-23T11:17:56.900Z</time></trkpt>
<trkpt lat="54.392066" lon="18.817766"><time>2026-05-23T11:17:58.900Z</time></trkpt>
<trkpt lat="54.392102" lon="18.817776"><time>2026-05-23T11:18:00.900Z</time></trkpt>
<trkpt lat="54.392138" lon="18.817785"><time>2026-05-23T11:18:02.900Z</time></trkpt>
<trkpt lat="54.392174" lon="18.817795"><time>2026-05-23T11:18:04.900Z</time></trkpt>
<trkpt lat="54.392211" lon="18.817805"><time>2026-05-23T11:18:06.900Z</time></trkpt>
<trkpt lat="54.392247" lon="18.817817"><time>2026-05-23T11:18:08.900Z</time></trkpt>
<trkpt lat="54.392284" lon="18.817829"><time>2026-05-23T11:18:10.900Z</time></trkpt>
<trkpt lat="54.392321" lon="18.817839"><time>2026-05-23T11:18:12.900Z</time></trkpt>
<trkpt lat="54.392358" lon="18.817849"><time>2026-05-23T11:18:14.900Z</time></trkpt>
<trkpt lat="54.392394" lon="18.817859"><time>2026-05-23T11:18:16.900Z</time></trkpt>
<trkpt lat="54.392429" lon="18.817870"><time>2026-05-23T11:18:18.900Z</time></trkpt>
<trkpt lat="54.392465" lon="18.817881"><time>2026-05-23T11:18:20.900Z</time></trkpt>
<trkpt lat="54.392500" lon="18.817895"><time>2026-05-23T11:18:22.900Z</time></trkpt>
<trkpt lat="54.392537" lon="18.817906"><time>2026-05-23T11:18:24.900Z</time></trkpt>
<trkpt lat="54.392572" lon="18.817915"><time>2026-05-23T11:18:26.900Z</time></trkpt>
<trkpt lat="54.392607" lon="18.817925"><time>2026-05-23T11:18:28.900Z</time></trkpt>
<trkpt lat="54.392641" lon="18.817937"><time>2026-05-23T11:18:30.900Z</time></trkpt>
<trkpt lat="54.392676" lon="18.817950"><time>2026-05-23T11:18:32.900Z</time></trkpt>
<trkpt lat="54.392711" lon="18.817960"><time>2026-05-23T11:18:34.900Z</time></trkpt>
<trkpt lat="54.392746" lon="18.817971"><time>2026-05-23T11:18:36.900Z</time></trkpt>
<trkpt lat="54.392780" lon="18.817984"><time>2026-05-23T11:18:38.900Z</time></trkpt>
<trkpt lat="54.392816" lon="18.817999"><time>2026-05-23T11:18:40.900Z</time></trkpt>
<trkpt lat="54.392851" lon="18.818014"><time>2026-05-23T11:18:42.900Z</time></trkpt>
<trkpt lat="54.392885" lon="18.818028"><time>2026-05-23T11:18:44.900Z</time></trkpt>
<trkpt lat="54.392920" lon="18.818044"><time>2026-05-23T11:18:46.900Z</time></trkpt>
<trkpt lat="54.392956" lon="18.818057"><time>2026-05-23T11:18:48.900Z</time></trkpt>
<trkpt lat="54.392988" lon="18.818072"><time>2026-05-23T11:18:51.000Z</time></trkpt>
<trkpt lat="54.393004" lon="18.818078"><time>2026-05-23T11:18:52.000Z</time></trkpt>
<trkpt lat="54.393042" lon="18.818094"><time>2026-05-23T11:18:54.000Z</time></trkpt>
<trkpt lat="54.393077" lon="18.818105"><time>2026-05-23T11:18:56.000Z</time></trkpt>
<trkpt lat="54.393108" lon="18.818116"><time>2026-05-23T11:18:58.000Z</time></trkpt>
<trkpt lat="54.393136" lon="18.818126"><time>2026-05-23T11:19:00.000Z</time></trkpt>
<trkpt lat="54.393171" lon="18.818148"><time>2026-05-23T11:19:02.000Z</time></trkpt>
<trkpt lat="54.393202" lon="18.818163"><time>2026-05-23T11:19:04.000Z</time></trkpt>
<trkpt lat="54.393231" lon="18.818172"><time>2026-05-23T11:19:06.000Z</time></trkpt>
<trkpt lat="54.393261" lon="18.818181"><time>2026-05-23T11:19:08.000Z</time></trkpt>
<trkpt lat="54.393290" lon="18.818191"><time>2026-05-23T11:19:10.000Z</time></trkpt>
<trkpt lat="54.393319" lon="18.818203"><time>2026-05-23T11:19:12.000Z</time></trkpt>
<trkpt lat="54.393348" lon="18.818213"><time>2026-05-23T11:19:14.000Z</time></trkpt>
<trkpt lat="54.393392" lon="18.818230"><time>2026-05-23T11:19:16.900Z</time></trkpt>
<trkpt lat="54.393421" lon="18.818240"><time>2026-05-23T11:19:18.900Z</time></trkpt>
<trkpt lat="54.393450" lon="18.818247"><time>2026-05-23T11:19:20.900Z</time></trkpt>
<trkpt lat="54.393480" lon="18.818257"><time>2026-05-23T11:19:22.900Z</time></trkpt>
<trkpt lat="54.393508" lon="18.818268"><time>2026-05-23T11:19:24.900Z</time></trkpt>
<trkpt lat="54.393535" lon="18.818279"><time>2026-05-23T11:19:26.900Z</time></trkpt>
<trkpt lat="54.393562" lon="18.818294"><time>2026-05-23T11:19:28.900Z</time></trkpt>
<trkpt lat="54.393590" lon="18.818305"><time>2026-05-23T11:19:30.900Z</time></trkpt>
<trkpt lat="54.393616" lon="18.818316"><time>2026-05-23T11:19:32.900Z</time></trkpt>
<trkpt lat="54.393644" lon="18.818327"><time>2026-05-23T11:19:34.900Z</time></trkpt>
<trkpt lat="54.393673" lon="18.818337"><time>2026-05-23T11:19:36.900Z</time></trkpt>
<trkpt lat="54.393701" lon="18.818350"><time>2026-05-23T11:19:38.900Z</time></trkpt>
<trkpt lat="54.393727" lon="18.818362"><time>2026-05-23T11:19:40.900Z</time></trkpt>
<trkpt lat="54.393753" lon="18.818375"><time>2026-05-23T11:19:42.900Z</time></trkpt>
<trkpt lat="54.393778" lon="18.818387"><time>2026-05-23T11:19:44.900Z</time></trkpt>
<trkpt lat="54.393805" lon="18.818400"><time>2026-05-23T11:19:46.900Z</time></trkpt>
<trkpt lat="54.393830" lon="18.818412"><time>2026-05-23T11:19:48.900Z</time></trkpt>
<trkpt lat="54.393856" lon="18.818423"><time>2026-05-23T11:19:50.900Z</time></trkpt>
<trkpt lat="54.393883" lon="18.818435"><time>2026-05-23T11:19:52.900Z</time></trkpt>
<trkpt lat="54.393908" lon="18.818446"><time>2026-05-23T11:19:54.900Z</time></trkpt>
<trkpt lat="54.393934" lon="18.818458"><time>2026-05-23T11:19:56.900Z</time></trkpt>
<trkpt lat="54.393959" lon="18.818471"><time>2026-05-23T11:19:58.900Z</time></trkpt>
<trkpt lat="54.393983" lon="18.818484"><time>2026-05-23T11:20:00.900Z</time></trkpt>
<trkpt lat="54.394009" lon="18.818498"><time>2026-05-23T11:20:02.900Z</time></trkpt>
<trkpt lat="54.394035" lon="18.818511"><time>2026-05-23T11:20:04.900Z</time></trkpt>
<trkpt lat="54.394060" lon="18.818521"><time>2026-05-23T11:20:06.900Z</time></trkpt>
<trkpt lat="54.394084" lon="18.818530"><time>2026-05-23T11:20:08.900Z</time></trkpt>
<trkpt lat="54.394109" lon="18.818541"><time>2026-05-23T11:20:10.900Z</time></trkpt>
<trkpt lat="54.394133" lon="18.818551"><time>2026-05-23T11:20:12.900Z</time></trkpt>
<trkpt lat="54.394157" lon="18.818562"><time>2026-05-23T11:20:14.900Z</time></trkpt>
<trkpt lat="54.394182" lon="18.818570"><time>2026-05-23T11:20:16.900Z</time></trkpt>
<trkpt lat="54.394205" lon="18.818579"><time>2026-05-23T11:20:18.900Z</time></trkpt>
<trkpt lat="54.394228" lon="18.818593"><time>2026-05-23T11:20:20.900Z</time></trkpt>
<trkpt lat="54.394246" lon="18.818607"><time>2026-05-23T11:20:22.900Z</time></trkpt>
<trkpt lat="54.394263" lon="18.818610"><time>2026-05-23T11:20:24.900Z</time></trkpt>
<trkpt lat="54.394287" lon="18.818622"><time>2026-05-23T11:20:26.900Z</time></trkpt>
<trkpt lat="54.394308" lon="18.818631"><time>2026-05-23T11:20:28.900Z</time></trkpt>
<trkpt lat="54.394327" lon="18.818642"><time>2026-05-23T11:20:30.900Z</time></trkpt>
<trkpt lat="54.394345" lon="18.818656"><time>2026-05-23T11:20:32.900Z</time></trkpt>
<trkpt lat="54.394366" lon="18.818676"><time>2026-05-23T11:20:34.900Z</time></trkpt>
<trkpt lat="54.394386" lon="18.818692"><time>2026-05-23T11:20:36.900Z</time></trkpt>
<trkpt lat="54.394404" lon="18.818702"><time>2026-05-23T11:20:38.900Z</time></trkpt>
<trkpt lat="54.394425" lon="18.818702"><time>2026-05-23T11:20:40.900Z</time></trkpt>
<trkpt lat="54.394451" lon="18.818695"><time>2026-05-23T11:20:42.900Z</time></trkpt>
<trkpt lat="54.394470" lon="18.818686"><time>2026-05-23T11:20:44.900Z</time></trkpt>
<trkpt lat="54.394492" lon="18.818671"><time>2026-05-23T11:20:46.900Z</time></trkpt>
<trkpt lat="54.394514" lon="18.818648"><time>2026-05-23T11:20:48.900Z</time></trkpt>
<trkpt lat="54.394537" lon="18.818607"><time>2026-05-23T11:20:50.900Z</time></trkpt>
<trkpt lat="54.394547" lon="18.818556"><time>2026-05-23T11:20:52.900Z</time></trkpt>
<trkpt lat="54.394548" lon="18.818508"><time>2026-05-23T11:20:54.900Z</time></trkpt>
<trkpt lat="54.394537" lon="18.818469"><time>2026-05-23T11:20:57.000Z</time></trkpt>
<trkpt lat="54.394530" lon="18.818453"><time>2026-05-23T11:20:58.000Z</time></trkpt>
<trkpt lat="54.394516" lon="18.818429"><time>2026-05-23T11:21:00.000Z</time></trkpt>
<trkpt lat="54.394499" lon="18.818425"><time>2026-05-23T11:21:02.000Z</time></trkpt>
<trkpt lat="54.394481" lon="18.818393"><time>2026-05-23T11:21:04.000Z</time></trkpt>
<trkpt lat="54.394466" lon="18.818364"><time>2026-05-23T11:21:06.000Z</time></trkpt>
<trkpt lat="54.394445" lon="18.818332"><time>2026-05-23T11:21:08.000Z</time></trkpt>
<trkpt lat="54.394427" lon="18.818295"><time>2026-05-23T11:21:10.000Z</time></trkpt>
<trkpt lat="54.394413" lon="18.818266"><time>2026-05-23T11:21:12.000Z</time></trkpt>
<trkpt lat="54.394395" lon="18.818207"><time>2026-05-23T11:21:14.000Z</time></trkpt>
<trkpt lat="54.394378" lon="18.818151"><time>2026-05-23T11:21:16.000Z</time></trkpt>
<trkpt lat="54.394357" lon="18.818120"><time>2026-05-23T11:21:18.000Z</time></trkpt>
<trkpt lat="54.394340" lon="18.818088"><time>2026-05-23T11:21:20.000Z</time></trkpt>
<trkpt lat="54.394319" lon="18.818065"><time>2026-05-23T11:21:22.900Z</time></trkpt>
<trkpt lat="54.394297" lon="18.818039"><time>2026-05-23T11:21:24.900Z</time></trkpt>
<trkpt lat="54.394282" lon="18.818014"><time>2026-05-23T11:21:26.900Z</time></trkpt>
<trkpt lat="54.394270" lon="18.817990"><time>2026-05-23T11:21:28.900Z</time></trkpt>
<trkpt lat="54.394255" lon="18.817962"><time>2026-05-23T11:21:30.900Z</time></trkpt>
<trkpt lat="54.394243" lon="18.817932"><time>2026-05-23T11:21:32.900Z</time></trkpt>
<trkpt lat="54.394232" lon="18.817908"><time>2026-05-23T11:21:34.900Z</time></trkpt>
<trkpt lat="54.394223" lon="18.817888"><time>2026-05-23T11:21:36.900Z</time></trkpt>
<trkpt lat="54.394210" lon="18.817865"><time>2026-05-23T11:21:38.900Z</time></trkpt>
<trkpt lat="54.394195" lon="18.817840"><time>2026-05-23T11:21:40.900Z</time></trkpt>
<trkpt lat="54.394179" lon="18.817805"><time>2026-05-23T11:21:42.900Z</time></trkpt>
<trkpt lat="54.394166" lon="18.817772"><time>2026-05-23T11:21:44.900Z</time></trkpt>
<trkpt lat="54.394155" lon="18.817739"><time>2026-05-23T11:21:46.900Z</time></trkpt>
<trkpt lat="54.394142" lon="18.817708"><time>2026-05-23T11:21:48.900Z</time></trkpt>
<trkpt lat="54.394134" lon="18.817683"><time>2026-05-23T11:21:50.900Z</time></trkpt>
<trkpt lat="54.394128" lon="18.817650"><time>2026-05-23T11:21:52.900Z</time></trkpt>
<trkpt lat="54.394123" lon="18.817636"><time>2026-05-23T11:21:54.900Z</time></trkpt>
<trkpt lat="54.394112" lon="18.817606"><time>2026-05-23T11:21:56.900Z</time></trkpt>
<trkpt lat="54.394098" lon="18.817572"><time>2026-05-23T11:21:58.900Z</time></trkpt>
<trkpt lat="54.394081" lon="18.817538"><time>2026-05-23T11:22:00.900Z</time></trkpt>
<trkpt lat="54.394070" lon="18.817511"><time>2026-05-23T11:22:02.900Z</time></trkpt>
<trkpt lat="54.394064" lon="18.817479"><time>2026-05-23T11:22:04.900Z</time></trkpt>
<trkpt lat="54.394055" lon="18.817449"><time>2026-05-23T11:22:06.900Z</time></trkpt>
<trkpt lat="54.394043" lon="18.817415"><time>2026-05-23T11:22:08.900Z</time></trkpt>
<trkpt lat="54.394041" lon="18.817397"><time>2026-05-23T11:22:10.900Z</time></trkpt>
<trkpt lat="54.394037" lon="18.817364"><time>2026-05-23T11:22:12.900Z</time></trkpt>
<trkpt lat="54.394032" lon="18.817334"><time>2026-05-23T11:22:14.900Z</time></trkpt>
<trkpt lat="54.394024" lon="18.817319"><time>2026-05-23T11:22:16.900Z</time></trkpt>
<trkpt lat="54.394010" lon="18.817285"><time>2026-05-23T11:22:18.900Z</time></trkpt>
<trkpt lat="54.393995" lon="18.817250"><time>2026-05-23T11:22:20.900Z</time></trkpt>
<trkpt lat="54.393984" lon="18.817219"><time>2026-05-23T11:22:22.900Z</time></trkpt>
<trkpt lat="54.393972" lon="18.817194"><time>2026-05-23T11:22:24.900Z</time></trkpt>
<trkpt lat="54.393954" lon="18.817170"><time>2026-05-23T11:22:26.900Z</time></trkpt>
<trkpt lat="54.393935" lon="18.817132"><time>2026-05-23T11:22:28.900Z</time></trkpt>
<trkpt lat="54.393920" lon="18.817106"><time>2026-05-23T11:22:30.900Z</time></trkpt>
<trkpt lat="54.393904" lon="18.817078"><time>2026-05-23T11:22:32.900Z</time></trkpt>
<trkpt lat="54.393889" lon="18.817034"><time>2026-05-23T11:22:34.900Z</time></trkpt>
<trkpt lat="54.393877" lon="18.816997"><time>2026-05-23T11:22:36.900Z</time></trkpt>
<trkpt lat="54.393869" lon="18.816953"><time>2026-05-23T11:22:38.900Z</time></trkpt>
<trkpt lat="54.393856" lon="18.816906"><time>2026-05-23T11:22:40.900Z</time></trkpt>
<trkpt lat="54.393833" lon="18.816879"><time>2026-05-23T11:22:42.900Z</time></trkpt>
<trkpt lat="54.393815" lon="18.816845"><time>2026-05-23T11:22:44.900Z</time></trkpt>
<trkpt lat="54.393792" lon="18.816798"><time>2026-05-23T11:22:46.900Z</time></trkpt>
<trkpt lat="54.393772" lon="18.816749"><time>2026-05-23T11:22:48.900Z</time></trkpt>
<trkpt lat="54.393759" lon="18.816693"><time>2026-05-23T11:22:50.900Z</time></trkpt>
<trkpt lat="54.393744" lon="18.816648"><time>2026-05-23T11:22:52.900Z</time></trkpt>
<trkpt lat="54.393728" lon="18.816598"><time>2026-05-23T11:22:54.900Z</time></trkpt>
<trkpt lat="54.393710" lon="18.816552"><time>2026-05-23T11:22:56.900Z</time></trkpt>
<trkpt lat="54.393694" lon="18.816509"><time>2026-05-23T11:22:58.900Z</time></trkpt>
<trkpt lat="54.393686" lon="18.816484"><time>2026-05-23T11:23:00.900Z</time></trkpt>
<trkpt lat="54.393677" lon="18.816467"><time>2026-05-23T11:23:02.000Z</time></trkpt>
<trkpt lat="54.393659" lon="18.816424"><time>2026-05-23T11:23:04.000Z</time></trkpt>
<trkpt lat="54.393637" lon="18.816374"><time>2026-05-23T11:23:06.000Z</time></trkpt>
<trkpt lat="54.393613" lon="18.816324"><time>2026-05-23T11:23:08.000Z</time></trkpt>
<trkpt lat="54.393592" lon="18.816279"><time>2026-05-23T11:23:10.000Z</time></trkpt>
<trkpt lat="54.393577" lon="18.816248"><time>2026-05-23T11:23:12.000Z</time></trkpt>
<trkpt lat="54.393563" lon="18.816231"><time>2026-05-23T11:23:14.000Z</time></trkpt>
<trkpt lat="54.393549" lon="18.816189"><time>2026-05-23T11:23:16.000Z</time></trkpt>
<trkpt lat="54.393526" lon="18.816144"><time>2026-05-23T11:23:18.000Z</time></trkpt>
<trkpt lat="54.393507" lon="18.816097"><time>2026-05-23T11:23:20.000Z</time></trkpt>
<trkpt lat="54.393492" lon="18.816052"><time>2026-05-23T11:23:22.000Z</time></trkpt>
<trkpt lat="54.393472" lon="18.816009"><time>2026-05-23T11:23:24.000Z</time></trkpt>
<trkpt lat="54.393445" lon="18.815939"><time>2026-05-23T11:23:26.900Z</time></trkpt>
<trkpt lat="54.393426" lon="18.815893"><time>2026-05-23T11:23:28.900Z</time></trkpt>
<trkpt lat="54.393410" lon="18.815850"><time>2026-05-23T11:23:30.900Z</time></trkpt>
<trkpt lat="54.393393" lon="18.815807"><time>2026-05-23T11:23:32.900Z</time></trkpt>
<trkpt lat="54.393373" lon="18.815761"><time>2026-05-23T11:23:34.900Z</time></trkpt>
<trkpt lat="54.393355" lon="18.815716"><time>2026-05-23T11:23:36.900Z</time></trkpt>
<trkpt lat="54.393335" lon="18.815673"><time>2026-05-23T11:23:38.900Z</time></trkpt>
<trkpt lat="54.393313" lon="18.815638"><time>2026-05-23T11:23:40.900Z</time></trkpt>
<trkpt lat="54.393295" lon="18.815600"><time>2026-05-23T11:23:42.900Z</time></trkpt>
<trkpt lat="54.393279" lon="18.815557"><time>2026-05-23T11:23:44.900Z</time></trkpt>
<trkpt lat="54.393264" lon="18.815506"><time>2026-05-23T11:23:46.900Z</time></trkpt>
<trkpt lat="54.393247" lon="18.815446"><time>2026-05-23T11:23:48.900Z</time></trkpt>
<trkpt lat="54.393229" lon="18.815398"><time>2026-05-23T11:23:50.900Z</time></trkpt>
<trkpt lat="54.393209" lon="18.815352"><time>2026-05-23T11:23:52.900Z</time></trkpt>
<trkpt lat="54.393186" lon="18.815306"><time>2026-05-23T11:23:54.900Z</time></trkpt>
<trkpt lat="54.393172" lon="18.815260"><time>2026-05-23T11:23:56.900Z</time></trkpt>
<trkpt lat="54.393158" lon="18.815223"><time>2026-05-23T11:23:58.900Z</time></trkpt>
<trkpt lat="54.393141" lon="18.815179"><time>2026-05-23T11:24:00.900Z</time></trkpt>
<trkpt lat="54.393121" lon="18.815128"><time>2026-05-23T11:24:02.900Z</time></trkpt>
<trkpt lat="54.393096" lon="18.815079"><time>2026-05-23T11:24:04.900Z</time></trkpt>
<trkpt lat="54.393077" lon="18.815032"><time>2026-05-23T11:24:06.900Z</time></trkpt>
<trkpt lat="54.393055" lon="18.814983"><time>2026-05-23T11:24:08.900Z</time></trkpt>
<trkpt lat="54.393036" lon="18.814937"><time>2026-05-23T11:24:10.900Z</time></trkpt>
<trkpt lat="54.393015" lon="18.814889"><time>2026-05-23T11:24:12.900Z</time></trkpt>
<trkpt lat="54.392995" lon="18.814844"><time>2026-05-23T11:24:14.900Z</time></trkpt>
<trkpt lat="54.392977" lon="18.814800"><time>2026-05-23T11:24:16.900Z</time></trkpt>
<trkpt lat="54.392958" lon="18.814755"><time>2026-05-23T11:24:18.900Z</time></trkpt>
<trkpt lat="54.392941" lon="18.814708"><time>2026-05-23T11:24:20.900Z</time></trkpt>
<trkpt lat="54.392928" lon="18.814663"><time>2026-05-23T11:24:22.900Z</time></trkpt>
<trkpt lat="54.392901" lon="18.814613"><time>2026-05-23T11:24:24.900Z</time></trkpt>
<trkpt lat="54.392879" lon="18.814571"><time>2026-05-23T11:24:26.900Z</time></trkpt>
<trkpt lat="54.392866" lon="18.814540"><time>2026-05-23T11:24:28.900Z</time></trkpt>
<trkpt lat="54.392858" lon="18.814504"><time>2026-05-23T11:24:30.900Z</time></trkpt>
<trkpt lat="54.392840" lon="18.814461"><time>2026-05-23T11:24:32.900Z</time></trkpt>
<trkpt lat="54.392830" lon="18.814423"><time>2026-05-23T11:24:34.900Z</time></trkpt>
<trkpt lat="54.392818" lon="18.814391"><time>2026-05-23T11:24:36.900Z</time></trkpt>
<trkpt lat="54.392800" lon="18.814348"><time>2026-05-23T11:24:38.900Z</time></trkpt>
<trkpt lat="54.392766" lon="18.814283"><time>2026-05-23T11:24:40.900Z</time></trkpt>
<trkpt lat="54.392735" lon="18.814221"><time>2026-05-23T11:24:42.900Z</time></trkpt>
<trkpt lat="54.392705" lon="18.814164"><time>2026-05-23T11:24:44.900Z</time></trkpt>
<trkpt lat="54.392679" lon="18.814123"><time>2026-05-23T11:24:46.900Z</time></trkpt>
<trkpt lat="54.392657" lon="18.814074"><time>2026-05-23T11:24:48.900Z</time></trkpt>
<trkpt lat="54.392639" lon="18.814038"><time>2026-05-23T11:24:50.900Z</time></trkpt>
<trkpt lat="54.392619" lon="18.813991"><time>2026-05-23T11:24:52.900Z</time></trkpt>
<trkpt lat="54.392600" lon="18.813943"><time>2026-05-23T11:24:54.900Z</time></trkpt>
<trkpt lat="54.392582" lon="18.813898"><time>2026-05-23T11:24:56.900Z</time></trkpt>
<trkpt lat="54.392562" lon="18.813854"><time>2026-05-23T11:24:58.900Z</time></trkpt>
<trkpt lat="54.392541" lon="18.813805"><time>2026-05-23T11:25:00.900Z</time></trkpt>
<trkpt lat="54.392522" lon="18.813765"><time>2026-05-23T11:25:02.900Z</time></trkpt>
<trkpt lat="54.392499" lon="18.813721"><time>2026-05-23T11:25:04.900Z</time></trkpt>
<trkpt lat="54.392478" lon="18.813674"><time>2026-05-23T11:25:06.900Z</time></trkpt>
<trkpt lat="54.392472" lon="18.813652"><time>2026-05-23T11:25:08.000Z</time></trkpt>
<trkpt lat="54.392452" lon="18.813596"><time>2026-05-23T11:25:10.000Z</time></trkpt>
<trkpt lat="54.392432" lon="18.813547"><time>2026-05-23T11:25:12.000Z</time></trkpt>
<trkpt lat="54.392413" lon="18.813501"><time>2026-05-23T11:25:14.000Z</time></trkpt>
<trkpt lat="54.392390" lon="18.813456"><time>2026-05-23T11:25:16.000Z</time></trkpt>
<trkpt lat="54.392368" lon="18.813410"><time>2026-05-23T11:25:18.000Z</time></trkpt>
<trkpt lat="54.392343" lon="18.813359"><time>2026-05-23T11:25:20.000Z</time></trkpt>
<trkpt lat="54.392322" lon="18.813309"><time>2026-05-23T11:25:22.000Z</time></trkpt>
<trkpt lat="54.392305" lon="18.813264"><time>2026-05-23T11:25:24.000Z</time></trkpt>
<trkpt lat="54.392288" lon="18.813216"><time>2026-05-23T11:25:26.000Z</time></trkpt>
<trkpt lat="54.392250" lon="18.813148"><time>2026-05-23T11:25:28.900Z</time></trkpt>
<trkpt lat="54.392229" lon="18.813112"><time>2026-05-23T11:25:30.900Z</time></trkpt>
<trkpt lat="54.392212" lon="18.813087"><time>2026-05-23T11:25:32.900Z</time></trkpt>
<trkpt lat="54.392191" lon="18.813028"><time>2026-05-23T11:25:34.900Z</time></trkpt>
<trkpt lat="54.392173" lon="18.812969"><time>2026-05-23T11:25:36.900Z</time></trkpt>
<trkpt lat="54.392155" lon="18.812918"><time>2026-05-23T11:25:38.900Z</time></trkpt>
<trkpt lat="54.392133" lon="18.812870"><time>2026-05-23T11:25:40.900Z</time></trkpt>
<trkpt lat="54.392111" lon="18.812835"><time>2026-05-23T11:25:42.900Z</time></trkpt>
<trkpt lat="54.392091" lon="18.812794"><time>2026-05-23T11:25:44.900Z</time></trkpt>
<trkpt lat="54.392071" lon="18.812746"><time>2026-05-23T11:25:46.900Z</time></trkpt>
<trkpt lat="54.392049" lon="18.812700"><time>2026-05-23T11:25:48.900Z</time></trkpt>
<trkpt lat="54.392028" lon="18.812653"><time>2026-05-23T11:25:50.900Z</time></trkpt>
<trkpt lat="54.392008" lon="18.812606"><time>2026-05-23T11:25:52.900Z</time></trkpt>
<trkpt lat="54.391995" lon="18.812568"><time>2026-05-23T11:25:54.900Z</time></trkpt>
<trkpt lat="54.391974" lon="18.812528"><time>2026-05-23T11:25:56.900Z</time></trkpt>
<trkpt lat="54.391951" lon="18.812480"><time>2026-05-23T11:25:58.900Z</time></trkpt>
<trkpt lat="54.391928" lon="18.812434"><time>2026-05-23T11:26:00.900Z</time></trkpt>
<trkpt lat="54.391902" lon="18.812384"><time>2026-05-23T11:26:02.900Z</time></trkpt>
<trkpt lat="54.391879" lon="18.812338"><time>2026-05-23T11:26:04.900Z</time></trkpt>
<trkpt lat="54.391858" lon="18.812293"><time>2026-05-23T11:26:06.900Z</time></trkpt>
<trkpt lat="54.391843" lon="18.812246"><time>2026-05-23T11:26:08.900Z</time></trkpt>
<trkpt lat="54.391822" lon="18.812191"><time>2026-05-23T11:26:10.900Z</time></trkpt>
<trkpt lat="54.391802" lon="18.812138"><time>2026-05-23T11:26:12.900Z</time></trkpt>
<trkpt lat="54.391786" lon="18.812111"><time>2026-05-23T11:26:14.900Z</time></trkpt>
<trkpt lat="54.391769" lon="18.812072"><time>2026-05-23T11:26:16.900Z</time></trkpt>
<trkpt lat="54.391745" lon="18.812021"><time>2026-05-23T11:26:18.900Z</time></trkpt>
<trkpt lat="54.391721" lon="18.811976"><time>2026-05-23T11:26:20.900Z</time></trkpt>
<trkpt lat="54.391698" lon="18.811929"><time>2026-05-23T11:26:22.900Z</time></trkpt>
<trkpt lat="54.391670" lon="18.811876"><time>2026-05-23T11:26:24.900Z</time></trkpt>
<trkpt lat="54.391644" lon="18.811831"><time>2026-05-23T11:26:26.900Z</time></trkpt>
<trkpt lat="54.391624" lon="18.811787"><time>2026-05-23T11:26:28.900Z</time></trkpt>
<trkpt lat="54.391602" lon="18.811745"><time>2026-05-23T11:26:30.900Z</time></trkpt>
<trkpt lat="54.391577" lon="18.811702"><time>2026-05-23T11:26:32.900Z</time></trkpt>
<trkpt lat="54.391554" lon="18.811660"><time>2026-05-23T11:26:34.900Z</time></trkpt>
<trkpt lat="54.391533" lon="18.811626"><time>2026-05-23T11:26:36.900Z</time></trkpt>
<trkpt lat="54.391509" lon="18.811591"><time>2026-05-23T11:26:38.900Z</time></trkpt>
<trkpt lat="54.391490" lon="18.811548"><time>2026-05-23T11:26:40.900Z</time></trkpt>
<trkpt lat="54.391471" lon="18.811499"><time>2026-05-23T11:26:42.900Z</time></trkpt>
<trkpt lat="54.391451" lon="18.811463"><time>2026-05-23T11:26:44.900Z</time></trkpt>
<trkpt lat="54.391429" lon="18.811406"><time>2026-05-23T11:26:46.900Z</time></trkpt>
<trkpt lat="54.391411" lon="18.811367"><time>2026-05-23T11:26:48.900Z</time></trkpt>
<trkpt lat="54.391400" lon="18.811326"><time>2026-05-23T11:26:50.900Z</time></trkpt>
<trkpt lat="54.391386" lon="18.811282"><time>2026-05-23T11:26:52.900Z</time></trkpt>
<trkpt lat="54.391368" lon="18.811240"><time>2026-05-23T11:26:54.900Z</time></trkpt>
<trkpt lat="54.391345" lon="18.811194"><time>2026-05-23T11:26:56.900Z</time></trkpt>
<trkpt lat="54.391324" lon="18.811150"><time>2026-05-23T11:26:58.900Z</time></trkpt>
<trkpt lat="54.391304" lon="18.811109"><time>2026-05-23T11:27:00.900Z</time></trkpt>
<trkpt lat="54.391279" lon="18.811075"><time>2026-05-23T11:27:02.900Z</time></trkpt>
<trkpt lat="54.391250" lon="18.811030"><time>2026-05-23T11:27:04.900Z</time></trkpt>
<trkpt lat="54.391218" lon="18.810985"><time>2026-05-23T11:27:06.900Z</time></trkpt>
<trkpt lat="54.391185" lon="18.810946"><time>2026-05-23T11:27:08.900Z</time></trkpt>
<trkpt lat="54.391158" lon="18.810903"><time>2026-05-23T11:27:10.900Z</time></trkpt>
<trkpt lat="54.391136" lon="18.810859"><time>2026-05-23T11:27:12.900Z</time></trkpt>
<trkpt lat="54.391111" lon="18.810817"><time>2026-05-23T11:27:14.900Z</time></trkpt>
<trkpt lat="54.391088" lon="18.810767"><time>2026-05-23T11:27:16.900Z</time></trkpt>
<trkpt lat="54.391065" lon="18.810713"><time>2026-05-23T11:27:18.900Z</time></trkpt>
<trkpt lat="54.391048" lon="18.810675"><time>2026-05-23T11:27:20.900Z</time></trkpt>
<trkpt lat="54.391033" lon="18.810637"><time>2026-05-23T11:27:22.900Z</time></trkpt>
<trkpt lat="54.391015" lon="18.810596"><time>2026-05-23T11:27:24.900Z</time></trkpt>
<trkpt lat="54.390994" lon="18.810557"><time>2026-05-23T11:27:26.900Z</time></trkpt>
<trkpt lat="54.390973" lon="18.810505"><time>2026-05-23T11:27:28.900Z</time></trkpt>
<trkpt lat="54.390952" lon="18.810456"><time>2026-05-23T11:27:30.900Z</time></trkpt>
<trkpt lat="54.390930" lon="18.810410"><time>2026-05-23T11:27:32.900Z</time></trkpt>
<trkpt lat="54.390909" lon="18.810363"><time>2026-05-23T11:27:34.900Z</time></trkpt>
<trkpt lat="54.390889" lon="18.810316"><time>2026-05-23T11:27:36.900Z</time></trkpt>
<trkpt lat="54.390870" lon="18.810269"><time>2026-05-23T11:27:38.900Z</time></trkpt>
<trkpt lat="54.390849" lon="18.810220"><time>2026-05-23T11:27:40.900Z</time></trkpt>
<trkpt lat="54.390830" lon="18.810169"><time>2026-05-23T11:27:42.900Z</time></trkpt>
<trkpt lat="54.390809" lon="18.810118"><time>2026-05-23T11:27:44.900Z</time></trkpt>
<trkpt lat="54.390788" lon="18.810066"><time>2026-05-23T11:27:46.900Z</time></trkpt>
<trkpt lat="54.390767" lon="18.810014"><time>2026-05-23T11:27:48.900Z</time></trkpt>
<trkpt lat="54.390751" lon="18.809966"><time>2026-05-23T11:27:50.900Z</time></trkpt>
<trkpt lat="54.390730" lon="18.809915"><time>2026-05-23T11:27:52.900Z</time></trkpt>
<trkpt lat="54.390707" lon="18.809868"><time>2026-05-23T11:27:54.900Z</time></trkpt>
<trkpt lat="54.390686" lon="18.809816"><time>2026-05-23T11:27:56.900Z</time></trkpt>
<trkpt lat="54.390663" lon="18.809762"><time>2026-05-23T11:27:58.900Z</time></trkpt>
<trkpt lat="54.390641" lon="18.809706"><time>2026-05-23T11:28:00.900Z</time></trkpt>
<trkpt lat="54.390618" lon="18.809647"><time>2026-05-23T11:28:02.900Z</time></trkpt>
<trkpt lat="54.390600" lon="18.809592"><time>2026-05-23T11:28:04.900Z</time></trkpt>
<trkpt lat="54.390583" lon="18.809528"><time>2026-05-23T11:28:06.900Z</time></trkpt>
<trkpt lat="54.390561" lon="18.809472"><time>2026-05-23T11:28:08.900Z</time></trkpt>
<trkpt lat="54.390538" lon="18.809421"><time>2026-05-23T11:28:10.900Z</time></trkpt>
<trkpt lat="54.390513" lon="18.809377"><time>2026-05-23T11:28:12.900Z</time></trkpt>
<trkpt lat="54.390486" lon="18.809328"><time>2026-05-23T11:28:14.900Z</time></trkpt>
<trkpt lat="54.390461" lon="18.809272"><time>2026-05-23T11:28:16.900Z</time></trkpt>
<trkpt lat="54.390435" lon="18.809228"><time>2026-05-23T11:28:18.900Z</time></trkpt>
<trkpt lat="54.390416" lon="18.809176"><time>2026-05-23T11:28:20.900Z</time></trkpt>
<trkpt lat="54.390396" lon="18.809143"><time>2026-05-23T11:28:22.900Z</time></trkpt>
<trkpt lat="54.390378" lon="18.809105"><time>2026-05-23T11:28:24.900Z</time></trkpt>
<trkpt lat="54.390361" lon="18.809071"><time>2026-05-23T11:28:26.900Z</time></trkpt>
<trkpt lat="54.390340" lon="18.809030"><time>2026-05-23T11:28:28.900Z</time></trkpt>
<trkpt lat="54.390318" lon="18.808993"><time>2026-05-23T11:28:30.900Z</time></trkpt>
<trkpt lat="54.390297" lon="18.808951"><time>2026-05-23T11:28:32.900Z</time></trkpt>
<trkpt lat="54.390276" lon="18.808897"><time>2026-05-23T11:28:34.900Z</time></trkpt>
<trkpt lat="54.390252" lon="18.808848"><time>2026-05-23T11:28:36.900Z</time></trkpt>
<trkpt lat="54.390232" lon="18.808803"><time>2026-05-23T11:28:38.900Z</time></trkpt>
<trkpt lat="54.390207" lon="18.808754"><time>2026-05-23T11:28:40.900Z</time></trkpt>
<trkpt lat="54.390182" lon="18.808701"><time>2026-05-23T11:28:42.900Z</time></trkpt>
<trkpt lat="54.390159" lon="18.808654"><time>2026-05-23T11:28:44.900Z</time></trkpt>
<trkpt lat="54.390132" lon="18.808609"><time>2026-05-23T11:28:46.900Z</time></trkpt>
<trkpt lat="54.390108" lon="18.808563"><time>2026-05-23T11:28:48.900Z</time></trkpt>
<trkpt lat="54.390086" lon="18.808516"><time>2026-05-23T11:28:50.900Z</time></trkpt>
<trkpt lat="54.390063" lon="18.808466"><time>2026-05-23T11:28:52.900Z</time></trkpt>
<trkpt lat="54.390037" lon="18.808418"><time>2026-05-23T11:28:54.900Z</time></trkpt>
<trkpt lat="54.390012" lon="18.808371"><time>2026-05-23T11:28:56.900Z</time></trkpt>
<trkpt lat="54.389987" lon="18.808324"><time>2026-05-23T11:28:58.900Z</time></trkpt>
<trkpt lat="54.389965" lon="18.808277"><time>2026-05-23T11:29:00.900Z</time></trkpt>
<trkpt lat="54.389945" lon="18.808225"><time>2026-05-23T11:29:02.900Z</time></trkpt>
<trkpt lat="54.389927" lon="18.808171"><time>2026-05-23T11:29:04.900Z</time></trkpt>
<trkpt lat="54.389909" lon="18.808120"><time>2026-05-23T11:29:06.900Z</time></trkpt>
<trkpt lat="54.389885" lon="18.808071"><time>2026-05-23T11:29:08.900Z</time></trkpt>
<trkpt lat="54.389861" lon="18.808019"><time>2026-05-23T11:29:10.900Z</time></trkpt>
<trkpt lat="54.389841" lon="18.807971"><time>2026-05-23T11:29:12.900Z</time></trkpt>
<trkpt lat="54.389819" lon="18.807924"><time>2026-05-23T11:29:14.900Z</time></trkpt>
<trkpt lat="54.389793" lon="18.807868"><time>2026-05-23T11:29:16.900Z</time></trkpt>
<trkpt lat="54.389763" lon="18.807806"><time>2026-05-23T11:29:18.900Z</time></trkpt>
<trkpt lat="54.389743" lon="18.807724"><time>2026-05-23T11:29:20.900Z</time></trkpt>
<trkpt lat="54.389729" lon="18.807678"><time>2026-05-23T11:29:22.900Z</time></trkpt>
<trkpt lat="54.389705" lon="18.807628"><time>2026-05-23T11:29:24.900Z</time></trkpt>
<trkpt lat="54.389681" lon="18.807573"><time>2026-05-23T11:29:26.900Z</time></trkpt>
<trkpt lat="54.389656" lon="18.807524"><time>2026-05-23T11:29:28.900Z</time></trkpt>
<trkpt lat="54.389632" lon="18.807476"><time>2026-05-23T11:29:30.900Z</time></trkpt>
<trkpt lat="54.389615" lon="18.807434"><time>2026-05-23T11:29:32.900Z</time></trkpt>
<trkpt lat="54.389593" lon="18.807399"><time>2026-05-23T11:29:34.900Z</time></trkpt>
<trkpt lat="54.389569" lon="18.807353"><time>2026-05-23T11:29:36.900Z</time></trkpt>
<trkpt lat="54.389545" lon="18.807307"><time>2026-05-23T11:29:38.900Z</time></trkpt>
<trkpt lat="54.389521" lon="18.807264"><time>2026-05-23T11:29:40.900Z</time></trkpt>
<trkpt lat="54.389497" lon="18.807217"><time>2026-05-23T11:29:42.900Z</time></trkpt>
<trkpt lat="54.389472" lon="18.807172"><time>2026-05-23T11:29:44.900Z</time></trkpt>
<trkpt lat="54.389449" lon="18.807128"><time>2026-05-23T11:29:46.900Z</time></trkpt>
<trkpt lat="54.389426" lon="18.807086"><time>2026-05-23T11:29:48.900Z</time></trkpt>
<trkpt lat="54.389405" lon="18.807044"><time>2026-05-23T11:29:50.900Z</time></trkpt>
<trkpt lat="54.389382" lon="18.806993"><time>2026-05-23T11:29:52.900Z</time></trkpt>
<trkpt lat="54.389355" lon="18.806946"><time>2026-05-23T11:29:54.900Z</time></trkpt>
<trkpt lat="54.389328" lon="18.806893"><time>2026-05-23T11:29:56.900Z</time></trkpt>
<trkpt lat="54.389303" lon="18.806835"><time>2026-05-23T11:29:58.900Z</time></trkpt>
<trkpt lat="54.389276" lon="18.806782"><time>2026-05-23T11:30:00.900Z</time></trkpt>
<trkpt lat="54.389250" lon="18.806737"><time>2026-05-23T11:30:02.900Z</time></trkpt>
<trkpt lat="54.389227" lon="18.806689"><time>2026-05-23T11:30:04.900Z</time></trkpt>
<trkpt lat="54.389205" lon="18.806640"><time>2026-05-23T11:30:06.900Z</time></trkpt>
<trkpt lat="54.389185" lon="18.806586"><time>2026-05-23T11:30:08.900Z</time></trkpt>
<trkpt lat="54.389162" lon="18.806531"><time>2026-05-23T11:30:10.900Z</time></trkpt>
<trkpt lat="54.389139" lon="18.806478"><time>2026-05-23T11:30:12.900Z</time></trkpt>
<trkpt lat="54.389115" lon="18.806431"><time>2026-05-23T11:30:14.900Z</time></trkpt>
<trkpt lat="54.389092" lon="18.806382"><time>2026-05-23T11:30:16.900Z</time></trkpt>
<trkpt lat="54.389070" lon="18.806329"><time>2026-05-23T11:30:18.900Z</time></trkpt>
<trkpt lat="54.389045" lon="18.806276"><time>2026-05-23T11:30:20.900Z</time></trkpt>
<trkpt lat="54.389022" lon="18.806223"><time>2026-05-23T11:30:22.900Z</time></trkpt>
<trkpt lat="54.388999" lon="18.806170"><time>2026-05-23T11:30:24.900Z</time></trkpt>
<trkpt lat="54.388978" lon="18.806119"><time>2026-05-23T11:30:26.900Z</time></trkpt>
<trkpt lat="54.388953" lon="18.806073"><time>2026-05-23T11:30:28.900Z</time></trkpt>
<trkpt lat="54.388928" lon="18.806020"><time>2026-05-23T11:30:30.900Z</time></trkpt>
<trkpt lat="54.388902" lon="18.805968"><time>2026-05-23T11:30:32.900Z</time></trkpt>
<trkpt lat="54.388881" lon="18.805913"><time>2026-05-23T11:30:34.900Z</time></trkpt>
<trkpt lat="54.388862" lon="18.805859"><time>2026-05-23T11:30:36.900Z</time></trkpt>
<trkpt lat="54.388846" lon="18.805810"><time>2026-05-23T11:30:38.900Z</time></trkpt>
<trkpt lat="54.388824" lon="18.805758"><time>2026-05-23T11:30:40.900Z</time></trkpt>
<trkpt lat="54.388802" lon="18.805700"><time>2026-05-23T11:30:42.900Z</time></trkpt>
<trkpt lat="54.388779" lon="18.805640"><time>2026-05-23T11:30:44.900Z</time></trkpt>
<trkpt lat="54.388756" lon="18.805578"><time>2026-05-23T11:30:46.900Z</time></trkpt>
<trkpt lat="54.388732" lon="18.805517"><time>2026-05-23T11:30:48.900Z</time></trkpt>
<trkpt lat="54.388705" lon="18.805459"><time>2026-05-23T11:30:50.900Z</time></trkpt>
<trkpt lat="54.388679" lon="18.805402"><time>2026-05-23T11:30:52.900Z</time></trkpt>
<trkpt lat="54.388652" lon="18.805341"><time>2026-05-23T11:30:54.900Z</time></trkpt>
<trkpt lat="54.388625" lon="18.805279"><time>2026-05-23T11:30:56.900Z</time></trkpt>
<trkpt lat="54.388595" lon="18.805222"><time>2026-05-23T11:30:58.900Z</time></trkpt>
<trkpt lat="54.388564" lon="18.805166"><time>2026-05-23T11:31:00.900Z</time></trkpt>
<trkpt lat="54.388535" lon="18.805111"><time>2026-05-23T11:31:02.900Z</time></trkpt>
<trkpt lat="54.388506" lon="18.805053"><time>2026-05-23T11:31:04.900Z</time></trkpt>
<trkpt lat="54.388478" lon="18.804993"><time>2026-05-23T11:31:06.900Z</time></trkpt>
<trkpt lat="54.388449" lon="18.804934"><time>2026-05-23T11:31:08.900Z</time></trkpt>
<trkpt lat="54.388420" lon="18.804874"><time>2026-05-23T11:31:10.900Z</time></trkpt>
<trkpt lat="54.388391" lon="18.804815"><time>2026-05-23T11:31:12.900Z</time></trkpt>
<trkpt lat="54.388362" lon="18.804755"><time>2026-05-23T11:31:14.900Z</time></trkpt>
<trkpt lat="54.388334" lon="18.804697"><time>2026-05-23T11:31:16.900Z</time></trkpt>
<trkpt lat="54.388306" lon="18.804641"><time>2026-05-23T11:31:18.900Z</time></trkpt>
<trkpt lat="54.388278" lon="18.804583"><time>2026-05-23T11:31:20.900Z</time></trkpt>
<trkpt lat="54.388250" lon="18.804522"><time>2026-05-23T11:31:22.900Z</time></trkpt>
<trkpt lat="54.388221" lon="18.804462"><time>2026-05-23T11:31:24.900Z</time></trkpt>
<trkpt lat="54.388191" lon="18.804403"><time>2026-05-23T11:31:26.900Z</time></trkpt>
<trkpt lat="54.388162" lon="18.804343"><time>2026-05-23T11:31:28.900Z</time></trkpt>
<trkpt lat="54.388133" lon="18.804275"><time>2026-05-23T11:31:30.900Z</time></trkpt>
<trkpt lat="54.388108" lon="18.804204"><time>2026-05-23T11:31:32.900Z</time></trkpt>
<trkpt lat="54.388075" lon="18.804139"><time>2026-05-23T11:31:34.900Z</time></trkpt>
<trkpt lat="54.388042" lon="18.804085"><time>2026-05-23T11:31:36.900Z</time></trkpt>
<trkpt lat="54.388010" lon="18.804023"><time>2026-05-23T11:31:38.900Z</time></trkpt>
<trkpt lat="54.387980" lon="18.803964"><time>2026-05-23T11:31:40.900Z</time></trkpt>
<trkpt lat="54.387953" lon="18.803894"><time>2026-05-23T11:31:42.900Z</time></trkpt>
<trkpt lat="54.387921" lon="18.803823"><time>2026-05-23T11:31:44.900Z</time></trkpt>
<trkpt lat="54.387889" lon="18.803759"><time>2026-05-23T11:31:46.900Z</time></trkpt>
<trkpt lat="54.387854" lon="18.803696"><time>2026-05-23T11:31:48.900Z</time></trkpt>
<trkpt lat="54.387817" lon="18.803638"><time>2026-05-23T11:31:50.900Z</time></trkpt>
<trkpt lat="54.387784" lon="18.803576"><time>2026-05-23T11:31:52.900Z</time></trkpt>
<trkpt lat="54.387750" lon="18.803515"><time>2026-05-23T11:31:54.900Z</time></trkpt>
<trkpt lat="54.387718" lon="18.803454"><time>2026-05-23T11:31:56.900Z</time></trkpt>
<trkpt lat="54.387685" lon="18.803390"><time>2026-05-23T11:31:58.900Z</time></trkpt>
<trkpt lat="54.387652" lon="18.803326"><time>2026-05-23T11:32:00.900Z</time></trkpt>
<trkpt lat="54.387622" lon="18.803261"><time>2026-05-23T11:32:02.900Z</time></trkpt>
<trkpt lat="54.387591" lon="18.803197"><time>2026-05-23T11:32:04.900Z</time></trkpt>
<trkpt lat="54.387555" lon="18.803138"><time>2026-05-23T11:32:06.900Z</time></trkpt>
<trkpt lat="54.387518" lon="18.803078"><time>2026-05-23T11:32:08.900Z</time></trkpt>
<trkpt lat="54.387488" lon="18.803013"><time>2026-05-23T11:32:10.900Z</time></trkpt>
<trkpt lat="54.387456" lon="18.802947"><time>2026-05-23T11:32:12.900Z</time></trkpt>
<trkpt lat="54.387420" lon="18.802883"><time>2026-05-23T11:32:14.900Z</time></trkpt>
<trkpt lat="54.387383" lon="18.802828"><time>2026-05-23T11:32:16.900Z</time></trkpt>
<trkpt lat="54.387348" lon="18.802774"><time>2026-05-23T11:32:18.900Z</time></trkpt>
<trkpt lat="54.387315" lon="18.802715"><time>2026-05-23T11:32:20.900Z</time></trkpt>
<trkpt lat="54.387284" lon="18.802649"><time>2026-05-23T11:32:22.900Z</time></trkpt>
<trkpt lat="54.387257" lon="18.802588"><time>2026-05-23T11:32:24.900Z</time></trkpt>
<trkpt lat="54.387224" lon="18.802523"><time>2026-05-23T11:32:26.900Z</time></trkpt>
<trkpt lat="54.387189" lon="18.802476"><time>2026-05-23T11:32:28.900Z</time></trkpt>
<trkpt lat="54.387146" lon="18.802420"><time>2026-05-23T11:32:30.900Z</time></trkpt>
<trkpt lat="54.387111" lon="18.802360"><time>2026-05-23T11:32:32.900Z</time></trkpt>
<trkpt lat="54.387078" lon="18.802302"><time>2026-05-23T11:32:34.900Z</time></trkpt>
<trkpt lat="54.387041" lon="18.802236"><time>2026-05-23T11:32:36.900Z</time></trkpt>
<trkpt lat="54.387005" lon="18.802172"><time>2026-05-23T11:32:38.900Z</time></trkpt>
<trkpt lat="54.386972" lon="18.802115"><time>2026-05-23T11:32:40.900Z</time></trkpt>
<trkpt lat="54.386935" lon="18.802057"><time>2026-05-23T11:32:42.900Z</time></trkpt>
<trkpt lat="54.386897" lon="18.802005"><time>2026-05-23T11:32:44.900Z</time></trkpt>
<trkpt lat="54.386867" lon="18.801944"><time>2026-05-23T11:32:46.900Z</time></trkpt>
<trkpt lat="54.386836" lon="18.801884"><time>2026-05-23T11:32:48.900Z</time></trkpt>
<trkpt lat="54.386803" lon="18.801823"><time>2026-05-23T11:32:50.900Z</time></trkpt>
<trkpt lat="54.386767" lon="18.801768"><time>2026-05-23T11:32:52.900Z</time></trkpt>
<trkpt lat="54.386732" lon="18.801710"><time>2026-05-23T11:32:54.900Z</time></trkpt>
<trkpt lat="54.386696" lon="18.801654"><time>2026-05-23T11:32:56.900Z</time></trkpt>
<trkpt lat="54.386663" lon="18.801589"><time>2026-05-23T11:32:58.900Z</time></trkpt>
<trkpt lat="54.386633" lon="18.801522"><time>2026-05-23T11:33:00.900Z</time></trkpt>
<trkpt lat="54.386596" lon="18.801463"><time>2026-05-23T11:33:02.900Z</time></trkpt>
<trkpt lat="54.386562" lon="18.801407"><time>2026-05-23T11:33:04.900Z</time></trkpt>
<trkpt lat="54.386535" lon="18.801360"><time>2026-05-23T11:33:06.900Z</time></trkpt>
<trkpt lat="54.386504" lon="18.801306"><time>2026-05-23T11:33:08.900Z</time></trkpt>
<trkpt lat="54.386474" lon="18.801239"><time>2026-05-23T11:33:10.900Z</time></trkpt>
<trkpt lat="54.386442" lon="18.801179"><time>2026-05-23T11:33:12.900Z</time></trkpt>
<trkpt lat="54.386410" lon="18.801119"><time>2026-05-23T11:33:14.900Z</time></trkpt>
<trkpt lat="54.386378" lon="18.801067"><time>2026-05-23T11:33:16.900Z</time></trkpt>
<trkpt lat="54.386345" lon="18.801009"><time>2026-05-23T11:33:18.900Z</time></trkpt>
<trkpt lat="54.386313" lon="18.800947"><time>2026-05-23T11:33:20.900Z</time></trkpt>
<trkpt lat="54.386284" lon="18.800893"><time>2026-05-23T11:33:22.900Z</time></trkpt>
<trkpt lat="54.386255" lon="18.800835"><time>2026-05-23T11:33:24.900Z</time></trkpt>
<trkpt lat="54.386223" lon="18.800777"><time>2026-05-23T11:33:26.900Z</time></trkpt>
<trkpt lat="54.386190" lon="18.800720"><time>2026-05-23T11:33:28.900Z</time></trkpt>
<trkpt lat="54.386158" lon="18.800661"><time>2026-05-23T11:33:30.900Z</time></trkpt>
<trkpt lat="54.386125" lon="18.800608"><time>2026-05-23T11:33:32.900Z</time></trkpt>
<trkpt lat="54.386091" lon="18.800553"><time>2026-05-23T11:33:34.900Z</time></trkpt>
<trkpt lat="54.386060" lon="18.800492"><time>2026-05-23T11:33:36.900Z</time></trkpt>
<trkpt lat="54.386027" lon="18.800430"><time>2026-05-23T11:33:38.900Z</time></trkpt>
<trkpt lat="54.385993" lon="18.800373"><time>2026-05-23T11:33:40.900Z</time></trkpt>
<trkpt lat="54.385958" lon="18.800318"><time>2026-05-23T11:33:42.900Z</time></trkpt>
<trkpt lat="54.385925" lon="18.800261"><time>2026-05-23T11:33:44.900Z</time></trkpt>
<trkpt lat="54.385893" lon="18.800199"><time>2026-05-23T11:33:46.900Z</time></trkpt>
<trkpt lat="54.385861" lon="18.800138"><time>2026-05-23T11:33:48.900Z</time></trkpt>
<trkpt lat="54.385828" lon="18.800068"><time>2026-05-23T11:33:50.900Z</time></trkpt>
<trkpt lat="54.385794" lon="18.800015"><time>2026-05-23T11:33:52.900Z</time></trkpt>
<trkpt lat="54.385761" lon="18.799962"><time>2026-05-23T11:33:54.900Z</time></trkpt>
<trkpt lat="54.385729" lon="18.799900"><time>2026-05-23T11:33:56.900Z</time></trkpt>
<trkpt lat="54.385699" lon="18.799830"><time>2026-05-23T11:33:58.900Z</time></trkpt>
<trkpt lat="54.385669" lon="18.799759"><time>2026-05-23T11:34:00.900Z</time></trkpt>
<trkpt lat="54.385634" lon="18.799693"><time>2026-05-23T11:34:02.900Z</time></trkpt>
<trkpt lat="54.385596" lon="18.799638"><time>2026-05-23T11:34:04.900Z</time></trkpt>
<trkpt lat="54.385562" lon="18.799578"><time>2026-05-23T11:34:06.900Z</time></trkpt>
<trkpt lat="54.385530" lon="18.799516"><time>2026-05-23T11:34:08.900Z</time></trkpt>
<trkpt lat="54.385502" lon="18.799449"><time>2026-05-23T11:34:10.900Z</time></trkpt>
<trkpt lat="54.385473" lon="18.799381"><time>2026-05-23T11:34:12.900Z</time></trkpt>
<trkpt lat="54.385440" lon="18.799318"><time>2026-05-23T11:34:14.900Z</time></trkpt>
<trkpt lat="54.385406" lon="18.799263"><time>2026-05-23T11:34:16.900Z</time></trkpt>
<trkpt lat="54.385370" lon="18.799199"><time>2026-05-23T11:34:18.900Z</time></trkpt>
<trkpt lat="54.385337" lon="18.799136"><time>2026-05-23T11:34:20.900Z</time></trkpt>
<trkpt lat="54.385307" lon="18.799078"><time>2026-05-23T11:34:22.900Z</time></trkpt>
<trkpt lat="54.385278" lon="18.799009"><time>2026-05-23T11:34:24.900Z</time></trkpt>
<trkpt lat="54.385242" lon="18.798944"><time>2026-05-23T11:34:26.900Z</time></trkpt>
<trkpt lat="54.385211" lon="18.798881"><time>2026-05-23T11:34:28.900Z</time></trkpt>
<trkpt lat="54.385178" lon="18.798815"><time>2026-05-23T11:34:30.900Z</time></trkpt>
<trkpt lat="54.385151" lon="18.798747"><time>2026-05-23T11:34:32.900Z</time></trkpt>
<trkpt lat="54.385120" lon="18.798680"><time>2026-05-23T11:34:34.900Z</time></trkpt>
<trkpt lat="54.385090" lon="18.798610"><time>2026-05-23T11:34:36.900Z</time></trkpt>
<trkpt lat="54.385056" lon="18.798545"><time>2026-05-23T11:34:38.900Z</time></trkpt>
<trkpt lat="54.385022" lon="18.798478"><time>2026-05-23T11:34:40.900Z</time></trkpt>
<trkpt lat="54.384992" lon="18.798412"><time>2026-05-23T11:34:42.900Z</time></trkpt>
<trkpt lat="54.384962" lon="18.798341"><time>2026-05-23T11:34:44.900Z</time></trkpt>
<trkpt lat="54.384930" lon="18.798274"><time>2026-05-23T11:34:46.900Z</time></trkpt>
<trkpt lat="54.384896" lon="18.798214"><time>2026-05-23T11:34:48.900Z</time></trkpt>
<trkpt lat="54.384863" lon="18.798157"><time>2026-05-23T11:34:50.900Z</time></trkpt>
<trkpt lat="54.384830" lon="18.798098"><time>2026-05-23T11:34:52.900Z</time></trkpt>
<trkpt lat="54.384797" lon="18.798035"><time>2026-05-23T11:34:54.900Z</time></trkpt>
<trkpt lat="54.384767" lon="18.797972"><time>2026-05-23T11:34:56.900Z</time></trkpt>
<trkpt lat="54.384739" lon="18.797908"><time>2026-05-23T11:34:58.900Z</time></trkpt>
<trkpt lat="54.384709" lon="18.797845"><time>2026-05-23T11:35:00.900Z</time></trkpt>
<trkpt lat="54.384677" lon="18.797782"><time>2026-05-23T11:35:02.900Z</time></trkpt>
<trkpt lat="54.384646" lon="18.797722"><time>2026-05-23T11:35:04.900Z</time></trkpt>
<trkpt lat="54.384613" lon="18.797671"><time>2026-05-23T11:35:06.900Z</time></trkpt>
<trkpt lat="54.384583" lon="18.797608"><time>2026-05-23T11:35:08.900Z</time></trkpt>
<trkpt lat="54.384553" lon="18.797545"><time>2026-05-23T11:35:10.900Z</time></trkpt>
<trkpt lat="54.384524" lon="18.797482"><time>2026-05-23T11:35:12.900Z</time></trkpt>
<trkpt lat="54.384492" lon="18.797421"><time>2026-05-23T11:35:14.900Z</time></trkpt>
<trkpt lat="54.384460" lon="18.797362"><time>2026-05-23T11:35:16.900Z</time></trkpt>
<trkpt lat="54.384428" lon="18.797305"><time>2026-05-23T11:35:18.900Z</time></trkpt>
<trkpt lat="54.384397" lon="18.797246"><time>2026-05-23T11:35:20.900Z</time></trkpt>
<trkpt lat="54.384368" lon="18.797184"><time>2026-05-23T11:35:22.900Z</time></trkpt>
<trkpt lat="54.384337" lon="18.797118"><time>2026-05-23T11:35:24.900Z</time></trkpt>
<trkpt lat="54.384307" lon="18.797051"><time>2026-05-23T11:35:26.900Z</time></trkpt>
<trkpt lat="54.384273" lon="18.796987"><time>2026-05-23T11:35:28.900Z</time></trkpt>
<trkpt lat="54.384239" lon="18.796926"><time>2026-05-23T11:35:30.900Z</time></trkpt>
<trkpt lat="54.384206" lon="18.796861"><time>2026-05-23T11:35:32.900Z</time></trkpt>
<trkpt lat="54.384174" lon="18.796794"><time>2026-05-23T11:35:34.900Z</time></trkpt>
<trkpt lat="54.384142" lon="18.796731"><time>2026-05-23T11:35:36.900Z</time></trkpt>
<trkpt lat="54.384099" lon="18.796682"><time>2026-05-23T11:35:38.900Z</time></trkpt>
<trkpt lat="54.384059" lon="18.796623"><time>2026-05-23T11:35:40.900Z</time></trkpt>
<trkpt lat="54.384022" lon="18.796554"><time>2026-05-23T11:35:42.900Z</time></trkpt>
<trkpt lat="54.383986" lon="18.796497"><time>2026-05-23T11:35:44.900Z</time></trkpt>
<trkpt lat="54.383946" lon="18.796443"><time>2026-05-23T11:35:46.900Z</time></trkpt>
<trkpt lat="54.383910" lon="18.796386"><time>2026-05-23T11:35:48.900Z</time></trkpt>
<trkpt lat="54.383877" lon="18.796322"><time>2026-05-23T11:35:50.900Z</time></trkpt>
<trkpt lat="54.383849" lon="18.796259"><time>2026-05-23T11:35:52.900Z</time></trkpt>
<trkpt lat="54.383816" lon="18.796196"><time>2026-05-23T11:35:54.900Z</time></trkpt>
<trkpt lat="54.383784" lon="18.796135"><time>2026-05-23T11:35:56.900Z</time></trkpt>
<trkpt lat="54.383751" lon="18.796071"><time>2026-05-23T11:35:58.900Z</time></trkpt>
<trkpt lat="54.383714" lon="18.796011"><time>2026-05-23T11:36:00.900Z</time></trkpt>
<trkpt lat="54.383677" lon="18.795953"><time>2026-05-23T11:36:02.900Z</time></trkpt>
<trkpt lat="54.383641" lon="18.795898"><time>2026-05-23T11:36:04.900Z</time></trkpt>
<trkpt lat="54.383605" lon="18.795834"><time>2026-05-23T11:36:06.900Z</time></trkpt>
<trkpt lat="54.383570" lon="18.795770"><time>2026-05-23T11:36:08.900Z</time></trkpt>
<trkpt lat="54.383539" lon="18.795707"><time>2026-05-23T11:36:10.900Z</time></trkpt>
<trkpt lat="54.383506" lon="18.795642"><time>2026-05-23T11:36:12.900Z</time></trkpt>
<trkpt lat="54.383474" lon="18.795577"><time>2026-05-23T11:36:14.900Z</time></trkpt>
<trkpt lat="54.383444" lon="18.795515"><time>2026-05-23T11:36:16.900Z</time></trkpt>
<trkpt lat="54.383412" lon="18.795448"><time>2026-05-23T11:36:18.900Z</time></trkpt>
<trkpt lat="54.383379" lon="18.795380"><time>2026-05-23T11:36:20.900Z</time></trkpt>
<trkpt lat="54.383348" lon="18.795316"><time>2026-05-23T11:36:22.900Z</time></trkpt>
<trkpt lat="54.383316" lon="18.795249"><time>2026-05-23T11:36:24.900Z</time></trkpt>
<trkpt lat="54.383285" lon="18.795183"><time>2026-05-23T11:36:26.900Z</time></trkpt>
<trkpt lat="54.383253" lon="18.795118"><time>2026-05-23T11:36:28.900Z</time></trkpt>
<trkpt lat="54.383220" lon="18.795051"><time>2026-05-23T11:36:30.900Z</time></trkpt>
<trkpt lat="54.383187" lon="18.794983"><time>2026-05-23T11:36:32.900Z</time></trkpt>
<trkpt lat="54.383153" lon="18.794919"><time>2026-05-23T11:36:34.900Z</time></trkpt>
<trkpt lat="54.383118" lon="18.794859"><time>2026-05-23T11:36:36.900Z</time></trkpt>
<trkpt lat="54.383082" lon="18.794805"><time>2026-05-23T11:36:38.900Z</time></trkpt>
<trkpt lat="54.383051" lon="18.794752"><time>2026-05-23T11:36:40.900Z</time></trkpt>
<trkpt lat="54.383019" lon="18.794690"><time>2026-05-23T11:36:42.900Z</time></trkpt>
<trkpt lat="54.382984" lon="18.794633"><time>2026-05-23T11:36:44.900Z</time></trkpt>
<trkpt lat="54.382951" lon="18.794581"><time>2026-05-23T11:36:46.900Z</time></trkpt>
<trkpt lat="54.382917" lon="18.794530"><time>2026-05-23T11:36:48.900Z</time></trkpt>
<trkpt lat="54.382886" lon="18.794472"><time>2026-05-23T11:36:50.900Z</time></trkpt>
<trkpt lat="54.382852" lon="18.794414"><time>2026-05-23T11:36:52.900Z</time></trkpt>
<trkpt lat="54.382818" lon="18.794358"><time>2026-05-23T11:36:54.900Z</time></trkpt>
<trkpt lat="54.382784" lon="18.794303"><time>2026-05-23T11:36:56.900Z</time></trkpt>
<trkpt lat="54.382749" lon="18.794243"><time>2026-05-23T11:36:58.900Z</time></trkpt>
<trkpt lat="54.382714" lon="18.794186"><time>2026-05-23T11:37:00.900Z</time></trkpt>
<trkpt lat="54.382679" lon="18.794136"><time>2026-05-23T11:37:02.900Z</time></trkpt>
<trkpt lat="54.382643" lon="18.794084"><time>2026-05-23T11:37:04.900Z</time></trkpt>
<trkpt lat="54.382608" lon="18.794029"><time>2026-05-23T11:37:06.900Z</time></trkpt>
<trkpt lat="54.382572" lon="18.793970"><time>2026-05-23T11:37:08.900Z</time></trkpt>
<trkpt lat="54.382535" lon="18.793911"><time>2026-05-23T11:37:10.900Z</time></trkpt>
<trkpt lat="54.382500" lon="18.793850"><time>2026-05-23T11:37:12.900Z</time></trkpt>
<trkpt lat="54.382465" lon="18.793787"><time>2026-05-23T11:37:14.900Z</time></trkpt>
<trkpt lat="54.382428" lon="18.793725"><time>2026-05-23T11:37:16.900Z</time></trkpt>
<trkpt lat="54.382390" lon="18.793663"><time>2026-05-23T11:37:18.900Z</time></trkpt>
<trkpt lat="54.382352" lon="18.793603"><time>2026-05-23T11:37:20.900Z</time></trkpt>
<trkpt lat="54.382315" lon="18.793544"><time>2026-05-23T11:37:22.900Z</time></trkpt>
<trkpt lat="54.382279" lon="18.793482"><time>2026-05-23T11:37:24.900Z</time></trkpt>
<trkpt lat="54.382241" lon="18.793423"><time>2026-05-23T11:37:26.900Z</time></trkpt>
<trkpt lat="54.382202" lon="18.793363"><time>2026-05-23T11:37:28.900Z</time></trkpt>
<trkpt lat="54.382163" lon="18.793301"><time>2026-05-23T11:37:30.900Z</time></trkpt>
<trkpt lat="54.382127" lon="18.793240"><time>2026-05-23T11:37:32.900Z</time></trkpt>
<trkpt lat="54.382090" lon="18.793178"><time>2026-05-23T11:37:34.900Z</time></trkpt>
<trkpt lat="54.382052" lon="18.793123"><time>2026-05-23T11:37:36.900Z</time></trkpt>
<trkpt lat="54.382015" lon="18.793055"><time>2026-05-23T11:37:38.900Z</time></trkpt>
<trkpt lat="54.381977" lon="18.792995"><time>2026-05-23T11:37:40.900Z</time></trkpt>
<trkpt lat="54.381959" lon="18.792964"><time>2026-05-23T11:37:42.000Z</time></trkpt>
<trkpt lat="54.381919" lon="18.792897"><time>2026-05-23T11:37:44.000Z</time></trkpt>
<trkpt lat="54.381881" lon="18.792836"><time>2026-05-23T11:37:46.000Z</time></trkpt>
<trkpt lat="54.381848" lon="18.792784"><time>2026-05-23T11:37:48.000Z</time></trkpt>
<trkpt lat="54.381814" lon="18.792718"><time>2026-05-23T11:37:50.000Z</time></trkpt>
<trkpt lat="54.381781" lon="18.792647"><time>2026-05-23T11:37:52.000Z</time></trkpt>
<trkpt lat="54.381749" lon="18.792575"><time>2026-05-23T11:37:54.000Z</time></trkpt>
<trkpt lat="54.381715" lon="18.792503"><time>2026-05-23T11:37:56.000Z</time></trkpt>
<trkpt lat="54.381677" lon="18.792437"><time>2026-05-23T11:37:58.000Z</time></trkpt>
<trkpt lat="54.381636" lon="18.792374"><time>2026-05-23T11:38:00.000Z</time></trkpt>
<trkpt lat="54.381593" lon="18.792291"><time>2026-05-23T11:38:02.000Z</time></trkpt>
</trkseg></trk>
</gpx>