<?xml version="1.0" encoding="UTF-8" standalone="no" ?><gpx xmlns="http://www.topografix.com/GPX/1/1">
<trk><trkseg>
<trkpt lat="54.379694" lon="18.790164"><time>2026-05-24T09:05:01.900Z</time></trkpt>
<trkpt lat="54.379702" lon="18.790187"><time>2026-05-24T09:05:03.900Z</time></trkpt>
<trkpt lat="54.379713" lon="18.790198"><time>2026-05-24T09:05:05.900Z</time></trkpt>
<trkpt lat="54.379721" lon="18.790200"><time>2026-05-24T09:05:07.900Z</time></trkpt>
<trkpt lat="54.379733" lon="18.790232"><time>2026-05-24T09:05:09.900Z</time></trkpt>
<trkpt lat="54.379735" lon="18.790260"><time>2026-05-24T09:05:11.900Z</time></trkpt>
<trkpt lat="54.379740" lon="18.790299"><time>2026-05-24T09:05:13.900Z</time></trkpt>
<trkpt lat="54.379745" lon="18.790334"><time>2026-05-24T09:05:15.900Z</time></trkpt>
<trkpt lat="54.379753" lon="18.790370"><time>2026-05-24T09:05:17.900Z</time></trkpt>
<trkpt lat="54.379757" lon="18.790406"><time>2026-05-24T09:05:19.900Z</time></trkpt>
<trkpt lat="54.379760" lon="18.790446"><time>2026-05-24T09:05:21.900Z</time></trkpt>
<trkpt lat="54.379760" lon="18.790479"><time>2026-05-24T09:05:23.900Z</time></trkpt>
<trkpt lat="54.379769" lon="18.790500"><time>2026-05-24T09:05:25.900Z</time></trkpt>
<trkpt lat="54.379772" lon="18.790510"><time>2026-05-24T09:05:27.900Z</time></trkpt>
<trkpt lat="54.379792" lon="18.790566"><time>2026-05-24T09:05:29.900Z</time></trkpt>
<trkpt lat="54.379787" lon="18.790607"><time>2026-05-24T09:05:31.900Z</time></trkpt>
<trkpt lat="54.379791" lon="18.790650"><time>2026-05-24T09:05:33.900Z</time></trkpt>
<trkpt lat="54.379791" lon="18.790700"><time>2026-05-24T09:05:35.900Z</time></trkpt>
<trkpt lat="54.379792" lon="18.790748"><time>2026-05-24T09:05:37.900Z</time></trkpt>
<trkpt lat="54.379792" lon="18.790803"><time>2026-05-24T09:05:39.900Z</time></trkpt>
<trkpt lat="54.379800" lon="18.790847"><time>2026-05-24T09:05:41.900Z</time></trkpt>
<trkpt lat="54.379803" lon="18.790902"><time>2026-05-24T09:05:43.900Z</time></trkpt>
<trkpt lat="54.379806" lon="18.790962"><time>2026-05-24T09:05:45.900Z</time></trkpt>
<trkpt lat="54.379804" lon="18.791015"><time>2026-05-24T09:05:47.900Z</time></trkpt>
<trkpt lat="54.379804" lon="18.791071"><time>2026-05-24T09:05:49.900Z</time></trkpt>
<trkpt lat="54.379804" lon="18.791130"><time>2026-05-24T09:05:51.900Z</time></trkpt>
<trkpt lat="54.379809" lon="18.791181"><time>2026-05-24T09:05:53.900Z</time></trkpt>
<trkpt lat="54.379812" lon="18.791236"><time>2026-05-24T09:05:55.900Z</time></trkpt>
<trkpt lat="54.379814" lon="18.791292"><time>2026-05-24T09:05:57.900Z</time></trkpt>
<trkpt lat="54.379818" lon="18.791347"><time>2026-05-24T09:05:59.900Z</time></trkpt>
<trkpt lat="54.379823" lon="18.791402"><time>2026-05-24T09:06:01.900Z</time></trkpt>
<trkpt lat="54.379828" lon="18.791458"><time>2026-05-24T09:06:03.900Z</time></trkpt>
<trkpt lat="54.379830" lon="18.791518"><time>2026-05-24T09:06:05.900Z</time></trkpt>
<trkpt lat="54.379836" lon="18.791579"><time>2026-05-24T09:06:07.900Z</time></trkpt>
<trkpt lat="54.379844" lon="18.791639"><time>2026-05-24T09:06:09.900Z</time></trkpt>
<trkpt lat="54.379853" lon="18.791698"><time>2026-05-24T09:06:11.900Z</time></trkpt>
<trkpt lat="54.379862" lon="18.791757"><time>2026-05-24T09:06:13.900Z</time></trkpt>
<trkpt lat="54.379873" lon="18.791816"><time>2026-05-24T09:06:15.900Z</time></trkpt>
<trkpt lat="54.379883" lon="18.791884"><time>2026-05-24T09:06:17.900Z</time></trkpt>
<trkpt lat="54.379895" lon="18.791945"><time>2026-05-24T09:06:19.900Z</time></trkpt>
<trkpt lat="54.379909" lon="18.792018"><time>2026-05-24T09:06:21.900Z</time></trkpt>
<trkpt lat="54.379925" lon="18.792092"><time>2026-05-24T09:06:23.900Z</time></trkpt>
<trkpt lat="54.379938" lon="18.792160"><time>2026-05-24T09:06:25.900Z</time></trkpt>
<trkpt lat="54.379951" lon="18.792216"><time>2026-05-24T09:06:27.900Z</time></trkpt>
<trkpt lat="54.379965" lon="18.792280"><time>2026-05-24T09:06:29.900Z</time></trkpt>
<trkpt lat="54.379980" lon="18.792341"><time>2026-05-24T09:06:31.900Z</time></trkpt>
<trkpt lat="54.379995" lon="18.792401"><time>2026-05-24T09:06:33.900Z</time></trkpt>
<trkpt lat="54.380008" lon="18.792463"><time>2026-05-24T09:06:35.900Z</time></trkpt>
<trkpt lat="54.380017" lon="18.792528"><time>2026-05-24T09:06:37.900Z</time></trkpt>
<trkpt lat="54.380029" lon="18.792592"><time>2026-05-24T09:06:39.900Z</time></trkpt>
<trkpt lat="54.380045" lon="18.792657"><time>2026-05-24T09:06:41.900Z</time></trkpt>
<trkpt lat="54.380059" lon="18.792721"><time>2026-05-24T09:06:43.900Z</time></trkpt>
<trkpt lat="54.380074" lon="18.792786"><time>2026-05-24T09:06:45.900Z</time></trkpt>
<trkpt lat="54.380090" lon="18.792849"><time>2026-05-24T09:06:47.900Z</time></trkpt>
<trkpt lat="54.380109" lon="18.792922"><time>2026-05-24T09:06:49.900Z</time></trkpt>
<trkpt lat="54.380128" lon="18.792987"><time>2026-05-24T09:06:51.900Z</time></trkpt>
<trkpt lat="54.380146" lon="18.793051"><time>2026-05-24T09:06:53.900Z</time></trkpt>
<trkpt lat="54.380164" lon="18.793111"><time>2026-05-24T09:06:55.900Z</time></trkpt>
<trkpt lat="54.380184" lon="18.793175"><time>2026-05-24T09:06:57.900Z</time></trkpt>
<trkpt lat="54.380203" lon="18.793240"><time>2026-05-24T09:06:59.900Z</time></trkpt>
<trkpt lat="54.380224" lon="18.793303"><time>2026-05-24T09:07:01.900Z</time></trkpt>
<trkpt lat="54.380245" lon="18.793362"><time>2026-05-24T09:07:03.900Z</time></trkpt>
<trkpt lat="54.380263" lon="18.793422"><time>2026-05-24T09:07:05.900Z</time></trkpt>
<trkpt lat="54.380281" lon="18.793483"><time>2026-05-24T09:07:07.900Z</time></trkpt>
<trkpt lat="54.380300" lon="18.793542"><time>2026-05-24T09:07:09.900Z</time></trkpt>
<trkpt lat="54.380320" lon="18.793600"><time>2026-05-24T09:07:11.900Z</time></trkpt>
<trkpt lat="54.380342" lon="18.793655"><time>2026-05-24T09:07:13.900Z</time></trkpt>
<trkpt lat="54.380365" lon="18.793706"><time>2026-05-24T09:07:15.900Z</time></trkpt>
<trkpt lat="54.380389" lon="18.793752"><time>2026-05-24T09:07:17.900Z</time></trkpt>
<trkpt lat="54.380410" lon="18.793812"><time>2026-05-24T09:07:19.900Z</time></trkpt>
<trkpt lat="54.380433" lon="18.793864"><time>2026-05-24T09:07:21.900Z</time></trkpt>
<trkpt lat="54.380457" lon="18.793918"><time>2026-05-24T09:07:23.900Z</time></trkpt>
<trkpt lat="54.380479" lon="18.793968"><time>2026-05-24T09:07:25.900Z</time></trkpt>
<trkpt lat="54.380502" lon="18.794016"><time>2026-05-24T09:07:27.900Z</time></trkpt>
<trkpt lat="54.380523" lon="18.794071"><time>2026-05-24T09:07:29.900Z</time></trkpt>
<trkpt lat="54.380540" lon="18.794129"><time>2026-05-24T09:07:31.900Z</time></trkpt>
<trkpt lat="54.380559" lon="18.794194"><time>2026-05-24T09:07:33.900Z</time></trkpt>
<trkpt lat="54.380578" lon="18.794252"><time>2026-05-24T09:07:35.900Z</time></trkpt>
<trkpt lat="54.380598" lon="18.794320"><time>2026-05-24T09:07:37.900Z</time></trkpt>
<trkpt lat="54.380614" lon="18.794385"><time>2026-05-24T09:07:39.900Z</time></trkpt>
<trkpt lat="54.380632" lon="18.794444"><time>2026-05-24T09:07:41.900Z</time></trkpt>
<trkpt lat="54.380649" lon="18.794516"><time>2026-05-24T09:07:43.900Z</time></trkpt>
<trkpt lat="54.380670" lon="18.794578"><time>2026-05-24T09:07:45.900Z</time></trkpt>
<trkpt lat="54.380687" lon="18.794649"><time>2026-05-24T09:07:47.900Z</time></trkpt>
<trkpt lat="54.380700" lon="18.794743"><time>2026-05-24T09:07:49.900Z</time></trkpt>
<trkpt lat="54.380722" lon="18.794800"><time>2026-05-24T09:07:51.900Z</time></trkpt>
<trkpt lat="54.380743" lon="18.794868"><time>2026-05-24T09:07:53.900Z</time></trkpt>
<trkpt lat="54.380767" lon="18.794937"><time>2026-05-24T09:07:55.900Z</time></trkpt>
<trkpt lat="54.380787" lon="18.795006"><time>2026-05-24T09:07:57.900Z</time></trkpt>
<trkpt lat="54.380803" lon="18.795078"><time>2026-05-24T09:07:59.900Z</time></trkpt>
<trkpt lat="54.380818" lon="18.795147"><time>2026-05-24T09:08:01.900Z</time></trkpt>
<trkpt lat="54.380837" lon="18.795216"><time>2026-05-24T09:08:03.900Z</time></trkpt>
<trkpt lat="54.380857" lon="18.795287"><time>2026-05-24T09:08:05.900Z</time></trkpt>
<trkpt lat="54.380877" lon="18.795354"><time>2026-05-24T09:08:07.900Z</time></trkpt>
<trkpt lat="54.380898" lon="18.795418"><time>2026-05-24T09:08:09.900Z</time></trkpt>
<trkpt lat="54.380924" lon="18.795481"><time>2026-05-24T09:08:11.900Z</time></trkpt>
<trkpt lat="54.380952" lon="18.795542"><time>2026-05-24T09:08:13.900Z</time></trkpt>
<trkpt lat="54.380980" lon="18.795602"><time>2026-05-24T09:08:15.900Z</time></trkpt>
<trkpt lat="54.381007" lon="18.795660"><time>2026-05-24T09:08:17.900Z</time></trkpt>
<trkpt lat="54.381034" lon="18.795717"><time>2026-05-24T09:08:19.900Z</time></trkpt>
<trkpt lat="54.381060" lon="18.795776"><time>2026-05-24T09:08:21.900Z</time></trkpt>
<trkpt lat="54.381088" lon="18.795830"><time>2026-05-24T09:08:23.900Z</time></trkpt>
<trkpt lat="54.381114" lon="18.795884"><time>2026-05-24T09:08:25.900Z</time></trkpt>
<trkpt lat="54.381140" lon="18.795940"><time>2026-05-24T09:08:27.900Z</time></trkpt>
<trkpt lat="54.381166" lon="18.795995"><time>2026-05-24T09:08:29.900Z</time></trkpt>
<trkpt lat="54.381191" lon="18.796049"><time>2026-05-24T09:08:31.900Z</time></trkpt>
<trkpt lat="54.381218" lon="18.796103"><time>2026-05-24T09:08:33.900Z</time></trkpt>
<trkpt lat="54.381244" lon="18.796155"><time>2026-05-24T09:08:35.900Z</time></trkpt>
<trkpt lat="54.381273" lon="18.796204"><time>2026-05-24T09:08:37.900Z</time></trkpt>
<trkpt lat="54.381300" lon="18.796255"><time>2026-05-24T09:08:39.900Z</time></trkpt>
<trkpt lat="54.381328" lon="18.796304"><time>2026-05-24T09:08:41.900Z</time></trkpt>
<trkpt lat="54.381354" lon="18.796353"><time>2026-05-24T09:08:43.900Z</time></trkpt>
<trkpt lat="54.381379" lon="18.796402"><time>2026-05-24T09:08:45.900Z</time></trkpt>
<trkpt lat="54.381404" lon="18.796451"><time>2026-05-24T09:08:47.900Z</time></trkpt>
<trkpt lat="54.381429" lon="18.796501"><time>2026-05-24T09:08:49.900Z</time></trkpt>
<trkpt lat="54.381453" lon="18.796555"><time>2026-05-24T09:08:51.900Z</time></trkpt>
<trkpt lat="54.381478" lon="18.796606"><time>2026-05-24T09:08:53.900Z</time></trkpt>
<trkpt lat="54.381505" lon="18.796656"><time>2026-05-24T09:08:55.900Z</time></trkpt>
<trkpt lat="54.381533" lon="18.796704"><time>2026-05-24T09:08:57.900Z</time></trkpt>
<trkpt lat="54.381561" lon="18.796752"><time>2026-05-24T09:08:59.900Z</time></trkpt>
<trkpt lat="54.381589" lon="18.796796"><time>2026-05-24T09:09:01.900Z</time></trkpt>
<trkpt lat="54.381616" lon="18.796839"><time>2026-05-24T09:09:03.900Z</time></trkpt>
<trkpt lat="54.381642" lon="18.796881"><time>2026-05-24T09:09:05.900Z</time></trkpt>
<trkpt lat="54.381673" lon="18.796920"><time>2026-05-24T09:09:07.900Z</time></trkpt>
<trkpt lat="54.381695" lon="18.796970"><time>2026-05-24T09:09:09.900Z</time></trkpt>
<trkpt lat="54.381714" lon="18.797007"><time>2026-05-24T09:09:11.900Z</time></trkpt>
<trkpt lat="54.381735" lon="18.797058"><time>2026-05-24T09:09:13.900Z</time></trkpt>
<trkpt lat="54.381753" lon="18.797111"><time>2026-05-24T09:09:15.900Z</time></trkpt>
<trkpt lat="54.381770" lon="18.797167"><time>2026-05-24T09:09:17.900Z</time></trkpt>
<trkpt lat="54.381786" lon="18.797224"><time>2026-05-24T09:09:19.900Z</time></trkpt>
<trkpt lat="54.381806" lon="18.797283"><time>2026-05-24T09:09:21.900Z</time></trkpt>
<trkpt lat="54.381825" lon="18.797341"><time>2026-05-24T09:09:23.900Z</time></trkpt>
<trkpt lat="54.381844" lon="18.797400"><time>2026-05-24T09:09:25.900Z</time></trkpt>
<trkpt lat="54.381864" lon="18.797461"><time>2026-05-24T09:09:27.900Z</time></trkpt>
<trkpt lat="54.381879" lon="18.797525"><time>2026-05-24T09:09:29.900Z</time></trkpt>
<trkpt lat="54.381896" lon="18.797587"><time>2026-05-24T09:09:31.900Z</time></trkpt>
<trkpt lat="54.381918" lon="18.797645"><time>2026-05-24T09:09:33.900Z</time></trkpt>
<trkpt lat="54.381942" lon="18.797706"><time>2026-05-24T09:09:35.900Z</time></trkpt>
<trkpt lat="54.381966" lon="18.797766"><time>2026-05-24T09:09:37.900Z</time></trkpt>
<trkpt lat="54.381991" lon="18.797829"><time>2026-05-24T09:09:39.900Z</time></trkpt>
<trkpt lat="54.382017" lon="18.797886"><time>2026-05-24T09:09:41.900Z</time></trkpt>
<trkpt lat="54.382045" lon="18.797942"><time>2026-05-24T09:09:43.900Z</time></trkpt>
<trkpt lat="54.382072" lon="18.797997"><time>2026-05-24T09:09:45.900Z</time></trkpt>
<trkpt lat="54.382095" lon="18.798057"><time>2026-05-24T09:09:47.900Z</time></trkpt>
<trkpt lat="54.382115" lon="18.798117"><time>2026-05-24T09:09:49.900Z</time></trkpt>
<trkpt lat="54.382136" lon="18.798176"><time>2026-05-24T09:09:51.900Z</time></trkpt>
<trkpt lat="54.382157" lon="18.798237"><time>2026-05-24T09:09:53.900Z</time></trkpt>
<trkpt lat="54.382184" lon="18.798278"><time>2026-05-24T09:09:55.900Z</time></trkpt>
<trkpt lat="54.382211" lon="18.798342"><time>2026-05-24T09:09:57.900Z</time></trkpt>
<trkpt lat="54.382231" lon="18.798403"><time>2026-05-24T09:09:59.900Z</time></trkpt>
<trkpt lat="54.382255" lon="18.798461"><time>2026-05-24T09:10:01.900Z</time></trkpt>
<trkpt lat="54.382275" lon="18.798520"><time>2026-05-24T09:10:03.900Z</time></trkpt>
<trkpt lat="54.382297" lon="18.798578"><time>2026-05-24T09:10:05.900Z</time></trkpt>
<trkpt lat="54.382318" lon="18.798637"><time>2026-05-24T09:10:07.900Z</time></trkpt>
<trkpt lat="54.382341" lon="18.798695"><time>2026-05-24T09:10:09.900Z</time></trkpt>
<trkpt lat="54.382365" lon="18.798752"><time>2026-05-24T09:10:11.900Z</time></trkpt>
<trkpt lat="54.382389" lon="18.798807"><time>2026-05-24T09:10:13.900Z</time></trkpt>
<trkpt lat="54.382415" lon="18.798863"><time>2026-05-24T09:10:15.900Z</time></trkpt>
<trkpt lat="54.382440" lon="18.798917"><time>2026-05-24T09:10:17.900Z</time></trkpt>
<trkpt lat="54.382465" lon="18.798973"><time>2026-05-24T09:10:19.900Z</time></trkpt>
<trkpt lat="54.382489" lon="18.799029"><time>2026-05-24T09:10:21.900Z</time></trkpt>
<trkpt lat="54.382512" lon="18.799089"><time>2026-05-24T09:10:23.900Z</time></trkpt>
<trkpt lat="54.382536" lon="18.799150"><time>2026-05-24T09:10:25.900Z</time></trkpt>
<trkpt lat="54.382557" lon="18.799213"><time>2026-05-24T09:10:27.900Z</time></trkpt>
<trkpt lat="54.382579" lon="18.799277"><time>2026-05-24T09:10:29.900Z</time></trkpt>
<trkpt lat="54.382602" lon="18.799341"><time>2026-05-24T09:10:31.900Z</time></trkpt>
<trkpt lat="54.382627" lon="18.799403"><time>2026-05-24T09:10:33.900Z</time></trkpt>
<trkpt lat="54.382650" lon="18.799469"><time>2026-05-24T09:10:35.900Z</time></trkpt>
<trkpt lat="54.382672" lon="18.799534"><time>2026-05-24T09:10:37.900Z</time></trkpt>
<trkpt lat="54.382695" lon="18.799600"><time>2026-05-24T09:10:39.900Z</time></trkpt>
<trkpt lat="54.382718" lon="18.799664"><time>2026-05-24T09:10:41.900Z</time></trkpt>
<trkpt lat="54.382744" lon="18.799725"><time>2026-05-24T09:10:43.900Z</time></trkpt>
<trkpt lat="54.382771" lon="18.799789"><time>2026-05-24T09:10:45.900Z</time></trkpt>
<trkpt lat="54.382796" lon="18.799853"><time>2026-05-24T09:10:47.900Z</time></trkpt>
<trkpt lat="54.382821" lon="18.799918"><time>2026-05-24T09:10:49.900Z</time></trkpt>
<trkpt lat="54.382847" lon="18.799985"><time>2026-05-24T09:10:51.900Z</time></trkpt>
<trkpt lat="54.382872" lon="18.800051"><time>2026-05-24T09:10:53.900Z</time></trkpt>
<trkpt lat="54.382896" lon="18.800117"><time>2026-05-24T09:10:55.900Z</time></trkpt>
<trkpt lat="54.382920" lon="18.800184"><time>2026-05-24T09:10:57.900Z</time></trkpt>
<trkpt lat="54.382943" lon="18.800253"><time>2026-05-24T09:10:59.900Z</time></trkpt>
<trkpt lat="54.382964" lon="18.800323"><time>2026-05-24T09:11:01.900Z</time></trkpt>
<trkpt lat="54.382985" lon="18.800394"><time>2026-05-24T09:11:03.900Z</time></trkpt>
<trkpt lat="54.383005" lon="18.800466"><time>2026-05-24T09:11:05.900Z</time></trkpt>
<trkpt lat="54.383029" lon="18.800534"><time>2026-05-24T09:11:07.900Z</time></trkpt>
<trkpt lat="54.383052" lon="18.800601"><time>2026-05-24T09:11:09.900Z</time></trkpt>
<trkpt lat="54.383079" lon="18.800666"><time>2026-05-24T09:11:11.900Z</time></trkpt>
<trkpt lat="54.383107" lon="18.800729"><time>2026-05-24T09:11:13.900Z</time></trkpt>
<trkpt lat="54.383132" lon="18.800794"><time>2026-05-24T09:11:15.900Z</time></trkpt>
<trkpt lat="54.383158" lon="18.800860"><time>2026-05-24T09:11:17.900Z</time></trkpt>
<trkpt lat="54.383184" lon="18.800923"><time>2026-05-24T09:11:19.900Z</time></trkpt>
<trkpt lat="54.383210" lon="18.800989"><time>2026-05-24T09:11:21.900Z</time></trkpt>
<trkpt lat="54.383237" lon="18.801052"><time>2026-05-24T09:11:23.900Z</time></trkpt>
<trkpt lat="54.383262" lon="18.801120"><time>2026-05-24T09:11:25.900Z</time></trkpt>
<trkpt lat="54.383287" lon="18.801186"><time>2026-05-24T09:11:27.900Z</time></trkpt>
<trkpt lat="54.383313" lon="18.801251"><time>2026-05-24T09:11:29.900Z</time></trkpt>
<trkpt lat="54.383339" lon="18.801317"><time>2026-05-24T09:11:31.900Z</time></trkpt>
<trkpt lat="54.383361" lon="18.801387"><time>2026-05-24T09:11:33.900Z</time></trkpt>
<trkpt lat="54.383381" lon="18.801459"><time>2026-05-24T09:11:35.900Z</time></trkpt>
<trkpt lat="54.383402" lon="18.801528"><time>2026-05-24T09:11:37.900Z</time></trkpt>
<trkpt lat="54.383426" lon="18.801594"><time>2026-05-24T09:11:39.900Z</time></trkpt>
<trkpt lat="54.383456" lon="18.801654"><time>2026-05-24T09:11:41.900Z</time></trkpt>
<trkpt lat="54.383486" lon="18.801715"><time>2026-05-24T09:11:43.900Z</time></trkpt>
<trkpt lat="54.383513" lon="18.801778"><time>2026-05-24T09:11:45.900Z</time></trkpt>
<trkpt lat="54.383542" lon="18.801836"><time>2026-05-24T09:11:47.900Z</time></trkpt>
<trkpt lat="54.383573" lon="18.801889"><time>2026-05-24T09:11:49.900Z</time></trkpt>
<trkpt lat="54.383606" lon="18.801937"><time>2026-05-24T09:11:51.900Z</time></trkpt>
<trkpt lat="54.383638" lon="18.801990"><time>2026-05-24T09:11:53.900Z</time></trkpt>
<trkpt lat="54.383668" lon="18.802046"><time>2026-05-24T09:11:55.900Z</time></trkpt>
<trkpt lat="54.383698" lon="18.802094"><time>2026-05-24T09:11:57.900Z</time></trkpt>
<trkpt lat="54.383728" lon="18.802130"><time>2026-05-24T09:11:59.900Z</time></trkpt>
<trkpt lat="54.383760" lon="18.802170"><time>2026-05-24T09:12:01.900Z</time></trkpt>
<trkpt lat="54.383791" lon="18.802210"><time>2026-05-24T09:12:03.900Z</time></trkpt>
<trkpt lat="54.383821" lon="18.802251"><time>2026-05-24T09:12:05.900Z</time></trkpt>
<trkpt lat="54.383844" lon="18.802300"><time>2026-05-24T09:12:07.900Z</time></trkpt>
<trkpt lat="54.383870" lon="18.802344"><time>2026-05-24T09:12:09.900Z</time></trkpt>
<trkpt lat="54.383897" lon="18.802387"><time>2026-05-24T09:12:11.900Z</time></trkpt>
<trkpt lat="54.383920" lon="18.802438"><time>2026-05-24T09:12:13.900Z</time></trkpt>
<trkpt lat="54.383942" lon="18.802489"><time>2026-05-24T09:12:15.900Z</time></trkpt>
<trkpt lat="54.383961" lon="18.802542"><time>2026-05-24T09:12:17.900Z</time></trkpt>
<trkpt lat="54.383982" lon="18.802600"><time>2026-05-24T09:12:19.900Z</time></trkpt>
<trkpt lat="54.384002" lon="18.802659"><time>2026-05-24T09:12:21.900Z</time></trkpt>
<trkpt lat="54.384023" lon="18.802716"><time>2026-05-24T09:12:23.900Z</time></trkpt>
<trkpt lat="54.384045" lon="18.802773"><time>2026-05-24T09:12:25.900Z</time></trkpt>
<trkpt lat="54.384066" lon="18.802830"><time>2026-05-24T09:12:27.900Z</time></trkpt>
<trkpt lat="54.384089" lon="18.802887"><time>2026-05-24T09:12:29.900Z</time></trkpt>
<trkpt lat="54.384109" lon="18.802947"><time>2026-05-24T09:12:31.900Z</time></trkpt>
<trkpt lat="54.384129" lon="18.803006"><time>2026-05-24T09:12:33.900Z</time></trkpt>
<trkpt lat="54.384149" lon="18.803065"><time>2026-05-24T09:12:35.900Z</time></trkpt>
<trkpt lat="54.384172" lon="18.803127"><time>2026-05-24T09:12:37.900Z</time></trkpt>
<trkpt lat="54.384192" lon="18.803185"><time>2026-05-24T09:12:39.900Z</time></trkpt>
<trkpt lat="54.384214" lon="18.803249"><time>2026-05-24T09:12:41.900Z</time></trkpt>
<trkpt lat="54.384230" lon="18.803309"><time>2026-05-24T09:12:43.900Z</time></trkpt>
<trkpt lat="54.384256" lon="18.803370"><time>2026-05-24T09:12:45.900Z</time></trkpt>
<trkpt lat="54.384279" lon="18.803429"><time>2026-05-24T09:12:47.900Z</time></trkpt>
<trkpt lat="54.384301" lon="18.803514"><time>2026-05-24T09:12:49.900Z</time></trkpt>
<trkpt lat="54.384310" lon="18.803577"><time>2026-05-24T09:12:51.900Z</time></trkpt>
<trkpt lat="54.384326" lon="18.803645"><time>2026-05-24T09:12:53.900Z</time></trkpt>
<trkpt lat="54.384339" lon="18.803707"><time>2026-05-24T09:12:55.900Z</time></trkpt>
<trkpt lat="54.384348" lon="18.803778"><time>2026-05-24T09:12:57.900Z</time></trkpt>
<trkpt lat="54.384352" lon="18.803843"><time>2026-05-24T09:12:59.900Z</time></trkpt>
<trkpt lat="54.384357" lon="18.803897"><time>2026-05-24T09:13:01.900Z</time></trkpt>
<trkpt lat="54.384381" lon="18.803932"><time>2026-05-24T09:13:03.900Z</time></trkpt>
<trkpt lat="54.384412" lon="18.803942"><time>2026-05-24T09:13:05.900Z</time></trkpt>
<trkpt lat="54.384417" lon="18.803921"><time>2026-05-24T09:13:07.900Z</time></trkpt>
<trkpt lat="54.384440" lon="18.803902"><time>2026-05-24T09:13:09.900Z</time></trkpt>
<trkpt lat="54.384455" lon="18.803875"><time>2026-05-24T09:13:11.900Z</time></trkpt>
<trkpt lat="54.384471" lon="18.803833"><time>2026-05-24T09:13:13.900Z</time></trkpt>
<trkpt lat="54.384488" lon="18.803783"><time>2026-05-24T09:13:15.900Z</time></trkpt>
<trkpt lat="54.384508" lon="18.803720"><time>2026-05-24T09:13:17.900Z</time></trkpt>
<trkpt lat="54.384521" lon="18.803666"><time>2026-05-24T09:13:19.900Z</time></trkpt>
<trkpt lat="54.384543" lon="18.803617"><time>2026-05-24T09:13:21.900Z</time></trkpt>
<trkpt lat="54.384562" lon="18.803578"><time>2026-05-24T09:13:23.900Z</time></trkpt>
<trkpt lat="54.384580" lon="18.803529"><time>2026-05-24T09:13:25.900Z</time></trkpt>
<trkpt lat="54.384614" lon="18.803477"><time>2026-05-24T09:13:27.900Z</time></trkpt>
<trkpt lat="54.384638" lon="18.803438"><time>2026-05-24T09:13:29.900Z</time></trkpt>
<trkpt lat="54.384668" lon="18.803390"><time>2026-05-24T09:13:31.900Z</time></trkpt>
<trkpt lat="54.384689" lon="18.803336"><time>2026-05-24T09:13:34.000Z</time></trkpt>
<trkpt lat="54.384714" lon="18.803276"><time>2026-05-24T09:13:36.000Z</time></trkpt>
<trkpt lat="54.384740" lon="18.803217"><time>2026-05-24T09:13:38.000Z</time></trkpt>
<trkpt lat="54.384762" lon="18.803158"><time>2026-05-24T09:13:40.000Z</time></trkpt>
<trkpt lat="54.384788" lon="18.803104"><time>2026-05-24T09:13:42.000Z</time></trkpt>
<trkpt lat="54.384809" lon="18.803045"><time>2026-05-24T09:13:44.000Z</time></trkpt>
<trkpt lat="54.384831" lon="18.802986"><time>2026-05-24T09:13:46.000Z</time></trkpt>
<trkpt lat="54.384856" lon="18.802923"><time>2026-05-24T09:13:48.000Z</time></trkpt>
<trkpt lat="54.384879" lon="18.802862"><time>2026-05-24T09:13:50.000Z</time></trkpt>
<trkpt lat="54.384906" lon="18.802804"><time>2026-05-24T09:13:52.000Z</time></trkpt>
<trkpt lat="54.384929" lon="18.802741"><time>2026-05-24T09:13:54.000Z</time></trkpt>
<trkpt lat="54.384954" lon="18.802681"><time>2026-05-24T09:13:56.000Z</time></trkpt>
<trkpt lat="54.384982" lon="18.802617"><time>2026-05-24T09:13:58.000Z</time></trkpt>
<trkpt lat="54.385011" lon="18.802561"><time>2026-05-24T09:14:00.000Z</time></trkpt>
<trkpt lat="54.385040" lon="18.802505"><time>2026-05-24T09:14:02.000Z</time></trkpt>
<trkpt lat="54.385068" lon="18.802442"><time>2026-05-24T09:14:04.000Z</time></trkpt>
<trkpt lat="54.385100" lon="18.802385"><time>2026-05-24T09:14:06.000Z</time></trkpt>
<trkpt lat="54.385130" lon="18.802326"><time>2026-05-24T09:14:08.000Z</time></trkpt>
<trkpt lat="54.385159" lon="18.802263"><time>2026-05-24T09:14:10.000Z</time></trkpt>
<trkpt lat="54.385188" lon="18.802201"><time>2026-05-24T09:14:12.000Z</time></trkpt>
<trkpt lat="54.385217" lon="18.802145"><time>2026-05-24T09:14:14.000Z</time></trkpt>
<trkpt lat="54.385245" lon="18.802083"><time>2026-05-24T09:14:16.000Z</time></trkpt>
<trkpt lat="54.385279" lon="18.802034"><time>2026-05-24T09:14:18.000Z</time></trkpt>
<trkpt lat="54.385311" lon="18.801979"><time>2026-05-24T09:14:20.000Z</time></trkpt>
<trkpt lat="54.385340" lon="18.801923"><time>2026-05-24T09:14:22.000Z</time></trkpt>
<trkpt lat="54.385370" lon="18.801867"><time>2026-05-24T09:14:24.000Z</time></trkpt>
<trkpt lat="54.385400" lon="18.801805"><time>2026-05-24T09:14:26.000Z</time></trkpt>
<trkpt lat="54.385431" lon="18.801753"><time>2026-05-24T09:14:28.000Z</time></trkpt>
<trkpt lat="54.385464" lon="18.801701"><time>2026-05-24T09:14:30.000Z</time></trkpt>
<trkpt lat="54.385494" lon="18.801646"><time>2026-05-24T09:14:32.000Z</time></trkpt>
<trkpt lat="54.385525" lon="18.801596"><time>2026-05-24T09:14:34.000Z</time></trkpt>
<trkpt lat="54.385554" lon="18.801542"><time>2026-05-24T09:14:36.000Z</time></trkpt>
<trkpt lat="54.385586" lon="18.801491"><time>2026-05-24T09:14:38.000Z</time></trkpt>
<trkpt lat="54.385618" lon="18.801438"><time>2026-05-24T09:14:40.000Z</time></trkpt>
<trkpt lat="54.385646" lon="18.801378"><time>2026-05-24T09:14:42.000Z</time></trkpt>
<trkpt lat="54.385675" lon="18.801317"><time>2026-05-24T09:14:44.000Z</time></trkpt>
<trkpt lat="54.385705" lon="18.801259"><time>2026-05-24T09:14:46.000Z</time></trkpt>
<trkpt lat="54.385734" lon="18.801196"><time>2026-05-24T09:14:47.900Z</time></trkpt>
<trkpt lat="54.385766" lon="18.801134"><time>2026-05-24T09:14:49.900Z</time></trkpt>
<trkpt lat="54.385802" lon="18.801072"><time>2026-05-24T09:14:51.900Z</time></trkpt>
<trkpt lat="54.385835" lon="18.801016"><time>2026-05-24T09:14:53.900Z</time></trkpt>
<trkpt lat="54.385865" lon="18.800955"><time>2026-05-24T09:14:55.900Z</time></trkpt>
<trkpt lat="54.385894" lon="18.800895"><time>2026-05-24T09:14:57.900Z</time></trkpt>
<trkpt lat="54.385921" lon="18.800834"><time>2026-05-24T09:14:59.900Z</time></trkpt>
<trkpt lat="54.385950" lon="18.800775"><time>2026-05-24T09:15:01.900Z</time></trkpt>
<trkpt lat="54.385983" lon="18.800718"><time>2026-05-24T09:15:03.900Z</time></trkpt>
<trkpt lat="54.386013" lon="18.800656"><time>2026-05-24T09:15:05.900Z</time></trkpt>
<trkpt lat="54.386041" lon="18.800595"><time>2026-05-24T09:15:07.900Z</time></trkpt>
<trkpt lat="54.386071" lon="18.800538"><time>2026-05-24T09:15:09.900Z</time></trkpt>
<trkpt lat="54.386101" lon="18.800481"><time>2026-05-24T09:15:11.900Z</time></trkpt>
<trkpt lat="54.386130" lon="18.800420"><time>2026-05-24T09:15:13.900Z</time></trkpt>
<trkpt lat="54.386158" lon="18.800360"><time>2026-05-24T09:15:15.900Z</time></trkpt>
<trkpt lat="54.386186" lon="18.800299"><time>2026-05-24T09:15:17.900Z</time></trkpt>
<trkpt lat="54.386213" lon="18.800236"><time>2026-05-24T09:15:19.900Z</time></trkpt>
<trkpt lat="54.386244" lon="18.800175"><time>2026-05-24T09:15:21.900Z</time></trkpt>
<trkpt lat="54.386273" lon="18.800116"><time>2026-05-24T09:15:23.900Z</time></trkpt>
<trkpt lat="54.386303" lon="18.800061"><time>2026-05-24T09:15:25.900Z</time></trkpt>
<trkpt lat="54.386333" lon="18.800005"><time>2026-05-24T09:15:27.900Z</time></trkpt>
<trkpt lat="54.386361" lon="18.799949"><time>2026-05-24T09:15:29.900Z</time></trkpt>
<trkpt lat="54.386389" lon="18.799890"><time>2026-05-24T09:15:31.900Z</time></trkpt>
<trkpt lat="54.386416" lon="18.799829"><time>2026-05-24T09:15:33.900Z</time></trkpt>
<trkpt lat="54.386440" lon="18.799766"><time>2026-05-24T09:15:35.900Z</time></trkpt>
<trkpt lat="54.386464" lon="18.799702"><time>2026-05-24T09:15:37.900Z</time></trkpt>
<trkpt lat="54.386488" lon="18.799638"><time>2026-05-24T09:15:40.000Z</time></trkpt>
<trkpt lat="54.386514" lon="18.799579"><time>2026-05-24T09:15:42.000Z</time></trkpt>
<trkpt lat="54.386536" lon="18.799521"><time>2026-05-24T09:15:44.000Z</time></trkpt>
<trkpt lat="54.386567" lon="18.799455"><time>2026-05-24T09:15:46.000Z</time></trkpt>
<trkpt lat="54.386592" lon="18.799399"><time>2026-05-24T09:15:48.000Z</time></trkpt>
<trkpt lat="54.386627" lon="18.799323"><time>2026-05-24T09:15:50.000Z</time></trkpt>
<trkpt lat="54.386648" lon="18.799256"><time>2026-05-24T09:15:52.000Z</time></trkpt>
<trkpt lat="54.386674" lon="18.799195"><time>2026-05-24T09:15:54.000Z</time></trkpt>
<trkpt lat="54.386701" lon="18.799127"><time>2026-05-24T09:15:56.000Z</time></trkpt>
<trkpt lat="54.386723" lon="18.799065"><time>2026-05-24T09:15:58.000Z</time></trkpt>
<trkpt lat="54.386749" lon="18.799009"><time>2026-05-24T09:16:00.000Z</time></trkpt>
<trkpt lat="54.386774" lon="18.798949"><time>2026-05-24T09:16:02.000Z</time></trkpt>
<trkpt lat="54.386795" lon="18.798887"><time>2026-05-24T09:16:04.000Z</time></trkpt>
<trkpt lat="54.386816" lon="18.798829"><time>2026-05-24T09:16:06.000Z</time></trkpt>
<trkpt lat="54.386844" lon="18.798774"><time>2026-05-24T09:16:08.000Z</time></trkpt>
<trkpt lat="54.386869" lon="18.798721"><time>2026-05-24T09:16:10.000Z</time></trkpt>
<trkpt lat="54.386897" lon="18.798671"><time>2026-05-24T09:16:12.000Z</time></trkpt>
<trkpt lat="54.386925" lon="18.798619"><time>2026-05-24T09:16:14.000Z</time></trkpt>
<trkpt lat="54.386954" lon="18.798568"><time>2026-05-24T09:16:16.000Z</time></trkpt>
<trkpt lat="54.386982" lon="18.798521"><time>2026-05-24T09:16:18.000Z</time></trkpt>
<trkpt lat="54.387010" lon="18.798476"><time>2026-05-24T09:16:20.000Z</time></trkpt>
<trkpt lat="54.387042" lon="18.798430"><time>2026-05-24T09:16:22.000Z</time></trkpt>
<trkpt lat="54.387072" lon="18.798384"><time>2026-05-24T09:16:24.000Z</time></trkpt>
<trkpt lat="54.387099" lon="18.798341"><time>2026-05-24T09:16:26.000Z</time></trkpt>
<trkpt lat="54.387126" lon="18.798294"><time>2026-05-24T09:16:28.000Z</time></trkpt>
<trkpt lat="54.387153" lon="18.798253"><time>2026-05-24T09:16:30.000Z</time></trkpt>
<trkpt lat="54.387183" lon="18.798214"><time>2026-05-24T09:16:32.000Z</time></trkpt>
<trkpt lat="54.387210" lon="18.798172"><time>2026-05-24T09:16:34.000Z</time></trkpt>
<trkpt lat="54.387237" lon="18.798133"><time>2026-05-24T09:16:36.000Z</time></trkpt>
<trkpt lat="54.387265" lon="18.798095"><time>2026-05-24T09:16:38.000Z</time></trkpt>
<trkpt lat="54.387295" lon="18.798065"><time>2026-05-24T09:16:40.000Z</time></trkpt>
<trkpt lat="54.387322" lon="18.798034"><time>2026-05-24T09:16:42.000Z</time></trkpt>
<trkpt lat="54.387348" lon="18.798001"><time>2026-05-24T09:16:44.000Z</time></trkpt>
<trkpt lat="54.387374" lon="18.797967"><time>2026-05-24T09:16:46.000Z</time></trkpt>
<trkpt lat="54.387400" lon="18.797933"><time>2026-05-24T09:16:48.000Z</time></trkpt>
<trkpt lat="54.387427" lon="18.797899"><time>2026-05-24T09:16:50.000Z</time></trkpt>
<trkpt lat="54.387455" lon="18.797871"><time>2026-05-24T09:16:52.000Z</time></trkpt>
<trkpt lat="54.387481" lon="18.797845"><time>2026-05-24T09:16:54.000Z</time></trkpt>
<trkpt lat="54.387505" lon="18.797819"><time>2026-05-24T09:16:56.000Z</time></trkpt>
<trkpt lat="54.387527" lon="18.797788"><time>2026-05-24T09:16:58.000Z</time></trkpt>
<trkpt lat="54.387548" lon="18.797750"><time>2026-05-24T09:16:59.900Z</time></trkpt>
<trkpt lat="54.387565" lon="18.797713"><time>2026-05-24T09:17:01.900Z</time></trkpt>
<trkpt lat="54.387582" lon="18.797681"><time>2026-05-24T09:17:03.900Z</time></trkpt>
<trkpt lat="54.387603" lon="18.797637"><time>2026-05-24T09:17:05.900Z</time></trkpt>
<trkpt lat="54.387626" lon="18.797602"><time>2026-05-24T09:17:07.900Z</time></trkpt>
<trkpt lat="54.387636" lon="18.797558"><time>2026-05-24T09:17:09.900Z</time></trkpt>
<trkpt lat="54.387653" lon="18.797513"><time>2026-05-24T09:17:11.900Z</time></trkpt>
<trkpt lat="54.387665" lon="18.797467"><time>2026-05-24T09:17:13.900Z</time></trkpt>
<trkpt lat="54.387681" lon="18.797424"><time>2026-05-24T09:17:15.900Z</time></trkpt>
<trkpt lat="54.387699" lon="18.797380"><time>2026-05-24T09:17:17.900Z</time></trkpt>
<trkpt lat="54.387719" lon="18.797341"><time>2026-05-24T09:17:19.900Z</time></trkpt>
<trkpt lat="54.387737" lon="18.797298"><time>2026-05-24T09:17:21.900Z</time></trkpt>
<trkpt lat="54.387753" lon="18.797257"><time>2026-05-24T09:17:23.900Z</time></trkpt>
<trkpt lat="54.387772" lon="18.797216"><time>2026-05-24T09:17:25.900Z</time></trkpt>
<trkpt lat="54.387793" lon="18.797177"><time>2026-05-24T09:17:27.900Z</time></trkpt>
<trkpt lat="54.387815" lon="18.797138"><time>2026-05-24T09:17:29.900Z</time></trkpt>
<trkpt lat="54.387835" lon="18.797099"><time>2026-05-24T09:17:31.900Z</time></trkpt>
<trkpt lat="54.387854" lon="18.797060"><time>2026-05-24T09:17:33.900Z</time></trkpt>
<trkpt lat="54.387873" lon="18.797019"><time>2026-05-24T09:17:35.900Z</time></trkpt>
<trkpt lat="54.387893" lon="18.796979"><time>2026-05-24T09:17:37.900Z</time></trkpt>
<trkpt lat="54.387912" lon="18.796938"><time>2026-05-24T09:17:39.900Z</time></trkpt>
<trkpt lat="54.387933" lon="18.796898"><time>2026-05-24T09:17:41.900Z</time></trkpt>
<trkpt lat="54.387953" lon="18.796858"><time>2026-05-24T09:17:43.900Z</time></trkpt>
<trkpt lat="54.387974" lon="18.796819"><time>2026-05-24T09:17:46.000Z</time></trkpt>
<trkpt lat="54.387992" lon="18.796778"><time>2026-05-24T09:17:48.000Z</time></trkpt>
<trkpt lat="54.388012" lon="18.796736"><time>2026-05-24T09:17:50.000Z</time></trkpt>
<trkpt lat="54.388035" lon="18.796689"><time>2026-05-24T09:17:52.000Z</time></trkpt>
<trkpt lat="54.388054" lon="18.796641"><time>2026-05-24T09:17:54.000Z</time></trkpt>
<trkpt lat="54.388071" lon="18.796592"><time>2026-05-24T09:17:56.000Z</time></trkpt>
<trkpt lat="54.388087" lon="18.796547"><time>2026-05-24T09:17:58.000Z</time></trkpt>
<trkpt lat="54.388104" lon="18.796502"><time>2026-05-24T09:18:00.000Z</time></trkpt>
<trkpt lat="54.388122" lon="18.796456"><time>2026-05-24T09:18:02.000Z</time></trkpt>
<trkpt lat="54.388142" lon="18.796408"><time>2026-05-24T09:18:04.000Z</time></trkpt>
<trkpt lat="54.388161" lon="18.796366"><time>2026-05-24T09:18:06.000Z</time></trkpt>
<trkpt lat="54.388178" lon="18.796323"><time>2026-05-24T09:18:08.000Z</time></trkpt>
<trkpt lat="54.388195" lon="18.796278"><time>2026-05-24T09:18:10.000Z</time></trkpt>
<trkpt lat="54.388211" lon="18.796235"><time>2026-05-24T09:18:12.000Z</time></trkpt>
<trkpt lat="54.388228" lon="18.796193"><time>2026-05-24T09:18:14.000Z</time></trkpt>
<trkpt lat="54.388247" lon="18.796151"><time>2026-05-24T09:18:16.000Z</time></trkpt>
<trkpt lat="54.388265" lon="18.796110"><time>2026-05-24T09:18:18.000Z</time></trkpt>
<trkpt lat="54.388285" lon="18.796066"><time>2026-05-24T09:18:20.000Z</time></trkpt>
<trkpt lat="54.388302" lon="18.796027"><time>2026-05-24T09:18:22.000Z</time></trkpt>
<trkpt lat="54.388324" lon="18.795988"><time>2026-05-24T09:18:24.000Z</time></trkpt>
<trkpt lat="54.388339" lon="18.795949"><time>2026-05-24T09:18:26.000Z</time></trkpt>
<trkpt lat="54.388354" lon="18.795908"><time>2026-05-24T09:18:28.000Z</time></trkpt>
<trkpt lat="54.388371" lon="18.795864"><time>2026-05-24T09:18:30.000Z</time></trkpt>
<trkpt lat="54.388387" lon="18.795821"><time>2026-05-24T09:18:32.000Z</time></trkpt>
<trkpt lat="54.388402" lon="18.795778"><time>2026-05-24T09:18:34.000Z</time></trkpt>
<trkpt lat="54.388419" lon="18.795734"><time>2026-05-24T09:18:36.000Z</time></trkpt>
<trkpt lat="54.388435" lon="18.795691"><time>2026-05-24T09:18:38.000Z</time></trkpt>
<trkpt lat="54.388453" lon="18.795644"><time>2026-05-24T09:18:40.000Z</time></trkpt>
<trkpt lat="54.388471" lon="18.795602"><time>2026-05-24T09:18:42.000Z</time></trkpt>
<trkpt lat="54.388491" lon="18.795558"><time>2026-05-24T09:18:44.000Z</time></trkpt>
<trkpt lat="54.388512" lon="18.795517"><time>2026-05-24T09:18:46.000Z</time></trkpt>
<trkpt lat="54.388530" lon="18.795475"><time>2026-05-24T09:18:48.000Z</time></trkpt>
<trkpt lat="54.388548" lon="18.795431"><time>2026-05-24T09:18:50.000Z</time></trkpt>
<trkpt lat="54.388566" lon="18.795388"><time>2026-05-24T09:18:52.000Z</time></trkpt>
<trkpt lat="54.388583" lon="18.795344"><time>2026-05-24T09:18:54.000Z</time></trkpt>
<trkpt lat="54.388598" lon="18.795300"><time>2026-05-24T09:18:56.000Z</time></trkpt>
<trkpt lat="54.388617" lon="18.795259"><time>2026-05-24T09:18:58.000Z</time></trkpt>
<trkpt lat="54.388635" lon="18.795217"><time>2026-05-24T09:19:00.000Z</time></trkpt>
<trkpt lat="54.388651" lon="18.795175"><time>2026-05-24T09:19:01.900Z</time></trkpt>
<trkpt lat="54.388670" lon="18.795132"><time>2026-05-24T09:19:03.900Z</time></trkpt>
<trkpt lat="54.388687" lon="18.795091"><time>2026-05-24T09:19:05.900Z</time></trkpt>
<trkpt lat="54.388705" lon="18.795048"><time>2026-05-24T09:19:07.900Z</time></trkpt>
<trkpt lat="54.388721" lon="18.795004"><time>2026-05-24T09:19:09.900Z</time></trkpt>
<trkpt lat="54.388738" lon="18.794963"><time>2026-05-24T09:19:11.900Z</time></trkpt>
<trkpt lat="54.388757" lon="18.794923"><time>2026-05-24T09:19:13.900Z</time></trkpt>
<trkpt lat="54.388777" lon="18.794885"><time>2026-05-24T09:19:15.900Z</time></trkpt>
<trkpt lat="54.388798" lon="18.794848"><time>2026-05-24T09:19:17.900Z</time></trkpt>
<trkpt lat="54.388820" lon="18.794809"><time>2026-05-24T09:19:19.900Z</time></trkpt>
<trkpt lat="54.388840" lon="18.794771"><time>2026-05-24T09:19:21.900Z</time></trkpt>
<trkpt lat="54.388863" lon="18.794736"><time>2026-05-24T09:19:23.900Z</time></trkpt>
<trkpt lat="54.388885" lon="18.794701"><time>2026-05-24T09:19:25.900Z</time></trkpt>
<trkpt lat="54.388906" lon="18.794669"><time>2026-05-24T09:19:27.900Z</time></trkpt>
<trkpt lat="54.388927" lon="18.794637"><time>2026-05-24T09:19:29.900Z</time></trkpt>
<trkpt lat="54.388947" lon="18.794603"><time>2026-05-24T09:19:31.900Z</time></trkpt>
<trkpt lat="54.388968" lon="18.794570"><time>2026-05-24T09:19:33.900Z</time></trkpt>
<trkpt lat="54.388987" lon="18.794536"><time>2026-05-24T09:19:35.900Z</time></trkpt>
<trkpt lat="54.389006" lon="18.794503"><time>2026-05-24T09:19:37.900Z</time></trkpt>
<trkpt lat="54.389025" lon="18.794469"><time>2026-05-24T09:19:39.900Z</time></trkpt>
<trkpt lat="54.389044" lon="18.794436"><time>2026-05-24T09:19:41.900Z</time></trkpt>
<trkpt lat="54.389063" lon="18.794404"><time>2026-05-24T09:19:43.900Z</time></trkpt>
<trkpt lat="54.389082" lon="18.794371"><time>2026-05-24T09:19:45.900Z</time></trkpt>
<trkpt lat="54.389101" lon="18.794341"><time>2026-05-24T09:19:47.900Z</time></trkpt>
<trkpt lat="54.389121" lon="18.794312"><time>2026-05-24T09:19:49.900Z</time></trkpt>
<trkpt lat="54.389139" lon="18.794285"><time>2026-05-24T09:19:52.000Z</time></trkpt>
<trkpt lat="54.389157" lon="18.794256"><time>2026-05-24T09:19:54.000Z</time></trkpt>
<trkpt lat="54.389173" lon="18.794224"><time>2026-05-24T09:19:56.000Z</time></trkpt>
<trkpt lat="54.389188" lon="18.794190"><time>2026-05-24T09:19:58.000Z</time></trkpt>
<trkpt lat="54.389202" lon="18.794156"><time>2026-05-24T09:20:00.000Z</time></trkpt>
<trkpt lat="54.389216" lon="18.794120"><time>2026-05-24T09:20:02.000Z</time></trkpt>
<trkpt lat="54.389229" lon="18.794087"><time>2026-05-24T09:20:04.000Z</time></trkpt>
<trkpt lat="54.389242" lon="18.794053"><time>2026-05-24T09:20:06.000Z</time></trkpt>
<trkpt lat="54.389252" lon="18.794019"><time>2026-05-24T09:20:08.000Z</time></trkpt>
<trkpt lat="54.389263" lon="18.793992"><time>2026-05-24T09:20:10.000Z</time></trkpt>
<trkpt lat="54.389280" lon="18.793950"><time>2026-05-24T09:20:12.000Z</time></trkpt>
<trkpt lat="54.389279" lon="18.793915"><time>2026-05-24T09:20:14.000Z</time></trkpt>
<trkpt lat="54.389286" lon="18.793873"><time>2026-05-24T09:20:16.000Z</time></trkpt>
<trkpt lat="54.389286" lon="18.793828"><time>2026-05-24T09:20:18.000Z</time></trkpt>
<trkpt lat="54.389287" lon="18.793792"><time>2026-05-24T09:20:20.000Z</time></trkpt>
<trkpt lat="54.389290" lon="18.793749"><time>2026-05-24T09:20:22.000Z</time></trkpt>
<trkpt lat="54.389289" lon="18.793710"><time>2026-05-24T09:20:24.000Z</time></trkpt>
<trkpt lat="54.389293" lon="18.793676"><time>2026-05-24T09:20:26.000Z</time></trkpt>
<trkpt lat="54.389302" lon="18.793652"><time>2026-05-24T09:20:28.000Z</time></trkpt>
<trkpt lat="54.389311" lon="18.793632"><time>2026-05-24T09:20:30.000Z</time></trkpt>
<trkpt lat="54.389320" lon="18.793629"><time>2026-05-24T09:20:32.000Z</time></trkpt>
<trkpt lat="54.389318" lon="18.793637"><time>2026-05-24T09:20:34.000Z</time></trkpt>
<trkpt lat="54.389315" lon="18.793638"><time>2026-05-24T09:20:36.000Z</time></trkpt>
<trkpt lat="54.389312" lon="18.793626"><time>2026-05-24T09:20:38.000Z</time></trkpt>
<trkpt lat="54.389323" lon="18.793639"><time>2026-05-24T09:20:40.000Z</time></trkpt>
<trkpt lat="54.389331" lon="18.793649"><time>2026-05-24T09:20:42.000Z</time></trkpt>
<trkpt lat="54.389353" lon="18.793677"><time>2026-05-24T09:20:44.000Z</time></trkpt>
<trkpt lat="54.389370" lon="18.793710"><time>2026-05-24T09:20:46.000Z</time></trkpt>
<trkpt lat="54.389374" lon="18.793720"><time>2026-05-24T09:20:48.000Z</time></trkpt>
<trkpt lat="54.389372" lon="18.793716"><time>2026-05-24T09:20:50.000Z</time></trkpt>
<trkpt lat="54.389382" lon="18.793749"><time>2026-05-24T09:20:52.000Z</time></trkpt>
<trkpt lat="54.389391" lon="18.793757"><time>2026-05-24T09:20:54.000Z</time></trkpt>
<trkpt lat="54.389396" lon="18.793772"><time>2026-05-24T09:20:56.000Z</time></trkpt>
<trkpt lat="54.389404" lon="18.793791"><time>2026-05-24T09:20:58.000Z</time></trkpt>
<trkpt lat="54.389411" lon="18.793802"><time>2026-05-24T09:21:00.000Z</time></trkpt>
<trkpt lat="54.389414" lon="18.793818"><time>2026-05-24T09:21:02.000Z</time></trkpt>
<trkpt lat="54.389418" lon="18.793836"><time>2026-05-24T09:21:04.000Z</time></trkpt>
<trkpt lat="54.389426" lon="18.793850"><time>2026-05-24T09:21:06.000Z</time></trkpt>
<trkpt lat="54.389429" lon="18.793865"><time>2026-05-24T09:21:08.000Z</time></trkpt>
<trkpt lat="54.389433" lon="18.793878"><time>2026-05-24T09:21:09.900Z</time></trkpt>
<trkpt lat="54.389451" lon="18.793936"><time>2026-05-24T09:21:20.900Z</time></trkpt>
<trkpt lat="54.389454" lon="18.793943"><time>2026-05-24T09:21:21.900Z</time></trkpt>
<trkpt lat="54.389455" lon="18.793949"><time>2026-05-24T09:21:22.900Z</time></trkpt>
<trkpt lat="54.389460" lon="18.793955"><time>2026-05-24T09:21:23.900Z</time></trkpt>
<trkpt lat="54.389462" lon="18.793959"><time>2026-05-24T09:21:24.900Z</time></trkpt>
<trkpt lat="54.389465" lon="18.793968"><time>2026-05-24T09:21:25.900Z</time></trkpt>
<trkpt lat="54.389465" lon="18.793969"><time>2026-05-24T09:21:26.900Z</time></trkpt>
<trkpt lat="54.389467" lon="18.793979"><time>2026-05-24T09:21:27.900Z</time></trkpt>
<trkpt lat="54.389472" lon="18.793988"><time>2026-05-24T09:21:28.900Z</time></trkpt>
<trkpt lat="54.389475" lon="18.793995"><time>2026-05-24T09:21:29.900Z</time></trkpt>
<trkpt lat="54.389485" lon="18.794013"><time>2026-05-24T09:21:31.900Z</time></trkpt>
<trkpt lat="54.389480" lon="18.794033"><time>2026-05-24T09:21:33.900Z</time></trkpt>
<trkpt lat="54.389478" lon="18.794043"><time>2026-05-24T09:21:35.900Z</time></trkpt>
<trkpt lat="54.389492" lon="18.794053"><time>2026-05-24T09:21:37.900Z</time></trkpt>
<trkpt lat="54.389496" lon="18.794063"><time>2026-05-24T09:21:39.900Z</time></trkpt>
<trkpt lat="54.389494" lon="18.794070"><time>2026-05-24T09:21:41.900Z</time></trkpt>
<trkpt lat="54.389495" lon="18.794083"><time>2026-05-24T09:21:43.900Z</time></trkpt>
<trkpt lat="54.389498" lon="18.794095"><time>2026-05-24T09:21:45.900Z</time></trkpt>
<trkpt lat="54.389500" lon="18.794103"><time>2026-05-24T09:21:47.900Z</time></trkpt>
<trkpt lat="54.389505" lon="18.794117"><time>2026-05-24T09:21:49.900Z</time></trkpt>
<trkpt lat="54.389504" lon="18.794118"><time>2026-05-24T09:21:51.900Z</time></trkpt>
<trkpt lat="54.389509" lon="18.794131"><time>2026-05-24T09:21:53.900Z</time></trkpt>
<trkpt lat="54.389502" lon="18.794149"><time>2026-05-24T09:21:55.900Z</time></trkpt>
<trkpt lat="54.389510" lon="18.794165"><time>2026-05-24T09:21:58.000Z</time></trkpt>
<trkpt lat="54.389517" lon="18.794189"><time>2026-05-24T09:22:00.000Z</time></trkpt>
<trkpt lat="54.389520" lon="18.794198"><time>2026-05-24T09:22:02.000Z</time></trkpt>
<trkpt lat="54.389524" lon="18.794208"><time>2026-05-24T09:22:04.000Z</time></trkpt>
<trkpt lat="54.389528" lon="18.794224"><time>2026-05-24T09:22:06.000Z</time></trkpt>
<trkpt lat="54.389531" lon="18.794239"><time>2026-05-24T09:22:08.000Z</time></trkpt>
<trkpt lat="54.389533" lon="18.794246"><time>2026-05-24T09:22:10.000Z</time></trkpt>
<trkpt lat="54.389536" lon="18.794259"><time>2026-05-24T09:22:12.000Z</time></trkpt>
<trkpt lat="54.389539" lon="18.794271"><time>2026-05-24T09:22:14.000Z</time></trkpt>
<trkpt lat="54.389542" lon="18.794284"><time>2026-05-24T09:22:16.000Z</time></trkpt>
<trkpt lat="54.389543" lon="18.794296"><time>2026-05-24T09:22:18.000Z</time></trkpt>
<trkpt lat="54.389547" lon="18.794310"><time>2026-05-24T09:22:20.000Z</time></trkpt>
<trkpt lat="54.389551" lon="18.794322"><time>2026-05-24T09:22:22.000Z</time></trkpt>
<trkpt lat="54.389556" lon="18.794335"><time>2026-05-24T09:22:24.000Z</time></trkpt>
<trkpt lat="54.389559" lon="18.794347"><time>2026-05-24T09:22:26.000Z</time></trkpt>
<trkpt lat="54.389564" lon="18.794363"><time>2026-05-24T09:22:28.000Z</time></trkpt>
<trkpt lat="54.389566" lon="18.794374"><time>2026-05-24T09:22:30.000Z</time></trkpt>
<trkpt lat="54.389568" lon="18.794380"><time>2026-05-24T09:22:32.000Z</time></trkpt>
<trkpt lat="54.389571" lon="18.794388"><time>2026-05-24T09:22:34.000Z</time></trkpt>
<trkpt lat="54.389571" lon="18.794395"><time>2026-05-24T09:22:36.000Z</time></trkpt>
<trkpt lat="54.389573" lon="18.794405"><time>2026-05-24T09:22:38.000Z</time></trkpt>
<trkpt lat="54.389574" lon="18.794408"><time>2026-05-24T09:22:40.000Z</time></trkpt>
<trkpt lat="54.389577" lon="18.794423"><time>2026-05-24T09:22:42.000Z</time></trkpt>
<trkpt lat="54.389579" lon="18.794430"><time>2026-05-24T09:22:44.000Z</time></trkpt>
<trkpt lat="54.389579" lon="18.794436"><time>2026-05-24T09:22:46.000Z</time></trkpt>
<trkpt lat="54.389581" lon="18.794444"><time>2026-05-24T09:22:48.000Z</time></trkpt>
<trkpt lat="54.389583" lon="18.794448"><time>2026-05-24T09:22:50.000Z</time></trkpt>
<trkpt lat="54.389588" lon="18.794456"><time>2026-05-24T09:22:52.000Z</time></trkpt>
<trkpt lat="54.389592" lon="18.794466"><time>2026-05-24T09:22:54.000Z</time></trkpt>
<trkpt lat="54.389595" lon="18.794472"><time>2026-05-24T09:22:56.000Z</time></trkpt>
<trkpt lat="54.389596" lon="18.794494"><time>2026-05-24T09:22:58.000Z</time></trkpt>
<trkpt lat="54.389603" lon="18.794501"><time>2026-05-24T09:23:01.000Z</time></trkpt>
<trkpt lat="54.389605" lon="18.794505"><time>2026-05-24T09:23:02.000Z</time></trkpt>
<trkpt lat="54.389608" lon="18.794508"><time>2026-05-24T09:23:04.000Z</time></trkpt>
<trkpt lat="54.389630" lon="18.794516"><time>2026-05-24T09:23:06.000Z</time></trkpt>
<trkpt lat="54.389627" lon="18.794527"><time>2026-05-24T09:23:08.000Z</time></trkpt>
<trkpt lat="54.389623" lon="18.794532"><time>2026-05-24T09:23:10.000Z</time></trkpt>
<trkpt lat="54.389628" lon="18.794545"><time>2026-05-24T09:23:12.900Z</time></trkpt>
<trkpt lat="54.389631" lon="18.794548"><time>2026-05-24T09:23:13.900Z</time></trkpt>
<trkpt lat="54.389634" lon="18.794555"><time>2026-05-24T09:23:15.900Z</time></trkpt>
<trkpt lat="54.389643" lon="18.794560"><time>2026-05-24T09:23:18.900Z</time></trkpt>
<trkpt lat="54.389646" lon="18.794564"><time>2026-05-24T09:23:19.900Z</time></trkpt>
<trkpt lat="54.389654" lon="18.794561"><time>2026-05-24T09:23:21.900Z</time></trkpt>
<trkpt lat="54.389658" lon="18.794552"><time>2026-05-24T09:23:23.900Z</time></trkpt>
<trkpt lat="54.389666" lon="18.794561"><time>2026-05-24T09:23:25.900Z</time></trkpt>
<trkpt lat="54.389676" lon="18.794568"><time>2026-05-24T09:23:30.900Z</time></trkpt>
<trkpt lat="54.389680" lon="18.794567"><time>2026-05-24T09:23:31.900Z</time></trkpt>
<trkpt lat="54.389680" lon="18.794566"><time>2026-05-24T09:23:32.900Z</time></trkpt>
<trkpt lat="54.389687" lon="18.794564"><time>2026-05-24T09:23:33.900Z</time></trkpt>
<trkpt lat="54.389693" lon="18.794583"><time>2026-05-24T09:23:37.900Z</time></trkpt>
<trkpt lat="54.389692" lon="18.794586"><time>2026-05-24T09:23:38.900Z</time></trkpt>
<trkpt lat="54.389692" lon="18.794590"><time>2026-05-24T09:23:39.900Z</time></trkpt>
<trkpt lat="54.389694" lon="18.794599"><time>2026-05-24T09:23:41.900Z</time></trkpt>
<trkpt lat="54.389699" lon="18.794606"><time>2026-05-24T09:23:43.900Z</time></trkpt>
<trkpt lat="54.389704" lon="18.794615"><time>2026-05-24T09:23:45.900Z</time></trkpt>
<trkpt lat="54.389708" lon="18.794615"><time>2026-05-24T09:23:47.900Z</time></trkpt>
<trkpt lat="54.389712" lon="18.794636"><time>2026-05-24T09:23:49.900Z</time></trkpt>
<trkpt lat="54.389717" lon="18.794648"><time>2026-05-24T09:23:51.900Z</time></trkpt>
<trkpt lat="54.389719" lon="18.794652"><time>2026-05-24T09:23:53.900Z</time></trkpt>
<trkpt lat="54.389723" lon="18.794661"><time>2026-05-24T09:23:55.900Z</time></trkpt>
<trkpt lat="54.389731" lon="18.794670"><time>2026-05-24T09:23:57.900Z</time></trkpt>
<trkpt lat="54.389732" lon="18.794676"><time>2026-05-24T09:23:59.900Z</time></trkpt>
<trkpt lat="54.389737" lon="18.794687"><time>2026-05-24T09:24:01.900Z</time></trkpt>
<trkpt lat="54.389741" lon="18.794694"><time>2026-05-24T09:24:04.000Z</time></trkpt>
<trkpt lat="54.389745" lon="18.794702"><time>2026-05-24T09:24:06.000Z</time></trkpt>
<trkpt lat="54.389749" lon="18.794712"><time>2026-05-24T09:24:08.000Z</time></trkpt>
<trkpt lat="54.389752" lon="18.794722"><time>2026-05-24T09:24:10.000Z</time></trkpt>
<trkpt lat="54.389758" lon="18.794733"><time>2026-05-24T09:24:12.000Z</time></trkpt>
<trkpt lat="54.389761" lon="18.794746"><time>2026-05-24T09:24:14.000Z</time></trkpt>
<trkpt lat="54.389761" lon="18.794754"><time>2026-05-24T09:24:16.000Z</time></trkpt>
<trkpt lat="54.389764" lon="18.794765"><time>2026-05-24T09:24:18.000Z</time></trkpt>
<trkpt lat="54.389765" lon="18.794775"><time>2026-05-24T09:24:20.000Z</time></trkpt>
<trkpt lat="54.389768" lon="18.794794"><time>2026-05-24T09:24:22.000Z</time></trkpt>
<trkpt lat="54.389770" lon="18.794799"><time>2026-05-24T09:24:24.000Z</time></trkpt>
<trkpt lat="54.389772" lon="18.794806"><time>2026-05-24T09:24:26.000Z</time></trkpt>
<trkpt lat="54.389775" lon="18.794816"><time>2026-05-24T09:24:28.000Z</time></trkpt>
<trkpt lat="54.389773" lon="18.794826"><time>2026-05-24T09:24:30.000Z</time></trkpt>
<trkpt lat="54.389775" lon="18.794832"><time>2026-05-24T09:24:32.000Z</time></trkpt>
<trkpt lat="54.389777" lon="18.794853"><time>2026-05-24T09:24:34.000Z</time></trkpt>
<trkpt lat="54.389775" lon="18.794859"><time>2026-05-24T09:24:39.000Z</time></trkpt>
<trkpt lat="54.389781" lon="18.794878"><time>2026-05-24T09:24:42.000Z</time></trkpt>
<trkpt lat="54.389783" lon="18.794885"><time>2026-05-24T09:24:43.000Z</time></trkpt>
<trkpt lat="54.389784" lon="18.794889"><time>2026-05-24T09:24:44.000Z</time></trkpt>
<trkpt lat="54.389787" lon="18.794895"><time>2026-05-24T09:24:45.000Z</time></trkpt>
<trkpt lat="54.389790" lon="18.794900"><time>2026-05-24T09:24:46.000Z</time></trkpt>
<trkpt lat="54.389792" lon="18.794906"><time>2026-05-24T09:24:48.000Z</time></trkpt>
<trkpt lat="54.389799" lon="18.794918"><time>2026-05-24T09:24:50.000Z</time></trkpt>
<trkpt lat="54.389801" lon="18.794924"><time>2026-05-24T09:24:52.000Z</time></trkpt>
<trkpt lat="54.389804" lon="18.794935"><time>2026-05-24T09:24:54.000Z</time></trkpt>
<trkpt lat="54.389807" lon="18.794943"><time>2026-05-24T09:24:56.000Z</time></trkpt>
<trkpt lat="54.389811" lon="18.794952"><time>2026-05-24T09:24:58.000Z</time></trkpt>
<trkpt lat="54.389815" lon="18.794968"><time>2026-05-24T09:25:00.000Z</time></trkpt>
<trkpt lat="54.389820" lon="18.794979"><time>2026-05-24T09:25:02.000Z</time></trkpt>
<trkpt lat="54.389822" lon="18.794985"><time>2026-05-24T09:25:04.000Z</time></trkpt>
<trkpt lat="54.389827" lon="18.794997"><time>2026-05-24T09:25:06.000Z</time></trkpt>
<trkpt lat="54.389832" lon="18.795008"><time>2026-05-24T09:25:08.000Z</time></trkpt>
<trkpt lat="54.389837" lon="18.795023"><time>2026-05-24T09:25:10.000Z</time></trkpt>
<trkpt lat="54.389842" lon="18.795036"><time>2026-05-24T09:25:11.900Z</time></trkpt>
<trkpt lat="54.389845" lon="18.795048"><time>2026-05-24T09:25:13.900Z</time></trkpt>
<trkpt lat="54.389850" lon="18.795063"><time>2026-05-24T09:25:15.900Z</time></trkpt>
<trkpt lat="54.389854" lon="18.795081"><time>2026-05-24T09:25:17.900Z</time></trkpt>
<trkpt lat="54.389859" lon="18.795095"><time>2026-05-24T09:25:19.900Z</time></trkpt>
<trkpt lat="54.389864" lon="18.795107"><time>2026-05-24T09:25:21.900Z</time></trkpt>
<trkpt lat="54.389871" lon="18.795123"><time>2026-05-24T09:25:23.900Z</time></trkpt>
<trkpt lat="54.389877" lon="18.795138"><time>2026-05-24T09:25:25.900Z</time></trkpt>
<trkpt lat="54.389884" lon="18.795154"><time>2026-05-24T09:25:27.900Z</time></trkpt>
<trkpt lat="54.389890" lon="18.795167"><time>2026-05-24T09:25:29.900Z</time></trkpt>
<trkpt lat="54.389897" lon="18.795181"><time>2026-05-24T09:25:31.900Z</time></trkpt>
<trkpt lat="54.389903" lon="18.795196"><time>2026-05-24T09:25:33.900Z</time></trkpt>
<trkpt lat="54.389909" lon="18.795208"><time>2026-05-24T09:25:35.900Z</time></trkpt>
<trkpt lat="54.389916" lon="18.795219"><time>2026-05-24T09:25:37.900Z</time></trkpt>
<trkpt lat="54.389923" lon="18.795232"><time>2026-05-24T09:25:39.900Z</time></trkpt>
<trkpt lat="54.389928" lon="18.795243"><time>2026-05-24T09:25:41.900Z</time></trkpt>
<trkpt lat="54.389936" lon="18.795253"><time>2026-05-24T09:25:43.900Z</time></trkpt>
<trkpt lat="54.389943" lon="18.795266"><time>2026-05-24T09:25:45.900Z</time></trkpt>
<trkpt lat="54.389951" lon="18.795278"><time>2026-05-24T09:25:47.900Z</time></trkpt>
<trkpt lat="54.389960" lon="18.795294"><time>2026-05-24T09:25:49.900Z</time></trkpt>
<trkpt lat="54.389969" lon="18.795310"><time>2026-05-24T09:25:51.900Z</time></trkpt>
<trkpt lat="54.389976" lon="18.795324"><time>2026-05-24T09:25:53.900Z</time></trkpt>
<trkpt lat="54.389983" lon="18.795338"><time>2026-05-24T09:25:55.900Z</time></trkpt>
<trkpt lat="54.389991" lon="18.795351"><time>2026-05-24T09:25:57.900Z</time></trkpt>
<trkpt lat="54.390000" lon="18.795366"><time>2026-05-24T09:25:59.900Z</time></trkpt>
<trkpt lat="54.390009" lon="18.795381"><time>2026-05-24T09:26:01.900Z</time></trkpt>
<trkpt lat="54.390012" lon="18.795391"><time>2026-05-24T09:26:03.900Z</time></trkpt>
<trkpt lat="54.390018" lon="18.795403"><time>2026-05-24T09:26:05.900Z</time></trkpt>
<trkpt lat="54.390026" lon="18.795417"><time>2026-05-24T09:26:07.900Z</time></trkpt>
<trkpt lat="54.390032" lon="18.795430"><time>2026-05-24T09:26:10.000Z</time></trkpt>
<trkpt lat="54.390037" lon="18.795444"><time>2026-05-24T09:26:12.000Z</time></trkpt>
<trkpt lat="54.390044" lon="18.795458"><time>2026-05-24T09:26:14.000Z</time></trkpt>
<trkpt lat="54.390051" lon="18.795471"><time>2026-05-24T09:26:16.000Z</time></trkpt>
<trkpt lat="54.390058" lon="18.795485"><time>2026-05-24T09:26:18.000Z</time></trkpt>
<trkpt lat="54.390062" lon="18.795497"><time>2026-05-24T09:26:20.000Z</time></trkpt>
<trkpt lat="54.390070" lon="18.795511"><time>2026-05-24T09:26:22.000Z</time></trkpt>
<trkpt lat="54.390077" lon="18.795524"><time>2026-05-24T09:26:24.000Z</time></trkpt>
<trkpt lat="54.390084" lon="18.795537"><time>2026-05-24T09:26:26.000Z</time></trkpt>
<trkpt lat="54.390093" lon="18.795553"><time>2026-05-24T09:26:28.000Z</time></trkpt>
<trkpt lat="54.390100" lon="18.795562"><time>2026-05-24T09:26:30.000Z</time></trkpt>
<trkpt lat="54.390108" lon="18.795573"><time>2026-05-24T09:26:32.000Z</time></trkpt>
<trkpt lat="54.390118" lon="18.795585"><time>2026-05-24T09:26:34.000Z</time></trkpt>
<trkpt lat="54.390129" lon="18.795595"><time>2026-05-24T09:26:36.000Z</time></trkpt>
<trkpt lat="54.390140" lon="18.795605"><time>2026-05-24T09:26:38.000Z</time></trkpt>
<trkpt lat="54.390154" lon="18.795619"><time>2026-05-24T09:26:40.000Z</time></trkpt>
<trkpt lat="54.390162" lon="18.795625"><time>2026-05-24T09:26:42.000Z</time></trkpt>
<trkpt lat="54.390170" lon="18.795635"><time>2026-05-24T09:26:44.000Z</time></trkpt>
<trkpt lat="54.390182" lon="18.795646"><time>2026-05-24T09:26:46.000Z</time></trkpt>
<trkpt lat="54.390194" lon="18.795656"><time>2026-05-24T09:26:48.000Z</time></trkpt>
<trkpt lat="54.390205" lon="18.795664"><time>2026-05-24T09:26:50.000Z</time></trkpt>
<trkpt lat="54.390218" lon="18.795679"><time>2026-05-24T09:26:52.000Z</time></trkpt>
<trkpt lat="54.390228" lon="18.795690"><time>2026-05-24T09:26:54.000Z</time></trkpt>
<trkpt lat="54.390238" lon="18.795705"><time>2026-05-24T09:26:56.000Z</time></trkpt>
<trkpt lat="54.390247" lon="18.795726"><time>2026-05-24T09:26:58.000Z</time></trkpt>
<trkpt lat="54.390258" lon="18.795745"><time>2026-05-24T09:27:00.000Z</time></trkpt>
<trkpt lat="54.390273" lon="18.795767"><time>2026-05-24T09:27:02.000Z</time></trkpt>
<trkpt lat="54.390289" lon="18.795789"><time>2026-05-24T09:27:04.000Z</time></trkpt>
<trkpt lat="54.390303" lon="18.795811"><time>2026-05-24T09:27:06.000Z</time></trkpt>
<trkpt lat="54.390320" lon="18.795835"><time>2026-05-24T09:27:08.000Z</time></trkpt>
<trkpt lat="54.390337" lon="18.795860"><time>2026-05-24T09:27:10.000Z</time></trkpt>
<trkpt lat="54.390352" lon="18.795887"><time>2026-05-24T09:27:12.000Z</time></trkpt>
<trkpt lat="54.390368" lon="18.795912"><time>2026-05-24T09:27:14.000Z</time></trkpt>
<trkpt lat="54.390384" lon="18.795940"><time>2026-05-24T09:27:16.000Z</time></trkpt>
<trkpt lat="54.390401" lon="18.795970"><time>2026-05-24T09:27:17.900Z</time></trkpt>
<trkpt lat="54.390418" lon="18.796001"><time>2026-05-24T09:27:19.900Z</time></trkpt>
<trkpt lat="54.390430" lon="18.796029"><time>2026-05-24T09:27:21.900Z</time></trkpt>
<trkpt lat="54.390442" lon="18.796059"><time>2026-05-24T09:27:23.900Z</time></trkpt>
<trkpt lat="54.390455" lon="18.796079"><time>2026-05-24T09:27:25.900Z</time></trkpt>
<trkpt lat="54.390470" lon="18.796110"><time>2026-05-24T09:27:27.900Z</time></trkpt>
<trkpt lat="54.390486" lon="18.796142"><time>2026-05-24T09:27:29.900Z</time></trkpt>
<trkpt lat="54.390501" lon="18.796172"><time>2026-05-24T09:27:31.900Z</time></trkpt>
<trkpt lat="54.390514" lon="18.796203"><time>2026-05-24T09:27:33.900Z</time></trkpt>
<trkpt lat="54.390529" lon="18.796234"><time>2026-05-24T09:27:35.900Z</time></trkpt>
<trkpt lat="54.390545" lon="18.796264"><time>2026-05-24T09:27:37.900Z</time></trkpt>
<trkpt lat="54.390561" lon="18.796290"><time>2026-05-24T09:27:39.900Z</time></trkpt>
<trkpt lat="54.390577" lon="18.796318"><time>2026-05-24T09:27:41.900Z</time></trkpt>
<trkpt lat="54.390599" lon="18.796346"><time>2026-05-24T09:27:43.900Z</time></trkpt>
<trkpt lat="54.390619" lon="18.796373"><time>2026-05-24T09:27:45.900Z</time></trkpt>
<trkpt lat="54.390636" lon="18.796403"><time>2026-05-24T09:27:47.900Z</time></trkpt>
<trkpt lat="54.390652" lon="18.796437"><time>2026-05-24T09:27:49.900Z</time></trkpt>
<trkpt lat="54.390670" lon="18.796473"><time>2026-05-24T09:27:51.900Z</time></trkpt>
<trkpt lat="54.390687" lon="18.796510"><time>2026-05-24T09:27:53.900Z</time></trkpt>
<trkpt lat="54.390705" lon="18.796547"><time>2026-05-24T09:27:55.900Z</time></trkpt>
<trkpt lat="54.390725" lon="18.796585"><time>2026-05-24T09:27:57.900Z</time></trkpt>
<trkpt lat="54.390741" lon="18.796620"><time>2026-05-24T09:27:59.900Z</time></trkpt>
<trkpt lat="54.390758" lon="18.796662"><time>2026-05-24T09:28:01.900Z</time></trkpt>
<trkpt lat="54.390776" lon="18.796697"><time>2026-05-24T09:28:03.900Z</time></trkpt>
<trkpt lat="54.390795" lon="18.796738"><time>2026-05-24T09:28:05.900Z</time></trkpt>
<trkpt lat="54.390813" lon="18.796776"><time>2026-05-24T09:28:07.900Z</time></trkpt>
<trkpt lat="54.390839" lon="18.796823"><time>2026-05-24T09:28:09.900Z</time></trkpt>
<trkpt lat="54.390855" lon="18.796857"><time>2026-05-24T09:28:11.900Z</time></trkpt>
<trkpt lat="54.390875" lon="18.796895"><time>2026-05-24T09:28:13.900Z</time></trkpt>
<trkpt lat="54.390903" lon="18.796938"><time>2026-05-24T09:28:16.000Z</time></trkpt>
<trkpt lat="54.390924" lon="18.796981"><time>2026-05-24T09:28:18.000Z</time></trkpt>
<trkpt lat="54.390946" lon="18.797022"><time>2026-05-24T09:28:20.000Z</time></trkpt>
<trkpt lat="54.390972" lon="18.797072"><time>2026-05-24T09:28:22.000Z</time></trkpt>
<trkpt lat="54.390993" lon="18.797112"><time>2026-05-24T09:28:24.000Z</time></trkpt>
<trkpt lat="54.391023" lon="18.797153"><time>2026-05-24T09:28:26.000Z</time></trkpt>
<trkpt lat="54.391054" lon="18.797186"><time>2026-05-24T09:28:28.000Z</time></trkpt>
<trkpt lat="54.391078" lon="18.797228"><time>2026-05-24T09:28:30.000Z</time></trkpt>
<trkpt lat="54.391109" lon="18.797281"><time>2026-05-24T09:28:32.000Z</time></trkpt>
<trkpt lat="54.391141" lon="18.797346"><time>2026-05-24T09:28:34.000Z</time></trkpt>
<trkpt lat="54.391180" lon="18.797413"><time>2026-05-24T09:28:36.000Z</time></trkpt>
<trkpt lat="54.391212" lon="18.797454"><time>2026-05-24T09:28:38.000Z</time></trkpt>
<trkpt lat="54.391240" lon="18.797486"><time>2026-05-24T09:28:40.000Z</time></trkpt>
<trkpt lat="54.391267" lon="18.797525"><time>2026-05-24T09:28:42.000Z</time></trkpt>
<trkpt lat="54.391296" lon="18.797586"><time>2026-05-24T09:28:44.000Z</time></trkpt>
<trkpt lat="54.391331" lon="18.797637"><time>2026-05-24T09:28:46.000Z</time></trkpt>
<trkpt lat="54.391368" lon="18.797684"><time>2026-05-24T09:28:48.000Z</time></trkpt>
<trkpt lat="54.391400" lon="18.797739"><time>2026-05-24T09:28:50.000Z</time></trkpt>
<trkpt lat="54.391436" lon="18.797791"><time>2026-05-24T09:28:52.000Z</time></trkpt>
<trkpt lat="54.391470" lon="18.797845"><time>2026-05-24T09:28:54.000Z</time></trkpt>
<trkpt lat="54.391507" lon="18.797911"><time>2026-05-24T09:28:56.000Z</time></trkpt>
<trkpt lat="54.391539" lon="18.797969"><time>2026-05-24T09:28:58.000Z</time></trkpt>
<trkpt lat="54.391574" lon="18.798027"><time>2026-05-24T09:29:00.000Z</time></trkpt>
<trkpt lat="54.391609" lon="18.798077"><time>2026-05-24T09:29:02.000Z</time></trkpt>
<trkpt lat="54.391648" lon="18.798122"><time>2026-05-24T09:29:04.000Z</time></trkpt>
<trkpt lat="54.391690" lon="18.798171"><time>2026-05-24T09:29:06.000Z</time></trkpt>
<trkpt lat="54.391723" lon="18.798227"><time>2026-05-24T09:29:08.000Z</time></trkpt>
<trkpt lat="54.391760" lon="18.798278"><time>2026-05-24T09:29:10.000Z</time></trkpt>
<trkpt lat="54.391801" lon="18.798324"><time>2026-05-24T09:29:12.000Z</time></trkpt>
<trkpt lat="54.391836" lon="18.798373"><time>2026-05-24T09:29:14.000Z</time></trkpt>
<trkpt lat="54.391870" lon="18.798427"><time>2026-05-24T09:29:16.000Z</time></trkpt>
<trkpt lat="54.391902" lon="18.798486"><time>2026-05-24T09:29:18.000Z</time></trkpt>
<trkpt lat="54.391939" lon="18.798534"><time>2026-05-24T09:29:20.000Z</time></trkpt>
<trkpt lat="54.391972" lon="18.798583"><time>2026-05-24T09:29:22.000Z</time></trkpt>
<trkpt lat="54.392006" lon="18.798641"><time>2026-05-24T09:29:23.900Z</time></trkpt>
<trkpt lat="54.392038" lon="18.798703"><time>2026-05-24T09:29:25.900Z</time></trkpt>
<trkpt lat="54.392069" lon="18.798763"><time>2026-05-24T09:29:27.900Z</time></trkpt>
<trkpt lat="54.392104" lon="18.798817"><time>2026-05-24T09:29:29.900Z</time></trkpt>
<trkpt lat="54.392139" lon="18.798873"><time>2026-05-24T09:29:31.900Z</time></trkpt>
<trkpt lat="54.392165" lon="18.798944"><time>2026-05-24T09:29:33.900Z</time></trkpt>
<trkpt lat="54.392182" lon="18.799017"><time>2026-05-24T09:29:35.900Z</time></trkpt>
<trkpt lat="54.392213" lon="18.799057"><time>2026-05-24T09:29:37.900Z</time></trkpt>
<trkpt lat="54.392238" lon="18.799109"><time>2026-05-24T09:29:39.900Z</time></trkpt>
<trkpt lat="54.392275" lon="18.799161"><time>2026-05-24T09:29:41.900Z</time></trkpt>
<trkpt lat="54.392301" lon="18.799226"><time>2026-05-24T09:29:43.900Z</time></trkpt>
<trkpt lat="54.392319" lon="18.799299"><time>2026-05-24T09:29:45.900Z</time></trkpt>
<trkpt lat="54.392337" lon="18.799366"><time>2026-05-24T09:29:47.900Z</time></trkpt>
<trkpt lat="54.392384" lon="18.799406"><time>2026-05-24T09:29:49.900Z</time></trkpt>
<trkpt lat="54.392412" lon="18.799384"><time>2026-05-24T09:29:51.900Z</time></trkpt>
<trkpt lat="54.392415" lon="18.799330"><time>2026-05-24T09:29:53.900Z</time></trkpt>
<trkpt lat="54.392431" lon="18.799273"><time>2026-05-24T09:29:55.900Z</time></trkpt>
<trkpt lat="54.392450" lon="18.799221"><time>2026-05-24T09:29:57.900Z</time></trkpt>
<trkpt lat="54.392468" lon="18.799164"><time>2026-05-24T09:29:59.900Z</time></trkpt>
<trkpt lat="54.392485" lon="18.799099"><time>2026-05-24T09:30:01.900Z</time></trkpt>
<trkpt lat="54.392503" lon="18.799062"><time>2026-05-24T09:30:03.900Z</time></trkpt>
<trkpt lat="54.392524" lon="18.798985"><time>2026-05-24T09:30:05.900Z</time></trkpt>
<trkpt lat="54.392546" lon="18.798908"><time>2026-05-24T09:30:07.900Z</time></trkpt>
<trkpt lat="54.392572" lon="18.798829"><time>2026-05-24T09:30:09.900Z</time></trkpt>
<trkpt lat="54.392609" lon="18.798759"><time>2026-05-24T09:30:11.900Z</time></trkpt>
<trkpt lat="54.392643" lon="18.798661"><time>2026-05-24T09:30:13.900Z</time></trkpt>
<trkpt lat="54.392671" lon="18.798583"><time>2026-05-24T09:30:15.900Z</time></trkpt>
<trkpt lat="54.392692" lon="18.798525"><time>2026-05-24T09:30:17.900Z</time></trkpt>
<trkpt lat="54.392729" lon="18.798457"><time>2026-05-24T09:30:20.000Z</time></trkpt>
<trkpt lat="54.392763" lon="18.798407"><time>2026-05-24T09:30:22.000Z</time></trkpt>
<trkpt lat="54.392800" lon="18.798335"><time>2026-05-24T09:30:24.000Z</time></trkpt>
<trkpt lat="54.392839" lon="18.798247"><time>2026-05-24T09:30:26.000Z</time></trkpt>
<trkpt lat="54.392860" lon="18.798193"><time>2026-05-24T09:30:28.000Z</time></trkpt>
<trkpt lat="54.392906" lon="18.798154"><time>2026-05-24T09:30:30.000Z</time></trkpt>
<trkpt lat="54.392932" lon="18.798136"><time>2026-05-24T09:30:32.000Z</time></trkpt>
<trkpt lat="54.392979" lon="18.798072"><time>2026-05-24T09:30:34.000Z</time></trkpt>
<trkpt lat="54.393011" lon="18.798020"><time>2026-05-24T09:30:36.000Z</time></trkpt>
<trkpt lat="54.393059" lon="18.797969"><time>2026-05-24T09:30:38.000Z</time></trkpt>
<trkpt lat="54.393089" lon="18.797911"><time>2026-05-24T09:30:40.000Z</time></trkpt>
<trkpt lat="54.393119" lon="18.797859"><time>2026-05-24T09:30:42.000Z</time></trkpt>
<trkpt lat="54.393151" lon="18.797803"><time>2026-05-24T09:30:44.000Z</time></trkpt>
<trkpt lat="54.393185" lon="18.797746"><time>2026-05-24T09:30:46.000Z</time></trkpt>
<trkpt lat="54.393217" lon="18.797697"><time>2026-05-24T09:30:48.000Z</time></trkpt>
<trkpt lat="54.393246" lon="18.797640"><time>2026-05-24T09:30:50.000Z</time></trkpt>
<trkpt lat="54.393280" lon="18.797584"><time>2026-05-24T09:30:52.000Z</time></trkpt>
<trkpt lat="54.393312" lon="18.797532"><time>2026-05-24T09:30:54.000Z</time></trkpt>
<trkpt lat="54.393337" lon="18.797480"><time>2026-05-24T09:30:56.000Z</time></trkpt>
<trkpt lat="54.393373" lon="18.797433"><time>2026-05-24T09:30:58.000Z</time></trkpt>
<trkpt lat="54.393409" lon="18.797383"><time>2026-05-24T09:31:00.000Z</time></trkpt>
<trkpt lat="54.393440" lon="18.797331"><time>2026-05-24T09:31:02.000Z</time></trkpt>
<trkpt lat="54.393475" lon="18.797281"><time>2026-05-24T09:31:04.000Z</time></trkpt>
<trkpt lat="54.393508" lon="18.797232"><time>2026-05-24T09:31:06.000Z</time></trkpt>
<trkpt lat="54.393544" lon="18.797191"><time>2026-05-24T09:31:08.000Z</time></trkpt>
<trkpt lat="54.393579" lon="18.797147"><time>2026-05-24T09:31:10.000Z</time></trkpt>
<trkpt lat="54.393613" lon="18.797108"><time>2026-05-24T09:31:12.000Z</time></trkpt>
<trkpt lat="54.393644" lon="18.797065"><time>2026-05-24T09:31:14.000Z</time></trkpt>
<trkpt lat="54.393678" lon="18.797022"><time>2026-05-24T09:31:16.000Z</time></trkpt>
<trkpt lat="54.393710" lon="18.796980"><time>2026-05-24T09:31:18.000Z</time></trkpt>
<trkpt lat="54.393738" lon="18.796929"><time>2026-05-24T09:31:20.000Z</time></trkpt>
<trkpt lat="54.393765" lon="18.796879"><time>2026-05-24T09:31:22.000Z</time></trkpt>
<trkpt lat="54.393798" lon="18.796836"><time>2026-05-24T09:31:24.000Z</time></trkpt>
<trkpt lat="54.393831" lon="18.796794"><time>2026-05-24T09:31:26.000Z</time></trkpt>
<trkpt lat="54.393863" lon="18.796753"><time>2026-05-24T09:31:27.900Z</time></trkpt>
<trkpt lat="54.393899" lon="18.796716"><time>2026-05-24T09:31:29.900Z</time></trkpt>
<trkpt lat="54.393931" lon="18.796674"><time>2026-05-24T09:31:31.900Z</time></trkpt>
<trkpt lat="54.393965" lon="18.796634"><time>2026-05-24T09:31:33.900Z</time></trkpt>
<trkpt lat="54.393998" lon="18.796594"><time>2026-05-24T09:31:35.900Z</time></trkpt>
<trkpt lat="54.394034" lon="18.796557"><time>2026-05-24T09:31:37.900Z</time></trkpt>
<trkpt lat="54.394064" lon="18.796509"><time>2026-05-24T09:31:39.900Z</time></trkpt>
<trkpt lat="54.394095" lon="18.796481"><time>2026-05-24T09:31:41.900Z</time></trkpt>
<trkpt lat="54.394126" lon="18.796447"><time>2026-05-24T09:31:43.900Z</time></trkpt>
<trkpt lat="54.394157" lon="18.796414"><time>2026-05-24T09:31:45.900Z</time></trkpt>
<trkpt lat="54.394187" lon="18.796379"><time>2026-05-24T09:31:47.900Z</time></trkpt>
<trkpt lat="54.394208" lon="18.796338"><time>2026-05-24T09:31:49.900Z</time></trkpt>
<trkpt lat="54.394235" lon="18.796288"><time>2026-05-24T09:31:51.900Z</time></trkpt>
<trkpt lat="54.394262" lon="18.796245"><time>2026-05-24T09:31:53.900Z</time></trkpt>
<trkpt lat="54.394291" lon="18.796204"><time>2026-05-24T09:31:55.900Z</time></trkpt>
<trkpt lat="54.394323" lon="18.796166"><time>2026-05-24T09:31:57.900Z</time></trkpt>
<trkpt lat="54.394356" lon="18.796123"><time>2026-05-24T09:31:59.900Z</time></trkpt>
<trkpt lat="54.394381" lon="18.796073"><time>2026-05-24T09:32:01.900Z</time></trkpt>
<trkpt lat="54.394408" lon="18.796029"><time>2026-05-24T09:32:03.900Z</time></trkpt>
<trkpt lat="54.394426" lon="18.795978"><time>2026-05-24T09:32:05.900Z</time></trkpt>
<trkpt lat="54.394461" lon="18.795916"><time>2026-05-24T09:32:07.900Z</time></trkpt>
<trkpt lat="54.394488" lon="18.795894"><time>2026-05-24T09:32:09.900Z</time></trkpt>
<trkpt lat="54.394501" lon="18.795911"><time>2026-05-24T09:32:11.900Z</time></trkpt>
<trkpt lat="54.394506" lon="18.795929"><time>2026-05-24T09:32:13.900Z</time></trkpt>
<trkpt lat="54.394519" lon="18.795966"><time>2026-05-24T09:32:15.900Z</time></trkpt>
<trkpt lat="54.394521" lon="18.796004"><time>2026-05-24T09:32:17.900Z</time></trkpt>
<trkpt lat="54.394530" lon="18.796022"><time>2026-05-24T09:32:19.900Z</time></trkpt>
<trkpt lat="54.394541" lon="18.796053"><time>2026-05-24T09:32:21.900Z</time></trkpt>
<trkpt lat="54.394555" lon="18.796083"><time>2026-05-24T09:32:23.900Z</time></trkpt>
<trkpt lat="54.394563" lon="18.796122"><time>2026-05-24T09:32:26.000Z</time></trkpt>
<trkpt lat="54.394579" lon="18.796163"><time>2026-05-24T09:32:28.000Z</time></trkpt>
<trkpt lat="54.394594" lon="18.796194"><time>2026-05-24T09:32:30.000Z</time></trkpt>
<trkpt lat="54.394609" lon="18.796236"><time>2026-05-24T09:32:32.000Z</time></trkpt>
<trkpt lat="54.394625" lon="18.796280"><time>2026-05-24T09:32:34.000Z</time></trkpt>
<trkpt lat="54.394643" lon="18.796320"><time>2026-05-24T09:32:36.000Z</time></trkpt>
<trkpt lat="54.394661" lon="18.796364"><time>2026-05-24T09:32:38.000Z</time></trkpt>
<trkpt lat="54.394676" lon="18.796416"><time>2026-05-24T09:32:40.000Z</time></trkpt>
<trkpt lat="54.394678" lon="18.796474"><time>2026-05-24T09:32:42.000Z</time></trkpt>
<trkpt lat="54.394677" lon="18.796539"><time>2026-05-24T09:32:44.000Z</time></trkpt>
<trkpt lat="54.394682" lon="18.796599"><time>2026-05-24T09:32:46.000Z</time></trkpt>
<trkpt lat="54.394691" lon="18.796673"><time>2026-05-24T09:32:48.000Z</time></trkpt>
<trkpt lat="54.394675" lon="18.796725"><time>2026-05-24T09:32:50.000Z</time></trkpt>
<trkpt lat="54.394669" lon="18.796778"><time>2026-05-24T09:32:52.000Z</time></trkpt>
<trkpt lat="54.394671" lon="18.796824"><time>2026-05-24T09:32:54.000Z</time></trkpt>
<trkpt lat="54.394669" lon="18.796891"><time>2026-05-24T09:32:56.000Z</time></trkpt>
<trkpt lat="54.394668" lon="18.796948"><time>2026-05-24T09:32:58.000Z</time></trkpt>
<trkpt lat="54.394668" lon="18.797005"><time>2026-05-24T09:33:00.000Z</time></trkpt>
<trkpt lat="54.394675" lon="18.797067"><time>2026-05-24T09:33:02.000Z</time></trkpt>
<trkpt lat="54.394663" lon="18.797113"><time>2026-05-24T09:33:04.000Z</time></trkpt>
<trkpt lat="54.394660" lon="18.797158"><time>2026-05-24T09:33:06.000Z</time></trkpt>
<trkpt lat="54.394655" lon="18.797211"><time>2026-05-24T09:33:08.000Z</time></trkpt>
<trkpt lat="54.394649" lon="18.797258"><time>2026-05-24T09:33:10.000Z</time></trkpt>
<trkpt lat="54.394649" lon="18.797323"><time>2026-05-24T09:33:12.000Z</time></trkpt>
<trkpt lat="54.394643" lon="18.797369"><time>2026-05-24T09:33:14.000Z</time></trkpt>
<trkpt lat="54.394636" lon="18.797427"><time>2026-05-24T09:33:16.000Z</time></trkpt>
<trkpt lat="54.394629" lon="18.797480"><time>2026-05-24T09:33:18.000Z</time></trkpt>
<trkpt lat="54.394626" lon="18.797545"><time>2026-05-24T09:33:20.000Z</time></trkpt>
<trkpt lat="54.394623" lon="18.797622"><time>2026-05-24T09:33:22.000Z</time></trkpt>
<trkpt lat="54.394614" lon="18.797684"><time>2026-05-24T09:33:24.000Z</time></trkpt>
<trkpt lat="54.394613" lon="18.797776"><time>2026-05-24T09:33:26.000Z</time></trkpt>
<trkpt lat="54.394601" lon="18.797834"><time>2026-05-24T09:33:28.000Z</time></trkpt>
<trkpt lat="54.394590" lon="18.797888"><time>2026-05-24T09:33:30.000Z</time></trkpt>
<trkpt lat="54.394578" lon="18.797934"><time>2026-05-24T09:33:32.000Z</time></trkpt>
<trkpt lat="54.394574" lon="18.797978"><time>2026-05-24T09:33:33.900Z</time></trkpt>
<trkpt lat="54.394566" lon="18.798025"><time>2026-05-24T09:33:35.900Z</time></trkpt>
<trkpt lat="54.394555" lon="18.798111"><time>2026-05-24T09:33:37.900Z</time></trkpt>
<trkpt lat="54.394542" lon="18.798173"><time>2026-05-24T09:33:39.900Z</time></trkpt>
<trkpt lat="54.394520" lon="18.798238"><time>2026-05-24T09:33:41.900Z</time></trkpt>
<trkpt lat="54.394520" lon="18.798312"><time>2026-05-24T09:33:43.900Z</time></trkpt>
<trkpt lat="54.394517" lon="18.798385"><time>2026-05-24T09:33:45.900Z</time></trkpt>
<trkpt lat="54.394520" lon="18.798460"><time>2026-05-24T09:33:47.900Z</time></trkpt>
<trkpt lat="54.394521" lon="18.798531"><time>2026-05-24T09:33:49.900Z</time></trkpt>
<trkpt lat="54.394518" lon="18.798606"><time>2026-05-24T09:33:51.900Z</time></trkpt>
<trkpt lat="54.394510" lon="18.798671"><time>2026-05-24T09:33:53.900Z</time></trkpt>
<trkpt lat="54.394506" lon="18.798745"><time>2026-05-24T09:33:55.900Z</time></trkpt>
<trkpt lat="54.394499" lon="18.798815"><time>2026-05-24T09:33:57.900Z</time></trkpt>
<trkpt lat="54.394497" lon="18.798890"><time>2026-05-24T09:33:59.900Z</time></trkpt>
<trkpt lat="54.394494" lon="18.798966"><time>2026-05-24T09:34:01.900Z</time></trkpt>
<trkpt lat="54.394482" lon="18.799042"><time>2026-05-24T09:34:03.900Z</time></trkpt>
<trkpt lat="54.394474" lon="18.799112"><time>2026-05-24T09:34:05.900Z</time></trkpt>
<trkpt lat="54.394468" lon="18.799182"><time>2026-05-24T09:34:07.900Z</time></trkpt>
<trkpt lat="54.394462" lon="18.799248"><time>2026-05-24T09:34:09.900Z</time></trkpt>
<trkpt lat="54.394462" lon="18.799309"><time>2026-05-24T09:34:11.900Z</time></trkpt>
<trkpt lat="54.394459" lon="18.799378"><time>2026-05-24T09:34:13.900Z</time></trkpt>
<trkpt lat="54.394455" lon="18.799445"><time>2026-05-24T09:34:15.900Z</time></trkpt>
<trkpt lat="54.394456" lon="18.799497"><time>2026-05-24T09:34:17.900Z</time></trkpt>
<trkpt lat="54.394458" lon="18.799565"><time>2026-05-24T09:34:19.900Z</time></trkpt>
<trkpt lat="54.394456" lon="18.799626"><time>2026-05-24T09:34:21.900Z</time></trkpt>
<trkpt lat="54.394458" lon="18.799680"><time>2026-05-24T09:34:23.900Z</time></trkpt>
<trkpt lat="54.394462" lon="18.799735"><time>2026-05-24T09:34:25.900Z</time></trkpt>
<trkpt lat="54.394464" lon="18.799801"><time>2026-05-24T09:34:27.900Z</time></trkpt>
<trkpt lat="54.394456" lon="18.799862"><time>2026-05-24T09:34:29.900Z</time></trkpt>
<trkpt lat="54.394470" lon="18.799906"><time>2026-05-24T09:34:32.000Z</time></trkpt>
<trkpt lat="54.394468" lon="18.799966"><time>2026-05-24T09:34:34.000Z</time></trkpt>
<trkpt lat="54.394468" lon="18.800026"><time>2026-05-24T09:34:36.000Z</time></trkpt>
<trkpt lat="54.394471" lon="18.800073"><time>2026-05-24T09:34:38.000Z</time></trkpt>
<trkpt lat="54.394470" lon="18.800126"><time>2026-05-24T09:34:40.000Z</time></trkpt>
<trkpt lat="54.394470" lon="18.800176"><time>2026-05-24T09:34:42.000Z</time></trkpt>
<trkpt lat="54.394472" lon="18.800235"><time>2026-05-24T09:34:44.000Z</time></trkpt>
<trkpt lat="54.394471" lon="18.800289"><time>2026-05-24T09:34:46.000Z</time></trkpt>
<trkpt lat="54.394472" lon="18.800337"><time>2026-05-24T09:34:48.000Z</time></trkpt>
<trkpt lat="54.394471" lon="18.800387"><time>2026-05-24T09:34:50.000Z</time></trkpt>
<trkpt lat="54.394469" lon="18.800432"><time>2026-05-24T09:34:52.000Z</time></trkpt>
<trkpt lat="54.394475" lon="18.800479"><time>2026-05-24T09:34:54.000Z</time></trkpt>
<trkpt lat="54.394470" lon="18.800529"><time>2026-05-24T09:34:56.000Z</time></trkpt>
<trkpt lat="54.394476" lon="18.800589"><time>2026-05-24T09:34:58.000Z</time></trkpt>
<trkpt lat="54.394481" lon="18.800645"><time>2026-05-24T09:35:00.000Z</time></trkpt>
<trkpt lat="54.394482" lon="18.800688"><time>2026-05-24T09:35:02.000Z</time></trkpt>
<trkpt lat="54.394472" lon="18.800745"><time>2026-05-24T09:35:04.000Z</time></trkpt>
<trkpt lat="54.394471" lon="18.800793"><time>2026-05-24T09:35:06.000Z</time></trkpt>
<trkpt lat="54.394473" lon="18.800852"><time>2026-05-24T09:35:08.000Z</time></trkpt>
<trkpt lat="54.394472" lon="18.800907"><time>2026-05-24T09:35:10.000Z</time></trkpt>
<trkpt lat="54.394466" lon="18.800946"><time>2026-05-24T09:35:12.000Z</time></trkpt>
<trkpt lat="54.394461" lon="18.800989"><time>2026-05-24T09:35:14.000Z</time></trkpt>
<trkpt lat="54.394454" lon="18.801030"><time>2026-05-24T09:35:16.000Z</time></trkpt>
<trkpt lat="54.394448" lon="18.801073"><time>2026-05-24T09:35:18.000Z</time></trkpt>
<trkpt lat="54.394442" lon="18.801115"><time>2026-05-24T09:35:20.000Z</time></trkpt>
<trkpt lat="54.394434" lon="18.801157"><time>2026-05-24T09:35:22.000Z</time></trkpt>
<trkpt lat="54.394424" lon="18.801196"><time>2026-05-24T09:35:24.000Z</time></trkpt>
<trkpt lat="54.394415" lon="18.801238"><time>2026-05-24T09:35:26.000Z</time></trkpt>
<trkpt lat="54.394409" lon="18.801280"><time>2026-05-24T09:35:28.000Z</time></trkpt>
<trkpt lat="54.394403" lon="18.801325"><time>2026-05-24T09:35:30.000Z</time></trkpt>
<trkpt lat="54.394399" lon="18.801368"><time>2026-05-24T09:35:32.000Z</time></trkpt>
<trkpt lat="54.394392" lon="18.801406"><time>2026-05-24T09:35:34.000Z</time></trkpt>
<trkpt lat="54.394384" lon="18.801451"><time>2026-05-24T09:35:35.900Z</time></trkpt>
<trkpt lat="54.394377" lon="18.801492"><time>2026-05-24T09:35:37.900Z</time></trkpt>
<trkpt lat="54.394365" lon="18.801530"><time>2026-05-24T09:35:39.900Z</time></trkpt>
<trkpt lat="54.394355" lon="18.801565"><time>2026-05-24T09:35:41.900Z</time></trkpt>
<trkpt lat="54.394351" lon="18.801600"><time>2026-05-24T09:35:43.900Z</time></trkpt>
<trkpt lat="54.394338" lon="18.801645"><time>2026-05-24T09:35:45.900Z</time></trkpt>
<trkpt lat="54.394328" lon="18.801682"><time>2026-05-24T09:35:47.900Z</time></trkpt>
<trkpt lat="54.394320" lon="18.801722"><time>2026-05-24T09:35:49.900Z</time></trkpt>
<trkpt lat="54.394313" lon="18.801769"><time>2026-05-24T09:35:51.900Z</time></trkpt>
<trkpt lat="54.394305" lon="18.801832"><time>2026-05-24T09:35:53.900Z</time></trkpt>
<trkpt lat="54.394294" lon="18.801852"><time>2026-05-24T09:35:55.900Z</time></trkpt>
<trkpt lat="54.394282" lon="18.801882"><time>2026-05-24T09:35:57.900Z</time></trkpt>
<trkpt lat="54.394267" lon="18.801911"><time>2026-05-24T09:35:59.900Z</time></trkpt>
<trkpt lat="54.394255" lon="18.801940"><time>2026-05-24T09:36:01.900Z</time></trkpt>
<trkpt lat="54.394245" lon="18.801977"><time>2026-05-24T09:36:03.900Z</time></trkpt>
<trkpt lat="54.394244" lon="18.802009"><time>2026-05-24T09:36:05.900Z</time></trkpt>
<trkpt lat="54.394238" lon="18.802047"><time>2026-05-24T09:36:07.900Z</time></trkpt>
<trkpt lat="54.394231" lon="18.802083"><time>2026-05-24T09:36:09.900Z</time></trkpt>
<trkpt lat="54.394222" lon="18.802124"><time>2026-05-24T09:36:11.900Z</time></trkpt>
<trkpt lat="54.394216" lon="18.802159"><time>2026-05-24T09:36:13.900Z</time></trkpt>
<trkpt lat="54.394207" lon="18.802199"><time>2026-05-24T09:36:15.900Z</time></trkpt>
<trkpt lat="54.394198" lon="18.802229"><time>2026-05-24T09:36:17.900Z</time></trkpt>
<trkpt lat="54.394189" lon="18.802253"><time>2026-05-24T09:36:19.900Z</time></trkpt>
<trkpt lat="54.394178" lon="18.802279"><time>2026-05-24T09:36:21.900Z</time></trkpt>
<trkpt lat="54.394169" lon="18.802326"><time>2026-05-24T09:36:23.900Z</time></trkpt>
<trkpt lat="54.394159" lon="18.802351"><time>2026-05-24T09:36:25.900Z</time></trkpt>
<trkpt lat="54.394153" lon="18.802374"><time>2026-05-24T09:36:27.900Z</time></trkpt>
<trkpt lat="54.394148" lon="18.802405"><time>2026-05-24T09:36:29.900Z</time></trkpt>
<trkpt lat="54.394143" lon="18.802437"><time>2026-05-24T09:36:31.900Z</time></trkpt>
<trkpt lat="54.394137" lon="18.802453"><time>2026-05-24T09:36:33.900Z</time></trkpt>
<trkpt lat="54.394132" lon="18.802477"><time>2026-05-24T09:36:35.900Z</time></trkpt>
<trkpt lat="54.394124" lon="18.802522"><time>2026-05-24T09:36:38.000Z</time></trkpt>
<trkpt lat="54.394123" lon="18.802562"><time>2026-05-24T09:36:40.000Z</time></trkpt>
<trkpt lat="54.394119" lon="18.802595"><time>2026-05-24T09:36:42.000Z</time></trkpt>
<trkpt lat="54.394114" lon="18.802632"><time>2026-05-24T09:36:44.000Z</time></trkpt>
<trkpt lat="54.394107" lon="18.802664"><time>2026-05-24T09:36:46.000Z</time></trkpt>
<trkpt lat="54.394100" lon="18.802695"><time>2026-05-24T09:36:48.000Z</time></trkpt>
<trkpt lat="54.394092" lon="18.802737"><time>2026-05-24T09:36:50.000Z</time></trkpt>
<trkpt lat="54.394083" lon="18.802768"><time>2026-05-24T09:36:52.000Z</time></trkpt>
<trkpt lat="54.394077" lon="18.802806"><time>2026-05-24T09:36:54.000Z</time></trkpt>
<trkpt lat="54.394075" lon="18.802840"><time>2026-05-24T09:36:56.000Z</time></trkpt>
<trkpt lat="54.394072" lon="18.802873"><time>2026-05-24T09:36:58.000Z</time></trkpt>
<trkpt lat="54.394068" lon="18.802908"><time>2026-05-24T09:37:00.000Z</time></trkpt>
<trkpt lat="54.394065" lon="18.802944"><time>2026-05-24T09:37:02.000Z</time></trkpt>
<trkpt lat="54.394060" lon="18.802979"><time>2026-05-24T09:37:04.000Z</time></trkpt>
<trkpt lat="54.394057" lon="18.803012"><time>2026-05-24T09:37:06.000Z</time></trkpt>
<trkpt lat="54.394052" lon="18.803047"><time>2026-05-24T09:37:08.000Z</time></trkpt>
<trkpt lat="54.394049" lon="18.803082"><time>2026-05-24T09:37:10.000Z</time></trkpt>
<trkpt lat="54.394043" lon="18.803126"><time>2026-05-24T09:37:12.000Z</time></trkpt>
<trkpt lat="54.394038" lon="18.803170"><time>2026-05-24T09:37:14.000Z</time></trkpt>
<trkpt lat="54.394032" lon="18.803211"><time>2026-05-24T09:37:16.000Z</time></trkpt>
<trkpt lat="54.394030" lon="18.803246"><time>2026-05-24T09:37:18.000Z</time></trkpt>
<trkpt lat="54.394028" lon="18.803281"><time>2026-05-24T09:37:20.000Z</time></trkpt>
<trkpt lat="54.394026" lon="18.803319"><time>2026-05-24T09:37:22.000Z</time></trkpt>
<trkpt lat="54.394027" lon="18.803358"><time>2026-05-24T09:37:24.000Z</time></trkpt>
<trkpt lat="54.394027" lon="18.803400"><time>2026-05-24T09:37:26.000Z</time></trkpt>
<trkpt lat="54.394028" lon="18.803439"><time>2026-05-24T09:37:28.000Z</time></trkpt>
<trkpt lat="54.394030" lon="18.803482"><time>2026-05-24T09:37:30.000Z</time></trkpt>
<trkpt lat="54.394029" lon="18.803524"><time>2026-05-24T09:37:32.000Z</time></trkpt>
<trkpt lat="54.394026" lon="18.803564"><time>2026-05-24T09:37:34.000Z</time></trkpt>
<trkpt lat="54.394019" lon="18.803604"><time>2026-05-24T09:37:36.000Z</time></trkpt>
<trkpt lat="54.394011" lon="18.803643"><time>2026-05-24T09:37:38.000Z</time></trkpt>
<trkpt lat="54.394007" lon="18.803683"><time>2026-05-24T09:37:39.900Z</time></trkpt>
<trkpt lat="54.394004" lon="18.803719"><time>2026-05-24T09:37:41.900Z</time></trkpt>
<trkpt lat="54.394001" lon="18.803760"><time>2026-05-24T09:37:43.900Z</time></trkpt>
<trkpt lat="54.393995" lon="18.803799"><time>2026-05-24T09:37:45.900Z</time></trkpt>
<trkpt lat="54.393989" lon="18.803840"><time>2026-05-24T09:37:47.900Z</time></trkpt>
<trkpt lat="54.393980" lon="18.803874"><time>2026-05-24T09:37:49.900Z</time></trkpt>
<trkpt lat="54.393973" lon="18.803907"><time>2026-05-24T09:37:51.900Z</time></trkpt>
<trkpt lat="54.393969" lon="18.803946"><time>2026-05-24T09:37:53.900Z</time></trkpt>
<trkpt lat="54.393961" lon="18.803985"><time>2026-05-24T09:37:55.900Z</time></trkpt>
<trkpt lat="54.393955" lon="18.804021"><time>2026-05-24T09:37:57.900Z</time></trkpt>
<trkpt lat="54.393949" lon="18.804059"><time>2026-05-24T09:37:59.900Z</time></trkpt>
<trkpt lat="54.393943" lon="18.804094"><time>2026-05-24T09:38:01.900Z</time></trkpt>
<trkpt lat="54.393942" lon="18.804142"><time>2026-05-24T09:38:03.900Z</time></trkpt>
<trkpt lat="54.393940" lon="18.804186"><time>2026-05-24T09:38:05.900Z</time></trkpt>
<trkpt lat="54.393941" lon="18.804217"><time>2026-05-24T09:38:07.900Z</time></trkpt>
<trkpt lat="54.393931" lon="18.804259"><time>2026-05-24T09:38:09.900Z</time></trkpt>
<trkpt lat="54.393922" lon="18.804300"><time>2026-05-24T09:38:11.900Z</time></trkpt>
<trkpt lat="54.393914" lon="18.804340"><time>2026-05-24T09:38:13.900Z</time></trkpt>
<trkpt lat="54.393905" lon="18.804381"><time>2026-05-24T09:38:15.900Z</time></trkpt>
<trkpt lat="54.393900" lon="18.804423"><time>2026-05-24T09:38:17.900Z</time></trkpt>
<trkpt lat="54.393897" lon="18.804466"><time>2026-05-24T09:38:19.900Z</time></trkpt>
<trkpt lat="54.393892" lon="18.804502"><time>2026-05-24T09:38:21.900Z</time></trkpt>
<trkpt lat="54.393887" lon="18.804550"><time>2026-05-24T09:38:23.900Z</time></trkpt>
<trkpt lat="54.393885" lon="18.804611"><time>2026-05-24T09:38:25.900Z</time></trkpt>
<trkpt lat="54.393884" lon="18.804659"><time>2026-05-24T09:38:27.900Z</time></trkpt>
<trkpt lat="54.393866" lon="18.804714"><time>2026-05-24T09:38:29.900Z</time></trkpt>
<trkpt lat="54.393856" lon="18.804752"><time>2026-05-24T09:38:31.900Z</time></trkpt>
<trkpt lat="54.393857" lon="18.804789"><time>2026-05-24T09:38:33.900Z</time></trkpt>
<trkpt lat="54.393850" lon="18.804827"><time>2026-05-24T09:38:35.900Z</time></trkpt>
<trkpt lat="54.393842" lon="18.804870"><time>2026-05-24T09:38:37.900Z</time></trkpt>
<trkpt lat="54.393842" lon="18.804902"><time>2026-05-24T09:38:39.900Z</time></trkpt>
<trkpt lat="54.393837" lon="18.804951"><time>2026-05-24T09:38:41.900Z</time></trkpt>
<trkpt lat="54.393837" lon="18.804989"><time>2026-05-24T09:38:44.000Z</time></trkpt>
<trkpt lat="54.393830" lon="18.805018"><time>2026-05-24T09:38:46.000Z</time></trkpt>
<trkpt lat="54.393821" lon="18.805062"><time>2026-05-24T09:38:48.000Z</time></trkpt>
<trkpt lat="54.393819" lon="18.805098"><time>2026-05-24T09:38:50.000Z</time></trkpt>
<trkpt lat="54.393817" lon="18.805137"><time>2026-05-24T09:38:52.000Z</time></trkpt>
<trkpt lat="54.393816" lon="18.805177"><time>2026-05-24T09:38:54.000Z</time></trkpt>
<trkpt lat="54.393811" lon="18.805220"><time>2026-05-24T09:38:56.000Z</time></trkpt>
<trkpt lat="54.393806" lon="18.805259"><time>2026-05-24T09:38:58.000Z</time></trkpt>
<trkpt lat="54.393802" lon="18.805298"><time>2026-05-24T09:39:00.000Z</time></trkpt>
<trkpt lat="54.393797" lon="18.805338"><time>2026-05-24T09:39:02.000Z</time></trkpt>
<trkpt lat="54.393792" lon="18.805379"><time>2026-05-24T09:39:04.000Z</time></trkpt>
<trkpt lat="54.393784" lon="18.805427"><time>2026-05-24T09:39:06.000Z</time></trkpt>
<trkpt lat="54.393775" lon="18.805473"><time>2026-05-24T09:39:08.000Z</time></trkpt>
<trkpt lat="54.393763" lon="18.805519"><time>2026-05-24T09:39:10.000Z</time></trkpt>
<trkpt lat="54.393749" lon="18.805565"><time>2026-05-24T09:39:12.000Z</time></trkpt>
<trkpt lat="54.393740" lon="18.805598"><time>2026-05-24T09:39:14.000Z</time></trkpt>
<trkpt lat="54.393725" lon="18.805628"><time>2026-05-24T09:39:16.000Z</time></trkpt>
<trkpt lat="54.393710" lon="18.805664"><time>2026-05-24T09:39:18.000Z</time></trkpt>
<trkpt lat="54.393696" lon="18.805708"><time>2026-05-24T09:39:20.000Z</time></trkpt>
<trkpt lat="54.393686" lon="18.805747"><time>2026-05-24T09:39:22.000Z</time></trkpt>
<trkpt lat="54.393678" lon="18.805785"><time>2026-05-24T09:39:24.000Z</time></trkpt>
<trkpt lat="54.393666" lon="18.805827"><time>2026-05-24T09:39:26.000Z</time></trkpt>
<trkpt lat="54.393659" lon="18.805866"><time>2026-05-24T09:39:28.000Z</time></trkpt>
<trkpt lat="54.393642" lon="18.805906"><time>2026-05-24T09:39:30.000Z</time></trkpt>
<trkpt lat="54.393635" lon="18.805941"><time>2026-05-24T09:39:32.000Z</time></trkpt>
<trkpt lat="54.393629" lon="18.805989"><time>2026-05-24T09:39:34.000Z</time></trkpt>
<trkpt lat="54.393623" lon="18.806033"><time>2026-05-24T09:39:36.000Z</time></trkpt>
<trkpt lat="54.393615" lon="18.806073"><time>2026-05-24T09:39:38.000Z</time></trkpt>
<trkpt lat="54.393609" lon="18.806115"><time>2026-05-24T09:39:40.000Z</time></trkpt>
<trkpt lat="54.393601" lon="18.806160"><time>2026-05-24T09:39:42.000Z</time></trkpt>
<trkpt lat="54.393591" lon="18.806203"><time>2026-05-24T09:39:43.900Z</time></trkpt>
<trkpt lat="54.393582" lon="18.806244"><time>2026-05-24T09:39:45.900Z</time></trkpt>
<trkpt lat="54.393574" lon="18.806287"><time>2026-05-24T09:39:47.900Z</time></trkpt>
<trkpt lat="54.393567" lon="18.806333"><time>2026-05-24T09:39:49.900Z</time></trkpt>
<trkpt lat="54.393560" lon="18.806377"><time>2026-05-24T09:39:51.900Z</time></trkpt>
<trkpt lat="54.393553" lon="18.806417"><time>2026-05-24T09:39:53.900Z</time></trkpt>
<trkpt lat="54.393545" lon="18.806458"><time>2026-05-24T09:39:55.900Z</time></trkpt>
<trkpt lat="54.393537" lon="18.806498"><time>2026-05-24T09:39:57.900Z</time></trkpt>
<trkpt lat="54.393533" lon="18.806530"><time>2026-05-24T09:39:59.900Z</time></trkpt>
<trkpt lat="54.393530" lon="18.806548"><time>2026-05-24T09:40:01.900Z</time></trkpt>
<trkpt lat="54.393523" lon="18.806593"><time>2026-05-24T09:40:03.900Z</time></trkpt>
<trkpt lat="54.393518" lon="18.806635"><time>2026-05-24T09:40:05.900Z</time></trkpt>
<trkpt lat="54.393513" lon="18.806691"><time>2026-05-24T09:40:07.900Z</time></trkpt>
<trkpt lat="54.393508" lon="18.806733"><time>2026-05-24T09:40:09.900Z</time></trkpt>
<trkpt lat="54.393507" lon="18.806780"><time>2026-05-24T09:40:11.900Z</time></trkpt>
<trkpt lat="54.393501" lon="18.806818"><time>2026-05-24T09:40:13.900Z</time></trkpt>
<trkpt lat="54.393489" lon="18.806859"><time>2026-05-24T09:40:15.900Z</time></trkpt>
<trkpt lat="54.393483" lon="18.806896"><time>2026-05-24T09:40:17.900Z</time></trkpt>
<trkpt lat="54.393479" lon="18.806940"><time>2026-05-24T09:40:19.900Z</time></trkpt>
<trkpt lat="54.393465" lon="18.806990"><time>2026-05-24T09:40:21.900Z</time></trkpt>
<trkpt lat="54.393459" lon="18.807026"><time>2026-05-24T09:40:23.900Z</time></trkpt>
<trkpt lat="54.393457" lon="18.807083"><time>2026-05-24T09:40:25.900Z</time></trkpt>
<trkpt lat="54.393451" lon="18.807133"><time>2026-05-24T09:40:27.900Z</time></trkpt>
<trkpt lat="54.393449" lon="18.807175"><time>2026-05-24T09:40:29.900Z</time></trkpt>
<trkpt lat="54.393441" lon="18.807218"><time>2026-05-24T09:40:31.900Z</time></trkpt>
<trkpt lat="54.393436" lon="18.807259"><time>2026-05-24T09:40:33.900Z</time></trkpt>
<trkpt lat="54.393425" lon="18.807301"><time>2026-05-24T09:40:35.900Z</time></trkpt>
<trkpt lat="54.393420" lon="18.807343"><time>2026-05-24T09:40:37.900Z</time></trkpt>
<trkpt lat="54.393413" lon="18.807378"><time>2026-05-24T09:40:39.900Z</time></trkpt>
<trkpt lat="54.393406" lon="18.807421"><time>2026-05-24T09:40:41.900Z</time></trkpt>
<trkpt lat="54.393406" lon="18.807470"><time>2026-05-24T09:40:43.900Z</time></trkpt>
<trkpt lat="54.393400" lon="18.807516"><time>2026-05-24T09:40:45.900Z</time></trkpt>
<trkpt lat="54.393397" lon="18.807560"><time>2026-05-24T09:40:47.900Z</time></trkpt>
<trkpt lat="54.393389" lon="18.807605"><time>2026-05-24T09:40:50.000Z</time></trkpt>
<trkpt lat="54.393380" lon="18.807648"><time>2026-05-24T09:40:52.000Z</time></trkpt>
<trkpt lat="54.393367" lon="18.807699"><time>2026-05-24T09:40:54.000Z</time></trkpt>
<trkpt lat="54.393361" lon="18.807739"><time>2026-05-24T09:40:56.000Z</time></trkpt>
<trkpt lat="54.393357" lon="18.807784"><time>2026-05-24T09:40:58.000Z</time></trkpt>
<trkpt lat="54.393353" lon="18.807824"><time>2026-05-24T09:41:00.000Z</time></trkpt>
<trkpt lat="54.393347" lon="18.807866"><time>2026-05-24T09:41:02.000Z</time></trkpt>
<trkpt lat="54.393339" lon="18.807902"><time>2026-05-24T09:41:04.000Z</time></trkpt>
<trkpt lat="54.393330" lon="18.807945"><time>2026-05-24T09:41:06.000Z</time></trkpt>
<trkpt lat="54.393321" lon="18.807988"><time>2026-05-24T09:41:08.000Z</time></trkpt>
<trkpt lat="54.393317" lon="18.808031"><time>2026-05-24T09:41:10.000Z</time></trkpt>
<trkpt lat="54.393316" lon="18.808071"><time>2026-05-24T09:41:12.000Z</time></trkpt>
<trkpt lat="54.393311" lon="18.808109"><time>2026-05-24T09:41:14.000Z</time></trkpt>
<trkpt lat="54.393306" lon="18.808147"><time>2026-05-24T09:41:16.000Z</time></trkpt>
<trkpt lat="54.393298" lon="18.808179"><time>2026-05-24T09:41:18.000Z</time></trkpt>
<trkpt lat="54.393292" lon="18.808219"><time>2026-05-24T09:41:20.000Z</time></trkpt>
<trkpt lat="54.393284" lon="18.808256"><time>2026-05-24T09:41:22.000Z</time></trkpt>
<trkpt lat="54.393279" lon="18.808294"><time>2026-05-24T09:41:24.000Z</time></trkpt>
<trkpt lat="54.393273" lon="18.808334"><time>2026-05-24T09:41:26.000Z</time></trkpt>
<trkpt lat="54.393269" lon="18.808373"><time>2026-05-24T09:41:28.000Z</time></trkpt>
<trkpt lat="54.393265" lon="18.808416"><time>2026-05-24T09:41:30.000Z</time></trkpt>
<trkpt lat="54.393259" lon="18.808458"><time>2026-05-24T09:41:32.000Z</time></trkpt>
<trkpt lat="54.393252" lon="18.808499"><time>2026-05-24T09:41:34.000Z</time></trkpt>
<trkpt lat="54.393244" lon="18.808535"><time>2026-05-24T09:41:36.000Z</time></trkpt>
<trkpt lat="54.393241" lon="18.808580"><time>2026-05-24T09:41:38.000Z</time></trkpt>
<trkpt lat="54.393231" lon="18.808617"><time>2026-05-24T09:41:40.000Z</time></trkpt>
<trkpt lat="54.393223" lon="18.808661"><time>2026-05-24T09:41:42.000Z</time></trkpt>
<trkpt lat="54.393218" lon="18.808696"><time>2026-05-24T09:41:44.000Z</time></trkpt>
<trkpt lat="54.393214" lon="18.808730"><time>2026-05-24T09:41:45.900Z</time></trkpt>
<trkpt lat="54.393200" lon="18.808762"><time>2026-05-24T09:41:47.900Z</time></trkpt>
<trkpt lat="54.393187" lon="18.808807"><time>2026-05-24T09:41:49.900Z</time></trkpt>
<trkpt lat="54.393183" lon="18.808852"><time>2026-05-24T09:41:51.900Z</time></trkpt>
<trkpt lat="54.393179" lon="18.808902"><time>2026-05-24T09:41:53.900Z</time></trkpt>
<trkpt lat="54.393176" lon="18.808950"><time>2026-05-24T09:41:55.900Z</time></trkpt>
<trkpt lat="54.393168" lon="18.808996"><time>2026-05-24T09:41:57.900Z</time></trkpt>
<trkpt lat="54.393160" lon="18.809046"><time>2026-05-24T09:41:59.900Z</time></trkpt>
<trkpt lat="54.393154" lon="18.809090"><time>2026-05-24T09:42:01.900Z</time></trkpt>
<trkpt lat="54.393153" lon="18.809140"><time>2026-05-24T09:42:03.900Z</time></trkpt>
<trkpt lat="54.393146" lon="18.809168"><time>2026-05-24T09:42:05.900Z</time></trkpt>
<trkpt lat="54.393142" lon="18.809200"><time>2026-05-24T09:42:07.900Z</time></trkpt>
<trkpt lat="54.393142" lon="18.809240"><time>2026-05-24T09:42:09.900Z</time></trkpt>
<trkpt lat="54.393141" lon="18.809281"><time>2026-05-24T09:42:11.900Z</time></trkpt>
<trkpt lat="54.393144" lon="18.809322"><time>2026-05-24T09:42:13.900Z</time></trkpt>
<trkpt lat="54.393143" lon="18.809359"><time>2026-05-24T09:42:15.900Z</time></trkpt>
<trkpt lat="54.393142" lon="18.809395"><time>2026-05-24T09:42:17.900Z</time></trkpt>
<trkpt lat="54.393139" lon="18.809434"><time>2026-05-24T09:42:19.900Z</time></trkpt>
<trkpt lat="54.393139" lon="18.809468"><time>2026-05-24T09:42:21.900Z</time></trkpt>
<trkpt lat="54.393140" lon="18.809508"><time>2026-05-24T09:42:23.900Z</time></trkpt>
<trkpt lat="54.393129" lon="18.809548"><time>2026-05-24T09:42:25.900Z</time></trkpt>
<trkpt lat="54.393126" lon="18.809592"><time>2026-05-24T09:42:27.900Z</time></trkpt>
<trkpt lat="54.393132" lon="18.809620"><time>2026-05-24T09:42:29.900Z</time></trkpt>
<trkpt lat="54.393138" lon="18.809666"><time>2026-05-24T09:42:31.900Z</time></trkpt>
<trkpt lat="54.393145" lon="18.809706"><time>2026-05-24T09:42:33.900Z</time></trkpt>
<trkpt lat="54.393150" lon="18.809753"><time>2026-05-24T09:42:35.900Z</time></trkpt>
<trkpt lat="54.393149" lon="18.809793"><time>2026-05-24T09:42:37.900Z</time></trkpt>
<trkpt lat="54.393159" lon="18.809847"><time>2026-05-24T09:42:39.900Z</time></trkpt>
<trkpt lat="54.393168" lon="18.809895"><time>2026-05-24T09:42:41.900Z</time></trkpt>
<trkpt lat="54.393167" lon="18.809953"><time>2026-05-24T09:42:43.900Z</time></trkpt>
<trkpt lat="54.393169" lon="18.810012"><time>2026-05-24T09:42:45.900Z</time></trkpt>
<trkpt lat="54.393177" lon="18.810068"><time>2026-05-24T09:42:47.900Z</time></trkpt>
<trkpt lat="54.393179" lon="18.810120"><time>2026-05-24T09:42:49.900Z</time></trkpt>
<trkpt lat="54.393175" lon="18.810184"><time>2026-05-24T09:42:51.900Z</time></trkpt>
<trkpt lat="54.393181" lon="18.810244"><time>2026-05-24T09:42:53.900Z</time></trkpt>
<trkpt lat="54.393184" lon="18.810310"><time>2026-05-24T09:42:56.000Z</time></trkpt>
<trkpt lat="54.393187" lon="18.810374"><time>2026-05-24T09:42:58.000Z</time></trkpt>
<trkpt lat="54.393194" lon="18.810440"><time>2026-05-24T09:43:00.000Z</time></trkpt>
<trkpt lat="54.393203" lon="18.810512"><time>2026-05-24T09:43:02.000Z</time></trkpt>
<trkpt lat="54.393212" lon="18.810574"><time>2026-05-24T09:43:04.000Z</time></trkpt>
<trkpt lat="54.393220" lon="18.810647"><time>2026-05-24T09:43:06.000Z</time></trkpt>
<trkpt lat="54.393230" lon="18.810714"><time>2026-05-24T09:43:08.000Z</time></trkpt>
<trkpt lat="54.393234" lon="18.810786"><time>2026-05-24T09:43:10.000Z</time></trkpt>
<trkpt lat="54.393242" lon="18.810869"><time>2026-05-24T09:43:12.000Z</time></trkpt>
<trkpt lat="54.393244" lon="18.810929"><time>2026-05-24T09:43:14.000Z</time></trkpt>
<trkpt lat="54.393254" lon="18.810995"><time>2026-05-24T09:43:16.000Z</time></trkpt>
<trkpt lat="54.393261" lon="18.811066"><time>2026-05-24T09:43:18.000Z</time></trkpt>
<trkpt lat="54.393271" lon="18.811133"><time>2026-05-24T09:43:20.000Z</time></trkpt>
<trkpt lat="54.393277" lon="18.811197"><time>2026-05-24T09:43:22.000Z</time></trkpt>
<trkpt lat="54.393281" lon="18.811267"><time>2026-05-24T09:43:24.000Z</time></trkpt>
<trkpt lat="54.393288" lon="18.811332"><time>2026-05-24T09:43:26.000Z</time></trkpt>
<trkpt lat="54.393297" lon="18.811397"><time>2026-05-24T09:43:28.000Z</time></trkpt>
<trkpt lat="54.393304" lon="18.811461"><time>2026-05-24T09:43:30.000Z</time></trkpt>
<trkpt lat="54.393311" lon="18.811526"><time>2026-05-24T09:43:32.000Z</time></trkpt>
<trkpt lat="54.393313" lon="18.811591"><time>2026-05-24T09:43:34.000Z</time></trkpt>
<trkpt lat="54.393311" lon="18.811659"><time>2026-05-24T09:43:36.000Z</time></trkpt>
<trkpt lat="54.393315" lon="18.811728"><time>2026-05-24T09:43:38.000Z</time></trkpt>
<trkpt lat="54.393324" lon="18.811795"><time>2026-05-24T09:43:40.000Z</time></trkpt>
<trkpt lat="54.393328" lon="18.811860"><time>2026-05-24T09:43:42.000Z</time></trkpt>
<trkpt lat="54.393333" lon="18.811927"><time>2026-05-24T09:43:44.000Z</time></trkpt>
<trkpt lat="54.393331" lon="18.811989"><time>2026-05-24T09:43:46.000Z</time></trkpt>
<trkpt lat="54.393327" lon="18.812054"><time>2026-05-24T09:43:47.900Z</time></trkpt>
<trkpt lat="54.393320" lon="18.812122"><time>2026-05-24T09:43:49.900Z</time></trkpt>
<trkpt lat="54.393315" lon="18.812185"><time>2026-05-24T09:43:51.900Z</time></trkpt>
<trkpt lat="54.393304" lon="18.812249"><time>2026-05-24T09:43:53.900Z</time></trkpt>
<trkpt lat="54.393295" lon="18.812308"><time>2026-05-24T09:43:55.900Z</time></trkpt>
<trkpt lat="54.393294" lon="18.812363"><time>2026-05-24T09:43:57.900Z</time></trkpt>
<trkpt lat="54.393289" lon="18.812420"><time>2026-05-24T09:43:59.900Z</time></trkpt>
<trkpt lat="54.393282" lon="18.812473"><time>2026-05-24T09:44:01.900Z</time></trkpt>
<trkpt lat="54.393276" lon="18.812528"><time>2026-05-24T09:44:03.900Z</time></trkpt>
<trkpt lat="54.393265" lon="18.812583"><time>2026-05-24T09:44:05.900Z</time></trkpt>
<trkpt lat="54.393263" lon="18.812642"><time>2026-05-24T09:44:07.900Z</time></trkpt>
<trkpt lat="54.393259" lon="18.812693"><time>2026-05-24T09:44:09.900Z</time></trkpt>
<trkpt lat="54.393254" lon="18.812745"><time>2026-05-24T09:44:11.900Z</time></trkpt>
<trkpt lat="54.393248" lon="18.812794"><time>2026-05-24T09:44:13.900Z</time></trkpt>
<trkpt lat="54.393242" lon="18.812848"><time>2026-05-24T09:44:15.900Z</time></trkpt>
<trkpt lat="54.393238" lon="18.812896"><time>2026-05-24T09:44:17.900Z</time></trkpt>
<trkpt lat="54.393235" lon="18.812949"><time>2026-05-24T09:44:19.900Z</time></trkpt>
<trkpt lat="54.393233" lon="18.812999"><time>2026-05-24T09:44:21.900Z</time></trkpt>
<trkpt lat="54.393225" lon="18.813045"><time>2026-05-24T09:44:23.900Z</time></trkpt>
<trkpt lat="54.393218" lon="18.813090"><time>2026-05-24T09:44:25.900Z</time></trkpt>
<trkpt lat="54.393211" lon="18.813136"><time>2026-05-24T09:44:27.900Z</time></trkpt>
<trkpt lat="54.393204" lon="18.813178"><time>2026-05-24T09:44:29.900Z</time></trkpt>
<trkpt lat="54.393196" lon="18.813226"><time>2026-05-24T09:44:31.900Z</time></trkpt>
<trkpt lat="54.393190" lon="18.813266"><time>2026-05-24T09:44:33.900Z</time></trkpt>
<trkpt lat="54.393185" lon="18.813310"><time>2026-05-24T09:44:35.900Z</time></trkpt>
<trkpt lat="54.393180" lon="18.813348"><time>2026-05-24T09:44:37.900Z</time></trkpt>
<trkpt lat="54.393169" lon="18.813389"><time>2026-05-24T09:44:39.900Z</time></trkpt>
<trkpt lat="54.393158" lon="18.813430"><time>2026-05-24T09:44:41.900Z</time></trkpt>
<trkpt lat="54.393143" lon="18.813472"><time>2026-05-24T09:44:43.900Z</time></trkpt>
<trkpt lat="54.393134" lon="18.813514"><time>2026-05-24T09:44:45.900Z</time></trkpt>
<trkpt lat="54.393126" lon="18.813562"><time>2026-05-24T09:44:47.900Z</time></trkpt>
<trkpt lat="54.393123" lon="18.813605"><time>2026-05-24T09:44:49.900Z</time></trkpt>
<trkpt lat="54.393119" lon="18.813647"><time>2026-05-24T09:44:51.900Z</time></trkpt>
<trkpt lat="54.393114" lon="18.813692"><time>2026-05-24T09:44:53.900Z</time></trkpt>
<trkpt lat="54.393107" lon="18.813740"><time>2026-05-24T09:44:55.900Z</time></trkpt>
<trkpt lat="54.393102" lon="18.813791"><time>2026-05-24T09:44:57.900Z</time></trkpt>
<trkpt lat="54.393092" lon="18.813839"><time>2026-05-24T09:44:59.900Z</time></trkpt>
<trkpt lat="54.393083" lon="18.813890"><time>2026-05-24T09:45:02.000Z</time></trkpt>
<trkpt lat="54.393074" lon="18.813940"><time>2026-05-24T09:45:04.000Z</time></trkpt>
<trkpt lat="54.393061" lon="18.813989"><time>2026-05-24T09:45:06.000Z</time></trkpt>
<trkpt lat="54.393050" lon="18.814045"><time>2026-05-24T09:45:08.000Z</time></trkpt>
<trkpt lat="54.393037" lon="18.814097"><time>2026-05-24T09:45:10.000Z</time></trkpt>
<trkpt lat="54.393028" lon="18.814151"><time>2026-05-24T09:45:12.000Z</time></trkpt>
<trkpt lat="54.393012" lon="18.814210"><time>2026-05-24T09:45:14.000Z</time></trkpt>
<trkpt lat="54.393000" lon="18.814263"><time>2026-05-24T09:45:16.000Z</time></trkpt>
<trkpt lat="54.392983" lon="18.814315"><time>2026-05-24T09:45:18.000Z</time></trkpt>
<trkpt lat="54.392970" lon="18.814367"><time>2026-05-24T09:45:20.000Z</time></trkpt>
<trkpt lat="54.392957" lon="18.814419"><time>2026-05-24T09:45:22.000Z</time></trkpt>
<trkpt lat="54.392942" lon="18.814470"><time>2026-05-24T09:45:24.000Z</time></trkpt>
<trkpt lat="54.392932" lon="18.814506"><time>2026-05-24T09:45:26.000Z</time></trkpt>
<trkpt lat="54.392916" lon="18.814574"><time>2026-05-24T09:45:28.000Z</time></trkpt>
<trkpt lat="54.392899" lon="18.814623"><time>2026-05-24T09:45:30.000Z</time></trkpt>
<trkpt lat="54.392885" lon="18.814673"><time>2026-05-24T09:45:32.000Z</time></trkpt>
<trkpt lat="54.392869" lon="18.814723"><time>2026-05-24T09:45:34.000Z</time></trkpt>
<trkpt lat="54.392857" lon="18.814773"><time>2026-05-24T09:45:36.000Z</time></trkpt>
<trkpt lat="54.392842" lon="18.814824"><time>2026-05-24T09:45:38.000Z</time></trkpt>
<trkpt lat="54.392830" lon="18.814874"><time>2026-05-24T09:45:40.000Z</time></trkpt>
<trkpt lat="54.392813" lon="18.814921"><time>2026-05-24T09:45:42.000Z</time></trkpt>
<trkpt lat="54.392797" lon="18.814970"><time>2026-05-24T09:45:44.000Z</time></trkpt>
<trkpt lat="54.392776" lon="18.815017"><time>2026-05-24T09:45:46.000Z</time></trkpt>
<trkpt lat="54.392755" lon="18.815061"><time>2026-05-24T09:45:48.000Z</time></trkpt>
<trkpt lat="54.392734" lon="18.815111"><time>2026-05-24T09:45:50.000Z</time></trkpt>
<trkpt lat="54.392719" lon="18.815164"><time>2026-05-24T09:45:52.000Z</time></trkpt>
<trkpt lat="54.392705" lon="18.815215"><time>2026-05-24T09:45:54.000Z</time></trkpt>
<trkpt lat="54.392694" lon="18.815268"><time>2026-05-24T09:45:55.900Z</time></trkpt>
<trkpt lat="54.392683" lon="18.815321"><time>2026-05-24T09:45:57.900Z</time></trkpt>
<trkpt lat="54.392671" lon="18.815363"><time>2026-05-24T09:45:59.900Z</time></trkpt>
<trkpt lat="54.392664" lon="18.815415"><time>2026-05-24T09:46:01.900Z</time></trkpt>
<trkpt lat="54.392660" lon="18.815487"><time>2026-05-24T09:46:03.900Z</time></trkpt>
<trkpt lat="54.392652" lon="18.815532"><time>2026-05-24T09:46:05.900Z</time></trkpt>
<trkpt lat="54.392649" lon="18.815586"><time>2026-05-24T09:46:07.900Z</time></trkpt>
<trkpt lat="54.392627" lon="18.815647"><time>2026-05-24T09:46:09.900Z</time></trkpt>
<trkpt lat="54.392616" lon="18.815700"><time>2026-05-24T09:46:11.900Z</time></trkpt>
<trkpt lat="54.392609" lon="18.815771"><time>2026-05-24T09:46:13.900Z</time></trkpt>
<trkpt lat="54.392596" lon="18.815825"><time>2026-05-24T09:46:15.900Z</time></trkpt>
<trkpt lat="54.392585" lon="18.815885"><time>2026-05-24T09:46:17.900Z</time></trkpt>
<trkpt lat="54.392573" lon="18.815945"><time>2026-05-24T09:46:19.900Z</time></trkpt>
<trkpt lat="54.392562" lon="18.816001"><time>2026-05-24T09:46:21.900Z</time></trkpt>
<trkpt lat="54.392551" lon="18.816063"><time>2026-05-24T09:46:23.900Z</time></trkpt>
<trkpt lat="54.392542" lon="18.816126"><time>2026-05-24T09:46:25.900Z</time></trkpt>
<trkpt lat="54.392535" lon="18.816194"><time>2026-05-24T09:46:27.900Z</time></trkpt>
<trkpt lat="54.392530" lon="18.816254"><time>2026-05-24T09:46:29.900Z</time></trkpt>
<trkpt lat="54.392519" lon="18.816324"><time>2026-05-24T09:46:31.900Z</time></trkpt>
<trkpt lat="54.392508" lon="18.816387"><time>2026-05-24T09:46:33.900Z</time></trkpt>
<trkpt lat="54.392498" lon="18.816458"><time>2026-05-24T09:46:35.900Z</time></trkpt>
<trkpt lat="54.392491" lon="18.816529"><time>2026-05-24T09:46:37.900Z</time></trkpt>
<trkpt lat="54.392483" lon="18.816598"><time>2026-05-24T09:46:39.900Z</time></trkpt>
<trkpt lat="54.392470" lon="18.816665"><time>2026-05-24T09:46:41.900Z</time></trkpt>
<trkpt lat="54.392460" lon="18.816745"><time>2026-05-24T09:46:43.900Z</time></trkpt>
<trkpt lat="54.392452" lon="18.816813"><time>2026-05-24T09:46:45.900Z</time></trkpt>
<trkpt lat="54.392440" lon="18.816893"><time>2026-05-24T09:46:47.900Z</time></trkpt>
<trkpt lat="54.392442" lon="18.816961"><time>2026-05-24T09:46:49.900Z</time></trkpt>
<trkpt lat="54.392431" lon="18.817033"><time>2026-05-24T09:46:51.900Z</time></trkpt>
<trkpt lat="54.392417" lon="18.817099"><time>2026-05-24T09:46:53.900Z</time></trkpt>
<trkpt lat="54.392402" lon="18.817171"><time>2026-05-24T09:46:55.900Z</time></trkpt>
<trkpt lat="54.392391" lon="18.817244"><time>2026-05-24T09:46:57.900Z</time></trkpt>
<trkpt lat="54.392376" lon="18.817310"><time>2026-05-24T09:46:59.900Z</time></trkpt>
<trkpt lat="54.392358" lon="18.817375"><time>2026-05-24T09:47:01.900Z</time></trkpt>
<trkpt lat="54.392342" lon="18.817439"><time>2026-05-24T09:47:03.900Z</time></trkpt>
<trkpt lat="54.392321" lon="18.817505"><time>2026-05-24T09:47:05.900Z</time></trkpt>
<trkpt lat="54.392303" lon="18.817570"><time>2026-05-24T09:47:08.000Z</time></trkpt>
<trkpt lat="54.392283" lon="18.817638"><time>2026-05-24T09:47:10.000Z</time></trkpt>
<trkpt lat="54.392267" lon="18.817704"><time>2026-05-24T09:47:12.000Z</time></trkpt>
<trkpt lat="54.392245" lon="18.817773"><time>2026-05-24T09:47:14.000Z</time></trkpt>
<trkpt lat="54.392224" lon="18.817839"><time>2026-05-24T09:47:16.000Z</time></trkpt>
<trkpt lat="54.392204" lon="18.817905"><time>2026-05-24T09:47:18.000Z</time></trkpt>
<trkpt lat="54.392180" lon="18.817970"><time>2026-05-24T09:47:20.000Z</time></trkpt>
<trkpt lat="54.392157" lon="18.818031"><time>2026-05-24T09:47:22.000Z</time></trkpt>
<trkpt lat="54.392139" lon="18.818101"><time>2026-05-24T09:47:24.000Z</time></trkpt>
<trkpt lat="54.392124" lon="18.818170"><time>2026-05-24T09:47:26.000Z</time></trkpt>
<trkpt lat="54.392093" lon="18.818237"><time>2026-05-24T09:47:28.000Z</time></trkpt>
<trkpt lat="54.392072" lon="18.818303"><time>2026-05-24T09:47:30.000Z</time></trkpt>
<trkpt lat="54.392049" lon="18.818364"><time>2026-05-24T09:47:32.000Z</time></trkpt>
<trkpt lat="54.392023" lon="18.818424"><time>2026-05-24T09:47:34.000Z</time></trkpt>
<trkpt lat="54.391998" lon="18.818480"><time>2026-05-24T09:47:36.000Z</time></trkpt>
<trkpt lat="54.391979" lon="18.818539"><time>2026-05-24T09:47:38.000Z</time></trkpt>
<trkpt lat="54.391959" lon="18.818605"><time>2026-05-24T09:47:40.000Z</time></trkpt>
<trkpt lat="54.391942" lon="18.818669"><time>2026-05-24T09:47:42.000Z</time></trkpt>
<trkpt lat="54.391926" lon="18.818737"><time>2026-05-24T09:47:44.000Z</time></trkpt>
<trkpt lat="54.391904" lon="18.818802"><time>2026-05-24T09:47:46.000Z</time></trkpt>
<trkpt lat="54.391886" lon="18.818868"><time>2026-05-24T09:47:48.000Z</time></trkpt>
<trkpt lat="54.391866" lon="18.818934"><time>2026-05-24T09:47:50.000Z</time></trkpt>
<trkpt lat="54.391852" lon="18.819012"><time>2026-05-24T09:47:52.000Z</time></trkpt>
<trkpt lat="54.391837" lon="18.819082"><time>2026-05-24T09:47:54.000Z</time></trkpt>
<trkpt lat="54.391828" lon="18.819147"><time>2026-05-24T09:47:56.000Z</time></trkpt>
<trkpt lat="54.391820" lon="18.819212"><time>2026-05-24T09:47:57.900Z</time></trkpt>
<trkpt lat="54.391819" lon="18.819286"><time>2026-05-24T09:47:59.900Z</time></trkpt>
<trkpt lat="54.391817" lon="18.819355"><time>2026-05-24T09:48:01.900Z</time></trkpt>
<trkpt lat="54.391814" lon="18.819428"><time>2026-05-24T09:48:03.900Z</time></trkpt>
<trkpt lat="54.391806" lon="18.819506"><time>2026-05-24T09:48:05.900Z</time></trkpt>
<trkpt lat="54.391798" lon="18.819583"><time>2026-05-24T09:48:07.900Z</time></trkpt>
<trkpt lat="54.391789" lon="18.819654"><time>2026-05-24T09:48:09.900Z</time></trkpt>
<trkpt lat="54.391786" lon="18.819728"><time>2026-05-24T09:48:11.900Z</time></trkpt>
<trkpt lat="54.391784" lon="18.819800"><time>2026-05-24T09:48:13.900Z</time></trkpt>
<trkpt lat="54.391782" lon="18.819877"><time>2026-05-24T09:48:15.900Z</time></trkpt>
<trkpt lat="54.391774" lon="18.819950"><time>2026-05-24T09:48:17.900Z</time></trkpt>
<trkpt lat="54.391764" lon="18.820030"><time>2026-05-24T09:48:19.900Z</time></trkpt>
<trkpt lat="54.391756" lon="18.820103"><time>2026-05-24T09:48:21.900Z</time></trkpt>
<trkpt lat="54.391746" lon="18.820171"><time>2026-05-24T09:48:23.900Z</time></trkpt>
<trkpt lat="54.391741" lon="18.820241"><time>2026-05-24T09:48:25.900Z</time></trkpt>
<trkpt lat="54.391729" lon="18.820313"><time>2026-05-24T09:48:27.900Z</time></trkpt>
<trkpt lat="54.391723" lon="18.820376"><time>2026-05-24T09:48:29.900Z</time></trkpt>
<trkpt lat="54.391722" lon="18.820467"><time>2026-05-24T09:48:31.900Z</time></trkpt>
<trkpt lat="54.391708" lon="18.820543"><time>2026-05-24T09:48:33.900Z</time></trkpt>
<trkpt lat="54.391693" lon="18.820622"><time>2026-05-24T09:48:35.900Z</time></trkpt>
<trkpt lat="54.391675" lon="18.820693"><time>2026-05-24T09:48:37.900Z</time></trkpt>
<trkpt lat="54.391660" lon="18.820764"><time>2026-05-24T09:48:39.900Z</time></trkpt>
<trkpt lat="54.391649" lon="18.820835"><time>2026-05-24T09:48:41.900Z</time></trkpt>
<trkpt lat="54.391636" lon="18.820910"><time>2026-05-24T09:48:43.900Z</time></trkpt>
<trkpt lat="54.391623" lon="18.820976"><time>2026-05-24T09:48:45.900Z</time></trkpt>
<trkpt lat="54.391610" lon="18.821051"><time>2026-05-24T09:48:47.900Z</time></trkpt>
<trkpt lat="54.391592" lon="18.821125"><time>2026-05-24T09:48:49.900Z</time></trkpt>
<trkpt lat="54.391581" lon="18.821202"><time>2026-05-24T09:48:51.900Z</time></trkpt>
<trkpt lat="54.391571" lon="18.821280"><time>2026-05-24T09:48:53.900Z</time></trkpt>
<trkpt lat="54.391561" lon="18.821356"><time>2026-05-24T09:48:55.900Z</time></trkpt>
<trkpt lat="54.391548" lon="18.821436"><time>2026-05-24T09:48:57.900Z</time></trkpt>
<trkpt lat="54.391532" lon="18.821511"><time>2026-05-24T09:48:59.900Z</time></trkpt>
<trkpt lat="54.391514" lon="18.821582"><time>2026-05-24T09:49:01.900Z</time></trkpt>
<trkpt lat="54.391499" lon="18.821657"><time>2026-05-24T09:49:03.900Z</time></trkpt>
<trkpt lat="54.391487" lon="18.821734"><time>2026-05-24T09:49:05.900Z</time></trkpt>
<trkpt lat="54.391476" lon="18.821808"><time>2026-05-24T09:49:07.900Z</time></trkpt>
<trkpt lat="54.391464" lon="18.821883"><time>2026-05-24T09:49:09.900Z</time></trkpt>
<trkpt lat="54.391451" lon="18.821962"><time>2026-05-24T09:49:12.000Z</time></trkpt>
<trkpt lat="54.391443" lon="18.822036"><time>2026-05-24T09:49:14.000Z</time></trkpt>
<trkpt lat="54.391431" lon="18.822105"><time>2026-05-24T09:49:16.000Z</time></trkpt>
<trkpt lat="54.391416" lon="18.822176"><time>2026-05-24T09:49:18.000Z</time></trkpt>
<trkpt lat="54.391407" lon="18.822251"><time>2026-05-24T09:49:20.000Z</time></trkpt>
<trkpt lat="54.391398" lon="18.822327"><time>2026-05-24T09:49:22.000Z</time></trkpt>
<trkpt lat="54.391387" lon="18.822404"><time>2026-05-24T09:49:24.000Z</time></trkpt>
<trkpt lat="54.391380" lon="18.822481"><time>2026-05-24T09:49:26.000Z</time></trkpt>
<trkpt lat="54.391373" lon="18.822557"><time>2026-05-24T09:49:28.000Z</time></trkpt>
<trkpt lat="54.391367" lon="18.822635"><time>2026-05-24T09:49:30.000Z</time></trkpt>
<trkpt lat="54.391361" lon="18.822713"><time>2026-05-24T09:49:32.000Z</time></trkpt>
<trkpt lat="54.391350" lon="18.822791"><time>2026-05-24T09:49:34.000Z</time></trkpt>
<trkpt lat="54.391345" lon="18.822863"><time>2026-05-24T09:49:36.000Z</time></trkpt>
<trkpt lat="54.391341" lon="18.822940"><time>2026-05-24T09:49:38.000Z</time></trkpt>
<trkpt lat="54.391337" lon="18.823018"><time>2026-05-24T09:49:40.000Z</time></trkpt>
<trkpt lat="54.391337" lon="18.823087"><time>2026-05-24T09:49:42.000Z</time></trkpt>
<trkpt lat="54.391339" lon="18.823174"><time>2026-05-24T09:49:44.000Z</time></trkpt>
<trkpt lat="54.391350" lon="18.823226"><time>2026-05-24T09:49:46.000Z</time></trkpt>
<trkpt lat="54.391344" lon="18.823314"><time>2026-05-24T09:49:48.000Z</time></trkpt>
<trkpt lat="54.391350" lon="18.823399"><time>2026-05-24T09:49:50.000Z</time></trkpt>
<trkpt lat="54.391353" lon="18.823471"><time>2026-05-24T09:49:52.000Z</time></trkpt>
<trkpt lat="54.391356" lon="18.823556"><time>2026-05-24T09:49:54.000Z</time></trkpt>
<trkpt lat="54.391361" lon="18.823637"><time>2026-05-24T09:49:56.000Z</time></trkpt>
<trkpt lat="54.391370" lon="18.823717"><time>2026-05-24T09:49:58.000Z</time></trkpt>
<trkpt lat="54.391377" lon="18.823793"><time>2026-05-24T09:50:00.000Z</time></trkpt>
<trkpt lat="54.391388" lon="18.823874"><time>2026-05-24T09:50:01.900Z</time></trkpt>
<trkpt lat="54.391397" lon="18.823959"><time>2026-05-24T09:50:03.900Z</time></trkpt>
<trkpt lat="54.391405" lon="18.824037"><time>2026-05-24T09:50:05.900Z</time></trkpt>
<trkpt lat="54.391413" lon="18.824119"><time>2026-05-24T09:50:07.900Z</time></trkpt>
<trkpt lat="54.391424" lon="18.824202"><time>2026-05-24T09:50:09.900Z</time></trkpt>
<trkpt lat="54.391439" lon="18.824286"><time>2026-05-24T09:50:11.900Z</time></trkpt>
<trkpt lat="54.391449" lon="18.824373"><time>2026-05-24T09:50:13.900Z</time></trkpt>
<trkpt lat="54.391451" lon="18.824463"><time>2026-05-24T09:50:15.900Z</time></trkpt>
<trkpt lat="54.391452" lon="18.824552"><time>2026-05-24T09:50:17.900Z</time></trkpt>
<trkpt lat="54.391463" lon="18.824635"><time>2026-05-24T09:50:19.900Z</time></trkpt>
<trkpt lat="54.391474" lon="18.824724"><time>2026-05-24T09:50:21.900Z</time></trkpt>
<trkpt lat="54.391484" lon="18.824813"><time>2026-05-24T09:50:23.900Z</time></trkpt>
<trkpt lat="54.391494" lon="18.824905"><time>2026-05-24T09:50:25.900Z</time></trkpt>
<trkpt lat="54.391501" lon="18.824995"><time>2026-05-24T09:50:27.900Z</time></trkpt>
<trkpt lat="54.391506" lon="18.825086"><time>2026-05-24T09:50:29.900Z</time></trkpt>
<trkpt lat="54.391513" lon="18.825175"><time>2026-05-24T09:50:31.900Z</time></trkpt>
<trkpt lat="54.391526" lon="18.825265"><time>2026-05-24T09:50:33.900Z</time></trkpt>
<trkpt lat="54.391537" lon="18.825353"><time>2026-05-24T09:50:35.900Z</time></trkpt>
<trkpt lat="54.391550" lon="18.825436"><time>2026-05-24T09:50:37.900Z</time></trkpt>
<trkpt lat="54.391566" lon="18.825521"><time>2026-05-24T09:50:39.900Z</time></trkpt>
<trkpt lat="54.391576" lon="18.825603"><time>2026-05-24T09:50:41.900Z</time></trkpt>
<trkpt lat="54.391587" lon="18.825688"><time>2026-05-24T09:50:43.900Z</time></trkpt>
<trkpt lat="54.391598" lon="18.825772"><time>2026-05-24T09:50:45.900Z</time></trkpt>
<trkpt lat="54.391613" lon="18.825861"><time>2026-05-24T09:50:47.900Z</time></trkpt>
<trkpt lat="54.391623" lon="18.825946"><time>2026-05-24T09:50:49.900Z</time></trkpt>
<trkpt lat="54.391637" lon="18.826012"><time>2026-05-24T09:50:51.900Z</time></trkpt>
<trkpt lat="54.391655" lon="18.826106"><time>2026-05-24T09:50:53.900Z</time></trkpt>
<trkpt lat="54.391673" lon="18.826215"><time>2026-05-24T09:50:55.900Z</time></trkpt>
<trkpt lat="54.391692" lon="18.826316"><time>2026-05-24T09:50:57.900Z</time></trkpt>
<trkpt lat="54.391704" lon="18.826403"><time>2026-05-24T09:50:59.900Z</time></trkpt>
<trkpt lat="54.391715" lon="18.826499"><time>2026-05-24T09:51:01.900Z</time></trkpt>
<trkpt lat="54.391726" lon="18.826587"><time>2026-05-24T09:51:03.900Z</time></trkpt>
<trkpt lat="54.391741" lon="18.826680"><time>2026-05-24T09:51:05.900Z</time></trkpt>
<trkpt lat="54.391747" lon="18.826768"><time>2026-05-24T09:51:07.900Z</time></trkpt>
<trkpt lat="54.391758" lon="18.826858"><time>2026-05-24T09:51:09.900Z</time></trkpt>
<trkpt lat="54.391776" lon="18.826939"><time>2026-05-24T09:51:11.900Z</time></trkpt>
<trkpt lat="54.391797" lon="18.827018"><time>2026-05-24T09:51:13.900Z</time></trkpt>
<trkpt lat="54.391811" lon="18.827103"><time>2026-05-24T09:51:15.900Z</time></trkpt>
<trkpt lat="54.391826" lon="18.827182"><time>2026-05-24T09:51:18.000Z</time></trkpt>
<trkpt lat="54.391840" lon="18.827262"><time>2026-05-24T09:51:20.000Z</time></trkpt>
<trkpt lat="54.391857" lon="18.827341"><time>2026-05-24T09:51:22.000Z</time></trkpt>
<trkpt lat="54.391873" lon="18.827422"><time>2026-05-24T09:51:24.000Z</time></trkpt>
<trkpt lat="54.391889" lon="18.827500"><time>2026-05-24T09:51:26.000Z</time></trkpt>
<trkpt lat="54.391906" lon="18.827580"><time>2026-05-24T09:51:28.000Z</time></trkpt>
<trkpt lat="54.391916" lon="18.827660"><time>2026-05-24T09:51:30.000Z</time></trkpt>
<trkpt lat="54.391919" lon="18.827739"><time>2026-05-24T09:51:32.000Z</time></trkpt>
<trkpt lat="54.391939" lon="18.827811"><time>2026-05-24T09:51:34.000Z</time></trkpt>
<trkpt lat="54.391956" lon="18.827881"><time>2026-05-24T09:51:36.000Z</time></trkpt>
<trkpt lat="54.391971" lon="18.827956"><time>2026-05-24T09:51:38.000Z</time></trkpt>
<trkpt lat="54.391989" lon="18.828029"><time>2026-05-24T09:51:40.000Z</time></trkpt>
<trkpt lat="54.392004" lon="18.828102"><time>2026-05-24T09:51:42.000Z</time></trkpt>
<trkpt lat="54.392014" lon="18.828178"><time>2026-05-24T09:51:44.000Z</time></trkpt>
<trkpt lat="54.392025" lon="18.828257"><time>2026-05-24T09:51:46.000Z</time></trkpt>
<trkpt lat="54.392038" lon="18.828331"><time>2026-05-24T09:51:48.000Z</time></trkpt>
<trkpt lat="54.392053" lon="18.828408"><time>2026-05-24T09:51:50.000Z</time></trkpt>
<trkpt lat="54.392063" lon="18.828483"><time>2026-05-24T09:51:52.000Z</time></trkpt>
<trkpt lat="54.392080" lon="18.828562"><time>2026-05-24T09:51:54.000Z</time></trkpt>
<trkpt lat="54.392095" lon="18.828641"><time>2026-05-24T09:51:56.000Z</time></trkpt>
<trkpt lat="54.392107" lon="18.828721"><time>2026-05-24T09:51:58.000Z</time></trkpt>
<trkpt lat="54.392118" lon="18.828797"><time>2026-05-24T09:52:00.000Z</time></trkpt>
<trkpt lat="54.392130" lon="18.828875"><time>2026-05-24T09:52:02.000Z</time></trkpt>
<trkpt lat="54.392145" lon="18.828951"><time>2026-05-24T09:52:04.000Z</time></trkpt>
<trkpt lat="54.392160" lon="18.829030"><time>2026-05-24T09:52:06.000Z</time></trkpt>
<trkpt lat="54.392175" lon="18.829110"><time>2026-05-24T09:52:07.900Z</time></trkpt>
<trkpt lat="54.392188" lon="18.829190"><time>2026-05-24T09:52:09.900Z</time></trkpt>
<trkpt lat="54.392202" lon="18.829270"><time>2026-05-24T09:52:11.900Z</time></trkpt>
<trkpt lat="54.392219" lon="18.829346"><time>2026-05-24T09:52:13.900Z</time></trkpt>
<trkpt lat="54.392234" lon="18.829424"><time>2026-05-24T09:52:15.900Z</time></trkpt>
<trkpt lat="54.392247" lon="18.829501"><time>2026-05-24T09:52:17.900Z</time></trkpt>
<trkpt lat="54.392261" lon="18.829586"><time>2026-05-24T09:52:19.900Z</time></trkpt>
<trkpt lat="54.392275" lon="18.829665"><time>2026-05-24T09:52:21.900Z</time></trkpt>
<trkpt lat="54.392293" lon="18.829741"><time>2026-05-24T09:52:23.900Z</time></trkpt>
<trkpt lat="54.392308" lon="18.829819"><time>2026-05-24T09:52:25.900Z</time></trkpt>
<trkpt lat="54.392320" lon="18.829894"><time>2026-05-24T09:52:27.900Z</time></trkpt>
<trkpt lat="54.392334" lon="18.829972"><time>2026-05-24T09:52:29.900Z</time></trkpt>
<trkpt lat="54.392346" lon="18.830051"><time>2026-05-24T09:52:31.900Z</time></trkpt>
<trkpt lat="54.392365" lon="18.830122"><time>2026-05-24T09:52:33.900Z</time></trkpt>
<trkpt lat="54.392382" lon="18.830197"><time>2026-05-24T09:52:35.900Z</time></trkpt>
<trkpt lat="54.392396" lon="18.830273"><time>2026-05-24T09:52:37.900Z</time></trkpt>
<trkpt lat="54.392410" lon="18.830351"><time>2026-05-24T09:52:39.900Z</time></trkpt>
<trkpt lat="54.392424" lon="18.830431"><time>2026-05-24T09:52:41.900Z</time></trkpt>
<trkpt lat="54.392434" lon="18.830509"><time>2026-05-24T09:52:43.900Z</time></trkpt>
<trkpt lat="54.392447" lon="18.830587"><time>2026-05-24T09:52:45.900Z</time></trkpt>
<trkpt lat="54.392459" lon="18.830665"><time>2026-05-24T09:52:47.900Z</time></trkpt>
<trkpt lat="54.392471" lon="18.830750"><time>2026-05-24T09:52:49.900Z</time></trkpt>
<trkpt lat="54.392478" lon="18.830834"><time>2026-05-24T09:52:51.900Z</time></trkpt>
<trkpt lat="54.392491" lon="18.830915"><time>2026-05-24T09:52:53.900Z</time></trkpt>
<trkpt lat="54.392499" lon="18.831001"><time>2026-05-24T09:52:55.900Z</time></trkpt>
<trkpt lat="54.392504" lon="18.831086"><time>2026-05-24T09:52:57.900Z</time></trkpt>
<trkpt lat="54.392508" lon="18.831173"><time>2026-05-24T09:52:59.900Z</time></trkpt>
<trkpt lat="54.392514" lon="18.831261"><time>2026-05-24T09:53:01.900Z</time></trkpt>
<trkpt lat="54.392521" lon="18.831348"><time>2026-05-24T09:53:03.900Z</time></trkpt>
<trkpt lat="54.392520" lon="18.831439"><time>2026-05-24T09:53:05.900Z</time></trkpt>
<trkpt lat="54.392521" lon="18.831527"><time>2026-05-24T09:53:07.900Z</time></trkpt>
<trkpt lat="54.392524" lon="18.831617"><time>2026-05-24T09:53:09.900Z</time></trkpt>
<trkpt lat="54.392524" lon="18.831706"><time>2026-05-24T09:53:11.900Z</time></trkpt>
<trkpt lat="54.392522" lon="18.831796"><time>2026-05-24T09:53:13.900Z</time></trkpt>
<trkpt lat="54.392521" lon="18.831886"><time>2026-05-24T09:53:15.900Z</time></trkpt>
<trkpt lat="54.392520" lon="18.831979"><time>2026-05-24T09:53:17.900Z</time></trkpt>
<trkpt lat="54.392520" lon="18.832067"><time>2026-05-24T09:53:19.900Z</time></trkpt>
<trkpt lat="54.392517" lon="18.832161"><time>2026-05-24T09:53:21.900Z</time></trkpt>
<trkpt lat="54.392520" lon="18.832252"><time>2026-05-24T09:53:24.000Z</time></trkpt>
<trkpt lat="54.392528" lon="18.832343"><time>2026-05-24T09:53:26.000Z</time></trkpt>
<trkpt lat="54.392534" lon="18.832435"><time>2026-05-24T09:53:28.000Z</time></trkpt>
<trkpt lat="54.392540" lon="18.832525"><time>2026-05-24T09:53:30.000Z</time></trkpt>
<trkpt lat="54.392545" lon="18.832614"><time>2026-05-24T09:53:32.000Z</time></trkpt>
<trkpt lat="54.392552" lon="18.832701"><time>2026-05-24T09:53:34.000Z</time></trkpt>
<trkpt lat="54.392558" lon="18.832790"><time>2026-05-24T09:53:36.000Z</time></trkpt>
<trkpt lat="54.392565" lon="18.832877"><time>2026-05-24T09:53:38.000Z</time></trkpt>
<trkpt lat="54.392569" lon="18.832967"><time>2026-05-24T09:53:40.000Z</time></trkpt>
<trkpt lat="54.392576" lon="18.833053"><time>2026-05-24T09:53:42.000Z</time></trkpt>
<trkpt lat="54.392585" lon="18.833141"><time>2026-05-24T09:53:44.000Z</time></trkpt>
<trkpt lat="54.392595" lon="18.833230"><time>2026-05-24T09:53:46.000Z</time></trkpt>
<trkpt lat="54.392600" lon="18.833322"><time>2026-05-24T09:53:48.000Z</time></trkpt>
<trkpt lat="54.392607" lon="18.833409"><time>2026-05-24T09:53:50.000Z</time></trkpt>
<trkpt lat="54.392618" lon="18.833500"><time>2026-05-24T09:53:52.000Z</time></trkpt>
<trkpt lat="54.392627" lon="18.833589"><time>2026-05-24T09:53:54.000Z</time></trkpt>
<trkpt lat="54.392635" lon="18.833678"><time>2026-05-24T09:53:56.000Z</time></trkpt>
<trkpt lat="54.392639" lon="18.833770"><time>2026-05-24T09:53:58.000Z</time></trkpt>
<trkpt lat="54.392643" lon="18.833861"><time>2026-05-24T09:54:00.000Z</time></trkpt>
<trkpt lat="54.392649" lon="18.833953"><time>2026-05-24T09:54:02.000Z</time></trkpt>
<trkpt lat="54.392655" lon="18.834045"><time>2026-05-24T09:54:04.000Z</time></trkpt>
<trkpt lat="54.392664" lon="18.834134"><time>2026-05-24T09:54:06.000Z</time></trkpt>
<trkpt lat="54.392669" lon="18.834223"><time>2026-05-24T09:54:08.000Z</time></trkpt>
<trkpt lat="54.392679" lon="18.834312"><time>2026-05-24T09:54:10.000Z</time></trkpt>
<trkpt lat="54.392689" lon="18.834402"><time>2026-05-24T09:54:12.000Z</time></trkpt>
<trkpt lat="54.392699" lon="18.834490"><time>2026-05-24T09:54:13.900Z</time></trkpt>
<trkpt lat="54.392705" lon="18.834582"><time>2026-05-24T09:54:15.900Z</time></trkpt>
<trkpt lat="54.392707" lon="18.834673"><time>2026-05-24T09:54:17.900Z</time></trkpt>
<trkpt lat="54.392709" lon="18.834764"><time>2026-05-24T09:54:19.900Z</time></trkpt>
<trkpt lat="54.392718" lon="18.834852"><time>2026-05-24T09:54:21.900Z</time></trkpt>
<trkpt lat="54.392727" lon="18.834939"><time>2026-05-24T09:54:23.900Z</time></trkpt>
<trkpt lat="54.392736" lon="18.835029"><time>2026-05-24T09:54:25.900Z</time></trkpt>
<trkpt lat="54.392737" lon="18.835122"><time>2026-05-24T09:54:27.900Z</time></trkpt>
<trkpt lat="54.392748" lon="18.835212"><time>2026-05-24T09:54:29.900Z</time></trkpt>
<trkpt lat="54.392755" lon="18.835303"><time>2026-05-24T09:54:31.900Z</time></trkpt>
<trkpt lat="54.392767" lon="18.835393"><time>2026-05-24T09:54:33.900Z</time></trkpt>
<trkpt lat="54.392780" lon="18.835480"><time>2026-05-24T09:54:35.900Z</time></trkpt>
<trkpt lat="54.392797" lon="18.835568"><time>2026-05-24T09:54:37.900Z</time></trkpt>
<trkpt lat="54.392816" lon="18.835655"><time>2026-05-24T09:54:39.900Z</time></trkpt>
<trkpt lat="54.392833" lon="18.835743"><time>2026-05-24T09:54:41.900Z</time></trkpt>
<trkpt lat="54.392850" lon="18.835832"><time>2026-05-24T09:54:43.900Z</time></trkpt>
<trkpt lat="54.392868" lon="18.835924"><time>2026-05-24T09:54:45.900Z</time></trkpt>
<trkpt lat="54.392884" lon="18.836012"><time>2026-05-24T09:54:47.900Z</time></trkpt>
<trkpt lat="54.392899" lon="18.836102"><time>2026-05-24T09:54:49.900Z</time></trkpt>
<trkpt lat="54.392913" lon="18.836194"><time>2026-05-24T09:54:51.900Z</time></trkpt>
<trkpt lat="54.392924" lon="18.836285"><time>2026-05-24T09:54:53.900Z</time></trkpt>
<trkpt lat="54.392937" lon="18.836377"><time>2026-05-24T09:54:55.900Z</time></trkpt>
<trkpt lat="54.392953" lon="18.836468"><time>2026-05-24T09:54:57.900Z</time></trkpt>
<trkpt lat="54.392976" lon="18.836554"><time>2026-05-24T09:54:59.900Z</time></trkpt>
<trkpt lat="54.392995" lon="18.836641"><time>2026-05-24T09:55:01.900Z</time></trkpt>
<trkpt lat="54.393009" lon="18.836731"><time>2026-05-24T09:55:03.900Z</time></trkpt>
<trkpt lat="54.393024" lon="18.836821"><time>2026-05-24T09:55:05.900Z</time></trkpt>
<trkpt lat="54.393043" lon="18.836910"><time>2026-05-24T09:55:07.900Z</time></trkpt>
<trkpt lat="54.393059" lon="18.836997"><time>2026-05-24T09:55:09.900Z</time></trkpt>
<trkpt lat="54.393074" lon="18.837091"><time>2026-05-24T09:55:11.900Z</time></trkpt>
<trkpt lat="54.393085" lon="18.837186"><time>2026-05-24T09:55:13.900Z</time></trkpt>
<trkpt lat="54.393098" lon="18.837277"><time>2026-05-24T09:55:15.900Z</time></trkpt>
<trkpt lat="54.393115" lon="18.837368"><time>2026-05-24T09:55:17.900Z</time></trkpt>
<trkpt lat="54.393131" lon="18.837463"><time>2026-05-24T09:55:19.900Z</time></trkpt>
<trkpt lat="54.393142" lon="18.837558"><time>2026-05-24T09:55:21.900Z</time></trkpt>
<trkpt lat="54.393152" lon="18.837653"><time>2026-05-24T09:55:23.900Z</time></trkpt>
<trkpt lat="54.393165" lon="18.837749"><time>2026-05-24T09:55:25.900Z</time></trkpt>
<trkpt lat="54.393174" lon="18.837847"><time>2026-05-24T09:55:27.900Z</time></trkpt>
<trkpt lat="54.393182" lon="18.837947"><time>2026-05-24T09:55:30.000Z</time></trkpt>
<trkpt lat="54.393185" lon="18.838045"><time>2026-05-24T09:55:32.000Z</time></trkpt>
<trkpt lat="54.393191" lon="18.838145"><time>2026-05-24T09:55:34.000Z</time></trkpt>
<trkpt lat="54.393200" lon="18.838244"><time>2026-05-24T09:55:36.000Z</time></trkpt>
<trkpt lat="54.393206" lon="18.838341"><time>2026-05-24T09:55:38.000Z</time></trkpt>
<trkpt lat="54.393209" lon="18.838441"><time>2026-05-24T09:55:40.000Z</time></trkpt>
<trkpt lat="54.393217" lon="18.838535"><time>2026-05-24T09:55:42.000Z</time></trkpt>
<trkpt lat="54.393225" lon="18.838633"><time>2026-05-24T09:55:44.000Z</time></trkpt>
<trkpt lat="54.393238" lon="18.838726"><time>2026-05-24T09:55:46.000Z</time></trkpt>
<trkpt lat="54.393253" lon="18.838821"><time>2026-05-24T09:55:48.000Z</time></trkpt>
<trkpt lat="54.393271" lon="18.838910"><time>2026-05-24T09:55:50.000Z</time></trkpt>
<trkpt lat="54.393287" lon="18.839006"><time>2026-05-24T09:55:52.000Z</time></trkpt>
<trkpt lat="54.393299" lon="18.839102"><time>2026-05-24T09:55:54.000Z</time></trkpt>
<trkpt lat="54.393306" lon="18.839196"><time>2026-05-24T09:55:56.000Z</time></trkpt>
<trkpt lat="54.393321" lon="18.839292"><time>2026-05-24T09:55:58.000Z</time></trkpt>
<trkpt lat="54.393337" lon="18.839383"><time>2026-05-24T09:56:00.000Z</time></trkpt>
<trkpt lat="54.393351" lon="18.839479"><time>2026-05-24T09:56:02.000Z</time></trkpt>
<trkpt lat="54.393367" lon="18.839575"><time>2026-05-24T09:56:04.000Z</time></trkpt>
<trkpt lat="54.393380" lon="18.839666"><time>2026-05-24T09:56:06.000Z</time></trkpt>
<trkpt lat="54.393395" lon="18.839758"><time>2026-05-24T09:56:08.000Z</time></trkpt>
<trkpt lat="54.393414" lon="18.839850"><time>2026-05-24T09:56:10.000Z</time></trkpt>
<trkpt lat="54.393427" lon="18.839946"><time>2026-05-24T09:56:12.000Z</time></trkpt>
<trkpt lat="54.393441" lon="18.840042"><time>2026-05-24T09:56:14.000Z</time></trkpt>
<trkpt lat="54.393461" lon="18.840134"><time>2026-05-24T09:56:16.000Z</time></trkpt>
<trkpt lat="54.393476" lon="18.840228"><time>2026-05-24T09:56:18.000Z</time></trkpt>
<trkpt lat="54.393492" lon="18.840321"><time>2026-05-24T09:56:19.900Z</time></trkpt>
<trkpt lat="54.393509" lon="18.840413"><time>2026-05-24T09:56:21.900Z</time></trkpt>
<trkpt lat="54.393523" lon="18.840506"><time>2026-05-24T09:56:23.900Z</time></trkpt>
<trkpt lat="54.393543" lon="18.840596"><time>2026-05-24T09:56:25.900Z</time></trkpt>
<trkpt lat="54.393563" lon="18.840686"><time>2026-05-24T09:56:27.900Z</time></trkpt>
<trkpt lat="54.393583" lon="18.840777"><time>2026-05-24T09:56:29.900Z</time></trkpt>
<trkpt lat="54.393599" lon="18.840869"><time>2026-05-24T09:56:31.900Z</time></trkpt>
<trkpt lat="54.393614" lon="18.840958"><time>2026-05-24T09:56:33.900Z</time></trkpt>
<trkpt lat="54.393634" lon="18.841046"><time>2026-05-24T09:56:35.900Z</time></trkpt>
<trkpt lat="54.393661" lon="18.841129"><time>2026-05-24T09:56:37.900Z</time></trkpt>
<trkpt lat="54.393688" lon="18.841211"><time>2026-05-24T09:56:39.900Z</time></trkpt>
<trkpt lat="54.393711" lon="18.841295"><time>2026-05-24T09:56:41.900Z</time></trkpt>
<trkpt lat="54.393729" lon="18.841386"><time>2026-05-24T09:56:43.900Z</time></trkpt>
<trkpt lat="54.393745" lon="18.841475"><time>2026-05-24T09:56:45.900Z</time></trkpt>
<trkpt lat="54.393762" lon="18.841565"><time>2026-05-24T09:56:47.900Z</time></trkpt>
<trkpt lat="54.393784" lon="18.841653"><time>2026-05-24T09:56:49.900Z</time></trkpt>
<trkpt lat="54.393806" lon="18.841738"><time>2026-05-24T09:56:51.900Z</time></trkpt>
<trkpt lat="54.393826" lon="18.841825"><time>2026-05-24T09:56:53.900Z</time></trkpt>
<trkpt lat="54.393849" lon="18.841912"><time>2026-05-24T09:56:55.900Z</time></trkpt>
<trkpt lat="54.393873" lon="18.841999"><time>2026-05-24T09:56:57.900Z</time></trkpt>
<trkpt lat="54.393899" lon="18.842084"><time>2026-05-24T09:56:59.900Z</time></trkpt>
<trkpt lat="54.393921" lon="18.842172"><time>2026-05-24T09:57:01.900Z</time></trkpt>
<trkpt lat="54.393948" lon="18.842254"><time>2026-05-24T09:57:03.900Z</time></trkpt>
<trkpt lat="54.393977" lon="18.842334"><time>2026-05-24T09:57:05.900Z</time></trkpt>
<trkpt lat="54.394003" lon="18.842416"><time>2026-05-24T09:57:07.900Z</time></trkpt>
<trkpt lat="54.394023" lon="18.842501"><time>2026-05-24T09:57:09.900Z</time></trkpt>
<trkpt lat="54.394049" lon="18.842583"><time>2026-05-24T09:57:11.900Z</time></trkpt>
<trkpt lat="54.394081" lon="18.842660"><time>2026-05-24T09:57:13.900Z</time></trkpt>
<trkpt lat="54.394109" lon="18.842736"><time>2026-05-24T09:57:15.900Z</time></trkpt>
<trkpt lat="54.394133" lon="18.842816"><time>2026-05-24T09:57:17.900Z</time></trkpt>
<trkpt lat="54.394156" lon="18.842897"><time>2026-05-24T09:57:19.900Z</time></trkpt>
<trkpt lat="54.394180" lon="18.842973"><time>2026-05-24T09:57:21.900Z</time></trkpt>
<trkpt lat="54.394210" lon="18.843044"><time>2026-05-24T09:57:23.900Z</time></trkpt>
<trkpt lat="54.394241" lon="18.843111"><time>2026-05-24T09:57:25.900Z</time></trkpt>
<trkpt lat="54.394273" lon="18.843180"><time>2026-05-24T09:57:27.900Z</time></trkpt>
<trkpt lat="54.394302" lon="18.843245"><time>2026-05-24T09:57:29.900Z</time></trkpt>
<trkpt lat="54.394331" lon="18.843308"><time>2026-05-24T09:57:31.900Z</time></trkpt>
<trkpt lat="54.394363" lon="18.843363"><time>2026-05-24T09:57:33.900Z</time></trkpt>
<trkpt lat="54.394395" lon="18.843415"><time>2026-05-24T09:57:36.000Z</time></trkpt>
<trkpt lat="54.394424" lon="18.843469"><time>2026-05-24T09:57:38.000Z</time></trkpt>
<trkpt lat="54.394450" lon="18.843525"><time>2026-05-24T09:57:40.000Z</time></trkpt>
<trkpt lat="54.394480" lon="18.843574"><time>2026-05-24T09:57:42.000Z</time></trkpt>
<trkpt lat="54.394512" lon="18.843617"><time>2026-05-24T09:57:44.000Z</time></trkpt>
<trkpt lat="54.394541" lon="18.843658"><time>2026-05-24T09:57:46.000Z</time></trkpt>
<trkpt lat="54.394569" lon="18.843697"><time>2026-05-24T09:57:48.000Z</time></trkpt>
<trkpt lat="54.394598" lon="18.843735"><time>2026-05-24T09:57:50.000Z</time></trkpt>
<trkpt lat="54.394626" lon="18.843770"><time>2026-05-24T09:57:52.000Z</time></trkpt>
<trkpt lat="54.394650" lon="18.843802"><time>2026-05-24T09:57:54.000Z</time></trkpt>
<trkpt lat="54.394674" lon="18.843831"><time>2026-05-24T09:57:56.000Z</time></trkpt>
<trkpt lat="54.394698" lon="18.843865"><time>2026-05-24T09:57:58.000Z</time></trkpt>
<trkpt lat="54.394717" lon="18.843908"><time>2026-05-24T09:58:00.000Z</time></trkpt>
<trkpt lat="54.394736" lon="18.843955"><time>2026-05-24T09:58:02.000Z</time></trkpt>
<trkpt lat="54.394754" lon="18.844002"><time>2026-05-24T09:58:04.000Z</time></trkpt>
<trkpt lat="54.394774" lon="18.844052"><time>2026-05-24T09:58:06.000Z</time></trkpt>
<trkpt lat="54.394794" lon="18.844107"><time>2026-05-24T09:58:08.000Z</time></trkpt>
<trkpt lat="54.394815" lon="18.844163"><time>2026-05-24T09:58:10.000Z</time></trkpt>
<trkpt lat="54.394834" lon="18.844228"><time>2026-05-24T09:58:12.000Z</time></trkpt>
<trkpt lat="54.394857" lon="18.844289"><time>2026-05-24T09:58:14.000Z</time></trkpt>
<trkpt lat="54.394880" lon="18.844352"><time>2026-05-24T09:58:16.000Z</time></trkpt>
<trkpt lat="54.394902" lon="18.844420"><time>2026-05-24T09:58:18.000Z</time></trkpt>
<trkpt lat="54.394922" lon="18.844489"><time>2026-05-24T09:58:20.000Z</time></trkpt>
<trkpt lat="54.394940" lon="18.844566"><time>2026-05-24T09:58:22.000Z</time></trkpt>
<trkpt lat="54.394961" lon="18.844640"><time>2026-05-24T09:58:23.900Z</time></trkpt>
<trkpt lat="54.394985" lon="18.844716"><time>2026-05-24T09:58:25.900Z</time></trkpt>
<trkpt lat="54.395004" lon="18.844797"><time>2026-05-24T09:58:27.900Z</time></trkpt>
<trkpt lat="54.395018" lon="18.844884"><time>2026-05-24T09:58:29.900Z</time></trkpt>
<trkpt lat="54.395030" lon="18.844972"><time>2026-05-24T09:58:31.900Z</time></trkpt>
<trkpt lat="54.395052" lon="18.845056"><time>2026-05-24T09:58:33.900Z</time></trkpt>
<trkpt lat="54.395078" lon="18.845135"><time>2026-05-24T09:58:35.900Z</time></trkpt>
<trkpt lat="54.395101" lon="18.845218"><time>2026-05-24T09:58:37.900Z</time></trkpt>
<trkpt lat="54.395123" lon="18.845303"><time>2026-05-24T09:58:39.900Z</time></trkpt>
<trkpt lat="54.395142" lon="18.845387"><time>2026-05-24T09:58:41.900Z</time></trkpt>
<trkpt lat="54.395163" lon="18.845470"><time>2026-05-24T09:58:43.900Z</time></trkpt>
<trkpt lat="54.395185" lon="18.845555"><time>2026-05-24T09:58:45.900Z</time></trkpt>
<trkpt lat="54.395199" lon="18.845645"><time>2026-05-24T09:58:47.900Z</time></trkpt>
<trkpt lat="54.395206" lon="18.845737"><time>2026-05-24T09:58:49.900Z</time></trkpt>
<trkpt lat="54.395218" lon="18.845828"><time>2026-05-24T09:58:51.900Z</time></trkpt>
<trkpt lat="54.395232" lon="18.845921"><time>2026-05-24T09:58:53.900Z</time></trkpt>
<trkpt lat="54.395243" lon="18.846017"><time>2026-05-24T09:58:55.900Z</time></trkpt>
<trkpt lat="54.395255" lon="18.846110"><time>2026-05-24T09:58:57.900Z</time></trkpt>
<trkpt lat="54.395266" lon="18.846209"><time>2026-05-24T09:58:59.900Z</time></trkpt>
<trkpt lat="54.395272" lon="18.846311"><time>2026-05-24T09:59:01.900Z</time></trkpt>
<trkpt lat="54.395273" lon="18.846407"><time>2026-05-24T09:59:03.900Z</time></trkpt>
<trkpt lat="54.395278" lon="18.846504"><time>2026-05-24T09:59:05.900Z</time></trkpt>
<trkpt lat="54.395287" lon="18.846604"><time>2026-05-24T09:59:07.900Z</time></trkpt>
<trkpt lat="54.395293" lon="18.846702"><time>2026-05-24T09:59:09.900Z</time></trkpt>
<trkpt lat="54.395292" lon="18.846804"><time>2026-05-24T09:59:11.900Z</time></trkpt>
<trkpt lat="54.395293" lon="18.846906"><time>2026-05-24T09:59:13.900Z</time></trkpt>
<trkpt lat="54.395294" lon="18.847004"><time>2026-05-24T09:59:15.900Z</time></trkpt>
<trkpt lat="54.395294" lon="18.847105"><time>2026-05-24T09:59:17.900Z</time></trkpt>
<trkpt lat="54.395287" lon="18.847207"><time>2026-05-24T09:59:19.900Z</time></trkpt>
<trkpt lat="54.395281" lon="18.847304"><time>2026-05-24T09:59:21.900Z</time></trkpt>
<trkpt lat="54.395275" lon="18.847402"><time>2026-05-24T09:59:23.900Z</time></trkpt>
<trkpt lat="54.395262" lon="18.847500"><time>2026-05-24T09:59:25.900Z</time></trkpt>
<trkpt lat="54.395242" lon="18.847593"><time>2026-05-24T09:59:27.900Z</time></trkpt>
<trkpt lat="54.395227" lon="18.847687"><time>2026-05-24T09:59:29.900Z</time></trkpt>
<trkpt lat="54.395220" lon="18.847782"><time>2026-05-24T09:59:31.900Z</time></trkpt>
<trkpt lat="54.395211" lon="18.847879"><time>2026-05-24T09:59:33.900Z</time></trkpt>
<trkpt lat="54.395201" lon="18.847972"><time>2026-05-24T09:59:35.900Z</time></trkpt>
<trkpt lat="54.395192" lon="18.848065"><time>2026-05-24T09:59:37.900Z</time></trkpt>
<trkpt lat="54.395195" lon="18.848159"><time>2026-05-24T09:59:39.900Z</time></trkpt>
<trkpt lat="54.395199" lon="18.848255"><time>2026-05-24T09:59:42.000Z</time></trkpt>
<trkpt lat="54.395200" lon="18.848345"><time>2026-05-24T09:59:44.000Z</time></trkpt>
<trkpt lat="54.395206" lon="18.848438"><time>2026-05-24T09:59:46.000Z</time></trkpt>
<trkpt lat="54.395213" lon="18.848530"><time>2026-05-24T09:59:48.000Z</time></trkpt>
<trkpt lat="54.395219" lon="18.848623"><time>2026-05-24T09:59:50.000Z</time></trkpt>
<trkpt lat="54.395224" lon="18.848722"><time>2026-05-24T09:59:52.000Z</time></trkpt>
<trkpt lat="54.395229" lon="18.848814"><time>2026-05-24T09:59:54.000Z</time></trkpt>
<trkpt lat="54.395241" lon="18.848910"><time>2026-05-24T09:59:56.000Z</time></trkpt>
<trkpt lat="54.395257" lon="18.849002"><time>2026-05-24T09:59:58.000Z</time></trkpt>
<trkpt lat="54.395271" lon="18.849095"><time>2026-05-24T10:00:00.000Z</time></trkpt>
<trkpt lat="54.395283" lon="18.849189"><time>2026-05-24T10:00:02.000Z</time></trkpt>
<trkpt lat="54.395300" lon="18.849279"><time>2026-05-24T10:00:04.000Z</time></trkpt>
<trkpt lat="54.395313" lon="18.849374"><time>2026-05-24T10:00:06.000Z</time></trkpt>
<trkpt lat="54.395323" lon="18.849473"><time>2026-05-24T10:00:08.000Z</time></trkpt>
<trkpt lat="54.395334" lon="18.849567"><time>2026-05-24T10:00:10.000Z</time></trkpt>
<trkpt lat="54.395348" lon="18.849657"><time>2026-05-24T10:00:12.000Z</time></trkpt>
<trkpt lat="54.395366" lon="18.849748"><time>2026-05-24T10:00:14.000Z</time></trkpt>
<trkpt lat="54.395383" lon="18.849836"><time>2026-05-24T10:00:16.000Z</time></trkpt>
<trkpt lat="54.395401" lon="18.849927"><time>2026-05-24T10:00:18.000Z</time></trkpt>
<trkpt lat="54.395419" lon="18.850018"><time>2026-05-24T10:00:20.000Z</time></trkpt>
<trkpt lat="54.395437" lon="18.850111"><time>2026-05-24T10:00:22.000Z</time></trkpt>
<trkpt lat="54.395458" lon="18.850198"><time>2026-05-24T10:00:24.000Z</time></trkpt>
<trkpt lat="54.395477" lon="18.850294"><time>2026-05-24T10:00:26.000Z</time></trkpt>
<trkpt lat="54.395489" lon="18.850386"><time>2026-05-24T10:00:27.900Z</time></trkpt>
<trkpt lat="54.395504" lon="18.850477"><time>2026-05-24T10:00:29.900Z</time></trkpt>
<trkpt lat="54.395523" lon="18.850568"><time>2026-05-24T10:00:31.900Z</time></trkpt>
<trkpt lat="54.395546" lon="18.850656"><time>2026-05-24T10:00:33.900Z</time></trkpt>
<trkpt lat="54.395567" lon="18.850745"><time>2026-05-24T10:00:35.900Z</time></trkpt>
<trkpt lat="54.395581" lon="18.850836"><time>2026-05-24T10:00:37.900Z</time></trkpt>
<trkpt lat="54.395592" lon="18.850932"><time>2026-05-24T10:00:39.900Z</time></trkpt>
<trkpt lat="54.395611" lon="18.851024"><time>2026-05-24T10:00:41.900Z</time></trkpt>
<trkpt lat="54.395633" lon="18.851110"><time>2026-05-24T10:00:43.900Z</time></trkpt>
<trkpt lat="54.395650" lon="18.851204"><time>2026-05-24T10:00:45.900Z</time></trkpt>
<trkpt lat="54.395662" lon="18.851299"><time>2026-05-24T10:00:47.900Z</time></trkpt>
<trkpt lat="54.395672" lon="18.851394"><time>2026-05-24T10:00:49.900Z</time></trkpt>
<trkpt lat="54.395681" lon="18.851492"><time>2026-05-24T10:00:51.900Z</time></trkpt>
<trkpt lat="54.395694" lon="18.851593"><time>2026-05-24T10:00:53.900Z</time></trkpt>
<trkpt lat="54.395708" lon="18.851692"><time>2026-05-24T10:00:55.900Z</time></trkpt>
<trkpt lat="54.395725" lon="18.851786"><time>2026-05-24T10:00:57.900Z</time></trkpt>
<trkpt lat="54.395741" lon="18.851883"><time>2026-05-24T10:00:59.900Z</time></trkpt>
<trkpt lat="54.395755" lon="18.851976"><time>2026-05-24T10:01:01.900Z</time></trkpt>
<trkpt lat="54.395768" lon="18.852074"><time>2026-05-24T10:01:03.900Z</time></trkpt>
<trkpt lat="54.395784" lon="18.852169"><time>2026-05-24T10:01:05.900Z</time></trkpt>
<trkpt lat="54.395800" lon="18.852264"><time>2026-05-24T10:01:07.900Z</time></trkpt>
<trkpt lat="54.395815" lon="18.852358"><time>2026-05-24T10:01:09.900Z</time></trkpt>
<trkpt lat="54.395824" lon="18.852459"><time>2026-05-24T10:01:11.900Z</time></trkpt>
<trkpt lat="54.395832" lon="18.852559"><time>2026-05-24T10:01:13.900Z</time></trkpt>
<trkpt lat="54.395844" lon="18.852656"><time>2026-05-24T10:01:15.900Z</time></trkpt>
<trkpt lat="54.395861" lon="18.852751"><time>2026-05-24T10:01:17.900Z</time></trkpt>
<trkpt lat="54.395883" lon="18.852840"><time>2026-05-24T10:01:19.900Z</time></trkpt>
<trkpt lat="54.395899" lon="18.852934"><time>2026-05-24T10:01:21.900Z</time></trkpt>
<trkpt lat="54.395913" lon="18.853028"><time>2026-05-24T10:01:23.900Z</time></trkpt>
<trkpt lat="54.395935" lon="18.853118"><time>2026-05-24T10:01:25.900Z</time></trkpt>
<trkpt lat="54.395958" lon="18.853208"><time>2026-05-24T10:01:27.900Z</time></trkpt>
<trkpt lat="54.395974" lon="18.853307"><time>2026-05-24T10:01:29.900Z</time></trkpt>
<trkpt lat="54.395990" lon="18.853398"><time>2026-05-24T10:01:31.900Z</time></trkpt>
<trkpt lat="54.396006" lon="18.853495"><time>2026-05-24T10:01:33.900Z</time></trkpt>
<trkpt lat="54.396024" lon="18.853583"><time>2026-05-24T10:01:35.900Z</time></trkpt>
<trkpt lat="54.396046" lon="18.853669"><time>2026-05-24T10:01:37.900Z</time></trkpt>
<trkpt lat="54.396064" lon="18.853770"><time>2026-05-24T10:01:39.900Z</time></trkpt>
<trkpt lat="54.396084" lon="18.853856"><time>2026-05-24T10:01:41.900Z</time></trkpt>
<trkpt lat="54.396103" lon="18.853948"><time>2026-05-24T10:01:43.900Z</time></trkpt>
<trkpt lat="54.396114" lon="18.854040"><time>2026-05-24T10:01:45.900Z</time></trkpt>
<trkpt lat="54.396128" lon="18.854134"><time>2026-05-24T10:01:48.000Z</time></trkpt>
<trkpt lat="54.396147" lon="18.854229"><time>2026-05-24T10:01:50.000Z</time></trkpt>
<trkpt lat="54.396169" lon="18.854318"><time>2026-05-24T10:01:52.000Z</time></trkpt>
<trkpt lat="54.396191" lon="18.854413"><time>2026-05-24T10:01:54.000Z</time></trkpt>
<trkpt lat="54.396208" lon="18.854503"><time>2026-05-24T10:01:56.000Z</time></trkpt>
<trkpt lat="54.396222" lon="18.854602"><time>2026-05-24T10:01:58.000Z</time></trkpt>
<trkpt lat="54.396237" lon="18.854699"><time>2026-05-24T10:02:00.000Z</time></trkpt>
<trkpt lat="54.396254" lon="18.854790"><time>2026-05-24T10:02:02.000Z</time></trkpt>
<trkpt lat="54.396269" lon="18.854883"><time>2026-05-24T10:02:04.000Z</time></trkpt>
<trkpt lat="54.396284" lon="18.854975"><time>2026-05-24T10:02:06.000Z</time></trkpt>
<trkpt lat="54.396297" lon="18.855066"><time>2026-05-24T10:02:08.000Z</time></trkpt>
<trkpt lat="54.396313" lon="18.855162"><time>2026-05-24T10:02:10.000Z</time></trkpt>
<trkpt lat="54.396333" lon="18.855253"><time>2026-05-24T10:02:12.000Z</time></trkpt>
<trkpt lat="54.396353" lon="18.855343"><time>2026-05-24T10:02:14.000Z</time></trkpt>
<trkpt lat="54.396360" lon="18.855438"><time>2026-05-24T10:02:16.000Z</time></trkpt>
<trkpt lat="54.396372" lon="18.855535"><time>2026-05-24T10:02:18.000Z</time></trkpt>
<trkpt lat="54.396369" lon="18.855630"><time>2026-05-24T10:02:20.000Z</time></trkpt>
<trkpt lat="54.396372" lon="18.855738"><time>2026-05-24T10:02:22.000Z</time></trkpt>
<trkpt lat="54.396364" lon="18.855848"><time>2026-05-24T10:02:24.000Z</time></trkpt>
<trkpt lat="54.396356" lon="18.855956"><time>2026-05-24T10:02:26.000Z</time></trkpt>
<trkpt lat="54.396339" lon="18.856065"><time>2026-05-24T10:02:28.000Z</time></trkpt>
<trkpt lat="54.396329" lon="18.856157"><time>2026-05-24T10:02:30.000Z</time></trkpt>
<trkpt lat="54.396320" lon="18.856239"><time>2026-05-24T10:02:32.000Z</time></trkpt>
<trkpt lat="54.396318" lon="18.856327"><time>2026-05-24T10:02:33.900Z</time></trkpt>
<trkpt lat="54.396320" lon="18.856403"><time>2026-05-24T10:02:35.900Z</time></trkpt>
<trkpt lat="54.396301" lon="18.856522"><time>2026-05-24T10:02:37.900Z</time></trkpt>
<trkpt lat="54.396300" lon="18.856613"><time>2026-05-24T10:02:39.900Z</time></trkpt>
<trkpt lat="54.396292" lon="18.856708"><time>2026-05-24T10:02:41.900Z</time></trkpt>
<trkpt lat="54.396294" lon="18.856811"><time>2026-05-24T10:02:43.900Z</time></trkpt>
<trkpt lat="54.396305" lon="18.856905"><time>2026-05-24T10:02:45.900Z</time></trkpt>
<trkpt lat="54.396305" lon="18.857005"><time>2026-05-24T10:02:47.900Z</time></trkpt>
<trkpt lat="54.396310" lon="18.857106"><time>2026-05-24T10:02:49.900Z</time></trkpt>
<trkpt lat="54.396321" lon="18.857200"><time>2026-05-24T10:02:51.900Z</time></trkpt>
<trkpt lat="54.396331" lon="18.857300"><time>2026-05-24T10:02:53.900Z</time></trkpt>
<trkpt lat="54.396340" lon="18.857391"><time>2026-05-24T10:02:55.900Z</time></trkpt>
<trkpt lat="54.396354" lon="18.857486"><time>2026-05-24T10:02:57.900Z</time></trkpt>
<trkpt lat="54.396366" lon="18.857580"><time>2026-05-24T10:02:59.900Z</time></trkpt>
<trkpt lat="54.396385" lon="18.857675"><time>2026-05-24T10:03:01.900Z</time></trkpt>
<trkpt lat="54.396403" lon="18.857771"><time>2026-05-24T10:03:03.900Z</time></trkpt>
<trkpt lat="54.396417" lon="18.857854"><time>2026-05-24T10:03:05.900Z</time></trkpt>
<trkpt lat="54.396431" lon="18.857940"><time>2026-05-24T10:03:07.900Z</time></trkpt>
<trkpt lat="54.396452" lon="18.858028"><time>2026-05-24T10:03:09.900Z</time></trkpt>
<trkpt lat="54.396467" lon="18.858125"><time>2026-05-24T10:03:11.900Z</time></trkpt>
<trkpt lat="54.396482" lon="18.858213"><time>2026-05-24T10:03:13.900Z</time></trkpt>
<trkpt lat="54.396506" lon="18.858300"><time>2026-05-24T10:03:15.900Z</time></trkpt>
<trkpt lat="54.396526" lon="18.858377"><time>2026-05-24T10:03:17.900Z</time></trkpt>
<trkpt lat="54.396546" lon="18.858477"><time>2026-05-24T10:03:19.900Z</time></trkpt>
<trkpt lat="54.396560" lon="18.858567"><time>2026-05-24T10:03:21.900Z</time></trkpt>
<trkpt lat="54.396582" lon="18.858653"><time>2026-05-24T10:03:23.900Z</time></trkpt>
<trkpt lat="54.396605" lon="18.858740"><time>2026-05-24T10:03:25.900Z</time></trkpt>
<trkpt lat="54.396625" lon="18.858826"><time>2026-05-24T10:03:27.900Z</time></trkpt>
<trkpt lat="54.396645" lon="18.858917"><time>2026-05-24T10:03:29.900Z</time></trkpt>
<trkpt lat="54.396663" lon="18.859010"><time>2026-05-24T10:03:31.900Z</time></trkpt>
<trkpt lat="54.396683" lon="18.859100"><time>2026-05-24T10:03:33.900Z</time></trkpt>
<trkpt lat="54.396703" lon="18.859194"><time>2026-05-24T10:03:35.900Z</time></trkpt>
<trkpt lat="54.396720" lon="18.859288"><time>2026-05-24T10:03:37.900Z</time></trkpt>
<trkpt lat="54.396744" lon="18.859377"><time>2026-05-24T10:03:39.900Z</time></trkpt>
<trkpt lat="54.396764" lon="18.859465"><time>2026-05-24T10:03:41.900Z</time></trkpt>
<trkpt lat="54.396778" lon="18.859560"><time>2026-05-24T10:03:43.900Z</time></trkpt>
<trkpt lat="54.396798" lon="18.859655"><time>2026-05-24T10:03:45.900Z</time></trkpt>
<trkpt lat="54.396815" lon="18.859744"><time>2026-05-24T10:03:47.900Z</time></trkpt>
<trkpt lat="54.396830" lon="18.859839"><time>2026-05-24T10:03:49.900Z</time></trkpt>
<trkpt lat="54.396841" lon="18.859936"><time>2026-05-24T10:03:51.900Z</time></trkpt>
<trkpt lat="54.396851" lon="18.860030"><time>2026-05-24T10:03:54.000Z</time></trkpt>
<trkpt lat="54.396856" lon="18.860130"><time>2026-05-24T10:03:56.000Z</time></trkpt>
<trkpt lat="54.396861" lon="18.860230"><time>2026-05-24T10:03:58.000Z</time></trkpt>
<trkpt lat="54.396863" lon="18.860330"><time>2026-05-24T10:04:00.000Z</time></trkpt>
<trkpt lat="54.396849" lon="18.860431"><time>2026-05-24T10:04:02.000Z</time></trkpt>
<trkpt lat="54.396832" lon="18.860527"><time>2026-05-24T10:04:04.000Z</time></trkpt>
<trkpt lat="54.396826" lon="18.860625"><time>2026-05-24T10:04:06.000Z</time></trkpt>
<trkpt lat="54.396821" lon="18.860722"><time>2026-05-24T10:04:08.000Z</time></trkpt>
<trkpt lat="54.396808" lon="18.860821"><time>2026-05-24T10:04:10.000Z</time></trkpt>
<trkpt lat="54.396776" lon="18.860901"><time>2026-05-24T10:04:12.000Z</time></trkpt>
<trkpt lat="54.396744" lon="18.860972"><time>2026-05-24T10:04:14.000Z</time></trkpt>
<trkpt lat="54.396703" lon="18.861036"><time>2026-05-24T10:04:16.000Z</time></trkpt>
<trkpt lat="54.396665" lon="18.861111"><time>2026-05-24T10:04:18.000Z</time></trkpt>
<trkpt lat="54.396623" lon="18.861171"><time>2026-05-24T10:04:20.000Z</time></trkpt>
<trkpt lat="54.396585" lon="18.861222"><time>2026-05-24T10:04:22.000Z</time></trkpt>
<trkpt lat="54.396539" lon="18.861260"><time>2026-05-24T10:04:24.000Z</time></trkpt>
<trkpt lat="54.396501" lon="18.861304"><time>2026-05-24T10:04:26.000Z</time></trkpt>
<trkpt lat="54.396466" lon="18.861349"><time>2026-05-24T10:04:28.000Z</time></trkpt>
<trkpt lat="54.396426" lon="18.861388"><time>2026-05-24T10:04:30.000Z</time></trkpt>
<trkpt lat="54.396387" lon="18.861427"><time>2026-05-24T10:04:32.000Z</time></trkpt>
<trkpt lat="54.396352" lon="18.861462"><time>2026-05-24T10:04:34.000Z</time></trkpt>
<trkpt lat="54.396316" lon="18.861499"><time>2026-05-24T10:04:36.000Z</time></trkpt>
<trkpt lat="54.396280" lon="18.861541"><time>2026-05-24T10:04:38.000Z</time></trkpt>
<trkpt lat="54.396243" lon="18.861569"><time>2026-05-24T10:04:40.000Z</time></trkpt>
<trkpt lat="54.396208" lon="18.861602"><time>2026-05-24T10:04:41.900Z</time></trkpt>
<trkpt lat="54.396174" lon="18.861640"><time>2026-05-24T10:04:43.900Z</time></trkpt>
<trkpt lat="54.396143" lon="18.861681"><time>2026-05-24T10:04:45.900Z</time></trkpt>
<trkpt lat="54.396112" lon="18.861722"><time>2026-05-24T10:04:47.900Z</time></trkpt>
<trkpt lat="54.396077" lon="18.861760"><time>2026-05-24T10:04:49.900Z</time></trkpt>
<trkpt lat="54.396043" lon="18.861792"><time>2026-05-24T10:04:51.900Z</time></trkpt>
<trkpt lat="54.396008" lon="18.861820"><time>2026-05-24T10:04:53.900Z</time></trkpt>
<trkpt lat="54.395972" lon="18.861846"><time>2026-05-24T10:04:55.900Z</time></trkpt>
<trkpt lat="54.395940" lon="18.861866"><time>2026-05-24T10:04:57.900Z</time></trkpt>
<trkpt lat="54.395908" lon="18.861903"><time>2026-05-24T10:04:59.900Z</time></trkpt>
<trkpt lat="54.395874" lon="18.861923"><time>2026-05-24T10:05:01.900Z</time></trkpt>
<trkpt lat="54.395845" lon="18.861949"><time>2026-05-24T10:05:03.900Z</time></trkpt>
<trkpt lat="54.395808" lon="18.861974"><time>2026-05-24T10:05:05.900Z</time></trkpt>
<trkpt lat="54.395774" lon="18.861998"><time>2026-05-24T10:05:07.900Z</time></trkpt>
<trkpt lat="54.395742" lon="18.862020"><time>2026-05-24T10:05:09.900Z</time></trkpt>
<trkpt lat="54.395707" lon="18.862054"><time>2026-05-24T10:05:11.900Z</time></trkpt>
<trkpt lat="54.395680" lon="18.862092"><time>2026-05-24T10:05:13.900Z</time></trkpt>
<trkpt lat="54.395648" lon="18.862137"><time>2026-05-24T10:05:15.900Z</time></trkpt>
<trkpt lat="54.395616" lon="18.862182"><time>2026-05-24T10:05:17.900Z</time></trkpt>
<trkpt lat="54.395585" lon="18.862224"><time>2026-05-24T10:05:19.900Z</time></trkpt>
<trkpt lat="54.395553" lon="18.862278"><time>2026-05-24T10:05:21.900Z</time></trkpt>
<trkpt lat="54.395530" lon="18.862331"><time>2026-05-24T10:05:23.900Z</time></trkpt>
<trkpt lat="54.395498" lon="18.862389"><time>2026-05-24T10:05:25.900Z</time></trkpt>
<trkpt lat="54.395469" lon="18.862446"><time>2026-05-24T10:05:27.900Z</time></trkpt>
<trkpt lat="54.395431" lon="18.862503"><time>2026-05-24T10:05:29.900Z</time></trkpt>
<trkpt lat="54.395398" lon="18.862554"><time>2026-05-24T10:05:31.900Z</time></trkpt>
<trkpt lat="54.395370" lon="18.862613"><time>2026-05-24T10:05:33.900Z</time></trkpt>
<trkpt lat="54.395340" lon="18.862669"><time>2026-05-24T10:05:35.900Z</time></trkpt>
<trkpt lat="54.395316" lon="18.862740"><time>2026-05-24T10:05:37.900Z</time></trkpt>
<trkpt lat="54.395286" lon="18.862795"><time>2026-05-24T10:05:39.900Z</time></trkpt>
<trkpt lat="54.395247" lon="18.862840"><time>2026-05-24T10:05:41.900Z</time></trkpt>
<trkpt lat="54.395213" lon="18.862893"><time>2026-05-24T10:05:43.900Z</time></trkpt>
<trkpt lat="54.395182" lon="18.862946"><time>2026-05-24T10:05:45.900Z</time></trkpt>
<trkpt lat="54.395140" lon="18.862989"><time>2026-05-24T10:05:47.900Z</time></trkpt>
<trkpt lat="54.395100" lon="18.863042"><time>2026-05-24T10:05:49.900Z</time></trkpt>
<trkpt lat="54.395073" lon="18.863103"><time>2026-05-24T10:05:51.900Z</time></trkpt>
<trkpt lat="54.395041" lon="18.863158"><time>2026-05-24T10:05:53.900Z</time></trkpt>
<trkpt lat="54.395012" lon="18.863219"><time>2026-05-24T10:05:55.900Z</time></trkpt>
<trkpt lat="54.394985" lon="18.863300"><time>2026-05-24T10:05:57.900Z</time></trkpt>
<trkpt lat="54.394955" lon="18.863381"><time>2026-05-24T10:06:00.000Z</time></trkpt>
<trkpt lat="54.394922" lon="18.863458"><time>2026-05-24T10:06:02.000Z</time></trkpt>
<trkpt lat="54.394894" lon="18.863550"><time>2026-05-24T10:06:04.000Z</time></trkpt>
<trkpt lat="54.394881" lon="18.863640"><time>2026-05-24T10:06:06.000Z</time></trkpt>
<trkpt lat="54.394868" lon="18.863727"><time>2026-05-24T10:06:08.000Z</time></trkpt>
<trkpt lat="54.394856" lon="18.863820"><time>2026-05-24T10:06:10.000Z</time></trkpt>
<trkpt lat="54.394853" lon="18.863912"><time>2026-05-24T10:06:12.000Z</time></trkpt>
<trkpt lat="54.394872" lon="18.863987"><time>2026-05-24T10:06:14.000Z</time></trkpt>
<trkpt lat="54.394879" lon="18.864069"><time>2026-05-24T10:06:16.000Z</time></trkpt>
<trkpt lat="54.394876" lon="18.864146"><time>2026-05-24T10:06:18.000Z</time></trkpt>
<trkpt lat="54.394870" lon="18.864213"><time>2026-05-24T10:06:20.000Z</time></trkpt>
<trkpt lat="54.394870" lon="18.864285"><time>2026-05-24T10:06:22.000Z</time></trkpt>
<trkpt lat="54.394861" lon="18.864352"><time>2026-05-24T10:06:24.000Z</time></trkpt>
<trkpt lat="54.394848" lon="18.864425"><time>2026-05-24T10:06:26.000Z</time></trkpt>
<trkpt lat="54.394843" lon="18.864491"><time>2026-05-24T10:06:28.000Z</time></trkpt>
<trkpt lat="54.394824" lon="18.864558"><time>2026-05-24T10:06:30.000Z</time></trkpt>
<trkpt lat="54.394803" lon="18.864616"><time>2026-05-24T10:06:32.000Z</time></trkpt>
<trkpt lat="54.394767" lon="18.864668"><time>2026-05-24T10:06:34.000Z</time></trkpt>
<trkpt lat="54.394745" lon="18.864721"><time>2026-05-24T10:06:36.000Z</time></trkpt>
<trkpt lat="54.394715" lon="18.864780"><time>2026-05-24T10:06:38.000Z</time></trkpt>
<trkpt lat="54.394693" lon="18.864852"><time>2026-05-24T10:06:40.000Z</time></trkpt>
<trkpt lat="54.394671" lon="18.864926"><time>2026-05-24T10:06:42.000Z</time></trkpt>
<trkpt lat="54.394649" lon="18.865003"><time>2026-05-24T10:06:44.000Z</time></trkpt>
<trkpt lat="54.394626" lon="18.865094"><time>2026-05-24T10:06:45.900Z</time></trkpt>
<trkpt lat="54.394613" lon="18.865173"><time>2026-05-24T10:06:47.900Z</time></trkpt>
<trkpt lat="54.394599" lon="18.865252"><time>2026-05-24T10:06:49.900Z</time></trkpt>
<trkpt lat="54.394576" lon="18.865328"><time>2026-05-24T10:06:51.900Z</time></trkpt>
<trkpt lat="54.394546" lon="18.865386"><time>2026-05-24T10:06:53.900Z</time></trkpt>
<trkpt lat="54.394509" lon="18.865432"><time>2026-05-24T10:06:55.900Z</time></trkpt>
<trkpt lat="54.394479" lon="18.865494"><time>2026-05-24T10:06:57.900Z</time></trkpt>
<trkpt lat="54.394449" lon="18.865554"><time>2026-05-24T10:06:59.900Z</time></trkpt>
<trkpt lat="54.394411" lon="18.865607"><time>2026-05-24T10:07:01.900Z</time></trkpt>
<trkpt lat="54.394381" lon="18.865661"><time>2026-05-24T10:07:03.900Z</time></trkpt>
<trkpt lat="54.394353" lon="18.865715"><time>2026-05-24T10:07:05.900Z</time></trkpt>
<trkpt lat="54.394325" lon="18.865772"><time>2026-05-24T10:07:07.900Z</time></trkpt>
<trkpt lat="54.394295" lon="18.865827"><time>2026-05-24T10:07:09.900Z</time></trkpt>
<trkpt lat="54.394268" lon="18.865882"><time>2026-05-24T10:07:11.900Z</time></trkpt>
<trkpt lat="54.394239" lon="18.865944"><time>2026-05-24T10:07:13.900Z</time></trkpt>
<trkpt lat="54.394216" lon="18.866009"><time>2026-05-24T10:07:15.900Z</time></trkpt>
<trkpt lat="54.394184" lon="18.866058"><time>2026-05-24T10:07:17.900Z</time></trkpt>
<trkpt lat="54.394151" lon="18.866122"><time>2026-05-24T10:07:19.900Z</time></trkpt>
<trkpt lat="54.394121" lon="18.866184"><time>2026-05-24T10:07:21.900Z</time></trkpt>
<trkpt lat="54.394087" lon="18.866235"><time>2026-05-24T10:07:23.900Z</time></trkpt>
<trkpt lat="54.394048" lon="18.866282"><time>2026-05-24T10:07:25.900Z</time></trkpt>
<trkpt lat="54.394007" lon="18.866340"><time>2026-05-24T10:07:27.900Z</time></trkpt>
<trkpt lat="54.393965" lon="18.866389"><time>2026-05-24T10:07:29.900Z</time></trkpt>
<trkpt lat="54.393926" lon="18.866448"><time>2026-05-24T10:07:31.900Z</time></trkpt>
<trkpt lat="54.393891" lon="18.866515"><time>2026-05-24T10:07:33.900Z</time></trkpt>
<trkpt lat="54.393865" lon="18.866591"><time>2026-05-24T10:07:35.900Z</time></trkpt>
<trkpt lat="54.393839" lon="18.866670"><time>2026-05-24T10:07:37.900Z</time></trkpt>
<trkpt lat="54.393808" lon="18.866750"><time>2026-05-24T10:07:39.900Z</time></trkpt>
<trkpt lat="54.393777" lon="18.866837"><time>2026-05-24T10:07:41.900Z</time></trkpt>
<trkpt lat="54.393745" lon="18.866899"><time>2026-05-24T10:07:43.900Z</time></trkpt>
<trkpt lat="54.393704" lon="18.866951"><time>2026-05-24T10:07:45.900Z</time></trkpt>
<trkpt lat="54.393664" lon="18.867007"><time>2026-05-24T10:07:47.900Z</time></trkpt>
<trkpt lat="54.393629" lon="18.867070"><time>2026-05-24T10:07:49.900Z</time></trkpt>
<trkpt lat="54.393589" lon="18.867147"><time>2026-05-24T10:07:51.900Z</time></trkpt>
<trkpt lat="54.393549" lon="18.867225"><time>2026-05-24T10:07:53.900Z</time></trkpt>
<trkpt lat="54.393516" lon="18.867306"><time>2026-05-24T10:07:55.900Z</time></trkpt>
<trkpt lat="54.393485" lon="18.867389"><time>2026-05-24T10:07:57.900Z</time></trkpt>
<trkpt lat="54.393449" lon="18.867467"><time>2026-05-24T10:07:59.900Z</time></trkpt>
<trkpt lat="54.393412" lon="18.867536"><time>2026-05-24T10:08:01.900Z</time></trkpt>
<trkpt lat="54.393387" lon="18.867613"><time>2026-05-24T10:08:03.900Z</time></trkpt>
<trkpt lat="54.393353" lon="18.867688"><time>2026-05-24T10:08:06.000Z</time></trkpt>
<trkpt lat="54.393325" lon="18.867757"><time>2026-05-24T10:08:08.000Z</time></trkpt>
<trkpt lat="54.393292" lon="18.867821"><time>2026-05-24T10:08:10.000Z</time></trkpt>
<trkpt lat="54.393264" lon="18.867887"><time>2026-05-24T10:08:12.000Z</time></trkpt>
<trkpt lat="54.393233" lon="18.867940"><time>2026-05-24T10:08:14.000Z</time></trkpt>
<trkpt lat="54.393207" lon="18.868005"><time>2026-05-24T10:08:16.000Z</time></trkpt>
<trkpt lat="54.393176" lon="18.868068"><time>2026-05-24T10:08:18.000Z</time></trkpt>
<trkpt lat="54.393147" lon="18.868137"><time>2026-05-24T10:08:20.000Z</time></trkpt>
<trkpt lat="54.393110" lon="18.868199"><time>2026-05-24T10:08:22.000Z</time></trkpt>
<trkpt lat="54.393078" lon="18.868259"><time>2026-05-24T10:08:24.000Z</time></trkpt>
<trkpt lat="54.393043" lon="18.868317"><time>2026-05-24T10:08:26.000Z</time></trkpt>
<trkpt lat="54.393009" lon="18.868373"><time>2026-05-24T10:08:28.000Z</time></trkpt>
<trkpt lat="54.392975" lon="18.868415"><time>2026-05-24T10:08:30.000Z</time></trkpt>
<trkpt lat="54.392940" lon="18.868458"><time>2026-05-24T10:08:32.000Z</time></trkpt>
<trkpt lat="54.392913" lon="18.868515"><time>2026-05-24T10:08:34.000Z</time></trkpt>
<trkpt lat="54.392883" lon="18.868570"><time>2026-05-24T10:08:36.000Z</time></trkpt>
<trkpt lat="54.392856" lon="18.868622"><time>2026-05-24T10:08:38.000Z</time></trkpt>
<trkpt lat="54.392827" lon="18.868675"><time>2026-05-24T10:08:40.000Z</time></trkpt>
<trkpt lat="54.392792" lon="18.868729"><time>2026-05-24T10:08:42.000Z</time></trkpt>
<trkpt lat="54.392760" lon="18.868791"><time>2026-05-24T10:08:44.000Z</time></trkpt>
<trkpt lat="54.392727" lon="18.868860"><time>2026-05-24T10:08:46.000Z</time></trkpt>
<trkpt lat="54.392696" lon="18.868931"><time>2026-05-24T10:08:48.000Z</time></trkpt>
<trkpt lat="54.392663" lon="18.868999"><time>2026-05-24T10:08:49.900Z</time></trkpt>
<trkpt lat="54.392634" lon="18.869083"><time>2026-05-24T10:08:51.900Z</time></trkpt>
<trkpt lat="54.392604" lon="18.869169"><time>2026-05-24T10:08:53.900Z</time></trkpt>
<trkpt lat="54.392573" lon="18.869250"><time>2026-05-24T10:08:55.900Z</time></trkpt>
<trkpt lat="54.392539" lon="18.869327"><time>2026-05-24T10:08:57.900Z</time></trkpt>
<trkpt lat="54.392511" lon="18.869407"><time>2026-05-24T10:08:59.900Z</time></trkpt>
<trkpt lat="54.392482" lon="18.869495"><time>2026-05-24T10:09:01.900Z</time></trkpt>
<trkpt lat="54.392452" lon="18.869594"><time>2026-05-24T10:09:03.900Z</time></trkpt>
<trkpt lat="54.392418" lon="18.869701"><time>2026-05-24T10:09:05.900Z</time></trkpt>
<trkpt lat="54.392400" lon="18.869760"><time>2026-05-24T10:09:07.900Z</time></trkpt>
<trkpt lat="54.392371" lon="18.869858"><time>2026-05-24T10:09:09.900Z</time></trkpt>
<trkpt lat="54.392343" lon="18.869944"><time>2026-05-24T10:09:11.900Z</time></trkpt>
<trkpt lat="54.392314" lon="18.870028"><time>2026-05-24T10:09:13.900Z</time></trkpt>
<trkpt lat="54.392284" lon="18.870116"><time>2026-05-24T10:09:15.900Z</time></trkpt>
<trkpt lat="54.392255" lon="18.870207"><time>2026-05-24T10:09:17.900Z</time></trkpt>
<trkpt lat="54.392222" lon="18.870288"><time>2026-05-24T10:09:19.900Z</time></trkpt>
<trkpt lat="54.392190" lon="18.870381"><time>2026-05-24T10:09:21.900Z</time></trkpt>
<trkpt lat="54.392160" lon="18.870479"><time>2026-05-24T10:09:23.900Z</time></trkpt>
<trkpt lat="54.392131" lon="18.870571"><time>2026-05-24T10:09:25.900Z</time></trkpt>
<trkpt lat="54.392105" lon="18.870662"><time>2026-05-24T10:09:27.900Z</time></trkpt>
<trkpt lat="54.392080" lon="18.870759"><time>2026-05-24T10:09:29.900Z</time></trkpt>
<trkpt lat="54.392051" lon="18.870860"><time>2026-05-24T10:09:31.900Z</time></trkpt>
<trkpt lat="54.392024" lon="18.870952"><time>2026-05-24T10:09:33.900Z</time></trkpt>
<trkpt lat="54.391995" lon="18.871040"><time>2026-05-24T10:09:35.900Z</time></trkpt>
<trkpt lat="54.391971" lon="18.871135"><time>2026-05-24T10:09:37.900Z</time></trkpt>
<trkpt lat="54.391949" lon="18.871224"><time>2026-05-24T10:09:39.900Z</time></trkpt>
<trkpt lat="54.391919" lon="18.871312"><time>2026-05-24T10:09:41.900Z</time></trkpt>
<trkpt lat="54.391895" lon="18.871410"><time>2026-05-24T10:09:43.900Z</time></trkpt>
<trkpt lat="54.391872" lon="18.871498"><time>2026-05-24T10:09:45.900Z</time></trkpt>
<trkpt lat="54.391845" lon="18.871594"><time>2026-05-24T10:09:47.900Z</time></trkpt>
<trkpt lat="54.391824" lon="18.871692"><time>2026-05-24T10:09:49.900Z</time></trkpt>
<trkpt lat="54.391802" lon="18.871780"><time>2026-05-24T10:09:51.900Z</time></trkpt>
<trkpt lat="54.391779" lon="18.871873"><time>2026-05-24T10:09:53.900Z</time></trkpt>
<trkpt lat="54.391756" lon="18.871971"><time>2026-05-24T10:09:55.900Z</time></trkpt>
<trkpt lat="54.391733" lon="18.872068"><time>2026-05-24T10:09:57.900Z</time></trkpt>
<trkpt lat="54.391710" lon="18.872163"><time>2026-05-24T10:09:59.900Z</time></trkpt>
<trkpt lat="54.391690" lon="18.872260"><time>2026-05-24T10:10:01.900Z</time></trkpt>
<trkpt lat="54.391650" lon="18.872378"><time>2026-05-24T10:10:03.900Z</time></trkpt>
<trkpt lat="54.391620" lon="18.872444"><time>2026-05-24T10:10:05.900Z</time></trkpt>
<trkpt lat="54.391605" lon="18.872545"><time>2026-05-24T10:10:07.900Z</time></trkpt>
<trkpt lat="54.391592" lon="18.872621"><time>2026-05-24T10:10:09.900Z</time></trkpt>
<trkpt lat="54.391563" lon="18.872717"><time>2026-05-24T10:10:12.000Z</time></trkpt>
<trkpt lat="54.391543" lon="18.872814"><time>2026-05-24T10:10:14.000Z</time></trkpt>
<trkpt lat="54.391522" lon="18.872908"><time>2026-05-24T10:10:16.000Z</time></trkpt>
<trkpt lat="54.391509" lon="18.873008"><time>2026-05-24T10:10:18.000Z</time></trkpt>
<trkpt lat="54.391499" lon="18.873115"><time>2026-05-24T10:10:20.000Z</time></trkpt>
<trkpt lat="54.391488" lon="18.873210"><time>2026-05-24T10:10:22.000Z</time></trkpt>
<trkpt lat="54.391464" lon="18.873296"><time>2026-05-24T10:10:24.000Z</time></trkpt>
<trkpt lat="54.391440" lon="18.873414"><time>2026-05-24T10:10:26.000Z</time></trkpt>
<trkpt lat="54.391425" lon="18.873510"><time>2026-05-24T10:10:28.000Z</time></trkpt>
<trkpt lat="54.391407" lon="18.873608"><time>2026-05-24T10:10:30.000Z</time></trkpt>
<trkpt lat="54.391400" lon="18.873711"><time>2026-05-24T10:10:32.000Z</time></trkpt>
<trkpt lat="54.391381" lon="18.873799"><time>2026-05-24T10:10:34.000Z</time></trkpt>
<trkpt lat="54.391364" lon="18.873908"><time>2026-05-24T10:10:36.000Z</time></trkpt>
<trkpt lat="54.391349" lon="18.874007"><time>2026-05-24T10:10:38.000Z</time></trkpt>
<trkpt lat="54.391335" lon="18.874101"><time>2026-05-24T10:10:40.000Z</time></trkpt>
<trkpt lat="54.391321" lon="18.874207"><time>2026-05-24T10:10:42.000Z</time></trkpt>
<trkpt lat="54.391302" lon="18.874308"><time>2026-05-24T10:10:44.000Z</time></trkpt>
<trkpt lat="54.391282" lon="18.874403"><time>2026-05-24T10:10:46.000Z</time></trkpt>
<trkpt lat="54.391262" lon="18.874493"><time>2026-05-24T10:10:48.000Z</time></trkpt>
<trkpt lat="54.391244" lon="18.874594"><time>2026-05-24T10:10:50.000Z</time></trkpt>
<trkpt lat="54.391226" lon="18.874694"><time>2026-05-24T10:10:52.000Z</time></trkpt>
<trkpt lat="54.391205" lon="18.874786"><time>2026-05-24T10:10:53.900Z</time></trkpt>
<trkpt lat="54.391188" lon="18.874887"><time>2026-05-24T10:10:55.900Z</time></trkpt>
<trkpt lat="54.391155" lon="18.874977"><time>2026-05-24T10:10:57.900Z</time></trkpt>
<trkpt lat="54.391142" lon="18.875071"><time>2026-05-24T10:10:59.900Z</time></trkpt>
<trkpt lat="54.391124" lon="18.875162"><time>2026-05-24T10:11:01.900Z</time></trkpt>
<trkpt lat="54.391107" lon="18.875260"><time>2026-05-24T10:11:03.900Z</time></trkpt>
<trkpt lat="54.391085" lon="18.875353"><time>2026-05-24T10:11:05.900Z</time></trkpt>
<trkpt lat="54.391067" lon="18.875453"><time>2026-05-24T10:11:07.900Z</time></trkpt>
<trkpt lat="54.391050" lon="18.875549"><time>2026-05-24T10:11:09.900Z</time></trkpt>
<trkpt lat="54.391037" lon="18.875641"><time>2026-05-24T10:11:11.900Z</time></trkpt>
<trkpt lat="54.391017" lon="18.875735"><time>2026-05-24T10:11:13.900Z</time></trkpt>
<trkpt lat="54.391001" lon="18.875833"><time>2026-05-24T10:11:15.900Z</time></trkpt>
<trkpt lat="54.390980" lon="18.875925"><time>2026-05-24T10:11:17.900Z</time></trkpt>
<trkpt lat="54.390960" lon="18.876021"><time>2026-05-24T10:11:19.900Z</time></trkpt>
<trkpt lat="54.390937" lon="18.876119"><time>2026-05-24T10:11:21.900Z</time></trkpt>
<trkpt lat="54.390907" lon="18.876212"><time>2026-05-24T10:11:23.900Z</time></trkpt>
<trkpt lat="54.390892" lon="18.876306"><time>2026-05-24T10:11:25.900Z</time></trkpt>
<trkpt lat="54.390877" lon="18.876401"><time>2026-05-24T10:11:27.900Z</time></trkpt>
<trkpt lat="54.390858" lon="18.876500"><time>2026-05-24T10:11:29.900Z</time></trkpt>
<trkpt lat="54.390845" lon="18.876597"><time>2026-05-24T10:11:31.900Z</time></trkpt>
<trkpt lat="54.390832" lon="18.876692"><time>2026-05-24T10:11:33.900Z</time></trkpt>
<trkpt lat="54.390811" lon="18.876788"><time>2026-05-24T10:11:35.900Z</time></trkpt>
<trkpt lat="54.390792" lon="18.876882"><time>2026-05-24T10:11:37.900Z</time></trkpt>
<trkpt lat="54.390772" lon="18.876975"><time>2026-05-24T10:11:39.900Z</time></trkpt>
<trkpt lat="54.390753" lon="18.877066"><time>2026-05-24T10:11:41.900Z</time></trkpt>
<trkpt lat="54.390739" lon="18.877162"><time>2026-05-24T10:11:43.900Z</time></trkpt>
<trkpt lat="54.390723" lon="18.877258"><time>2026-05-24T10:11:45.900Z</time></trkpt>
<trkpt lat="54.390706" lon="18.877350"><time>2026-05-24T10:11:47.900Z</time></trkpt>
<trkpt lat="54.390690" lon="18.877441"><time>2026-05-24T10:11:49.900Z</time></trkpt>
<trkpt lat="54.390673" lon="18.877533"><time>2026-05-24T10:11:51.900Z</time></trkpt>
<trkpt lat="54.390649" lon="18.877626"><time>2026-05-24T10:11:53.900Z</time></trkpt>
<trkpt lat="54.390627" lon="18.877721"><time>2026-05-24T10:11:55.900Z</time></trkpt>
<trkpt lat="54.390604" lon="18.877814"><time>2026-05-24T10:11:57.900Z</time></trkpt>
<trkpt lat="54.390592" lon="18.877912"><time>2026-05-24T10:11:59.900Z</time></trkpt>
<trkpt lat="54.390577" lon="18.878010"><time>2026-05-24T10:12:01.900Z</time></trkpt>
<trkpt lat="54.390556" lon="18.878111"><time>2026-05-24T10:12:03.900Z</time></trkpt>
<trkpt lat="54.390542" lon="18.878211"><time>2026-05-24T10:12:05.900Z</time></trkpt>
<trkpt lat="54.390526" lon="18.878312"><time>2026-05-24T10:12:07.900Z</time></trkpt>
<trkpt lat="54.390506" lon="18.878408"><time>2026-05-24T10:12:09.900Z</time></trkpt>
<trkpt lat="54.390479" lon="18.878500"><time>2026-05-24T10:12:11.900Z</time></trkpt>
<trkpt lat="54.390453" lon="18.878598"><time>2026-05-24T10:12:13.900Z</time></trkpt>
<trkpt lat="54.390434" lon="18.878696"><time>2026-05-24T10:12:15.900Z</time></trkpt>
<trkpt lat="54.390417" lon="18.878786"><time>2026-05-24T10:12:18.000Z</time></trkpt>
<trkpt lat="54.390402" lon="18.878886"><time>2026-05-24T10:12:20.000Z</time></trkpt>
<trkpt lat="54.390381" lon="18.878993"><time>2026-05-24T10:12:22.000Z</time></trkpt>
<trkpt lat="54.390371" lon="18.879078"><time>2026-05-24T10:12:24.000Z</time></trkpt>
<trkpt lat="54.390356" lon="18.879141"><time>2026-05-24T10:12:26.000Z</time></trkpt>
<trkpt lat="54.390337" lon="18.879209"><time>2026-05-24T10:12:28.000Z</time></trkpt>
<trkpt lat="54.390332" lon="18.879292"><time>2026-05-24T10:12:30.000Z</time></trkpt>
<trkpt lat="54.390314" lon="18.879355"><time>2026-05-24T10:12:32.000Z</time></trkpt>
<trkpt lat="54.390297" lon="18.879420"><time>2026-05-24T10:12:34.000Z</time></trkpt>
<trkpt lat="54.390289" lon="18.879492"><time>2026-05-24T10:12:36.000Z</time></trkpt>
<trkpt lat="54.390271" lon="18.879553"><time>2026-05-24T10:12:38.000Z</time></trkpt>
<trkpt lat="54.390250" lon="18.879613"><time>2026-05-24T10:12:40.000Z</time></trkpt>
<trkpt lat="54.390230" lon="18.879668"><time>2026-05-24T10:12:42.000Z</time></trkpt>
<trkpt lat="54.390202" lon="18.879726"><time>2026-05-24T10:12:44.000Z</time></trkpt>
<trkpt lat="54.390176" lon="18.879774"><time>2026-05-24T10:12:46.000Z</time></trkpt>
<trkpt lat="54.390148" lon="18.879826"><time>2026-05-24T10:12:48.000Z</time></trkpt>
<trkpt lat="54.390125" lon="18.879880"><time>2026-05-24T10:12:50.000Z</time></trkpt>
<trkpt lat="54.390097" lon="18.879923"><time>2026-05-24T10:12:52.000Z</time></trkpt>
<trkpt lat="54.390064" lon="18.879964"><time>2026-05-24T10:12:54.000Z</time></trkpt>
<trkpt lat="54.390035" lon="18.880011"><time>2026-05-24T10:12:55.900Z</time></trkpt>
<trkpt lat="54.390002" lon="18.880061"><time>2026-05-24T10:12:57.900Z</time></trkpt>
<trkpt lat="54.389974" lon="18.880119"><time>2026-05-24T10:12:59.900Z</time></trkpt>
<trkpt lat="54.389949" lon="18.880189"><time>2026-05-24T10:13:01.900Z</time></trkpt>
<trkpt lat="54.389925" lon="18.880265"><time>2026-05-24T10:13:03.900Z</time></trkpt>
<trkpt lat="54.389903" lon="18.880349"><time>2026-05-24T10:13:05.900Z</time></trkpt>
<trkpt lat="54.389875" lon="18.880432"><time>2026-05-24T10:13:07.900Z</time></trkpt>
<trkpt lat="54.389849" lon="18.880511"><time>2026-05-24T10:13:09.900Z</time></trkpt>
<trkpt lat="54.389825" lon="18.880598"><time>2026-05-24T10:13:11.900Z</time></trkpt>
<trkpt lat="54.389801" lon="18.880693"><time>2026-05-24T10:13:13.900Z</time></trkpt>
<trkpt lat="54.389785" lon="18.880790"><time>2026-05-24T10:13:15.900Z</time></trkpt>
<trkpt lat="54.389764" lon="18.880886"><time>2026-05-24T10:13:17.900Z</time></trkpt>
<trkpt lat="54.389742" lon="18.880978"><time>2026-05-24T10:13:19.900Z</time></trkpt>
<trkpt lat="54.389720" lon="18.881073"><time>2026-05-24T10:13:21.900Z</time></trkpt>
<trkpt lat="54.389692" lon="18.881160"><time>2026-05-24T10:13:23.900Z</time></trkpt>
<trkpt lat="54.389664" lon="18.881247"><time>2026-05-24T10:13:25.900Z</time></trkpt>
<trkpt lat="54.389630" lon="18.881322"><time>2026-05-24T10:13:27.900Z</time></trkpt>
<trkpt lat="54.389602" lon="18.881405"><time>2026-05-24T10:13:29.900Z</time></trkpt>
<trkpt lat="54.389567" lon="18.881496"><time>2026-05-24T10:13:31.900Z</time></trkpt>
<trkpt lat="54.389541" lon="18.881579"><time>2026-05-24T10:13:33.900Z</time></trkpt>
<trkpt lat="54.389508" lon="18.881660"><time>2026-05-24T10:13:35.900Z</time></trkpt>
<trkpt lat="54.389479" lon="18.881743"><time>2026-05-24T10:13:37.900Z</time></trkpt>
<trkpt lat="54.389452" lon="18.881836"><time>2026-05-24T10:13:39.900Z</time></trkpt>
<trkpt lat="54.389426" lon="18.881923"><time>2026-05-24T10:13:41.900Z</time></trkpt>
<trkpt lat="54.389394" lon="18.882011"><time>2026-05-24T10:13:43.900Z</time></trkpt>
<trkpt lat="54.389360" lon="18.882099"><time>2026-05-24T10:13:45.900Z</time></trkpt>
<trkpt lat="54.389333" lon="18.882183"><time>2026-05-24T10:13:47.900Z</time></trkpt>
<trkpt lat="54.389303" lon="18.882269"><time>2026-05-24T10:13:49.900Z</time></trkpt>
<trkpt lat="54.389277" lon="18.882357"><time>2026-05-24T10:13:51.900Z</time></trkpt>
<trkpt lat="54.389258" lon="18.882450"><time>2026-05-24T10:13:53.900Z</time></trkpt>
<trkpt lat="54.389236" lon="18.882544"><time>2026-05-24T10:13:55.900Z</time></trkpt>
<trkpt lat="54.389214" lon="18.882640"><time>2026-05-24T10:13:57.900Z</time></trkpt>
<trkpt lat="54.389190" lon="18.882740"><time>2026-05-24T10:13:59.900Z</time></trkpt>
<trkpt lat="54.389167" lon="18.882826"><time>2026-05-24T10:14:01.900Z</time></trkpt>
<trkpt lat="54.389138" lon="18.882911"><time>2026-05-24T10:14:03.900Z</time></trkpt>
<trkpt lat="54.389110" lon="18.882995"><time>2026-05-24T10:14:05.900Z</time></trkpt>
<trkpt lat="54.389082" lon="18.883080"><time>2026-05-24T10:14:07.900Z</time></trkpt>
<trkpt lat="54.389055" lon="18.883168"><time>2026-05-24T10:14:09.900Z</time></trkpt>
<trkpt lat="54.389031" lon="18.883254"><time>2026-05-24T10:14:11.900Z</time></trkpt>
<trkpt lat="54.389002" lon="18.883347"><time>2026-05-24T10:14:13.900Z</time></trkpt>
<trkpt lat="54.388980" lon="18.883443"><time>2026-05-24T10:14:15.900Z</time></trkpt>
<trkpt lat="54.388956" lon="18.883528"><time>2026-05-24T10:14:17.900Z</time></trkpt>
<trkpt lat="54.388935" lon="18.883615"><time>2026-05-24T10:14:19.900Z</time></trkpt>
<trkpt lat="54.388910" lon="18.883703"><time>2026-05-24T10:14:21.900Z</time></trkpt>
<trkpt lat="54.388879" lon="18.883794"><time>2026-05-24T10:14:24.000Z</time></trkpt>
<trkpt lat="54.388857" lon="18.883886"><time>2026-05-24T10:14:26.000Z</time></trkpt>
<trkpt lat="54.388833" lon="18.883977"><time>2026-05-24T10:14:28.000Z</time></trkpt>
<trkpt lat="54.388807" lon="18.884064"><time>2026-05-24T10:14:30.000Z</time></trkpt>
<trkpt lat="54.388787" lon="18.884155"><time>2026-05-24T10:14:32.000Z</time></trkpt>
<trkpt lat="54.388768" lon="18.884245"><time>2026-05-24T10:14:34.000Z</time></trkpt>
<trkpt lat="54.388753" lon="18.884342"><time>2026-05-24T10:14:36.000Z</time></trkpt>
<trkpt lat="54.388739" lon="18.884439"><time>2026-05-24T10:14:38.000Z</time></trkpt>
<trkpt lat="54.388716" lon="18.884541"><time>2026-05-24T10:14:40.000Z</time></trkpt>
<trkpt lat="54.388685" lon="18.884623"><time>2026-05-24T10:14:42.000Z</time></trkpt>
<trkpt lat="54.388660" lon="18.884710"><time>2026-05-24T10:14:44.000Z</time></trkpt>
<trkpt lat="54.388633" lon="18.884796"><time>2026-05-24T10:14:46.000Z</time></trkpt>
<trkpt lat="54.388610" lon="18.884888"><time>2026-05-24T10:14:48.000Z</time></trkpt>
<trkpt lat="54.388584" lon="18.884973"><time>2026-05-24T10:14:50.000Z</time></trkpt>
<trkpt lat="54.388564" lon="18.885065"><time>2026-05-24T10:14:52.000Z</time></trkpt>
<trkpt lat="54.388540" lon="18.885158"><time>2026-05-24T10:14:54.000Z</time></trkpt>
<trkpt lat="54.388521" lon="18.885247"><time>2026-05-24T10:14:56.000Z</time></trkpt>
<trkpt lat="54.388498" lon="18.885335"><time>2026-05-24T10:14:58.000Z</time></trkpt>
<trkpt lat="54.388482" lon="18.885416"><time>2026-05-24T10:15:00.000Z</time></trkpt>
<trkpt lat="54.388460" lon="18.885503"><time>2026-05-24T10:15:02.000Z</time></trkpt>
<trkpt lat="54.388437" lon="18.885587"><time>2026-05-24T10:15:03.900Z</time></trkpt>
<trkpt lat="54.388417" lon="18.885676"><time>2026-05-24T10:15:05.900Z</time></trkpt>
<trkpt lat="54.388391" lon="18.885750"><time>2026-05-24T10:15:07.900Z</time></trkpt>
<trkpt lat="54.388364" lon="18.885818"><time>2026-05-24T10:15:09.900Z</time></trkpt>
<trkpt lat="54.388333" lon="18.885885"><time>2026-05-24T10:15:11.900Z</time></trkpt>
<trkpt lat="54.388302" lon="18.885943"><time>2026-05-24T10:15:13.900Z</time></trkpt>
<trkpt lat="54.388266" lon="18.885985"><time>2026-05-24T10:15:15.900Z</time></trkpt>
<trkpt lat="54.388237" lon="18.886040"><time>2026-05-24T10:15:17.900Z</time></trkpt>
<trkpt lat="54.388205" lon="18.886092"><time>2026-05-24T10:15:19.900Z</time></trkpt>
<trkpt lat="54.388172" lon="18.886129"><time>2026-05-24T10:15:21.900Z</time></trkpt>
<trkpt lat="54.388135" lon="18.886168"><time>2026-05-24T10:15:23.900Z</time></trkpt>
<trkpt lat="54.388101" lon="18.886214"><time>2026-05-24T10:15:25.900Z</time></trkpt>
<trkpt lat="54.388066" lon="18.886248"><time>2026-05-24T10:15:27.900Z</time></trkpt>
<trkpt lat="54.388027" lon="18.886287"><time>2026-05-24T10:15:29.900Z</time></trkpt>
<trkpt lat="54.387993" lon="18.886324"><time>2026-05-24T10:15:31.900Z</time></trkpt>
<trkpt lat="54.387957" lon="18.886362"><time>2026-05-24T10:15:33.900Z</time></trkpt>
<trkpt lat="54.387922" lon="18.886402"><time>2026-05-24T10:15:35.900Z</time></trkpt>
<trkpt lat="54.387885" lon="18.886442"><time>2026-05-24T10:15:37.900Z</time></trkpt>
<trkpt lat="54.387852" lon="18.886481"><time>2026-05-24T10:15:39.900Z</time></trkpt>
<trkpt lat="54.387817" lon="18.886522"><time>2026-05-24T10:15:41.900Z</time></trkpt>
<trkpt lat="54.387785" lon="18.886572"><time>2026-05-24T10:15:43.900Z</time></trkpt>
<trkpt lat="54.387750" lon="18.886618"><time>2026-05-24T10:15:45.900Z</time></trkpt>
<trkpt lat="54.387717" lon="18.886665"><time>2026-05-24T10:15:47.900Z</time></trkpt>
<trkpt lat="54.387680" lon="18.886710"><time>2026-05-24T10:15:49.900Z</time></trkpt>
<trkpt lat="54.387648" lon="18.886762"><time>2026-05-24T10:15:51.900Z</time></trkpt>
<trkpt lat="54.387614" lon="18.886809"><time>2026-05-24T10:15:53.900Z</time></trkpt>
<trkpt lat="54.387575" lon="18.886879"><time>2026-05-24T10:15:55.900Z</time></trkpt>
<trkpt lat="54.387540" lon="18.886933"><time>2026-05-24T10:15:57.900Z</time></trkpt>
<trkpt lat="54.387509" lon="18.886985"><time>2026-05-24T10:15:59.900Z</time></trkpt>
<trkpt lat="54.387475" lon="18.887043"><time>2026-05-24T10:16:01.900Z</time></trkpt>
<trkpt lat="54.387440" lon="18.887095"><time>2026-05-24T10:16:03.900Z</time></trkpt>
<trkpt lat="54.387408" lon="18.887157"><time>2026-05-24T10:16:05.900Z</time></trkpt>
<trkpt lat="54.387376" lon="18.887221"><time>2026-05-24T10:16:07.900Z</time></trkpt>
<trkpt lat="54.387346" lon="18.887279"><time>2026-05-24T10:16:09.900Z</time></trkpt>
<trkpt lat="54.387314" lon="18.887340"><time>2026-05-24T10:16:11.900Z</time></trkpt>
<trkpt lat="54.387290" lon="18.887410"><time>2026-05-24T10:16:13.900Z</time></trkpt>
<trkpt lat="54.387262" lon="18.887480"><time>2026-05-24T10:16:15.900Z</time></trkpt>
<trkpt lat="54.387236" lon="18.887559"><time>2026-05-24T10:16:17.900Z</time></trkpt>
<trkpt lat="54.387211" lon="18.887629"><time>2026-05-24T10:16:19.900Z</time></trkpt>
<trkpt lat="54.387188" lon="18.887709"><time>2026-05-24T10:16:21.900Z</time></trkpt>
<trkpt lat="54.387169" lon="18.887779"><time>2026-05-24T10:16:23.900Z</time></trkpt>
<trkpt lat="54.387145" lon="18.887848"><time>2026-05-24T10:16:25.900Z</time></trkpt>
<trkpt lat="54.387121" lon="18.887920"><time>2026-05-24T10:16:27.900Z</time></trkpt>
<trkpt lat="54.387096" lon="18.887985"><time>2026-05-24T10:16:30.000Z</time></trkpt>
<trkpt lat="54.387066" lon="18.888045"><time>2026-05-24T10:16:32.000Z</time></trkpt>
<trkpt lat="54.387037" lon="18.888096"><time>2026-05-24T10:16:34.000Z</time></trkpt>
<trkpt lat="54.387006" lon="18.888146"><time>2026-05-24T10:16:36.000Z</time></trkpt>
<trkpt lat="54.386974" lon="18.888189"><time>2026-05-24T10:16:38.000Z</time></trkpt>
<trkpt lat="54.386946" lon="18.888231"><time>2026-05-24T10:16:40.000Z</time></trkpt>
<trkpt lat="54.386916" lon="18.888267"><time>2026-05-24T10:16:42.000Z</time></trkpt>
<trkpt lat="54.386886" lon="18.888311"><time>2026-05-24T10:16:44.000Z</time></trkpt>
<trkpt lat="54.386856" lon="18.888354"><time>2026-05-24T10:16:46.000Z</time></trkpt>
<trkpt lat="54.386825" lon="18.888401"><time>2026-05-24T10:16:48.000Z</time></trkpt>
<trkpt lat="54.386793" lon="18.888444"><time>2026-05-24T10:16:50.000Z</time></trkpt>
<trkpt lat="54.386762" lon="18.888496"><time>2026-05-24T10:16:52.000Z</time></trkpt>
<trkpt lat="54.386728" lon="18.888549"><time>2026-05-24T10:16:54.000Z</time></trkpt>
<trkpt lat="54.386694" lon="18.888602"><time>2026-05-24T10:16:56.000Z</time></trkpt>
<trkpt lat="54.386659" lon="18.888653"><time>2026-05-24T10:16:58.000Z</time></trkpt>
<trkpt lat="54.386625" lon="18.888714"><time>2026-05-24T10:17:00.000Z</time></trkpt>
<trkpt lat="54.386586" lon="18.888765"><time>2026-05-24T10:17:02.000Z</time></trkpt>
<trkpt lat="54.386550" lon="18.888828"><time>2026-05-24T10:17:04.000Z</time></trkpt>
<trkpt lat="54.386509" lon="18.888874"><time>2026-05-24T10:17:06.000Z</time></trkpt>
<trkpt lat="54.386472" lon="18.888938"><time>2026-05-24T10:17:08.000Z</time></trkpt>
<trkpt lat="54.386445" lon="18.888997"><time>2026-05-24T10:17:10.000Z</time></trkpt>
<trkpt lat="54.386410" lon="18.889053"><time>2026-05-24T10:17:11.900Z</time></trkpt>
<trkpt lat="54.386376" lon="18.889108"><time>2026-05-24T10:17:13.900Z</time></trkpt>
<trkpt lat="54.386342" lon="18.889164"><time>2026-05-24T10:17:15.900Z</time></trkpt>
<trkpt lat="54.386306" lon="18.889218"><time>2026-05-24T10:17:17.900Z</time></trkpt>
<trkpt lat="54.386275" lon="18.889273"><time>2026-05-24T10:17:19.900Z</time></trkpt>
<trkpt lat="54.386256" lon="18.889340"><time>2026-05-24T10:17:21.900Z</time></trkpt>
<trkpt lat="54.386217" lon="18.889389"><time>2026-05-24T10:17:23.900Z</time></trkpt>
<trkpt lat="54.386185" lon="18.889451"><time>2026-05-24T10:17:25.900Z</time></trkpt>
<trkpt lat="54.386155" lon="18.889511"><time>2026-05-24T10:17:27.900Z</time></trkpt>
<trkpt lat="54.386127" lon="18.889564"><time>2026-05-24T10:17:29.900Z</time></trkpt>
<trkpt lat="54.386100" lon="18.889635"><time>2026-05-24T10:17:31.900Z</time></trkpt>
<trkpt lat="54.386075" lon="18.889692"><time>2026-05-24T10:17:33.900Z</time></trkpt>
<trkpt lat="54.386061" lon="18.889746"><time>2026-05-24T10:17:35.900Z</time></trkpt>
<trkpt lat="54.386036" lon="18.889800"><time>2026-05-24T10:17:37.900Z</time></trkpt>
<trkpt lat="54.386004" lon="18.889871"><time>2026-05-24T10:17:39.900Z</time></trkpt>
<trkpt lat="54.385978" lon="18.889935"><time>2026-05-24T10:17:41.900Z</time></trkpt>
<trkpt lat="54.385956" lon="18.889988"><time>2026-05-24T10:17:43.900Z</time></trkpt>
<trkpt lat="54.385929" lon="18.890049"><time>2026-05-24T10:17:45.900Z</time></trkpt>
<trkpt lat="54.385912" lon="18.890099"><time>2026-05-24T10:17:47.900Z</time></trkpt>
<trkpt lat="54.385887" lon="18.890145"><time>2026-05-24T10:17:49.900Z</time></trkpt>
<trkpt lat="54.385875" lon="18.890209"><time>2026-05-24T10:17:51.900Z</time></trkpt>
<trkpt lat="54.385861" lon="18.890247"><time>2026-05-24T10:17:53.900Z</time></trkpt>
<trkpt lat="54.385842" lon="18.890291"><time>2026-05-24T10:17:55.900Z</time></trkpt>
<trkpt lat="54.385824" lon="18.890333"><time>2026-05-24T10:17:57.900Z</time></trkpt>
<trkpt lat="54.385803" lon="18.890382"><time>2026-05-24T10:17:59.900Z</time></trkpt>
<trkpt lat="54.385787" lon="18.890431"><time>2026-05-24T10:18:01.900Z</time></trkpt>
<trkpt lat="54.385770" lon="18.890477"><time>2026-05-24T10:18:03.900Z</time></trkpt>
<trkpt lat="54.385761" lon="18.890528"><time>2026-05-24T10:18:05.900Z</time></trkpt>
<trkpt lat="54.385752" lon="18.890569"><time>2026-05-24T10:18:07.900Z</time></trkpt>
<trkpt lat="54.385738" lon="18.890618"><time>2026-05-24T10:18:09.900Z</time></trkpt>
<trkpt lat="54.385727" lon="18.890664"><time>2026-05-24T10:18:11.900Z</time></trkpt>
<trkpt lat="54.385723" lon="18.890703"><time>2026-05-24T10:18:13.900Z</time></trkpt>
<trkpt lat="54.385712" lon="18.890745"><time>2026-05-24T10:18:15.900Z</time></trkpt>
<trkpt lat="54.385702" lon="18.890795"><time>2026-05-24T10:18:17.900Z</time></trkpt>
<trkpt lat="54.385691" lon="18.890841"><time>2026-05-24T10:18:19.900Z</time></trkpt>
<trkpt lat="54.385683" lon="18.890887"><time>2026-05-24T10:18:21.900Z</time></trkpt>
<trkpt lat="54.385673" lon="18.890934"><time>2026-05-24T10:18:23.900Z</time></trkpt>
<trkpt lat="54.385662" lon="18.890975"><time>2026-05-24T10:18:25.900Z</time></trkpt>
<trkpt lat="54.385644" lon="18.891015"><time>2026-05-24T10:18:27.900Z</time></trkpt>
<trkpt lat="54.385627" lon="18.891053"><time>2026-05-24T10:18:29.900Z</time></trkpt>
<trkpt lat="54.385611" lon="18.891089"><time>2026-05-24T10:18:31.900Z</time></trkpt>
<trkpt lat="54.385593" lon="18.891127"><time>2026-05-24T10:18:33.900Z</time></trkpt>
<trkpt lat="54.385579" lon="18.891158"><time>2026-05-24T10:18:36.000Z</time></trkpt>
<trkpt lat="54.385559" lon="18.891186"><time>2026-05-24T10:18:38.000Z</time></trkpt>
<trkpt lat="54.385537" lon="18.891230"><time>2026-05-24T10:18:40.000Z</time></trkpt>
<trkpt lat="54.385519" lon="18.891269"><time>2026-05-24T10:18:42.000Z</time></trkpt>
<trkpt lat="54.385510" lon="18.891308"><time>2026-05-24T10:18:44.000Z</time></trkpt>
<trkpt lat="54.385495" lon="18.891346"><time>2026-05-24T10:18:46.000Z</time></trkpt>
<trkpt lat="54.385488" lon="18.891396"><time>2026-05-24T10:18:48.000Z</time></trkpt>
<trkpt lat="54.385478" lon="18.891442"><time>2026-05-24T10:18:50.000Z</time></trkpt>
<trkpt lat="54.385469" lon="18.891488"><time>2026-05-24T10:18:52.000Z</time></trkpt>
<trkpt lat="54.385460" lon="18.891533"><time>2026-05-24T10:18:54.000Z</time></trkpt>
<trkpt lat="54.385454" lon="18.891582"><time>2026-05-24T10:18:56.000Z</time></trkpt>
<trkpt lat="54.385435" lon="18.891635"><time>2026-05-24T10:18:58.000Z</time></trkpt>
<trkpt lat="54.385432" lon="18.891684"><time>2026-05-24T10:19:00.000Z</time></trkpt>
<trkpt lat="54.385429" lon="18.891738"><time>2026-05-24T10:19:02.000Z</time></trkpt>
<trkpt lat="54.385434" lon="18.891784"><time>2026-05-24T10:19:04.000Z</time></trkpt>
<trkpt lat="54.385436" lon="18.891831"><time>2026-05-24T10:19:06.000Z</time></trkpt>
<trkpt lat="54.385444" lon="18.891881"><time>2026-05-24T10:19:08.000Z</time></trkpt>
<trkpt lat="54.385451" lon="18.891927"><time>2026-05-24T10:19:10.000Z</time></trkpt>
<trkpt lat="54.385456" lon="18.891981"><time>2026-05-24T10:19:12.000Z</time></trkpt>
<trkpt lat="54.385459" lon="18.892041"><time>2026-05-24T10:19:14.000Z</time></trkpt>
<trkpt lat="54.385465" lon="18.892099"><time>2026-05-24T10:19:16.000Z</time></trkpt>
<trkpt lat="54.385465" lon="18.892154"><time>2026-05-24T10:19:18.000Z</time></trkpt>
<trkpt lat="54.385476" lon="18.892215"><time>2026-05-24T10:19:19.900Z</time></trkpt>
<trkpt lat="54.385481" lon="18.892276"><time>2026-05-24T10:19:21.900Z</time></trkpt>
<trkpt lat="54.385489" lon="18.892331"><time>2026-05-24T10:19:23.900Z</time></trkpt>
<trkpt lat="54.385497" lon="18.892393"><time>2026-05-24T10:19:25.900Z</time></trkpt>
<trkpt lat="54.385509" lon="18.892461"><time>2026-05-24T10:19:27.900Z</time></trkpt>
<trkpt lat="54.385521" lon="18.892499"><time>2026-05-24T10:19:29.900Z</time></trkpt>
<trkpt lat="54.385523" lon="18.892548"><time>2026-05-24T10:19:31.900Z</time></trkpt>
<trkpt lat="54.385533" lon="18.892610"><time>2026-05-24T10:19:33.900Z</time></trkpt>
<trkpt lat="54.385543" lon="18.892671"><time>2026-05-24T10:19:35.900Z</time></trkpt>
<trkpt lat="54.385549" lon="18.892728"><time>2026-05-24T10:19:37.900Z</time></trkpt>
<trkpt lat="54.385559" lon="18.892793"><time>2026-05-24T10:19:39.900Z</time></trkpt>
<trkpt lat="54.385568" lon="18.892839"><time>2026-05-24T10:19:41.900Z</time></trkpt>
<trkpt lat="54.385570" lon="18.892907"><time>2026-05-24T10:19:43.900Z</time></trkpt>
<trkpt lat="54.385578" lon="18.892976"><time>2026-05-24T10:19:45.900Z</time></trkpt>
<trkpt lat="54.385581" lon="18.893033"><time>2026-05-24T10:19:47.900Z</time></trkpt>
<trkpt lat="54.385587" lon="18.893093"><time>2026-05-24T10:19:49.900Z</time></trkpt>
<trkpt lat="54.385594" lon="18.893153"><time>2026-05-24T10:19:51.900Z</time></trkpt>
<trkpt lat="54.385602" lon="18.893212"><time>2026-05-24T10:19:53.900Z</time></trkpt>
<trkpt lat="54.385607" lon="18.893264"><time>2026-05-24T10:19:55.900Z</time></trkpt>
<trkpt lat="54.385615" lon="18.893323"><time>2026-05-24T10:19:57.900Z</time></trkpt>
<trkpt lat="54.385620" lon="18.893380"><time>2026-05-24T10:19:59.900Z</time></trkpt>
<trkpt lat="54.385629" lon="18.893444"><time>2026-05-24T10:20:01.900Z</time></trkpt>
<trkpt lat="54.385636" lon="18.893494"><time>2026-05-24T10:20:03.900Z</time></trkpt>
<trkpt lat="54.385648" lon="18.893543"><time>2026-05-24T10:20:05.900Z</time></trkpt>
<trkpt lat="54.385660" lon="18.893595"><time>2026-05-24T10:20:07.900Z</time></trkpt>
<trkpt lat="54.385669" lon="18.893648"><time>2026-05-24T10:20:09.900Z</time></trkpt>
<trkpt lat="54.385678" lon="18.893703"><time>2026-05-24T10:20:11.900Z</time></trkpt>
<trkpt lat="54.385685" lon="18.893754"><time>2026-05-24T10:20:13.900Z</time></trkpt>
<trkpt lat="54.385690" lon="18.893803"><time>2026-05-24T10:20:15.900Z</time></trkpt>
<trkpt lat="54.385695" lon="18.893860"><time>2026-05-24T10:20:17.900Z</time></trkpt>
<trkpt lat="54.385701" lon="18.893911"><time>2026-05-24T10:20:19.900Z</time></trkpt>
<trkpt lat="54.385719" lon="18.893970"><time>2026-05-24T10:20:21.900Z</time></trkpt>
<trkpt lat="54.385738" lon="18.894023"><time>2026-05-24T10:20:23.900Z</time></trkpt>
<trkpt lat="54.385746" lon="18.894079"><time>2026-05-24T10:20:25.900Z</time></trkpt>
<trkpt lat="54.385759" lon="18.894133"><time>2026-05-24T10:20:27.900Z</time></trkpt>
<trkpt lat="54.385774" lon="18.894190"><time>2026-05-24T10:20:29.900Z</time></trkpt>
<trkpt lat="54.385781" lon="18.894248"><time>2026-05-24T10:20:31.900Z</time></trkpt>
<trkpt lat="54.385784" lon="18.894311"><time>2026-05-24T10:20:33.900Z</time></trkpt>
<trkpt lat="54.385785" lon="18.894376"><time>2026-05-24T10:20:35.900Z</time></trkpt>
<trkpt lat="54.385782" lon="18.894441"><time>2026-05-24T10:20:37.900Z</time></trkpt>
<trkpt lat="54.385772" lon="18.894511"><time>2026-05-24T10:20:39.900Z</time></trkpt>
<trkpt lat="54.385762" lon="18.894576"><time>2026-05-24T10:20:42.000Z</time></trkpt>
<trkpt lat="54.385749" lon="18.894643"><time>2026-05-24T10:20:44.000Z</time></trkpt>
<trkpt lat="54.385743" lon="18.894710"><time>2026-05-24T10:20:46.000Z</time></trkpt>
<trkpt lat="54.385727" lon="18.894775"><time>2026-05-24T10:20:48.000Z</time></trkpt>
<trkpt lat="54.385718" lon="18.894843"><time>2026-05-24T10:20:50.000Z</time></trkpt>
<trkpt lat="54.385710" lon="18.894908"><time>2026-05-24T10:20:52.000Z</time></trkpt>
<trkpt lat="54.385703" lon="18.894974"><time>2026-05-24T10:20:54.000Z</time></trkpt>
<trkpt lat="54.385699" lon="18.895040"><time>2026-05-24T10:20:56.000Z</time></trkpt>
<trkpt lat="54.385696" lon="18.895108"><time>2026-05-24T10:20:58.000Z</time></trkpt>
<trkpt lat="54.385696" lon="18.895172"><time>2026-05-24T10:21:00.000Z</time></trkpt>
<trkpt lat="54.385694" lon="18.895235"><time>2026-05-24T10:21:02.000Z</time></trkpt>
<trkpt lat="54.385690" lon="18.895300"><time>2026-05-24T10:21:04.000Z</time></trkpt>
<trkpt lat="54.385688" lon="18.895354"><time>2026-05-24T10:21:06.000Z</time></trkpt>
<trkpt lat="54.385685" lon="18.895418"><time>2026-05-24T10:21:08.000Z</time></trkpt>
<trkpt lat="54.385680" lon="18.895483"><time>2026-05-24T10:21:10.000Z</time></trkpt>
<trkpt lat="54.385674" lon="18.895542"><time>2026-05-24T10:21:12.000Z</time></trkpt>
<trkpt lat="54.385666" lon="18.895599"><time>2026-05-24T10:21:14.000Z</time></trkpt>
<trkpt lat="54.385666" lon="18.895653"><time>2026-05-24T10:21:16.000Z</time></trkpt>
<trkpt lat="54.385664" lon="18.895715"><time>2026-05-24T10:21:18.000Z</time></trkpt>
<trkpt lat="54.385662" lon="18.895781"><time>2026-05-24T10:21:20.000Z</time></trkpt>
<trkpt lat="54.385663" lon="18.895841"><time>2026-05-24T10:21:22.000Z</time></trkpt>
<trkpt lat="54.385664" lon="18.895900"><time>2026-05-24T10:21:23.900Z</time></trkpt>
<trkpt lat="54.385662" lon="18.895956"><time>2026-05-24T10:21:25.900Z</time></trkpt>
<trkpt lat="54.385665" lon="18.896009"><time>2026-05-24T10:21:27.900Z</time></trkpt>
<trkpt lat="54.385666" lon="18.896063"><time>2026-05-24T10:21:29.900Z</time></trkpt>
<trkpt lat="54.385664" lon="18.896127"><time>2026-05-24T10:21:31.900Z</time></trkpt>
<trkpt lat="54.385668" lon="18.896178"><time>2026-05-24T10:21:33.900Z</time></trkpt>
<trkpt lat="54.385674" lon="18.896238"><time>2026-05-24T10:21:35.900Z</time></trkpt>
<trkpt lat="54.385675" lon="18.896298"><time>2026-05-24T10:21:37.900Z</time></trkpt>
<trkpt lat="54.385685" lon="18.896362"><time>2026-05-24T10:21:39.900Z</time></trkpt>
<trkpt lat="54.385690" lon="18.896416"><time>2026-05-24T10:21:41.900Z</time></trkpt>
<trkpt lat="54.385693" lon="18.896469"><time>2026-05-24T10:21:43.900Z</time></trkpt>
<trkpt lat="54.385694" lon="18.896528"><time>2026-05-24T10:21:45.900Z</time></trkpt>
<trkpt lat="54.385695" lon="18.896585"><time>2026-05-24T10:21:47.900Z</time></trkpt>
<trkpt lat="54.385690" lon="18.896644"><time>2026-05-24T10:21:49.900Z</time></trkpt>
<trkpt lat="54.385683" lon="18.896698"><time>2026-05-24T10:21:51.900Z</time></trkpt>
<trkpt lat="54.385680" lon="18.896764"><time>2026-05-24T10:21:53.900Z</time></trkpt>
<trkpt lat="54.385674" lon="18.896819"><time>2026-05-24T10:21:55.900Z</time></trkpt>
<trkpt lat="54.385665" lon="18.896870"><time>2026-05-24T10:21:57.900Z</time></trkpt>
<trkpt lat="54.385656" lon="18.896933"><time>2026-05-24T10:21:59.900Z</time></trkpt>
<trkpt lat="54.385649" lon="18.897000"><time>2026-05-24T10:22:01.900Z</time></trkpt>
<trkpt lat="54.385642" lon="18.897064"><time>2026-05-24T10:22:03.900Z</time></trkpt>
<trkpt lat="54.385634" lon="18.897133"><time>2026-05-24T10:22:05.900Z</time></trkpt>
<trkpt lat="54.385619" lon="18.897195"><time>2026-05-24T10:22:07.900Z</time></trkpt>
<trkpt lat="54.385605" lon="18.897258"><time>2026-05-24T10:22:09.900Z</time></trkpt>
<trkpt lat="54.385590" lon="18.897325"><time>2026-05-24T10:22:11.900Z</time></trkpt>
<trkpt lat="54.385577" lon="18.897384"><time>2026-05-24T10:22:13.900Z</time></trkpt>
<trkpt lat="54.385562" lon="18.897454"><time>2026-05-24T10:22:15.900Z</time></trkpt>
<trkpt lat="54.385548" lon="18.897510"><time>2026-05-24T10:22:17.900Z</time></trkpt>
<trkpt lat="54.385527" lon="18.897590"><time>2026-05-24T10:22:19.900Z</time></trkpt>
<trkpt lat="54.385507" lon="18.897654"><time>2026-05-24T10:22:21.900Z</time></trkpt>
<trkpt lat="54.385484" lon="18.897726"><time>2026-05-24T10:22:23.900Z</time></trkpt>
<trkpt lat="54.385467" lon="18.897801"><time>2026-05-24T10:22:25.900Z</time></trkpt>
<trkpt lat="54.385447" lon="18.897869"><time>2026-05-24T10:22:27.900Z</time></trkpt>
<trkpt lat="54.385430" lon="18.897944"><time>2026-05-24T10:22:29.900Z</time></trkpt>
<trkpt lat="54.385414" lon="18.898011"><time>2026-05-24T10:22:31.900Z</time></trkpt>
<trkpt lat="54.385392" lon="18.898081"><time>2026-05-24T10:22:33.900Z</time></trkpt>
<trkpt lat="54.385373" lon="18.898150"><time>2026-05-24T10:22:35.900Z</time></trkpt>
<trkpt lat="54.385355" lon="18.898220"><time>2026-05-24T10:22:37.900Z</time></trkpt>
<trkpt lat="54.385337" lon="18.898288"><time>2026-05-24T10:22:39.900Z</time></trkpt>
<trkpt lat="54.385317" lon="18.898363"><time>2026-05-24T10:22:41.900Z</time></trkpt>
<trkpt lat="54.385303" lon="18.898432"><time>2026-05-24T10:22:43.900Z</time></trkpt>
<trkpt lat="54.385275" lon="18.898503"><time>2026-05-24T10:22:45.900Z</time></trkpt>
<trkpt lat="54.385257" lon="18.898572"><time>2026-05-24T10:22:48.000Z</time></trkpt>
<trkpt lat="54.385237" lon="18.898640"><time>2026-05-24T10:22:50.000Z</time></trkpt>
<trkpt lat="54.385214" lon="18.898715"><time>2026-05-24T10:22:52.000Z</time></trkpt>
<trkpt lat="54.385197" lon="18.898785"><time>2026-05-24T10:22:54.000Z</time></trkpt>
<trkpt lat="54.385166" lon="18.898853"><time>2026-05-24T10:22:56.000Z</time></trkpt>
<trkpt lat="54.385146" lon="18.898919"><time>2026-05-24T10:22:58.000Z</time></trkpt>
<trkpt lat="54.385118" lon="18.898981"><time>2026-05-24T10:23:00.000Z</time></trkpt>
<trkpt lat="54.385102" lon="18.899052"><time>2026-05-24T10:23:02.000Z</time></trkpt>
<trkpt lat="54.385086" lon="18.899120"><time>2026-05-24T10:23:04.000Z</time></trkpt>
<trkpt lat="54.385065" lon="18.899186"><time>2026-05-24T10:23:06.000Z</time></trkpt>
<trkpt lat="54.385046" lon="18.899254"><time>2026-05-24T10:23:08.000Z</time></trkpt>
<trkpt lat="54.385029" lon="18.899322"><time>2026-05-24T10:23:10.000Z</time></trkpt>
<trkpt lat="54.385012" lon="18.899386"><time>2026-05-24T10:23:12.000Z</time></trkpt>
<trkpt lat="54.384990" lon="18.899456"><time>2026-05-24T10:23:14.000Z</time></trkpt>
<trkpt lat="54.384979" lon="18.899524"><time>2026-05-24T10:23:16.000Z</time></trkpt>
<trkpt lat="54.384959" lon="18.899592"><time>2026-05-24T10:23:18.000Z</time></trkpt>
<trkpt lat="54.384940" lon="18.899665"><time>2026-05-24T10:23:20.000Z</time></trkpt>
<trkpt lat="54.384920" lon="18.899733"><time>2026-05-24T10:23:22.000Z</time></trkpt>
<trkpt lat="54.384900" lon="18.899803"><time>2026-05-24T10:23:24.000Z</time></trkpt>
<trkpt lat="54.384882" lon="18.899869"><time>2026-05-24T10:23:26.000Z</time></trkpt>
<trkpt lat="54.384861" lon="18.899935"><time>2026-05-24T10:23:28.000Z</time></trkpt>
<trkpt lat="54.384845" lon="18.900005"><time>2026-05-24T10:23:29.900Z</time></trkpt>
<trkpt lat="54.384827" lon="18.900064"><time>2026-05-24T10:23:31.900Z</time></trkpt>
<trkpt lat="54.384807" lon="18.900136"><time>2026-05-24T10:23:33.900Z</time></trkpt>
<trkpt lat="54.384796" lon="18.900202"><time>2026-05-24T10:23:35.900Z</time></trkpt>
<trkpt lat="54.384774" lon="18.900267"><time>2026-05-24T10:23:37.900Z</time></trkpt>
<trkpt lat="54.384753" lon="18.900335"><time>2026-05-24T10:23:39.900Z</time></trkpt>
<trkpt lat="54.384737" lon="18.900404"><time>2026-05-24T10:23:41.900Z</time></trkpt>
<trkpt lat="54.384718" lon="18.900473"><time>2026-05-24T10:23:43.900Z</time></trkpt>
<trkpt lat="54.384700" lon="18.900538"><time>2026-05-24T10:23:45.900Z</time></trkpt>
<trkpt lat="54.384681" lon="18.900606"><time>2026-05-24T10:23:47.900Z</time></trkpt>
<trkpt lat="54.384664" lon="18.900672"><time>2026-05-24T10:23:49.900Z</time></trkpt>
<trkpt lat="54.384646" lon="18.900737"><time>2026-05-24T10:23:51.900Z</time></trkpt>
<trkpt lat="54.384626" lon="18.900805"><time>2026-05-24T10:23:53.900Z</time></trkpt>
<trkpt lat="54.384608" lon="18.900871"><time>2026-05-24T10:23:55.900Z</time></trkpt>
<trkpt lat="54.384585" lon="18.900937"><time>2026-05-24T10:23:57.900Z</time></trkpt>
<trkpt lat="54.384564" lon="18.901003"><time>2026-05-24T10:23:59.900Z</time></trkpt>
<trkpt lat="54.384546" lon="18.901070"><time>2026-05-24T10:24:01.900Z</time></trkpt>
<trkpt lat="54.384529" lon="18.901138"><time>2026-05-24T10:24:03.900Z</time></trkpt>
<trkpt lat="54.384514" lon="18.901205"><time>2026-05-24T10:24:05.900Z</time></trkpt>
<trkpt lat="54.384501" lon="18.901275"><time>2026-05-24T10:24:07.900Z</time></trkpt>
<trkpt lat="54.384482" lon="18.901342"><time>2026-05-24T10:24:09.900Z</time></trkpt>
<trkpt lat="54.384464" lon="18.901409"><time>2026-05-24T10:24:11.900Z</time></trkpt>
<trkpt lat="54.384427" lon="18.901487"><time>2026-05-24T10:24:13.900Z</time></trkpt>
<trkpt lat="54.384415" lon="18.901550"><time>2026-05-24T10:24:15.900Z</time></trkpt>
<trkpt lat="54.384408" lon="18.901611"><time>2026-05-24T10:24:17.900Z</time></trkpt>
<trkpt lat="54.384387" lon="18.901676"><time>2026-05-24T10:24:19.900Z</time></trkpt>
<trkpt lat="54.384374" lon="18.901740"><time>2026-05-24T10:24:21.900Z</time></trkpt>
<trkpt lat="54.384351" lon="18.901805"><time>2026-05-24T10:24:23.900Z</time></trkpt>
<trkpt lat="54.384338" lon="18.901867"><time>2026-05-24T10:24:25.900Z</time></trkpt>
<trkpt lat="54.384326" lon="18.901930"><time>2026-05-24T10:24:27.900Z</time></trkpt>
<trkpt lat="54.384309" lon="18.901991"><time>2026-05-24T10:24:29.900Z</time></trkpt>
<trkpt lat="54.384292" lon="18.902058"><time>2026-05-24T10:24:31.900Z</time></trkpt>
<trkpt lat="54.384280" lon="18.902128"><time>2026-05-24T10:24:33.900Z</time></trkpt>
<trkpt lat="54.384265" lon="18.902191"><time>2026-05-24T10:24:35.900Z</time></trkpt>
<trkpt lat="54.384245" lon="18.902252"><time>2026-05-24T10:24:37.900Z</time></trkpt>
<trkpt lat="54.384226" lon="18.902322"><time>2026-05-24T10:24:39.900Z</time></trkpt>
<trkpt lat="54.384211" lon="18.902387"><time>2026-05-24T10:24:41.900Z</time></trkpt>
<trkpt lat="54.384193" lon="18.902457"><time>2026-05-24T10:24:43.900Z</time></trkpt>
<trkpt lat="54.384173" lon="18.902522"><time>2026-05-24T10:24:45.900Z</time></trkpt>
<trkpt lat="54.384154" lon="18.902594"><time>2026-05-24T10:24:47.900Z</time></trkpt>
<trkpt lat="54.384136" lon="18.902675"><time>2026-05-24T10:24:49.900Z</time></trkpt>
<trkpt lat="54.384100" lon="18.902757"><time>2026-05-24T10:24:51.900Z</time></trkpt>
<trkpt lat="54.384080" lon="18.902834"><time>2026-05-24T10:24:54.000Z</time></trkpt>
<trkpt lat="54.384066" lon="18.902895"><time>2026-05-24T10:24:56.000Z</time></trkpt>
<trkpt lat="54.384046" lon="18.902969"><time>2026-05-24T10:24:58.000Z</time></trkpt>
<trkpt lat="54.384028" lon="18.903038"><time>2026-05-24T10:25:00.000Z</time></trkpt>
<trkpt lat="54.384014" lon="18.903109"><time>2026-05-24T10:25:02.000Z</time></trkpt>
<trkpt lat="54.383998" lon="18.903178"><time>2026-05-24T10:25:04.000Z</time></trkpt>
<trkpt lat="54.383989" lon="18.903238"><time>2026-05-24T10:25:06.000Z</time></trkpt>
<trkpt lat="54.383969" lon="18.903328"><time>2026-05-24T10:25:08.000Z</time></trkpt>
<trkpt lat="54.383963" lon="18.903374"><time>2026-05-24T10:25:10.000Z</time></trkpt>
<trkpt lat="54.383945" lon="18.903452"><time>2026-05-24T10:25:12.000Z</time></trkpt>
<trkpt lat="54.383932" lon="18.903519"><time>2026-05-24T10:25:14.000Z</time></trkpt>
<trkpt lat="54.383915" lon="18.903584"><time>2026-05-24T10:25:16.000Z</time></trkpt>
<trkpt lat="54.383903" lon="18.903649"><time>2026-05-24T10:25:18.000Z</time></trkpt>
<trkpt lat="54.383887" lon="18.903712"><time>2026-05-24T10:25:20.000Z</time></trkpt>
<trkpt lat="54.383871" lon="18.903778"><time>2026-05-24T10:25:22.000Z</time></trkpt>
<trkpt lat="54.383860" lon="18.903836"><time>2026-05-24T10:25:24.000Z</time></trkpt>
<trkpt lat="54.383845" lon="18.903890"><time>2026-05-24T10:25:26.000Z</time></trkpt>
<trkpt lat="54.383827" lon="18.903958"><time>2026-05-24T10:25:28.000Z</time></trkpt>
<trkpt lat="54.383815" lon="18.904020"><time>2026-05-24T10:25:30.000Z</time></trkpt>
<trkpt lat="54.383803" lon="18.904094"><time>2026-05-24T10:25:32.000Z</time></trkpt>
<trkpt lat="54.383786" lon="18.904155"><time>2026-05-24T10:25:33.900Z</time></trkpt>
<trkpt lat="54.383775" lon="18.904221"><time>2026-05-24T10:25:35.900Z</time></trkpt>
<trkpt lat="54.383770" lon="18.904279"><time>2026-05-24T10:25:37.900Z</time></trkpt>
<trkpt lat="54.383757" lon="18.904347"><time>2026-05-24T10:25:39.900Z</time></trkpt>
<trkpt lat="54.383746" lon="18.904410"><time>2026-05-24T10:25:41.900Z</time></trkpt>
<trkpt lat="54.383736" lon="18.904481"><time>2026-05-24T10:25:43.900Z</time></trkpt>
<trkpt lat="54.383729" lon="18.904543"><time>2026-05-24T10:25:45.900Z</time></trkpt>
<trkpt lat="54.383723" lon="18.904608"><time>2026-05-24T10:25:47.900Z</time></trkpt>
<trkpt lat="54.383712" lon="18.904680"><time>2026-05-24T10:25:49.900Z</time></trkpt>
<trkpt lat="54.383704" lon="18.904740"><time>2026-05-24T10:25:51.900Z</time></trkpt>
<trkpt lat="54.383694" lon="18.904806"><time>2026-05-24T10:25:53.900Z</time></trkpt>
<trkpt lat="54.383685" lon="18.904870"><time>2026-05-24T10:25:55.900Z</time></trkpt>
<trkpt lat="54.383677" lon="18.904932"><time>2026-05-24T10:25:57.900Z</time></trkpt>
<trkpt lat="54.383668" lon="18.904999"><time>2026-05-24T10:25:59.900Z</time></trkpt>
<trkpt lat="54.383659" lon="18.905065"><time>2026-05-24T10:26:01.900Z</time></trkpt>
<trkpt lat="54.383647" lon="18.905133"><time>2026-05-24T10:26:03.900Z</time></trkpt>
<trkpt lat="54.383634" lon="18.905194"><time>2026-05-24T10:26:05.900Z</time></trkpt>
<trkpt lat="54.383618" lon="18.905257"><time>2026-05-24T10:26:07.900Z</time></trkpt>
<trkpt lat="54.383603" lon="18.905315"><time>2026-05-24T10:26:09.900Z</time></trkpt>
<trkpt lat="54.383590" lon="18.905383"><time>2026-05-24T10:26:11.900Z</time></trkpt>
<trkpt lat="54.383579" lon="18.905442"><time>2026-05-24T10:26:13.900Z</time></trkpt>
<trkpt lat="54.383561" lon="18.905495"><time>2026-05-24T10:26:15.900Z</time></trkpt>
<trkpt lat="54.383545" lon="18.905562"><time>2026-05-24T10:26:17.900Z</time></trkpt>
<trkpt lat="54.383532" lon="18.905623"><time>2026-05-24T10:26:19.900Z</time></trkpt>
<trkpt lat="54.383520" lon="18.905690"><time>2026-05-24T10:26:21.900Z</time></trkpt>
<trkpt lat="54.383506" lon="18.905749"><time>2026-05-24T10:26:23.900Z</time></trkpt>
<trkpt lat="54.383493" lon="18.905815"><time>2026-05-24T10:26:25.900Z</time></trkpt>
<trkpt lat="54.383482" lon="18.905886"><time>2026-05-24T10:26:27.900Z</time></trkpt>
<trkpt lat="54.383473" lon="18.905949"><time>2026-05-24T10:26:29.900Z</time></trkpt>
<trkpt lat="54.383465" lon="18.906016"><time>2026-05-24T10:26:31.900Z</time></trkpt>
<trkpt lat="54.383456" lon="18.906084"><time>2026-05-24T10:26:33.900Z</time></trkpt>
<trkpt lat="54.383444" lon="18.906140"><time>2026-05-24T10:26:35.900Z</time></trkpt>
<trkpt lat="54.383436" lon="18.906209"><time>2026-05-24T10:26:37.900Z</time></trkpt>
<trkpt lat="54.383423" lon="18.906273"><time>2026-05-24T10:26:39.900Z</time></trkpt>
<trkpt lat="54.383411" lon="18.906341"><time>2026-05-24T10:26:41.900Z</time></trkpt>
<trkpt lat="54.383403" lon="18.906399"><time>2026-05-24T10:26:43.900Z</time></trkpt>
<trkpt lat="54.383393" lon="18.906465"><time>2026-05-24T10:26:45.900Z</time></trkpt>
<trkpt lat="54.383381" lon="18.906519"><time>2026-05-24T10:26:47.900Z</time></trkpt>
<trkpt lat="54.383372" lon="18.906566"><time>2026-05-24T10:26:49.900Z</time></trkpt>
<trkpt lat="54.383359" lon="18.906607"><time>2026-05-24T10:26:51.900Z</time></trkpt>
<trkpt lat="54.383343" lon="18.906681"><time>2026-05-24T10:26:53.900Z</time></trkpt>
<trkpt lat="54.383327" lon="18.906757"><time>2026-05-24T10:26:55.900Z</time></trkpt>
<trkpt lat="54.383314" lon="18.906809"><time>2026-05-24T10:26:57.900Z</time></trkpt>
<trkpt lat="54.383300" lon="18.906880"><time>2026-05-24T10:27:00.000Z</time></trkpt>
<trkpt lat="54.383285" lon="18.906943"><time>2026-05-24T10:27:02.000Z</time></trkpt>
<trkpt lat="54.383271" lon="18.907002"><time>2026-05-24T10:27:04.000Z</time></trkpt>
<trkpt lat="54.383256" lon="18.907065"><time>2026-05-24T10:27:06.000Z</time></trkpt>
<trkpt lat="54.383244" lon="18.907129"><time>2026-05-24T10:27:08.000Z</time></trkpt>
<trkpt lat="54.383231" lon="18.907195"><time>2026-05-24T10:27:10.000Z</time></trkpt>
<trkpt lat="54.383224" lon="18.907263"><time>2026-05-24T10:27:12.000Z</time></trkpt>
<trkpt lat="54.383224" lon="18.907329"><time>2026-05-24T10:27:14.000Z</time></trkpt>
<trkpt lat="54.383218" lon="18.907398"><time>2026-05-24T10:27:16.000Z</time></trkpt>
<trkpt lat="54.383209" lon="18.907485"><time>2026-05-24T10:27:18.000Z</time></trkpt>
<trkpt lat="54.383204" lon="18.907538"><time>2026-05-24T10:27:20.000Z</time></trkpt>
<trkpt lat="54.383196" lon="18.907607"><time>2026-05-24T10:27:22.000Z</time></trkpt>
<trkpt lat="54.383185" lon="18.907662"><time>2026-05-24T10:27:24.000Z</time></trkpt>
<trkpt lat="54.383178" lon="18.907727"><time>2026-05-24T10:27:26.000Z</time></trkpt>
<trkpt lat="54.383171" lon="18.907791"><time>2026-05-24T10:27:28.000Z</time></trkpt>
<trkpt lat="54.383164" lon="18.907861"><time>2026-05-24T10:27:30.000Z</time></trkpt>
<trkpt lat="54.383156" lon="18.907926"><time>2026-05-24T10:27:32.000Z</time></trkpt>
<trkpt lat="54.383158" lon="18.907998"><time>2026-05-24T10:27:34.000Z</time></trkpt>
<trkpt lat="54.383151" lon="18.908058"><time>2026-05-24T10:27:35.900Z</time></trkpt>
<trkpt lat="54.383139" lon="18.908113"><time>2026-05-24T10:27:37.900Z</time></trkpt>
<trkpt lat="54.383131" lon="18.908176"><time>2026-05-24T10:27:39.900Z</time></trkpt>
<trkpt lat="54.383125" lon="18.908239"><time>2026-05-24T10:27:41.900Z</time></trkpt>
<trkpt lat="54.383118" lon="18.908302"><time>2026-05-24T10:27:43.900Z</time></trkpt>
<trkpt lat="54.383113" lon="18.908364"><time>2026-05-24T10:27:45.900Z</time></trkpt>
<trkpt lat="54.383109" lon="18.908423"><time>2026-05-24T10:27:47.900Z</time></trkpt>
<trkpt lat="54.383099" lon="18.908462"><time>2026-05-24T10:27:49.900Z</time></trkpt>
<trkpt lat="54.383087" lon="18.908500"><time>2026-05-24T10:27:51.900Z</time></trkpt>
<trkpt lat="54.383068" lon="18.908560"><time>2026-05-24T10:27:53.900Z</time></trkpt>
<trkpt lat="54.383048" lon="18.908611"><time>2026-05-24T10:27:55.900Z</time></trkpt>
<trkpt lat="54.383034" lon="18.908674"><time>2026-05-24T10:27:57.900Z</time></trkpt>
<trkpt lat="54.383016" lon="18.908735"><time>2026-05-24T10:27:59.900Z</time></trkpt>
<trkpt lat="54.383006" lon="18.908799"><time>2026-05-24T10:28:01.900Z</time></trkpt>
<trkpt lat="54.382992" lon="18.908864"><time>2026-05-24T10:28:03.900Z</time></trkpt>
<trkpt lat="54.382990" lon="18.908941"><time>2026-05-24T10:28:05.900Z</time></trkpt>
<trkpt lat="54.382985" lon="18.909002"><time>2026-05-24T10:28:07.900Z</time></trkpt>
<trkpt lat="54.382973" lon="18.909068"><time>2026-05-24T10:28:09.900Z</time></trkpt>
<trkpt lat="54.382973" lon="18.909145"><time>2026-05-24T10:28:11.900Z</time></trkpt>
<trkpt lat="54.382969" lon="18.909207"><time>2026-05-24T10:28:13.900Z</time></trkpt>
<trkpt lat="54.382974" lon="18.909270"><time>2026-05-24T10:28:15.900Z</time></trkpt>
<trkpt lat="54.382968" lon="18.909342"><time>2026-05-24T10:28:17.900Z</time></trkpt>
<trkpt lat="54.382957" lon="18.909412"><time>2026-05-24T10:28:19.900Z</time></trkpt>
<trkpt lat="54.382950" lon="18.909478"><time>2026-05-24T10:28:21.900Z</time></trkpt>
<trkpt lat="54.382946" lon="18.909547"><time>2026-05-24T10:28:23.900Z</time></trkpt>
<trkpt lat="54.382940" lon="18.909620"><time>2026-05-24T10:28:25.900Z</time></trkpt>
<trkpt lat="54.382941" lon="18.909688"><time>2026-05-24T10:28:27.900Z</time></trkpt>
<trkpt lat="54.382933" lon="18.909761"><time>2026-05-24T10:28:29.900Z</time></trkpt>
<trkpt lat="54.382938" lon="18.909842"><time>2026-05-24T10:28:31.900Z</time></trkpt>
<trkpt lat="54.382944" lon="18.909948"><time>2026-05-24T10:28:33.900Z</time></trkpt>
<trkpt lat="54.382939" lon="18.910017"><time>2026-05-24T10:28:35.900Z</time></trkpt>
<trkpt lat="54.382926" lon="18.910103"><time>2026-05-24T10:28:37.900Z</time></trkpt>
<trkpt lat="54.382920" lon="18.910177"><time>2026-05-24T10:28:39.900Z</time></trkpt>
<trkpt lat="54.382914" lon="18.910254"><time>2026-05-24T10:28:41.900Z</time></trkpt>
<trkpt lat="54.382908" lon="18.910327"><time>2026-05-24T10:28:43.900Z</time></trkpt>
<trkpt lat="54.382906" lon="18.910398"><time>2026-05-24T10:28:45.900Z</time></trkpt>
<trkpt lat="54.382905" lon="18.910470"><time>2026-05-24T10:28:47.900Z</time></trkpt>
<trkpt lat="54.382903" lon="18.910540"><time>2026-05-24T10:28:49.900Z</time></trkpt>
<trkpt lat="54.382906" lon="18.910610"><time>2026-05-24T10:28:51.900Z</time></trkpt>
<trkpt lat="54.382907" lon="18.910683"><time>2026-05-24T10:28:53.900Z</time></trkpt>
<trkpt lat="54.382901" lon="18.910757"><time>2026-05-24T10:28:55.900Z</time></trkpt>
<trkpt lat="54.382895" lon="18.910835"><time>2026-05-24T10:28:57.900Z</time></trkpt>
<trkpt lat="54.382886" lon="18.910909"><time>2026-05-24T10:28:59.900Z</time></trkpt>
<trkpt lat="54.382875" lon="18.910982"><time>2026-05-24T10:29:01.900Z</time></trkpt>
<trkpt lat="54.382863" lon="18.911059"><time>2026-05-24T10:29:03.900Z</time></trkpt>
<trkpt lat="54.382850" lon="18.911131"><time>2026-05-24T10:29:06.000Z</time></trkpt>
<trkpt lat="54.382840" lon="18.911202"><time>2026-05-24T10:29:08.000Z</time></trkpt>
<trkpt lat="54.382828" lon="18.911278"><time>2026-05-24T10:29:10.000Z</time></trkpt>
<trkpt lat="54.382818" lon="18.911351"><time>2026-05-24T10:29:12.000Z</time></trkpt>
<trkpt lat="54.382807" lon="18.911424"><time>2026-05-24T10:29:14.000Z</time></trkpt>
<trkpt lat="54.382794" lon="18.911494"><time>2026-05-24T10:29:16.000Z</time></trkpt>
<trkpt lat="54.382784" lon="18.911561"><time>2026-05-24T10:29:18.000Z</time></trkpt>
<trkpt lat="54.382766" lon="18.911626"><time>2026-05-24T10:29:20.000Z</time></trkpt>
<trkpt lat="54.382749" lon="18.911692"><time>2026-05-24T10:29:22.000Z</time></trkpt>
<trkpt lat="54.382731" lon="18.911753"><time>2026-05-24T10:29:24.000Z</time></trkpt>
<trkpt lat="54.382714" lon="18.911817"><time>2026-05-24T10:29:26.000Z</time></trkpt>
<trkpt lat="54.382697" lon="18.911878"><time>2026-05-24T10:29:28.000Z</time></trkpt>
<trkpt lat="54.382671" lon="18.911942"><time>2026-05-24T10:29:30.000Z</time></trkpt>
<trkpt lat="54.382654" lon="18.911999"><time>2026-05-24T10:29:32.000Z</time></trkpt>
<trkpt lat="54.382638" lon="18.912064"><time>2026-05-24T10:29:34.000Z</time></trkpt>
<trkpt lat="54.382620" lon="18.912117"><time>2026-05-24T10:29:36.000Z</time></trkpt>
<trkpt lat="54.382600" lon="18.912178"><time>2026-05-24T10:29:38.000Z</time></trkpt>
<trkpt lat="54.382579" lon="18.912234"><time>2026-05-24T10:29:40.000Z</time></trkpt>
<trkpt lat="54.382557" lon="18.912291"><time>2026-05-24T10:29:41.900Z</time></trkpt>
<trkpt lat="54.382539" lon="18.912343"><time>2026-05-24T10:29:43.900Z</time></trkpt>
<trkpt lat="54.382519" lon="18.912399"><time>2026-05-24T10:29:45.900Z</time></trkpt>
<trkpt lat="54.382503" lon="18.912450"><time>2026-05-24T10:29:47.900Z</time></trkpt>
<trkpt lat="54.382490" lon="18.912510"><time>2026-05-24T10:29:49.900Z</time></trkpt>
<trkpt lat="54.382484" lon="18.912570"><time>2026-05-24T10:29:51.900Z</time></trkpt>
<trkpt lat="54.382473" lon="18.912627"><time>2026-05-24T10:29:53.900Z</time></trkpt>
<trkpt lat="54.382457" lon="18.912681"><time>2026-05-24T10:29:55.900Z</time></trkpt>
<trkpt lat="54.382444" lon="18.912732"><time>2026-05-24T10:29:57.900Z</time></trkpt>
<trkpt lat="54.382430" lon="18.912784"><time>2026-05-24T10:29:59.900Z</time></trkpt>
<trkpt lat="54.382420" lon="18.912840"><time>2026-05-24T10:30:01.900Z</time></trkpt>
<trkpt lat="54.382412" lon="18.912902"><time>2026-05-24T10:30:03.900Z</time></trkpt>
<trkpt lat="54.382398" lon="18.912958"><time>2026-05-24T10:30:05.900Z</time></trkpt>
<trkpt lat="54.382383" lon="18.913012"><time>2026-05-24T10:30:07.900Z</time></trkpt>
<trkpt lat="54.382370" lon="18.913071"><time>2026-05-24T10:30:09.900Z</time></trkpt>
<trkpt lat="54.382362" lon="18.913126"><time>2026-05-24T10:30:11.900Z</time></trkpt>
<trkpt lat="54.382351" lon="18.913187"><time>2026-05-24T10:30:13.900Z</time></trkpt>
<trkpt lat="54.382342" lon="18.913243"><time>2026-05-24T10:30:15.900Z</time></trkpt>
<trkpt lat="54.382334" lon="18.913299"><time>2026-05-24T10:30:17.900Z</time></trkpt>
<trkpt lat="54.382326" lon="18.913354"><time>2026-05-24T10:30:19.900Z</time></trkpt>
<trkpt lat="54.382314" lon="18.913412"><time>2026-05-24T10:30:21.900Z</time></trkpt>
<trkpt lat="54.382306" lon="18.913473"><time>2026-05-24T10:30:23.900Z</time></trkpt>
<trkpt lat="54.382300" lon="18.913537"><time>2026-05-24T10:30:25.900Z</time></trkpt>
<trkpt lat="54.382299" lon="18.913600"><time>2026-05-24T10:30:27.900Z</time></trkpt>
<trkpt lat="54.382299" lon="18.913662"><time>2026-05-24T10:30:29.900Z</time></trkpt>
<trkpt lat="54.382301" lon="18.913728"><time>2026-05-24T10:30:31.900Z</time></trkpt>
<trkpt lat="54.382298" lon="18.913789"><time>2026-05-24T10:30:33.900Z</time></trkpt>
<trkpt lat="54.382298" lon="18.913852"><time>2026-05-24T10:30:35.900Z</time></trkpt>
<trkpt lat="54.382299" lon="18.913920"><time>2026-05-24T10:30:37.900Z</time></trkpt>
<trkpt lat="54.382296" lon="18.913980"><time>2026-05-24T10:30:39.900Z</time></trkpt>
<trkpt lat="54.382291" lon="18.914049"><time>2026-05-24T10:30:41.900Z</time></trkpt>
<trkpt lat="54.382288" lon="18.914109"><time>2026-05-24T10:30:43.900Z</time></trkpt>
<trkpt lat="54.382276" lon="18.914181"><time>2026-05-24T10:30:45.900Z</time></trkpt>
<trkpt lat="54.382267" lon="18.914244"><time>2026-05-24T10:30:47.900Z</time></trkpt>
<trkpt lat="54.382253" lon="18.914310"><time>2026-05-24T10:30:49.900Z</time></trkpt>
<trkpt lat="54.382238" lon="18.914383"><time>2026-05-24T10:30:51.900Z</time></trkpt>
<trkpt lat="54.382220" lon="18.914436"><time>2026-05-24T10:30:53.900Z</time></trkpt>
<trkpt lat="54.382207" lon="18.914498"><time>2026-05-24T10:30:55.900Z</time></trkpt>
<trkpt lat="54.382196" lon="18.914569"><time>2026-05-24T10:30:57.900Z</time></trkpt>
<trkpt lat="54.382184" lon="18.914639"><time>2026-05-24T10:30:59.900Z</time></trkpt>
<trkpt lat="54.382173" lon="18.914708"><time>2026-05-24T10:31:01.900Z</time></trkpt>
<trkpt lat="54.382164" lon="18.914777"><time>2026-05-24T10:31:03.900Z</time></trkpt>
<trkpt lat="54.382150" lon="18.914845"><time>2026-05-24T10:31:05.900Z</time></trkpt>
<trkpt lat="54.382137" lon="18.914912"><time>2026-05-24T10:31:07.900Z</time></trkpt>
<trkpt lat="54.382125" lon="18.914978"><time>2026-05-24T10:31:09.900Z</time></trkpt>
<trkpt lat="54.382113" lon="18.915041"><time>2026-05-24T10:31:12.000Z</time></trkpt>
<trkpt lat="54.382098" lon="18.915104"><time>2026-05-24T10:31:14.000Z</time></trkpt>
<trkpt lat="54.382086" lon="18.915171"><time>2026-05-24T10:31:16.000Z</time></trkpt>
<trkpt lat="54.382077" lon="18.915239"><time>2026-05-24T10:31:18.000Z</time></trkpt>
<trkpt lat="54.382063" lon="18.915308"><time>2026-05-24T10:31:20.000Z</time></trkpt>
<trkpt lat="54.382050" lon="18.915373"><time>2026-05-24T10:31:22.000Z</time></trkpt>
<trkpt lat="54.382035" lon="18.915439"><time>2026-05-24T10:31:24.000Z</time></trkpt>
<trkpt lat="54.382024" lon="18.915502"><time>2026-05-24T10:31:26.000Z</time></trkpt>
<trkpt lat="54.382010" lon="18.915570"><time>2026-05-24T10:31:28.000Z</time></trkpt>
<trkpt lat="54.382002" lon="18.915634"><time>2026-05-24T10:31:30.000Z</time></trkpt>
<trkpt lat="54.381989" lon="18.915699"><time>2026-05-24T10:31:32.000Z</time></trkpt>
<trkpt lat="54.381977" lon="18.915758"><time>2026-05-24T10:31:34.000Z</time></trkpt>
<trkpt lat="54.381967" lon="18.915821"><time>2026-05-24T10:31:36.000Z</time></trkpt>
<trkpt lat="54.381957" lon="18.915877"><time>2026-05-24T10:31:38.000Z</time></trkpt>
<trkpt lat="54.381945" lon="18.915933"><time>2026-05-24T10:31:40.000Z</time></trkpt>
<trkpt lat="54.381938" lon="18.915995"><time>2026-05-24T10:31:42.000Z</time></trkpt>
<trkpt lat="54.381924" lon="18.916061"><time>2026-05-24T10:31:44.000Z</time></trkpt>
<trkpt lat="54.381913" lon="18.916119"><time>2026-05-24T10:31:45.900Z</time></trkpt>
<trkpt lat="54.381902" lon="18.916183"><time>2026-05-24T10:31:47.900Z</time></trkpt>
<trkpt lat="54.381891" lon="18.916249"><time>2026-05-24T10:31:49.900Z</time></trkpt>
<trkpt lat="54.381882" lon="18.916311"><time>2026-05-24T10:31:51.900Z</time></trkpt>
<trkpt lat="54.381871" lon="18.916376"><time>2026-05-24T10:31:53.900Z</time></trkpt>
<trkpt lat="54.381857" lon="18.916440"><time>2026-05-24T10:31:55.900Z</time></trkpt>
<trkpt lat="54.381847" lon="18.916500"><time>2026-05-24T10:31:57.900Z</time></trkpt>
<trkpt lat="54.381839" lon="18.916562"><time>2026-05-24T10:31:59.900Z</time></trkpt>
<trkpt lat="54.381827" lon="18.916624"><time>2026-05-24T10:32:01.900Z</time></trkpt>
<trkpt lat="54.381814" lon="18.916686"><time>2026-05-24T10:32:03.900Z</time></trkpt>
<trkpt lat="54.381803" lon="18.916743"><time>2026-05-24T10:32:05.900Z</time></trkpt>
<trkpt lat="54.381790" lon="18.916800"><time>2026-05-24T10:32:07.900Z</time></trkpt>
<trkpt lat="54.381780" lon="18.916858"><time>2026-05-24T10:32:09.900Z</time></trkpt>
<trkpt lat="54.381771" lon="18.916921"><time>2026-05-24T10:32:11.900Z</time></trkpt>
<trkpt lat="54.381762" lon="18.916983"><time>2026-05-24T10:32:13.900Z</time></trkpt>
<trkpt lat="54.381752" lon="18.917042"><time>2026-05-24T10:32:15.900Z</time></trkpt>
<trkpt lat="54.381739" lon="18.917099"><time>2026-05-24T10:32:17.900Z</time></trkpt>
<trkpt lat="54.381729" lon="18.917156"><time>2026-05-24T10:32:19.900Z</time></trkpt>
<trkpt lat="54.381719" lon="18.917213"><time>2026-05-24T10:32:21.900Z</time></trkpt>
<trkpt lat="54.381710" lon="18.917273"><time>2026-05-24T10:32:23.900Z</time></trkpt>
<trkpt lat="54.381699" lon="18.917331"><time>2026-05-24T10:32:25.900Z</time></trkpt>
<trkpt lat="54.381688" lon="18.917389"><time>2026-05-24T10:32:27.900Z</time></trkpt>
<trkpt lat="54.381675" lon="18.917444"><time>2026-05-24T10:32:29.900Z</time></trkpt>
<trkpt lat="54.381663" lon="18.917500"><time>2026-05-24T10:32:31.900Z</time></trkpt>
<trkpt lat="54.381649" lon="18.917554"><time>2026-05-24T10:32:33.900Z</time></trkpt>
<trkpt lat="54.381637" lon="18.917608"><time>2026-05-24T10:32:35.900Z</time></trkpt>
<trkpt lat="54.381622" lon="18.917662"><time>2026-05-24T10:32:37.900Z</time></trkpt>
<trkpt lat="54.381608" lon="18.917717"><time>2026-05-24T10:32:39.900Z</time></trkpt>
<trkpt lat="54.381595" lon="18.917774"><time>2026-05-24T10:32:41.900Z</time></trkpt>
<trkpt lat="54.381582" lon="18.917829"><time>2026-05-24T10:32:43.900Z</time></trkpt>
<trkpt lat="54.381569" lon="18.917884"><time>2026-05-24T10:32:45.900Z</time></trkpt>
<trkpt lat="54.381557" lon="18.917939"><time>2026-05-24T10:32:47.900Z</time></trkpt>
<trkpt lat="54.381544" lon="18.917995"><time>2026-05-24T10:32:49.900Z</time></trkpt>
<trkpt lat="54.381531" lon="18.918049"><time>2026-05-24T10:32:51.900Z</time></trkpt>
<trkpt lat="54.381523" lon="18.918100"><time>2026-05-24T10:32:53.900Z</time></trkpt>
<trkpt lat="54.381517" lon="18.918156"><time>2026-05-24T10:32:55.900Z</time></trkpt>
<trkpt lat="54.381513" lon="18.918211"><time>2026-05-24T10:32:57.900Z</time></trkpt>
<trkpt lat="54.381510" lon="18.918265"><time>2026-05-24T10:32:59.900Z</time></trkpt>
<trkpt lat="54.381506" lon="18.918318"><time>2026-05-24T10:33:01.900Z</time></trkpt>
<trkpt lat="54.381501" lon="18.918372"><time>2026-05-24T10:33:03.900Z</time></trkpt>
<trkpt lat="54.381498" lon="18.918427"><time>2026-05-24T10:33:05.900Z</time></trkpt>
<trkpt lat="54.381494" lon="18.918478"><time>2026-05-24T10:33:07.900Z</time></trkpt>
<trkpt lat="54.381488" lon="18.918532"><time>2026-05-24T10:33:09.900Z</time></trkpt>
<trkpt lat="54.381481" lon="18.918586"><time>2026-05-24T10:33:11.900Z</time></trkpt>
<trkpt lat="54.381478" lon="18.918638"><time>2026-05-24T10:33:13.900Z</time></trkpt>
<trkpt lat="54.381471" lon="18.918692"><time>2026-05-24T10:33:15.900Z</time></trkpt>
<trkpt lat="54.381465" lon="18.918746"><time>2026-05-24T10:33:18.000Z</time></trkpt>
<trkpt lat="54.381458" lon="18.918799"><time>2026-05-24T10:33:20.000Z</time></trkpt>
<trkpt lat="54.381449" lon="18.918851"><time>2026-05-24T10:33:22.000Z</time></trkpt>
<trkpt lat="54.381436" lon="18.918905"><time>2026-05-24T10:33:24.000Z</time></trkpt>
<trkpt lat="54.381424" lon="18.918954"><time>2026-05-24T10:33:26.000Z</time></trkpt>
<trkpt lat="54.381414" lon="18.919006"><time>2026-05-24T10:33:28.000Z</time></trkpt>
<trkpt lat="54.381407" lon="18.919059"><time>2026-05-24T10:33:30.000Z</time></trkpt>
<trkpt lat="54.381402" lon="18.919113"><time>2026-05-24T10:33:32.000Z</time></trkpt>
<trkpt lat="54.381397" lon="18.919167"><time>2026-05-24T10:33:34.000Z</time></trkpt>
<trkpt lat="54.381392" lon="18.919220"><time>2026-05-24T10:33:36.000Z</time></trkpt>
<trkpt lat="54.381385" lon="18.919273"><time>2026-05-24T10:33:38.000Z</time></trkpt>
<trkpt lat="54.381376" lon="18.919327"><time>2026-05-24T10:33:40.000Z</time></trkpt>
<trkpt lat="54.381367" lon="18.919376"><time>2026-05-24T10:33:42.000Z</time></trkpt>
<trkpt lat="54.381361" lon="18.919426"><time>2026-05-24T10:33:44.000Z</time></trkpt>
<trkpt lat="54.381352" lon="18.919475"><time>2026-05-24T10:33:46.000Z</time></trkpt>
<trkpt lat="54.381344" lon="18.919528"><time>2026-05-24T10:33:48.000Z</time></trkpt>
<trkpt lat="54.381335" lon="18.919582"><time>2026-05-24T10:33:49.900Z</time></trkpt>
<trkpt lat="54.381326" lon="18.919634"><time>2026-05-24T10:33:51.900Z</time></trkpt>
<trkpt lat="54.381319" lon="18.919686"><time>2026-05-24T10:33:53.900Z</time></trkpt>
<trkpt lat="54.381311" lon="18.919738"><time>2026-05-24T10:33:55.900Z</time></trkpt>
<trkpt lat="54.381304" lon="18.919790"><time>2026-05-24T10:33:57.900Z</time></trkpt>
<trkpt lat="54.381296" lon="18.919840"><time>2026-05-24T10:33:59.900Z</time></trkpt>
<trkpt lat="54.381290" lon="18.919892"><time>2026-05-24T10:34:01.900Z</time></trkpt>
<trkpt lat="54.381282" lon="18.919942"><time>2026-05-24T10:34:03.900Z</time></trkpt>
<trkpt lat="54.381274" lon="18.919993"><time>2026-05-24T10:34:05.900Z</time></trkpt>
<trkpt lat="54.381266" lon="18.920045"><time>2026-05-24T10:34:07.900Z</time></trkpt>
<trkpt lat="54.381256" lon="18.920098"><time>2026-05-24T10:34:09.900Z</time></trkpt>
<trkpt lat="54.381247" lon="18.920151"><time>2026-05-24T10:34:11.900Z</time></trkpt>
<trkpt lat="54.381238" lon="18.920203"><time>2026-05-24T10:34:13.900Z</time></trkpt>
<trkpt lat="54.381231" lon="18.920255"><time>2026-05-24T10:34:15.900Z</time></trkpt>
<trkpt lat="54.381222" lon="18.920305"><time>2026-05-24T10:34:17.900Z</time></trkpt>
<trkpt lat="54.381215" lon="18.920356"><time>2026-05-24T10:34:19.900Z</time></trkpt>
<trkpt lat="54.381209" lon="18.920401"><time>2026-05-24T10:34:21.900Z</time></trkpt>
<trkpt lat="54.381203" lon="18.920449"><time>2026-05-24T10:34:23.900Z</time></trkpt>
<trkpt lat="54.381197" lon="18.920496"><time>2026-05-24T10:34:25.900Z</time></trkpt>
<trkpt lat="54.381191" lon="18.920551"><time>2026-05-24T10:34:27.900Z</time></trkpt>
<trkpt lat="54.381185" lon="18.920607"><time>2026-05-24T10:34:29.900Z</time></trkpt>
<trkpt lat="54.381184" lon="18.920644"><time>2026-05-24T10:34:31.900Z</time></trkpt>
<trkpt lat="54.381176" lon="18.920694"><time>2026-05-24T10:34:33.900Z</time></trkpt>
<trkpt lat="54.381164" lon="18.920757"><time>2026-05-24T10:34:35.900Z</time></trkpt>
<trkpt lat="54.381157" lon="18.920822"><time>2026-05-24T10:34:37.900Z</time></trkpt>
<trkpt lat="54.381154" lon="18.920876"><time>2026-05-24T10:34:39.900Z</time></trkpt>
<trkpt lat="54.381151" lon="18.920928"><time>2026-05-24T10:34:41.900Z</time></trkpt>
<trkpt lat="54.381147" lon="18.920976"><time>2026-05-24T10:34:43.900Z</time></trkpt>
<trkpt lat="54.381146" lon="18.921030"><time>2026-05-24T10:34:45.900Z</time></trkpt>
<trkpt lat="54.381144" lon="18.921080"><time>2026-05-24T10:34:47.900Z</time></trkpt>
<trkpt lat="54.381139" lon="18.921127"><time>2026-05-24T10:34:49.900Z</time></trkpt>
<trkpt lat="54.381132" lon="18.921173"><time>2026-05-24T10:34:51.900Z</time></trkpt>
<trkpt lat="54.381125" lon="18.921221"><time>2026-05-24T10:34:53.900Z</time></trkpt>
<trkpt lat="54.381119" lon="18.921267"><time>2026-05-24T10:34:55.900Z</time></trkpt>
<trkpt lat="54.381111" lon="18.921314"><time>2026-05-24T10:34:57.900Z</time></trkpt>
<trkpt lat="54.381107" lon="18.921361"><time>2026-05-24T10:34:59.900Z</time></trkpt>
<trkpt lat="54.381100" lon="18.921410"><time>2026-05-24T10:35:01.900Z</time></trkpt>
<trkpt lat="54.381095" lon="18.921459"><time>2026-05-24T10:35:03.900Z</time></trkpt>
<trkpt lat="54.381089" lon="18.921509"><time>2026-05-24T10:35:05.900Z</time></trkpt>
<trkpt lat="54.381081" lon="18.921560"><time>2026-05-24T10:35:07.900Z</time></trkpt>
<trkpt lat="54.381072" lon="18.921609"><time>2026-05-24T10:35:09.900Z</time></trkpt>
<trkpt lat="54.381062" lon="18.921657"><time>2026-05-24T10:35:11.900Z</time></trkpt>
<trkpt lat="54.381056" lon="18.921707"><time>2026-05-24T10:35:13.900Z</time></trkpt>
<trkpt lat="54.381051" lon="18.921757"><time>2026-05-24T10:35:15.900Z</time></trkpt>
<trkpt lat="54.381044" lon="18.921808"><time>2026-05-24T10:35:17.900Z</time></trkpt>
<trkpt lat="54.381039" lon="18.921857"><time>2026-05-24T10:35:19.900Z</time></trkpt>
<trkpt lat="54.381034" lon="18.921906"><time>2026-05-24T10:35:21.900Z</time></trkpt>
<trkpt lat="54.381028" lon="18.921952"><time>2026-05-24T10:35:24.000Z</time></trkpt>
<trkpt lat="54.381021" lon="18.922000"><time>2026-05-24T10:35:26.000Z</time></trkpt>
<trkpt lat="54.381013" lon="18.922045"><time>2026-05-24T10:35:28.000Z</time></trkpt>
<trkpt lat="54.381006" lon="18.922092"><time>2026-05-24T10:35:30.000Z</time></trkpt>
<trkpt lat="54.381001" lon="18.922138"><time>2026-05-24T10:35:32.000Z</time></trkpt>
<trkpt lat="54.380996" lon="18.922185"><time>2026-05-24T10:35:34.000Z</time></trkpt>
<trkpt lat="54.380990" lon="18.922234"><time>2026-05-24T10:35:36.000Z</time></trkpt>
<trkpt lat="54.380985" lon="18.922280"><time>2026-05-24T10:35:38.000Z</time></trkpt>
<trkpt lat="54.380978" lon="18.922327"><time>2026-05-24T10:35:40.000Z</time></trkpt>
<trkpt lat="54.380971" lon="18.922373"><time>2026-05-24T10:35:42.000Z</time></trkpt>
<trkpt lat="54.380963" lon="18.922417"><time>2026-05-24T10:35:44.000Z</time></trkpt>
<trkpt lat="54.380956" lon="18.922460"><time>2026-05-24T10:35:46.000Z</time></trkpt>
<trkpt lat="54.380950" lon="18.922504"><time>2026-05-24T10:35:48.000Z</time></trkpt>
<trkpt lat="54.380945" lon="18.922549"><time>2026-05-24T10:35:50.000Z</time></trkpt>
<trkpt lat="54.380940" lon="18.922594"><time>2026-05-24T10:35:52.000Z</time></trkpt>
<trkpt lat="54.380935" lon="18.922638"><time>2026-05-24T10:35:54.000Z</time></trkpt>
<trkpt lat="54.380927" lon="18.922682"><time>2026-05-24T10:35:55.900Z</time></trkpt>
<trkpt lat="54.380920" lon="18.922723"><time>2026-05-24T10:35:57.900Z</time></trkpt>
<trkpt lat="54.380917" lon="18.922764"><time>2026-05-24T10:35:59.900Z</time></trkpt>
<trkpt lat="54.380910" lon="18.922808"><time>2026-05-24T10:36:01.900Z</time></trkpt>
<trkpt lat="54.380904" lon="18.922850"><time>2026-05-24T10:36:03.900Z</time></trkpt>
<trkpt lat="54.380898" lon="18.922892"><time>2026-05-24T10:36:05.900Z</time></trkpt>
<trkpt lat="54.380892" lon="18.922937"><time>2026-05-24T10:36:07.900Z</time></trkpt>
<trkpt lat="54.380887" lon="18.922983"><time>2026-05-24T10:36:09.900Z</time></trkpt>
<trkpt lat="54.380880" lon="18.923025"><time>2026-05-24T10:36:11.900Z</time></trkpt>
<trkpt lat="54.380872" lon="18.923069"><time>2026-05-24T10:36:13.900Z</time></trkpt>
<trkpt lat="54.380864" lon="18.923114"><time>2026-05-24T10:36:15.900Z</time></trkpt>
<trkpt lat="54.380857" lon="18.923153"><time>2026-05-24T10:36:17.900Z</time></trkpt>
<trkpt lat="54.380851" lon="18.923196"><time>2026-05-24T10:36:19.900Z</time></trkpt>
<trkpt lat="54.380847" lon="18.923243"><time>2026-05-24T10:36:21.900Z</time></trkpt>
<trkpt lat="54.380843" lon="18.923293"><time>2026-05-24T10:36:23.900Z</time></trkpt>
<trkpt lat="54.380840" lon="18.923338"><time>2026-05-24T10:36:25.900Z</time></trkpt>
<trkpt lat="54.380834" lon="18.923382"><time>2026-05-24T10:36:27.900Z</time></trkpt>
<trkpt lat="54.380828" lon="18.923426"><time>2026-05-24T10:36:29.900Z</time></trkpt>
<trkpt lat="54.380822" lon="18.923469"><time>2026-05-24T10:36:31.900Z</time></trkpt>
<trkpt lat="54.380813" lon="18.923509"><time>2026-05-24T10:36:33.900Z</time></trkpt>
<trkpt lat="54.380807" lon="18.923546"><time>2026-05-24T10:36:35.900Z</time></trkpt>
<trkpt lat="54.380803" lon="18.923589"><time>2026-05-24T10:36:37.900Z</time></trkpt>
<trkpt lat="54.380802" lon="18.923633"><time>2026-05-24T10:36:39.900Z</time></trkpt>
<trkpt lat="54.380796" lon="18.923675"><time>2026-05-24T10:36:41.900Z</time></trkpt>
<trkpt lat="54.380793" lon="18.923716"><time>2026-05-24T10:36:43.900Z</time></trkpt>
<trkpt lat="54.380786" lon="18.923756"><time>2026-05-24T10:36:45.900Z</time></trkpt>
<trkpt lat="54.380779" lon="18.923798"><time>2026-05-24T10:36:47.900Z</time></trkpt>
<trkpt lat="54.380774" lon="18.923834"><time>2026-05-24T10:36:49.900Z</time></trkpt>
<trkpt lat="54.380769" lon="18.923874"><time>2026-05-24T10:36:51.900Z</time></trkpt>
<trkpt lat="54.380765" lon="18.923916"><time>2026-05-24T10:36:53.900Z</time></trkpt>
<trkpt lat="54.380761" lon="18.923947"><time>2026-05-24T10:36:55.900Z</time></trkpt>
<trkpt lat="54.380759" lon="18.923979"><time>2026-05-24T10:36:57.900Z</time></trkpt>
<trkpt lat="54.380753" lon="18.924013"><time>2026-05-24T10:36:59.900Z</time></trkpt>
<trkpt lat="54.380748" lon="18.924047"><time>2026-05-24T10:37:01.900Z</time></trkpt>
<trkpt lat="54.380745" lon="18.924085"><time>2026-05-24T10:37:03.900Z</time></trkpt>
<trkpt lat="54.380744" lon="18.924122"><time>2026-05-24T10:37:05.900Z</time></trkpt>
<trkpt lat="54.380744" lon="18.924161"><time>2026-05-24T10:37:07.900Z</time></trkpt>
<trkpt lat="54.380742" lon="18.924200"><time>2026-05-24T10:37:09.900Z</time></trkpt>
<trkpt lat="54.380738" lon="18.924239"><time>2026-05-24T10:37:11.900Z</time></trkpt>
<trkpt lat="54.380737" lon="18.924269"><time>2026-05-24T10:37:13.900Z</time></trkpt>
<trkpt lat="54.380733" lon="18.924301"><time>2026-05-24T10:37:15.900Z</time></trkpt>
<trkpt lat="54.380728" lon="18.924338"><time>2026-05-24T10:37:17.900Z</time></trkpt>
<trkpt lat="54.380722" lon="18.924375"><time>2026-05-24T10:37:19.900Z</time></trkpt>
<trkpt lat="54.380720" lon="18.924411"><time>2026-05-24T10:37:21.900Z</time></trkpt>
<trkpt lat="54.380716" lon="18.924446"><time>2026-05-24T10:37:23.900Z</time></trkpt>
<trkpt lat="54.380712" lon="18.924484"><time>2026-05-24T10:37:25.900Z</time></trkpt>
<trkpt lat="54.380708" lon="18.924521"><time>2026-05-24T10:37:27.900Z</time></trkpt>
<trkpt lat="54.380702" lon="18.924560"><time>2026-05-24T10:37:30.000Z</time></trkpt>
<trkpt lat="54.380694" lon="18.924599"><time>2026-05-24T10:37:32.000Z</time></trkpt>
<trkpt lat="54.380688" lon="18.924637"><time>2026-05-24T10:37:34.000Z</time></trkpt>
<trkpt lat="54.380683" lon="18.924671"><time>2026-05-24T10:37:36.000Z</time></trkpt>
<trkpt lat="54.380679" lon="18.924707"><time>2026-05-24T10:37:38.000Z</time></trkpt>
<trkpt lat="54.380676" lon="18.924743"><time>2026-05-24T10:37:40.000Z</time></trkpt>
<trkpt lat="54.380673" lon="18.924782"><time>2026-05-24T10:37:42.000Z</time></trkpt>
<trkpt lat="54.380668" lon="18.924817"><time>2026-05-24T10:37:44.000Z</time></trkpt>
<trkpt lat="54.380663" lon="18.924854"><time>2026-05-24T10:37:46.000Z</time></trkpt>
<trkpt lat="54.380657" lon="18.924892"><time>2026-05-24T10:37:48.000Z</time></trkpt>
<trkpt lat="54.380651" lon="18.924930"><time>2026-05-24T10:37:50.000Z</time></trkpt>
<trkpt lat="54.380645" lon="18.924968"><time>2026-05-24T10:37:51.900Z</time></trkpt>
<trkpt lat="54.380642" lon="18.925003"><time>2026-05-24T10:37:53.900Z</time></trkpt>
<trkpt lat="54.380639" lon="18.925039"><time>2026-05-24T10:37:55.900Z</time></trkpt>
<trkpt lat="54.380636" lon="18.925074"><time>2026-05-24T10:37:57.900Z</time></trkpt>
<trkpt lat="54.380633" lon="18.925114"><time>2026-05-24T10:37:59.900Z</time></trkpt>
<trkpt lat="54.380629" lon="18.925151"><time>2026-05-24T10:38:01.900Z</time></trkpt>
<trkpt lat="54.380625" lon="18.925190"><time>2026-05-24T10:38:03.900Z</time></trkpt>
<trkpt lat="54.380620" lon="18.925225"><time>2026-05-24T10:38:05.900Z</time></trkpt>
<trkpt lat="54.380616" lon="18.925263"><time>2026-05-24T10:38:07.900Z</time></trkpt>
<trkpt lat="54.380610" lon="18.925297"><time>2026-05-24T10:38:09.900Z</time></trkpt>
<trkpt lat="54.380606" lon="18.925335"><time>2026-05-24T10:38:11.900Z</time></trkpt>
<trkpt lat="54.380599" lon="18.925375"><time>2026-05-24T10:38:13.900Z</time></trkpt>
<trkpt lat="54.380594" lon="18.925410"><time>2026-05-24T10:38:15.900Z</time></trkpt>
<trkpt lat="54.380591" lon="18.925451"><time>2026-05-24T10:38:17.900Z</time></trkpt>
<trkpt lat="54.380589" lon="18.925490"><time>2026-05-24T10:38:19.900Z</time></trkpt>
<trkpt lat="54.380583" lon="18.925528"><time>2026-05-24T10:38:21.900Z</time></trkpt>
<trkpt lat="54.380576" lon="18.925567"><time>2026-05-24T10:38:23.900Z</time></trkpt>
<trkpt lat="54.380573" lon="18.925606"><time>2026-05-24T10:38:25.900Z</time></trkpt>
<trkpt lat="54.380570" lon="18.925642"><time>2026-05-24T10:38:27.900Z</time></trkpt>
<trkpt lat="54.380566" lon="18.925678"><time>2026-05-24T10:38:29.900Z</time></trkpt>
<trkpt lat="54.380562" lon="18.925716"><time>2026-05-24T10:38:31.900Z</time></trkpt>
<trkpt lat="54.380558" lon="18.925755"><time>2026-05-24T10:38:33.900Z</time></trkpt>
<trkpt lat="54.380554" lon="18.925792"><time>2026-05-24T10:38:35.900Z</time></trkpt>
<trkpt lat="54.380549" lon="18.925831"><time>2026-05-24T10:38:37.900Z</time></trkpt>
<trkpt lat="54.380544" lon="18.925871"><time>2026-05-24T10:38:39.900Z</time></trkpt>
<trkpt lat="54.380540" lon="18.925910"><time>2026-05-24T10:38:41.900Z</time></trkpt>
<trkpt lat="54.380533" lon="18.925947"><time>2026-05-24T10:38:43.900Z</time></trkpt>
<trkpt lat="54.380527" lon="18.925987"><time>2026-05-24T10:38:45.900Z</time></trkpt>
<trkpt lat="54.380522" lon="18.926030"><time>2026-05-24T10:38:47.900Z</time></trkpt>
<trkpt lat="54.380515" lon="18.926068"><time>2026-05-24T10:38:49.900Z</time></trkpt>
<trkpt lat="54.380508" lon="18.926108"><time>2026-05-24T10:38:51.900Z</time></trkpt>
<trkpt lat="54.380502" lon="18.926148"><time>2026-05-24T10:38:53.900Z</time></trkpt>
<trkpt lat="54.380498" lon="18.926183"><time>2026-05-24T10:38:55.900Z</time></trkpt>
<trkpt lat="54.380493" lon="18.926222"><time>2026-05-24T10:38:57.900Z</time></trkpt>
<trkpt lat="54.380489" lon="18.926262"><time>2026-05-24T10:38:59.900Z</time></trkpt>
<trkpt lat="54.380482" lon="18.926306"><time>2026-05-24T10:39:01.900Z</time></trkpt>
<trkpt lat="54.380474" lon="18.926349"><time>2026-05-24T10:39:03.900Z</time></trkpt>
<trkpt lat="54.380469" lon="18.926387"><time>2026-05-24T10:39:05.900Z</time></trkpt>
<trkpt lat="54.380464" lon="18.926426"><time>2026-05-24T10:39:07.900Z</time></trkpt>
<trkpt lat="54.380458" lon="18.926465"><time>2026-05-24T10:39:09.900Z</time></trkpt>
<trkpt lat="54.380450" lon="18.926503"><time>2026-05-24T10:39:11.900Z</time></trkpt>
<trkpt lat="54.380442" lon="18.926543"><time>2026-05-24T10:39:13.900Z</time></trkpt>
<trkpt lat="54.380437" lon="18.926582"><time>2026-05-24T10:39:15.900Z</time></trkpt>
<trkpt lat="54.380434" lon="18.926620"><time>2026-05-24T10:39:17.900Z</time></trkpt>
<trkpt lat="54.380432" lon="18.926660"><time>2026-05-24T10:39:19.900Z</time></trkpt>
<trkpt lat="54.380426" lon="18.926702"><time>2026-05-24T10:39:21.900Z</time></trkpt>
<trkpt lat="54.380419" lon="18.926741"><time>2026-05-24T10:39:23.900Z</time></trkpt>
<trkpt lat="54.380415" lon="18.926779"><time>2026-05-24T10:39:25.900Z</time></trkpt>
<trkpt lat="54.380412" lon="18.926817"><time>2026-05-24T10:39:27.900Z</time></trkpt>
<trkpt lat="54.380411" lon="18.926853"><time>2026-05-24T10:39:29.900Z</time></trkpt>
<trkpt lat="54.380409" lon="18.926894"><time>2026-05-24T10:39:31.900Z</time></trkpt>
<trkpt lat="54.380406" lon="18.926934"><time>2026-05-24T10:39:33.900Z</time></trkpt>
<trkpt lat="54.380403" lon="18.926974"><time>2026-05-24T10:39:35.900Z</time></trkpt>
<trkpt lat="54.380399" lon="18.927012"><time>2026-05-24T10:39:37.900Z</time></trkpt>
<trkpt lat="54.380395" lon="18.927051"><time>2026-05-24T10:39:39.900Z</time></trkpt>
<trkpt lat="54.380389" lon="18.927090"><time>2026-05-24T10:39:41.900Z</time></trkpt>
<trkpt lat="54.380382" lon="18.927133"><time>2026-05-24T10:39:43.900Z</time></trkpt>
<trkpt lat="54.380376" lon="18.927173"><time>2026-05-24T10:39:45.900Z</time></trkpt>
<trkpt lat="54.380369" lon="18.927211"><time>2026-05-24T10:39:47.900Z</time></trkpt>
<trkpt lat="54.380361" lon="18.927249"><time>2026-05-24T10:39:49.900Z</time></trkpt>
<trkpt lat="54.380352" lon="18.927288"><time>2026-05-24T10:39:51.900Z</time></trkpt>
<trkpt lat="54.380343" lon="18.927328"><time>2026-05-24T10:39:53.900Z</time></trkpt>
<trkpt lat="54.380339" lon="18.927365"><time>2026-05-24T10:39:55.900Z</time></trkpt>
<trkpt lat="54.380334" lon="18.927403"><time>2026-05-24T10:39:57.900Z</time></trkpt>
<trkpt lat="54.380334" lon="18.927442"><time>2026-05-24T10:39:59.900Z</time></trkpt>
<trkpt lat="54.380332" lon="18.927477"><time>2026-05-24T10:40:01.900Z</time></trkpt>
<trkpt lat="54.380326" lon="18.927516"><time>2026-05-24T10:40:03.900Z</time></trkpt>
<trkpt lat="54.380321" lon="18.927554"><time>2026-05-24T10:40:05.900Z</time></trkpt>
<trkpt lat="54.380315" lon="18.927586"><time>2026-05-24T10:40:07.900Z</time></trkpt>
<trkpt lat="54.380304" lon="18.927633"><time>2026-05-24T10:40:09.900Z</time></trkpt>
<trkpt lat="54.380299" lon="18.927664"><time>2026-05-24T10:40:11.900Z</time></trkpt>
<trkpt lat="54.380293" lon="18.927696"><time>2026-05-24T10:40:13.900Z</time></trkpt>
<trkpt lat="54.380287" lon="18.927730"><time>2026-05-24T10:40:15.900Z</time></trkpt>
<trkpt lat="54.380284" lon="18.927761"><time>2026-05-24T10:40:17.900Z</time></trkpt>
<trkpt lat="54.380274" lon="18.927799"><time>2026-05-24T10:40:19.900Z</time></trkpt>
<trkpt lat="54.380265" lon="18.927823"><time>2026-05-24T10:40:21.900Z</time></trkpt>
<trkpt lat="54.380260" lon="18.927864"><time>2026-05-24T10:40:23.900Z</time></trkpt>
<trkpt lat="54.380258" lon="18.927903"><time>2026-05-24T10:40:25.900Z</time></trkpt>
<trkpt lat="54.380254" lon="18.927937"><time>2026-05-24T10:40:27.900Z</time></trkpt>
<trkpt lat="54.380251" lon="18.927971"><time>2026-05-24T10:40:29.900Z</time></trkpt>
<trkpt lat="54.380244" lon="18.928007"><time>2026-05-24T10:40:31.900Z</time></trkpt>
<trkpt lat="54.380237" lon="18.928042"><time>2026-05-24T10:40:33.900Z</time></trkpt>
<trkpt lat="54.380229" lon="18.928075"><time>2026-05-24T10:40:35.900Z</time></trkpt>
<trkpt lat="54.380221" lon="18.928109"><time>2026-05-24T10:40:37.900Z</time></trkpt>
<trkpt lat="54.380212" lon="18.928143"><time>2026-05-24T10:40:39.900Z</time></trkpt>
<trkpt lat="54.380204" lon="18.928178"><time>2026-05-24T10:40:41.900Z</time></trkpt>
<trkpt lat="54.380196" lon="18.928212"><time>2026-05-24T10:40:43.900Z</time></trkpt>
<trkpt lat="54.380188" lon="18.928248"><time>2026-05-24T10:40:45.900Z</time></trkpt>
<trkpt lat="54.380182" lon="18.928286"><time>2026-05-24T10:40:47.900Z</time></trkpt>
<trkpt lat="54.380176" lon="18.928321"><time>2026-05-24T10:40:49.900Z</time></trkpt>
<trkpt lat="54.380171" lon="18.928358"><time>2026-05-24T10:40:51.900Z</time></trkpt>
<trkpt lat="54.380169" lon="18.928395"><time>2026-05-24T10:40:53.900Z</time></trkpt>
<trkpt lat="54.380166" lon="18.928432"><time>2026-05-24T10:40:55.900Z</time></trkpt>
<trkpt lat="54.380163" lon="18.928469"><time>2026-05-24T10:40:57.900Z</time></trkpt>
<trkpt lat="54.380160" lon="18.928506"><time>2026-05-24T10:40:59.900Z</time></trkpt>
<trkpt lat="54.380154" lon="18.928543"><time>2026-05-24T10:41:01.900Z</time></trkpt>
<trkpt lat="54.380149" lon="18.928582"><time>2026-05-24T10:41:03.900Z</time></trkpt>
<trkpt lat="54.380142" lon="18.928619"><time>2026-05-24T10:41:05.900Z</time></trkpt>
<trkpt lat="54.380136" lon="18.928655"><time>2026-05-24T10:41:07.900Z</time></trkpt>
<trkpt lat="54.380130" lon="18.928692"><time>2026-05-24T10:41:09.900Z</time></trkpt>
<trkpt lat="54.380124" lon="18.928728"><time>2026-05-24T10:41:11.900Z</time></trkpt>
<trkpt lat="54.380117" lon="18.928765"><time>2026-05-24T10:41:13.900Z</time></trkpt>
<trkpt lat="54.380114" lon="18.928801"><time>2026-05-24T10:41:15.900Z</time></trkpt>
<trkpt lat="54.380108" lon="18.928838"><time>2026-05-24T10:41:17.900Z</time></trkpt>
<trkpt lat="54.380101" lon="18.928881"><time>2026-05-24T10:41:19.900Z</time></trkpt>
<trkpt lat="54.380091" lon="18.928926"><time>2026-05-24T10:41:21.900Z</time></trkpt>
<trkpt lat="54.380081" lon="18.928962"><time>2026-05-24T10:41:23.900Z</time></trkpt>
<trkpt lat="54.380076" lon="18.928993"><time>2026-05-24T10:41:25.900Z</time></trkpt>
<trkpt lat="54.380071" lon="18.929029"><time>2026-05-24T10:41:27.900Z</time></trkpt>
<trkpt lat="54.380065" lon="18.929059"><time>2026-05-24T10:41:29.900Z</time></trkpt>
<trkpt lat="54.380058" lon="18.929094"><time>2026-05-24T10:41:31.900Z</time></trkpt>
<trkpt lat="54.380051" lon="18.929127"><time>2026-05-24T10:41:33.900Z</time></trkpt>
<trkpt lat="54.380052" lon="18.929167"><time>2026-05-24T10:41:35.900Z</time></trkpt>
<trkpt lat="54.380053" lon="18.929203"><time>2026-05-24T10:41:37.900Z</time></trkpt>
<trkpt lat="54.380052" lon="18.929238"><time>2026-05-24T10:41:39.900Z</time></trkpt>
<trkpt lat="54.380051" lon="18.929274"><time>2026-05-24T10:41:41.900Z</time></trkpt>
<trkpt lat="54.380048" lon="18.929311"><time>2026-05-24T10:41:43.900Z</time></trkpt>
<trkpt lat="54.380046" lon="18.929353"><time>2026-05-24T10:41:45.900Z</time></trkpt>
<trkpt lat="54.380041" lon="18.929391"><time>2026-05-24T10:41:47.900Z</time></trkpt>
<trkpt lat="54.380033" lon="18.929451"><time>2026-05-24T10:41:49.900Z</time></trkpt>
<trkpt lat="54.380028" lon="18.929506"><time>2026-05-24T10:41:51.900Z</time></trkpt>
<trkpt lat="54.380019" lon="18.929561"><time>2026-05-24T10:41:53.900Z</time></trkpt>
<trkpt lat="54.380016" lon="18.929601"><time>2026-05-24T10:41:55.900Z</time></trkpt>
<trkpt lat="54.380012" lon="18.929625"><time>2026-05-24T10:41:57.900Z</time></trkpt>
<trkpt lat="54.380006" lon="18.929657"><time>2026-05-24T10:41:59.900Z</time></trkpt>
<trkpt lat="54.380001" lon="18.929688"><time>2026-05-24T10:42:01.900Z</time></trkpt>
<trkpt lat="54.379996" lon="18.929724"><time>2026-05-24T10:42:03.900Z</time></trkpt>
<trkpt lat="54.379991" lon="18.929758"><time>2026-05-24T10:42:05.900Z</time></trkpt>
<trkpt lat="54.379988" lon="18.929787"><time>2026-05-24T10:42:07.900Z</time></trkpt>
<trkpt lat="54.379982" lon="18.929823"><time>2026-05-24T10:42:09.900Z</time></trkpt>
<trkpt lat="54.379978" lon="18.929852"><time>2026-05-24T10:42:11.900Z</time></trkpt>
<trkpt lat="54.379973" lon="18.929884"><time>2026-05-24T10:42:13.900Z</time></trkpt>
<trkpt lat="54.379965" lon="18.929913"><time>2026-05-24T10:42:15.900Z</time></trkpt>
<trkpt lat="54.379960" lon="18.929942"><time>2026-05-24T10:42:17.900Z</time></trkpt>
<trkpt lat="54.379956" lon="18.929960"><time>2026-05-24T10:42:19.900Z</time></trkpt>
<trkpt lat="54.379949" lon="18.929989"><time>2026-05-24T10:42:21.900Z</time></trkpt>
<trkpt lat="54.379941" lon="18.930033"><time>2026-05-24T10:42:23.900Z</time></trkpt>
<trkpt lat="54.379935" lon="18.930062"><time>2026-05-24T10:42:25.900Z</time></trkpt>
<trkpt lat="54.379930" lon="18.930096"><time>2026-05-24T10:42:27.900Z</time></trkpt>
<trkpt lat="54.379924" lon="18.930124"><time>2026-05-24T10:42:29.900Z</time></trkpt>
<trkpt lat="54.379917" lon="18.930155"><time>2026-05-24T10:42:31.900Z</time></trkpt>
<trkpt lat="54.379910" lon="18.930186"><time>2026-05-24T10:42:33.900Z</time></trkpt>
<trkpt lat="54.379901" lon="18.930221"><time>2026-05-24T10:42:35.900Z</time></trkpt>
<trkpt lat="54.379893" lon="18.930251"><time>2026-05-24T10:42:37.900Z</time></trkpt>
<trkpt lat="54.379886" lon="18.930293"><time>2026-05-24T10:42:39.900Z</time></trkpt>
<trkpt lat="54.379878" lon="18.930329"><time>2026-05-24T10:42:41.900Z</time></trkpt>
<trkpt lat="54.379871" lon="18.930358"><time>2026-05-24T10:42:43.900Z</time></trkpt>
<trkpt lat="54.379865" lon="18.930387"><time>2026-05-24T10:42:45.900Z</time></trkpt>
<trkpt lat="54.379858" lon="18.930402"><time>2026-05-24T10:42:47.900Z</time></trkpt>
<trkpt lat="54.379842" lon="18.930435"><time>2026-05-24T10:42:49.900Z</time></trkpt>
<trkpt lat="54.379831" lon="18.930476"><time>2026-05-24T10:42:51.900Z</time></trkpt>
<trkpt lat="54.379820" lon="18.930515"><time>2026-05-24T10:42:53.900Z</time></trkpt>
<trkpt lat="54.379812" lon="18.930547"><time>2026-05-24T10:42:55.900Z</time></trkpt>
<trkpt lat="54.379806" lon="18.930581"><time>2026-05-24T10:42:57.900Z</time></trkpt>
<trkpt lat="54.379801" lon="18.930614"><time>2026-05-24T10:42:59.900Z</time></trkpt>
<trkpt lat="54.379799" lon="18.930657"><time>2026-05-24T10:43:01.900Z</time></trkpt>
<trkpt lat="54.379800" lon="18.930699"><time>2026-05-24T10:43:03.900Z</time></trkpt>
<trkpt lat="54.379792" lon="18.930739"><time>2026-05-24T10:43:05.900Z</time></trkpt>
<trkpt lat="54.379777" lon="18.930772"><time>2026-05-24T10:43:07.900Z</time></trkpt>
<trkpt lat="54.379763" lon="18.930816"><time>2026-05-24T10:43:09.900Z</time></trkpt>
<trkpt lat="54.379757" lon="18.930848"><time>2026-05-24T10:43:11.900Z</time></trkpt>
<trkpt lat="54.379747" lon="18.930890"><time>2026-05-24T10:43:13.900Z</time></trkpt>
<trkpt lat="54.379738" lon="18.930921"><time>2026-05-24T10:43:15.900Z</time></trkpt>
<trkpt lat="54.379734" lon="18.930949"><time>2026-05-24T10:43:17.900Z</time></trkpt>
<trkpt lat="54.379725" lon="18.930978"><time>2026-05-24T10:43:19.900Z</time></trkpt>
<trkpt lat="54.379713" lon="18.931010"><time>2026-05-24T10:43:21.900Z</time></trkpt>
<trkpt lat="54.379706" lon="18.931039"><time>2026-05-24T10:43:23.900Z</time></trkpt>
<trkpt lat="54.379701" lon="18.931085"><time>2026-05-24T10:43:25.900Z</time></trkpt>
<trkpt lat="54.379690" lon="18.931118"><time>2026-05-24T10:43:27.900Z</time></trkpt>
<trkpt lat="54.379680" lon="18.931147"><time>2026-05-24T10:43:29.900Z</time></trkpt>
<trkpt lat="54.379670" lon="18.931182"><time>2026-05-24T10:43:31.900Z</time></trkpt>
<trkpt lat="54.379662" lon="18.931219"><time>2026-05-24T10:43:33.900Z</time></trkpt>
<trkpt lat="54.379655" lon="18.931245"><time>2026-05-24T10:43:35.900Z</time></trkpt>
<trkpt lat="54.379648" lon="18.931272"><time>2026-05-24T10:43:37.900Z</time></trkpt>
<trkpt lat="54.379639" lon="18.931306"><time>2026-05-24T10:43:39.900Z</time></trkpt>
<trkpt lat="54.379636" lon="18.931357"><time>2026-05-24T10:43:41.900Z</time></trkpt>
<trkpt lat="54.379635" lon="18.931391"><time>2026-05-24T10:43:43.900Z</time></trkpt>
<trkpt lat="54.379622" lon="18.931423"><time>2026-05-24T10:43:45.900Z</time></trkpt>
<trkpt lat="54.379613" lon="18.931450"><time>2026-05-24T10:43:48.000Z</time></trkpt>
<trkpt lat="54.379604" lon="18.931472"><time>2026-05-24T10:43:50.000Z</time></trkpt>
<trkpt lat="54.379592" lon="18.931515"><time>2026-05-24T10:43:52.000Z</time></trkpt>
<trkpt lat="54.379582" lon="18.931552"><time>2026-05-24T10:43:54.000Z</time></trkpt>
<trkpt lat="54.379571" lon="18.931588"><time>2026-05-24T10:43:56.000Z</time></trkpt>
<trkpt lat="54.379559" lon="18.931627"><time>2026-05-24T10:43:58.000Z</time></trkpt>
<trkpt lat="54.379552" lon="18.931665"><time>2026-05-24T10:44:00.000Z</time></trkpt>
<trkpt lat="54.379540" lon="18.931700"><time>2026-05-24T10:44:02.000Z</time></trkpt>
<trkpt lat="54.379528" lon="18.931737"><time>2026-05-24T10:44:04.000Z</time></trkpt>
<trkpt lat="54.379518" lon="18.931777"><time>2026-05-24T10:44:06.000Z</time></trkpt>
<trkpt lat="54.379509" lon="18.931818"><time>2026-05-24T10:44:08.000Z</time></trkpt>
<trkpt lat="54.379502" lon="18.931854"><time>2026-05-24T10:44:10.000Z</time></trkpt>
<trkpt lat="54.379493" lon="18.931878"><time>2026-05-24T10:44:12.000Z</time></trkpt>
<trkpt lat="54.379475" lon="18.931904"><time>2026-05-24T10:44:14.000Z</time></trkpt>
<trkpt lat="54.379464" lon="18.931936"><time>2026-05-24T10:44:16.000Z</time></trkpt>
<trkpt lat="54.379450" lon="18.931977"><time>2026-05-24T10:44:17.900Z</time></trkpt>
<trkpt lat="54.379439" lon="18.932012"><time>2026-05-24T10:44:19.900Z</time></trkpt>
<trkpt lat="54.379428" lon="18.932043"><time>2026-05-24T10:44:21.900Z</time></trkpt>
<trkpt lat="54.379423" lon="18.932070"><time>2026-05-24T10:44:23.900Z</time></trkpt>
<trkpt lat="54.379414" lon="18.932108"><time>2026-05-24T10:44:25.900Z</time></trkpt>
<trkpt lat="54.379403" lon="18.932141"><time>2026-05-24T10:44:27.900Z</time></trkpt>
<trkpt lat="54.379393" lon="18.932172"><time>2026-05-24T10:44:29.900Z</time></trkpt>
<trkpt lat="54.379383" lon="18.932206"><time>2026-05-24T10:44:31.900Z</time></trkpt>
<trkpt lat="54.379374" lon="18.932242"><time>2026-05-24T10:44:33.900Z</time></trkpt>
<trkpt lat="54.379365" lon="18.932276"><time>2026-05-24T10:44:35.900Z</time></trkpt>
<trkpt lat="54.379357" lon="18.932311"><time>2026-05-24T10:44:37.900Z</time></trkpt>
<trkpt lat="54.379351" lon="18.932344"><time>2026-05-24T10:44:39.900Z</time></trkpt>
<trkpt lat="54.379345" lon="18.932382"><time>2026-05-24T10:44:41.900Z</time></trkpt>
<trkpt lat="54.379337" lon="18.932418"><time>2026-05-24T10:44:43.900Z</time></trkpt>
<trkpt lat="54.379331" lon="18.932449"><time>2026-05-24T10:44:45.900Z</time></trkpt>
<trkpt lat="54.379323" lon="18.932477"><time>2026-05-24T10:44:47.900Z</time></trkpt>
<trkpt lat="54.379317" lon="18.932511"><time>2026-05-24T10:44:49.900Z</time></trkpt>
<trkpt lat="54.379309" lon="18.932543"><time>2026-05-24T10:44:51.900Z</time></trkpt>
<trkpt lat="54.379303" lon="18.932573"><time>2026-05-24T10:44:53.900Z</time></trkpt>
<trkpt lat="54.379294" lon="18.932602"><time>2026-05-24T10:44:55.900Z</time></trkpt>
<trkpt lat="54.379285" lon="18.932628"><time>2026-05-24T10:44:57.900Z</time></trkpt>
<trkpt lat="54.379276" lon="18.932659"><time>2026-05-24T10:44:59.900Z</time></trkpt>
<trkpt lat="54.379261" lon="18.932684"><time>2026-05-24T10:45:01.900Z</time></trkpt>
<trkpt lat="54.379255" lon="18.932713"><time>2026-05-24T10:45:03.900Z</time></trkpt>
<trkpt lat="54.379253" lon="18.932741"><time>2026-05-24T10:45:05.900Z</time></trkpt>
<trkpt lat="54.379250" lon="18.932773"><time>2026-05-24T10:45:07.900Z</time></trkpt>
<trkpt lat="54.379247" lon="18.932804"><time>2026-05-24T10:45:09.900Z</time></trkpt>
<trkpt lat="54.379245" lon="18.932833"><time>2026-05-24T10:45:11.900Z</time></trkpt>
<trkpt lat="54.379241" lon="18.932865"><time>2026-05-24T10:45:13.900Z</time></trkpt>
<trkpt lat="54.379243" lon="18.932898"><time>2026-05-24T10:45:15.900Z</time></trkpt>
<trkpt lat="54.379243" lon="18.932937"><time>2026-05-24T10:45:17.900Z</time></trkpt>
<trkpt lat="54.379238" lon="18.932973"><time>2026-05-24T10:45:19.900Z</time></trkpt>
<trkpt lat="54.379236" lon="18.933008"><time>2026-05-24T10:45:21.900Z</time></trkpt>
<trkpt lat="54.379235" lon="18.933035"><time>2026-05-24T10:45:23.900Z</time></trkpt>
<trkpt lat="54.379231" lon="18.933062"><time>2026-05-24T10:45:25.900Z</time></trkpt>
<trkpt lat="54.379227" lon="18.933089"><time>2026-05-24T10:45:27.900Z</time></trkpt>
<trkpt lat="54.379223" lon="18.933115"><time>2026-05-24T10:45:29.900Z</time></trkpt>
<trkpt lat="54.379221" lon="18.933140"><time>2026-05-24T10:45:31.900Z</time></trkpt>
<trkpt lat="54.379218" lon="18.933162"><time>2026-05-24T10:45:33.900Z</time></trkpt>
<trkpt lat="54.379218" lon="18.933170"><time>2026-05-24T10:45:35.900Z</time></trkpt>
<trkpt lat="54.379218" lon="18.933184"><time>2026-05-24T10:45:37.900Z</time></trkpt>
<trkpt lat="54.379218" lon="18.933208"><time>2026-05-24T10:45:39.900Z</time></trkpt>
<trkpt lat="54.379215" lon="18.933233"><time>2026-05-24T10:45:41.900Z</time></trkpt>
<trkpt lat="54.379214" lon="18.933258"><time>2026-05-24T10:45:43.900Z</time></trkpt>
<trkpt lat="54.379209" lon="18.933290"><time>2026-05-24T10:45:45.900Z</time></trkpt>
<trkpt lat="54.379206" lon="18.933321"><time>2026-05-24T10:45:47.900Z</time></trkpt>
<trkpt lat="54.379202" lon="18.933353"><time>2026-05-24T10:45:49.900Z</time></trkpt>
<trkpt lat="54.379199" lon="18.933384"><time>2026-05-24T10:45:51.900Z</time></trkpt>
<trkpt lat="54.379198" lon="18.933413"><time>2026-05-24T10:45:54.000Z</time></trkpt>
<trkpt lat="54.379194" lon="18.933442"><time>2026-05-24T10:45:56.000Z</time></trkpt>
<trkpt lat="54.379190" lon="18.933473"><time>2026-05-24T10:45:58.000Z</time></trkpt>
<trkpt lat="54.379186" lon="18.933503"><time>2026-05-24T10:46:00.000Z</time></trkpt>
<trkpt lat="54.379182" lon="18.933535"><time>2026-05-24T10:46:02.000Z</time></trkpt>
<trkpt lat="54.379175" lon="18.933567"><time>2026-05-24T10:46:04.000Z</time></trkpt>
<trkpt lat="54.379172" lon="18.933586"><time>2026-05-24T10:46:06.000Z</time></trkpt>
<trkpt lat="54.379172" lon="18.933596"><time>2026-05-24T10:46:08.000Z</time></trkpt>
<trkpt lat="54.379170" lon="18.933632"><time>2026-05-24T10:46:10.000Z</time></trkpt>
<trkpt lat="54.379168" lon="18.933666"><time>2026-05-24T10:46:12.000Z</time></trkpt>
<trkpt lat="54.379164" lon="18.933681"><time>2026-05-24T10:46:14.000Z</time></trkpt>
<trkpt lat="54.379158" lon="18.933702"><time>2026-05-24T10:46:16.000Z</time></trkpt>
<trkpt lat="54.379154" lon="18.933722"><time>2026-05-24T10:46:18.000Z</time></trkpt>
<trkpt lat="54.379150" lon="18.933753"><time>2026-05-24T10:46:20.000Z</time></trkpt>
<trkpt lat="54.379151" lon="18.933784"><time>2026-05-24T10:46:22.000Z</time></trkpt>
<trkpt lat="54.379150" lon="18.933811"><time>2026-05-24T10:46:24.000Z</time></trkpt>
<trkpt lat="54.379152" lon="18.933838"><time>2026-05-24T10:46:26.000Z</time></trkpt>
<trkpt lat="54.379151" lon="18.933867"><time>2026-05-24T10:46:28.000Z</time></trkpt>
<trkpt lat="54.379149" lon="18.933895"><time>2026-05-24T10:46:30.000Z</time></trkpt>
<trkpt lat="54.379148" lon="18.933920"><time>2026-05-24T10:46:31.900Z</time></trkpt>
<trkpt lat="54.379145" lon="18.933948"><time>2026-05-24T10:46:33.900Z</time></trkpt>
<trkpt lat="54.379142" lon="18.933976"><time>2026-05-24T10:46:35.900Z</time></trkpt>
<trkpt lat="54.379139" lon="18.934003"><time>2026-05-24T10:46:37.900Z</time></trkpt>
<trkpt lat="54.379134" lon="18.934029"><time>2026-05-24T10:46:39.900Z</time></trkpt>
<trkpt lat="54.379129" lon="18.934057"><time>2026-05-24T10:46:41.900Z</time></trkpt>
<trkpt lat="54.379124" lon="18.934086"><time>2026-05-24T10:46:43.900Z</time></trkpt>
<trkpt lat="54.379118" lon="18.934113"><time>2026-05-24T10:46:45.900Z</time></trkpt>
<trkpt lat="54.379115" lon="18.934135"><time>2026-05-24T10:46:47.900Z</time></trkpt>
<trkpt lat="54.379111" lon="18.934168"><time>2026-05-24T10:46:49.900Z</time></trkpt>
<trkpt lat="54.379105" lon="18.934200"><time>2026-05-24T10:46:51.900Z</time></trkpt>
<trkpt lat="54.379098" lon="18.934227"><time>2026-05-24T10:46:53.900Z</time></trkpt>
<trkpt lat="54.379094" lon="18.934249"><time>2026-05-24T10:46:55.900Z</time></trkpt>
<trkpt lat="54.379086" lon="18.934272"><time>2026-05-24T10:46:57.900Z</time></trkpt>
<trkpt lat="54.379079" lon="18.934295"><time>2026-05-24T10:46:59.900Z</time></trkpt>
<trkpt lat="54.379069" lon="18.934321"><time>2026-05-24T10:47:01.900Z</time></trkpt>
<trkpt lat="54.379065" lon="18.934354"><time>2026-05-24T10:47:03.900Z</time></trkpt>
<trkpt lat="54.379059" lon="18.934389"><time>2026-05-24T10:47:05.900Z</time></trkpt>
<trkpt lat="54.379057" lon="18.934410"><time>2026-05-24T10:47:07.900Z</time></trkpt>
<trkpt lat="54.379053" lon="18.934434"><time>2026-05-24T10:47:09.900Z</time></trkpt>
<trkpt lat="54.379051" lon="18.934466"><time>2026-05-24T10:47:11.900Z</time></trkpt>
<trkpt lat="54.379044" lon="18.934501"><time>2026-05-24T10:47:13.900Z</time></trkpt>
<trkpt lat="54.379037" lon="18.934539"><time>2026-05-24T10:47:15.900Z</time></trkpt>
<trkpt lat="54.379026" lon="18.934577"><time>2026-05-24T10:47:17.900Z</time></trkpt>
<trkpt lat="54.379016" lon="18.934618"><time>2026-05-24T10:47:19.900Z</time></trkpt>
<trkpt lat="54.379010" lon="18.934656"><time>2026-05-24T10:47:21.900Z</time></trkpt>
<trkpt lat="54.379006" lon="18.934691"><time>2026-05-24T10:47:23.900Z</time></trkpt>
<trkpt lat="54.379001" lon="18.934729"><time>2026-05-24T10:47:25.900Z</time></trkpt>
<trkpt lat="54.379000" lon="18.934764"><time>2026-05-24T10:47:27.900Z</time></trkpt>
<trkpt lat="54.378996" lon="18.934794"><time>2026-05-24T10:47:29.900Z</time></trkpt>
<trkpt lat="54.378994" lon="18.934827"><time>2026-05-24T10:47:31.900Z</time></trkpt>
<trkpt lat="54.378994" lon="18.934863"><time>2026-05-24T10:47:33.900Z</time></trkpt>
<trkpt lat="54.378990" lon="18.934908"><time>2026-05-24T10:47:35.900Z</time></trkpt>
<trkpt lat="54.378986" lon="18.934946"><time>2026-05-24T10:47:37.900Z</time></trkpt>
<trkpt lat="54.378986" lon="18.934980"><time>2026-05-24T10:47:39.900Z</time></trkpt>
<trkpt lat="54.378986" lon="18.935010"><time>2026-05-24T10:47:41.900Z</time></trkpt>
<trkpt lat="54.378982" lon="18.935047"><time>2026-05-24T10:47:43.900Z</time></trkpt>
<trkpt lat="54.378979" lon="18.935082"><time>2026-05-24T10:47:45.900Z</time></trkpt>
<trkpt lat="54.378976" lon="18.935119"><time>2026-05-24T10:47:47.900Z</time></trkpt>
<trkpt lat="54.378972" lon="18.935154"><time>2026-05-24T10:47:49.900Z</time></trkpt>
<trkpt lat="54.378967" lon="18.935185"><time>2026-05-24T10:47:51.900Z</time></trkpt>
<trkpt lat="54.378962" lon="18.935220"><time>2026-05-24T10:47:53.900Z</time></trkpt>
<trkpt lat="54.378955" lon="18.935254"><time>2026-05-24T10:47:55.900Z</time></trkpt>
<trkpt lat="54.378945" lon="18.935275"><time>2026-05-24T10:47:58.000Z</time></trkpt>
<trkpt lat="54.378933" lon="18.935306"><time>2026-05-24T10:48:00.000Z</time></trkpt>
<trkpt lat="54.378923" lon="18.935343"><time>2026-05-24T10:48:02.000Z</time></trkpt>
<trkpt lat="54.378918" lon="18.935386"><time>2026-05-24T10:48:04.000Z</time></trkpt>
<trkpt lat="54.378914" lon="18.935423"><time>2026-05-24T10:48:06.000Z</time></trkpt>
<trkpt lat="54.378907" lon="18.935467"><time>2026-05-24T10:48:08.000Z</time></trkpt>
<trkpt lat="54.378901" lon="18.935506"><time>2026-05-24T10:48:10.000Z</time></trkpt>
<trkpt lat="54.378894" lon="18.935550"><time>2026-05-24T10:48:12.000Z</time></trkpt>
<trkpt lat="54.378887" lon="18.935589"><time>2026-05-24T10:48:14.000Z</time></trkpt>
<trkpt lat="54.378879" lon="18.935622"><time>2026-05-24T10:48:16.000Z</time></trkpt>
<trkpt lat="54.378871" lon="18.935662"><time>2026-05-24T10:48:18.000Z</time></trkpt>
<trkpt lat="54.378862" lon="18.935705"><time>2026-05-24T10:48:20.000Z</time></trkpt>
<trkpt lat="54.378852" lon="18.935746"><time>2026-05-24T10:48:22.000Z</time></trkpt>
<trkpt lat="54.378844" lon="18.935782"><time>2026-05-24T10:48:24.000Z</time></trkpt>
<trkpt lat="54.378839" lon="18.935809"><time>2026-05-24T10:48:26.000Z</time></trkpt>
<trkpt lat="54.378835" lon="18.935833"><time>2026-05-24T10:48:28.000Z</time></trkpt>
<trkpt lat="54.378831" lon="18.935857"><time>2026-05-24T10:48:30.000Z</time></trkpt>
<trkpt lat="54.378827" lon="18.935890"><time>2026-05-24T10:48:32.000Z</time></trkpt>
<trkpt lat="54.378822" lon="18.935931"><time>2026-05-24T10:48:34.000Z</time></trkpt>
<trkpt lat="54.378816" lon="18.935963"><time>2026-05-24T10:48:36.000Z</time></trkpt>
<trkpt lat="54.378809" lon="18.935998"><time>2026-05-24T10:48:38.000Z</time></trkpt>
<trkpt lat="54.378803" lon="18.936036"><time>2026-05-24T10:48:40.000Z</time></trkpt>
<trkpt lat="54.378797" lon="18.936074"><time>2026-05-24T10:48:42.000Z</time></trkpt>
<trkpt lat="54.378791" lon="18.936110"><time>2026-05-24T10:48:43.900Z</time></trkpt>
<trkpt lat="54.378784" lon="18.936144"><time>2026-05-24T10:48:45.900Z</time></trkpt>
<trkpt lat="54.378777" lon="18.936179"><time>2026-05-24T10:48:47.900Z</time></trkpt>
<trkpt lat="54.378770" lon="18.936214"><time>2026-05-24T10:48:49.900Z</time></trkpt>
<trkpt lat="54.378763" lon="18.936249"><time>2026-05-24T10:48:51.900Z</time></trkpt>
<trkpt lat="54.378757" lon="18.936285"><time>2026-05-24T10:48:53.900Z</time></trkpt>
<trkpt lat="54.378751" lon="18.936321"><time>2026-05-24T10:48:55.900Z</time></trkpt>
<trkpt lat="54.378746" lon="18.936356"><time>2026-05-24T10:48:57.900Z</time></trkpt>
<trkpt lat="54.378740" lon="18.936393"><time>2026-05-24T10:48:59.900Z</time></trkpt>
<trkpt lat="54.378733" lon="18.936434"><time>2026-05-24T10:49:01.900Z</time></trkpt>
<trkpt lat="54.378731" lon="18.936464"><time>2026-05-24T10:49:03.900Z</time></trkpt>
<trkpt lat="54.378730" lon="18.936501"><time>2026-05-24T10:49:05.900Z</time></trkpt>
<trkpt lat="54.378727" lon="18.936539"><time>2026-05-24T10:49:07.900Z</time></trkpt>
<trkpt lat="54.378728" lon="18.936572"><time>2026-05-24T10:49:09.900Z</time></trkpt>
<trkpt lat="54.378724" lon="18.936604"><time>2026-05-24T10:49:11.900Z</time></trkpt>
<trkpt lat="54.378722" lon="18.936647"><time>2026-05-24T10:49:13.900Z</time></trkpt>
<trkpt lat="54.378719" lon="18.936682"><time>2026-05-24T10:49:15.900Z</time></trkpt>
<trkpt lat="54.378714" lon="18.936720"><time>2026-05-24T10:49:17.900Z</time></trkpt>
<trkpt lat="54.378710" lon="18.936749"><time>2026-05-24T10:49:19.900Z</time></trkpt>
<trkpt lat="54.378702" lon="18.936783"><time>2026-05-24T10:49:21.900Z</time></trkpt>
<trkpt lat="54.378693" lon="18.936816"><time>2026-05-24T10:49:23.900Z</time></trkpt>
<trkpt lat="54.378682" lon="18.936848"><time>2026-05-24T10:49:25.900Z</time></trkpt>
<trkpt lat="54.378668" lon="18.936879"><time>2026-05-24T10:49:27.900Z</time></trkpt>
<trkpt lat="54.378649" lon="18.936922"><time>2026-05-24T10:49:29.900Z</time></trkpt>
<trkpt lat="54.378634" lon="18.936972"><time>2026-05-24T10:49:31.900Z</time></trkpt>
<trkpt lat="54.378623" lon="18.937009"><time>2026-05-24T10:49:33.900Z</time></trkpt>
<trkpt lat="54.378620" lon="18.937051"><time>2026-05-24T10:49:35.900Z</time></trkpt>
<trkpt lat="54.378621" lon="18.937089"><time>2026-05-24T10:49:37.900Z</time></trkpt>
<trkpt lat="54.378617" lon="18.937129"><time>2026-05-24T10:49:39.900Z</time></trkpt>
<trkpt lat="54.378609" lon="18.937160"><time>2026-05-24T10:49:41.900Z</time></trkpt>
<trkpt lat="54.378605" lon="18.937199"><time>2026-05-24T10:49:43.900Z</time></trkpt>
<trkpt lat="54.378607" lon="18.937241"><time>2026-05-24T10:49:45.900Z</time></trkpt>
<trkpt lat="54.378608" lon="18.937283"><time>2026-05-24T10:49:47.900Z</time></trkpt>
<trkpt lat="54.378608" lon="18.937331"><time>2026-05-24T10:49:49.900Z</time></trkpt>
<trkpt lat="54.378599" lon="18.937376"><time>2026-05-24T10:49:51.900Z</time></trkpt>
<trkpt lat="54.378595" lon="18.937414"><time>2026-05-24T10:49:53.900Z</time></trkpt>
<trkpt lat="54.378588" lon="18.937455"><time>2026-05-24T10:49:55.900Z</time></trkpt>
<trkpt lat="54.378583" lon="18.937497"><time>2026-05-24T10:49:57.900Z</time></trkpt>
<trkpt lat="54.378578" lon="18.937539"><time>2026-05-24T10:49:59.900Z</time></trkpt>
<trkpt lat="54.378572" lon="18.937586"><time>2026-05-24T10:50:01.900Z</time></trkpt>
<trkpt lat="54.378566" lon="18.937628"><time>2026-05-24T10:50:04.000Z</time></trkpt>
<trkpt lat="54.378562" lon="18.937666"><time>2026-05-24T10:50:06.000Z</time></trkpt>
<trkpt lat="54.378556" lon="18.937712"><time>2026-05-24T10:50:08.000Z</time></trkpt>
<trkpt lat="54.378550" lon="18.937741"><time>2026-05-24T10:50:10.000Z</time></trkpt>
<trkpt lat="54.378550" lon="18.937773"><time>2026-05-24T10:50:12.000Z</time></trkpt>
<trkpt lat="54.378551" lon="18.937812"><time>2026-05-24T10:50:14.000Z</time></trkpt>
<trkpt lat="54.378557" lon="18.937848"><time>2026-05-24T10:50:16.000Z</time></trkpt>
<trkpt lat="54.378550" lon="18.937896"><time>2026-05-24T10:50:18.000Z</time></trkpt>
<trkpt lat="54.378541" lon="18.937942"><time>2026-05-24T10:50:20.000Z</time></trkpt>
<trkpt lat="54.378539" lon="18.938002"><time>2026-05-24T10:50:22.000Z</time></trkpt>
<trkpt lat="54.378535" lon="18.938045"><time>2026-05-24T10:50:24.000Z</time></trkpt>
<trkpt lat="54.378537" lon="18.938098"><time>2026-05-24T10:50:26.000Z</time></trkpt>
<trkpt lat="54.378540" lon="18.938163"><time>2026-05-24T10:50:28.000Z</time></trkpt>
<trkpt lat="54.378535" lon="18.938213"><time>2026-05-24T10:50:30.000Z</time></trkpt>
<trkpt lat="54.378538" lon="18.938254"><time>2026-05-24T10:50:32.000Z</time></trkpt>
<trkpt lat="54.378541" lon="18.938293"><time>2026-05-24T10:50:34.000Z</time></trkpt>
<trkpt lat="54.378537" lon="18.938331"><time>2026-05-24T10:50:36.000Z</time></trkpt>
<trkpt lat="54.378538" lon="18.938378"><time>2026-05-24T10:50:38.000Z</time></trkpt>
<trkpt lat="54.378535" lon="18.938418"><time>2026-05-24T10:50:40.000Z</time></trkpt>
<trkpt lat="54.378539" lon="18.938462"><time>2026-05-24T10:50:42.000Z</time></trkpt>
<trkpt lat="54.378533" lon="18.938513"><time>2026-05-24T10:50:44.000Z</time></trkpt>
<trkpt lat="54.378533" lon="18.938557"><time>2026-05-24T10:50:46.000Z</time></trkpt>
<trkpt lat="54.378530" lon="18.938598"><time>2026-05-24T10:50:48.000Z</time></trkpt>
<trkpt lat="54.378525" lon="18.938634"><time>2026-05-24T10:50:50.000Z</time></trkpt>
<trkpt lat="54.378509" lon="18.938669"><time>2026-05-24T10:50:51.900Z</time></trkpt>
<trkpt lat="54.378504" lon="18.938702"><time>2026-05-24T10:50:53.900Z</time></trkpt>
<trkpt lat="54.378499" lon="18.938745"><time>2026-05-24T10:50:55.900Z</time></trkpt>
<trkpt lat="54.378495" lon="18.938776"><time>2026-05-24T10:50:57.900Z</time></trkpt>
<trkpt lat="54.378488" lon="18.938819"><time>2026-05-24T10:50:59.900Z</time></trkpt>
<trkpt lat="54.378479" lon="18.938867"><time>2026-05-24T10:51:01.900Z</time></trkpt>
<trkpt lat="54.378466" lon="18.938915"><time>2026-05-24T10:51:03.900Z</time></trkpt>
<trkpt lat="54.378455" lon="18.938961"><time>2026-05-24T10:51:05.900Z</time></trkpt>
<trkpt lat="54.378446" lon="18.939008"><time>2026-05-24T10:51:07.900Z</time></trkpt>
<trkpt lat="54.378438" lon="18.939052"><time>2026-05-24T10:51:09.900Z</time></trkpt>
<trkpt lat="54.378432" lon="18.939099"><time>2026-05-24T10:51:11.900Z</time></trkpt>
<trkpt lat="54.378431" lon="18.939154"><time>2026-05-24T10:51:13.900Z</time></trkpt>
<trkpt lat="54.378428" lon="18.939200"><time>2026-05-24T10:51:15.900Z</time></trkpt>
<trkpt lat="54.378425" lon="18.939244"><time>2026-05-24T10:51:17.900Z</time></trkpt>
<trkpt lat="54.378424" lon="18.939292"><time>2026-05-24T10:51:19.900Z</time></trkpt>
<trkpt lat="54.378424" lon="18.939338"><time>2026-05-24T10:51:21.900Z</time></trkpt>
<trkpt lat="54.378418" lon="18.939368"><time>2026-05-24T10:51:23.900Z</time></trkpt>
<trkpt lat="54.378423" lon="18.939414"><time>2026-05-24T10:51:25.900Z</time></trkpt>
<trkpt lat="54.378420" lon="18.939472"><time>2026-05-24T10:51:27.900Z</time></trkpt>
<trkpt lat="54.378417" lon="18.939521"><time>2026-05-24T10:51:29.900Z</time></trkpt>
<trkpt lat="54.378416" lon="18.939568"><time>2026-05-24T10:51:31.900Z</time></trkpt>
<trkpt lat="54.378419" lon="18.939615"><time>2026-05-24T10:51:33.900Z</time></trkpt>
<trkpt lat="54.378415" lon="18.939654"><time>2026-05-24T10:51:35.900Z</time></trkpt>
<trkpt lat="54.378413" lon="18.939702"><time>2026-05-24T10:51:37.900Z</time></trkpt>
<trkpt lat="54.378410" lon="18.939750"><time>2026-05-24T10:51:39.900Z</time></trkpt>
<trkpt lat="54.378404" lon="18.939798"><time>2026-05-24T10:51:41.900Z</time></trkpt>
<trkpt lat="54.378400" lon="18.939845"><time>2026-05-24T10:51:43.900Z</time></trkpt>
<trkpt lat="54.378392" lon="18.939892"><time>2026-05-24T10:51:45.900Z</time></trkpt>
<trkpt lat="54.378388" lon="18.939938"><time>2026-05-24T10:51:47.900Z</time></trkpt>
<trkpt lat="54.378382" lon="18.939987"><time>2026-05-24T10:51:49.900Z</time></trkpt>
<trkpt lat="54.378370" lon="18.940032"><time>2026-05-24T10:51:51.900Z</time></trkpt>
<trkpt lat="54.378360" lon="18.940076"><time>2026-05-24T10:51:53.900Z</time></trkpt>
<trkpt lat="54.378353" lon="18.940122"><time>2026-05-24T10:51:55.900Z</time></trkpt>
<trkpt lat="54.378342" lon="18.940163"><time>2026-05-24T10:51:57.900Z</time></trkpt>
<trkpt lat="54.378334" lon="18.940197"><time>2026-05-24T10:51:59.900Z</time></trkpt>
<trkpt lat="54.378323" lon="18.940254"><time>2026-05-24T10:52:01.900Z</time></trkpt>
<trkpt lat="54.378313" lon="18.940305"><time>2026-05-24T10:52:03.900Z</time></trkpt>
<trkpt lat="54.378306" lon="18.940352"><time>2026-05-24T10:52:05.900Z</time></trkpt>
<trkpt lat="54.378299" lon="18.940396"><time>2026-05-24T10:52:07.900Z</time></trkpt>
<trkpt lat="54.378292" lon="18.940439"><time>2026-05-24T10:52:10.000Z</time></trkpt>
<trkpt lat="54.378289" lon="18.940483"><time>2026-05-24T10:52:12.000Z</time></trkpt>
<trkpt lat="54.378288" lon="18.940527"><time>2026-05-24T10:52:14.000Z</time></trkpt>
<trkpt lat="54.378280" lon="18.940576"><time>2026-05-24T10:52:16.000Z</time></trkpt>
<trkpt lat="54.378278" lon="18.940620"><time>2026-05-24T10:52:18.000Z</time></trkpt>
<trkpt lat="54.378274" lon="18.940666"><time>2026-05-24T10:52:20.000Z</time></trkpt>
<trkpt lat="54.378272" lon="18.940713"><time>2026-05-24T10:52:22.000Z</time></trkpt>
<trkpt lat="54.378267" lon="18.940758"><time>2026-05-24T10:52:24.000Z</time></trkpt>
<trkpt lat="54.378265" lon="18.940804"><time>2026-05-24T10:52:26.000Z</time></trkpt>
<trkpt lat="54.378262" lon="18.940839"><time>2026-05-24T10:52:28.000Z</time></trkpt>
<trkpt lat="54.378258" lon="18.940878"><time>2026-05-24T10:52:30.000Z</time></trkpt>
<trkpt lat="54.378255" lon="18.940920"><time>2026-05-24T10:52:32.000Z</time></trkpt>
<trkpt lat="54.378249" lon="18.940964"><time>2026-05-24T10:52:34.000Z</time></trkpt>
<trkpt lat="54.378246" lon="18.941005"><time>2026-05-24T10:52:36.000Z</time></trkpt>
<trkpt lat="54.378244" lon="18.941054"><time>2026-05-24T10:52:38.000Z</time></trkpt>
<trkpt lat="54.378241" lon="18.941103"><time>2026-05-24T10:52:40.000Z</time></trkpt>
<trkpt lat="54.378237" lon="18.941151"><time>2026-05-24T10:52:42.000Z</time></trkpt>
<trkpt lat="54.378233" lon="18.941202"><time>2026-05-24T10:52:44.000Z</time></trkpt>
<trkpt lat="54.378230" lon="18.941254"><time>2026-05-24T10:52:46.000Z</time></trkpt>
<trkpt lat="54.378229" lon="18.941308"><time>2026-05-24T10:52:48.000Z</time></trkpt>
<trkpt lat="54.378226" lon="18.941358"><time>2026-05-24T10:52:50.000Z</time></trkpt>
<trkpt lat="54.378221" lon="18.941406"><time>2026-05-24T10:52:52.000Z</time></trkpt>
<trkpt lat="54.378215" lon="18.941453"><time>2026-05-24T10:52:54.000Z</time></trkpt>
<trkpt lat="54.378209" lon="18.941501"><time>2026-05-24T10:52:56.000Z</time></trkpt>
<trkpt lat="54.378202" lon="18.941548"><time>2026-05-24T10:52:57.900Z</time></trkpt>
<trkpt lat="54.378195" lon="18.941599"><time>2026-05-24T10:52:59.900Z</time></trkpt>
<trkpt lat="54.378190" lon="18.941651"><time>2026-05-24T10:53:01.900Z</time></trkpt>
<trkpt lat="54.378183" lon="18.941706"><time>2026-05-24T10:53:03.900Z</time></trkpt>
<trkpt lat="54.378177" lon="18.941763"><time>2026-05-24T10:53:05.900Z</time></trkpt>
<trkpt lat="54.378172" lon="18.941817"><time>2026-05-24T10:53:07.900Z</time></trkpt>
<trkpt lat="54.378167" lon="18.941870"><time>2026-05-24T10:53:09.900Z</time></trkpt>
<trkpt lat="54.378162" lon="18.941922"><time>2026-05-24T10:53:11.900Z</time></trkpt>
<trkpt lat="54.378153" lon="18.941971"><time>2026-05-24T10:53:13.900Z</time></trkpt>
<trkpt lat="54.378149" lon="18.942024"><time>2026-05-24T10:53:15.900Z</time></trkpt>
<trkpt lat="54.378143" lon="18.942074"><time>2026-05-24T10:53:17.900Z</time></trkpt>
<trkpt lat="54.378136" lon="18.942125"><time>2026-05-24T10:53:19.900Z</time></trkpt>
<trkpt lat="54.378129" lon="18.942175"><time>2026-05-24T10:53:21.900Z</time></trkpt>
<trkpt lat="54.378127" lon="18.942230"><time>2026-05-24T10:53:23.900Z</time></trkpt>
<trkpt lat="54.378126" lon="18.942286"><time>2026-05-24T10:53:25.900Z</time></trkpt>
<trkpt lat="54.378124" lon="18.942337"><time>2026-05-24T10:53:27.900Z</time></trkpt>
<trkpt lat="54.378121" lon="18.942383"><time>2026-05-24T10:53:29.900Z</time></trkpt>
<trkpt lat="54.378121" lon="18.942427"><time>2026-05-24T10:53:31.900Z</time></trkpt>
<trkpt lat="54.378121" lon="18.942472"><time>2026-05-24T10:53:33.900Z</time></trkpt>
<trkpt lat="54.378120" lon="18.942520"><time>2026-05-24T10:53:35.900Z</time></trkpt>
<trkpt lat="54.378118" lon="18.942567"><time>2026-05-24T10:53:37.900Z</time></trkpt>
<trkpt lat="54.378116" lon="18.942617"><time>2026-05-24T10:53:39.900Z</time></trkpt>
<trkpt lat="54.378109" lon="18.942663"><time>2026-05-24T10:53:41.900Z</time></trkpt>
<trkpt lat="54.378104" lon="18.942710"><time>2026-05-24T10:53:43.900Z</time></trkpt>
<trkpt lat="54.378101" lon="18.942757"><time>2026-05-24T10:53:45.900Z</time></trkpt>
<trkpt lat="54.378098" lon="18.942808"><time>2026-05-24T10:53:47.900Z</time></trkpt>
<trkpt lat="54.378096" lon="18.942858"><time>2026-05-24T10:53:49.900Z</time></trkpt>
<trkpt lat="54.378090" lon="18.942907"><time>2026-05-24T10:53:51.900Z</time></trkpt>
<trkpt lat="54.378085" lon="18.942953"><time>2026-05-24T10:53:53.900Z</time></trkpt>
<trkpt lat="54.378083" lon="18.942999"><time>2026-05-24T10:53:55.900Z</time></trkpt>
<trkpt lat="54.378078" lon="18.943048"><time>2026-05-24T10:53:57.900Z</time></trkpt>
<trkpt lat="54.378075" lon="18.943098"><time>2026-05-24T10:53:59.900Z</time></trkpt>
<trkpt lat="54.378073" lon="18.943146"><time>2026-05-24T10:54:01.900Z</time></trkpt>
<trkpt lat="54.378068" lon="18.943191"><time>2026-05-24T10:54:03.900Z</time></trkpt>
<trkpt lat="54.378063" lon="18.943238"><time>2026-05-24T10:54:05.900Z</time></trkpt>
<trkpt lat="54.378056" lon="18.943283"><time>2026-05-24T10:54:07.900Z</time></trkpt>
<trkpt lat="54.378048" lon="18.943333"><time>2026-05-24T10:54:09.900Z</time></trkpt>
<trkpt lat="54.378042" lon="18.943383"><time>2026-05-24T10:54:11.900Z</time></trkpt>
<trkpt lat="54.378035" lon="18.943433"><time>2026-05-24T10:54:13.900Z</time></trkpt>
<trkpt lat="54.378030" lon="18.943480"><time>2026-05-24T10:54:16.000Z</time></trkpt>
<trkpt lat="54.378024" lon="18.943531"><time>2026-05-24T10:54:18.000Z</time></trkpt>
<trkpt lat="54.378021" lon="18.943588"><time>2026-05-24T10:54:20.000Z</time></trkpt>
<trkpt lat="54.378015" lon="18.943638"><time>2026-05-24T10:54:22.000Z</time></trkpt>
<trkpt lat="54.378009" lon="18.943679"><time>2026-05-24T10:54:24.000Z</time></trkpt>
<trkpt lat="54.378001" lon="18.943728"><time>2026-05-24T10:54:26.000Z</time></trkpt>
<trkpt lat="54.377994" lon="18.943775"><time>2026-05-24T10:54:28.000Z</time></trkpt>
<trkpt lat="54.377987" lon="18.943820"><time>2026-05-24T10:54:30.000Z</time></trkpt>
<trkpt lat="54.377980" lon="18.943868"><time>2026-05-24T10:54:32.000Z</time></trkpt>
<trkpt lat="54.377973" lon="18.943914"><time>2026-05-24T10:54:34.000Z</time></trkpt>
<trkpt lat="54.377965" lon="18.943962"><time>2026-05-24T10:54:36.000Z</time></trkpt>
<trkpt lat="54.377959" lon="18.944006"><time>2026-05-24T10:54:38.000Z</time></trkpt>
<trkpt lat="54.377952" lon="18.944055"><time>2026-05-24T10:54:40.000Z</time></trkpt>
<trkpt lat="54.377946" lon="18.944102"><time>2026-05-24T10:54:42.000Z</time></trkpt>
<trkpt lat="54.377942" lon="18.944149"><time>2026-05-24T10:54:44.000Z</time></trkpt>
<trkpt lat="54.377936" lon="18.944197"><time>2026-05-24T10:54:46.000Z</time></trkpt>
<trkpt lat="54.377932" lon="18.944247"><time>2026-05-24T10:54:48.000Z</time></trkpt>
<trkpt lat="54.377927" lon="18.944293"><time>2026-05-24T10:54:50.000Z</time></trkpt>
<trkpt lat="54.377920" lon="18.944336"><time>2026-05-24T10:54:52.000Z</time></trkpt>
<trkpt lat="54.377916" lon="18.944377"><time>2026-05-24T10:54:54.000Z</time></trkpt>
<trkpt lat="54.377910" lon="18.944420"><time>2026-05-24T10:54:56.000Z</time></trkpt>
<trkpt lat="54.377903" lon="18.944463"><time>2026-05-24T10:54:58.000Z</time></trkpt>
<trkpt lat="54.377894" lon="18.944507"><time>2026-05-24T10:54:59.900Z</time></trkpt>
<trkpt lat="54.377887" lon="18.944549"><time>2026-05-24T10:55:01.900Z</time></trkpt>
<trkpt lat="54.377881" lon="18.944593"><time>2026-05-24T10:55:03.900Z</time></trkpt>
<trkpt lat="54.377876" lon="18.944638"><time>2026-05-24T10:55:05.900Z</time></trkpt>
<trkpt lat="54.377873" lon="18.944687"><time>2026-05-24T10:55:07.900Z</time></trkpt>
<trkpt lat="54.377868" lon="18.944723"><time>2026-05-24T10:55:09.900Z</time></trkpt>
<trkpt lat="54.377864" lon="18.944765"><time>2026-05-24T10:55:11.900Z</time></trkpt>
<trkpt lat="54.377858" lon="18.944810"><time>2026-05-24T10:55:13.900Z</time></trkpt>
<trkpt lat="54.377854" lon="18.944854"><time>2026-05-24T10:55:15.900Z</time></trkpt>
<trkpt lat="54.377846" lon="18.944899"><time>2026-05-24T10:55:17.900Z</time></trkpt>
<trkpt lat="54.377839" lon="18.944940"><time>2026-05-24T10:55:19.900Z</time></trkpt>
<trkpt lat="54.377829" lon="18.944987"><time>2026-05-24T10:55:21.900Z</time></trkpt>
<trkpt lat="54.377820" lon="18.945033"><time>2026-05-24T10:55:23.900Z</time></trkpt>
<trkpt lat="54.377810" lon="18.945083"><time>2026-05-24T10:55:25.900Z</time></trkpt>
<trkpt lat="54.377803" lon="18.945130"><time>2026-05-24T10:55:27.900Z</time></trkpt>
<trkpt lat="54.377795" lon="18.945179"><time>2026-05-24T10:55:29.900Z</time></trkpt>
<trkpt lat="54.377787" lon="18.945229"><time>2026-05-24T10:55:31.900Z</time></trkpt>
<trkpt lat="54.377778" lon="18.945279"><time>2026-05-24T10:55:33.900Z</time></trkpt>
<trkpt lat="54.377769" lon="18.945326"><time>2026-05-24T10:55:35.900Z</time></trkpt>
<trkpt lat="54.377760" lon="18.945374"><time>2026-05-24T10:55:37.900Z</time></trkpt>
<trkpt lat="54.377751" lon="18.945420"><time>2026-05-24T10:55:39.900Z</time></trkpt>
<trkpt lat="54.377745" lon="18.945469"><time>2026-05-24T10:55:41.900Z</time></trkpt>
<trkpt lat="54.377740" lon="18.945516"><time>2026-05-24T10:55:43.900Z</time></trkpt>
<trkpt lat="54.377736" lon="18.945563"><time>2026-05-24T10:55:45.900Z</time></trkpt>
<trkpt lat="54.377733" lon="18.945607"><time>2026-05-24T10:55:47.900Z</time></trkpt>
<trkpt lat="54.377731" lon="18.945649"><time>2026-05-24T10:55:49.900Z</time></trkpt>
<trkpt lat="54.377730" lon="18.945693"><time>2026-05-24T10:55:51.900Z</time></trkpt>
<trkpt lat="54.377730" lon="18.945733"><time>2026-05-24T10:55:53.900Z</time></trkpt>
<trkpt lat="54.377726" lon="18.945778"><time>2026-05-24T10:55:55.900Z</time></trkpt>
<trkpt lat="54.377723" lon="18.945827"><time>2026-05-24T10:55:57.900Z</time></trkpt>
<trkpt lat="54.377720" lon="18.945870"><time>2026-05-24T10:55:59.900Z</time></trkpt>
<trkpt lat="54.377719" lon="18.945913"><time>2026-05-24T10:56:01.900Z</time></trkpt>
<trkpt lat="54.377717" lon="18.945955"><time>2026-05-24T10:56:03.900Z</time></trkpt>
<trkpt lat="54.377713" lon="18.945999"><time>2026-05-24T10:56:05.900Z</time></trkpt>
<trkpt lat="54.377708" lon="18.946040"><time>2026-05-24T10:56:07.900Z</time></trkpt>
<trkpt lat="54.377703" lon="18.946083"><time>2026-05-24T10:56:09.900Z</time></trkpt>
<trkpt lat="54.377697" lon="18.946127"><time>2026-05-24T10:56:11.900Z</time></trkpt>
<trkpt lat="54.377691" lon="18.946168"><time>2026-05-24T10:56:13.900Z</time></trkpt>
<trkpt lat="54.377687" lon="18.946208"><time>2026-05-24T10:56:15.900Z</time></trkpt>
<trkpt lat="54.377683" lon="18.946252"><time>2026-05-24T10:56:17.900Z</time></trkpt>
<trkpt lat="54.377679" lon="18.946292"><time>2026-05-24T10:56:19.900Z</time></trkpt>
<trkpt lat="54.377674" lon="18.946332"><time>2026-05-24T10:56:22.000Z</time></trkpt>
<trkpt lat="54.377673" lon="18.946376"><time>2026-05-24T10:56:24.000Z</time></trkpt>
<trkpt lat="54.377667" lon="18.946416"><time>2026-05-24T10:56:26.000Z</time></trkpt>
<trkpt lat="54.377662" lon="18.946452"><time>2026-05-24T10:56:28.000Z</time></trkpt>
<trkpt lat="54.377656" lon="18.946488"><time>2026-05-24T10:56:30.000Z</time></trkpt>
<trkpt lat="54.377651" lon="18.946527"><time>2026-05-24T10:56:32.000Z</time></trkpt>
<trkpt lat="54.377648" lon="18.946567"><time>2026-05-24T10:56:34.000Z</time></trkpt>
<trkpt lat="54.377642" lon="18.946606"><time>2026-05-24T10:56:36.000Z</time></trkpt>
<trkpt lat="54.377638" lon="18.946636"><time>2026-05-24T10:56:38.000Z</time></trkpt>
<trkpt lat="54.377637" lon="18.946690"><time>2026-05-24T10:56:40.000Z</time></trkpt>
<trkpt lat="54.377640" lon="18.946744"><time>2026-05-24T10:56:42.000Z</time></trkpt>
<trkpt lat="54.377642" lon="18.946781"><time>2026-05-24T10:56:43.900Z</time></trkpt>
<trkpt lat="54.377639" lon="18.946815"><time>2026-05-24T10:56:45.900Z</time></trkpt>
<trkpt lat="54.377634" lon="18.946856"><time>2026-05-24T10:56:47.900Z</time></trkpt>
<trkpt lat="54.377630" lon="18.946893"><time>2026-05-24T10:56:49.900Z</time></trkpt>
<trkpt lat="54.377627" lon="18.946930"><time>2026-05-24T10:56:51.900Z</time></trkpt>
<trkpt lat="54.377624" lon="18.946969"><time>2026-05-24T10:56:53.900Z</time></trkpt>
<trkpt lat="54.377622" lon="18.947005"><time>2026-05-24T10:56:55.900Z</time></trkpt>
<trkpt lat="54.377618" lon="18.947044"><time>2026-05-24T10:56:57.900Z</time></trkpt>
<trkpt lat="54.377610" lon="18.947085"><time>2026-05-24T10:56:59.900Z</time></trkpt>
<trkpt lat="54.377604" lon="18.947127"><time>2026-05-24T10:57:01.900Z</time></trkpt>
<trkpt lat="54.377598" lon="18.947166"><time>2026-05-24T10:57:03.900Z</time></trkpt>
<trkpt lat="54.377592" lon="18.947203"><time>2026-05-24T10:57:05.900Z</time></trkpt>
<trkpt lat="54.377583" lon="18.947244"><time>2026-05-24T10:57:07.900Z</time></trkpt>
<trkpt lat="54.377578" lon="18.947289"><time>2026-05-24T10:57:09.900Z</time></trkpt>
<trkpt lat="54.377575" lon="18.947334"><time>2026-05-24T10:57:11.900Z</time></trkpt>
<trkpt lat="54.377571" lon="18.947375"><time>2026-05-24T10:57:13.900Z</time></trkpt>
<trkpt lat="54.377568" lon="18.947410"><time>2026-05-24T10:57:15.900Z</time></trkpt>
<trkpt lat="54.377563" lon="18.947452"><time>2026-05-24T10:57:17.900Z</time></trkpt>
<trkpt lat="54.377557" lon="18.947496"><time>2026-05-24T10:57:19.900Z</time></trkpt>
<trkpt lat="54.377550" lon="18.947539"><time>2026-05-24T10:57:21.900Z</time></trkpt>
<trkpt lat="54.377542" lon="18.947583"><time>2026-05-24T10:57:23.900Z</time></trkpt>
<trkpt lat="54.377535" lon="18.947630"><time>2026-05-24T10:57:25.900Z</time></trkpt>
<trkpt lat="54.377530" lon="18.947675"><time>2026-05-24T10:57:27.900Z</time></trkpt>
<trkpt lat="54.377528" lon="18.947717"><time>2026-05-24T10:57:29.900Z</time></trkpt>
<trkpt lat="54.377525" lon="18.947760"><time>2026-05-24T10:57:31.900Z</time></trkpt>
<trkpt lat="54.377520" lon="18.947806"><time>2026-05-24T10:57:33.900Z</time></trkpt>
<trkpt lat="54.377516" lon="18.947852"><time>2026-05-24T10:57:35.900Z</time></trkpt>
<trkpt lat="54.377509" lon="18.947899"><time>2026-05-24T10:57:37.900Z</time></trkpt>
<trkpt lat="54.377503" lon="18.947945"><time>2026-05-24T10:57:39.900Z</time></trkpt>
<trkpt lat="54.377496" lon="18.947992"><time>2026-05-24T10:57:41.900Z</time></trkpt>
<trkpt lat="54.377489" lon="18.948040"><time>2026-05-24T10:57:43.900Z</time></trkpt>
<trkpt lat="54.377481" lon="18.948085"><time>2026-05-24T10:57:45.900Z</time></trkpt>
<trkpt lat="54.377473" lon="18.948130"><time>2026-05-24T10:57:47.900Z</time></trkpt>
<trkpt lat="54.377462" lon="18.948172"><time>2026-05-24T10:57:49.900Z</time></trkpt>
<trkpt lat="54.377451" lon="18.948223"><time>2026-05-24T10:57:51.900Z</time></trkpt>
<trkpt lat="54.377444" lon="18.948262"><time>2026-05-24T10:57:53.900Z</time></trkpt>
<trkpt lat="54.377436" lon="18.948304"><time>2026-05-24T10:57:55.900Z</time></trkpt>
<trkpt lat="54.377426" lon="18.948353"><time>2026-05-24T10:57:57.900Z</time></trkpt>
<trkpt lat="54.377420" lon="18.948397"><time>2026-05-24T10:57:59.900Z</time></trkpt>
<trkpt lat="54.377415" lon="18.948442"><time>2026-05-24T10:58:01.900Z</time></trkpt>
<trkpt lat="54.377409" lon="18.948488"><time>2026-05-24T10:58:03.900Z</time></trkpt>
<trkpt lat="54.377403" lon="18.948536"><time>2026-05-24T10:58:05.900Z</time></trkpt>
<trkpt lat="54.377398" lon="18.948581"><time>2026-05-24T10:58:07.900Z</time></trkpt>
<trkpt lat="54.377392" lon="18.948625"><time>2026-05-24T10:58:09.900Z</time></trkpt>
<trkpt lat="54.377387" lon="18.948669"><time>2026-05-24T10:58:11.900Z</time></trkpt>
<trkpt lat="54.377383" lon="18.948714"><time>2026-05-24T10:58:13.900Z</time></trkpt>
<trkpt lat="54.377383" lon="18.948756"><time>2026-05-24T10:58:15.900Z</time></trkpt>
<trkpt lat="54.377379" lon="18.948801"><time>2026-05-24T10:58:17.900Z</time></trkpt>
<trkpt lat="54.377379" lon="18.948846"><time>2026-05-24T10:58:19.900Z</time></trkpt>
<trkpt lat="54.377378" lon="18.948893"><time>2026-05-24T10:58:21.900Z</time></trkpt>
<trkpt lat="54.377372" lon="18.948935"><time>2026-05-24T10:58:23.900Z</time></trkpt>
<trkpt lat="54.377366" lon="18.948977"><time>2026-05-24T10:58:25.900Z</time></trkpt>
<trkpt lat="54.377358" lon="18.949019"><time>2026-05-24T10:58:27.900Z</time></trkpt>
<trkpt lat="54.377350" lon="18.949062"><time>2026-05-24T10:58:29.900Z</time></trkpt>
<trkpt lat="54.377342" lon="18.949106"><time>2026-05-24T10:58:31.900Z</time></trkpt>
<trkpt lat="54.377337" lon="18.949150"><time>2026-05-24T10:58:33.900Z</time></trkpt>
<trkpt lat="54.377329" lon="18.949194"><time>2026-05-24T10:58:35.900Z</time></trkpt>
<trkpt lat="54.377324" lon="18.949239"><time>2026-05-24T10:58:37.900Z</time></trkpt>
<trkpt lat="54.377317" lon="18.949286"><time>2026-05-24T10:58:39.900Z</time></trkpt>
<trkpt lat="54.377310" lon="18.949332"><time>2026-05-24T10:58:41.900Z</time></trkpt>
<trkpt lat="54.377301" lon="18.949379"><time>2026-05-24T10:58:43.900Z</time></trkpt>
<trkpt lat="54.377291" lon="18.949429"><time>2026-05-24T10:58:45.900Z</time></trkpt>
<trkpt lat="54.377281" lon="18.949476"><time>2026-05-24T10:58:47.900Z</time></trkpt>
<trkpt lat="54.377274" lon="18.949526"><time>2026-05-24T10:58:49.900Z</time></trkpt>
<trkpt lat="54.377270" lon="18.949578"><time>2026-05-24T10:58:51.900Z</time></trkpt>
<trkpt lat="54.377265" lon="18.949627"><time>2026-05-24T10:58:53.900Z</time></trkpt>
<trkpt lat="54.377258" lon="18.949675"><time>2026-05-24T10:58:55.900Z</time></trkpt>
<trkpt lat="54.377250" lon="18.949723"><time>2026-05-24T10:58:57.900Z</time></trkpt>
<trkpt lat="54.377242" lon="18.949770"><time>2026-05-24T10:58:59.900Z</time></trkpt>
<trkpt lat="54.377233" lon="18.949818"><time>2026-05-24T10:59:01.900Z</time></trkpt>
<trkpt lat="54.377225" lon="18.949865"><time>2026-05-24T10:59:03.900Z</time></trkpt>
<trkpt lat="54.377220" lon="18.949913"><time>2026-05-24T10:59:05.900Z</time></trkpt>
<trkpt lat="54.377213" lon="18.949959"><time>2026-05-24T10:59:07.900Z</time></trkpt>
<trkpt lat="54.377208" lon="18.950006"><time>2026-05-24T10:59:09.900Z</time></trkpt>
<trkpt lat="54.377203" lon="18.950055"><time>2026-05-24T10:59:11.900Z</time></trkpt>
<trkpt lat="54.377198" lon="18.950102"><time>2026-05-24T10:59:13.900Z</time></trkpt>
<trkpt lat="54.377192" lon="18.950151"><time>2026-05-24T10:59:15.900Z</time></trkpt>
<trkpt lat="54.377188" lon="18.950199"><time>2026-05-24T10:59:17.900Z</time></trkpt>
<trkpt lat="54.377181" lon="18.950245"><time>2026-05-24T10:59:19.900Z</time></trkpt>
<trkpt lat="54.377174" lon="18.950291"><time>2026-05-24T10:59:21.900Z</time></trkpt>
<trkpt lat="54.377166" lon="18.950340"><time>2026-05-24T10:59:23.900Z</time></trkpt>
<trkpt lat="54.377157" lon="18.950388"><time>2026-05-24T10:59:25.900Z</time></trkpt>
<trkpt lat="54.377145" lon="18.950435"><time>2026-05-24T10:59:27.900Z</time></trkpt>
<trkpt lat="54.377134" lon="18.950481"><time>2026-05-24T10:59:29.900Z</time></trkpt>
<trkpt lat="54.377124" lon="18.950528"><time>2026-05-24T10:59:31.900Z</time></trkpt>
<trkpt lat="54.377115" lon="18.950577"><time>2026-05-24T10:59:33.900Z</time></trkpt>
<trkpt lat="54.377103" lon="18.950627"><time>2026-05-24T10:59:35.900Z</time></trkpt>
<trkpt lat="54.377092" lon="18.950677"><time>2026-05-24T10:59:37.900Z</time></trkpt>
<trkpt lat="54.377082" lon="18.950727"><time>2026-05-24T10:59:39.900Z</time></trkpt>
<trkpt lat="54.377074" lon="18.950783"><time>2026-05-24T10:59:41.900Z</time></trkpt>
<trkpt lat="54.377068" lon="18.950837"><time>2026-05-24T10:59:43.900Z</time></trkpt>
<trkpt lat="54.377060" lon="18.950887"><time>2026-05-24T10:59:45.900Z</time></trkpt>
<trkpt lat="54.377051" lon="18.950938"><time>2026-05-24T10:59:47.900Z</time></trkpt>
<trkpt lat="54.377040" lon="18.950987"><time>2026-05-24T10:59:49.900Z</time></trkpt>
<trkpt lat="54.377031" lon="18.951037"><time>2026-05-24T10:59:51.900Z</time></trkpt>
<trkpt lat="54.377022" lon="18.951086"><time>2026-05-24T10:59:53.900Z</time></trkpt>
<trkpt lat="54.377016" lon="18.951136"><time>2026-05-24T10:59:55.900Z</time></trkpt>
<trkpt lat="54.377011" lon="18.951187"><time>2026-05-24T10:59:57.900Z</time></trkpt>
<trkpt lat="54.377006" lon="18.951239"><time>2026-05-24T10:59:59.900Z</time></trkpt>
<trkpt lat="54.377002" lon="18.951290"><time>2026-05-24T11:00:01.900Z</time></trkpt>
<trkpt lat="54.376995" lon="18.951339"><time>2026-05-24T11:00:03.900Z</time></trkpt>
<trkpt lat="54.376989" lon="18.951393"><time>2026-05-24T11:00:05.900Z</time></trkpt>
<trkpt lat="54.376983" lon="18.951448"><time>2026-05-24T11:00:07.900Z</time></trkpt>
<trkpt lat="54.376981" lon="18.951505"><time>2026-05-24T11:00:09.900Z</time></trkpt>
<trkpt lat="54.376981" lon="18.951555"><time>2026-05-24T11:00:11.900Z</time></trkpt>
<trkpt lat="54.376982" lon="18.951607"><time>2026-05-24T11:00:13.900Z</time></trkpt>
<trkpt lat="54.376982" lon="18.951657"><time>2026-05-24T11:00:15.900Z</time></trkpt>
<trkpt lat="54.376981" lon="18.951709"><time>2026-05-24T11:00:17.900Z</time></trkpt>
<trkpt lat="54.376980" lon="18.951762"><time>2026-05-24T11:00:19.900Z</time></trkpt>
<trkpt lat="54.376978" lon="18.951816"><time>2026-05-24T11:00:21.900Z</time></trkpt>
<trkpt lat="54.376974" lon="18.951868"><time>2026-05-24T11:00:23.900Z</time></trkpt>
<trkpt lat="54.376969" lon="18.951921"><time>2026-05-24T11:00:25.900Z</time></trkpt>
<trkpt lat="54.376962" lon="18.951973"><time>2026-05-24T11:00:27.900Z</time></trkpt>
<trkpt lat="54.376957" lon="18.952027"><time>2026-05-24T11:00:29.900Z</time></trkpt>
<trkpt lat="54.376949" lon="18.952079"><time>2026-05-24T11:00:31.900Z</time></trkpt>
<trkpt lat="54.376940" lon="18.952133"><time>2026-05-24T11:00:33.900Z</time></trkpt>
<trkpt lat="54.376930" lon="18.952185"><time>2026-05-24T11:00:35.900Z</time></trkpt>
<trkpt lat="54.376921" lon="18.952240"><time>2026-05-24T11:00:37.900Z</time></trkpt>
<trkpt lat="54.376913" lon="18.952294"><time>2026-05-24T11:00:39.900Z</time></trkpt>
<trkpt lat="54.376906" lon="18.952348"><time>2026-05-24T11:00:41.900Z</time></trkpt>
<trkpt lat="54.376901" lon="18.952404"><time>2026-05-24T11:00:43.900Z</time></trkpt>
<trkpt lat="54.376896" lon="18.952460"><time>2026-05-24T11:00:45.900Z</time></trkpt>
<trkpt lat="54.376894" lon="18.952515"><time>2026-05-24T11:00:47.900Z</time></trkpt>
<trkpt lat="54.376889" lon="18.952572"><time>2026-05-24T11:00:49.900Z</time></trkpt>
<trkpt lat="54.376883" lon="18.952629"><time>2026-05-24T11:00:51.900Z</time></trkpt>
<trkpt lat="54.376877" lon="18.952686"><time>2026-05-24T11:00:53.900Z</time></trkpt>
<trkpt lat="54.376869" lon="18.952745"><time>2026-05-24T11:00:55.900Z</time></trkpt>
<trkpt lat="54.376860" lon="18.952805"><time>2026-05-24T11:00:57.900Z</time></trkpt>
<trkpt lat="54.376853" lon="18.952864"><time>2026-05-24T11:00:59.900Z</time></trkpt>
<trkpt lat="54.376850" lon="18.952920"><time>2026-05-24T11:01:01.900Z</time></trkpt>
<trkpt lat="54.376848" lon="18.952975"><time>2026-05-24T11:01:03.900Z</time></trkpt>
<trkpt lat="54.376847" lon="18.953028"><time>2026-05-24T11:01:05.900Z</time></trkpt>
<trkpt lat="54.376845" lon="18.953082"><time>2026-05-24T11:01:07.900Z</time></trkpt>
<trkpt lat="54.376842" lon="18.953135"><time>2026-05-24T11:01:09.900Z</time></trkpt>
<trkpt lat="54.376840" lon="18.953187"><time>2026-05-24T11:01:11.900Z</time></trkpt>
<trkpt lat="54.376835" lon="18.953242"><time>2026-05-24T11:01:13.900Z</time></trkpt>
<trkpt lat="54.376830" lon="18.953294"><time>2026-05-24T11:01:15.900Z</time></trkpt>
<trkpt lat="54.376828" lon="18.953345"><time>2026-05-24T11:01:17.900Z</time></trkpt>
<trkpt lat="54.376822" lon="18.953394"><time>2026-05-24T11:01:19.900Z</time></trkpt>
<trkpt lat="54.376817" lon="18.953451"><time>2026-05-24T11:01:21.900Z</time></trkpt>
<trkpt lat="54.376814" lon="18.953507"><time>2026-05-24T11:01:23.900Z</time></trkpt>
<trkpt lat="54.376810" lon="18.953560"><time>2026-05-24T11:01:25.900Z</time></trkpt>
<trkpt lat="54.376806" lon="18.953612"><time>2026-05-24T11:01:27.900Z</time></trkpt>
<trkpt lat="54.376798" lon="18.953665"><time>2026-05-24T11:01:29.900Z</time></trkpt>
<trkpt lat="54.376789" lon="18.953718"><time>2026-05-24T11:01:31.900Z</time></trkpt>
<trkpt lat="54.376778" lon="18.953765"><time>2026-05-24T11:01:33.900Z</time></trkpt>
<trkpt lat="54.376769" lon="18.953818"><time>2026-05-24T11:01:35.900Z</time></trkpt>
<trkpt lat="54.376758" lon="18.953871"><time>2026-05-24T11:01:37.900Z</time></trkpt>
<trkpt lat="54.376747" lon="18.953922"><time>2026-05-24T11:01:39.900Z</time></trkpt>
<trkpt lat="54.376735" lon="18.953971"><time>2026-05-24T11:01:41.900Z</time></trkpt>
<trkpt lat="54.376723" lon="18.954021"><time>2026-05-24T11:01:43.900Z</time></trkpt>
<trkpt lat="54.376709" lon="18.954070"><time>2026-05-24T11:01:45.900Z</time></trkpt>
<trkpt lat="54.376694" lon="18.954117"><time>2026-05-24T11:01:47.900Z</time></trkpt>
<trkpt lat="54.376679" lon="18.954162"><time>2026-05-24T11:01:49.900Z</time></trkpt>
<trkpt lat="54.376661" lon="18.954209"><time>2026-05-24T11:01:51.900Z</time></trkpt>
<trkpt lat="54.376642" lon="18.954254"><time>2026-05-24T11:01:53.900Z</time></trkpt>
<trkpt lat="54.376623" lon="18.954295"><time>2026-05-24T11:01:55.900Z</time></trkpt>
<trkpt lat="54.376601" lon="18.954337"><time>2026-05-24T11:01:57.900Z</time></trkpt>
<trkpt lat="54.376578" lon="18.954376"><time>2026-05-24T11:01:59.900Z</time></trkpt>
<trkpt lat="54.376553" lon="18.954412"><time>2026-05-24T11:02:01.900Z</time></trkpt>
<trkpt lat="54.376530" lon="18.954448"><time>2026-05-24T11:02:03.900Z</time></trkpt>
<trkpt lat="54.376507" lon="18.954486"><time>2026-05-24T11:02:05.900Z</time></trkpt>
<trkpt lat="54.376482" lon="18.954526"><time>2026-05-24T11:02:07.900Z</time></trkpt>
<trkpt lat="54.376461" lon="18.954563"><time>2026-05-24T11:02:09.900Z</time></trkpt>
<trkpt lat="54.376439" lon="18.954606"><time>2026-05-24T11:02:11.900Z</time></trkpt>
<trkpt lat="54.376418" lon="18.954642"><time>2026-05-24T11:02:13.900Z</time></trkpt>
<trkpt lat="54.376397" lon="18.954684"><time>2026-05-24T11:02:15.900Z</time></trkpt>
<trkpt lat="54.376376" lon="18.954722"><time>2026-05-24T11:02:17.900Z</time></trkpt>
<trkpt lat="54.376359" lon="18.954762"><time>2026-05-24T11:02:19.900Z</time></trkpt>
<trkpt lat="54.376339" lon="18.954804"><time>2026-05-24T11:02:21.900Z</time></trkpt>
<trkpt lat="54.376321" lon="18.954843"><time>2026-05-24T11:02:23.900Z</time></trkpt>
<trkpt lat="54.376304" lon="18.954883"><time>2026-05-24T11:02:25.900Z</time></trkpt>
<trkpt lat="54.376287" lon="18.954924"><time>2026-05-24T11:02:27.900Z</time></trkpt>
<trkpt lat="54.376269" lon="18.954966"><time>2026-05-24T11:02:29.900Z</time></trkpt>
<trkpt lat="54.376251" lon="18.955006"><time>2026-05-24T11:02:31.900Z</time></trkpt>
<trkpt lat="54.376235" lon="18.955052"><time>2026-05-24T11:02:33.900Z</time></trkpt>
<trkpt lat="54.376217" lon="18.955103"><time>2026-05-24T11:02:35.900Z</time></trkpt>
<trkpt lat="54.376200" lon="18.955147"><time>2026-05-24T11:02:37.900Z</time></trkpt>
<trkpt lat="54.376183" lon="18.955188"><time>2026-05-24T11:02:39.900Z</time></trkpt>
<trkpt lat="54.376165" lon="18.955229"><time>2026-05-24T11:02:41.900Z</time></trkpt>
<trkpt lat="54.376146" lon="18.955273"><time>2026-05-24T11:02:43.900Z</time></trkpt>
<trkpt lat="54.376126" lon="18.955313"><time>2026-05-24T11:02:45.900Z</time></trkpt>
<trkpt lat="54.376103" lon="18.955351"><time>2026-05-24T11:02:47.900Z</time></trkpt>
<trkpt lat="54.376081" lon="18.955387"><time>2026-05-24T11:02:49.900Z</time></trkpt>
<trkpt lat="54.376057" lon="18.955423"><time>2026-05-24T11:02:51.900Z</time></trkpt>
<trkpt lat="54.376036" lon="18.955457"><time>2026-05-24T11:02:53.900Z</time></trkpt>
<trkpt lat="54.376014" lon="18.955493"><time>2026-05-24T11:02:55.900Z</time></trkpt>
<trkpt lat="54.375992" lon="18.955530"><time>2026-05-24T11:02:57.900Z</time></trkpt>
<trkpt lat="54.375968" lon="18.955566"><time>2026-05-24T11:02:59.900Z</time></trkpt>
<trkpt lat="54.375945" lon="18.955599"><time>2026-05-24T11:03:01.900Z</time></trkpt>
<trkpt lat="54.375920" lon="18.955635"><time>2026-05-24T11:03:03.900Z</time></trkpt>
<trkpt lat="54.375896" lon="18.955671"><time>2026-05-24T11:03:05.900Z</time></trkpt>
<trkpt lat="54.375871" lon="18.955706"><time>2026-05-24T11:03:07.900Z</time></trkpt>
<trkpt lat="54.375844" lon="18.955741"><time>2026-05-24T11:03:09.900Z</time></trkpt>
<trkpt lat="54.375817" lon="18.955774"><time>2026-05-24T11:03:11.900Z</time></trkpt>
<trkpt lat="54.375790" lon="18.955808"><time>2026-05-24T11:03:13.900Z</time></trkpt>
<trkpt lat="54.375762" lon="18.955840"><time>2026-05-24T11:03:15.900Z</time></trkpt>
<trkpt lat="54.375735" lon="18.955872"><time>2026-05-24T11:03:17.900Z</time></trkpt>
<trkpt lat="54.375706" lon="18.955907"><time>2026-05-24T11:03:19.900Z</time></trkpt>
<trkpt lat="54.375681" lon="18.955938"><time>2026-05-24T11:03:21.900Z</time></trkpt>
<trkpt lat="54.375656" lon="18.955976"><time>2026-05-24T11:03:23.900Z</time></trkpt>
<trkpt lat="54.375634" lon="18.956013"><time>2026-05-24T11:03:25.900Z</time></trkpt>
<trkpt lat="54.375610" lon="18.956049"><time>2026-05-24T11:03:27.900Z</time></trkpt>
<trkpt lat="54.375587" lon="18.956086"><time>2026-05-24T11:03:29.900Z</time></trkpt>
<trkpt lat="54.375563" lon="18.956121"><time>2026-05-24T11:03:31.900Z</time></trkpt>
<trkpt lat="54.375542" lon="18.956158"><time>2026-05-24T11:03:33.900Z</time></trkpt>
<trkpt lat="54.375519" lon="18.956188"><time>2026-05-24T11:03:35.900Z</time></trkpt>
<trkpt lat="54.375495" lon="18.956220"><time>2026-05-24T11:03:37.900Z</time></trkpt>
<trkpt lat="54.375469" lon="18.956252"><time>2026-05-24T11:03:39.900Z</time></trkpt>
<trkpt lat="54.375443" lon="18.956288"><time>2026-05-24T11:03:41.900Z</time></trkpt>
<trkpt lat="54.375416" lon="18.956323"><time>2026-05-24T11:03:43.900Z</time></trkpt>
<trkpt lat="54.375383" lon="18.956357"><time>2026-05-24T11:03:45.900Z</time></trkpt>
<trkpt lat="54.375363" lon="18.956411"><time>2026-05-24T11:03:47.900Z</time></trkpt>
<trkpt lat="54.375342" lon="18.956454"><time>2026-05-24T11:03:49.900Z</time></trkpt>
<trkpt lat="54.375313" lon="18.956478"><time>2026-05-24T11:03:51.900Z</time></trkpt>
<trkpt lat="54.375277" lon="18.956520"><time>2026-05-24T11:03:53.900Z</time></trkpt>
<trkpt lat="54.375244" lon="18.956558"><time>2026-05-24T11:03:55.900Z</time></trkpt>
<trkpt lat="54.375209" lon="18.956591"><time>2026-05-24T11:03:57.900Z</time></trkpt>
<trkpt lat="54.375175" lon="18.956643"><time>2026-05-24T11:03:59.900Z</time></trkpt>
<trkpt lat="54.375151" lon="18.956696"><time>2026-05-24T11:04:01.900Z</time></trkpt>
<trkpt lat="54.375119" lon="18.956756"><time>2026-05-24T11:04:03.900Z</time></trkpt>
<trkpt lat="54.375095" lon="18.956813"><time>2026-05-24T11:04:05.900Z</time></trkpt>
<trkpt lat="54.375068" lon="18.956855"><time>2026-05-24T11:04:07.900Z</time></trkpt>
<trkpt lat="54.375042" lon="18.956902"><time>2026-05-24T11:04:09.900Z</time></trkpt>
<trkpt lat="54.375016" lon="18.956947"><time>2026-05-24T11:04:11.900Z</time></trkpt>
<trkpt lat="54.374989" lon="18.956996"><time>2026-05-24T11:04:13.900Z</time></trkpt>
<trkpt lat="54.374966" lon="18.957043"><time>2026-05-24T11:04:15.900Z</time></trkpt>
<trkpt lat="54.374940" lon="18.957085"><time>2026-05-24T11:04:17.900Z</time></trkpt>
<trkpt lat="54.374920" lon="18.957127"><time>2026-05-24T11:04:19.900Z</time></trkpt>
<trkpt lat="54.374891" lon="18.957171"><time>2026-05-24T11:04:21.900Z</time></trkpt>
<trkpt lat="54.374859" lon="18.957212"><time>2026-05-24T11:04:23.900Z</time></trkpt>
<trkpt lat="54.374833" lon="18.957257"><time>2026-05-24T11:04:25.900Z</time></trkpt>
<trkpt lat="54.374805" lon="18.957302"><time>2026-05-24T11:04:27.900Z</time></trkpt>
<trkpt lat="54.374779" lon="18.957348"><time>2026-05-24T11:04:29.900Z</time></trkpt>
<trkpt lat="54.374753" lon="18.957395"><time>2026-05-24T11:04:31.900Z</time></trkpt>
<trkpt lat="54.374730" lon="18.957444"><time>2026-05-24T11:04:33.900Z</time></trkpt>
<trkpt lat="54.374704" lon="18.957493"><time>2026-05-24T11:04:35.900Z</time></trkpt>
<trkpt lat="54.374676" lon="18.957542"><time>2026-05-24T11:04:37.900Z</time></trkpt>
<trkpt lat="54.374650" lon="18.957591"><time>2026-05-24T11:04:39.900Z</time></trkpt>
<trkpt lat="54.374627" lon="18.957643"><time>2026-05-24T11:04:41.900Z</time></trkpt>
<trkpt lat="54.374599" lon="18.957691"><time>2026-05-24T11:04:43.900Z</time></trkpt>
<trkpt lat="54.374572" lon="18.957737"><time>2026-05-24T11:04:46.000Z</time></trkpt>
<trkpt lat="54.374548" lon="18.957778"><time>2026-05-24T11:04:48.000Z</time></trkpt>
<trkpt lat="54.374522" lon="18.957834"><time>2026-05-24T11:04:50.000Z</time></trkpt>
<trkpt lat="54.374499" lon="18.957887"><time>2026-05-24T11:04:52.000Z</time></trkpt>
<trkpt lat="54.374476" lon="18.957939"><time>2026-05-24T11:04:54.000Z</time></trkpt>
<trkpt lat="54.374454" lon="18.957986"><time>2026-05-24T11:04:56.000Z</time></trkpt>
<trkpt lat="54.374432" lon="18.958032"><time>2026-05-24T11:04:58.000Z</time></trkpt>
<trkpt lat="54.374409" lon="18.958080"><time>2026-05-24T11:05:00.000Z</time></trkpt>
<trkpt lat="54.374387" lon="18.958130"><time>2026-05-24T11:05:02.000Z</time></trkpt>
<trkpt lat="54.374365" lon="18.958184"><time>2026-05-24T11:05:04.000Z</time></trkpt>
<trkpt lat="54.374342" lon="18.958236"><time>2026-05-24T11:05:06.000Z</time></trkpt>
<trkpt lat="54.374320" lon="18.958291"><time>2026-05-24T11:05:07.900Z</time></trkpt>
<trkpt lat="54.374295" lon="18.958340"><time>2026-05-24T11:05:09.900Z</time></trkpt>
<trkpt lat="54.374271" lon="18.958389"><time>2026-05-24T11:05:11.900Z</time></trkpt>
<trkpt lat="54.374247" lon="18.958442"><time>2026-05-24T11:05:13.900Z</time></trkpt>
<trkpt lat="54.374225" lon="18.958490"><time>2026-05-24T11:05:15.900Z</time></trkpt>
<trkpt lat="54.374198" lon="18.958539"><time>2026-05-24T11:05:17.900Z</time></trkpt>
<trkpt lat="54.374172" lon="18.958593"><time>2026-05-24T11:05:19.900Z</time></trkpt>
<trkpt lat="54.374144" lon="18.958635"><time>2026-05-24T11:05:21.900Z</time></trkpt>
<trkpt lat="54.374114" lon="18.958676"><time>2026-05-24T11:05:23.900Z</time></trkpt>
<trkpt lat="54.374088" lon="18.958722"><time>2026-05-24T11:05:25.900Z</time></trkpt>
<trkpt lat="54.374063" lon="18.958764"><time>2026-05-24T11:05:27.900Z</time></trkpt>
<trkpt lat="54.374036" lon="18.958817"><time>2026-05-24T11:05:29.900Z</time></trkpt>
<trkpt lat="54.374012" lon="18.958872"><time>2026-05-24T11:05:31.900Z</time></trkpt>
<trkpt lat="54.373985" lon="18.958923"><time>2026-05-24T11:05:33.900Z</time></trkpt>
<trkpt lat="54.373955" lon="18.958969"><time>2026-05-24T11:05:35.900Z</time></trkpt>
<trkpt lat="54.373927" lon="18.959018"><time>2026-05-24T11:05:37.900Z</time></trkpt>
<trkpt lat="54.373902" lon="18.959051"><time>2026-05-24T11:05:39.900Z</time></trkpt>
<trkpt lat="54.373877" lon="18.959083"><time>2026-05-24T11:05:41.900Z</time></trkpt>
<trkpt lat="54.373855" lon="18.959134"><time>2026-05-24T11:05:43.900Z</time></trkpt>
<trkpt lat="54.373827" lon="18.959177"><time>2026-05-24T11:05:45.900Z</time></trkpt>
<trkpt lat="54.373793" lon="18.959228"><time>2026-05-24T11:05:47.900Z</time></trkpt>
<trkpt lat="54.373755" lon="18.959273"><time>2026-05-24T11:05:49.900Z</time></trkpt>
<trkpt lat="54.373718" lon="18.959324"><time>2026-05-24T11:05:51.900Z</time></trkpt>
<trkpt lat="54.373681" lon="18.959379"><time>2026-05-24T11:05:53.900Z</time></trkpt>
<trkpt lat="54.373656" lon="18.959433"><time>2026-05-24T11:05:55.900Z</time></trkpt>
<trkpt lat="54.373628" lon="18.959482"><time>2026-05-24T11:05:57.900Z</time></trkpt>
<trkpt lat="54.373600" lon="18.959528"><time>2026-05-24T11:05:59.900Z</time></trkpt>
<trkpt lat="54.373570" lon="18.959573"><time>2026-05-24T11:06:01.900Z</time></trkpt>
<trkpt lat="54.373543" lon="18.959620"><time>2026-05-24T11:06:03.900Z</time></trkpt>
<trkpt lat="54.373516" lon="18.959664"><time>2026-05-24T11:06:05.900Z</time></trkpt>
<trkpt lat="54.373491" lon="18.959711"><time>2026-05-24T11:06:07.900Z</time></trkpt>
<trkpt lat="54.373458" lon="18.959763"><time>2026-05-24T11:06:09.900Z</time></trkpt>
<trkpt lat="54.373429" lon="18.959806"><time>2026-05-24T11:06:11.900Z</time></trkpt>
<trkpt lat="54.373397" lon="18.959853"><time>2026-05-24T11:06:13.900Z</time></trkpt>
<trkpt lat="54.373360" lon="18.959893"><time>2026-05-24T11:06:15.900Z</time></trkpt>
<trkpt lat="54.373328" lon="18.959945"><time>2026-05-24T11:06:17.900Z</time></trkpt>
<trkpt lat="54.373299" lon="18.960005"><time>2026-05-24T11:06:19.900Z</time></trkpt>
<trkpt lat="54.373289" lon="18.960102"><time>2026-05-24T11:06:21.900Z</time></trkpt>
<trkpt lat="54.373275" lon="18.960167"><time>2026-05-24T11:06:23.900Z</time></trkpt>
<trkpt lat="54.373254" lon="18.960235"><time>2026-05-24T11:06:25.900Z</time></trkpt>
<trkpt lat="54.373222" lon="18.960295"><time>2026-05-24T11:06:27.900Z</time></trkpt>
<trkpt lat="54.373196" lon="18.960353"><time>2026-05-24T11:06:29.900Z</time></trkpt>
<trkpt lat="54.373170" lon="18.960410"><time>2026-05-24T11:06:31.900Z</time></trkpt>
<trkpt lat="54.373143" lon="18.960462"><time>2026-05-24T11:06:33.900Z</time></trkpt>
<trkpt lat="54.373127" lon="18.960519"><time>2026-05-24T11:06:35.900Z</time></trkpt>
<trkpt lat="54.373115" lon="18.960568"><time>2026-05-24T11:06:37.900Z</time></trkpt>
<trkpt lat="54.373100" lon="18.960628"><time>2026-05-24T11:06:39.900Z</time></trkpt>
<trkpt lat="54.373085" lon="18.960693"><time>2026-05-24T11:06:41.900Z</time></trkpt>
<trkpt lat="54.373108" lon="18.960749"><time>2026-05-24T11:06:43.900Z</time></trkpt>
<trkpt lat="54.373105" lon="18.960808"><time>2026-05-24T11:06:45.900Z</time></trkpt>
<trkpt lat="54.373099" lon="18.960862"><time>2026-05-24T11:06:47.900Z</time></trkpt>
<trkpt lat="54.373082" lon="18.960920"><time>2026-05-24T11:06:49.900Z</time></trkpt>
<trkpt lat="54.373064" lon="18.960986"><time>2026-05-24T11:06:52.000Z</time></trkpt>
<trkpt lat="54.373044" lon="18.961048"><time>2026-05-24T11:06:54.000Z</time></trkpt>
<trkpt lat="54.373022" lon="18.961108"><time>2026-05-24T11:06:56.000Z</time></trkpt>
<trkpt lat="54.372995" lon="18.961158"><time>2026-05-24T11:06:58.000Z</time></trkpt>
<trkpt lat="54.372964" lon="18.961215"><time>2026-05-24T11:07:00.000Z</time></trkpt>
<trkpt lat="54.372940" lon="18.961275"><time>2026-05-24T11:07:02.000Z</time></trkpt>
<trkpt lat="54.372923" lon="18.961337"><time>2026-05-24T11:07:04.000Z</time></trkpt>
<trkpt lat="54.372902" lon="18.961394"><time>2026-05-24T11:07:06.000Z</time></trkpt>
<trkpt lat="54.372881" lon="18.961448"><time>2026-05-24T11:07:08.000Z</time></trkpt>
<trkpt lat="54.372853" lon="18.961509"><time>2026-05-24T11:07:10.000Z</time></trkpt>
<trkpt lat="54.372828" lon="18.961564"><time>2026-05-24T11:07:12.000Z</time></trkpt>
<trkpt lat="54.372807" lon="18.961623"><time>2026-05-24T11:07:14.000Z</time></trkpt>
<trkpt lat="54.372786" lon="18.961678"><time>2026-05-24T11:07:16.000Z</time></trkpt>
<trkpt lat="54.372766" lon="18.961740"><time>2026-05-24T11:07:18.000Z</time></trkpt>
<trkpt lat="54.372746" lon="18.961803"><time>2026-05-24T11:07:20.000Z</time></trkpt>
<trkpt lat="54.372729" lon="18.961868"><time>2026-05-24T11:07:22.000Z</time></trkpt>
<trkpt lat="54.372708" lon="18.961935"><time>2026-05-24T11:07:24.000Z</time></trkpt>
<trkpt lat="54.372683" lon="18.961999"><time>2026-05-24T11:07:25.900Z</time></trkpt>
<trkpt lat="54.372653" lon="18.962054"><time>2026-05-24T11:07:27.900Z</time></trkpt>
<trkpt lat="54.372626" lon="18.962109"><time>2026-05-24T11:07:29.900Z</time></trkpt>
<trkpt lat="54.372600" lon="18.962168"><time>2026-05-24T11:07:31.900Z</time></trkpt>
<trkpt lat="54.372577" lon="18.962230"><time>2026-05-24T11:07:33.900Z</time></trkpt>
<trkpt lat="54.372552" lon="18.962292"><time>2026-05-24T11:07:35.900Z</time></trkpt>
<trkpt lat="54.372525" lon="18.962355"><time>2026-05-24T11:07:37.900Z</time></trkpt>
<trkpt lat="54.372496" lon="18.962421"><time>2026-05-24T11:07:39.900Z</time></trkpt>
<trkpt lat="54.372468" lon="18.962484"><time>2026-05-24T11:07:41.900Z</time></trkpt>
<trkpt lat="54.372442" lon="18.962548"><time>2026-05-24T11:07:43.900Z</time></trkpt>
<trkpt lat="54.372412" lon="18.962613"><time>2026-05-24T11:07:45.900Z</time></trkpt>
<trkpt lat="54.372381" lon="18.962681"><time>2026-05-24T11:07:47.900Z</time></trkpt>
<trkpt lat="54.372352" lon="18.962748"><time>2026-05-24T11:07:49.900Z</time></trkpt>
<trkpt lat="54.372322" lon="18.962813"><time>2026-05-24T11:07:51.900Z</time></trkpt>
<trkpt lat="54.372295" lon="18.962876"><time>2026-05-24T11:07:53.900Z</time></trkpt>
<trkpt lat="54.372264" lon="18.962935"><time>2026-05-24T11:07:55.900Z</time></trkpt>
<trkpt lat="54.372238" lon="18.962996"><time>2026-05-24T11:07:57.900Z</time></trkpt>
<trkpt lat="54.372212" lon="18.963060"><time>2026-05-24T11:07:59.900Z</time></trkpt>
<trkpt lat="54.372186" lon="18.963123"><time>2026-05-24T11:08:01.900Z</time></trkpt>
<trkpt lat="54.372161" lon="18.963185"><time>2026-05-24T11:08:03.900Z</time></trkpt>
<trkpt lat="54.372133" lon="18.963249"><time>2026-05-24T11:08:05.900Z</time></trkpt>
<trkpt lat="54.372106" lon="18.963313"><time>2026-05-24T11:08:07.900Z</time></trkpt>
<trkpt lat="54.372078" lon="18.963379"><time>2026-05-24T11:08:09.900Z</time></trkpt>
<trkpt lat="54.372052" lon="18.963447"><time>2026-05-24T11:08:11.900Z</time></trkpt>
<trkpt lat="54.372027" lon="18.963512"><time>2026-05-24T11:08:13.900Z</time></trkpt>
<trkpt lat="54.372001" lon="18.963577"><time>2026-05-24T11:08:15.900Z</time></trkpt>
<trkpt lat="54.371977" lon="18.963643"><time>2026-05-24T11:08:17.900Z</time></trkpt>
<trkpt lat="54.371953" lon="18.963709"><time>2026-05-24T11:08:19.900Z</time></trkpt>
<trkpt lat="54.371928" lon="18.963774"><time>2026-05-24T11:08:21.900Z</time></trkpt>
<trkpt lat="54.371904" lon="18.963839"><time>2026-05-24T11:08:23.900Z</time></trkpt>
<trkpt lat="54.371880" lon="18.963903"><time>2026-05-24T11:08:25.900Z</time></trkpt>
<trkpt lat="54.371858" lon="18.963968"><time>2026-05-24T11:08:27.900Z</time></trkpt>
<trkpt lat="54.371834" lon="18.964031"><time>2026-05-24T11:08:29.900Z</time></trkpt>
<trkpt lat="54.371809" lon="18.964094"><time>2026-05-24T11:08:31.900Z</time></trkpt>
<trkpt lat="54.371788" lon="18.964159"><time>2026-05-24T11:08:33.900Z</time></trkpt>
<trkpt lat="54.371765" lon="18.964221"><time>2026-05-24T11:08:35.900Z</time></trkpt>
<trkpt lat="54.371740" lon="18.964282"><time>2026-05-24T11:08:37.900Z</time></trkpt>
<trkpt lat="54.371717" lon="18.964343"><time>2026-05-24T11:08:39.900Z</time></trkpt>
<trkpt lat="54.371694" lon="18.964408"><time>2026-05-24T11:08:41.900Z</time></trkpt>
<trkpt lat="54.371673" lon="18.964468"><time>2026-05-24T11:08:43.900Z</time></trkpt>
<trkpt lat="54.371646" lon="18.964530"><time>2026-05-24T11:08:45.900Z</time></trkpt>
<trkpt lat="54.371619" lon="18.964594"><time>2026-05-24T11:08:47.900Z</time></trkpt>
<trkpt lat="54.371593" lon="18.964656"><time>2026-05-24T11:08:49.900Z</time></trkpt>
<trkpt lat="54.371560" lon="18.964716"><time>2026-05-24T11:08:51.900Z</time></trkpt>
<trkpt lat="54.371529" lon="18.964779"><time>2026-05-24T11:08:53.900Z</time></trkpt>
<trkpt lat="54.371503" lon="18.964837"><time>2026-05-24T11:08:55.900Z</time></trkpt>
<trkpt lat="54.371483" lon="18.964903"><time>2026-05-24T11:08:58.000Z</time></trkpt>
<trkpt lat="54.371464" lon="18.964966"><time>2026-05-24T11:09:00.000Z</time></trkpt>
<trkpt lat="54.371452" lon="18.965009"><time>2026-05-24T11:09:02.000Z</time></trkpt>
<trkpt lat="54.371426" lon="18.965071"><time>2026-05-24T11:09:04.000Z</time></trkpt>
<trkpt lat="54.371404" lon="18.965121"><time>2026-05-24T11:09:06.000Z</time></trkpt>
<trkpt lat="54.371377" lon="18.965179"><time>2026-05-24T11:09:08.000Z</time></trkpt>
<trkpt lat="54.371352" lon="18.965240"><time>2026-05-24T11:09:10.000Z</time></trkpt>
<trkpt lat="54.371332" lon="18.965318"><time>2026-05-24T11:09:12.000Z</time></trkpt>
<trkpt lat="54.371311" lon="18.965388"><time>2026-05-24T11:09:14.000Z</time></trkpt>
<trkpt lat="54.371287" lon="18.965454"><time>2026-05-24T11:09:16.000Z</time></trkpt>
<trkpt lat="54.371263" lon="18.965516"><time>2026-05-24T11:09:18.000Z</time></trkpt>
<trkpt lat="54.371240" lon="18.965572"><time>2026-05-24T11:09:20.000Z</time></trkpt>
<trkpt lat="54.371217" lon="18.965636"><time>2026-05-24T11:09:22.000Z</time></trkpt>
<trkpt lat="54.371186" lon="18.965696"><time>2026-05-24T11:09:24.000Z</time></trkpt>
<trkpt lat="54.371159" lon="18.965759"><time>2026-05-24T11:09:26.000Z</time></trkpt>
<trkpt lat="54.371134" lon="18.965825"><time>2026-05-24T11:09:28.000Z</time></trkpt>
<trkpt lat="54.371112" lon="18.965883"><time>2026-05-24T11:09:30.000Z</time></trkpt>
<trkpt lat="54.371087" lon="18.965954"><time>2026-05-24T11:09:32.000Z</time></trkpt>
<trkpt lat="54.371063" lon="18.966025"><time>2026-05-24T11:09:33.900Z</time></trkpt>
<trkpt lat="54.371035" lon="18.966096"><time>2026-05-24T11:09:35.900Z</time></trkpt>
<trkpt lat="54.371010" lon="18.966156"><time>2026-05-24T11:09:37.900Z</time></trkpt>
<trkpt lat="54.370983" lon="18.966219"><time>2026-05-24T11:09:39.900Z</time></trkpt>
<trkpt lat="54.370953" lon="18.966280"><time>2026-05-24T11:09:41.900Z</time></trkpt>
<trkpt lat="54.370930" lon="18.966351"><time>2026-05-24T11:09:43.900Z</time></trkpt>
<trkpt lat="54.370905" lon="18.966421"><time>2026-05-24T11:09:45.900Z</time></trkpt>
<trkpt lat="54.370882" lon="18.966492"><time>2026-05-24T11:09:47.900Z</time></trkpt>
<trkpt lat="54.370860" lon="18.966566"><time>2026-05-24T11:09:49.900Z</time></trkpt>
<trkpt lat="54.370836" lon="18.966634"><time>2026-05-24T11:09:51.900Z</time></trkpt>
<trkpt lat="54.370805" lon="18.966697"><time>2026-05-24T11:09:53.900Z</time></trkpt>
<trkpt lat="54.370781" lon="18.966759"><time>2026-05-24T11:09:55.900Z</time></trkpt>
<trkpt lat="54.370759" lon="18.966815"><time>2026-05-24T11:09:57.900Z</time></trkpt>
<trkpt lat="54.370735" lon="18.966879"><time>2026-05-24T11:09:59.900Z</time></trkpt>
<trkpt lat="54.370714" lon="18.966942"><time>2026-05-24T11:10:01.900Z</time></trkpt>
<trkpt lat="54.370690" lon="18.967006"><time>2026-05-24T11:10:03.900Z</time></trkpt>
<trkpt lat="54.370664" lon="18.967076"><time>2026-05-24T11:10:05.900Z</time></trkpt>
<trkpt lat="54.370635" lon="18.967151"><time>2026-05-24T11:10:07.900Z</time></trkpt>
<trkpt lat="54.370608" lon="18.967222"><time>2026-05-24T11:10:09.900Z</time></trkpt>
<trkpt lat="54.370581" lon="18.967288"><time>2026-05-24T11:10:11.900Z</time></trkpt>
<trkpt lat="54.370552" lon="18.967351"><time>2026-05-24T11:10:13.900Z</time></trkpt>
<trkpt lat="54.370526" lon="18.967413"><time>2026-05-24T11:10:15.900Z</time></trkpt>
<trkpt lat="54.370505" lon="18.967479"><time>2026-05-24T11:10:17.900Z</time></trkpt>
<trkpt lat="54.370482" lon="18.967533"><time>2026-05-24T11:10:19.900Z</time></trkpt>
<trkpt lat="54.370456" lon="18.967583"><time>2026-05-24T11:10:21.900Z</time></trkpt>
<trkpt lat="54.370432" lon="18.967650"><time>2026-05-24T11:10:23.900Z</time></trkpt>
<trkpt lat="54.370409" lon="18.967714"><time>2026-05-24T11:10:25.900Z</time></trkpt>
<trkpt lat="54.370384" lon="18.967781"><time>2026-05-24T11:10:27.900Z</time></trkpt>
<trkpt lat="54.370352" lon="18.967842"><time>2026-05-24T11:10:29.900Z</time></trkpt>
<trkpt lat="54.370336" lon="18.967897"><time>2026-05-24T11:10:31.900Z</time></trkpt>
<trkpt lat="54.370319" lon="18.967963"><time>2026-05-24T11:10:33.900Z</time></trkpt>
<trkpt lat="54.370298" lon="18.968022"><time>2026-05-24T11:10:35.900Z</time></trkpt>
<trkpt lat="54.370276" lon="18.968082"><time>2026-05-24T11:10:37.900Z</time></trkpt>
<trkpt lat="54.370254" lon="18.968138"><time>2026-05-24T11:10:39.900Z</time></trkpt>
<trkpt lat="54.370233" lon="18.968192"><time>2026-05-24T11:10:41.900Z</time></trkpt>
<trkpt lat="54.370207" lon="18.968245"><time>2026-05-24T11:10:43.900Z</time></trkpt>
<trkpt lat="54.370185" lon="18.968297"><time>2026-05-24T11:10:45.900Z</time></trkpt>
<trkpt lat="54.370157" lon="18.968346"><time>2026-05-24T11:10:47.900Z</time></trkpt>
<trkpt lat="54.370134" lon="18.968399"><time>2026-05-24T11:10:49.900Z</time></trkpt>
<trkpt lat="54.370110" lon="18.968454"><time>2026-05-24T11:10:51.900Z</time></trkpt>
<trkpt lat="54.370088" lon="18.968501"><time>2026-05-24T11:10:53.900Z</time></trkpt>
<trkpt lat="54.370063" lon="18.968556"><time>2026-05-24T11:10:55.900Z</time></trkpt>
<trkpt lat="54.370042" lon="18.968614"><time>2026-05-24T11:10:57.900Z</time></trkpt>
<trkpt lat="54.370017" lon="18.968687"><time>2026-05-24T11:10:59.900Z</time></trkpt>
<trkpt lat="54.369997" lon="18.968751"><time>2026-05-24T11:11:01.900Z</time></trkpt>
<trkpt lat="54.369973" lon="18.968812"><time>2026-05-24T11:11:04.000Z</time></trkpt>
<trkpt lat="54.369947" lon="18.968865"><time>2026-05-24T11:11:06.000Z</time></trkpt>
<trkpt lat="54.369917" lon="18.968914"><time>2026-05-24T11:11:08.000Z</time></trkpt>
<trkpt lat="54.369888" lon="18.968959"><time>2026-05-24T11:11:10.000Z</time></trkpt>
<trkpt lat="54.369863" lon="18.969007"><time>2026-05-24T11:11:12.000Z</time></trkpt>
<trkpt lat="54.369835" lon="18.969062"><time>2026-05-24T11:11:14.000Z</time></trkpt>
<trkpt lat="54.369806" lon="18.969106"><time>2026-05-24T11:11:16.000Z</time></trkpt>
<trkpt lat="54.369781" lon="18.969150"><time>2026-05-24T11:11:18.000Z</time></trkpt>
<trkpt lat="54.369752" lon="18.969202"><time>2026-05-24T11:11:20.000Z</time></trkpt>
<trkpt lat="54.369722" lon="18.969252"><time>2026-05-24T11:11:22.000Z</time></trkpt>
<trkpt lat="54.369705" lon="18.969281"><time>2026-05-24T11:11:24.000Z</time></trkpt>
<trkpt lat="54.369684" lon="18.969315"><time>2026-05-24T11:11:26.000Z</time></trkpt>
<trkpt lat="54.369663" lon="18.969353"><time>2026-05-24T11:11:28.000Z</time></trkpt>
<trkpt lat="54.369646" lon="18.969389"><time>2026-05-24T11:11:30.000Z</time></trkpt>
<trkpt lat="54.369632" lon="18.969414"><time>2026-05-24T11:11:32.000Z</time></trkpt>
<trkpt lat="54.369615" lon="18.969448"><time>2026-05-24T11:11:34.000Z</time></trkpt>
<trkpt lat="54.369590" lon="18.969497"><time>2026-05-24T11:11:35.900Z</time></trkpt>
<trkpt lat="54.369569" lon="18.969542"><time>2026-05-24T11:11:37.900Z</time></trkpt>
<trkpt lat="54.369548" lon="18.969588"><time>2026-05-24T11:11:39.900Z</time></trkpt>
<trkpt lat="54.369524" lon="18.969632"><time>2026-05-24T11:11:41.900Z</time></trkpt>
<trkpt lat="54.369498" lon="18.969681"><time>2026-05-24T11:11:43.900Z</time></trkpt>
<trkpt lat="54.369475" lon="18.969725"><time>2026-05-24T11:11:45.900Z</time></trkpt>
<trkpt lat="54.369448" lon="18.969769"><time>2026-05-24T11:11:47.900Z</time></trkpt>
<trkpt lat="54.369424" lon="18.969814"><time>2026-05-24T11:11:49.900Z</time></trkpt>
<trkpt lat="54.369400" lon="18.969857"><time>2026-05-24T11:11:51.900Z</time></trkpt>
<trkpt lat="54.369380" lon="18.969902"><time>2026-05-24T11:11:53.900Z</time></trkpt>
<trkpt lat="54.369360" lon="18.969937"><time>2026-05-24T11:11:55.900Z</time></trkpt>
<trkpt lat="54.369348" lon="18.969984"><time>2026-05-24T11:11:57.900Z</time></trkpt>
<trkpt lat="54.369325" lon="18.970024"><time>2026-05-24T11:11:59.900Z</time></trkpt>
<trkpt lat="54.369303" lon="18.970071"><time>2026-05-24T11:12:01.900Z</time></trkpt>
<trkpt lat="54.369278" lon="18.970120"><time>2026-05-24T11:12:03.900Z</time></trkpt>
<trkpt lat="54.369250" lon="18.970162"><time>2026-05-24T11:12:05.900Z</time></trkpt>
<trkpt lat="54.369229" lon="18.970222"><time>2026-05-24T11:12:07.900Z</time></trkpt>
<trkpt lat="54.369206" lon="18.970273"><time>2026-05-24T11:12:09.900Z</time></trkpt>
<trkpt lat="54.369186" lon="18.970321"><time>2026-05-24T11:12:11.900Z</time></trkpt>
<trkpt lat="54.369165" lon="18.970367"><time>2026-05-24T11:12:13.900Z</time></trkpt>
<trkpt lat="54.369137" lon="18.970418"><time>2026-05-24T11:12:15.900Z</time></trkpt>
<trkpt lat="54.369111" lon="18.970471"><time>2026-05-24T11:12:17.900Z</time></trkpt>
<trkpt lat="54.369087" lon="18.970519"><time>2026-05-24T11:12:19.900Z</time></trkpt>
<trkpt lat="54.369065" lon="18.970559"><time>2026-05-24T11:12:21.900Z</time></trkpt>
<trkpt lat="54.369040" lon="18.970605"><time>2026-05-24T11:12:23.900Z</time></trkpt>
<trkpt lat="54.369016" lon="18.970661"><time>2026-05-24T11:12:25.900Z</time></trkpt>
<trkpt lat="54.368990" lon="18.970708"><time>2026-05-24T11:12:27.900Z</time></trkpt>
<trkpt lat="54.368964" lon="18.970751"><time>2026-05-24T11:12:29.900Z</time></trkpt>
<trkpt lat="54.368942" lon="18.970795"><time>2026-05-24T11:12:31.900Z</time></trkpt>
<trkpt lat="54.368924" lon="18.970833"><time>2026-05-24T11:12:33.900Z</time></trkpt>
<trkpt lat="54.368903" lon="18.970870"><time>2026-05-24T11:12:35.900Z</time></trkpt>
<trkpt lat="54.368877" lon="18.970924"><time>2026-05-24T11:12:37.900Z</time></trkpt>
<trkpt lat="54.368850" lon="18.970991"><time>2026-05-24T11:12:39.900Z</time></trkpt>
<trkpt lat="54.368825" lon="18.971045"><time>2026-05-24T11:12:41.900Z</time></trkpt>
<trkpt lat="54.368801" lon="18.971095"><time>2026-05-24T11:12:43.900Z</time></trkpt>
<trkpt lat="54.368779" lon="18.971146"><time>2026-05-24T11:12:45.900Z</time></trkpt>
<trkpt lat="54.368756" lon="18.971193"><time>2026-05-24T11:12:47.900Z</time></trkpt>
<trkpt lat="54.368731" lon="18.971244"><time>2026-05-24T11:12:49.900Z</time></trkpt>
<trkpt lat="54.368707" lon="18.971291"><time>2026-05-24T11:12:51.900Z</time></trkpt>
<trkpt lat="54.368681" lon="18.971343"><time>2026-05-24T11:12:53.900Z</time></trkpt>
<trkpt lat="54.368659" lon="18.971388"><time>2026-05-24T11:12:55.900Z</time></trkpt>
<trkpt lat="54.368636" lon="18.971435"><time>2026-05-24T11:12:57.900Z</time></trkpt>
<trkpt lat="54.368613" lon="18.971487"><time>2026-05-24T11:12:59.900Z</time></trkpt>
<trkpt lat="54.368592" lon="18.971534"><time>2026-05-24T11:13:01.900Z</time></trkpt>
<trkpt lat="54.368568" lon="18.971581"><time>2026-05-24T11:13:03.900Z</time></trkpt>
<trkpt lat="54.368543" lon="18.971622"><time>2026-05-24T11:13:05.900Z</time></trkpt>
<trkpt lat="54.368519" lon="18.971665"><time>2026-05-24T11:13:07.900Z</time></trkpt>
<trkpt lat="54.368493" lon="18.971710"><time>2026-05-24T11:13:10.000Z</time></trkpt>
<trkpt lat="54.368470" lon="18.971749"><time>2026-05-24T11:13:12.000Z</time></trkpt>
<trkpt lat="54.368444" lon="18.971791"><time>2026-05-24T11:13:14.000Z</time></trkpt>
<trkpt lat="54.368417" lon="18.971829"><time>2026-05-24T11:13:16.000Z</time></trkpt>
<trkpt lat="54.368387" lon="18.971868"><time>2026-05-24T11:13:18.000Z</time></trkpt>
<trkpt lat="54.368359" lon="18.971904"><time>2026-05-24T11:13:20.000Z</time></trkpt>
<trkpt lat="54.368329" lon="18.971940"><time>2026-05-24T11:13:22.000Z</time></trkpt>
<trkpt lat="54.368303" lon="18.971973"><time>2026-05-24T11:13:24.000Z</time></trkpt>
<trkpt lat="54.368276" lon="18.972006"><time>2026-05-24T11:13:26.000Z</time></trkpt>
<trkpt lat="54.368255" lon="18.972052"><time>2026-05-24T11:13:28.000Z</time></trkpt>
<trkpt lat="54.368236" lon="18.972098"><time>2026-05-24T11:13:30.000Z</time></trkpt>
<trkpt lat="54.368216" lon="18.972147"><time>2026-05-24T11:13:32.000Z</time></trkpt>
<trkpt lat="54.368203" lon="18.972167"><time>2026-05-24T11:13:34.000Z</time></trkpt>
<trkpt lat="54.368187" lon="18.972205"><time>2026-05-24T11:13:36.000Z</time></trkpt>
<trkpt lat="54.368162" lon="18.972258"><time>2026-05-24T11:13:38.000Z</time></trkpt>
<trkpt lat="54.368139" lon="18.972305"><time>2026-05-24T11:13:40.000Z</time></trkpt>
<trkpt lat="54.368113" lon="18.972354"><time>2026-05-24T11:13:42.000Z</time></trkpt>
<trkpt lat="54.368095" lon="18.972396"><time>2026-05-24T11:13:43.900Z</time></trkpt>
<trkpt lat="54.368072" lon="18.972439"><time>2026-05-24T11:13:45.900Z</time></trkpt>
<trkpt lat="54.368052" lon="18.972487"><time>2026-05-24T11:13:47.900Z</time></trkpt>
<trkpt lat="54.368028" lon="18.972532"><time>2026-05-24T11:13:49.900Z</time></trkpt>
<trkpt lat="54.368003" lon="18.972579"><time>2026-05-24T11:13:51.900Z</time></trkpt>
<trkpt lat="54.367981" lon="18.972622"><time>2026-05-24T11:13:53.900Z</time></trkpt>
<trkpt lat="54.367954" lon="18.972666"><time>2026-05-24T11:13:55.900Z</time></trkpt>
<trkpt lat="54.367931" lon="18.972714"><time>2026-05-24T11:13:57.900Z</time></trkpt>
<trkpt lat="54.367904" lon="18.972760"><time>2026-05-24T11:13:59.900Z</time></trkpt>
<trkpt lat="54.367882" lon="18.972809"><time>2026-05-24T11:14:01.900Z</time></trkpt>
<trkpt lat="54.367857" lon="18.972852"><time>2026-05-24T11:14:03.900Z</time></trkpt>
<trkpt lat="54.367828" lon="18.972902"><time>2026-05-24T11:14:05.900Z</time></trkpt>
<trkpt lat="54.367800" lon="18.972949"><time>2026-05-24T11:14:07.900Z</time></trkpt>
<trkpt lat="54.367772" lon="18.972995"><time>2026-05-24T11:14:09.900Z</time></trkpt>
<trkpt lat="54.367747" lon="18.973044"><time>2026-05-24T11:14:11.900Z</time></trkpt>
<trkpt lat="54.367721" lon="18.973090"><time>2026-05-24T11:14:13.900Z</time></trkpt>
<trkpt lat="54.367690" lon="18.973137"><time>2026-05-24T11:14:15.900Z</time></trkpt>
<trkpt lat="54.367662" lon="18.973185"><time>2026-05-24T11:14:17.900Z</time></trkpt>
<trkpt lat="54.367634" lon="18.973230"><time>2026-05-24T11:14:19.900Z</time></trkpt>
<trkpt lat="54.367609" lon="18.973278"><time>2026-05-24T11:14:21.900Z</time></trkpt>
<trkpt lat="54.367584" lon="18.973332"><time>2026-05-24T11:14:23.900Z</time></trkpt>
<trkpt lat="54.367558" lon="18.973387"><time>2026-05-24T11:14:25.900Z</time></trkpt>
<trkpt lat="54.367531" lon="18.973439"><time>2026-05-24T11:14:27.900Z</time></trkpt>
<trkpt lat="54.367507" lon="18.973493"><time>2026-05-24T11:14:29.900Z</time></trkpt>
<trkpt lat="54.367480" lon="18.973545"><time>2026-05-24T11:14:31.900Z</time></trkpt>
<trkpt lat="54.367457" lon="18.973593"><time>2026-05-24T11:14:33.900Z</time></trkpt>
<trkpt lat="54.367432" lon="18.973652"><time>2026-05-24T11:14:35.900Z</time></trkpt>
<trkpt lat="54.367404" lon="18.973710"><time>2026-05-24T11:14:37.900Z</time></trkpt>
<trkpt lat="54.367378" lon="18.973762"><time>2026-05-24T11:14:39.900Z</time></trkpt>
<trkpt lat="54.367352" lon="18.973814"><time>2026-05-24T11:14:41.900Z</time></trkpt>
<trkpt lat="54.367321" lon="18.973863"><time>2026-05-24T11:14:43.900Z</time></trkpt>
<trkpt lat="54.367292" lon="18.973913"><time>2026-05-24T11:14:45.900Z</time></trkpt>
<trkpt lat="54.367267" lon="18.973961"><time>2026-05-24T11:14:47.900Z</time></trkpt>
<trkpt lat="54.367241" lon="18.974014"><time>2026-05-24T11:14:49.900Z</time></trkpt>
<trkpt lat="54.367212" lon="18.974063"><time>2026-05-24T11:14:51.900Z</time></trkpt>
<trkpt lat="54.367184" lon="18.974109"><time>2026-05-24T11:14:53.900Z</time></trkpt>
<trkpt lat="54.367159" lon="18.974155"><time>2026-05-24T11:14:55.900Z</time></trkpt>
<trkpt lat="54.367137" lon="18.974202"><time>2026-05-24T11:14:57.900Z</time></trkpt>
<trkpt lat="54.367113" lon="18.974250"><time>2026-05-24T11:14:59.900Z</time></trkpt>
<trkpt lat="54.367081" lon="18.974307"><time>2026-05-24T11:15:01.900Z</time></trkpt>
<trkpt lat="54.367044" lon="18.974341"><time>2026-05-24T11:15:03.900Z</time></trkpt>
<trkpt lat="54.367010" lon="18.974412"><time>2026-05-24T11:15:05.900Z</time></trkpt>
<trkpt lat="54.366974" lon="18.974467"><time>2026-05-24T11:15:07.900Z</time></trkpt>
<trkpt lat="54.366944" lon="18.974511"><time>2026-05-24T11:15:09.900Z</time></trkpt>
<trkpt lat="54.366916" lon="18.974560"><time>2026-05-24T11:15:11.900Z</time></trkpt>
<trkpt lat="54.366896" lon="18.974595"><time>2026-05-24T11:15:14.000Z</time></trkpt>
<trkpt lat="54.366877" lon="18.974640"><time>2026-05-24T11:15:16.000Z</time></trkpt>
<trkpt lat="54.366849" lon="18.974673"><time>2026-05-24T11:15:18.000Z</time></trkpt>
<trkpt lat="54.366828" lon="18.974719"><time>2026-05-24T11:15:20.000Z</time></trkpt>
<trkpt lat="54.366810" lon="18.974769"><time>2026-05-24T11:15:22.000Z</time></trkpt>
<trkpt lat="54.366781" lon="18.974813"><time>2026-05-24T11:15:24.000Z</time></trkpt>
<trkpt lat="54.366756" lon="18.974860"><time>2026-05-24T11:15:26.000Z</time></trkpt>
<trkpt lat="54.366731" lon="18.974903"><time>2026-05-24T11:15:28.000Z</time></trkpt>
<trkpt lat="54.366702" lon="18.974951"><time>2026-05-24T11:15:30.000Z</time></trkpt>
<trkpt lat="54.366674" lon="18.974995"><time>2026-05-24T11:15:32.000Z</time></trkpt>
<trkpt lat="54.366649" lon="18.975040"><time>2026-05-24T11:15:34.000Z</time></trkpt>
<trkpt lat="54.366622" lon="18.975087"><time>2026-05-24T11:15:36.000Z</time></trkpt>
<trkpt lat="54.366595" lon="18.975131"><time>2026-05-24T11:15:38.000Z</time></trkpt>
<trkpt lat="54.366572" lon="18.975176"><time>2026-05-24T11:15:40.000Z</time></trkpt>
<trkpt lat="54.366544" lon="18.975223"><time>2026-05-24T11:15:42.000Z</time></trkpt>
<trkpt lat="54.366515" lon="18.975268"><time>2026-05-24T11:15:44.000Z</time></trkpt>
<trkpt lat="54.366487" lon="18.975314"><time>2026-05-24T11:15:46.000Z</time></trkpt>
<trkpt lat="54.366457" lon="18.975358"><time>2026-05-24T11:15:48.000Z</time></trkpt>
<trkpt lat="54.366431" lon="18.975398"><time>2026-05-24T11:15:50.000Z</time></trkpt>
<trkpt lat="54.366400" lon="18.975441"><time>2026-05-24T11:15:51.900Z</time></trkpt>
<trkpt lat="54.366368" lon="18.975482"><time>2026-05-24T11:15:53.900Z</time></trkpt>
<trkpt lat="54.366337" lon="18.975517"><time>2026-05-24T11:15:55.900Z</time></trkpt>
<trkpt lat="54.366304" lon="18.975552"><time>2026-05-24T11:15:57.900Z</time></trkpt>
<trkpt lat="54.366274" lon="18.975586"><time>2026-05-24T11:15:59.900Z</time></trkpt>
<trkpt lat="54.366241" lon="18.975621"><time>2026-05-24T11:16:01.900Z</time></trkpt>
<trkpt lat="54.366211" lon="18.975654"><time>2026-05-24T11:16:03.900Z</time></trkpt>
<trkpt lat="54.366182" lon="18.975691"><time>2026-05-24T11:16:05.900Z</time></trkpt>
<trkpt lat="54.366152" lon="18.975732"><time>2026-05-24T11:16:07.900Z</time></trkpt>
<trkpt lat="54.366127" lon="18.975774"><time>2026-05-24T11:16:09.900Z</time></trkpt>
<trkpt lat="54.366098" lon="18.975813"><time>2026-05-24T11:16:11.900Z</time></trkpt>
<trkpt lat="54.366071" lon="18.975850"><time>2026-05-24T11:16:13.900Z</time></trkpt>
<trkpt lat="54.366044" lon="18.975889"><time>2026-05-24T11:16:15.900Z</time></trkpt>
<trkpt lat="54.366015" lon="18.975926"><time>2026-05-24T11:16:17.900Z</time></trkpt>
<trkpt lat="54.365987" lon="18.975963"><time>2026-05-24T11:16:19.900Z</time></trkpt>
<trkpt lat="54.365958" lon="18.975999"><time>2026-05-24T11:16:21.900Z</time></trkpt>
<trkpt lat="54.365929" lon="18.976034"><time>2026-05-24T11:16:23.900Z</time></trkpt>
<trkpt lat="54.365900" lon="18.976069"><time>2026-05-24T11:16:25.900Z</time></trkpt>
<trkpt lat="54.365871" lon="18.976102"><time>2026-05-24T11:16:27.900Z</time></trkpt>
<trkpt lat="54.365842" lon="18.976138"><time>2026-05-24T11:16:29.900Z</time></trkpt>
<trkpt lat="54.365813" lon="18.976169"><time>2026-05-24T11:16:31.900Z</time></trkpt>
<trkpt lat="54.365785" lon="18.976201"><time>2026-05-24T11:16:33.900Z</time></trkpt>
<trkpt lat="54.365756" lon="18.976233"><time>2026-05-24T11:16:35.900Z</time></trkpt>
<trkpt lat="54.365726" lon="18.976265"><time>2026-05-24T11:16:37.900Z</time></trkpt>
<trkpt lat="54.365702" lon="18.976297"><time>2026-05-24T11:16:39.900Z</time></trkpt>
<trkpt lat="54.365675" lon="18.976333"><time>2026-05-24T11:16:41.900Z</time></trkpt>
<trkpt lat="54.365651" lon="18.976372"><time>2026-05-24T11:16:43.900Z</time></trkpt>
<trkpt lat="54.365628" lon="18.976414"><time>2026-05-24T11:16:45.900Z</time></trkpt>
<trkpt lat="54.365602" lon="18.976452"><time>2026-05-24T11:16:47.900Z</time></trkpt>
<trkpt lat="54.365578" lon="18.976494"><time>2026-05-24T11:16:49.900Z</time></trkpt>
<trkpt lat="54.365551" lon="18.976527"><time>2026-05-24T11:16:51.900Z</time></trkpt>
<trkpt lat="54.365525" lon="18.976571"><time>2026-05-24T11:16:53.900Z</time></trkpt>
<trkpt lat="54.365501" lon="18.976612"><time>2026-05-24T11:16:55.900Z</time></trkpt>
<trkpt lat="54.365475" lon="18.976659"><time>2026-05-24T11:16:57.900Z</time></trkpt>
<trkpt lat="54.365448" lon="18.976699"><time>2026-05-24T11:16:59.900Z</time></trkpt>
<trkpt lat="54.365422" lon="18.976745"><time>2026-05-24T11:17:01.900Z</time></trkpt>
<trkpt lat="54.365399" lon="18.976792"><time>2026-05-24T11:17:03.900Z</time></trkpt>
<trkpt lat="54.365375" lon="18.976843"><time>2026-05-24T11:17:05.900Z</time></trkpt>
<trkpt lat="54.365352" lon="18.976892"><time>2026-05-24T11:17:07.900Z</time></trkpt>
<trkpt lat="54.365327" lon="18.976940"><time>2026-05-24T11:17:09.900Z</time></trkpt>
<trkpt lat="54.365301" lon="18.976983"><time>2026-05-24T11:17:11.900Z</time></trkpt>
<trkpt lat="54.365277" lon="18.977031"><time>2026-05-24T11:17:13.900Z</time></trkpt>
<trkpt lat="54.365251" lon="18.977078"><time>2026-05-24T11:17:15.900Z</time></trkpt>
<trkpt lat="54.365225" lon="18.977123"><time>2026-05-24T11:17:17.900Z</time></trkpt>
<trkpt lat="54.365199" lon="18.977171"><time>2026-05-24T11:17:20.000Z</time></trkpt>
<trkpt lat="54.365176" lon="18.977218"><time>2026-05-24T11:17:22.000Z</time></trkpt>
<trkpt lat="54.365150" lon="18.977266"><time>2026-05-24T11:17:24.000Z</time></trkpt>
<trkpt lat="54.365121" lon="18.977312"><time>2026-05-24T11:17:26.000Z</time></trkpt>
<trkpt lat="54.365090" lon="18.977354"><time>2026-05-24T11:17:28.000Z</time></trkpt>
<trkpt lat="54.365060" lon="18.977401"><time>2026-05-24T11:17:30.000Z</time></trkpt>
<trkpt lat="54.365026" lon="18.977439"><time>2026-05-24T11:17:32.000Z</time></trkpt>
<trkpt lat="54.364999" lon="18.977483"><time>2026-05-24T11:17:34.000Z</time></trkpt>
<trkpt lat="54.364971" lon="18.977531"><time>2026-05-24T11:17:36.000Z</time></trkpt>
<trkpt lat="54.364943" lon="18.977578"><time>2026-05-24T11:17:38.000Z</time></trkpt>
<trkpt lat="54.364916" lon="18.977625"><time>2026-05-24T11:17:40.000Z</time></trkpt>
<trkpt lat="54.364887" lon="18.977670"><time>2026-05-24T11:17:42.000Z</time></trkpt>
<trkpt lat="54.364859" lon="18.977715"><time>2026-05-24T11:17:44.000Z</time></trkpt>
<trkpt lat="54.364832" lon="18.977759"><time>2026-05-24T11:17:46.000Z</time></trkpt>
<trkpt lat="54.364801" lon="18.977797"><time>2026-05-24T11:17:48.000Z</time></trkpt>
<trkpt lat="54.364773" lon="18.977843"><time>2026-05-24T11:17:49.900Z</time></trkpt>
<trkpt lat="54.364746" lon="18.977886"><time>2026-05-24T11:17:51.900Z</time></trkpt>
<trkpt lat="54.364719" lon="18.977930"><time>2026-05-24T11:17:53.900Z</time></trkpt>
<trkpt lat="54.364689" lon="18.977973"><time>2026-05-24T11:17:55.900Z</time></trkpt>
<trkpt lat="54.364660" lon="18.978010"><time>2026-05-24T11:17:57.900Z</time></trkpt>
<trkpt lat="54.364631" lon="18.978052"><time>2026-05-24T11:17:59.900Z</time></trkpt>
<trkpt lat="54.364602" lon="18.978090"><time>2026-05-24T11:18:01.900Z</time></trkpt>
<trkpt lat="54.364573" lon="18.978130"><time>2026-05-24T11:18:03.900Z</time></trkpt>
<trkpt lat="54.364545" lon="18.978170"><time>2026-05-24T11:18:05.900Z</time></trkpt>
<trkpt lat="54.364519" lon="18.978215"><time>2026-05-24T11:18:07.900Z</time></trkpt>
<trkpt lat="54.364495" lon="18.978264"><time>2026-05-24T11:18:09.900Z</time></trkpt>
<trkpt lat="54.364477" lon="18.978318"><time>2026-05-24T11:18:11.900Z</time></trkpt>
<trkpt lat="54.364459" lon="18.978373"><time>2026-05-24T11:18:13.900Z</time></trkpt>
<trkpt lat="54.364441" lon="18.978431"><time>2026-05-24T11:18:15.900Z</time></trkpt>
<trkpt lat="54.364424" lon="18.978487"><time>2026-05-24T11:18:17.900Z</time></trkpt>
<trkpt lat="54.364403" lon="18.978547"><time>2026-05-24T11:18:19.900Z</time></trkpt>
<trkpt lat="54.364383" lon="18.978607"><time>2026-05-24T11:18:21.900Z</time></trkpt>
<trkpt lat="54.364363" lon="18.978666"><time>2026-05-24T11:18:23.900Z</time></trkpt>
<trkpt lat="54.364343" lon="18.978733"><time>2026-05-24T11:18:25.900Z</time></trkpt>
<trkpt lat="54.364326" lon="18.978800"><time>2026-05-24T11:18:27.900Z</time></trkpt>
<trkpt lat="54.364317" lon="18.978871"><time>2026-05-24T11:18:29.900Z</time></trkpt>
<trkpt lat="54.364314" lon="18.978944"><time>2026-05-24T11:18:31.900Z</time></trkpt>
<trkpt lat="54.364313" lon="18.979022"><time>2026-05-24T11:18:33.900Z</time></trkpt>
<trkpt lat="54.364316" lon="18.979094"><time>2026-05-24T11:18:35.900Z</time></trkpt>
<trkpt lat="54.364317" lon="18.979166"><time>2026-05-24T11:18:37.900Z</time></trkpt>
<trkpt lat="54.364320" lon="18.979236"><time>2026-05-24T11:18:39.900Z</time></trkpt>
<trkpt lat="54.364326" lon="18.979306"><time>2026-05-24T11:18:41.900Z</time></trkpt>
<trkpt lat="54.364338" lon="18.979371"><time>2026-05-24T11:18:43.900Z</time></trkpt>
<trkpt lat="54.364344" lon="18.979414"><time>2026-05-24T11:18:45.900Z</time></trkpt>
<trkpt lat="54.364364" lon="18.979451"><time>2026-05-24T11:18:47.900Z</time></trkpt>
<trkpt lat="54.364383" lon="18.979459"><time>2026-05-24T11:18:49.900Z</time></trkpt>
<trkpt lat="54.364394" lon="18.979464"><time>2026-05-24T11:18:51.900Z</time></trkpt>
<trkpt lat="54.364398" lon="18.979449"><time>2026-05-24T11:18:53.900Z</time></trkpt>
<trkpt lat="54.364410" lon="18.979419"><time>2026-05-24T11:18:55.900Z</time></trkpt>
<trkpt lat="54.364418" lon="18.979384"><time>2026-05-24T11:18:57.900Z</time></trkpt>
<trkpt lat="54.364425" lon="18.979335"><time>2026-05-24T11:18:59.900Z</time></trkpt>
<trkpt lat="54.364442" lon="18.979298"><time>2026-05-24T11:19:01.900Z</time></trkpt>
<trkpt lat="54.364458" lon="18.979261"><time>2026-05-24T11:19:03.900Z</time></trkpt>
<trkpt lat="54.364467" lon="18.979221"><time>2026-05-24T11:19:05.900Z</time></trkpt>
<trkpt lat="54.364482" lon="18.979190"><time>2026-05-24T11:19:07.900Z</time></trkpt>
<trkpt lat="54.364497" lon="18.979151"><time>2026-05-24T11:19:09.900Z</time></trkpt>
<trkpt lat="54.364515" lon="18.979116"><time>2026-05-24T11:19:11.900Z</time></trkpt>
<trkpt lat="54.364530" lon="18.979082"><time>2026-05-24T11:19:13.900Z</time></trkpt>
<trkpt lat="54.364546" lon="18.979041"><time>2026-05-24T11:19:15.900Z</time></trkpt>
<trkpt lat="54.364561" lon="18.979003"><time>2026-05-24T11:19:17.900Z</time></trkpt>
<trkpt lat="54.364578" lon="18.978967"><time>2026-05-24T11:19:19.900Z</time></trkpt>
<trkpt lat="54.364593" lon="18.978932"><time>2026-05-24T11:19:21.900Z</time></trkpt>
<trkpt lat="54.364612" lon="18.978900"><time>2026-05-24T11:19:23.900Z</time></trkpt>
<trkpt lat="54.364628" lon="18.978868"><time>2026-05-24T11:19:25.900Z</time></trkpt>
<trkpt lat="54.364648" lon="18.978838"><time>2026-05-24T11:19:27.900Z</time></trkpt>
<trkpt lat="54.364670" lon="18.978819"><time>2026-05-24T11:19:29.900Z</time></trkpt>
<trkpt lat="54.364695" lon="18.978806"><time>2026-05-24T11:19:31.900Z</time></trkpt>
<trkpt lat="54.364717" lon="18.978791"><time>2026-05-24T11:19:33.900Z</time></trkpt>
<trkpt lat="54.364736" lon="18.978774"><time>2026-05-24T11:19:35.900Z</time></trkpt>
<trkpt lat="54.364757" lon="18.978750"><time>2026-05-24T11:19:37.900Z</time></trkpt>
<trkpt lat="54.364776" lon="18.978725"><time>2026-05-24T11:19:39.900Z</time></trkpt>
<trkpt lat="54.364799" lon="18.978703"><time>2026-05-24T11:19:41.900Z</time></trkpt>
<trkpt lat="54.364823" lon="18.978684"><time>2026-05-24T11:19:43.900Z</time></trkpt>
<trkpt lat="54.364846" lon="18.978662"><time>2026-05-24T11:19:45.900Z</time></trkpt>
<trkpt lat="54.364868" lon="18.978636"><time>2026-05-24T11:19:47.900Z</time></trkpt>
<trkpt lat="54.364893" lon="18.978610"><time>2026-05-24T11:19:49.900Z</time></trkpt>
<trkpt lat="54.364915" lon="18.978581"><time>2026-05-24T11:19:51.900Z</time></trkpt>
<trkpt lat="54.364936" lon="18.978548"><time>2026-05-24T11:19:53.900Z</time></trkpt>
<trkpt lat="54.364955" lon="18.978503"><time>2026-05-24T11:19:55.900Z</time></trkpt>
<trkpt lat="54.364974" lon="18.978458"><time>2026-05-24T11:19:57.900Z</time></trkpt>
<trkpt lat="54.364993" lon="18.978416"><time>2026-05-24T11:19:59.900Z</time></trkpt>
<trkpt lat="54.365012" lon="18.978377"><time>2026-05-24T11:20:01.900Z</time></trkpt>
<trkpt lat="54.365031" lon="18.978338"><time>2026-05-24T11:20:03.900Z</time></trkpt>
<trkpt lat="54.365047" lon="18.978300"><time>2026-05-24T11:20:05.900Z</time></trkpt>
<trkpt lat="54.365064" lon="18.978260"><time>2026-05-24T11:20:07.900Z</time></trkpt>
<trkpt lat="54.365078" lon="18.978221"><time>2026-05-24T11:20:09.900Z</time></trkpt>
<trkpt lat="54.365092" lon="18.978183"><time>2026-05-24T11:20:11.900Z</time></trkpt>
<trkpt lat="54.365107" lon="18.978146"><time>2026-05-24T11:20:13.900Z</time></trkpt>
<trkpt lat="54.365121" lon="18.978110"><time>2026-05-24T11:20:15.900Z</time></trkpt>
<trkpt lat="54.365134" lon="18.978072"><time>2026-05-24T11:20:17.900Z</time></trkpt>
<trkpt lat="54.365146" lon="18.978033"><time>2026-05-24T11:20:19.900Z</time></trkpt>
<trkpt lat="54.365161" lon="18.977994"><time>2026-05-24T11:20:21.900Z</time></trkpt>
<trkpt lat="54.365174" lon="18.977957"><time>2026-05-24T11:20:23.900Z</time></trkpt>
<trkpt lat="54.365190" lon="18.977921"><time>2026-05-24T11:20:25.900Z</time></trkpt>
<trkpt lat="54.365206" lon="18.977886"><time>2026-05-24T11:20:27.900Z</time></trkpt>
<trkpt lat="54.365224" lon="18.977853"><time>2026-05-24T11:20:29.900Z</time></trkpt>
<trkpt lat="54.365239" lon="18.977817"><time>2026-05-24T11:20:31.900Z</time></trkpt>
<trkpt lat="54.365256" lon="18.977775"><time>2026-05-24T11:20:33.900Z</time></trkpt>
<trkpt lat="54.365278" lon="18.977732"><time>2026-05-24T11:20:35.900Z</time></trkpt>
<trkpt lat="54.365300" lon="18.977693"><time>2026-05-24T11:20:37.900Z</time></trkpt>
<trkpt lat="54.365310" lon="18.977659"><time>2026-05-24T11:20:39.900Z</time></trkpt>
<trkpt lat="54.365316" lon="18.977623"><time>2026-05-24T11:20:41.900Z</time></trkpt>
<trkpt lat="54.365331" lon="18.977586"><time>2026-05-24T11:20:43.900Z</time></trkpt>
<trkpt lat="54.365348" lon="18.977548"><time>2026-05-24T11:20:45.900Z</time></trkpt>
<trkpt lat="54.365369" lon="18.977518"><time>2026-05-24T11:20:47.900Z</time></trkpt>
<trkpt lat="54.365388" lon="18.977486"><time>2026-05-24T11:20:49.900Z</time></trkpt>
<trkpt lat="54.365404" lon="18.977432"><time>2026-05-24T11:20:51.900Z</time></trkpt>
<trkpt lat="54.365417" lon="18.977388"><time>2026-05-24T11:20:53.900Z</time></trkpt>
<trkpt lat="54.365431" lon="18.977358"><time>2026-05-24T11:20:55.900Z</time></trkpt>
<trkpt lat="54.365441" lon="18.977324"><time>2026-05-24T11:20:57.900Z</time></trkpt>
<trkpt lat="54.365452" lon="18.977290"><time>2026-05-24T11:20:59.900Z</time></trkpt>
<trkpt lat="54.365460" lon="18.977250"><time>2026-05-24T11:21:01.900Z</time></trkpt>
<trkpt lat="54.365472" lon="18.977208"><time>2026-05-24T11:21:03.900Z</time></trkpt>
<trkpt lat="54.365481" lon="18.977180"><time>2026-05-24T11:21:05.900Z</time></trkpt>
<trkpt lat="54.365488" lon="18.977158"><time>2026-05-24T11:21:07.900Z</time></trkpt>
<trkpt lat="54.365495" lon="18.977131"><time>2026-05-24T11:21:09.900Z</time></trkpt>
<trkpt lat="54.365508" lon="18.977108"><time>2026-05-24T11:21:11.900Z</time></trkpt>
<trkpt lat="54.365517" lon="18.977087"><time>2026-05-24T11:21:13.900Z</time></trkpt>
<trkpt lat="54.365525" lon="18.977058"><time>2026-05-24T11:21:15.900Z</time></trkpt>
<trkpt lat="54.365532" lon="18.977041"><time>2026-05-24T11:21:17.900Z</time></trkpt>
<trkpt lat="54.365539" lon="18.977016"><time>2026-05-24T11:21:19.900Z</time></trkpt>
<trkpt lat="54.365548" lon="18.976993"><time>2026-05-24T11:21:21.900Z</time></trkpt>
<trkpt lat="54.365557" lon="18.976966"><time>2026-05-24T11:21:23.900Z</time></trkpt>
<trkpt lat="54.365566" lon="18.976938"><time>2026-05-24T11:21:25.900Z</time></trkpt>
<trkpt lat="54.365574" lon="18.976909"><time>2026-05-24T11:21:27.900Z</time></trkpt>
<trkpt lat="54.365581" lon="18.976886"><time>2026-05-24T11:21:29.900Z</time></trkpt>
<trkpt lat="54.365591" lon="18.976862"><time>2026-05-24T11:21:31.900Z</time></trkpt>
<trkpt lat="54.365600" lon="18.976841"><time>2026-05-24T11:21:33.900Z</time></trkpt>
<trkpt lat="54.365606" lon="18.976809"><time>2026-05-24T11:21:35.900Z</time></trkpt>
<trkpt lat="54.365615" lon="18.976773"><time>2026-05-24T11:21:37.900Z</time></trkpt>
<trkpt lat="54.365618" lon="18.976747"><time>2026-05-24T11:21:39.900Z</time></trkpt>
<trkpt lat="54.365627" lon="18.976712"><time>2026-05-24T11:21:41.900Z</time></trkpt>
<trkpt lat="54.365635" lon="18.976687"><time>2026-05-24T11:21:43.900Z</time></trkpt>
<trkpt lat="54.365648" lon="18.976663"><time>2026-05-24T11:21:45.900Z</time></trkpt>
<trkpt lat="54.365659" lon="18.976628"><time>2026-05-24T11:21:47.900Z</time></trkpt>
<trkpt lat="54.365665" lon="18.976614"><time>2026-05-24T11:21:49.900Z</time></trkpt>
<trkpt lat="54.365676" lon="18.976586"><time>2026-05-24T11:21:51.900Z</time></trkpt>
<trkpt lat="54.365684" lon="18.976557"><time>2026-05-24T11:21:53.900Z</time></trkpt>
<trkpt lat="54.365696" lon="18.976521"><time>2026-05-24T11:21:55.900Z</time></trkpt>
<trkpt lat="54.365706" lon="18.976493"><time>2026-05-24T11:21:57.900Z</time></trkpt>
<trkpt lat="54.365716" lon="18.976466"><time>2026-05-24T11:21:59.900Z</time></trkpt>
<trkpt lat="54.365728" lon="18.976432"><time>2026-05-24T11:22:01.900Z</time></trkpt>
<trkpt lat="54.365738" lon="18.976405"><time>2026-05-24T11:22:03.900Z</time></trkpt>
<trkpt lat="54.365747" lon="18.976371"><time>2026-05-24T11:22:05.900Z</time></trkpt>
<trkpt lat="54.365762" lon="18.976346"><time>2026-05-24T11:22:07.900Z</time></trkpt>
<trkpt lat="54.365779" lon="18.976318"><time>2026-05-24T11:22:09.900Z</time></trkpt>
<trkpt lat="54.365789" lon="18.976289"><time>2026-05-24T11:22:11.900Z</time></trkpt>
<trkpt lat="54.365798" lon="18.976258"><time>2026-05-24T11:22:13.900Z</time></trkpt>
<trkpt lat="54.365810" lon="18.976227"><time>2026-05-24T11:22:15.900Z</time></trkpt>
<trkpt lat="54.365821" lon="18.976196"><time>2026-05-24T11:22:17.900Z</time></trkpt>
<trkpt lat="54.365835" lon="18.976168"><time>2026-05-24T11:22:19.900Z</time></trkpt>
<trkpt lat="54.365847" lon="18.976142"><time>2026-05-24T11:22:21.900Z</time></trkpt>
<trkpt lat="54.365860" lon="18.976112"><time>2026-05-24T11:22:23.900Z</time></trkpt>
<trkpt lat="54.365874" lon="18.976086"><time>2026-05-24T11:22:25.900Z</time></trkpt>
<trkpt lat="54.365889" lon="18.976053"><time>2026-05-24T11:22:27.900Z</time></trkpt>
<trkpt lat="54.365899" lon="18.976032"><time>2026-05-24T11:22:29.900Z</time></trkpt>
<trkpt lat="54.365914" lon="18.976009"><time>2026-05-24T11:22:31.900Z</time></trkpt>
<trkpt lat="54.365924" lon="18.975983"><time>2026-05-24T11:22:33.900Z</time></trkpt>
<trkpt lat="54.365940" lon="18.975956"><time>2026-05-24T11:22:35.900Z</time></trkpt>
<trkpt lat="54.365960" lon="18.975928"><time>2026-05-24T11:22:37.900Z</time></trkpt>
<trkpt lat="54.365969" lon="18.975892"><time>2026-05-24T11:22:39.900Z</time></trkpt>
<trkpt lat="54.365979" lon="18.975864"><time>2026-05-24T11:22:41.900Z</time></trkpt>
<trkpt lat="54.365991" lon="18.975834"><time>2026-05-24T11:22:43.900Z</time></trkpt>
<trkpt lat="54.366003" lon="18.975808"><time>2026-05-24T11:22:45.900Z</time></trkpt>
<trkpt lat="54.366017" lon="18.975779"><time>2026-05-24T11:22:47.900Z</time></trkpt>
<trkpt lat="54.366028" lon="18.975748"><time>2026-05-24T11:22:49.900Z</time></trkpt>
<trkpt lat="54.366039" lon="18.975720"><time>2026-05-24T11:22:51.900Z</time></trkpt>
<trkpt lat="54.366053" lon="18.975691"><time>2026-05-24T11:22:53.900Z</time></trkpt>
<trkpt lat="54.366067" lon="18.975664"><time>2026-05-24T11:22:55.900Z</time></trkpt>
<trkpt lat="54.366079" lon="18.975634"><time>2026-05-24T11:22:57.900Z</time></trkpt>
<trkpt lat="54.366089" lon="18.975606"><time>2026-05-24T11:22:59.900Z</time></trkpt>
<trkpt lat="54.366099" lon="18.975580"><time>2026-05-24T11:23:01.900Z</time></trkpt>
<trkpt lat="54.366106" lon="18.975549"><time>2026-05-24T11:23:03.900Z</time></trkpt>
<trkpt lat="54.366113" lon="18.975520"><time>2026-05-24T11:23:05.900Z</time></trkpt>
<trkpt lat="54.366126" lon="18.975488"><time>2026-05-24T11:23:07.900Z</time></trkpt>
<trkpt lat="54.366134" lon="18.975453"><time>2026-05-24T11:23:09.900Z</time></trkpt>
<trkpt lat="54.366143" lon="18.975419"><time>2026-05-24T11:23:11.900Z</time></trkpt>
<trkpt lat="54.366153" lon="18.975386"><time>2026-05-24T11:23:13.900Z</time></trkpt>
<trkpt lat="54.366164" lon="18.975355"><time>2026-05-24T11:23:15.900Z</time></trkpt>
<trkpt lat="54.366175" lon="18.975327"><time>2026-05-24T11:23:17.900Z</time></trkpt>
<trkpt lat="54.366186" lon="18.975294"><time>2026-05-24T11:23:19.900Z</time></trkpt>
<trkpt lat="54.366196" lon="18.975263"><time>2026-05-24T11:23:21.900Z</time></trkpt>
<trkpt lat="54.366206" lon="18.975232"><time>2026-05-24T11:23:23.900Z</time></trkpt>
<trkpt lat="54.366215" lon="18.975200"><time>2026-05-24T11:23:25.900Z</time></trkpt>
<trkpt lat="54.366225" lon="18.975172"><time>2026-05-24T11:23:27.900Z</time></trkpt>
<trkpt lat="54.366233" lon="18.975142"><time>2026-05-24T11:23:29.900Z</time></trkpt>
<trkpt lat="54.366236" lon="18.975108"><time>2026-05-24T11:23:31.900Z</time></trkpt>
<trkpt lat="54.366246" lon="18.975084"><time>2026-05-24T11:23:33.900Z</time></trkpt>
<trkpt lat="54.366252" lon="18.975060"><time>2026-05-24T11:23:36.000Z</time></trkpt>
<trkpt lat="54.366258" lon="18.975029"><time>2026-05-24T11:23:38.000Z</time></trkpt>
<trkpt lat="54.366266" lon="18.975005"><time>2026-05-24T11:23:40.000Z</time></trkpt>
<trkpt lat="54.366274" lon="18.974982"><time>2026-05-24T11:23:42.000Z</time></trkpt>
<trkpt lat="54.366284" lon="18.974959"><time>2026-05-24T11:23:44.000Z</time></trkpt>
<trkpt lat="54.366291" lon="18.974937"><time>2026-05-24T11:23:46.000Z</time></trkpt>
<trkpt lat="54.366298" lon="18.974916"><time>2026-05-24T11:23:48.000Z</time></trkpt>
<trkpt lat="54.366304" lon="18.974896"><time>2026-05-24T11:23:50.000Z</time></trkpt>
<trkpt lat="54.366310" lon="18.974874"><time>2026-05-24T11:23:52.000Z</time></trkpt>
<trkpt lat="54.366316" lon="18.974853"><time>2026-05-24T11:23:53.900Z</time></trkpt>
<trkpt lat="54.366323" lon="18.974833"><time>2026-05-24T11:23:55.900Z</time></trkpt>
<trkpt lat="54.366327" lon="18.974809"><time>2026-05-24T11:23:57.900Z</time></trkpt>
<trkpt lat="54.366334" lon="18.974790"><time>2026-05-24T11:23:59.900Z</time></trkpt>
<trkpt lat="54.366338" lon="18.974772"><time>2026-05-24T11:24:01.900Z</time></trkpt>
<trkpt lat="54.366344" lon="18.974748"><time>2026-05-24T11:24:03.900Z</time></trkpt>
<trkpt lat="54.366347" lon="18.974723"><time>2026-05-24T11:24:05.900Z</time></trkpt>
<trkpt lat="54.366354" lon="18.974702"><time>2026-05-24T11:24:07.900Z</time></trkpt>
<trkpt lat="54.366361" lon="18.974680"><time>2026-05-24T11:24:09.900Z</time></trkpt>
<trkpt lat="54.366367" lon="18.974660"><time>2026-05-24T11:24:11.900Z</time></trkpt>
<trkpt lat="54.366369" lon="18.974641"><time>2026-05-24T11:24:13.900Z</time></trkpt>
<trkpt lat="54.366370" lon="18.974618"><time>2026-05-24T11:24:15.900Z</time></trkpt>
<trkpt lat="54.366371" lon="18.974598"><time>2026-05-24T11:24:17.900Z</time></trkpt>
<trkpt lat="54.366377" lon="18.974573"><time>2026-05-24T11:24:19.900Z</time></trkpt>
<trkpt lat="54.366379" lon="18.974552"><time>2026-05-24T11:24:21.900Z</time></trkpt>
<trkpt lat="54.366383" lon="18.974528"><time>2026-05-24T11:24:23.900Z</time></trkpt>
<trkpt lat="54.366387" lon="18.974504"><time>2026-05-24T11:24:25.900Z</time></trkpt>
<trkpt lat="54.366393" lon="18.974485"><time>2026-05-24T11:24:27.900Z</time></trkpt>
<trkpt lat="54.366397" lon="18.974459"><time>2026-05-24T11:24:29.900Z</time></trkpt>
<trkpt lat="54.366401" lon="18.974436"><time>2026-05-24T11:24:31.900Z</time></trkpt>
<trkpt lat="54.366405" lon="18.974415"><time>2026-05-24T11:24:33.900Z</time></trkpt>
<trkpt lat="54.366415" lon="18.974393"><time>2026-05-24T11:24:35.900Z</time></trkpt>
<trkpt lat="54.366426" lon="18.974364"><time>2026-05-24T11:24:37.900Z</time></trkpt>
<trkpt lat="54.366428" lon="18.974337"><time>2026-05-24T11:24:39.900Z</time></trkpt>
<trkpt lat="54.366435" lon="18.974317"><time>2026-05-24T11:24:41.900Z</time></trkpt>
<trkpt lat="54.366441" lon="18.974297"><time>2026-05-24T11:24:43.900Z</time></trkpt>
<trkpt lat="54.366447" lon="18.974278"><time>2026-05-24T11:24:45.900Z</time></trkpt>
<trkpt lat="54.366452" lon="18.974251"><time>2026-05-24T11:24:47.900Z</time></trkpt>
<trkpt lat="54.366454" lon="18.974230"><time>2026-05-24T11:24:49.900Z</time></trkpt>
<trkpt lat="54.366456" lon="18.974202"><time>2026-05-24T11:24:51.900Z</time></trkpt>
<trkpt lat="54.366456" lon="18.974183"><time>2026-05-24T11:24:53.900Z</time></trkpt>
<trkpt lat="54.366456" lon="18.974161"><time>2026-05-24T11:24:55.900Z</time></trkpt>
<trkpt lat="54.366456" lon="18.974137"><time>2026-05-24T11:24:57.900Z</time></trkpt>
<trkpt lat="54.366455" lon="18.974115"><time>2026-05-24T11:24:59.900Z</time></trkpt>
<trkpt lat="54.366455" lon="18.974093"><time>2026-05-24T11:25:01.900Z</time></trkpt>
<trkpt lat="54.366457" lon="18.974071"><time>2026-05-24T11:25:03.900Z</time></trkpt>
<trkpt lat="54.366456" lon="18.974051"><time>2026-05-24T11:25:05.900Z</time></trkpt>
<trkpt lat="54.366454" lon="18.974025"><time>2026-05-24T11:25:07.900Z</time></trkpt>
<trkpt lat="54.366453" lon="18.974009"><time>2026-05-24T11:25:09.900Z</time></trkpt>
<trkpt lat="54.366451" lon="18.973988"><time>2026-05-24T11:25:11.900Z</time></trkpt>
<trkpt lat="54.366450" lon="18.973969"><time>2026-05-24T11:25:13.900Z</time></trkpt>
<trkpt lat="54.366452" lon="18.973953"><time>2026-05-24T11:25:15.900Z</time></trkpt>
<trkpt lat="54.366453" lon="18.973935"><time>2026-05-24T11:25:17.900Z</time></trkpt>
<trkpt lat="54.366452" lon="18.973921"><time>2026-05-24T11:25:19.900Z</time></trkpt>
<trkpt lat="54.366451" lon="18.973913"><time>2026-05-24T11:25:21.900Z</time></trkpt>
<trkpt lat="54.366455" lon="18.973896"><time>2026-05-24T11:25:23.900Z</time></trkpt>
<trkpt lat="54.366457" lon="18.973878"><time>2026-05-24T11:25:25.900Z</time></trkpt>
<trkpt lat="54.366461" lon="18.973865"><time>2026-05-24T11:25:27.900Z</time></trkpt>
<trkpt lat="54.366467" lon="18.973844"><time>2026-05-24T11:25:29.900Z</time></trkpt>
<trkpt lat="54.366470" lon="18.973829"><time>2026-05-24T11:25:31.900Z</time></trkpt>
<trkpt lat="54.366472" lon="18.973814"><time>2026-05-24T11:25:33.900Z</time></trkpt>
<trkpt lat="54.366477" lon="18.973798"><time>2026-05-24T11:25:35.900Z</time></trkpt>
<trkpt lat="54.366479" lon="18.973781"><time>2026-05-24T11:25:37.900Z</time></trkpt>
<trkpt lat="54.366485" lon="18.973769"><time>2026-05-24T11:25:39.900Z</time></trkpt>
<trkpt lat="54.366486" lon="18.973751"><time>2026-05-24T11:25:42.000Z</time></trkpt>
<trkpt lat="54.366491" lon="18.973729"><time>2026-05-24T11:25:45.000Z</time></trkpt>
<trkpt lat="54.366494" lon="18.973719"><time>2026-05-24T11:25:46.000Z</time></trkpt>
<trkpt lat="54.366499" lon="18.973702"><time>2026-05-24T11:25:48.000Z</time></trkpt>
<trkpt lat="54.366506" lon="18.973688"><time>2026-05-24T11:25:50.000Z</time></trkpt>
<trkpt lat="54.366513" lon="18.973669"><time>2026-05-24T11:25:52.000Z</time></trkpt>
<trkpt lat="54.366520" lon="18.973652"><time>2026-05-24T11:25:54.000Z</time></trkpt>
<trkpt lat="54.366523" lon="18.973627"><time>2026-05-24T11:25:56.000Z</time></trkpt>
<trkpt lat="54.366528" lon="18.973610"><time>2026-05-24T11:25:58.000Z</time></trkpt>
<trkpt lat="54.366532" lon="18.973596"><time>2026-05-24T11:26:00.000Z</time></trkpt>
<trkpt lat="54.366536" lon="18.973578"><time>2026-05-24T11:26:02.000Z</time></trkpt>
<trkpt lat="54.366541" lon="18.973557"><time>2026-05-24T11:26:04.000Z</time></trkpt>
<trkpt lat="54.366546" lon="18.973540"><time>2026-05-24T11:26:06.000Z</time></trkpt>
<trkpt lat="54.366550" lon="18.973524"><time>2026-05-24T11:26:08.000Z</time></trkpt>
<trkpt lat="54.366556" lon="18.973505"><time>2026-05-24T11:26:10.000Z</time></trkpt>
<trkpt lat="54.366562" lon="18.973486"><time>2026-05-24T11:26:11.900Z</time></trkpt>
<trkpt lat="54.366570" lon="18.973468"><time>2026-05-24T11:26:13.900Z</time></trkpt>
<trkpt lat="54.366573" lon="18.973442"><time>2026-05-24T11:26:15.900Z</time></trkpt>
<trkpt lat="54.366579" lon="18.973418"><time>2026-05-24T11:26:17.900Z</time></trkpt>
<trkpt lat="54.366586" lon="18.973397"><time>2026-05-24T11:26:19.900Z</time></trkpt>
<trkpt lat="54.366594" lon="18.973378"><time>2026-05-24T11:26:21.900Z</time></trkpt>
<trkpt lat="54.366603" lon="18.973358"><time>2026-05-24T11:26:23.900Z</time></trkpt>
<trkpt lat="54.366611" lon="18.973341"><time>2026-05-24T11:26:25.900Z</time></trkpt>
<trkpt lat="54.366621" lon="18.973320"><time>2026-05-24T11:26:27.900Z</time></trkpt>
<trkpt lat="54.366629" lon="18.973298"><time>2026-05-24T11:26:29.900Z</time></trkpt>
<trkpt lat="54.366639" lon="18.973278"><time>2026-05-24T11:26:31.900Z</time></trkpt>
<trkpt lat="54.366648" lon="18.973257"><time>2026-05-24T11:26:33.900Z</time></trkpt>
<trkpt lat="54.366657" lon="18.973230"><time>2026-05-24T11:26:35.900Z</time></trkpt>
<trkpt lat="54.366667" lon="18.973209"><time>2026-05-24T11:26:37.900Z</time></trkpt>
<trkpt lat="54.366674" lon="18.973180"><time>2026-05-24T11:26:39.900Z</time></trkpt>
<trkpt lat="54.366681" lon="18.973154"><time>2026-05-24T11:26:41.900Z</time></trkpt>
<trkpt lat="54.366687" lon="18.973129"><time>2026-05-24T11:26:43.900Z</time></trkpt>
<trkpt lat="54.366696" lon="18.973098"><time>2026-05-24T11:26:45.900Z</time></trkpt>
<trkpt lat="54.366701" lon="18.973076"><time>2026-05-24T11:26:47.900Z</time></trkpt>
<trkpt lat="54.366707" lon="18.973048"><time>2026-05-24T11:26:49.900Z</time></trkpt>
<trkpt lat="54.366714" lon="18.973020"><time>2026-05-24T11:26:51.900Z</time></trkpt>
<trkpt lat="54.366721" lon="18.972992"><time>2026-05-24T11:26:53.900Z</time></trkpt>
<trkpt lat="54.366727" lon="18.972964"><time>2026-05-24T11:26:55.900Z</time></trkpt>
<trkpt lat="54.366737" lon="18.972938"><time>2026-05-24T11:26:57.900Z</time></trkpt>
<trkpt lat="54.366745" lon="18.972913"><time>2026-05-24T11:26:59.900Z</time></trkpt>
<trkpt lat="54.366753" lon="18.972887"><time>2026-05-24T11:27:01.900Z</time></trkpt>
<trkpt lat="54.366748" lon="18.972841"><time>2026-05-24T11:27:03.900Z</time></trkpt>
<trkpt lat="54.366762" lon="18.972822"><time>2026-05-24T11:27:05.900Z</time></trkpt>
<trkpt lat="54.366770" lon="18.972801"><time>2026-05-24T11:27:07.900Z</time></trkpt>
<trkpt lat="54.366783" lon="18.972781"><time>2026-05-24T11:27:09.900Z</time></trkpt>
<trkpt lat="54.366791" lon="18.972756"><time>2026-05-24T11:27:11.900Z</time></trkpt>
<trkpt lat="54.366804" lon="18.972734"><time>2026-05-24T11:27:13.900Z</time></trkpt>
<trkpt lat="54.366814" lon="18.972709"><time>2026-05-24T11:27:15.900Z</time></trkpt>
<trkpt lat="54.366823" lon="18.972687"><time>2026-05-24T11:27:17.900Z</time></trkpt>
<trkpt lat="54.366837" lon="18.972666"><time>2026-05-24T11:27:19.900Z</time></trkpt>
<trkpt lat="54.366844" lon="18.972646"><time>2026-05-24T11:27:21.900Z</time></trkpt>
<trkpt lat="54.366857" lon="18.972624"><time>2026-05-24T11:27:23.900Z</time></trkpt>
<trkpt lat="54.366871" lon="18.972607"><time>2026-05-24T11:27:25.900Z</time></trkpt>
<trkpt lat="54.366879" lon="18.972592"><time>2026-05-24T11:27:27.900Z</time></trkpt>
<trkpt lat="54.366888" lon="18.972572"><time>2026-05-24T11:27:29.900Z</time></trkpt>
<trkpt lat="54.366905" lon="18.972554"><time>2026-05-24T11:27:31.900Z</time></trkpt>
<trkpt lat="54.366915" lon="18.972533"><time>2026-05-24T11:27:33.900Z</time></trkpt>
<trkpt lat="54.366929" lon="18.972515"><time>2026-05-24T11:27:35.900Z</time></trkpt>
<trkpt lat="54.366940" lon="18.972491"><time>2026-05-24T11:27:37.900Z</time></trkpt>
<trkpt lat="54.366948" lon="18.972477"><time>2026-05-24T11:27:39.900Z</time></trkpt>
<trkpt lat="54.366959" lon="18.972461"><time>2026-05-24T11:27:41.900Z</time></trkpt>
<trkpt lat="54.366968" lon="18.972443"><time>2026-05-24T11:27:43.900Z</time></trkpt>
<trkpt lat="54.366976" lon="18.972424"><time>2026-05-24T11:27:45.900Z</time></trkpt>
<trkpt lat="54.366987" lon="18.972407"><time>2026-05-24T11:27:48.000Z</time></trkpt>
<trkpt lat="54.366996" lon="18.972390"><time>2026-05-24T11:27:50.000Z</time></trkpt>
<trkpt lat="54.367008" lon="18.972377"><time>2026-05-24T11:27:52.000Z</time></trkpt>
<trkpt lat="54.367021" lon="18.972361"><time>2026-05-24T11:27:54.000Z</time></trkpt>
<trkpt lat="54.367032" lon="18.972342"><time>2026-05-24T11:27:56.000Z</time></trkpt>
<trkpt lat="54.367047" lon="18.972322"><time>2026-05-24T11:27:58.000Z</time></trkpt>
<trkpt lat="54.367058" lon="18.972306"><time>2026-05-24T11:28:00.000Z</time></trkpt>
<trkpt lat="54.367065" lon="18.972286"><time>2026-05-24T11:28:02.000Z</time></trkpt>
<trkpt lat="54.367078" lon="18.972268"><time>2026-05-24T11:28:04.000Z</time></trkpt>
<trkpt lat="54.367090" lon="18.972245"><time>2026-05-24T11:28:06.000Z</time></trkpt>
<trkpt lat="54.367104" lon="18.972230"><time>2026-05-24T11:28:08.000Z</time></trkpt>
<trkpt lat="54.367119" lon="18.972212"><time>2026-05-24T11:28:10.000Z</time></trkpt>
<trkpt lat="54.367133" lon="18.972192"><time>2026-05-24T11:28:12.000Z</time></trkpt>
<trkpt lat="54.367146" lon="18.972176"><time>2026-05-24T11:28:14.000Z</time></trkpt>
<trkpt lat="54.367162" lon="18.972163"><time>2026-05-24T11:28:16.000Z</time></trkpt>
<trkpt lat="54.367182" lon="18.972146"><time>2026-05-24T11:28:18.000Z</time></trkpt>
<trkpt lat="54.367193" lon="18.972131"><time>2026-05-24T11:28:19.900Z</time></trkpt>
<trkpt lat="54.367210" lon="18.972112"><time>2026-05-24T11:28:21.900Z</time></trkpt>
<trkpt lat="54.367226" lon="18.972084"><time>2026-05-24T11:28:23.900Z</time></trkpt>
<trkpt lat="54.367240" lon="18.972060"><time>2026-05-24T11:28:25.900Z</time></trkpt>
<trkpt lat="54.367250" lon="18.972029"><time>2026-05-24T11:28:27.900Z</time></trkpt>
<trkpt lat="54.367266" lon="18.972016"><time>2026-05-24T11:28:29.900Z</time></trkpt>
<trkpt lat="54.367280" lon="18.971997"><time>2026-05-24T11:28:31.900Z</time></trkpt>
<trkpt lat="54.367295" lon="18.971971"><time>2026-05-24T11:28:33.900Z</time></trkpt>
<trkpt lat="54.367307" lon="18.971950"><time>2026-05-24T11:28:35.900Z</time></trkpt>
<trkpt lat="54.367323" lon="18.971931"><time>2026-05-24T11:28:37.900Z</time></trkpt>
<trkpt lat="54.367341" lon="18.971910"><time>2026-05-24T11:28:39.900Z</time></trkpt>
<trkpt lat="54.367355" lon="18.971886"><time>2026-05-24T11:28:41.900Z</time></trkpt>
<trkpt lat="54.367371" lon="18.971863"><time>2026-05-24T11:28:43.900Z</time></trkpt>
<trkpt lat="54.367382" lon="18.971846"><time>2026-05-24T11:28:45.900Z</time></trkpt>
<trkpt lat="54.367391" lon="18.971829"><time>2026-05-24T11:28:47.900Z</time></trkpt>
<trkpt lat="54.367402" lon="18.971812"><time>2026-05-24T11:28:49.900Z</time></trkpt>
<trkpt lat="54.367415" lon="18.971795"><time>2026-05-24T11:28:51.900Z</time></trkpt>
<trkpt lat="54.367427" lon="18.971780"><time>2026-05-24T11:28:53.900Z</time></trkpt>
<trkpt lat="54.367440" lon="18.971761"><time>2026-05-24T11:28:55.900Z</time></trkpt>
<trkpt lat="54.367448" lon="18.971741"><time>2026-05-24T11:28:57.900Z</time></trkpt>
<trkpt lat="54.367460" lon="18.971722"><time>2026-05-24T11:28:59.900Z</time></trkpt>
<trkpt lat="54.367473" lon="18.971698"><time>2026-05-24T11:29:01.900Z</time></trkpt>
<trkpt lat="54.367483" lon="18.971673"><time>2026-05-24T11:29:03.900Z</time></trkpt>
<trkpt lat="54.367493" lon="18.971648"><time>2026-05-24T11:29:05.900Z</time></trkpt>
<trkpt lat="54.367503" lon="18.971623"><time>2026-05-24T11:29:07.900Z</time></trkpt>
<trkpt lat="54.367514" lon="18.971594"><time>2026-05-24T11:29:09.900Z</time></trkpt>
<trkpt lat="54.367520" lon="18.971561"><time>2026-05-24T11:29:11.900Z</time></trkpt>
<trkpt lat="54.367528" lon="18.971533"><time>2026-05-24T11:29:13.900Z</time></trkpt>
<trkpt lat="54.367536" lon="18.971503"><time>2026-05-24T11:29:15.900Z</time></trkpt>
<trkpt lat="54.367544" lon="18.971469"><time>2026-05-24T11:29:17.900Z</time></trkpt>
<trkpt lat="54.367546" lon="18.971444"><time>2026-05-24T11:29:19.900Z</time></trkpt>
<trkpt lat="54.367548" lon="18.971413"><time>2026-05-24T11:29:21.900Z</time></trkpt>
<trkpt lat="54.367552" lon="18.971383"><time>2026-05-24T11:29:23.900Z</time></trkpt>
<trkpt lat="54.367561" lon="18.971350"><time>2026-05-24T11:29:25.900Z</time></trkpt>
<trkpt lat="54.367567" lon="18.971318"><time>2026-05-24T11:29:27.900Z</time></trkpt>
<trkpt lat="54.367572" lon="18.971284"><time>2026-05-24T11:29:29.900Z</time></trkpt>
<trkpt lat="54.367581" lon="18.971248"><time>2026-05-24T11:29:31.900Z</time></trkpt>
<trkpt lat="54.367589" lon="18.971214"><time>2026-05-24T11:29:33.900Z</time></trkpt>
<trkpt lat="54.367596" lon="18.971175"><time>2026-05-24T11:29:35.900Z</time></trkpt>
<trkpt lat="54.367609" lon="18.971140"><time>2026-05-24T11:29:37.900Z</time></trkpt>
<trkpt lat="54.367621" lon="18.971102"><time>2026-05-24T11:29:39.900Z</time></trkpt>
<trkpt lat="54.367634" lon="18.971065"><time>2026-05-24T11:29:41.900Z</time></trkpt>
<trkpt lat="54.367641" lon="18.971027"><time>2026-05-24T11:29:43.900Z</time></trkpt>
<trkpt lat="54.367649" lon="18.970996"><time>2026-05-24T11:29:45.900Z</time></trkpt>
<trkpt lat="54.367661" lon="18.970955"><time>2026-05-24T11:29:47.900Z</time></trkpt>
<trkpt lat="54.367669" lon="18.970921"><time>2026-05-24T11:29:49.900Z</time></trkpt>
<trkpt lat="54.367679" lon="18.970886"><time>2026-05-24T11:29:51.900Z</time></trkpt>
<trkpt lat="54.367686" lon="18.970843"><time>2026-05-24T11:29:54.000Z</time></trkpt>
<trkpt lat="54.367693" lon="18.970806"><time>2026-05-24T11:29:56.000Z</time></trkpt>
<trkpt lat="54.367700" lon="18.970769"><time>2026-05-24T11:29:58.000Z</time></trkpt>
<trkpt lat="54.367707" lon="18.970731"><time>2026-05-24T11:30:00.000Z</time></trkpt>
<trkpt lat="54.367713" lon="18.970698"><time>2026-05-24T11:30:02.000Z</time></trkpt>
<trkpt lat="54.367724" lon="18.970657"><time>2026-05-24T11:30:04.000Z</time></trkpt>
<trkpt lat="54.367731" lon="18.970623"><time>2026-05-24T11:30:06.000Z</time></trkpt>
<trkpt lat="54.367740" lon="18.970582"><time>2026-05-24T11:30:08.000Z</time></trkpt>
<trkpt lat="54.367751" lon="18.970546"><time>2026-05-24T11:30:10.000Z</time></trkpt>
<trkpt lat="54.367764" lon="18.970514"><time>2026-05-24T11:30:12.000Z</time></trkpt>
<trkpt lat="54.367775" lon="18.970478"><time>2026-05-24T11:30:14.000Z</time></trkpt>
<trkpt lat="54.367787" lon="18.970446"><time>2026-05-24T11:30:16.000Z</time></trkpt>
<trkpt lat="54.367797" lon="18.970414"><time>2026-05-24T11:30:18.000Z</time></trkpt>
<trkpt lat="54.367808" lon="18.970381"><time>2026-05-24T11:30:20.000Z</time></trkpt>
<trkpt lat="54.367819" lon="18.970351"><time>2026-05-24T11:30:22.000Z</time></trkpt>
<trkpt lat="54.367829" lon="18.970316"><time>2026-05-24T11:30:23.900Z</time></trkpt>
<trkpt lat="54.367840" lon="18.970291"><time>2026-05-24T11:30:25.900Z</time></trkpt>
<trkpt lat="54.367850" lon="18.970264"><time>2026-05-24T11:30:27.900Z</time></trkpt>
<trkpt lat="54.367863" lon="18.970235"><time>2026-05-24T11:30:29.900Z</time></trkpt>
<trkpt lat="54.367873" lon="18.970206"><time>2026-05-24T11:30:31.900Z</time></trkpt>
<trkpt lat="54.367881" lon="18.970175"><time>2026-05-24T11:30:33.900Z</time></trkpt>
<trkpt lat="54.367889" lon="18.970144"><time>2026-05-24T11:30:35.900Z</time></trkpt>
<trkpt lat="54.367898" lon="18.970113"><time>2026-05-24T11:30:37.900Z</time></trkpt>
<trkpt lat="54.367904" lon="18.970083"><time>2026-05-24T11:30:39.900Z</time></trkpt>
<trkpt lat="54.367911" lon="18.970056"><time>2026-05-24T11:30:41.900Z</time></trkpt>
<trkpt lat="54.367918" lon="18.970035"><time>2026-05-24T11:30:43.900Z</time></trkpt>
<trkpt lat="54.367922" lon="18.970007"><time>2026-05-24T11:30:45.900Z</time></trkpt>
<trkpt lat="54.367924" lon="18.969986"><time>2026-05-24T11:30:47.900Z</time></trkpt>
<trkpt lat="54.367923" lon="18.969963"><time>2026-05-24T11:30:49.900Z</time></trkpt>
<trkpt lat="54.367925" lon="18.969940"><time>2026-05-24T11:30:51.900Z</time></trkpt>
<trkpt lat="54.367933" lon="18.969914"><time>2026-05-24T11:30:53.900Z</time></trkpt>
<trkpt lat="54.367942" lon="18.969889"><time>2026-05-24T11:30:55.900Z</time></trkpt>
<trkpt lat="54.367947" lon="18.969866"><time>2026-05-24T11:30:57.900Z</time></trkpt>
<trkpt lat="54.367957" lon="18.969842"><time>2026-05-24T11:30:59.900Z</time></trkpt>
<trkpt lat="54.367964" lon="18.969818"><time>2026-05-24T11:31:01.900Z</time></trkpt>
<trkpt lat="54.367971" lon="18.969792"><time>2026-05-24T11:31:03.900Z</time></trkpt>
<trkpt lat="54.367977" lon="18.969766"><time>2026-05-24T11:31:05.900Z</time></trkpt>
<trkpt lat="54.367981" lon="18.969743"><time>2026-05-24T11:31:07.900Z</time></trkpt>
<trkpt lat="54.367984" lon="18.969719"><time>2026-05-24T11:31:09.900Z</time></trkpt>
<trkpt lat="54.367993" lon="18.969692"><time>2026-05-24T11:31:11.900Z</time></trkpt>
<trkpt lat="54.368005" lon="18.969664"><time>2026-05-24T11:31:13.900Z</time></trkpt>
<trkpt lat="54.368010" lon="18.969637"><time>2026-05-24T11:31:15.900Z</time></trkpt>
<trkpt lat="54.368019" lon="18.969613"><time>2026-05-24T11:31:17.900Z</time></trkpt>
<trkpt lat="54.368023" lon="18.969591"><time>2026-05-24T11:31:19.900Z</time></trkpt>
<trkpt lat="54.368027" lon="18.969565"><time>2026-05-24T11:31:21.900Z</time></trkpt>
<trkpt lat="54.368031" lon="18.969543"><time>2026-05-24T11:31:23.900Z</time></trkpt>
<trkpt lat="54.368035" lon="18.969519"><time>2026-05-24T11:31:25.900Z</time></trkpt>
<trkpt lat="54.368040" lon="18.969495"><time>2026-05-24T11:31:27.900Z</time></trkpt>
<trkpt lat="54.368041" lon="18.969457"><time>2026-05-24T11:31:29.900Z</time></trkpt>
<trkpt lat="54.368043" lon="18.969419"><time>2026-05-24T11:31:31.900Z</time></trkpt>
<trkpt lat="54.368050" lon="18.969380"><time>2026-05-24T11:31:33.900Z</time></trkpt>
<trkpt lat="54.368055" lon="18.969347"><time>2026-05-24T11:31:35.900Z</time></trkpt>
<trkpt lat="54.368058" lon="18.969320"><time>2026-05-24T11:31:37.900Z</time></trkpt>
<trkpt lat="54.368063" lon="18.969293"><time>2026-05-24T11:31:39.900Z</time></trkpt>
<trkpt lat="54.368072" lon="18.969273"><time>2026-05-24T11:31:41.900Z</time></trkpt>
<trkpt lat="54.368082" lon="18.969252"><time>2026-05-24T11:31:43.900Z</time></trkpt>
<trkpt lat="54.368089" lon="18.969241"><time>2026-05-24T11:31:45.900Z</time></trkpt>
<trkpt lat="54.368094" lon="18.969219"><time>2026-05-24T11:31:47.900Z</time></trkpt>
<trkpt lat="54.368104" lon="18.969207"><time>2026-05-24T11:31:49.900Z</time></trkpt>
<trkpt lat="54.368112" lon="18.969193"><time>2026-05-24T11:31:51.900Z</time></trkpt>
<trkpt lat="54.368118" lon="18.969175"><time>2026-05-24T11:31:53.900Z</time></trkpt>
<trkpt lat="54.368127" lon="18.969161"><time>2026-05-24T11:31:55.900Z</time></trkpt>
<trkpt lat="54.368135" lon="18.969144"><time>2026-05-24T11:31:57.900Z</time></trkpt>
<trkpt lat="54.368143" lon="18.969129"><time>2026-05-24T11:32:00.000Z</time></trkpt>
<trkpt lat="54.368148" lon="18.969121"><time>2026-05-24T11:32:02.000Z</time></trkpt>
<trkpt lat="54.368153" lon="18.969115"><time>2026-05-24T11:32:04.000Z</time></trkpt>
<trkpt lat="54.368160" lon="18.969101"><time>2026-05-24T11:32:06.000Z</time></trkpt>
<trkpt lat="54.368162" lon="18.969100"><time>2026-05-24T11:32:08.000Z</time></trkpt>
<trkpt lat="54.368172" lon="18.969078"><time>2026-05-24T11:32:10.000Z</time></trkpt>
<trkpt lat="54.368181" lon="18.969056"><time>2026-05-24T11:32:12.000Z</time></trkpt>
<trkpt lat="54.368191" lon="18.969031"><time>2026-05-24T11:32:14.000Z</time></trkpt>
<trkpt lat="54.368205" lon="18.969002"><time>2026-05-24T11:32:15.900Z</time></trkpt>
<trkpt lat="54.368219" lon="18.968975"><time>2026-05-24T11:32:17.900Z</time></trkpt>
<trkpt lat="54.368232" lon="18.968951"><time>2026-05-24T11:32:19.900Z</time></trkpt>
<trkpt lat="54.368247" lon="18.968920"><time>2026-05-24T11:32:21.900Z</time></trkpt>
<trkpt lat="54.368264" lon="18.968896"><time>2026-05-24T11:32:23.900Z</time></trkpt>
<trkpt lat="54.368284" lon="18.968862"><time>2026-05-24T11:32:25.900Z</time></trkpt>
<trkpt lat="54.368301" lon="18.968827"><time>2026-05-24T11:32:27.900Z</time></trkpt>
<trkpt lat="54.368319" lon="18.968793"><time>2026-05-24T11:32:29.900Z</time></trkpt>
<trkpt lat="54.368337" lon="18.968756"><time>2026-05-24T11:32:31.900Z</time></trkpt>
<trkpt lat="54.368356" lon="18.968722"><time>2026-05-24T11:32:33.900Z</time></trkpt>
<trkpt lat="54.368376" lon="18.968678"><time>2026-05-24T11:32:35.900Z</time></trkpt>
<trkpt lat="54.368394" lon="18.968642"><time>2026-05-24T11:32:37.900Z</time></trkpt>
<trkpt lat="54.368415" lon="18.968603"><time>2026-05-24T11:32:39.900Z</time></trkpt>
<trkpt lat="54.368432" lon="18.968579"><time>2026-05-24T11:32:41.900Z</time></trkpt>
<trkpt lat="54.368456" lon="18.968535"><time>2026-05-24T11:32:43.900Z</time></trkpt>
<trkpt lat="54.368473" lon="18.968484"><time>2026-05-24T11:32:45.900Z</time></trkpt>
<trkpt lat="54.368496" lon="18.968445"><time>2026-05-24T11:32:47.900Z</time></trkpt>
<trkpt lat="54.368526" lon="18.968399"><time>2026-05-24T11:32:49.900Z</time></trkpt>
<trkpt lat="54.368542" lon="18.968360"><time>2026-05-24T11:32:51.900Z</time></trkpt>
<trkpt lat="54.368559" lon="18.968312"><time>2026-05-24T11:32:53.900Z</time></trkpt>
<trkpt lat="54.368578" lon="18.968270"><time>2026-05-24T11:32:55.900Z</time></trkpt>
<trkpt lat="54.368594" lon="18.968220"><time>2026-05-24T11:32:57.900Z</time></trkpt>
<trkpt lat="54.368614" lon="18.968170"><time>2026-05-24T11:32:59.900Z</time></trkpt>
<trkpt lat="54.368630" lon="18.968124"><time>2026-05-24T11:33:01.900Z</time></trkpt>
<trkpt lat="54.368651" lon="18.968077"><time>2026-05-24T11:33:03.900Z</time></trkpt>
<trkpt lat="54.368674" lon="18.968034"><time>2026-05-24T11:33:05.900Z</time></trkpt>
<trkpt lat="54.368690" lon="18.967993"><time>2026-05-24T11:33:07.900Z</time></trkpt>
<trkpt lat="54.368712" lon="18.967948"><time>2026-05-24T11:33:09.900Z</time></trkpt>
<trkpt lat="54.368732" lon="18.967908"><time>2026-05-24T11:33:11.900Z</time></trkpt>
<trkpt lat="54.368755" lon="18.967867"><time>2026-05-24T11:33:13.900Z</time></trkpt>
<trkpt lat="54.368771" lon="18.967813"><time>2026-05-24T11:33:15.900Z</time></trkpt>
<trkpt lat="54.368787" lon="18.967759"><time>2026-05-24T11:33:17.900Z</time></trkpt>
<trkpt lat="54.368799" lon="18.967711"><time>2026-05-24T11:33:19.900Z</time></trkpt>
<trkpt lat="54.368810" lon="18.967666"><time>2026-05-24T11:33:21.900Z</time></trkpt>
<trkpt lat="54.368831" lon="18.967615"><time>2026-05-24T11:33:23.900Z</time></trkpt>
<trkpt lat="54.368849" lon="18.967567"><time>2026-05-24T11:33:25.900Z</time></trkpt>
<trkpt lat="54.368861" lon="18.967515"><time>2026-05-24T11:33:27.900Z</time></trkpt>
<trkpt lat="54.368875" lon="18.967462"><time>2026-05-24T11:33:29.900Z</time></trkpt>
<trkpt lat="54.368888" lon="18.967409"><time>2026-05-24T11:33:31.900Z</time></trkpt>
<trkpt lat="54.368907" lon="18.967362"><time>2026-05-24T11:33:33.900Z</time></trkpt>
<trkpt lat="54.368921" lon="18.967307"><time>2026-05-24T11:33:35.900Z</time></trkpt>
<trkpt lat="54.368938" lon="18.967252"><time>2026-05-24T11:33:37.900Z</time></trkpt>
<trkpt lat="54.368954" lon="18.967207"><time>2026-05-24T11:33:39.900Z</time></trkpt>
<trkpt lat="54.368969" lon="18.967159"><time>2026-05-24T11:33:41.900Z</time></trkpt>
<trkpt lat="54.368986" lon="18.967111"><time>2026-05-24T11:33:43.900Z</time></trkpt>
<trkpt lat="54.369001" lon="18.967062"><time>2026-05-24T11:33:45.900Z</time></trkpt>
<trkpt lat="54.369017" lon="18.967019"><time>2026-05-24T11:33:47.900Z</time></trkpt>
<trkpt lat="54.369033" lon="18.966973"><time>2026-05-24T11:33:49.900Z</time></trkpt>
<trkpt lat="54.369046" lon="18.966927"><time>2026-05-24T11:33:51.900Z</time></trkpt>
<trkpt lat="54.369059" lon="18.966878"><time>2026-05-24T11:33:53.900Z</time></trkpt>
<trkpt lat="54.369068" lon="18.966826"><time>2026-05-24T11:33:55.900Z</time></trkpt>
<trkpt lat="54.369077" lon="18.966779"><time>2026-05-24T11:33:57.900Z</time></trkpt>
<trkpt lat="54.369086" lon="18.966730"><time>2026-05-24T11:33:59.900Z</time></trkpt>
<trkpt lat="54.369101" lon="18.966687"><time>2026-05-24T11:34:01.900Z</time></trkpt>
<trkpt lat="54.369111" lon="18.966637"><time>2026-05-24T11:34:03.900Z</time></trkpt>
<trkpt lat="54.369122" lon="18.966586"><time>2026-05-24T11:34:06.000Z</time></trkpt>
<trkpt lat="54.369132" lon="18.966539"><time>2026-05-24T11:34:08.000Z</time></trkpt>
<trkpt lat="54.369145" lon="18.966489"><time>2026-05-24T11:34:10.000Z</time></trkpt>
<trkpt lat="54.369157" lon="18.966446"><time>2026-05-24T11:34:12.000Z</time></trkpt>
<trkpt lat="54.369170" lon="18.966400"><time>2026-05-24T11:34:14.000Z</time></trkpt>
<trkpt lat="54.369182" lon="18.966355"><time>2026-05-24T11:34:16.000Z</time></trkpt>
<trkpt lat="54.369195" lon="18.966305"><time>2026-05-24T11:34:18.000Z</time></trkpt>
<trkpt lat="54.369209" lon="18.966256"><time>2026-05-24T11:34:20.000Z</time></trkpt>
<trkpt lat="54.369221" lon="18.966205"><time>2026-05-24T11:34:22.000Z</time></trkpt>
<trkpt lat="54.369228" lon="18.966158"><time>2026-05-24T11:34:23.900Z</time></trkpt>
<trkpt lat="54.369241" lon="18.966107"><time>2026-05-24T11:34:25.900Z</time></trkpt>
<trkpt lat="54.369254" lon="18.966061"><time>2026-05-24T11:34:27.900Z</time></trkpt>
<trkpt lat="54.369271" lon="18.966011"><time>2026-05-24T11:34:29.900Z</time></trkpt>
<trkpt lat="54.369284" lon="18.965964"><time>2026-05-24T11:34:31.900Z</time></trkpt>
<trkpt lat="54.369296" lon="18.965917"><time>2026-05-24T11:34:33.900Z</time></trkpt>
<trkpt lat="54.369306" lon="18.965866"><time>2026-05-24T11:34:35.900Z</time></trkpt>
<trkpt lat="54.369323" lon="18.965820"><time>2026-05-24T11:34:37.900Z</time></trkpt>
<trkpt lat="54.369343" lon="18.965772"><time>2026-05-24T11:34:39.900Z</time></trkpt>
<trkpt lat="54.369362" lon="18.965723"><time>2026-05-24T11:34:41.900Z</time></trkpt>
<trkpt lat="54.369380" lon="18.965671"><time>2026-05-24T11:34:43.900Z</time></trkpt>
<trkpt lat="54.369396" lon="18.965612"><time>2026-05-24T11:34:45.900Z</time></trkpt>
<trkpt lat="54.369412" lon="18.965555"><time>2026-05-24T11:34:47.900Z</time></trkpt>
<trkpt lat="54.369429" lon="18.965500"><time>2026-05-24T11:34:49.900Z</time></trkpt>
<trkpt lat="54.369449" lon="18.965442"><time>2026-05-24T11:34:51.900Z</time></trkpt>
<trkpt lat="54.369470" lon="18.965379"><time>2026-05-24T11:34:53.900Z</time></trkpt>
<trkpt lat="54.369492" lon="18.965316"><time>2026-05-24T11:34:55.900Z</time></trkpt>
<trkpt lat="54.369511" lon="18.965257"><time>2026-05-24T11:34:57.900Z</time></trkpt>
<trkpt lat="54.369528" lon="18.965185"><time>2026-05-24T11:34:59.900Z</time></trkpt>
<trkpt lat="54.369548" lon="18.965119"><time>2026-05-24T11:35:01.900Z</time></trkpt>
<trkpt lat="54.369563" lon="18.965053"><time>2026-05-24T11:35:03.900Z</time></trkpt>
<trkpt lat="54.369577" lon="18.964984"><time>2026-05-24T11:35:05.900Z</time></trkpt>
<trkpt lat="54.369592" lon="18.964917"><time>2026-05-24T11:35:07.900Z</time></trkpt>
<trkpt lat="54.369611" lon="18.964853"><time>2026-05-24T11:35:09.900Z</time></trkpt>
<trkpt lat="54.369631" lon="18.964791"><time>2026-05-24T11:35:11.900Z</time></trkpt>
<trkpt lat="54.369647" lon="18.964725"><time>2026-05-24T11:35:13.900Z</time></trkpt>
<trkpt lat="54.369657" lon="18.964655"><time>2026-05-24T11:35:15.900Z</time></trkpt>
<trkpt lat="54.369672" lon="18.964589"><time>2026-05-24T11:35:17.900Z</time></trkpt>
<trkpt lat="54.369687" lon="18.964519"><time>2026-05-24T11:35:19.900Z</time></trkpt>
<trkpt lat="54.369700" lon="18.964454"><time>2026-05-24T11:35:21.900Z</time></trkpt>
<trkpt lat="54.369714" lon="18.964387"><time>2026-05-24T11:35:23.900Z</time></trkpt>
<trkpt lat="54.369733" lon="18.964324"><time>2026-05-24T11:35:25.900Z</time></trkpt>
<trkpt lat="54.369749" lon="18.964256"><time>2026-05-24T11:35:27.900Z</time></trkpt>
<trkpt lat="54.369760" lon="18.964186"><time>2026-05-24T11:35:29.900Z</time></trkpt>
<trkpt lat="54.369770" lon="18.964111"><time>2026-05-24T11:35:31.900Z</time></trkpt>
<trkpt lat="54.369779" lon="18.964036"><time>2026-05-24T11:35:33.900Z</time></trkpt>
<trkpt lat="54.369792" lon="18.963964"><time>2026-05-24T11:35:35.900Z</time></trkpt>
<trkpt lat="54.369807" lon="18.963895"><time>2026-05-24T11:35:37.900Z</time></trkpt>
<trkpt lat="54.369823" lon="18.963822"><time>2026-05-24T11:35:39.900Z</time></trkpt>
<trkpt lat="54.369833" lon="18.963747"><time>2026-05-24T11:35:41.900Z</time></trkpt>
<trkpt lat="54.369843" lon="18.963670"><time>2026-05-24T11:35:43.900Z</time></trkpt>
<trkpt lat="54.369855" lon="18.963596"><time>2026-05-24T11:35:45.900Z</time></trkpt>
<trkpt lat="54.369860" lon="18.963517"><time>2026-05-24T11:35:47.900Z</time></trkpt>
<trkpt lat="54.369861" lon="18.963439"><time>2026-05-24T11:35:49.900Z</time></trkpt>
<trkpt lat="54.369862" lon="18.963364"><time>2026-05-24T11:35:51.900Z</time></trkpt>
<trkpt lat="54.369867" lon="18.963286"><time>2026-05-24T11:35:53.900Z</time></trkpt>
<trkpt lat="54.369876" lon="18.963208"><time>2026-05-24T11:35:55.900Z</time></trkpt>
<trkpt lat="54.369883" lon="18.963132"><time>2026-05-24T11:35:57.900Z</time></trkpt>
<trkpt lat="54.369891" lon="18.963054"><time>2026-05-24T11:35:59.900Z</time></trkpt>
<trkpt lat="54.369903" lon="18.962983"><time>2026-05-24T11:36:01.900Z</time></trkpt>
<trkpt lat="54.369918" lon="18.962913"><time>2026-05-24T11:36:03.900Z</time></trkpt>
<trkpt lat="54.369936" lon="18.962846"><time>2026-05-24T11:36:05.900Z</time></trkpt>
<trkpt lat="54.369957" lon="18.962776"><time>2026-05-24T11:36:07.900Z</time></trkpt>
<trkpt lat="54.369979" lon="18.962710"><time>2026-05-24T11:36:09.900Z</time></trkpt>
<trkpt lat="54.370004" lon="18.962641"><time>2026-05-24T11:36:12.000Z</time></trkpt>
<trkpt lat="54.370026" lon="18.962570"><time>2026-05-24T11:36:14.000Z</time></trkpt>
<trkpt lat="54.370051" lon="18.962500"><time>2026-05-24T11:36:16.000Z</time></trkpt>
<trkpt lat="54.370074" lon="18.962426"><time>2026-05-24T11:36:18.000Z</time></trkpt>
<trkpt lat="54.370094" lon="18.962350"><time>2026-05-24T11:36:20.000Z</time></trkpt>
<trkpt lat="54.370118" lon="18.962279"><time>2026-05-24T11:36:22.000Z</time></trkpt>
<trkpt lat="54.370143" lon="18.962198"><time>2026-05-24T11:36:24.000Z</time></trkpt>
<trkpt lat="54.370172" lon="18.962122"><time>2026-05-24T11:36:26.000Z</time></trkpt>
<trkpt lat="54.370203" lon="18.962043"><time>2026-05-24T11:36:28.000Z</time></trkpt>
<trkpt lat="54.370232" lon="18.961963"><time>2026-05-24T11:36:29.900Z</time></trkpt>
<trkpt lat="54.370261" lon="18.961882"><time>2026-05-24T11:36:31.900Z</time></trkpt>
<trkpt lat="54.370291" lon="18.961800"><time>2026-05-24T11:36:33.900Z</time></trkpt>
<trkpt lat="54.370313" lon="18.961716"><time>2026-05-24T11:36:35.900Z</time></trkpt>
<trkpt lat="54.370332" lon="18.961638"><time>2026-05-24T11:36:37.900Z</time></trkpt>
<trkpt lat="54.370362" lon="18.961557"><time>2026-05-24T11:36:39.900Z</time></trkpt>
<trkpt lat="54.370388" lon="18.961475"><time>2026-05-24T11:36:41.900Z</time></trkpt>
<trkpt lat="54.370415" lon="18.961388"><time>2026-05-24T11:36:43.900Z</time></trkpt>
<trkpt lat="54.370440" lon="18.961304"><time>2026-05-24T11:36:45.900Z</time></trkpt>
<trkpt lat="54.370468" lon="18.961218"><time>2026-05-24T11:36:47.900Z</time></trkpt>
<trkpt lat="54.370493" lon="18.961131"><time>2026-05-24T11:36:49.900Z</time></trkpt>
<trkpt lat="54.370516" lon="18.961042"><time>2026-05-24T11:36:51.900Z</time></trkpt>
<trkpt lat="54.370540" lon="18.960958"><time>2026-05-24T11:36:53.900Z</time></trkpt>
<trkpt lat="54.370566" lon="18.960867"><time>2026-05-24T11:36:55.900Z</time></trkpt>
<trkpt lat="54.370593" lon="18.960791"><time>2026-05-24T11:36:57.900Z</time></trkpt>
<trkpt lat="54.370624" lon="18.960705"><time>2026-05-24T11:36:59.900Z</time></trkpt>
<trkpt lat="54.370651" lon="18.960623"><time>2026-05-24T11:37:01.900Z</time></trkpt>
<trkpt lat="54.370684" lon="18.960551"><time>2026-05-24T11:37:03.900Z</time></trkpt>
<trkpt lat="54.370717" lon="18.960471"><time>2026-05-24T11:37:05.900Z</time></trkpt>
<trkpt lat="54.370751" lon="18.960402"><time>2026-05-24T11:37:07.900Z</time></trkpt>
<trkpt lat="54.370782" lon="18.960329"><time>2026-05-24T11:37:09.900Z</time></trkpt>
<trkpt lat="54.370814" lon="18.960255"><time>2026-05-24T11:37:11.900Z</time></trkpt>
<trkpt lat="54.370847" lon="18.960180"><time>2026-05-24T11:37:13.900Z</time></trkpt>
<trkpt lat="54.370885" lon="18.960110"><time>2026-05-24T11:37:15.900Z</time></trkpt>
<trkpt lat="54.370922" lon="18.960041"><time>2026-05-24T11:37:17.900Z</time></trkpt>
<trkpt lat="54.370956" lon="18.959969"><time>2026-05-24T11:37:19.900Z</time></trkpt>
<trkpt lat="54.370986" lon="18.959894"><time>2026-05-24T11:37:21.900Z</time></trkpt>
<trkpt lat="54.371017" lon="18.959821"><time>2026-05-24T11:37:23.900Z</time></trkpt>
<trkpt lat="54.371055" lon="18.959749"><time>2026-05-24T11:37:25.900Z</time></trkpt>
<trkpt lat="54.371088" lon="18.959677"><time>2026-05-24T11:37:27.900Z</time></trkpt>
<trkpt lat="54.371121" lon="18.959606"><time>2026-05-24T11:37:29.900Z</time></trkpt>
<trkpt lat="54.371157" lon="18.959536"><time>2026-05-24T11:37:31.900Z</time></trkpt>
<trkpt lat="54.371190" lon="18.959458"><time>2026-05-24T11:37:33.900Z</time></trkpt>
<trkpt lat="54.371219" lon="18.959375"><time>2026-05-24T11:37:35.900Z</time></trkpt>
<trkpt lat="54.371241" lon="18.959286"><time>2026-05-24T11:37:37.900Z</time></trkpt>
<trkpt lat="54.371265" lon="18.959196"><time>2026-05-24T11:37:39.900Z</time></trkpt>
<trkpt lat="54.371289" lon="18.959108"><time>2026-05-24T11:37:41.900Z</time></trkpt>
<trkpt lat="54.371311" lon="18.959021"><time>2026-05-24T11:37:43.900Z</time></trkpt>
<trkpt lat="54.371339" lon="18.958936"><time>2026-05-24T11:37:45.900Z</time></trkpt>
<trkpt lat="54.371371" lon="18.958860"><time>2026-05-24T11:37:47.900Z</time></trkpt>
<trkpt lat="54.371401" lon="18.958778"><time>2026-05-24T11:37:49.900Z</time></trkpt>
<trkpt lat="54.371431" lon="18.958696"><time>2026-05-24T11:37:51.900Z</time></trkpt>
<trkpt lat="54.371461" lon="18.958617"><time>2026-05-24T11:37:53.900Z</time></trkpt>
<trkpt lat="54.371491" lon="18.958537"><time>2026-05-24T11:37:55.900Z</time></trkpt>
<trkpt lat="54.371518" lon="18.958449"><time>2026-05-24T11:37:57.900Z</time></trkpt>
<trkpt lat="54.371538" lon="18.958352"><time>2026-05-24T11:37:59.900Z</time></trkpt>
<trkpt lat="54.371564" lon="18.958264"><time>2026-05-24T11:38:01.900Z</time></trkpt>
<trkpt lat="54.371598" lon="18.958194"><time>2026-05-24T11:38:03.900Z</time></trkpt>
<trkpt lat="54.371629" lon="18.958109"><time>2026-05-24T11:38:05.900Z</time></trkpt>
<trkpt lat="54.371659" lon="18.958028"><time>2026-05-24T11:38:07.900Z</time></trkpt>
<trkpt lat="54.371689" lon="18.957946"><time>2026-05-24T11:38:09.900Z</time></trkpt>
<trkpt lat="54.371712" lon="18.957852"><time>2026-05-24T11:38:11.900Z</time></trkpt>
<trkpt lat="54.371738" lon="18.957767"><time>2026-05-24T11:38:13.900Z</time></trkpt>
<trkpt lat="54.371768" lon="18.957681"><time>2026-05-24T11:38:15.900Z</time></trkpt>
<trkpt lat="54.371800" lon="18.957600"><time>2026-05-24T11:38:18.000Z</time></trkpt>
<trkpt lat="54.371826" lon="18.957513"><time>2026-05-24T11:38:20.000Z</time></trkpt>
<trkpt lat="54.371859" lon="18.957434"><time>2026-05-24T11:38:22.000Z</time></trkpt>
<trkpt lat="54.371892" lon="18.957347"><time>2026-05-24T11:38:24.000Z</time></trkpt>
<trkpt lat="54.371915" lon="18.957255"><time>2026-05-24T11:38:26.000Z</time></trkpt>
<trkpt lat="54.371930" lon="18.957147"><time>2026-05-24T11:38:28.000Z</time></trkpt>
<trkpt lat="54.371959" lon="18.957063"><time>2026-05-24T11:38:30.000Z</time></trkpt>
<trkpt lat="54.371985" lon="18.956985"><time>2026-05-24T11:38:32.000Z</time></trkpt>
<trkpt lat="54.372008" lon="18.956895"><time>2026-05-24T11:38:33.900Z</time></trkpt>
<trkpt lat="54.372035" lon="18.956811"><time>2026-05-24T11:38:35.900Z</time></trkpt>
<trkpt lat="54.372062" lon="18.956726"><time>2026-05-24T11:38:37.900Z</time></trkpt>
<trkpt lat="54.372094" lon="18.956640"><time>2026-05-24T11:38:39.900Z</time></trkpt>
<trkpt lat="54.372115" lon="18.956552"><time>2026-05-24T11:38:41.900Z</time></trkpt>
<trkpt lat="54.372137" lon="18.956459"><time>2026-05-24T11:38:43.900Z</time></trkpt>
<trkpt lat="54.372162" lon="18.956373"><time>2026-05-24T11:38:45.900Z</time></trkpt>
<trkpt lat="54.372187" lon="18.956289"><time>2026-05-24T11:38:47.900Z</time></trkpt>
<trkpt lat="54.372216" lon="18.956204"><time>2026-05-24T11:38:49.900Z</time></trkpt>
<trkpt lat="54.372239" lon="18.956119"><time>2026-05-24T11:38:51.900Z</time></trkpt>
<trkpt lat="54.372263" lon="18.956028"><time>2026-05-24T11:38:53.900Z</time></trkpt>
<trkpt lat="54.372288" lon="18.955940"><time>2026-05-24T11:38:55.900Z</time></trkpt>
<trkpt lat="54.372314" lon="18.955852"><time>2026-05-24T11:38:57.900Z</time></trkpt>
<trkpt lat="54.372343" lon="18.955772"><time>2026-05-24T11:38:59.900Z</time></trkpt>
<trkpt lat="54.372373" lon="18.955694"><time>2026-05-24T11:39:01.900Z</time></trkpt>
<trkpt lat="54.372390" lon="18.955610"><time>2026-05-24T11:39:03.900Z</time></trkpt>
<trkpt lat="54.372405" lon="18.955545"><time>2026-05-24T11:39:05.900Z</time></trkpt>
<trkpt lat="54.372425" lon="18.955469"><time>2026-05-24T11:39:07.900Z</time></trkpt>
<trkpt lat="54.372450" lon="18.955394"><time>2026-05-24T11:39:09.900Z</time></trkpt>
<trkpt lat="54.372478" lon="18.955312"><time>2026-05-24T11:39:11.900Z</time></trkpt>
<trkpt lat="54.372502" lon="18.955238"><time>2026-05-24T11:39:13.900Z</time></trkpt>
<trkpt lat="54.372526" lon="18.955156"><time>2026-05-24T11:39:15.900Z</time></trkpt>
<trkpt lat="54.372556" lon="18.955073"><time>2026-05-24T11:39:17.900Z</time></trkpt>
<trkpt lat="54.372595" lon="18.954945"><time>2026-05-24T11:39:19.900Z</time></trkpt>
<trkpt lat="54.372609" lon="18.954863"><time>2026-05-24T11:39:21.900Z</time></trkpt>
<trkpt lat="54.372630" lon="18.954776"><time>2026-05-24T11:39:23.900Z</time></trkpt>
<trkpt lat="54.372651" lon="18.954686"><time>2026-05-24T11:39:25.900Z</time></trkpt>
<trkpt lat="54.372674" lon="18.954598"><time>2026-05-24T11:39:27.900Z</time></trkpt>
<trkpt lat="54.372702" lon="18.954519"><time>2026-05-24T11:39:29.900Z</time></trkpt>
<trkpt lat="54.372728" lon="18.954437"><time>2026-05-24T11:39:31.900Z</time></trkpt>
<trkpt lat="54.372755" lon="18.954357"><time>2026-05-24T11:39:33.900Z</time></trkpt>
<trkpt lat="54.372778" lon="18.954274"><time>2026-05-24T11:39:35.900Z</time></trkpt>
<trkpt lat="54.372800" lon="18.954186"><time>2026-05-24T11:39:37.900Z</time></trkpt>
<trkpt lat="54.372824" lon="18.954096"><time>2026-05-24T11:39:39.900Z</time></trkpt>
<trkpt lat="54.372846" lon="18.954014"><time>2026-05-24T11:39:41.900Z</time></trkpt>
<trkpt lat="54.372873" lon="18.953915"><time>2026-05-24T11:39:43.900Z</time></trkpt>
<trkpt lat="54.372900" lon="18.953834"><time>2026-05-24T11:39:45.900Z</time></trkpt>
<trkpt lat="54.372928" lon="18.953759"><time>2026-05-24T11:39:47.900Z</time></trkpt>
<trkpt lat="54.372954" lon="18.953659"><time>2026-05-24T11:39:49.900Z</time></trkpt>
<trkpt lat="54.372974" lon="18.953570"><time>2026-05-24T11:39:51.900Z</time></trkpt>
<trkpt lat="54.372994" lon="18.953474"><time>2026-05-24T11:39:53.900Z</time></trkpt>
<trkpt lat="54.373029" lon="18.953379"><time>2026-05-24T11:39:55.900Z</time></trkpt>
<trkpt lat="54.373064" lon="18.953288"><time>2026-05-24T11:39:57.900Z</time></trkpt>
<trkpt lat="54.373090" lon="18.953208"><time>2026-05-24T11:39:59.900Z</time></trkpt>
<trkpt lat="54.373115" lon="18.953128"><time>2026-05-24T11:40:01.900Z</time></trkpt>
<trkpt lat="54.373137" lon="18.953042"><time>2026-05-24T11:40:03.900Z</time></trkpt>
<trkpt lat="54.373161" lon="18.952951"><time>2026-05-24T11:40:05.900Z</time></trkpt>
<trkpt lat="54.373183" lon="18.952865"><time>2026-05-24T11:40:07.900Z</time></trkpt>
<trkpt lat="54.373204" lon="18.952778"><time>2026-05-24T11:40:09.900Z</time></trkpt>
<trkpt lat="54.373217" lon="18.952686"><time>2026-05-24T11:40:11.900Z</time></trkpt>
<trkpt lat="54.373232" lon="18.952592"><time>2026-05-24T11:40:13.900Z</time></trkpt>
<trkpt lat="54.373243" lon="18.952503"><time>2026-05-24T11:40:15.900Z</time></trkpt>
<trkpt lat="54.373254" lon="18.952415"><time>2026-05-24T11:40:17.900Z</time></trkpt>
<trkpt lat="54.373269" lon="18.952334"><time>2026-05-24T11:40:19.900Z</time></trkpt>
<trkpt lat="54.373273" lon="18.952245"><time>2026-05-24T11:40:21.900Z</time></trkpt>
<trkpt lat="54.373276" lon="18.952158"><time>2026-05-24T11:40:23.900Z</time></trkpt>
<trkpt lat="54.373283" lon="18.952069"><time>2026-05-24T11:40:25.900Z</time></trkpt>
<trkpt lat="54.373293" lon="18.951984"><time>2026-05-24T11:40:27.900Z</time></trkpt>
<trkpt lat="54.373316" lon="18.951893"><time>2026-05-24T11:40:29.900Z</time></trkpt>
<trkpt lat="54.373325" lon="18.951817"><time>2026-05-24T11:40:31.900Z</time></trkpt>
<trkpt lat="54.373344" lon="18.951732"><time>2026-05-24T11:40:33.900Z</time></trkpt>
<trkpt lat="54.373368" lon="18.951655"><time>2026-05-24T11:40:35.900Z</time></trkpt>
<trkpt lat="54.373393" lon="18.951580"><time>2026-05-24T11:40:37.900Z</time></trkpt>
<trkpt lat="54.373406" lon="18.951494"><time>2026-05-24T11:40:39.900Z</time></trkpt>
<trkpt lat="54.373422" lon="18.951411"><time>2026-05-24T11:40:41.900Z</time></trkpt>
<trkpt lat="54.373427" lon="18.951322"><time>2026-05-24T11:40:43.900Z</time></trkpt>
<trkpt lat="54.373425" lon="18.951234"><time>2026-05-24T11:40:45.900Z</time></trkpt>
<trkpt lat="54.373423" lon="18.951142"><time>2026-05-24T11:40:47.900Z</time></trkpt>
<trkpt lat="54.373428" lon="18.951053"><time>2026-05-24T11:40:49.900Z</time></trkpt>
<trkpt lat="54.373429" lon="18.950968"><time>2026-05-24T11:40:51.900Z</time></trkpt>
<trkpt lat="54.373432" lon="18.950885"><time>2026-05-24T11:40:53.900Z</time></trkpt>
<trkpt lat="54.373437" lon="18.950803"><time>2026-05-24T11:40:55.900Z</time></trkpt>
<trkpt lat="54.373439" lon="18.950726"><time>2026-05-24T11:40:57.900Z</time></trkpt>
<trkpt lat="54.373441" lon="18.950646"><time>2026-05-24T11:40:59.900Z</time></trkpt>
<trkpt lat="54.373456" lon="18.950575"><time>2026-05-24T11:41:01.900Z</time></trkpt>
<trkpt lat="54.373452" lon="18.950504"><time>2026-05-24T11:41:03.900Z</time></trkpt>
<trkpt lat="54.373457" lon="18.950432"><time>2026-05-24T11:41:05.900Z</time></trkpt>
<trkpt lat="54.373458" lon="18.950359"><time>2026-05-24T11:41:07.900Z</time></trkpt>
<trkpt lat="54.373467" lon="18.950289"><time>2026-05-24T11:41:09.900Z</time></trkpt>
<trkpt lat="54.373469" lon="18.950220"><time>2026-05-24T11:41:11.900Z</time></trkpt>
<trkpt lat="54.373465" lon="18.950150"><time>2026-05-24T11:41:13.900Z</time></trkpt>
<trkpt lat="54.373477" lon="18.950079"><time>2026-05-24T11:41:15.900Z</time></trkpt>
<trkpt lat="54.373484" lon="18.950028"><time>2026-05-24T11:41:17.900Z</time></trkpt>
<trkpt lat="54.373481" lon="18.949968"><time>2026-05-24T11:41:19.900Z</time></trkpt>
<trkpt lat="54.373487" lon="18.949895"><time>2026-05-24T11:41:21.900Z</time></trkpt>
<trkpt lat="54.373489" lon="18.949828"><time>2026-05-24T11:41:23.900Z</time></trkpt>
<trkpt lat="54.373494" lon="18.949750"><time>2026-05-24T11:41:25.900Z</time></trkpt>
<trkpt lat="54.373479" lon="18.949697"><time>2026-05-24T11:41:27.900Z</time></trkpt>
<trkpt lat="54.373478" lon="18.949627"><time>2026-05-24T11:41:29.900Z</time></trkpt>
<trkpt lat="54.373475" lon="18.949555"><time>2026-05-24T11:41:31.900Z</time></trkpt>
<trkpt lat="54.373481" lon="18.949483"><time>2026-05-24T11:41:33.900Z</time></trkpt>
<trkpt lat="54.373484" lon="18.949411"><time>2026-05-24T11:41:35.900Z</time></trkpt>
<trkpt lat="54.373485" lon="18.949339"><time>2026-05-24T11:41:37.900Z</time></trkpt>
<trkpt lat="54.373481" lon="18.949272"><time>2026-05-24T11:41:39.900Z</time></trkpt>
<trkpt lat="54.373484" lon="18.949195"><time>2026-05-24T11:41:41.900Z</time></trkpt>
<trkpt lat="54.373485" lon="18.949119"><time>2026-05-24T11:41:43.900Z</time></trkpt>
<trkpt lat="54.373490" lon="18.949045"><time>2026-05-24T11:41:45.900Z</time></trkpt>
<trkpt lat="54.373507" lon="18.948973"><time>2026-05-24T11:41:47.900Z</time></trkpt>
<trkpt lat="54.373498" lon="18.948889"><time>2026-05-24T11:41:49.900Z</time></trkpt>
<trkpt lat="54.373509" lon="18.948808"><time>2026-05-24T11:41:51.900Z</time></trkpt>
<trkpt lat="54.373510" lon="18.948719"><time>2026-05-24T11:41:53.900Z</time></trkpt>
<trkpt lat="54.373516" lon="18.948639"><time>2026-05-24T11:41:55.900Z</time></trkpt>
<trkpt lat="54.373524" lon="18.948563"><time>2026-05-24T11:41:57.900Z</time></trkpt>
<trkpt lat="54.373518" lon="18.948481"><time>2026-05-24T11:41:59.900Z</time></trkpt>
<trkpt lat="54.373524" lon="18.948400"><time>2026-05-24T11:42:01.900Z</time></trkpt>
<trkpt lat="54.373529" lon="18.948324"><time>2026-05-24T11:42:03.900Z</time></trkpt>
<trkpt lat="54.373537" lon="18.948242"><time>2026-05-24T11:42:05.900Z</time></trkpt>
<trkpt lat="54.373538" lon="18.948158"><time>2026-05-24T11:42:07.900Z</time></trkpt>
<trkpt lat="54.373542" lon="18.948078"><time>2026-05-24T11:42:09.900Z</time></trkpt>
<trkpt lat="54.373550" lon="18.947996"><time>2026-05-24T11:42:11.900Z</time></trkpt>
<trkpt lat="54.373560" lon="18.947900"><time>2026-05-24T11:42:13.900Z</time></trkpt>
<trkpt lat="54.373568" lon="18.947824"><time>2026-05-24T11:42:15.900Z</time></trkpt>
<trkpt lat="54.373569" lon="18.947741"><time>2026-05-24T11:42:17.900Z</time></trkpt>
<trkpt lat="54.373572" lon="18.947654"><time>2026-05-24T11:42:19.900Z</time></trkpt>
<trkpt lat="54.373579" lon="18.947569"><time>2026-05-24T11:42:21.900Z</time></trkpt>
<trkpt lat="54.373585" lon="18.947481"><time>2026-05-24T11:42:23.900Z</time></trkpt>
<trkpt lat="54.373588" lon="18.947392"><time>2026-05-24T11:42:25.900Z</time></trkpt>
<trkpt lat="54.373592" lon="18.947299"><time>2026-05-24T11:42:27.900Z</time></trkpt>
<trkpt lat="54.373596" lon="18.947212"><time>2026-05-24T11:42:30.000Z</time></trkpt>
<trkpt lat="54.373603" lon="18.947126"><time>2026-05-24T11:42:32.000Z</time></trkpt>
<trkpt lat="54.373608" lon="18.947039"><time>2026-05-24T11:42:34.000Z</time></trkpt>
<trkpt lat="54.373609" lon="18.946947"><time>2026-05-24T11:42:36.000Z</time></trkpt>
<trkpt lat="54.373613" lon="18.946855"><time>2026-05-24T11:42:38.000Z</time></trkpt>
<trkpt lat="54.373615" lon="18.946767"><time>2026-05-24T11:42:40.000Z</time></trkpt>
<trkpt lat="54.373625" lon="18.946675"><time>2026-05-24T11:42:42.000Z</time></trkpt>
<trkpt lat="54.373624" lon="18.946588"><time>2026-05-24T11:42:44.000Z</time></trkpt>
<trkpt lat="54.373625" lon="18.946495"><time>2026-05-24T11:42:46.000Z</time></trkpt>
<trkpt lat="54.373631" lon="18.946405"><time>2026-05-24T11:42:48.000Z</time></trkpt>
<trkpt lat="54.373634" lon="18.946310"><time>2026-05-24T11:42:50.000Z</time></trkpt>
<trkpt lat="54.373638" lon="18.946217"><time>2026-05-24T11:42:52.000Z</time></trkpt>
<trkpt lat="54.373642" lon="18.946121"><time>2026-05-24T11:42:54.000Z</time></trkpt>
<trkpt lat="54.373648" lon="18.946029"><time>2026-05-24T11:42:56.000Z</time></trkpt>
<trkpt lat="54.373651" lon="18.945935"><time>2026-05-24T11:42:58.000Z</time></trkpt>
<trkpt lat="54.373656" lon="18.945841"><time>2026-05-24T11:43:00.000Z</time></trkpt>
<trkpt lat="54.373658" lon="18.945752"><time>2026-05-24T11:43:02.000Z</time></trkpt>
<trkpt lat="54.373662" lon="18.945661"><time>2026-05-24T11:43:04.000Z</time></trkpt>
<trkpt lat="54.373665" lon="18.945568"><time>2026-05-24T11:43:06.000Z</time></trkpt>
<trkpt lat="54.373667" lon="18.945474"><time>2026-05-24T11:43:08.000Z</time></trkpt>
<trkpt lat="54.373668" lon="18.945380"><time>2026-05-24T11:43:10.000Z</time></trkpt>
<trkpt lat="54.373672" lon="18.945288"><time>2026-05-24T11:43:12.000Z</time></trkpt>
<trkpt lat="54.373676" lon="18.945196"><time>2026-05-24T11:43:14.000Z</time></trkpt>
<trkpt lat="54.373677" lon="18.945104"><time>2026-05-24T11:43:16.000Z</time></trkpt>
<trkpt lat="54.373680" lon="18.945012"><time>2026-05-24T11:43:18.000Z</time></trkpt>
<trkpt lat="54.373680" lon="18.944919"><time>2026-05-24T11:43:20.000Z</time></trkpt>
<trkpt lat="54.373689" lon="18.944826"><time>2026-05-24T11:43:22.000Z</time></trkpt>
<trkpt lat="54.373695" lon="18.944728"><time>2026-05-24T11:43:23.900Z</time></trkpt>
<trkpt lat="54.373696" lon="18.944631"><time>2026-05-24T11:43:25.900Z</time></trkpt>
<trkpt lat="54.373693" lon="18.944538"><time>2026-05-24T11:43:27.900Z</time></trkpt>
<trkpt lat="54.373699" lon="18.944445"><time>2026-05-24T11:43:29.900Z</time></trkpt>
<trkpt lat="54.373696" lon="18.944351"><time>2026-05-24T11:43:31.900Z</time></trkpt>
<trkpt lat="54.373692" lon="18.944257"><time>2026-05-24T11:43:33.900Z</time></trkpt>
<trkpt lat="54.373694" lon="18.944164"><time>2026-05-24T11:43:35.900Z</time></trkpt>
<trkpt lat="54.373695" lon="18.944075"><time>2026-05-24T11:43:37.900Z</time></trkpt>
<trkpt lat="54.373695" lon="18.943982"><time>2026-05-24T11:43:39.900Z</time></trkpt>
<trkpt lat="54.373697" lon="18.943890"><time>2026-05-24T11:43:41.900Z</time></trkpt>
<trkpt lat="54.373703" lon="18.943799"><time>2026-05-24T11:43:43.900Z</time></trkpt>
<trkpt lat="54.373704" lon="18.943708"><time>2026-05-24T11:43:45.900Z</time></trkpt>
<trkpt lat="54.373708" lon="18.943614"><time>2026-05-24T11:43:47.900Z</time></trkpt>
<trkpt lat="54.373705" lon="18.943523"><time>2026-05-24T11:43:49.900Z</time></trkpt>
<trkpt lat="54.373701" lon="18.943430"><time>2026-05-24T11:43:51.900Z</time></trkpt>
<trkpt lat="54.373698" lon="18.943336"><time>2026-05-24T11:43:53.900Z</time></trkpt>
<trkpt lat="54.373693" lon="18.943243"><time>2026-05-24T11:43:55.900Z</time></trkpt>
<trkpt lat="54.373696" lon="18.943152"><time>2026-05-24T11:43:57.900Z</time></trkpt>
<trkpt lat="54.373700" lon="18.943062"><time>2026-05-24T11:43:59.900Z</time></trkpt>
<trkpt lat="54.373694" lon="18.942975"><time>2026-05-24T11:44:01.900Z</time></trkpt>
<trkpt lat="54.373690" lon="18.942886"><time>2026-05-24T11:44:03.900Z</time></trkpt>
<trkpt lat="54.373688" lon="18.942793"><time>2026-05-24T11:44:05.900Z</time></trkpt>
<trkpt lat="54.373690" lon="18.942703"><time>2026-05-24T11:44:07.900Z</time></trkpt>
<trkpt lat="54.373693" lon="18.942611"><time>2026-05-24T11:44:09.900Z</time></trkpt>
<trkpt lat="54.373684" lon="18.942524"><time>2026-05-24T11:44:11.900Z</time></trkpt>
<trkpt lat="54.373681" lon="18.942435"><time>2026-05-24T11:44:13.900Z</time></trkpt>
<trkpt lat="54.373678" lon="18.942348"><time>2026-05-24T11:44:15.900Z</time></trkpt>
<trkpt lat="54.373683" lon="18.942264"><time>2026-05-24T11:44:17.900Z</time></trkpt>
<trkpt lat="54.373689" lon="18.942178"><time>2026-05-24T11:44:19.900Z</time></trkpt>
<trkpt lat="54.373694" lon="18.942089"><time>2026-05-24T11:44:21.900Z</time></trkpt>
<trkpt lat="54.373700" lon="18.942000"><time>2026-05-24T11:44:23.900Z</time></trkpt>
<trkpt lat="54.373705" lon="18.941908"><time>2026-05-24T11:44:25.900Z</time></trkpt>
<trkpt lat="54.373709" lon="18.941819"><time>2026-05-24T11:44:27.900Z</time></trkpt>
<trkpt lat="54.373705" lon="18.941730"><time>2026-05-24T11:44:29.900Z</time></trkpt>
<trkpt lat="54.373710" lon="18.941641"><time>2026-05-24T11:44:31.900Z</time></trkpt>
<trkpt lat="54.373717" lon="18.941553"><time>2026-05-24T11:44:34.000Z</time></trkpt>
<trkpt lat="54.373728" lon="18.941468"><time>2026-05-24T11:44:36.000Z</time></trkpt>
<trkpt lat="54.373731" lon="18.941383"><time>2026-05-24T11:44:38.000Z</time></trkpt>
<trkpt lat="54.373732" lon="18.941327"><time>2026-05-24T11:44:40.000Z</time></trkpt>
<trkpt lat="54.373738" lon="18.941213"><time>2026-05-24T11:44:42.000Z</time></trkpt>
<trkpt lat="54.373745" lon="18.941129"><time>2026-05-24T11:44:44.000Z</time></trkpt>
<trkpt lat="54.373748" lon="18.941042"><time>2026-05-24T11:44:46.000Z</time></trkpt>
<trkpt lat="54.373746" lon="18.940954"><time>2026-05-24T11:44:48.000Z</time></trkpt>
<trkpt lat="54.373754" lon="18.940867"><time>2026-05-24T11:44:50.000Z</time></trkpt>
<trkpt lat="54.373761" lon="18.940777"><time>2026-05-24T11:44:52.000Z</time></trkpt>
<trkpt lat="54.373768" lon="18.940688"><time>2026-05-24T11:44:54.000Z</time></trkpt>
<trkpt lat="54.373768" lon="18.940598"><time>2026-05-24T11:44:56.000Z</time></trkpt>
<trkpt lat="54.373771" lon="18.940506"><time>2026-05-24T11:44:58.000Z</time></trkpt>
<trkpt lat="54.373770" lon="18.940410"><time>2026-05-24T11:45:00.000Z</time></trkpt>
<trkpt lat="54.373763" lon="18.940319"><time>2026-05-24T11:45:02.000Z</time></trkpt>
<trkpt lat="54.373766" lon="18.940228"><time>2026-05-24T11:45:04.000Z</time></trkpt>
<trkpt lat="54.373767" lon="18.940138"><time>2026-05-24T11:45:06.000Z</time></trkpt>
<trkpt lat="54.373771" lon="18.940049"><time>2026-05-24T11:45:08.000Z</time></trkpt>
<trkpt lat="54.373773" lon="18.939956"><time>2026-05-24T11:45:10.000Z</time></trkpt>
<trkpt lat="54.373775" lon="18.939862"><time>2026-05-24T11:45:12.000Z</time></trkpt>
<trkpt lat="54.373778" lon="18.939771"><time>2026-05-24T11:45:14.000Z</time></trkpt>
<trkpt lat="54.373776" lon="18.939682"><time>2026-05-24T11:45:16.000Z</time></trkpt>
<trkpt lat="54.373775" lon="18.939592"><time>2026-05-24T11:45:18.000Z</time></trkpt>
<trkpt lat="54.373774" lon="18.939501"><time>2026-05-24T11:45:20.000Z</time></trkpt>
<trkpt lat="54.373776" lon="18.939409"><time>2026-05-24T11:45:22.000Z</time></trkpt>
<trkpt lat="54.373774" lon="18.939317"><time>2026-05-24T11:45:24.000Z</time></trkpt>
<trkpt lat="54.373770" lon="18.939229"><time>2026-05-24T11:45:26.000Z</time></trkpt>
<trkpt lat="54.373767" lon="18.939136"><time>2026-05-24T11:45:28.000Z</time></trkpt>
<trkpt lat="54.373764" lon="18.939043"><time>2026-05-24T11:45:30.000Z</time></trkpt>
<trkpt lat="54.373763" lon="18.938950"><time>2026-05-24T11:45:32.000Z</time></trkpt>
<trkpt lat="54.373761" lon="18.938860"><time>2026-05-24T11:45:34.000Z</time></trkpt>
<trkpt lat="54.373758" lon="18.938769"><time>2026-05-24T11:45:36.000Z</time></trkpt>
<trkpt lat="54.373759" lon="18.938675"><time>2026-05-24T11:45:38.000Z</time></trkpt>
<trkpt lat="54.373755" lon="18.938585"><time>2026-05-24T11:45:40.000Z</time></trkpt>
<trkpt lat="54.373749" lon="18.938494"><time>2026-05-24T11:45:42.000Z</time></trkpt>
<trkpt lat="54.373746" lon="18.938404"><time>2026-05-24T11:45:44.000Z</time></trkpt>
<trkpt lat="54.373751" lon="18.938317"><time>2026-05-24T11:45:45.900Z</time></trkpt>
<trkpt lat="54.373756" lon="18.938226"><time>2026-05-24T11:45:47.900Z</time></trkpt>
<trkpt lat="54.373759" lon="18.938133"><time>2026-05-24T11:45:49.900Z</time></trkpt>
<trkpt lat="54.373758" lon="18.938041"><time>2026-05-24T11:45:51.900Z</time></trkpt>
<trkpt lat="54.373760" lon="18.937950"><time>2026-05-24T11:45:53.900Z</time></trkpt>
<trkpt lat="54.373760" lon="18.937860"><time>2026-05-24T11:45:55.900Z</time></trkpt>
<trkpt lat="54.373766" lon="18.937768"><time>2026-05-24T11:45:57.900Z</time></trkpt>
<trkpt lat="54.373766" lon="18.937676"><time>2026-05-24T11:45:59.900Z</time></trkpt>
<trkpt lat="54.373760" lon="18.937585"><time>2026-05-24T11:46:01.900Z</time></trkpt>
<trkpt lat="54.373754" lon="18.937499"><time>2026-05-24T11:46:03.900Z</time></trkpt>
<trkpt lat="54.373749" lon="18.937409"><time>2026-05-24T11:46:05.900Z</time></trkpt>
<trkpt lat="54.373757" lon="18.937325"><time>2026-05-24T11:46:07.900Z</time></trkpt>
<trkpt lat="54.373765" lon="18.937241"><time>2026-05-24T11:46:09.900Z</time></trkpt>
<trkpt lat="54.373769" lon="18.937152"><time>2026-05-24T11:46:11.900Z</time></trkpt>
<trkpt lat="54.373769" lon="18.937065"><time>2026-05-24T11:46:13.900Z</time></trkpt>
<trkpt lat="54.373772" lon="18.936980"><time>2026-05-24T11:46:15.900Z</time></trkpt>
<trkpt lat="54.373779" lon="18.936896"><time>2026-05-24T11:46:17.900Z</time></trkpt>
<trkpt lat="54.373783" lon="18.936810"><time>2026-05-24T11:46:19.900Z</time></trkpt>
<trkpt lat="54.373782" lon="18.936721"><time>2026-05-24T11:46:21.900Z</time></trkpt>
<trkpt lat="54.373784" lon="18.936633"><time>2026-05-24T11:46:23.900Z</time></trkpt>
<trkpt lat="54.373792" lon="18.936547"><time>2026-05-24T11:46:25.900Z</time></trkpt>
<trkpt lat="54.373797" lon="18.936460"><time>2026-05-24T11:46:27.900Z</time></trkpt>
<trkpt lat="54.373803" lon="18.936374"><time>2026-05-24T11:46:29.900Z</time></trkpt>
<trkpt lat="54.373805" lon="18.936286"><time>2026-05-24T11:46:31.900Z</time></trkpt>
<trkpt lat="54.373808" lon="18.936200"><time>2026-05-24T11:46:33.900Z</time></trkpt>
<trkpt lat="54.373808" lon="18.936112"><time>2026-05-24T11:46:35.900Z</time></trkpt>
<trkpt lat="54.373812" lon="18.936030"><time>2026-05-24T11:46:37.900Z</time></trkpt>
<trkpt lat="54.373820" lon="18.935942"><time>2026-05-24T11:46:40.000Z</time></trkpt>
<trkpt lat="54.373818" lon="18.935853"><time>2026-05-24T11:46:42.000Z</time></trkpt>
<trkpt lat="54.373823" lon="18.935764"><time>2026-05-24T11:46:44.000Z</time></trkpt>
<trkpt lat="54.373823" lon="18.935675"><time>2026-05-24T11:46:46.000Z</time></trkpt>
<trkpt lat="54.373828" lon="18.935589"><time>2026-05-24T11:46:48.000Z</time></trkpt>
<trkpt lat="54.373830" lon="18.935498"><time>2026-05-24T11:46:50.000Z</time></trkpt>
<trkpt lat="54.373834" lon="18.935409"><time>2026-05-24T11:46:52.000Z</time></trkpt>
<trkpt lat="54.373842" lon="18.935320"><time>2026-05-24T11:46:54.000Z</time></trkpt>
<trkpt lat="54.373845" lon="18.935234"><time>2026-05-24T11:46:56.000Z</time></trkpt>
<trkpt lat="54.373852" lon="18.935144"><time>2026-05-24T11:46:58.000Z</time></trkpt>
<trkpt lat="54.373854" lon="18.935051"><time>2026-05-24T11:47:00.000Z</time></trkpt>
<trkpt lat="54.373853" lon="18.934957"><time>2026-05-24T11:47:02.000Z</time></trkpt>
<trkpt lat="54.373851" lon="18.934862"><time>2026-05-24T11:47:04.000Z</time></trkpt>
<trkpt lat="54.373853" lon="18.934771"><time>2026-05-24T11:47:06.000Z</time></trkpt>
<trkpt lat="54.373860" lon="18.934680"><time>2026-05-24T11:47:08.000Z</time></trkpt>
<trkpt lat="54.373867" lon="18.934588"><time>2026-05-24T11:47:10.000Z</time></trkpt>
<trkpt lat="54.373873" lon="18.934496"><time>2026-05-24T11:47:12.000Z</time></trkpt>
<trkpt lat="54.373875" lon="18.934403"><time>2026-05-24T11:47:14.000Z</time></trkpt>
<trkpt lat="54.373871" lon="18.934305"><time>2026-05-24T11:47:16.000Z</time></trkpt>
<trkpt lat="54.373871" lon="18.934209"><time>2026-05-24T11:47:18.000Z</time></trkpt>
<trkpt lat="54.373874" lon="18.934118"><time>2026-05-24T11:47:20.000Z</time></trkpt>
<trkpt lat="54.373886" lon="18.934025"><time>2026-05-24T11:47:22.000Z</time></trkpt>
<trkpt lat="54.373889" lon="18.933929"><time>2026-05-24T11:47:24.000Z</time></trkpt>
<trkpt lat="54.373888" lon="18.933835"><time>2026-05-24T11:47:26.000Z</time></trkpt>
<trkpt lat="54.373890" lon="18.933740"><time>2026-05-24T11:47:28.000Z</time></trkpt>
<trkpt lat="54.373896" lon="18.933650"><time>2026-05-24T11:47:30.000Z</time></trkpt>
<trkpt lat="54.373902" lon="18.933557"><time>2026-05-24T11:47:32.000Z</time></trkpt>
<trkpt lat="54.373909" lon="18.933465"><time>2026-05-24T11:47:34.000Z</time></trkpt>
<trkpt lat="54.373908" lon="18.933371"><time>2026-05-24T11:47:36.000Z</time></trkpt>
<trkpt lat="54.373919" lon="18.933277"><time>2026-05-24T11:47:38.000Z</time></trkpt>
<trkpt lat="54.373928" lon="18.933183"><time>2026-05-24T11:47:40.000Z</time></trkpt>
<trkpt lat="54.373933" lon="18.933087"><time>2026-05-24T11:47:42.000Z</time></trkpt>
<trkpt lat="54.373937" lon="18.932991"><time>2026-05-24T11:47:44.000Z</time></trkpt>
<trkpt lat="54.373935" lon="18.932892"><time>2026-05-24T11:47:46.000Z</time></trkpt>
<trkpt lat="54.373934" lon="18.932796"><time>2026-05-24T11:47:48.000Z</time></trkpt>
<trkpt lat="54.373931" lon="18.932698"><time>2026-05-24T11:47:50.000Z</time></trkpt>
<trkpt lat="54.373934" lon="18.932610"><time>2026-05-24T11:47:52.000Z</time></trkpt>
<trkpt lat="54.373937" lon="18.932516"><time>2026-05-24T11:47:54.000Z</time></trkpt>
<trkpt lat="54.373944" lon="18.932423"><time>2026-05-24T11:47:56.000Z</time></trkpt>
<trkpt lat="54.373945" lon="18.932328"><time>2026-05-24T11:47:57.900Z</time></trkpt>
<trkpt lat="54.373946" lon="18.932235"><time>2026-05-24T11:47:59.900Z</time></trkpt>
<trkpt lat="54.373953" lon="18.932142"><time>2026-05-24T11:48:01.900Z</time></trkpt>
<trkpt lat="54.373959" lon="18.932048"><time>2026-05-24T11:48:03.900Z</time></trkpt>
<trkpt lat="54.373963" lon="18.931955"><time>2026-05-24T11:48:05.900Z</time></trkpt>
<trkpt lat="54.373961" lon="18.931860"><time>2026-05-24T11:48:07.900Z</time></trkpt>
<trkpt lat="54.373964" lon="18.931766"><time>2026-05-24T11:48:09.900Z</time></trkpt>
<trkpt lat="54.373973" lon="18.931674"><time>2026-05-24T11:48:11.900Z</time></trkpt>
<trkpt lat="54.373979" lon="18.931584"><time>2026-05-24T11:48:13.900Z</time></trkpt>
<trkpt lat="54.373981" lon="18.931490"><time>2026-05-24T11:48:15.900Z</time></trkpt>
<trkpt lat="54.373981" lon="18.931397"><time>2026-05-24T11:48:17.900Z</time></trkpt>
<trkpt lat="54.373979" lon="18.931305"><time>2026-05-24T11:48:19.900Z</time></trkpt>
<trkpt lat="54.373983" lon="18.931213"><time>2026-05-24T11:48:21.900Z</time></trkpt>
<trkpt lat="54.373990" lon="18.931120"><time>2026-05-24T11:48:23.900Z</time></trkpt>
<trkpt lat="54.373996" lon="18.931027"><time>2026-05-24T11:48:25.900Z</time></trkpt>
<trkpt lat="54.373989" lon="18.930934"><time>2026-05-24T11:48:27.900Z</time></trkpt>
<trkpt lat="54.373993" lon="18.930841"><time>2026-05-24T11:48:29.900Z</time></trkpt>
<trkpt lat="54.373997" lon="18.930752"><time>2026-05-24T11:48:31.900Z</time></trkpt>
<trkpt lat="54.374002" lon="18.930660"><time>2026-05-24T11:48:33.900Z</time></trkpt>
<trkpt lat="54.374009" lon="18.930570"><time>2026-05-24T11:48:35.900Z</time></trkpt>
<trkpt lat="54.374009" lon="18.930476"><time>2026-05-24T11:48:37.900Z</time></trkpt>
<trkpt lat="54.374010" lon="18.930380"><time>2026-05-24T11:48:39.900Z</time></trkpt>
<trkpt lat="54.374013" lon="18.930292"><time>2026-05-24T11:48:41.900Z</time></trkpt>
<trkpt lat="54.374015" lon="18.930201"><time>2026-05-24T11:48:43.900Z</time></trkpt>
<trkpt lat="54.374023" lon="18.930112"><time>2026-05-24T11:48:46.000Z</time></trkpt>
<trkpt lat="54.374031" lon="18.930019"><time>2026-05-24T11:48:48.000Z</time></trkpt>
<trkpt lat="54.374035" lon="18.929924"><time>2026-05-24T11:48:50.000Z</time></trkpt>
<trkpt lat="54.374030" lon="18.929830"><time>2026-05-24T11:48:52.000Z</time></trkpt>
<trkpt lat="54.374033" lon="18.929739"><time>2026-05-24T11:48:54.000Z</time></trkpt>
<trkpt lat="54.374041" lon="18.929646"><time>2026-05-24T11:48:56.000Z</time></trkpt>
<trkpt lat="54.374050" lon="18.929556"><time>2026-05-24T11:48:58.000Z</time></trkpt>
<trkpt lat="54.374055" lon="18.929462"><time>2026-05-24T11:49:00.000Z</time></trkpt>
<trkpt lat="54.374060" lon="18.929367"><time>2026-05-24T11:49:02.000Z</time></trkpt>
<trkpt lat="54.374064" lon="18.929273"><time>2026-05-24T11:49:04.000Z</time></trkpt>
<trkpt lat="54.374070" lon="18.929182"><time>2026-05-24T11:49:06.000Z</time></trkpt>
<trkpt lat="54.374075" lon="18.929090"><time>2026-05-24T11:49:08.000Z</time></trkpt>
<trkpt lat="54.374077" lon="18.928994"><time>2026-05-24T11:49:10.000Z</time></trkpt>
<trkpt lat="54.374079" lon="18.928899"><time>2026-05-24T11:49:12.000Z</time></trkpt>
<trkpt lat="54.374084" lon="18.928808"><time>2026-05-24T11:49:14.000Z</time></trkpt>
<trkpt lat="54.374090" lon="18.928716"><time>2026-05-24T11:49:16.000Z</time></trkpt>
<trkpt lat="54.374091" lon="18.928621"><time>2026-05-24T11:49:18.000Z</time></trkpt>
<trkpt lat="54.374091" lon="18.928527"><time>2026-05-24T11:49:20.000Z</time></trkpt>
<trkpt lat="54.374101" lon="18.928434"><time>2026-05-24T11:49:22.000Z</time></trkpt>
<trkpt lat="54.374105" lon="18.928341"><time>2026-05-24T11:49:24.000Z</time></trkpt>
<trkpt lat="54.374103" lon="18.928249"><time>2026-05-24T11:49:26.000Z</time></trkpt>
<trkpt lat="54.374104" lon="18.928162"><time>2026-05-24T11:49:28.000Z</time></trkpt>
<trkpt lat="54.374110" lon="18.928072"><time>2026-05-24T11:49:30.000Z</time></trkpt>
<trkpt lat="54.374112" lon="18.927979"><time>2026-05-24T11:49:32.000Z</time></trkpt>
<trkpt lat="54.374118" lon="18.927886"><time>2026-05-24T11:49:34.000Z</time></trkpt>
<trkpt lat="54.374115" lon="18.927795"><time>2026-05-24T11:49:36.000Z</time></trkpt>
<trkpt lat="54.374118" lon="18.927705"><time>2026-05-24T11:49:38.000Z</time></trkpt>
<trkpt lat="54.374122" lon="18.927615"><time>2026-05-24T11:49:40.000Z</time></trkpt>
<trkpt lat="54.374122" lon="18.927521"><time>2026-05-24T11:49:42.000Z</time></trkpt>
<trkpt lat="54.374122" lon="18.927428"><time>2026-05-24T11:49:44.000Z</time></trkpt>
<trkpt lat="54.374118" lon="18.927334"><time>2026-05-24T11:49:46.000Z</time></trkpt>
<trkpt lat="54.374123" lon="18.927244"><time>2026-05-24T11:49:48.000Z</time></trkpt>
<trkpt lat="54.374129" lon="18.927152"><time>2026-05-24T11:49:50.000Z</time></trkpt>
<trkpt lat="54.374127" lon="18.927060"><time>2026-05-24T11:49:52.000Z</time></trkpt>
<trkpt lat="54.374126" lon="18.926966"><time>2026-05-24T11:49:54.000Z</time></trkpt>
<trkpt lat="54.374131" lon="18.926871"><time>2026-05-24T11:49:56.000Z</time></trkpt>
<trkpt lat="54.374133" lon="18.926774"><time>2026-05-24T11:49:58.000Z</time></trkpt>
<trkpt lat="54.374133" lon="18.926675"><time>2026-05-24T11:50:00.000Z</time></trkpt>
<trkpt lat="54.374137" lon="18.926575"><time>2026-05-24T11:50:02.000Z</time></trkpt>
<trkpt lat="54.374142" lon="18.926479"><time>2026-05-24T11:50:04.000Z</time></trkpt>
<trkpt lat="54.374146" lon="18.926378"><time>2026-05-24T11:50:05.900Z</time></trkpt>
<trkpt lat="54.374148" lon="18.926281"><time>2026-05-24T11:50:07.900Z</time></trkpt>
<trkpt lat="54.374149" lon="18.926181"><time>2026-05-24T11:50:09.900Z</time></trkpt>
<trkpt lat="54.374152" lon="18.926083"><time>2026-05-24T11:50:11.900Z</time></trkpt>
<trkpt lat="54.374155" lon="18.925981"><time>2026-05-24T11:50:13.900Z</time></trkpt>
<trkpt lat="54.374163" lon="18.925880"><time>2026-05-24T11:50:15.900Z</time></trkpt>
<trkpt lat="54.374167" lon="18.925780"><time>2026-05-24T11:50:17.900Z</time></trkpt>
<trkpt lat="54.374168" lon="18.925681"><time>2026-05-24T11:50:19.900Z</time></trkpt>
<trkpt lat="54.374170" lon="18.925577"><time>2026-05-24T11:50:21.900Z</time></trkpt>
<trkpt lat="54.374169" lon="18.925472"><time>2026-05-24T11:50:23.900Z</time></trkpt>
<trkpt lat="54.374171" lon="18.925368"><time>2026-05-24T11:50:25.900Z</time></trkpt>
<trkpt lat="54.374175" lon="18.925264"><time>2026-05-24T11:50:27.900Z</time></trkpt>
<trkpt lat="54.374176" lon="18.925157"><time>2026-05-24T11:50:29.900Z</time></trkpt>
<trkpt lat="54.374177" lon="18.925053"><time>2026-05-24T11:50:31.900Z</time></trkpt>
<trkpt lat="54.374178" lon="18.924945"><time>2026-05-24T11:50:33.900Z</time></trkpt>
<trkpt lat="54.374178" lon="18.924843"><time>2026-05-24T11:50:35.900Z</time></trkpt>
<trkpt lat="54.374180" lon="18.924740"><time>2026-05-24T11:50:37.900Z</time></trkpt>
<trkpt lat="54.374185" lon="18.924640"><time>2026-05-24T11:50:39.900Z</time></trkpt>
<trkpt lat="54.374191" lon="18.924539"><time>2026-05-24T11:50:41.900Z</time></trkpt>
<trkpt lat="54.374192" lon="18.924434"><time>2026-05-24T11:50:43.900Z</time></trkpt>
<trkpt lat="54.374194" lon="18.924326"><time>2026-05-24T11:50:45.900Z</time></trkpt>
<trkpt lat="54.374198" lon="18.924218"><time>2026-05-24T11:50:47.900Z</time></trkpt>
<trkpt lat="54.374208" lon="18.924113"><time>2026-05-24T11:50:49.900Z</time></trkpt>
<trkpt lat="54.374209" lon="18.924006"><time>2026-05-24T11:50:52.000Z</time></trkpt>
<trkpt lat="54.374215" lon="18.923902"><time>2026-05-24T11:50:54.000Z</time></trkpt>
<trkpt lat="54.374216" lon="18.923795"><time>2026-05-24T11:50:56.000Z</time></trkpt>
<trkpt lat="54.374228" lon="18.923717"><time>2026-05-24T11:50:58.000Z</time></trkpt>
<trkpt lat="54.374222" lon="18.923592"><time>2026-05-24T11:51:00.000Z</time></trkpt>
<trkpt lat="54.374222" lon="18.923490"><time>2026-05-24T11:51:02.000Z</time></trkpt>
<trkpt lat="54.374222" lon="18.923379"><time>2026-05-24T11:51:04.000Z</time></trkpt>
<trkpt lat="54.374222" lon="18.923273"><time>2026-05-24T11:51:06.000Z</time></trkpt>
<trkpt lat="54.374222" lon="18.923169"><time>2026-05-24T11:51:08.000Z</time></trkpt>
<trkpt lat="54.374228" lon="18.923064"><time>2026-05-24T11:51:10.000Z</time></trkpt>
<trkpt lat="54.374225" lon="18.922960"><time>2026-05-24T11:51:12.000Z</time></trkpt>
<trkpt lat="54.374217" lon="18.922865"><time>2026-05-24T11:51:14.000Z</time></trkpt>
<trkpt lat="54.374209" lon="18.922754"><time>2026-05-24T11:51:16.000Z</time></trkpt>
<trkpt lat="54.374207" lon="18.922652"><time>2026-05-24T11:51:18.000Z</time></trkpt>
<trkpt lat="54.374211" lon="18.922548"><time>2026-05-24T11:51:20.000Z</time></trkpt>
<trkpt lat="54.374215" lon="18.922443"><time>2026-05-24T11:51:22.000Z</time></trkpt>
<trkpt lat="54.374210" lon="18.922338"><time>2026-05-24T11:51:24.000Z</time></trkpt>
<trkpt lat="54.374204" lon="18.922231"><time>2026-05-24T11:51:26.000Z</time></trkpt>
<trkpt lat="54.374208" lon="18.922126"><time>2026-05-24T11:51:28.000Z</time></trkpt>
<trkpt lat="54.374209" lon="18.922017"><time>2026-05-24T11:51:30.000Z</time></trkpt>
<trkpt lat="54.374210" lon="18.921913"><time>2026-05-24T11:51:32.000Z</time></trkpt>
<trkpt lat="54.374207" lon="18.921808"><time>2026-05-24T11:51:34.000Z</time></trkpt>
<trkpt lat="54.374207" lon="18.921703"><time>2026-05-24T11:51:36.000Z</time></trkpt>
<trkpt lat="54.374198" lon="18.921596"><time>2026-05-24T11:51:38.000Z</time></trkpt>
<trkpt lat="54.374197" lon="18.921492"><time>2026-05-24T11:51:40.000Z</time></trkpt>
<trkpt lat="54.374197" lon="18.921385"><time>2026-05-24T11:51:42.000Z</time></trkpt>
<trkpt lat="54.374206" lon="18.921281"><time>2026-05-24T11:51:44.000Z</time></trkpt>
<trkpt lat="54.374206" lon="18.921174"><time>2026-05-24T11:51:46.000Z</time></trkpt>
<trkpt lat="54.374207" lon="18.921070"><time>2026-05-24T11:51:48.000Z</time></trkpt>
<trkpt lat="54.374207" lon="18.920962"><time>2026-05-24T11:51:50.000Z</time></trkpt>
<trkpt lat="54.374208" lon="18.920855"><time>2026-05-24T11:51:52.000Z</time></trkpt>
<trkpt lat="54.374207" lon="18.920748"><time>2026-05-24T11:51:54.000Z</time></trkpt>
<trkpt lat="54.374203" lon="18.920645"><time>2026-05-24T11:51:56.000Z</time></trkpt>
<trkpt lat="54.374190" lon="18.920534"><time>2026-05-24T11:51:58.000Z</time></trkpt>
<trkpt lat="54.374182" lon="18.920431"><time>2026-05-24T11:52:00.000Z</time></trkpt>
<trkpt lat="54.374175" lon="18.920328"><time>2026-05-24T11:52:02.000Z</time></trkpt>
<trkpt lat="54.374175" lon="18.920227"><time>2026-05-24T11:52:03.900Z</time></trkpt>
<trkpt lat="54.374180" lon="18.920120"><time>2026-05-24T11:52:05.900Z</time></trkpt>
<trkpt lat="54.374180" lon="18.920016"><time>2026-05-24T11:52:07.900Z</time></trkpt>
<trkpt lat="54.374182" lon="18.919915"><time>2026-05-24T11:52:09.900Z</time></trkpt>
<trkpt lat="54.374186" lon="18.919810"><time>2026-05-24T11:52:11.900Z</time></trkpt>
<trkpt lat="54.374190" lon="18.919705"><time>2026-05-24T11:52:13.900Z</time></trkpt>
<trkpt lat="54.374197" lon="18.919602"><time>2026-05-24T11:52:15.900Z</time></trkpt>
<trkpt lat="54.374200" lon="18.919495"><time>2026-05-24T11:52:17.900Z</time></trkpt>
<trkpt lat="54.374207" lon="18.919388"><time>2026-05-24T11:52:19.900Z</time></trkpt>
<trkpt lat="54.374210" lon="18.919281"><time>2026-05-24T11:52:21.900Z</time></trkpt>
<trkpt lat="54.374218" lon="18.919177"><time>2026-05-24T11:52:23.900Z</time></trkpt>
<trkpt lat="54.374220" lon="18.919070"><time>2026-05-24T11:52:25.900Z</time></trkpt>
<trkpt lat="54.374228" lon="18.918961"><time>2026-05-24T11:52:27.900Z</time></trkpt>
<trkpt lat="54.374224" lon="18.918854"><time>2026-05-24T11:52:29.900Z</time></trkpt>
<trkpt lat="54.374225" lon="18.918748"><time>2026-05-24T11:52:31.900Z</time></trkpt>
<trkpt lat="54.374229" lon="18.918641"><time>2026-05-24T11:52:33.900Z</time></trkpt>
<trkpt lat="54.374235" lon="18.918534"><time>2026-05-24T11:52:35.900Z</time></trkpt>
<trkpt lat="54.374241" lon="18.918424"><time>2026-05-24T11:52:37.900Z</time></trkpt>
<trkpt lat="54.374243" lon="18.918316"><time>2026-05-24T11:52:39.900Z</time></trkpt>
<trkpt lat="54.374249" lon="18.918214"><time>2026-05-24T11:52:41.900Z</time></trkpt>
<trkpt lat="54.374258" lon="18.918105"><time>2026-05-24T11:52:43.900Z</time></trkpt>
<trkpt lat="54.374262" lon="18.917997"><time>2026-05-24T11:52:45.900Z</time></trkpt>
<trkpt lat="54.374259" lon="18.917891"><time>2026-05-24T11:52:47.900Z</time></trkpt>
<trkpt lat="54.374256" lon="18.917785"><time>2026-05-24T11:52:49.900Z</time></trkpt>
<trkpt lat="54.374255" lon="18.917677"><time>2026-05-24T11:52:51.900Z</time></trkpt>
<trkpt lat="54.374257" lon="18.917574"><time>2026-05-24T11:52:53.900Z</time></trkpt>
<trkpt lat="54.374264" lon="18.917468"><time>2026-05-24T11:52:55.900Z</time></trkpt>
<trkpt lat="54.374260" lon="18.917363"><time>2026-05-24T11:52:58.000Z</time></trkpt>
<trkpt lat="54.374268" lon="18.917266"><time>2026-05-24T11:53:00.000Z</time></trkpt>
<trkpt lat="54.374270" lon="18.917158"><time>2026-05-24T11:53:02.000Z</time></trkpt>
<trkpt lat="54.374274" lon="18.917054"><time>2026-05-24T11:53:04.000Z</time></trkpt>
<trkpt lat="54.374279" lon="18.916944"><time>2026-05-24T11:53:06.000Z</time></trkpt>
<trkpt lat="54.374282" lon="18.916835"><time>2026-05-24T11:53:08.000Z</time></trkpt>
<trkpt lat="54.374285" lon="18.916728"><time>2026-05-24T11:53:10.000Z</time></trkpt>
<trkpt lat="54.374286" lon="18.916621"><time>2026-05-24T11:53:12.000Z</time></trkpt>
<trkpt lat="54.374289" lon="18.916515"><time>2026-05-24T11:53:14.000Z</time></trkpt>
<trkpt lat="54.374293" lon="18.916405"><time>2026-05-24T11:53:16.000Z</time></trkpt>
<trkpt lat="54.374291" lon="18.916299"><time>2026-05-24T11:53:18.000Z</time></trkpt>
<trkpt lat="54.374291" lon="18.916193"><time>2026-05-24T11:53:20.000Z</time></trkpt>
<trkpt lat="54.374294" lon="18.916084"><time>2026-05-24T11:53:22.000Z</time></trkpt>
<trkpt lat="54.374291" lon="18.915978"><time>2026-05-24T11:53:24.000Z</time></trkpt>
<trkpt lat="54.374281" lon="18.915870"><time>2026-05-24T11:53:26.000Z</time></trkpt>
<trkpt lat="54.374284" lon="18.915766"><time>2026-05-24T11:53:28.000Z</time></trkpt>
<trkpt lat="54.374276" lon="18.915658"><time>2026-05-24T11:53:30.000Z</time></trkpt>
<trkpt lat="54.374280" lon="18.915553"><time>2026-05-24T11:53:32.000Z</time></trkpt>
<trkpt lat="54.374274" lon="18.915446"><time>2026-05-24T11:53:34.000Z</time></trkpt>
<trkpt lat="54.374270" lon="18.915339"><time>2026-05-24T11:53:36.000Z</time></trkpt>
<trkpt lat="54.374272" lon="18.915234"><time>2026-05-24T11:53:38.000Z</time></trkpt>
<trkpt lat="54.374271" lon="18.915132"><time>2026-05-24T11:53:40.000Z</time></trkpt>
<trkpt lat="54.374276" lon="18.915028"><time>2026-05-24T11:53:42.000Z</time></trkpt>
<trkpt lat="54.374281" lon="18.914924"><time>2026-05-24T11:53:44.000Z</time></trkpt>
<trkpt lat="54.374279" lon="18.914819"><time>2026-05-24T11:53:46.000Z</time></trkpt>
<trkpt lat="54.374283" lon="18.914716"><time>2026-05-24T11:53:48.000Z</time></trkpt>
<trkpt lat="54.374285" lon="18.914611"><time>2026-05-24T11:53:50.000Z</time></trkpt>
<trkpt lat="54.374297" lon="18.914506"><time>2026-05-24T11:53:52.000Z</time></trkpt>
<trkpt lat="54.374305" lon="18.914401"><time>2026-05-24T11:53:54.000Z</time></trkpt>
<trkpt lat="54.374308" lon="18.914299"><time>2026-05-24T11:53:56.000Z</time></trkpt>
<trkpt lat="54.374307" lon="18.914191"><time>2026-05-24T11:53:58.000Z</time></trkpt>
<trkpt lat="54.374309" lon="18.914087"><time>2026-05-24T11:54:00.000Z</time></trkpt>
<trkpt lat="54.374317" lon="18.913984"><time>2026-05-24T11:54:02.000Z</time></trkpt>
<trkpt lat="54.374320" lon="18.913879"><time>2026-05-24T11:54:03.900Z</time></trkpt>
<trkpt lat="54.374327" lon="18.913773"><time>2026-05-24T11:54:05.900Z</time></trkpt>
<trkpt lat="54.374332" lon="18.913670"><time>2026-05-24T11:54:07.900Z</time></trkpt>
<trkpt lat="54.374326" lon="18.913563"><time>2026-05-24T11:54:09.900Z</time></trkpt>
<trkpt lat="54.374327" lon="18.913458"><time>2026-05-24T11:54:11.900Z</time></trkpt>
<trkpt lat="54.374330" lon="18.913355"><time>2026-05-24T11:54:13.900Z</time></trkpt>
<trkpt lat="54.374334" lon="18.913250"><time>2026-05-24T11:54:15.900Z</time></trkpt>
<trkpt lat="54.374339" lon="18.913146"><time>2026-05-24T11:54:17.900Z</time></trkpt>
<trkpt lat="54.374345" lon="18.913040"><time>2026-05-24T11:54:19.900Z</time></trkpt>
<trkpt lat="54.374348" lon="18.912933"><time>2026-05-24T11:54:21.900Z</time></trkpt>
<trkpt lat="54.374344" lon="18.912827"><time>2026-05-24T11:54:23.900Z</time></trkpt>
<trkpt lat="54.374341" lon="18.912724"><time>2026-05-24T11:54:25.900Z</time></trkpt>
<trkpt lat="54.374341" lon="18.912626"><time>2026-05-24T11:54:27.900Z</time></trkpt>
<trkpt lat="54.374352" lon="18.912526"><time>2026-05-24T11:54:29.900Z</time></trkpt>
<trkpt lat="54.374357" lon="18.912420"><time>2026-05-24T11:54:31.900Z</time></trkpt>
<trkpt lat="54.374361" lon="18.912316"><time>2026-05-24T11:54:33.900Z</time></trkpt>
<trkpt lat="54.374358" lon="18.912214"><time>2026-05-24T11:54:35.900Z</time></trkpt>
<trkpt lat="54.374360" lon="18.912111"><time>2026-05-24T11:54:37.900Z</time></trkpt>
<trkpt lat="54.374361" lon="18.912010"><time>2026-05-24T11:54:39.900Z</time></trkpt>
<trkpt lat="54.374362" lon="18.911910"><time>2026-05-24T11:54:41.900Z</time></trkpt>
<trkpt lat="54.374361" lon="18.911805"><time>2026-05-24T11:54:43.900Z</time></trkpt>
<trkpt lat="54.374360" lon="18.911706"><time>2026-05-24T11:54:45.900Z</time></trkpt>
<trkpt lat="54.374364" lon="18.911604"><time>2026-05-24T11:54:47.900Z</time></trkpt>
<trkpt lat="54.374356" lon="18.911502"><time>2026-05-24T11:54:49.900Z</time></trkpt>
<trkpt lat="54.374364" lon="18.911407"><time>2026-05-24T11:54:51.900Z</time></trkpt>
<trkpt lat="54.374372" lon="18.911306"><time>2026-05-24T11:54:53.900Z</time></trkpt>
<trkpt lat="54.374377" lon="18.911209"><time>2026-05-24T11:54:55.900Z</time></trkpt>
<trkpt lat="54.374383" lon="18.911109"><time>2026-05-24T11:54:57.900Z</time></trkpt>
<trkpt lat="54.374388" lon="18.911010"><time>2026-05-24T11:54:59.900Z</time></trkpt>
<trkpt lat="54.374394" lon="18.910912"><time>2026-05-24T11:55:01.900Z</time></trkpt>
<trkpt lat="54.374403" lon="18.910811"><time>2026-05-24T11:55:04.000Z</time></trkpt>
<trkpt lat="54.374408" lon="18.910710"><time>2026-05-24T11:55:06.000Z</time></trkpt>
<trkpt lat="54.374408" lon="18.910612"><time>2026-05-24T11:55:08.000Z</time></trkpt>
<trkpt lat="54.374402" lon="18.910509"><time>2026-05-24T11:55:10.000Z</time></trkpt>
<trkpt lat="54.374404" lon="18.910410"><time>2026-05-24T11:55:12.000Z</time></trkpt>
<trkpt lat="54.374413" lon="18.910315"><time>2026-05-24T11:55:14.000Z</time></trkpt>
<trkpt lat="54.374421" lon="18.910215"><time>2026-05-24T11:55:16.000Z</time></trkpt>
<trkpt lat="54.374423" lon="18.910118"><time>2026-05-24T11:55:18.000Z</time></trkpt>
<trkpt lat="54.374425" lon="18.910019"><time>2026-05-24T11:55:20.000Z</time></trkpt>
<trkpt lat="54.374429" lon="18.909922"><time>2026-05-24T11:55:22.000Z</time></trkpt>
<trkpt lat="54.374431" lon="18.909822"><time>2026-05-24T11:55:24.000Z</time></trkpt>
<trkpt lat="54.374432" lon="18.909725"><time>2026-05-24T11:55:26.000Z</time></trkpt>
<trkpt lat="54.374436" lon="18.909627"><time>2026-05-24T11:55:28.000Z</time></trkpt>
<trkpt lat="54.374437" lon="18.909526"><time>2026-05-24T11:55:30.000Z</time></trkpt>
<trkpt lat="54.374441" lon="18.909429"><time>2026-05-24T11:55:32.000Z</time></trkpt>
<trkpt lat="54.374442" lon="18.909328"><time>2026-05-24T11:55:34.000Z</time></trkpt>
<trkpt lat="54.374443" lon="18.909225"><time>2026-05-24T11:55:36.000Z</time></trkpt>
<trkpt lat="54.374446" lon="18.909128"><time>2026-05-24T11:55:38.000Z</time></trkpt>
<trkpt lat="54.374446" lon="18.909027"><time>2026-05-24T11:55:40.000Z</time></trkpt>
<trkpt lat="54.374452" lon="18.908929"><time>2026-05-24T11:55:42.000Z</time></trkpt>
<trkpt lat="54.374454" lon="18.908829"><time>2026-05-24T11:55:44.000Z</time></trkpt>
<trkpt lat="54.374463" lon="18.908733"><time>2026-05-24T11:55:46.000Z</time></trkpt>
<trkpt lat="54.374462" lon="18.908629"><time>2026-05-24T11:55:48.000Z</time></trkpt>
<trkpt lat="54.374458" lon="18.908529"><time>2026-05-24T11:55:50.000Z</time></trkpt>
<trkpt lat="54.374450" lon="18.908428"><time>2026-05-24T11:55:52.000Z</time></trkpt>
<trkpt lat="54.374446" lon="18.908328"><time>2026-05-24T11:55:54.000Z</time></trkpt>
<trkpt lat="54.374447" lon="18.908224"><time>2026-05-24T11:55:56.000Z</time></trkpt>
<trkpt lat="54.374451" lon="18.908123"><time>2026-05-24T11:55:58.000Z</time></trkpt>
<trkpt lat="54.374453" lon="18.908023"><time>2026-05-24T11:56:00.000Z</time></trkpt>
<trkpt lat="54.374443" lon="18.907920"><time>2026-05-24T11:56:01.900Z</time></trkpt>
<trkpt lat="54.374448" lon="18.907823"><time>2026-05-24T11:56:03.900Z</time></trkpt>
<trkpt lat="54.374453" lon="18.907722"><time>2026-05-24T11:56:05.900Z</time></trkpt>
<trkpt lat="54.374459" lon="18.907626"><time>2026-05-24T11:56:07.900Z</time></trkpt>
<trkpt lat="54.374460" lon="18.907523"><time>2026-05-24T11:56:09.900Z</time></trkpt>
<trkpt lat="54.374464" lon="18.907426"><time>2026-05-24T11:56:11.900Z</time></trkpt>
<trkpt lat="54.374466" lon="18.907324"><time>2026-05-24T11:56:13.900Z</time></trkpt>
<trkpt lat="54.374473" lon="18.907224"><time>2026-05-24T11:56:15.900Z</time></trkpt>
<trkpt lat="54.374478" lon="18.907121"><time>2026-05-24T11:56:17.900Z</time></trkpt>
<trkpt lat="54.374483" lon="18.907021"><time>2026-05-24T11:56:19.900Z</time></trkpt>
<trkpt lat="54.374485" lon="18.906920"><time>2026-05-24T11:56:21.900Z</time></trkpt>
<trkpt lat="54.374488" lon="18.906812"><time>2026-05-24T11:56:23.900Z</time></trkpt>
<trkpt lat="54.374480" lon="18.906718"><time>2026-05-24T11:56:25.900Z</time></trkpt>
<trkpt lat="54.374480" lon="18.906615"><time>2026-05-24T11:56:27.900Z</time></trkpt>
<trkpt lat="54.374483" lon="18.906513"><time>2026-05-24T11:56:29.900Z</time></trkpt>
<trkpt lat="54.374490" lon="18.906412"><time>2026-05-24T11:56:31.900Z</time></trkpt>
<trkpt lat="54.374495" lon="18.906314"><time>2026-05-24T11:56:33.900Z</time></trkpt>
<trkpt lat="54.374500" lon="18.906210"><time>2026-05-24T11:56:35.900Z</time></trkpt>
<trkpt lat="54.374496" lon="18.906108"><time>2026-05-24T11:56:37.900Z</time></trkpt>
<trkpt lat="54.374500" lon="18.905998"><time>2026-05-24T11:56:39.900Z</time></trkpt>
<trkpt lat="54.374504" lon="18.905894"><time>2026-05-24T11:56:41.900Z</time></trkpt>
<trkpt lat="54.374512" lon="18.905791"><time>2026-05-24T11:56:43.900Z</time></trkpt>
<trkpt lat="54.374513" lon="18.905690"><time>2026-05-24T11:56:45.900Z</time></trkpt>
<trkpt lat="54.374511" lon="18.905586"><time>2026-05-24T11:56:47.900Z</time></trkpt>
<trkpt lat="54.374520" lon="18.905481"><time>2026-05-24T11:56:49.900Z</time></trkpt>
<trkpt lat="54.374519" lon="18.905380"><time>2026-05-24T11:56:51.900Z</time></trkpt>
<trkpt lat="54.374531" lon="18.905278"><time>2026-05-24T11:56:53.900Z</time></trkpt>
<trkpt lat="54.374535" lon="18.905177"><time>2026-05-24T11:56:55.900Z</time></trkpt>
<trkpt lat="54.374536" lon="18.905076"><time>2026-05-24T11:56:57.900Z</time></trkpt>
<trkpt lat="54.374533" lon="18.904973"><time>2026-05-24T11:56:59.900Z</time></trkpt>
<trkpt lat="54.374532" lon="18.904879"><time>2026-05-24T11:57:01.900Z</time></trkpt>
<trkpt lat="54.374538" lon="18.904775"><time>2026-05-24T11:57:03.900Z</time></trkpt>
<trkpt lat="54.374546" lon="18.904674"><time>2026-05-24T11:57:05.900Z</time></trkpt>
<trkpt lat="54.374553" lon="18.904573"><time>2026-05-24T11:57:07.900Z</time></trkpt>
<trkpt lat="54.374557" lon="18.904466"><time>2026-05-24T11:57:10.000Z</time></trkpt>
<trkpt lat="54.374558" lon="18.904366"><time>2026-05-24T11:57:12.000Z</time></trkpt>
<trkpt lat="54.374556" lon="18.904260"><time>2026-05-24T11:57:14.000Z</time></trkpt>
<trkpt lat="54.374558" lon="18.904156"><time>2026-05-24T11:57:16.000Z</time></trkpt>
<trkpt lat="54.374573" lon="18.904054"><time>2026-05-24T11:57:18.000Z</time></trkpt>
<trkpt lat="54.374576" lon="18.903948"><time>2026-05-24T11:57:20.000Z</time></trkpt>
<trkpt lat="54.374578" lon="18.903842"><time>2026-05-24T11:57:22.000Z</time></trkpt>
<trkpt lat="54.374572" lon="18.903736"><time>2026-05-24T11:57:24.000Z</time></trkpt>
<trkpt lat="54.374572" lon="18.903632"><time>2026-05-24T11:57:26.000Z</time></trkpt>
<trkpt lat="54.374575" lon="18.903527"><time>2026-05-24T11:57:28.000Z</time></trkpt>
<trkpt lat="54.374581" lon="18.903425"><time>2026-05-24T11:57:30.000Z</time></trkpt>
<trkpt lat="54.374580" lon="18.903317"><time>2026-05-24T11:57:32.000Z</time></trkpt>
<trkpt lat="54.374584" lon="18.903210"><time>2026-05-24T11:57:34.000Z</time></trkpt>
<trkpt lat="54.374587" lon="18.903109"><time>2026-05-24T11:57:36.000Z</time></trkpt>
<trkpt lat="54.374596" lon="18.903009"><time>2026-05-24T11:57:38.000Z</time></trkpt>
<trkpt lat="54.374605" lon="18.902906"><time>2026-05-24T11:57:40.000Z</time></trkpt>
<trkpt lat="54.374610" lon="18.902800"><time>2026-05-24T11:57:42.000Z</time></trkpt>
<trkpt lat="54.374608" lon="18.902693"><time>2026-05-24T11:57:44.000Z</time></trkpt>
<trkpt lat="54.374611" lon="18.902592"><time>2026-05-24T11:57:46.000Z</time></trkpt>
<trkpt lat="54.374618" lon="18.902487"><time>2026-05-24T11:57:48.000Z</time></trkpt>
<trkpt lat="54.374622" lon="18.902381"><time>2026-05-24T11:57:50.000Z</time></trkpt>
<trkpt lat="54.374626" lon="18.902279"><time>2026-05-24T11:57:52.000Z</time></trkpt>
<trkpt lat="54.374629" lon="18.902174"><time>2026-05-24T11:57:54.000Z</time></trkpt>
<trkpt lat="54.374628" lon="18.902069"><time>2026-05-24T11:57:56.000Z</time></trkpt>
<trkpt lat="54.374628" lon="18.901961"><time>2026-05-24T11:57:58.000Z</time></trkpt>
<trkpt lat="54.374630" lon="18.901856"><time>2026-05-24T11:57:59.900Z</time></trkpt>
<trkpt lat="54.374637" lon="18.901753"><time>2026-05-24T11:58:01.900Z</time></trkpt>
<trkpt lat="54.374645" lon="18.901651"><time>2026-05-24T11:58:03.900Z</time></trkpt>
<trkpt lat="54.374642" lon="18.901547"><time>2026-05-24T11:58:05.900Z</time></trkpt>
<trkpt lat="54.374646" lon="18.901439"><time>2026-05-24T11:58:07.900Z</time></trkpt>
<trkpt lat="54.374640" lon="18.901331"><time>2026-05-24T11:58:09.900Z</time></trkpt>
<trkpt lat="54.374643" lon="18.901224"><time>2026-05-24T11:58:11.900Z</time></trkpt>
<trkpt lat="54.374639" lon="18.901116"><time>2026-05-24T11:58:13.900Z</time></trkpt>
<trkpt lat="54.374636" lon="18.901013"><time>2026-05-24T11:58:15.900Z</time></trkpt>
<trkpt lat="54.374639" lon="18.900906"><time>2026-05-24T11:58:17.900Z</time></trkpt>
<trkpt lat="54.374645" lon="18.900802"><time>2026-05-24T11:58:19.900Z</time></trkpt>
<trkpt lat="54.374641" lon="18.900694"><time>2026-05-24T11:58:21.900Z</time></trkpt>
<trkpt lat="54.374640" lon="18.900589"><time>2026-05-24T11:58:23.900Z</time></trkpt>
<trkpt lat="54.374643" lon="18.900481"><time>2026-05-24T11:58:25.900Z</time></trkpt>
<trkpt lat="54.374647" lon="18.900373"><time>2026-05-24T11:58:27.900Z</time></trkpt>
<trkpt lat="54.374648" lon="18.900267"><time>2026-05-24T11:58:29.900Z</time></trkpt>
<trkpt lat="54.374643" lon="18.900156"><time>2026-05-24T11:58:31.900Z</time></trkpt>
<trkpt lat="54.374648" lon="18.900048"><time>2026-05-24T11:58:33.900Z</time></trkpt>
<trkpt lat="54.374647" lon="18.899942"><time>2026-05-24T11:58:35.900Z</time></trkpt>
<trkpt lat="54.374653" lon="18.899835"><time>2026-05-24T11:58:37.900Z</time></trkpt>
<trkpt lat="54.374655" lon="18.899730"><time>2026-05-24T11:58:39.900Z</time></trkpt>
<trkpt lat="54.374656" lon="18.899622"><time>2026-05-24T11:58:41.900Z</time></trkpt>
<trkpt lat="54.374662" lon="18.899519"><time>2026-05-24T11:58:43.900Z</time></trkpt>
<trkpt lat="54.374670" lon="18.899416"><time>2026-05-24T11:58:45.900Z</time></trkpt>
<trkpt lat="54.374680" lon="18.899314"><time>2026-05-24T11:58:47.900Z</time></trkpt>
<trkpt lat="54.374690" lon="18.899210"><time>2026-05-24T11:58:49.900Z</time></trkpt>
<trkpt lat="54.374691" lon="18.899105"><time>2026-05-24T11:58:51.900Z</time></trkpt>
<trkpt lat="54.374686" lon="18.898997"><time>2026-05-24T11:58:53.900Z</time></trkpt>
<trkpt lat="54.374690" lon="18.898893"><time>2026-05-24T11:58:55.900Z</time></trkpt>
<trkpt lat="54.374694" lon="18.898785"><time>2026-05-24T11:58:57.900Z</time></trkpt>
<trkpt lat="54.374695" lon="18.898679"><time>2026-05-24T11:58:59.900Z</time></trkpt>
<trkpt lat="54.374699" lon="18.898572"><time>2026-05-24T11:59:01.900Z</time></trkpt>
<trkpt lat="54.374706" lon="18.898471"><time>2026-05-24T11:59:03.900Z</time></trkpt>
<trkpt lat="54.374707" lon="18.898367"><time>2026-05-24T11:59:05.900Z</time></trkpt>
<trkpt lat="54.374707" lon="18.898259"><time>2026-05-24T11:59:07.900Z</time></trkpt>
<trkpt lat="54.374709" lon="18.898154"><time>2026-05-24T11:59:09.900Z</time></trkpt>
<trkpt lat="54.374715" lon="18.898049"><time>2026-05-24T11:59:11.900Z</time></trkpt>
<trkpt lat="54.374720" lon="18.897943"><time>2026-05-24T11:59:13.900Z</time></trkpt>
<trkpt lat="54.374726" lon="18.897840"><time>2026-05-24T11:59:16.000Z</time></trkpt>
<trkpt lat="54.374729" lon="18.897735"><time>2026-05-24T11:59:18.000Z</time></trkpt>
<trkpt lat="54.374726" lon="18.897628"><time>2026-05-24T11:59:20.000Z</time></trkpt>
<trkpt lat="54.374724" lon="18.897524"><time>2026-05-24T11:59:22.000Z</time></trkpt>
<trkpt lat="54.374727" lon="18.897417"><time>2026-05-24T11:59:24.000Z</time></trkpt>
<trkpt lat="54.374738" lon="18.897312"><time>2026-05-24T11:59:26.000Z</time></trkpt>
<trkpt lat="54.374752" lon="18.897214"><time>2026-05-24T11:59:28.000Z</time></trkpt>
<trkpt lat="54.374763" lon="18.897114"><time>2026-05-24T11:59:30.000Z</time></trkpt>
<trkpt lat="54.374766" lon="18.897010"><time>2026-05-24T11:59:32.000Z</time></trkpt>
<trkpt lat="54.374770" lon="18.896901"><time>2026-05-24T11:59:34.000Z</time></trkpt>
<trkpt lat="54.374768" lon="18.896795"><time>2026-05-24T11:59:36.000Z</time></trkpt>
<trkpt lat="54.374768" lon="18.896691"><time>2026-05-24T11:59:38.000Z</time></trkpt>
<trkpt lat="54.374773" lon="18.896590"><time>2026-05-24T11:59:40.000Z</time></trkpt>
<trkpt lat="54.374783" lon="18.896483"><time>2026-05-24T11:59:42.000Z</time></trkpt>
<trkpt lat="54.374784" lon="18.896380"><time>2026-05-24T11:59:44.000Z</time></trkpt>
<trkpt lat="54.374784" lon="18.896271"><time>2026-05-24T11:59:46.000Z</time></trkpt>
<trkpt lat="54.374784" lon="18.896167"><time>2026-05-24T11:59:48.000Z</time></trkpt>
<trkpt lat="54.374780" lon="18.896062"><time>2026-05-24T11:59:50.000Z</time></trkpt>
<trkpt lat="54.374782" lon="18.895954"><time>2026-05-24T11:59:52.000Z</time></trkpt>
<trkpt lat="54.374790" lon="18.895848"><time>2026-05-24T11:59:54.000Z</time></trkpt>
<trkpt lat="54.374799" lon="18.895749"><time>2026-05-24T11:59:56.000Z</time></trkpt>
<trkpt lat="54.374796" lon="18.895641"><time>2026-05-24T11:59:58.000Z</time></trkpt>
<trkpt lat="54.374795" lon="18.895535"><time>2026-05-24T12:00:00.000Z</time></trkpt>
<trkpt lat="54.374797" lon="18.895427"><time>2026-05-24T12:00:02.000Z</time></trkpt>
<trkpt lat="54.374802" lon="18.895323"><time>2026-05-24T12:00:03.900Z</time></trkpt>
<trkpt lat="54.374808" lon="18.895220"><time>2026-05-24T12:00:05.900Z</time></trkpt>
<trkpt lat="54.374816" lon="18.895114"><time>2026-05-24T12:00:07.900Z</time></trkpt>
<trkpt lat="54.374818" lon="18.895005"><time>2026-05-24T12:00:09.900Z</time></trkpt>
<trkpt lat="54.374815" lon="18.894899"><time>2026-05-24T12:00:11.900Z</time></trkpt>
<trkpt lat="54.374816" lon="18.894792"><time>2026-05-24T12:00:13.900Z</time></trkpt>
<trkpt lat="54.374818" lon="18.894689"><time>2026-05-24T12:00:15.900Z</time></trkpt>
<trkpt lat="54.374823" lon="18.894581"><time>2026-05-24T12:00:17.900Z</time></trkpt>
<trkpt lat="54.374836" lon="18.894480"><time>2026-05-24T12:00:19.900Z</time></trkpt>
<trkpt lat="54.374835" lon="18.894377"><time>2026-05-24T12:00:21.900Z</time></trkpt>
<trkpt lat="54.374837" lon="18.894266"><time>2026-05-24T12:00:23.900Z</time></trkpt>
<trkpt lat="54.374837" lon="18.894161"><time>2026-05-24T12:00:25.900Z</time></trkpt>
<trkpt lat="54.374843" lon="18.894058"><time>2026-05-24T12:00:27.900Z</time></trkpt>
<trkpt lat="54.374850" lon="18.893953"><time>2026-05-24T12:00:29.900Z</time></trkpt>
<trkpt lat="54.374853" lon="18.893846"><time>2026-05-24T12:00:31.900Z</time></trkpt>
<trkpt lat="54.374853" lon="18.893735"><time>2026-05-24T12:00:33.900Z</time></trkpt>
<trkpt lat="54.374855" lon="18.893626"><time>2026-05-24T12:00:35.900Z</time></trkpt>
<trkpt lat="54.374862" lon="18.893520"><time>2026-05-24T12:00:37.900Z</time></trkpt>
<trkpt lat="54.374870" lon="18.893416"><time>2026-05-24T12:00:39.900Z</time></trkpt>
<trkpt lat="54.374875" lon="18.893316"><time>2026-05-24T12:00:41.900Z</time></trkpt>
<trkpt lat="54.374876" lon="18.893208"><time>2026-05-24T12:00:43.900Z</time></trkpt>
<trkpt lat="54.374878" lon="18.893103"><time>2026-05-24T12:00:45.900Z</time></trkpt>
<trkpt lat="54.374878" lon="18.892994"><time>2026-05-24T12:00:47.900Z</time></trkpt>
<trkpt lat="54.374882" lon="18.892892"><time>2026-05-24T12:00:49.900Z</time></trkpt>
<trkpt lat="54.374892" lon="18.892785"><time>2026-05-24T12:00:51.900Z</time></trkpt>
<trkpt lat="54.374898" lon="18.892675"><time>2026-05-24T12:00:53.900Z</time></trkpt>
<trkpt lat="54.374903" lon="18.892572"><time>2026-05-24T12:00:55.900Z</time></trkpt>
<trkpt lat="54.374902" lon="18.892464"><time>2026-05-24T12:00:57.900Z</time></trkpt>
<trkpt lat="54.374898" lon="18.892355"><time>2026-05-24T12:00:59.900Z</time></trkpt>
<trkpt lat="54.374901" lon="18.892246"><time>2026-05-24T12:01:01.900Z</time></trkpt>
<trkpt lat="54.374899" lon="18.892141"><time>2026-05-24T12:01:03.900Z</time></trkpt>
<trkpt lat="54.374897" lon="18.892030"><time>2026-05-24T12:01:05.900Z</time></trkpt>
<trkpt lat="54.374893" lon="18.891921"><time>2026-05-24T12:01:07.900Z</time></trkpt>
<trkpt lat="54.374884" lon="18.891811"><time>2026-05-24T12:01:09.900Z</time></trkpt>
<trkpt lat="54.374881" lon="18.891704"><time>2026-05-24T12:01:11.900Z</time></trkpt>
<trkpt lat="54.374878" lon="18.891596"><time>2026-05-24T12:01:13.900Z</time></trkpt>
<trkpt lat="54.374883" lon="18.891490"><time>2026-05-24T12:01:15.900Z</time></trkpt>
<trkpt lat="54.374887" lon="18.891382"><time>2026-05-24T12:01:17.900Z</time></trkpt>
<trkpt lat="54.374894" lon="18.891275"><time>2026-05-24T12:01:19.900Z</time></trkpt>
<trkpt lat="54.374888" lon="18.891168"><time>2026-05-24T12:01:22.000Z</time></trkpt>
<trkpt lat="54.374878" lon="18.891057"><time>2026-05-24T12:01:24.000Z</time></trkpt>
<trkpt lat="54.374880" lon="18.890948"><time>2026-05-24T12:01:26.000Z</time></trkpt>
<trkpt lat="54.374884" lon="18.890845"><time>2026-05-24T12:01:28.000Z</time></trkpt>
<trkpt lat="54.374897" lon="18.890748"><time>2026-05-24T12:01:30.000Z</time></trkpt>
<trkpt lat="54.374907" lon="18.890643"><time>2026-05-24T12:01:32.000Z</time></trkpt>
<trkpt lat="54.374911" lon="18.890534"><time>2026-05-24T12:01:34.000Z</time></trkpt>
<trkpt lat="54.374912" lon="18.890427"><time>2026-05-24T12:01:36.000Z</time></trkpt>
<trkpt lat="54.374922" lon="18.890322"><time>2026-05-24T12:01:38.000Z</time></trkpt>
<trkpt lat="54.374927" lon="18.890214"><time>2026-05-24T12:01:40.000Z</time></trkpt>
<trkpt lat="54.374932" lon="18.890108"><time>2026-05-24T12:01:42.000Z</time></trkpt>
<trkpt lat="54.374935" lon="18.890005"><time>2026-05-24T12:01:44.000Z</time></trkpt>
<trkpt lat="54.374941" lon="18.889895"><time>2026-05-24T12:01:46.000Z</time></trkpt>
<trkpt lat="54.374943" lon="18.889787"><time>2026-05-24T12:01:48.000Z</time></trkpt>
<trkpt lat="54.374942" lon="18.889678"><time>2026-05-24T12:01:50.000Z</time></trkpt>
<trkpt lat="54.374940" lon="18.889570"><time>2026-05-24T12:01:52.000Z</time></trkpt>
<trkpt lat="54.374941" lon="18.889457"><time>2026-05-24T12:01:54.000Z</time></trkpt>
<trkpt lat="54.374940" lon="18.889348"><time>2026-05-24T12:01:56.000Z</time></trkpt>
<trkpt lat="54.374943" lon="18.889240"><time>2026-05-24T12:01:58.000Z</time></trkpt>
<trkpt lat="54.374943" lon="18.889124"><time>2026-05-24T12:02:00.000Z</time></trkpt>
<trkpt lat="54.374944" lon="18.889017"><time>2026-05-24T12:02:02.000Z</time></trkpt>
<trkpt lat="54.374941" lon="18.888909"><time>2026-05-24T12:02:04.000Z</time></trkpt>
<trkpt lat="54.374935" lon="18.888802"><time>2026-05-24T12:02:06.000Z</time></trkpt>
<trkpt lat="54.374927" lon="18.888692"><time>2026-05-24T12:02:08.000Z</time></trkpt>
<trkpt lat="54.374924" lon="18.888582"><time>2026-05-24T12:02:10.000Z</time></trkpt>
<trkpt lat="54.374917" lon="18.888473"><time>2026-05-24T12:02:12.000Z</time></trkpt>
<trkpt lat="54.374917" lon="18.888365"><time>2026-05-24T12:02:14.000Z</time></trkpt>
<trkpt lat="54.374916" lon="18.888253"><time>2026-05-24T12:02:16.000Z</time></trkpt>
<trkpt lat="54.374925" lon="18.888147"><time>2026-05-24T12:02:17.900Z</time></trkpt>
<trkpt lat="54.374927" lon="18.888040"><time>2026-05-24T12:02:19.900Z</time></trkpt>
<trkpt lat="54.374929" lon="18.887933"><time>2026-05-24T12:02:21.900Z</time></trkpt>
<trkpt lat="54.374924" lon="18.887821"><time>2026-05-24T12:02:23.900Z</time></trkpt>
<trkpt lat="54.374925" lon="18.887717"><time>2026-05-24T12:02:25.900Z</time></trkpt>
<trkpt lat="54.374924" lon="18.887609"><time>2026-05-24T12:02:27.900Z</time></trkpt>
<trkpt lat="54.374932" lon="18.887507"><time>2026-05-24T12:02:29.900Z</time></trkpt>
<trkpt lat="54.374935" lon="18.887399"><time>2026-05-24T12:02:31.900Z</time></trkpt>
<trkpt lat="54.374935" lon="18.887295"><time>2026-05-24T12:02:33.900Z</time></trkpt>
<trkpt lat="54.374928" lon="18.887192"><time>2026-05-24T12:02:35.900Z</time></trkpt>
<trkpt lat="54.374928" lon="18.887087"><time>2026-05-24T12:02:37.900Z</time></trkpt>
<trkpt lat="54.374925" lon="18.886977"><time>2026-05-24T12:02:39.900Z</time></trkpt>
<trkpt lat="54.374929" lon="18.886873"><time>2026-05-24T12:02:41.900Z</time></trkpt>
<trkpt lat="54.374923" lon="18.886768"><time>2026-05-24T12:02:43.900Z</time></trkpt>
<trkpt lat="54.374917" lon="18.886660"><time>2026-05-24T12:02:45.900Z</time></trkpt>
<trkpt lat="54.374915" lon="18.886552"><time>2026-05-24T12:02:47.900Z</time></trkpt>
<trkpt lat="54.374917" lon="18.886444"><time>2026-05-24T12:02:49.900Z</time></trkpt>
<trkpt lat="54.374917" lon="18.886338"><time>2026-05-24T12:02:51.900Z</time></trkpt>
<trkpt lat="54.374912" lon="18.886229"><time>2026-05-24T12:02:53.900Z</time></trkpt>
<trkpt lat="54.374910" lon="18.886124"><time>2026-05-24T12:02:55.900Z</time></trkpt>
<trkpt lat="54.374906" lon="18.886015"><time>2026-05-24T12:02:57.900Z</time></trkpt>
<trkpt lat="54.374910" lon="18.885910"><time>2026-05-24T12:02:59.900Z</time></trkpt>
<trkpt lat="54.374901" lon="18.885800"><time>2026-05-24T12:03:01.900Z</time></trkpt>
<trkpt lat="54.374903" lon="18.885694"><time>2026-05-24T12:03:03.900Z</time></trkpt>
<trkpt lat="54.374902" lon="18.885585"><time>2026-05-24T12:03:05.900Z</time></trkpt>
<trkpt lat="54.374899" lon="18.885477"><time>2026-05-24T12:03:07.900Z</time></trkpt>
<trkpt lat="54.374894" lon="18.885367"><time>2026-05-24T12:03:09.900Z</time></trkpt>
<trkpt lat="54.374892" lon="18.885258"><time>2026-05-24T12:03:11.900Z</time></trkpt>
<trkpt lat="54.374891" lon="18.885150"><time>2026-05-24T12:03:13.900Z</time></trkpt>
<trkpt lat="54.374891" lon="18.885045"><time>2026-05-24T12:03:15.900Z</time></trkpt>
<trkpt lat="54.374895" lon="18.884937"><time>2026-05-24T12:03:17.900Z</time></trkpt>
<trkpt lat="54.374893" lon="18.884828"><time>2026-05-24T12:03:19.900Z</time></trkpt>
<trkpt lat="54.374886" lon="18.884723"><time>2026-05-24T12:03:21.900Z</time></trkpt>
<trkpt lat="54.374876" lon="18.884612"><time>2026-05-24T12:03:23.900Z</time></trkpt>
<trkpt lat="54.374872" lon="18.884506"><time>2026-05-24T12:03:26.000Z</time></trkpt>
<trkpt lat="54.374875" lon="18.884401"><time>2026-05-24T12:03:28.000Z</time></trkpt>
<trkpt lat="54.374890" lon="18.884298"><time>2026-05-24T12:03:30.000Z</time></trkpt>
<trkpt lat="54.374896" lon="18.884193"><time>2026-05-24T12:03:32.000Z</time></trkpt>
<trkpt lat="54.374899" lon="18.884079"><time>2026-05-24T12:03:34.000Z</time></trkpt>
<trkpt lat="54.374906" lon="18.883974"><time>2026-05-24T12:03:36.000Z</time></trkpt>
<trkpt lat="54.374908" lon="18.883866"><time>2026-05-24T12:03:38.000Z</time></trkpt>
<trkpt lat="54.374908" lon="18.883757"><time>2026-05-24T12:03:40.000Z</time></trkpt>
<trkpt lat="54.374917" lon="18.883654"><time>2026-05-24T12:03:42.000Z</time></trkpt>
<trkpt lat="54.374919" lon="18.883548"><time>2026-05-24T12:03:44.000Z</time></trkpt>
<trkpt lat="54.374920" lon="18.883445"><time>2026-05-24T12:03:46.000Z</time></trkpt>
<trkpt lat="54.374924" lon="18.883337"><time>2026-05-24T12:03:48.000Z</time></trkpt>
<trkpt lat="54.374930" lon="18.883228"><time>2026-05-24T12:03:50.000Z</time></trkpt>
<trkpt lat="54.374928" lon="18.883119"><time>2026-05-24T12:03:52.000Z</time></trkpt>
<trkpt lat="54.374924" lon="18.883007"><time>2026-05-24T12:03:54.000Z</time></trkpt>
<trkpt lat="54.374928" lon="18.882900"><time>2026-05-24T12:03:56.000Z</time></trkpt>
<trkpt lat="54.374933" lon="18.882794"><time>2026-05-24T12:03:58.000Z</time></trkpt>
<trkpt lat="54.374942" lon="18.882691"><time>2026-05-24T12:04:00.000Z</time></trkpt>
<trkpt lat="54.374949" lon="18.882586"><time>2026-05-24T12:04:02.000Z</time></trkpt>
<trkpt lat="54.374959" lon="18.882484"><time>2026-05-24T12:04:04.000Z</time></trkpt>
<trkpt lat="54.374963" lon="18.882380"><time>2026-05-24T12:04:06.000Z</time></trkpt>
<trkpt lat="54.374965" lon="18.882276"><time>2026-05-24T12:04:08.000Z</time></trkpt>
<trkpt lat="54.374969" lon="18.882167"><time>2026-05-24T12:04:10.000Z</time></trkpt>
<trkpt lat="54.374967" lon="18.882059"><time>2026-05-24T12:04:12.000Z</time></trkpt>
<trkpt lat="54.374973" lon="18.881954"><time>2026-05-24T12:04:14.000Z</time></trkpt>
<trkpt lat="54.374981" lon="18.881847"><time>2026-05-24T12:04:16.000Z</time></trkpt>
<trkpt lat="54.374983" lon="18.881742"><time>2026-05-24T12:04:18.000Z</time></trkpt>
<trkpt lat="54.374986" lon="18.881635"><time>2026-05-24T12:04:20.000Z</time></trkpt>
<trkpt lat="54.374987" lon="18.881512"><time>2026-05-24T12:04:22.000Z</time></trkpt>
<trkpt lat="54.374990" lon="18.881407"><time>2026-05-24T12:04:23.900Z</time></trkpt>
<trkpt lat="54.374985" lon="18.881295"><time>2026-05-24T12:04:25.900Z</time></trkpt>
<trkpt lat="54.374992" lon="18.881190"><time>2026-05-24T12:04:27.900Z</time></trkpt>
<trkpt lat="54.374997" lon="18.881080"><time>2026-05-24T12:04:29.900Z</time></trkpt>
<trkpt lat="54.375002" lon="18.880975"><time>2026-05-24T12:04:31.900Z</time></trkpt>
<trkpt lat="54.375007" lon="18.880859"><time>2026-05-24T12:04:33.900Z</time></trkpt>
<trkpt lat="54.375005" lon="18.880757"><time>2026-05-24T12:04:35.900Z</time></trkpt>
<trkpt lat="54.375005" lon="18.880650"><time>2026-05-24T12:04:37.900Z</time></trkpt>
<trkpt lat="54.375009" lon="18.880546"><time>2026-05-24T12:04:39.900Z</time></trkpt>
<trkpt lat="54.375019" lon="18.880437"><time>2026-05-24T12:04:41.900Z</time></trkpt>
<trkpt lat="54.375018" lon="18.880328"><time>2026-05-24T12:04:43.900Z</time></trkpt>
<trkpt lat="54.375023" lon="18.880217"><time>2026-05-24T12:04:45.900Z</time></trkpt>
<trkpt lat="54.375020" lon="18.880105"><time>2026-05-24T12:04:47.900Z</time></trkpt>
<trkpt lat="54.375016" lon="18.879994"><time>2026-05-24T12:04:49.900Z</time></trkpt>
<trkpt lat="54.375023" lon="18.879893"><time>2026-05-24T12:04:51.900Z</time></trkpt>
<trkpt lat="54.375035" lon="18.879785"><time>2026-05-24T12:04:53.900Z</time></trkpt>
<trkpt lat="54.375041" lon="18.879674"><time>2026-05-24T12:04:55.900Z</time></trkpt>
<trkpt lat="54.375038" lon="18.879563"><time>2026-05-24T12:04:57.900Z</time></trkpt>
<trkpt lat="54.375041" lon="18.879454"><time>2026-05-24T12:04:59.900Z</time></trkpt>
<trkpt lat="54.375046" lon="18.879344"><time>2026-05-24T12:05:01.900Z</time></trkpt>
<trkpt lat="54.375055" lon="18.879240"><time>2026-05-24T12:05:03.900Z</time></trkpt>
<trkpt lat="54.375055" lon="18.879130"><time>2026-05-24T12:05:05.900Z</time></trkpt>
<trkpt lat="54.375057" lon="18.879022"><time>2026-05-24T12:05:07.900Z</time></trkpt>
<trkpt lat="54.375059" lon="18.878914"><time>2026-05-24T12:05:09.900Z</time></trkpt>
<trkpt lat="54.375064" lon="18.878804"><time>2026-05-24T12:05:11.900Z</time></trkpt>
<trkpt lat="54.375071" lon="18.878701"><time>2026-05-24T12:05:13.900Z</time></trkpt>
<trkpt lat="54.375078" lon="18.878590"><time>2026-05-24T12:05:15.900Z</time></trkpt>
<trkpt lat="54.375082" lon="18.878478"><time>2026-05-24T12:05:17.900Z</time></trkpt>
<trkpt lat="54.375082" lon="18.878369"><time>2026-05-24T12:05:19.900Z</time></trkpt>
<trkpt lat="54.375085" lon="18.878262"><time>2026-05-24T12:05:21.900Z</time></trkpt>
<trkpt lat="54.375087" lon="18.878155"><time>2026-05-24T12:05:23.900Z</time></trkpt>
<trkpt lat="54.375093" lon="18.878052"><time>2026-05-24T12:05:25.900Z</time></trkpt>
<trkpt lat="54.375103" lon="18.877946"><time>2026-05-24T12:05:27.900Z</time></trkpt>
<trkpt lat="54.375108" lon="18.877842"><time>2026-05-24T12:05:29.900Z</time></trkpt>
<trkpt lat="54.375109" lon="18.877733"><time>2026-05-24T12:05:32.000Z</time></trkpt>
<trkpt lat="54.375109" lon="18.877626"><time>2026-05-24T12:05:34.000Z</time></trkpt>
<trkpt lat="54.375113" lon="18.877520"><time>2026-05-24T12:05:36.000Z</time></trkpt>
<trkpt lat="54.375117" lon="18.877419"><time>2026-05-24T12:05:38.000Z</time></trkpt>
<trkpt lat="54.375124" lon="18.877309"><time>2026-05-24T12:05:40.000Z</time></trkpt>
<trkpt lat="54.375129" lon="18.877203"><time>2026-05-24T12:05:42.000Z</time></trkpt>
<trkpt lat="54.375136" lon="18.877095"><time>2026-05-24T12:05:44.000Z</time></trkpt>
<trkpt lat="54.375134" lon="18.876988"><time>2026-05-24T12:05:46.000Z</time></trkpt>
<trkpt lat="54.375134" lon="18.876880"><time>2026-05-24T12:05:48.000Z</time></trkpt>
<trkpt lat="54.375138" lon="18.876774"><time>2026-05-24T12:05:50.000Z</time></trkpt>
<trkpt lat="54.375144" lon="18.876668"><time>2026-05-24T12:05:52.000Z</time></trkpt>
<trkpt lat="54.375151" lon="18.876562"><time>2026-05-24T12:05:54.000Z</time></trkpt>
<trkpt lat="54.375158" lon="18.876458"><time>2026-05-24T12:05:56.000Z</time></trkpt>
<trkpt lat="54.375160" lon="18.876349"><time>2026-05-24T12:05:58.000Z</time></trkpt>
<trkpt lat="54.375159" lon="18.876240"><time>2026-05-24T12:06:00.000Z</time></trkpt>
<trkpt lat="54.375166" lon="18.876132"><time>2026-05-24T12:06:02.000Z</time></trkpt>
<trkpt lat="54.375171" lon="18.876023"><time>2026-05-24T12:06:04.000Z</time></trkpt>
<trkpt lat="54.375176" lon="18.875918"><time>2026-05-24T12:06:06.000Z</time></trkpt>
<trkpt lat="54.375178" lon="18.875807"><time>2026-05-24T12:06:08.000Z</time></trkpt>
<trkpt lat="54.375178" lon="18.875697"><time>2026-05-24T12:06:10.000Z</time></trkpt>
<trkpt lat="54.375187" lon="18.875589"><time>2026-05-24T12:06:12.000Z</time></trkpt>
<trkpt lat="54.375197" lon="18.875486"><time>2026-05-24T12:06:14.000Z</time></trkpt>
<trkpt lat="54.375207" lon="18.875381"><time>2026-05-24T12:06:16.000Z</time></trkpt>
<trkpt lat="54.375214" lon="18.875271"><time>2026-05-24T12:06:18.000Z</time></trkpt>
<trkpt lat="54.375213" lon="18.875163"><time>2026-05-24T12:06:20.000Z</time></trkpt>
<trkpt lat="54.375215" lon="18.875055"><time>2026-05-24T12:06:22.000Z</time></trkpt>
<trkpt lat="54.375217" lon="18.874951"><time>2026-05-24T12:06:24.000Z</time></trkpt>
<trkpt lat="54.375222" lon="18.874843"><time>2026-05-24T12:06:26.000Z</time></trkpt>
<trkpt lat="54.375225" lon="18.874736"><time>2026-05-24T12:06:27.900Z</time></trkpt>
<trkpt lat="54.375229" lon="18.874626"><time>2026-05-24T12:06:29.900Z</time></trkpt>
<trkpt lat="54.375230" lon="18.874518"><time>2026-05-24T12:06:31.900Z</time></trkpt>
<trkpt lat="54.375237" lon="18.874412"><time>2026-05-24T12:06:33.900Z</time></trkpt>
<trkpt lat="54.375235" lon="18.874301"><time>2026-05-24T12:06:35.900Z</time></trkpt>
<trkpt lat="54.375237" lon="18.874193"><time>2026-05-24T12:06:37.900Z</time></trkpt>
<trkpt lat="54.375241" lon="18.874076"><time>2026-05-24T12:06:39.900Z</time></trkpt>
<trkpt lat="54.375255" lon="18.873968"><time>2026-05-24T12:06:41.900Z</time></trkpt>
<trkpt lat="54.375259" lon="18.873860"><time>2026-05-24T12:06:43.900Z</time></trkpt>
<trkpt lat="54.375262" lon="18.873747"><time>2026-05-24T12:06:45.900Z</time></trkpt>
<trkpt lat="54.375269" lon="18.873639"><time>2026-05-24T12:06:47.900Z</time></trkpt>
<trkpt lat="54.375281" lon="18.873530"><time>2026-05-24T12:06:49.900Z</time></trkpt>
<trkpt lat="54.375289" lon="18.873422"><time>2026-05-24T12:06:51.900Z</time></trkpt>
<trkpt lat="54.375292" lon="18.873307"><time>2026-05-24T12:06:53.900Z</time></trkpt>
<trkpt lat="54.375297" lon="18.873196"><time>2026-05-24T12:06:55.900Z</time></trkpt>
<trkpt lat="54.375300" lon="18.873085"><time>2026-05-24T12:06:57.900Z</time></trkpt>
<trkpt lat="54.375308" lon="18.872975"><time>2026-05-24T12:06:59.900Z</time></trkpt>
<trkpt lat="54.375313" lon="18.872867"><time>2026-05-24T12:07:01.900Z</time></trkpt>
<trkpt lat="54.375313" lon="18.872752"><time>2026-05-24T12:07:03.900Z</time></trkpt>
<trkpt lat="54.375309" lon="18.872639"><time>2026-05-24T12:07:05.900Z</time></trkpt>
<trkpt lat="54.375309" lon="18.872530"><time>2026-05-24T12:07:07.900Z</time></trkpt>
<trkpt lat="54.375301" lon="18.872413"><time>2026-05-24T12:07:09.900Z</time></trkpt>
<trkpt lat="54.375295" lon="18.872306"><time>2026-05-24T12:07:11.900Z</time></trkpt>
<trkpt lat="54.375291" lon="18.872187"><time>2026-05-24T12:07:13.900Z</time></trkpt>
<trkpt lat="54.375293" lon="18.872067"><time>2026-05-24T12:07:15.900Z</time></trkpt>
<trkpt lat="54.375303" lon="18.871974"><time>2026-05-24T12:07:17.900Z</time></trkpt>
<trkpt lat="54.375308" lon="18.871868"><time>2026-05-24T12:07:19.900Z</time></trkpt>
<trkpt lat="54.375328" lon="18.871764"><time>2026-05-24T12:07:21.900Z</time></trkpt>
<trkpt lat="54.375338" lon="18.871653"><time>2026-05-24T12:07:23.900Z</time></trkpt>
<trkpt lat="54.375339" lon="18.871542"><time>2026-05-24T12:07:25.900Z</time></trkpt>
<trkpt lat="54.375344" lon="18.871433"><time>2026-05-24T12:07:27.900Z</time></trkpt>
<trkpt lat="54.375344" lon="18.871319"><time>2026-05-24T12:07:29.900Z</time></trkpt>
<trkpt lat="54.375345" lon="18.871211"><time>2026-05-24T12:07:31.900Z</time></trkpt>
<trkpt lat="54.375348" lon="18.871097"><time>2026-05-24T12:07:33.900Z</time></trkpt>
<trkpt lat="54.375358" lon="18.870985"><time>2026-05-24T12:07:35.900Z</time></trkpt>
<trkpt lat="54.375363" lon="18.870876"><time>2026-05-24T12:07:38.000Z</time></trkpt>
<trkpt lat="54.375371" lon="18.870768"><time>2026-05-24T12:07:40.000Z</time></trkpt>
<trkpt lat="54.375376" lon="18.870657"><time>2026-05-24T12:07:42.000Z</time></trkpt>
<trkpt lat="54.375381" lon="18.870549"><time>2026-05-24T12:07:44.000Z</time></trkpt>
<trkpt lat="54.375386" lon="18.870435"><time>2026-05-24T12:07:46.000Z</time></trkpt>
<trkpt lat="54.375399" lon="18.870325"><time>2026-05-24T12:07:48.000Z</time></trkpt>
<trkpt lat="54.375403" lon="18.870218"><time>2026-05-24T12:07:50.000Z</time></trkpt>
<trkpt lat="54.375407" lon="18.870109"><time>2026-05-24T12:07:52.000Z</time></trkpt>
<trkpt lat="54.375415" lon="18.870000"><time>2026-05-24T12:07:54.000Z</time></trkpt>
<trkpt lat="54.375427" lon="18.869892"><time>2026-05-24T12:07:56.000Z</time></trkpt>
<trkpt lat="54.375426" lon="18.869780"><time>2026-05-24T12:07:58.000Z</time></trkpt>
<trkpt lat="54.375428" lon="18.869668"><time>2026-05-24T12:08:00.000Z</time></trkpt>
<trkpt lat="54.375432" lon="18.869554"><time>2026-05-24T12:08:02.000Z</time></trkpt>
<trkpt lat="54.375440" lon="18.869448"><time>2026-05-24T12:08:04.000Z</time></trkpt>
<trkpt lat="54.375445" lon="18.869338"><time>2026-05-24T12:08:06.000Z</time></trkpt>
<trkpt lat="54.375452" lon="18.869231"><time>2026-05-24T12:08:08.000Z</time></trkpt>
<trkpt lat="54.375461" lon="18.869123"><time>2026-05-24T12:08:10.000Z</time></trkpt>
<trkpt lat="54.375466" lon="18.869013"><time>2026-05-24T12:08:12.000Z</time></trkpt>
<trkpt lat="54.375467" lon="18.868903"><time>2026-05-24T12:08:14.000Z</time></trkpt>
<trkpt lat="54.375473" lon="18.868790"><time>2026-05-24T12:08:16.000Z</time></trkpt>
<trkpt lat="54.375479" lon="18.868678"><time>2026-05-24T12:08:18.000Z</time></trkpt>
<trkpt lat="54.375483" lon="18.868569"><time>2026-05-24T12:08:20.000Z</time></trkpt>
<trkpt lat="54.375488" lon="18.868458"><time>2026-05-24T12:08:22.000Z</time></trkpt>
<trkpt lat="54.375494" lon="18.868350"><time>2026-05-24T12:08:24.000Z</time></trkpt>
<trkpt lat="54.375501" lon="18.868243"><time>2026-05-24T12:08:26.000Z</time></trkpt>
<trkpt lat="54.375511" lon="18.868135"><time>2026-05-24T12:08:28.000Z</time></trkpt>
<trkpt lat="54.375520" lon="18.868028"><time>2026-05-24T12:08:30.000Z</time></trkpt>
<trkpt lat="54.375521" lon="18.867914"><time>2026-05-24T12:08:32.000Z</time></trkpt>
<trkpt lat="54.375520" lon="18.867810"><time>2026-05-24T12:08:34.000Z</time></trkpt>
<trkpt lat="54.375524" lon="18.867702"><time>2026-05-24T12:08:35.900Z</time></trkpt>
<trkpt lat="54.375529" lon="18.867593"><time>2026-05-24T12:08:37.900Z</time></trkpt>
<trkpt lat="54.375534" lon="18.867485"><time>2026-05-24T12:08:39.900Z</time></trkpt>
<trkpt lat="54.375533" lon="18.867379"><time>2026-05-24T12:08:41.900Z</time></trkpt>
<trkpt lat="54.375536" lon="18.867269"><time>2026-05-24T12:08:43.900Z</time></trkpt>
<trkpt lat="54.375543" lon="18.867160"><time>2026-05-24T12:08:45.900Z</time></trkpt>
<trkpt lat="54.375549" lon="18.867055"><time>2026-05-24T12:08:47.900Z</time></trkpt>
<trkpt lat="54.375555" lon="18.866943"><time>2026-05-24T12:08:49.900Z</time></trkpt>
<trkpt lat="54.375561" lon="18.866831"><time>2026-05-24T12:08:51.900Z</time></trkpt>
<trkpt lat="54.375567" lon="18.866727"><time>2026-05-24T12:08:53.900Z</time></trkpt>
<trkpt lat="54.375569" lon="18.866619"><time>2026-05-24T12:08:55.900Z</time></trkpt>
<trkpt lat="54.375575" lon="18.866507"><time>2026-05-24T12:08:57.900Z</time></trkpt>
<trkpt lat="54.375579" lon="18.866403"><time>2026-05-24T12:08:59.900Z</time></trkpt>
<trkpt lat="54.375578" lon="18.866294"><time>2026-05-24T12:09:01.900Z</time></trkpt>
<trkpt lat="54.375582" lon="18.866183"><time>2026-05-24T12:09:03.900Z</time></trkpt>
<trkpt lat="54.375590" lon="18.866073"><time>2026-05-24T12:09:05.900Z</time></trkpt>
<trkpt lat="54.375595" lon="18.865968"><time>2026-05-24T12:09:07.900Z</time></trkpt>
<trkpt lat="54.375596" lon="18.865858"><time>2026-05-24T12:09:09.900Z</time></trkpt>
<trkpt lat="54.375598" lon="18.865745"><time>2026-05-24T12:09:11.900Z</time></trkpt>
<trkpt lat="54.375603" lon="18.865635"><time>2026-05-24T12:09:13.900Z</time></trkpt>
<trkpt lat="54.375615" lon="18.865527"><time>2026-05-24T12:09:15.900Z</time></trkpt>
<trkpt lat="54.375622" lon="18.865420"><time>2026-05-24T12:09:17.900Z</time></trkpt>
<trkpt lat="54.375625" lon="18.865310"><time>2026-05-24T12:09:19.900Z</time></trkpt>
<trkpt lat="54.375630" lon="18.865196"><time>2026-05-24T12:09:21.900Z</time></trkpt>
<trkpt lat="54.375641" lon="18.865085"><time>2026-05-24T12:09:23.900Z</time></trkpt>
<trkpt lat="54.375649" lon="18.864977"><time>2026-05-24T12:09:25.900Z</time></trkpt>
<trkpt lat="54.375651" lon="18.864861"><time>2026-05-24T12:09:27.900Z</time></trkpt>
<trkpt lat="54.375652" lon="18.864752"><time>2026-05-24T12:09:29.900Z</time></trkpt>
<trkpt lat="54.375646" lon="18.864639"><time>2026-05-24T12:09:31.900Z</time></trkpt>
<trkpt lat="54.375646" lon="18.864528"><time>2026-05-24T12:09:33.900Z</time></trkpt>
<trkpt lat="54.375649" lon="18.864420"><time>2026-05-24T12:09:35.900Z</time></trkpt>
<trkpt lat="54.375660" lon="18.864313"><time>2026-05-24T12:09:37.900Z</time></trkpt>
<trkpt lat="54.375665" lon="18.864204"><time>2026-05-24T12:09:39.900Z</time></trkpt>
<trkpt lat="54.375676" lon="18.864098"><time>2026-05-24T12:09:41.900Z</time></trkpt>
<trkpt lat="54.375686" lon="18.863986"><time>2026-05-24T12:09:44.000Z</time></trkpt>
<trkpt lat="54.375694" lon="18.863879"><time>2026-05-24T12:09:46.000Z</time></trkpt>
<trkpt lat="54.375695" lon="18.863767"><time>2026-05-24T12:09:48.000Z</time></trkpt>
<trkpt lat="54.375695" lon="18.863659"><time>2026-05-24T12:09:50.000Z</time></trkpt>
<trkpt lat="54.375686" lon="18.863549"><time>2026-05-24T12:09:52.000Z</time></trkpt>
<trkpt lat="54.375690" lon="18.863441"><time>2026-05-24T12:09:54.000Z</time></trkpt>
<trkpt lat="54.375689" lon="18.863334"><time>2026-05-24T12:09:56.000Z</time></trkpt>
<trkpt lat="54.375686" lon="18.863224"><time>2026-05-24T12:09:58.000Z</time></trkpt>
<trkpt lat="54.375691" lon="18.863115"><time>2026-05-24T12:10:00.000Z</time></trkpt>
<trkpt lat="54.375695" lon="18.863004"><time>2026-05-24T12:10:02.000Z</time></trkpt>
<trkpt lat="54.375704" lon="18.862898"><time>2026-05-24T12:10:04.000Z</time></trkpt>
<trkpt lat="54.375716" lon="18.862796"><time>2026-05-24T12:10:06.000Z</time></trkpt>
<trkpt lat="54.375727" lon="18.862698"><time>2026-05-24T12:10:08.000Z</time></trkpt>
<trkpt lat="54.375732" lon="18.862584"><time>2026-05-24T12:10:10.000Z</time></trkpt>
<trkpt lat="54.375734" lon="18.862476"><time>2026-05-24T12:10:12.000Z</time></trkpt>
<trkpt lat="54.375740" lon="18.862373"><time>2026-05-24T12:10:14.000Z</time></trkpt>
<trkpt lat="54.375753" lon="18.862271"><time>2026-05-24T12:10:16.000Z</time></trkpt>
<trkpt lat="54.375760" lon="18.862167"><time>2026-05-24T12:10:18.000Z</time></trkpt>
<trkpt lat="54.375761" lon="18.862055"><time>2026-05-24T12:10:20.000Z</time></trkpt>
<trkpt lat="54.375759" lon="18.861941"><time>2026-05-24T12:10:22.000Z</time></trkpt>
<trkpt lat="54.375757" lon="18.861831"><time>2026-05-24T12:10:24.000Z</time></trkpt>
<trkpt lat="54.375765" lon="18.861723"><time>2026-05-24T12:10:26.000Z</time></trkpt>
<trkpt lat="54.375771" lon="18.861613"><time>2026-05-24T12:10:28.000Z</time></trkpt>
<trkpt lat="54.375771" lon="18.861499"><time>2026-05-24T12:10:30.000Z</time></trkpt>
<trkpt lat="54.375768" lon="18.861388"><time>2026-05-24T12:10:32.000Z</time></trkpt>
<trkpt lat="54.375765" lon="18.861277"><time>2026-05-24T12:10:34.000Z</time></trkpt>
<trkpt lat="54.375768" lon="18.861159"><time>2026-05-24T12:10:36.000Z</time></trkpt>
<trkpt lat="54.375774" lon="18.861049"><time>2026-05-24T12:10:38.000Z</time></trkpt>
<trkpt lat="54.375789" lon="18.860944"><time>2026-05-24T12:10:39.900Z</time></trkpt>
<trkpt lat="54.375798" lon="18.860835"><time>2026-05-24T12:10:41.900Z</time></trkpt>
<trkpt lat="54.375793" lon="18.860723"><time>2026-05-24T12:10:43.900Z</time></trkpt>
<trkpt lat="54.375800" lon="18.860610"><time>2026-05-24T12:10:45.900Z</time></trkpt>
<trkpt lat="54.375805" lon="18.860488"><time>2026-05-24T12:10:47.900Z</time></trkpt>
<trkpt lat="54.375811" lon="18.860385"><time>2026-05-24T12:10:49.900Z</time></trkpt>
<trkpt lat="54.375811" lon="18.860276"><time>2026-05-24T12:10:51.900Z</time></trkpt>
<trkpt lat="54.375815" lon="18.860171"><time>2026-05-24T12:10:53.900Z</time></trkpt>
<trkpt lat="54.375816" lon="18.860061"><time>2026-05-24T12:10:55.900Z</time></trkpt>
<trkpt lat="54.375814" lon="18.859930"><time>2026-05-24T12:10:57.900Z</time></trkpt>
<trkpt lat="54.375814" lon="18.859818"><time>2026-05-24T12:10:59.900Z</time></trkpt>
<trkpt lat="54.375824" lon="18.859707"><time>2026-05-24T12:11:01.900Z</time></trkpt>
<trkpt lat="54.375825" lon="18.859597"><time>2026-05-24T12:11:03.900Z</time></trkpt>
<trkpt lat="54.375825" lon="18.859484"><time>2026-05-24T12:11:05.900Z</time></trkpt>
<trkpt lat="54.375820" lon="18.859378"><time>2026-05-24T12:11:07.900Z</time></trkpt>
<trkpt lat="54.375824" lon="18.859264"><time>2026-05-24T12:11:09.900Z</time></trkpt>
<trkpt lat="54.375823" lon="18.859152"><time>2026-05-24T12:11:11.900Z</time></trkpt>
<trkpt lat="54.375830" lon="18.859045"><time>2026-05-24T12:11:13.900Z</time></trkpt>
<trkpt lat="54.375830" lon="18.858937"><time>2026-05-24T12:11:15.900Z</time></trkpt>
<trkpt lat="54.375833" lon="18.858823"><time>2026-05-24T12:11:17.900Z</time></trkpt>
<trkpt lat="54.375842" lon="18.858716"><time>2026-05-24T12:11:19.900Z</time></trkpt>
<trkpt lat="54.375847" lon="18.858607"><time>2026-05-24T12:11:21.900Z</time></trkpt>
<trkpt lat="54.375861" lon="18.858503"><time>2026-05-24T12:11:23.900Z</time></trkpt>
<trkpt lat="54.375857" lon="18.858391"><time>2026-05-24T12:11:25.900Z</time></trkpt>
<trkpt lat="54.375851" lon="18.858278"><time>2026-05-24T12:11:27.900Z</time></trkpt>
<trkpt lat="54.375849" lon="18.858161"><time>2026-05-24T12:11:29.900Z</time></trkpt>
<trkpt lat="54.375854" lon="18.858052"><time>2026-05-24T12:11:31.900Z</time></trkpt>
<trkpt lat="54.375862" lon="18.857941"><time>2026-05-24T12:11:33.900Z</time></trkpt>
<trkpt lat="54.375866" lon="18.857831"><time>2026-05-24T12:11:35.900Z</time></trkpt>
<trkpt lat="54.375868" lon="18.857720"><time>2026-05-24T12:11:37.900Z</time></trkpt>
<trkpt lat="54.375877" lon="18.857608"><time>2026-05-24T12:11:39.900Z</time></trkpt>
<trkpt lat="54.375886" lon="18.857506"><time>2026-05-24T12:11:41.900Z</time></trkpt>
<trkpt lat="54.375888" lon="18.857393"><time>2026-05-24T12:11:43.900Z</time></trkpt>
<trkpt lat="54.375894" lon="18.857282"><time>2026-05-24T12:11:45.900Z</time></trkpt>
<trkpt lat="54.375902" lon="18.857169"><time>2026-05-24T12:11:47.900Z</time></trkpt>
<trkpt lat="54.375898" lon="18.857059"><time>2026-05-24T12:11:50.000Z</time></trkpt>
<trkpt lat="54.375894" lon="18.856944"><time>2026-05-24T12:11:52.000Z</time></trkpt>
<trkpt lat="54.375890" lon="18.856836"><time>2026-05-24T12:11:54.000Z</time></trkpt>
<trkpt lat="54.375889" lon="18.856722"><time>2026-05-24T12:11:56.000Z</time></trkpt>
<trkpt lat="54.375897" lon="18.856617"><time>2026-05-24T12:11:58.000Z</time></trkpt>
<trkpt lat="54.375907" lon="18.856509"><time>2026-05-24T12:12:00.000Z</time></trkpt>
<trkpt lat="54.375914" lon="18.856398"><time>2026-05-24T12:12:02.000Z</time></trkpt>
<trkpt lat="54.375922" lon="18.856292"><time>2026-05-24T12:12:04.000Z</time></trkpt>
<trkpt lat="54.375926" lon="18.856181"><time>2026-05-24T12:12:06.000Z</time></trkpt>
<trkpt lat="54.375928" lon="18.856077"><time>2026-05-24T12:12:08.000Z</time></trkpt>
<trkpt lat="54.375928" lon="18.855969"><time>2026-05-24T12:12:10.000Z</time></trkpt>
<trkpt lat="54.375947" lon="18.855863"><time>2026-05-24T12:12:12.000Z</time></trkpt>
<trkpt lat="54.375958" lon="18.855754"><time>2026-05-24T12:12:14.000Z</time></trkpt>
<trkpt lat="54.375963" lon="18.855645"><time>2026-05-24T12:12:16.000Z</time></trkpt>
<trkpt lat="54.375962" lon="18.855538"><time>2026-05-24T12:12:18.000Z</time></trkpt>
<trkpt lat="54.375955" lon="18.855427"><time>2026-05-24T12:12:20.000Z</time></trkpt>
<trkpt lat="54.375957" lon="18.855315"><time>2026-05-24T12:12:22.000Z</time></trkpt>
<trkpt lat="54.375963" lon="18.855194"><time>2026-05-24T12:12:24.000Z</time></trkpt>
<trkpt lat="54.375967" lon="18.855081"><time>2026-05-24T12:12:26.000Z</time></trkpt>
<trkpt lat="54.375980" lon="18.854972"><time>2026-05-24T12:12:28.000Z</time></trkpt>
<trkpt lat="54.375980" lon="18.854859"><time>2026-05-24T12:12:30.000Z</time></trkpt>
<trkpt lat="54.375979" lon="18.854745"><time>2026-05-24T12:12:32.000Z</time></trkpt>
<trkpt lat="54.375975" lon="18.854633"><time>2026-05-24T12:12:34.000Z</time></trkpt>
<trkpt lat="54.375983" lon="18.854514"><time>2026-05-24T12:12:36.000Z</time></trkpt>
<trkpt lat="54.375999" lon="18.854413"><time>2026-05-24T12:12:38.000Z</time></trkpt>
<trkpt lat="54.376013" lon="18.854305"><time>2026-05-24T12:12:40.000Z</time></trkpt>
<trkpt lat="54.376026" lon="18.854194"><time>2026-05-24T12:12:42.000Z</time></trkpt>
<trkpt lat="54.376031" lon="18.854087"><time>2026-05-24T12:12:43.900Z</time></trkpt>
<trkpt lat="54.376034" lon="18.853982"><time>2026-05-24T12:12:45.900Z</time></trkpt>
<trkpt lat="54.376036" lon="18.853869"><time>2026-05-24T12:12:47.900Z</time></trkpt>
<trkpt lat="54.376050" lon="18.853756"><time>2026-05-24T12:12:49.900Z</time></trkpt>
<trkpt lat="54.376056" lon="18.853644"><time>2026-05-24T12:12:51.900Z</time></trkpt>
<trkpt lat="54.376055" lon="18.853533"><time>2026-05-24T12:12:53.900Z</time></trkpt>
<trkpt lat="54.376061" lon="18.853423"><time>2026-05-24T12:12:55.900Z</time></trkpt>
<trkpt lat="54.376075" lon="18.853316"><time>2026-05-24T12:12:57.900Z</time></trkpt>
<trkpt lat="54.376092" lon="18.853217"><time>2026-05-24T12:12:59.900Z</time></trkpt>
<trkpt lat="54.376110" lon="18.853114"><time>2026-05-24T12:13:01.900Z</time></trkpt>
<trkpt lat="54.376118" lon="18.853009"><time>2026-05-24T12:13:03.900Z</time></trkpt>
<trkpt lat="54.376120" lon="18.852898"><time>2026-05-24T12:13:05.900Z</time></trkpt>
<trkpt lat="54.376116" lon="18.852785"><time>2026-05-24T12:13:07.900Z</time></trkpt>
<trkpt lat="54.376113" lon="18.852673"><time>2026-05-24T12:13:09.900Z</time></trkpt>
<trkpt lat="54.376105" lon="18.852560"><time>2026-05-24T12:13:11.900Z</time></trkpt>
<trkpt lat="54.376108" lon="18.852452"><time>2026-05-24T12:13:13.900Z</time></trkpt>
<trkpt lat="54.376115" lon="18.852344"><time>2026-05-24T12:13:15.900Z</time></trkpt>
<trkpt lat="54.376119" lon="18.852239"><time>2026-05-24T12:13:17.900Z</time></trkpt>
<trkpt lat="54.376123" lon="18.852142"><time>2026-05-24T12:13:19.900Z</time></trkpt>
<trkpt lat="54.376120" lon="18.852024"><time>2026-05-24T12:13:21.900Z</time></trkpt>
<trkpt lat="54.376114" lon="18.851906"><time>2026-05-24T12:13:23.900Z</time></trkpt>
<trkpt lat="54.376099" lon="18.851801"><time>2026-05-24T12:13:25.900Z</time></trkpt>
<trkpt lat="54.376100" lon="18.851678"><time>2026-05-24T12:13:27.900Z</time></trkpt>
<trkpt lat="54.376101" lon="18.851568"><time>2026-05-24T12:13:29.900Z</time></trkpt>
<trkpt lat="54.376104" lon="18.851459"><time>2026-05-24T12:13:31.900Z</time></trkpt>
<trkpt lat="54.376096" lon="18.851350"><time>2026-05-24T12:13:33.900Z</time></trkpt>
<trkpt lat="54.376088" lon="18.851239"><time>2026-05-24T12:13:35.900Z</time></trkpt>
<trkpt lat="54.376076" lon="18.851119"><time>2026-05-24T12:13:37.900Z</time></trkpt>
<trkpt lat="54.376073" lon="18.851006"><time>2026-05-24T12:13:39.900Z</time></trkpt>
<trkpt lat="54.376073" lon="18.850896"><time>2026-05-24T12:13:41.900Z</time></trkpt>
<trkpt lat="54.376077" lon="18.850780"><time>2026-05-24T12:13:43.900Z</time></trkpt>
<trkpt lat="54.376080" lon="18.850671"><time>2026-05-24T12:13:45.900Z</time></trkpt>
<trkpt lat="54.376086" lon="18.850564"><time>2026-05-24T12:13:47.900Z</time></trkpt>
<trkpt lat="54.376084" lon="18.850452"><time>2026-05-24T12:13:49.900Z</time></trkpt>
<trkpt lat="54.376085" lon="18.850336"><time>2026-05-24T12:13:51.900Z</time></trkpt>
<trkpt lat="54.376085" lon="18.850217"><time>2026-05-24T12:13:53.900Z</time></trkpt>
<trkpt lat="54.376076" lon="18.850095"><time>2026-05-24T12:13:56.000Z</time></trkpt>
<trkpt lat="54.376070" lon="18.849984"><time>2026-05-24T12:13:58.000Z</time></trkpt>
<trkpt lat="54.376053" lon="18.849863"><time>2026-05-24T12:14:00.000Z</time></trkpt>
<trkpt lat="54.376052" lon="18.849756"><time>2026-05-24T12:14:02.000Z</time></trkpt>
<trkpt lat="54.376037" lon="18.849644"><time>2026-05-24T12:14:04.000Z</time></trkpt>
<trkpt lat="54.376040" lon="18.849536"><time>2026-05-24T12:14:06.000Z</time></trkpt>
<trkpt lat="54.376043" lon="18.849426"><time>2026-05-24T12:14:08.000Z</time></trkpt>
<trkpt lat="54.376046" lon="18.849319"><time>2026-05-24T12:14:10.000Z</time></trkpt>
<trkpt lat="54.376043" lon="18.849204"><time>2026-05-24T12:14:12.000Z</time></trkpt>
<trkpt lat="54.376035" lon="18.849086"><time>2026-05-24T12:14:14.000Z</time></trkpt>
<trkpt lat="54.376035" lon="18.848977"><time>2026-05-24T12:14:16.000Z</time></trkpt>
<trkpt lat="54.376035" lon="18.848857"><time>2026-05-24T12:14:18.000Z</time></trkpt>
<trkpt lat="54.376040" lon="18.848752"><time>2026-05-24T12:14:20.000Z</time></trkpt>
<trkpt lat="54.376048" lon="18.848647"><time>2026-05-24T12:14:22.000Z</time></trkpt>
<trkpt lat="54.376054" lon="18.848535"><time>2026-05-24T12:14:24.000Z</time></trkpt>
<trkpt lat="54.376055" lon="18.848419"><time>2026-05-24T12:14:26.000Z</time></trkpt>
<trkpt lat="54.376064" lon="18.848317"><time>2026-05-24T12:14:28.000Z</time></trkpt>
<trkpt lat="54.376065" lon="18.848206"><time>2026-05-24T12:14:30.000Z</time></trkpt>
<trkpt lat="54.376063" lon="18.848096"><time>2026-05-24T12:14:31.900Z</time></trkpt>
<trkpt lat="54.376072" lon="18.847992"><time>2026-05-24T12:14:33.900Z</time></trkpt>
<trkpt lat="54.376081" lon="18.847881"><time>2026-05-24T12:14:35.900Z</time></trkpt>
<trkpt lat="54.376094" lon="18.847775"><time>2026-05-24T12:14:37.900Z</time></trkpt>
<trkpt lat="54.376097" lon="18.847662"><time>2026-05-24T12:14:39.900Z</time></trkpt>
<trkpt lat="54.376106" lon="18.847553"><time>2026-05-24T12:14:41.900Z</time></trkpt>
<trkpt lat="54.376105" lon="18.847436"><time>2026-05-24T12:14:43.900Z</time></trkpt>
<trkpt lat="54.376117" lon="18.847327"><time>2026-05-24T12:14:45.900Z</time></trkpt>
<trkpt lat="54.376123" lon="18.847219"><time>2026-05-24T12:14:47.900Z</time></trkpt>
<trkpt lat="54.376121" lon="18.847110"><time>2026-05-24T12:14:49.900Z</time></trkpt>
<trkpt lat="54.376117" lon="18.846994"><time>2026-05-24T12:14:51.900Z</time></trkpt>
<trkpt lat="54.376117" lon="18.846884"><time>2026-05-24T12:14:53.900Z</time></trkpt>
<trkpt lat="54.376124" lon="18.846774"><time>2026-05-24T12:14:55.900Z</time></trkpt>
<trkpt lat="54.376133" lon="18.846669"><time>2026-05-24T12:14:57.900Z</time></trkpt>
<trkpt lat="54.376147" lon="18.846564"><time>2026-05-24T12:14:59.900Z</time></trkpt>
<trkpt lat="54.376161" lon="18.846455"><time>2026-05-24T12:15:01.900Z</time></trkpt>
<trkpt lat="54.376163" lon="18.846341"><time>2026-05-24T12:15:03.900Z</time></trkpt>
<trkpt lat="54.376157" lon="18.846228"><time>2026-05-24T12:15:05.900Z</time></trkpt>
<trkpt lat="54.376156" lon="18.846123"><time>2026-05-24T12:15:07.900Z</time></trkpt>
<trkpt lat="54.376154" lon="18.846006"><time>2026-05-24T12:15:09.900Z</time></trkpt>
<trkpt lat="54.376163" lon="18.845899"><time>2026-05-24T12:15:11.900Z</time></trkpt>
<trkpt lat="54.376171" lon="18.845789"><time>2026-05-24T12:15:13.900Z</time></trkpt>
<trkpt lat="54.376170" lon="18.845679"><time>2026-05-24T12:15:15.900Z</time></trkpt>
<trkpt lat="54.376167" lon="18.845570"><time>2026-05-24T12:15:17.900Z</time></trkpt>
<trkpt lat="54.376172" lon="18.845456"><time>2026-05-24T12:15:19.900Z</time></trkpt>
<trkpt lat="54.376178" lon="18.845348"><time>2026-05-24T12:15:21.900Z</time></trkpt>
<trkpt lat="54.376183" lon="18.845229"><time>2026-05-24T12:15:23.900Z</time></trkpt>
<trkpt lat="54.376198" lon="18.845122"><time>2026-05-24T12:15:25.900Z</time></trkpt>
<trkpt lat="54.376210" lon="18.845014"><time>2026-05-24T12:15:27.900Z</time></trkpt>
<trkpt lat="54.376229" lon="18.844911"><time>2026-05-24T12:15:29.900Z</time></trkpt>
<trkpt lat="54.376236" lon="18.844801"><time>2026-05-24T12:15:31.900Z</time></trkpt>
<trkpt lat="54.376244" lon="18.844686"><time>2026-05-24T12:15:33.900Z</time></trkpt>
<trkpt lat="54.376247" lon="18.844570"><time>2026-05-24T12:15:35.900Z</time></trkpt>
<trkpt lat="54.376250" lon="18.844461"><time>2026-05-24T12:15:37.900Z</time></trkpt>
<trkpt lat="54.376256" lon="18.844348"><time>2026-05-24T12:15:39.900Z</time></trkpt>
<trkpt lat="54.376264" lon="18.844237"><time>2026-05-24T12:15:41.900Z</time></trkpt>
<trkpt lat="54.376270" lon="18.844132"><time>2026-05-24T12:15:43.900Z</time></trkpt>
<trkpt lat="54.376279" lon="18.844024"><time>2026-05-24T12:15:45.900Z</time></trkpt>
<trkpt lat="54.376286" lon="18.843913"><time>2026-05-24T12:15:47.900Z</time></trkpt>
<trkpt lat="54.376293" lon="18.843802"><time>2026-05-24T12:15:49.900Z</time></trkpt>
<trkpt lat="54.376302" lon="18.843689"><time>2026-05-24T12:15:51.900Z</time></trkpt>
<trkpt lat="54.376319" lon="18.843588"><time>2026-05-24T12:15:53.900Z</time></trkpt>
<trkpt lat="54.376334" lon="18.843488"><time>2026-05-24T12:15:55.900Z</time></trkpt>
<trkpt lat="54.376342" lon="18.843375"><time>2026-05-24T12:15:57.900Z</time></trkpt>
<trkpt lat="54.376355" lon="18.843271"><time>2026-05-24T12:15:59.900Z</time></trkpt>
<trkpt lat="54.376349" lon="18.843158"><time>2026-05-24T12:16:02.000Z</time></trkpt>
<trkpt lat="54.376360" lon="18.843050"><time>2026-05-24T12:16:04.000Z</time></trkpt>
<trkpt lat="54.376376" lon="18.842949"><time>2026-05-24T12:16:06.000Z</time></trkpt>
<trkpt lat="54.376392" lon="18.842849"><time>2026-05-24T12:16:08.000Z</time></trkpt>
<trkpt lat="54.376408" lon="18.842747"><time>2026-05-24T12:16:10.000Z</time></trkpt>
<trkpt lat="54.376428" lon="18.842642"><time>2026-05-24T12:16:12.000Z</time></trkpt>
<trkpt lat="54.376440" lon="18.842533"><time>2026-05-24T12:16:14.000Z</time></trkpt>
<trkpt lat="54.376446" lon="18.842428"><time>2026-05-24T12:16:16.000Z</time></trkpt>
<trkpt lat="54.376460" lon="18.842324"><time>2026-05-24T12:16:18.000Z</time></trkpt>
<trkpt lat="54.376468" lon="18.842217"><time>2026-05-24T12:16:20.000Z</time></trkpt>
<trkpt lat="54.376475" lon="18.842107"><time>2026-05-24T12:16:22.000Z</time></trkpt>
<trkpt lat="54.376482" lon="18.841998"><time>2026-05-24T12:16:24.000Z</time></trkpt>
<trkpt lat="54.376484" lon="18.841889"><time>2026-05-24T12:16:26.000Z</time></trkpt>
<trkpt lat="54.376480" lon="18.841778"><time>2026-05-24T12:16:28.000Z</time></trkpt>
<trkpt lat="54.376467" lon="18.841662"><time>2026-05-24T12:16:30.000Z</time></trkpt>
<trkpt lat="54.376459" lon="18.841548"><time>2026-05-24T12:16:32.000Z</time></trkpt>
<trkpt lat="54.376454" lon="18.841441"><time>2026-05-24T12:16:34.000Z</time></trkpt>
<trkpt lat="54.376453" lon="18.841328"><time>2026-05-24T12:16:36.000Z</time></trkpt>
<trkpt lat="54.376463" lon="18.841222"><time>2026-05-24T12:16:38.000Z</time></trkpt>
<trkpt lat="54.376474" lon="18.841118"><time>2026-05-24T12:16:40.000Z</time></trkpt>
<trkpt lat="54.376480" lon="18.841013"><time>2026-05-24T12:16:41.900Z</time></trkpt>
<trkpt lat="54.376477" lon="18.840904"><time>2026-05-24T12:16:43.900Z</time></trkpt>
<trkpt lat="54.376464" lon="18.840787"><time>2026-05-24T12:16:45.900Z</time></trkpt>
<trkpt lat="54.376449" lon="18.840672"><time>2026-05-24T12:16:47.900Z</time></trkpt>
<trkpt lat="54.376438" lon="18.840556"><time>2026-05-24T12:16:49.900Z</time></trkpt>
<trkpt lat="54.376435" lon="18.840441"><time>2026-05-24T12:16:51.900Z</time></trkpt>
<trkpt lat="54.376435" lon="18.840335"><time>2026-05-24T12:16:53.900Z</time></trkpt>
<trkpt lat="54.376415" lon="18.840217"><time>2026-05-24T12:16:55.900Z</time></trkpt>
<trkpt lat="54.376410" lon="18.840107"><time>2026-05-24T12:16:57.900Z</time></trkpt>
<trkpt lat="54.376391" lon="18.839997"><time>2026-05-24T12:16:59.900Z</time></trkpt>
<trkpt lat="54.376379" lon="18.839874"><time>2026-05-24T12:17:01.900Z</time></trkpt>
<trkpt lat="54.376360" lon="18.839763"><time>2026-05-24T12:17:03.900Z</time></trkpt>
<trkpt lat="54.376350" lon="18.839662"><time>2026-05-24T12:17:05.900Z</time></trkpt>
<trkpt lat="54.376335" lon="18.839548"><time>2026-05-24T12:17:07.900Z</time></trkpt>
<trkpt lat="54.376338" lon="18.839436"><time>2026-05-24T12:17:09.900Z</time></trkpt>
<trkpt lat="54.376325" lon="18.839324"><time>2026-05-24T12:17:11.900Z</time></trkpt>
<trkpt lat="54.376324" lon="18.839216"><time>2026-05-24T12:17:13.900Z</time></trkpt>
<trkpt lat="54.376311" lon="18.839107"><time>2026-05-24T12:17:15.900Z</time></trkpt>
<trkpt lat="54.376306" lon="18.838990"><time>2026-05-24T12:17:17.900Z</time></trkpt>
<trkpt lat="54.376300" lon="18.838880"><time>2026-05-24T12:17:19.900Z</time></trkpt>
<trkpt lat="54.376298" lon="18.838773"><time>2026-05-24T12:17:21.900Z</time></trkpt>
<trkpt lat="54.376293" lon="18.838654"><time>2026-05-24T12:17:23.900Z</time></trkpt>
<trkpt lat="54.376284" lon="18.838534"><time>2026-05-24T12:17:25.900Z</time></trkpt>
<trkpt lat="54.376285" lon="18.838443"><time>2026-05-24T12:17:27.900Z</time></trkpt>
<trkpt lat="54.376299" lon="18.838334"><time>2026-05-24T12:17:29.900Z</time></trkpt>
<trkpt lat="54.376285" lon="18.838237"><time>2026-05-24T12:17:31.900Z</time></trkpt>
<trkpt lat="54.376285" lon="18.838126"><time>2026-05-24T12:17:33.900Z</time></trkpt>
<trkpt lat="54.376278" lon="18.837993"><time>2026-05-24T12:17:35.900Z</time></trkpt>
<trkpt lat="54.376278" lon="18.837891"><time>2026-05-24T12:17:37.900Z</time></trkpt>
<trkpt lat="54.376274" lon="18.837778"><time>2026-05-24T12:17:39.900Z</time></trkpt>
<trkpt lat="54.376271" lon="18.837676"><time>2026-05-24T12:17:41.900Z</time></trkpt>
<trkpt lat="54.376279" lon="18.837571"><time>2026-05-24T12:17:43.900Z</time></trkpt>
<trkpt lat="54.376281" lon="18.837468"><time>2026-05-24T12:17:45.900Z</time></trkpt>
<trkpt lat="54.376280" lon="18.837359"><time>2026-05-24T12:17:47.900Z</time></trkpt>
<trkpt lat="54.376287" lon="18.837249"><time>2026-05-24T12:17:49.900Z</time></trkpt>
<trkpt lat="54.376281" lon="18.837137"><time>2026-05-24T12:17:51.900Z</time></trkpt>
<trkpt lat="54.376282" lon="18.837029"><time>2026-05-24T12:17:53.900Z</time></trkpt>
<trkpt lat="54.376268" lon="18.836910"><time>2026-05-24T12:17:55.900Z</time></trkpt>
<trkpt lat="54.376277" lon="18.836806"><time>2026-05-24T12:17:57.900Z</time></trkpt>
<trkpt lat="54.376280" lon="18.836696"><time>2026-05-24T12:17:59.900Z</time></trkpt>
<trkpt lat="54.376288" lon="18.836583"><time>2026-05-24T12:18:01.900Z</time></trkpt>
<trkpt lat="54.376298" lon="18.836464"><time>2026-05-24T12:18:03.900Z</time></trkpt>
<trkpt lat="54.376300" lon="18.836354"><time>2026-05-24T12:18:05.900Z</time></trkpt>
<trkpt lat="54.376304" lon="18.836226"><time>2026-05-24T12:18:08.000Z</time></trkpt>
<trkpt lat="54.376306" lon="18.836112"><time>2026-05-24T12:18:10.000Z</time></trkpt>
<trkpt lat="54.376304" lon="18.835992"><time>2026-05-24T12:18:12.000Z</time></trkpt>
<trkpt lat="54.376295" lon="18.835884"><time>2026-05-24T12:18:14.000Z</time></trkpt>
<trkpt lat="54.376290" lon="18.835770"><time>2026-05-24T12:18:16.000Z</time></trkpt>
<trkpt lat="54.376284" lon="18.835655"><time>2026-05-24T12:18:18.000Z</time></trkpt>
<trkpt lat="54.376287" lon="18.835542"><time>2026-05-24T12:18:20.000Z</time></trkpt>
<trkpt lat="54.376294" lon="18.835435"><time>2026-05-24T12:18:22.000Z</time></trkpt>
<trkpt lat="54.376295" lon="18.835319"><time>2026-05-24T12:18:24.000Z</time></trkpt>
<trkpt lat="54.376296" lon="18.835211"><time>2026-05-24T12:18:26.000Z</time></trkpt>
<trkpt lat="54.376291" lon="18.835093"><time>2026-05-24T12:18:28.000Z</time></trkpt>
<trkpt lat="54.376294" lon="18.834984"><time>2026-05-24T12:18:30.000Z</time></trkpt>
<trkpt lat="54.376304" lon="18.834873"><time>2026-05-24T12:18:32.000Z</time></trkpt>
<trkpt lat="54.376313" lon="18.834760"><time>2026-05-24T12:18:34.000Z</time></trkpt>
<trkpt lat="54.376315" lon="18.834653"><time>2026-05-24T12:18:36.000Z</time></trkpt>
<trkpt lat="54.376309" lon="18.834542"><time>2026-05-24T12:18:38.000Z</time></trkpt>
<trkpt lat="54.376298" lon="18.834421"><time>2026-05-24T12:18:40.000Z</time></trkpt>
<trkpt lat="54.376290" lon="18.834307"><time>2026-05-24T12:18:42.000Z</time></trkpt>
<trkpt lat="54.376294" lon="18.834206"><time>2026-05-24T12:18:44.000Z</time></trkpt>
<trkpt lat="54.376294" lon="18.834091"><time>2026-05-24T12:18:46.000Z</time></trkpt>
<trkpt lat="54.376302" lon="18.833969"><time>2026-05-24T12:18:48.000Z</time></trkpt>
<trkpt lat="54.376294" lon="18.833866"><time>2026-05-24T12:18:50.000Z</time></trkpt>
<trkpt lat="54.376307" lon="18.833748"><time>2026-05-24T12:18:52.000Z</time></trkpt>
<trkpt lat="54.376305" lon="18.833637"><time>2026-05-24T12:18:53.900Z</time></trkpt>
<trkpt lat="54.376312" lon="18.833520"><time>2026-05-24T12:18:55.900Z</time></trkpt>
<trkpt lat="54.376310" lon="18.833405"><time>2026-05-24T12:18:57.900Z</time></trkpt>
<trkpt lat="54.376307" lon="18.833295"><time>2026-05-24T12:18:59.900Z</time></trkpt>
<trkpt lat="54.376299" lon="18.833183"><time>2026-05-24T12:19:01.900Z</time></trkpt>
<trkpt lat="54.376302" lon="18.833069"><time>2026-05-24T12:19:03.900Z</time></trkpt>
<trkpt lat="54.376308" lon="18.832964"><time>2026-05-24T12:19:05.900Z</time></trkpt>
<trkpt lat="54.376302" lon="18.832851"><time>2026-05-24T12:19:07.900Z</time></trkpt>
<trkpt lat="54.376297" lon="18.832737"><time>2026-05-24T12:19:09.900Z</time></trkpt>
<trkpt lat="54.376291" lon="18.832625"><time>2026-05-24T12:19:11.900Z</time></trkpt>
<trkpt lat="54.376293" lon="18.832520"><time>2026-05-24T12:19:13.900Z</time></trkpt>
<trkpt lat="54.376301" lon="18.832417"><time>2026-05-24T12:19:15.900Z</time></trkpt>
<trkpt lat="54.376315" lon="18.832301"><time>2026-05-24T12:19:17.900Z</time></trkpt>
<trkpt lat="54.376318" lon="18.832200"><time>2026-05-24T12:19:19.900Z</time></trkpt>
<trkpt lat="54.376327" lon="18.832076"><time>2026-05-24T12:19:21.900Z</time></trkpt>
<trkpt lat="54.376332" lon="18.831975"><time>2026-05-24T12:19:23.900Z</time></trkpt>
<trkpt lat="54.376327" lon="18.831860"><time>2026-05-24T12:19:25.900Z</time></trkpt>
<trkpt lat="54.376329" lon="18.831744"><time>2026-05-24T12:19:27.900Z</time></trkpt>
<trkpt lat="54.376338" lon="18.831639"><time>2026-05-24T12:19:29.900Z</time></trkpt>
<trkpt lat="54.376355" lon="18.831516"><time>2026-05-24T12:19:31.900Z</time></trkpt>
<trkpt lat="54.376349" lon="18.831412"><time>2026-05-24T12:19:33.900Z</time></trkpt>
<trkpt lat="54.376358" lon="18.831299"><time>2026-05-24T12:19:35.900Z</time></trkpt>
<trkpt lat="54.376365" lon="18.831194"><time>2026-05-24T12:19:37.900Z</time></trkpt>
<trkpt lat="54.376376" lon="18.831080"><time>2026-05-24T12:19:39.900Z</time></trkpt>
<trkpt lat="54.376398" lon="18.830975"><time>2026-05-24T12:19:41.900Z</time></trkpt>
<trkpt lat="54.376403" lon="18.830858"><time>2026-05-24T12:19:43.900Z</time></trkpt>
<trkpt lat="54.376410" lon="18.830760"><time>2026-05-24T12:19:45.900Z</time></trkpt>
<trkpt lat="54.376404" lon="18.830659"><time>2026-05-24T12:19:47.900Z</time></trkpt>
<trkpt lat="54.376413" lon="18.830554"><time>2026-05-24T12:19:49.900Z</time></trkpt>
<trkpt lat="54.376423" lon="18.830441"><time>2026-05-24T12:19:51.900Z</time></trkpt>
<trkpt lat="54.376431" lon="18.830351"><time>2026-05-24T12:19:53.900Z</time></trkpt>
<trkpt lat="54.376433" lon="18.830252"><time>2026-05-24T12:19:55.900Z</time></trkpt>
<trkpt lat="54.376444" lon="18.830151"><time>2026-05-24T12:19:57.900Z</time></trkpt>
<trkpt lat="54.376448" lon="18.830052"><time>2026-05-24T12:19:59.900Z</time></trkpt>
<trkpt lat="54.376451" lon="18.829948"><time>2026-05-24T12:20:01.900Z</time></trkpt>
<trkpt lat="54.376459" lon="18.829840"><time>2026-05-24T12:20:03.900Z</time></trkpt>
<trkpt lat="54.376471" lon="18.829749"><time>2026-05-24T12:20:05.900Z</time></trkpt>
<trkpt lat="54.376476" lon="18.829645"><time>2026-05-24T12:20:07.900Z</time></trkpt>
<trkpt lat="54.376487" lon="18.829543"><time>2026-05-24T12:20:09.900Z</time></trkpt>
<trkpt lat="54.376497" lon="18.829438"><time>2026-05-24T12:20:11.900Z</time></trkpt>
<trkpt lat="54.376505" lon="18.829334"><time>2026-05-24T12:20:14.000Z</time></trkpt>
<trkpt lat="54.376518" lon="18.829242"><time>2026-05-24T12:20:16.000Z</time></trkpt>
<trkpt lat="54.376528" lon="18.829137"><time>2026-05-24T12:20:18.000Z</time></trkpt>
<trkpt lat="54.376530" lon="18.829032"><time>2026-05-24T12:20:20.000Z</time></trkpt>
<trkpt lat="54.376529" lon="18.828931"><time>2026-05-24T12:20:22.000Z</time></trkpt>
<trkpt lat="54.376538" lon="18.828829"><time>2026-05-24T12:20:24.000Z</time></trkpt>
<trkpt lat="54.376553" lon="18.828739"><time>2026-05-24T12:20:26.000Z</time></trkpt>
<trkpt lat="54.376570" lon="18.828626"><time>2026-05-24T12:20:28.000Z</time></trkpt>
<trkpt lat="54.376591" lon="18.828519"><time>2026-05-24T12:20:30.000Z</time></trkpt>
<trkpt lat="54.376576" lon="18.828406"><time>2026-05-24T12:20:32.000Z</time></trkpt>
<trkpt lat="54.376579" lon="18.828289"><time>2026-05-24T12:20:34.000Z</time></trkpt>
<trkpt lat="54.376595" lon="18.828195"><time>2026-05-24T12:20:36.000Z</time></trkpt>
<trkpt lat="54.376600" lon="18.828087"><time>2026-05-24T12:20:38.000Z</time></trkpt>
<trkpt lat="54.376606" lon="18.827980"><time>2026-05-24T12:20:40.000Z</time></trkpt>
<trkpt lat="54.376596" lon="18.827864"><time>2026-05-24T12:20:42.000Z</time></trkpt>
<trkpt lat="54.376596" lon="18.827760"><time>2026-05-24T12:20:44.000Z</time></trkpt>
<trkpt lat="54.376589" lon="18.827651"><time>2026-05-24T12:20:46.000Z</time></trkpt>
<trkpt lat="54.376599" lon="18.827543"><time>2026-05-24T12:20:48.000Z</time></trkpt>
<trkpt lat="54.376612" lon="18.827430"><time>2026-05-24T12:20:50.000Z</time></trkpt>
<trkpt lat="54.376620" lon="18.827334"><time>2026-05-24T12:20:52.000Z</time></trkpt>
<trkpt lat="54.376615" lon="18.827256"><time>2026-05-24T12:20:54.000Z</time></trkpt>
<trkpt lat="54.376606" lon="18.827157"><time>2026-05-24T12:20:55.900Z</time></trkpt>
<trkpt lat="54.376617" lon="18.826990"><time>2026-05-24T12:20:57.900Z</time></trkpt>
<trkpt lat="54.376624" lon="18.826888"><time>2026-05-24T12:20:59.900Z</time></trkpt>
<trkpt lat="54.376626" lon="18.826780"><time>2026-05-24T12:21:01.900Z</time></trkpt>
<trkpt lat="54.376636" lon="18.826678"><time>2026-05-24T12:21:03.900Z</time></trkpt>
<trkpt lat="54.376647" lon="18.826566"><time>2026-05-24T12:21:05.900Z</time></trkpt>
<trkpt lat="54.376652" lon="18.826459"><time>2026-05-24T12:21:07.900Z</time></trkpt>
<trkpt lat="54.376665" lon="18.826360"><time>2026-05-24T12:21:09.900Z</time></trkpt>
<trkpt lat="54.376665" lon="18.826250"><time>2026-05-24T12:21:11.900Z</time></trkpt>
<trkpt lat="54.376667" lon="18.826138"><time>2026-05-24T12:21:13.900Z</time></trkpt>
<trkpt lat="54.376676" lon="18.826036"><time>2026-05-24T12:21:15.900Z</time></trkpt>
<trkpt lat="54.376685" lon="18.825941"><time>2026-05-24T12:21:17.900Z</time></trkpt>
<trkpt lat="54.376696" lon="18.825823"><time>2026-05-24T12:21:19.900Z</time></trkpt>
<trkpt lat="54.376722" lon="18.825749"><time>2026-05-24T12:21:21.900Z</time></trkpt>
<trkpt lat="54.376732" lon="18.825640"><time>2026-05-24T12:21:23.900Z</time></trkpt>
<trkpt lat="54.376733" lon="18.825535"><time>2026-05-24T12:21:25.900Z</time></trkpt>
<trkpt lat="54.376729" lon="18.825420"><time>2026-05-24T12:21:27.900Z</time></trkpt>
<trkpt lat="54.376734" lon="18.825312"><time>2026-05-24T12:21:29.900Z</time></trkpt>
<trkpt lat="54.376739" lon="18.825207"><time>2026-05-24T12:21:31.900Z</time></trkpt>
<trkpt lat="54.376744" lon="18.825094"><time>2026-05-24T12:21:33.900Z</time></trkpt>
<trkpt lat="54.376762" lon="18.824993"><time>2026-05-24T12:21:35.900Z</time></trkpt>
<trkpt lat="54.376777" lon="18.824891"><time>2026-05-24T12:21:37.900Z</time></trkpt>
<trkpt lat="54.376791" lon="18.824790"><time>2026-05-24T12:21:39.900Z</time></trkpt>
<trkpt lat="54.376801" lon="18.824689"><time>2026-05-24T12:21:41.900Z</time></trkpt>
<trkpt lat="54.376809" lon="18.824582"><time>2026-05-24T12:21:43.900Z</time></trkpt>
<trkpt lat="54.376808" lon="18.824477"><time>2026-05-24T12:21:45.900Z</time></trkpt>
<trkpt lat="54.376797" lon="18.824367"><time>2026-05-24T12:21:47.900Z</time></trkpt>
<trkpt lat="54.376803" lon="18.824252"><time>2026-05-24T12:21:49.900Z</time></trkpt>
<trkpt lat="54.376816" lon="18.824150"><time>2026-05-24T12:21:51.900Z</time></trkpt>
<trkpt lat="54.376817" lon="18.824030"><time>2026-05-24T12:21:53.900Z</time></trkpt>
<trkpt lat="54.376824" lon="18.823921"><time>2026-05-24T12:21:55.900Z</time></trkpt>
<trkpt lat="54.376832" lon="18.823817"><time>2026-05-24T12:21:57.900Z</time></trkpt>
<trkpt lat="54.376838" lon="18.823711"><time>2026-05-24T12:21:59.900Z</time></trkpt>
<trkpt lat="54.376844" lon="18.823600"><time>2026-05-24T12:22:01.900Z</time></trkpt>
<trkpt lat="54.376858" lon="18.823496"><time>2026-05-24T12:22:03.900Z</time></trkpt>
<trkpt lat="54.376865" lon="18.823389"><time>2026-05-24T12:22:05.900Z</time></trkpt>
<trkpt lat="54.376874" lon="18.823283"><time>2026-05-24T12:22:07.900Z</time></trkpt>
<trkpt lat="54.376864" lon="18.823175"><time>2026-05-24T12:22:09.900Z</time></trkpt>
<trkpt lat="54.376862" lon="18.823062"><time>2026-05-24T12:22:11.900Z</time></trkpt>
<trkpt lat="54.376851" lon="18.822952"><time>2026-05-24T12:22:13.900Z</time></trkpt>
<trkpt lat="54.376844" lon="18.822845"><time>2026-05-24T12:22:15.900Z</time></trkpt>
<trkpt lat="54.376839" lon="18.822732"><time>2026-05-24T12:22:17.900Z</time></trkpt>
<trkpt lat="54.376845" lon="18.822624"><time>2026-05-24T12:22:19.900Z</time></trkpt>
<trkpt lat="54.376858" lon="18.822513"><time>2026-05-24T12:22:21.900Z</time></trkpt>
<trkpt lat="54.376862" lon="18.822406"><time>2026-05-24T12:22:23.900Z</time></trkpt>
<trkpt lat="54.376862" lon="18.822293"><time>2026-05-24T12:22:25.900Z</time></trkpt>
<trkpt lat="54.376863" lon="18.822184"><time>2026-05-24T12:22:27.900Z</time></trkpt>
<trkpt lat="54.376874" lon="18.822080"><time>2026-05-24T12:22:29.900Z</time></trkpt>
<trkpt lat="54.376892" lon="18.821957"><time>2026-05-24T12:22:31.900Z</time></trkpt>
<trkpt lat="54.376912" lon="18.821849"><time>2026-05-24T12:22:33.900Z</time></trkpt>
<trkpt lat="54.376913" lon="18.821723"><time>2026-05-24T12:22:35.900Z</time></trkpt>
<trkpt lat="54.376916" lon="18.821607"><time>2026-05-24T12:22:37.900Z</time></trkpt>
<trkpt lat="54.376924" lon="18.821490"><time>2026-05-24T12:22:39.900Z</time></trkpt>
<trkpt lat="54.376940" lon="18.821379"><time>2026-05-24T12:22:41.900Z</time></trkpt>
<trkpt lat="54.376957" lon="18.821267"><time>2026-05-24T12:22:43.900Z</time></trkpt>
<trkpt lat="54.376970" lon="18.821169"><time>2026-05-24T12:22:45.900Z</time></trkpt>
<trkpt lat="54.376981" lon="18.821065"><time>2026-05-24T12:22:47.900Z</time></trkpt>
<trkpt lat="54.376992" lon="18.820964"><time>2026-05-24T12:22:49.900Z</time></trkpt>
<trkpt lat="54.376999" lon="18.820857"><time>2026-05-24T12:22:51.900Z</time></trkpt>
<trkpt lat="54.377008" lon="18.820750"><time>2026-05-24T12:22:53.900Z</time></trkpt>
<trkpt lat="54.377016" lon="18.820655"><time>2026-05-24T12:22:55.900Z</time></trkpt>
<trkpt lat="54.377023" lon="18.820549"><time>2026-05-24T12:22:57.900Z</time></trkpt>
<trkpt lat="54.377035" lon="18.820436"><time>2026-05-24T12:22:59.900Z</time></trkpt>
<trkpt lat="54.377040" lon="18.820329"><time>2026-05-24T12:23:01.900Z</time></trkpt>
<trkpt lat="54.377052" lon="18.820221"><time>2026-05-24T12:23:03.900Z</time></trkpt>
<trkpt lat="54.377071" lon="18.820111"><time>2026-05-24T12:23:05.900Z</time></trkpt>
<trkpt lat="54.377081" lon="18.820009"><time>2026-05-24T12:23:07.900Z</time></trkpt>
<trkpt lat="54.377086" lon="18.819909"><time>2026-05-24T12:23:09.900Z</time></trkpt>
<trkpt lat="54.377094" lon="18.819787"><time>2026-05-24T12:23:11.900Z</time></trkpt>
<trkpt lat="54.377105" lon="18.819679"><time>2026-05-24T12:23:13.900Z</time></trkpt>
<trkpt lat="54.377122" lon="18.819560"><time>2026-05-24T12:23:15.900Z</time></trkpt>
<trkpt lat="54.377130" lon="18.819464"><time>2026-05-24T12:23:17.900Z</time></trkpt>
<trkpt lat="54.377143" lon="18.819364"><time>2026-05-24T12:23:19.900Z</time></trkpt>
<trkpt lat="54.377142" lon="18.819248"><time>2026-05-24T12:23:21.900Z</time></trkpt>
<trkpt lat="54.377141" lon="18.819138"><time>2026-05-24T12:23:23.900Z</time></trkpt>
<trkpt lat="54.377153" lon="18.819028"><time>2026-05-24T12:23:25.900Z</time></trkpt>
<trkpt lat="54.377159" lon="18.818929"><time>2026-05-24T12:23:27.900Z</time></trkpt>
<trkpt lat="54.377161" lon="18.818816"><time>2026-05-24T12:23:29.900Z</time></trkpt>
<trkpt lat="54.377173" lon="18.818704"><time>2026-05-24T12:23:31.900Z</time></trkpt>
<trkpt lat="54.377183" lon="18.818605"><time>2026-05-24T12:23:33.900Z</time></trkpt>
<trkpt lat="54.377197" lon="18.818499"><time>2026-05-24T12:23:35.900Z</time></trkpt>
<trkpt lat="54.377205" lon="18.818389"><time>2026-05-24T12:23:37.900Z</time></trkpt>
<trkpt lat="54.377216" lon="18.818282"><time>2026-05-24T12:23:39.900Z</time></trkpt>
<trkpt lat="54.377219" lon="18.818173"><time>2026-05-24T12:23:41.900Z</time></trkpt>
<trkpt lat="54.377225" lon="18.818064"><time>2026-05-24T12:23:43.900Z</time></trkpt>
<trkpt lat="54.377242" lon="18.817951"><time>2026-05-24T12:23:45.900Z</time></trkpt>
<trkpt lat="54.377255" lon="18.817851"><time>2026-05-24T12:23:47.900Z</time></trkpt>
<trkpt lat="54.377272" lon="18.817746"><time>2026-05-24T12:23:49.900Z</time></trkpt>
<trkpt lat="54.377291" lon="18.817644"><time>2026-05-24T12:23:51.900Z</time></trkpt>
<trkpt lat="54.377308" lon="18.817541"><time>2026-05-24T12:23:53.900Z</time></trkpt>
<trkpt lat="54.377339" lon="18.817451"><time>2026-05-24T12:23:55.900Z</time></trkpt>
<trkpt lat="54.377365" lon="18.817362"><time>2026-05-24T12:23:57.900Z</time></trkpt>
<trkpt lat="54.377377" lon="18.817246"><time>2026-05-24T12:23:59.900Z</time></trkpt>
<trkpt lat="54.377371" lon="18.817138"><time>2026-05-24T12:24:01.900Z</time></trkpt>
<trkpt lat="54.377370" lon="18.817026"><time>2026-05-24T12:24:03.900Z</time></trkpt>
<trkpt lat="54.377369" lon="18.816919"><time>2026-05-24T12:24:05.900Z</time></trkpt>
<trkpt lat="54.377377" lon="18.816812"><time>2026-05-24T12:24:07.900Z</time></trkpt>
<trkpt lat="54.377376" lon="18.816696"><time>2026-05-24T12:24:09.900Z</time></trkpt>
<trkpt lat="54.377380" lon="18.816591"><time>2026-05-24T12:24:11.900Z</time></trkpt>
<trkpt lat="54.377382" lon="18.816481"><time>2026-05-24T12:24:13.900Z</time></trkpt>
<trkpt lat="54.377389" lon="18.816374"><time>2026-05-24T12:24:15.900Z</time></trkpt>
<trkpt lat="54.377396" lon="18.816269"><time>2026-05-24T12:24:17.900Z</time></trkpt>
<trkpt lat="54.377398" lon="18.816159"><time>2026-05-24T12:24:19.900Z</time></trkpt>
<trkpt lat="54.377406" lon="18.816048"><time>2026-05-24T12:24:21.900Z</time></trkpt>
<trkpt lat="54.377413" lon="18.815937"><time>2026-05-24T12:24:23.900Z</time></trkpt>
<trkpt lat="54.377426" lon="18.815836"><time>2026-05-24T12:24:25.900Z</time></trkpt>
<trkpt lat="54.377431" lon="18.815727"><time>2026-05-24T12:24:27.900Z</time></trkpt>
<trkpt lat="54.377431" lon="18.815616"><time>2026-05-24T12:24:29.900Z</time></trkpt>
<trkpt lat="54.377411" lon="18.815495"><time>2026-05-24T12:24:31.900Z</time></trkpt>
<trkpt lat="54.377396" lon="18.815389"><time>2026-05-24T12:24:33.900Z</time></trkpt>
<trkpt lat="54.377381" lon="18.815285"><time>2026-05-24T12:24:35.900Z</time></trkpt>
<trkpt lat="54.377384" lon="18.815174"><time>2026-05-24T12:24:37.900Z</time></trkpt>
<trkpt lat="54.377387" lon="18.815065"><time>2026-05-24T12:24:39.900Z</time></trkpt>
<trkpt lat="54.377391" lon="18.814957"><time>2026-05-24T12:24:41.900Z</time></trkpt>
<trkpt lat="54.377390" lon="18.814842"><time>2026-05-24T12:24:43.900Z</time></trkpt>
<trkpt lat="54.377397" lon="18.814731"><time>2026-05-24T12:24:45.900Z</time></trkpt>
<trkpt lat="54.377401" lon="18.814614"><time>2026-05-24T12:24:47.900Z</time></trkpt>
<trkpt lat="54.377403" lon="18.814504"><time>2026-05-24T12:24:49.900Z</time></trkpt>
<trkpt lat="54.377404" lon="18.814394"><time>2026-05-24T12:24:51.900Z</time></trkpt>
<trkpt lat="54.377409" lon="18.814287"><time>2026-05-24T12:24:53.900Z</time></trkpt>
<trkpt lat="54.377418" lon="18.814171"><time>2026-05-24T12:24:55.900Z</time></trkpt>
<trkpt lat="54.377427" lon="18.814061"><time>2026-05-24T12:24:57.900Z</time></trkpt>
<trkpt lat="54.377431" lon="18.813954"><time>2026-05-24T12:24:59.900Z</time></trkpt>
<trkpt lat="54.377434" lon="18.813832"><time>2026-05-24T12:25:01.900Z</time></trkpt>
<trkpt lat="54.377439" lon="18.813724"><time>2026-05-24T12:25:03.900Z</time></trkpt>
<trkpt lat="54.377434" lon="18.813609"><time>2026-05-24T12:25:05.900Z</time></trkpt>
<trkpt lat="54.377432" lon="18.813496"><time>2026-05-24T12:25:07.900Z</time></trkpt>
<trkpt lat="54.377435" lon="18.813380"><time>2026-05-24T12:25:09.900Z</time></trkpt>
<trkpt lat="54.377441" lon="18.813273"><time>2026-05-24T12:25:11.900Z</time></trkpt>
<trkpt lat="54.377449" lon="18.813165"><time>2026-05-24T12:25:13.900Z</time></trkpt>
<trkpt lat="54.377465" lon="18.813059"><time>2026-05-24T12:25:15.900Z</time></trkpt>
<trkpt lat="54.377479" lon="18.812956"><time>2026-05-24T12:25:17.900Z</time></trkpt>
<trkpt lat="54.377488" lon="18.812845"><time>2026-05-24T12:25:19.900Z</time></trkpt>
<trkpt lat="54.377496" lon="18.812736"><time>2026-05-24T12:25:21.900Z</time></trkpt>
<trkpt lat="54.377505" lon="18.812627"><time>2026-05-24T12:25:23.900Z</time></trkpt>
<trkpt lat="54.377520" lon="18.812518"><time>2026-05-24T12:25:25.900Z</time></trkpt>
<trkpt lat="54.377531" lon="18.812408"><time>2026-05-24T12:25:27.900Z</time></trkpt>
<trkpt lat="54.377549" lon="18.812301"><time>2026-05-24T12:25:29.900Z</time></trkpt>
<trkpt lat="54.377568" lon="18.812201"><time>2026-05-24T12:25:31.900Z</time></trkpt>
<trkpt lat="54.377583" lon="18.812093"><time>2026-05-24T12:25:33.900Z</time></trkpt>
<trkpt lat="54.377599" lon="18.811988"><time>2026-05-24T12:25:35.900Z</time></trkpt>
<trkpt lat="54.377606" lon="18.811875"><time>2026-05-24T12:25:37.900Z</time></trkpt>
<trkpt lat="54.377618" lon="18.811766"><time>2026-05-24T12:25:39.900Z</time></trkpt>
<trkpt lat="54.377630" lon="18.811659"><time>2026-05-24T12:25:41.900Z</time></trkpt>
<trkpt lat="54.377643" lon="18.811551"><time>2026-05-24T12:25:43.900Z</time></trkpt>
<trkpt lat="54.377656" lon="18.811443"><time>2026-05-24T12:25:45.900Z</time></trkpt>
<trkpt lat="54.377669" lon="18.811339"><time>2026-05-24T12:25:47.900Z</time></trkpt>
<trkpt lat="54.377677" lon="18.811230"><time>2026-05-24T12:25:49.900Z</time></trkpt>
<trkpt lat="54.377685" lon="18.811120"><time>2026-05-24T12:25:51.900Z</time></trkpt>
<trkpt lat="54.377695" lon="18.811013"><time>2026-05-24T12:25:53.900Z</time></trkpt>
<trkpt lat="54.377706" lon="18.810908"><time>2026-05-24T12:25:55.900Z</time></trkpt>
<trkpt lat="54.377723" lon="18.810799"><time>2026-05-24T12:25:57.900Z</time></trkpt>
<trkpt lat="54.377734" lon="18.810690"><time>2026-05-24T12:25:59.900Z</time></trkpt>
<trkpt lat="54.377747" lon="18.810584"><time>2026-05-24T12:26:01.900Z</time></trkpt>
<trkpt lat="54.377756" lon="18.810478"><time>2026-05-24T12:26:03.900Z</time></trkpt>
<trkpt lat="54.377770" lon="18.810372"><time>2026-05-24T12:26:05.900Z</time></trkpt>
<trkpt lat="54.377778" lon="18.810264"><time>2026-05-24T12:26:07.900Z</time></trkpt>
<trkpt lat="54.377790" lon="18.810163"><time>2026-05-24T12:26:09.900Z</time></trkpt>
<trkpt lat="54.377809" lon="18.810062"><time>2026-05-24T12:26:11.900Z</time></trkpt>
<trkpt lat="54.377836" lon="18.809971"><time>2026-05-24T12:26:13.900Z</time></trkpt>
<trkpt lat="54.377862" lon="18.809879"><time>2026-05-24T12:26:15.900Z</time></trkpt>
<trkpt lat="54.377887" lon="18.809787"><time>2026-05-24T12:26:17.900Z</time></trkpt>
<trkpt lat="54.377896" lon="18.809690"><time>2026-05-24T12:26:19.900Z</time></trkpt>
<trkpt lat="54.377912" lon="18.809582"><time>2026-05-24T12:26:21.900Z</time></trkpt>
<trkpt lat="54.377926" lon="18.809482"><time>2026-05-24T12:26:23.900Z</time></trkpt>
<trkpt lat="54.377929" lon="18.809371"><time>2026-05-24T12:26:25.900Z</time></trkpt>
<trkpt lat="54.377928" lon="18.809269"><time>2026-05-24T12:26:27.900Z</time></trkpt>
<trkpt lat="54.377917" lon="18.809156"><time>2026-05-24T12:26:29.900Z</time></trkpt>
<trkpt lat="54.377925" lon="18.809044"><time>2026-05-24T12:26:32.000Z</time></trkpt>
<trkpt lat="54.377930" lon="18.808943"><time>2026-05-24T12:26:34.000Z</time></trkpt>
<trkpt lat="54.377935" lon="18.808832"><time>2026-05-24T12:26:36.000Z</time></trkpt>
<trkpt lat="54.377935" lon="18.808720"><time>2026-05-24T12:26:38.000Z</time></trkpt>
<trkpt lat="54.377937" lon="18.808600"><time>2026-05-24T12:26:40.000Z</time></trkpt>
<trkpt lat="54.377929" lon="18.808498"><time>2026-05-24T12:26:42.000Z</time></trkpt>
<trkpt lat="54.377925" lon="18.808391"><time>2026-05-24T12:26:44.000Z</time></trkpt>
<trkpt lat="54.377933" lon="18.808286"><time>2026-05-24T12:26:46.000Z</time></trkpt>
<trkpt lat="54.377954" lon="18.808189"><time>2026-05-24T12:26:48.000Z</time></trkpt>
<trkpt lat="54.377968" lon="18.808093"><time>2026-05-24T12:26:50.000Z</time></trkpt>
<trkpt lat="54.377977" lon="18.807988"><time>2026-05-24T12:26:52.000Z</time></trkpt>
<trkpt lat="54.377987" lon="18.807882"><time>2026-05-24T12:26:54.000Z</time></trkpt>
<trkpt lat="54.377992" lon="18.807775"><time>2026-05-24T12:26:56.000Z</time></trkpt>
<trkpt lat="54.378007" lon="18.807671"><time>2026-05-24T12:26:58.000Z</time></trkpt>
<trkpt lat="54.378025" lon="18.807572"><time>2026-05-24T12:27:00.000Z</time></trkpt>
<trkpt lat="54.378048" lon="18.807477"><time>2026-05-24T12:27:02.000Z</time></trkpt>
<trkpt lat="54.378061" lon="18.807375"><time>2026-05-24T12:27:04.000Z</time></trkpt>
<trkpt lat="54.378079" lon="18.807276"><time>2026-05-24T12:27:06.000Z</time></trkpt>
<trkpt lat="54.378101" lon="18.807182"><time>2026-05-24T12:27:08.000Z</time></trkpt>
<trkpt lat="54.378130" lon="18.807092"><time>2026-05-24T12:27:10.000Z</time></trkpt>
<trkpt lat="54.378158" lon="18.807007"><time>2026-05-24T12:27:12.000Z</time></trkpt>
<trkpt lat="54.378181" lon="18.806918"><time>2026-05-24T12:27:14.000Z</time></trkpt>
<trkpt lat="54.378196" lon="18.806819"><time>2026-05-24T12:27:16.000Z</time></trkpt>
<trkpt lat="54.378215" lon="18.806723"><time>2026-05-24T12:27:18.000Z</time></trkpt>
<trkpt lat="54.378235" lon="18.806625"><time>2026-05-24T12:27:20.000Z</time></trkpt>
<trkpt lat="54.378256" lon="18.806529"><time>2026-05-24T12:27:22.000Z</time></trkpt>
<trkpt lat="54.378275" lon="18.806432"><time>2026-05-24T12:27:24.000Z</time></trkpt>
<trkpt lat="54.378289" lon="18.806329"><time>2026-05-24T12:27:26.000Z</time></trkpt>
<trkpt lat="54.378300" lon="18.806226"><time>2026-05-24T12:27:28.000Z</time></trkpt>
<trkpt lat="54.378305" lon="18.806116"><time>2026-05-24T12:27:30.000Z</time></trkpt>
<trkpt lat="54.378309" lon="18.806009"><time>2026-05-24T12:27:31.900Z</time></trkpt>
<trkpt lat="54.378317" lon="18.805903"><time>2026-05-24T12:27:33.900Z</time></trkpt>
<trkpt lat="54.378322" lon="18.805791"><time>2026-05-24T12:27:35.900Z</time></trkpt>
<trkpt lat="54.378332" lon="18.805686"><time>2026-05-24T12:27:37.900Z</time></trkpt>
<trkpt lat="54.378342" lon="18.805581"><time>2026-05-24T12:27:39.900Z</time></trkpt>
<trkpt lat="54.378349" lon="18.805473"><time>2026-05-24T12:27:41.900Z</time></trkpt>
<trkpt lat="54.378345" lon="18.805365"><time>2026-05-24T12:27:43.900Z</time></trkpt>
<trkpt lat="54.378338" lon="18.805260"><time>2026-05-24T12:27:45.900Z</time></trkpt>
<trkpt lat="54.378346" lon="18.805158"><time>2026-05-24T12:27:47.900Z</time></trkpt>
<trkpt lat="54.378354" lon="18.805050"><time>2026-05-24T12:27:49.900Z</time></trkpt>
<trkpt lat="54.378366" lon="18.804950"><time>2026-05-24T12:27:51.900Z</time></trkpt>
<trkpt lat="54.378369" lon="18.804842"><time>2026-05-24T12:27:53.900Z</time></trkpt>
<trkpt lat="54.378375" lon="18.804739"><time>2026-05-24T12:27:55.900Z</time></trkpt>
<trkpt lat="54.378384" lon="18.804636"><time>2026-05-24T12:27:57.900Z</time></trkpt>
<trkpt lat="54.378392" lon="18.804531"><time>2026-05-24T12:27:59.900Z</time></trkpt>
<trkpt lat="54.378401" lon="18.804429"><time>2026-05-24T12:28:01.900Z</time></trkpt>
<trkpt lat="54.378408" lon="18.804322"><time>2026-05-24T12:28:03.900Z</time></trkpt>
<trkpt lat="54.378425" lon="18.804222"><time>2026-05-24T12:28:05.900Z</time></trkpt>
<trkpt lat="54.378440" lon="18.804121"><time>2026-05-24T12:28:07.900Z</time></trkpt>
<trkpt lat="54.378445" lon="18.804012"><time>2026-05-24T12:28:09.900Z</time></trkpt>
<trkpt lat="54.378446" lon="18.803908"><time>2026-05-24T12:28:11.900Z</time></trkpt>
<trkpt lat="54.378444" lon="18.803794"><time>2026-05-24T12:28:13.900Z</time></trkpt>
<trkpt lat="54.378452" lon="18.803696"><time>2026-05-24T12:28:15.900Z</time></trkpt>
<trkpt lat="54.378459" lon="18.803593"><time>2026-05-24T12:28:17.900Z</time></trkpt>
<trkpt lat="54.378464" lon="18.803481"><time>2026-05-24T12:28:19.900Z</time></trkpt>
<trkpt lat="54.378474" lon="18.803373"><time>2026-05-24T12:28:21.900Z</time></trkpt>
<trkpt lat="54.378481" lon="18.803267"><time>2026-05-24T12:28:23.900Z</time></trkpt>
<trkpt lat="54.378484" lon="18.803162"><time>2026-05-24T12:28:25.900Z</time></trkpt>
<trkpt lat="54.378487" lon="18.803059"><time>2026-05-24T12:28:27.900Z</time></trkpt>
<trkpt lat="54.378501" lon="18.802949"><time>2026-05-24T12:28:29.900Z</time></trkpt>
<trkpt lat="54.378503" lon="18.802844"><time>2026-05-24T12:28:31.900Z</time></trkpt>
<trkpt lat="54.378505" lon="18.802736"><time>2026-05-24T12:28:33.900Z</time></trkpt>
<trkpt lat="54.378512" lon="18.802623"><time>2026-05-24T12:28:35.900Z</time></trkpt>
<trkpt lat="54.378521" lon="18.802518"><time>2026-05-24T12:28:38.000Z</time></trkpt>
<trkpt lat="54.378520" lon="18.802408"><time>2026-05-24T12:28:40.000Z</time></trkpt>
<trkpt lat="54.378522" lon="18.802299"><time>2026-05-24T12:28:42.000Z</time></trkpt>
<trkpt lat="54.378529" lon="18.802194"><time>2026-05-24T12:28:44.000Z</time></trkpt>
<trkpt lat="54.378532" lon="18.802084"><time>2026-05-24T12:28:46.000Z</time></trkpt>
<trkpt lat="54.378542" lon="18.801975"><time>2026-05-24T12:28:48.000Z</time></trkpt>
<trkpt lat="54.378546" lon="18.801867"><time>2026-05-24T12:28:50.000Z</time></trkpt>
<trkpt lat="54.378548" lon="18.801760"><time>2026-05-24T12:28:52.000Z</time></trkpt>
<trkpt lat="54.378549" lon="18.801653"><time>2026-05-24T12:28:54.000Z</time></trkpt>
<trkpt lat="54.378551" lon="18.801554"><time>2026-05-24T12:28:56.000Z</time></trkpt>
<trkpt lat="54.378557" lon="18.801456"><time>2026-05-24T12:28:58.000Z</time></trkpt>
<trkpt lat="54.378562" lon="18.801341"><time>2026-05-24T12:29:00.000Z</time></trkpt>
<trkpt lat="54.378569" lon="18.801241"><time>2026-05-24T12:29:02.000Z</time></trkpt>
<trkpt lat="54.378566" lon="18.801133"><time>2026-05-24T12:29:04.000Z</time></trkpt>
<trkpt lat="54.378564" lon="18.801024"><time>2026-05-24T12:29:06.000Z</time></trkpt>
<trkpt lat="54.378568" lon="18.800922"><time>2026-05-24T12:29:08.000Z</time></trkpt>
<trkpt lat="54.378576" lon="18.800818"><time>2026-05-24T12:29:10.000Z</time></trkpt>
<trkpt lat="54.378585" lon="18.800716"><time>2026-05-24T12:29:12.000Z</time></trkpt>
<trkpt lat="54.378589" lon="18.800614"><time>2026-05-24T12:29:14.000Z</time></trkpt>
<trkpt lat="54.378592" lon="18.800506"><time>2026-05-24T12:29:16.000Z</time></trkpt>
<trkpt lat="54.378598" lon="18.800402"><time>2026-05-24T12:29:18.000Z</time></trkpt>
<trkpt lat="54.378606" lon="18.800299"><time>2026-05-24T12:29:20.000Z</time></trkpt>
<trkpt lat="54.378610" lon="18.800194"><time>2026-05-24T12:29:22.000Z</time></trkpt>
<trkpt lat="54.378611" lon="18.800090"><time>2026-05-24T12:29:24.000Z</time></trkpt>
<trkpt lat="54.378606" lon="18.799984"><time>2026-05-24T12:29:26.000Z</time></trkpt>
<trkpt lat="54.378610" lon="18.799879"><time>2026-05-24T12:29:28.000Z</time></trkpt>
<trkpt lat="54.378622" lon="18.799781"><time>2026-05-24T12:29:30.000Z</time></trkpt>
<trkpt lat="54.378629" lon="18.799676"><time>2026-05-24T12:29:32.000Z</time></trkpt>
<trkpt lat="54.378633" lon="18.799569"><time>2026-05-24T12:29:34.000Z</time></trkpt>
<trkpt lat="54.378639" lon="18.799468"><time>2026-05-24T12:29:36.000Z</time></trkpt>
<trkpt lat="54.378644" lon="18.799355"><time>2026-05-24T12:29:38.000Z</time></trkpt>
<trkpt lat="54.378649" lon="18.799254"><time>2026-05-24T12:29:40.000Z</time></trkpt>
<trkpt lat="54.378654" lon="18.799142"><time>2026-05-24T12:29:42.000Z</time></trkpt>
<trkpt lat="54.378666" lon="18.799039"><time>2026-05-24T12:29:44.000Z</time></trkpt>
<trkpt lat="54.378670" lon="18.798929"><time>2026-05-24T12:29:46.000Z</time></trkpt>
<trkpt lat="54.378674" lon="18.798821"><time>2026-05-24T12:29:48.000Z</time></trkpt>
<trkpt lat="54.378680" lon="18.798714"><time>2026-05-24T12:29:50.000Z</time></trkpt>
<trkpt lat="54.378684" lon="18.798614"><time>2026-05-24T12:29:52.000Z</time></trkpt>
<trkpt lat="54.378688" lon="18.798508"><time>2026-05-24T12:29:54.000Z</time></trkpt>
<trkpt lat="54.378693" lon="18.798397"><time>2026-05-24T12:29:56.000Z</time></trkpt>
<trkpt lat="54.378699" lon="18.798293"><time>2026-05-24T12:29:57.900Z</time></trkpt>
<trkpt lat="54.378701" lon="18.798193"><time>2026-05-24T12:29:59.900Z</time></trkpt>
<trkpt lat="54.378700" lon="18.798082"><time>2026-05-24T12:30:01.900Z</time></trkpt>
<trkpt lat="54.378699" lon="18.797974"><time>2026-05-24T12:30:03.900Z</time></trkpt>
<trkpt lat="54.378701" lon="18.797873"><time>2026-05-24T12:30:05.900Z</time></trkpt>
<trkpt lat="54.378706" lon="18.797766"><time>2026-05-24T12:30:07.900Z</time></trkpt>
<trkpt lat="54.378718" lon="18.797655"><time>2026-05-24T12:30:09.900Z</time></trkpt>
<trkpt lat="54.378728" lon="18.797536"><time>2026-05-24T12:30:11.900Z</time></trkpt>
<trkpt lat="54.378720" lon="18.797439"><time>2026-05-24T12:30:13.900Z</time></trkpt>
<trkpt lat="54.378722" lon="18.797332"><time>2026-05-24T12:30:15.900Z</time></trkpt>
<trkpt lat="54.378728" lon="18.797230"><time>2026-05-24T12:30:17.900Z</time></trkpt>
<trkpt lat="54.378737" lon="18.797128"><time>2026-05-24T12:30:19.900Z</time></trkpt>
<trkpt lat="54.378733" lon="18.797019"><time>2026-05-24T12:30:21.900Z</time></trkpt>
<trkpt lat="54.378732" lon="18.796909"><time>2026-05-24T12:30:23.900Z</time></trkpt>
<trkpt lat="54.378735" lon="18.796800"><time>2026-05-24T12:30:25.900Z</time></trkpt>
<trkpt lat="54.378740" lon="18.796691"><time>2026-05-24T12:30:27.900Z</time></trkpt>
<trkpt lat="54.378729" lon="18.796588"><time>2026-05-24T12:30:29.900Z</time></trkpt>
<trkpt lat="54.378737" lon="18.796478"><time>2026-05-24T12:30:31.900Z</time></trkpt>
<trkpt lat="54.378730" lon="18.796367"><time>2026-05-24T12:30:33.900Z</time></trkpt>
<trkpt lat="54.378742" lon="18.796261"><time>2026-05-24T12:30:35.900Z</time></trkpt>
<trkpt lat="54.378747" lon="18.796157"><time>2026-05-24T12:30:37.900Z</time></trkpt>
<trkpt lat="54.378749" lon="18.796050"><time>2026-05-24T12:30:39.900Z</time></trkpt>
<trkpt lat="54.378756" lon="18.795949"><time>2026-05-24T12:30:42.000Z</time></trkpt>
<trkpt lat="54.378758" lon="18.795842"><time>2026-05-24T12:30:44.000Z</time></trkpt>
<trkpt lat="54.378762" lon="18.795741"><time>2026-05-24T12:30:46.000Z</time></trkpt>
<trkpt lat="54.378776" lon="18.795637"><time>2026-05-24T12:30:48.000Z</time></trkpt>
<trkpt lat="54.378784" lon="18.795534"><time>2026-05-24T12:30:50.000Z</time></trkpt>
<trkpt lat="54.378790" lon="18.795420"><time>2026-05-24T12:30:52.000Z</time></trkpt>
<trkpt lat="54.378783" lon="18.795315"><time>2026-05-24T12:30:54.000Z</time></trkpt>
<trkpt lat="54.378779" lon="18.795216"><time>2026-05-24T12:30:56.000Z</time></trkpt>
<trkpt lat="54.378781" lon="18.795107"><time>2026-05-24T12:30:58.000Z</time></trkpt>
<trkpt lat="54.378791" lon="18.794998"><time>2026-05-24T12:31:00.000Z</time></trkpt>
<trkpt lat="54.378809" lon="18.794898"><time>2026-05-24T12:31:02.000Z</time></trkpt>
<trkpt lat="54.378816" lon="18.794789"><time>2026-05-24T12:31:04.000Z</time></trkpt>
<trkpt lat="54.378825" lon="18.794688"><time>2026-05-24T12:31:06.000Z</time></trkpt>
<trkpt lat="54.378824" lon="18.794576"><time>2026-05-24T12:31:08.000Z</time></trkpt>
<trkpt lat="54.378825" lon="18.794478"><time>2026-05-24T12:31:10.000Z</time></trkpt>
<trkpt lat="54.378824" lon="18.794371"><time>2026-05-24T12:31:12.000Z</time></trkpt>
<trkpt lat="54.378838" lon="18.794269"><time>2026-05-24T12:31:14.000Z</time></trkpt>
<trkpt lat="54.378850" lon="18.794168"><time>2026-05-24T12:31:16.000Z</time></trkpt>
<trkpt lat="54.378867" lon="18.794070"><time>2026-05-24T12:31:18.000Z</time></trkpt>
<trkpt lat="54.378879" lon="18.793965"><time>2026-05-24T12:31:20.000Z</time></trkpt>
<trkpt lat="54.378881" lon="18.793860"><time>2026-05-24T12:31:22.000Z</time></trkpt>
<trkpt lat="54.378884" lon="18.793745"><time>2026-05-24T12:31:24.000Z</time></trkpt>
<trkpt lat="54.378895" lon="18.793640"><time>2026-05-24T12:31:26.000Z</time></trkpt>
<trkpt lat="54.378898" lon="18.793534"><time>2026-05-24T12:31:28.000Z</time></trkpt>
<trkpt lat="54.378911" lon="18.793430"><time>2026-05-24T12:31:30.000Z</time></trkpt>
<trkpt lat="54.378917" lon="18.793323"><time>2026-05-24T12:31:32.000Z</time></trkpt>
<trkpt lat="54.378926" lon="18.793218"><time>2026-05-24T12:31:34.000Z</time></trkpt>
<trkpt lat="54.378925" lon="18.793106"><time>2026-05-24T12:31:36.000Z</time></trkpt>
<trkpt lat="54.378918" lon="18.792995"><time>2026-05-24T12:31:38.000Z</time></trkpt>
<trkpt lat="54.378928" lon="18.792892"><time>2026-05-24T12:31:40.000Z</time></trkpt>
<trkpt lat="54.378940" lon="18.792791"><time>2026-05-24T12:31:42.000Z</time></trkpt>
<trkpt lat="54.378957" lon="18.792691"><time>2026-05-24T12:31:44.000Z</time></trkpt>
<trkpt lat="54.378967" lon="18.792585"><time>2026-05-24T12:31:46.000Z</time></trkpt>
<trkpt lat="54.378977" lon="18.792480"><time>2026-05-24T12:31:48.000Z</time></trkpt>
<trkpt lat="54.378986" lon="18.792373"><time>2026-05-24T12:31:50.000Z</time></trkpt>
<trkpt lat="54.378999" lon="18.792266"><time>2026-05-24T12:31:52.000Z</time></trkpt>
<trkpt lat="54.379005" lon="18.792159"><time>2026-05-24T12:31:54.000Z</time></trkpt>
<trkpt lat="54.379006" lon="18.792047"><time>2026-05-24T12:31:55.900Z</time></trkpt>
<trkpt lat="54.379007" lon="18.791939"><time>2026-05-24T12:31:57.900Z</time></trkpt>
<trkpt lat="54.379015" lon="18.791839"><time>2026-05-24T12:31:59.900Z</time></trkpt>
<trkpt lat="54.379031" lon="18.791733"><time>2026-05-24T12:32:01.900Z</time></trkpt>
<trkpt lat="54.379045" lon="18.791629"><time>2026-05-24T12:32:03.900Z</time></trkpt>
<trkpt lat="54.379047" lon="18.791520"><time>2026-05-24T12:32:05.900Z</time></trkpt>
<trkpt lat="54.379043" lon="18.791411"><time>2026-05-24T12:32:07.900Z</time></trkpt>
<trkpt lat="54.379041" lon="18.791307"><time>2026-05-24T12:32:09.900Z</time></trkpt>
<trkpt lat="54.379049" lon="18.791205"><time>2026-05-24T12:32:11.900Z</time></trkpt>
<trkpt lat="54.379058" lon="18.791092"><time>2026-05-24T12:32:13.900Z</time></trkpt>
<trkpt lat="54.379067" lon="18.790985"><time>2026-05-24T12:32:15.900Z</time></trkpt>
<trkpt lat="54.379076" lon="18.790881"><time>2026-05-24T12:32:17.900Z</time></trkpt>
<trkpt lat="54.379086" lon="18.790773"><time>2026-05-24T12:32:19.900Z</time></trkpt>
<trkpt lat="54.379087" lon="18.790666"><time>2026-05-24T12:32:21.900Z</time></trkpt>
<trkpt lat="54.379089" lon="18.790554"><time>2026-05-24T12:32:23.900Z</time></trkpt>
<trkpt lat="54.379085" lon="18.790441"><time>2026-05-24T12:32:25.900Z</time></trkpt>
<trkpt lat="54.379080" lon="18.790332"><time>2026-05-24T12:32:27.900Z</time></trkpt>
<trkpt lat="54.379078" lon="18.790220"><time>2026-05-24T12:32:29.900Z</time></trkpt>
<trkpt lat="54.379089" lon="18.790115"><time>2026-05-24T12:32:31.900Z</time></trkpt>
<trkpt lat="54.379091" lon="18.790009"><time>2026-05-24T12:32:33.900Z</time></trkpt>
<trkpt lat="54.379096" lon="18.789908"><time>2026-05-24T12:32:35.900Z</time></trkpt>
<trkpt lat="54.379095" lon="18.789797"><time>2026-05-24T12:32:37.900Z</time></trkpt>
<trkpt lat="54.379094" lon="18.789686"><time>2026-05-24T12:32:39.900Z</time></trkpt>
<trkpt lat="54.379098" lon="18.789578"><time>2026-05-24T12:32:41.900Z</time></trkpt>
<trkpt lat="54.379101" lon="18.789467"><time>2026-05-24T12:32:43.900Z</time></trkpt>
<trkpt lat="54.379111" lon="18.789358"><time>2026-05-24T12:32:45.900Z</time></trkpt>
<trkpt lat="54.379124" lon="18.789250"><time>2026-05-24T12:32:48.000Z</time></trkpt>
<trkpt lat="54.379138" lon="18.789148"><time>2026-05-24T12:32:50.000Z</time></trkpt>
<trkpt lat="54.379149" lon="18.789040"><time>2026-05-24T12:32:52.000Z</time></trkpt>
<trkpt lat="54.379164" lon="18.788945"><time>2026-05-24T12:32:54.000Z</time></trkpt>
<trkpt lat="54.379178" lon="18.788836"><time>2026-05-24T12:32:56.000Z</time></trkpt>
<trkpt lat="54.379202" lon="18.788752"><time>2026-05-24T12:32:58.000Z</time></trkpt>
<trkpt lat="54.379232" lon="18.788660"><time>2026-05-24T12:33:00.000Z</time></trkpt>
<trkpt lat="54.379264" lon="18.788570"><time>2026-05-24T12:33:02.000Z</time></trkpt>
<trkpt lat="54.379278" lon="18.788477"><time>2026-05-24T12:33:04.000Z</time></trkpt>
<trkpt lat="54.379292" lon="18.788374"><time>2026-05-24T12:33:06.000Z</time></trkpt>
<trkpt lat="54.379317" lon="18.788284"><time>2026-05-24T12:33:08.000Z</time></trkpt>
<trkpt lat="54.379335" lon="18.788196"><time>2026-05-24T12:33:10.000Z</time></trkpt>
<trkpt lat="54.379357" lon="18.788095"><time>2026-05-24T12:33:12.000Z</time></trkpt>
<trkpt lat="54.379378" lon="18.788001"><time>2026-05-24T12:33:14.000Z</time></trkpt>
<trkpt lat="54.379398" lon="18.787904"><time>2026-05-24T12:33:16.000Z</time></trkpt>
<trkpt lat="54.379425" lon="18.787813"><time>2026-05-24T12:33:18.000Z</time></trkpt>
<trkpt lat="54.379463" lon="18.787731"><time>2026-05-24T12:33:20.000Z</time></trkpt>
<trkpt lat="54.379486" lon="18.787651"><time>2026-05-24T12:33:22.000Z</time></trkpt>
</trkseg></trk>
</gpx>