<?xml version="1.0" encoding="UTF-8" standalone="no" ?><gpx xmlns="http://www.topografix.com/GPX/1/1">
<trk><trkseg>
<trkpt lat="54.516731" lon="18.554174"><time>2026-05-03T05:44:27.900Z</time></trkpt>
<trkpt lat="54.516731" lon="18.554172"><time>2026-05-03T05:44:29.900Z</time></trkpt>
<trkpt lat="54.516728" lon="18.554173"><time>2026-05-03T05:45:38.000Z</time></trkpt>
<trkpt lat="54.516728" lon="18.554171"><time>2026-05-03T05:45:40.000Z</time></trkpt>
<trkpt lat="54.516727" lon="18.554170"><time>2026-05-03T05:45:41.000Z</time></trkpt>
<trkpt lat="54.516727" lon="18.554170"><time>2026-05-03T05:45:42.000Z</time></trkpt>
<trkpt lat="54.516723" lon="18.554174"><time>2026-05-03T05:45:43.000Z</time></trkpt>
<trkpt lat="54.516720" lon="18.554171"><time>2026-05-03T05:45:44.000Z</time></trkpt>
<trkpt lat="54.516722" lon="18.554177"><time>2026-05-03T05:45:45.000Z</time></trkpt>
<trkpt lat="54.516719" lon="18.554183"><time>2026-05-03T05:45:46.000Z</time></trkpt>
<trkpt lat="54.516722" lon="18.554175"><time>2026-05-03T05:45:47.000Z</time></trkpt>
<trkpt lat="54.516722" lon="18.554175"><time>2026-05-03T05:45:48.000Z</time></trkpt>
<trkpt lat="54.516720" lon="18.554172"><time>2026-05-03T05:45:50.000Z</time></trkpt>
<trkpt lat="54.516720" lon="18.554172"><time>2026-05-03T05:45:51.000Z</time></trkpt>
<trkpt lat="54.516721" lon="18.554169"><time>2026-05-03T05:45:52.000Z</time></trkpt>
<trkpt lat="54.516721" lon="18.554168"><time>2026-05-03T05:45:53.000Z</time></trkpt>
<trkpt lat="54.516723" lon="18.554167"><time>2026-05-03T05:45:54.000Z</time></trkpt>
<trkpt lat="54.516725" lon="18.554166"><time>2026-05-03T05:45:55.000Z</time></trkpt>
<trkpt lat="54.516727" lon="18.554167"><time>2026-05-03T05:45:56.000Z</time></trkpt>
<trkpt lat="54.516729" lon="18.554162"><time>2026-05-03T05:45:57.000Z</time></trkpt>
<trkpt lat="54.516729" lon="18.554164"><time>2026-05-03T05:45:58.000Z</time></trkpt>
<trkpt lat="54.516727" lon="18.554164"><time>2026-05-03T05:45:59.000Z</time></trkpt>
<trkpt lat="54.516728" lon="18.554163"><time>2026-05-03T05:46:00.000Z</time></trkpt>
<trkpt lat="54.516728" lon="18.554163"><time>2026-05-03T05:46:01.000Z</time></trkpt>
<trkpt lat="54.516727" lon="18.554161"><time>2026-05-03T05:46:03.000Z</time></trkpt>
<trkpt lat="54.516726" lon="18.554162"><time>2026-05-03T05:46:04.000Z</time></trkpt>
<trkpt lat="54.516727" lon="18.554161"><time>2026-05-03T05:46:05.000Z</time></trkpt>
<trkpt lat="54.516728" lon="18.554160"><time>2026-05-03T05:46:06.000Z</time></trkpt>
<trkpt lat="54.516728" lon="18.554160"><time>2026-05-03T05:46:07.000Z</time></trkpt>
<trkpt lat="54.516727" lon="18.554158"><time>2026-05-03T05:46:08.000Z</time></trkpt>
<trkpt lat="54.516727" lon="18.554158"><time>2026-05-03T05:46:09.000Z</time></trkpt>
<trkpt lat="54.516724" lon="18.554157"><time>2026-05-03T05:46:10.000Z</time></trkpt>
<trkpt lat="54.516724" lon="18.554156"><time>2026-05-03T05:46:11.000Z</time></trkpt>
<trkpt lat="54.516725" lon="18.554155"><time>2026-05-03T05:46:12.000Z</time></trkpt>
<trkpt lat="54.516724" lon="18.554156"><time>2026-05-03T05:46:13.000Z</time></trkpt>
<trkpt lat="54.516725" lon="18.554157"><time>2026-05-03T05:46:14.000Z</time></trkpt>
<trkpt lat="54.516725" lon="18.554156"><time>2026-05-03T05:46:15.000Z</time></trkpt>
<trkpt lat="54.516726" lon="18.554156"><time>2026-05-03T05:46:15.900Z</time></trkpt>
<trkpt lat="54.516726" lon="18.554155"><time>2026-05-03T05:46:16.900Z</time></trkpt>
<trkpt lat="54.516726" lon="18.554155"><time>2026-05-03T05:46:17.900Z</time></trkpt>
<trkpt lat="54.516727" lon="18.554152"><time>2026-05-03T05:46:18.900Z</time></trkpt>
<trkpt lat="54.516726" lon="18.554152"><time>2026-05-03T05:46:19.900Z</time></trkpt>
<trkpt lat="54.516727" lon="18.554152"><time>2026-05-03T05:46:20.900Z</time></trkpt>
<trkpt lat="54.516728" lon="18.554154"><time>2026-05-03T05:46:21.900Z</time></trkpt>
<trkpt lat="54.516729" lon="18.554154"><time>2026-05-03T05:46:22.900Z</time></trkpt>
<trkpt lat="54.516728" lon="18.554156"><time>2026-05-03T05:46:23.900Z</time></trkpt>
<trkpt lat="54.516729" lon="18.554156"><time>2026-05-03T05:46:24.900Z</time></trkpt>
<trkpt lat="54.516727" lon="18.554158"><time>2026-05-03T05:46:25.900Z</time></trkpt>
<trkpt lat="54.516727" lon="18.554158"><time>2026-05-03T05:46:26.900Z</time></trkpt>
<trkpt lat="54.516728" lon="18.554163"><time>2026-05-03T05:46:27.900Z</time></trkpt>
<trkpt lat="54.516727" lon="18.554162"><time>2026-05-03T05:46:28.900Z</time></trkpt>
<trkpt lat="54.516727" lon="18.554163"><time>2026-05-03T05:46:29.900Z</time></trkpt>
<trkpt lat="54.516727" lon="18.554165"><time>2026-05-03T05:46:30.900Z</time></trkpt>
<trkpt lat="54.516726" lon="18.554166"><time>2026-05-03T05:46:31.900Z</time></trkpt>
<trkpt lat="54.516725" lon="18.554166"><time>2026-05-03T05:46:32.900Z</time></trkpt>
<trkpt lat="54.516726" lon="18.554167"><time>2026-05-03T05:46:33.900Z</time></trkpt>
<trkpt lat="54.516725" lon="18.554164"><time>2026-05-03T05:46:34.900Z</time></trkpt>
<trkpt lat="54.516725" lon="18.554163"><time>2026-05-03T05:46:35.900Z</time></trkpt>
<trkpt lat="54.516724" lon="18.554162"><time>2026-05-03T05:46:36.900Z</time></trkpt>
<trkpt lat="54.516723" lon="18.554159"><time>2026-05-03T05:46:39.900Z</time></trkpt>
<trkpt lat="54.516723" lon="18.554162"><time>2026-05-03T05:46:40.900Z</time></trkpt>
<trkpt lat="54.516722" lon="18.554165"><time>2026-05-03T05:46:41.900Z</time></trkpt>
<trkpt lat="54.516723" lon="18.554166"><time>2026-05-03T05:46:42.900Z</time></trkpt>
<trkpt lat="54.516725" lon="18.554170"><time>2026-05-03T05:46:43.900Z</time></trkpt>
<trkpt lat="54.516727" lon="18.554172"><time>2026-05-03T05:46:44.900Z</time></trkpt>
<trkpt lat="54.516728" lon="18.554174"><time>2026-05-03T05:46:45.900Z</time></trkpt>
<trkpt lat="54.516730" lon="18.554175"><time>2026-05-03T05:46:46.900Z</time></trkpt>
<trkpt lat="54.516729" lon="18.554173"><time>2026-05-03T05:46:47.900Z</time></trkpt>
<trkpt lat="54.516730" lon="18.554175"><time>2026-05-03T05:46:48.900Z</time></trkpt>
<trkpt lat="54.516729" lon="18.554176"><time>2026-05-03T05:46:49.900Z</time></trkpt>
<trkpt lat="54.516728" lon="18.554176"><time>2026-05-03T05:46:50.900Z</time></trkpt>
<trkpt lat="54.516729" lon="18.554176"><time>2026-05-03T05:46:51.900Z</time></trkpt>
<trkpt lat="54.516729" lon="18.554177"><time>2026-05-03T05:46:52.900Z</time></trkpt>
<trkpt lat="54.516730" lon="18.554176"><time>2026-05-03T05:46:53.900Z</time></trkpt>
<trkpt lat="54.516730" lon="18.554177"><time>2026-05-03T05:46:55.900Z</time></trkpt>
<trkpt lat="54.516732" lon="18.554174"><time>2026-05-03T05:46:57.900Z</time></trkpt>
<trkpt lat="54.516730" lon="18.554172"><time>2026-05-03T05:46:59.900Z</time></trkpt>
<trkpt lat="54.516726" lon="18.554171"><time>2026-05-03T05:47:01.900Z</time></trkpt>
<trkpt lat="54.516725" lon="18.554169"><time>2026-05-03T05:47:03.900Z</time></trkpt>
<trkpt lat="54.516725" lon="18.554171"><time>2026-05-03T05:47:05.900Z</time></trkpt>
<trkpt lat="54.516724" lon="18.554170"><time>2026-05-03T05:47:07.900Z</time></trkpt>
<trkpt lat="54.516719" lon="18.554164"><time>2026-05-03T05:47:23.900Z</time></trkpt>
<trkpt lat="54.516718" lon="18.554164"><time>2026-05-03T05:47:25.000Z</time></trkpt>
<trkpt lat="54.516718" lon="18.554163"><time>2026-05-03T05:47:26.000Z</time></trkpt>
<trkpt lat="54.516718" lon="18.554162"><time>2026-05-03T05:47:27.000Z</time></trkpt>
<trkpt lat="54.516722" lon="18.554167"><time>2026-05-03T05:47:34.000Z</time></trkpt>
<trkpt lat="54.516722" lon="18.554170"><time>2026-05-03T05:47:35.000Z</time></trkpt>
<trkpt lat="54.516723" lon="18.554173"><time>2026-05-03T05:47:36.000Z</time></trkpt>
<trkpt lat="54.516722" lon="18.554170"><time>2026-05-03T05:47:37.000Z</time></trkpt>
<trkpt lat="54.516718" lon="18.554172"><time>2026-05-03T05:47:38.000Z</time></trkpt>
<trkpt lat="54.516716" lon="18.554168"><time>2026-05-03T05:47:39.000Z</time></trkpt>
<trkpt lat="54.516715" lon="18.554168"><time>2026-05-03T05:47:40.000Z</time></trkpt>
<trkpt lat="54.516716" lon="18.554161"><time>2026-05-03T05:47:41.000Z</time></trkpt>
<trkpt lat="54.516715" lon="18.554158"><time>2026-05-03T05:47:42.000Z</time></trkpt>
<trkpt lat="54.516712" lon="18.554156"><time>2026-05-03T05:47:43.000Z</time></trkpt>
<trkpt lat="54.516710" lon="18.554160"><time>2026-05-03T05:47:44.000Z</time></trkpt>
<trkpt lat="54.516713" lon="18.554154"><time>2026-05-03T05:47:45.000Z</time></trkpt>
<trkpt lat="54.516710" lon="18.554155"><time>2026-05-03T05:47:46.000Z</time></trkpt>
<trkpt lat="54.516709" lon="18.554159"><time>2026-05-03T05:47:47.000Z</time></trkpt>
<trkpt lat="54.516705" lon="18.554162"><time>2026-05-03T05:47:48.000Z</time></trkpt>
<trkpt lat="54.516707" lon="18.554163"><time>2026-05-03T05:47:49.000Z</time></trkpt>
<trkpt lat="54.516706" lon="18.554166"><time>2026-05-03T05:47:50.000Z</time></trkpt>
<trkpt lat="54.516708" lon="18.554169"><time>2026-05-03T05:47:52.000Z</time></trkpt>
<trkpt lat="54.516709" lon="18.554153"><time>2026-05-03T05:47:54.000Z</time></trkpt>
<trkpt lat="54.516710" lon="18.554158"><time>2026-05-03T05:47:56.000Z</time></trkpt>
<trkpt lat="54.516712" lon="18.554154"><time>2026-05-03T05:47:58.000Z</time></trkpt>
<trkpt lat="54.516713" lon="18.554152"><time>2026-05-03T05:48:00.000Z</time></trkpt>
<trkpt lat="54.516713" lon="18.554150"><time>2026-05-03T05:48:02.000Z</time></trkpt>
<trkpt lat="54.516712" lon="18.554148"><time>2026-05-03T05:48:04.000Z</time></trkpt>
<trkpt lat="54.516711" lon="18.554151"><time>2026-05-03T05:48:06.000Z</time></trkpt>
<trkpt lat="54.516713" lon="18.554149"><time>2026-05-03T05:48:08.000Z</time></trkpt>
<trkpt lat="54.516713" lon="18.554149"><time>2026-05-03T05:48:10.000Z</time></trkpt>
<trkpt lat="54.516714" lon="18.554149"><time>2026-05-03T05:48:12.000Z</time></trkpt>
<trkpt lat="54.516714" lon="18.554148"><time>2026-05-03T05:48:14.000Z</time></trkpt>
<trkpt lat="54.516714" lon="18.554152"><time>2026-05-03T05:48:16.000Z</time></trkpt>
<trkpt lat="54.516713" lon="18.554153"><time>2026-05-03T05:48:18.000Z</time></trkpt>
<trkpt lat="54.516712" lon="18.554154"><time>2026-05-03T05:48:20.000Z</time></trkpt>
<trkpt lat="54.516712" lon="18.554156"><time>2026-05-03T05:48:21.900Z</time></trkpt>
<trkpt lat="54.516710" lon="18.554158"><time>2026-05-03T05:48:23.900Z</time></trkpt>
<trkpt lat="54.516709" lon="18.554160"><time>2026-05-03T05:48:25.900Z</time></trkpt>
<trkpt lat="54.516702" lon="18.554164"><time>2026-05-03T05:48:27.900Z</time></trkpt>
<trkpt lat="54.516703" lon="18.554173"><time>2026-05-03T05:48:29.900Z</time></trkpt>
<trkpt lat="54.516703" lon="18.554194"><time>2026-05-03T05:48:31.900Z</time></trkpt>
<trkpt lat="54.516705" lon="18.554215"><time>2026-05-03T05:48:33.900Z</time></trkpt>
<trkpt lat="54.516711" lon="18.554231"><time>2026-05-03T05:48:35.900Z</time></trkpt>
<trkpt lat="54.516718" lon="18.554232"><time>2026-05-03T05:48:37.900Z</time></trkpt>
<trkpt lat="54.516716" lon="18.554227"><time>2026-05-03T05:48:39.900Z</time></trkpt>
<trkpt lat="54.516718" lon="18.554226"><time>2026-05-03T05:48:41.900Z</time></trkpt>
<trkpt lat="54.516726" lon="18.554231"><time>2026-05-03T05:48:43.900Z</time></trkpt>
<trkpt lat="54.516745" lon="18.554236"><time>2026-05-03T05:48:45.900Z</time></trkpt>
<trkpt lat="54.516757" lon="18.554256"><time>2026-05-03T05:48:47.900Z</time></trkpt>
<trkpt lat="54.516769" lon="18.554286"><time>2026-05-03T05:48:49.900Z</time></trkpt>
<trkpt lat="54.516787" lon="18.554315"><time>2026-05-03T05:48:51.900Z</time></trkpt>
<trkpt lat="54.516809" lon="18.554339"><time>2026-05-03T05:48:53.900Z</time></trkpt>
<trkpt lat="54.516832" lon="18.554359"><time>2026-05-03T05:48:55.900Z</time></trkpt>
<trkpt lat="54.516850" lon="18.554382"><time>2026-05-03T05:48:57.900Z</time></trkpt>
<trkpt lat="54.516872" lon="18.554406"><time>2026-05-03T05:48:59.900Z</time></trkpt>
<trkpt lat="54.516896" lon="18.554429"><time>2026-05-03T05:49:01.900Z</time></trkpt>
<trkpt lat="54.516921" lon="18.554456"><time>2026-05-03T05:49:03.900Z</time></trkpt>
<trkpt lat="54.516945" lon="18.554477"><time>2026-05-03T05:49:05.900Z</time></trkpt>
<trkpt lat="54.516963" lon="18.554485"><time>2026-05-03T05:49:07.900Z</time></trkpt>
<trkpt lat="54.516986" lon="18.554497"><time>2026-05-03T05:49:09.900Z</time></trkpt>
<trkpt lat="54.517013" lon="18.554534"><time>2026-05-03T05:49:11.900Z</time></trkpt>
<trkpt lat="54.517034" lon="18.554561"><time>2026-05-03T05:49:13.900Z</time></trkpt>
<trkpt lat="54.517048" lon="18.554586"><time>2026-05-03T05:49:15.900Z</time></trkpt>
<trkpt lat="54.517067" lon="18.554610"><time>2026-05-03T05:49:17.900Z</time></trkpt>
<trkpt lat="54.517087" lon="18.554637"><time>2026-05-03T05:49:19.900Z</time></trkpt>
<trkpt lat="54.517112" lon="18.554671"><time>2026-05-03T05:49:21.900Z</time></trkpt>
<trkpt lat="54.517146" lon="18.554688"><time>2026-05-03T05:49:23.900Z</time></trkpt>
<trkpt lat="54.517179" lon="18.554702"><time>2026-05-03T05:49:25.900Z</time></trkpt>
<trkpt lat="54.517200" lon="18.554729"><time>2026-05-03T05:49:27.900Z</time></trkpt>
<trkpt lat="54.517223" lon="18.554752"><time>2026-05-03T05:49:29.900Z</time></trkpt>
<trkpt lat="54.517245" lon="18.554779"><time>2026-05-03T05:49:32.000Z</time></trkpt>
<trkpt lat="54.517266" lon="18.554807"><time>2026-05-03T05:49:34.000Z</time></trkpt>
<trkpt lat="54.517284" lon="18.554823"><time>2026-05-03T05:49:36.000Z</time></trkpt>
<trkpt lat="54.517303" lon="18.554846"><time>2026-05-03T05:49:38.000Z</time></trkpt>
<trkpt lat="54.517335" lon="18.554870"><time>2026-05-03T05:49:40.000Z</time></trkpt>
<trkpt lat="54.517363" lon="18.554886"><time>2026-05-03T05:49:42.000Z</time></trkpt>
<trkpt lat="54.517388" lon="18.554903"><time>2026-05-03T05:49:44.000Z</time></trkpt>
<trkpt lat="54.517406" lon="18.554937"><time>2026-05-03T05:49:46.000Z</time></trkpt>
<trkpt lat="54.517426" lon="18.554960"><time>2026-05-03T05:49:48.000Z</time></trkpt>
<trkpt lat="54.517448" lon="18.554982"><time>2026-05-03T05:49:50.000Z</time></trkpt>
<trkpt lat="54.517468" lon="18.555008"><time>2026-05-03T05:49:52.000Z</time></trkpt>
<trkpt lat="54.517491" lon="18.555027"><time>2026-05-03T05:49:54.000Z</time></trkpt>
<trkpt lat="54.517513" lon="18.555052"><time>2026-05-03T05:49:56.000Z</time></trkpt>
<trkpt lat="54.517536" lon="18.555082"><time>2026-05-03T05:49:58.000Z</time></trkpt>
<trkpt lat="54.517561" lon="18.555108"><time>2026-05-03T05:50:00.000Z</time></trkpt>
<trkpt lat="54.517584" lon="18.555135"><time>2026-05-03T05:50:02.000Z</time></trkpt>
<trkpt lat="54.517609" lon="18.555159"><time>2026-05-03T05:50:04.000Z</time></trkpt>
<trkpt lat="54.517633" lon="18.555182"><time>2026-05-03T05:50:06.000Z</time></trkpt>
<trkpt lat="54.517660" lon="18.555206"><time>2026-05-03T05:50:08.000Z</time></trkpt>
<trkpt lat="54.517685" lon="18.555222"><time>2026-05-03T05:50:10.000Z</time></trkpt>
<trkpt lat="54.517713" lon="18.555235"><time>2026-05-03T05:50:12.000Z</time></trkpt>
<trkpt lat="54.517736" lon="18.555256"><time>2026-05-03T05:50:14.000Z</time></trkpt>
<trkpt lat="54.517757" lon="18.555272"><time>2026-05-03T05:50:16.000Z</time></trkpt>
<trkpt lat="54.517783" lon="18.555252"><time>2026-05-03T05:50:18.000Z</time></trkpt>
<trkpt lat="54.517789" lon="18.555194"><time>2026-05-03T05:50:20.000Z</time></trkpt>
<trkpt lat="54.517799" lon="18.555148"><time>2026-05-03T05:50:22.000Z</time></trkpt>
<trkpt lat="54.517805" lon="18.555104"><time>2026-05-03T05:50:24.000Z</time></trkpt>
<trkpt lat="54.517805" lon="18.555057"><time>2026-05-03T05:50:25.900Z</time></trkpt>
<trkpt lat="54.517807" lon="18.555007"><time>2026-05-03T05:50:27.900Z</time></trkpt>
<trkpt lat="54.517814" lon="18.554961"><time>2026-05-03T05:50:29.900Z</time></trkpt>
<trkpt lat="54.517809" lon="18.554913"><time>2026-05-03T05:50:31.900Z</time></trkpt>
<trkpt lat="54.517811" lon="18.554867"><time>2026-05-03T05:50:33.900Z</time></trkpt>
<trkpt lat="54.517809" lon="18.554819"><time>2026-05-03T05:50:35.900Z</time></trkpt>
<trkpt lat="54.517812" lon="18.554773"><time>2026-05-03T05:50:37.900Z</time></trkpt>
<trkpt lat="54.517816" lon="18.554725"><time>2026-05-03T05:50:39.900Z</time></trkpt>
<trkpt lat="54.517816" lon="18.554682"><time>2026-05-03T05:50:41.900Z</time></trkpt>
<trkpt lat="54.517817" lon="18.554634"><time>2026-05-03T05:50:43.900Z</time></trkpt>
<trkpt lat="54.517804" lon="18.554587"><time>2026-05-03T05:50:45.900Z</time></trkpt>
<trkpt lat="54.517784" lon="18.554548"><time>2026-05-03T05:50:47.900Z</time></trkpt>
<trkpt lat="54.517779" lon="18.554498"><time>2026-05-03T05:50:49.900Z</time></trkpt>
<trkpt lat="54.517777" lon="18.554446"><time>2026-05-03T05:50:51.900Z</time></trkpt>
<trkpt lat="54.517782" lon="18.554398"><time>2026-05-03T05:50:53.900Z</time></trkpt>
<trkpt lat="54.517781" lon="18.554350"><time>2026-05-03T05:50:55.900Z</time></trkpt>
<trkpt lat="54.517783" lon="18.554302"><time>2026-05-03T05:50:57.900Z</time></trkpt>
<trkpt lat="54.517785" lon="18.554257"><time>2026-05-03T05:50:59.900Z</time></trkpt>
<trkpt lat="54.517789" lon="18.554211"><time>2026-05-03T05:51:01.900Z</time></trkpt>
<trkpt lat="54.517789" lon="18.554161"><time>2026-05-03T05:51:03.900Z</time></trkpt>
<trkpt lat="54.517794" lon="18.554109"><time>2026-05-03T05:51:05.900Z</time></trkpt>
<trkpt lat="54.517795" lon="18.554059"><time>2026-05-03T05:51:07.900Z</time></trkpt>
<trkpt lat="54.517794" lon="18.554012"><time>2026-05-03T05:51:09.900Z</time></trkpt>
<trkpt lat="54.517791" lon="18.553965"><time>2026-05-03T05:51:11.900Z</time></trkpt>
<trkpt lat="54.517793" lon="18.553921"><time>2026-05-03T05:51:13.900Z</time></trkpt>
<trkpt lat="54.517797" lon="18.553880"><time>2026-05-03T05:51:15.900Z</time></trkpt>
<trkpt lat="54.517801" lon="18.553836"><time>2026-05-03T05:51:17.900Z</time></trkpt>
<trkpt lat="54.517804" lon="18.553789"><time>2026-05-03T05:51:19.900Z</time></trkpt>
<trkpt lat="54.517808" lon="18.553742"><time>2026-05-03T05:51:21.900Z</time></trkpt>
<trkpt lat="54.517805" lon="18.553692"><time>2026-05-03T05:51:23.900Z</time></trkpt>
<trkpt lat="54.517814" lon="18.553645"><time>2026-05-03T05:51:25.900Z</time></trkpt>
<trkpt lat="54.517816" lon="18.553600"><time>2026-05-03T05:51:27.900Z</time></trkpt>
<trkpt lat="54.517813" lon="18.553553"><time>2026-05-03T05:51:29.900Z</time></trkpt>
<trkpt lat="54.517817" lon="18.553506"><time>2026-05-03T05:51:31.900Z</time></trkpt>
<trkpt lat="54.517819" lon="18.553457"><time>2026-05-03T05:51:33.900Z</time></trkpt>
<trkpt lat="54.517822" lon="18.553410"><time>2026-05-03T05:51:35.900Z</time></trkpt>
<trkpt lat="54.517823" lon="18.553364"><time>2026-05-03T05:51:37.900Z</time></trkpt>
<trkpt lat="54.517828" lon="18.553317"><time>2026-05-03T05:51:39.900Z</time></trkpt>
<trkpt lat="54.517831" lon="18.553270"><time>2026-05-03T05:51:41.900Z</time></trkpt>
<trkpt lat="54.517833" lon="18.553222"><time>2026-05-03T05:51:43.900Z</time></trkpt>
<trkpt lat="54.517839" lon="18.553172"><time>2026-05-03T05:51:45.900Z</time></trkpt>
<trkpt lat="54.517842" lon="18.553120"><time>2026-05-03T05:51:47.900Z</time></trkpt>
<trkpt lat="54.517845" lon="18.553073"><time>2026-05-03T05:51:50.000Z</time></trkpt>
<trkpt lat="54.517844" lon="18.553026"><time>2026-05-03T05:51:52.000Z</time></trkpt>
<trkpt lat="54.517844" lon="18.552978"><time>2026-05-03T05:51:54.000Z</time></trkpt>
<trkpt lat="54.517831" lon="18.552933"><time>2026-05-03T05:51:56.000Z</time></trkpt>
<trkpt lat="54.517831" lon="18.552885"><time>2026-05-03T05:51:58.000Z</time></trkpt>
<trkpt lat="54.517833" lon="18.552838"><time>2026-05-03T05:52:00.000Z</time></trkpt>
<trkpt lat="54.517834" lon="18.552789"><time>2026-05-03T05:52:01.900Z</time></trkpt>
<trkpt lat="54.517835" lon="18.552742"><time>2026-05-03T05:52:03.900Z</time></trkpt>
<trkpt lat="54.517838" lon="18.552694"><time>2026-05-03T05:52:05.900Z</time></trkpt>
<trkpt lat="54.517837" lon="18.552644"><time>2026-05-03T05:52:07.900Z</time></trkpt>
<trkpt lat="54.517838" lon="18.552596"><time>2026-05-03T05:52:09.900Z</time></trkpt>
<trkpt lat="54.517837" lon="18.552551"><time>2026-05-03T05:52:11.900Z</time></trkpt>
<trkpt lat="54.517839" lon="18.552508"><time>2026-05-03T05:52:13.900Z</time></trkpt>
<trkpt lat="54.517836" lon="18.552466"><time>2026-05-03T05:52:15.900Z</time></trkpt>
<trkpt lat="54.517842" lon="18.552422"><time>2026-05-03T05:52:17.900Z</time></trkpt>
<trkpt lat="54.517849" lon="18.552371"><time>2026-05-03T05:52:19.900Z</time></trkpt>
<trkpt lat="54.517854" lon="18.552320"><time>2026-05-03T05:52:21.900Z</time></trkpt>
<trkpt lat="54.517858" lon="18.552274"><time>2026-05-03T05:52:23.900Z</time></trkpt>
<trkpt lat="54.517861" lon="18.552229"><time>2026-05-03T05:52:25.900Z</time></trkpt>
<trkpt lat="54.517865" lon="18.552182"><time>2026-05-03T05:52:27.900Z</time></trkpt>
<trkpt lat="54.517864" lon="18.552137"><time>2026-05-03T05:52:29.900Z</time></trkpt>
<trkpt lat="54.517870" lon="18.552092"><time>2026-05-03T05:52:31.900Z</time></trkpt>
<trkpt lat="54.517877" lon="18.552048"><time>2026-05-03T05:52:33.900Z</time></trkpt>
<trkpt lat="54.517878" lon="18.552006"><time>2026-05-03T05:52:35.900Z</time></trkpt>
<trkpt lat="54.517882" lon="18.551960"><time>2026-05-03T05:52:37.900Z</time></trkpt>
<trkpt lat="54.517877" lon="18.551907"><time>2026-05-03T05:52:39.900Z</time></trkpt>
<trkpt lat="54.517883" lon="18.551864"><time>2026-05-03T05:52:41.900Z</time></trkpt>
<trkpt lat="54.517881" lon="18.551816"><time>2026-05-03T05:52:43.900Z</time></trkpt>
<trkpt lat="54.517886" lon="18.551776"><time>2026-05-03T05:52:45.900Z</time></trkpt>
<trkpt lat="54.517891" lon="18.551725"><time>2026-05-03T05:52:47.900Z</time></trkpt>
<trkpt lat="54.517896" lon="18.551676"><time>2026-05-03T05:52:49.900Z</time></trkpt>
<trkpt lat="54.517897" lon="18.551626"><time>2026-05-03T05:52:51.900Z</time></trkpt>
<trkpt lat="54.517896" lon="18.551578"><time>2026-05-03T05:52:53.900Z</time></trkpt>
<trkpt lat="54.517901" lon="18.551538"><time>2026-05-03T05:52:55.900Z</time></trkpt>
<trkpt lat="54.517902" lon="18.551488"><time>2026-05-03T05:52:57.900Z</time></trkpt>
<trkpt lat="54.517895" lon="18.551442"><time>2026-05-03T05:52:59.900Z</time></trkpt>
<trkpt lat="54.517901" lon="18.551396"><time>2026-05-03T05:53:01.900Z</time></trkpt>
<trkpt lat="54.517904" lon="18.551339"><time>2026-05-03T05:53:03.900Z</time></trkpt>
<trkpt lat="54.517906" lon="18.551291"><time>2026-05-03T05:53:05.900Z</time></trkpt>
<trkpt lat="54.517909" lon="18.551245"><time>2026-05-03T05:53:07.900Z</time></trkpt>
<trkpt lat="54.517910" lon="18.551195"><time>2026-05-03T05:53:09.900Z</time></trkpt>
<trkpt lat="54.517912" lon="18.551147"><time>2026-05-03T05:53:11.900Z</time></trkpt>
<trkpt lat="54.517914" lon="18.551098"><time>2026-05-03T05:53:13.900Z</time></trkpt>
<trkpt lat="54.517913" lon="18.551051"><time>2026-05-03T05:53:15.900Z</time></trkpt>
<trkpt lat="54.517919" lon="18.551002"><time>2026-05-03T05:53:17.900Z</time></trkpt>
<trkpt lat="54.517921" lon="18.550956"><time>2026-05-03T05:53:19.900Z</time></trkpt>
<trkpt lat="54.517921" lon="18.550909"><time>2026-05-03T05:53:21.900Z</time></trkpt>
<trkpt lat="54.517923" lon="18.550857"><time>2026-05-03T05:53:23.900Z</time></trkpt>
<trkpt lat="54.517925" lon="18.550811"><time>2026-05-03T05:53:25.900Z</time></trkpt>
<trkpt lat="54.517927" lon="18.550764"><time>2026-05-03T05:53:27.900Z</time></trkpt>
<trkpt lat="54.517929" lon="18.550714"><time>2026-05-03T05:53:29.900Z</time></trkpt>
<trkpt lat="54.517925" lon="18.550663"><time>2026-05-03T05:53:31.900Z</time></trkpt>
<trkpt lat="54.517912" lon="18.550616"><time>2026-05-03T05:53:33.900Z</time></trkpt>
<trkpt lat="54.517903" lon="18.550561"><time>2026-05-03T05:53:35.900Z</time></trkpt>
<trkpt lat="54.517896" lon="18.550517"><time>2026-05-03T05:53:37.900Z</time></trkpt>
<trkpt lat="54.517885" lon="18.550470"><time>2026-05-03T05:53:39.900Z</time></trkpt>
<trkpt lat="54.517878" lon="18.550424"><time>2026-05-03T05:53:42.000Z</time></trkpt>
<trkpt lat="54.517876" lon="18.550378"><time>2026-05-03T05:53:44.000Z</time></trkpt>
<trkpt lat="54.517873" lon="18.550328"><time>2026-05-03T05:53:46.000Z</time></trkpt>
<trkpt lat="54.517866" lon="18.550281"><time>2026-05-03T05:53:48.000Z</time></trkpt>
<trkpt lat="54.517854" lon="18.550237"><time>2026-05-03T05:53:50.000Z</time></trkpt>
<trkpt lat="54.517839" lon="18.550200"><time>2026-05-03T05:53:52.000Z</time></trkpt>
<trkpt lat="54.517818" lon="18.550191"><time>2026-05-03T05:53:54.000Z</time></trkpt>
<trkpt lat="54.517787" lon="18.550181"><time>2026-05-03T05:53:56.000Z</time></trkpt>
<trkpt lat="54.517768" lon="18.550141"><time>2026-05-03T05:53:58.000Z</time></trkpt>
<trkpt lat="54.517736" lon="18.550117"><time>2026-05-03T05:54:00.000Z</time></trkpt>
<trkpt lat="54.517707" lon="18.550102"><time>2026-05-03T05:54:02.000Z</time></trkpt>
<trkpt lat="54.517677" lon="18.550083"><time>2026-05-03T05:54:04.000Z</time></trkpt>
<trkpt lat="54.517648" lon="18.550079"><time>2026-05-03T05:54:06.000Z</time></trkpt>
<trkpt lat="54.517628" lon="18.550049"><time>2026-05-03T05:54:08.000Z</time></trkpt>
<trkpt lat="54.517620" lon="18.549998"><time>2026-05-03T05:54:10.000Z</time></trkpt>
<trkpt lat="54.517592" lon="18.549995"><time>2026-05-03T05:54:12.000Z</time></trkpt>
<trkpt lat="54.517575" lon="18.550003"><time>2026-05-03T05:54:14.000Z</time></trkpt>
<trkpt lat="54.517542" lon="18.549986"><time>2026-05-03T05:54:16.000Z</time></trkpt>
<trkpt lat="54.517523" lon="18.549965"><time>2026-05-03T05:54:18.000Z</time></trkpt>
<trkpt lat="54.517526" lon="18.549932"><time>2026-05-03T05:54:19.900Z</time></trkpt>
<trkpt lat="54.517531" lon="18.549950"><time>2026-05-03T05:54:21.900Z</time></trkpt>
<trkpt lat="54.517549" lon="18.549964"><time>2026-05-03T05:54:23.900Z</time></trkpt>
<trkpt lat="54.517574" lon="18.549989"><time>2026-05-03T05:54:25.900Z</time></trkpt>
<trkpt lat="54.517602" lon="18.550013"><time>2026-05-03T05:54:27.900Z</time></trkpt>
<trkpt lat="54.517617" lon="18.550020"><time>2026-05-03T05:54:29.900Z</time></trkpt>
<trkpt lat="54.517585" lon="18.549984"><time>2026-05-03T05:54:36.000Z</time></trkpt>
<trkpt lat="54.517583" lon="18.550023"><time>2026-05-03T05:54:48.000Z</time></trkpt>
<trkpt lat="54.517583" lon="18.550023"><time>2026-05-03T05:54:49.000Z</time></trkpt>
<trkpt lat="54.517583" lon="18.550028"><time>2026-05-03T05:54:50.000Z</time></trkpt>
<trkpt lat="54.517583" lon="18.550031"><time>2026-05-03T05:54:51.000Z</time></trkpt>
<trkpt lat="54.517583" lon="18.550033"><time>2026-05-03T05:54:52.000Z</time></trkpt>
<trkpt lat="54.517582" lon="18.550036"><time>2026-05-03T05:54:53.000Z</time></trkpt>
<trkpt lat="54.517582" lon="18.550036"><time>2026-05-03T05:54:54.000Z</time></trkpt>
<trkpt lat="54.517582" lon="18.550036"><time>2026-05-03T05:54:55.000Z</time></trkpt>
<trkpt lat="54.517582" lon="18.550036"><time>2026-05-03T05:54:56.000Z</time></trkpt>
<trkpt lat="54.517582" lon="18.550036"><time>2026-05-03T05:54:57.000Z</time></trkpt>
<trkpt lat="54.517601" lon="18.550080"><time>2026-05-03T05:55:10.600Z</time></trkpt>
<trkpt lat="54.517614" lon="18.550076"><time>2026-05-03T05:55:16.400Z</time></trkpt>
<trkpt lat="54.517610" lon="18.550076"><time>2026-05-03T05:55:22.400Z</time></trkpt>
<trkpt lat="54.517597" lon="18.550103"><time>2026-05-03T05:55:25.500Z</time></trkpt>
<trkpt lat="54.517597" lon="18.550103"><time>2026-05-03T05:55:25.500Z</time></trkpt>
<trkpt lat="54.517598" lon="18.550103"><time>2026-05-03T05:55:27.000Z</time></trkpt>
<trkpt lat="54.517605" lon="18.550086"><time>2026-05-03T05:55:28.600Z</time></trkpt>
<trkpt lat="54.517600" lon="18.550135"><time>2026-05-03T05:55:34.400Z</time></trkpt>
<trkpt lat="54.517603" lon="18.550116"><time>2026-05-03T05:55:40.600Z</time></trkpt>
<trkpt lat="54.517614" lon="18.550093"><time>2026-05-03T05:55:46.400Z</time></trkpt>
<trkpt lat="54.517577" lon="18.550147"><time>2026-05-03T05:55:52.400Z</time></trkpt>
<trkpt lat="54.517601" lon="18.550092"><time>2026-05-03T05:55:58.400Z</time></trkpt>
<trkpt lat="54.517608" lon="18.550090"><time>2026-05-03T05:56:04.500Z</time></trkpt>
<trkpt lat="54.517590" lon="18.550074"><time>2026-05-03T05:56:10.400Z</time></trkpt>
<trkpt lat="54.517584" lon="18.550065"><time>2026-05-03T05:56:11.100Z</time></trkpt>
<trkpt lat="54.517584" lon="18.550065"><time>2026-05-03T05:56:11.100Z</time></trkpt>
<trkpt lat="54.517587" lon="18.550023"><time>2026-05-03T05:56:15.900Z</time></trkpt>
<trkpt lat="54.517587" lon="18.550023"><time>2026-05-03T05:56:15.900Z</time></trkpt>
<trkpt lat="54.517603" lon="18.550064"><time>2026-05-03T05:56:16.400Z</time></trkpt>
<trkpt lat="54.517578" lon="18.550068"><time>2026-05-03T05:56:22.400Z</time></trkpt>
<trkpt lat="54.517559" lon="18.549995"><time>2026-05-03T05:56:22.900Z</time></trkpt>
<trkpt lat="54.517568" lon="18.550018"><time>2026-05-03T05:56:23.900Z</time></trkpt>
<trkpt lat="54.517551" lon="18.549966"><time>2026-05-03T05:56:24.900Z</time></trkpt>
<trkpt lat="54.517533" lon="18.549971"><time>2026-05-03T05:56:25.900Z</time></trkpt>
<trkpt lat="54.517511" lon="18.549981"><time>2026-05-03T05:56:26.900Z</time></trkpt>
<trkpt lat="54.517458" lon="18.549944"><time>2026-05-03T05:56:27.900Z</time></trkpt>
<trkpt lat="54.517462" lon="18.549960"><time>2026-05-03T05:56:29.000Z</time></trkpt>
<trkpt lat="54.517467" lon="18.550006"><time>2026-05-03T05:56:30.000Z</time></trkpt>
<trkpt lat="54.517477" lon="18.550038"><time>2026-05-03T05:56:31.000Z</time></trkpt>
<trkpt lat="54.517500" lon="18.550073"><time>2026-05-03T05:56:32.000Z</time></trkpt>
<trkpt lat="54.517519" lon="18.550086"><time>2026-05-03T05:56:33.000Z</time></trkpt>
<trkpt lat="54.517530" lon="18.550102"><time>2026-05-03T05:56:34.000Z</time></trkpt>
<trkpt lat="54.517543" lon="18.550111"><time>2026-05-03T05:56:35.000Z</time></trkpt>
<trkpt lat="54.517553" lon="18.550119"><time>2026-05-03T05:56:36.000Z</time></trkpt>
<trkpt lat="54.517566" lon="18.550121"><time>2026-05-03T05:56:37.000Z</time></trkpt>
<trkpt lat="54.517579" lon="18.550124"><time>2026-05-03T05:56:38.000Z</time></trkpt>
<trkpt lat="54.517586" lon="18.550133"><time>2026-05-03T05:56:39.000Z</time></trkpt>
<trkpt lat="54.517602" lon="18.550137"><time>2026-05-03T05:56:40.000Z</time></trkpt>
<trkpt lat="54.517616" lon="18.550144"><time>2026-05-03T05:56:41.000Z</time></trkpt>
<trkpt lat="54.517626" lon="18.550148"><time>2026-05-03T05:56:42.000Z</time></trkpt>
<trkpt lat="54.517638" lon="18.550151"><time>2026-05-03T05:56:43.000Z</time></trkpt>
<trkpt lat="54.517656" lon="18.550151"><time>2026-05-03T05:56:44.000Z</time></trkpt>
<trkpt lat="54.517670" lon="18.550150"><time>2026-05-03T05:56:45.000Z</time></trkpt>
<trkpt lat="54.517683" lon="18.550155"><time>2026-05-03T05:56:46.000Z</time></trkpt>
<trkpt lat="54.517695" lon="18.550162"><time>2026-05-03T05:56:47.000Z</time></trkpt>
<trkpt lat="54.517710" lon="18.550170"><time>2026-05-03T05:56:48.000Z</time></trkpt>
<trkpt lat="54.517725" lon="18.550170"><time>2026-05-03T05:56:49.000Z</time></trkpt>
<trkpt lat="54.517736" lon="18.550174"><time>2026-05-03T05:56:50.000Z</time></trkpt>
<trkpt lat="54.517748" lon="18.550179"><time>2026-05-03T05:56:51.000Z</time></trkpt>
<trkpt lat="54.517763" lon="18.550178"><time>2026-05-03T05:56:52.000Z</time></trkpt>
<trkpt lat="54.517769" lon="18.550182"><time>2026-05-03T05:56:53.000Z</time></trkpt>
<trkpt lat="54.517782" lon="18.550189"><time>2026-05-03T05:56:54.000Z</time></trkpt>
<trkpt lat="54.517785" lon="18.550188"><time>2026-05-03T05:56:55.000Z</time></trkpt>
<trkpt lat="54.517796" lon="18.550196"><time>2026-05-03T05:56:56.000Z</time></trkpt>
<trkpt lat="54.517812" lon="18.550205"><time>2026-05-03T05:56:57.000Z</time></trkpt>
<trkpt lat="54.517829" lon="18.550213"><time>2026-05-03T05:56:58.000Z</time></trkpt>
<trkpt lat="54.517839" lon="18.550216"><time>2026-05-03T05:56:59.000Z</time></trkpt>
<trkpt lat="54.517843" lon="18.550233"><time>2026-05-03T05:57:00.000Z</time></trkpt>
<trkpt lat="54.517849" lon="18.550259"><time>2026-05-03T05:57:01.000Z</time></trkpt>
<trkpt lat="54.517857" lon="18.550284"><time>2026-05-03T05:57:02.000Z</time></trkpt>
<trkpt lat="54.517864" lon="18.550302"><time>2026-05-03T05:57:03.000Z</time></trkpt>
<trkpt lat="54.517872" lon="18.550317"><time>2026-05-03T05:57:04.000Z</time></trkpt>
<trkpt lat="54.517875" lon="18.550336"><time>2026-05-03T05:57:05.000Z</time></trkpt>
<trkpt lat="54.517881" lon="18.550361"><time>2026-05-03T05:57:06.000Z</time></trkpt>
<trkpt lat="54.517889" lon="18.550383"><time>2026-05-03T05:57:07.000Z</time></trkpt>
<trkpt lat="54.517896" lon="18.550408"><time>2026-05-03T05:57:08.000Z</time></trkpt>
<trkpt lat="54.517905" lon="18.550426"><time>2026-05-03T05:57:09.000Z</time></trkpt>
<trkpt lat="54.517920" lon="18.550438"><time>2026-05-03T05:57:10.000Z</time></trkpt>
<trkpt lat="54.517932" lon="18.550443"><time>2026-05-03T05:57:11.000Z</time></trkpt>
<trkpt lat="54.517947" lon="18.550442"><time>2026-05-03T05:57:12.000Z</time></trkpt>
<trkpt lat="54.517972" lon="18.550453"><time>2026-05-03T05:57:14.000Z</time></trkpt>
<trkpt lat="54.517976" lon="18.550465"><time>2026-05-03T05:57:16.000Z</time></trkpt>
<trkpt lat="54.517981" lon="18.550494"><time>2026-05-03T05:57:18.000Z</time></trkpt>
<trkpt lat="54.517975" lon="18.550557"><time>2026-05-03T05:57:20.000Z</time></trkpt>
<trkpt lat="54.517967" lon="18.550604"><time>2026-05-03T05:57:22.000Z</time></trkpt>
<trkpt lat="54.517960" lon="18.550657"><time>2026-05-03T05:57:24.000Z</time></trkpt>
<trkpt lat="54.517958" lon="18.550713"><time>2026-05-03T05:57:26.000Z</time></trkpt>
<trkpt lat="54.517952" lon="18.550763"><time>2026-05-03T05:57:28.000Z</time></trkpt>
<trkpt lat="54.517936" lon="18.550814"><time>2026-05-03T05:57:29.900Z</time></trkpt>
<trkpt lat="54.517938" lon="18.550871"><time>2026-05-03T05:57:31.900Z</time></trkpt>
<trkpt lat="54.517937" lon="18.550922"><time>2026-05-03T05:57:33.900Z</time></trkpt>
<trkpt lat="54.517938" lon="18.550979"><time>2026-05-03T05:57:35.900Z</time></trkpt>
<trkpt lat="54.517934" lon="18.551030"><time>2026-05-03T05:57:37.900Z</time></trkpt>
<trkpt lat="54.517929" lon="18.551081"><time>2026-05-03T05:57:39.900Z</time></trkpt>
<trkpt lat="54.517928" lon="18.551130"><time>2026-05-03T05:57:41.900Z</time></trkpt>
<trkpt lat="54.517923" lon="18.551177"><time>2026-05-03T05:57:43.900Z</time></trkpt>
<trkpt lat="54.517922" lon="18.551215"><time>2026-05-03T05:57:45.900Z</time></trkpt>
<trkpt lat="54.517921" lon="18.551260"><time>2026-05-03T05:57:47.900Z</time></trkpt>
<trkpt lat="54.517920" lon="18.551304"><time>2026-05-03T05:57:49.900Z</time></trkpt>
<trkpt lat="54.517913" lon="18.551359"><time>2026-05-03T05:57:51.900Z</time></trkpt>
<trkpt lat="54.517911" lon="18.551406"><time>2026-05-03T05:57:53.900Z</time></trkpt>
<trkpt lat="54.517910" lon="18.551455"><time>2026-05-03T05:57:55.900Z</time></trkpt>
<trkpt lat="54.517903" lon="18.551501"><time>2026-05-03T05:57:57.900Z</time></trkpt>
<trkpt lat="54.517903" lon="18.551547"><time>2026-05-03T05:57:59.900Z</time></trkpt>
<trkpt lat="54.517901" lon="18.551595"><time>2026-05-03T05:58:01.900Z</time></trkpt>
<trkpt lat="54.517901" lon="18.551642"><time>2026-05-03T05:58:03.900Z</time></trkpt>
<trkpt lat="54.517901" lon="18.551689"><time>2026-05-03T05:58:05.900Z</time></trkpt>
<trkpt lat="54.517896" lon="18.551735"><time>2026-05-03T05:58:07.900Z</time></trkpt>
<trkpt lat="54.517894" lon="18.551781"><time>2026-05-03T05:58:09.900Z</time></trkpt>
<trkpt lat="54.517890" lon="18.551829"><time>2026-05-03T05:58:11.900Z</time></trkpt>
<trkpt lat="54.517891" lon="18.551875"><time>2026-05-03T05:58:13.900Z</time></trkpt>
<trkpt lat="54.517891" lon="18.551920"><time>2026-05-03T05:58:15.900Z</time></trkpt>
<trkpt lat="54.517887" lon="18.551968"><time>2026-05-03T05:58:17.900Z</time></trkpt>
<trkpt lat="54.517886" lon="18.552017"><time>2026-05-03T05:58:19.900Z</time></trkpt>
<trkpt lat="54.517881" lon="18.552063"><time>2026-05-03T05:58:21.900Z</time></trkpt>
<trkpt lat="54.517879" lon="18.552109"><time>2026-05-03T05:58:23.900Z</time></trkpt>
<trkpt lat="54.517879" lon="18.552155"><time>2026-05-03T05:58:25.900Z</time></trkpt>
<trkpt lat="54.517878" lon="18.552201"><time>2026-05-03T05:58:27.900Z</time></trkpt>
<trkpt lat="54.517877" lon="18.552246"><time>2026-05-03T05:58:29.900Z</time></trkpt>
<trkpt lat="54.517876" lon="18.552293"><time>2026-05-03T05:58:31.900Z</time></trkpt>
<trkpt lat="54.517874" lon="18.552341"><time>2026-05-03T05:58:34.000Z</time></trkpt>
<trkpt lat="54.517871" lon="18.552387"><time>2026-05-03T05:58:36.000Z</time></trkpt>
<trkpt lat="54.517865" lon="18.552434"><time>2026-05-03T05:58:38.000Z</time></trkpt>
<trkpt lat="54.517864" lon="18.552483"><time>2026-05-03T05:58:40.000Z</time></trkpt>
<trkpt lat="54.517860" lon="18.552526"><time>2026-05-03T05:58:42.000Z</time></trkpt>
<trkpt lat="54.517857" lon="18.552569"><time>2026-05-03T05:58:44.000Z</time></trkpt>
<trkpt lat="54.517858" lon="18.552616"><time>2026-05-03T05:58:46.000Z</time></trkpt>
<trkpt lat="54.517856" lon="18.552664"><time>2026-05-03T05:58:48.000Z</time></trkpt>
<trkpt lat="54.517854" lon="18.552712"><time>2026-05-03T05:58:50.000Z</time></trkpt>
<trkpt lat="54.517850" lon="18.552755"><time>2026-05-03T05:58:52.000Z</time></trkpt>
<trkpt lat="54.517846" lon="18.552803"><time>2026-05-03T05:58:54.000Z</time></trkpt>
<trkpt lat="54.517844" lon="18.552850"><time>2026-05-03T05:58:56.000Z</time></trkpt>
<trkpt lat="54.517840" lon="18.552898"><time>2026-05-03T05:58:58.000Z</time></trkpt>
<trkpt lat="54.512157" lon="18.577388"><time>2026-05-03T06:38:09.900Z</time></trkpt>
<trkpt lat="54.512147" lon="18.577417"><time>2026-05-03T06:38:10.900Z</time></trkpt>
<trkpt lat="54.512138" lon="18.577444"><time>2026-05-03T06:38:11.900Z</time></trkpt>
<trkpt lat="54.512128" lon="18.577467"><time>2026-05-03T06:38:12.900Z</time></trkpt>
<trkpt lat="54.512121" lon="18.577491"><time>2026-05-03T06:38:13.900Z</time></trkpt>
<trkpt lat="54.512110" lon="18.577513"><time>2026-05-03T06:38:14.900Z</time></trkpt>
<trkpt lat="54.512095" lon="18.577538"><time>2026-05-03T06:38:15.900Z</time></trkpt>
<trkpt lat="54.512080" lon="18.577558"><time>2026-05-03T06:38:16.900Z</time></trkpt>
<trkpt lat="54.512069" lon="18.577578"><time>2026-05-03T06:38:17.900Z</time></trkpt>
<trkpt lat="54.512053" lon="18.577597"><time>2026-05-03T06:38:18.900Z</time></trkpt>
<trkpt lat="54.512042" lon="18.577614"><time>2026-05-03T06:38:19.900Z</time></trkpt>
<trkpt lat="54.512028" lon="18.577632"><time>2026-05-03T06:38:20.900Z</time></trkpt>
<trkpt lat="54.512015" lon="18.577650"><time>2026-05-03T06:38:21.900Z</time></trkpt>
<trkpt lat="54.512001" lon="18.577662"><time>2026-05-03T06:38:22.900Z</time></trkpt>
<trkpt lat="54.511986" lon="18.577680"><time>2026-05-03T06:38:23.900Z</time></trkpt>
<trkpt lat="54.511978" lon="18.577696"><time>2026-05-03T06:38:24.900Z</time></trkpt>
<trkpt lat="54.511962" lon="18.577706"><time>2026-05-03T06:38:25.900Z</time></trkpt>
<trkpt lat="54.511948" lon="18.577716"><time>2026-05-03T06:38:26.900Z</time></trkpt>
<trkpt lat="54.511937" lon="18.577726"><time>2026-05-03T06:38:27.900Z</time></trkpt>
<trkpt lat="54.511927" lon="18.577739"><time>2026-05-03T06:38:28.900Z</time></trkpt>
<trkpt lat="54.511911" lon="18.577754"><time>2026-05-03T06:38:29.900Z</time></trkpt>
<trkpt lat="54.511900" lon="18.577764"><time>2026-05-03T06:38:30.900Z</time></trkpt>
<trkpt lat="54.511886" lon="18.577777"><time>2026-05-03T06:38:31.900Z</time></trkpt>
<trkpt lat="54.511872" lon="18.577789"><time>2026-05-03T06:38:32.900Z</time></trkpt>
<trkpt lat="54.511859" lon="18.577800"><time>2026-05-03T06:38:33.900Z</time></trkpt>
<trkpt lat="54.511844" lon="18.577810"><time>2026-05-03T06:38:34.900Z</time></trkpt>
<trkpt lat="54.511831" lon="18.577820"><time>2026-05-03T06:38:35.900Z</time></trkpt>
<trkpt lat="54.511816" lon="18.577829"><time>2026-05-03T06:38:36.900Z</time></trkpt>
<trkpt lat="54.511802" lon="18.577838"><time>2026-05-03T06:38:37.900Z</time></trkpt>
<trkpt lat="54.511789" lon="18.577844"><time>2026-05-03T06:38:38.900Z</time></trkpt>
<trkpt lat="54.511776" lon="18.577850"><time>2026-05-03T06:38:39.900Z</time></trkpt>
<trkpt lat="54.511761" lon="18.577852"><time>2026-05-03T06:38:40.900Z</time></trkpt>
<trkpt lat="54.511747" lon="18.577856"><time>2026-05-03T06:38:41.900Z</time></trkpt>
<trkpt lat="54.511733" lon="18.577858"><time>2026-05-03T06:38:42.900Z</time></trkpt>
<trkpt lat="54.511719" lon="18.577861"><time>2026-05-03T06:38:43.900Z</time></trkpt>
<trkpt lat="54.511706" lon="18.577861"><time>2026-05-03T06:38:44.900Z</time></trkpt>
<trkpt lat="54.511692" lon="18.577861"><time>2026-05-03T06:38:45.900Z</time></trkpt>
<trkpt lat="54.511679" lon="18.577862"><time>2026-05-03T06:38:46.900Z</time></trkpt>
<trkpt lat="54.511665" lon="18.577863"><time>2026-05-03T06:38:47.900Z</time></trkpt>
<trkpt lat="54.511654" lon="18.577863"><time>2026-05-03T06:38:48.900Z</time></trkpt>
<trkpt lat="54.511642" lon="18.577864"><time>2026-05-03T06:38:49.900Z</time></trkpt>
<trkpt lat="54.511630" lon="18.577864"><time>2026-05-03T06:38:50.900Z</time></trkpt>
<trkpt lat="54.511617" lon="18.577865"><time>2026-05-03T06:38:51.900Z</time></trkpt>
<trkpt lat="54.511604" lon="18.577866"><time>2026-05-03T06:38:52.900Z</time></trkpt>
<trkpt lat="54.511589" lon="18.577867"><time>2026-05-03T06:38:53.900Z</time></trkpt>
<trkpt lat="54.511573" lon="18.577865"><time>2026-05-03T06:38:54.900Z</time></trkpt>
<trkpt lat="54.511554" lon="18.577858"><time>2026-05-03T06:38:55.900Z</time></trkpt>
<trkpt lat="54.511534" lon="18.577853"><time>2026-05-03T06:38:56.900Z</time></trkpt>
<trkpt lat="54.511514" lon="18.577846"><time>2026-05-03T06:38:57.900Z</time></trkpt>
<trkpt lat="54.511501" lon="18.577844"><time>2026-05-03T06:38:58.900Z</time></trkpt>
<trkpt lat="54.511485" lon="18.577848"><time>2026-05-03T06:38:59.900Z</time></trkpt>
<trkpt lat="54.511472" lon="18.577851"><time>2026-05-03T06:39:00.900Z</time></trkpt>
<trkpt lat="54.511460" lon="18.577849"><time>2026-05-03T06:39:01.900Z</time></trkpt>
<trkpt lat="54.511450" lon="18.577848"><time>2026-05-03T06:39:02.900Z</time></trkpt>
<trkpt lat="54.511438" lon="18.577852"><time>2026-05-03T06:39:03.900Z</time></trkpt>
<trkpt lat="54.511426" lon="18.577853"><time>2026-05-03T06:39:04.900Z</time></trkpt>
<trkpt lat="54.511420" lon="18.577854"><time>2026-05-03T06:39:05.900Z</time></trkpt>
<trkpt lat="54.511414" lon="18.577857"><time>2026-05-03T06:39:06.900Z</time></trkpt>
<trkpt lat="54.511403" lon="18.577853"><time>2026-05-03T06:39:07.900Z</time></trkpt>
<trkpt lat="54.511392" lon="18.577849"><time>2026-05-03T06:39:08.900Z</time></trkpt>
<trkpt lat="54.511381" lon="18.577848"><time>2026-05-03T06:39:09.900Z</time></trkpt>
<trkpt lat="54.511365" lon="18.577848"><time>2026-05-03T06:39:10.900Z</time></trkpt>
<trkpt lat="54.511350" lon="18.577844"><time>2026-05-03T06:39:11.900Z</time></trkpt>
<trkpt lat="54.511332" lon="18.577835"><time>2026-05-03T06:39:12.900Z</time></trkpt>
<trkpt lat="54.511317" lon="18.577826"><time>2026-05-03T06:39:13.900Z</time></trkpt>
<trkpt lat="54.511301" lon="18.577817"><time>2026-05-03T06:39:14.900Z</time></trkpt>
<trkpt lat="54.511290" lon="18.577818"><time>2026-05-03T06:39:15.900Z</time></trkpt>
<trkpt lat="54.511280" lon="18.577815"><time>2026-05-03T06:39:16.900Z</time></trkpt>
<trkpt lat="54.511269" lon="18.577812"><time>2026-05-03T06:39:17.900Z</time></trkpt>
<trkpt lat="54.511258" lon="18.577810"><time>2026-05-03T06:39:18.900Z</time></trkpt>
<trkpt lat="54.511247" lon="18.577805"><time>2026-05-03T06:39:19.900Z</time></trkpt>
<trkpt lat="54.511237" lon="18.577801"><time>2026-05-03T06:39:20.900Z</time></trkpt>
<trkpt lat="54.511227" lon="18.577795"><time>2026-05-03T06:39:21.900Z</time></trkpt>
<trkpt lat="54.511216" lon="18.577790"><time>2026-05-03T06:39:22.900Z</time></trkpt>
<trkpt lat="54.511205" lon="18.577784"><time>2026-05-03T06:39:23.900Z</time></trkpt>
<trkpt lat="54.511193" lon="18.577778"><time>2026-05-03T06:39:24.900Z</time></trkpt>
<trkpt lat="54.511181" lon="18.577771"><time>2026-05-03T06:39:25.900Z</time></trkpt>
<trkpt lat="54.511170" lon="18.577764"><time>2026-05-03T06:39:26.900Z</time></trkpt>
<trkpt lat="54.511159" lon="18.577759"><time>2026-05-03T06:39:27.900Z</time></trkpt>
<trkpt lat="54.511147" lon="18.577755"><time>2026-05-03T06:39:28.900Z</time></trkpt>
<trkpt lat="54.511136" lon="18.577750"><time>2026-05-03T06:39:29.900Z</time></trkpt>
<trkpt lat="54.511125" lon="18.577744"><time>2026-05-03T06:39:30.900Z</time></trkpt>
<trkpt lat="54.511114" lon="18.577739"><time>2026-05-03T06:39:31.900Z</time></trkpt>
<trkpt lat="54.511109" lon="18.577736"><time>2026-05-03T06:39:32.900Z</time></trkpt>
<trkpt lat="54.511100" lon="18.577732"><time>2026-05-03T06:39:33.900Z</time></trkpt>
<trkpt lat="54.511090" lon="18.577727"><time>2026-05-03T06:39:34.900Z</time></trkpt>
<trkpt lat="54.511080" lon="18.577723"><time>2026-05-03T06:39:35.900Z</time></trkpt>
<trkpt lat="54.511069" lon="18.577720"><time>2026-05-03T06:39:36.900Z</time></trkpt>
<trkpt lat="54.511058" lon="18.577712"><time>2026-05-03T06:39:37.900Z</time></trkpt>
<trkpt lat="54.511046" lon="18.577705"><time>2026-05-03T06:39:38.900Z</time></trkpt>
<trkpt lat="54.511034" lon="18.577700"><time>2026-05-03T06:39:39.900Z</time></trkpt>
<trkpt lat="54.511022" lon="18.577693"><time>2026-05-03T06:39:40.900Z</time></trkpt>
<trkpt lat="54.511011" lon="18.577691"><time>2026-05-03T06:39:41.900Z</time></trkpt>
<trkpt lat="54.510999" lon="18.577685"><time>2026-05-03T06:39:42.900Z</time></trkpt>
<trkpt lat="54.510989" lon="18.577678"><time>2026-05-03T06:39:43.900Z</time></trkpt>
<trkpt lat="54.510978" lon="18.577674"><time>2026-05-03T06:39:44.900Z</time></trkpt>
<trkpt lat="54.510968" lon="18.577671"><time>2026-05-03T06:39:45.900Z</time></trkpt>
<trkpt lat="54.510957" lon="18.577667"><time>2026-05-03T06:39:46.900Z</time></trkpt>
<trkpt lat="54.510948" lon="18.577662"><time>2026-05-03T06:39:47.900Z</time></trkpt>
<trkpt lat="54.510936" lon="18.577657"><time>2026-05-03T06:39:48.900Z</time></trkpt>
<trkpt lat="54.510925" lon="18.577648"><time>2026-05-03T06:39:49.900Z</time></trkpt>
<trkpt lat="54.510916" lon="18.577642"><time>2026-05-03T06:39:50.900Z</time></trkpt>
<trkpt lat="54.510905" lon="18.577632"><time>2026-05-03T06:39:51.900Z</time></trkpt>
<trkpt lat="54.510892" lon="18.577621"><time>2026-05-03T06:39:52.900Z</time></trkpt>
<trkpt lat="54.510881" lon="18.577612"><time>2026-05-03T06:39:53.900Z</time></trkpt>
<trkpt lat="54.510867" lon="18.577602"><time>2026-05-03T06:39:54.900Z</time></trkpt>
<trkpt lat="54.510857" lon="18.577593"><time>2026-05-03T06:39:55.900Z</time></trkpt>
<trkpt lat="54.510847" lon="18.577584"><time>2026-05-03T06:39:56.900Z</time></trkpt>
<trkpt lat="54.510838" lon="18.577576"><time>2026-05-03T06:39:57.900Z</time></trkpt>
<trkpt lat="54.510828" lon="18.577569"><time>2026-05-03T06:39:58.900Z</time></trkpt>
<trkpt lat="54.510820" lon="18.577561"><time>2026-05-03T06:39:59.900Z</time></trkpt>
<trkpt lat="54.510810" lon="18.577552"><time>2026-05-03T06:40:00.900Z</time></trkpt>
<trkpt lat="54.510800" lon="18.577544"><time>2026-05-03T06:40:01.900Z</time></trkpt>
<trkpt lat="54.510793" lon="18.577536"><time>2026-05-03T06:40:02.900Z</time></trkpt>
<trkpt lat="54.510783" lon="18.577523"><time>2026-05-03T06:40:03.900Z</time></trkpt>
<trkpt lat="54.510774" lon="18.577511"><time>2026-05-03T06:40:04.900Z</time></trkpt>
<trkpt lat="54.510765" lon="18.577500"><time>2026-05-03T06:40:05.900Z</time></trkpt>
<trkpt lat="54.510756" lon="18.577491"><time>2026-05-03T06:40:06.900Z</time></trkpt>
<trkpt lat="54.510745" lon="18.577479"><time>2026-05-03T06:40:07.900Z</time></trkpt>
<trkpt lat="54.510736" lon="18.577469"><time>2026-05-03T06:40:08.900Z</time></trkpt>
<trkpt lat="54.510727" lon="18.577459"><time>2026-05-03T06:40:09.900Z</time></trkpt>
<trkpt lat="54.510722" lon="18.577456"><time>2026-05-03T06:40:10.900Z</time></trkpt>
<trkpt lat="54.510713" lon="18.577446"><time>2026-05-03T06:40:11.900Z</time></trkpt>
<trkpt lat="54.510707" lon="18.577439"><time>2026-05-03T06:40:12.900Z</time></trkpt>
<trkpt lat="54.510699" lon="18.577429"><time>2026-05-03T06:40:13.900Z</time></trkpt>
<trkpt lat="54.510691" lon="18.577418"><time>2026-05-03T06:40:14.900Z</time></trkpt>
<trkpt lat="54.510684" lon="18.577410"><time>2026-05-03T06:40:15.900Z</time></trkpt>
<trkpt lat="54.510675" lon="18.577400"><time>2026-05-03T06:40:16.900Z</time></trkpt>
<trkpt lat="54.510665" lon="18.577389"><time>2026-05-03T06:40:17.900Z</time></trkpt>
<trkpt lat="54.510657" lon="18.577379"><time>2026-05-03T06:40:18.900Z</time></trkpt>
<trkpt lat="54.510649" lon="18.577368"><time>2026-05-03T06:40:19.900Z</time></trkpt>
<trkpt lat="54.510639" lon="18.577357"><time>2026-05-03T06:40:20.900Z</time></trkpt>
<trkpt lat="54.510630" lon="18.577346"><time>2026-05-03T06:40:21.900Z</time></trkpt>
<trkpt lat="54.510621" lon="18.577336"><time>2026-05-03T06:40:22.900Z</time></trkpt>
<trkpt lat="54.510612" lon="18.577326"><time>2026-05-03T06:40:23.900Z</time></trkpt>
<trkpt lat="54.510605" lon="18.577316"><time>2026-05-03T06:40:24.900Z</time></trkpt>
<trkpt lat="54.510598" lon="18.577308"><time>2026-05-03T06:40:25.900Z</time></trkpt>
<trkpt lat="54.510591" lon="18.577297"><time>2026-05-03T06:40:26.900Z</time></trkpt>
<trkpt lat="54.510583" lon="18.577286"><time>2026-05-03T06:40:27.900Z</time></trkpt>
<trkpt lat="54.510576" lon="18.577275"><time>2026-05-03T06:40:28.900Z</time></trkpt>
<trkpt lat="54.510568" lon="18.577263"><time>2026-05-03T06:40:29.900Z</time></trkpt>
<trkpt lat="54.510560" lon="18.577252"><time>2026-05-03T06:40:30.900Z</time></trkpt>
<trkpt lat="54.510552" lon="18.577240"><time>2026-05-03T06:40:31.900Z</time></trkpt>
<trkpt lat="54.510543" lon="18.577230"><time>2026-05-03T06:40:32.900Z</time></trkpt>
<trkpt lat="54.510534" lon="18.577221"><time>2026-05-03T06:40:33.900Z</time></trkpt>
<trkpt lat="54.510525" lon="18.577210"><time>2026-05-03T06:40:34.900Z</time></trkpt>
<trkpt lat="54.510515" lon="18.577201"><time>2026-05-03T06:40:35.900Z</time></trkpt>
<trkpt lat="54.510505" lon="18.577195"><time>2026-05-03T06:40:36.900Z</time></trkpt>
<trkpt lat="54.510495" lon="18.577187"><time>2026-05-03T06:40:37.900Z</time></trkpt>
<trkpt lat="54.510484" lon="18.577183"><time>2026-05-03T06:40:38.900Z</time></trkpt>
<trkpt lat="54.510471" lon="18.577180"><time>2026-05-03T06:40:39.900Z</time></trkpt>
<trkpt lat="54.510460" lon="18.577178"><time>2026-05-03T06:40:40.900Z</time></trkpt>
<trkpt lat="54.510449" lon="18.577184"><time>2026-05-03T06:40:41.900Z</time></trkpt>
<trkpt lat="54.510438" lon="18.577188"><time>2026-05-03T06:40:42.900Z</time></trkpt>
<trkpt lat="54.510423" lon="18.577194"><time>2026-05-03T06:40:43.900Z</time></trkpt>
<trkpt lat="54.510411" lon="18.577196"><time>2026-05-03T06:40:44.900Z</time></trkpt>
<trkpt lat="54.510400" lon="18.577198"><time>2026-05-03T06:40:45.900Z</time></trkpt>
<trkpt lat="54.510386" lon="18.577202"><time>2026-05-03T06:40:46.900Z</time></trkpt>
<trkpt lat="54.510370" lon="18.577209"><time>2026-05-03T06:40:47.900Z</time></trkpt>
<trkpt lat="54.510360" lon="18.577207"><time>2026-05-03T06:40:48.900Z</time></trkpt>
<trkpt lat="54.510349" lon="18.577206"><time>2026-05-03T06:40:49.900Z</time></trkpt>
<trkpt lat="54.510337" lon="18.577206"><time>2026-05-03T06:40:50.900Z</time></trkpt>
<trkpt lat="54.510324" lon="18.577206"><time>2026-05-03T06:40:51.900Z</time></trkpt>
<trkpt lat="54.510311" lon="18.577208"><time>2026-05-03T06:40:52.900Z</time></trkpt>
<trkpt lat="54.510300" lon="18.577212"><time>2026-05-03T06:40:53.900Z</time></trkpt>
<trkpt lat="54.510289" lon="18.577219"><time>2026-05-03T06:40:54.900Z</time></trkpt>
<trkpt lat="54.510278" lon="18.577229"><time>2026-05-03T06:40:55.900Z</time></trkpt>
<trkpt lat="54.510263" lon="18.577239"><time>2026-05-03T06:40:56.900Z</time></trkpt>
<trkpt lat="54.510246" lon="18.577249"><time>2026-05-03T06:40:57.900Z</time></trkpt>
<trkpt lat="54.510229" lon="18.577258"><time>2026-05-03T06:40:58.900Z</time></trkpt>
<trkpt lat="54.510213" lon="18.577269"><time>2026-05-03T06:40:59.900Z</time></trkpt>
<trkpt lat="54.510197" lon="18.577282"><time>2026-05-03T06:41:00.900Z</time></trkpt>
<trkpt lat="54.510181" lon="18.577296"><time>2026-05-03T06:41:01.900Z</time></trkpt>
<trkpt lat="54.510166" lon="18.577317"><time>2026-05-03T06:41:02.900Z</time></trkpt>
<trkpt lat="54.510151" lon="18.577340"><time>2026-05-03T06:41:03.900Z</time></trkpt>
<trkpt lat="54.510137" lon="18.577363"><time>2026-05-03T06:41:04.900Z</time></trkpt>
<trkpt lat="54.510125" lon="18.577385"><time>2026-05-03T06:41:05.900Z</time></trkpt>
<trkpt lat="54.510113" lon="18.577410"><time>2026-05-03T06:41:06.900Z</time></trkpt>
<trkpt lat="54.510102" lon="18.577434"><time>2026-05-03T06:41:07.900Z</time></trkpt>
<trkpt lat="54.510093" lon="18.577463"><time>2026-05-03T06:41:08.900Z</time></trkpt>
<trkpt lat="54.510087" lon="18.577490"><time>2026-05-03T06:41:09.900Z</time></trkpt>
<trkpt lat="54.510079" lon="18.577518"><time>2026-05-03T06:41:10.900Z</time></trkpt>
<trkpt lat="54.510074" lon="18.577550"><time>2026-05-03T06:41:11.900Z</time></trkpt>
<trkpt lat="54.510068" lon="18.577580"><time>2026-05-03T06:41:12.900Z</time></trkpt>
<trkpt lat="54.510062" lon="18.577614"><time>2026-05-03T06:41:13.900Z</time></trkpt>
<trkpt lat="54.510057" lon="18.577647"><time>2026-05-03T06:41:14.900Z</time></trkpt>
<trkpt lat="54.510052" lon="18.577678"><time>2026-05-03T06:41:15.900Z</time></trkpt>
<trkpt lat="54.510047" lon="18.577710"><time>2026-05-03T06:41:16.900Z</time></trkpt>
<trkpt lat="54.510044" lon="18.577742"><time>2026-05-03T06:41:17.900Z</time></trkpt>
<trkpt lat="54.510040" lon="18.577773"><time>2026-05-03T06:41:18.900Z</time></trkpt>
<trkpt lat="54.510039" lon="18.577802"><time>2026-05-03T06:41:19.900Z</time></trkpt>
<trkpt lat="54.510039" lon="18.577835"><time>2026-05-03T06:41:20.900Z</time></trkpt>
<trkpt lat="54.510038" lon="18.577866"><time>2026-05-03T06:41:21.900Z</time></trkpt>
<trkpt lat="54.510036" lon="18.577898"><time>2026-05-03T06:41:23.000Z</time></trkpt>
<trkpt lat="54.510036" lon="18.577931"><time>2026-05-03T06:41:24.000Z</time></trkpt>
<trkpt lat="54.510036" lon="18.577963"><time>2026-05-03T06:41:25.000Z</time></trkpt>
<trkpt lat="54.510036" lon="18.577997"><time>2026-05-03T06:41:26.000Z</time></trkpt>
<trkpt lat="54.510035" lon="18.578030"><time>2026-05-03T06:41:27.000Z</time></trkpt>
<trkpt lat="54.510036" lon="18.578061"><time>2026-05-03T06:41:28.000Z</time></trkpt>
<trkpt lat="54.510038" lon="18.578094"><time>2026-05-03T06:41:29.000Z</time></trkpt>
<trkpt lat="54.510040" lon="18.578128"><time>2026-05-03T06:41:30.000Z</time></trkpt>
<trkpt lat="54.510042" lon="18.578159"><time>2026-05-03T06:41:31.000Z</time></trkpt>
<trkpt lat="54.510045" lon="18.578191"><time>2026-05-03T06:41:32.000Z</time></trkpt>
<trkpt lat="54.510049" lon="18.578222"><time>2026-05-03T06:41:33.000Z</time></trkpt>
<trkpt lat="54.510053" lon="18.578252"><time>2026-05-03T06:41:34.000Z</time></trkpt>
<trkpt lat="54.510056" lon="18.578282"><time>2026-05-03T06:41:35.000Z</time></trkpt>
<trkpt lat="54.510061" lon="18.578312"><time>2026-05-03T06:41:36.000Z</time></trkpt>
<trkpt lat="54.510063" lon="18.578342"><time>2026-05-03T06:41:37.000Z</time></trkpt>
<trkpt lat="54.510066" lon="18.578371"><time>2026-05-03T06:41:38.000Z</time></trkpt>
<trkpt lat="54.510069" lon="18.578403"><time>2026-05-03T06:41:39.000Z</time></trkpt>
<trkpt lat="54.510072" lon="18.578434"><time>2026-05-03T06:41:40.000Z</time></trkpt>
<trkpt lat="54.510076" lon="18.578464"><time>2026-05-03T06:41:41.000Z</time></trkpt>
<trkpt lat="54.510078" lon="18.578492"><time>2026-05-03T06:41:42.000Z</time></trkpt>
<trkpt lat="54.510085" lon="18.578528"><time>2026-05-03T06:41:43.000Z</time></trkpt>
<trkpt lat="54.510092" lon="18.578559"><time>2026-05-03T06:41:44.000Z</time></trkpt>
<trkpt lat="54.510100" lon="18.578590"><time>2026-05-03T06:41:45.000Z</time></trkpt>
<trkpt lat="54.510108" lon="18.578621"><time>2026-05-03T06:41:46.000Z</time></trkpt>
<trkpt lat="54.510117" lon="18.578648"><time>2026-05-03T06:41:47.000Z</time></trkpt>
<trkpt lat="54.510126" lon="18.578675"><time>2026-05-03T06:41:48.000Z</time></trkpt>
<trkpt lat="54.510135" lon="18.578701"><time>2026-05-03T06:41:49.000Z</time></trkpt>
<trkpt lat="54.510141" lon="18.578724"><time>2026-05-03T06:41:50.000Z</time></trkpt>
<trkpt lat="54.510150" lon="18.578752"><time>2026-05-03T06:41:51.000Z</time></trkpt>
<trkpt lat="54.510160" lon="18.578780"><time>2026-05-03T06:41:52.000Z</time></trkpt>
<trkpt lat="54.510168" lon="18.578806"><time>2026-05-03T06:41:53.000Z</time></trkpt>
<trkpt lat="54.510177" lon="18.578836"><time>2026-05-03T06:41:54.000Z</time></trkpt>
<trkpt lat="54.510186" lon="18.578864"><time>2026-05-03T06:41:54.900Z</time></trkpt>
<trkpt lat="54.510194" lon="18.578891"><time>2026-05-03T06:41:55.900Z</time></trkpt>
<trkpt lat="54.510201" lon="18.578917"><time>2026-05-03T06:41:56.900Z</time></trkpt>
<trkpt lat="54.510207" lon="18.578946"><time>2026-05-03T06:41:57.900Z</time></trkpt>
<trkpt lat="54.510214" lon="18.578977"><time>2026-05-03T06:41:58.900Z</time></trkpt>
<trkpt lat="54.510222" lon="18.579007"><time>2026-05-03T06:41:59.900Z</time></trkpt>
<trkpt lat="54.510229" lon="18.579039"><time>2026-05-03T06:42:00.900Z</time></trkpt>
<trkpt lat="54.510239" lon="18.579070"><time>2026-05-03T06:42:01.900Z</time></trkpt>
<trkpt lat="54.510250" lon="18.579099"><time>2026-05-03T06:42:02.900Z</time></trkpt>
<trkpt lat="54.510261" lon="18.579127"><time>2026-05-03T06:42:03.900Z</time></trkpt>
<trkpt lat="54.510274" lon="18.579154"><time>2026-05-03T06:42:04.900Z</time></trkpt>
<trkpt lat="54.510285" lon="18.579181"><time>2026-05-03T06:42:05.900Z</time></trkpt>
<trkpt lat="54.510295" lon="18.579207"><time>2026-05-03T06:42:06.900Z</time></trkpt>
<trkpt lat="54.510307" lon="18.579232"><time>2026-05-03T06:42:07.900Z</time></trkpt>
<trkpt lat="54.510317" lon="18.579254"><time>2026-05-03T06:42:08.900Z</time></trkpt>
<trkpt lat="54.510329" lon="18.579278"><time>2026-05-03T06:42:09.900Z</time></trkpt>
<trkpt lat="54.510341" lon="18.579302"><time>2026-05-03T06:42:10.900Z</time></trkpt>
<trkpt lat="54.510352" lon="18.579330"><time>2026-05-03T06:42:11.900Z</time></trkpt>
<trkpt lat="54.510363" lon="18.579357"><time>2026-05-03T06:42:12.900Z</time></trkpt>
<trkpt lat="54.510372" lon="18.579384"><time>2026-05-03T06:42:13.900Z</time></trkpt>
<trkpt lat="54.510378" lon="18.579412"><time>2026-05-03T06:42:14.900Z</time></trkpt>
<trkpt lat="54.510386" lon="18.579439"><time>2026-05-03T06:42:15.900Z</time></trkpt>
<trkpt lat="54.510394" lon="18.579466"><time>2026-05-03T06:42:16.900Z</time></trkpt>
<trkpt lat="54.510403" lon="18.579493"><time>2026-05-03T06:42:17.900Z</time></trkpt>
<trkpt lat="54.510410" lon="18.579517"><time>2026-05-03T06:42:18.900Z</time></trkpt>
<trkpt lat="54.510417" lon="18.579544"><time>2026-05-03T06:42:19.900Z</time></trkpt>
<trkpt lat="54.510424" lon="18.579568"><time>2026-05-03T06:42:20.900Z</time></trkpt>
<trkpt lat="54.510431" lon="18.579594"><time>2026-05-03T06:42:21.900Z</time></trkpt>
<trkpt lat="54.510437" lon="18.579621"><time>2026-05-03T06:42:22.900Z</time></trkpt>
<trkpt lat="54.510445" lon="18.579648"><time>2026-05-03T06:42:23.900Z</time></trkpt>
<trkpt lat="54.510451" lon="18.579672"><time>2026-05-03T06:42:24.900Z</time></trkpt>
<trkpt lat="54.510455" lon="18.579697"><time>2026-05-03T06:42:25.900Z</time></trkpt>
<trkpt lat="54.510459" lon="18.579721"><time>2026-05-03T06:42:26.900Z</time></trkpt>
<trkpt lat="54.510463" lon="18.579741"><time>2026-05-03T06:42:27.900Z</time></trkpt>
<trkpt lat="54.510469" lon="18.579765"><time>2026-05-03T06:42:28.900Z</time></trkpt>
<trkpt lat="54.510475" lon="18.579792"><time>2026-05-03T06:42:29.900Z</time></trkpt>
<trkpt lat="54.510482" lon="18.579815"><time>2026-05-03T06:42:30.900Z</time></trkpt>
<trkpt lat="54.510489" lon="18.579842"><time>2026-05-03T06:42:31.900Z</time></trkpt>
<trkpt lat="54.510496" lon="18.579870"><time>2026-05-03T06:42:32.900Z</time></trkpt>
<trkpt lat="54.510503" lon="18.579893"><time>2026-05-03T06:42:33.900Z</time></trkpt>
<trkpt lat="54.510509" lon="18.579918"><time>2026-05-03T06:42:34.900Z</time></trkpt>
<trkpt lat="54.510515" lon="18.579942"><time>2026-05-03T06:42:35.900Z</time></trkpt>
<trkpt lat="54.510521" lon="18.579965"><time>2026-05-03T06:42:36.900Z</time></trkpt>
<trkpt lat="54.510526" lon="18.579990"><time>2026-05-03T06:42:37.900Z</time></trkpt>
<trkpt lat="54.510532" lon="18.580014"><time>2026-05-03T06:42:38.900Z</time></trkpt>
<trkpt lat="54.510539" lon="18.580037"><time>2026-05-03T06:42:39.900Z</time></trkpt>
<trkpt lat="54.510545" lon="18.580060"><time>2026-05-03T06:42:40.900Z</time></trkpt>
<trkpt lat="54.510551" lon="18.580083"><time>2026-05-03T06:42:41.900Z</time></trkpt>
<trkpt lat="54.510556" lon="18.580103"><time>2026-05-03T06:42:42.900Z</time></trkpt>
<trkpt lat="54.510564" lon="18.580124"><time>2026-05-03T06:42:43.900Z</time></trkpt>
<trkpt lat="54.510571" lon="18.580146"><time>2026-05-03T06:42:44.900Z</time></trkpt>
<trkpt lat="54.510579" lon="18.580168"><time>2026-05-03T06:42:45.900Z</time></trkpt>
<trkpt lat="54.510586" lon="18.580191"><time>2026-05-03T06:42:46.900Z</time></trkpt>
<trkpt lat="54.510592" lon="18.580211"><time>2026-05-03T06:42:47.900Z</time></trkpt>
<trkpt lat="54.510598" lon="18.580230"><time>2026-05-03T06:42:48.900Z</time></trkpt>
<trkpt lat="54.510603" lon="18.580248"><time>2026-05-03T06:42:49.900Z</time></trkpt>
<trkpt lat="54.510608" lon="18.580269"><time>2026-05-03T06:42:50.900Z</time></trkpt>
<trkpt lat="54.510614" lon="18.580290"><time>2026-05-03T06:42:51.900Z</time></trkpt>
<trkpt lat="54.510621" lon="18.580311"><time>2026-05-03T06:42:52.900Z</time></trkpt>
<trkpt lat="54.510627" lon="18.580331"><time>2026-05-03T06:42:53.900Z</time></trkpt>
<trkpt lat="54.510633" lon="18.580350"><time>2026-05-03T06:42:54.900Z</time></trkpt>
<trkpt lat="54.510640" lon="18.580373"><time>2026-05-03T06:42:55.900Z</time></trkpt>
<trkpt lat="54.510646" lon="18.580393"><time>2026-05-03T06:42:56.900Z</time></trkpt>
<trkpt lat="54.510651" lon="18.580415"><time>2026-05-03T06:42:57.900Z</time></trkpt>
<trkpt lat="54.510657" lon="18.580435"><time>2026-05-03T06:42:58.900Z</time></trkpt>
<trkpt lat="54.510663" lon="18.580450"><time>2026-05-03T06:42:59.900Z</time></trkpt>
<trkpt lat="54.510667" lon="18.580471"><time>2026-05-03T06:43:00.900Z</time></trkpt>
<trkpt lat="54.510671" lon="18.580491"><time>2026-05-03T06:43:01.900Z</time></trkpt>
<trkpt lat="54.510674" lon="18.580512"><time>2026-05-03T06:43:02.900Z</time></trkpt>
<trkpt lat="54.510679" lon="18.580531"><time>2026-05-03T06:43:03.900Z</time></trkpt>
<trkpt lat="54.510684" lon="18.580554"><time>2026-05-03T06:43:04.900Z</time></trkpt>
<trkpt lat="54.510691" lon="18.580574"><time>2026-05-03T06:43:05.900Z</time></trkpt>
<trkpt lat="54.510696" lon="18.580595"><time>2026-05-03T06:43:06.900Z</time></trkpt>
<trkpt lat="54.510702" lon="18.580613"><time>2026-05-03T06:43:07.900Z</time></trkpt>
<trkpt lat="54.510706" lon="18.580632"><time>2026-05-03T06:43:08.900Z</time></trkpt>
<trkpt lat="54.510712" lon="18.580656"><time>2026-05-03T06:43:09.900Z</time></trkpt>
<trkpt lat="54.510717" lon="18.580678"><time>2026-05-03T06:43:10.900Z</time></trkpt>
<trkpt lat="54.510722" lon="18.580699"><time>2026-05-03T06:43:11.900Z</time></trkpt>
<trkpt lat="54.510728" lon="18.580720"><time>2026-05-03T06:43:12.900Z</time></trkpt>
<trkpt lat="54.510733" lon="18.580740"><time>2026-05-03T06:43:13.900Z</time></trkpt>
<trkpt lat="54.510738" lon="18.580761"><time>2026-05-03T06:43:14.900Z</time></trkpt>
<trkpt lat="54.510743" lon="18.580782"><time>2026-05-03T06:43:15.900Z</time></trkpt>
<trkpt lat="54.510748" lon="18.580801"><time>2026-05-03T06:43:16.900Z</time></trkpt>
<trkpt lat="54.510752" lon="18.580817"><time>2026-05-03T06:43:17.900Z</time></trkpt>
<trkpt lat="54.510755" lon="18.580837"><time>2026-05-03T06:43:18.900Z</time></trkpt>
<trkpt lat="54.510760" lon="18.580853"><time>2026-05-03T06:43:19.900Z</time></trkpt>
<trkpt lat="54.510763" lon="18.580872"><time>2026-05-03T06:43:20.900Z</time></trkpt>
<trkpt lat="54.510768" lon="18.580894"><time>2026-05-03T06:43:21.900Z</time></trkpt>
<trkpt lat="54.510773" lon="18.580915"><time>2026-05-03T06:43:22.900Z</time></trkpt>
<trkpt lat="54.510779" lon="18.580936"><time>2026-05-03T06:43:23.900Z</time></trkpt>
<trkpt lat="54.510784" lon="18.580957"><time>2026-05-03T06:43:24.900Z</time></trkpt>
<trkpt lat="54.510789" lon="18.580978"><time>2026-05-03T06:43:25.900Z</time></trkpt>
<trkpt lat="54.510793" lon="18.580999"><time>2026-05-03T06:43:26.900Z</time></trkpt>
<trkpt lat="54.510798" lon="18.581019"><time>2026-05-03T06:43:27.900Z</time></trkpt>
<trkpt lat="54.510804" lon="18.581036"><time>2026-05-03T06:43:29.000Z</time></trkpt>
<trkpt lat="54.510810" lon="18.581059"><time>2026-05-03T06:43:30.000Z</time></trkpt>
<trkpt lat="54.510817" lon="18.581079"><time>2026-05-03T06:43:31.000Z</time></trkpt>
<trkpt lat="54.510824" lon="18.581096"><time>2026-05-03T06:43:32.000Z</time></trkpt>
<trkpt lat="54.510831" lon="18.581105"><time>2026-05-03T06:43:33.000Z</time></trkpt>
<trkpt lat="54.510834" lon="18.581130"><time>2026-05-03T06:43:34.000Z</time></trkpt>
<trkpt lat="54.510840" lon="18.581155"><time>2026-05-03T06:43:35.000Z</time></trkpt>
<trkpt lat="54.510844" lon="18.581178"><time>2026-05-03T06:43:36.000Z</time></trkpt>
<trkpt lat="54.510848" lon="18.581197"><time>2026-05-03T06:43:37.000Z</time></trkpt>
<trkpt lat="54.510854" lon="18.581217"><time>2026-05-03T06:43:38.000Z</time></trkpt>
<trkpt lat="54.510861" lon="18.581236"><time>2026-05-03T06:43:39.000Z</time></trkpt>
<trkpt lat="54.510864" lon="18.581260"><time>2026-05-03T06:43:40.000Z</time></trkpt>
<trkpt lat="54.510868" lon="18.581281"><time>2026-05-03T06:43:41.000Z</time></trkpt>
<trkpt lat="54.510873" lon="18.581302"><time>2026-05-03T06:43:42.000Z</time></trkpt>
<trkpt lat="54.510877" lon="18.581326"><time>2026-05-03T06:43:43.000Z</time></trkpt>
<trkpt lat="54.510882" lon="18.581346"><time>2026-05-03T06:43:44.000Z</time></trkpt>
<trkpt lat="54.510887" lon="18.581364"><time>2026-05-03T06:43:45.000Z</time></trkpt>
<trkpt lat="54.510892" lon="18.581382"><time>2026-05-03T06:43:46.000Z</time></trkpt>
<trkpt lat="54.510895" lon="18.581406"><time>2026-05-03T06:43:47.000Z</time></trkpt>
<trkpt lat="54.510899" lon="18.581429"><time>2026-05-03T06:43:48.000Z</time></trkpt>
<trkpt lat="54.510903" lon="18.581453"><time>2026-05-03T06:43:49.000Z</time></trkpt>
<trkpt lat="54.510907" lon="18.581476"><time>2026-05-03T06:43:50.000Z</time></trkpt>
<trkpt lat="54.510912" lon="18.581496"><time>2026-05-03T06:43:51.000Z</time></trkpt>
<trkpt lat="54.510916" lon="18.581517"><time>2026-05-03T06:43:52.000Z</time></trkpt>
<trkpt lat="54.510922" lon="18.581537"><time>2026-05-03T06:43:53.000Z</time></trkpt>
<trkpt lat="54.510926" lon="18.581560"><time>2026-05-03T06:43:54.000Z</time></trkpt>
<trkpt lat="54.510931" lon="18.581582"><time>2026-05-03T06:43:55.000Z</time></trkpt>
<trkpt lat="54.510936" lon="18.581604"><time>2026-05-03T06:43:56.000Z</time></trkpt>
<trkpt lat="54.510941" lon="18.581627"><time>2026-05-03T06:43:57.000Z</time></trkpt>
<trkpt lat="54.510945" lon="18.581649"><time>2026-05-03T06:43:58.000Z</time></trkpt>
<trkpt lat="54.510950" lon="18.581670"><time>2026-05-03T06:43:59.000Z</time></trkpt>
<trkpt lat="54.510955" lon="18.581694"><time>2026-05-03T06:44:00.000Z</time></trkpt>
<trkpt lat="54.510960" lon="18.581718"><time>2026-05-03T06:44:01.000Z</time></trkpt>
<trkpt lat="54.510967" lon="18.581740"><time>2026-05-03T06:44:02.000Z</time></trkpt>
<trkpt lat="54.510974" lon="18.581762"><time>2026-05-03T06:44:03.000Z</time></trkpt>
<trkpt lat="54.510980" lon="18.581785"><time>2026-05-03T06:44:04.000Z</time></trkpt>
<trkpt lat="54.510987" lon="18.581809"><time>2026-05-03T06:44:05.000Z</time></trkpt>
<trkpt lat="54.510992" lon="18.581830"><time>2026-05-03T06:44:06.000Z</time></trkpt>
<trkpt lat="54.510999" lon="18.581854"><time>2026-05-03T06:44:07.000Z</time></trkpt>
<trkpt lat="54.511005" lon="18.581875"><time>2026-05-03T06:44:08.000Z</time></trkpt>
<trkpt lat="54.511010" lon="18.581898"><time>2026-05-03T06:44:09.000Z</time></trkpt>
<trkpt lat="54.511016" lon="18.581920"><time>2026-05-03T06:44:10.000Z</time></trkpt>
<trkpt lat="54.511022" lon="18.581941"><time>2026-05-03T06:44:11.000Z</time></trkpt>
<trkpt lat="54.511028" lon="18.581961"><time>2026-05-03T06:44:11.900Z</time></trkpt>
<trkpt lat="54.511033" lon="18.581984"><time>2026-05-03T06:44:12.900Z</time></trkpt>
<trkpt lat="54.511039" lon="18.582005"><time>2026-05-03T06:44:13.900Z</time></trkpt>
<trkpt lat="54.511045" lon="18.582027"><time>2026-05-03T06:44:14.900Z</time></trkpt>
<trkpt lat="54.511051" lon="18.582048"><time>2026-05-03T06:44:15.900Z</time></trkpt>
<trkpt lat="54.511057" lon="18.582069"><time>2026-05-03T06:44:16.900Z</time></trkpt>
<trkpt lat="54.511062" lon="18.582091"><time>2026-05-03T06:44:17.900Z</time></trkpt>
<trkpt lat="54.511069" lon="18.582113"><time>2026-05-03T06:44:18.900Z</time></trkpt>
<trkpt lat="54.511075" lon="18.582133"><time>2026-05-03T06:44:19.900Z</time></trkpt>
<trkpt lat="54.511082" lon="18.582155"><time>2026-05-03T06:44:20.900Z</time></trkpt>
<trkpt lat="54.511087" lon="18.582178"><time>2026-05-03T06:44:21.900Z</time></trkpt>
<trkpt lat="54.511092" lon="18.582201"><time>2026-05-03T06:44:22.900Z</time></trkpt>
<trkpt lat="54.511098" lon="18.582223"><time>2026-05-03T06:44:23.900Z</time></trkpt>
<trkpt lat="54.511102" lon="18.582247"><time>2026-05-03T06:44:24.900Z</time></trkpt>
<trkpt lat="54.511107" lon="18.582272"><time>2026-05-03T06:44:25.900Z</time></trkpt>
<trkpt lat="54.511111" lon="18.582296"><time>2026-05-03T06:44:26.900Z</time></trkpt>
<trkpt lat="54.511115" lon="18.582320"><time>2026-05-03T06:44:27.900Z</time></trkpt>
<trkpt lat="54.511121" lon="18.582343"><time>2026-05-03T06:44:28.900Z</time></trkpt>
<trkpt lat="54.511126" lon="18.582366"><time>2026-05-03T06:44:29.900Z</time></trkpt>
<trkpt lat="54.511132" lon="18.582390"><time>2026-05-03T06:44:30.900Z</time></trkpt>
<trkpt lat="54.511138" lon="18.582413"><time>2026-05-03T06:44:31.900Z</time></trkpt>
<trkpt lat="54.511145" lon="18.582435"><time>2026-05-03T06:44:32.900Z</time></trkpt>
<trkpt lat="54.511152" lon="18.582457"><time>2026-05-03T06:44:33.900Z</time></trkpt>
<trkpt lat="54.511159" lon="18.582482"><time>2026-05-03T06:44:34.900Z</time></trkpt>
<trkpt lat="54.511166" lon="18.582503"><time>2026-05-03T06:44:35.900Z</time></trkpt>
<trkpt lat="54.511173" lon="18.582527"><time>2026-05-03T06:44:36.900Z</time></trkpt>
<trkpt lat="54.511179" lon="18.582551"><time>2026-05-03T06:44:37.900Z</time></trkpt>
<trkpt lat="54.511185" lon="18.582576"><time>2026-05-03T06:44:38.900Z</time></trkpt>
<trkpt lat="54.511191" lon="18.582603"><time>2026-05-03T06:44:39.900Z</time></trkpt>
<trkpt lat="54.511198" lon="18.582627"><time>2026-05-03T06:44:40.900Z</time></trkpt>
<trkpt lat="54.511204" lon="18.582651"><time>2026-05-03T06:44:41.900Z</time></trkpt>
<trkpt lat="54.511211" lon="18.582676"><time>2026-05-03T06:44:42.900Z</time></trkpt>
<trkpt lat="54.511216" lon="18.582699"><time>2026-05-03T06:44:43.900Z</time></trkpt>
<trkpt lat="54.511223" lon="18.582725"><time>2026-05-03T06:44:44.900Z</time></trkpt>
<trkpt lat="54.511229" lon="18.582750"><time>2026-05-03T06:44:45.900Z</time></trkpt>
<trkpt lat="54.511235" lon="18.582775"><time>2026-05-03T06:44:46.900Z</time></trkpt>
<trkpt lat="54.511241" lon="18.582800"><time>2026-05-03T06:44:47.900Z</time></trkpt>
<trkpt lat="54.511245" lon="18.582827"><time>2026-05-03T06:44:48.900Z</time></trkpt>
<trkpt lat="54.511253" lon="18.582850"><time>2026-05-03T06:44:49.900Z</time></trkpt>
<trkpt lat="54.511260" lon="18.582876"><time>2026-05-03T06:44:50.900Z</time></trkpt>
<trkpt lat="54.511265" lon="18.582903"><time>2026-05-03T06:44:51.900Z</time></trkpt>
<trkpt lat="54.511272" lon="18.582929"><time>2026-05-03T06:44:52.900Z</time></trkpt>
<trkpt lat="54.511278" lon="18.582955"><time>2026-05-03T06:44:53.900Z</time></trkpt>
<trkpt lat="54.511283" lon="18.582982"><time>2026-05-03T06:44:54.900Z</time></trkpt>
<trkpt lat="54.511289" lon="18.583007"><time>2026-05-03T06:44:55.900Z</time></trkpt>
<trkpt lat="54.511295" lon="18.583034"><time>2026-05-03T06:44:56.900Z</time></trkpt>
<trkpt lat="54.511302" lon="18.583061"><time>2026-05-03T06:44:57.900Z</time></trkpt>
<trkpt lat="54.511309" lon="18.583083"><time>2026-05-03T06:44:58.900Z</time></trkpt>
<trkpt lat="54.511315" lon="18.583107"><time>2026-05-03T06:44:59.900Z</time></trkpt>
<trkpt lat="54.511322" lon="18.583131"><time>2026-05-03T06:45:00.900Z</time></trkpt>
<trkpt lat="54.511330" lon="18.583155"><time>2026-05-03T06:45:01.900Z</time></trkpt>
<trkpt lat="54.511339" lon="18.583181"><time>2026-05-03T06:45:02.900Z</time></trkpt>
<trkpt lat="54.511346" lon="18.583202"><time>2026-05-03T06:45:03.900Z</time></trkpt>
<trkpt lat="54.511354" lon="18.583224"><time>2026-05-03T06:45:04.900Z</time></trkpt>
<trkpt lat="54.511362" lon="18.583248"><time>2026-05-03T06:45:05.900Z</time></trkpt>
<trkpt lat="54.511369" lon="18.583273"><time>2026-05-03T06:45:06.900Z</time></trkpt>
<trkpt lat="54.511376" lon="18.583296"><time>2026-05-03T06:45:07.900Z</time></trkpt>
<trkpt lat="54.511383" lon="18.583319"><time>2026-05-03T06:45:08.900Z</time></trkpt>
<trkpt lat="54.511390" lon="18.583341"><time>2026-05-03T06:45:09.900Z</time></trkpt>
<trkpt lat="54.511397" lon="18.583364"><time>2026-05-03T06:45:10.900Z</time></trkpt>
<trkpt lat="54.511403" lon="18.583388"><time>2026-05-03T06:45:11.900Z</time></trkpt>
<trkpt lat="54.511409" lon="18.583413"><time>2026-05-03T06:45:12.900Z</time></trkpt>
<trkpt lat="54.511415" lon="18.583436"><time>2026-05-03T06:45:13.900Z</time></trkpt>
<trkpt lat="54.511421" lon="18.583459"><time>2026-05-03T06:45:14.900Z</time></trkpt>
<trkpt lat="54.511428" lon="18.583484"><time>2026-05-03T06:45:15.900Z</time></trkpt>
<trkpt lat="54.511436" lon="18.583508"><time>2026-05-03T06:45:16.900Z</time></trkpt>
<trkpt lat="54.511441" lon="18.583534"><time>2026-05-03T06:45:17.900Z</time></trkpt>
<trkpt lat="54.511447" lon="18.583560"><time>2026-05-03T06:45:18.900Z</time></trkpt>
<trkpt lat="54.511452" lon="18.583587"><time>2026-05-03T06:45:19.900Z</time></trkpt>
<trkpt lat="54.511458" lon="18.583614"><time>2026-05-03T06:45:20.900Z</time></trkpt>
<trkpt lat="54.511463" lon="18.583641"><time>2026-05-03T06:45:21.900Z</time></trkpt>
<trkpt lat="54.511469" lon="18.583667"><time>2026-05-03T06:45:22.900Z</time></trkpt>
<trkpt lat="54.511474" lon="18.583695"><time>2026-05-03T06:45:23.900Z</time></trkpt>
<trkpt lat="54.511479" lon="18.583725"><time>2026-05-03T06:45:24.900Z</time></trkpt>
<trkpt lat="54.511481" lon="18.583758"><time>2026-05-03T06:45:25.900Z</time></trkpt>
<trkpt lat="54.511484" lon="18.583790"><time>2026-05-03T06:45:26.900Z</time></trkpt>
<trkpt lat="54.511488" lon="18.583826"><time>2026-05-03T06:45:27.900Z</time></trkpt>
<trkpt lat="54.511494" lon="18.583851"><time>2026-05-03T06:45:28.900Z</time></trkpt>
<trkpt lat="54.511501" lon="18.583874"><time>2026-05-03T06:45:29.900Z</time></trkpt>
<trkpt lat="54.511507" lon="18.583904"><time>2026-05-03T06:45:30.900Z</time></trkpt>
<trkpt lat="54.511515" lon="18.583936"><time>2026-05-03T06:45:31.900Z</time></trkpt>
<trkpt lat="54.511520" lon="18.583967"><time>2026-05-03T06:45:32.900Z</time></trkpt>
<trkpt lat="54.511526" lon="18.583997"><time>2026-05-03T06:45:33.900Z</time></trkpt>
<trkpt lat="54.511532" lon="18.584024"><time>2026-05-03T06:45:35.000Z</time></trkpt>
<trkpt lat="54.511540" lon="18.584049"><time>2026-05-03T06:45:36.000Z</time></trkpt>
<trkpt lat="54.511547" lon="18.584074"><time>2026-05-03T06:45:37.000Z</time></trkpt>
<trkpt lat="54.511554" lon="18.584098"><time>2026-05-03T06:45:38.000Z</time></trkpt>
<trkpt lat="54.511559" lon="18.584123"><time>2026-05-03T06:45:39.000Z</time></trkpt>
<trkpt lat="54.511565" lon="18.584147"><time>2026-05-03T06:45:40.000Z</time></trkpt>
<trkpt lat="54.511571" lon="18.584175"><time>2026-05-03T06:45:41.000Z</time></trkpt>
<trkpt lat="54.511578" lon="18.584201"><time>2026-05-03T06:45:42.000Z</time></trkpt>
<trkpt lat="54.511584" lon="18.584229"><time>2026-05-03T06:45:43.000Z</time></trkpt>
<trkpt lat="54.511591" lon="18.584257"><time>2026-05-03T06:45:44.000Z</time></trkpt>
<trkpt lat="54.511596" lon="18.584283"><time>2026-05-03T06:45:45.000Z</time></trkpt>
<trkpt lat="54.511601" lon="18.584309"><time>2026-05-03T06:45:46.000Z</time></trkpt>
<trkpt lat="54.511607" lon="18.584336"><time>2026-05-03T06:45:47.000Z</time></trkpt>
<trkpt lat="54.511613" lon="18.584364"><time>2026-05-03T06:45:48.000Z</time></trkpt>
<trkpt lat="54.511619" lon="18.584390"><time>2026-05-03T06:45:49.000Z</time></trkpt>
<trkpt lat="54.511624" lon="18.584417"><time>2026-05-03T06:45:50.000Z</time></trkpt>
<trkpt lat="54.511629" lon="18.584443"><time>2026-05-03T06:45:51.000Z</time></trkpt>
<trkpt lat="54.511636" lon="18.584473"><time>2026-05-03T06:45:52.000Z</time></trkpt>
<trkpt lat="54.511642" lon="18.584500"><time>2026-05-03T06:45:53.000Z</time></trkpt>
<trkpt lat="54.511649" lon="18.584529"><time>2026-05-03T06:45:54.000Z</time></trkpt>
<trkpt lat="54.511652" lon="18.584555"><time>2026-05-03T06:45:54.900Z</time></trkpt>
<trkpt lat="54.511659" lon="18.584583"><time>2026-05-03T06:45:55.900Z</time></trkpt>
<trkpt lat="54.511665" lon="18.584612"><time>2026-05-03T06:45:56.900Z</time></trkpt>
<trkpt lat="54.511672" lon="18.584637"><time>2026-05-03T06:45:57.900Z</time></trkpt>
<trkpt lat="54.511678" lon="18.584663"><time>2026-05-03T06:45:58.900Z</time></trkpt>
<trkpt lat="54.511686" lon="18.584690"><time>2026-05-03T06:45:59.900Z</time></trkpt>
<trkpt lat="54.511694" lon="18.584718"><time>2026-05-03T06:46:00.900Z</time></trkpt>
<trkpt lat="54.511700" lon="18.584748"><time>2026-05-03T06:46:01.900Z</time></trkpt>
<trkpt lat="54.511707" lon="18.584778"><time>2026-05-03T06:46:02.900Z</time></trkpt>
<trkpt lat="54.511713" lon="18.584806"><time>2026-05-03T06:46:03.900Z</time></trkpt>
<trkpt lat="54.511719" lon="18.584832"><time>2026-05-03T06:46:04.900Z</time></trkpt>
<trkpt lat="54.511724" lon="18.584861"><time>2026-05-03T06:46:05.900Z</time></trkpt>
<trkpt lat="54.511730" lon="18.584888"><time>2026-05-03T06:46:06.900Z</time></trkpt>
<trkpt lat="54.511735" lon="18.584914"><time>2026-05-03T06:46:07.900Z</time></trkpt>
<trkpt lat="54.511742" lon="18.584946"><time>2026-05-03T06:46:08.900Z</time></trkpt>
<trkpt lat="54.511747" lon="18.584973"><time>2026-05-03T06:46:09.900Z</time></trkpt>
<trkpt lat="54.511753" lon="18.585000"><time>2026-05-03T06:46:10.900Z</time></trkpt>
<trkpt lat="54.511760" lon="18.585028"><time>2026-05-03T06:46:11.900Z</time></trkpt>
<trkpt lat="54.511767" lon="18.585054"><time>2026-05-03T06:46:12.900Z</time></trkpt>
<trkpt lat="54.511773" lon="18.585080"><time>2026-05-03T06:46:13.900Z</time></trkpt>
<trkpt lat="54.511780" lon="18.585105"><time>2026-05-03T06:46:14.900Z</time></trkpt>
<trkpt lat="54.511786" lon="18.585131"><time>2026-05-03T06:46:15.900Z</time></trkpt>
<trkpt lat="54.511793" lon="18.585158"><time>2026-05-03T06:46:16.900Z</time></trkpt>
<trkpt lat="54.511799" lon="18.585185"><time>2026-05-03T06:46:17.900Z</time></trkpt>
<trkpt lat="54.511805" lon="18.585212"><time>2026-05-03T06:46:18.900Z</time></trkpt>
<trkpt lat="54.511809" lon="18.585237"><time>2026-05-03T06:46:19.900Z</time></trkpt>
<trkpt lat="54.511815" lon="18.585263"><time>2026-05-03T06:46:20.900Z</time></trkpt>
<trkpt lat="54.511818" lon="18.585289"><time>2026-05-03T06:46:21.900Z</time></trkpt>
<trkpt lat="54.511822" lon="18.585315"><time>2026-05-03T06:46:22.900Z</time></trkpt>
<trkpt lat="54.511827" lon="18.585344"><time>2026-05-03T06:46:23.900Z</time></trkpt>
<trkpt lat="54.511831" lon="18.585372"><time>2026-05-03T06:46:24.900Z</time></trkpt>
<trkpt lat="54.511834" lon="18.585400"><time>2026-05-03T06:46:25.900Z</time></trkpt>
<trkpt lat="54.511837" lon="18.585428"><time>2026-05-03T06:46:26.900Z</time></trkpt>
<trkpt lat="54.511841" lon="18.585458"><time>2026-05-03T06:46:27.900Z</time></trkpt>
<trkpt lat="54.511846" lon="18.585486"><time>2026-05-03T06:46:28.900Z</time></trkpt>
<trkpt lat="54.511850" lon="18.585514"><time>2026-05-03T06:46:29.900Z</time></trkpt>
<trkpt lat="54.511854" lon="18.585541"><time>2026-05-03T06:46:30.900Z</time></trkpt>
<trkpt lat="54.511858" lon="18.585562"><time>2026-05-03T06:46:31.900Z</time></trkpt>
<trkpt lat="54.511863" lon="18.585587"><time>2026-05-03T06:46:32.900Z</time></trkpt>
<trkpt lat="54.511867" lon="18.585609"><time>2026-05-03T06:46:33.900Z</time></trkpt>
<trkpt lat="54.511872" lon="18.585632"><time>2026-05-03T06:46:34.900Z</time></trkpt>
<trkpt lat="54.511876" lon="18.585658"><time>2026-05-03T06:46:35.900Z</time></trkpt>
<trkpt lat="54.511881" lon="18.585684"><time>2026-05-03T06:46:36.900Z</time></trkpt>
<trkpt lat="54.511888" lon="18.585709"><time>2026-05-03T06:46:37.900Z</time></trkpt>
<trkpt lat="54.511892" lon="18.585738"><time>2026-05-03T06:46:38.900Z</time></trkpt>
<trkpt lat="54.511895" lon="18.585767"><time>2026-05-03T06:46:39.900Z</time></trkpt>
<trkpt lat="54.511899" lon="18.585793"><time>2026-05-03T06:46:40.900Z</time></trkpt>
<trkpt lat="54.511903" lon="18.585821"><time>2026-05-03T06:46:41.900Z</time></trkpt>
<trkpt lat="54.511908" lon="18.585845"><time>2026-05-03T06:46:42.900Z</time></trkpt>
<trkpt lat="54.511914" lon="18.585873"><time>2026-05-03T06:46:43.900Z</time></trkpt>
<trkpt lat="54.511918" lon="18.585898"><time>2026-05-03T06:46:44.900Z</time></trkpt>
<trkpt lat="54.511924" lon="18.585923"><time>2026-05-03T06:46:45.900Z</time></trkpt>
<trkpt lat="54.511929" lon="18.585946"><time>2026-05-03T06:46:46.900Z</time></trkpt>
<trkpt lat="54.511935" lon="18.585969"><time>2026-05-03T06:46:47.900Z</time></trkpt>
<trkpt lat="54.511940" lon="18.585989"><time>2026-05-03T06:46:48.900Z</time></trkpt>
<trkpt lat="54.511944" lon="18.586019"><time>2026-05-03T06:46:49.900Z</time></trkpt>
<trkpt lat="54.511949" lon="18.586042"><time>2026-05-03T06:46:50.900Z</time></trkpt>
<trkpt lat="54.511955" lon="18.586067"><time>2026-05-03T06:46:51.900Z</time></trkpt>
<trkpt lat="54.511959" lon="18.586092"><time>2026-05-03T06:46:52.900Z</time></trkpt>
<trkpt lat="54.511966" lon="18.586117"><time>2026-05-03T06:46:53.900Z</time></trkpt>
<trkpt lat="54.511972" lon="18.586143"><time>2026-05-03T06:46:54.900Z</time></trkpt>
<trkpt lat="54.511978" lon="18.586168"><time>2026-05-03T06:46:55.900Z</time></trkpt>
<trkpt lat="54.511984" lon="18.586192"><time>2026-05-03T06:46:56.900Z</time></trkpt>
<trkpt lat="54.511995" lon="18.586222"><time>2026-05-03T06:46:57.900Z</time></trkpt>
<trkpt lat="54.512002" lon="18.586251"><time>2026-05-03T06:46:58.900Z</time></trkpt>
<trkpt lat="54.512007" lon="18.586281"><time>2026-05-03T06:46:59.900Z</time></trkpt>
<trkpt lat="54.512012" lon="18.586304"><time>2026-05-03T06:47:00.900Z</time></trkpt>
<trkpt lat="54.512018" lon="18.586329"><time>2026-05-03T06:47:01.900Z</time></trkpt>
<trkpt lat="54.512024" lon="18.586354"><time>2026-05-03T06:47:02.900Z</time></trkpt>
<trkpt lat="54.512027" lon="18.586375"><time>2026-05-03T06:47:03.900Z</time></trkpt>
<trkpt lat="54.512031" lon="18.586398"><time>2026-05-03T06:47:04.900Z</time></trkpt>
<trkpt lat="54.512035" lon="18.586423"><time>2026-05-03T06:47:05.900Z</time></trkpt>
<trkpt lat="54.512040" lon="18.586448"><time>2026-05-03T06:47:06.900Z</time></trkpt>
<trkpt lat="54.512045" lon="18.586476"><time>2026-05-03T06:47:07.900Z</time></trkpt>
<trkpt lat="54.512051" lon="18.586505"><time>2026-05-03T06:47:08.900Z</time></trkpt>
<trkpt lat="54.512057" lon="18.586532"><time>2026-05-03T06:47:09.900Z</time></trkpt>
<trkpt lat="54.512065" lon="18.586561"><time>2026-05-03T06:47:10.900Z</time></trkpt>
<trkpt lat="54.512072" lon="18.586589"><time>2026-05-03T06:47:11.900Z</time></trkpt>
<trkpt lat="54.512078" lon="18.586615"><time>2026-05-03T06:47:12.900Z</time></trkpt>
<trkpt lat="54.512085" lon="18.586641"><time>2026-05-03T06:47:13.900Z</time></trkpt>
<trkpt lat="54.512092" lon="18.586670"><time>2026-05-03T06:47:14.900Z</time></trkpt>
<trkpt lat="54.512099" lon="18.586698"><time>2026-05-03T06:47:15.900Z</time></trkpt>
<trkpt lat="54.512106" lon="18.586727"><time>2026-05-03T06:47:16.900Z</time></trkpt>
<trkpt lat="54.512113" lon="18.586758"><time>2026-05-03T06:47:17.900Z</time></trkpt>
<trkpt lat="54.512118" lon="18.586788"><time>2026-05-03T06:47:18.900Z</time></trkpt>
<trkpt lat="54.512123" lon="18.586814"><time>2026-05-03T06:47:19.900Z</time></trkpt>
<trkpt lat="54.512127" lon="18.586840"><time>2026-05-03T06:47:20.900Z</time></trkpt>
<trkpt lat="54.512131" lon="18.586871"><time>2026-05-03T06:47:21.900Z</time></trkpt>
<trkpt lat="54.512135" lon="18.586899"><time>2026-05-03T06:47:22.900Z</time></trkpt>
<trkpt lat="54.512139" lon="18.586928"><time>2026-05-03T06:47:23.900Z</time></trkpt>
<trkpt lat="54.512143" lon="18.586958"><time>2026-05-03T06:47:24.900Z</time></trkpt>
<trkpt lat="54.512147" lon="18.586985"><time>2026-05-03T06:47:25.900Z</time></trkpt>
<trkpt lat="54.512152" lon="18.587014"><time>2026-05-03T06:47:26.900Z</time></trkpt>
<trkpt lat="54.512157" lon="18.587045"><time>2026-05-03T06:47:27.900Z</time></trkpt>
<trkpt lat="54.512164" lon="18.587070"><time>2026-05-03T06:47:28.900Z</time></trkpt>
<trkpt lat="54.512168" lon="18.587097"><time>2026-05-03T06:47:29.900Z</time></trkpt>
<trkpt lat="54.512173" lon="18.587123"><time>2026-05-03T06:47:30.900Z</time></trkpt>
<trkpt lat="54.512179" lon="18.587151"><time>2026-05-03T06:47:31.900Z</time></trkpt>
<trkpt lat="54.512184" lon="18.587181"><time>2026-05-03T06:47:32.900Z</time></trkpt>
<trkpt lat="54.512189" lon="18.587208"><time>2026-05-03T06:47:33.900Z</time></trkpt>
<trkpt lat="54.512194" lon="18.587235"><time>2026-05-03T06:47:34.900Z</time></trkpt>
<trkpt lat="54.512198" lon="18.587262"><time>2026-05-03T06:47:35.900Z</time></trkpt>
<trkpt lat="54.512203" lon="18.587290"><time>2026-05-03T06:47:36.900Z</time></trkpt>
<trkpt lat="54.512205" lon="18.587315"><time>2026-05-03T06:47:37.900Z</time></trkpt>
<trkpt lat="54.512209" lon="18.587344"><time>2026-05-03T06:47:38.900Z</time></trkpt>
<trkpt lat="54.512213" lon="18.587372"><time>2026-05-03T06:47:39.900Z</time></trkpt>
<trkpt lat="54.512218" lon="18.587397"><time>2026-05-03T06:47:40.900Z</time></trkpt>
<trkpt lat="54.512223" lon="18.587422"><time>2026-05-03T06:47:41.900Z</time></trkpt>
<trkpt lat="54.512228" lon="18.587450"><time>2026-05-03T06:47:42.900Z</time></trkpt>
<trkpt lat="54.512235" lon="18.587478"><time>2026-05-03T06:47:43.900Z</time></trkpt>
<trkpt lat="54.512240" lon="18.587505"><time>2026-05-03T06:47:44.900Z</time></trkpt>
<trkpt lat="54.512246" lon="18.587530"><time>2026-05-03T06:47:45.900Z</time></trkpt>
<trkpt lat="54.512251" lon="18.587554"><time>2026-05-03T06:47:46.900Z</time></trkpt>
<trkpt lat="54.512256" lon="18.587579"><time>2026-05-03T06:47:47.900Z</time></trkpt>
<trkpt lat="54.512261" lon="18.587605"><time>2026-05-03T06:47:48.900Z</time></trkpt>
<trkpt lat="54.512266" lon="18.587631"><time>2026-05-03T06:47:49.900Z</time></trkpt>
<trkpt lat="54.512271" lon="18.587660"><time>2026-05-03T06:47:50.900Z</time></trkpt>
<trkpt lat="54.512276" lon="18.587688"><time>2026-05-03T06:47:51.900Z</time></trkpt>
<trkpt lat="54.512284" lon="18.587716"><time>2026-05-03T06:47:52.900Z</time></trkpt>
<trkpt lat="54.512291" lon="18.587745"><time>2026-05-03T06:47:53.900Z</time></trkpt>
<trkpt lat="54.512297" lon="18.587771"><time>2026-05-03T06:47:54.900Z</time></trkpt>
<trkpt lat="54.512304" lon="18.587796"><time>2026-05-03T06:47:55.900Z</time></trkpt>
<trkpt lat="54.512310" lon="18.587825"><time>2026-05-03T06:47:56.900Z</time></trkpt>
<trkpt lat="54.512316" lon="18.587852"><time>2026-05-03T06:47:57.900Z</time></trkpt>
<trkpt lat="54.512320" lon="18.587878"><time>2026-05-03T06:47:58.900Z</time></trkpt>
<trkpt lat="54.512325" lon="18.587908"><time>2026-05-03T06:47:59.900Z</time></trkpt>
<trkpt lat="54.512331" lon="18.587938"><time>2026-05-03T06:48:00.900Z</time></trkpt>
<trkpt lat="54.512337" lon="18.587970"><time>2026-05-03T06:48:01.900Z</time></trkpt>
<trkpt lat="54.512342" lon="18.587992"><time>2026-05-03T06:48:02.900Z</time></trkpt>
<trkpt lat="54.512347" lon="18.588025"><time>2026-05-03T06:48:03.900Z</time></trkpt>
<trkpt lat="54.512351" lon="18.588053"><time>2026-05-03T06:48:04.900Z</time></trkpt>
<trkpt lat="54.512357" lon="18.588078"><time>2026-05-03T06:48:05.900Z</time></trkpt>
<trkpt lat="54.512366" lon="18.588104"><time>2026-05-03T06:48:06.900Z</time></trkpt>
<trkpt lat="54.512373" lon="18.588131"><time>2026-05-03T06:48:07.900Z</time></trkpt>
<trkpt lat="54.512379" lon="18.588157"><time>2026-05-03T06:48:08.900Z</time></trkpt>
<trkpt lat="54.512385" lon="18.588185"><time>2026-05-03T06:48:09.900Z</time></trkpt>
<trkpt lat="54.512392" lon="18.588215"><time>2026-05-03T06:48:10.900Z</time></trkpt>
<trkpt lat="54.512397" lon="18.588242"><time>2026-05-03T06:48:11.900Z</time></trkpt>
<trkpt lat="54.512402" lon="18.588265"><time>2026-05-03T06:48:12.900Z</time></trkpt>
<trkpt lat="54.512407" lon="18.588290"><time>2026-05-03T06:48:13.900Z</time></trkpt>
<trkpt lat="54.512412" lon="18.588316"><time>2026-05-03T06:48:14.900Z</time></trkpt>
<trkpt lat="54.512418" lon="18.588342"><time>2026-05-03T06:48:15.900Z</time></trkpt>
<trkpt lat="54.512421" lon="18.588365"><time>2026-05-03T06:48:16.900Z</time></trkpt>
<trkpt lat="54.512428" lon="18.588394"><time>2026-05-03T06:48:17.900Z</time></trkpt>
<trkpt lat="54.512434" lon="18.588422"><time>2026-05-03T06:48:18.900Z</time></trkpt>
<trkpt lat="54.512441" lon="18.588448"><time>2026-05-03T06:48:19.900Z</time></trkpt>
<trkpt lat="54.512446" lon="18.588476"><time>2026-05-03T06:48:20.900Z</time></trkpt>
<trkpt lat="54.512452" lon="18.588504"><time>2026-05-03T06:48:21.900Z</time></trkpt>
<trkpt lat="54.512457" lon="18.588531"><time>2026-05-03T06:48:22.900Z</time></trkpt>
<trkpt lat="54.512462" lon="18.588558"><time>2026-05-03T06:48:23.900Z</time></trkpt>
<trkpt lat="54.512468" lon="18.588583"><time>2026-05-03T06:48:24.900Z</time></trkpt>
<trkpt lat="54.512474" lon="18.588613"><time>2026-05-03T06:48:25.900Z</time></trkpt>
<trkpt lat="54.512481" lon="18.588640"><time>2026-05-03T06:48:26.900Z</time></trkpt>
<trkpt lat="54.512488" lon="18.588666"><time>2026-05-03T06:48:27.900Z</time></trkpt>
<trkpt lat="54.512494" lon="18.588688"><time>2026-05-03T06:48:28.900Z</time></trkpt>
<trkpt lat="54.512501" lon="18.588713"><time>2026-05-03T06:48:29.900Z</time></trkpt>
<trkpt lat="54.512507" lon="18.588735"><time>2026-05-03T06:48:30.900Z</time></trkpt>
<trkpt lat="54.512514" lon="18.588756"><time>2026-05-03T06:48:31.900Z</time></trkpt>
<trkpt lat="54.512521" lon="18.588775"><time>2026-05-03T06:48:32.900Z</time></trkpt>
<trkpt lat="54.512526" lon="18.588792"><time>2026-05-03T06:48:33.900Z</time></trkpt>
<trkpt lat="54.512533" lon="18.588820"><time>2026-05-03T06:48:34.900Z</time></trkpt>
<trkpt lat="54.512540" lon="18.588847"><time>2026-05-03T06:48:35.900Z</time></trkpt>
<trkpt lat="54.512547" lon="18.588877"><time>2026-05-03T06:48:36.900Z</time></trkpt>
<trkpt lat="54.512554" lon="18.588905"><time>2026-05-03T06:48:37.900Z</time></trkpt>
<trkpt lat="54.512561" lon="18.588932"><time>2026-05-03T06:48:38.900Z</time></trkpt>
<trkpt lat="54.512568" lon="18.588957"><time>2026-05-03T06:48:39.900Z</time></trkpt>
<trkpt lat="54.512573" lon="18.588981"><time>2026-05-03T06:48:40.900Z</time></trkpt>
<trkpt lat="54.512580" lon="18.589008"><time>2026-05-03T06:48:41.900Z</time></trkpt>
<trkpt lat="54.512588" lon="18.589035"><time>2026-05-03T06:48:42.900Z</time></trkpt>
<trkpt lat="54.512598" lon="18.589058"><time>2026-05-03T06:48:43.900Z</time></trkpt>
<trkpt lat="54.512602" lon="18.589085"><time>2026-05-03T06:48:44.900Z</time></trkpt>
<trkpt lat="54.512610" lon="18.589109"><time>2026-05-03T06:48:45.900Z</time></trkpt>
<trkpt lat="54.512617" lon="18.589133"><time>2026-05-03T06:48:46.900Z</time></trkpt>
<trkpt lat="54.512625" lon="18.589161"><time>2026-05-03T06:48:47.900Z</time></trkpt>
<trkpt lat="54.512633" lon="18.589186"><time>2026-05-03T06:48:48.900Z</time></trkpt>
<trkpt lat="54.512639" lon="18.589210"><time>2026-05-03T06:48:49.900Z</time></trkpt>
<trkpt lat="54.512647" lon="18.589238"><time>2026-05-03T06:48:50.900Z</time></trkpt>
<trkpt lat="54.512655" lon="18.589264"><time>2026-05-03T06:48:51.900Z</time></trkpt>
<trkpt lat="54.512661" lon="18.589291"><time>2026-05-03T06:48:52.900Z</time></trkpt>
<trkpt lat="54.512669" lon="18.589320"><time>2026-05-03T06:48:53.900Z</time></trkpt>
<trkpt lat="54.512675" lon="18.589344"><time>2026-05-03T06:48:54.900Z</time></trkpt>
<trkpt lat="54.512682" lon="18.589372"><time>2026-05-03T06:48:55.900Z</time></trkpt>
<trkpt lat="54.512689" lon="18.589399"><time>2026-05-03T06:48:56.900Z</time></trkpt>
<trkpt lat="54.512695" lon="18.589426"><time>2026-05-03T06:48:57.900Z</time></trkpt>
<trkpt lat="54.512702" lon="18.589456"><time>2026-05-03T06:48:58.900Z</time></trkpt>
<trkpt lat="54.512711" lon="18.589487"><time>2026-05-03T06:48:59.900Z</time></trkpt>
<trkpt lat="54.512718" lon="18.589517"><time>2026-05-03T06:49:00.900Z</time></trkpt>
<trkpt lat="54.512722" lon="18.589543"><time>2026-05-03T06:49:01.900Z</time></trkpt>
<trkpt lat="54.512728" lon="18.589568"><time>2026-05-03T06:49:02.900Z</time></trkpt>
<trkpt lat="54.512735" lon="18.589597"><time>2026-05-03T06:49:03.900Z</time></trkpt>
<trkpt lat="54.512743" lon="18.589626"><time>2026-05-03T06:49:04.900Z</time></trkpt>
<trkpt lat="54.512751" lon="18.589654"><time>2026-05-03T06:49:05.900Z</time></trkpt>
<trkpt lat="54.512758" lon="18.589680"><time>2026-05-03T06:49:06.900Z</time></trkpt>
<trkpt lat="54.512765" lon="18.589710"><time>2026-05-03T06:49:07.900Z</time></trkpt>
<trkpt lat="54.512771" lon="18.589735"><time>2026-05-03T06:49:08.900Z</time></trkpt>
<trkpt lat="54.512777" lon="18.589759"><time>2026-05-03T06:49:09.900Z</time></trkpt>
<trkpt lat="54.512783" lon="18.589787"><time>2026-05-03T06:49:10.900Z</time></trkpt>
<trkpt lat="54.512790" lon="18.589814"><time>2026-05-03T06:49:11.900Z</time></trkpt>
<trkpt lat="54.512797" lon="18.589840"><time>2026-05-03T06:49:12.900Z</time></trkpt>
<trkpt lat="54.512801" lon="18.589869"><time>2026-05-03T06:49:13.900Z</time></trkpt>
<trkpt lat="54.512806" lon="18.589895"><time>2026-05-03T06:49:14.900Z</time></trkpt>
<trkpt lat="54.512813" lon="18.589913"><time>2026-05-03T06:49:15.900Z</time></trkpt>
<trkpt lat="54.512817" lon="18.589932"><time>2026-05-03T06:49:16.900Z</time></trkpt>
<trkpt lat="54.512822" lon="18.589951"><time>2026-05-03T06:49:17.900Z</time></trkpt>
<trkpt lat="54.512829" lon="18.589978"><time>2026-05-03T06:49:18.900Z</time></trkpt>
<trkpt lat="54.512836" lon="18.590003"><time>2026-05-03T06:49:19.900Z</time></trkpt>
<trkpt lat="54.512843" lon="18.590031"><time>2026-05-03T06:49:20.900Z</time></trkpt>
<trkpt lat="54.512851" lon="18.590058"><time>2026-05-03T06:49:21.900Z</time></trkpt>
<trkpt lat="54.512858" lon="18.590084"><time>2026-05-03T06:49:22.900Z</time></trkpt>
<trkpt lat="54.512865" lon="18.590110"><time>2026-05-03T06:49:23.900Z</time></trkpt>
<trkpt lat="54.512872" lon="18.590137"><time>2026-05-03T06:49:24.900Z</time></trkpt>
<trkpt lat="54.512880" lon="18.590160"><time>2026-05-03T06:49:25.900Z</time></trkpt>
<trkpt lat="54.512887" lon="18.590186"><time>2026-05-03T06:49:26.900Z</time></trkpt>
<trkpt lat="54.512895" lon="18.590211"><time>2026-05-03T06:49:27.900Z</time></trkpt>
<trkpt lat="54.512904" lon="18.590236"><time>2026-05-03T06:49:28.900Z</time></trkpt>
<trkpt lat="54.512913" lon="18.590260"><time>2026-05-03T06:49:29.900Z</time></trkpt>
<trkpt lat="54.512922" lon="18.590285"><time>2026-05-03T06:49:30.900Z</time></trkpt>
<trkpt lat="54.512931" lon="18.590310"><time>2026-05-03T06:49:31.900Z</time></trkpt>
<trkpt lat="54.512939" lon="18.590334"><time>2026-05-03T06:49:32.900Z</time></trkpt>
<trkpt lat="54.512946" lon="18.590358"><time>2026-05-03T06:49:33.900Z</time></trkpt>
<trkpt lat="54.512953" lon="18.590382"><time>2026-05-03T06:49:34.900Z</time></trkpt>
<trkpt lat="54.512961" lon="18.590405"><time>2026-05-03T06:49:35.900Z</time></trkpt>
<trkpt lat="54.512968" lon="18.590428"><time>2026-05-03T06:49:36.900Z</time></trkpt>
<trkpt lat="54.512976" lon="18.590458"><time>2026-05-03T06:49:37.900Z</time></trkpt>
<trkpt lat="54.512985" lon="18.590482"><time>2026-05-03T06:49:38.900Z</time></trkpt>
<trkpt lat="54.512996" lon="18.590507"><time>2026-05-03T06:49:39.900Z</time></trkpt>
<trkpt lat="54.513006" lon="18.590533"><time>2026-05-03T06:49:40.900Z</time></trkpt>
<trkpt lat="54.513017" lon="18.590557"><time>2026-05-03T06:49:41.900Z</time></trkpt>
<trkpt lat="54.513024" lon="18.590581"><time>2026-05-03T06:49:42.900Z</time></trkpt>
<trkpt lat="54.513034" lon="18.590608"><time>2026-05-03T06:49:43.900Z</time></trkpt>
<trkpt lat="54.513044" lon="18.590632"><time>2026-05-03T06:49:44.900Z</time></trkpt>
<trkpt lat="54.513053" lon="18.590654"><time>2026-05-03T06:49:46.000Z</time></trkpt>
<trkpt lat="54.513060" lon="18.590678"><time>2026-05-03T06:49:47.000Z</time></trkpt>
<trkpt lat="54.513067" lon="18.590702"><time>2026-05-03T06:49:48.000Z</time></trkpt>
<trkpt lat="54.513076" lon="18.590724"><time>2026-05-03T06:49:49.000Z</time></trkpt>
<trkpt lat="54.513083" lon="18.590747"><time>2026-05-03T06:49:50.000Z</time></trkpt>
<trkpt lat="54.513091" lon="18.590771"><time>2026-05-03T06:49:51.000Z</time></trkpt>
<trkpt lat="54.513100" lon="18.590796"><time>2026-05-03T06:49:52.000Z</time></trkpt>
<trkpt lat="54.513109" lon="18.590818"><time>2026-05-03T06:49:53.000Z</time></trkpt>
<trkpt lat="54.513117" lon="18.590841"><time>2026-05-03T06:49:54.000Z</time></trkpt>
<trkpt lat="54.513125" lon="18.590863"><time>2026-05-03T06:49:55.000Z</time></trkpt>
<trkpt lat="54.513133" lon="18.590886"><time>2026-05-03T06:49:56.000Z</time></trkpt>
<trkpt lat="54.513140" lon="18.590909"><time>2026-05-03T06:49:57.000Z</time></trkpt>
<trkpt lat="54.513147" lon="18.590932"><time>2026-05-03T06:49:58.000Z</time></trkpt>
<trkpt lat="54.513155" lon="18.590956"><time>2026-05-03T06:49:59.000Z</time></trkpt>
<trkpt lat="54.513164" lon="18.590985"><time>2026-05-03T06:50:00.000Z</time></trkpt>
<trkpt lat="54.513172" lon="18.591007"><time>2026-05-03T06:50:01.000Z</time></trkpt>
<trkpt lat="54.513178" lon="18.591024"><time>2026-05-03T06:50:02.000Z</time></trkpt>
<trkpt lat="54.513187" lon="18.591047"><time>2026-05-03T06:50:02.900Z</time></trkpt>
<trkpt lat="54.513198" lon="18.591070"><time>2026-05-03T06:50:03.900Z</time></trkpt>
<trkpt lat="54.513208" lon="18.591094"><time>2026-05-03T06:50:04.900Z</time></trkpt>
<trkpt lat="54.513218" lon="18.591115"><time>2026-05-03T06:50:05.900Z</time></trkpt>
<trkpt lat="54.513227" lon="18.591133"><time>2026-05-03T06:50:06.900Z</time></trkpt>
<trkpt lat="54.513235" lon="18.591152"><time>2026-05-03T06:50:07.900Z</time></trkpt>
<trkpt lat="54.513247" lon="18.591177"><time>2026-05-03T06:50:08.900Z</time></trkpt>
<trkpt lat="54.513256" lon="18.591200"><time>2026-05-03T06:50:09.900Z</time></trkpt>
<trkpt lat="54.513264" lon="18.591222"><time>2026-05-03T06:50:10.900Z</time></trkpt>
<trkpt lat="54.513272" lon="18.591242"><time>2026-05-03T06:50:11.900Z</time></trkpt>
<trkpt lat="54.513281" lon="18.591263"><time>2026-05-03T06:50:12.900Z</time></trkpt>
<trkpt lat="54.513290" lon="18.591283"><time>2026-05-03T06:50:13.900Z</time></trkpt>
<trkpt lat="54.513298" lon="18.591304"><time>2026-05-03T06:50:14.900Z</time></trkpt>
<trkpt lat="54.513308" lon="18.591324"><time>2026-05-03T06:50:15.900Z</time></trkpt>
<trkpt lat="54.513316" lon="18.591345"><time>2026-05-03T06:50:16.900Z</time></trkpt>
<trkpt lat="54.513324" lon="18.591363"><time>2026-05-03T06:50:17.900Z</time></trkpt>
<trkpt lat="54.513332" lon="18.591383"><time>2026-05-03T06:50:18.900Z</time></trkpt>
<trkpt lat="54.513341" lon="18.591407"><time>2026-05-03T06:50:19.900Z</time></trkpt>
<trkpt lat="54.513349" lon="18.591427"><time>2026-05-03T06:50:20.900Z</time></trkpt>
<trkpt lat="54.513359" lon="18.591449"><time>2026-05-03T06:50:21.900Z</time></trkpt>
<trkpt lat="54.513368" lon="18.591470"><time>2026-05-03T06:50:22.900Z</time></trkpt>
<trkpt lat="54.513378" lon="18.591491"><time>2026-05-03T06:50:23.900Z</time></trkpt>
<trkpt lat="54.513391" lon="18.591510"><time>2026-05-03T06:50:24.900Z</time></trkpt>
<trkpt lat="54.513399" lon="18.591533"><time>2026-05-03T06:50:25.900Z</time></trkpt>
<trkpt lat="54.513408" lon="18.591554"><time>2026-05-03T06:50:26.900Z</time></trkpt>
<trkpt lat="54.513414" lon="18.591566"><time>2026-05-03T06:50:27.900Z</time></trkpt>
<trkpt lat="54.513421" lon="18.591578"><time>2026-05-03T06:50:28.900Z</time></trkpt>
<trkpt lat="54.513431" lon="18.591593"><time>2026-05-03T06:50:29.900Z</time></trkpt>
<trkpt lat="54.513441" lon="18.591609"><time>2026-05-03T06:50:30.900Z</time></trkpt>
<trkpt lat="54.513451" lon="18.591627"><time>2026-05-03T06:50:31.900Z</time></trkpt>
<trkpt lat="54.513460" lon="18.591646"><time>2026-05-03T06:50:32.900Z</time></trkpt>
<trkpt lat="54.513471" lon="18.591664"><time>2026-05-03T06:50:33.900Z</time></trkpt>
<trkpt lat="54.513482" lon="18.591683"><time>2026-05-03T06:50:34.900Z</time></trkpt>
<trkpt lat="54.513492" lon="18.591699"><time>2026-05-03T06:50:35.900Z</time></trkpt>
<trkpt lat="54.513502" lon="18.591717"><time>2026-05-03T06:50:36.900Z</time></trkpt>
<trkpt lat="54.513515" lon="18.591737"><time>2026-05-03T06:50:37.900Z</time></trkpt>
<trkpt lat="54.513524" lon="18.591759"><time>2026-05-03T06:50:38.900Z</time></trkpt>
<trkpt lat="54.513534" lon="18.591782"><time>2026-05-03T06:50:39.900Z</time></trkpt>
<trkpt lat="54.513542" lon="18.591806"><time>2026-05-03T06:50:40.900Z</time></trkpt>
<trkpt lat="54.513550" lon="18.591829"><time>2026-05-03T06:50:41.900Z</time></trkpt>
<trkpt lat="54.513558" lon="18.591852"><time>2026-05-03T06:50:42.900Z</time></trkpt>
<trkpt lat="54.513567" lon="18.591877"><time>2026-05-03T06:50:43.900Z</time></trkpt>
<trkpt lat="54.513574" lon="18.591903"><time>2026-05-03T06:50:44.900Z</time></trkpt>
<trkpt lat="54.513580" lon="18.591931"><time>2026-05-03T06:50:45.900Z</time></trkpt>
<trkpt lat="54.513585" lon="18.591960"><time>2026-05-03T06:50:46.900Z</time></trkpt>
<trkpt lat="54.513588" lon="18.591988"><time>2026-05-03T06:50:47.900Z</time></trkpt>
<trkpt lat="54.513590" lon="18.592016"><time>2026-05-03T06:50:48.900Z</time></trkpt>
<trkpt lat="54.513592" lon="18.592044"><time>2026-05-03T06:50:49.900Z</time></trkpt>
<trkpt lat="54.513592" lon="18.592071"><time>2026-05-03T06:50:50.900Z</time></trkpt>
<trkpt lat="54.513595" lon="18.592099"><time>2026-05-03T06:50:51.900Z</time></trkpt>
<trkpt lat="54.513598" lon="18.592127"><time>2026-05-03T06:50:52.900Z</time></trkpt>
<trkpt lat="54.513601" lon="18.592155"><time>2026-05-03T06:50:53.900Z</time></trkpt>
<trkpt lat="54.513606" lon="18.592183"><time>2026-05-03T06:50:54.900Z</time></trkpt>
<trkpt lat="54.513610" lon="18.592211"><time>2026-05-03T06:50:55.900Z</time></trkpt>
<trkpt lat="54.513614" lon="18.592239"><time>2026-05-03T06:50:56.900Z</time></trkpt>
<trkpt lat="54.513618" lon="18.592267"><time>2026-05-03T06:50:57.900Z</time></trkpt>
<trkpt lat="54.513622" lon="18.592295"><time>2026-05-03T06:50:58.900Z</time></trkpt>
<trkpt lat="54.513624" lon="18.592322"><time>2026-05-03T06:50:59.900Z</time></trkpt>
<trkpt lat="54.513627" lon="18.592351"><time>2026-05-03T06:51:00.900Z</time></trkpt>
<trkpt lat="54.513630" lon="18.592378"><time>2026-05-03T06:51:01.900Z</time></trkpt>
<trkpt lat="54.513634" lon="18.592406"><time>2026-05-03T06:51:02.900Z</time></trkpt>
<trkpt lat="54.513637" lon="18.592434"><time>2026-05-03T06:51:03.900Z</time></trkpt>
<trkpt lat="54.513641" lon="18.592463"><time>2026-05-03T06:51:04.900Z</time></trkpt>
<trkpt lat="54.513643" lon="18.592491"><time>2026-05-03T06:51:05.900Z</time></trkpt>
<trkpt lat="54.513645" lon="18.592521"><time>2026-05-03T06:51:06.900Z</time></trkpt>
<trkpt lat="54.513646" lon="18.592550"><time>2026-05-03T06:51:07.900Z</time></trkpt>
<trkpt lat="54.513647" lon="18.592579"><time>2026-05-03T06:51:08.900Z</time></trkpt>
<trkpt lat="54.513649" lon="18.592609"><time>2026-05-03T06:51:09.900Z</time></trkpt>
<trkpt lat="54.513651" lon="18.592637"><time>2026-05-03T06:51:10.900Z</time></trkpt>
<trkpt lat="54.513653" lon="18.592664"><time>2026-05-03T06:51:11.900Z</time></trkpt>
<trkpt lat="54.513654" lon="18.592692"><time>2026-05-03T06:51:12.900Z</time></trkpt>
<trkpt lat="54.513656" lon="18.592723"><time>2026-05-03T06:51:13.900Z</time></trkpt>
<trkpt lat="54.513658" lon="18.592751"><time>2026-05-03T06:51:14.900Z</time></trkpt>
<trkpt lat="54.513659" lon="18.592781"><time>2026-05-03T06:51:15.900Z</time></trkpt>
<trkpt lat="54.513660" lon="18.592811"><time>2026-05-03T06:51:16.900Z</time></trkpt>
<trkpt lat="54.513660" lon="18.592840"><time>2026-05-03T06:51:17.900Z</time></trkpt>
<trkpt lat="54.513660" lon="18.592870"><time>2026-05-03T06:51:18.900Z</time></trkpt>
<trkpt lat="54.513660" lon="18.592900"><time>2026-05-03T06:51:19.900Z</time></trkpt>
<trkpt lat="54.513660" lon="18.592930"><time>2026-05-03T06:51:20.900Z</time></trkpt>
<trkpt lat="54.513660" lon="18.592960"><time>2026-05-03T06:51:21.900Z</time></trkpt>
<trkpt lat="54.513661" lon="18.592991"><time>2026-05-03T06:51:22.900Z</time></trkpt>
<trkpt lat="54.513661" lon="18.593020"><time>2026-05-03T06:51:23.900Z</time></trkpt>
<trkpt lat="54.513661" lon="18.593049"><time>2026-05-03T06:51:24.900Z</time></trkpt>
<trkpt lat="54.513662" lon="18.593079"><time>2026-05-03T06:51:25.900Z</time></trkpt>
<trkpt lat="54.513662" lon="18.593109"><time>2026-05-03T06:51:26.900Z</time></trkpt>
<trkpt lat="54.513661" lon="18.593141"><time>2026-05-03T06:51:27.900Z</time></trkpt>
<trkpt lat="54.513661" lon="18.593171"><time>2026-05-03T06:51:28.900Z</time></trkpt>
<trkpt lat="54.513661" lon="18.593202"><time>2026-05-03T06:51:29.900Z</time></trkpt>
<trkpt lat="54.513662" lon="18.593234"><time>2026-05-03T06:51:30.900Z</time></trkpt>
<trkpt lat="54.513662" lon="18.593266"><time>2026-05-03T06:51:31.900Z</time></trkpt>
<trkpt lat="54.513662" lon="18.593295"><time>2026-05-03T06:51:32.900Z</time></trkpt>
<trkpt lat="54.513662" lon="18.593327"><time>2026-05-03T06:51:33.900Z</time></trkpt>
<trkpt lat="54.513661" lon="18.593357"><time>2026-05-03T06:51:34.900Z</time></trkpt>
<trkpt lat="54.513664" lon="18.593383"><time>2026-05-03T06:51:35.900Z</time></trkpt>
<trkpt lat="54.513667" lon="18.593410"><time>2026-05-03T06:51:36.900Z</time></trkpt>
<trkpt lat="54.513669" lon="18.593432"><time>2026-05-03T06:51:37.900Z</time></trkpt>
<trkpt lat="54.513670" lon="18.593462"><time>2026-05-03T06:51:38.900Z</time></trkpt>
<trkpt lat="54.513670" lon="18.593492"><time>2026-05-03T06:51:39.900Z</time></trkpt>
<trkpt lat="54.513671" lon="18.593519"><time>2026-05-03T06:51:40.900Z</time></trkpt>
<trkpt lat="54.513672" lon="18.593548"><time>2026-05-03T06:51:41.900Z</time></trkpt>
<trkpt lat="54.513673" lon="18.593578"><time>2026-05-03T06:51:42.900Z</time></trkpt>
<trkpt lat="54.513671" lon="18.593609"><time>2026-05-03T06:51:43.900Z</time></trkpt>
<trkpt lat="54.513671" lon="18.593639"><time>2026-05-03T06:51:44.900Z</time></trkpt>
<trkpt lat="54.513670" lon="18.593674"><time>2026-05-03T06:51:45.900Z</time></trkpt>
<trkpt lat="54.513668" lon="18.593709"><time>2026-05-03T06:51:46.900Z</time></trkpt>
<trkpt lat="54.513664" lon="18.593743"><time>2026-05-03T06:51:47.900Z</time></trkpt>
<trkpt lat="54.513661" lon="18.593778"><time>2026-05-03T06:51:48.900Z</time></trkpt>
<trkpt lat="54.513657" lon="18.593809"><time>2026-05-03T06:51:49.900Z</time></trkpt>
<trkpt lat="54.513655" lon="18.593838"><time>2026-05-03T06:51:50.900Z</time></trkpt>
<trkpt lat="54.513654" lon="18.593868"><time>2026-05-03T06:51:51.900Z</time></trkpt>
<trkpt lat="54.513651" lon="18.593899"><time>2026-05-03T06:51:52.900Z</time></trkpt>
<trkpt lat="54.513649" lon="18.593929"><time>2026-05-03T06:51:53.900Z</time></trkpt>
<trkpt lat="54.513648" lon="18.593961"><time>2026-05-03T06:51:54.900Z</time></trkpt>
<trkpt lat="54.513645" lon="18.593994"><time>2026-05-03T06:51:55.900Z</time></trkpt>
<trkpt lat="54.513643" lon="18.594025"><time>2026-05-03T06:51:56.900Z</time></trkpt>
<trkpt lat="54.513640" lon="18.594057"><time>2026-05-03T06:51:57.900Z</time></trkpt>
<trkpt lat="54.513638" lon="18.594089"><time>2026-05-03T06:51:58.900Z</time></trkpt>
<trkpt lat="54.513634" lon="18.594123"><time>2026-05-03T06:51:59.900Z</time></trkpt>
<trkpt lat="54.513632" lon="18.594150"><time>2026-05-03T06:52:00.900Z</time></trkpt>
<trkpt lat="54.513630" lon="18.594175"><time>2026-05-03T06:52:01.900Z</time></trkpt>
<trkpt lat="54.513628" lon="18.594205"><time>2026-05-03T06:52:02.900Z</time></trkpt>
<trkpt lat="54.513624" lon="18.594233"><time>2026-05-03T06:52:03.900Z</time></trkpt>
<trkpt lat="54.513623" lon="18.594264"><time>2026-05-03T06:52:04.900Z</time></trkpt>
<trkpt lat="54.513622" lon="18.594295"><time>2026-05-03T06:52:05.900Z</time></trkpt>
<trkpt lat="54.513619" lon="18.594327"><time>2026-05-03T06:52:06.900Z</time></trkpt>
<trkpt lat="54.513618" lon="18.594361"><time>2026-05-03T06:52:07.900Z</time></trkpt>
<trkpt lat="54.513618" lon="18.594392"><time>2026-05-03T06:52:08.900Z</time></trkpt>
<trkpt lat="54.513618" lon="18.594423"><time>2026-05-03T06:52:09.900Z</time></trkpt>
<trkpt lat="54.513617" lon="18.594454"><time>2026-05-03T06:52:10.900Z</time></trkpt>
<trkpt lat="54.513616" lon="18.594484"><time>2026-05-03T06:52:11.900Z</time></trkpt>
<trkpt lat="54.513614" lon="18.594514"><time>2026-05-03T06:52:12.900Z</time></trkpt>
<trkpt lat="54.513614" lon="18.594544"><time>2026-05-03T06:52:13.900Z</time></trkpt>
<trkpt lat="54.513613" lon="18.594575"><time>2026-05-03T06:52:14.900Z</time></trkpt>
<trkpt lat="54.513613" lon="18.594605"><time>2026-05-03T06:52:15.900Z</time></trkpt>
<trkpt lat="54.513614" lon="18.594636"><time>2026-05-03T06:52:16.900Z</time></trkpt>
<trkpt lat="54.513613" lon="18.594664"><time>2026-05-03T06:52:17.900Z</time></trkpt>
<trkpt lat="54.513612" lon="18.594693"><time>2026-05-03T06:52:18.900Z</time></trkpt>
<trkpt lat="54.513610" lon="18.594724"><time>2026-05-03T06:52:19.900Z</time></trkpt>
<trkpt lat="54.513608" lon="18.594753"><time>2026-05-03T06:52:20.900Z</time></trkpt>
<trkpt lat="54.513607" lon="18.594784"><time>2026-05-03T06:52:21.900Z</time></trkpt>
<trkpt lat="54.513606" lon="18.594813"><time>2026-05-03T06:52:22.900Z</time></trkpt>
<trkpt lat="54.513605" lon="18.594842"><time>2026-05-03T06:52:23.900Z</time></trkpt>
<trkpt lat="54.513604" lon="18.594872"><time>2026-05-03T06:52:24.900Z</time></trkpt>
<trkpt lat="54.513603" lon="18.594902"><time>2026-05-03T06:52:25.900Z</time></trkpt>
<trkpt lat="54.513604" lon="18.594933"><time>2026-05-03T06:52:26.900Z</time></trkpt>
<trkpt lat="54.513603" lon="18.594965"><time>2026-05-03T06:52:27.900Z</time></trkpt>
<trkpt lat="54.513600" lon="18.594993"><time>2026-05-03T06:52:28.900Z</time></trkpt>
<trkpt lat="54.513598" lon="18.595025"><time>2026-05-03T06:52:29.900Z</time></trkpt>
<trkpt lat="54.513598" lon="18.595052"><time>2026-05-03T06:52:30.900Z</time></trkpt>
<trkpt lat="54.513596" lon="18.595081"><time>2026-05-03T06:52:31.900Z</time></trkpt>
<trkpt lat="54.513594" lon="18.595114"><time>2026-05-03T06:52:32.900Z</time></trkpt>
<trkpt lat="54.513592" lon="18.595138"><time>2026-05-03T06:52:33.900Z</time></trkpt>
<trkpt lat="54.513592" lon="18.595171"><time>2026-05-03T06:52:34.900Z</time></trkpt>
<trkpt lat="54.513592" lon="18.595204"><time>2026-05-03T06:52:35.900Z</time></trkpt>
<trkpt lat="54.513591" lon="18.595232"><time>2026-05-03T06:52:36.900Z</time></trkpt>
<trkpt lat="54.513588" lon="18.595265"><time>2026-05-03T06:52:37.900Z</time></trkpt>
<trkpt lat="54.513585" lon="18.595296"><time>2026-05-03T06:52:38.900Z</time></trkpt>
<trkpt lat="54.513584" lon="18.595327"><time>2026-05-03T06:52:39.900Z</time></trkpt>
<trkpt lat="54.513582" lon="18.595359"><time>2026-05-03T06:52:40.900Z</time></trkpt>
<trkpt lat="54.513580" lon="18.595388"><time>2026-05-03T06:52:41.900Z</time></trkpt>
<trkpt lat="54.513576" lon="18.595419"><time>2026-05-03T06:52:42.900Z</time></trkpt>
<trkpt lat="54.513574" lon="18.595450"><time>2026-05-03T06:52:43.900Z</time></trkpt>
<trkpt lat="54.513571" lon="18.595480"><time>2026-05-03T06:52:44.900Z</time></trkpt>
<trkpt lat="54.513570" lon="18.595508"><time>2026-05-03T06:52:45.900Z</time></trkpt>
<trkpt lat="54.513567" lon="18.595536"><time>2026-05-03T06:52:46.900Z</time></trkpt>
<trkpt lat="54.513564" lon="18.595566"><time>2026-05-03T06:52:47.900Z</time></trkpt>
<trkpt lat="54.513560" lon="18.595598"><time>2026-05-03T06:52:48.900Z</time></trkpt>
<trkpt lat="54.513557" lon="18.595628"><time>2026-05-03T06:52:49.900Z</time></trkpt>
<trkpt lat="54.513552" lon="18.595656"><time>2026-05-03T06:52:50.900Z</time></trkpt>
<trkpt lat="54.513548" lon="18.595687"><time>2026-05-03T06:52:51.900Z</time></trkpt>
<trkpt lat="54.513545" lon="18.595720"><time>2026-05-03T06:52:52.900Z</time></trkpt>
<trkpt lat="54.513542" lon="18.595751"><time>2026-05-03T06:52:53.900Z</time></trkpt>
<trkpt lat="54.513539" lon="18.595781"><time>2026-05-03T06:52:54.900Z</time></trkpt>
<trkpt lat="54.513536" lon="18.595808"><time>2026-05-03T06:52:55.900Z</time></trkpt>
<trkpt lat="54.513532" lon="18.595837"><time>2026-05-03T06:52:56.900Z</time></trkpt>
<trkpt lat="54.513529" lon="18.595868"><time>2026-05-03T06:52:57.900Z</time></trkpt>
<trkpt lat="54.513527" lon="18.595898"><time>2026-05-03T06:52:58.900Z</time></trkpt>
<trkpt lat="54.513522" lon="18.595931"><time>2026-05-03T06:52:59.900Z</time></trkpt>
<trkpt lat="54.513519" lon="18.595966"><time>2026-05-03T06:53:00.900Z</time></trkpt>
<trkpt lat="54.513515" lon="18.595997"><time>2026-05-03T06:53:01.900Z</time></trkpt>
<trkpt lat="54.513512" lon="18.596029"><time>2026-05-03T06:53:02.900Z</time></trkpt>
<trkpt lat="54.513508" lon="18.596058"><time>2026-05-03T06:53:03.900Z</time></trkpt>
<trkpt lat="54.513504" lon="18.596088"><time>2026-05-03T06:53:04.900Z</time></trkpt>
<trkpt lat="54.513501" lon="18.596111"><time>2026-05-03T06:53:05.900Z</time></trkpt>
<trkpt lat="54.513500" lon="18.596134"><time>2026-05-03T06:53:06.900Z</time></trkpt>
<trkpt lat="54.513498" lon="18.596161"><time>2026-05-03T06:53:07.900Z</time></trkpt>
<trkpt lat="54.513496" lon="18.596193"><time>2026-05-03T06:53:08.900Z</time></trkpt>
<trkpt lat="54.513494" lon="18.596223"><time>2026-05-03T06:53:09.900Z</time></trkpt>
<trkpt lat="54.513491" lon="18.596254"><time>2026-05-03T06:53:10.900Z</time></trkpt>
<trkpt lat="54.513489" lon="18.596285"><time>2026-05-03T06:53:11.900Z</time></trkpt>
<trkpt lat="54.513487" lon="18.596315"><time>2026-05-03T06:53:12.900Z</time></trkpt>
<trkpt lat="54.513485" lon="18.596343"><time>2026-05-03T06:53:13.900Z</time></trkpt>
<trkpt lat="54.513484" lon="18.596375"><time>2026-05-03T06:53:14.900Z</time></trkpt>
<trkpt lat="54.513484" lon="18.596402"><time>2026-05-03T06:53:15.900Z</time></trkpt>
<trkpt lat="54.513483" lon="18.596435"><time>2026-05-03T06:53:16.900Z</time></trkpt>
<trkpt lat="54.513482" lon="18.596465"><time>2026-05-03T06:53:17.900Z</time></trkpt>
<trkpt lat="54.513481" lon="18.596493"><time>2026-05-03T06:53:18.900Z</time></trkpt>
<trkpt lat="54.513478" lon="18.596521"><time>2026-05-03T06:53:19.900Z</time></trkpt>
<trkpt lat="54.513483" lon="18.596551"><time>2026-05-03T06:53:20.900Z</time></trkpt>
<trkpt lat="54.513483" lon="18.596584"><time>2026-05-03T06:53:21.900Z</time></trkpt>
<trkpt lat="54.513482" lon="18.596610"><time>2026-05-03T06:53:22.900Z</time></trkpt>
<trkpt lat="54.513482" lon="18.596638"><time>2026-05-03T06:53:23.900Z</time></trkpt>
<trkpt lat="54.513481" lon="18.596668"><time>2026-05-03T06:53:24.900Z</time></trkpt>
<trkpt lat="54.513481" lon="18.596699"><time>2026-05-03T06:53:25.900Z</time></trkpt>
<trkpt lat="54.513481" lon="18.596728"><time>2026-05-03T06:53:26.900Z</time></trkpt>
<trkpt lat="54.513482" lon="18.596757"><time>2026-05-03T06:53:27.900Z</time></trkpt>
<trkpt lat="54.513481" lon="18.596788"><time>2026-05-03T06:53:28.900Z</time></trkpt>
<trkpt lat="54.513480" lon="18.596820"><time>2026-05-03T06:53:29.900Z</time></trkpt>
<trkpt lat="54.513479" lon="18.596851"><time>2026-05-03T06:53:30.900Z</time></trkpt>
<trkpt lat="54.513474" lon="18.596884"><time>2026-05-03T06:53:31.900Z</time></trkpt>
<trkpt lat="54.513471" lon="18.596915"><time>2026-05-03T06:53:32.900Z</time></trkpt>
<trkpt lat="54.513471" lon="18.596950"><time>2026-05-03T06:53:33.900Z</time></trkpt>
<trkpt lat="54.513470" lon="18.596983"><time>2026-05-03T06:53:34.900Z</time></trkpt>
<trkpt lat="54.513469" lon="18.597014"><time>2026-05-03T06:53:35.900Z</time></trkpt>
<trkpt lat="54.513468" lon="18.597046"><time>2026-05-03T06:53:36.900Z</time></trkpt>
<trkpt lat="54.513467" lon="18.597078"><time>2026-05-03T06:53:37.900Z</time></trkpt>
<trkpt lat="54.513465" lon="18.597110"><time>2026-05-03T06:53:38.900Z</time></trkpt>
<trkpt lat="54.513464" lon="18.597137"><time>2026-05-03T06:53:39.900Z</time></trkpt>
<trkpt lat="54.513461" lon="18.597166"><time>2026-05-03T06:53:40.900Z</time></trkpt>
<trkpt lat="54.513459" lon="18.597199"><time>2026-05-03T06:53:41.900Z</time></trkpt>
<trkpt lat="54.513456" lon="18.597234"><time>2026-05-03T06:53:42.900Z</time></trkpt>
<trkpt lat="54.513454" lon="18.597271"><time>2026-05-03T06:53:43.900Z</time></trkpt>
<trkpt lat="54.513451" lon="18.597307"><time>2026-05-03T06:53:44.900Z</time></trkpt>
<trkpt lat="54.513450" lon="18.597344"><time>2026-05-03T06:53:45.900Z</time></trkpt>
<trkpt lat="54.513449" lon="18.597375"><time>2026-05-03T06:53:46.900Z</time></trkpt>
<trkpt lat="54.513447" lon="18.597407"><time>2026-05-03T06:53:47.900Z</time></trkpt>
<trkpt lat="54.513443" lon="18.597443"><time>2026-05-03T06:53:48.900Z</time></trkpt>
<trkpt lat="54.513442" lon="18.597475"><time>2026-05-03T06:53:49.900Z</time></trkpt>
<trkpt lat="54.513442" lon="18.597508"><time>2026-05-03T06:53:50.900Z</time></trkpt>
<trkpt lat="54.513440" lon="18.597539"><time>2026-05-03T06:53:51.900Z</time></trkpt>
<trkpt lat="54.513438" lon="18.597574"><time>2026-05-03T06:53:52.900Z</time></trkpt>
<trkpt lat="54.513436" lon="18.597610"><time>2026-05-03T06:53:53.900Z</time></trkpt>
<trkpt lat="54.513438" lon="18.597647"><time>2026-05-03T06:53:54.900Z</time></trkpt>
<trkpt lat="54.513441" lon="18.597683"><time>2026-05-03T06:53:55.900Z</time></trkpt>
<trkpt lat="54.513443" lon="18.597720"><time>2026-05-03T06:53:56.900Z</time></trkpt>
<trkpt lat="54.513445" lon="18.597747"><time>2026-05-03T06:53:57.900Z</time></trkpt>
<trkpt lat="54.513448" lon="18.597781"><time>2026-05-03T06:53:58.900Z</time></trkpt>
<trkpt lat="54.513460" lon="18.597820"><time>2026-05-03T06:53:59.900Z</time></trkpt>
<trkpt lat="54.513462" lon="18.597854"><time>2026-05-03T06:54:00.900Z</time></trkpt>
<trkpt lat="54.513467" lon="18.597878"><time>2026-05-03T06:54:01.900Z</time></trkpt>
<trkpt lat="54.513468" lon="18.597905"><time>2026-05-03T06:54:02.900Z</time></trkpt>
<trkpt lat="54.513469" lon="18.597939"><time>2026-05-03T06:54:03.900Z</time></trkpt>
<trkpt lat="54.513473" lon="18.597971"><time>2026-05-03T06:54:04.900Z</time></trkpt>
<trkpt lat="54.513477" lon="18.598005"><time>2026-05-03T06:54:05.900Z</time></trkpt>
<trkpt lat="54.513479" lon="18.598036"><time>2026-05-03T06:54:06.900Z</time></trkpt>
<trkpt lat="54.513483" lon="18.598067"><time>2026-05-03T06:54:07.900Z</time></trkpt>
<trkpt lat="54.513485" lon="18.598104"><time>2026-05-03T06:54:08.900Z</time></trkpt>
<trkpt lat="54.513486" lon="18.598135"><time>2026-05-03T06:54:09.900Z</time></trkpt>
<trkpt lat="54.513486" lon="18.598164"><time>2026-05-03T06:54:10.900Z</time></trkpt>
<trkpt lat="54.513488" lon="18.598192"><time>2026-05-03T06:54:11.900Z</time></trkpt>
<trkpt lat="54.513489" lon="18.598217"><time>2026-05-03T06:54:12.900Z</time></trkpt>
<trkpt lat="54.513489" lon="18.598241"><time>2026-05-03T06:54:13.900Z</time></trkpt>
<trkpt lat="54.513472" lon="18.598272"><time>2026-05-03T06:54:14.900Z</time></trkpt>
<trkpt lat="54.513474" lon="18.598301"><time>2026-05-03T06:54:15.900Z</time></trkpt>
<trkpt lat="54.513475" lon="18.598330"><time>2026-05-03T06:54:16.900Z</time></trkpt>
<trkpt lat="54.513477" lon="18.598362"><time>2026-05-03T06:54:17.900Z</time></trkpt>
<trkpt lat="54.513479" lon="18.598392"><time>2026-05-03T06:54:18.900Z</time></trkpt>
<trkpt lat="54.513482" lon="18.598423"><time>2026-05-03T06:54:19.900Z</time></trkpt>
<trkpt lat="54.513483" lon="18.598461"><time>2026-05-03T06:54:20.900Z</time></trkpt>
<trkpt lat="54.513484" lon="18.598491"><time>2026-05-03T06:54:21.900Z</time></trkpt>
<trkpt lat="54.513487" lon="18.598525"><time>2026-05-03T06:54:22.900Z</time></trkpt>
<trkpt lat="54.513496" lon="18.598571"><time>2026-05-03T06:54:23.900Z</time></trkpt>
<trkpt lat="54.513506" lon="18.598610"><time>2026-05-03T06:54:24.900Z</time></trkpt>
<trkpt lat="54.513508" lon="18.598659"><time>2026-05-03T06:54:25.900Z</time></trkpt>
<trkpt lat="54.513518" lon="18.598709"><time>2026-05-03T06:54:26.900Z</time></trkpt>
<trkpt lat="54.513526" lon="18.598749"><time>2026-05-03T06:54:27.900Z</time></trkpt>
<trkpt lat="54.513531" lon="18.598775"><time>2026-05-03T06:54:28.900Z</time></trkpt>
<trkpt lat="54.513533" lon="18.598803"><time>2026-05-03T06:54:29.900Z</time></trkpt>
<trkpt lat="54.513542" lon="18.598835"><time>2026-05-03T06:54:30.900Z</time></trkpt>
<trkpt lat="54.513547" lon="18.598861"><time>2026-05-03T06:54:31.900Z</time></trkpt>
<trkpt lat="54.513555" lon="18.598892"><time>2026-05-03T06:54:32.900Z</time></trkpt>
<trkpt lat="54.513565" lon="18.598921"><time>2026-05-03T06:54:33.900Z</time></trkpt>
<trkpt lat="54.513573" lon="18.598949"><time>2026-05-03T06:54:34.900Z</time></trkpt>
<trkpt lat="54.513582" lon="18.598978"><time>2026-05-03T06:54:35.900Z</time></trkpt>
<trkpt lat="54.513590" lon="18.599005"><time>2026-05-03T06:54:36.900Z</time></trkpt>
<trkpt lat="54.513598" lon="18.599031"><time>2026-05-03T06:54:37.900Z</time></trkpt>
<trkpt lat="54.513608" lon="18.599058"><time>2026-05-03T06:54:38.900Z</time></trkpt>
<trkpt lat="54.513617" lon="18.599083"><time>2026-05-03T06:54:39.900Z</time></trkpt>
<trkpt lat="54.513627" lon="18.599107"><time>2026-05-03T06:54:40.900Z</time></trkpt>
<trkpt lat="54.513640" lon="18.599123"><time>2026-05-03T06:54:41.900Z</time></trkpt>
<trkpt lat="54.513650" lon="18.599135"><time>2026-05-03T06:54:42.900Z</time></trkpt>
<trkpt lat="54.513665" lon="18.599155"><time>2026-05-03T06:54:43.900Z</time></trkpt>
<trkpt lat="54.513681" lon="18.599166"><time>2026-05-03T06:54:44.900Z</time></trkpt>
<trkpt lat="54.513699" lon="18.599180"><time>2026-05-03T06:54:45.900Z</time></trkpt>
<trkpt lat="54.513712" lon="18.599192"><time>2026-05-03T06:54:46.900Z</time></trkpt>
<trkpt lat="54.513730" lon="18.599210"><time>2026-05-03T06:54:47.900Z</time></trkpt>
<trkpt lat="54.513748" lon="18.599224"><time>2026-05-03T06:54:48.900Z</time></trkpt>
<trkpt lat="54.513765" lon="18.599234"><time>2026-05-03T06:54:49.900Z</time></trkpt>
<trkpt lat="54.513782" lon="18.599245"><time>2026-05-03T06:54:50.900Z</time></trkpt>
<trkpt lat="54.513801" lon="18.599254"><time>2026-05-03T06:54:51.900Z</time></trkpt>
<trkpt lat="54.513818" lon="18.599262"><time>2026-05-03T06:54:52.900Z</time></trkpt>
<trkpt lat="54.513834" lon="18.599268"><time>2026-05-03T06:54:53.900Z</time></trkpt>
<trkpt lat="54.513850" lon="18.599274"><time>2026-05-03T06:54:54.900Z</time></trkpt>
<trkpt lat="54.513868" lon="18.599278"><time>2026-05-03T06:54:55.900Z</time></trkpt>
<trkpt lat="54.513885" lon="18.599278"><time>2026-05-03T06:54:56.900Z</time></trkpt>
<trkpt lat="54.513907" lon="18.599283"><time>2026-05-03T06:54:57.900Z</time></trkpt>
<trkpt lat="54.513924" lon="18.599280"><time>2026-05-03T06:54:58.900Z</time></trkpt>
<trkpt lat="54.513937" lon="18.599279"><time>2026-05-03T06:54:59.900Z</time></trkpt>
<trkpt lat="54.513952" lon="18.599279"><time>2026-05-03T06:55:00.900Z</time></trkpt>
<trkpt lat="54.513964" lon="18.599274"><time>2026-05-03T06:55:01.900Z</time></trkpt>
<trkpt lat="54.513982" lon="18.599270"><time>2026-05-03T06:55:02.900Z</time></trkpt>
<trkpt lat="54.513999" lon="18.599267"><time>2026-05-03T06:55:03.900Z</time></trkpt>
<trkpt lat="54.514018" lon="18.599255"><time>2026-05-03T06:55:04.900Z</time></trkpt>
<trkpt lat="54.514038" lon="18.599245"><time>2026-05-03T06:55:05.900Z</time></trkpt>
<trkpt lat="54.514054" lon="18.599239"><time>2026-05-03T06:55:06.900Z</time></trkpt>
<trkpt lat="54.514070" lon="18.599227"><time>2026-05-03T06:55:07.900Z</time></trkpt>
<trkpt lat="54.514086" lon="18.599216"><time>2026-05-03T06:55:08.900Z</time></trkpt>
<trkpt lat="54.514103" lon="18.599204"><time>2026-05-03T06:55:09.900Z</time></trkpt>
<trkpt lat="54.514120" lon="18.599189"><time>2026-05-03T06:55:10.900Z</time></trkpt>
<trkpt lat="54.514137" lon="18.599178"><time>2026-05-03T06:55:11.900Z</time></trkpt>
<trkpt lat="54.514153" lon="18.599165"><time>2026-05-03T06:55:12.900Z</time></trkpt>
<trkpt lat="54.514167" lon="18.599151"><time>2026-05-03T06:55:13.900Z</time></trkpt>
<trkpt lat="54.514183" lon="18.599138"><time>2026-05-03T06:55:14.900Z</time></trkpt>
<trkpt lat="54.514194" lon="18.599122"><time>2026-05-03T06:55:15.900Z</time></trkpt>
<trkpt lat="54.514208" lon="18.599108"><time>2026-05-03T06:55:16.900Z</time></trkpt>
<trkpt lat="54.514221" lon="18.599094"><time>2026-05-03T06:55:17.900Z</time></trkpt>
<trkpt lat="54.514234" lon="18.599088"><time>2026-05-03T06:55:18.900Z</time></trkpt>
<trkpt lat="54.514250" lon="18.599077"><time>2026-05-03T06:55:19.900Z</time></trkpt>
<trkpt lat="54.514268" lon="18.599067"><time>2026-05-03T06:55:20.900Z</time></trkpt>
<trkpt lat="54.514283" lon="18.599057"><time>2026-05-03T06:55:21.900Z</time></trkpt>
<trkpt lat="54.514302" lon="18.599041"><time>2026-05-03T06:55:22.900Z</time></trkpt>
<trkpt lat="54.514320" lon="18.599025"><time>2026-05-03T06:55:23.900Z</time></trkpt>
<trkpt lat="54.514336" lon="18.599011"><time>2026-05-03T06:55:24.900Z</time></trkpt>
<trkpt lat="54.514352" lon="18.598998"><time>2026-05-03T06:55:25.900Z</time></trkpt>
<trkpt lat="54.514368" lon="18.598981"><time>2026-05-03T06:55:26.900Z</time></trkpt>
<trkpt lat="54.514383" lon="18.598963"><time>2026-05-03T06:55:27.900Z</time></trkpt>
<trkpt lat="54.514398" lon="18.598947"><time>2026-05-03T06:55:28.900Z</time></trkpt>
<trkpt lat="54.514414" lon="18.598935"><time>2026-05-03T06:55:29.900Z</time></trkpt>
<trkpt lat="54.514432" lon="18.598922"><time>2026-05-03T06:55:30.900Z</time></trkpt>
<trkpt lat="54.514448" lon="18.598908"><time>2026-05-03T06:55:31.900Z</time></trkpt>
<trkpt lat="54.514464" lon="18.598892"><time>2026-05-03T06:55:32.900Z</time></trkpt>
<trkpt lat="54.514479" lon="18.598879"><time>2026-05-03T06:55:33.900Z</time></trkpt>
<trkpt lat="54.514495" lon="18.598867"><time>2026-05-03T06:55:34.900Z</time></trkpt>
<trkpt lat="54.514512" lon="18.598854"><time>2026-05-03T06:55:35.900Z</time></trkpt>
<trkpt lat="54.514529" lon="18.598837"><time>2026-05-03T06:55:36.900Z</time></trkpt>
<trkpt lat="54.514549" lon="18.598823"><time>2026-05-03T06:55:37.900Z</time></trkpt>
<trkpt lat="54.514570" lon="18.598808"><time>2026-05-03T06:55:38.900Z</time></trkpt>
<trkpt lat="54.514591" lon="18.598792"><time>2026-05-03T06:55:39.900Z</time></trkpt>
<trkpt lat="54.514615" lon="18.598773"><time>2026-05-03T06:55:40.900Z</time></trkpt>
<trkpt lat="54.514637" lon="18.598751"><time>2026-05-03T06:55:41.900Z</time></trkpt>
<trkpt lat="54.514653" lon="18.598735"><time>2026-05-03T06:55:42.900Z</time></trkpt>
<trkpt lat="54.514669" lon="18.598714"><time>2026-05-03T06:55:43.900Z</time></trkpt>
<trkpt lat="54.514689" lon="18.598699"><time>2026-05-03T06:55:44.900Z</time></trkpt>
<trkpt lat="54.514707" lon="18.598684"><time>2026-05-03T06:55:45.900Z</time></trkpt>
<trkpt lat="54.514729" lon="18.598673"><time>2026-05-03T06:55:46.900Z</time></trkpt>
<trkpt lat="54.514745" lon="18.598667"><time>2026-05-03T06:55:47.900Z</time></trkpt>
<trkpt lat="54.514761" lon="18.598655"><time>2026-05-03T06:55:48.900Z</time></trkpt>
<trkpt lat="54.514778" lon="18.598645"><time>2026-05-03T06:55:49.900Z</time></trkpt>
<trkpt lat="54.514797" lon="18.598631"><time>2026-05-03T06:55:50.900Z</time></trkpt>
<trkpt lat="54.514814" lon="18.598619"><time>2026-05-03T06:55:51.900Z</time></trkpt>
<trkpt lat="54.514832" lon="18.598607"><time>2026-05-03T06:55:52.900Z</time></trkpt>
<trkpt lat="54.514848" lon="18.598593"><time>2026-05-03T06:55:53.900Z</time></trkpt>
<trkpt lat="54.514863" lon="18.598577"><time>2026-05-03T06:55:54.900Z</time></trkpt>
<trkpt lat="54.514881" lon="18.598572"><time>2026-05-03T06:55:55.900Z</time></trkpt>
<trkpt lat="54.514898" lon="18.598564"><time>2026-05-03T06:55:56.900Z</time></trkpt>
<trkpt lat="54.514914" lon="18.598552"><time>2026-05-03T06:55:57.900Z</time></trkpt>
<trkpt lat="54.514935" lon="18.598544"><time>2026-05-03T06:55:58.900Z</time></trkpt>
<trkpt lat="54.514956" lon="18.598536"><time>2026-05-03T06:55:59.900Z</time></trkpt>
<trkpt lat="54.514976" lon="18.598526"><time>2026-05-03T06:56:00.900Z</time></trkpt>
<trkpt lat="54.514997" lon="18.598507"><time>2026-05-03T06:56:01.900Z</time></trkpt>
<trkpt lat="54.515015" lon="18.598495"><time>2026-05-03T06:56:02.900Z</time></trkpt>
<trkpt lat="54.515032" lon="18.598478"><time>2026-05-03T06:56:03.900Z</time></trkpt>
<trkpt lat="54.515050" lon="18.598470"><time>2026-05-03T06:56:04.900Z</time></trkpt>
<trkpt lat="54.515068" lon="18.598460"><time>2026-05-03T06:56:05.900Z</time></trkpt>
<trkpt lat="54.515087" lon="18.598447"><time>2026-05-03T06:56:06.900Z</time></trkpt>
<trkpt lat="54.515102" lon="18.598437"><time>2026-05-03T06:56:07.900Z</time></trkpt>
<trkpt lat="54.515121" lon="18.598434"><time>2026-05-03T06:56:08.900Z</time></trkpt>
<trkpt lat="54.515140" lon="18.598428"><time>2026-05-03T06:56:09.900Z</time></trkpt>
<trkpt lat="54.515157" lon="18.598423"><time>2026-05-03T06:56:10.900Z</time></trkpt>
<trkpt lat="54.515175" lon="18.598416"><time>2026-05-03T06:56:11.900Z</time></trkpt>
<trkpt lat="54.515190" lon="18.598410"><time>2026-05-03T06:56:12.900Z</time></trkpt>
<trkpt lat="54.515208" lon="18.598401"><time>2026-05-03T06:56:13.900Z</time></trkpt>
<trkpt lat="54.515227" lon="18.598390"><time>2026-05-03T06:56:14.900Z</time></trkpt>
<trkpt lat="54.515246" lon="18.598380"><time>2026-05-03T06:56:15.900Z</time></trkpt>
<trkpt lat="54.515263" lon="18.598370"><time>2026-05-03T06:56:16.900Z</time></trkpt>
<trkpt lat="54.515281" lon="18.598356"><time>2026-05-03T06:56:17.900Z</time></trkpt>
<trkpt lat="54.515298" lon="18.598340"><time>2026-05-03T06:56:18.900Z</time></trkpt>
<trkpt lat="54.515318" lon="18.598331"><time>2026-05-03T06:56:19.900Z</time></trkpt>
<trkpt lat="54.515340" lon="18.598316"><time>2026-05-03T06:56:20.900Z</time></trkpt>
<trkpt lat="54.515359" lon="18.598304"><time>2026-05-03T06:56:21.900Z</time></trkpt>
<trkpt lat="54.515376" lon="18.598294"><time>2026-05-03T06:56:22.900Z</time></trkpt>
<trkpt lat="54.515395" lon="18.598283"><time>2026-05-03T06:56:23.900Z</time></trkpt>
<trkpt lat="54.515412" lon="18.598270"><time>2026-05-03T06:56:24.900Z</time></trkpt>
<trkpt lat="54.515432" lon="18.598256"><time>2026-05-03T06:56:25.900Z</time></trkpt>
<trkpt lat="54.515451" lon="18.598242"><time>2026-05-03T06:56:26.900Z</time></trkpt>
<trkpt lat="54.515471" lon="18.598228"><time>2026-05-03T06:56:27.900Z</time></trkpt>
<trkpt lat="54.515492" lon="18.598216"><time>2026-05-03T06:56:28.900Z</time></trkpt>
<trkpt lat="54.515511" lon="18.598212"><time>2026-05-03T06:56:29.900Z</time></trkpt>
<trkpt lat="54.515530" lon="18.598203"><time>2026-05-03T06:56:30.900Z</time></trkpt>
<trkpt lat="54.515552" lon="18.598190"><time>2026-05-03T06:56:31.900Z</time></trkpt>
<trkpt lat="54.515574" lon="18.598183"><time>2026-05-03T06:56:32.900Z</time></trkpt>
<trkpt lat="54.515597" lon="18.598180"><time>2026-05-03T06:56:33.900Z</time></trkpt>
<trkpt lat="54.515614" lon="18.598177"><time>2026-05-03T06:56:34.900Z</time></trkpt>
<trkpt lat="54.515631" lon="18.598171"><time>2026-05-03T06:56:35.900Z</time></trkpt>
<trkpt lat="54.515651" lon="18.598162"><time>2026-05-03T06:56:36.900Z</time></trkpt>
<trkpt lat="54.515670" lon="18.598152"><time>2026-05-03T06:56:37.900Z</time></trkpt>
<trkpt lat="54.515689" lon="18.598143"><time>2026-05-03T06:56:38.900Z</time></trkpt>
<trkpt lat="54.515704" lon="18.598130"><time>2026-05-03T06:56:39.900Z</time></trkpt>
<trkpt lat="54.515721" lon="18.598116"><time>2026-05-03T06:56:40.900Z</time></trkpt>
<trkpt lat="54.515739" lon="18.598101"><time>2026-05-03T06:56:41.900Z</time></trkpt>
<trkpt lat="54.515756" lon="18.598087"><time>2026-05-03T06:56:42.900Z</time></trkpt>
<trkpt lat="54.515773" lon="18.598072"><time>2026-05-03T06:56:43.900Z</time></trkpt>
<trkpt lat="54.515789" lon="18.598060"><time>2026-05-03T06:56:44.900Z</time></trkpt>
<trkpt lat="54.515806" lon="18.598042"><time>2026-05-03T06:56:45.900Z</time></trkpt>
<trkpt lat="54.515825" lon="18.598026"><time>2026-05-03T06:56:46.900Z</time></trkpt>
<trkpt lat="54.515846" lon="18.598007"><time>2026-05-03T06:56:47.900Z</time></trkpt>
<trkpt lat="54.515863" lon="18.597992"><time>2026-05-03T06:56:48.900Z</time></trkpt>
<trkpt lat="54.515881" lon="18.597980"><time>2026-05-03T06:56:49.900Z</time></trkpt>
<trkpt lat="54.515896" lon="18.597967"><time>2026-05-03T06:56:50.900Z</time></trkpt>
<trkpt lat="54.515915" lon="18.597955"><time>2026-05-03T06:56:51.900Z</time></trkpt>
<trkpt lat="54.515936" lon="18.597934"><time>2026-05-03T06:56:52.900Z</time></trkpt>
<trkpt lat="54.515955" lon="18.597916"><time>2026-05-03T06:56:53.900Z</time></trkpt>
<trkpt lat="54.515975" lon="18.597899"><time>2026-05-03T06:56:54.900Z</time></trkpt>
<trkpt lat="54.515994" lon="18.597882"><time>2026-05-03T06:56:55.900Z</time></trkpt>
<trkpt lat="54.516011" lon="18.597866"><time>2026-05-03T06:56:56.900Z</time></trkpt>
<trkpt lat="54.516029" lon="18.597849"><time>2026-05-03T06:56:57.900Z</time></trkpt>
<trkpt lat="54.516045" lon="18.597832"><time>2026-05-03T06:56:58.900Z</time></trkpt>
<trkpt lat="54.516062" lon="18.597817"><time>2026-05-03T06:56:59.900Z</time></trkpt>
<trkpt lat="54.516080" lon="18.597800"><time>2026-05-03T06:57:00.900Z</time></trkpt>
<trkpt lat="54.516097" lon="18.597782"><time>2026-05-03T06:57:01.900Z</time></trkpt>
<trkpt lat="54.516115" lon="18.597765"><time>2026-05-03T06:57:02.900Z</time></trkpt>
<trkpt lat="54.516134" lon="18.597748"><time>2026-05-03T06:57:03.900Z</time></trkpt>
<trkpt lat="54.516155" lon="18.597728"><time>2026-05-03T06:57:04.900Z</time></trkpt>
<trkpt lat="54.516171" lon="18.597712"><time>2026-05-03T06:57:05.900Z</time></trkpt>
<trkpt lat="54.516187" lon="18.597696"><time>2026-05-03T06:57:06.900Z</time></trkpt>
<trkpt lat="54.516205" lon="18.597678"><time>2026-05-03T06:57:07.900Z</time></trkpt>
<trkpt lat="54.516223" lon="18.597658"><time>2026-05-03T06:57:08.900Z</time></trkpt>
<trkpt lat="54.516240" lon="18.597640"><time>2026-05-03T06:57:09.900Z</time></trkpt>
<trkpt lat="54.516255" lon="18.597621"><time>2026-05-03T06:57:10.900Z</time></trkpt>
<trkpt lat="54.516269" lon="18.597601"><time>2026-05-03T06:57:11.900Z</time></trkpt>
<trkpt lat="54.516282" lon="18.597574"><time>2026-05-03T06:57:12.900Z</time></trkpt>
<trkpt lat="54.516291" lon="18.597546"><time>2026-05-03T06:57:13.900Z</time></trkpt>
<trkpt lat="54.516300" lon="18.597520"><time>2026-05-03T06:57:14.900Z</time></trkpt>
<trkpt lat="54.516307" lon="18.597491"><time>2026-05-03T06:57:15.900Z</time></trkpt>
<trkpt lat="54.516318" lon="18.597459"><time>2026-05-03T06:57:16.900Z</time></trkpt>
<trkpt lat="54.516327" lon="18.597427"><time>2026-05-03T06:57:17.900Z</time></trkpt>
<trkpt lat="54.516339" lon="18.597396"><time>2026-05-03T06:57:18.900Z</time></trkpt>
<trkpt lat="54.516348" lon="18.597369"><time>2026-05-03T06:57:19.900Z</time></trkpt>
<trkpt lat="54.516358" lon="18.597338"><time>2026-05-03T06:57:20.900Z</time></trkpt>
<trkpt lat="54.516369" lon="18.597311"><time>2026-05-03T06:57:21.900Z</time></trkpt>
<trkpt lat="54.516379" lon="18.597286"><time>2026-05-03T06:57:22.900Z</time></trkpt>
<trkpt lat="54.516392" lon="18.597257"><time>2026-05-03T06:57:23.900Z</time></trkpt>
<trkpt lat="54.516402" lon="18.597233"><time>2026-05-03T06:57:24.900Z</time></trkpt>
<trkpt lat="54.516413" lon="18.597208"><time>2026-05-03T06:57:25.900Z</time></trkpt>
<trkpt lat="54.516425" lon="18.597178"><time>2026-05-03T06:57:26.900Z</time></trkpt>
<trkpt lat="54.516435" lon="18.597146"><time>2026-05-03T06:57:27.900Z</time></trkpt>
<trkpt lat="54.516444" lon="18.597118"><time>2026-05-03T06:57:28.900Z</time></trkpt>
<trkpt lat="54.516448" lon="18.597089"><time>2026-05-03T06:57:29.900Z</time></trkpt>
<trkpt lat="54.516454" lon="18.597057"><time>2026-05-03T06:57:30.900Z</time></trkpt>
<trkpt lat="54.516459" lon="18.597028"><time>2026-05-03T06:57:31.900Z</time></trkpt>
<trkpt lat="54.516465" lon="18.596999"><time>2026-05-03T06:57:32.900Z</time></trkpt>
<trkpt lat="54.516467" lon="18.596979"><time>2026-05-03T06:57:33.900Z</time></trkpt>
<trkpt lat="54.516476" lon="18.596954"><time>2026-05-03T06:57:34.900Z</time></trkpt>
<trkpt lat="54.516483" lon="18.596929"><time>2026-05-03T06:57:35.900Z</time></trkpt>
<trkpt lat="54.516490" lon="18.596901"><time>2026-05-03T06:57:36.900Z</time></trkpt>
<trkpt lat="54.516501" lon="18.596878"><time>2026-05-03T06:57:37.900Z</time></trkpt>
<trkpt lat="54.516512" lon="18.596854"><time>2026-05-03T06:57:38.900Z</time></trkpt>
<trkpt lat="54.516520" lon="18.596832"><time>2026-05-03T06:57:39.900Z</time></trkpt>
<trkpt lat="54.516528" lon="18.596808"><time>2026-05-03T06:57:40.900Z</time></trkpt>
<trkpt lat="54.516536" lon="18.596781"><time>2026-05-03T06:57:41.900Z</time></trkpt>
<trkpt lat="54.516542" lon="18.596766"><time>2026-05-03T06:57:42.900Z</time></trkpt>
<trkpt lat="54.516547" lon="18.596745"><time>2026-05-03T06:57:43.900Z</time></trkpt>
<trkpt lat="54.516552" lon="18.596725"><time>2026-05-03T06:57:44.900Z</time></trkpt>
<trkpt lat="54.516560" lon="18.596712"><time>2026-05-03T06:57:45.900Z</time></trkpt>
<trkpt lat="54.516572" lon="18.596692"><time>2026-05-03T06:57:46.900Z</time></trkpt>
<trkpt lat="54.516583" lon="18.596673"><time>2026-05-03T06:57:47.900Z</time></trkpt>
<trkpt lat="54.516594" lon="18.596650"><time>2026-05-03T06:57:48.900Z</time></trkpt>
<trkpt lat="54.516607" lon="18.596627"><time>2026-05-03T06:57:49.900Z</time></trkpt>
<trkpt lat="54.516621" lon="18.596605"><time>2026-05-03T06:57:50.900Z</time></trkpt>
<trkpt lat="54.516633" lon="18.596582"><time>2026-05-03T06:57:51.900Z</time></trkpt>
<trkpt lat="54.516650" lon="18.596559"><time>2026-05-03T06:57:52.900Z</time></trkpt>
<trkpt lat="54.516665" lon="18.596534"><time>2026-05-03T06:57:53.900Z</time></trkpt>
<trkpt lat="54.516678" lon="18.596507"><time>2026-05-03T06:57:54.900Z</time></trkpt>
<trkpt lat="54.516692" lon="18.596485"><time>2026-05-03T06:57:55.900Z</time></trkpt>
<trkpt lat="54.516706" lon="18.596456"><time>2026-05-03T06:57:56.900Z</time></trkpt>
<trkpt lat="54.516718" lon="18.596427"><time>2026-05-03T06:57:57.900Z</time></trkpt>
<trkpt lat="54.516729" lon="18.596398"><time>2026-05-03T06:57:58.900Z</time></trkpt>
<trkpt lat="54.516739" lon="18.596370"><time>2026-05-03T06:57:59.900Z</time></trkpt>
<trkpt lat="54.516753" lon="18.596343"><time>2026-05-03T06:58:00.900Z</time></trkpt>
<trkpt lat="54.516766" lon="18.596316"><time>2026-05-03T06:58:01.900Z</time></trkpt>
<trkpt lat="54.516778" lon="18.596284"><time>2026-05-03T06:58:02.900Z</time></trkpt>
<trkpt lat="54.516791" lon="18.596252"><time>2026-05-03T06:58:03.900Z</time></trkpt>
<trkpt lat="54.516802" lon="18.596221"><time>2026-05-03T06:58:04.900Z</time></trkpt>
<trkpt lat="54.516813" lon="18.596188"><time>2026-05-03T06:58:05.900Z</time></trkpt>
<trkpt lat="54.516825" lon="18.596159"><time>2026-05-03T06:58:06.900Z</time></trkpt>
<trkpt lat="54.516836" lon="18.596133"><time>2026-05-03T06:58:07.900Z</time></trkpt>
<trkpt lat="54.516848" lon="18.596105"><time>2026-05-03T06:58:08.900Z</time></trkpt>
<trkpt lat="54.516861" lon="18.596067"><time>2026-05-03T06:58:09.900Z</time></trkpt>
<trkpt lat="54.516875" lon="18.596029"><time>2026-05-03T06:58:10.900Z</time></trkpt>
<trkpt lat="54.516886" lon="18.595995"><time>2026-05-03T06:58:11.900Z</time></trkpt>
<trkpt lat="54.516898" lon="18.595961"><time>2026-05-03T06:58:12.900Z</time></trkpt>
<trkpt lat="54.516907" lon="18.595934"><time>2026-05-03T06:58:13.900Z</time></trkpt>
<trkpt lat="54.516916" lon="18.595912"><time>2026-05-03T06:58:14.900Z</time></trkpt>
<trkpt lat="54.516924" lon="18.595897"><time>2026-05-03T06:58:15.900Z</time></trkpt>
<trkpt lat="54.516930" lon="18.595883"><time>2026-05-03T06:58:16.900Z</time></trkpt>
<trkpt lat="54.516938" lon="18.595863"><time>2026-05-03T06:58:17.900Z</time></trkpt>
<trkpt lat="54.516951" lon="18.595834"><time>2026-05-03T06:58:18.900Z</time></trkpt>
<trkpt lat="54.516963" lon="18.595804"><time>2026-05-03T06:58:19.900Z</time></trkpt>
<trkpt lat="54.516977" lon="18.595770"><time>2026-05-03T06:58:20.900Z</time></trkpt>
<trkpt lat="54.516993" lon="18.595734"><time>2026-05-03T06:58:21.900Z</time></trkpt>
<trkpt lat="54.517009" lon="18.595704"><time>2026-05-03T06:58:22.900Z</time></trkpt>
<trkpt lat="54.517025" lon="18.595673"><time>2026-05-03T06:58:23.900Z</time></trkpt>
<trkpt lat="54.517044" lon="18.595640"><time>2026-05-03T06:58:24.900Z</time></trkpt>
<trkpt lat="54.517062" lon="18.595601"><time>2026-05-03T06:58:25.900Z</time></trkpt>
<trkpt lat="54.517080" lon="18.595563"><time>2026-05-03T06:58:26.900Z</time></trkpt>
<trkpt lat="54.517097" lon="18.595532"><time>2026-05-03T06:58:27.900Z</time></trkpt>
<trkpt lat="54.517107" lon="18.595513"><time>2026-05-03T06:58:28.900Z</time></trkpt>
<trkpt lat="54.517122" lon="18.595489"><time>2026-05-03T06:58:29.900Z</time></trkpt>
<trkpt lat="54.517138" lon="18.595465"><time>2026-05-03T06:58:30.900Z</time></trkpt>
<trkpt lat="54.517154" lon="18.595442"><time>2026-05-03T06:58:31.900Z</time></trkpt>
<trkpt lat="54.517172" lon="18.595403"><time>2026-05-03T06:58:32.900Z</time></trkpt>
<trkpt lat="54.517186" lon="18.595374"><time>2026-05-03T06:58:33.900Z</time></trkpt>
<trkpt lat="54.517200" lon="18.595343"><time>2026-05-03T06:58:34.900Z</time></trkpt>
<trkpt lat="54.517216" lon="18.595310"><time>2026-05-03T06:58:35.900Z</time></trkpt>
<trkpt lat="54.517231" lon="18.595278"><time>2026-05-03T06:58:36.900Z</time></trkpt>
<trkpt lat="54.517245" lon="18.595247"><time>2026-05-03T06:58:37.900Z</time></trkpt>
<trkpt lat="54.517258" lon="18.595218"><time>2026-05-03T06:58:38.900Z</time></trkpt>
<trkpt lat="54.517271" lon="18.595192"><time>2026-05-03T06:58:39.900Z</time></trkpt>
<trkpt lat="54.517282" lon="18.595168"><time>2026-05-03T06:58:40.900Z</time></trkpt>
<trkpt lat="54.517294" lon="18.595145"><time>2026-05-03T06:58:41.900Z</time></trkpt>
<trkpt lat="54.517311" lon="18.595112"><time>2026-05-03T06:58:42.900Z</time></trkpt>
<trkpt lat="54.517331" lon="18.595073"><time>2026-05-03T06:58:43.900Z</time></trkpt>
<trkpt lat="54.517349" lon="18.595034"><time>2026-05-03T06:58:44.900Z</time></trkpt>
<trkpt lat="54.517367" lon="18.595002"><time>2026-05-03T06:58:45.900Z</time></trkpt>
<trkpt lat="54.517387" lon="18.594972"><time>2026-05-03T06:58:46.900Z</time></trkpt>
<trkpt lat="54.517402" lon="18.594943"><time>2026-05-03T06:58:47.900Z</time></trkpt>
<trkpt lat="54.517420" lon="18.594911"><time>2026-05-03T06:58:48.900Z</time></trkpt>
<trkpt lat="54.517437" lon="18.594878"><time>2026-05-03T06:58:49.900Z</time></trkpt>
<trkpt lat="54.517450" lon="18.594846"><time>2026-05-03T06:58:50.900Z</time></trkpt>
<trkpt lat="54.517460" lon="18.594813"><time>2026-05-03T06:58:51.900Z</time></trkpt>
<trkpt lat="54.517470" lon="18.594786"><time>2026-05-03T06:58:52.900Z</time></trkpt>
<trkpt lat="54.517479" lon="18.594759"><time>2026-05-03T06:58:53.900Z</time></trkpt>
<trkpt lat="54.517491" lon="18.594729"><time>2026-05-03T06:58:54.900Z</time></trkpt>
<trkpt lat="54.517503" lon="18.594701"><time>2026-05-03T06:58:55.900Z</time></trkpt>
<trkpt lat="54.517518" lon="18.594668"><time>2026-05-03T06:58:56.900Z</time></trkpt>
<trkpt lat="54.517529" lon="18.594623"><time>2026-05-03T06:58:57.900Z</time></trkpt>
<trkpt lat="54.517542" lon="18.594588"><time>2026-05-03T06:58:58.900Z</time></trkpt>
<trkpt lat="54.517553" lon="18.594550"><time>2026-05-03T06:58:59.900Z</time></trkpt>
<trkpt lat="54.517560" lon="18.594517"><time>2026-05-03T06:59:00.900Z</time></trkpt>
<trkpt lat="54.517567" lon="18.594483"><time>2026-05-03T06:59:01.900Z</time></trkpt>
<trkpt lat="54.517579" lon="18.594448"><time>2026-05-03T06:59:02.900Z</time></trkpt>
<trkpt lat="54.517588" lon="18.594409"><time>2026-05-03T06:59:03.900Z</time></trkpt>
<trkpt lat="54.517597" lon="18.594371"><time>2026-05-03T06:59:04.900Z</time></trkpt>
<trkpt lat="54.517609" lon="18.594335"><time>2026-05-03T06:59:05.900Z</time></trkpt>
<trkpt lat="54.517620" lon="18.594303"><time>2026-05-03T06:59:06.900Z</time></trkpt>
<trkpt lat="54.517626" lon="18.594274"><time>2026-05-03T06:59:07.900Z</time></trkpt>
<trkpt lat="54.517631" lon="18.594238"><time>2026-05-03T06:59:08.900Z</time></trkpt>
<trkpt lat="54.517637" lon="18.594204"><time>2026-05-03T06:59:09.900Z</time></trkpt>
<trkpt lat="54.517641" lon="18.594169"><time>2026-05-03T06:59:10.900Z</time></trkpt>
<trkpt lat="54.517649" lon="18.594135"><time>2026-05-03T06:59:11.900Z</time></trkpt>
<trkpt lat="54.517655" lon="18.594102"><time>2026-05-03T06:59:12.900Z</time></trkpt>
<trkpt lat="54.517662" lon="18.594067"><time>2026-05-03T06:59:13.900Z</time></trkpt>
<trkpt lat="54.517666" lon="18.594030"><time>2026-05-03T06:59:14.900Z</time></trkpt>
<trkpt lat="54.517669" lon="18.593994"><time>2026-05-03T06:59:15.900Z</time></trkpt>
<trkpt lat="54.517671" lon="18.593956"><time>2026-05-03T06:59:16.900Z</time></trkpt>
<trkpt lat="54.517679" lon="18.593918"><time>2026-05-03T06:59:17.900Z</time></trkpt>
<trkpt lat="54.517683" lon="18.593883"><time>2026-05-03T06:59:18.900Z</time></trkpt>
<trkpt lat="54.517683" lon="18.593848"><time>2026-05-03T06:59:19.900Z</time></trkpt>
<trkpt lat="54.517681" lon="18.593806"><time>2026-05-03T06:59:20.900Z</time></trkpt>
<trkpt lat="54.517681" lon="18.593765"><time>2026-05-03T06:59:21.900Z</time></trkpt>
<trkpt lat="54.517681" lon="18.593718"><time>2026-05-03T06:59:22.900Z</time></trkpt>
<trkpt lat="54.517678" lon="18.593681"><time>2026-05-03T06:59:23.900Z</time></trkpt>
<trkpt lat="54.517676" lon="18.593649"><time>2026-05-03T06:59:24.900Z</time></trkpt>
<trkpt lat="54.517671" lon="18.593622"><time>2026-05-03T06:59:25.900Z</time></trkpt>
<trkpt lat="54.517665" lon="18.593594"><time>2026-05-03T06:59:26.900Z</time></trkpt>
<trkpt lat="54.517656" lon="18.593574"><time>2026-05-03T06:59:27.900Z</time></trkpt>
<trkpt lat="54.517641" lon="18.593567"><time>2026-05-03T06:59:28.900Z</time></trkpt>
<trkpt lat="54.517628" lon="18.593558"><time>2026-05-03T06:59:29.900Z</time></trkpt>
<trkpt lat="54.517617" lon="18.593557"><time>2026-05-03T06:59:30.900Z</time></trkpt>
<trkpt lat="54.517606" lon="18.593557"><time>2026-05-03T06:59:31.900Z</time></trkpt>
<trkpt lat="54.517593" lon="18.593567"><time>2026-05-03T06:59:32.900Z</time></trkpt>
<trkpt lat="54.517577" lon="18.593579"><time>2026-05-03T06:59:33.900Z</time></trkpt>
<trkpt lat="54.517562" lon="18.593591"><time>2026-05-03T06:59:34.900Z</time></trkpt>
<trkpt lat="54.517548" lon="18.593600"><time>2026-05-03T06:59:35.900Z</time></trkpt>
<trkpt lat="54.517540" lon="18.593603"><time>2026-05-03T06:59:36.900Z</time></trkpt>
<trkpt lat="54.517532" lon="18.593611"><time>2026-05-03T06:59:37.900Z</time></trkpt>
<trkpt lat="54.517521" lon="18.593619"><time>2026-05-03T06:59:38.900Z</time></trkpt>
<trkpt lat="54.517506" lon="18.593636"><time>2026-05-03T06:59:39.900Z</time></trkpt>
<trkpt lat="54.517492" lon="18.593655"><time>2026-05-03T06:59:40.900Z</time></trkpt>
<trkpt lat="54.517477" lon="18.593678"><time>2026-05-03T06:59:41.900Z</time></trkpt>
<trkpt lat="54.517460" lon="18.593708"><time>2026-05-03T06:59:42.900Z</time></trkpt>
<trkpt lat="54.517439" lon="18.593741"><time>2026-05-03T06:59:43.900Z</time></trkpt>
<trkpt lat="54.517419" lon="18.593769"><time>2026-05-03T06:59:44.900Z</time></trkpt>
<trkpt lat="54.517401" lon="18.593801"><time>2026-05-03T06:59:45.900Z</time></trkpt>
<trkpt lat="54.517385" lon="18.593838"><time>2026-05-03T06:59:46.900Z</time></trkpt>
<trkpt lat="54.517368" lon="18.593876"><time>2026-05-03T06:59:47.900Z</time></trkpt>
<trkpt lat="54.517347" lon="18.593923"><time>2026-05-03T06:59:48.900Z</time></trkpt>
<trkpt lat="54.517330" lon="18.593971"><time>2026-05-03T06:59:49.900Z</time></trkpt>
<trkpt lat="54.517311" lon="18.594012"><time>2026-05-03T06:59:50.900Z</time></trkpt>
<trkpt lat="54.517293" lon="18.594054"><time>2026-05-03T06:59:51.900Z</time></trkpt>
<trkpt lat="54.517271" lon="18.594094"><time>2026-05-03T06:59:52.900Z</time></trkpt>
<trkpt lat="54.517254" lon="18.594132"><time>2026-05-03T06:59:53.900Z</time></trkpt>
<trkpt lat="54.517231" lon="18.594168"><time>2026-05-03T06:59:54.900Z</time></trkpt>
<trkpt lat="54.517208" lon="18.594203"><time>2026-05-03T06:59:55.900Z</time></trkpt>
<trkpt lat="54.517186" lon="18.594236"><time>2026-05-03T06:59:56.900Z</time></trkpt>
<trkpt lat="54.517165" lon="18.594272"><time>2026-05-03T06:59:57.900Z</time></trkpt>
<trkpt lat="54.517145" lon="18.594310"><time>2026-05-03T06:59:58.900Z</time></trkpt>
<trkpt lat="54.517122" lon="18.594359"><time>2026-05-03T06:59:59.900Z</time></trkpt>
<trkpt lat="54.517102" lon="18.594398"><time>2026-05-03T07:00:00.900Z</time></trkpt>
<trkpt lat="54.517080" lon="18.594435"><time>2026-05-03T07:00:01.900Z</time></trkpt>
<trkpt lat="54.517057" lon="18.594470"><time>2026-05-03T07:00:02.900Z</time></trkpt>
<trkpt lat="54.517024" lon="18.594508"><time>2026-05-03T07:00:03.900Z</time></trkpt>
<trkpt lat="54.516999" lon="18.594530"><time>2026-05-03T07:00:04.900Z</time></trkpt>
<trkpt lat="54.516977" lon="18.594540"><time>2026-05-03T07:00:05.900Z</time></trkpt>
<trkpt lat="54.516949" lon="18.594567"><time>2026-05-03T07:00:06.900Z</time></trkpt>
<trkpt lat="54.516923" lon="18.594595"><time>2026-05-03T07:00:07.900Z</time></trkpt>
<trkpt lat="54.516901" lon="18.594622"><time>2026-05-03T07:00:08.900Z</time></trkpt>
<trkpt lat="54.516875" lon="18.594649"><time>2026-05-03T07:00:09.900Z</time></trkpt>
<trkpt lat="54.516848" lon="18.594669"><time>2026-05-03T07:00:10.900Z</time></trkpt>
<trkpt lat="54.516819" lon="18.594690"><time>2026-05-03T07:00:11.900Z</time></trkpt>
<trkpt lat="54.516794" lon="18.594709"><time>2026-05-03T07:00:12.900Z</time></trkpt>
<trkpt lat="54.516769" lon="18.594726"><time>2026-05-03T07:00:13.900Z</time></trkpt>
<trkpt lat="54.516740" lon="18.594746"><time>2026-05-03T07:00:14.900Z</time></trkpt>
<trkpt lat="54.516713" lon="18.594761"><time>2026-05-03T07:00:16.000Z</time></trkpt>
<trkpt lat="54.516687" lon="18.594773"><time>2026-05-03T07:00:17.000Z</time></trkpt>
<trkpt lat="54.516657" lon="18.594785"><time>2026-05-03T07:00:18.000Z</time></trkpt>
<trkpt lat="54.516630" lon="18.594791"><time>2026-05-03T07:00:19.000Z</time></trkpt>
<trkpt lat="54.516603" lon="18.594793"><time>2026-05-03T07:00:20.000Z</time></trkpt>
<trkpt lat="54.516575" lon="18.594793"><time>2026-05-03T07:00:21.000Z</time></trkpt>
<trkpt lat="54.516545" lon="18.594792"><time>2026-05-03T07:00:22.000Z</time></trkpt>
<trkpt lat="54.516513" lon="18.594780"><time>2026-05-03T07:00:23.000Z</time></trkpt>
<trkpt lat="54.516487" lon="18.594778"><time>2026-05-03T07:00:24.000Z</time></trkpt>
<trkpt lat="54.516462" lon="18.594777"><time>2026-05-03T07:00:25.000Z</time></trkpt>
<trkpt lat="54.516437" lon="18.594777"><time>2026-05-03T07:00:26.000Z</time></trkpt>
<trkpt lat="54.516415" lon="18.594784"><time>2026-05-03T07:00:27.000Z</time></trkpt>
<trkpt lat="54.516393" lon="18.594789"><time>2026-05-03T07:00:28.000Z</time></trkpt>
<trkpt lat="54.516371" lon="18.594786"><time>2026-05-03T07:00:29.000Z</time></trkpt>
<trkpt lat="54.516348" lon="18.594784"><time>2026-05-03T07:00:30.000Z</time></trkpt>
<trkpt lat="54.516326" lon="18.594781"><time>2026-05-03T07:00:31.000Z</time></trkpt>
<trkpt lat="54.516305" lon="18.594785"><time>2026-05-03T07:00:32.000Z</time></trkpt>
<trkpt lat="54.516284" lon="18.594784"><time>2026-05-03T07:00:33.000Z</time></trkpt>
<trkpt lat="54.516259" lon="18.594785"><time>2026-05-03T07:00:34.000Z</time></trkpt>
<trkpt lat="54.516233" lon="18.594786"><time>2026-05-03T07:00:35.000Z</time></trkpt>
<trkpt lat="54.516212" lon="18.594794"><time>2026-05-03T07:00:36.000Z</time></trkpt>
<trkpt lat="54.516193" lon="18.594807"><time>2026-05-03T07:00:37.000Z</time></trkpt>
<trkpt lat="54.516172" lon="18.594815"><time>2026-05-03T07:00:38.000Z</time></trkpt>
<trkpt lat="54.516150" lon="18.594821"><time>2026-05-03T07:00:39.000Z</time></trkpt>
<trkpt lat="54.516129" lon="18.594831"><time>2026-05-03T07:00:40.000Z</time></trkpt>
<trkpt lat="54.516111" lon="18.594845"><time>2026-05-03T07:00:41.000Z</time></trkpt>
<trkpt lat="54.516087" lon="18.594854"><time>2026-05-03T07:00:42.000Z</time></trkpt>
<trkpt lat="54.516068" lon="18.594866"><time>2026-05-03T07:00:43.000Z</time></trkpt>
<trkpt lat="54.516047" lon="18.594881"><time>2026-05-03T07:00:44.000Z</time></trkpt>
<trkpt lat="54.516028" lon="18.594895"><time>2026-05-03T07:00:45.000Z</time></trkpt>
<trkpt lat="54.516008" lon="18.594905"><time>2026-05-03T07:00:46.000Z</time></trkpt>
<trkpt lat="54.515987" lon="18.594911"><time>2026-05-03T07:00:46.900Z</time></trkpt>
<trkpt lat="54.515964" lon="18.594917"><time>2026-05-03T07:00:47.900Z</time></trkpt>
<trkpt lat="54.515941" lon="18.594923"><time>2026-05-03T07:00:48.900Z</time></trkpt>
<trkpt lat="54.515921" lon="18.594928"><time>2026-05-03T07:00:49.900Z</time></trkpt>
<trkpt lat="54.515898" lon="18.594929"><time>2026-05-03T07:00:50.900Z</time></trkpt>
<trkpt lat="54.515874" lon="18.594930"><time>2026-05-03T07:00:51.900Z</time></trkpt>
<trkpt lat="54.515851" lon="18.594929"><time>2026-05-03T07:00:52.900Z</time></trkpt>
<trkpt lat="54.515829" lon="18.594929"><time>2026-05-03T07:00:53.900Z</time></trkpt>
<trkpt lat="54.515807" lon="18.594929"><time>2026-05-03T07:00:54.900Z</time></trkpt>
<trkpt lat="54.515785" lon="18.594930"><time>2026-05-03T07:00:55.900Z</time></trkpt>
<trkpt lat="54.515763" lon="18.594930"><time>2026-05-03T07:00:56.900Z</time></trkpt>
<trkpt lat="54.515740" lon="18.594926"><time>2026-05-03T07:00:57.900Z</time></trkpt>
<trkpt lat="54.515719" lon="18.594924"><time>2026-05-03T07:00:58.900Z</time></trkpt>
<trkpt lat="54.515697" lon="18.594924"><time>2026-05-03T07:00:59.900Z</time></trkpt>
<trkpt lat="54.515675" lon="18.594923"><time>2026-05-03T07:01:00.900Z</time></trkpt>
<trkpt lat="54.515654" lon="18.594927"><time>2026-05-03T07:01:01.900Z</time></trkpt>
<trkpt lat="54.515625" lon="18.594934"><time>2026-05-03T07:01:02.900Z</time></trkpt>
<trkpt lat="54.515596" lon="18.594943"><time>2026-05-03T07:01:03.900Z</time></trkpt>
<trkpt lat="54.515565" lon="18.594952"><time>2026-05-03T07:01:04.900Z</time></trkpt>
<trkpt lat="54.515539" lon="18.594962"><time>2026-05-03T07:01:05.900Z</time></trkpt>
<trkpt lat="54.515516" lon="18.594971"><time>2026-05-03T07:01:06.900Z</time></trkpt>
<trkpt lat="54.515494" lon="18.594975"><time>2026-05-03T07:01:07.900Z</time></trkpt>
<trkpt lat="54.515474" lon="18.594980"><time>2026-05-03T07:01:08.900Z</time></trkpt>
<trkpt lat="54.515455" lon="18.594982"><time>2026-05-03T07:01:09.900Z</time></trkpt>
<trkpt lat="54.515435" lon="18.594987"><time>2026-05-03T07:01:10.900Z</time></trkpt>
<trkpt lat="54.515417" lon="18.594992"><time>2026-05-03T07:01:11.900Z</time></trkpt>
<trkpt lat="54.515403" lon="18.594993"><time>2026-05-03T07:01:12.900Z</time></trkpt>
<trkpt lat="54.515390" lon="18.594983"><time>2026-05-03T07:01:13.900Z</time></trkpt>
<trkpt lat="54.515377" lon="18.594978"><time>2026-05-03T07:01:14.900Z</time></trkpt>
<trkpt lat="54.515362" lon="18.594975"><time>2026-05-03T07:01:15.900Z</time></trkpt>
<trkpt lat="54.515345" lon="18.594971"><time>2026-05-03T07:01:16.900Z</time></trkpt>
<trkpt lat="54.515331" lon="18.594969"><time>2026-05-03T07:01:17.900Z</time></trkpt>
<trkpt lat="54.515315" lon="18.594965"><time>2026-05-03T07:01:18.900Z</time></trkpt>
<trkpt lat="54.515293" lon="18.594968"><time>2026-05-03T07:01:19.900Z</time></trkpt>
<trkpt lat="54.515271" lon="18.594974"><time>2026-05-03T07:01:20.900Z</time></trkpt>
<trkpt lat="54.515249" lon="18.594974"><time>2026-05-03T07:01:21.900Z</time></trkpt>
<trkpt lat="54.515229" lon="18.594973"><time>2026-05-03T07:01:22.900Z</time></trkpt>
<trkpt lat="54.515211" lon="18.594967"><time>2026-05-03T07:01:23.900Z</time></trkpt>
<trkpt lat="54.515193" lon="18.594960"><time>2026-05-03T07:01:24.900Z</time></trkpt>
<trkpt lat="54.515173" lon="18.594959"><time>2026-05-03T07:01:25.900Z</time></trkpt>
<trkpt lat="54.515151" lon="18.594961"><time>2026-05-03T07:01:26.900Z</time></trkpt>
<trkpt lat="54.515130" lon="18.594962"><time>2026-05-03T07:01:27.900Z</time></trkpt>
<trkpt lat="54.515116" lon="18.594962"><time>2026-05-03T07:01:28.900Z</time></trkpt>
<trkpt lat="54.515103" lon="18.594963"><time>2026-05-03T07:01:29.900Z</time></trkpt>
<trkpt lat="54.515088" lon="18.594959"><time>2026-05-03T07:01:30.900Z</time></trkpt>
<trkpt lat="54.515070" lon="18.594953"><time>2026-05-03T07:01:31.900Z</time></trkpt>
<trkpt lat="54.515050" lon="18.594951"><time>2026-05-03T07:01:32.900Z</time></trkpt>
<trkpt lat="54.515029" lon="18.594954"><time>2026-05-03T07:01:33.900Z</time></trkpt>
<trkpt lat="54.515009" lon="18.594957"><time>2026-05-03T07:01:34.900Z</time></trkpt>
<trkpt lat="54.514989" lon="18.594957"><time>2026-05-03T07:01:35.900Z</time></trkpt>
<trkpt lat="54.514968" lon="18.594958"><time>2026-05-03T07:01:36.900Z</time></trkpt>
<trkpt lat="54.514948" lon="18.594956"><time>2026-05-03T07:01:37.900Z</time></trkpt>
<trkpt lat="54.514928" lon="18.594954"><time>2026-05-03T07:01:38.900Z</time></trkpt>
<trkpt lat="54.514908" lon="18.594951"><time>2026-05-03T07:01:39.900Z</time></trkpt>
<trkpt lat="54.514889" lon="18.594946"><time>2026-05-03T07:01:40.900Z</time></trkpt>
<trkpt lat="54.514872" lon="18.594944"><time>2026-05-03T07:01:41.900Z</time></trkpt>
<trkpt lat="54.514855" lon="18.594944"><time>2026-05-03T07:01:42.900Z</time></trkpt>
<trkpt lat="54.514836" lon="18.594941"><time>2026-05-03T07:01:43.900Z</time></trkpt>
<trkpt lat="54.514817" lon="18.594939"><time>2026-05-03T07:01:44.900Z</time></trkpt>
<trkpt lat="54.514797" lon="18.594938"><time>2026-05-03T07:01:45.900Z</time></trkpt>
<trkpt lat="54.514777" lon="18.594939"><time>2026-05-03T07:01:46.900Z</time></trkpt>
<trkpt lat="54.514757" lon="18.594940"><time>2026-05-03T07:01:47.900Z</time></trkpt>
<trkpt lat="54.514737" lon="18.594941"><time>2026-05-03T07:01:48.900Z</time></trkpt>
<trkpt lat="54.514715" lon="18.594940"><time>2026-05-03T07:01:49.900Z</time></trkpt>
<trkpt lat="54.514692" lon="18.594938"><time>2026-05-03T07:01:50.900Z</time></trkpt>
<trkpt lat="54.514670" lon="18.594938"><time>2026-05-03T07:01:51.900Z</time></trkpt>
<trkpt lat="54.514649" lon="18.594939"><time>2026-05-03T07:01:52.900Z</time></trkpt>
<trkpt lat="54.514626" lon="18.594940"><time>2026-05-03T07:01:53.900Z</time></trkpt>
<trkpt lat="54.514603" lon="18.594940"><time>2026-05-03T07:01:54.900Z</time></trkpt>
<trkpt lat="54.514579" lon="18.594940"><time>2026-05-03T07:01:55.900Z</time></trkpt>
<trkpt lat="54.514553" lon="18.594936"><time>2026-05-03T07:01:56.900Z</time></trkpt>
<trkpt lat="54.514531" lon="18.594929"><time>2026-05-03T07:01:57.900Z</time></trkpt>
<trkpt lat="54.514507" lon="18.594928"><time>2026-05-03T07:01:58.900Z</time></trkpt>
<trkpt lat="54.514484" lon="18.594927"><time>2026-05-03T07:01:59.900Z</time></trkpt>
<trkpt lat="54.514459" lon="18.594927"><time>2026-05-03T07:02:00.900Z</time></trkpt>
<trkpt lat="54.514436" lon="18.594926"><time>2026-05-03T07:02:01.900Z</time></trkpt>
<trkpt lat="54.514413" lon="18.594925"><time>2026-05-03T07:02:02.900Z</time></trkpt>
<trkpt lat="54.514390" lon="18.594923"><time>2026-05-03T07:02:03.900Z</time></trkpt>
<trkpt lat="54.514366" lon="18.594923"><time>2026-05-03T07:02:04.900Z</time></trkpt>
<trkpt lat="54.514340" lon="18.594925"><time>2026-05-03T07:02:05.900Z</time></trkpt>
<trkpt lat="54.514316" lon="18.594927"><time>2026-05-03T07:02:06.900Z</time></trkpt>
<trkpt lat="54.514292" lon="18.594929"><time>2026-05-03T07:02:07.900Z</time></trkpt>
<trkpt lat="54.514267" lon="18.594930"><time>2026-05-03T07:02:08.900Z</time></trkpt>
<trkpt lat="54.514236" lon="18.594927"><time>2026-05-03T07:02:09.900Z</time></trkpt>
<trkpt lat="54.514209" lon="18.594927"><time>2026-05-03T07:02:10.900Z</time></trkpt>
<trkpt lat="54.514185" lon="18.594926"><time>2026-05-03T07:02:11.900Z</time></trkpt>
<trkpt lat="54.514163" lon="18.594925"><time>2026-05-03T07:02:12.900Z</time></trkpt>
<trkpt lat="54.514145" lon="18.594921"><time>2026-05-03T07:02:13.900Z</time></trkpt>
<trkpt lat="54.514124" lon="18.594917"><time>2026-05-03T07:02:14.900Z</time></trkpt>
<trkpt lat="54.514102" lon="18.594914"><time>2026-05-03T07:02:15.900Z</time></trkpt>
<trkpt lat="54.514079" lon="18.594911"><time>2026-05-03T07:02:16.900Z</time></trkpt>
<trkpt lat="54.514054" lon="18.594912"><time>2026-05-03T07:02:17.900Z</time></trkpt>
<trkpt lat="54.514030" lon="18.594912"><time>2026-05-03T07:02:18.900Z</time></trkpt>
<trkpt lat="54.514008" lon="18.594909"><time>2026-05-03T07:02:19.900Z</time></trkpt>
<trkpt lat="54.513985" lon="18.594905"><time>2026-05-03T07:02:20.900Z</time></trkpt>
<trkpt lat="54.513961" lon="18.594904"><time>2026-05-03T07:02:22.000Z</time></trkpt>
<trkpt lat="54.513937" lon="18.594903"><time>2026-05-03T07:02:23.000Z</time></trkpt>
<trkpt lat="54.513913" lon="18.594903"><time>2026-05-03T07:02:24.000Z</time></trkpt>
<trkpt lat="54.513890" lon="18.594900"><time>2026-05-03T07:02:25.000Z</time></trkpt>
<trkpt lat="54.513867" lon="18.594900"><time>2026-05-03T07:02:26.000Z</time></trkpt>
<trkpt lat="54.513848" lon="18.594902"><time>2026-05-03T07:02:27.000Z</time></trkpt>
<trkpt lat="54.513825" lon="18.594905"><time>2026-05-03T07:02:28.000Z</time></trkpt>
<trkpt lat="54.513803" lon="18.594904"><time>2026-05-03T07:02:29.000Z</time></trkpt>
<trkpt lat="54.513780" lon="18.594901"><time>2026-05-03T07:02:30.000Z</time></trkpt>
<trkpt lat="54.513757" lon="18.594895"><time>2026-05-03T07:02:31.000Z</time></trkpt>
<trkpt lat="54.513734" lon="18.594888"><time>2026-05-03T07:02:32.000Z</time></trkpt>
<trkpt lat="54.513708" lon="18.594887"><time>2026-05-03T07:02:33.000Z</time></trkpt>
<trkpt lat="54.513680" lon="18.594884"><time>2026-05-03T07:02:34.000Z</time></trkpt>
<trkpt lat="54.513656" lon="18.594889"><time>2026-05-03T07:02:35.000Z</time></trkpt>
<trkpt lat="54.513632" lon="18.594891"><time>2026-05-03T07:02:36.000Z</time></trkpt>
<trkpt lat="54.513607" lon="18.594893"><time>2026-05-03T07:02:37.000Z</time></trkpt>
<trkpt lat="54.513582" lon="18.594893"><time>2026-05-03T07:02:38.000Z</time></trkpt>
<trkpt lat="54.513558" lon="18.594893"><time>2026-05-03T07:02:39.000Z</time></trkpt>
<trkpt lat="54.513533" lon="18.594895"><time>2026-05-03T07:02:40.000Z</time></trkpt>
<trkpt lat="54.513509" lon="18.594896"><time>2026-05-03T07:02:41.000Z</time></trkpt>
<trkpt lat="54.513480" lon="18.594898"><time>2026-05-03T07:02:42.000Z</time></trkpt>
<trkpt lat="54.513455" lon="18.594901"><time>2026-05-03T07:02:43.000Z</time></trkpt>
<trkpt lat="54.513429" lon="18.594905"><time>2026-05-03T07:02:44.000Z</time></trkpt>
<trkpt lat="54.513403" lon="18.594910"><time>2026-05-03T07:02:45.000Z</time></trkpt>
<trkpt lat="54.513376" lon="18.594911"><time>2026-05-03T07:02:46.000Z</time></trkpt>
<trkpt lat="54.513347" lon="18.594914"><time>2026-05-03T07:02:47.000Z</time></trkpt>
<trkpt lat="54.513319" lon="18.594916"><time>2026-05-03T07:02:48.000Z</time></trkpt>
<trkpt lat="54.513291" lon="18.594918"><time>2026-05-03T07:02:49.000Z</time></trkpt>
<trkpt lat="54.513264" lon="18.594919"><time>2026-05-03T07:02:50.000Z</time></trkpt>
<trkpt lat="54.513237" lon="18.594918"><time>2026-05-03T07:02:51.000Z</time></trkpt>
<trkpt lat="54.513207" lon="18.594919"><time>2026-05-03T07:02:52.000Z</time></trkpt>
<trkpt lat="54.513181" lon="18.594919"><time>2026-05-03T07:02:53.000Z</time></trkpt>
<trkpt lat="54.513153" lon="18.594917"><time>2026-05-03T07:02:54.000Z</time></trkpt>
<trkpt lat="54.513126" lon="18.594918"><time>2026-05-03T07:02:55.000Z</time></trkpt>
<trkpt lat="54.513098" lon="18.594924"><time>2026-05-03T07:02:56.000Z</time></trkpt>
<trkpt lat="54.513071" lon="18.594926"><time>2026-05-03T07:02:57.000Z</time></trkpt>
<trkpt lat="54.513045" lon="18.594926"><time>2026-05-03T07:02:58.000Z</time></trkpt>
<trkpt lat="54.513016" lon="18.594929"><time>2026-05-03T07:02:59.000Z</time></trkpt>
<trkpt lat="54.512989" lon="18.594932"><time>2026-05-03T07:03:00.000Z</time></trkpt>
<trkpt lat="54.512962" lon="18.594937"><time>2026-05-03T07:03:01.000Z</time></trkpt>
<trkpt lat="54.512935" lon="18.594945"><time>2026-05-03T07:03:02.000Z</time></trkpt>
<trkpt lat="54.512907" lon="18.594955"><time>2026-05-03T07:03:03.000Z</time></trkpt>
<trkpt lat="54.512880" lon="18.594962"><time>2026-05-03T07:03:04.000Z</time></trkpt>
<trkpt lat="54.512854" lon="18.594965"><time>2026-05-03T07:03:05.000Z</time></trkpt>
<trkpt lat="54.512828" lon="18.594968"><time>2026-05-03T07:03:06.000Z</time></trkpt>
<trkpt lat="54.512804" lon="18.594973"><time>2026-05-03T07:03:07.000Z</time></trkpt>
<trkpt lat="54.512778" lon="18.594979"><time>2026-05-03T07:03:08.000Z</time></trkpt>
<trkpt lat="54.512756" lon="18.594985"><time>2026-05-03T07:03:09.000Z</time></trkpt>
<trkpt lat="54.512729" lon="18.594982"><time>2026-05-03T07:03:10.000Z</time></trkpt>
<trkpt lat="54.512703" lon="18.594981"><time>2026-05-03T07:03:11.000Z</time></trkpt>
<trkpt lat="54.512677" lon="18.594982"><time>2026-05-03T07:03:12.000Z</time></trkpt>
<trkpt lat="54.512648" lon="18.594981"><time>2026-05-03T07:03:13.000Z</time></trkpt>
<trkpt lat="54.512623" lon="18.594977"><time>2026-05-03T07:03:14.000Z</time></trkpt>
<trkpt lat="54.512597" lon="18.594976"><time>2026-05-03T07:03:15.000Z</time></trkpt>
<trkpt lat="54.512569" lon="18.594976"><time>2026-05-03T07:03:16.000Z</time></trkpt>
<trkpt lat="54.512540" lon="18.594978"><time>2026-05-03T07:03:17.000Z</time></trkpt>
<trkpt lat="54.512514" lon="18.594983"><time>2026-05-03T07:03:18.000Z</time></trkpt>
<trkpt lat="54.512488" lon="18.594985"><time>2026-05-03T07:03:19.000Z</time></trkpt>
<trkpt lat="54.512461" lon="18.594987"><time>2026-05-03T07:03:20.000Z</time></trkpt>
<trkpt lat="54.512436" lon="18.594989"><time>2026-05-03T07:03:21.000Z</time></trkpt>
<trkpt lat="54.512408" lon="18.594986"><time>2026-05-03T07:03:22.000Z</time></trkpt>
<trkpt lat="54.512377" lon="18.594982"><time>2026-05-03T07:03:23.000Z</time></trkpt>
<trkpt lat="54.512348" lon="18.594984"><time>2026-05-03T07:03:24.000Z</time></trkpt>
<trkpt lat="54.512320" lon="18.594986"><time>2026-05-03T07:03:24.900Z</time></trkpt>
<trkpt lat="54.512293" lon="18.594987"><time>2026-05-03T07:03:25.900Z</time></trkpt>
<trkpt lat="54.512265" lon="18.594988"><time>2026-05-03T07:03:26.900Z</time></trkpt>
<trkpt lat="54.512237" lon="18.594992"><time>2026-05-03T07:03:27.900Z</time></trkpt>
<trkpt lat="54.512210" lon="18.594996"><time>2026-05-03T07:03:28.900Z</time></trkpt>
<trkpt lat="54.512182" lon="18.594998"><time>2026-05-03T07:03:29.900Z</time></trkpt>
<trkpt lat="54.512155" lon="18.595003"><time>2026-05-03T07:03:30.900Z</time></trkpt>
<trkpt lat="54.512128" lon="18.595009"><time>2026-05-03T07:03:31.900Z</time></trkpt>
<trkpt lat="54.512102" lon="18.595018"><time>2026-05-03T07:03:32.900Z</time></trkpt>
<trkpt lat="54.512077" lon="18.595025"><time>2026-05-03T07:03:33.900Z</time></trkpt>
<trkpt lat="54.512054" lon="18.595031"><time>2026-05-03T07:03:34.900Z</time></trkpt>
<trkpt lat="54.512030" lon="18.595039"><time>2026-05-03T07:03:35.900Z</time></trkpt>
<trkpt lat="54.512002" lon="18.595044"><time>2026-05-03T07:03:36.900Z</time></trkpt>
<trkpt lat="54.511978" lon="18.595047"><time>2026-05-03T07:03:37.900Z</time></trkpt>
<trkpt lat="54.511954" lon="18.595051"><time>2026-05-03T07:03:38.900Z</time></trkpt>
<trkpt lat="54.511926" lon="18.595056"><time>2026-05-03T07:03:39.900Z</time></trkpt>
<trkpt lat="54.511900" lon="18.595063"><time>2026-05-03T07:03:40.900Z</time></trkpt>
<trkpt lat="54.511876" lon="18.595066"><time>2026-05-03T07:03:41.900Z</time></trkpt>
<trkpt lat="54.511855" lon="18.595056"><time>2026-05-03T07:03:42.900Z</time></trkpt>
<trkpt lat="54.511838" lon="18.595038"><time>2026-05-03T07:03:43.900Z</time></trkpt>
<trkpt lat="54.511827" lon="18.595020"><time>2026-05-03T07:03:44.900Z</time></trkpt>
<trkpt lat="54.511818" lon="18.594997"><time>2026-05-03T07:03:45.900Z</time></trkpt>
<trkpt lat="54.511808" lon="18.594971"><time>2026-05-03T07:03:46.900Z</time></trkpt>
<trkpt lat="54.511797" lon="18.594947"><time>2026-05-03T07:03:47.900Z</time></trkpt>
<trkpt lat="54.511787" lon="18.594924"><time>2026-05-03T07:03:48.900Z</time></trkpt>
<trkpt lat="54.511780" lon="18.594905"><time>2026-05-03T07:03:49.900Z</time></trkpt>
<trkpt lat="54.511778" lon="18.594883"><time>2026-05-03T07:03:50.900Z</time></trkpt>
<trkpt lat="54.511779" lon="18.594857"><time>2026-05-03T07:03:51.900Z</time></trkpt>
<trkpt lat="54.511780" lon="18.594835"><time>2026-05-03T07:03:52.900Z</time></trkpt>
<trkpt lat="54.511781" lon="18.594814"><time>2026-05-03T07:03:53.900Z</time></trkpt>
<trkpt lat="54.511777" lon="18.594806"><time>2026-05-03T07:03:54.900Z</time></trkpt>
<trkpt lat="54.511776" lon="18.594796"><time>2026-05-03T07:03:55.900Z</time></trkpt>
<trkpt lat="54.511775" lon="18.594779"><time>2026-05-03T07:03:56.900Z</time></trkpt>
<trkpt lat="54.511773" lon="18.594762"><time>2026-05-03T07:03:57.900Z</time></trkpt>
<trkpt lat="54.511773" lon="18.594740"><time>2026-05-03T07:03:58.900Z</time></trkpt>
<trkpt lat="54.511772" lon="18.594721"><time>2026-05-03T07:03:59.900Z</time></trkpt>
<trkpt lat="54.511771" lon="18.594701"><time>2026-05-03T07:04:00.900Z</time></trkpt>
<trkpt lat="54.511771" lon="18.594683"><time>2026-05-03T07:04:01.900Z</time></trkpt>
<trkpt lat="54.511771" lon="18.594666"><time>2026-05-03T07:04:02.900Z</time></trkpt>
<trkpt lat="54.511771" lon="18.594650"><time>2026-05-03T07:04:03.900Z</time></trkpt>
<trkpt lat="54.511771" lon="18.594637"><time>2026-05-03T07:04:04.900Z</time></trkpt>
<trkpt lat="54.511774" lon="18.594624"><time>2026-05-03T07:04:05.900Z</time></trkpt>
<trkpt lat="54.511774" lon="18.594604"><time>2026-05-03T07:04:06.900Z</time></trkpt>
<trkpt lat="54.511772" lon="18.594585"><time>2026-05-03T07:04:07.900Z</time></trkpt>
<trkpt lat="54.511767" lon="18.594561"><time>2026-05-03T07:04:08.900Z</time></trkpt>
<trkpt lat="54.511761" lon="18.594542"><time>2026-05-03T07:04:09.900Z</time></trkpt>
<trkpt lat="54.511756" lon="18.594527"><time>2026-05-03T07:04:10.900Z</time></trkpt>
<trkpt lat="54.511756" lon="18.594514"><time>2026-05-03T07:04:11.900Z</time></trkpt>
<trkpt lat="54.511755" lon="18.594497"><time>2026-05-03T07:04:12.900Z</time></trkpt>
<trkpt lat="54.511757" lon="18.594482"><time>2026-05-03T07:04:13.900Z</time></trkpt>
<trkpt lat="54.511761" lon="18.594467"><time>2026-05-03T07:04:14.900Z</time></trkpt>
<trkpt lat="54.511768" lon="18.594447"><time>2026-05-03T07:04:15.900Z</time></trkpt>
<trkpt lat="54.511772" lon="18.594437"><time>2026-05-03T07:04:16.900Z</time></trkpt>
<trkpt lat="54.511777" lon="18.594421"><time>2026-05-03T07:04:17.900Z</time></trkpt>
<trkpt lat="54.511782" lon="18.594405"><time>2026-05-03T07:04:18.900Z</time></trkpt>
<trkpt lat="54.511786" lon="18.594388"><time>2026-05-03T07:04:19.900Z</time></trkpt>
<trkpt lat="54.511789" lon="18.594371"><time>2026-05-03T07:04:20.900Z</time></trkpt>
<trkpt lat="54.511791" lon="18.594354"><time>2026-05-03T07:04:21.900Z</time></trkpt>
<trkpt lat="54.511792" lon="18.594340"><time>2026-05-03T07:04:22.900Z</time></trkpt>
<trkpt lat="54.511793" lon="18.594323"><time>2026-05-03T07:04:23.900Z</time></trkpt>
<trkpt lat="54.511798" lon="18.594295"><time>2026-05-03T07:04:24.900Z</time></trkpt>
<trkpt lat="54.511802" lon="18.594264"><time>2026-05-03T07:04:25.900Z</time></trkpt>
<trkpt lat="54.511806" lon="18.594241"><time>2026-05-03T07:04:26.900Z</time></trkpt>
<trkpt lat="54.511809" lon="18.594219"><time>2026-05-03T07:04:28.000Z</time></trkpt>
<trkpt lat="54.511810" lon="18.594198"><time>2026-05-03T07:04:29.000Z</time></trkpt>
<trkpt lat="54.511811" lon="18.594173"><time>2026-05-03T07:04:30.000Z</time></trkpt>
<trkpt lat="54.511809" lon="18.594143"><time>2026-05-03T07:04:31.000Z</time></trkpt>
<trkpt lat="54.511810" lon="18.594116"><time>2026-05-03T07:04:32.000Z</time></trkpt>
<trkpt lat="54.511812" lon="18.594086"><time>2026-05-03T07:04:33.000Z</time></trkpt>
<trkpt lat="54.511816" lon="18.594057"><time>2026-05-03T07:04:34.000Z</time></trkpt>
<trkpt lat="54.511823" lon="18.594029"><time>2026-05-03T07:04:35.000Z</time></trkpt>
<trkpt lat="54.511824" lon="18.594004"><time>2026-05-03T07:04:36.000Z</time></trkpt>
<trkpt lat="54.511827" lon="18.593974"><time>2026-05-03T07:04:37.000Z</time></trkpt>
<trkpt lat="54.511829" lon="18.593946"><time>2026-05-03T07:04:38.000Z</time></trkpt>
<trkpt lat="54.511831" lon="18.593915"><time>2026-05-03T07:04:39.000Z</time></trkpt>
<trkpt lat="54.511833" lon="18.593882"><time>2026-05-03T07:04:40.000Z</time></trkpt>
<trkpt lat="54.511833" lon="18.593861"><time>2026-05-03T07:04:41.000Z</time></trkpt>
<trkpt lat="54.511834" lon="18.593835"><time>2026-05-03T07:04:42.000Z</time></trkpt>
<trkpt lat="54.511836" lon="18.593804"><time>2026-05-03T07:04:43.000Z</time></trkpt>
<trkpt lat="54.511833" lon="18.593772"><time>2026-05-03T07:04:44.000Z</time></trkpt>
<trkpt lat="54.511835" lon="18.593735"><time>2026-05-03T07:04:45.000Z</time></trkpt>
<trkpt lat="54.511837" lon="18.593697"><time>2026-05-03T07:04:46.000Z</time></trkpt>
<trkpt lat="54.511837" lon="18.593658"><time>2026-05-03T07:04:47.000Z</time></trkpt>
<trkpt lat="54.511837" lon="18.593617"><time>2026-05-03T07:04:48.000Z</time></trkpt>
<trkpt lat="54.511842" lon="18.593562"><time>2026-05-03T07:04:49.000Z</time></trkpt>
<trkpt lat="54.511845" lon="18.593516"><time>2026-05-03T07:04:50.000Z</time></trkpt>
<trkpt lat="54.511850" lon="18.593473"><time>2026-05-03T07:04:51.000Z</time></trkpt>
<trkpt lat="54.511851" lon="18.593437"><time>2026-05-03T07:04:52.000Z</time></trkpt>
<trkpt lat="54.511852" lon="18.593397"><time>2026-05-03T07:04:53.000Z</time></trkpt>
<trkpt lat="54.511851" lon="18.593359"><time>2026-05-03T07:04:54.000Z</time></trkpt>
<trkpt lat="54.511853" lon="18.593319"><time>2026-05-03T07:04:55.000Z</time></trkpt>
<trkpt lat="54.511855" lon="18.593279"><time>2026-05-03T07:04:56.000Z</time></trkpt>
<trkpt lat="54.511857" lon="18.593238"><time>2026-05-03T07:04:57.000Z</time></trkpt>
<trkpt lat="54.511862" lon="18.593197"><time>2026-05-03T07:04:58.000Z</time></trkpt>
<trkpt lat="54.511866" lon="18.593157"><time>2026-05-03T07:04:59.000Z</time></trkpt>
<trkpt lat="54.511871" lon="18.593116"><time>2026-05-03T07:05:00.000Z</time></trkpt>
<trkpt lat="54.511874" lon="18.593075"><time>2026-05-03T07:05:01.000Z</time></trkpt>
<trkpt lat="54.511876" lon="18.593032"><time>2026-05-03T07:05:02.000Z</time></trkpt>
<trkpt lat="54.511875" lon="18.592990"><time>2026-05-03T07:05:03.000Z</time></trkpt>
<trkpt lat="54.511875" lon="18.592949"><time>2026-05-03T07:05:04.000Z</time></trkpt>
<trkpt lat="54.511875" lon="18.592908"><time>2026-05-03T07:05:05.000Z</time></trkpt>
<trkpt lat="54.511877" lon="18.592868"><time>2026-05-03T07:05:06.000Z</time></trkpt>
<trkpt lat="54.511879" lon="18.592827"><time>2026-05-03T07:05:07.000Z</time></trkpt>
<trkpt lat="54.511882" lon="18.592787"><time>2026-05-03T07:05:08.000Z</time></trkpt>
<trkpt lat="54.511885" lon="18.592747"><time>2026-05-03T07:05:09.000Z</time></trkpt>
<trkpt lat="54.511888" lon="18.592706"><time>2026-05-03T07:05:10.000Z</time></trkpt>
<trkpt lat="54.511889" lon="18.592664"><time>2026-05-03T07:05:11.000Z</time></trkpt>
<trkpt lat="54.511891" lon="18.592621"><time>2026-05-03T07:05:12.000Z</time></trkpt>
<trkpt lat="54.511893" lon="18.592581"><time>2026-05-03T07:05:13.000Z</time></trkpt>
<trkpt lat="54.511892" lon="18.592540"><time>2026-05-03T07:05:14.000Z</time></trkpt>
<trkpt lat="54.511891" lon="18.592499"><time>2026-05-03T07:05:15.000Z</time></trkpt>
<trkpt lat="54.511893" lon="18.592458"><time>2026-05-03T07:05:16.000Z</time></trkpt>
<trkpt lat="54.511897" lon="18.592420"><time>2026-05-03T07:05:17.000Z</time></trkpt>
<trkpt lat="54.511901" lon="18.592382"><time>2026-05-03T07:05:18.000Z</time></trkpt>
<trkpt lat="54.511905" lon="18.592344"><time>2026-05-03T07:05:19.000Z</time></trkpt>
<trkpt lat="54.511909" lon="18.592305"><time>2026-05-03T07:05:20.000Z</time></trkpt>
<trkpt lat="54.511912" lon="18.592268"><time>2026-05-03T07:05:21.000Z</time></trkpt>
<trkpt lat="54.511914" lon="18.592231"><time>2026-05-03T07:05:22.000Z</time></trkpt>
<trkpt lat="54.511916" lon="18.592192"><time>2026-05-03T07:05:23.000Z</time></trkpt>
<trkpt lat="54.511919" lon="18.592154"><time>2026-05-03T07:05:24.000Z</time></trkpt>
<trkpt lat="54.511923" lon="18.592114"><time>2026-05-03T07:05:25.000Z</time></trkpt>
<trkpt lat="54.511931" lon="18.592079"><time>2026-05-03T07:05:26.000Z</time></trkpt>
<trkpt lat="54.511940" lon="18.592044"><time>2026-05-03T07:05:27.000Z</time></trkpt>
<trkpt lat="54.511948" lon="18.592010"><time>2026-05-03T07:05:28.000Z</time></trkpt>
<trkpt lat="54.511954" lon="18.591974"><time>2026-05-03T07:05:29.000Z</time></trkpt>
<trkpt lat="54.511960" lon="18.591935"><time>2026-05-03T07:05:30.000Z</time></trkpt>
<trkpt lat="54.511965" lon="18.591898"><time>2026-05-03T07:05:31.000Z</time></trkpt>
<trkpt lat="54.511973" lon="18.591859"><time>2026-05-03T07:05:32.000Z</time></trkpt>
<trkpt lat="54.511981" lon="18.591823"><time>2026-05-03T07:05:33.000Z</time></trkpt>
<trkpt lat="54.511990" lon="18.591787"><time>2026-05-03T07:05:34.000Z</time></trkpt>
<trkpt lat="54.511999" lon="18.591754"><time>2026-05-03T07:05:35.000Z</time></trkpt>
<trkpt lat="54.512009" lon="18.591716"><time>2026-05-03T07:05:36.000Z</time></trkpt>
<trkpt lat="54.512015" lon="18.591674"><time>2026-05-03T07:05:37.000Z</time></trkpt>
<trkpt lat="54.512022" lon="18.591635"><time>2026-05-03T07:05:38.000Z</time></trkpt>
<trkpt lat="54.512031" lon="18.591599"><time>2026-05-03T07:05:38.900Z</time></trkpt>
<trkpt lat="54.512040" lon="18.591565"><time>2026-05-03T07:05:39.900Z</time></trkpt>
<trkpt lat="54.512049" lon="18.591529"><time>2026-05-03T07:05:40.900Z</time></trkpt>
<trkpt lat="54.512055" lon="18.591491"><time>2026-05-03T07:05:41.900Z</time></trkpt>
<trkpt lat="54.512060" lon="18.591451"><time>2026-05-03T07:05:42.900Z</time></trkpt>
<trkpt lat="54.512066" lon="18.591413"><time>2026-05-03T07:05:43.900Z</time></trkpt>
<trkpt lat="54.512074" lon="18.591373"><time>2026-05-03T07:05:44.900Z</time></trkpt>
<trkpt lat="54.512081" lon="18.591333"><time>2026-05-03T07:05:45.900Z</time></trkpt>
<trkpt lat="54.512089" lon="18.591294"><time>2026-05-03T07:05:46.900Z</time></trkpt>
<trkpt lat="54.512096" lon="18.591256"><time>2026-05-03T07:05:47.900Z</time></trkpt>
<trkpt lat="54.512100" lon="18.591220"><time>2026-05-03T07:05:48.900Z</time></trkpt>
<trkpt lat="54.512104" lon="18.591183"><time>2026-05-03T07:05:49.900Z</time></trkpt>
<trkpt lat="54.512107" lon="18.591149"><time>2026-05-03T07:05:50.900Z</time></trkpt>
<trkpt lat="54.512111" lon="18.591106"><time>2026-05-03T07:05:51.900Z</time></trkpt>
<trkpt lat="54.512114" lon="18.591059"><time>2026-05-03T07:05:52.900Z</time></trkpt>
<trkpt lat="54.512118" lon="18.591016"><time>2026-05-03T07:05:53.900Z</time></trkpt>
<trkpt lat="54.512121" lon="18.590976"><time>2026-05-03T07:05:54.900Z</time></trkpt>
<trkpt lat="54.512125" lon="18.590933"><time>2026-05-03T07:05:55.900Z</time></trkpt>
<trkpt lat="54.512127" lon="18.590890"><time>2026-05-03T07:05:56.900Z</time></trkpt>
<trkpt lat="54.512127" lon="18.590846"><time>2026-05-03T07:05:57.900Z</time></trkpt>
<trkpt lat="54.512127" lon="18.590801"><time>2026-05-03T07:05:58.900Z</time></trkpt>
<trkpt lat="54.512126" lon="18.590755"><time>2026-05-03T07:05:59.900Z</time></trkpt>
<trkpt lat="54.512128" lon="18.590711"><time>2026-05-03T07:06:00.900Z</time></trkpt>
<trkpt lat="54.512127" lon="18.590669"><time>2026-05-03T07:06:01.900Z</time></trkpt>
<trkpt lat="54.512128" lon="18.590627"><time>2026-05-03T07:06:02.900Z</time></trkpt>
<trkpt lat="54.512126" lon="18.590585"><time>2026-05-03T07:06:03.900Z</time></trkpt>
<trkpt lat="54.512125" lon="18.590542"><time>2026-05-03T07:06:04.900Z</time></trkpt>
<trkpt lat="54.512125" lon="18.590497"><time>2026-05-03T07:06:05.900Z</time></trkpt>
<trkpt lat="54.512127" lon="18.590451"><time>2026-05-03T07:06:06.900Z</time></trkpt>
<trkpt lat="54.512128" lon="18.590407"><time>2026-05-03T07:06:07.900Z</time></trkpt>
<trkpt lat="54.512128" lon="18.590366"><time>2026-05-03T07:06:08.900Z</time></trkpt>
<trkpt lat="54.512128" lon="18.590325"><time>2026-05-03T07:06:09.900Z</time></trkpt>
<trkpt lat="54.512126" lon="18.590285"><time>2026-05-03T07:06:10.900Z</time></trkpt>
<trkpt lat="54.512123" lon="18.590245"><time>2026-05-03T07:06:11.900Z</time></trkpt>
<trkpt lat="54.512121" lon="18.590204"><time>2026-05-03T07:06:12.900Z</time></trkpt>
<trkpt lat="54.512121" lon="18.590164"><time>2026-05-03T07:06:13.900Z</time></trkpt>
<trkpt lat="54.512124" lon="18.590126"><time>2026-05-03T07:06:14.900Z</time></trkpt>
<trkpt lat="54.512128" lon="18.590089"><time>2026-05-03T07:06:15.900Z</time></trkpt>
<trkpt lat="54.512132" lon="18.590054"><time>2026-05-03T07:06:16.900Z</time></trkpt>
<trkpt lat="54.512131" lon="18.590015"><time>2026-05-03T07:06:17.900Z</time></trkpt>
<trkpt lat="54.512131" lon="18.589977"><time>2026-05-03T07:06:18.900Z</time></trkpt>
<trkpt lat="54.512130" lon="18.589936"><time>2026-05-03T07:06:19.900Z</time></trkpt>
<trkpt lat="54.512130" lon="18.589897"><time>2026-05-03T07:06:20.900Z</time></trkpt>
<trkpt lat="54.512130" lon="18.589858"><time>2026-05-03T07:06:21.900Z</time></trkpt>
<trkpt lat="54.512129" lon="18.589819"><time>2026-05-03T07:06:22.900Z</time></trkpt>
<trkpt lat="54.512127" lon="18.589779"><time>2026-05-03T07:06:23.900Z</time></trkpt>
<trkpt lat="54.512125" lon="18.589738"><time>2026-05-03T07:06:24.900Z</time></trkpt>
<trkpt lat="54.512123" lon="18.589696"><time>2026-05-03T07:06:25.900Z</time></trkpt>
<trkpt lat="54.512124" lon="18.589655"><time>2026-05-03T07:06:26.900Z</time></trkpt>
<trkpt lat="54.512127" lon="18.589614"><time>2026-05-03T07:06:27.900Z</time></trkpt>
<trkpt lat="54.512129" lon="18.589575"><time>2026-05-03T07:06:28.900Z</time></trkpt>
<trkpt lat="54.512132" lon="18.589535"><time>2026-05-03T07:06:29.900Z</time></trkpt>
<trkpt lat="54.512134" lon="18.589496"><time>2026-05-03T07:06:30.900Z</time></trkpt>
<trkpt lat="54.512136" lon="18.589455"><time>2026-05-03T07:06:31.900Z</time></trkpt>
<trkpt lat="54.512138" lon="18.589414"><time>2026-05-03T07:06:32.900Z</time></trkpt>
<trkpt lat="54.512140" lon="18.589372"><time>2026-05-03T07:06:34.000Z</time></trkpt>
<trkpt lat="54.512143" lon="18.589329"><time>2026-05-03T07:06:35.000Z</time></trkpt>
<trkpt lat="54.512145" lon="18.589286"><time>2026-05-03T07:06:36.000Z</time></trkpt>
<trkpt lat="54.512148" lon="18.589243"><time>2026-05-03T07:06:37.000Z</time></trkpt>
<trkpt lat="54.512150" lon="18.589201"><time>2026-05-03T07:06:38.000Z</time></trkpt>
<trkpt lat="54.512151" lon="18.589158"><time>2026-05-03T07:06:39.000Z</time></trkpt>
<trkpt lat="54.512151" lon="18.589116"><time>2026-05-03T07:06:40.000Z</time></trkpt>
<trkpt lat="54.512152" lon="18.589073"><time>2026-05-03T07:06:41.000Z</time></trkpt>
<trkpt lat="54.512154" lon="18.589030"><time>2026-05-03T07:06:42.000Z</time></trkpt>
<trkpt lat="54.512153" lon="18.588988"><time>2026-05-03T07:06:43.000Z</time></trkpt>
<trkpt lat="54.512155" lon="18.588941"><time>2026-05-03T07:06:44.000Z</time></trkpt>
<trkpt lat="54.512155" lon="18.588892"><time>2026-05-03T07:06:45.000Z</time></trkpt>
<trkpt lat="54.512154" lon="18.588845"><time>2026-05-03T07:06:46.000Z</time></trkpt>
<trkpt lat="54.512155" lon="18.588798"><time>2026-05-03T07:06:47.000Z</time></trkpt>
<trkpt lat="54.512156" lon="18.588742"><time>2026-05-03T07:06:48.000Z</time></trkpt>
<trkpt lat="54.512158" lon="18.588696"><time>2026-05-03T07:06:49.000Z</time></trkpt>
<trkpt lat="54.512159" lon="18.588662"><time>2026-05-03T07:06:50.000Z</time></trkpt>
<trkpt lat="54.512157" lon="18.588625"><time>2026-05-03T07:06:51.000Z</time></trkpt>
<trkpt lat="54.512155" lon="18.588588"><time>2026-05-03T07:06:52.000Z</time></trkpt>
<trkpt lat="54.512154" lon="18.588551"><time>2026-05-03T07:06:53.000Z</time></trkpt>
<trkpt lat="54.512155" lon="18.588511"><time>2026-05-03T07:06:54.000Z</time></trkpt>
<trkpt lat="54.512158" lon="18.588473"><time>2026-05-03T07:06:55.000Z</time></trkpt>
<trkpt lat="54.512161" lon="18.588436"><time>2026-05-03T07:06:56.000Z</time></trkpt>
<trkpt lat="54.512162" lon="18.588395"><time>2026-05-03T07:06:57.000Z</time></trkpt>
<trkpt lat="54.512162" lon="18.588353"><time>2026-05-03T07:06:58.000Z</time></trkpt>
<trkpt lat="54.512163" lon="18.588311"><time>2026-05-03T07:06:59.000Z</time></trkpt>
<trkpt lat="54.512164" lon="18.588270"><time>2026-05-03T07:07:00.000Z</time></trkpt>
<trkpt lat="54.512165" lon="18.588230"><time>2026-05-03T07:07:01.000Z</time></trkpt>
<trkpt lat="54.512168" lon="18.588189"><time>2026-05-03T07:07:02.000Z</time></trkpt>
<trkpt lat="54.512169" lon="18.588148"><time>2026-05-03T07:07:03.000Z</time></trkpt>
<trkpt lat="54.512170" lon="18.588108"><time>2026-05-03T07:07:04.000Z</time></trkpt>
<trkpt lat="54.512169" lon="18.588067"><time>2026-05-03T07:07:05.000Z</time></trkpt>
<trkpt lat="54.512169" lon="18.588025"><time>2026-05-03T07:07:06.000Z</time></trkpt>
<trkpt lat="54.512170" lon="18.587982"><time>2026-05-03T07:07:07.000Z</time></trkpt>
<trkpt lat="54.512171" lon="18.587940"><time>2026-05-03T07:07:08.000Z</time></trkpt>
<trkpt lat="54.512173" lon="18.587899"><time>2026-05-03T07:07:09.000Z</time></trkpt>
<trkpt lat="54.512175" lon="18.587857"><time>2026-05-03T07:07:10.000Z</time></trkpt>
<trkpt lat="54.512176" lon="18.587815"><time>2026-05-03T07:07:11.000Z</time></trkpt>
<trkpt lat="54.512175" lon="18.587772"><time>2026-05-03T07:07:12.000Z</time></trkpt>
<trkpt lat="54.512175" lon="18.587726"><time>2026-05-03T07:07:13.000Z</time></trkpt>
<trkpt lat="54.512176" lon="18.587681"><time>2026-05-03T07:07:14.000Z</time></trkpt>
<trkpt lat="54.512178" lon="18.587638"><time>2026-05-03T07:07:15.000Z</time></trkpt>
<trkpt lat="54.512181" lon="18.587595"><time>2026-05-03T07:07:16.000Z</time></trkpt>
<trkpt lat="54.512181" lon="18.587553"><time>2026-05-03T07:07:17.000Z</time></trkpt>
<trkpt lat="54.512180" lon="18.587512"><time>2026-05-03T07:07:18.000Z</time></trkpt>
<trkpt lat="54.512178" lon="18.587471"><time>2026-05-03T07:07:19.000Z</time></trkpt>
<trkpt lat="54.512176" lon="18.587430"><time>2026-05-03T07:07:20.000Z</time></trkpt>
<trkpt lat="54.512174" lon="18.587387"><time>2026-05-03T07:07:21.000Z</time></trkpt>
<trkpt lat="54.512173" lon="18.587344"><time>2026-05-03T07:07:22.000Z</time></trkpt>
<trkpt lat="54.512172" lon="18.587301"><time>2026-05-03T07:07:23.000Z</time></trkpt>
<trkpt lat="54.512171" lon="18.587258"><time>2026-05-03T07:07:24.000Z</time></trkpt>
<trkpt lat="54.512169" lon="18.587215"><time>2026-05-03T07:07:25.000Z</time></trkpt>
<trkpt lat="54.512168" lon="18.587173"><time>2026-05-03T07:07:26.000Z</time></trkpt>
<trkpt lat="54.512166" lon="18.587130"><time>2026-05-03T07:07:27.000Z</time></trkpt>
<trkpt lat="54.512165" lon="18.587088"><time>2026-05-03T07:07:28.000Z</time></trkpt>
<trkpt lat="54.512161" lon="18.587048"><time>2026-05-03T07:07:28.900Z</time></trkpt>
<trkpt lat="54.512158" lon="18.587003"><time>2026-05-03T07:07:29.900Z</time></trkpt>
<trkpt lat="54.512157" lon="18.586958"><time>2026-05-03T07:07:30.900Z</time></trkpt>
<trkpt lat="54.512157" lon="18.586914"><time>2026-05-03T07:07:31.900Z</time></trkpt>
<trkpt lat="54.512159" lon="18.586870"><time>2026-05-03T07:07:32.900Z</time></trkpt>
<trkpt lat="54.512160" lon="18.586828"><time>2026-05-03T07:07:33.900Z</time></trkpt>
<trkpt lat="54.512160" lon="18.586783"><time>2026-05-03T07:07:34.900Z</time></trkpt>
<trkpt lat="54.512159" lon="18.586740"><time>2026-05-03T07:07:35.900Z</time></trkpt>
<trkpt lat="54.512157" lon="18.586698"><time>2026-05-03T07:07:36.900Z</time></trkpt>
<trkpt lat="54.512156" lon="18.586655"><time>2026-05-03T07:07:37.900Z</time></trkpt>
<trkpt lat="54.512155" lon="18.586612"><time>2026-05-03T07:07:38.900Z</time></trkpt>
<trkpt lat="54.512154" lon="18.586568"><time>2026-05-03T07:07:39.900Z</time></trkpt>
<trkpt lat="54.512153" lon="18.586524"><time>2026-05-03T07:07:40.900Z</time></trkpt>
<trkpt lat="54.512152" lon="18.586479"><time>2026-05-03T07:07:41.900Z</time></trkpt>
<trkpt lat="54.512150" lon="18.586437"><time>2026-05-03T07:07:42.900Z</time></trkpt>
<trkpt lat="54.512148" lon="18.586394"><time>2026-05-03T07:07:43.900Z</time></trkpt>
<trkpt lat="54.512146" lon="18.586352"><time>2026-05-03T07:07:44.900Z</time></trkpt>
<trkpt lat="54.512142" lon="18.586308"><time>2026-05-03T07:07:45.900Z</time></trkpt>
<trkpt lat="54.512139" lon="18.586264"><time>2026-05-03T07:07:46.900Z</time></trkpt>
<trkpt lat="54.512136" lon="18.586220"><time>2026-05-03T07:07:47.900Z</time></trkpt>
<trkpt lat="54.512136" lon="18.586173"><time>2026-05-03T07:07:48.900Z</time></trkpt>
<trkpt lat="54.512134" lon="18.586129"><time>2026-05-03T07:07:49.900Z</time></trkpt>
<trkpt lat="54.512132" lon="18.586086"><time>2026-05-03T07:07:50.900Z</time></trkpt>
<trkpt lat="54.512130" lon="18.586043"><time>2026-05-03T07:07:51.900Z</time></trkpt>
<trkpt lat="54.512127" lon="18.586001"><time>2026-05-03T07:07:52.900Z</time></trkpt>
<trkpt lat="54.512124" lon="18.585959"><time>2026-05-03T07:07:53.900Z</time></trkpt>
<trkpt lat="54.512122" lon="18.585916"><time>2026-05-03T07:07:54.900Z</time></trkpt>
<trkpt lat="54.512121" lon="18.585873"><time>2026-05-03T07:07:55.900Z</time></trkpt>
<trkpt lat="54.512120" lon="18.585830"><time>2026-05-03T07:07:56.900Z</time></trkpt>
<trkpt lat="54.512118" lon="18.585787"><time>2026-05-03T07:07:57.900Z</time></trkpt>
<trkpt lat="54.512117" lon="18.585744"><time>2026-05-03T07:07:58.900Z</time></trkpt>
<trkpt lat="54.512117" lon="18.585702"><time>2026-05-03T07:07:59.900Z</time></trkpt>
<trkpt lat="54.512117" lon="18.585659"><time>2026-05-03T07:08:00.900Z</time></trkpt>
<trkpt lat="54.512117" lon="18.585616"><time>2026-05-03T07:08:01.900Z</time></trkpt>
<trkpt lat="54.512116" lon="18.585573"><time>2026-05-03T07:08:02.900Z</time></trkpt>
<trkpt lat="54.512114" lon="18.585531"><time>2026-05-03T07:08:03.900Z</time></trkpt>
<trkpt lat="54.512112" lon="18.585489"><time>2026-05-03T07:08:04.900Z</time></trkpt>
<trkpt lat="54.512112" lon="18.585447"><time>2026-05-03T07:08:05.900Z</time></trkpt>
<trkpt lat="54.512111" lon="18.585405"><time>2026-05-03T07:08:06.900Z</time></trkpt>
<trkpt lat="54.512111" lon="18.585361"><time>2026-05-03T07:08:07.900Z</time></trkpt>
<trkpt lat="54.512109" lon="18.585320"><time>2026-05-03T07:08:08.900Z</time></trkpt>
<trkpt lat="54.512108" lon="18.585279"><time>2026-05-03T07:08:09.900Z</time></trkpt>
<trkpt lat="54.512105" lon="18.585236"><time>2026-05-03T07:08:10.900Z</time></trkpt>
<trkpt lat="54.512102" lon="18.585193"><time>2026-05-03T07:08:11.900Z</time></trkpt>
<trkpt lat="54.512101" lon="18.585149"><time>2026-05-03T07:08:12.900Z</time></trkpt>
<trkpt lat="54.512100" lon="18.585105"><time>2026-05-03T07:08:13.900Z</time></trkpt>
<trkpt lat="54.512100" lon="18.585062"><time>2026-05-03T07:08:14.900Z</time></trkpt>
<trkpt lat="54.512099" lon="18.585021"><time>2026-05-03T07:08:15.900Z</time></trkpt>
<trkpt lat="54.512097" lon="18.584979"><time>2026-05-03T07:08:16.900Z</time></trkpt>
<trkpt lat="54.512095" lon="18.584938"><time>2026-05-03T07:08:17.900Z</time></trkpt>
<trkpt lat="54.512094" lon="18.584896"><time>2026-05-03T07:08:18.900Z</time></trkpt>
<trkpt lat="54.512094" lon="18.584852"><time>2026-05-03T07:08:19.900Z</time></trkpt>
<trkpt lat="54.512092" lon="18.584808"><time>2026-05-03T07:08:20.900Z</time></trkpt>
<trkpt lat="54.512091" lon="18.584765"><time>2026-05-03T07:08:21.900Z</time></trkpt>
<trkpt lat="54.512090" lon="18.584722"><time>2026-05-03T07:08:22.900Z</time></trkpt>
<trkpt lat="54.512088" lon="18.584680"><time>2026-05-03T07:08:23.900Z</time></trkpt>
<trkpt lat="54.512087" lon="18.584637"><time>2026-05-03T07:08:24.900Z</time></trkpt>
<trkpt lat="54.512086" lon="18.584595"><time>2026-05-03T07:08:25.900Z</time></trkpt>
<trkpt lat="54.512086" lon="18.584553"><time>2026-05-03T07:08:26.900Z</time></trkpt>
<trkpt lat="54.512087" lon="18.584510"><time>2026-05-03T07:08:27.900Z</time></trkpt>
<trkpt lat="54.512089" lon="18.584468"><time>2026-05-03T07:08:28.900Z</time></trkpt>
<trkpt lat="54.512089" lon="18.584426"><time>2026-05-03T07:08:29.900Z</time></trkpt>
<trkpt lat="54.512090" lon="18.584383"><time>2026-05-03T07:08:30.900Z</time></trkpt>
<trkpt lat="54.512089" lon="18.584340"><time>2026-05-03T07:08:31.900Z</time></trkpt>
<trkpt lat="54.512089" lon="18.584297"><time>2026-05-03T07:08:32.900Z</time></trkpt>
<trkpt lat="54.512089" lon="18.584254"><time>2026-05-03T07:08:33.900Z</time></trkpt>
<trkpt lat="54.512091" lon="18.584211"><time>2026-05-03T07:08:34.900Z</time></trkpt>
<trkpt lat="54.512094" lon="18.584170"><time>2026-05-03T07:08:35.900Z</time></trkpt>
<trkpt lat="54.512097" lon="18.584129"><time>2026-05-03T07:08:36.900Z</time></trkpt>
<trkpt lat="54.512097" lon="18.584088"><time>2026-05-03T07:08:37.900Z</time></trkpt>
<trkpt lat="54.512096" lon="18.584046"><time>2026-05-03T07:08:38.900Z</time></trkpt>
<trkpt lat="54.512094" lon="18.584004"><time>2026-05-03T07:08:40.000Z</time></trkpt>
<trkpt lat="54.512091" lon="18.583962"><time>2026-05-03T07:08:41.000Z</time></trkpt>
<trkpt lat="54.512089" lon="18.583919"><time>2026-05-03T07:08:42.000Z</time></trkpt>
<trkpt lat="54.512087" lon="18.583877"><time>2026-05-03T07:08:43.000Z</time></trkpt>
<trkpt lat="54.512087" lon="18.583835"><time>2026-05-03T07:08:44.000Z</time></trkpt>
<trkpt lat="54.512087" lon="18.583793"><time>2026-05-03T07:08:45.000Z</time></trkpt>
<trkpt lat="54.512088" lon="18.583751"><time>2026-05-03T07:08:46.000Z</time></trkpt>
<trkpt lat="54.512088" lon="18.583709"><time>2026-05-03T07:08:47.000Z</time></trkpt>
<trkpt lat="54.512087" lon="18.583667"><time>2026-05-03T07:08:48.000Z</time></trkpt>
<trkpt lat="54.512088" lon="18.583626"><time>2026-05-03T07:08:49.000Z</time></trkpt>
<trkpt lat="54.512091" lon="18.583583"><time>2026-05-03T07:08:50.000Z</time></trkpt>
<trkpt lat="54.512095" lon="18.583543"><time>2026-05-03T07:08:51.000Z</time></trkpt>
<trkpt lat="54.512098" lon="18.583504"><time>2026-05-03T07:08:52.000Z</time></trkpt>
<trkpt lat="54.512101" lon="18.583464"><time>2026-05-03T07:08:53.000Z</time></trkpt>
<trkpt lat="54.512103" lon="18.583425"><time>2026-05-03T07:08:54.000Z</time></trkpt>
<trkpt lat="54.512103" lon="18.583386"><time>2026-05-03T07:08:55.000Z</time></trkpt>
<trkpt lat="54.512104" lon="18.583345"><time>2026-05-03T07:08:56.000Z</time></trkpt>
<trkpt lat="54.512104" lon="18.583303"><time>2026-05-03T07:08:57.000Z</time></trkpt>
<trkpt lat="54.512104" lon="18.583262"><time>2026-05-03T07:08:58.000Z</time></trkpt>
<trkpt lat="54.512103" lon="18.583222"><time>2026-05-03T07:08:59.000Z</time></trkpt>
<trkpt lat="54.512102" lon="18.583182"><time>2026-05-03T07:09:00.000Z</time></trkpt>
<trkpt lat="54.512099" lon="18.583141"><time>2026-05-03T07:09:01.000Z</time></trkpt>
<trkpt lat="54.512097" lon="18.583100"><time>2026-05-03T07:09:02.000Z</time></trkpt>
<trkpt lat="54.512094" lon="18.583058"><time>2026-05-03T07:09:03.000Z</time></trkpt>
<trkpt lat="54.512094" lon="18.583018"><time>2026-05-03T07:09:04.000Z</time></trkpt>
<trkpt lat="54.512095" lon="18.582977"><time>2026-05-03T07:09:05.000Z</time></trkpt>
<trkpt lat="54.512097" lon="18.582937"><time>2026-05-03T07:09:06.000Z</time></trkpt>
<trkpt lat="54.512099" lon="18.582896"><time>2026-05-03T07:09:07.000Z</time></trkpt>
<trkpt lat="54.512102" lon="18.582856"><time>2026-05-03T07:09:08.000Z</time></trkpt>
<trkpt lat="54.512104" lon="18.582816"><time>2026-05-03T07:09:09.000Z</time></trkpt>
<trkpt lat="54.512108" lon="18.582776"><time>2026-05-03T07:09:10.000Z</time></trkpt>
<trkpt lat="54.512108" lon="18.582735"><time>2026-05-03T07:09:11.000Z</time></trkpt>
<trkpt lat="54.512109" lon="18.582693"><time>2026-05-03T07:09:12.000Z</time></trkpt>
<trkpt lat="54.512109" lon="18.582652"><time>2026-05-03T07:09:13.000Z</time></trkpt>
<trkpt lat="54.512109" lon="18.582609"><time>2026-05-03T07:09:14.000Z</time></trkpt>
<trkpt lat="54.512110" lon="18.582566"><time>2026-05-03T07:09:15.000Z</time></trkpt>
<trkpt lat="54.512111" lon="18.582524"><time>2026-05-03T07:09:16.000Z</time></trkpt>
<trkpt lat="54.512111" lon="18.582481"><time>2026-05-03T07:09:17.000Z</time></trkpt>
<trkpt lat="54.512112" lon="18.582437"><time>2026-05-03T07:09:18.000Z</time></trkpt>
<trkpt lat="54.512112" lon="18.582394"><time>2026-05-03T07:09:19.000Z</time></trkpt>
<trkpt lat="54.512112" lon="18.582351"><time>2026-05-03T07:09:20.000Z</time></trkpt>
<trkpt lat="54.512112" lon="18.582308"><time>2026-05-03T07:09:21.000Z</time></trkpt>
<trkpt lat="54.512113" lon="18.582263"><time>2026-05-03T07:09:22.000Z</time></trkpt>
<trkpt lat="54.512113" lon="18.582219"><time>2026-05-03T07:09:23.000Z</time></trkpt>
<trkpt lat="54.512113" lon="18.582175"><time>2026-05-03T07:09:24.000Z</time></trkpt>
<trkpt lat="54.512113" lon="18.582131"><time>2026-05-03T07:09:25.000Z</time></trkpt>
<trkpt lat="54.512112" lon="18.582089"><time>2026-05-03T07:09:26.000Z</time></trkpt>
<trkpt lat="54.512111" lon="18.582046"><time>2026-05-03T07:09:27.000Z</time></trkpt>
<trkpt lat="54.512110" lon="18.582005"><time>2026-05-03T07:09:28.000Z</time></trkpt>
<trkpt lat="54.512109" lon="18.581962"><time>2026-05-03T07:09:29.000Z</time></trkpt>
<trkpt lat="54.512110" lon="18.581919"><time>2026-05-03T07:09:30.000Z</time></trkpt>
<trkpt lat="54.512110" lon="18.581876"><time>2026-05-03T07:09:31.000Z</time></trkpt>
<trkpt lat="54.512111" lon="18.581832"><time>2026-05-03T07:09:32.000Z</time></trkpt>
<trkpt lat="54.512113" lon="18.581791"><time>2026-05-03T07:09:33.000Z</time></trkpt>
<trkpt lat="54.512114" lon="18.581749"><time>2026-05-03T07:09:34.000Z</time></trkpt>
<trkpt lat="54.512116" lon="18.581708"><time>2026-05-03T07:09:35.000Z</time></trkpt>
<trkpt lat="54.512116" lon="18.581666"><time>2026-05-03T07:09:36.000Z</time></trkpt>
<trkpt lat="54.512120" lon="18.581623"><time>2026-05-03T07:09:37.000Z</time></trkpt>
<trkpt lat="54.512121" lon="18.581588"><time>2026-05-03T07:09:38.000Z</time></trkpt>
<trkpt lat="54.512123" lon="18.581552"><time>2026-05-03T07:09:38.900Z</time></trkpt>
<trkpt lat="54.512124" lon="18.581513"><time>2026-05-03T07:09:39.900Z</time></trkpt>
<trkpt lat="54.512125" lon="18.581472"><time>2026-05-03T07:09:40.900Z</time></trkpt>
<trkpt lat="54.512124" lon="18.581432"><time>2026-05-03T07:09:41.900Z</time></trkpt>
<trkpt lat="54.512125" lon="18.581392"><time>2026-05-03T07:09:42.900Z</time></trkpt>
<trkpt lat="54.512126" lon="18.581353"><time>2026-05-03T07:09:43.900Z</time></trkpt>
<trkpt lat="54.512127" lon="18.581315"><time>2026-05-03T07:09:44.900Z</time></trkpt>
<trkpt lat="54.512131" lon="18.581276"><time>2026-05-03T07:09:45.900Z</time></trkpt>
<trkpt lat="54.512134" lon="18.581238"><time>2026-05-03T07:09:46.900Z</time></trkpt>
<trkpt lat="54.512138" lon="18.581201"><time>2026-05-03T07:09:47.900Z</time></trkpt>
<trkpt lat="54.512139" lon="18.581161"><time>2026-05-03T07:09:48.900Z</time></trkpt>
<trkpt lat="54.512140" lon="18.581120"><time>2026-05-03T07:09:49.900Z</time></trkpt>
<trkpt lat="54.512140" lon="18.581080"><time>2026-05-03T07:09:50.900Z</time></trkpt>
<trkpt lat="54.512140" lon="18.581038"><time>2026-05-03T07:09:51.900Z</time></trkpt>
<trkpt lat="54.512141" lon="18.581002"><time>2026-05-03T07:09:52.900Z</time></trkpt>
<trkpt lat="54.512140" lon="18.580959"><time>2026-05-03T07:09:53.900Z</time></trkpt>
<trkpt lat="54.512139" lon="18.580917"><time>2026-05-03T07:09:54.900Z</time></trkpt>
<trkpt lat="54.512136" lon="18.580876"><time>2026-05-03T07:09:55.900Z</time></trkpt>
<trkpt lat="54.512134" lon="18.580834"><time>2026-05-03T07:09:56.900Z</time></trkpt>
<trkpt lat="54.512131" lon="18.580791"><time>2026-05-03T07:09:57.900Z</time></trkpt>
<trkpt lat="54.512128" lon="18.580750"><time>2026-05-03T07:09:58.900Z</time></trkpt>
<trkpt lat="54.512126" lon="18.580709"><time>2026-05-03T07:09:59.900Z</time></trkpt>
<trkpt lat="54.512123" lon="18.580671"><time>2026-05-03T07:10:00.900Z</time></trkpt>
<trkpt lat="54.512122" lon="18.580629"><time>2026-05-03T07:10:01.900Z</time></trkpt>
<trkpt lat="54.512121" lon="18.580588"><time>2026-05-03T07:10:02.900Z</time></trkpt>
<trkpt lat="54.512119" lon="18.580547"><time>2026-05-03T07:10:03.900Z</time></trkpt>
<trkpt lat="54.512118" lon="18.580501"><time>2026-05-03T07:10:04.900Z</time></trkpt>
<trkpt lat="54.512118" lon="18.580456"><time>2026-05-03T07:10:05.900Z</time></trkpt>
<trkpt lat="54.512116" lon="18.580412"><time>2026-05-03T07:10:06.900Z</time></trkpt>
<trkpt lat="54.512115" lon="18.580369"><time>2026-05-03T07:10:07.900Z</time></trkpt>
<trkpt lat="54.512114" lon="18.580326"><time>2026-05-03T07:10:08.900Z</time></trkpt>
<trkpt lat="54.512113" lon="18.580283"><time>2026-05-03T07:10:09.900Z</time></trkpt>
<trkpt lat="54.512112" lon="18.580241"><time>2026-05-03T07:10:10.900Z</time></trkpt>
<trkpt lat="54.512112" lon="18.580197"><time>2026-05-03T07:10:11.900Z</time></trkpt>
<trkpt lat="54.512112" lon="18.580153"><time>2026-05-03T07:10:12.900Z</time></trkpt>
<trkpt lat="54.512111" lon="18.580110"><time>2026-05-03T07:10:13.900Z</time></trkpt>
<trkpt lat="54.512108" lon="18.580066"><time>2026-05-03T07:10:14.900Z</time></trkpt>
<trkpt lat="54.512106" lon="18.580022"><time>2026-05-03T07:10:15.900Z</time></trkpt>
<trkpt lat="54.512104" lon="18.579980"><time>2026-05-03T07:10:16.900Z</time></trkpt>
<trkpt lat="54.512102" lon="18.579937"><time>2026-05-03T07:10:17.900Z</time></trkpt>
<trkpt lat="54.512099" lon="18.579895"><time>2026-05-03T07:10:18.900Z</time></trkpt>
<trkpt lat="54.512097" lon="18.579853"><time>2026-05-03T07:10:19.900Z</time></trkpt>
<trkpt lat="54.512095" lon="18.579811"><time>2026-05-03T07:10:20.900Z</time></trkpt>
<trkpt lat="54.512093" lon="18.579768"><time>2026-05-03T07:10:21.900Z</time></trkpt>
<trkpt lat="54.512090" lon="18.579724"><time>2026-05-03T07:10:22.900Z</time></trkpt>
<trkpt lat="54.512089" lon="18.579681"><time>2026-05-03T07:10:23.900Z</time></trkpt>
<trkpt lat="54.512088" lon="18.579638"><time>2026-05-03T07:10:24.900Z</time></trkpt>
<trkpt lat="54.512087" lon="18.579593"><time>2026-05-03T07:10:25.900Z</time></trkpt>
<trkpt lat="54.512086" lon="18.579548"><time>2026-05-03T07:10:26.900Z</time></trkpt>
<trkpt lat="54.512083" lon="18.579504"><time>2026-05-03T07:10:27.900Z</time></trkpt>
<trkpt lat="54.512081" lon="18.579460"><time>2026-05-03T07:10:28.900Z</time></trkpt>
<trkpt lat="54.512078" lon="18.579415"><time>2026-05-03T07:10:29.900Z</time></trkpt>
<trkpt lat="54.512075" lon="18.579372"><time>2026-05-03T07:10:30.900Z</time></trkpt>
<trkpt lat="54.512071" lon="18.579328"><time>2026-05-03T07:10:31.900Z</time></trkpt>
<trkpt lat="54.512066" lon="18.579284"><time>2026-05-03T07:10:32.900Z</time></trkpt>
<trkpt lat="54.512062" lon="18.579238"><time>2026-05-03T07:10:33.900Z</time></trkpt>
<trkpt lat="54.512057" lon="18.579194"><time>2026-05-03T07:10:34.900Z</time></trkpt>
<trkpt lat="54.512056" lon="18.579149"><time>2026-05-03T07:10:35.900Z</time></trkpt>
<trkpt lat="54.512055" lon="18.579108"><time>2026-05-03T07:10:36.900Z</time></trkpt>
<trkpt lat="54.512058" lon="18.579067"><time>2026-05-03T07:10:37.900Z</time></trkpt>
<trkpt lat="54.512057" lon="18.579023"><time>2026-05-03T07:10:38.900Z</time></trkpt>
<trkpt lat="54.512055" lon="18.578981"><time>2026-05-03T07:10:39.900Z</time></trkpt>
<trkpt lat="54.512051" lon="18.578940"><time>2026-05-03T07:10:40.900Z</time></trkpt>
<trkpt lat="54.512047" lon="18.578896"><time>2026-05-03T07:10:41.900Z</time></trkpt>
<trkpt lat="54.512045" lon="18.578854"><time>2026-05-03T07:10:42.900Z</time></trkpt>
<trkpt lat="54.512043" lon="18.578812"><time>2026-05-03T07:10:43.900Z</time></trkpt>
<trkpt lat="54.512043" lon="18.578770"><time>2026-05-03T07:10:44.900Z</time></trkpt>
<trkpt lat="54.512042" lon="18.578728"><time>2026-05-03T07:10:46.000Z</time></trkpt>
<trkpt lat="54.512039" lon="18.578684"><time>2026-05-03T07:10:47.000Z</time></trkpt>
<trkpt lat="54.512036" lon="18.578642"><time>2026-05-03T07:10:48.000Z</time></trkpt>
<trkpt lat="54.512031" lon="18.578600"><time>2026-05-03T07:10:49.000Z</time></trkpt>
<trkpt lat="54.512028" lon="18.578557"><time>2026-05-03T07:10:50.000Z</time></trkpt>
<trkpt lat="54.512025" lon="18.578514"><time>2026-05-03T07:10:51.000Z</time></trkpt>
<trkpt lat="54.512022" lon="18.578472"><time>2026-05-03T07:10:52.000Z</time></trkpt>
<trkpt lat="54.512021" lon="18.578432"><time>2026-05-03T07:10:53.000Z</time></trkpt>
<trkpt lat="54.512021" lon="18.578390"><time>2026-05-03T07:10:54.000Z</time></trkpt>
<trkpt lat="54.512021" lon="18.578349"><time>2026-05-03T07:10:55.000Z</time></trkpt>
<trkpt lat="54.512021" lon="18.578307"><time>2026-05-03T07:10:56.000Z</time></trkpt>
<trkpt lat="54.512020" lon="18.578265"><time>2026-05-03T07:10:57.000Z</time></trkpt>
<trkpt lat="54.512019" lon="18.578224"><time>2026-05-03T07:10:58.000Z</time></trkpt>
<trkpt lat="54.512017" lon="18.578183"><time>2026-05-03T07:10:59.000Z</time></trkpt>
<trkpt lat="54.512014" lon="18.578142"><time>2026-05-03T07:11:00.000Z</time></trkpt>
<trkpt lat="54.512011" lon="18.578102"><time>2026-05-03T07:11:01.000Z</time></trkpt>
<trkpt lat="54.512009" lon="18.578063"><time>2026-05-03T07:11:02.000Z</time></trkpt>
<trkpt lat="54.512007" lon="18.578022"><time>2026-05-03T07:11:03.000Z</time></trkpt>
<trkpt lat="54.512006" lon="18.577979"><time>2026-05-03T07:11:04.000Z</time></trkpt>
<trkpt lat="54.512006" lon="18.577935"><time>2026-05-03T07:11:05.000Z</time></trkpt>
<trkpt lat="54.512001" lon="18.577900"><time>2026-05-03T07:11:06.000Z</time></trkpt>
<trkpt lat="54.512002" lon="18.577864"><time>2026-05-03T07:11:07.000Z</time></trkpt>
<trkpt lat="54.512007" lon="18.577823"><time>2026-05-03T07:11:08.000Z</time></trkpt>
<trkpt lat="54.512007" lon="18.577783"><time>2026-05-03T07:11:09.000Z</time></trkpt>
<trkpt lat="54.512007" lon="18.577741"><time>2026-05-03T07:11:10.000Z</time></trkpt>
<trkpt lat="54.512009" lon="18.577698"><time>2026-05-03T07:11:11.000Z</time></trkpt>
<trkpt lat="54.512011" lon="18.577653"><time>2026-05-03T07:11:12.000Z</time></trkpt>
<trkpt lat="54.512008" lon="18.577617"><time>2026-05-03T07:11:13.000Z</time></trkpt>
<trkpt lat="54.512003" lon="18.577583"><time>2026-05-03T07:11:14.000Z</time></trkpt>
<trkpt lat="54.512001" lon="18.577543"><time>2026-05-03T07:11:15.000Z</time></trkpt>
<trkpt lat="54.512002" lon="18.577493"><time>2026-05-03T07:11:16.000Z</time></trkpt>
<trkpt lat="54.512003" lon="18.577444"><time>2026-05-03T07:11:17.000Z</time></trkpt>
<trkpt lat="54.512003" lon="18.577399"><time>2026-05-03T07:11:18.000Z</time></trkpt>
<trkpt lat="54.512002" lon="18.577354"><time>2026-05-03T07:11:19.000Z</time></trkpt>
<trkpt lat="54.512003" lon="18.577307"><time>2026-05-03T07:11:20.000Z</time></trkpt>
<trkpt lat="54.512006" lon="18.577267"><time>2026-05-03T07:11:21.000Z</time></trkpt>
<trkpt lat="54.512007" lon="18.577227"><time>2026-05-03T07:11:22.000Z</time></trkpt>
<trkpt lat="54.512007" lon="18.577186"><time>2026-05-03T07:11:23.000Z</time></trkpt>
<trkpt lat="54.512009" lon="18.577141"><time>2026-05-03T07:11:24.000Z</time></trkpt>
<trkpt lat="54.512011" lon="18.577100"><time>2026-05-03T07:11:25.000Z</time></trkpt>
<trkpt lat="54.512010" lon="18.577068"><time>2026-05-03T07:11:26.000Z</time></trkpt>
<trkpt lat="54.512007" lon="18.577024"><time>2026-05-03T07:11:27.000Z</time></trkpt>
<trkpt lat="54.512005" lon="18.576982"><time>2026-05-03T07:11:28.000Z</time></trkpt>
<trkpt lat="54.512004" lon="18.576938"><time>2026-05-03T07:11:29.000Z</time></trkpt>
<trkpt lat="54.512001" lon="18.576897"><time>2026-05-03T07:11:30.000Z</time></trkpt>
<trkpt lat="54.511999" lon="18.576858"><time>2026-05-03T07:11:31.000Z</time></trkpt>
<trkpt lat="54.511999" lon="18.576815"><time>2026-05-03T07:11:32.000Z</time></trkpt>
<trkpt lat="54.511992" lon="18.576787"><time>2026-05-03T07:11:33.000Z</time></trkpt>
<trkpt lat="54.511982" lon="18.576753"><time>2026-05-03T07:11:34.000Z</time></trkpt>
<trkpt lat="54.511966" lon="18.576727"><time>2026-05-03T07:11:35.000Z</time></trkpt>
<trkpt lat="54.511950" lon="18.576708"><time>2026-05-03T07:11:35.900Z</time></trkpt>
<trkpt lat="54.511929" lon="18.576703"><time>2026-05-03T07:11:36.900Z</time></trkpt>
<trkpt lat="54.511908" lon="18.576701"><time>2026-05-03T07:11:37.900Z</time></trkpt>
<trkpt lat="54.511886" lon="18.576700"><time>2026-05-03T07:11:38.900Z</time></trkpt>
<trkpt lat="54.511866" lon="18.576703"><time>2026-05-03T07:11:39.900Z</time></trkpt>
<trkpt lat="54.511853" lon="18.576709"><time>2026-05-03T07:11:40.900Z</time></trkpt>
<trkpt lat="54.511833" lon="18.576718"><time>2026-05-03T07:11:41.900Z</time></trkpt>
<trkpt lat="54.511816" lon="18.576711"><time>2026-05-03T07:11:42.900Z</time></trkpt>
<trkpt lat="54.511805" lon="18.576714"><time>2026-05-03T07:11:43.900Z</time></trkpt>
<trkpt lat="54.511793" lon="18.576715"><time>2026-05-03T07:11:44.900Z</time></trkpt>
<trkpt lat="54.511782" lon="18.576711"><time>2026-05-03T07:11:45.900Z</time></trkpt>
<trkpt lat="54.511779" lon="18.576703"><time>2026-05-03T07:11:46.900Z</time></trkpt>
<trkpt lat="54.511771" lon="18.576702"><time>2026-05-03T07:11:47.900Z</time></trkpt>
<trkpt lat="54.511761" lon="18.576706"><time>2026-05-03T07:11:48.900Z</time></trkpt>
<trkpt lat="54.511748" lon="18.576712"><time>2026-05-03T07:11:49.900Z</time></trkpt>
<trkpt lat="54.511734" lon="18.576718"><time>2026-05-03T07:11:50.900Z</time></trkpt>
<trkpt lat="54.511720" lon="18.576724"><time>2026-05-03T07:11:51.900Z</time></trkpt>
<trkpt lat="54.511707" lon="18.576732"><time>2026-05-03T07:11:52.900Z</time></trkpt>
<trkpt lat="54.511691" lon="18.576734"><time>2026-05-03T07:11:53.900Z</time></trkpt>
<trkpt lat="54.511676" lon="18.576739"><time>2026-05-03T07:11:54.900Z</time></trkpt>
<trkpt lat="54.511661" lon="18.576737"><time>2026-05-03T07:11:55.900Z</time></trkpt>
<trkpt lat="54.511644" lon="18.576738"><time>2026-05-03T07:11:56.900Z</time></trkpt>
<trkpt lat="54.511630" lon="18.576747"><time>2026-05-03T07:11:57.900Z</time></trkpt>
<trkpt lat="54.511611" lon="18.576761"><time>2026-05-03T07:11:58.900Z</time></trkpt>
<trkpt lat="54.511587" lon="18.576773"><time>2026-05-03T07:11:59.900Z</time></trkpt>
<trkpt lat="54.511564" lon="18.576783"><time>2026-05-03T07:12:00.900Z</time></trkpt>
<trkpt lat="54.511541" lon="18.576795"><time>2026-05-03T07:12:01.900Z</time></trkpt>
<trkpt lat="54.511521" lon="18.576802"><time>2026-05-03T07:12:02.900Z</time></trkpt>
<trkpt lat="54.511501" lon="18.576810"><time>2026-05-03T07:12:03.900Z</time></trkpt>
<trkpt lat="54.511480" lon="18.576818"><time>2026-05-03T07:12:04.900Z</time></trkpt>
<trkpt lat="54.511459" lon="18.576823"><time>2026-05-03T07:12:05.900Z</time></trkpt>
<trkpt lat="54.511439" lon="18.576827"><time>2026-05-03T07:12:06.900Z</time></trkpt>
<trkpt lat="54.511417" lon="18.576833"><time>2026-05-03T07:12:07.900Z</time></trkpt>
<trkpt lat="54.511397" lon="18.576842"><time>2026-05-03T07:12:08.900Z</time></trkpt>
<trkpt lat="54.511378" lon="18.576849"><time>2026-05-03T07:12:09.900Z</time></trkpt>
<trkpt lat="54.511361" lon="18.576852"><time>2026-05-03T07:12:10.900Z</time></trkpt>
<trkpt lat="54.511344" lon="18.576855"><time>2026-05-03T07:12:11.900Z</time></trkpt>
<trkpt lat="54.511327" lon="18.576866"><time>2026-05-03T07:12:12.900Z</time></trkpt>
<trkpt lat="54.511306" lon="18.576877"><time>2026-05-03T07:12:13.900Z</time></trkpt>
<trkpt lat="54.511286" lon="18.576881"><time>2026-05-03T07:12:14.900Z</time></trkpt>
<trkpt lat="54.511267" lon="18.576889"><time>2026-05-03T07:12:15.900Z</time></trkpt>
<trkpt lat="54.511248" lon="18.576893"><time>2026-05-03T07:12:16.900Z</time></trkpt>
<trkpt lat="54.511221" lon="18.576896"><time>2026-05-03T07:12:17.900Z</time></trkpt>
<trkpt lat="54.511197" lon="18.576903"><time>2026-05-03T07:12:18.900Z</time></trkpt>
<trkpt lat="54.511174" lon="18.576908"><time>2026-05-03T07:12:19.900Z</time></trkpt>
<trkpt lat="54.511151" lon="18.576912"><time>2026-05-03T07:12:20.900Z</time></trkpt>
<trkpt lat="54.511128" lon="18.576918"><time>2026-05-03T07:12:21.900Z</time></trkpt>
<trkpt lat="54.511104" lon="18.576923"><time>2026-05-03T07:12:22.900Z</time></trkpt>
<trkpt lat="54.511082" lon="18.576928"><time>2026-05-03T07:12:23.900Z</time></trkpt>
<trkpt lat="54.511059" lon="18.576933"><time>2026-05-03T07:12:24.900Z</time></trkpt>
<trkpt lat="54.511036" lon="18.576947"><time>2026-05-03T07:12:25.900Z</time></trkpt>
<trkpt lat="54.511014" lon="18.576955"><time>2026-05-03T07:12:26.900Z</time></trkpt>
<trkpt lat="54.510991" lon="18.576964"><time>2026-05-03T07:12:27.900Z</time></trkpt>
<trkpt lat="54.510967" lon="18.576969"><time>2026-05-03T07:12:28.900Z</time></trkpt>
<trkpt lat="54.510943" lon="18.576974"><time>2026-05-03T07:12:29.900Z</time></trkpt>
<trkpt lat="54.510920" lon="18.576981"><time>2026-05-03T07:12:30.900Z</time></trkpt>
<trkpt lat="54.510897" lon="18.576986"><time>2026-05-03T07:12:31.900Z</time></trkpt>
<trkpt lat="54.510872" lon="18.576991"><time>2026-05-03T07:12:32.900Z</time></trkpt>
<trkpt lat="54.510850" lon="18.576998"><time>2026-05-03T07:12:33.900Z</time></trkpt>
<trkpt lat="54.510827" lon="18.577005"><time>2026-05-03T07:12:34.900Z</time></trkpt>
<trkpt lat="54.510805" lon="18.577011"><time>2026-05-03T07:12:35.900Z</time></trkpt>
<trkpt lat="54.510782" lon="18.577017"><time>2026-05-03T07:12:36.900Z</time></trkpt>
<trkpt lat="54.510759" lon="18.577022"><time>2026-05-03T07:12:37.900Z</time></trkpt>
<trkpt lat="54.510737" lon="18.577027"><time>2026-05-03T07:12:38.900Z</time></trkpt>
<trkpt lat="54.510713" lon="18.577033"><time>2026-05-03T07:12:39.900Z</time></trkpt>
<trkpt lat="54.510691" lon="18.577038"><time>2026-05-03T07:12:40.900Z</time></trkpt>
<trkpt lat="54.510669" lon="18.577042"><time>2026-05-03T07:12:41.900Z</time></trkpt>
<trkpt lat="54.510645" lon="18.577048"><time>2026-05-03T07:12:42.900Z</time></trkpt>
<trkpt lat="54.510623" lon="18.577055"><time>2026-05-03T07:12:43.900Z</time></trkpt>
<trkpt lat="54.510599" lon="18.577057"><time>2026-05-03T07:12:44.900Z</time></trkpt>
<trkpt lat="54.510576" lon="18.577059"><time>2026-05-03T07:12:45.900Z</time></trkpt>
<trkpt lat="54.510554" lon="18.577063"><time>2026-05-03T07:12:46.900Z</time></trkpt>
<trkpt lat="54.510528" lon="18.577065"><time>2026-05-03T07:12:47.900Z</time></trkpt>
<trkpt lat="54.510491" lon="18.577066"><time>2026-05-03T07:12:48.900Z</time></trkpt>
<trkpt lat="54.510459" lon="18.577068"><time>2026-05-03T07:12:49.900Z</time></trkpt>
<trkpt lat="54.510426" lon="18.577070"><time>2026-05-03T07:12:51.000Z</time></trkpt>
<trkpt lat="54.510399" lon="18.577072"><time>2026-05-03T07:12:52.000Z</time></trkpt>
<trkpt lat="54.510383" lon="18.577069"><time>2026-05-03T07:12:53.000Z</time></trkpt>
<trkpt lat="54.510369" lon="18.577059"><time>2026-05-03T07:12:54.000Z</time></trkpt>
<trkpt lat="54.510356" lon="18.577053"><time>2026-05-03T07:12:55.000Z</time></trkpt>
<trkpt lat="54.510339" lon="18.577052"><time>2026-05-03T07:12:56.000Z</time></trkpt>
<trkpt lat="54.510315" lon="18.577052"><time>2026-05-03T07:12:57.000Z</time></trkpt>
<trkpt lat="54.510291" lon="18.577054"><time>2026-05-03T07:12:58.000Z</time></trkpt>
<trkpt lat="54.510269" lon="18.577053"><time>2026-05-03T07:12:59.000Z</time></trkpt>
<trkpt lat="54.510245" lon="18.577053"><time>2026-05-03T07:13:00.000Z</time></trkpt>
<trkpt lat="54.510219" lon="18.577052"><time>2026-05-03T07:13:01.000Z</time></trkpt>
<trkpt lat="54.510197" lon="18.577050"><time>2026-05-03T07:13:02.000Z</time></trkpt>
<trkpt lat="54.510174" lon="18.577048"><time>2026-05-03T07:13:03.000Z</time></trkpt>
<trkpt lat="54.510150" lon="18.577047"><time>2026-05-03T07:13:04.000Z</time></trkpt>
<trkpt lat="54.510125" lon="18.577047"><time>2026-05-03T07:13:05.000Z</time></trkpt>
<trkpt lat="54.510101" lon="18.577046"><time>2026-05-03T07:13:06.000Z</time></trkpt>
<trkpt lat="54.510078" lon="18.577041"><time>2026-05-03T07:13:07.000Z</time></trkpt>
<trkpt lat="54.510054" lon="18.577036"><time>2026-05-03T07:13:08.000Z</time></trkpt>
<trkpt lat="54.510029" lon="18.577032"><time>2026-05-03T07:13:09.000Z</time></trkpt>
<trkpt lat="54.510005" lon="18.577032"><time>2026-05-03T07:13:10.000Z</time></trkpt>
<trkpt lat="54.509981" lon="18.577033"><time>2026-05-03T07:13:11.000Z</time></trkpt>
<trkpt lat="54.509956" lon="18.577032"><time>2026-05-03T07:13:12.000Z</time></trkpt>
<trkpt lat="54.509932" lon="18.577030"><time>2026-05-03T07:13:13.000Z</time></trkpt>
<trkpt lat="54.509907" lon="18.577029"><time>2026-05-03T07:13:14.000Z</time></trkpt>
<trkpt lat="54.509884" lon="18.577027"><time>2026-05-03T07:13:15.000Z</time></trkpt>
<trkpt lat="54.509861" lon="18.577025"><time>2026-05-03T07:13:16.000Z</time></trkpt>
<trkpt lat="54.509834" lon="18.577023"><time>2026-05-03T07:13:17.000Z</time></trkpt>
<trkpt lat="54.509810" lon="18.577023"><time>2026-05-03T07:13:18.000Z</time></trkpt>
<trkpt lat="54.509784" lon="18.577028"><time>2026-05-03T07:13:19.000Z</time></trkpt>
<trkpt lat="54.509757" lon="18.577034"><time>2026-05-03T07:13:20.000Z</time></trkpt>
<trkpt lat="54.509731" lon="18.577036"><time>2026-05-03T07:13:21.000Z</time></trkpt>
<trkpt lat="54.509707" lon="18.577040"><time>2026-05-03T07:13:22.000Z</time></trkpt>
<trkpt lat="54.509684" lon="18.577041"><time>2026-05-03T07:13:23.000Z</time></trkpt>
<trkpt lat="54.509661" lon="18.577042"><time>2026-05-03T07:13:24.000Z</time></trkpt>
<trkpt lat="54.509638" lon="18.577045"><time>2026-05-03T07:13:25.000Z</time></trkpt>
<trkpt lat="54.509612" lon="18.577051"><time>2026-05-03T07:13:26.000Z</time></trkpt>
<trkpt lat="54.509587" lon="18.577058"><time>2026-05-03T07:13:27.000Z</time></trkpt>
<trkpt lat="54.509563" lon="18.577068"><time>2026-05-03T07:13:27.900Z</time></trkpt>
<trkpt lat="54.509542" lon="18.577071"><time>2026-05-03T07:13:28.900Z</time></trkpt>
<trkpt lat="54.509520" lon="18.577076"><time>2026-05-03T07:13:29.900Z</time></trkpt>
<trkpt lat="54.509496" lon="18.577082"><time>2026-05-03T07:13:30.900Z</time></trkpt>
<trkpt lat="54.509471" lon="18.577091"><time>2026-05-03T07:13:31.900Z</time></trkpt>
<trkpt lat="54.509449" lon="18.577098"><time>2026-05-03T07:13:32.900Z</time></trkpt>
<trkpt lat="54.509426" lon="18.577110"><time>2026-05-03T07:13:33.900Z</time></trkpt>
<trkpt lat="54.509404" lon="18.577118"><time>2026-05-03T07:13:34.900Z</time></trkpt>
<trkpt lat="54.509382" lon="18.577128"><time>2026-05-03T07:13:35.900Z</time></trkpt>
<trkpt lat="54.509359" lon="18.577133"><time>2026-05-03T07:13:36.900Z</time></trkpt>
<trkpt lat="54.509336" lon="18.577140"><time>2026-05-03T07:13:37.900Z</time></trkpt>
<trkpt lat="54.509313" lon="18.577145"><time>2026-05-03T07:13:38.900Z</time></trkpt>
<trkpt lat="54.509289" lon="18.577153"><time>2026-05-03T07:13:39.900Z</time></trkpt>
<trkpt lat="54.509265" lon="18.577162"><time>2026-05-03T07:13:40.900Z</time></trkpt>
<trkpt lat="54.509241" lon="18.577171"><time>2026-05-03T07:13:41.900Z</time></trkpt>
<trkpt lat="54.509219" lon="18.577176"><time>2026-05-03T07:13:42.900Z</time></trkpt>
<trkpt lat="54.509195" lon="18.577184"><time>2026-05-03T07:13:43.900Z</time></trkpt>
<trkpt lat="54.509172" lon="18.577195"><time>2026-05-03T07:13:44.900Z</time></trkpt>
<trkpt lat="54.509150" lon="18.577203"><time>2026-05-03T07:13:45.900Z</time></trkpt>
<trkpt lat="54.509127" lon="18.577208"><time>2026-05-03T07:13:46.900Z</time></trkpt>
<trkpt lat="54.509104" lon="18.577212"><time>2026-05-03T07:13:47.900Z</time></trkpt>
<trkpt lat="54.509082" lon="18.577220"><time>2026-05-03T07:13:48.900Z</time></trkpt>
<trkpt lat="54.509061" lon="18.577227"><time>2026-05-03T07:13:49.900Z</time></trkpt>
<trkpt lat="54.509039" lon="18.577235"><time>2026-05-03T07:13:50.900Z</time></trkpt>
<trkpt lat="54.509017" lon="18.577240"><time>2026-05-03T07:13:51.900Z</time></trkpt>
<trkpt lat="54.508993" lon="18.577245"><time>2026-05-03T07:13:52.900Z</time></trkpt>
<trkpt lat="54.508970" lon="18.577248"><time>2026-05-03T07:13:53.900Z</time></trkpt>
<trkpt lat="54.508948" lon="18.577249"><time>2026-05-03T07:13:54.900Z</time></trkpt>
<trkpt lat="54.508926" lon="18.577253"><time>2026-05-03T07:13:55.900Z</time></trkpt>
<trkpt lat="54.508904" lon="18.577259"><time>2026-05-03T07:13:56.900Z</time></trkpt>
<trkpt lat="54.508882" lon="18.577264"><time>2026-05-03T07:13:57.900Z</time></trkpt>
<trkpt lat="54.508859" lon="18.577271"><time>2026-05-03T07:13:58.900Z</time></trkpt>
<trkpt lat="54.508835" lon="18.577275"><time>2026-05-03T07:13:59.900Z</time></trkpt>
<trkpt lat="54.508814" lon="18.577278"><time>2026-05-03T07:14:00.900Z</time></trkpt>
<trkpt lat="54.508790" lon="18.577285"><time>2026-05-03T07:14:01.900Z</time></trkpt>
<trkpt lat="54.508767" lon="18.577290"><time>2026-05-03T07:14:02.900Z</time></trkpt>
<trkpt lat="54.508744" lon="18.577298"><time>2026-05-03T07:14:03.900Z</time></trkpt>
<trkpt lat="54.508721" lon="18.577304"><time>2026-05-03T07:14:04.900Z</time></trkpt>
<trkpt lat="54.508699" lon="18.577311"><time>2026-05-03T07:14:05.900Z</time></trkpt>
<trkpt lat="54.508677" lon="18.577318"><time>2026-05-03T07:14:06.900Z</time></trkpt>
<trkpt lat="54.508654" lon="18.577325"><time>2026-05-03T07:14:07.900Z</time></trkpt>
<trkpt lat="54.508632" lon="18.577333"><time>2026-05-03T07:14:08.900Z</time></trkpt>
<trkpt lat="54.508610" lon="18.577341"><time>2026-05-03T07:14:09.900Z</time></trkpt>
<trkpt lat="54.508589" lon="18.577348"><time>2026-05-03T07:14:10.900Z</time></trkpt>
<trkpt lat="54.508567" lon="18.577358"><time>2026-05-03T07:14:11.900Z</time></trkpt>
<trkpt lat="54.508546" lon="18.577368"><time>2026-05-03T07:14:12.900Z</time></trkpt>
<trkpt lat="54.508524" lon="18.577378"><time>2026-05-03T07:14:13.900Z</time></trkpt>
<trkpt lat="54.508503" lon="18.577387"><time>2026-05-03T07:14:14.900Z</time></trkpt>
<trkpt lat="54.508481" lon="18.577396"><time>2026-05-03T07:14:15.900Z</time></trkpt>
<trkpt lat="54.508458" lon="18.577404"><time>2026-05-03T07:14:16.900Z</time></trkpt>
<trkpt lat="54.508436" lon="18.577412"><time>2026-05-03T07:14:17.900Z</time></trkpt>
<trkpt lat="54.508412" lon="18.577421"><time>2026-05-03T07:14:18.900Z</time></trkpt>
<trkpt lat="54.508389" lon="18.577426"><time>2026-05-03T07:14:19.900Z</time></trkpt>
<trkpt lat="54.508365" lon="18.577430"><time>2026-05-03T07:14:20.900Z</time></trkpt>
<trkpt lat="54.508340" lon="18.577437"><time>2026-05-03T07:14:21.900Z</time></trkpt>
<trkpt lat="54.508316" lon="18.577446"><time>2026-05-03T07:14:22.900Z</time></trkpt>
<trkpt lat="54.508292" lon="18.577457"><time>2026-05-03T07:14:23.900Z</time></trkpt>
<trkpt lat="54.508270" lon="18.577469"><time>2026-05-03T07:14:24.900Z</time></trkpt>
<trkpt lat="54.508247" lon="18.577481"><time>2026-05-03T07:14:25.900Z</time></trkpt>
<trkpt lat="54.508223" lon="18.577493"><time>2026-05-03T07:14:26.900Z</time></trkpt>
<trkpt lat="54.508200" lon="18.577502"><time>2026-05-03T07:14:27.900Z</time></trkpt>
<trkpt lat="54.508175" lon="18.577511"><time>2026-05-03T07:14:28.900Z</time></trkpt>
<trkpt lat="54.508151" lon="18.577518"><time>2026-05-03T07:14:29.900Z</time></trkpt>
<trkpt lat="54.508125" lon="18.577525"><time>2026-05-03T07:14:30.900Z</time></trkpt>
<trkpt lat="54.508100" lon="18.577530"><time>2026-05-03T07:14:31.900Z</time></trkpt>
<trkpt lat="54.508076" lon="18.577534"><time>2026-05-03T07:14:32.900Z</time></trkpt>
<trkpt lat="54.508050" lon="18.577538"><time>2026-05-03T07:14:33.900Z</time></trkpt>
<trkpt lat="54.508024" lon="18.577541"><time>2026-05-03T07:14:34.900Z</time></trkpt>
<trkpt lat="54.507998" lon="18.577542"><time>2026-05-03T07:14:35.900Z</time></trkpt>
<trkpt lat="54.507971" lon="18.577545"><time>2026-05-03T07:14:36.900Z</time></trkpt>
<trkpt lat="54.507945" lon="18.577552"><time>2026-05-03T07:14:37.900Z</time></trkpt>
<trkpt lat="54.507920" lon="18.577559"><time>2026-05-03T07:14:38.900Z</time></trkpt>
<trkpt lat="54.507895" lon="18.577567"><time>2026-05-03T07:14:39.900Z</time></trkpt>
<trkpt lat="54.507870" lon="18.577573"><time>2026-05-03T07:14:40.900Z</time></trkpt>
<trkpt lat="54.507844" lon="18.577577"><time>2026-05-03T07:14:41.900Z</time></trkpt>
<trkpt lat="54.507818" lon="18.577581"><time>2026-05-03T07:14:42.900Z</time></trkpt>
<trkpt lat="54.507793" lon="18.577585"><time>2026-05-03T07:14:43.900Z</time></trkpt>
<trkpt lat="54.507767" lon="18.577590"><time>2026-05-03T07:14:44.900Z</time></trkpt>
<trkpt lat="54.507741" lon="18.577595"><time>2026-05-03T07:14:45.900Z</time></trkpt>
<trkpt lat="54.507715" lon="18.577604"><time>2026-05-03T07:14:46.900Z</time></trkpt>
<trkpt lat="54.507690" lon="18.577613"><time>2026-05-03T07:14:47.900Z</time></trkpt>
<trkpt lat="54.507664" lon="18.577622"><time>2026-05-03T07:14:48.900Z</time></trkpt>
<trkpt lat="54.507639" lon="18.577630"><time>2026-05-03T07:14:49.900Z</time></trkpt>
<trkpt lat="54.507615" lon="18.577640"><time>2026-05-03T07:14:50.900Z</time></trkpt>
<trkpt lat="54.507590" lon="18.577651"><time>2026-05-03T07:14:51.900Z</time></trkpt>
<trkpt lat="54.507566" lon="18.577659"><time>2026-05-03T07:14:52.900Z</time></trkpt>
<trkpt lat="54.507541" lon="18.577668"><time>2026-05-03T07:14:53.900Z</time></trkpt>
<trkpt lat="54.507517" lon="18.577676"><time>2026-05-03T07:14:54.900Z</time></trkpt>
<trkpt lat="54.507495" lon="18.577684"><time>2026-05-03T07:14:56.000Z</time></trkpt>
<trkpt lat="54.507469" lon="18.577696"><time>2026-05-03T07:14:57.000Z</time></trkpt>
<trkpt lat="54.507444" lon="18.577708"><time>2026-05-03T07:14:58.000Z</time></trkpt>
<trkpt lat="54.507424" lon="18.577718"><time>2026-05-03T07:14:59.000Z</time></trkpt>
<trkpt lat="54.507405" lon="18.577721"><time>2026-05-03T07:15:00.000Z</time></trkpt>
<trkpt lat="54.507384" lon="18.577725"><time>2026-05-03T07:15:00.900Z</time></trkpt>
<trkpt lat="54.507358" lon="18.577737"><time>2026-05-03T07:15:02.000Z</time></trkpt>
<trkpt lat="54.507339" lon="18.577744"><time>2026-05-03T07:15:03.000Z</time></trkpt>
<trkpt lat="54.507317" lon="18.577755"><time>2026-05-03T07:15:03.900Z</time></trkpt>
<trkpt lat="54.507292" lon="18.577760"><time>2026-05-03T07:15:04.900Z</time></trkpt>
<trkpt lat="54.507268" lon="18.577766"><time>2026-05-03T07:15:06.000Z</time></trkpt>
<trkpt lat="54.507244" lon="18.577772"><time>2026-05-03T07:15:06.900Z</time></trkpt>
<trkpt lat="54.507221" lon="18.577777"><time>2026-05-03T07:15:08.000Z</time></trkpt>
<trkpt lat="54.507198" lon="18.577783"><time>2026-05-03T07:15:09.000Z</time></trkpt>
<trkpt lat="54.507175" lon="18.577791"><time>2026-05-03T07:15:09.900Z</time></trkpt>
<trkpt lat="54.507151" lon="18.577799"><time>2026-05-03T07:15:10.900Z</time></trkpt>
<trkpt lat="54.507128" lon="18.577808"><time>2026-05-03T07:15:11.900Z</time></trkpt>
<trkpt lat="54.507104" lon="18.577816"><time>2026-05-03T07:15:12.900Z</time></trkpt>
<trkpt lat="54.507080" lon="18.577823"><time>2026-05-03T07:15:13.900Z</time></trkpt>
<trkpt lat="54.507057" lon="18.577831"><time>2026-05-03T07:15:14.900Z</time></trkpt>
<trkpt lat="54.507035" lon="18.577837"><time>2026-05-03T07:15:15.900Z</time></trkpt>
<trkpt lat="54.507013" lon="18.577845"><time>2026-05-03T07:15:16.900Z</time></trkpt>
<trkpt lat="54.506989" lon="18.577856"><time>2026-05-03T07:15:17.900Z</time></trkpt>
<trkpt lat="54.506966" lon="18.577866"><time>2026-05-03T07:15:18.900Z</time></trkpt>
<trkpt lat="54.506943" lon="18.577874"><time>2026-05-03T07:15:19.900Z</time></trkpt>
<trkpt lat="54.506921" lon="18.577881"><time>2026-05-03T07:15:20.900Z</time></trkpt>
<trkpt lat="54.506900" lon="18.577889"><time>2026-05-03T07:15:21.900Z</time></trkpt>
<trkpt lat="54.506878" lon="18.577897"><time>2026-05-03T07:15:22.900Z</time></trkpt>
<trkpt lat="54.506856" lon="18.577904"><time>2026-05-03T07:15:23.900Z</time></trkpt>
<trkpt lat="54.506834" lon="18.577910"><time>2026-05-03T07:15:24.900Z</time></trkpt>
<trkpt lat="54.506811" lon="18.577916"><time>2026-05-03T07:15:25.900Z</time></trkpt>
<trkpt lat="54.506786" lon="18.577925"><time>2026-05-03T07:15:26.900Z</time></trkpt>
<trkpt lat="54.506763" lon="18.577933"><time>2026-05-03T07:15:27.900Z</time></trkpt>
<trkpt lat="54.506739" lon="18.577940"><time>2026-05-03T07:15:28.900Z</time></trkpt>
<trkpt lat="54.506716" lon="18.577945"><time>2026-05-03T07:15:29.900Z</time></trkpt>
<trkpt lat="54.506695" lon="18.577949"><time>2026-05-03T07:15:30.900Z</time></trkpt>
<trkpt lat="54.506673" lon="18.577951"><time>2026-05-03T07:15:31.900Z</time></trkpt>
<trkpt lat="54.506654" lon="18.577956"><time>2026-05-03T07:15:32.900Z</time></trkpt>
<trkpt lat="54.506634" lon="18.577963"><time>2026-05-03T07:15:33.900Z</time></trkpt>
<trkpt lat="54.506610" lon="18.577973"><time>2026-05-03T07:15:34.900Z</time></trkpt>
<trkpt lat="54.506586" lon="18.577981"><time>2026-05-03T07:15:35.900Z</time></trkpt>
<trkpt lat="54.506570" lon="18.577997"><time>2026-05-03T07:15:36.900Z</time></trkpt>
<trkpt lat="54.506542" lon="18.578006"><time>2026-05-03T07:15:37.900Z</time></trkpt>
<trkpt lat="54.506518" lon="18.578014"><time>2026-05-03T07:15:38.900Z</time></trkpt>
<trkpt lat="54.506493" lon="18.578021"><time>2026-05-03T07:15:39.900Z</time></trkpt>
<trkpt lat="54.506470" lon="18.578029"><time>2026-05-03T07:15:40.900Z</time></trkpt>
<trkpt lat="54.506447" lon="18.578037"><time>2026-05-03T07:15:41.900Z</time></trkpt>
<trkpt lat="54.506424" lon="18.578045"><time>2026-05-03T07:15:42.900Z</time></trkpt>
<trkpt lat="54.506400" lon="18.578051"><time>2026-05-03T07:15:43.900Z</time></trkpt>
<trkpt lat="54.506378" lon="18.578057"><time>2026-05-03T07:15:44.900Z</time></trkpt>
<trkpt lat="54.506356" lon="18.578065"><time>2026-05-03T07:15:45.900Z</time></trkpt>
<trkpt lat="54.506334" lon="18.578073"><time>2026-05-03T07:15:46.900Z</time></trkpt>
<trkpt lat="54.506311" lon="18.578080"><time>2026-05-03T07:15:47.900Z</time></trkpt>
<trkpt lat="54.506287" lon="18.578086"><time>2026-05-03T07:15:48.900Z</time></trkpt>
<trkpt lat="54.506265" lon="18.578091"><time>2026-05-03T07:15:49.900Z</time></trkpt>
<trkpt lat="54.506241" lon="18.578095"><time>2026-05-03T07:15:50.900Z</time></trkpt>
<trkpt lat="54.506218" lon="18.578100"><time>2026-05-03T07:15:51.900Z</time></trkpt>
<trkpt lat="54.506194" lon="18.578105"><time>2026-05-03T07:15:52.900Z</time></trkpt>
<trkpt lat="54.506171" lon="18.578111"><time>2026-05-03T07:15:53.900Z</time></trkpt>
<trkpt lat="54.506148" lon="18.578116"><time>2026-05-03T07:15:54.900Z</time></trkpt>
<trkpt lat="54.506124" lon="18.578121"><time>2026-05-03T07:15:55.900Z</time></trkpt>
<trkpt lat="54.506101" lon="18.578126"><time>2026-05-03T07:15:56.900Z</time></trkpt>
<trkpt lat="54.506077" lon="18.578131"><time>2026-05-03T07:15:57.900Z</time></trkpt>
<trkpt lat="54.506055" lon="18.578135"><time>2026-05-03T07:15:58.900Z</time></trkpt>
<trkpt lat="54.506033" lon="18.578140"><time>2026-05-03T07:15:59.900Z</time></trkpt>
<trkpt lat="54.506008" lon="18.578144"><time>2026-05-03T07:16:00.900Z</time></trkpt>
<trkpt lat="54.505984" lon="18.578147"><time>2026-05-03T07:16:01.900Z</time></trkpt>
<trkpt lat="54.505961" lon="18.578157"><time>2026-05-03T07:16:02.900Z</time></trkpt>
<trkpt lat="54.505941" lon="18.578165"><time>2026-05-03T07:16:03.900Z</time></trkpt>
<trkpt lat="54.505919" lon="18.578174"><time>2026-05-03T07:16:04.900Z</time></trkpt>
<trkpt lat="54.505895" lon="18.578185"><time>2026-05-03T07:16:05.900Z</time></trkpt>
<trkpt lat="54.505870" lon="18.578196"><time>2026-05-03T07:16:06.900Z</time></trkpt>
<trkpt lat="54.505850" lon="18.578209"><time>2026-05-03T07:16:07.900Z</time></trkpt>
<trkpt lat="54.505829" lon="18.578221"><time>2026-05-03T07:16:08.900Z</time></trkpt>
<trkpt lat="54.505814" lon="18.578223"><time>2026-05-03T07:16:09.900Z</time></trkpt>
<trkpt lat="54.505795" lon="18.578229"><time>2026-05-03T07:16:10.900Z</time></trkpt>
<trkpt lat="54.505774" lon="18.578235"><time>2026-05-03T07:16:11.900Z</time></trkpt>
<trkpt lat="54.505752" lon="18.578238"><time>2026-05-03T07:16:12.900Z</time></trkpt>
<trkpt lat="54.505730" lon="18.578245"><time>2026-05-03T07:16:13.900Z</time></trkpt>
<trkpt lat="54.505701" lon="18.578252"><time>2026-05-03T07:16:14.900Z</time></trkpt>
<trkpt lat="54.505677" lon="18.578255"><time>2026-05-03T07:16:15.900Z</time></trkpt>
<trkpt lat="54.505656" lon="18.578256"><time>2026-05-03T07:16:16.900Z</time></trkpt>
<trkpt lat="54.505646" lon="18.578289"><time>2026-05-03T07:16:17.900Z</time></trkpt>
<trkpt lat="54.505630" lon="18.578313"><time>2026-05-03T07:16:18.900Z</time></trkpt>
<trkpt lat="54.505607" lon="18.578324"><time>2026-05-03T07:16:19.900Z</time></trkpt>
<trkpt lat="54.505590" lon="18.578308"><time>2026-05-03T07:16:20.900Z</time></trkpt>
<trkpt lat="54.505570" lon="18.578297"><time>2026-05-03T07:16:21.900Z</time></trkpt>
<trkpt lat="54.505555" lon="18.578279"><time>2026-05-03T07:16:22.900Z</time></trkpt>
<trkpt lat="54.505547" lon="18.578255"><time>2026-05-03T07:16:23.900Z</time></trkpt>
<trkpt lat="54.505535" lon="18.578231"><time>2026-05-03T07:16:24.900Z</time></trkpt>
<trkpt lat="54.505531" lon="18.578202"><time>2026-05-03T07:16:25.900Z</time></trkpt>
<trkpt lat="54.505527" lon="18.578175"><time>2026-05-03T07:16:26.900Z</time></trkpt>
<trkpt lat="54.505524" lon="18.578150"><time>2026-05-03T07:16:27.900Z</time></trkpt>
<trkpt lat="54.505526" lon="18.578109"><time>2026-05-03T07:16:28.900Z</time></trkpt>
<trkpt lat="54.505522" lon="18.578082"><time>2026-05-03T07:16:29.900Z</time></trkpt>
<trkpt lat="54.505520" lon="18.578063"><time>2026-05-03T07:16:30.900Z</time></trkpt>
<trkpt lat="54.505518" lon="18.578042"><time>2026-05-03T07:16:31.900Z</time></trkpt>
<trkpt lat="54.505516" lon="18.578017"><time>2026-05-03T07:16:32.900Z</time></trkpt>
<trkpt lat="54.505516" lon="18.577991"><time>2026-05-03T07:16:33.900Z</time></trkpt>
<trkpt lat="54.505520" lon="18.577967"><time>2026-05-03T07:16:34.900Z</time></trkpt>
<trkpt lat="54.505528" lon="18.577941"><time>2026-05-03T07:16:35.900Z</time></trkpt>
<trkpt lat="54.505541" lon="18.577908"><time>2026-05-03T07:16:36.900Z</time></trkpt>
<trkpt lat="54.505552" lon="18.577876"><time>2026-05-03T07:16:37.900Z</time></trkpt>
<trkpt lat="54.505564" lon="18.577848"><time>2026-05-03T07:16:38.900Z</time></trkpt>
<trkpt lat="54.505578" lon="18.577822"><time>2026-05-03T07:16:39.900Z</time></trkpt>
<trkpt lat="54.505594" lon="18.577797"><time>2026-05-03T07:16:40.900Z</time></trkpt>
<trkpt lat="54.505609" lon="18.577772"><time>2026-05-03T07:16:41.900Z</time></trkpt>
<trkpt lat="54.505624" lon="18.577749"><time>2026-05-03T07:16:42.900Z</time></trkpt>
<trkpt lat="54.505636" lon="18.577723"><time>2026-05-03T07:16:43.900Z</time></trkpt>
<trkpt lat="54.505649" lon="18.577694"><time>2026-05-03T07:16:44.900Z</time></trkpt>
<trkpt lat="54.505658" lon="18.577662"><time>2026-05-03T07:16:45.900Z</time></trkpt>
<trkpt lat="54.505669" lon="18.577631"><time>2026-05-03T07:16:46.900Z</time></trkpt>
<trkpt lat="54.505675" lon="18.577593"><time>2026-05-03T07:16:47.900Z</time></trkpt>
<trkpt lat="54.505679" lon="18.577559"><time>2026-05-03T07:16:48.900Z</time></trkpt>
<trkpt lat="54.505683" lon="18.577523"><time>2026-05-03T07:16:49.900Z</time></trkpt>
<trkpt lat="54.505686" lon="18.577488"><time>2026-05-03T07:16:50.900Z</time></trkpt>
<trkpt lat="54.505690" lon="18.577454"><time>2026-05-03T07:16:51.900Z</time></trkpt>
<trkpt lat="54.505693" lon="18.577420"><time>2026-05-03T07:16:52.900Z</time></trkpt>
<trkpt lat="54.505694" lon="18.577385"><time>2026-05-03T07:16:53.900Z</time></trkpt>
<trkpt lat="54.505696" lon="18.577350"><time>2026-05-03T07:16:54.900Z</time></trkpt>
<trkpt lat="54.505696" lon="18.577315"><time>2026-05-03T07:16:55.900Z</time></trkpt>
<trkpt lat="54.505696" lon="18.577281"><time>2026-05-03T07:16:56.900Z</time></trkpt>
<trkpt lat="54.505697" lon="18.577247"><time>2026-05-03T07:16:57.900Z</time></trkpt>
<trkpt lat="54.505698" lon="18.577215"><time>2026-05-03T07:16:58.900Z</time></trkpt>
<trkpt lat="54.505699" lon="18.577178"><time>2026-05-03T07:16:59.900Z</time></trkpt>
<trkpt lat="54.505702" lon="18.577142"><time>2026-05-03T07:17:00.900Z</time></trkpt>
<trkpt lat="54.505704" lon="18.577104"><time>2026-05-03T07:17:02.000Z</time></trkpt>
<trkpt lat="54.505705" lon="18.577068"><time>2026-05-03T07:17:03.000Z</time></trkpt>
<trkpt lat="54.505706" lon="18.577037"><time>2026-05-03T07:17:04.000Z</time></trkpt>
<trkpt lat="54.505701" lon="18.577012"><time>2026-05-03T07:17:05.000Z</time></trkpt>
<trkpt lat="54.505696" lon="18.576986"><time>2026-05-03T07:17:06.000Z</time></trkpt>
<trkpt lat="54.505694" lon="18.576961"><time>2026-05-03T07:17:07.000Z</time></trkpt>
<trkpt lat="54.505689" lon="18.576948"><time>2026-05-03T07:17:08.000Z</time></trkpt>
<trkpt lat="54.505686" lon="18.576941"><time>2026-05-03T07:17:09.000Z</time></trkpt>
<trkpt lat="54.505677" lon="18.576936"><time>2026-05-03T07:17:10.000Z</time></trkpt>
<trkpt lat="54.505672" lon="18.576929"><time>2026-05-03T07:17:11.000Z</time></trkpt>
<trkpt lat="54.505669" lon="18.576929"><time>2026-05-03T07:17:12.000Z</time></trkpt>
<trkpt lat="54.505667" lon="18.576931"><time>2026-05-03T07:17:13.000Z</time></trkpt>
<trkpt lat="54.505665" lon="18.576934"><time>2026-05-03T07:17:14.000Z</time></trkpt>
<trkpt lat="54.505658" lon="18.576942"><time>2026-05-03T07:17:15.000Z</time></trkpt>
<trkpt lat="54.505650" lon="18.576958"><time>2026-05-03T07:17:16.000Z</time></trkpt>
<trkpt lat="54.505639" lon="18.576970"><time>2026-05-03T07:17:17.000Z</time></trkpt>
<trkpt lat="54.505623" lon="18.576993"><time>2026-05-03T07:17:18.000Z</time></trkpt>
<trkpt lat="54.505613" lon="18.577006"><time>2026-05-03T07:17:19.000Z</time></trkpt>
<trkpt lat="54.505602" lon="18.577017"><time>2026-05-03T07:17:20.000Z</time></trkpt>
<trkpt lat="54.505578" lon="18.577048"><time>2026-05-03T07:17:21.900Z</time></trkpt>
<trkpt lat="54.505553" lon="18.577067"><time>2026-05-03T07:17:23.900Z</time></trkpt>
<trkpt lat="54.505525" lon="18.577091"><time>2026-05-03T07:17:25.900Z</time></trkpt>
<trkpt lat="54.505490" lon="18.577115"><time>2026-05-03T07:17:27.900Z</time></trkpt>
<trkpt lat="54.505452" lon="18.577139"><time>2026-05-03T07:17:29.900Z</time></trkpt>
<trkpt lat="54.505391" lon="18.577176"><time>2026-05-03T07:17:31.900Z</time></trkpt>
<trkpt lat="54.505340" lon="18.577190"><time>2026-05-03T07:17:33.900Z</time></trkpt>
<trkpt lat="54.505296" lon="18.577198"><time>2026-05-03T07:17:35.900Z</time></trkpt>
<trkpt lat="54.505246" lon="18.577237"><time>2026-05-03T07:17:37.900Z</time></trkpt>
<trkpt lat="54.505203" lon="18.577269"><time>2026-05-03T07:17:39.900Z</time></trkpt>
<trkpt lat="54.505165" lon="18.577287"><time>2026-05-03T07:17:41.900Z</time></trkpt>
<trkpt lat="54.505129" lon="18.577313"><time>2026-05-03T07:17:43.900Z</time></trkpt>
<trkpt lat="54.505092" lon="18.577346"><time>2026-05-03T07:17:45.900Z</time></trkpt>
<trkpt lat="54.505060" lon="18.577366"><time>2026-05-03T07:17:47.900Z</time></trkpt>
<trkpt lat="54.505028" lon="18.577390"><time>2026-05-03T07:17:49.900Z</time></trkpt>
<trkpt lat="54.504986" lon="18.577425"><time>2026-05-03T07:17:51.900Z</time></trkpt>
<trkpt lat="54.504943" lon="18.577443"><time>2026-05-03T07:17:53.900Z</time></trkpt>
<trkpt lat="54.504907" lon="18.577463"><time>2026-05-03T07:17:55.900Z</time></trkpt>
<trkpt lat="54.504873" lon="18.577484"><time>2026-05-03T07:17:57.900Z</time></trkpt>
<trkpt lat="54.504831" lon="18.577528"><time>2026-05-03T07:17:59.900Z</time></trkpt>
<trkpt lat="54.504799" lon="18.577567"><time>2026-05-03T07:18:01.900Z</time></trkpt>
<trkpt lat="54.504768" lon="18.577627"><time>2026-05-03T07:18:03.900Z</time></trkpt>
<trkpt lat="54.504742" lon="18.577693"><time>2026-05-03T07:18:05.900Z</time></trkpt>
<trkpt lat="54.504720" lon="18.577774"><time>2026-05-03T07:18:07.900Z</time></trkpt>
<trkpt lat="54.504708" lon="18.577858"><time>2026-05-03T07:18:09.900Z</time></trkpt>
<trkpt lat="54.504701" lon="18.577949"><time>2026-05-03T07:18:11.900Z</time></trkpt>
<trkpt lat="54.504694" lon="18.578052"><time>2026-05-03T07:18:13.900Z</time></trkpt>
<trkpt lat="54.504682" lon="18.578149"><time>2026-05-03T07:18:15.900Z</time></trkpt>
<trkpt lat="54.504667" lon="18.578237"><time>2026-05-03T07:18:17.900Z</time></trkpt>
<trkpt lat="54.504643" lon="18.578346"><time>2026-05-03T07:18:19.900Z</time></trkpt>
<trkpt lat="54.504624" lon="18.578450"><time>2026-05-03T07:18:21.900Z</time></trkpt>
<trkpt lat="54.504618" lon="18.578547"><time>2026-05-03T07:18:23.900Z</time></trkpt>
<trkpt lat="54.504617" lon="18.578625"><time>2026-05-03T07:18:25.900Z</time></trkpt>
<trkpt lat="54.504611" lon="18.578725"><time>2026-05-03T07:18:27.900Z</time></trkpt>
<trkpt lat="54.504610" lon="18.578821"><time>2026-05-03T07:18:29.900Z</time></trkpt>
<trkpt lat="54.504617" lon="18.578925"><time>2026-05-03T07:18:31.900Z</time></trkpt>
<trkpt lat="54.504619" lon="18.579034"><time>2026-05-03T07:18:33.900Z</time></trkpt>
<trkpt lat="54.504621" lon="18.579135"><time>2026-05-03T07:18:35.900Z</time></trkpt>
<trkpt lat="54.504619" lon="18.579236"><time>2026-05-03T07:18:37.900Z</time></trkpt>
<trkpt lat="54.504616" lon="18.579332"><time>2026-05-03T07:18:39.900Z</time></trkpt>
<trkpt lat="54.504621" lon="18.579445"><time>2026-05-03T07:18:41.900Z</time></trkpt>
<trkpt lat="54.504624" lon="18.579545"><time>2026-05-03T07:18:43.900Z</time></trkpt>
<trkpt lat="54.504627" lon="18.579652"><time>2026-05-03T07:18:45.900Z</time></trkpt>
<trkpt lat="54.504631" lon="18.579776"><time>2026-05-03T07:18:47.900Z</time></trkpt>
<trkpt lat="54.504634" lon="18.579874"><time>2026-05-03T07:18:49.900Z</time></trkpt>
<trkpt lat="54.504636" lon="18.579969"><time>2026-05-03T07:18:51.900Z</time></trkpt>
<trkpt lat="54.504637" lon="18.580063"><time>2026-05-03T07:18:53.900Z</time></trkpt>
<trkpt lat="54.504628" lon="18.580155"><time>2026-05-03T07:18:55.900Z</time></trkpt>
<trkpt lat="54.504609" lon="18.580244"><time>2026-05-03T07:18:57.900Z</time></trkpt>
<trkpt lat="54.504593" lon="18.580326"><time>2026-05-03T07:18:59.900Z</time></trkpt>
<trkpt lat="54.504579" lon="18.580421"><time>2026-05-03T07:19:01.900Z</time></trkpt>
<trkpt lat="54.504563" lon="18.580524"><time>2026-05-03T07:19:03.900Z</time></trkpt>
<trkpt lat="54.504563" lon="18.580619"><time>2026-05-03T07:19:05.900Z</time></trkpt>
<trkpt lat="54.504565" lon="18.580714"><time>2026-05-03T07:19:08.000Z</time></trkpt>
<trkpt lat="54.504572" lon="18.580815"><time>2026-05-03T07:19:10.000Z</time></trkpt>
<trkpt lat="54.504581" lon="18.580915"><time>2026-05-03T07:19:12.000Z</time></trkpt>
<trkpt lat="54.504581" lon="18.581011"><time>2026-05-03T07:19:14.000Z</time></trkpt>
<trkpt lat="54.504582" lon="18.581106"><time>2026-05-03T07:19:16.000Z</time></trkpt>
<trkpt lat="54.504579" lon="18.581198"><time>2026-05-03T07:19:18.000Z</time></trkpt>
<trkpt lat="54.504586" lon="18.581290"><time>2026-05-03T07:19:20.000Z</time></trkpt>
<trkpt lat="54.504598" lon="18.581371"><time>2026-05-03T07:19:22.000Z</time></trkpt>
<trkpt lat="54.504601" lon="18.581476"><time>2026-05-03T07:19:24.000Z</time></trkpt>
<trkpt lat="54.504605" lon="18.581571"><time>2026-05-03T07:19:26.000Z</time></trkpt>
<trkpt lat="54.504608" lon="18.581661"><time>2026-05-03T07:19:28.000Z</time></trkpt>
<trkpt lat="54.504607" lon="18.581754"><time>2026-05-03T07:19:30.000Z</time></trkpt>
<trkpt lat="54.504606" lon="18.581849"><time>2026-05-03T07:19:32.000Z</time></trkpt>
<trkpt lat="54.504603" lon="18.581943"><time>2026-05-03T07:19:34.000Z</time></trkpt>
<trkpt lat="54.504606" lon="18.582039"><time>2026-05-03T07:19:35.900Z</time></trkpt>
<trkpt lat="54.504607" lon="18.582135"><time>2026-05-03T07:19:37.900Z</time></trkpt>
<trkpt lat="54.504612" lon="18.582228"><time>2026-05-03T07:19:39.900Z</time></trkpt>
<trkpt lat="54.504616" lon="18.582325"><time>2026-05-03T07:19:41.900Z</time></trkpt>
<trkpt lat="54.504621" lon="18.582413"><time>2026-05-03T07:19:43.900Z</time></trkpt>
<trkpt lat="54.504630" lon="18.582499"><time>2026-05-03T07:19:45.900Z</time></trkpt>
<trkpt lat="54.504635" lon="18.582581"><time>2026-05-03T07:19:47.900Z</time></trkpt>
<trkpt lat="54.504648" lon="18.582658"><time>2026-05-03T07:19:49.900Z</time></trkpt>
<trkpt lat="54.504664" lon="18.582733"><time>2026-05-03T07:19:51.900Z</time></trkpt>
<trkpt lat="54.504670" lon="18.582815"><time>2026-05-03T07:19:53.900Z</time></trkpt>
<trkpt lat="54.504675" lon="18.582897"><time>2026-05-03T07:19:55.900Z</time></trkpt>
<trkpt lat="54.504684" lon="18.582980"><time>2026-05-03T07:19:57.900Z</time></trkpt>
<trkpt lat="54.504689" lon="18.583061"><time>2026-05-03T07:19:59.900Z</time></trkpt>
<trkpt lat="54.504696" lon="18.583144"><time>2026-05-03T07:20:01.900Z</time></trkpt>
<trkpt lat="54.504704" lon="18.583225"><time>2026-05-03T07:20:03.900Z</time></trkpt>
<trkpt lat="54.504711" lon="18.583309"><time>2026-05-03T07:20:05.900Z</time></trkpt>
<trkpt lat="54.504718" lon="18.583393"><time>2026-05-03T07:20:07.900Z</time></trkpt>
<trkpt lat="54.504723" lon="18.583475"><time>2026-05-03T07:20:09.900Z</time></trkpt>
<trkpt lat="54.504728" lon="18.583551"><time>2026-05-03T07:20:11.900Z</time></trkpt>
<trkpt lat="54.504731" lon="18.583629"><time>2026-05-03T07:20:13.900Z</time></trkpt>
<trkpt lat="54.504735" lon="18.583719"><time>2026-05-03T07:20:15.900Z</time></trkpt>
<trkpt lat="54.504746" lon="18.583804"><time>2026-05-03T07:20:17.900Z</time></trkpt>
<trkpt lat="54.504758" lon="18.583872"><time>2026-05-03T07:20:19.900Z</time></trkpt>
<trkpt lat="54.504758" lon="18.583942"><time>2026-05-03T07:20:21.900Z</time></trkpt>
<trkpt lat="54.504761" lon="18.584002"><time>2026-05-03T07:20:23.900Z</time></trkpt>
<trkpt lat="54.504770" lon="18.584074"><time>2026-05-03T07:20:25.900Z</time></trkpt>
<trkpt lat="54.504780" lon="18.584151"><time>2026-05-03T07:20:27.900Z</time></trkpt>
<trkpt lat="54.504793" lon="18.584237"><time>2026-05-03T07:20:29.900Z</time></trkpt>
<trkpt lat="54.504805" lon="18.584321"><time>2026-05-03T07:20:31.900Z</time></trkpt>
<trkpt lat="54.504814" lon="18.584413"><time>2026-05-03T07:20:33.900Z</time></trkpt>
<trkpt lat="54.504826" lon="18.584505"><time>2026-05-03T07:20:35.900Z</time></trkpt>
<trkpt lat="54.504842" lon="18.584588"><time>2026-05-03T07:20:37.900Z</time></trkpt>
<trkpt lat="54.504855" lon="18.584683"><time>2026-05-03T07:20:39.900Z</time></trkpt>
<trkpt lat="54.504868" lon="18.584779"><time>2026-05-03T07:20:41.900Z</time></trkpt>
<trkpt lat="54.504882" lon="18.584872"><time>2026-05-03T07:20:43.900Z</time></trkpt>
<trkpt lat="54.504888" lon="18.584955"><time>2026-05-03T07:20:45.900Z</time></trkpt>
<trkpt lat="54.504904" lon="18.585046"><time>2026-05-03T07:20:47.900Z</time></trkpt>
<trkpt lat="54.504914" lon="18.585134"><time>2026-05-03T07:20:49.900Z</time></trkpt>
<trkpt lat="54.504918" lon="18.585215"><time>2026-05-03T07:20:51.900Z</time></trkpt>
<trkpt lat="54.504916" lon="18.585308"><time>2026-05-03T07:20:53.900Z</time></trkpt>
<trkpt lat="54.504918" lon="18.585404"><time>2026-05-03T07:20:55.900Z</time></trkpt>
<trkpt lat="54.504926" lon="18.585502"><time>2026-05-03T07:20:57.900Z</time></trkpt>
<trkpt lat="54.504931" lon="18.585609"><time>2026-05-03T07:20:59.900Z</time></trkpt>
<trkpt lat="54.504936" lon="18.585711"><time>2026-05-03T07:21:01.900Z</time></trkpt>
<trkpt lat="54.504941" lon="18.585804"><time>2026-05-03T07:21:03.900Z</time></trkpt>
<trkpt lat="54.504947" lon="18.585900"><time>2026-05-03T07:21:05.900Z</time></trkpt>
<trkpt lat="54.504937" lon="18.585997"><time>2026-05-03T07:21:07.900Z</time></trkpt>
<trkpt lat="54.504937" lon="18.586110"><time>2026-05-03T07:21:09.900Z</time></trkpt>
<trkpt lat="54.504948" lon="18.586223"><time>2026-05-03T07:21:11.900Z</time></trkpt>
<trkpt lat="54.504962" lon="18.586335"><time>2026-05-03T07:21:14.000Z</time></trkpt>
<trkpt lat="54.504971" lon="18.586439"><time>2026-05-03T07:21:16.000Z</time></trkpt>
<trkpt lat="54.504973" lon="18.586544"><time>2026-05-03T07:21:18.000Z</time></trkpt>
<trkpt lat="54.504971" lon="18.586654"><time>2026-05-03T07:21:20.000Z</time></trkpt>
<trkpt lat="54.504972" lon="18.586753"><time>2026-05-03T07:21:22.000Z</time></trkpt>
<trkpt lat="54.504977" lon="18.586853"><time>2026-05-03T07:21:24.000Z</time></trkpt>
<trkpt lat="54.504994" lon="18.586939"><time>2026-05-03T07:21:26.000Z</time></trkpt>
<trkpt lat="54.505012" lon="18.587029"><time>2026-05-03T07:21:28.000Z</time></trkpt>
<trkpt lat="54.505029" lon="18.587121"><time>2026-05-03T07:21:30.000Z</time></trkpt>
<trkpt lat="54.505042" lon="18.587215"><time>2026-05-03T07:21:32.000Z</time></trkpt>
<trkpt lat="54.505054" lon="18.587310"><time>2026-05-03T07:21:34.000Z</time></trkpt>
<trkpt lat="54.505064" lon="18.587404"><time>2026-05-03T07:21:36.000Z</time></trkpt>
<trkpt lat="54.505074" lon="18.587500"><time>2026-05-03T07:21:38.000Z</time></trkpt>
<trkpt lat="54.505088" lon="18.587594"><time>2026-05-03T07:21:40.000Z</time></trkpt>
<trkpt lat="54.505101" lon="18.587684"><time>2026-05-03T07:21:42.000Z</time></trkpt>
<trkpt lat="54.505109" lon="18.587768"><time>2026-05-03T07:21:44.000Z</time></trkpt>
<trkpt lat="54.505109" lon="18.587855"><time>2026-05-03T07:21:45.900Z</time></trkpt>
<trkpt lat="54.505112" lon="18.587949"><time>2026-05-03T07:21:47.900Z</time></trkpt>
<trkpt lat="54.505121" lon="18.588049"><time>2026-05-03T07:21:49.900Z</time></trkpt>
<trkpt lat="54.505131" lon="18.588145"><time>2026-05-03T07:21:51.900Z</time></trkpt>
<trkpt lat="54.505141" lon="18.588238"><time>2026-05-03T07:21:53.900Z</time></trkpt>
<trkpt lat="54.505149" lon="18.588335"><time>2026-05-03T07:21:55.900Z</time></trkpt>
<trkpt lat="54.505156" lon="18.588433"><time>2026-05-03T07:21:57.900Z</time></trkpt>
<trkpt lat="54.505163" lon="18.588531"><time>2026-05-03T07:21:59.900Z</time></trkpt>
<trkpt lat="54.505168" lon="18.588625"><time>2026-05-03T07:22:01.900Z</time></trkpt>
<trkpt lat="54.505174" lon="18.588721"><time>2026-05-03T07:22:03.900Z</time></trkpt>
<trkpt lat="54.505183" lon="18.588816"><time>2026-05-03T07:22:05.900Z</time></trkpt>
<trkpt lat="54.505191" lon="18.588907"><time>2026-05-03T07:22:07.900Z</time></trkpt>
<trkpt lat="54.505207" lon="18.589004"><time>2026-05-03T07:22:09.900Z</time></trkpt>
<trkpt lat="54.505214" lon="18.589101"><time>2026-05-03T07:22:11.900Z</time></trkpt>
<trkpt lat="54.505215" lon="18.589195"><time>2026-05-03T07:22:13.900Z</time></trkpt>
<trkpt lat="54.505218" lon="18.589290"><time>2026-05-03T07:22:15.900Z</time></trkpt>
<trkpt lat="54.505227" lon="18.589388"><time>2026-05-03T07:22:17.900Z</time></trkpt>
<trkpt lat="54.505240" lon="18.589476"><time>2026-05-03T07:22:19.900Z</time></trkpt>
<trkpt lat="54.505233" lon="18.589595"><time>2026-05-03T07:22:21.900Z</time></trkpt>
<trkpt lat="54.505237" lon="18.589706"><time>2026-05-03T07:22:23.900Z</time></trkpt>
<trkpt lat="54.505243" lon="18.589801"><time>2026-05-03T07:22:25.900Z</time></trkpt>
<trkpt lat="54.505250" lon="18.589903"><time>2026-05-03T07:22:27.900Z</time></trkpt>
<trkpt lat="54.505256" lon="18.590001"><time>2026-05-03T07:22:29.900Z</time></trkpt>
<trkpt lat="54.505261" lon="18.590096"><time>2026-05-03T07:22:31.900Z</time></trkpt>
<trkpt lat="54.505266" lon="18.590190"><time>2026-05-03T07:22:33.900Z</time></trkpt>
<trkpt lat="54.505270" lon="18.590283"><time>2026-05-03T07:22:35.900Z</time></trkpt>
<trkpt lat="54.505273" lon="18.590376"><time>2026-05-03T07:22:37.900Z</time></trkpt>
<trkpt lat="54.505275" lon="18.590479"><time>2026-05-03T07:22:39.900Z</time></trkpt>
<trkpt lat="54.505278" lon="18.590558"><time>2026-05-03T07:22:41.900Z</time></trkpt>
<trkpt lat="54.505282" lon="18.590641"><time>2026-05-03T07:22:43.900Z</time></trkpt>
<trkpt lat="54.505274" lon="18.590730"><time>2026-05-03T07:22:45.900Z</time></trkpt>
<trkpt lat="54.505269" lon="18.590815"><time>2026-05-03T07:22:47.900Z</time></trkpt>
<trkpt lat="54.505259" lon="18.590904"><time>2026-05-03T07:22:49.900Z</time></trkpt>
<trkpt lat="54.505248" lon="18.590996"><time>2026-05-03T07:22:51.900Z</time></trkpt>
<trkpt lat="54.505242" lon="18.591101"><time>2026-05-03T07:22:53.900Z</time></trkpt>
<trkpt lat="54.505239" lon="18.591199"><time>2026-05-03T07:22:55.900Z</time></trkpt>
<trkpt lat="54.505235" lon="18.591292"><time>2026-05-03T07:22:57.900Z</time></trkpt>
<trkpt lat="54.505231" lon="18.591386"><time>2026-05-03T07:22:59.900Z</time></trkpt>
<trkpt lat="54.505230" lon="18.591486"><time>2026-05-03T07:23:01.900Z</time></trkpt>
<trkpt lat="54.505230" lon="18.591583"><time>2026-05-03T07:23:03.900Z</time></trkpt>
<trkpt lat="54.505224" lon="18.591677"><time>2026-05-03T07:23:05.900Z</time></trkpt>
<trkpt lat="54.505218" lon="18.591769"><time>2026-05-03T07:23:07.900Z</time></trkpt>
<trkpt lat="54.505216" lon="18.591870"><time>2026-05-03T07:23:09.900Z</time></trkpt>
<trkpt lat="54.505219" lon="18.591974"><time>2026-05-03T07:23:11.900Z</time></trkpt>
<trkpt lat="54.505223" lon="18.592081"><time>2026-05-03T07:23:13.900Z</time></trkpt>
<trkpt lat="54.505227" lon="18.592186"><time>2026-05-03T07:23:15.900Z</time></trkpt>
<trkpt lat="54.505226" lon="18.592285"><time>2026-05-03T07:23:17.900Z</time></trkpt>
<trkpt lat="54.505235" lon="18.592380"><time>2026-05-03T07:23:20.000Z</time></trkpt>
<trkpt lat="54.505243" lon="18.592483"><time>2026-05-03T07:23:22.000Z</time></trkpt>
<trkpt lat="54.505251" lon="18.592592"><time>2026-05-03T07:23:24.000Z</time></trkpt>
<trkpt lat="54.505256" lon="18.592685"><time>2026-05-03T07:23:26.000Z</time></trkpt>
<trkpt lat="54.505262" lon="18.592773"><time>2026-05-03T07:23:28.000Z</time></trkpt>
<trkpt lat="54.505274" lon="18.592868"><time>2026-05-03T07:23:30.000Z</time></trkpt>
<trkpt lat="54.505284" lon="18.592971"><time>2026-05-03T07:23:32.000Z</time></trkpt>
<trkpt lat="54.505286" lon="18.593079"><time>2026-05-03T07:23:34.000Z</time></trkpt>
<trkpt lat="54.505290" lon="18.593177"><time>2026-05-03T07:23:36.000Z</time></trkpt>
<trkpt lat="54.505298" lon="18.593280"><time>2026-05-03T07:23:38.000Z</time></trkpt>
<trkpt lat="54.505309" lon="18.593378"><time>2026-05-03T07:23:40.000Z</time></trkpt>
<trkpt lat="54.505319" lon="18.593475"><time>2026-05-03T07:23:42.000Z</time></trkpt>
<trkpt lat="54.505328" lon="18.593575"><time>2026-05-03T07:23:43.900Z</time></trkpt>
<trkpt lat="54.505339" lon="18.593675"><time>2026-05-03T07:23:45.900Z</time></trkpt>
<trkpt lat="54.505343" lon="18.593775"><time>2026-05-03T07:23:47.900Z</time></trkpt>
<trkpt lat="54.505352" lon="18.593876"><time>2026-05-03T07:23:49.900Z</time></trkpt>
<trkpt lat="54.505357" lon="18.593978"><time>2026-05-03T07:23:51.900Z</time></trkpt>
<trkpt lat="54.505363" lon="18.594075"><time>2026-05-03T07:23:53.900Z</time></trkpt>
<trkpt lat="54.505369" lon="18.594173"><time>2026-05-03T07:23:55.900Z</time></trkpt>
<trkpt lat="54.505376" lon="18.594274"><time>2026-05-03T07:23:57.900Z</time></trkpt>
<trkpt lat="54.505383" lon="18.594373"><time>2026-05-03T07:23:59.900Z</time></trkpt>
<trkpt lat="54.505391" lon="18.594475"><time>2026-05-03T07:24:01.900Z</time></trkpt>
<trkpt lat="54.505398" lon="18.594578"><time>2026-05-03T07:24:03.900Z</time></trkpt>
<trkpt lat="54.505406" lon="18.594678"><time>2026-05-03T07:24:05.900Z</time></trkpt>
<trkpt lat="54.505414" lon="18.594780"><time>2026-05-03T07:24:07.900Z</time></trkpt>
<trkpt lat="54.505428" lon="18.594875"><time>2026-05-03T07:24:09.900Z</time></trkpt>
<trkpt lat="54.505440" lon="18.594969"><time>2026-05-03T07:24:11.900Z</time></trkpt>
<trkpt lat="54.505451" lon="18.595065"><time>2026-05-03T07:24:13.900Z</time></trkpt>
<trkpt lat="54.505458" lon="18.595161"><time>2026-05-03T07:24:15.900Z</time></trkpt>
<trkpt lat="54.505470" lon="18.595258"><time>2026-05-03T07:24:17.900Z</time></trkpt>
<trkpt lat="54.505483" lon="18.595349"><time>2026-05-03T07:24:19.900Z</time></trkpt>
<trkpt lat="54.505495" lon="18.595441"><time>2026-05-03T07:24:21.900Z</time></trkpt>
<trkpt lat="54.505506" lon="18.595538"><time>2026-05-03T07:24:23.900Z</time></trkpt>
<trkpt lat="54.505517" lon="18.595635"><time>2026-05-03T07:24:25.900Z</time></trkpt>
<trkpt lat="54.505528" lon="18.595726"><time>2026-05-03T07:24:27.900Z</time></trkpt>
<trkpt lat="54.505540" lon="18.595816"><time>2026-05-03T07:24:29.900Z</time></trkpt>
<trkpt lat="54.505550" lon="18.595906"><time>2026-05-03T07:24:31.900Z</time></trkpt>
<trkpt lat="54.505559" lon="18.595996"><time>2026-05-03T07:24:33.900Z</time></trkpt>
<trkpt lat="54.505565" lon="18.596088"><time>2026-05-03T07:24:35.900Z</time></trkpt>
<trkpt lat="54.505566" lon="18.596178"><time>2026-05-03T07:24:37.900Z</time></trkpt>
<trkpt lat="54.505569" lon="18.596271"><time>2026-05-03T07:24:39.900Z</time></trkpt>
<trkpt lat="54.505577" lon="18.596369"><time>2026-05-03T07:24:41.900Z</time></trkpt>
<trkpt lat="54.505585" lon="18.596462"><time>2026-05-03T07:24:43.900Z</time></trkpt>
<trkpt lat="54.505579" lon="18.596562"><time>2026-05-03T07:24:45.900Z</time></trkpt>
<trkpt lat="54.505576" lon="18.596668"><time>2026-05-03T07:24:47.900Z</time></trkpt>
<trkpt lat="54.505577" lon="18.596768"><time>2026-05-03T07:24:49.900Z</time></trkpt>
<trkpt lat="54.505582" lon="18.596862"><time>2026-05-03T07:24:51.900Z</time></trkpt>
<trkpt lat="54.505589" lon="18.596960"><time>2026-05-03T07:24:53.900Z</time></trkpt>
<trkpt lat="54.505595" lon="18.597059"><time>2026-05-03T07:24:55.900Z</time></trkpt>
<trkpt lat="54.505595" lon="18.597159"><time>2026-05-03T07:24:57.900Z</time></trkpt>
<trkpt lat="54.505597" lon="18.597265"><time>2026-05-03T07:24:59.900Z</time></trkpt>
<trkpt lat="54.505604" lon="18.597370"><time>2026-05-03T07:25:01.900Z</time></trkpt>
<trkpt lat="54.505614" lon="18.597473"><time>2026-05-03T07:25:03.900Z</time></trkpt>
<trkpt lat="54.505624" lon="18.597572"><time>2026-05-03T07:25:05.900Z</time></trkpt>
<trkpt lat="54.505632" lon="18.597668"><time>2026-05-03T07:25:07.900Z</time></trkpt>
<trkpt lat="54.505641" lon="18.597767"><time>2026-05-03T07:25:09.900Z</time></trkpt>
<trkpt lat="54.505646" lon="18.597866"><time>2026-05-03T07:25:11.900Z</time></trkpt>
<trkpt lat="54.505643" lon="18.597971"><time>2026-05-03T07:25:13.900Z</time></trkpt>
<trkpt lat="54.505645" lon="18.598080"><time>2026-05-03T07:25:15.900Z</time></trkpt>
<trkpt lat="54.505652" lon="18.598184"><time>2026-05-03T07:25:17.900Z</time></trkpt>
<trkpt lat="54.505661" lon="18.598282"><time>2026-05-03T07:25:19.900Z</time></trkpt>
<trkpt lat="54.505661" lon="18.598382"><time>2026-05-03T07:25:21.900Z</time></trkpt>
<trkpt lat="54.505664" lon="18.598486"><time>2026-05-03T07:25:23.900Z</time></trkpt>
<trkpt lat="54.505672" lon="18.598583"><time>2026-05-03T07:25:25.900Z</time></trkpt>
<trkpt lat="54.505680" lon="18.598679"><time>2026-05-03T07:25:27.900Z</time></trkpt>
<trkpt lat="54.505683" lon="18.598775"><time>2026-05-03T07:25:29.900Z</time></trkpt>
<trkpt lat="54.505687" lon="18.598869"><time>2026-05-03T07:25:31.900Z</time></trkpt>
<trkpt lat="54.505691" lon="18.598953"><time>2026-05-03T07:25:33.900Z</time></trkpt>
<trkpt lat="54.505695" lon="18.599038"><time>2026-05-03T07:25:35.900Z</time></trkpt>
<trkpt lat="54.505705" lon="18.599131"><time>2026-05-03T07:25:37.900Z</time></trkpt>
<trkpt lat="54.505714" lon="18.599221"><time>2026-05-03T07:25:39.900Z</time></trkpt>
<trkpt lat="54.505721" lon="18.599318"><time>2026-05-03T07:25:41.900Z</time></trkpt>
<trkpt lat="54.505731" lon="18.599413"><time>2026-05-03T07:25:43.900Z</time></trkpt>
<trkpt lat="54.505739" lon="18.599507"><time>2026-05-03T07:25:45.900Z</time></trkpt>
<trkpt lat="54.505749" lon="18.599603"><time>2026-05-03T07:25:47.900Z</time></trkpt>
<trkpt lat="54.505757" lon="18.599690"><time>2026-05-03T07:25:49.900Z</time></trkpt>
<trkpt lat="54.505766" lon="18.599775"><time>2026-05-03T07:25:51.900Z</time></trkpt>
<trkpt lat="54.505774" lon="18.599869"><time>2026-05-03T07:25:53.900Z</time></trkpt>
<trkpt lat="54.505783" lon="18.599952"><time>2026-05-03T07:25:55.900Z</time></trkpt>
<trkpt lat="54.505794" lon="18.600029"><time>2026-05-03T07:25:57.900Z</time></trkpt>
<trkpt lat="54.505803" lon="18.600108"><time>2026-05-03T07:25:59.900Z</time></trkpt>
<trkpt lat="54.505812" lon="18.600196"><time>2026-05-03T07:26:01.900Z</time></trkpt>
<trkpt lat="54.505823" lon="18.600286"><time>2026-05-03T07:26:03.900Z</time></trkpt>
<trkpt lat="54.505834" lon="18.600373"><time>2026-05-03T07:26:05.900Z</time></trkpt>
<trkpt lat="54.505842" lon="18.600460"><time>2026-05-03T07:26:07.900Z</time></trkpt>
<trkpt lat="54.505850" lon="18.600546"><time>2026-05-03T07:26:09.900Z</time></trkpt>
<trkpt lat="54.505859" lon="18.600629"><time>2026-05-03T07:26:11.900Z</time></trkpt>
<trkpt lat="54.505871" lon="18.600715"><time>2026-05-03T07:26:13.900Z</time></trkpt>
<trkpt lat="54.505883" lon="18.600796"><time>2026-05-03T07:26:15.900Z</time></trkpt>
<trkpt lat="54.505894" lon="18.600880"><time>2026-05-03T07:26:17.900Z</time></trkpt>
<trkpt lat="54.505903" lon="18.600966"><time>2026-05-03T07:26:19.900Z</time></trkpt>
<trkpt lat="54.505915" lon="18.601052"><time>2026-05-03T07:26:21.900Z</time></trkpt>
<trkpt lat="54.505925" lon="18.601131"><time>2026-05-03T07:26:23.900Z</time></trkpt>
<trkpt lat="54.505933" lon="18.601213"><time>2026-05-03T07:26:25.900Z</time></trkpt>
<trkpt lat="54.505948" lon="18.601286"><time>2026-05-03T07:26:27.900Z</time></trkpt>
<trkpt lat="54.505960" lon="18.601355"><time>2026-05-03T07:26:29.900Z</time></trkpt>
<trkpt lat="54.505973" lon="18.601421"><time>2026-05-03T07:26:31.900Z</time></trkpt>
<trkpt lat="54.505984" lon="18.601482"><time>2026-05-03T07:26:33.900Z</time></trkpt>
<trkpt lat="54.505985" lon="18.601551"><time>2026-05-03T07:26:35.900Z</time></trkpt>
<trkpt lat="54.505986" lon="18.601622"><time>2026-05-03T07:26:37.900Z</time></trkpt>
<trkpt lat="54.505985" lon="18.601696"><time>2026-05-03T07:26:39.900Z</time></trkpt>
<trkpt lat="54.505980" lon="18.601775"><time>2026-05-03T07:26:41.900Z</time></trkpt>
<trkpt lat="54.505977" lon="18.601851"><time>2026-05-03T07:26:43.900Z</time></trkpt>
<trkpt lat="54.505975" lon="18.601929"><time>2026-05-03T07:26:45.900Z</time></trkpt>
<trkpt lat="54.505973" lon="18.602008"><time>2026-05-03T07:26:47.900Z</time></trkpt>
<trkpt lat="54.505973" lon="18.602086"><time>2026-05-03T07:26:49.900Z</time></trkpt>
<trkpt lat="54.505976" lon="18.602160"><time>2026-05-03T07:26:51.900Z</time></trkpt>
<trkpt lat="54.505981" lon="18.602233"><time>2026-05-03T07:26:53.900Z</time></trkpt>
<trkpt lat="54.505988" lon="18.602306"><time>2026-05-03T07:26:55.900Z</time></trkpt>
<trkpt lat="54.505995" lon="18.602382"><time>2026-05-03T07:26:57.900Z</time></trkpt>
<trkpt lat="54.505998" lon="18.602457"><time>2026-05-03T07:26:59.900Z</time></trkpt>
<trkpt lat="54.506003" lon="18.602531"><time>2026-05-03T07:27:01.900Z</time></trkpt>
<trkpt lat="54.506006" lon="18.602606"><time>2026-05-03T07:27:03.900Z</time></trkpt>
<trkpt lat="54.506009" lon="18.602679"><time>2026-05-03T07:27:05.900Z</time></trkpt>
<trkpt lat="54.506014" lon="18.602751"><time>2026-05-03T07:27:07.900Z</time></trkpt>
<trkpt lat="54.506021" lon="18.602821"><time>2026-05-03T07:27:09.900Z</time></trkpt>
<trkpt lat="54.506028" lon="18.602888"><time>2026-05-03T07:27:11.900Z</time></trkpt>
<trkpt lat="54.506037" lon="18.602950"><time>2026-05-03T07:27:13.900Z</time></trkpt>
<trkpt lat="54.506049" lon="18.603013"><time>2026-05-03T07:27:15.900Z</time></trkpt>
<trkpt lat="54.506061" lon="18.603072"><time>2026-05-03T07:27:17.900Z</time></trkpt>
<trkpt lat="54.506069" lon="18.603128"><time>2026-05-03T07:27:19.900Z</time></trkpt>
<trkpt lat="54.506069" lon="18.603186"><time>2026-05-03T07:27:21.900Z</time></trkpt>
<trkpt lat="54.506070" lon="18.603253"><time>2026-05-03T07:27:23.900Z</time></trkpt>
<trkpt lat="54.506070" lon="18.603326"><time>2026-05-03T07:27:25.900Z</time></trkpt>
<trkpt lat="54.506068" lon="18.603396"><time>2026-05-03T07:27:27.900Z</time></trkpt>
<trkpt lat="54.506068" lon="18.603475"><time>2026-05-03T07:27:29.900Z</time></trkpt>
<trkpt lat="54.506072" lon="18.603553"><time>2026-05-03T07:27:31.900Z</time></trkpt>
<trkpt lat="54.506075" lon="18.603638"><time>2026-05-03T07:27:33.900Z</time></trkpt>
<trkpt lat="54.506076" lon="18.603722"><time>2026-05-03T07:27:35.900Z</time></trkpt>
<trkpt lat="54.506079" lon="18.603800"><time>2026-05-03T07:27:37.900Z</time></trkpt>
<trkpt lat="54.506081" lon="18.603882"><time>2026-05-03T07:27:39.900Z</time></trkpt>
<trkpt lat="54.506085" lon="18.603962"><time>2026-05-03T07:27:41.900Z</time></trkpt>
<trkpt lat="54.506090" lon="18.604049"><time>2026-05-03T07:27:43.900Z</time></trkpt>
<trkpt lat="54.506096" lon="18.604128"><time>2026-05-03T07:27:45.900Z</time></trkpt>
<trkpt lat="54.506100" lon="18.604210"><time>2026-05-03T07:27:47.900Z</time></trkpt>
<trkpt lat="54.506107" lon="18.604289"><time>2026-05-03T07:27:49.900Z</time></trkpt>
<trkpt lat="54.506114" lon="18.604368"><time>2026-05-03T07:27:51.900Z</time></trkpt>
<trkpt lat="54.506122" lon="18.604444"><time>2026-05-03T07:27:53.900Z</time></trkpt>
<trkpt lat="54.506129" lon="18.604518"><time>2026-05-03T07:27:55.900Z</time></trkpt>
<trkpt lat="54.506137" lon="18.604597"><time>2026-05-03T07:27:57.900Z</time></trkpt>
<trkpt lat="54.506144" lon="18.604675"><time>2026-05-03T07:27:59.900Z</time></trkpt>
<trkpt lat="54.506151" lon="18.604750"><time>2026-05-03T07:28:01.900Z</time></trkpt>
<trkpt lat="54.506155" lon="18.604828"><time>2026-05-03T07:28:03.900Z</time></trkpt>
<trkpt lat="54.506160" lon="18.604907"><time>2026-05-03T07:28:05.900Z</time></trkpt>
<trkpt lat="54.506166" lon="18.604987"><time>2026-05-03T07:28:07.900Z</time></trkpt>
<trkpt lat="54.506169" lon="18.605067"><time>2026-05-03T07:28:09.900Z</time></trkpt>
<trkpt lat="54.506171" lon="18.605146"><time>2026-05-03T07:28:11.900Z</time></trkpt>
<trkpt lat="54.506173" lon="18.605226"><time>2026-05-03T07:28:13.900Z</time></trkpt>
<trkpt lat="54.506175" lon="18.605300"><time>2026-05-03T07:28:15.900Z</time></trkpt>
<trkpt lat="54.506175" lon="18.605383"><time>2026-05-03T07:28:17.900Z</time></trkpt>
<trkpt lat="54.506173" lon="18.605467"><time>2026-05-03T07:28:19.900Z</time></trkpt>
<trkpt lat="54.506170" lon="18.605553"><time>2026-05-03T07:28:21.900Z</time></trkpt>
<trkpt lat="54.506171" lon="18.605638"><time>2026-05-03T07:28:23.900Z</time></trkpt>
<trkpt lat="54.506173" lon="18.605723"><time>2026-05-03T07:28:25.900Z</time></trkpt>
<trkpt lat="54.506173" lon="18.605804"><time>2026-05-03T07:28:27.900Z</time></trkpt>
<trkpt lat="54.506172" lon="18.605889"><time>2026-05-03T07:28:29.900Z</time></trkpt>
<trkpt lat="54.506172" lon="18.605974"><time>2026-05-03T07:28:31.900Z</time></trkpt>
<trkpt lat="54.506175" lon="18.606056"><time>2026-05-03T07:28:33.900Z</time></trkpt>
<trkpt lat="54.506177" lon="18.606139"><time>2026-05-03T07:28:35.900Z</time></trkpt>
<trkpt lat="54.506177" lon="18.606223"><time>2026-05-03T07:28:37.900Z</time></trkpt>
<trkpt lat="54.506177" lon="18.606308"><time>2026-05-03T07:28:39.900Z</time></trkpt>
<trkpt lat="54.506181" lon="18.606390"><time>2026-05-03T07:28:41.900Z</time></trkpt>
<trkpt lat="54.506184" lon="18.606473"><time>2026-05-03T07:28:43.900Z</time></trkpt>
<trkpt lat="54.506184" lon="18.606560"><time>2026-05-03T07:28:45.900Z</time></trkpt>
<trkpt lat="54.506182" lon="18.606646"><time>2026-05-03T07:28:47.900Z</time></trkpt>
<trkpt lat="54.506179" lon="18.606735"><time>2026-05-03T07:28:49.900Z</time></trkpt>
<trkpt lat="54.506179" lon="18.606820"><time>2026-05-03T07:28:51.900Z</time></trkpt>
<trkpt lat="54.506182" lon="18.606902"><time>2026-05-03T07:28:53.900Z</time></trkpt>
<trkpt lat="54.506187" lon="18.606985"><time>2026-05-03T07:28:55.900Z</time></trkpt>
<trkpt lat="54.506190" lon="18.607064"><time>2026-05-03T07:28:57.900Z</time></trkpt>
<trkpt lat="54.506191" lon="18.607144"><time>2026-05-03T07:28:59.900Z</time></trkpt>
<trkpt lat="54.506194" lon="18.607223"><time>2026-05-03T07:29:01.900Z</time></trkpt>
<trkpt lat="54.506198" lon="18.607298"><time>2026-05-03T07:29:03.900Z</time></trkpt>
<trkpt lat="54.506201" lon="18.607370"><time>2026-05-03T07:29:05.900Z</time></trkpt>
<trkpt lat="54.506205" lon="18.607445"><time>2026-05-03T07:29:07.900Z</time></trkpt>
<trkpt lat="54.506208" lon="18.607520"><time>2026-05-03T07:29:09.900Z</time></trkpt>
<trkpt lat="54.506209" lon="18.607598"><time>2026-05-03T07:29:11.900Z</time></trkpt>
<trkpt lat="54.506215" lon="18.607673"><time>2026-05-03T07:29:13.900Z</time></trkpt>
<trkpt lat="54.506222" lon="18.607743"><time>2026-05-03T07:29:15.900Z</time></trkpt>
<trkpt lat="54.506230" lon="18.607811"><time>2026-05-03T07:29:17.900Z</time></trkpt>
<trkpt lat="54.506236" lon="18.607881"><time>2026-05-03T07:29:19.900Z</time></trkpt>
<trkpt lat="54.506239" lon="18.607954"><time>2026-05-03T07:29:21.900Z</time></trkpt>
<trkpt lat="54.506241" lon="18.608031"><time>2026-05-03T07:29:23.900Z</time></trkpt>
<trkpt lat="54.506246" lon="18.608103"><time>2026-05-03T07:29:25.900Z</time></trkpt>
<trkpt lat="54.506250" lon="18.608173"><time>2026-05-03T07:29:27.900Z</time></trkpt>
<trkpt lat="54.506253" lon="18.608241"><time>2026-05-03T07:29:29.900Z</time></trkpt>
<trkpt lat="54.506254" lon="18.608312"><time>2026-05-03T07:29:31.900Z</time></trkpt>
<trkpt lat="54.506253" lon="18.608385"><time>2026-05-03T07:29:33.900Z</time></trkpt>
<trkpt lat="54.506256" lon="18.608455"><time>2026-05-03T07:29:35.900Z</time></trkpt>
<trkpt lat="54.506257" lon="18.608529"><time>2026-05-03T07:29:37.900Z</time></trkpt>
<trkpt lat="54.506260" lon="18.608601"><time>2026-05-03T07:29:39.900Z</time></trkpt>
<trkpt lat="54.506261" lon="18.608673"><time>2026-05-03T07:29:41.900Z</time></trkpt>
<trkpt lat="54.506262" lon="18.608745"><time>2026-05-03T07:29:43.900Z</time></trkpt>
<trkpt lat="54.506263" lon="18.608821"><time>2026-05-03T07:29:45.900Z</time></trkpt>
<trkpt lat="54.506266" lon="18.608896"><time>2026-05-03T07:29:47.900Z</time></trkpt>
<trkpt lat="54.506273" lon="18.608964"><time>2026-05-03T07:29:49.900Z</time></trkpt>
<trkpt lat="54.506278" lon="18.609034"><time>2026-05-03T07:29:51.900Z</time></trkpt>
<trkpt lat="54.506288" lon="18.609105"><time>2026-05-03T07:29:53.900Z</time></trkpt>
<trkpt lat="54.506293" lon="18.609173"><time>2026-05-03T07:29:55.900Z</time></trkpt>
<trkpt lat="54.506298" lon="18.609242"><time>2026-05-03T07:29:57.900Z</time></trkpt>
<trkpt lat="54.506306" lon="18.609323"><time>2026-05-03T07:29:59.900Z</time></trkpt>
<trkpt lat="54.506314" lon="18.609414"><time>2026-05-03T07:30:01.900Z</time></trkpt>
<trkpt lat="54.506322" lon="18.609518"><time>2026-05-03T07:30:03.900Z</time></trkpt>
<trkpt lat="54.506332" lon="18.609598"><time>2026-05-03T07:30:05.900Z</time></trkpt>
<trkpt lat="54.506338" lon="18.609675"><time>2026-05-03T07:30:07.900Z</time></trkpt>
<trkpt lat="54.506345" lon="18.609744"><time>2026-05-03T07:30:09.900Z</time></trkpt>
<trkpt lat="54.506355" lon="18.609816"><time>2026-05-03T07:30:11.900Z</time></trkpt>
<trkpt lat="54.506361" lon="18.609890"><time>2026-05-03T07:30:13.900Z</time></trkpt>
<trkpt lat="54.506369" lon="18.609962"><time>2026-05-03T07:30:15.900Z</time></trkpt>
<trkpt lat="54.506378" lon="18.610032"><time>2026-05-03T07:30:17.900Z</time></trkpt>
<trkpt lat="54.506384" lon="18.610096"><time>2026-05-03T07:30:19.900Z</time></trkpt>
<trkpt lat="54.506395" lon="18.610161"><time>2026-05-03T07:30:21.900Z</time></trkpt>
<trkpt lat="54.506403" lon="18.610223"><time>2026-05-03T07:30:23.900Z</time></trkpt>
<trkpt lat="54.506409" lon="18.610289"><time>2026-05-03T07:30:25.900Z</time></trkpt>
<trkpt lat="54.506416" lon="18.610351"><time>2026-05-03T07:30:27.900Z</time></trkpt>
<trkpt lat="54.506424" lon="18.610416"><time>2026-05-03T07:30:29.900Z</time></trkpt>
<trkpt lat="54.506428" lon="18.610481"><time>2026-05-03T07:30:31.900Z</time></trkpt>
<trkpt lat="54.506433" lon="18.610546"><time>2026-05-03T07:30:33.900Z</time></trkpt>
<trkpt lat="54.506442" lon="18.610617"><time>2026-05-03T07:30:35.900Z</time></trkpt>
<trkpt lat="54.506448" lon="18.610675"><time>2026-05-03T07:30:37.900Z</time></trkpt>
<trkpt lat="54.506456" lon="18.610725"><time>2026-05-03T07:30:39.900Z</time></trkpt>
<trkpt lat="54.506467" lon="18.610777"><time>2026-05-03T07:30:41.900Z</time></trkpt>
<trkpt lat="54.506478" lon="18.610831"><time>2026-05-03T07:30:43.900Z</time></trkpt>
<trkpt lat="54.506487" lon="18.610883"><time>2026-05-03T07:30:45.900Z</time></trkpt>
<trkpt lat="54.506494" lon="18.610940"><time>2026-05-03T07:30:47.900Z</time></trkpt>
<trkpt lat="54.506505" lon="18.611003"><time>2026-05-03T07:30:49.900Z</time></trkpt>
<trkpt lat="54.506515" lon="18.611059"><time>2026-05-03T07:30:51.900Z</time></trkpt>
<trkpt lat="54.506525" lon="18.611114"><time>2026-05-03T07:30:53.900Z</time></trkpt>
<trkpt lat="54.506535" lon="18.611172"><time>2026-05-03T07:30:55.900Z</time></trkpt>
<trkpt lat="54.506543" lon="18.611233"><time>2026-05-03T07:30:57.900Z</time></trkpt>
<trkpt lat="54.506554" lon="18.611293"><time>2026-05-03T07:30:59.900Z</time></trkpt>
<trkpt lat="54.506569" lon="18.611353"><time>2026-05-03T07:31:01.900Z</time></trkpt>
<trkpt lat="54.506582" lon="18.611411"><time>2026-05-03T07:31:03.900Z</time></trkpt>
<trkpt lat="54.506591" lon="18.611461"><time>2026-05-03T07:31:05.900Z</time></trkpt>
<trkpt lat="54.506599" lon="18.611515"><time>2026-05-03T07:31:07.900Z</time></trkpt>
<trkpt lat="54.506606" lon="18.611574"><time>2026-05-03T07:31:09.900Z</time></trkpt>
<trkpt lat="54.506610" lon="18.611629"><time>2026-05-03T07:31:11.900Z</time></trkpt>
<trkpt lat="54.506618" lon="18.611689"><time>2026-05-03T07:31:13.900Z</time></trkpt>
<trkpt lat="54.506625" lon="18.611754"><time>2026-05-03T07:31:15.900Z</time></trkpt>
<trkpt lat="54.506634" lon="18.611814"><time>2026-05-03T07:31:17.900Z</time></trkpt>
<trkpt lat="54.506645" lon="18.611875"><time>2026-05-03T07:31:19.900Z</time></trkpt>
<trkpt lat="54.506655" lon="18.611933"><time>2026-05-03T07:31:21.900Z</time></trkpt>
<trkpt lat="54.506666" lon="18.611993"><time>2026-05-03T07:31:23.900Z</time></trkpt>
<trkpt lat="54.506680" lon="18.612047"><time>2026-05-03T07:31:25.900Z</time></trkpt>
<trkpt lat="54.506700" lon="18.612118"><time>2026-05-03T07:31:27.900Z</time></trkpt>
<trkpt lat="54.506712" lon="18.612176"><time>2026-05-03T07:31:29.900Z</time></trkpt>
<trkpt lat="54.506722" lon="18.612235"><time>2026-05-03T07:31:31.900Z</time></trkpt>
<trkpt lat="54.506734" lon="18.612300"><time>2026-05-03T07:31:33.900Z</time></trkpt>
<trkpt lat="54.506748" lon="18.612376"><time>2026-05-03T07:31:35.900Z</time></trkpt>
<trkpt lat="54.506765" lon="18.612463"><time>2026-05-03T07:31:37.900Z</time></trkpt>
<trkpt lat="54.506773" lon="18.612525"><time>2026-05-03T07:31:39.900Z</time></trkpt>
<trkpt lat="54.506785" lon="18.612596"><time>2026-05-03T07:31:41.900Z</time></trkpt>
<trkpt lat="54.506796" lon="18.612660"><time>2026-05-03T07:31:43.900Z</time></trkpt>
<trkpt lat="54.506808" lon="18.612733"><time>2026-05-03T07:31:45.900Z</time></trkpt>
<trkpt lat="54.506821" lon="18.612796"><time>2026-05-03T07:31:47.900Z</time></trkpt>
<trkpt lat="54.506835" lon="18.612861"><time>2026-05-03T07:31:49.900Z</time></trkpt>
<trkpt lat="54.506848" lon="18.612928"><time>2026-05-03T07:31:51.900Z</time></trkpt>
<trkpt lat="54.506853" lon="18.612993"><time>2026-05-03T07:31:53.900Z</time></trkpt>
<trkpt lat="54.506862" lon="18.613061"><time>2026-05-03T07:31:55.900Z</time></trkpt>
<trkpt lat="54.506875" lon="18.613127"><time>2026-05-03T07:31:57.900Z</time></trkpt>
<trkpt lat="54.506890" lon="18.613190"><time>2026-05-03T07:31:59.900Z</time></trkpt>
<trkpt lat="54.506908" lon="18.613265"><time>2026-05-03T07:32:01.900Z</time></trkpt>
<trkpt lat="54.506921" lon="18.613331"><time>2026-05-03T07:32:03.900Z</time></trkpt>
<trkpt lat="54.506933" lon="18.613384"><time>2026-05-03T07:32:05.900Z</time></trkpt>
<trkpt lat="54.506941" lon="18.613443"><time>2026-05-03T07:32:07.900Z</time></trkpt>
<trkpt lat="54.506962" lon="18.613499"><time>2026-05-03T07:32:09.900Z</time></trkpt>
<trkpt lat="54.506986" lon="18.613556"><time>2026-05-03T07:32:11.900Z</time></trkpt>
<trkpt lat="54.507006" lon="18.613610"><time>2026-05-03T07:32:13.900Z</time></trkpt>
<trkpt lat="54.507022" lon="18.613668"><time>2026-05-03T07:32:15.900Z</time></trkpt>
<trkpt lat="54.507037" lon="18.613719"><time>2026-05-03T07:32:17.900Z</time></trkpt>
<trkpt lat="54.507047" lon="18.613775"><time>2026-05-03T07:32:19.900Z</time></trkpt>
<trkpt lat="54.507052" lon="18.613826"><time>2026-05-03T07:32:21.900Z</time></trkpt>
<trkpt lat="54.507064" lon="18.613889"><time>2026-05-03T07:32:23.900Z</time></trkpt>
<trkpt lat="54.507074" lon="18.613953"><time>2026-05-03T07:32:25.900Z</time></trkpt>
<trkpt lat="54.507082" lon="18.614006"><time>2026-05-03T07:32:27.900Z</time></trkpt>
<trkpt lat="54.507097" lon="18.614059"><time>2026-05-03T07:32:29.900Z</time></trkpt>
<trkpt lat="54.507109" lon="18.614111"><time>2026-05-03T07:32:31.900Z</time></trkpt>
<trkpt lat="54.507118" lon="18.614146"><time>2026-05-03T07:32:33.900Z</time></trkpt>
<trkpt lat="54.507130" lon="18.614184"><time>2026-05-03T07:32:35.900Z</time></trkpt>
<trkpt lat="54.507146" lon="18.614232"><time>2026-05-03T07:32:37.900Z</time></trkpt>
<trkpt lat="54.507163" lon="18.614279"><time>2026-05-03T07:32:39.900Z</time></trkpt>
<trkpt lat="54.507180" lon="18.614335"><time>2026-05-03T07:32:41.900Z</time></trkpt>
<trkpt lat="54.507188" lon="18.614403"><time>2026-05-03T07:32:43.900Z</time></trkpt>
<trkpt lat="54.507192" lon="18.614468"><time>2026-05-03T07:32:45.900Z</time></trkpt>
<trkpt lat="54.507199" lon="18.614533"><time>2026-05-03T07:32:47.900Z</time></trkpt>
<trkpt lat="54.507207" lon="18.614590"><time>2026-05-03T07:32:49.900Z</time></trkpt>
<trkpt lat="54.507219" lon="18.614651"><time>2026-05-03T07:32:51.900Z</time></trkpt>
<trkpt lat="54.507231" lon="18.614709"><time>2026-05-03T07:32:53.900Z</time></trkpt>
<trkpt lat="54.507243" lon="18.614770"><time>2026-05-03T07:32:55.900Z</time></trkpt>
<trkpt lat="54.507252" lon="18.614830"><time>2026-05-03T07:32:57.900Z</time></trkpt>
<trkpt lat="54.507259" lon="18.614885"><time>2026-05-03T07:32:59.900Z</time></trkpt>
<trkpt lat="54.507263" lon="18.614943"><time>2026-05-03T07:33:01.900Z</time></trkpt>
<trkpt lat="54.507267" lon="18.615003"><time>2026-05-03T07:33:03.900Z</time></trkpt>
<trkpt lat="54.507273" lon="18.615064"><time>2026-05-03T07:33:05.900Z</time></trkpt>
<trkpt lat="54.507279" lon="18.615126"><time>2026-05-03T07:33:07.900Z</time></trkpt>
<trkpt lat="54.507287" lon="18.615187"><time>2026-05-03T07:33:09.900Z</time></trkpt>
<trkpt lat="54.507294" lon="18.615247"><time>2026-05-03T07:33:11.900Z</time></trkpt>
<trkpt lat="54.507303" lon="18.615308"><time>2026-05-03T07:33:13.900Z</time></trkpt>
<trkpt lat="54.507311" lon="18.615372"><time>2026-05-03T07:33:15.900Z</time></trkpt>
<trkpt lat="54.507318" lon="18.615433"><time>2026-05-03T07:33:17.900Z</time></trkpt>
<trkpt lat="54.507324" lon="18.615494"><time>2026-05-03T07:33:19.900Z</time></trkpt>
<trkpt lat="54.507326" lon="18.615555"><time>2026-05-03T07:33:21.900Z</time></trkpt>
<trkpt lat="54.507330" lon="18.615615"><time>2026-05-03T07:33:23.900Z</time></trkpt>
<trkpt lat="54.507331" lon="18.615677"><time>2026-05-03T07:33:25.900Z</time></trkpt>
<trkpt lat="54.507335" lon="18.615737"><time>2026-05-03T07:33:27.900Z</time></trkpt>
<trkpt lat="54.507338" lon="18.615802"><time>2026-05-03T07:33:29.900Z</time></trkpt>
<trkpt lat="54.507340" lon="18.615866"><time>2026-05-03T07:33:31.900Z</time></trkpt>
<trkpt lat="54.507342" lon="18.615925"><time>2026-05-03T07:33:33.900Z</time></trkpt>
<trkpt lat="54.507349" lon="18.615987"><time>2026-05-03T07:33:35.900Z</time></trkpt>
<trkpt lat="54.507358" lon="18.616052"><time>2026-05-03T07:33:37.900Z</time></trkpt>
<trkpt lat="54.507366" lon="18.616118"><time>2026-05-03T07:33:39.900Z</time></trkpt>
<trkpt lat="54.507375" lon="18.616183"><time>2026-05-03T07:33:41.900Z</time></trkpt>
<trkpt lat="54.507380" lon="18.616246"><time>2026-05-03T07:33:43.900Z</time></trkpt>
<trkpt lat="54.507387" lon="18.616308"><time>2026-05-03T07:33:45.900Z</time></trkpt>
<trkpt lat="54.507395" lon="18.616362"><time>2026-05-03T07:33:47.900Z</time></trkpt>
<trkpt lat="54.507402" lon="18.616418"><time>2026-05-03T07:33:49.900Z</time></trkpt>
<trkpt lat="54.507411" lon="18.616475"><time>2026-05-03T07:33:51.900Z</time></trkpt>
<trkpt lat="54.507421" lon="18.616535"><time>2026-05-03T07:33:53.900Z</time></trkpt>
<trkpt lat="54.507429" lon="18.616595"><time>2026-05-03T07:33:55.900Z</time></trkpt>
<trkpt lat="54.507437" lon="18.616651"><time>2026-05-03T07:33:57.900Z</time></trkpt>
<trkpt lat="54.507440" lon="18.616716"><time>2026-05-03T07:33:59.900Z</time></trkpt>
<trkpt lat="54.507441" lon="18.616777"><time>2026-05-03T07:34:01.900Z</time></trkpt>
<trkpt lat="54.507440" lon="18.616840"><time>2026-05-03T07:34:03.900Z</time></trkpt>
<trkpt lat="54.507440" lon="18.616906"><time>2026-05-03T07:34:05.900Z</time></trkpt>
<trkpt lat="54.507440" lon="18.616976"><time>2026-05-03T07:34:07.900Z</time></trkpt>
<trkpt lat="54.507443" lon="18.617043"><time>2026-05-03T07:34:09.900Z</time></trkpt>
<trkpt lat="54.507448" lon="18.617111"><time>2026-05-03T07:34:11.900Z</time></trkpt>
<trkpt lat="54.507454" lon="18.617179"><time>2026-05-03T07:34:13.900Z</time></trkpt>
<trkpt lat="54.507462" lon="18.617244"><time>2026-05-03T07:34:15.900Z</time></trkpt>
<trkpt lat="54.507470" lon="18.617311"><time>2026-05-03T07:34:17.900Z</time></trkpt>
<trkpt lat="54.507478" lon="18.617374"><time>2026-05-03T07:34:19.900Z</time></trkpt>
<trkpt lat="54.507484" lon="18.617440"><time>2026-05-03T07:34:21.900Z</time></trkpt>
<trkpt lat="54.507486" lon="18.617502"><time>2026-05-03T07:34:23.900Z</time></trkpt>
<trkpt lat="54.507488" lon="18.617567"><time>2026-05-03T07:34:25.900Z</time></trkpt>
<trkpt lat="54.507491" lon="18.617637"><time>2026-05-03T07:34:27.900Z</time></trkpt>
<trkpt lat="54.507497" lon="18.617706"><time>2026-05-03T07:34:29.900Z</time></trkpt>
<trkpt lat="54.507505" lon="18.617775"><time>2026-05-03T07:34:31.900Z</time></trkpt>
<trkpt lat="54.507512" lon="18.617843"><time>2026-05-03T07:34:33.900Z</time></trkpt>
<trkpt lat="54.507520" lon="18.617908"><time>2026-05-03T07:34:35.900Z</time></trkpt>
<trkpt lat="54.507527" lon="18.617977"><time>2026-05-03T07:34:37.900Z</time></trkpt>
<trkpt lat="54.507530" lon="18.618043"><time>2026-05-03T07:34:39.900Z</time></trkpt>
<trkpt lat="54.507532" lon="18.618112"><time>2026-05-03T07:34:41.900Z</time></trkpt>
<trkpt lat="54.507536" lon="18.618182"><time>2026-05-03T07:34:43.900Z</time></trkpt>
<trkpt lat="54.507543" lon="18.618251"><time>2026-05-03T07:34:45.900Z</time></trkpt>
<trkpt lat="54.507552" lon="18.618321"><time>2026-05-03T07:34:47.900Z</time></trkpt>
<trkpt lat="54.507562" lon="18.618388"><time>2026-05-03T07:34:49.900Z</time></trkpt>
<trkpt lat="54.507574" lon="18.618455"><time>2026-05-03T07:34:51.900Z</time></trkpt>
<trkpt lat="54.507584" lon="18.618520"><time>2026-05-03T07:34:53.900Z</time></trkpt>
<trkpt lat="54.507598" lon="18.618589"><time>2026-05-03T07:34:55.900Z</time></trkpt>
<trkpt lat="54.507611" lon="18.618647"><time>2026-05-03T07:34:57.900Z</time></trkpt>
<trkpt lat="54.507627" lon="18.618707"><time>2026-05-03T07:34:59.900Z</time></trkpt>
<trkpt lat="54.507641" lon="18.618769"><time>2026-05-03T07:35:01.900Z</time></trkpt>
<trkpt lat="54.507654" lon="18.618834"><time>2026-05-03T07:35:03.900Z</time></trkpt>
<trkpt lat="54.507667" lon="18.618898"><time>2026-05-03T07:35:05.900Z</time></trkpt>
<trkpt lat="54.507681" lon="18.618958"><time>2026-05-03T07:35:07.900Z</time></trkpt>
<trkpt lat="54.507695" lon="18.619020"><time>2026-05-03T07:35:09.900Z</time></trkpt>
<trkpt lat="54.507709" lon="18.619082"><time>2026-05-03T07:35:11.900Z</time></trkpt>
<trkpt lat="54.507723" lon="18.619139"><time>2026-05-03T07:35:13.900Z</time></trkpt>
<trkpt lat="54.507736" lon="18.619197"><time>2026-05-03T07:35:15.900Z</time></trkpt>
<trkpt lat="54.507749" lon="18.619255"><time>2026-05-03T07:35:17.900Z</time></trkpt>
<trkpt lat="54.507760" lon="18.619313"><time>2026-05-03T07:35:19.900Z</time></trkpt>
<trkpt lat="54.507772" lon="18.619366"><time>2026-05-03T07:35:21.900Z</time></trkpt>
<trkpt lat="54.507782" lon="18.619421"><time>2026-05-03T07:35:23.900Z</time></trkpt>
<trkpt lat="54.507792" lon="18.619473"><time>2026-05-03T07:35:25.900Z</time></trkpt>
<trkpt lat="54.507799" lon="18.619530"><time>2026-05-03T07:35:27.900Z</time></trkpt>
<trkpt lat="54.507806" lon="18.619587"><time>2026-05-03T07:35:29.900Z</time></trkpt>
<trkpt lat="54.507813" lon="18.619645"><time>2026-05-03T07:35:31.900Z</time></trkpt>
<trkpt lat="54.507821" lon="18.619704"><time>2026-05-03T07:35:33.900Z</time></trkpt>
<trkpt lat="54.507830" lon="18.619758"><time>2026-05-03T07:35:35.900Z</time></trkpt>
<trkpt lat="54.507841" lon="18.619817"><time>2026-05-03T07:35:37.900Z</time></trkpt>
<trkpt lat="54.507852" lon="18.619874"><time>2026-05-03T07:35:39.900Z</time></trkpt>
<trkpt lat="54.507863" lon="18.619939"><time>2026-05-03T07:35:41.900Z</time></trkpt>
<trkpt lat="54.507876" lon="18.620003"><time>2026-05-03T07:35:43.900Z</time></trkpt>
<trkpt lat="54.507887" lon="18.620067"><time>2026-05-03T07:35:45.900Z</time></trkpt>
<trkpt lat="54.507894" lon="18.620125"><time>2026-05-03T07:35:47.900Z</time></trkpt>
<trkpt lat="54.507899" lon="18.620190"><time>2026-05-03T07:35:49.900Z</time></trkpt>
<trkpt lat="54.507907" lon="18.620253"><time>2026-05-03T07:35:51.900Z</time></trkpt>
<trkpt lat="54.507925" lon="18.620318"><time>2026-05-03T07:35:54.000Z</time></trkpt>
<trkpt lat="54.507933" lon="18.620383"><time>2026-05-03T07:35:56.000Z</time></trkpt>
<trkpt lat="54.507945" lon="18.620447"><time>2026-05-03T07:35:58.000Z</time></trkpt>
<trkpt lat="54.507958" lon="18.620509"><time>2026-05-03T07:36:00.000Z</time></trkpt>
<trkpt lat="54.507972" lon="18.620571"><time>2026-05-03T07:36:02.000Z</time></trkpt>
<trkpt lat="54.507986" lon="18.620635"><time>2026-05-03T07:36:04.000Z</time></trkpt>
<trkpt lat="54.508002" lon="18.620695"><time>2026-05-03T07:36:06.000Z</time></trkpt>
<trkpt lat="54.508012" lon="18.620754"><time>2026-05-03T07:36:08.000Z</time></trkpt>
<trkpt lat="54.508023" lon="18.620815"><time>2026-05-03T07:36:10.000Z</time></trkpt>
<trkpt lat="54.508036" lon="18.620874"><time>2026-05-03T07:36:12.000Z</time></trkpt>
<trkpt lat="54.508049" lon="18.620928"><time>2026-05-03T07:36:14.000Z</time></trkpt>
<trkpt lat="54.508064" lon="18.620988"><time>2026-05-03T07:36:15.900Z</time></trkpt>
<trkpt lat="54.508077" lon="18.621049"><time>2026-05-03T07:36:17.900Z</time></trkpt>
<trkpt lat="54.508084" lon="18.621103"><time>2026-05-03T07:36:19.900Z</time></trkpt>
<trkpt lat="54.508093" lon="18.621160"><time>2026-05-03T07:36:21.900Z</time></trkpt>
<trkpt lat="54.508103" lon="18.621220"><time>2026-05-03T07:36:23.900Z</time></trkpt>
<trkpt lat="54.508117" lon="18.621276"><time>2026-05-03T07:36:25.900Z</time></trkpt>
<trkpt lat="54.508133" lon="18.621331"><time>2026-05-03T07:36:27.900Z</time></trkpt>
<trkpt lat="54.508150" lon="18.621385"><time>2026-05-03T07:36:29.900Z</time></trkpt>
<trkpt lat="54.508167" lon="18.621437"><time>2026-05-03T07:36:31.900Z</time></trkpt>
<trkpt lat="54.508183" lon="18.621492"><time>2026-05-03T07:36:33.900Z</time></trkpt>
<trkpt lat="54.508197" lon="18.621544"><time>2026-05-03T07:36:35.900Z</time></trkpt>
<trkpt lat="54.508213" lon="18.621597"><time>2026-05-03T07:36:37.900Z</time></trkpt>
<trkpt lat="54.508228" lon="18.621648"><time>2026-05-03T07:36:39.900Z</time></trkpt>
<trkpt lat="54.508244" lon="18.621696"><time>2026-05-03T07:36:41.900Z</time></trkpt>
<trkpt lat="54.508260" lon="18.621753"><time>2026-05-03T07:36:43.900Z</time></trkpt>
<trkpt lat="54.508275" lon="18.621803"><time>2026-05-03T07:36:45.900Z</time></trkpt>
<trkpt lat="54.508290" lon="18.621857"><time>2026-05-03T07:36:47.900Z</time></trkpt>
<trkpt lat="54.508304" lon="18.621908"><time>2026-05-03T07:36:49.900Z</time></trkpt>
<trkpt lat="54.508317" lon="18.621960"><time>2026-05-03T07:36:51.900Z</time></trkpt>
<trkpt lat="54.508329" lon="18.622011"><time>2026-05-03T07:36:53.900Z</time></trkpt>
<trkpt lat="54.508342" lon="18.622062"><time>2026-05-03T07:36:55.900Z</time></trkpt>
<trkpt lat="54.508359" lon="18.622114"><time>2026-05-03T07:36:57.900Z</time></trkpt>
<trkpt lat="54.508376" lon="18.622167"><time>2026-05-03T07:36:59.900Z</time></trkpt>
<trkpt lat="54.508392" lon="18.622220"><time>2026-05-03T07:37:01.900Z</time></trkpt>
<trkpt lat="54.508408" lon="18.622273"><time>2026-05-03T07:37:03.900Z</time></trkpt>
<trkpt lat="54.508426" lon="18.622325"><time>2026-05-03T07:37:05.900Z</time></trkpt>
<trkpt lat="54.508444" lon="18.622373"><time>2026-05-03T07:37:07.900Z</time></trkpt>
<trkpt lat="54.508463" lon="18.622422"><time>2026-05-03T07:37:09.900Z</time></trkpt>
<trkpt lat="54.508476" lon="18.622468"><time>2026-05-03T07:37:11.900Z</time></trkpt>
<trkpt lat="54.508495" lon="18.622517"><time>2026-05-03T07:37:13.900Z</time></trkpt>
<trkpt lat="54.508515" lon="18.622569"><time>2026-05-03T07:37:15.900Z</time></trkpt>
<trkpt lat="54.508535" lon="18.622620"><time>2026-05-03T07:37:17.900Z</time></trkpt>
<trkpt lat="54.508555" lon="18.622670"><time>2026-05-03T07:37:19.900Z</time></trkpt>
<trkpt lat="54.508576" lon="18.622717"><time>2026-05-03T07:37:21.900Z</time></trkpt>
<trkpt lat="54.508597" lon="18.622764"><time>2026-05-03T07:37:23.900Z</time></trkpt>
<trkpt lat="54.508617" lon="18.622813"><time>2026-05-03T07:37:25.900Z</time></trkpt>
<trkpt lat="54.508638" lon="18.622862"><time>2026-05-03T07:37:27.900Z</time></trkpt>
<trkpt lat="54.508659" lon="18.622916"><time>2026-05-03T07:37:29.900Z</time></trkpt>
<trkpt lat="54.508680" lon="18.622973"><time>2026-05-03T07:37:31.900Z</time></trkpt>
<trkpt lat="54.508700" lon="18.623033"><time>2026-05-03T07:37:33.900Z</time></trkpt>
<trkpt lat="54.508720" lon="18.623097"><time>2026-05-03T07:37:35.900Z</time></trkpt>
<trkpt lat="54.508741" lon="18.623160"><time>2026-05-03T07:37:37.900Z</time></trkpt>
<trkpt lat="54.508763" lon="18.623227"><time>2026-05-03T07:37:39.900Z</time></trkpt>
<trkpt lat="54.508788" lon="18.623293"><time>2026-05-03T07:37:41.900Z</time></trkpt>
<trkpt lat="54.508813" lon="18.623361"><time>2026-05-03T07:37:43.900Z</time></trkpt>
<trkpt lat="54.508836" lon="18.623432"><time>2026-05-03T07:37:45.900Z</time></trkpt>
<trkpt lat="54.508860" lon="18.623504"><time>2026-05-03T07:37:47.900Z</time></trkpt>
<trkpt lat="54.508887" lon="18.623573"><time>2026-05-03T07:37:49.900Z</time></trkpt>
<trkpt lat="54.508915" lon="18.623640"><time>2026-05-03T07:37:51.900Z</time></trkpt>
<trkpt lat="54.508943" lon="18.623706"><time>2026-05-03T07:37:53.900Z</time></trkpt>
<trkpt lat="54.508969" lon="18.623774"><time>2026-05-03T07:37:55.900Z</time></trkpt>
<trkpt lat="54.508993" lon="18.623846"><time>2026-05-03T07:37:57.900Z</time></trkpt>
<trkpt lat="54.509019" lon="18.623916"><time>2026-05-03T07:37:59.900Z</time></trkpt>
<trkpt lat="54.509045" lon="18.623985"><time>2026-05-03T07:38:01.900Z</time></trkpt>
<trkpt lat="54.509070" lon="18.624054"><time>2026-05-03T07:38:03.900Z</time></trkpt>
<trkpt lat="54.509097" lon="18.624124"><time>2026-05-03T07:38:05.900Z</time></trkpt>
<trkpt lat="54.509123" lon="18.624193"><time>2026-05-03T07:38:07.900Z</time></trkpt>
<trkpt lat="54.509147" lon="18.624262"><time>2026-05-03T07:38:09.900Z</time></trkpt>
<trkpt lat="54.509168" lon="18.624329"><time>2026-05-03T07:38:11.900Z</time></trkpt>
<trkpt lat="54.509186" lon="18.624399"><time>2026-05-03T07:38:13.900Z</time></trkpt>
<trkpt lat="54.509208" lon="18.624472"><time>2026-05-03T07:38:15.900Z</time></trkpt>
<trkpt lat="54.509231" lon="18.624543"><time>2026-05-03T07:38:17.900Z</time></trkpt>
<trkpt lat="54.509255" lon="18.624612"><time>2026-05-03T07:38:19.900Z</time></trkpt>
<trkpt lat="54.509279" lon="18.624678"><time>2026-05-03T07:38:21.900Z</time></trkpt>
<trkpt lat="54.509301" lon="18.624747"><time>2026-05-03T07:38:23.900Z</time></trkpt>
<trkpt lat="54.509323" lon="18.624815"><time>2026-05-03T07:38:25.900Z</time></trkpt>
<trkpt lat="54.509348" lon="18.624881"><time>2026-05-03T07:38:27.900Z</time></trkpt>
<trkpt lat="54.509370" lon="18.624950"><time>2026-05-03T07:38:29.900Z</time></trkpt>
<trkpt lat="54.509395" lon="18.625020"><time>2026-05-03T07:38:31.900Z</time></trkpt>
<trkpt lat="54.509421" lon="18.625083"><time>2026-05-03T07:38:33.900Z</time></trkpt>
<trkpt lat="54.509448" lon="18.625144"><time>2026-05-03T07:38:35.900Z</time></trkpt>
<trkpt lat="54.509476" lon="18.625209"><time>2026-05-03T07:38:37.900Z</time></trkpt>
<trkpt lat="54.509504" lon="18.625271"><time>2026-05-03T07:38:39.900Z</time></trkpt>
<trkpt lat="54.509532" lon="18.625333"><time>2026-05-03T07:38:41.900Z</time></trkpt>
<trkpt lat="54.509559" lon="18.625394"><time>2026-05-03T07:38:43.900Z</time></trkpt>
<trkpt lat="54.509584" lon="18.625451"><time>2026-05-03T07:38:45.900Z</time></trkpt>
<trkpt lat="54.509612" lon="18.625512"><time>2026-05-03T07:38:47.900Z</time></trkpt>
<trkpt lat="54.509637" lon="18.625556"><time>2026-05-03T07:38:49.900Z</time></trkpt>
<trkpt lat="54.509655" lon="18.625599"><time>2026-05-03T07:38:51.900Z</time></trkpt>
<trkpt lat="54.509676" lon="18.625660"><time>2026-05-03T07:38:53.900Z</time></trkpt>
<trkpt lat="54.509700" lon="18.625726"><time>2026-05-03T07:38:55.900Z</time></trkpt>
<trkpt lat="54.509725" lon="18.625784"><time>2026-05-03T07:38:57.900Z</time></trkpt>
<trkpt lat="54.509750" lon="18.625846"><time>2026-05-03T07:38:59.900Z</time></trkpt>
<trkpt lat="54.509772" lon="18.625906"><time>2026-05-03T07:39:01.900Z</time></trkpt>
<trkpt lat="54.509797" lon="18.625967"><time>2026-05-03T07:39:03.900Z</time></trkpt>
<trkpt lat="54.509821" lon="18.626027"><time>2026-05-03T07:39:05.900Z</time></trkpt>
<trkpt lat="54.509845" lon="18.626084"><time>2026-05-03T07:39:07.900Z</time></trkpt>
<trkpt lat="54.509865" lon="18.626136"><time>2026-05-03T07:39:09.900Z</time></trkpt>
<trkpt lat="54.509886" lon="18.626186"><time>2026-05-03T07:39:11.900Z</time></trkpt>
<trkpt lat="54.509911" lon="18.626242"><time>2026-05-03T07:39:13.900Z</time></trkpt>
<trkpt lat="54.509942" lon="18.626286"><time>2026-05-03T07:39:15.900Z</time></trkpt>
<trkpt lat="54.509981" lon="18.626353"><time>2026-05-03T07:39:17.900Z</time></trkpt>
<trkpt lat="54.510010" lon="18.626407"><time>2026-05-03T07:39:19.900Z</time></trkpt>
<trkpt lat="54.510035" lon="18.626459"><time>2026-05-03T07:39:21.900Z</time></trkpt>
<trkpt lat="54.510061" lon="18.626514"><time>2026-05-03T07:39:23.900Z</time></trkpt>
<trkpt lat="54.510092" lon="18.626577"><time>2026-05-03T07:39:25.900Z</time></trkpt>
<trkpt lat="54.510115" lon="18.626634"><time>2026-05-03T07:39:27.900Z</time></trkpt>
<trkpt lat="54.510143" lon="18.626690"><time>2026-05-03T07:39:29.900Z</time></trkpt>
<trkpt lat="54.510158" lon="18.626740"><time>2026-05-03T07:39:31.900Z</time></trkpt>
<trkpt lat="54.510177" lon="18.626796"><time>2026-05-03T07:39:33.900Z</time></trkpt>
<trkpt lat="54.510199" lon="18.626853"><time>2026-05-03T07:39:35.900Z</time></trkpt>
<trkpt lat="54.510220" lon="18.626911"><time>2026-05-03T07:39:37.900Z</time></trkpt>
<trkpt lat="54.510244" lon="18.626973"><time>2026-05-03T07:39:39.900Z</time></trkpt>
<trkpt lat="54.510269" lon="18.627032"><time>2026-05-03T07:39:41.900Z</time></trkpt>
<trkpt lat="54.510293" lon="18.627092"><time>2026-05-03T07:39:43.900Z</time></trkpt>
<trkpt lat="54.510317" lon="18.627157"><time>2026-05-03T07:39:45.900Z</time></trkpt>
<trkpt lat="54.510343" lon="18.627213"><time>2026-05-03T07:39:47.900Z</time></trkpt>
<trkpt lat="54.510375" lon="18.627266"><time>2026-05-03T07:39:49.900Z</time></trkpt>
<trkpt lat="54.510404" lon="18.627321"><time>2026-05-03T07:39:51.900Z</time></trkpt>
<trkpt lat="54.510433" lon="18.627372"><time>2026-05-03T07:39:53.900Z</time></trkpt>
<trkpt lat="54.510457" lon="18.627427"><time>2026-05-03T07:39:55.900Z</time></trkpt>
<trkpt lat="54.510477" lon="18.627481"><time>2026-05-03T07:39:57.900Z</time></trkpt>
<trkpt lat="54.510498" lon="18.627539"><time>2026-05-03T07:39:59.900Z</time></trkpt>
<trkpt lat="54.510521" lon="18.627597"><time>2026-05-03T07:40:01.900Z</time></trkpt>
<trkpt lat="54.510547" lon="18.627654"><time>2026-05-03T07:40:03.900Z</time></trkpt>
<trkpt lat="54.510571" lon="18.627717"><time>2026-05-03T07:40:06.000Z</time></trkpt>
<trkpt lat="54.510593" lon="18.627776"><time>2026-05-03T07:40:08.000Z</time></trkpt>
<trkpt lat="54.510612" lon="18.627839"><time>2026-05-03T07:40:10.000Z</time></trkpt>
<trkpt lat="54.510629" lon="18.627903"><time>2026-05-03T07:40:12.000Z</time></trkpt>
<trkpt lat="54.510643" lon="18.627963"><time>2026-05-03T07:40:14.000Z</time></trkpt>
<trkpt lat="54.510664" lon="18.628041"><time>2026-05-03T07:40:16.000Z</time></trkpt>
<trkpt lat="54.510684" lon="18.628100"><time>2026-05-03T07:40:18.000Z</time></trkpt>
<trkpt lat="54.510707" lon="18.628160"><time>2026-05-03T07:40:20.000Z</time></trkpt>
<trkpt lat="54.510729" lon="18.628219"><time>2026-05-03T07:40:22.000Z</time></trkpt>
<trkpt lat="54.510754" lon="18.628287"><time>2026-05-03T07:40:24.000Z</time></trkpt>
<trkpt lat="54.510786" lon="18.628336"><time>2026-05-03T07:40:26.000Z</time></trkpt>
<trkpt lat="54.510808" lon="18.628394"><time>2026-05-03T07:40:28.000Z</time></trkpt>
<trkpt lat="54.510830" lon="18.628449"><time>2026-05-03T07:40:30.000Z</time></trkpt>
<trkpt lat="54.510851" lon="18.628524"><time>2026-05-03T07:40:32.000Z</time></trkpt>
<trkpt lat="54.510874" lon="18.628576"><time>2026-05-03T07:40:34.000Z</time></trkpt>
<trkpt lat="54.510900" lon="18.628639"><time>2026-05-03T07:40:36.000Z</time></trkpt>
<trkpt lat="54.510927" lon="18.628692"><time>2026-05-03T07:40:38.000Z</time></trkpt>
<trkpt lat="54.510950" lon="18.628743"><time>2026-05-03T07:40:40.000Z</time></trkpt>
<trkpt lat="54.510970" lon="18.628794"><time>2026-05-03T07:40:42.000Z</time></trkpt>
<trkpt lat="54.510990" lon="18.628849"><time>2026-05-03T07:40:44.000Z</time></trkpt>
<trkpt lat="54.511013" lon="18.628903"><time>2026-05-03T07:40:46.000Z</time></trkpt>
<trkpt lat="54.511034" lon="18.628965"><time>2026-05-03T07:40:48.000Z</time></trkpt>
<trkpt lat="54.511053" lon="18.629027"><time>2026-05-03T07:40:50.000Z</time></trkpt>
<trkpt lat="54.511073" lon="18.629077"><time>2026-05-03T07:40:52.000Z</time></trkpt>
<trkpt lat="54.511097" lon="18.629129"><time>2026-05-03T07:40:54.000Z</time></trkpt>
<trkpt lat="54.511115" lon="18.629184"><time>2026-05-03T07:40:56.000Z</time></trkpt>
<trkpt lat="54.511134" lon="18.629242"><time>2026-05-03T07:40:58.000Z</time></trkpt>
<trkpt lat="54.511154" lon="18.629298"><time>2026-05-03T07:41:00.000Z</time></trkpt>
<trkpt lat="54.511180" lon="18.629359"><time>2026-05-03T07:41:02.000Z</time></trkpt>
<trkpt lat="54.511208" lon="18.629426"><time>2026-05-03T07:41:04.000Z</time></trkpt>
<trkpt lat="54.511234" lon="18.629481"><time>2026-05-03T07:41:06.000Z</time></trkpt>
<trkpt lat="54.511256" lon="18.629521"><time>2026-05-03T07:41:08.000Z</time></trkpt>
<trkpt lat="54.511265" lon="18.629545"><time>2026-05-03T07:41:10.000Z</time></trkpt>
<trkpt lat="54.511279" lon="18.629603"><time>2026-05-03T07:41:12.000Z</time></trkpt>
<trkpt lat="54.511304" lon="18.629661"><time>2026-05-03T07:41:14.000Z</time></trkpt>
<trkpt lat="54.511333" lon="18.629720"><time>2026-05-03T07:41:16.000Z</time></trkpt>
<trkpt lat="54.511362" lon="18.629762"><time>2026-05-03T07:41:18.000Z</time></trkpt>
<trkpt lat="54.511387" lon="18.629807"><time>2026-05-03T07:41:20.000Z</time></trkpt>
<trkpt lat="54.511407" lon="18.629851"><time>2026-05-03T07:41:22.000Z</time></trkpt>
<trkpt lat="54.511424" lon="18.629901"><time>2026-05-03T07:41:24.000Z</time></trkpt>
<trkpt lat="54.511439" lon="18.629957"><time>2026-05-03T07:41:25.900Z</time></trkpt>
<trkpt lat="54.511454" lon="18.630023"><time>2026-05-03T07:41:27.900Z</time></trkpt>
<trkpt lat="54.511470" lon="18.630082"><time>2026-05-03T07:41:29.900Z</time></trkpt>
<trkpt lat="54.511486" lon="18.630148"><time>2026-05-03T07:41:31.900Z</time></trkpt>
<trkpt lat="54.511505" lon="18.630207"><time>2026-05-03T07:41:33.900Z</time></trkpt>
<trkpt lat="54.511526" lon="18.630265"><time>2026-05-03T07:41:35.900Z</time></trkpt>
<trkpt lat="54.511552" lon="18.630316"><time>2026-05-03T07:41:37.900Z</time></trkpt>
<trkpt lat="54.511573" lon="18.630365"><time>2026-05-03T07:41:39.900Z</time></trkpt>
<trkpt lat="54.511593" lon="18.630418"><time>2026-05-03T07:41:41.900Z</time></trkpt>
<trkpt lat="54.511612" lon="18.630474"><time>2026-05-03T07:41:43.900Z</time></trkpt>
<trkpt lat="54.511631" lon="18.630532"><time>2026-05-03T07:41:45.900Z</time></trkpt>
<trkpt lat="54.511653" lon="18.630589"><time>2026-05-03T07:41:47.900Z</time></trkpt>
<trkpt lat="54.511674" lon="18.630638"><time>2026-05-03T07:41:49.900Z</time></trkpt>
<trkpt lat="54.511695" lon="18.630691"><time>2026-05-03T07:41:51.900Z</time></trkpt>
<trkpt lat="54.511710" lon="18.630748"><time>2026-05-03T07:41:53.900Z</time></trkpt>
<trkpt lat="54.511723" lon="18.630813"><time>2026-05-03T07:41:55.900Z</time></trkpt>
<trkpt lat="54.511737" lon="18.630876"><time>2026-05-03T07:41:57.900Z</time></trkpt>
<trkpt lat="54.511750" lon="18.630938"><time>2026-05-03T07:41:59.900Z</time></trkpt>
<trkpt lat="54.511770" lon="18.630996"><time>2026-05-03T07:42:01.900Z</time></trkpt>
<trkpt lat="54.511790" lon="18.631054"><time>2026-05-03T07:42:03.900Z</time></trkpt>
<trkpt lat="54.511810" lon="18.631107"><time>2026-05-03T07:42:05.900Z</time></trkpt>
<trkpt lat="54.511828" lon="18.631162"><time>2026-05-03T07:42:07.900Z</time></trkpt>
<trkpt lat="54.511844" lon="18.631224"><time>2026-05-03T07:42:09.900Z</time></trkpt>
<trkpt lat="54.511859" lon="18.631284"><time>2026-05-03T07:42:12.000Z</time></trkpt>
<trkpt lat="54.511877" lon="18.631340"><time>2026-05-03T07:42:14.000Z</time></trkpt>
<trkpt lat="54.511897" lon="18.631396"><time>2026-05-03T07:42:16.000Z</time></trkpt>
<trkpt lat="54.511915" lon="18.631458"><time>2026-05-03T07:42:18.000Z</time></trkpt>
<trkpt lat="54.511938" lon="18.631525"><time>2026-05-03T07:42:20.000Z</time></trkpt>
<trkpt lat="54.511956" lon="18.631590"><time>2026-05-03T07:42:22.000Z</time></trkpt>
<trkpt lat="54.511970" lon="18.631653"><time>2026-05-03T07:42:24.000Z</time></trkpt>
<trkpt lat="54.511986" lon="18.631710"><time>2026-05-03T07:42:26.000Z</time></trkpt>
<trkpt lat="54.512004" lon="18.631770"><time>2026-05-03T07:42:28.000Z</time></trkpt>
<trkpt lat="54.512025" lon="18.631825"><time>2026-05-03T07:42:30.000Z</time></trkpt>
<trkpt lat="54.512047" lon="18.631877"><time>2026-05-03T07:42:32.000Z</time></trkpt>
<trkpt lat="54.512067" lon="18.631930"><time>2026-05-03T07:42:34.000Z</time></trkpt>
<trkpt lat="54.512085" lon="18.631985"><time>2026-05-03T07:42:36.000Z</time></trkpt>
<trkpt lat="54.512103" lon="18.632043"><time>2026-05-03T07:42:38.000Z</time></trkpt>
<trkpt lat="54.512121" lon="18.632102"><time>2026-05-03T07:42:40.000Z</time></trkpt>
<trkpt lat="54.512143" lon="18.632165"><time>2026-05-03T07:42:42.000Z</time></trkpt>
<trkpt lat="54.512162" lon="18.632224"><time>2026-05-03T07:42:44.000Z</time></trkpt>
<trkpt lat="54.512183" lon="18.632280"><time>2026-05-03T07:42:46.000Z</time></trkpt>
<trkpt lat="54.512204" lon="18.632333"><time>2026-05-03T07:42:48.000Z</time></trkpt>
<trkpt lat="54.512224" lon="18.632388"><time>2026-05-03T07:42:50.000Z</time></trkpt>
<trkpt lat="54.512245" lon="18.632440"><time>2026-05-03T07:42:52.000Z</time></trkpt>
<trkpt lat="54.512267" lon="18.632494"><time>2026-05-03T07:42:54.000Z</time></trkpt>
<trkpt lat="54.512289" lon="18.632549"><time>2026-05-03T07:42:56.000Z</time></trkpt>
<trkpt lat="54.512311" lon="18.632605"><time>2026-05-03T07:42:58.000Z</time></trkpt>
<trkpt lat="54.512332" lon="18.632662"><time>2026-05-03T07:43:00.000Z</time></trkpt>
<trkpt lat="54.512356" lon="18.632720"><time>2026-05-03T07:43:02.000Z</time></trkpt>
<trkpt lat="54.512378" lon="18.632786"><time>2026-05-03T07:43:04.000Z</time></trkpt>
<trkpt lat="54.512403" lon="18.632855"><time>2026-05-03T07:43:06.000Z</time></trkpt>
<trkpt lat="54.512426" lon="18.632900"><time>2026-05-03T07:43:08.000Z</time></trkpt>
<trkpt lat="54.512448" lon="18.632951"><time>2026-05-03T07:43:10.000Z</time></trkpt>
<trkpt lat="54.512472" lon="18.632993"><time>2026-05-03T07:43:12.000Z</time></trkpt>
<trkpt lat="54.512494" lon="18.633040"><time>2026-05-03T07:43:14.000Z</time></trkpt>
<trkpt lat="54.512515" lon="18.633084"><time>2026-05-03T07:43:16.000Z</time></trkpt>
<trkpt lat="54.512536" lon="18.633143"><time>2026-05-03T07:43:18.000Z</time></trkpt>
<trkpt lat="54.512556" lon="18.633201"><time>2026-05-03T07:43:20.000Z</time></trkpt>
<trkpt lat="54.512576" lon="18.633258"><time>2026-05-03T07:43:22.000Z</time></trkpt>
<trkpt lat="54.512597" lon="18.633312"><time>2026-05-03T07:43:24.000Z</time></trkpt>
<trkpt lat="54.512618" lon="18.633362"><time>2026-05-03T07:43:26.000Z</time></trkpt>
<trkpt lat="54.512636" lon="18.633407"><time>2026-05-03T07:43:27.900Z</time></trkpt>
<trkpt lat="54.512658" lon="18.633458"><time>2026-05-03T07:43:29.900Z</time></trkpt>
<trkpt lat="54.512679" lon="18.633512"><time>2026-05-03T07:43:31.900Z</time></trkpt>
<trkpt lat="54.512701" lon="18.633565"><time>2026-05-03T07:43:33.900Z</time></trkpt>
<trkpt lat="54.512722" lon="18.633619"><time>2026-05-03T07:43:35.900Z</time></trkpt>
<trkpt lat="54.512741" lon="18.633669"><time>2026-05-03T07:43:37.900Z</time></trkpt>
<trkpt lat="54.512764" lon="18.633721"><time>2026-05-03T07:43:39.900Z</time></trkpt>
<trkpt lat="54.512788" lon="18.633771"><time>2026-05-03T07:43:41.900Z</time></trkpt>
<trkpt lat="54.512811" lon="18.633815"><time>2026-05-03T07:43:43.900Z</time></trkpt>
<trkpt lat="54.512834" lon="18.633859"><time>2026-05-03T07:43:45.900Z</time></trkpt>
<trkpt lat="54.512856" lon="18.633906"><time>2026-05-03T07:43:47.900Z</time></trkpt>
<trkpt lat="54.512874" lon="18.633955"><time>2026-05-03T07:43:49.900Z</time></trkpt>
<trkpt lat="54.512893" lon="18.634010"><time>2026-05-03T07:43:51.900Z</time></trkpt>
<trkpt lat="54.512913" lon="18.634063"><time>2026-05-03T07:43:53.900Z</time></trkpt>
<trkpt lat="54.512934" lon="18.634113"><time>2026-05-03T07:43:55.900Z</time></trkpt>
<trkpt lat="54.512955" lon="18.634160"><time>2026-05-03T07:43:57.900Z</time></trkpt>
<trkpt lat="54.512976" lon="18.634207"><time>2026-05-03T07:43:59.900Z</time></trkpt>
<trkpt lat="54.512998" lon="18.634256"><time>2026-05-03T07:44:01.900Z</time></trkpt>
<trkpt lat="54.513018" lon="18.634304"><time>2026-05-03T07:44:03.900Z</time></trkpt>
<trkpt lat="54.513042" lon="18.634353"><time>2026-05-03T07:44:05.900Z</time></trkpt>
<trkpt lat="54.513067" lon="18.634402"><time>2026-05-03T07:44:07.900Z</time></trkpt>
<trkpt lat="54.513089" lon="18.634447"><time>2026-05-03T07:44:09.900Z</time></trkpt>
<trkpt lat="54.513112" lon="18.634492"><time>2026-05-03T07:44:11.900Z</time></trkpt>
<trkpt lat="54.513136" lon="18.634533"><time>2026-05-03T07:44:13.900Z</time></trkpt>
<trkpt lat="54.513159" lon="18.634574"><time>2026-05-03T07:44:15.900Z</time></trkpt>
<trkpt lat="54.513181" lon="18.634618"><time>2026-05-03T07:44:18.000Z</time></trkpt>
<trkpt lat="54.513202" lon="18.634662"><time>2026-05-03T07:44:20.000Z</time></trkpt>
<trkpt lat="54.513223" lon="18.634706"><time>2026-05-03T07:44:22.000Z</time></trkpt>
<trkpt lat="54.513243" lon="18.634750"><time>2026-05-03T07:44:24.000Z</time></trkpt>
<trkpt lat="54.513267" lon="18.634793"><time>2026-05-03T07:44:26.000Z</time></trkpt>
<trkpt lat="54.513290" lon="18.634838"><time>2026-05-03T07:44:28.000Z</time></trkpt>
<trkpt lat="54.513313" lon="18.634882"><time>2026-05-03T07:44:30.000Z</time></trkpt>
<trkpt lat="54.513334" lon="18.634926"><time>2026-05-03T07:44:32.000Z</time></trkpt>
<trkpt lat="54.513355" lon="18.634970"><time>2026-05-03T07:44:34.000Z</time></trkpt>
<trkpt lat="54.513377" lon="18.635011"><time>2026-05-03T07:44:36.000Z</time></trkpt>
<trkpt lat="54.513398" lon="18.635056"><time>2026-05-03T07:44:38.000Z</time></trkpt>
<trkpt lat="54.513419" lon="18.635100"><time>2026-05-03T07:44:40.000Z</time></trkpt>
<trkpt lat="54.513438" lon="18.635141"><time>2026-05-03T07:44:42.000Z</time></trkpt>
<trkpt lat="54.513455" lon="18.635190"><time>2026-05-03T07:44:44.000Z</time></trkpt>
<trkpt lat="54.513474" lon="18.635234"><time>2026-05-03T07:44:46.000Z</time></trkpt>
<trkpt lat="54.513494" lon="18.635282"><time>2026-05-03T07:44:48.000Z</time></trkpt>
<trkpt lat="54.513516" lon="18.635326"><time>2026-05-03T07:44:50.000Z</time></trkpt>
<trkpt lat="54.513540" lon="18.635364"><time>2026-05-03T07:44:52.000Z</time></trkpt>
<trkpt lat="54.513564" lon="18.635398"><time>2026-05-03T07:44:54.000Z</time></trkpt>
<trkpt lat="54.513576" lon="18.635441"><time>2026-05-03T07:44:56.000Z</time></trkpt>
<trkpt lat="54.513594" lon="18.635490"><time>2026-05-03T07:44:58.000Z</time></trkpt>
<trkpt lat="54.513610" lon="18.635539"><time>2026-05-03T07:45:00.000Z</time></trkpt>
<trkpt lat="54.513629" lon="18.635588"><time>2026-05-03T07:45:02.000Z</time></trkpt>
<trkpt lat="54.513649" lon="18.635631"><time>2026-05-03T07:45:04.000Z</time></trkpt>
<trkpt lat="54.513670" lon="18.635671"><time>2026-05-03T07:45:06.000Z</time></trkpt>
<trkpt lat="54.513689" lon="18.635710"><time>2026-05-03T07:45:08.000Z</time></trkpt>
<trkpt lat="54.513707" lon="18.635749"><time>2026-05-03T07:45:10.000Z</time></trkpt>
<trkpt lat="54.513723" lon="18.635793"><time>2026-05-03T07:45:12.000Z</time></trkpt>
<trkpt lat="54.513741" lon="18.635834"><time>2026-05-03T07:45:14.000Z</time></trkpt>
<trkpt lat="54.513762" lon="18.635874"><time>2026-05-03T07:45:16.000Z</time></trkpt>
<trkpt lat="54.513781" lon="18.635913"><time>2026-05-03T07:45:18.000Z</time></trkpt>
<trkpt lat="54.513802" lon="18.635952"><time>2026-05-03T07:45:20.000Z</time></trkpt>
<trkpt lat="54.513822" lon="18.635991"><time>2026-05-03T07:45:22.000Z</time></trkpt>
<trkpt lat="54.513840" lon="18.636030"><time>2026-05-03T07:45:24.000Z</time></trkpt>
<trkpt lat="54.513861" lon="18.636068"><time>2026-05-03T07:45:26.000Z</time></trkpt>
<trkpt lat="54.513882" lon="18.636106"><time>2026-05-03T07:45:28.000Z</time></trkpt>
<trkpt lat="54.513903" lon="18.636142"><time>2026-05-03T07:45:30.000Z</time></trkpt>
<trkpt lat="54.513926" lon="18.636181"><time>2026-05-03T07:45:32.000Z</time></trkpt>
<trkpt lat="54.513943" lon="18.636218"><time>2026-05-03T07:45:34.000Z</time></trkpt>
<trkpt lat="54.513963" lon="18.636255"><time>2026-05-03T07:45:36.000Z</time></trkpt>
<trkpt lat="54.513984" lon="18.636297"><time>2026-05-03T07:45:38.000Z</time></trkpt>
<trkpt lat="54.514010" lon="18.636337"><time>2026-05-03T07:45:40.000Z</time></trkpt>
<trkpt lat="54.514031" lon="18.636380"><time>2026-05-03T07:45:42.000Z</time></trkpt>
<trkpt lat="54.514053" lon="18.636423"><time>2026-05-03T07:45:44.000Z</time></trkpt>
<trkpt lat="54.514074" lon="18.636464"><time>2026-05-03T07:45:45.900Z</time></trkpt>
<trkpt lat="54.514096" lon="18.636508"><time>2026-05-03T07:45:47.900Z</time></trkpt>
<trkpt lat="54.514121" lon="18.636548"><time>2026-05-03T07:45:49.900Z</time></trkpt>
<trkpt lat="54.514144" lon="18.636591"><time>2026-05-03T07:45:51.900Z</time></trkpt>
<trkpt lat="54.514167" lon="18.636631"><time>2026-05-03T07:45:53.900Z</time></trkpt>
<trkpt lat="54.514188" lon="18.636677"><time>2026-05-03T07:45:55.900Z</time></trkpt>
<trkpt lat="54.514208" lon="18.636719"><time>2026-05-03T07:45:57.900Z</time></trkpt>
<trkpt lat="54.514225" lon="18.636760"><time>2026-05-03T07:45:59.900Z</time></trkpt>
<trkpt lat="54.514247" lon="18.636804"><time>2026-05-03T07:46:01.900Z</time></trkpt>
<trkpt lat="54.514268" lon="18.636848"><time>2026-05-03T07:46:03.900Z</time></trkpt>
<trkpt lat="54.514289" lon="18.636885"><time>2026-05-03T07:46:05.900Z</time></trkpt>
<trkpt lat="54.514309" lon="18.636928"><time>2026-05-03T07:46:07.900Z</time></trkpt>
<trkpt lat="54.514330" lon="18.636963"><time>2026-05-03T07:46:09.900Z</time></trkpt>
<trkpt lat="54.514347" lon="18.637008"><time>2026-05-03T07:46:11.900Z</time></trkpt>
<trkpt lat="54.514363" lon="18.637055"><time>2026-05-03T07:46:13.900Z</time></trkpt>
<trkpt lat="54.514379" lon="18.637101"><time>2026-05-03T07:46:15.900Z</time></trkpt>
<trkpt lat="54.514395" lon="18.637148"><time>2026-05-03T07:46:17.900Z</time></trkpt>
<trkpt lat="54.514412" lon="18.637195"><time>2026-05-03T07:46:19.900Z</time></trkpt>
<trkpt lat="54.514430" lon="18.637242"><time>2026-05-03T07:46:21.900Z</time></trkpt>
<trkpt lat="54.514449" lon="18.637289"><time>2026-05-03T07:46:24.000Z</time></trkpt>
<trkpt lat="54.514470" lon="18.637333"><time>2026-05-03T07:46:26.000Z</time></trkpt>
<trkpt lat="54.514490" lon="18.637379"><time>2026-05-03T07:46:28.000Z</time></trkpt>
<trkpt lat="54.514509" lon="18.637423"><time>2026-05-03T07:46:30.000Z</time></trkpt>
<trkpt lat="54.514530" lon="18.637471"><time>2026-05-03T07:46:32.000Z</time></trkpt>
<trkpt lat="54.514553" lon="18.637515"><time>2026-05-03T07:46:34.000Z</time></trkpt>
<trkpt lat="54.514573" lon="18.637553"><time>2026-05-03T07:46:36.000Z</time></trkpt>
<trkpt lat="54.514590" lon="18.637587"><time>2026-05-03T07:46:38.000Z</time></trkpt>
<trkpt lat="54.514612" lon="18.637639"><time>2026-05-03T07:46:40.000Z</time></trkpt>
<trkpt lat="54.514631" lon="18.637685"><time>2026-05-03T07:46:42.000Z</time></trkpt>
<trkpt lat="54.514651" lon="18.637738"><time>2026-05-03T07:46:44.000Z</time></trkpt>
<trkpt lat="54.514673" lon="18.637782"><time>2026-05-03T07:46:46.000Z</time></trkpt>
<trkpt lat="54.514690" lon="18.637826"><time>2026-05-03T07:46:48.000Z</time></trkpt>
<trkpt lat="54.514714" lon="18.637862"><time>2026-05-03T07:46:50.000Z</time></trkpt>
<trkpt lat="54.514740" lon="18.637899"><time>2026-05-03T07:46:52.000Z</time></trkpt>
<trkpt lat="54.514764" lon="18.637936"><time>2026-05-03T07:46:54.000Z</time></trkpt>
<trkpt lat="54.514786" lon="18.637977"><time>2026-05-03T07:46:56.000Z</time></trkpt>
<trkpt lat="54.514808" lon="18.638023"><time>2026-05-03T07:46:58.000Z</time></trkpt>
<trkpt lat="54.514833" lon="18.638063"><time>2026-05-03T07:47:00.000Z</time></trkpt>
<trkpt lat="54.514858" lon="18.638097"><time>2026-05-03T07:47:02.000Z</time></trkpt>
<trkpt lat="54.514882" lon="18.638132"><time>2026-05-03T07:47:04.000Z</time></trkpt>
<trkpt lat="54.514907" lon="18.638160"><time>2026-05-03T07:47:06.000Z</time></trkpt>
<trkpt lat="54.514918" lon="18.638200"><time>2026-05-03T07:47:08.000Z</time></trkpt>
<trkpt lat="54.514940" lon="18.638243"><time>2026-05-03T07:47:10.000Z</time></trkpt>
<trkpt lat="54.514967" lon="18.638298"><time>2026-05-03T07:47:12.000Z</time></trkpt>
<trkpt lat="54.514994" lon="18.638336"><time>2026-05-03T07:47:14.000Z</time></trkpt>
<trkpt lat="54.515019" lon="18.638371"><time>2026-05-03T07:47:16.000Z</time></trkpt>
<trkpt lat="54.515045" lon="18.638413"><time>2026-05-03T07:47:18.000Z</time></trkpt>
<trkpt lat="54.515070" lon="18.638447"><time>2026-05-03T07:47:20.000Z</time></trkpt>
<trkpt lat="54.515096" lon="18.638490"><time>2026-05-03T07:47:22.000Z</time></trkpt>
<trkpt lat="54.515119" lon="18.638534"><time>2026-05-03T07:47:24.000Z</time></trkpt>
<trkpt lat="54.515140" lon="18.638577"><time>2026-05-03T07:47:26.000Z</time></trkpt>
<trkpt lat="54.515162" lon="18.638616"><time>2026-05-03T07:47:28.000Z</time></trkpt>
<trkpt lat="54.515184" lon="18.638656"><time>2026-05-03T07:47:30.000Z</time></trkpt>
<trkpt lat="54.515207" lon="18.638699"><time>2026-05-03T07:47:32.000Z</time></trkpt>
<trkpt lat="54.515228" lon="18.638743"><time>2026-05-03T07:47:34.000Z</time></trkpt>
<trkpt lat="54.515251" lon="18.638787"><time>2026-05-03T07:47:36.000Z</time></trkpt>
<trkpt lat="54.515266" lon="18.638830"><time>2026-05-03T07:47:38.000Z</time></trkpt>
<trkpt lat="54.515290" lon="18.638884"><time>2026-05-03T07:47:40.000Z</time></trkpt>
<trkpt lat="54.515313" lon="18.638929"><time>2026-05-03T07:47:42.000Z</time></trkpt>
<trkpt lat="54.515340" lon="18.638974"><time>2026-05-03T07:47:44.000Z</time></trkpt>
<trkpt lat="54.515364" lon="18.639021"><time>2026-05-03T07:47:46.000Z</time></trkpt>
<trkpt lat="54.515389" lon="18.639066"><time>2026-05-03T07:47:48.000Z</time></trkpt>
<trkpt lat="54.515414" lon="18.639103"><time>2026-05-03T07:47:50.000Z</time></trkpt>
<trkpt lat="54.515439" lon="18.639146"><time>2026-05-03T07:47:51.900Z</time></trkpt>
<trkpt lat="54.515462" lon="18.639197"><time>2026-05-03T07:47:53.900Z</time></trkpt>
<trkpt lat="54.515485" lon="18.639254"><time>2026-05-03T07:47:55.900Z</time></trkpt>
<trkpt lat="54.515508" lon="18.639310"><time>2026-05-03T07:47:57.900Z</time></trkpt>
<trkpt lat="54.515532" lon="18.639364"><time>2026-05-03T07:47:59.900Z</time></trkpt>
<trkpt lat="54.515557" lon="18.639413"><time>2026-05-03T07:48:01.900Z</time></trkpt>
<trkpt lat="54.515581" lon="18.639467"><time>2026-05-03T07:48:03.900Z</time></trkpt>
<trkpt lat="54.515605" lon="18.639521"><time>2026-05-03T07:48:05.900Z</time></trkpt>
<trkpt lat="54.515626" lon="18.639579"><time>2026-05-03T07:48:07.900Z</time></trkpt>
<trkpt lat="54.515647" lon="18.639641"><time>2026-05-03T07:48:09.900Z</time></trkpt>
<trkpt lat="54.515665" lon="18.639694"><time>2026-05-03T07:48:11.900Z</time></trkpt>
<trkpt lat="54.515688" lon="18.639755"><time>2026-05-03T07:48:13.900Z</time></trkpt>
<trkpt lat="54.515714" lon="18.639809"><time>2026-05-03T07:48:15.900Z</time></trkpt>
<trkpt lat="54.515746" lon="18.639858"><time>2026-05-03T07:48:17.900Z</time></trkpt>
<trkpt lat="54.515773" lon="18.639906"><time>2026-05-03T07:48:19.900Z</time></trkpt>
<trkpt lat="54.515795" lon="18.639960"><time>2026-05-03T07:48:21.900Z</time></trkpt>
<trkpt lat="54.515815" lon="18.640016"><time>2026-05-03T07:48:23.900Z</time></trkpt>
<trkpt lat="54.515841" lon="18.640069"><time>2026-05-03T07:48:25.900Z</time></trkpt>
<trkpt lat="54.515866" lon="18.640113"><time>2026-05-03T07:48:27.900Z</time></trkpt>
<trkpt lat="54.515887" lon="18.640159"><time>2026-05-03T07:48:30.000Z</time></trkpt>
<trkpt lat="54.515915" lon="18.640214"><time>2026-05-03T07:48:32.000Z</time></trkpt>
<trkpt lat="54.515944" lon="18.640295"><time>2026-05-03T07:48:34.000Z</time></trkpt>
<trkpt lat="54.515970" lon="18.640374"><time>2026-05-03T07:48:36.000Z</time></trkpt>
<trkpt lat="54.515999" lon="18.640435"><time>2026-05-03T07:48:38.000Z</time></trkpt>
<trkpt lat="54.516029" lon="18.640488"><time>2026-05-03T07:48:40.000Z</time></trkpt>
<trkpt lat="54.516056" lon="18.640542"><time>2026-05-03T07:48:42.000Z</time></trkpt>
<trkpt lat="54.516080" lon="18.640608"><time>2026-05-03T07:48:44.000Z</time></trkpt>
<trkpt lat="54.516101" lon="18.640674"><time>2026-05-03T07:48:46.000Z</time></trkpt>
<trkpt lat="54.516126" lon="18.640733"><time>2026-05-03T07:48:48.000Z</time></trkpt>
<trkpt lat="54.516150" lon="18.640792"><time>2026-05-03T07:48:50.000Z</time></trkpt>
<trkpt lat="54.516175" lon="18.640850"><time>2026-05-03T07:48:52.000Z</time></trkpt>
<trkpt lat="54.516203" lon="18.640903"><time>2026-05-03T07:48:54.000Z</time></trkpt>
<trkpt lat="54.516231" lon="18.640960"><time>2026-05-03T07:48:56.000Z</time></trkpt>
<trkpt lat="54.516264" lon="18.641012"><time>2026-05-03T07:48:58.000Z</time></trkpt>
<trkpt lat="54.516295" lon="18.641066"><time>2026-05-03T07:49:00.000Z</time></trkpt>
<trkpt lat="54.516325" lon="18.641123"><time>2026-05-03T07:49:02.000Z</time></trkpt>
<trkpt lat="54.516354" lon="18.641174"><time>2026-05-03T07:49:04.000Z</time></trkpt>
<trkpt lat="54.516386" lon="18.641216"><time>2026-05-03T07:49:06.000Z</time></trkpt>
<trkpt lat="54.516418" lon="18.641254"><time>2026-05-03T07:49:08.000Z</time></trkpt>
<trkpt lat="54.516451" lon="18.641284"><time>2026-05-03T07:49:10.000Z</time></trkpt>
<trkpt lat="54.516484" lon="18.641314"><time>2026-05-03T07:49:12.000Z</time></trkpt>
<trkpt lat="54.516516" lon="18.641352"><time>2026-05-03T07:49:14.000Z</time></trkpt>
<trkpt lat="54.516542" lon="18.641404"><time>2026-05-03T07:49:16.000Z</time></trkpt>
<trkpt lat="54.516570" lon="18.641461"><time>2026-05-03T07:49:18.000Z</time></trkpt>
<trkpt lat="54.516598" lon="18.641516"><time>2026-05-03T07:49:20.000Z</time></trkpt>
<trkpt lat="54.516626" lon="18.641573"><time>2026-05-03T07:49:22.000Z</time></trkpt>
<trkpt lat="54.516649" lon="18.641633"><time>2026-05-03T07:49:24.000Z</time></trkpt>
<trkpt lat="54.516683" lon="18.641682"><time>2026-05-03T07:49:26.000Z</time></trkpt>
<trkpt lat="54.516708" lon="18.641722"><time>2026-05-03T07:49:28.000Z</time></trkpt>
<trkpt lat="54.516740" lon="18.641762"><time>2026-05-03T07:49:30.000Z</time></trkpt>
<trkpt lat="54.516768" lon="18.641809"><time>2026-05-03T07:49:32.000Z</time></trkpt>
<trkpt lat="54.516799" lon="18.641859"><time>2026-05-03T07:49:34.000Z</time></trkpt>
<trkpt lat="54.516828" lon="18.641911"><time>2026-05-03T07:49:36.000Z</time></trkpt>
<trkpt lat="54.516861" lon="18.641967"><time>2026-05-03T07:49:38.000Z</time></trkpt>
<trkpt lat="54.516893" lon="18.642026"><time>2026-05-03T07:49:40.000Z</time></trkpt>
<trkpt lat="54.516924" lon="18.642088"><time>2026-05-03T07:49:42.000Z</time></trkpt>
<trkpt lat="54.516952" lon="18.642147"><time>2026-05-03T07:49:44.000Z</time></trkpt>
<trkpt lat="54.516980" lon="18.642203"><time>2026-05-03T07:49:46.000Z</time></trkpt>
<trkpt lat="54.517013" lon="18.642264"><time>2026-05-03T07:49:48.000Z</time></trkpt>
<trkpt lat="54.517045" lon="18.642328"><time>2026-05-03T07:49:50.000Z</time></trkpt>
<trkpt lat="54.517078" lon="18.642385"><time>2026-05-03T07:49:51.900Z</time></trkpt>
<trkpt lat="54.517120" lon="18.642458"><time>2026-05-03T07:49:53.900Z</time></trkpt>
<trkpt lat="54.517149" lon="18.642533"><time>2026-05-03T07:49:55.900Z</time></trkpt>
<trkpt lat="54.517178" lon="18.642616"><time>2026-05-03T07:49:57.900Z</time></trkpt>
<trkpt lat="54.517212" lon="18.642700"><time>2026-05-03T07:49:59.900Z</time></trkpt>
<trkpt lat="54.517248" lon="18.642771"><time>2026-05-03T07:50:01.900Z</time></trkpt>
<trkpt lat="54.517284" lon="18.642838"><time>2026-05-03T07:50:03.900Z</time></trkpt>
<trkpt lat="54.517320" lon="18.642921"><time>2026-05-03T07:50:05.900Z</time></trkpt>
<trkpt lat="54.517356" lon="18.642985"><time>2026-05-03T07:50:07.900Z</time></trkpt>
<trkpt lat="54.517393" lon="18.643066"><time>2026-05-03T07:50:09.900Z</time></trkpt>
<trkpt lat="54.517429" lon="18.643138"><time>2026-05-03T07:50:11.900Z</time></trkpt>
<trkpt lat="54.517470" lon="18.643195"><time>2026-05-03T07:50:13.900Z</time></trkpt>
<trkpt lat="54.517509" lon="18.643250"><time>2026-05-03T07:50:15.900Z</time></trkpt>
<trkpt lat="54.517546" lon="18.643308"><time>2026-05-03T07:50:17.900Z</time></trkpt>
<trkpt lat="54.517585" lon="18.643372"><time>2026-05-03T07:50:19.900Z</time></trkpt>
<trkpt lat="54.517623" lon="18.643440"><time>2026-05-03T07:50:21.900Z</time></trkpt>
<trkpt lat="54.517667" lon="18.643506"><time>2026-05-03T07:50:23.900Z</time></trkpt>
<trkpt lat="54.517709" lon="18.643577"><time>2026-05-03T07:50:25.900Z</time></trkpt>
<trkpt lat="54.517745" lon="18.643638"><time>2026-05-03T07:50:27.900Z</time></trkpt>
<trkpt lat="54.517781" lon="18.643706"><time>2026-05-03T07:50:29.900Z</time></trkpt>
<trkpt lat="54.517821" lon="18.643776"><time>2026-05-03T07:50:31.900Z</time></trkpt>
<trkpt lat="54.517860" lon="18.643842"><time>2026-05-03T07:50:34.000Z</time></trkpt>
<trkpt lat="54.517897" lon="18.643908"><time>2026-05-03T07:50:36.000Z</time></trkpt>
<trkpt lat="54.517931" lon="18.643974"><time>2026-05-03T07:50:38.000Z</time></trkpt>
<trkpt lat="54.517967" lon="18.644047"><time>2026-05-03T07:50:40.000Z</time></trkpt>
<trkpt lat="54.518007" lon="18.644119"><time>2026-05-03T07:50:42.000Z</time></trkpt>
<trkpt lat="54.518047" lon="18.644190"><time>2026-05-03T07:50:44.000Z</time></trkpt>
<trkpt lat="54.518087" lon="18.644263"><time>2026-05-03T07:50:46.000Z</time></trkpt>
<trkpt lat="54.518129" lon="18.644335"><time>2026-05-03T07:50:48.000Z</time></trkpt>
<trkpt lat="54.518169" lon="18.644406"><time>2026-05-03T07:50:50.000Z</time></trkpt>
<trkpt lat="54.518214" lon="18.644474"><time>2026-05-03T07:50:52.000Z</time></trkpt>
<trkpt lat="54.518258" lon="18.644542"><time>2026-05-03T07:50:54.000Z</time></trkpt>
<trkpt lat="54.518302" lon="18.644614"><time>2026-05-03T07:50:56.000Z</time></trkpt>
<trkpt lat="54.518344" lon="18.644685"><time>2026-05-03T07:50:58.000Z</time></trkpt>
<trkpt lat="54.518386" lon="18.644759"><time>2026-05-03T07:51:00.000Z</time></trkpt>
<trkpt lat="54.518428" lon="18.644837"><time>2026-05-03T07:51:02.000Z</time></trkpt>
<trkpt lat="54.518469" lon="18.644910"><time>2026-05-03T07:51:04.000Z</time></trkpt>
<trkpt lat="54.518506" lon="18.644981"><time>2026-05-03T07:51:06.000Z</time></trkpt>
<trkpt lat="54.518540" lon="18.645057"><time>2026-05-03T07:51:08.000Z</time></trkpt>
<trkpt lat="54.518577" lon="18.645135"><time>2026-05-03T07:51:10.000Z</time></trkpt>
<trkpt lat="54.518615" lon="18.645206"><time>2026-05-03T07:51:12.000Z</time></trkpt>
<trkpt lat="54.518650" lon="18.645273"><time>2026-05-03T07:51:14.000Z</time></trkpt>
<trkpt lat="54.518689" lon="18.645339"><time>2026-05-03T07:51:16.000Z</time></trkpt>
<trkpt lat="54.518729" lon="18.645406"><time>2026-05-03T07:51:18.000Z</time></trkpt>
<trkpt lat="54.518769" lon="18.645482"><time>2026-05-03T07:51:20.000Z</time></trkpt>
<trkpt lat="54.518810" lon="18.645548"><time>2026-05-03T07:51:22.000Z</time></trkpt>
<trkpt lat="54.518845" lon="18.645624"><time>2026-05-03T07:51:24.000Z</time></trkpt>
<trkpt lat="54.518881" lon="18.645698"><time>2026-05-03T07:51:26.000Z</time></trkpt>
<trkpt lat="54.518915" lon="18.645775"><time>2026-05-03T07:51:28.000Z</time></trkpt>
<trkpt lat="54.518949" lon="18.645849"><time>2026-05-03T07:51:30.000Z</time></trkpt>
<trkpt lat="54.518983" lon="18.645922"><time>2026-05-03T07:51:32.000Z</time></trkpt>
<trkpt lat="54.519021" lon="18.645995"><time>2026-05-03T07:51:34.000Z</time></trkpt>
<trkpt lat="54.519064" lon="18.646079"><time>2026-05-03T07:51:36.000Z</time></trkpt>
<trkpt lat="54.519103" lon="18.646175"><time>2026-05-03T07:51:38.000Z</time></trkpt>
<trkpt lat="54.519133" lon="18.646247"><time>2026-05-03T07:51:40.000Z</time></trkpt>
<trkpt lat="54.519166" lon="18.646315"><time>2026-05-03T07:51:42.000Z</time></trkpt>
<trkpt lat="54.519204" lon="18.646383"><time>2026-05-03T07:51:44.000Z</time></trkpt>
<trkpt lat="54.519248" lon="18.646450"><time>2026-05-03T07:51:46.000Z</time></trkpt>
<trkpt lat="54.519290" lon="18.646522"><time>2026-05-03T07:51:48.000Z</time></trkpt>
<trkpt lat="54.519327" lon="18.646585"><time>2026-05-03T07:51:50.000Z</time></trkpt>
<trkpt lat="54.519366" lon="18.646645"><time>2026-05-03T07:51:51.900Z</time></trkpt>
<trkpt lat="54.519406" lon="18.646707"><time>2026-05-03T07:51:53.900Z</time></trkpt>
<trkpt lat="54.519448" lon="18.646776"><time>2026-05-03T07:51:55.900Z</time></trkpt>
<trkpt lat="54.519487" lon="18.646845"><time>2026-05-03T07:51:57.900Z</time></trkpt>
<trkpt lat="54.519527" lon="18.646916"><time>2026-05-03T07:51:59.900Z</time></trkpt>
<trkpt lat="54.519566" lon="18.646984"><time>2026-05-03T07:52:01.900Z</time></trkpt>
<trkpt lat="54.519605" lon="18.647050"><time>2026-05-03T07:52:03.900Z</time></trkpt>
<trkpt lat="54.519640" lon="18.647119"><time>2026-05-03T07:52:05.900Z</time></trkpt>
<trkpt lat="54.519678" lon="18.647188"><time>2026-05-03T07:52:07.900Z</time></trkpt>
<trkpt lat="54.519713" lon="18.647248"><time>2026-05-03T07:52:09.900Z</time></trkpt>
<trkpt lat="54.519749" lon="18.647313"><time>2026-05-03T07:52:11.900Z</time></trkpt>
<trkpt lat="54.519789" lon="18.647380"><time>2026-05-03T07:52:13.900Z</time></trkpt>
<trkpt lat="54.519827" lon="18.647446"><time>2026-05-03T07:52:15.900Z</time></trkpt>
<trkpt lat="54.519863" lon="18.647514"><time>2026-05-03T07:52:17.900Z</time></trkpt>
<trkpt lat="54.519896" lon="18.647583"><time>2026-05-03T07:52:19.900Z</time></trkpt>
<trkpt lat="54.519933" lon="18.647653"><time>2026-05-03T07:52:21.900Z</time></trkpt>
<trkpt lat="54.519971" lon="18.647723"><time>2026-05-03T07:52:23.900Z</time></trkpt>
<trkpt lat="54.520007" lon="18.647790"><time>2026-05-03T07:52:25.900Z</time></trkpt>
<trkpt lat="54.520041" lon="18.647861"><time>2026-05-03T07:52:27.900Z</time></trkpt>
<trkpt lat="54.520075" lon="18.647933"><time>2026-05-03T07:52:29.900Z</time></trkpt>
<trkpt lat="54.520110" lon="18.647998"><time>2026-05-03T07:52:31.900Z</time></trkpt>
<trkpt lat="54.520146" lon="18.648061"><time>2026-05-03T07:52:33.900Z</time></trkpt>
<trkpt lat="54.520184" lon="18.648123"><time>2026-05-03T07:52:35.900Z</time></trkpt>
<trkpt lat="54.520221" lon="18.648186"><time>2026-05-03T07:52:37.900Z</time></trkpt>
<trkpt lat="54.520261" lon="18.648247"><time>2026-05-03T07:52:40.000Z</time></trkpt>
<trkpt lat="54.520301" lon="18.648311"><time>2026-05-03T07:52:42.000Z</time></trkpt>
<trkpt lat="54.520338" lon="18.648377"><time>2026-05-03T07:52:44.000Z</time></trkpt>
<trkpt lat="54.520373" lon="18.648445"><time>2026-05-03T07:52:46.000Z</time></trkpt>
<trkpt lat="54.520408" lon="18.648513"><time>2026-05-03T07:52:48.000Z</time></trkpt>
<trkpt lat="54.520446" lon="18.648580"><time>2026-05-03T07:52:50.000Z</time></trkpt>
<trkpt lat="54.520480" lon="18.648647"><time>2026-05-03T07:52:52.000Z</time></trkpt>
<trkpt lat="54.520510" lon="18.648715"><time>2026-05-03T07:52:54.000Z</time></trkpt>
<trkpt lat="54.520538" lon="18.648786"><time>2026-05-03T07:52:56.000Z</time></trkpt>
<trkpt lat="54.520564" lon="18.648860"><time>2026-05-03T07:52:58.000Z</time></trkpt>
<trkpt lat="54.520594" lon="18.648934"><time>2026-05-03T07:53:00.000Z</time></trkpt>
<trkpt lat="54.520630" lon="18.649001"><time>2026-05-03T07:53:02.000Z</time></trkpt>
<trkpt lat="54.520666" lon="18.649069"><time>2026-05-03T07:53:04.000Z</time></trkpt>
<trkpt lat="54.520704" lon="18.649138"><time>2026-05-03T07:53:06.000Z</time></trkpt>
<trkpt lat="54.520742" lon="18.649203"><time>2026-05-03T07:53:08.000Z</time></trkpt>
<trkpt lat="54.520781" lon="18.649269"><time>2026-05-03T07:53:10.000Z</time></trkpt>
<trkpt lat="54.520818" lon="18.649338"><time>2026-05-03T07:53:12.000Z</time></trkpt>
<trkpt lat="54.520855" lon="18.649404"><time>2026-05-03T07:53:14.000Z</time></trkpt>
<trkpt lat="54.520896" lon="18.649476"><time>2026-05-03T07:53:16.000Z</time></trkpt>
<trkpt lat="54.520939" lon="18.649547"><time>2026-05-03T07:53:18.000Z</time></trkpt>
<trkpt lat="54.520975" lon="18.649616"><time>2026-05-03T07:53:20.000Z</time></trkpt>
<trkpt lat="54.521010" lon="18.649687"><time>2026-05-03T07:53:22.000Z</time></trkpt>
<trkpt lat="54.521044" lon="18.649760"><time>2026-05-03T07:53:24.000Z</time></trkpt>
<trkpt lat="54.521080" lon="18.649831"><time>2026-05-03T07:53:26.000Z</time></trkpt>
<trkpt lat="54.521117" lon="18.649901"><time>2026-05-03T07:53:28.000Z</time></trkpt>
<trkpt lat="54.521154" lon="18.649972"><time>2026-05-03T07:53:30.000Z</time></trkpt>
<trkpt lat="54.521192" lon="18.650039"><time>2026-05-03T07:53:32.000Z</time></trkpt>
<trkpt lat="54.521231" lon="18.650101"><time>2026-05-03T07:53:34.000Z</time></trkpt>
<trkpt lat="54.521271" lon="18.650160"><time>2026-05-03T07:53:36.000Z</time></trkpt>
<trkpt lat="54.521314" lon="18.650217"><time>2026-05-03T07:53:38.000Z</time></trkpt>
<trkpt lat="54.521356" lon="18.650271"><time>2026-05-03T07:53:40.000Z</time></trkpt>
<trkpt lat="54.521398" lon="18.650327"><time>2026-05-03T07:53:42.000Z</time></trkpt>
<trkpt lat="54.521441" lon="18.650383"><time>2026-05-03T07:53:44.000Z</time></trkpt>
<trkpt lat="54.521485" lon="18.650438"><time>2026-05-03T07:53:46.000Z</time></trkpt>
<trkpt lat="54.521529" lon="18.650489"><time>2026-05-03T07:53:48.000Z</time></trkpt>
<trkpt lat="54.521573" lon="18.650538"><time>2026-05-03T07:53:50.000Z</time></trkpt>
<trkpt lat="54.521617" lon="18.650587"><time>2026-05-03T07:53:52.000Z</time></trkpt>
<trkpt lat="54.521662" lon="18.650631"><time>2026-05-03T07:53:54.000Z</time></trkpt>
<trkpt lat="54.521706" lon="18.650676"><time>2026-05-03T07:53:56.000Z</time></trkpt>
<trkpt lat="54.521747" lon="18.650727"><time>2026-05-03T07:53:57.900Z</time></trkpt>
<trkpt lat="54.521788" lon="18.650782"><time>2026-05-03T07:53:59.900Z</time></trkpt>
<trkpt lat="54.521829" lon="18.650837"><time>2026-05-03T07:54:01.900Z</time></trkpt>
<trkpt lat="54.521871" lon="18.650890"><time>2026-05-03T07:54:03.900Z</time></trkpt>
<trkpt lat="54.521914" lon="18.650941"><time>2026-05-03T07:54:05.900Z</time></trkpt>
<trkpt lat="54.521956" lon="18.650991"><time>2026-05-03T07:54:07.900Z</time></trkpt>
<trkpt lat="54.521997" lon="18.651040"><time>2026-05-03T07:54:09.900Z</time></trkpt>
<trkpt lat="54.522040" lon="18.651092"><time>2026-05-03T07:54:11.900Z</time></trkpt>
<trkpt lat="54.522081" lon="18.651142"><time>2026-05-03T07:54:13.900Z</time></trkpt>
<trkpt lat="54.522125" lon="18.651192"><time>2026-05-03T07:54:15.900Z</time></trkpt>
<trkpt lat="54.522168" lon="18.651239"><time>2026-05-03T07:54:17.900Z</time></trkpt>
<trkpt lat="54.522211" lon="18.651287"><time>2026-05-03T07:54:19.900Z</time></trkpt>
<trkpt lat="54.522252" lon="18.651343"><time>2026-05-03T07:54:21.900Z</time></trkpt>
<trkpt lat="54.522294" lon="18.651397"><time>2026-05-03T07:54:23.900Z</time></trkpt>
<trkpt lat="54.522334" lon="18.651457"><time>2026-05-03T07:54:25.900Z</time></trkpt>
<trkpt lat="54.522375" lon="18.651518"><time>2026-05-03T07:54:27.900Z</time></trkpt>
<trkpt lat="54.522414" lon="18.651577"><time>2026-05-03T07:54:29.900Z</time></trkpt>
<trkpt lat="54.522455" lon="18.651635"><time>2026-05-03T07:54:31.900Z</time></trkpt>
<trkpt lat="54.522498" lon="18.651689"><time>2026-05-03T07:54:33.900Z</time></trkpt>
<trkpt lat="54.522544" lon="18.651744"><time>2026-05-03T07:54:35.900Z</time></trkpt>
<trkpt lat="54.522589" lon="18.651798"><time>2026-05-03T07:54:37.900Z</time></trkpt>
<trkpt lat="54.522632" lon="18.651853"><time>2026-05-03T07:54:39.900Z</time></trkpt>
<trkpt lat="54.522676" lon="18.651909"><time>2026-05-03T07:54:41.900Z</time></trkpt>
<trkpt lat="54.522722" lon="18.651960"><time>2026-05-03T07:54:43.900Z</time></trkpt>
<trkpt lat="54.522768" lon="18.652012"><time>2026-05-03T07:54:46.000Z</time></trkpt>
<trkpt lat="54.522815" lon="18.652070"><time>2026-05-03T07:54:48.000Z</time></trkpt>
<trkpt lat="54.522863" lon="18.652118"><time>2026-05-03T07:54:50.000Z</time></trkpt>
<trkpt lat="54.522909" lon="18.652164"><time>2026-05-03T07:54:52.000Z</time></trkpt>
<trkpt lat="54.522954" lon="18.652212"><time>2026-05-03T07:54:54.000Z</time></trkpt>
<trkpt lat="54.522997" lon="18.652262"><time>2026-05-03T07:54:56.000Z</time></trkpt>
<trkpt lat="54.523041" lon="18.652313"><time>2026-05-03T07:54:58.000Z</time></trkpt>
<trkpt lat="54.523086" lon="18.652362"><time>2026-05-03T07:55:00.000Z</time></trkpt>
<trkpt lat="54.523132" lon="18.652413"><time>2026-05-03T07:55:02.000Z</time></trkpt>
<trkpt lat="54.523176" lon="18.652465"><time>2026-05-03T07:55:04.000Z</time></trkpt>
<trkpt lat="54.523222" lon="18.652516"><time>2026-05-03T07:55:06.000Z</time></trkpt>
<trkpt lat="54.523264" lon="18.652567"><time>2026-05-03T07:55:08.000Z</time></trkpt>
<trkpt lat="54.523304" lon="18.652620"><time>2026-05-03T07:55:10.000Z</time></trkpt>
<trkpt lat="54.523347" lon="18.652677"><time>2026-05-03T07:55:12.000Z</time></trkpt>
<trkpt lat="54.523390" lon="18.652729"><time>2026-05-03T07:55:14.000Z</time></trkpt>
<trkpt lat="54.523437" lon="18.652777"><time>2026-05-03T07:55:16.000Z</time></trkpt>
<trkpt lat="54.523486" lon="18.652824"><time>2026-05-03T07:55:18.000Z</time></trkpt>
<trkpt lat="54.523532" lon="18.652873"><time>2026-05-03T07:55:20.000Z</time></trkpt>
<trkpt lat="54.523578" lon="18.652924"><time>2026-05-03T07:55:22.000Z</time></trkpt>
<trkpt lat="54.523623" lon="18.652975"><time>2026-05-03T07:55:24.000Z</time></trkpt>
<trkpt lat="54.523668" lon="18.653022"><time>2026-05-03T07:55:26.000Z</time></trkpt>
<trkpt lat="54.523714" lon="18.653068"><time>2026-05-03T07:55:28.000Z</time></trkpt>
<trkpt lat="54.523759" lon="18.653112"><time>2026-05-03T07:55:30.000Z</time></trkpt>
<trkpt lat="54.523805" lon="18.653157"><time>2026-05-03T07:55:32.000Z</time></trkpt>
<trkpt lat="54.523855" lon="18.653202"><time>2026-05-03T07:55:34.000Z</time></trkpt>
<trkpt lat="54.523904" lon="18.653244"><time>2026-05-03T07:55:36.000Z</time></trkpt>
<trkpt lat="54.523950" lon="18.653292"><time>2026-05-03T07:55:38.000Z</time></trkpt>
<trkpt lat="54.523989" lon="18.653339"><time>2026-05-03T07:55:40.000Z</time></trkpt>
<trkpt lat="54.524024" lon="18.653386"><time>2026-05-03T07:55:42.000Z</time></trkpt>
<trkpt lat="54.524055" lon="18.653432"><time>2026-05-03T07:55:44.000Z</time></trkpt>
<trkpt lat="54.524090" lon="18.653480"><time>2026-05-03T07:55:46.000Z</time></trkpt>
<trkpt lat="54.524123" lon="18.653554"><time>2026-05-03T07:55:48.000Z</time></trkpt>
<trkpt lat="54.524150" lon="18.653612"><time>2026-05-03T07:55:50.000Z</time></trkpt>
<trkpt lat="54.524190" lon="18.653668"><time>2026-05-03T07:55:52.000Z</time></trkpt>
<trkpt lat="54.524226" lon="18.653688"><time>2026-05-03T07:55:53.900Z</time></trkpt>
<trkpt lat="54.524300" lon="18.653762"><time>2026-05-03T07:55:55.900Z</time></trkpt>
<trkpt lat="54.524349" lon="18.653821"><time>2026-05-03T07:55:57.900Z</time></trkpt>
<trkpt lat="54.524407" lon="18.653872"><time>2026-05-03T07:55:59.900Z</time></trkpt>
<trkpt lat="54.524468" lon="18.653919"><time>2026-05-03T07:56:01.900Z</time></trkpt>
<trkpt lat="54.524515" lon="18.653967"><time>2026-05-03T07:56:03.900Z</time></trkpt>
<trkpt lat="54.524550" lon="18.654016"><time>2026-05-03T07:56:05.900Z</time></trkpt>
<trkpt lat="54.524577" lon="18.654058"><time>2026-05-03T07:56:07.900Z</time></trkpt>
<trkpt lat="54.524615" lon="18.654115"><time>2026-05-03T07:56:09.900Z</time></trkpt>
<trkpt lat="54.524658" lon="18.654181"><time>2026-05-03T07:56:11.900Z</time></trkpt>
<trkpt lat="54.524698" lon="18.654233"><time>2026-05-03T07:56:13.900Z</time></trkpt>
<trkpt lat="54.524724" lon="18.654288"><time>2026-05-03T07:56:15.900Z</time></trkpt>
<trkpt lat="54.524773" lon="18.654339"><time>2026-05-03T07:56:17.900Z</time></trkpt>
<trkpt lat="54.524797" lon="18.654375"><time>2026-05-03T07:56:19.900Z</time></trkpt>
<trkpt lat="54.524839" lon="18.654402"><time>2026-05-03T07:56:21.900Z</time></trkpt>
<trkpt lat="54.524878" lon="18.654454"><time>2026-05-03T07:56:23.900Z</time></trkpt>
<trkpt lat="54.524923" lon="18.654488"><time>2026-05-03T07:56:25.900Z</time></trkpt>
<trkpt lat="54.524988" lon="18.654532"><time>2026-05-03T07:56:27.900Z</time></trkpt>
<trkpt lat="54.525035" lon="18.654583"><time>2026-05-03T07:56:29.900Z</time></trkpt>
<trkpt lat="54.525082" lon="18.654625"><time>2026-05-03T07:56:31.900Z</time></trkpt>
<trkpt lat="54.525130" lon="18.654649"><time>2026-05-03T07:56:33.900Z</time></trkpt>
<trkpt lat="54.525173" lon="18.654669"><time>2026-05-03T07:56:35.900Z</time></trkpt>
<trkpt lat="54.525222" lon="18.654719"><time>2026-05-03T07:56:37.900Z</time></trkpt>
<trkpt lat="54.525267" lon="18.654771"><time>2026-05-03T07:56:39.900Z</time></trkpt>
<trkpt lat="54.525302" lon="18.654801"><time>2026-05-03T07:56:41.900Z</time></trkpt>
<trkpt lat="54.525334" lon="18.654850"><time>2026-05-03T07:56:43.900Z</time></trkpt>
<trkpt lat="54.525374" lon="18.654894"><time>2026-05-03T07:56:45.900Z</time></trkpt>
<trkpt lat="54.525421" lon="18.654947"><time>2026-05-03T07:56:47.900Z</time></trkpt>
<trkpt lat="54.525460" lon="18.655002"><time>2026-05-03T07:56:49.900Z</time></trkpt>
<trkpt lat="54.525497" lon="18.655043"><time>2026-05-03T07:56:52.000Z</time></trkpt>
<trkpt lat="54.525530" lon="18.655080"><time>2026-05-03T07:56:54.000Z</time></trkpt>
<trkpt lat="54.525572" lon="18.655124"><time>2026-05-03T07:56:56.000Z</time></trkpt>
<trkpt lat="54.525615" lon="18.655171"><time>2026-05-03T07:56:58.000Z</time></trkpt>
<trkpt lat="54.525660" lon="18.655220"><time>2026-05-03T07:57:00.000Z</time></trkpt>
<trkpt lat="54.525704" lon="18.655272"><time>2026-05-03T07:57:02.000Z</time></trkpt>
<trkpt lat="54.525745" lon="18.655318"><time>2026-05-03T07:57:04.000Z</time></trkpt>
<trkpt lat="54.525793" lon="18.655364"><time>2026-05-03T07:57:06.000Z</time></trkpt>
<trkpt lat="54.525834" lon="18.655404"><time>2026-05-03T07:57:08.000Z</time></trkpt>
<trkpt lat="54.525876" lon="18.655451"><time>2026-05-03T07:57:10.000Z</time></trkpt>
<trkpt lat="54.525920" lon="18.655495"><time>2026-05-03T07:57:12.000Z</time></trkpt>
<trkpt lat="54.525961" lon="18.655542"><time>2026-05-03T07:57:14.000Z</time></trkpt>
<trkpt lat="54.526001" lon="18.655578"><time>2026-05-03T07:57:16.000Z</time></trkpt>
<trkpt lat="54.526033" lon="18.655626"><time>2026-05-03T07:57:18.000Z</time></trkpt>
<trkpt lat="54.526070" lon="18.655678"><time>2026-05-03T07:57:20.000Z</time></trkpt>
<trkpt lat="54.526111" lon="18.655725"><time>2026-05-03T07:57:22.000Z</time></trkpt>
<trkpt lat="54.526151" lon="18.655771"><time>2026-05-03T07:57:24.000Z</time></trkpt>
<trkpt lat="54.526198" lon="18.655815"><time>2026-05-03T07:57:26.000Z</time></trkpt>
<trkpt lat="54.526245" lon="18.655871"><time>2026-05-03T07:57:28.000Z</time></trkpt>
<trkpt lat="54.526293" lon="18.655921"><time>2026-05-03T07:57:30.000Z</time></trkpt>
<trkpt lat="54.526335" lon="18.655964"><time>2026-05-03T07:57:32.000Z</time></trkpt>
<trkpt lat="54.526378" lon="18.656004"><time>2026-05-03T07:57:34.000Z</time></trkpt>
<trkpt lat="54.526419" lon="18.656045"><time>2026-05-03T07:57:36.000Z</time></trkpt>
<trkpt lat="54.526468" lon="18.656093"><time>2026-05-03T07:57:38.000Z</time></trkpt>
<trkpt lat="54.526508" lon="18.656143"><time>2026-05-03T07:57:40.000Z</time></trkpt>
<trkpt lat="54.526549" lon="18.656200"><time>2026-05-03T07:57:42.000Z</time></trkpt>
<trkpt lat="54.526588" lon="18.656257"><time>2026-05-03T07:57:44.000Z</time></trkpt>
<trkpt lat="54.526614" lon="18.656314"><time>2026-05-03T07:57:46.000Z</time></trkpt>
<trkpt lat="54.526646" lon="18.656380"><time>2026-05-03T07:57:48.000Z</time></trkpt>
<trkpt lat="54.526683" lon="18.656450"><time>2026-05-03T07:57:50.000Z</time></trkpt>
<trkpt lat="54.526731" lon="18.656507"><time>2026-05-03T07:57:52.000Z</time></trkpt>
<trkpt lat="54.526771" lon="18.656558"><time>2026-05-03T07:57:54.000Z</time></trkpt>
<trkpt lat="54.526819" lon="18.656606"><time>2026-05-03T07:57:56.000Z</time></trkpt>
<trkpt lat="54.526866" lon="18.656657"><time>2026-05-03T07:57:57.900Z</time></trkpt>
<trkpt lat="54.526911" lon="18.656717"><time>2026-05-03T07:57:59.900Z</time></trkpt>
<trkpt lat="54.526954" lon="18.656770"><time>2026-05-03T07:58:01.900Z</time></trkpt>
<trkpt lat="54.527002" lon="18.656817"><time>2026-05-03T07:58:03.900Z</time></trkpt>
<trkpt lat="54.527058" lon="18.656875"><time>2026-05-03T07:58:05.900Z</time></trkpt>
<trkpt lat="54.527104" lon="18.656926"><time>2026-05-03T07:58:07.900Z</time></trkpt>
<trkpt lat="54.527145" lon="18.656976"><time>2026-05-03T07:58:09.900Z</time></trkpt>
<trkpt lat="54.527189" lon="18.657025"><time>2026-05-03T07:58:11.900Z</time></trkpt>
<trkpt lat="54.527238" lon="18.657063"><time>2026-05-03T07:58:13.900Z</time></trkpt>
<trkpt lat="54.527290" lon="18.657103"><time>2026-05-03T07:58:15.900Z</time></trkpt>
<trkpt lat="54.527341" lon="18.657158"><time>2026-05-03T07:58:17.900Z</time></trkpt>
<trkpt lat="54.527395" lon="18.657208"><time>2026-05-03T07:58:19.900Z</time></trkpt>
<trkpt lat="54.527437" lon="18.657266"><time>2026-05-03T07:58:21.900Z</time></trkpt>
<trkpt lat="54.527486" lon="18.657325"><time>2026-05-03T07:58:23.900Z</time></trkpt>
<trkpt lat="54.527531" lon="18.657384"><time>2026-05-03T07:58:25.900Z</time></trkpt>
<trkpt lat="54.527585" lon="18.657429"><time>2026-05-03T07:58:27.900Z</time></trkpt>
<trkpt lat="54.527628" lon="18.657474"><time>2026-05-03T07:58:29.900Z</time></trkpt>
<trkpt lat="54.527675" lon="18.657530"><time>2026-05-03T07:58:31.900Z</time></trkpt>
<trkpt lat="54.527725" lon="18.657592"><time>2026-05-03T07:58:33.900Z</time></trkpt>
<trkpt lat="54.527775" lon="18.657653"><time>2026-05-03T07:58:35.900Z</time></trkpt>
<trkpt lat="54.527825" lon="18.657692"><time>2026-05-03T07:58:37.900Z</time></trkpt>
<trkpt lat="54.527877" lon="18.657736"><time>2026-05-03T07:58:39.900Z</time></trkpt>
<trkpt lat="54.527928" lon="18.657785"><time>2026-05-03T07:58:41.900Z</time></trkpt>
<trkpt lat="54.527984" lon="18.657845"><time>2026-05-03T07:58:43.900Z</time></trkpt>
<trkpt lat="54.528035" lon="18.657900"><time>2026-05-03T07:58:45.900Z</time></trkpt>
<trkpt lat="54.528088" lon="18.657959"><time>2026-05-03T07:58:47.900Z</time></trkpt>
<trkpt lat="54.528142" lon="18.658012"><time>2026-05-03T07:58:49.900Z</time></trkpt>
<trkpt lat="54.528192" lon="18.658048"><time>2026-05-03T07:58:51.900Z</time></trkpt>
<trkpt lat="54.528242" lon="18.658102"><time>2026-05-03T07:58:53.900Z</time></trkpt>
<trkpt lat="54.528287" lon="18.658152"><time>2026-05-03T07:58:55.900Z</time></trkpt>
<trkpt lat="54.528327" lon="18.658215"><time>2026-05-03T07:58:58.000Z</time></trkpt>
<trkpt lat="54.528371" lon="18.658270"><time>2026-05-03T07:59:00.000Z</time></trkpt>
<trkpt lat="54.528417" lon="18.658324"><time>2026-05-03T07:59:02.000Z</time></trkpt>
<trkpt lat="54.528463" lon="18.658375"><time>2026-05-03T07:59:04.000Z</time></trkpt>
<trkpt lat="54.528506" lon="18.658434"><time>2026-05-03T07:59:06.000Z</time></trkpt>
<trkpt lat="54.528546" lon="18.658494"><time>2026-05-03T07:59:08.000Z</time></trkpt>
<trkpt lat="54.528590" lon="18.658558"><time>2026-05-03T07:59:10.000Z</time></trkpt>
<trkpt lat="54.528638" lon="18.658622"><time>2026-05-03T07:59:12.000Z</time></trkpt>
<trkpt lat="54.528687" lon="18.658675"><time>2026-05-03T07:59:14.000Z</time></trkpt>
<trkpt lat="54.528742" lon="18.658728"><time>2026-05-03T07:59:16.000Z</time></trkpt>
<trkpt lat="54.528798" lon="18.658772"><time>2026-05-03T07:59:18.000Z</time></trkpt>
<trkpt lat="54.528852" lon="18.658802"><time>2026-05-03T07:59:20.000Z</time></trkpt>
<trkpt lat="54.528907" lon="18.658846"><time>2026-05-03T07:59:22.000Z</time></trkpt>
<trkpt lat="54.528952" lon="18.658909"><time>2026-05-03T07:59:24.000Z</time></trkpt>
<trkpt lat="54.528997" lon="18.658971"><time>2026-05-03T07:59:26.000Z</time></trkpt>
<trkpt lat="54.529044" lon="18.659025"><time>2026-05-03T07:59:28.000Z</time></trkpt>
<trkpt lat="54.529092" lon="18.659068"><time>2026-05-03T07:59:30.000Z</time></trkpt>
<trkpt lat="54.529139" lon="18.659117"><time>2026-05-03T07:59:32.000Z</time></trkpt>
<trkpt lat="54.529191" lon="18.659166"><time>2026-05-03T07:59:34.000Z</time></trkpt>
<trkpt lat="54.529244" lon="18.659209"><time>2026-05-03T07:59:36.000Z</time></trkpt>
<trkpt lat="54.529296" lon="18.659257"><time>2026-05-03T07:59:38.000Z</time></trkpt>
<trkpt lat="54.529348" lon="18.659309"><time>2026-05-03T07:59:40.000Z</time></trkpt>
<trkpt lat="54.529398" lon="18.659354"><time>2026-05-03T07:59:42.000Z</time></trkpt>
<trkpt lat="54.529447" lon="18.659398"><time>2026-05-03T07:59:44.000Z</time></trkpt>
<trkpt lat="54.529496" lon="18.659454"><time>2026-05-03T07:59:46.000Z</time></trkpt>
<trkpt lat="54.529544" lon="18.659508"><time>2026-05-03T07:59:48.000Z</time></trkpt>
<trkpt lat="54.529592" lon="18.659561"><time>2026-05-03T07:59:50.000Z</time></trkpt>
<trkpt lat="54.529642" lon="18.659612"><time>2026-05-03T07:59:52.000Z</time></trkpt>
<trkpt lat="54.529688" lon="18.659663"><time>2026-05-03T07:59:54.000Z</time></trkpt>
<trkpt lat="54.529737" lon="18.659713"><time>2026-05-03T07:59:55.900Z</time></trkpt>
<trkpt lat="54.529787" lon="18.659761"><time>2026-05-03T07:59:57.900Z</time></trkpt>
<trkpt lat="54.529838" lon="18.659808"><time>2026-05-03T07:59:59.900Z</time></trkpt>
<trkpt lat="54.529892" lon="18.659861"><time>2026-05-03T08:00:01.900Z</time></trkpt>
<trkpt lat="54.529951" lon="18.659935"><time>2026-05-03T08:00:03.900Z</time></trkpt>
<trkpt lat="54.530006" lon="18.659985"><time>2026-05-03T08:00:05.900Z</time></trkpt>
<trkpt lat="54.530056" lon="18.660026"><time>2026-05-03T08:00:07.900Z</time></trkpt>
<trkpt lat="54.530109" lon="18.660077"><time>2026-05-03T08:00:09.900Z</time></trkpt>
<trkpt lat="54.530159" lon="18.660129"><time>2026-05-03T08:00:11.900Z</time></trkpt>
<trkpt lat="54.530204" lon="18.660179"><time>2026-05-03T08:00:13.900Z</time></trkpt>
<trkpt lat="54.530252" lon="18.660231"><time>2026-05-03T08:00:15.900Z</time></trkpt>
<trkpt lat="54.530303" lon="18.660283"><time>2026-05-03T08:00:17.900Z</time></trkpt>
<trkpt lat="54.530357" lon="18.660336"><time>2026-05-03T08:00:19.900Z</time></trkpt>
<trkpt lat="54.530407" lon="18.660396"><time>2026-05-03T08:00:21.900Z</time></trkpt>
<trkpt lat="54.530455" lon="18.660443"><time>2026-05-03T08:00:23.900Z</time></trkpt>
<trkpt lat="54.530503" lon="18.660486"><time>2026-05-03T08:00:25.900Z</time></trkpt>
<trkpt lat="54.530561" lon="18.660537"><time>2026-05-03T08:00:27.900Z</time></trkpt>
<trkpt lat="54.530616" lon="18.660584"><time>2026-05-03T08:00:29.900Z</time></trkpt>
<trkpt lat="54.530673" lon="18.660629"><time>2026-05-03T08:00:31.900Z</time></trkpt>
<trkpt lat="54.530724" lon="18.660675"><time>2026-05-03T08:00:33.900Z</time></trkpt>
<trkpt lat="54.530764" lon="18.660715"><time>2026-05-03T08:00:35.900Z</time></trkpt>
<trkpt lat="54.530808" lon="18.660751"><time>2026-05-03T08:00:37.900Z</time></trkpt>
<trkpt lat="54.530852" lon="18.660795"><time>2026-05-03T08:00:39.900Z</time></trkpt>
<trkpt lat="54.530895" lon="18.660829"><time>2026-05-03T08:00:41.900Z</time></trkpt>
<trkpt lat="54.530934" lon="18.660866"><time>2026-05-03T08:00:43.900Z</time></trkpt>
<trkpt lat="54.530978" lon="18.660903"><time>2026-05-03T08:00:45.900Z</time></trkpt>
<trkpt lat="54.531028" lon="18.660943"><time>2026-05-03T08:00:47.900Z</time></trkpt>
<trkpt lat="54.531082" lon="18.661006"><time>2026-05-03T08:00:49.900Z</time></trkpt>
<trkpt lat="54.531139" lon="18.661046"><time>2026-05-03T08:00:51.900Z</time></trkpt>
<trkpt lat="54.531192" lon="18.661086"><time>2026-05-03T08:00:53.900Z</time></trkpt>
<trkpt lat="54.531235" lon="18.661122"><time>2026-05-03T08:00:55.900Z</time></trkpt>
<trkpt lat="54.531277" lon="18.661172"><time>2026-05-03T08:00:57.900Z</time></trkpt>
<trkpt lat="54.531317" lon="18.661223"><time>2026-05-03T08:00:59.900Z</time></trkpt>
<trkpt lat="54.531361" lon="18.661249"><time>2026-05-03T08:01:01.900Z</time></trkpt>
<trkpt lat="54.531406" lon="18.661265"><time>2026-05-03T08:01:04.000Z</time></trkpt>
<trkpt lat="54.531452" lon="18.661313"><time>2026-05-03T08:01:06.000Z</time></trkpt>
<trkpt lat="54.531505" lon="18.661357"><time>2026-05-03T08:01:08.000Z</time></trkpt>
<trkpt lat="54.531557" lon="18.661393"><time>2026-05-03T08:01:10.000Z</time></trkpt>
<trkpt lat="54.531595" lon="18.661428"><time>2026-05-03T08:01:12.000Z</time></trkpt>
<trkpt lat="54.531619" lon="18.661455"><time>2026-05-03T08:01:14.000Z</time></trkpt>
<trkpt lat="54.531646" lon="18.661491"><time>2026-05-03T08:01:16.000Z</time></trkpt>
<trkpt lat="54.531672" lon="18.661529"><time>2026-05-03T08:01:18.000Z</time></trkpt>
<trkpt lat="54.531707" lon="18.661575"><time>2026-05-03T08:01:20.000Z</time></trkpt>
<trkpt lat="54.531747" lon="18.661626"><time>2026-05-03T08:01:22.000Z</time></trkpt>
<trkpt lat="54.531782" lon="18.661666"><time>2026-05-03T08:01:24.000Z</time></trkpt>
<trkpt lat="54.531821" lon="18.661712"><time>2026-05-03T08:01:26.000Z</time></trkpt>
<trkpt lat="54.531867" lon="18.661760"><time>2026-05-03T08:01:28.000Z</time></trkpt>
<trkpt lat="54.531906" lon="18.661818"><time>2026-05-03T08:01:30.000Z</time></trkpt>
<trkpt lat="54.531944" lon="18.661873"><time>2026-05-03T08:01:32.000Z</time></trkpt>
<trkpt lat="54.531990" lon="18.661921"><time>2026-05-03T08:01:34.000Z</time></trkpt>
<trkpt lat="54.532041" lon="18.661977"><time>2026-05-03T08:01:36.000Z</time></trkpt>
<trkpt lat="54.532092" lon="18.662047"><time>2026-05-03T08:01:38.000Z</time></trkpt>
<trkpt lat="54.532128" lon="18.662090"><time>2026-05-03T08:01:40.000Z</time></trkpt>
<trkpt lat="54.532161" lon="18.662139"><time>2026-05-03T08:01:42.000Z</time></trkpt>
<trkpt lat="54.532197" lon="18.662176"><time>2026-05-03T08:01:44.000Z</time></trkpt>
<trkpt lat="54.532229" lon="18.662196"><time>2026-05-03T08:01:46.000Z</time></trkpt>
<trkpt lat="54.532282" lon="18.662229"><time>2026-05-03T08:01:48.000Z</time></trkpt>
<trkpt lat="54.532333" lon="18.662254"><time>2026-05-03T08:01:50.000Z</time></trkpt>
<trkpt lat="54.532372" lon="18.662289"><time>2026-05-03T08:01:52.000Z</time></trkpt>
<trkpt lat="54.532413" lon="18.662323"><time>2026-05-03T08:01:54.000Z</time></trkpt>
<trkpt lat="54.532452" lon="18.662357"><time>2026-05-03T08:01:56.000Z</time></trkpt>
<trkpt lat="54.532499" lon="18.662386"><time>2026-05-03T08:01:58.000Z</time></trkpt>
<trkpt lat="54.532547" lon="18.662435"><time>2026-05-03T08:02:00.000Z</time></trkpt>
<trkpt lat="54.532594" lon="18.662489"><time>2026-05-03T08:02:01.900Z</time></trkpt>
<trkpt lat="54.532641" lon="18.662539"><time>2026-05-03T08:02:03.900Z</time></trkpt>
<trkpt lat="54.532693" lon="18.662591"><time>2026-05-03T08:02:05.900Z</time></trkpt>
<trkpt lat="54.532747" lon="18.662644"><time>2026-05-03T08:02:07.900Z</time></trkpt>
<trkpt lat="54.532790" lon="18.662691"><time>2026-05-03T08:02:09.900Z</time></trkpt>
<trkpt lat="54.532826" lon="18.662745"><time>2026-05-03T08:02:11.900Z</time></trkpt>
<trkpt lat="54.532862" lon="18.662787"><time>2026-05-03T08:02:13.900Z</time></trkpt>
<trkpt lat="54.532916" lon="18.662817"><time>2026-05-03T08:02:15.900Z</time></trkpt>
<trkpt lat="54.532958" lon="18.662843"><time>2026-05-03T08:02:17.900Z</time></trkpt>
<trkpt lat="54.533007" lon="18.662871"><time>2026-05-03T08:02:19.900Z</time></trkpt>
<trkpt lat="54.533050" lon="18.662883"><time>2026-05-03T08:02:21.900Z</time></trkpt>
<trkpt lat="54.533113" lon="18.662907"><time>2026-05-03T08:02:23.900Z</time></trkpt>
<trkpt lat="54.533153" lon="18.662932"><time>2026-05-03T08:02:25.900Z</time></trkpt>
<trkpt lat="54.533181" lon="18.662956"><time>2026-05-03T08:02:27.900Z</time></trkpt>
<trkpt lat="54.533214" lon="18.662992"><time>2026-05-03T08:02:29.900Z</time></trkpt>
<trkpt lat="54.533248" lon="18.663028"><time>2026-05-03T08:02:31.900Z</time></trkpt>
<trkpt lat="54.533293" lon="18.663092"><time>2026-05-03T08:02:33.900Z</time></trkpt>
<trkpt lat="54.533331" lon="18.663142"><time>2026-05-03T08:02:35.900Z</time></trkpt>
<trkpt lat="54.533363" lon="18.663188"><time>2026-05-03T08:02:37.900Z</time></trkpt>
<trkpt lat="54.533398" lon="18.663230"><time>2026-05-03T08:02:39.900Z</time></trkpt>
<trkpt lat="54.533454" lon="18.663272"><time>2026-05-03T08:02:41.900Z</time></trkpt>
<trkpt lat="54.533516" lon="18.663308"><time>2026-05-03T08:02:43.900Z</time></trkpt>
<trkpt lat="54.533573" lon="18.663345"><time>2026-05-03T08:02:45.900Z</time></trkpt>
<trkpt lat="54.533628" lon="18.663383"><time>2026-05-03T08:02:47.900Z</time></trkpt>
<trkpt lat="54.533685" lon="18.663417"><time>2026-05-03T08:02:49.900Z</time></trkpt>
<trkpt lat="54.533740" lon="18.663449"><time>2026-05-03T08:02:51.900Z</time></trkpt>
<trkpt lat="54.533789" lon="18.663499"><time>2026-05-03T08:02:53.900Z</time></trkpt>
<trkpt lat="54.533813" lon="18.663538"><time>2026-05-03T08:02:55.900Z</time></trkpt>
<trkpt lat="54.533843" lon="18.663562"><time>2026-05-03T08:02:57.900Z</time></trkpt>
<trkpt lat="54.533866" lon="18.663604"><time>2026-05-03T08:02:59.900Z</time></trkpt>
<trkpt lat="54.533880" lon="18.663637"><time>2026-05-03T08:03:01.900Z</time></trkpt>
<trkpt lat="54.533916" lon="18.663699"><time>2026-05-03T08:03:03.900Z</time></trkpt>
<trkpt lat="54.533954" lon="18.663757"><time>2026-05-03T08:03:05.900Z</time></trkpt>
<trkpt lat="54.533992" lon="18.663829"><time>2026-05-03T08:03:07.900Z</time></trkpt>
<trkpt lat="54.534039" lon="18.663886"><time>2026-05-03T08:03:10.000Z</time></trkpt>
<trkpt lat="54.534074" lon="18.663955"><time>2026-05-03T08:03:12.000Z</time></trkpt>
<trkpt lat="54.534097" lon="18.664032"><time>2026-05-03T08:03:14.000Z</time></trkpt>
<trkpt lat="54.534119" lon="18.664146"><time>2026-05-03T08:03:16.000Z</time></trkpt>
<trkpt lat="54.534118" lon="18.664240"><time>2026-05-03T08:03:18.000Z</time></trkpt>
<trkpt lat="54.534114" lon="18.664329"><time>2026-05-03T08:03:20.000Z</time></trkpt>
<trkpt lat="54.534100" lon="18.664421"><time>2026-05-03T08:03:22.000Z</time></trkpt>
<trkpt lat="54.534083" lon="18.664513"><time>2026-05-03T08:03:24.000Z</time></trkpt>
<trkpt lat="54.534063" lon="18.664593"><time>2026-05-03T08:03:26.000Z</time></trkpt>
<trkpt lat="54.534046" lon="18.664657"><time>2026-05-03T08:03:28.000Z</time></trkpt>
<trkpt lat="54.534035" lon="18.664720"><time>2026-05-03T08:03:30.000Z</time></trkpt>
<trkpt lat="54.534021" lon="18.664788"><time>2026-05-03T08:03:32.000Z</time></trkpt>
<trkpt lat="54.533996" lon="18.664861"><time>2026-05-03T08:03:34.000Z</time></trkpt>
<trkpt lat="54.533975" lon="18.664910"><time>2026-05-03T08:03:36.000Z</time></trkpt>
<trkpt lat="54.533957" lon="18.664960"><time>2026-05-03T08:03:38.000Z</time></trkpt>
<trkpt lat="54.533939" lon="18.665016"><time>2026-05-03T08:03:40.000Z</time></trkpt>
<trkpt lat="54.533926" lon="18.665074"><time>2026-05-03T08:03:42.000Z</time></trkpt>
<trkpt lat="54.533912" lon="18.665150"><time>2026-05-03T08:03:44.000Z</time></trkpt>
<trkpt lat="54.533894" lon="18.665197"><time>2026-05-03T08:03:46.000Z</time></trkpt>
<trkpt lat="54.533895" lon="18.665260"><time>2026-05-03T08:03:48.000Z</time></trkpt>
<trkpt lat="54.533898" lon="18.665298"><time>2026-05-03T08:03:50.000Z</time></trkpt>
<trkpt lat="54.533892" lon="18.665348"><time>2026-05-03T08:03:52.000Z</time></trkpt>
<trkpt lat="54.533850" lon="18.665401"><time>2026-05-03T08:03:54.000Z</time></trkpt>
<trkpt lat="54.533811" lon="18.665455"><time>2026-05-03T08:03:56.000Z</time></trkpt>
<trkpt lat="54.533785" lon="18.665504"><time>2026-05-03T08:03:58.000Z</time></trkpt>
<trkpt lat="54.533752" lon="18.665604"><time>2026-05-03T08:04:00.000Z</time></trkpt>
<trkpt lat="54.533716" lon="18.665667"><time>2026-05-03T08:04:02.000Z</time></trkpt>
<trkpt lat="54.533705" lon="18.665699"><time>2026-05-03T08:04:03.900Z</time></trkpt>
<trkpt lat="54.533702" lon="18.665729"><time>2026-05-03T08:04:05.900Z</time></trkpt>
<trkpt lat="54.533710" lon="18.665758"><time>2026-05-03T08:04:07.900Z</time></trkpt>
<trkpt lat="54.533725" lon="18.665805"><time>2026-05-03T08:04:09.900Z</time></trkpt>
<trkpt lat="54.533733" lon="18.665863"><time>2026-05-03T08:04:11.900Z</time></trkpt>
<trkpt lat="54.533711" lon="18.665934"><time>2026-05-03T08:04:13.900Z</time></trkpt>
<trkpt lat="54.533693" lon="18.666020"><time>2026-05-03T08:04:15.900Z</time></trkpt>
<trkpt lat="54.533689" lon="18.666045"><time>2026-05-03T08:04:17.900Z</time></trkpt>
<trkpt lat="54.533706" lon="18.666109"><time>2026-05-03T08:04:19.900Z</time></trkpt>
<trkpt lat="54.533720" lon="18.666152"><time>2026-05-03T08:04:21.900Z</time></trkpt>
<trkpt lat="54.533716" lon="18.666187"><time>2026-05-03T08:04:23.900Z</time></trkpt>
<trkpt lat="54.533693" lon="18.666249"><time>2026-05-03T08:04:25.900Z</time></trkpt>
<trkpt lat="54.533690" lon="18.666317"><time>2026-05-03T08:04:27.900Z</time></trkpt>
<trkpt lat="54.533681" lon="18.666377"><time>2026-05-03T08:04:29.900Z</time></trkpt>
<trkpt lat="54.533671" lon="18.666425"><time>2026-05-03T08:04:31.900Z</time></trkpt>
<trkpt lat="54.533661" lon="18.666485"><time>2026-05-03T08:04:33.900Z</time></trkpt>
<trkpt lat="54.533658" lon="18.666555"><time>2026-05-03T08:04:35.900Z</time></trkpt>
<trkpt lat="54.533657" lon="18.666625"><time>2026-05-03T08:04:37.900Z</time></trkpt>
<trkpt lat="54.533654" lon="18.666699"><time>2026-05-03T08:04:39.900Z</time></trkpt>
<trkpt lat="54.533653" lon="18.666760"><time>2026-05-03T08:04:41.900Z</time></trkpt>
<trkpt lat="54.533660" lon="18.666831"><time>2026-05-03T08:04:43.900Z</time></trkpt>
<trkpt lat="54.533666" lon="18.666909"><time>2026-05-03T08:04:45.900Z</time></trkpt>
<trkpt lat="54.533653" lon="18.666984"><time>2026-05-03T08:04:47.900Z</time></trkpt>
<trkpt lat="54.533631" lon="18.667045"><time>2026-05-03T08:04:49.900Z</time></trkpt>
<trkpt lat="54.533603" lon="18.667107"><time>2026-05-03T08:04:51.900Z</time></trkpt>
<trkpt lat="54.533559" lon="18.667151"><time>2026-05-03T08:04:53.900Z</time></trkpt>
<trkpt lat="54.533539" lon="18.667135"><time>2026-05-03T08:04:55.900Z</time></trkpt>
<trkpt lat="54.533514" lon="18.667119"><time>2026-05-03T08:04:57.900Z</time></trkpt>
<trkpt lat="54.533497" lon="18.667099"><time>2026-05-03T08:04:59.900Z</time></trkpt>
<trkpt lat="54.533476" lon="18.667080"><time>2026-05-03T08:05:01.900Z</time></trkpt>
<trkpt lat="54.533450" lon="18.667062"><time>2026-05-03T08:05:03.900Z</time></trkpt>
<trkpt lat="54.533426" lon="18.667046"><time>2026-05-03T08:05:05.900Z</time></trkpt>
<trkpt lat="54.533394" lon="18.667021"><time>2026-05-03T08:05:07.900Z</time></trkpt>
<trkpt lat="54.533362" lon="18.666992"><time>2026-05-03T08:05:09.900Z</time></trkpt>
<trkpt lat="54.533340" lon="18.666963"><time>2026-05-03T08:05:11.900Z</time></trkpt>
<trkpt lat="54.533308" lon="18.666928"><time>2026-05-03T08:05:13.900Z</time></trkpt>
<trkpt lat="54.533276" lon="18.666890"><time>2026-05-03T08:05:16.000Z</time></trkpt>
<trkpt lat="54.533251" lon="18.666854"><time>2026-05-03T08:05:18.000Z</time></trkpt>
<trkpt lat="54.533242" lon="18.666809"><time>2026-05-03T08:05:20.000Z</time></trkpt>
<trkpt lat="54.533234" lon="18.666760"><time>2026-05-03T08:05:22.000Z</time></trkpt>
<trkpt lat="54.533203" lon="18.666710"><time>2026-05-03T08:05:24.000Z</time></trkpt>
<trkpt lat="54.533165" lon="18.666660"><time>2026-05-03T08:05:26.000Z</time></trkpt>
<trkpt lat="54.533128" lon="18.666608"><time>2026-05-03T08:05:28.000Z</time></trkpt>
<trkpt lat="54.533095" lon="18.666557"><time>2026-05-03T08:05:30.000Z</time></trkpt>
<trkpt lat="54.533048" lon="18.666516"><time>2026-05-03T08:05:32.000Z</time></trkpt>
<trkpt lat="54.533001" lon="18.666482"><time>2026-05-03T08:05:34.000Z</time></trkpt>
<trkpt lat="54.532955" lon="18.666458"><time>2026-05-03T08:05:36.000Z</time></trkpt>
<trkpt lat="54.532910" lon="18.666421"><time>2026-05-03T08:05:38.000Z</time></trkpt>
<trkpt lat="54.532856" lon="18.666405"><time>2026-05-03T08:05:40.000Z</time></trkpt>
<trkpt lat="54.532809" lon="18.666386"><time>2026-05-03T08:05:42.000Z</time></trkpt>
<trkpt lat="54.532773" lon="18.666348"><time>2026-05-03T08:05:44.000Z</time></trkpt>
<trkpt lat="54.532732" lon="18.666306"><time>2026-05-03T08:05:46.000Z</time></trkpt>
<trkpt lat="54.532690" lon="18.666270"><time>2026-05-03T08:05:48.000Z</time></trkpt>
<trkpt lat="54.532645" lon="18.666244"><time>2026-05-03T08:05:50.000Z</time></trkpt>
<trkpt lat="54.532600" lon="18.666235"><time>2026-05-03T08:05:52.000Z</time></trkpt>
<trkpt lat="54.532555" lon="18.666209"><time>2026-05-03T08:05:54.000Z</time></trkpt>
<trkpt lat="54.532515" lon="18.666173"><time>2026-05-03T08:05:56.000Z</time></trkpt>
<trkpt lat="54.532470" lon="18.666148"><time>2026-05-03T08:05:58.000Z</time></trkpt>
<trkpt lat="54.532424" lon="18.666123"><time>2026-05-03T08:06:00.000Z</time></trkpt>
<trkpt lat="54.532384" lon="18.666114"><time>2026-05-03T08:06:02.000Z</time></trkpt>
<trkpt lat="54.532351" lon="18.666108"><time>2026-05-03T08:06:04.000Z</time></trkpt>
<trkpt lat="54.532314" lon="18.666086"><time>2026-05-03T08:06:06.000Z</time></trkpt>
<trkpt lat="54.532275" lon="18.666071"><time>2026-05-03T08:06:07.900Z</time></trkpt>
<trkpt lat="54.532236" lon="18.666037"><time>2026-05-03T08:06:09.900Z</time></trkpt>
<trkpt lat="54.532198" lon="18.665998"><time>2026-05-03T08:06:11.900Z</time></trkpt>
<trkpt lat="54.532153" lon="18.665938"><time>2026-05-03T08:06:13.900Z</time></trkpt>
<trkpt lat="54.532091" lon="18.665974"><time>2026-05-03T08:06:15.900Z</time></trkpt>
<trkpt lat="54.532045" lon="18.665900"><time>2026-05-03T08:06:17.900Z</time></trkpt>
<trkpt lat="54.531999" lon="18.665838"><time>2026-05-03T08:06:19.900Z</time></trkpt>
<trkpt lat="54.531952" lon="18.665786"><time>2026-05-03T08:06:21.900Z</time></trkpt>
<trkpt lat="54.531906" lon="18.665737"><time>2026-05-03T08:06:23.900Z</time></trkpt>
<trkpt lat="54.531845" lon="18.665684"><time>2026-05-03T08:06:25.900Z</time></trkpt>
<trkpt lat="54.531794" lon="18.665658"><time>2026-05-03T08:06:27.900Z</time></trkpt>
<trkpt lat="54.531742" lon="18.665615"><time>2026-05-03T08:06:29.900Z</time></trkpt>
<trkpt lat="54.531694" lon="18.665583"><time>2026-05-03T08:06:31.900Z</time></trkpt>
<trkpt lat="54.531659" lon="18.665565"><time>2026-05-03T08:06:33.900Z</time></trkpt>
<trkpt lat="54.531624" lon="18.665534"><time>2026-05-03T08:06:35.900Z</time></trkpt>
<trkpt lat="54.531590" lon="18.665513"><time>2026-05-03T08:06:37.900Z</time></trkpt>
<trkpt lat="54.531554" lon="18.665478"><time>2026-05-03T08:06:39.900Z</time></trkpt>
<trkpt lat="54.531524" lon="18.665445"><time>2026-05-03T08:06:41.900Z</time></trkpt>
<trkpt lat="54.531499" lon="18.665408"><time>2026-05-03T08:06:43.900Z</time></trkpt>
<trkpt lat="54.531472" lon="18.665384"><time>2026-05-03T08:06:45.900Z</time></trkpt>
<trkpt lat="54.531441" lon="18.665371"><time>2026-05-03T08:06:47.900Z</time></trkpt>
<trkpt lat="54.531407" lon="18.665347"><time>2026-05-03T08:06:49.900Z</time></trkpt>
<trkpt lat="54.531375" lon="18.665316"><time>2026-05-03T08:06:51.900Z</time></trkpt>
<trkpt lat="54.531342" lon="18.665293"><time>2026-05-03T08:06:53.900Z</time></trkpt>
<trkpt lat="54.531309" lon="18.665251"><time>2026-05-03T08:06:55.900Z</time></trkpt>
<trkpt lat="54.531267" lon="18.665248"><time>2026-05-03T08:06:57.900Z</time></trkpt>
<trkpt lat="54.531203" lon="18.665291"><time>2026-05-03T08:06:59.900Z</time></trkpt>
<trkpt lat="54.531132" lon="18.665435"><time>2026-05-03T08:07:01.900Z</time></trkpt>
<trkpt lat="54.531087" lon="18.665547"><time>2026-05-03T08:07:03.900Z</time></trkpt>
<trkpt lat="54.531044" lon="18.665564"><time>2026-05-03T08:07:05.900Z</time></trkpt>
<trkpt lat="54.531009" lon="18.665558"><time>2026-05-03T08:07:07.900Z</time></trkpt>
<trkpt lat="54.530961" lon="18.665549"><time>2026-05-03T08:07:09.900Z</time></trkpt>
<trkpt lat="54.530912" lon="18.665528"><time>2026-05-03T08:07:11.900Z</time></trkpt>
<trkpt lat="54.530866" lon="18.665513"><time>2026-05-03T08:07:13.900Z</time></trkpt>
<trkpt lat="54.530826" lon="18.665504"><time>2026-05-03T08:07:15.900Z</time></trkpt>
<trkpt lat="54.530776" lon="18.665491"><time>2026-05-03T08:07:17.900Z</time></trkpt>
<trkpt lat="54.530725" lon="18.665476"><time>2026-05-03T08:07:19.900Z</time></trkpt>
<trkpt lat="54.530670" lon="18.665454"><time>2026-05-03T08:07:22.000Z</time></trkpt>
<trkpt lat="54.530627" lon="18.665431"><time>2026-05-03T08:07:24.000Z</time></trkpt>
<trkpt lat="54.530581" lon="18.665408"><time>2026-05-03T08:07:26.000Z</time></trkpt>
<trkpt lat="54.530537" lon="18.665384"><time>2026-05-03T08:07:28.000Z</time></trkpt>
<trkpt lat="54.530493" lon="18.665361"><time>2026-05-03T08:07:30.000Z</time></trkpt>
<trkpt lat="54.530450" lon="18.665335"><time>2026-05-03T08:07:32.000Z</time></trkpt>
<trkpt lat="54.530407" lon="18.665306"><time>2026-05-03T08:07:34.000Z</time></trkpt>
<trkpt lat="54.530366" lon="18.665279"><time>2026-05-03T08:07:36.000Z</time></trkpt>
<trkpt lat="54.530322" lon="18.665255"><time>2026-05-03T08:07:38.000Z</time></trkpt>
<trkpt lat="54.530284" lon="18.665222"><time>2026-05-03T08:07:40.000Z</time></trkpt>
<trkpt lat="54.530241" lon="18.665193"><time>2026-05-03T08:07:42.000Z</time></trkpt>
<trkpt lat="54.530201" lon="18.665161"><time>2026-05-03T08:07:44.000Z</time></trkpt>
<trkpt lat="54.530149" lon="18.665134"><time>2026-05-03T08:07:46.000Z</time></trkpt>
<trkpt lat="54.530103" lon="18.665105"><time>2026-05-03T08:07:48.000Z</time></trkpt>
<trkpt lat="54.530059" lon="18.665076"><time>2026-05-03T08:07:50.000Z</time></trkpt>
<trkpt lat="54.530012" lon="18.665051"><time>2026-05-03T08:07:52.000Z</time></trkpt>
<trkpt lat="54.529965" lon="18.665028"><time>2026-05-03T08:07:54.000Z</time></trkpt>
<trkpt lat="54.529922" lon="18.665007"><time>2026-05-03T08:07:56.000Z</time></trkpt>
<trkpt lat="54.529880" lon="18.664983"><time>2026-05-03T08:07:58.000Z</time></trkpt>
<trkpt lat="54.529833" lon="18.664962"><time>2026-05-03T08:08:00.000Z</time></trkpt>
<trkpt lat="54.529787" lon="18.664940"><time>2026-05-03T08:08:02.000Z</time></trkpt>
<trkpt lat="54.529751" lon="18.664916"><time>2026-05-03T08:08:04.000Z</time></trkpt>
<trkpt lat="54.529712" lon="18.664888"><time>2026-05-03T08:08:06.000Z</time></trkpt>
<trkpt lat="54.529664" lon="18.664867"><time>2026-05-03T08:08:08.000Z</time></trkpt>
<trkpt lat="54.529621" lon="18.664847"><time>2026-05-03T08:08:10.000Z</time></trkpt>
<trkpt lat="54.529580" lon="18.664824"><time>2026-05-03T08:08:11.900Z</time></trkpt>
<trkpt lat="54.529531" lon="18.664805"><time>2026-05-03T08:08:13.900Z</time></trkpt>
<trkpt lat="54.529481" lon="18.664785"><time>2026-05-03T08:08:15.900Z</time></trkpt>
<trkpt lat="54.529434" lon="18.664761"><time>2026-05-03T08:08:17.900Z</time></trkpt>
<trkpt lat="54.529386" lon="18.664740"><time>2026-05-03T08:08:19.900Z</time></trkpt>
<trkpt lat="54.529345" lon="18.664722"><time>2026-05-03T08:08:21.900Z</time></trkpt>
<trkpt lat="54.529302" lon="18.664709"><time>2026-05-03T08:08:23.900Z</time></trkpt>
<trkpt lat="54.529254" lon="18.664689"><time>2026-05-03T08:08:25.900Z</time></trkpt>
<trkpt lat="54.529210" lon="18.664667"><time>2026-05-03T08:08:27.900Z</time></trkpt>
<trkpt lat="54.529166" lon="18.664648"><time>2026-05-03T08:08:29.900Z</time></trkpt>
<trkpt lat="54.529121" lon="18.664619"><time>2026-05-03T08:08:31.900Z</time></trkpt>
<trkpt lat="54.529070" lon="18.664591"><time>2026-05-03T08:08:33.900Z</time></trkpt>
<trkpt lat="54.529025" lon="18.664570"><time>2026-05-03T08:08:35.900Z</time></trkpt>
<trkpt lat="54.528983" lon="18.664544"><time>2026-05-03T08:08:37.900Z</time></trkpt>
<trkpt lat="54.528942" lon="18.664524"><time>2026-05-03T08:08:39.900Z</time></trkpt>
<trkpt lat="54.528898" lon="18.664514"><time>2026-05-03T08:08:41.900Z</time></trkpt>
<trkpt lat="54.528858" lon="18.664506"><time>2026-05-03T08:08:43.900Z</time></trkpt>
<trkpt lat="54.528820" lon="18.664498"><time>2026-05-03T08:08:45.900Z</time></trkpt>
<trkpt lat="54.528785" lon="18.664492"><time>2026-05-03T08:08:47.900Z</time></trkpt>
<trkpt lat="54.528743" lon="18.664474"><time>2026-05-03T08:08:49.900Z</time></trkpt>
<trkpt lat="54.528696" lon="18.664465"><time>2026-05-03T08:08:51.900Z</time></trkpt>
<trkpt lat="54.528643" lon="18.664430"><time>2026-05-03T08:08:53.900Z</time></trkpt>
<trkpt lat="54.528598" lon="18.664416"><time>2026-05-03T08:08:55.900Z</time></trkpt>
<trkpt lat="54.528554" lon="18.664405"><time>2026-05-03T08:08:57.900Z</time></trkpt>
<trkpt lat="54.528510" lon="18.664380"><time>2026-05-03T08:08:59.900Z</time></trkpt>
<trkpt lat="54.528469" lon="18.664350"><time>2026-05-03T08:09:01.900Z</time></trkpt>
<trkpt lat="54.528436" lon="18.664324"><time>2026-05-03T08:09:03.900Z</time></trkpt>
<trkpt lat="54.528399" lon="18.664291"><time>2026-05-03T08:09:05.900Z</time></trkpt>
<trkpt lat="54.528355" lon="18.664289"><time>2026-05-03T08:09:07.900Z</time></trkpt>
<trkpt lat="54.528314" lon="18.664273"><time>2026-05-03T08:09:09.900Z</time></trkpt>
<trkpt lat="54.528268" lon="18.664246"><time>2026-05-03T08:09:11.900Z</time></trkpt>
<trkpt lat="54.528237" lon="18.664221"><time>2026-05-03T08:09:13.900Z</time></trkpt>
<trkpt lat="54.528195" lon="18.664188"><time>2026-05-03T08:09:15.900Z</time></trkpt>
<trkpt lat="54.528160" lon="18.664148"><time>2026-05-03T08:09:17.900Z</time></trkpt>
<trkpt lat="54.528124" lon="18.664114"><time>2026-05-03T08:09:19.900Z</time></trkpt>
<trkpt lat="54.528087" lon="18.664094"><time>2026-05-03T08:09:21.900Z</time></trkpt>
<trkpt lat="54.528035" lon="18.664079"><time>2026-05-03T08:09:23.900Z</time></trkpt>
<trkpt lat="54.527996" lon="18.664100"><time>2026-05-03T08:09:25.900Z</time></trkpt>
<trkpt lat="54.527951" lon="18.664103"><time>2026-05-03T08:09:28.000Z</time></trkpt>
<trkpt lat="54.527906" lon="18.664099"><time>2026-05-03T08:09:30.000Z</time></trkpt>
<trkpt lat="54.527863" lon="18.664081"><time>2026-05-03T08:09:32.000Z</time></trkpt>
<trkpt lat="54.527828" lon="18.664061"><time>2026-05-03T08:09:34.000Z</time></trkpt>
<trkpt lat="54.527792" lon="18.664038"><time>2026-05-03T08:09:36.000Z</time></trkpt>
<trkpt lat="54.527764" lon="18.664012"><time>2026-05-03T08:09:38.000Z</time></trkpt>
<trkpt lat="54.527717" lon="18.663979"><time>2026-05-03T08:09:40.000Z</time></trkpt>
<trkpt lat="54.527663" lon="18.663970"><time>2026-05-03T08:09:42.000Z</time></trkpt>
<trkpt lat="54.527612" lon="18.663950"><time>2026-05-03T08:09:44.000Z</time></trkpt>
<trkpt lat="54.527564" lon="18.663930"><time>2026-05-03T08:09:46.000Z</time></trkpt>
<trkpt lat="54.527520" lon="18.663905"><time>2026-05-03T08:09:48.000Z</time></trkpt>
<trkpt lat="54.527482" lon="18.663881"><time>2026-05-03T08:09:50.000Z</time></trkpt>
<trkpt lat="54.527439" lon="18.663860"><time>2026-05-03T08:09:52.000Z</time></trkpt>
<trkpt lat="54.527389" lon="18.663851"><time>2026-05-03T08:09:54.000Z</time></trkpt>
<trkpt lat="54.527342" lon="18.663845"><time>2026-05-03T08:09:56.000Z</time></trkpt>
<trkpt lat="54.527295" lon="18.663834"><time>2026-05-03T08:09:58.000Z</time></trkpt>
<trkpt lat="54.527244" lon="18.663813"><time>2026-05-03T08:09:59.900Z</time></trkpt>
<trkpt lat="54.527195" lon="18.663789"><time>2026-05-03T08:10:01.900Z</time></trkpt>
<trkpt lat="54.527147" lon="18.663762"><time>2026-05-03T08:10:03.900Z</time></trkpt>
<trkpt lat="54.527105" lon="18.663718"><time>2026-05-03T08:10:05.900Z</time></trkpt>
<trkpt lat="54.527064" lon="18.663677"><time>2026-05-03T08:10:07.900Z</time></trkpt>
<trkpt lat="54.527011" lon="18.663638"><time>2026-05-03T08:10:09.900Z</time></trkpt>
<trkpt lat="54.526964" lon="18.663586"><time>2026-05-03T08:10:11.900Z</time></trkpt>
<trkpt lat="54.526914" lon="18.663537"><time>2026-05-03T08:10:13.900Z</time></trkpt>
<trkpt lat="54.526865" lon="18.663485"><time>2026-05-03T08:10:15.900Z</time></trkpt>
<trkpt lat="54.526829" lon="18.663436"><time>2026-05-03T08:10:17.900Z</time></trkpt>
<trkpt lat="54.526788" lon="18.663388"><time>2026-05-03T08:10:19.900Z</time></trkpt>
<trkpt lat="54.526740" lon="18.663357"><time>2026-05-03T08:10:21.900Z</time></trkpt>
<trkpt lat="54.526690" lon="18.663350"><time>2026-05-03T08:10:23.900Z</time></trkpt>
<trkpt lat="54.526637" lon="18.663330"><time>2026-05-03T08:10:25.900Z</time></trkpt>
<trkpt lat="54.526597" lon="18.663318"><time>2026-05-03T08:10:27.900Z</time></trkpt>
<trkpt lat="54.526562" lon="18.663327"><time>2026-05-03T08:10:29.900Z</time></trkpt>
<trkpt lat="54.526522" lon="18.663313"><time>2026-05-03T08:10:31.900Z</time></trkpt>
<trkpt lat="54.526480" lon="18.663302"><time>2026-05-03T08:10:33.900Z</time></trkpt>
<trkpt lat="54.526433" lon="18.663279"><time>2026-05-03T08:10:35.900Z</time></trkpt>
<trkpt lat="54.526374" lon="18.663269"><time>2026-05-03T08:10:37.900Z</time></trkpt>
<trkpt lat="54.526324" lon="18.663268"><time>2026-05-03T08:10:39.900Z</time></trkpt>
<trkpt lat="54.526274" lon="18.663271"><time>2026-05-03T08:10:41.900Z</time></trkpt>
<trkpt lat="54.526223" lon="18.663267"><time>2026-05-03T08:10:43.900Z</time></trkpt>
<trkpt lat="54.526168" lon="18.663259"><time>2026-05-03T08:10:45.900Z</time></trkpt>
<trkpt lat="54.526116" lon="18.663252"><time>2026-05-03T08:10:47.900Z</time></trkpt>
<trkpt lat="54.526069" lon="18.663246"><time>2026-05-03T08:10:49.900Z</time></trkpt>
<trkpt lat="54.526017" lon="18.663239"><time>2026-05-03T08:10:51.900Z</time></trkpt>
<trkpt lat="54.525970" lon="18.663237"><time>2026-05-03T08:10:53.900Z</time></trkpt>
<trkpt lat="54.525924" lon="18.663229"><time>2026-05-03T08:10:55.900Z</time></trkpt>
<trkpt lat="54.525880" lon="18.663227"><time>2026-05-03T08:10:57.900Z</time></trkpt>
<trkpt lat="54.525834" lon="18.663220"><time>2026-05-03T08:10:59.900Z</time></trkpt>
<trkpt lat="54.525789" lon="18.663209"><time>2026-05-03T08:11:01.900Z</time></trkpt>
<trkpt lat="54.525748" lon="18.663197"><time>2026-05-03T08:11:03.900Z</time></trkpt>
<trkpt lat="54.525708" lon="18.663181"><time>2026-05-03T08:11:05.900Z</time></trkpt>
<trkpt lat="54.525675" lon="18.663154"><time>2026-05-03T08:11:07.900Z</time></trkpt>
<trkpt lat="54.525640" lon="18.663124"><time>2026-05-03T08:11:09.900Z</time></trkpt>
<trkpt lat="54.525603" lon="18.663101"><time>2026-05-03T08:11:11.900Z</time></trkpt>
<trkpt lat="54.525562" lon="18.663082"><time>2026-05-03T08:11:13.900Z</time></trkpt>
<trkpt lat="54.525526" lon="18.663064"><time>2026-05-03T08:11:15.900Z</time></trkpt>
<trkpt lat="54.525492" lon="18.663046"><time>2026-05-03T08:11:17.900Z</time></trkpt>
<trkpt lat="54.525458" lon="18.663037"><time>2026-05-03T08:11:19.900Z</time></trkpt>
<trkpt lat="54.525420" lon="18.663027"><time>2026-05-03T08:11:21.900Z</time></trkpt>
<trkpt lat="54.525373" lon="18.663015"><time>2026-05-03T08:11:23.900Z</time></trkpt>
<trkpt lat="54.525317" lon="18.662995"><time>2026-05-03T08:11:25.900Z</time></trkpt>
<trkpt lat="54.525271" lon="18.662986"><time>2026-05-03T08:11:27.900Z</time></trkpt>
<trkpt lat="54.525232" lon="18.662980"><time>2026-05-03T08:11:29.900Z</time></trkpt>
<trkpt lat="54.525187" lon="18.662968"><time>2026-05-03T08:11:31.900Z</time></trkpt>
<trkpt lat="54.525151" lon="18.662948"><time>2026-05-03T08:11:34.000Z</time></trkpt>
<trkpt lat="54.525121" lon="18.662910"><time>2026-05-03T08:11:36.000Z</time></trkpt>
<trkpt lat="54.525069" lon="18.662889"><time>2026-05-03T08:11:38.000Z</time></trkpt>
<trkpt lat="54.525016" lon="18.662876"><time>2026-05-03T08:11:40.000Z</time></trkpt>
<trkpt lat="54.524963" lon="18.662858"><time>2026-05-03T08:11:42.000Z</time></trkpt>
<trkpt lat="54.524916" lon="18.662852"><time>2026-05-03T08:11:44.000Z</time></trkpt>
<trkpt lat="54.524869" lon="18.662843"><time>2026-05-03T08:11:46.000Z</time></trkpt>
<trkpt lat="54.524822" lon="18.662831"><time>2026-05-03T08:11:48.000Z</time></trkpt>
<trkpt lat="54.524773" lon="18.662825"><time>2026-05-03T08:11:50.000Z</time></trkpt>
<trkpt lat="54.524724" lon="18.662821"><time>2026-05-03T08:11:52.000Z</time></trkpt>
<trkpt lat="54.524681" lon="18.662811"><time>2026-05-03T08:11:54.000Z</time></trkpt>
<trkpt lat="54.524634" lon="18.662801"><time>2026-05-03T08:11:56.000Z</time></trkpt>
<trkpt lat="54.524584" lon="18.662787"><time>2026-05-03T08:11:58.000Z</time></trkpt>
<trkpt lat="54.524535" lon="18.662771"><time>2026-05-03T08:12:00.000Z</time></trkpt>
<trkpt lat="54.524490" lon="18.662759"><time>2026-05-03T08:12:02.000Z</time></trkpt>
<trkpt lat="54.524445" lon="18.662747"><time>2026-05-03T08:12:04.000Z</time></trkpt>
<trkpt lat="54.524396" lon="18.662738"><time>2026-05-03T08:12:06.000Z</time></trkpt>
<trkpt lat="54.524349" lon="18.662729"><time>2026-05-03T08:12:08.000Z</time></trkpt>
<trkpt lat="54.524303" lon="18.662718"><time>2026-05-03T08:12:10.000Z</time></trkpt>
<trkpt lat="54.524254" lon="18.662701"><time>2026-05-03T08:12:12.000Z</time></trkpt>
<trkpt lat="54.524202" lon="18.662687"><time>2026-05-03T08:12:14.000Z</time></trkpt>
<trkpt lat="54.524148" lon="18.662668"><time>2026-05-03T08:12:16.000Z</time></trkpt>
<trkpt lat="54.524099" lon="18.662657"><time>2026-05-03T08:12:18.000Z</time></trkpt>
<trkpt lat="54.524054" lon="18.662645"><time>2026-05-03T08:12:19.900Z</time></trkpt>
<trkpt lat="54.524013" lon="18.662626"><time>2026-05-03T08:12:21.900Z</time></trkpt>
<trkpt lat="54.523974" lon="18.662604"><time>2026-05-03T08:12:23.900Z</time></trkpt>
<trkpt lat="54.523929" lon="18.662593"><time>2026-05-03T08:12:25.900Z</time></trkpt>
<trkpt lat="54.523885" lon="18.662580"><time>2026-05-03T08:12:27.900Z</time></trkpt>
<trkpt lat="54.523836" lon="18.662567"><time>2026-05-03T08:12:29.900Z</time></trkpt>
<trkpt lat="54.523788" lon="18.662552"><time>2026-05-03T08:12:31.900Z</time></trkpt>
<trkpt lat="54.523740" lon="18.662544"><time>2026-05-03T08:12:33.900Z</time></trkpt>
<trkpt lat="54.523699" lon="18.662536"><time>2026-05-03T08:12:35.900Z</time></trkpt>
<trkpt lat="54.523646" lon="18.662532"><time>2026-05-03T08:12:37.900Z</time></trkpt>
<trkpt lat="54.523598" lon="18.662524"><time>2026-05-03T08:12:39.900Z</time></trkpt>
<trkpt lat="54.523549" lon="18.662513"><time>2026-05-03T08:12:41.900Z</time></trkpt>
<trkpt lat="54.523506" lon="18.662497"><time>2026-05-03T08:12:43.900Z</time></trkpt>
<trkpt lat="54.523462" lon="18.662481"><time>2026-05-03T08:12:45.900Z</time></trkpt>
<trkpt lat="54.523424" lon="18.662462"><time>2026-05-03T08:12:47.900Z</time></trkpt>
<trkpt lat="54.523372" lon="18.662455"><time>2026-05-03T08:12:49.900Z</time></trkpt>
<trkpt lat="54.523327" lon="18.662437"><time>2026-05-03T08:12:51.900Z</time></trkpt>
<trkpt lat="54.523282" lon="18.662418"><time>2026-05-03T08:12:53.900Z</time></trkpt>
<trkpt lat="54.523239" lon="18.662398"><time>2026-05-03T08:12:55.900Z</time></trkpt>
<trkpt lat="54.523196" lon="18.662380"><time>2026-05-03T08:12:57.900Z</time></trkpt>
<trkpt lat="54.523155" lon="18.662358"><time>2026-05-03T08:12:59.900Z</time></trkpt>
<trkpt lat="54.523113" lon="18.662337"><time>2026-05-03T08:13:01.900Z</time></trkpt>
<trkpt lat="54.523070" lon="18.662314"><time>2026-05-03T08:13:03.900Z</time></trkpt>
<trkpt lat="54.523026" lon="18.662294"><time>2026-05-03T08:13:05.900Z</time></trkpt>
<trkpt lat="54.522986" lon="18.662278"><time>2026-05-03T08:13:07.900Z</time></trkpt>
<trkpt lat="54.522946" lon="18.662265"><time>2026-05-03T08:13:09.900Z</time></trkpt>
<trkpt lat="54.522904" lon="18.662248"><time>2026-05-03T08:13:11.900Z</time></trkpt>
<trkpt lat="54.522863" lon="18.662226"><time>2026-05-03T08:13:13.900Z</time></trkpt>
<trkpt lat="54.522822" lon="18.662201"><time>2026-05-03T08:13:15.900Z</time></trkpt>
<trkpt lat="54.522783" lon="18.662189"><time>2026-05-03T08:13:17.900Z</time></trkpt>
<trkpt lat="54.522743" lon="18.662165"><time>2026-05-03T08:13:19.900Z</time></trkpt>
<trkpt lat="54.522702" lon="18.662138"><time>2026-05-03T08:13:21.900Z</time></trkpt>
<trkpt lat="54.522661" lon="18.662108"><time>2026-05-03T08:13:23.900Z</time></trkpt>
<trkpt lat="54.522614" lon="18.662089"><time>2026-05-03T08:13:25.900Z</time></trkpt>
<trkpt lat="54.522571" lon="18.662058"><time>2026-05-03T08:13:27.900Z</time></trkpt>
<trkpt lat="54.522519" lon="18.662024"><time>2026-05-03T08:13:29.900Z</time></trkpt>
<trkpt lat="54.522482" lon="18.662001"><time>2026-05-03T08:13:31.900Z</time></trkpt>
<trkpt lat="54.522444" lon="18.661974"><time>2026-05-03T08:13:33.900Z</time></trkpt>
<trkpt lat="54.522408" lon="18.661949"><time>2026-05-03T08:13:35.900Z</time></trkpt>
<trkpt lat="54.522358" lon="18.661934"><time>2026-05-03T08:13:37.900Z</time></trkpt>
<trkpt lat="54.522312" lon="18.661914"><time>2026-05-03T08:13:40.000Z</time></trkpt>
<trkpt lat="54.522265" lon="18.661891"><time>2026-05-03T08:13:42.000Z</time></trkpt>
<trkpt lat="54.522223" lon="18.661871"><time>2026-05-03T08:13:44.000Z</time></trkpt>
<trkpt lat="54.522187" lon="18.661848"><time>2026-05-03T08:13:46.000Z</time></trkpt>
<trkpt lat="54.522154" lon="18.661831"><time>2026-05-03T08:13:48.000Z</time></trkpt>
<trkpt lat="54.522117" lon="18.661810"><time>2026-05-03T08:13:50.000Z</time></trkpt>
<trkpt lat="54.522076" lon="18.661791"><time>2026-05-03T08:13:52.000Z</time></trkpt>
<trkpt lat="54.522033" lon="18.661767"><time>2026-05-03T08:13:54.000Z</time></trkpt>
<trkpt lat="54.521992" lon="18.661744"><time>2026-05-03T08:13:56.000Z</time></trkpt>
<trkpt lat="54.521952" lon="18.661723"><time>2026-05-03T08:13:58.000Z</time></trkpt>
<trkpt lat="54.521904" lon="18.661707"><time>2026-05-03T08:14:00.000Z</time></trkpt>
<trkpt lat="54.521856" lon="18.661688"><time>2026-05-03T08:14:02.000Z</time></trkpt>
<trkpt lat="54.521779" lon="18.661651"><time>2026-05-03T08:14:04.000Z</time></trkpt>
<trkpt lat="54.521733" lon="18.661601"><time>2026-05-03T08:14:06.000Z</time></trkpt>
<trkpt lat="54.521691" lon="18.661573"><time>2026-05-03T08:14:08.000Z</time></trkpt>
<trkpt lat="54.521650" lon="18.661552"><time>2026-05-03T08:14:10.000Z</time></trkpt>
<trkpt lat="54.521610" lon="18.661523"><time>2026-05-03T08:14:12.000Z</time></trkpt>
<trkpt lat="54.521571" lon="18.661496"><time>2026-05-03T08:14:14.000Z</time></trkpt>
<trkpt lat="54.521532" lon="18.661481"><time>2026-05-03T08:14:16.000Z</time></trkpt>
<trkpt lat="54.521493" lon="18.661455"><time>2026-05-03T08:14:18.000Z</time></trkpt>
<trkpt lat="54.521452" lon="18.661423"><time>2026-05-03T08:14:20.000Z</time></trkpt>
<trkpt lat="54.521411" lon="18.661398"><time>2026-05-03T08:14:22.000Z</time></trkpt>
<trkpt lat="54.521373" lon="18.661371"><time>2026-05-03T08:14:24.000Z</time></trkpt>
<trkpt lat="54.521337" lon="18.661351"><time>2026-05-03T08:14:26.000Z</time></trkpt>
<trkpt lat="54.521300" lon="18.661326"><time>2026-05-03T08:14:28.000Z</time></trkpt>
<trkpt lat="54.521256" lon="18.661294"><time>2026-05-03T08:14:30.000Z</time></trkpt>
<trkpt lat="54.521210" lon="18.661266"><time>2026-05-03T08:14:32.000Z</time></trkpt>
<trkpt lat="54.521169" lon="18.661251"><time>2026-05-03T08:14:33.900Z</time></trkpt>
<trkpt lat="54.521126" lon="18.661231"><time>2026-05-03T08:14:35.900Z</time></trkpt>
<trkpt lat="54.521083" lon="18.661220"><time>2026-05-03T08:14:37.900Z</time></trkpt>
<trkpt lat="54.521044" lon="18.661207"><time>2026-05-03T08:14:39.900Z</time></trkpt>
<trkpt lat="54.521001" lon="18.661187"><time>2026-05-03T08:14:41.900Z</time></trkpt>
<trkpt lat="54.520962" lon="18.661163"><time>2026-05-03T08:14:43.900Z</time></trkpt>
<trkpt lat="54.520919" lon="18.661154"><time>2026-05-03T08:14:45.900Z</time></trkpt>
<trkpt lat="54.520874" lon="18.661129"><time>2026-05-03T08:14:47.900Z</time></trkpt>
<trkpt lat="54.520825" lon="18.661108"><time>2026-05-03T08:14:49.900Z</time></trkpt>
<trkpt lat="54.520782" lon="18.661088"><time>2026-05-03T08:14:51.900Z</time></trkpt>
<trkpt lat="54.520736" lon="18.661055"><time>2026-05-03T08:14:53.900Z</time></trkpt>
<trkpt lat="54.520699" lon="18.661023"><time>2026-05-03T08:14:55.900Z</time></trkpt>
<trkpt lat="54.520658" lon="18.660999"><time>2026-05-03T08:14:57.900Z</time></trkpt>
<trkpt lat="54.520614" lon="18.660974"><time>2026-05-03T08:14:59.900Z</time></trkpt>
<trkpt lat="54.520566" lon="18.660941"><time>2026-05-03T08:15:01.900Z</time></trkpt>
<trkpt lat="54.520525" lon="18.660907"><time>2026-05-03T08:15:03.900Z</time></trkpt>
<trkpt lat="54.520483" lon="18.660882"><time>2026-05-03T08:15:05.900Z</time></trkpt>
<trkpt lat="54.520432" lon="18.660867"><time>2026-05-03T08:15:07.900Z</time></trkpt>
<trkpt lat="54.520383" lon="18.660848"><time>2026-05-03T08:15:09.900Z</time></trkpt>
<trkpt lat="54.520341" lon="18.660824"><time>2026-05-03T08:15:11.900Z</time></trkpt>
<trkpt lat="54.520301" lon="18.660801"><time>2026-05-03T08:15:13.900Z</time></trkpt>
<trkpt lat="54.520257" lon="18.660775"><time>2026-05-03T08:15:15.900Z</time></trkpt>
<trkpt lat="54.520214" lon="18.660753"><time>2026-05-03T08:15:17.900Z</time></trkpt>
<trkpt lat="54.520176" lon="18.660732"><time>2026-05-03T08:15:19.900Z</time></trkpt>
<trkpt lat="54.520133" lon="18.660711"><time>2026-05-03T08:15:21.900Z</time></trkpt>
<trkpt lat="54.520092" lon="18.660696"><time>2026-05-03T08:15:23.900Z</time></trkpt>
<trkpt lat="54.520046" lon="18.660662"><time>2026-05-03T08:15:25.900Z</time></trkpt>
<trkpt lat="54.520002" lon="18.660631"><time>2026-05-03T08:15:27.900Z</time></trkpt>
<trkpt lat="54.519960" lon="18.660601"><time>2026-05-03T08:15:29.900Z</time></trkpt>
<trkpt lat="54.519918" lon="18.660578"><time>2026-05-03T08:15:31.900Z</time></trkpt>
<trkpt lat="54.519879" lon="18.660559"><time>2026-05-03T08:15:33.900Z</time></trkpt>
<trkpt lat="54.519837" lon="18.660539"><time>2026-05-03T08:15:35.900Z</time></trkpt>
<trkpt lat="54.519791" lon="18.660522"><time>2026-05-03T08:15:37.900Z</time></trkpt>
<trkpt lat="54.519746" lon="18.660502"><time>2026-05-03T08:15:39.900Z</time></trkpt>
<trkpt lat="54.519704" lon="18.660483"><time>2026-05-03T08:15:41.900Z</time></trkpt>
<trkpt lat="54.519665" lon="18.660478"><time>2026-05-03T08:15:43.900Z</time></trkpt>
<trkpt lat="54.519623" lon="18.660467"><time>2026-05-03T08:15:46.000Z</time></trkpt>
<trkpt lat="54.519583" lon="18.660444"><time>2026-05-03T08:15:48.000Z</time></trkpt>
<trkpt lat="54.519553" lon="18.660415"><time>2026-05-03T08:15:50.000Z</time></trkpt>
<trkpt lat="54.519518" lon="18.660411"><time>2026-05-03T08:15:52.000Z</time></trkpt>
<trkpt lat="54.519478" lon="18.660407"><time>2026-05-03T08:15:54.000Z</time></trkpt>
<trkpt lat="54.519434" lon="18.660388"><time>2026-05-03T08:15:56.000Z</time></trkpt>
<trkpt lat="54.519389" lon="18.660384"><time>2026-05-03T08:15:58.000Z</time></trkpt>
<trkpt lat="54.519353" lon="18.660370"><time>2026-05-03T08:16:00.000Z</time></trkpt>
<trkpt lat="54.519324" lon="18.660346"><time>2026-05-03T08:16:02.000Z</time></trkpt>
<trkpt lat="54.519298" lon="18.660324"><time>2026-05-03T08:16:04.000Z</time></trkpt>
<trkpt lat="54.519271" lon="18.660302"><time>2026-05-03T08:16:06.000Z</time></trkpt>
<trkpt lat="54.519231" lon="18.660277"><time>2026-05-03T08:16:08.000Z</time></trkpt>
<trkpt lat="54.519192" lon="18.660245"><time>2026-05-03T08:16:10.000Z</time></trkpt>
<trkpt lat="54.519156" lon="18.660226"><time>2026-05-03T08:16:12.000Z</time></trkpt>
<trkpt lat="54.519114" lon="18.660218"><time>2026-05-03T08:16:14.000Z</time></trkpt>
<trkpt lat="54.519087" lon="18.660237"><time>2026-05-03T08:16:16.000Z</time></trkpt>
<trkpt lat="54.519071" lon="18.660258"><time>2026-05-03T08:16:18.000Z</time></trkpt>
<trkpt lat="54.519056" lon="18.660288"><time>2026-05-03T08:16:20.000Z</time></trkpt>
<trkpt lat="54.519038" lon="18.660340"><time>2026-05-03T08:16:22.000Z</time></trkpt>
<trkpt lat="54.519019" lon="18.660403"><time>2026-05-03T08:16:24.000Z</time></trkpt>
<trkpt lat="54.519014" lon="18.660453"><time>2026-05-03T08:16:26.000Z</time></trkpt>
<trkpt lat="54.519004" lon="18.660508"><time>2026-05-03T08:16:28.000Z</time></trkpt>
<trkpt lat="54.518992" lon="18.660558"><time>2026-05-03T08:16:30.000Z</time></trkpt>
<trkpt lat="54.518981" lon="18.660602"><time>2026-05-03T08:16:32.000Z</time></trkpt>
<trkpt lat="54.518958" lon="18.660650"><time>2026-05-03T08:16:34.000Z</time></trkpt>
<trkpt lat="54.518935" lon="18.660719"><time>2026-05-03T08:16:36.000Z</time></trkpt>
<trkpt lat="54.518923" lon="18.660792"><time>2026-05-03T08:16:38.000Z</time></trkpt>
<trkpt lat="54.518911" lon="18.660843"><time>2026-05-03T08:16:40.000Z</time></trkpt>
<trkpt lat="54.518900" lon="18.660897"><time>2026-05-03T08:16:42.000Z</time></trkpt>
<trkpt lat="54.518884" lon="18.660962"><time>2026-05-03T08:16:43.900Z</time></trkpt>
<trkpt lat="54.518865" lon="18.661024"><time>2026-05-03T08:16:45.900Z</time></trkpt>
<trkpt lat="54.518851" lon="18.661083"><time>2026-05-03T08:16:47.900Z</time></trkpt>
<trkpt lat="54.518837" lon="18.661147"><time>2026-05-03T08:16:49.900Z</time></trkpt>
<trkpt lat="54.518827" lon="18.661222"><time>2026-05-03T08:16:51.900Z</time></trkpt>
<trkpt lat="54.518816" lon="18.661280"><time>2026-05-03T08:16:53.900Z</time></trkpt>
<trkpt lat="54.518815" lon="18.661338"><time>2026-05-03T08:16:55.900Z</time></trkpt>
<trkpt lat="54.518810" lon="18.661406"><time>2026-05-03T08:16:57.900Z</time></trkpt>
<trkpt lat="54.518806" lon="18.661465"><time>2026-05-03T08:16:59.900Z</time></trkpt>
<trkpt lat="54.518799" lon="18.661531"><time>2026-05-03T08:17:01.900Z</time></trkpt>
<trkpt lat="54.518789" lon="18.661594"><time>2026-05-03T08:17:03.900Z</time></trkpt>
<trkpt lat="54.518785" lon="18.661653"><time>2026-05-03T08:17:05.900Z</time></trkpt>
<trkpt lat="54.518771" lon="18.661715"><time>2026-05-03T08:17:07.900Z</time></trkpt>
<trkpt lat="54.518753" lon="18.661774"><time>2026-05-03T08:17:09.900Z</time></trkpt>
<trkpt lat="54.518739" lon="18.661855"><time>2026-05-03T08:17:11.900Z</time></trkpt>
<trkpt lat="54.518721" lon="18.661958"><time>2026-05-03T08:17:13.900Z</time></trkpt>
<trkpt lat="54.518708" lon="18.662037"><time>2026-05-03T08:17:15.900Z</time></trkpt>
<trkpt lat="54.518703" lon="18.662105"><time>2026-05-03T08:17:17.900Z</time></trkpt>
<trkpt lat="54.518688" lon="18.662180"><time>2026-05-03T08:17:19.900Z</time></trkpt>
<trkpt lat="54.518676" lon="18.662247"><time>2026-05-03T08:17:21.900Z</time></trkpt>
<trkpt lat="54.518660" lon="18.662327"><time>2026-05-03T08:17:23.900Z</time></trkpt>
<trkpt lat="54.518644" lon="18.662412"><time>2026-05-03T08:17:25.900Z</time></trkpt>
<trkpt lat="54.518632" lon="18.662482"><time>2026-05-03T08:17:27.900Z</time></trkpt>
<trkpt lat="54.518621" lon="18.662554"><time>2026-05-03T08:17:29.900Z</time></trkpt>
<trkpt lat="54.518610" lon="18.662637"><time>2026-05-03T08:17:31.900Z</time></trkpt>
<trkpt lat="54.518597" lon="18.662726"><time>2026-05-03T08:17:33.900Z</time></trkpt>
<trkpt lat="54.518580" lon="18.662819"><time>2026-05-03T08:17:35.900Z</time></trkpt>
<trkpt lat="54.518562" lon="18.662908"><time>2026-05-03T08:17:37.900Z</time></trkpt>
<trkpt lat="54.518543" lon="18.663011"><time>2026-05-03T08:17:39.900Z</time></trkpt>
<trkpt lat="54.518530" lon="18.663103"><time>2026-05-03T08:17:41.900Z</time></trkpt>
<trkpt lat="54.518516" lon="18.663191"><time>2026-05-03T08:17:43.900Z</time></trkpt>
<trkpt lat="54.518504" lon="18.663270"><time>2026-05-03T08:17:45.900Z</time></trkpt>
<trkpt lat="54.518487" lon="18.663364"><time>2026-05-03T08:17:47.900Z</time></trkpt>
<trkpt lat="54.518473" lon="18.663450"><time>2026-05-03T08:17:49.900Z</time></trkpt>
<trkpt lat="54.518461" lon="18.663529"><time>2026-05-03T08:17:52.000Z</time></trkpt>
<trkpt lat="54.518446" lon="18.663614"><time>2026-05-03T08:17:54.000Z</time></trkpt>
<trkpt lat="54.518432" lon="18.663703"><time>2026-05-03T08:17:56.000Z</time></trkpt>
<trkpt lat="54.518412" lon="18.663796"><time>2026-05-03T08:17:58.000Z</time></trkpt>
<trkpt lat="54.518398" lon="18.663874"><time>2026-05-03T08:18:00.000Z</time></trkpt>
<trkpt lat="54.518382" lon="18.663950"><time>2026-05-03T08:18:02.000Z</time></trkpt>
<trkpt lat="54.518367" lon="18.664024"><time>2026-05-03T08:18:04.000Z</time></trkpt>
<trkpt lat="54.518354" lon="18.664103"><time>2026-05-03T08:18:06.000Z</time></trkpt>
<trkpt lat="54.518337" lon="18.664186"><time>2026-05-03T08:18:08.000Z</time></trkpt>
<trkpt lat="54.518324" lon="18.664262"><time>2026-05-03T08:18:10.000Z</time></trkpt>
<trkpt lat="54.518307" lon="18.664352"><time>2026-05-03T08:18:12.000Z</time></trkpt>
<trkpt lat="54.518290" lon="18.664412"><time>2026-05-03T08:18:14.000Z</time></trkpt>
<trkpt lat="54.518276" lon="18.664464"><time>2026-05-03T08:18:16.000Z</time></trkpt>
<trkpt lat="54.518264" lon="18.664552"><time>2026-05-03T08:18:18.000Z</time></trkpt>
<trkpt lat="54.518255" lon="18.664635"><time>2026-05-03T08:18:20.000Z</time></trkpt>
<trkpt lat="54.518243" lon="18.664722"><time>2026-05-03T08:18:22.000Z</time></trkpt>
<trkpt lat="54.518230" lon="18.664806"><time>2026-05-03T08:18:24.000Z</time></trkpt>
<trkpt lat="54.518215" lon="18.664897"><time>2026-05-03T08:18:26.000Z</time></trkpt>
<trkpt lat="54.518204" lon="18.664973"><time>2026-05-03T08:18:28.000Z</time></trkpt>
<trkpt lat="54.518191" lon="18.665048"><time>2026-05-03T08:18:30.000Z</time></trkpt>
<trkpt lat="54.518177" lon="18.665102"><time>2026-05-03T08:18:32.000Z</time></trkpt>
<trkpt lat="54.518160" lon="18.665162"><time>2026-05-03T08:18:34.000Z</time></trkpt>
<trkpt lat="54.518145" lon="18.665215"><time>2026-05-03T08:18:36.000Z</time></trkpt>
<trkpt lat="54.518133" lon="18.665275"><time>2026-05-03T08:18:38.000Z</time></trkpt>
<trkpt lat="54.518112" lon="18.665365"><time>2026-05-03T08:18:40.000Z</time></trkpt>
<trkpt lat="54.518095" lon="18.665458"><time>2026-05-03T08:18:42.000Z</time></trkpt>
<trkpt lat="54.518079" lon="18.665529"><time>2026-05-03T08:18:44.000Z</time></trkpt>
<trkpt lat="54.518061" lon="18.665593"><time>2026-05-03T08:18:46.000Z</time></trkpt>
<trkpt lat="54.518041" lon="18.665644"><time>2026-05-03T08:18:47.900Z</time></trkpt>
<trkpt lat="54.518022" lon="18.665695"><time>2026-05-03T08:18:49.900Z</time></trkpt>
<trkpt lat="54.518010" lon="18.665755"><time>2026-05-03T08:18:51.900Z</time></trkpt>
<trkpt lat="54.517998" lon="18.665823"><time>2026-05-03T08:18:53.900Z</time></trkpt>
<trkpt lat="54.517979" lon="18.665900"><time>2026-05-03T08:18:55.900Z</time></trkpt>
<trkpt lat="54.517959" lon="18.665969"><time>2026-05-03T08:18:57.900Z</time></trkpt>
<trkpt lat="54.517940" lon="18.666056"><time>2026-05-03T08:18:59.900Z</time></trkpt>
<trkpt lat="54.517921" lon="18.666139"><time>2026-05-03T08:19:01.900Z</time></trkpt>
<trkpt lat="54.517900" lon="18.666234"><time>2026-05-03T08:19:03.900Z</time></trkpt>
<trkpt lat="54.517883" lon="18.666323"><time>2026-05-03T08:19:05.900Z</time></trkpt>
<trkpt lat="54.517869" lon="18.666397"><time>2026-05-03T08:19:07.900Z</time></trkpt>
<trkpt lat="54.517848" lon="18.666465"><time>2026-05-03T08:19:09.900Z</time></trkpt>
<trkpt lat="54.517838" lon="18.666521"><time>2026-05-03T08:19:11.900Z</time></trkpt>
<trkpt lat="54.517829" lon="18.666625"><time>2026-05-03T08:19:13.900Z</time></trkpt>
<trkpt lat="54.517818" lon="18.666711"><time>2026-05-03T08:19:15.900Z</time></trkpt>
<trkpt lat="54.517806" lon="18.666789"><time>2026-05-03T08:19:17.900Z</time></trkpt>
<trkpt lat="54.517788" lon="18.666867"><time>2026-05-03T08:19:19.900Z</time></trkpt>
<trkpt lat="54.517776" lon="18.666959"><time>2026-05-03T08:19:21.900Z</time></trkpt>
<trkpt lat="54.517763" lon="18.667058"><time>2026-05-03T08:19:23.900Z</time></trkpt>
<trkpt lat="54.517749" lon="18.667166"><time>2026-05-03T08:19:25.900Z</time></trkpt>
<trkpt lat="54.517743" lon="18.667250"><time>2026-05-03T08:19:27.900Z</time></trkpt>
<trkpt lat="54.517733" lon="18.667329"><time>2026-05-03T08:19:29.900Z</time></trkpt>
<trkpt lat="54.517724" lon="18.667398"><time>2026-05-03T08:19:31.900Z</time></trkpt>
<trkpt lat="54.517713" lon="18.667475"><time>2026-05-03T08:19:33.900Z</time></trkpt>
<trkpt lat="54.517690" lon="18.667557"><time>2026-05-03T08:19:35.900Z</time></trkpt>
<trkpt lat="54.517666" lon="18.667639"><time>2026-05-03T08:19:37.900Z</time></trkpt>
<trkpt lat="54.517651" lon="18.667739"><time>2026-05-03T08:19:39.900Z</time></trkpt>
<trkpt lat="54.517639" lon="18.667808"><time>2026-05-03T08:19:41.900Z</time></trkpt>
<trkpt lat="54.517621" lon="18.667882"><time>2026-05-03T08:19:43.900Z</time></trkpt>
<trkpt lat="54.517601" lon="18.667972"><time>2026-05-03T08:19:45.900Z</time></trkpt>
<trkpt lat="54.517585" lon="18.668046"><time>2026-05-03T08:19:47.900Z</time></trkpt>
<trkpt lat="54.517575" lon="18.668109"><time>2026-05-03T08:19:49.900Z</time></trkpt>
<trkpt lat="54.517561" lon="18.668170"><time>2026-05-03T08:19:51.900Z</time></trkpt>
<trkpt lat="54.517547" lon="18.668249"><time>2026-05-03T08:19:53.900Z</time></trkpt>
<trkpt lat="54.517532" lon="18.668318"><time>2026-05-03T08:19:55.900Z</time></trkpt>
<trkpt lat="54.517516" lon="18.668393"><time>2026-05-03T08:19:58.000Z</time></trkpt>
<trkpt lat="54.517502" lon="18.668475"><time>2026-05-03T08:20:00.000Z</time></trkpt>
<trkpt lat="54.517487" lon="18.668549"><time>2026-05-03T08:20:02.000Z</time></trkpt>
<trkpt lat="54.517470" lon="18.668614"><time>2026-05-03T08:20:04.000Z</time></trkpt>
<trkpt lat="54.517457" lon="18.668690"><time>2026-05-03T08:20:06.000Z</time></trkpt>
<trkpt lat="54.517440" lon="18.668775"><time>2026-05-03T08:20:08.000Z</time></trkpt>
<trkpt lat="54.517424" lon="18.668866"><time>2026-05-03T08:20:10.000Z</time></trkpt>
<trkpt lat="54.517409" lon="18.668947"><time>2026-05-03T08:20:12.000Z</time></trkpt>
<trkpt lat="54.517395" lon="18.669028"><time>2026-05-03T08:20:14.000Z</time></trkpt>
<trkpt lat="54.517374" lon="18.669115"><time>2026-05-03T08:20:16.000Z</time></trkpt>
<trkpt lat="54.517359" lon="18.669182"><time>2026-05-03T08:20:18.000Z</time></trkpt>
<trkpt lat="54.517342" lon="18.669252"><time>2026-05-03T08:20:20.000Z</time></trkpt>
<trkpt lat="54.517321" lon="18.669333"><time>2026-05-03T08:20:22.000Z</time></trkpt>
<trkpt lat="54.517307" lon="18.669417"><time>2026-05-03T08:20:24.000Z</time></trkpt>
<trkpt lat="54.517298" lon="18.669496"><time>2026-05-03T08:20:26.000Z</time></trkpt>
<trkpt lat="54.517282" lon="18.669581"><time>2026-05-03T08:20:28.000Z</time></trkpt>
<trkpt lat="54.517262" lon="18.669663"><time>2026-05-03T08:20:30.000Z</time></trkpt>
<trkpt lat="54.517239" lon="18.669746"><time>2026-05-03T08:20:32.000Z</time></trkpt>
<trkpt lat="54.517217" lon="18.669827"><time>2026-05-03T08:20:34.000Z</time></trkpt>
<trkpt lat="54.517199" lon="18.669902"><time>2026-05-03T08:20:36.000Z</time></trkpt>
<trkpt lat="54.517177" lon="18.669988"><time>2026-05-03T08:20:38.000Z</time></trkpt>
<trkpt lat="54.517144" lon="18.670079"><time>2026-05-03T08:20:40.000Z</time></trkpt>
<trkpt lat="54.517117" lon="18.670166"><time>2026-05-03T08:20:42.000Z</time></trkpt>
<trkpt lat="54.517097" lon="18.670252"><time>2026-05-03T08:20:44.000Z</time></trkpt>
<trkpt lat="54.517076" lon="18.670336"><time>2026-05-03T08:20:46.000Z</time></trkpt>
<trkpt lat="54.517064" lon="18.670427"><time>2026-05-03T08:20:48.000Z</time></trkpt>
<trkpt lat="54.517034" lon="18.670509"><time>2026-05-03T08:20:50.000Z</time></trkpt>
<trkpt lat="54.517021" lon="18.670563"><time>2026-05-03T08:20:51.900Z</time></trkpt>
<trkpt lat="54.517011" lon="18.670643"><time>2026-05-03T08:20:53.900Z</time></trkpt>
<trkpt lat="54.516976" lon="18.670702"><time>2026-05-03T08:20:55.900Z</time></trkpt>
<trkpt lat="54.516958" lon="18.670771"><time>2026-05-03T08:20:57.900Z</time></trkpt>
<trkpt lat="54.516937" lon="18.670848"><time>2026-05-03T08:20:59.900Z</time></trkpt>
<trkpt lat="54.516917" lon="18.670937"><time>2026-05-03T08:21:01.900Z</time></trkpt>
<trkpt lat="54.516899" lon="18.671015"><time>2026-05-03T08:21:03.900Z</time></trkpt>
<trkpt lat="54.516878" lon="18.671101"><time>2026-05-03T08:21:05.900Z</time></trkpt>
<trkpt lat="54.516854" lon="18.671197"><time>2026-05-03T08:21:07.900Z</time></trkpt>
<trkpt lat="54.516832" lon="18.671284"><time>2026-05-03T08:21:09.900Z</time></trkpt>
<trkpt lat="54.516813" lon="18.671363"><time>2026-05-03T08:21:11.900Z</time></trkpt>
<trkpt lat="54.516792" lon="18.671440"><time>2026-05-03T08:21:13.900Z</time></trkpt>
<trkpt lat="54.516766" lon="18.671519"><time>2026-05-03T08:21:15.900Z</time></trkpt>
<trkpt lat="54.516747" lon="18.671591"><time>2026-05-03T08:21:17.900Z</time></trkpt>
<trkpt lat="54.516730" lon="18.671666"><time>2026-05-03T08:21:19.900Z</time></trkpt>
<trkpt lat="54.516712" lon="18.671736"><time>2026-05-03T08:21:21.900Z</time></trkpt>
<trkpt lat="54.516697" lon="18.671807"><time>2026-05-03T08:21:23.900Z</time></trkpt>
<trkpt lat="54.516679" lon="18.671884"><time>2026-05-03T08:21:25.900Z</time></trkpt>
<trkpt lat="54.516665" lon="18.671958"><time>2026-05-03T08:21:27.900Z</time></trkpt>
<trkpt lat="54.516647" lon="18.672033"><time>2026-05-03T08:21:29.900Z</time></trkpt>
<trkpt lat="54.516631" lon="18.672112"><time>2026-05-03T08:21:31.900Z</time></trkpt>
<trkpt lat="54.516613" lon="18.672195"><time>2026-05-03T08:21:33.900Z</time></trkpt>
<trkpt lat="54.516593" lon="18.672273"><time>2026-05-03T08:21:35.900Z</time></trkpt>
<trkpt lat="54.516574" lon="18.672356"><time>2026-05-03T08:21:37.900Z</time></trkpt>
<trkpt lat="54.516555" lon="18.672433"><time>2026-05-03T08:21:39.900Z</time></trkpt>
<trkpt lat="54.516538" lon="18.672506"><time>2026-05-03T08:21:41.900Z</time></trkpt>
<trkpt lat="54.516522" lon="18.672584"><time>2026-05-03T08:21:43.900Z</time></trkpt>
<trkpt lat="54.516506" lon="18.672664"><time>2026-05-03T08:21:45.900Z</time></trkpt>
<trkpt lat="54.516490" lon="18.672742"><time>2026-05-03T08:21:47.900Z</time></trkpt>
<trkpt lat="54.516472" lon="18.672824"><time>2026-05-03T08:21:49.900Z</time></trkpt>
<trkpt lat="54.516455" lon="18.672903"><time>2026-05-03T08:21:51.900Z</time></trkpt>
<trkpt lat="54.516437" lon="18.672982"><time>2026-05-03T08:21:53.900Z</time></trkpt>
<trkpt lat="54.516421" lon="18.673064"><time>2026-05-03T08:21:55.900Z</time></trkpt>
<trkpt lat="54.516406" lon="18.673146"><time>2026-05-03T08:21:57.900Z</time></trkpt>
<trkpt lat="54.516390" lon="18.673226"><time>2026-05-03T08:21:59.900Z</time></trkpt>
<trkpt lat="54.516376" lon="18.673303"><time>2026-05-03T08:22:02.000Z</time></trkpt>
<trkpt lat="54.516358" lon="18.673385"><time>2026-05-03T08:22:04.000Z</time></trkpt>
<trkpt lat="54.516342" lon="18.673465"><time>2026-05-03T08:22:06.000Z</time></trkpt>
<trkpt lat="54.516325" lon="18.673545"><time>2026-05-03T08:22:08.000Z</time></trkpt>
<trkpt lat="54.516307" lon="18.673627"><time>2026-05-03T08:22:10.000Z</time></trkpt>
<trkpt lat="54.516289" lon="18.673709"><time>2026-05-03T08:22:12.000Z</time></trkpt>
<trkpt lat="54.516271" lon="18.673789"><time>2026-05-03T08:22:14.000Z</time></trkpt>
<trkpt lat="54.516252" lon="18.673869"><time>2026-05-03T08:22:16.000Z</time></trkpt>
<trkpt lat="54.516232" lon="18.673948"><time>2026-05-03T08:22:18.000Z</time></trkpt>
<trkpt lat="54.516211" lon="18.674025"><time>2026-05-03T08:22:20.000Z</time></trkpt>
<trkpt lat="54.516191" lon="18.674098"><time>2026-05-03T08:22:22.000Z</time></trkpt>
<trkpt lat="54.516169" lon="18.674172"><time>2026-05-03T08:22:24.000Z</time></trkpt>
<trkpt lat="54.516148" lon="18.674248"><time>2026-05-03T08:22:26.000Z</time></trkpt>
<trkpt lat="54.516127" lon="18.674321"><time>2026-05-03T08:22:28.000Z</time></trkpt>
<trkpt lat="54.516106" lon="18.674394"><time>2026-05-03T08:22:30.000Z</time></trkpt>
<trkpt lat="54.516084" lon="18.674467"><time>2026-05-03T08:22:32.000Z</time></trkpt>
<trkpt lat="54.516061" lon="18.674536"><time>2026-05-03T08:22:34.000Z</time></trkpt>
<trkpt lat="54.516042" lon="18.674608"><time>2026-05-03T08:22:36.000Z</time></trkpt>
<trkpt lat="54.516020" lon="18.674678"><time>2026-05-03T08:22:38.000Z</time></trkpt>
<trkpt lat="54.516001" lon="18.674750"><time>2026-05-03T08:22:40.000Z</time></trkpt>
<trkpt lat="54.515984" lon="18.674809"><time>2026-05-03T08:22:42.000Z</time></trkpt>
<trkpt lat="54.515962" lon="18.674881"><time>2026-05-03T08:22:44.000Z</time></trkpt>
<trkpt lat="54.515949" lon="18.674949"><time>2026-05-03T08:22:46.000Z</time></trkpt>
<trkpt lat="54.515933" lon="18.675019"><time>2026-05-03T08:22:48.000Z</time></trkpt>
<trkpt lat="54.515915" lon="18.675091"><time>2026-05-03T08:22:50.000Z</time></trkpt>
<trkpt lat="54.515897" lon="18.675159"><time>2026-05-03T08:22:52.000Z</time></trkpt>
<trkpt lat="54.515881" lon="18.675224"><time>2026-05-03T08:22:53.900Z</time></trkpt>
<trkpt lat="54.515864" lon="18.675283"><time>2026-05-03T08:22:55.900Z</time></trkpt>
<trkpt lat="54.515849" lon="18.675346"><time>2026-05-03T08:22:57.900Z</time></trkpt>
<trkpt lat="54.515834" lon="18.675408"><time>2026-05-03T08:22:59.900Z</time></trkpt>
<trkpt lat="54.515818" lon="18.675477"><time>2026-05-03T08:23:01.900Z</time></trkpt>
<trkpt lat="54.515802" lon="18.675550"><time>2026-05-03T08:23:03.900Z</time></trkpt>
<trkpt lat="54.515781" lon="18.675632"><time>2026-05-03T08:23:05.900Z</time></trkpt>
<trkpt lat="54.515756" lon="18.675733"><time>2026-05-03T08:23:07.900Z</time></trkpt>
<trkpt lat="54.515732" lon="18.675826"><time>2026-05-03T08:23:09.900Z</time></trkpt>
<trkpt lat="54.515709" lon="18.675901"><time>2026-05-03T08:23:11.900Z</time></trkpt>
<trkpt lat="54.515686" lon="18.675984"><time>2026-05-03T08:23:13.900Z</time></trkpt>
<trkpt lat="54.515668" lon="18.676044"><time>2026-05-03T08:23:15.900Z</time></trkpt>
<trkpt lat="54.515649" lon="18.676114"><time>2026-05-03T08:23:17.900Z</time></trkpt>
<trkpt lat="54.515629" lon="18.676195"><time>2026-05-03T08:23:19.900Z</time></trkpt>
<trkpt lat="54.515609" lon="18.676273"><time>2026-05-03T08:23:21.900Z</time></trkpt>
<trkpt lat="54.515590" lon="18.676345"><time>2026-05-03T08:23:23.900Z</time></trkpt>
<trkpt lat="54.515569" lon="18.676418"><time>2026-05-03T08:23:25.900Z</time></trkpt>
<trkpt lat="54.515553" lon="18.676500"><time>2026-05-03T08:23:27.900Z</time></trkpt>
<trkpt lat="54.515538" lon="18.676559"><time>2026-05-03T08:23:29.900Z</time></trkpt>
<trkpt lat="54.515522" lon="18.676633"><time>2026-05-03T08:23:31.900Z</time></trkpt>
<trkpt lat="54.515499" lon="18.676705"><time>2026-05-03T08:23:33.900Z</time></trkpt>
<trkpt lat="54.515474" lon="18.676789"><time>2026-05-03T08:23:35.900Z</time></trkpt>
<trkpt lat="54.515455" lon="18.676868"><time>2026-05-03T08:23:37.900Z</time></trkpt>
<trkpt lat="54.515443" lon="18.676937"><time>2026-05-03T08:23:39.900Z</time></trkpt>
<trkpt lat="54.515430" lon="18.676996"><time>2026-05-03T08:23:41.900Z</time></trkpt>
<trkpt lat="54.515411" lon="18.677064"><time>2026-05-03T08:23:43.900Z</time></trkpt>
<trkpt lat="54.515387" lon="18.677148"><time>2026-05-03T08:23:45.900Z</time></trkpt>
<trkpt lat="54.515361" lon="18.677230"><time>2026-05-03T08:23:47.900Z</time></trkpt>
<trkpt lat="54.515340" lon="18.677301"><time>2026-05-03T08:23:49.900Z</time></trkpt>
<trkpt lat="54.515318" lon="18.677379"><time>2026-05-03T08:23:51.900Z</time></trkpt>
<trkpt lat="54.515300" lon="18.677452"><time>2026-05-03T08:23:53.900Z</time></trkpt>
<trkpt lat="54.515283" lon="18.677514"><time>2026-05-03T08:23:55.900Z</time></trkpt>
<trkpt lat="54.515263" lon="18.677591"><time>2026-05-03T08:23:57.900Z</time></trkpt>
<trkpt lat="54.515243" lon="18.677665"><time>2026-05-03T08:23:59.900Z</time></trkpt>
<trkpt lat="54.515222" lon="18.677723"><time>2026-05-03T08:24:01.900Z</time></trkpt>
<trkpt lat="54.515202" lon="18.677793"><time>2026-05-03T08:24:03.900Z</time></trkpt>
<trkpt lat="54.515181" lon="18.677875"><time>2026-05-03T08:24:05.900Z</time></trkpt>
<trkpt lat="54.515158" lon="18.677961"><time>2026-05-03T08:24:08.000Z</time></trkpt>
<trkpt lat="54.515141" lon="18.678027"><time>2026-05-03T08:24:10.000Z</time></trkpt>
<trkpt lat="54.515124" lon="18.678087"><time>2026-05-03T08:24:12.000Z</time></trkpt>
<trkpt lat="54.515098" lon="18.678158"><time>2026-05-03T08:24:14.000Z</time></trkpt>
<trkpt lat="54.515073" lon="18.678223"><time>2026-05-03T08:24:16.000Z</time></trkpt>
<trkpt lat="54.515061" lon="18.678289"><time>2026-05-03T08:24:18.000Z</time></trkpt>
<trkpt lat="54.515039" lon="18.678351"><time>2026-05-03T08:24:20.000Z</time></trkpt>
<trkpt lat="54.515012" lon="18.678410"><time>2026-05-03T08:24:22.000Z</time></trkpt>
<trkpt lat="54.514984" lon="18.678468"><time>2026-05-03T08:24:24.000Z</time></trkpt>
<trkpt lat="54.514964" lon="18.678532"><time>2026-05-03T08:24:26.000Z</time></trkpt>
<trkpt lat="54.514940" lon="18.678594"><time>2026-05-03T08:24:28.000Z</time></trkpt>
<trkpt lat="54.514916" lon="18.678648"><time>2026-05-03T08:24:30.000Z</time></trkpt>
<trkpt lat="54.514891" lon="18.678716"><time>2026-05-03T08:24:32.000Z</time></trkpt>
<trkpt lat="54.514868" lon="18.678780"><time>2026-05-03T08:24:34.000Z</time></trkpt>
<trkpt lat="54.514848" lon="18.678852"><time>2026-05-03T08:24:36.000Z</time></trkpt>
<trkpt lat="54.514829" lon="18.678914"><time>2026-05-03T08:24:38.000Z</time></trkpt>
<trkpt lat="54.514805" lon="18.678978"><time>2026-05-03T08:24:40.000Z</time></trkpt>
<trkpt lat="54.514776" lon="18.678997"><time>2026-05-03T08:24:42.000Z</time></trkpt>
<trkpt lat="54.514753" lon="18.678976"><time>2026-05-03T08:24:44.000Z</time></trkpt>
<trkpt lat="54.514728" lon="18.678959"><time>2026-05-03T08:24:46.000Z</time></trkpt>
<trkpt lat="54.514706" lon="18.678929"><time>2026-05-03T08:24:48.000Z</time></trkpt>
<trkpt lat="54.514678" lon="18.678904"><time>2026-05-03T08:24:50.000Z</time></trkpt>
<trkpt lat="54.514652" lon="18.678878"><time>2026-05-03T08:24:52.000Z</time></trkpt>
<trkpt lat="54.514626" lon="18.678854"><time>2026-05-03T08:24:54.000Z</time></trkpt>
<trkpt lat="54.514601" lon="18.678821"><time>2026-05-03T08:24:55.900Z</time></trkpt>
<trkpt lat="54.514572" lon="18.678789"><time>2026-05-03T08:24:57.900Z</time></trkpt>
<trkpt lat="54.514548" lon="18.678762"><time>2026-05-03T08:24:59.900Z</time></trkpt>
<trkpt lat="54.514520" lon="18.678744"><time>2026-05-03T08:25:01.900Z</time></trkpt>
<trkpt lat="54.514485" lon="18.678728"><time>2026-05-03T08:25:03.900Z</time></trkpt>
<trkpt lat="54.514449" lon="18.678711"><time>2026-05-03T08:25:05.900Z</time></trkpt>
<trkpt lat="54.514417" lon="18.678695"><time>2026-05-03T08:25:07.900Z</time></trkpt>
<trkpt lat="54.514387" lon="18.678681"><time>2026-05-03T08:25:09.900Z</time></trkpt>
<trkpt lat="54.514356" lon="18.678667"><time>2026-05-03T08:25:11.900Z</time></trkpt>
<trkpt lat="54.514326" lon="18.678669"><time>2026-05-03T08:25:13.900Z</time></trkpt>
<trkpt lat="54.514287" lon="18.678653"><time>2026-05-03T08:25:15.900Z</time></trkpt>
<trkpt lat="54.514255" lon="18.678638"><time>2026-05-03T08:25:17.900Z</time></trkpt>
<trkpt lat="54.514219" lon="18.678612"><time>2026-05-03T08:25:19.900Z</time></trkpt>
<trkpt lat="54.514186" lon="18.678590"><time>2026-05-03T08:25:21.900Z</time></trkpt>
<trkpt lat="54.514158" lon="18.678568"><time>2026-05-03T08:25:23.900Z</time></trkpt>
<trkpt lat="54.514111" lon="18.678550"><time>2026-05-03T08:25:25.900Z</time></trkpt>
<trkpt lat="54.514075" lon="18.678535"><time>2026-05-03T08:25:27.900Z</time></trkpt>
<trkpt lat="54.514035" lon="18.678508"><time>2026-05-03T08:25:29.900Z</time></trkpt>
<trkpt lat="54.513999" lon="18.678483"><time>2026-05-03T08:25:31.900Z</time></trkpt>
<trkpt lat="54.513971" lon="18.678451"><time>2026-05-03T08:25:33.900Z</time></trkpt>
<trkpt lat="54.513929" lon="18.678422"><time>2026-05-03T08:25:35.900Z</time></trkpt>
<trkpt lat="54.513893" lon="18.678393"><time>2026-05-03T08:25:37.900Z</time></trkpt>
<trkpt lat="54.513856" lon="18.678362"><time>2026-05-03T08:25:39.900Z</time></trkpt>
<trkpt lat="54.513814" lon="18.678328"><time>2026-05-03T08:25:41.900Z</time></trkpt>
<trkpt lat="54.513775" lon="18.678295"><time>2026-05-03T08:25:43.900Z</time></trkpt>
<trkpt lat="54.513736" lon="18.678263"><time>2026-05-03T08:25:45.900Z</time></trkpt>
<trkpt lat="54.513696" lon="18.678239"><time>2026-05-03T08:25:47.900Z</time></trkpt>
<trkpt lat="54.513655" lon="18.678219"><time>2026-05-03T08:25:49.900Z</time></trkpt>
<trkpt lat="54.513612" lon="18.678196"><time>2026-05-03T08:25:51.900Z</time></trkpt>
<trkpt lat="54.513574" lon="18.678174"><time>2026-05-03T08:25:53.900Z</time></trkpt>
<trkpt lat="54.513534" lon="18.678148"><time>2026-05-03T08:25:55.900Z</time></trkpt>
<trkpt lat="54.513492" lon="18.678135"><time>2026-05-03T08:25:57.900Z</time></trkpt>
<trkpt lat="54.513452" lon="18.678105"><time>2026-05-03T08:25:59.900Z</time></trkpt>
<trkpt lat="54.513411" lon="18.678076"><time>2026-05-03T08:26:01.900Z</time></trkpt>
<trkpt lat="54.513366" lon="18.678051"><time>2026-05-03T08:26:03.900Z</time></trkpt>
<trkpt lat="54.513327" lon="18.678021"><time>2026-05-03T08:26:05.900Z</time></trkpt>
<trkpt lat="54.513293" lon="18.677998"><time>2026-05-03T08:26:07.900Z</time></trkpt>
<trkpt lat="54.513257" lon="18.677973"><time>2026-05-03T08:26:09.900Z</time></trkpt>
<trkpt lat="54.513218" lon="18.677941"><time>2026-05-03T08:26:11.900Z</time></trkpt>
<trkpt lat="54.513178" lon="18.677919"><time>2026-05-03T08:26:14.000Z</time></trkpt>
<trkpt lat="54.513137" lon="18.677898"><time>2026-05-03T08:26:16.000Z</time></trkpt>
<trkpt lat="54.513096" lon="18.677882"><time>2026-05-03T08:26:18.000Z</time></trkpt>
<trkpt lat="54.513059" lon="18.677863"><time>2026-05-03T08:26:20.000Z</time></trkpt>
<trkpt lat="54.513024" lon="18.677845"><time>2026-05-03T08:26:22.000Z</time></trkpt>
<trkpt lat="54.512984" lon="18.677830"><time>2026-05-03T08:26:24.000Z</time></trkpt>
<trkpt lat="54.512945" lon="18.677805"><time>2026-05-03T08:26:26.000Z</time></trkpt>
<trkpt lat="54.512903" lon="18.677789"><time>2026-05-03T08:26:28.000Z</time></trkpt>
<trkpt lat="54.512866" lon="18.677770"><time>2026-05-03T08:26:30.000Z</time></trkpt>
<trkpt lat="54.512823" lon="18.677749"><time>2026-05-03T08:26:32.000Z</time></trkpt>
<trkpt lat="54.512779" lon="18.677725"><time>2026-05-03T08:26:34.000Z</time></trkpt>
<trkpt lat="54.512734" lon="18.677702"><time>2026-05-03T08:26:36.000Z</time></trkpt>
<trkpt lat="54.512690" lon="18.677684"><time>2026-05-03T08:26:38.000Z</time></trkpt>
<trkpt lat="54.512646" lon="18.677667"><time>2026-05-03T08:26:40.000Z</time></trkpt>
<trkpt lat="54.512605" lon="18.677654"><time>2026-05-03T08:26:42.000Z</time></trkpt>
<trkpt lat="54.512563" lon="18.677641"><time>2026-05-03T08:26:44.000Z</time></trkpt>
<trkpt lat="54.512522" lon="18.677629"><time>2026-05-03T08:26:46.000Z</time></trkpt>
<trkpt lat="54.512480" lon="18.677619"><time>2026-05-03T08:26:48.000Z</time></trkpt>
<trkpt lat="54.512443" lon="18.677612"><time>2026-05-03T08:26:50.000Z</time></trkpt>
<trkpt lat="54.512404" lon="18.677605"><time>2026-05-03T08:26:52.000Z</time></trkpt>
<trkpt lat="54.512363" lon="18.677595"><time>2026-05-03T08:26:54.000Z</time></trkpt>
<trkpt lat="54.512325" lon="18.677573"><time>2026-05-03T08:26:56.000Z</time></trkpt>
<trkpt lat="54.512278" lon="18.677551"><time>2026-05-03T08:26:58.000Z</time></trkpt>
<trkpt lat="54.512236" lon="18.677533"><time>2026-05-03T08:27:00.000Z</time></trkpt>
<trkpt lat="54.512192" lon="18.677515"><time>2026-05-03T08:27:01.900Z</time></trkpt>
<trkpt lat="54.512152" lon="18.677499"><time>2026-05-03T08:27:03.900Z</time></trkpt>
<trkpt lat="54.512111" lon="18.677483"><time>2026-05-03T08:27:05.900Z</time></trkpt>
<trkpt lat="54.512066" lon="18.677465"><time>2026-05-03T08:27:07.900Z</time></trkpt>
<trkpt lat="54.512023" lon="18.677447"><time>2026-05-03T08:27:09.900Z</time></trkpt>
<trkpt lat="54.511978" lon="18.677428"><time>2026-05-03T08:27:11.900Z</time></trkpt>
<trkpt lat="54.511933" lon="18.677416"><time>2026-05-03T08:27:13.900Z</time></trkpt>
<trkpt lat="54.511887" lon="18.677403"><time>2026-05-03T08:27:15.900Z</time></trkpt>
<trkpt lat="54.511840" lon="18.677394"><time>2026-05-03T08:27:17.900Z</time></trkpt>
<trkpt lat="54.511795" lon="18.677385"><time>2026-05-03T08:27:19.900Z</time></trkpt>
<trkpt lat="54.511750" lon="18.677371"><time>2026-05-03T08:27:21.900Z</time></trkpt>
<trkpt lat="54.511704" lon="18.677357"><time>2026-05-03T08:27:23.900Z</time></trkpt>
<trkpt lat="54.511660" lon="18.677343"><time>2026-05-03T08:27:25.900Z</time></trkpt>
<trkpt lat="54.511614" lon="18.677324"><time>2026-05-03T08:27:27.900Z</time></trkpt>
<trkpt lat="54.511568" lon="18.677303"><time>2026-05-03T08:27:29.900Z</time></trkpt>
<trkpt lat="54.511522" lon="18.677290"><time>2026-05-03T08:27:31.900Z</time></trkpt>
<trkpt lat="54.511477" lon="18.677273"><time>2026-05-03T08:27:33.900Z</time></trkpt>
<trkpt lat="54.511431" lon="18.677255"><time>2026-05-03T08:27:35.900Z</time></trkpt>
<trkpt lat="54.511385" lon="18.677237"><time>2026-05-03T08:27:37.900Z</time></trkpt>
<trkpt lat="54.511339" lon="18.677220"><time>2026-05-03T08:27:39.900Z</time></trkpt>
<trkpt lat="54.511294" lon="18.677202"><time>2026-05-03T08:27:41.900Z</time></trkpt>
<trkpt lat="54.511248" lon="18.677185"><time>2026-05-03T08:27:43.900Z</time></trkpt>
<trkpt lat="54.511205" lon="18.677167"><time>2026-05-03T08:27:45.900Z</time></trkpt>
<trkpt lat="54.511161" lon="18.677154"><time>2026-05-03T08:27:47.900Z</time></trkpt>
<trkpt lat="54.511117" lon="18.677137"><time>2026-05-03T08:27:49.900Z</time></trkpt>
<trkpt lat="54.511073" lon="18.677121"><time>2026-05-03T08:27:51.900Z</time></trkpt>
<trkpt lat="54.511032" lon="18.677102"><time>2026-05-03T08:27:53.900Z</time></trkpt>
<trkpt lat="54.510990" lon="18.677079"><time>2026-05-03T08:27:55.900Z</time></trkpt>
<trkpt lat="54.510948" lon="18.677055"><time>2026-05-03T08:27:57.900Z</time></trkpt>
<trkpt lat="54.510906" lon="18.677033"><time>2026-05-03T08:27:59.900Z</time></trkpt>
<trkpt lat="54.510864" lon="18.677012"><time>2026-05-03T08:28:01.900Z</time></trkpt>
<trkpt lat="54.510822" lon="18.676990"><time>2026-05-03T08:28:03.900Z</time></trkpt>
<trkpt lat="54.510779" lon="18.676966"><time>2026-05-03T08:28:05.900Z</time></trkpt>
<trkpt lat="54.510738" lon="18.676942"><time>2026-05-03T08:28:07.900Z</time></trkpt>
<trkpt lat="54.510695" lon="18.676918"><time>2026-05-03T08:28:09.900Z</time></trkpt>
<trkpt lat="54.510651" lon="18.676891"><time>2026-05-03T08:28:11.900Z</time></trkpt>
<trkpt lat="54.510607" lon="18.676867"><time>2026-05-03T08:28:13.900Z</time></trkpt>
<trkpt lat="54.510562" lon="18.676841"><time>2026-05-03T08:28:15.900Z</time></trkpt>
<trkpt lat="54.510519" lon="18.676814"><time>2026-05-03T08:28:17.900Z</time></trkpt>
<trkpt lat="54.510475" lon="18.676786"><time>2026-05-03T08:28:20.000Z</time></trkpt>
<trkpt lat="54.510429" lon="18.676760"><time>2026-05-03T08:28:22.000Z</time></trkpt>
<trkpt lat="54.510385" lon="18.676731"><time>2026-05-03T08:28:24.000Z</time></trkpt>
<trkpt lat="54.510341" lon="18.676701"><time>2026-05-03T08:28:26.000Z</time></trkpt>
<trkpt lat="54.510296" lon="18.676676"><time>2026-05-03T08:28:28.000Z</time></trkpt>
<trkpt lat="54.510251" lon="18.676649"><time>2026-05-03T08:28:30.000Z</time></trkpt>
<trkpt lat="54.510208" lon="18.676619"><time>2026-05-03T08:28:32.000Z</time></trkpt>
<trkpt lat="54.510164" lon="18.676594"><time>2026-05-03T08:28:34.000Z</time></trkpt>
<trkpt lat="54.510121" lon="18.676566"><time>2026-05-03T08:28:36.000Z</time></trkpt>
<trkpt lat="54.510078" lon="18.676538"><time>2026-05-03T08:28:38.000Z</time></trkpt>
<trkpt lat="54.510034" lon="18.676510"><time>2026-05-03T08:28:40.000Z</time></trkpt>
<trkpt lat="54.509989" lon="18.676483"><time>2026-05-03T08:28:42.000Z</time></trkpt>
<trkpt lat="54.509945" lon="18.676456"><time>2026-05-03T08:28:44.000Z</time></trkpt>
<trkpt lat="54.509901" lon="18.676428"><time>2026-05-03T08:28:46.000Z</time></trkpt>
<trkpt lat="54.509858" lon="18.676397"><time>2026-05-03T08:28:48.000Z</time></trkpt>
<trkpt lat="54.509816" lon="18.676362"><time>2026-05-03T08:28:50.000Z</time></trkpt>
<trkpt lat="54.509775" lon="18.676325"><time>2026-05-03T08:28:52.000Z</time></trkpt>
<trkpt lat="54.509733" lon="18.676293"><time>2026-05-03T08:28:54.000Z</time></trkpt>
<trkpt lat="54.509691" lon="18.676265"><time>2026-05-03T08:28:56.000Z</time></trkpt>
<trkpt lat="54.509649" lon="18.676238"><time>2026-05-03T08:28:58.000Z</time></trkpt>
<trkpt lat="54.509606" lon="18.676214"><time>2026-05-03T08:29:00.000Z</time></trkpt>
<trkpt lat="54.509564" lon="18.676191"><time>2026-05-03T08:29:02.000Z</time></trkpt>
<trkpt lat="54.509524" lon="18.676163"><time>2026-05-03T08:29:04.000Z</time></trkpt>
<trkpt lat="54.509482" lon="18.676138"><time>2026-05-03T08:29:05.900Z</time></trkpt>
<trkpt lat="54.509441" lon="18.676114"><time>2026-05-03T08:29:07.900Z</time></trkpt>
<trkpt lat="54.509402" lon="18.676087"><time>2026-05-03T08:29:09.900Z</time></trkpt>
<trkpt lat="54.509361" lon="18.676057"><time>2026-05-03T08:29:11.900Z</time></trkpt>
<trkpt lat="54.509321" lon="18.676024"><time>2026-05-03T08:29:13.900Z</time></trkpt>
<trkpt lat="54.509281" lon="18.675990"><time>2026-05-03T08:29:15.900Z</time></trkpt>
<trkpt lat="54.509241" lon="18.675955"><time>2026-05-03T08:29:17.900Z</time></trkpt>
<trkpt lat="54.509201" lon="18.675924"><time>2026-05-03T08:29:19.900Z</time></trkpt>
<trkpt lat="54.509160" lon="18.675894"><time>2026-05-03T08:29:21.900Z</time></trkpt>
<trkpt lat="54.509120" lon="18.675861"><time>2026-05-03T08:29:23.900Z</time></trkpt>
<trkpt lat="54.509080" lon="18.675825"><time>2026-05-03T08:29:25.900Z</time></trkpt>
<trkpt lat="54.509042" lon="18.675789"><time>2026-05-03T08:29:27.900Z</time></trkpt>
<trkpt lat="54.509005" lon="18.675752"><time>2026-05-03T08:29:29.900Z</time></trkpt>
<trkpt lat="54.508967" lon="18.675722"><time>2026-05-03T08:29:31.900Z</time></trkpt>
<trkpt lat="54.508927" lon="18.675697"><time>2026-05-03T08:29:33.900Z</time></trkpt>
<trkpt lat="54.508889" lon="18.675666"><time>2026-05-03T08:29:35.900Z</time></trkpt>
<trkpt lat="54.508850" lon="18.675630"><time>2026-05-03T08:29:37.900Z</time></trkpt>
<trkpt lat="54.508809" lon="18.675603"><time>2026-05-03T08:29:39.900Z</time></trkpt>
<trkpt lat="54.508772" lon="18.675589"><time>2026-05-03T08:29:41.900Z</time></trkpt>
<trkpt lat="54.508737" lon="18.675569"><time>2026-05-03T08:29:43.900Z</time></trkpt>
<trkpt lat="54.508698" lon="18.675546"><time>2026-05-03T08:29:45.900Z</time></trkpt>
<trkpt lat="54.508661" lon="18.675525"><time>2026-05-03T08:29:47.900Z</time></trkpt>
<trkpt lat="54.508623" lon="18.675507"><time>2026-05-03T08:29:49.900Z</time></trkpt>
<trkpt lat="54.508585" lon="18.675481"><time>2026-05-03T08:29:51.900Z</time></trkpt>
<trkpt lat="54.508547" lon="18.675459"><time>2026-05-03T08:29:53.900Z</time></trkpt>
<trkpt lat="54.508513" lon="18.675438"><time>2026-05-03T08:29:55.900Z</time></trkpt>
<trkpt lat="54.508478" lon="18.675415"><time>2026-05-03T08:29:57.900Z</time></trkpt>
<trkpt lat="54.508444" lon="18.675395"><time>2026-05-03T08:29:59.900Z</time></trkpt>
<trkpt lat="54.508410" lon="18.675368"><time>2026-05-03T08:30:01.900Z</time></trkpt>
<trkpt lat="54.508374" lon="18.675343"><time>2026-05-03T08:30:03.900Z</time></trkpt>
<trkpt lat="54.508345" lon="18.675315"><time>2026-05-03T08:30:05.900Z</time></trkpt>
<trkpt lat="54.508313" lon="18.675297"><time>2026-05-03T08:30:07.900Z</time></trkpt>
<trkpt lat="54.508282" lon="18.675270"><time>2026-05-03T08:30:09.900Z</time></trkpt>
<trkpt lat="54.508250" lon="18.675231"><time>2026-05-03T08:30:11.900Z</time></trkpt>
<trkpt lat="54.508211" lon="18.675195"><time>2026-05-03T08:30:13.900Z</time></trkpt>
<trkpt lat="54.508169" lon="18.675175"><time>2026-05-03T08:30:15.900Z</time></trkpt>
<trkpt lat="54.508136" lon="18.675166"><time>2026-05-03T08:30:17.900Z</time></trkpt>
<trkpt lat="54.508096" lon="18.675153"><time>2026-05-03T08:30:19.900Z</time></trkpt>
<trkpt lat="54.508049" lon="18.675146"><time>2026-05-03T08:30:21.900Z</time></trkpt>
<trkpt lat="54.508019" lon="18.675144"><time>2026-05-03T08:30:23.900Z</time></trkpt>
<trkpt lat="54.507977" lon="18.675129"><time>2026-05-03T08:30:26.000Z</time></trkpt>
<trkpt lat="54.507947" lon="18.675081"><time>2026-05-03T08:30:28.000Z</time></trkpt>
<trkpt lat="54.507906" lon="18.675034"><time>2026-05-03T08:30:30.000Z</time></trkpt>
<trkpt lat="54.507865" lon="18.674975"><time>2026-05-03T08:30:32.000Z</time></trkpt>
<trkpt lat="54.507832" lon="18.674927"><time>2026-05-03T08:30:34.000Z</time></trkpt>
<trkpt lat="54.507802" lon="18.674885"><time>2026-05-03T08:30:36.000Z</time></trkpt>
<trkpt lat="54.507772" lon="18.674849"><time>2026-05-03T08:30:38.000Z</time></trkpt>
<trkpt lat="54.507743" lon="18.674811"><time>2026-05-03T08:30:40.000Z</time></trkpt>
<trkpt lat="54.507703" lon="18.674773"><time>2026-05-03T08:30:42.000Z</time></trkpt>
<trkpt lat="54.507670" lon="18.674735"><time>2026-05-03T08:30:44.000Z</time></trkpt>
<trkpt lat="54.507628" lon="18.674700"><time>2026-05-03T08:30:46.000Z</time></trkpt>
<trkpt lat="54.507592" lon="18.674672"><time>2026-05-03T08:30:48.000Z</time></trkpt>
<trkpt lat="54.507554" lon="18.674648"><time>2026-05-03T08:30:50.000Z</time></trkpt>
<trkpt lat="54.507509" lon="18.674618"><time>2026-05-03T08:30:52.000Z</time></trkpt>
<trkpt lat="54.507472" lon="18.674581"><time>2026-05-03T08:30:54.000Z</time></trkpt>
<trkpt lat="54.507433" lon="18.674545"><time>2026-05-03T08:30:56.000Z</time></trkpt>
<trkpt lat="54.507398" lon="18.674514"><time>2026-05-03T08:30:58.000Z</time></trkpt>
<trkpt lat="54.507368" lon="18.674487"><time>2026-05-03T08:31:00.000Z</time></trkpt>
<trkpt lat="54.507333" lon="18.674477"><time>2026-05-03T08:31:02.000Z</time></trkpt>
<trkpt lat="54.507304" lon="18.674459"><time>2026-05-03T08:31:04.000Z</time></trkpt>
<trkpt lat="54.507275" lon="18.674439"><time>2026-05-03T08:31:06.000Z</time></trkpt>
<trkpt lat="54.507239" lon="18.674420"><time>2026-05-03T08:31:08.000Z</time></trkpt>
<trkpt lat="54.507210" lon="18.674402"><time>2026-05-03T08:31:10.000Z</time></trkpt>
<trkpt lat="54.507170" lon="18.674373"><time>2026-05-03T08:31:11.900Z</time></trkpt>
<trkpt lat="54.507129" lon="18.674351"><time>2026-05-03T08:31:13.900Z</time></trkpt>
<trkpt lat="54.507092" lon="18.674327"><time>2026-05-03T08:31:15.900Z</time></trkpt>
<trkpt lat="54.507056" lon="18.674300"><time>2026-05-03T08:31:17.900Z</time></trkpt>
<trkpt lat="54.507023" lon="18.674272"><time>2026-05-03T08:31:19.900Z</time></trkpt>
<trkpt lat="54.506987" lon="18.674253"><time>2026-05-03T08:31:21.900Z</time></trkpt>
<trkpt lat="54.506950" lon="18.674232"><time>2026-05-03T08:31:23.900Z</time></trkpt>
<trkpt lat="54.506913" lon="18.674205"><time>2026-05-03T08:31:25.900Z</time></trkpt>
<trkpt lat="54.506877" lon="18.674173"><time>2026-05-03T08:31:27.900Z</time></trkpt>
<trkpt lat="54.506841" lon="18.674145"><time>2026-05-03T08:31:29.900Z</time></trkpt>
<trkpt lat="54.506804" lon="18.674118"><time>2026-05-03T08:31:31.900Z</time></trkpt>
<trkpt lat="54.506772" lon="18.674096"><time>2026-05-03T08:31:33.900Z</time></trkpt>
<trkpt lat="54.506735" lon="18.674077"><time>2026-05-03T08:31:35.900Z</time></trkpt>
<trkpt lat="54.506699" lon="18.674063"><time>2026-05-03T08:31:37.900Z</time></trkpt>
<trkpt lat="54.506676" lon="18.674043"><time>2026-05-03T08:31:39.900Z</time></trkpt>
<trkpt lat="54.506646" lon="18.674021"><time>2026-05-03T08:31:41.900Z</time></trkpt>
<trkpt lat="54.506609" lon="18.674000"><time>2026-05-03T08:31:43.900Z</time></trkpt>
<trkpt lat="54.506579" lon="18.673974"><time>2026-05-03T08:31:45.900Z</time></trkpt>
<trkpt lat="54.506549" lon="18.673947"><time>2026-05-03T08:31:47.900Z</time></trkpt>
<trkpt lat="54.506528" lon="18.673927"><time>2026-05-03T08:31:49.900Z</time></trkpt>
<trkpt lat="54.506496" lon="18.673897"><time>2026-05-03T08:31:51.900Z</time></trkpt>
<trkpt lat="54.506466" lon="18.673885"><time>2026-05-03T08:31:53.900Z</time></trkpt>
<trkpt lat="54.506433" lon="18.673862"><time>2026-05-03T08:31:55.900Z</time></trkpt>
<trkpt lat="54.506403" lon="18.673839"><time>2026-05-03T08:31:57.900Z</time></trkpt>
<trkpt lat="54.506377" lon="18.673816"><time>2026-05-03T08:31:59.900Z</time></trkpt>
<trkpt lat="54.506341" lon="18.673788"><time>2026-05-03T08:32:01.900Z</time></trkpt>
<trkpt lat="54.506305" lon="18.673752"><time>2026-05-03T08:32:03.900Z</time></trkpt>
<trkpt lat="54.506271" lon="18.673721"><time>2026-05-03T08:32:05.900Z</time></trkpt>
<trkpt lat="54.506240" lon="18.673698"><time>2026-05-03T08:32:07.900Z</time></trkpt>
<trkpt lat="54.506207" lon="18.673670"><time>2026-05-03T08:32:09.900Z</time></trkpt>
<trkpt lat="54.506174" lon="18.673648"><time>2026-05-03T08:32:11.900Z</time></trkpt>
<trkpt lat="54.506146" lon="18.673633"><time>2026-05-03T08:32:13.900Z</time></trkpt>
<trkpt lat="54.506112" lon="18.673614"><time>2026-05-03T08:32:15.900Z</time></trkpt>
<trkpt lat="54.506078" lon="18.673598"><time>2026-05-03T08:32:17.900Z</time></trkpt>
<trkpt lat="54.506053" lon="18.673584"><time>2026-05-03T08:32:19.900Z</time></trkpt>
<trkpt lat="54.506025" lon="18.673567"><time>2026-05-03T08:32:21.900Z</time></trkpt>
<trkpt lat="54.506001" lon="18.673556"><time>2026-05-03T08:32:23.900Z</time></trkpt>
<trkpt lat="54.505967" lon="18.673536"><time>2026-05-03T08:32:25.900Z</time></trkpt>
<trkpt lat="54.505942" lon="18.673517"><time>2026-05-03T08:32:27.900Z</time></trkpt>
<trkpt lat="54.505911" lon="18.673497"><time>2026-05-03T08:32:29.900Z</time></trkpt>
<trkpt lat="54.505875" lon="18.673476"><time>2026-05-03T08:32:32.000Z</time></trkpt>
<trkpt lat="54.505837" lon="18.673457"><time>2026-05-03T08:32:34.000Z</time></trkpt>
<trkpt lat="54.505804" lon="18.673439"><time>2026-05-03T08:32:36.000Z</time></trkpt>
<trkpt lat="54.505771" lon="18.673424"><time>2026-05-03T08:32:38.000Z</time></trkpt>
<trkpt lat="54.505736" lon="18.673416"><time>2026-05-03T08:32:40.000Z</time></trkpt>
<trkpt lat="54.505705" lon="18.673409"><time>2026-05-03T08:32:42.000Z</time></trkpt>
<trkpt lat="54.505673" lon="18.673407"><time>2026-05-03T08:32:44.000Z</time></trkpt>
<trkpt lat="54.505640" lon="18.673398"><time>2026-05-03T08:32:46.000Z</time></trkpt>
<trkpt lat="54.505610" lon="18.673382"><time>2026-05-03T08:32:48.000Z</time></trkpt>
<trkpt lat="54.505584" lon="18.673364"><time>2026-05-03T08:32:50.000Z</time></trkpt>
<trkpt lat="54.505550" lon="18.673349"><time>2026-05-03T08:32:52.000Z</time></trkpt>
<trkpt lat="54.505521" lon="18.673339"><time>2026-05-03T08:32:54.000Z</time></trkpt>
<trkpt lat="54.505492" lon="18.673331"><time>2026-05-03T08:32:56.000Z</time></trkpt>
<trkpt lat="54.505463" lon="18.673315"><time>2026-05-03T08:32:58.000Z</time></trkpt>
<trkpt lat="54.505434" lon="18.673302"><time>2026-05-03T08:33:00.000Z</time></trkpt>
<trkpt lat="54.505410" lon="18.673287"><time>2026-05-03T08:33:02.000Z</time></trkpt>
<trkpt lat="54.505378" lon="18.673271"><time>2026-05-03T08:33:04.000Z</time></trkpt>
<trkpt lat="54.505344" lon="18.673256"><time>2026-05-03T08:33:06.000Z</time></trkpt>
<trkpt lat="54.505316" lon="18.673242"><time>2026-05-03T08:33:08.000Z</time></trkpt>
<trkpt lat="54.505287" lon="18.673229"><time>2026-05-03T08:33:10.000Z</time></trkpt>
<trkpt lat="54.505256" lon="18.673218"><time>2026-05-03T08:33:12.000Z</time></trkpt>
<trkpt lat="54.505223" lon="18.673205"><time>2026-05-03T08:33:13.900Z</time></trkpt>
<trkpt lat="54.505192" lon="18.673189"><time>2026-05-03T08:33:15.900Z</time></trkpt>
<trkpt lat="54.505164" lon="18.673175"><time>2026-05-03T08:33:17.900Z</time></trkpt>
<trkpt lat="54.505133" lon="18.673165"><time>2026-05-03T08:33:19.900Z</time></trkpt>
<trkpt lat="54.505102" lon="18.673153"><time>2026-05-03T08:33:21.900Z</time></trkpt>
<trkpt lat="54.505071" lon="18.673137"><time>2026-05-03T08:33:23.900Z</time></trkpt>
<trkpt lat="54.505040" lon="18.673124"><time>2026-05-03T08:33:25.900Z</time></trkpt>
<trkpt lat="54.505012" lon="18.673112"><time>2026-05-03T08:33:27.900Z</time></trkpt>
<trkpt lat="54.504983" lon="18.673097"><time>2026-05-03T08:33:29.900Z</time></trkpt>
<trkpt lat="54.504952" lon="18.673083"><time>2026-05-03T08:33:31.900Z</time></trkpt>
<trkpt lat="54.504923" lon="18.673068"><time>2026-05-03T08:33:33.900Z</time></trkpt>
<trkpt lat="54.504894" lon="18.673056"><time>2026-05-03T08:33:35.900Z</time></trkpt>
<trkpt lat="54.504868" lon="18.673043"><time>2026-05-03T08:33:37.900Z</time></trkpt>
<trkpt lat="54.504837" lon="18.673028"><time>2026-05-03T08:33:39.900Z</time></trkpt>
<trkpt lat="54.504808" lon="18.673012"><time>2026-05-03T08:33:41.900Z</time></trkpt>
<trkpt lat="54.504783" lon="18.672996"><time>2026-05-03T08:33:43.900Z</time></trkpt>
<trkpt lat="54.504757" lon="18.672981"><time>2026-05-03T08:33:45.900Z</time></trkpt>
<trkpt lat="54.504732" lon="18.672965"><time>2026-05-03T08:33:47.900Z</time></trkpt>
<trkpt lat="54.504703" lon="18.672953"><time>2026-05-03T08:33:49.900Z</time></trkpt>
<trkpt lat="54.504677" lon="18.672940"><time>2026-05-03T08:33:51.900Z</time></trkpt>
<trkpt lat="54.504652" lon="18.672923"><time>2026-05-03T08:33:53.900Z</time></trkpt>
<trkpt lat="54.504631" lon="18.672908"><time>2026-05-03T08:33:55.900Z</time></trkpt>
<trkpt lat="54.504609" lon="18.672888"><time>2026-05-03T08:33:57.900Z</time></trkpt>
<trkpt lat="54.504587" lon="18.672882"><time>2026-05-03T08:33:59.900Z</time></trkpt>
<trkpt lat="54.504562" lon="18.672871"><time>2026-05-03T08:34:01.900Z</time></trkpt>
<trkpt lat="54.504533" lon="18.672850"><time>2026-05-03T08:34:03.900Z</time></trkpt>
<trkpt lat="54.504510" lon="18.672833"><time>2026-05-03T08:34:05.900Z</time></trkpt>
<trkpt lat="54.504485" lon="18.672820"><time>2026-05-03T08:34:07.900Z</time></trkpt>
<trkpt lat="54.504455" lon="18.672807"><time>2026-05-03T08:34:09.900Z</time></trkpt>
<trkpt lat="54.504425" lon="18.672789"><time>2026-05-03T08:34:11.900Z</time></trkpt>
<trkpt lat="54.504401" lon="18.672776"><time>2026-05-03T08:34:13.900Z</time></trkpt>
<trkpt lat="54.504376" lon="18.672761"><time>2026-05-03T08:34:15.900Z</time></trkpt>
<trkpt lat="54.504356" lon="18.672745"><time>2026-05-03T08:34:17.900Z</time></trkpt>
<trkpt lat="54.504331" lon="18.672725"><time>2026-05-03T08:34:19.900Z</time></trkpt>
<trkpt lat="54.504300" lon="18.672702"><time>2026-05-03T08:34:21.900Z</time></trkpt>
<trkpt lat="54.504277" lon="18.672677"><time>2026-05-03T08:34:23.900Z</time></trkpt>
<trkpt lat="54.504251" lon="18.672645"><time>2026-05-03T08:34:25.900Z</time></trkpt>
<trkpt lat="54.504224" lon="18.672636"><time>2026-05-03T08:34:27.900Z</time></trkpt>
<trkpt lat="54.504198" lon="18.672632"><time>2026-05-03T08:34:29.900Z</time></trkpt>
<trkpt lat="54.504182" lon="18.672617"><time>2026-05-03T08:34:31.900Z</time></trkpt>
<trkpt lat="54.504167" lon="18.672604"><time>2026-05-03T08:34:33.900Z</time></trkpt>
<trkpt lat="54.504148" lon="18.672590"><time>2026-05-03T08:34:35.900Z</time></trkpt>
<trkpt lat="54.504132" lon="18.672566"><time>2026-05-03T08:34:38.000Z</time></trkpt>
<trkpt lat="54.504113" lon="18.672545"><time>2026-05-03T08:34:40.000Z</time></trkpt>
<trkpt lat="54.504092" lon="18.672524"><time>2026-05-03T08:34:42.000Z</time></trkpt>
<trkpt lat="54.504069" lon="18.672507"><time>2026-05-03T08:34:44.000Z</time></trkpt>
<trkpt lat="54.504045" lon="18.672489"><time>2026-05-03T08:34:46.000Z</time></trkpt>
<trkpt lat="54.504013" lon="18.672465"><time>2026-05-03T08:34:48.000Z</time></trkpt>
<trkpt lat="54.503985" lon="18.672448"><time>2026-05-03T08:34:50.000Z</time></trkpt>
<trkpt lat="54.503948" lon="18.672426"><time>2026-05-03T08:34:52.000Z</time></trkpt>
<trkpt lat="54.503937" lon="18.672408"><time>2026-05-03T08:34:54.000Z</time></trkpt>
<trkpt lat="54.503924" lon="18.672395"><time>2026-05-03T08:34:56.000Z</time></trkpt>
<trkpt lat="54.503904" lon="18.672391"><time>2026-05-03T08:34:58.000Z</time></trkpt>
<trkpt lat="54.503886" lon="18.672372"><time>2026-05-03T08:35:00.000Z</time></trkpt>
<trkpt lat="54.503864" lon="18.672347"><time>2026-05-03T08:35:02.000Z</time></trkpt>
<trkpt lat="54.503837" lon="18.672320"><time>2026-05-03T08:35:04.000Z</time></trkpt>
<trkpt lat="54.503815" lon="18.672284"><time>2026-05-03T08:35:06.000Z</time></trkpt>
<trkpt lat="54.503794" lon="18.672258"><time>2026-05-03T08:35:08.000Z</time></trkpt>
<trkpt lat="54.503773" lon="18.672237"><time>2026-05-03T08:35:10.000Z</time></trkpt>
<trkpt lat="54.503747" lon="18.672211"><time>2026-05-03T08:35:12.000Z</time></trkpt>
<trkpt lat="54.503715" lon="18.672179"><time>2026-05-03T08:35:14.000Z</time></trkpt>
<trkpt lat="54.503688" lon="18.672152"><time>2026-05-03T08:35:16.000Z</time></trkpt>
<trkpt lat="54.503660" lon="18.672129"><time>2026-05-03T08:35:18.000Z</time></trkpt>
<trkpt lat="54.503631" lon="18.672099"><time>2026-05-03T08:35:19.900Z</time></trkpt>
<trkpt lat="54.503603" lon="18.672065"><time>2026-05-03T08:35:21.900Z</time></trkpt>
<trkpt lat="54.503582" lon="18.672040"><time>2026-05-03T08:35:23.900Z</time></trkpt>
<trkpt lat="54.503557" lon="18.672014"><time>2026-05-03T08:35:25.900Z</time></trkpt>
<trkpt lat="54.503526" lon="18.671993"><time>2026-05-03T08:35:27.900Z</time></trkpt>
<trkpt lat="54.503494" lon="18.671971"><time>2026-05-03T08:35:29.900Z</time></trkpt>
<trkpt lat="54.503463" lon="18.671959"><time>2026-05-03T08:35:31.900Z</time></trkpt>
<trkpt lat="54.503432" lon="18.671947"><time>2026-05-03T08:35:33.900Z</time></trkpt>
<trkpt lat="54.503400" lon="18.671939"><time>2026-05-03T08:35:35.900Z</time></trkpt>
<trkpt lat="54.503372" lon="18.671929"><time>2026-05-03T08:35:37.900Z</time></trkpt>
<trkpt lat="54.503340" lon="18.671905"><time>2026-05-03T08:35:39.900Z</time></trkpt>
<trkpt lat="54.503310" lon="18.671884"><time>2026-05-03T08:35:41.900Z</time></trkpt>
<trkpt lat="54.503289" lon="18.671866"><time>2026-05-03T08:35:43.900Z</time></trkpt>
<trkpt lat="54.503272" lon="18.671851"><time>2026-05-03T08:35:45.900Z</time></trkpt>
<trkpt lat="54.503251" lon="18.671837"><time>2026-05-03T08:35:47.900Z</time></trkpt>
<trkpt lat="54.503223" lon="18.671829"><time>2026-05-03T08:35:49.900Z</time></trkpt>
<trkpt lat="54.503194" lon="18.671803"><time>2026-05-03T08:35:51.900Z</time></trkpt>
<trkpt lat="54.503168" lon="18.671785"><time>2026-05-03T08:35:53.900Z</time></trkpt>
<trkpt lat="54.503164" lon="18.671768"><time>2026-05-03T08:35:55.900Z</time></trkpt>
<trkpt lat="54.503141" lon="18.671761"><time>2026-05-03T08:35:57.900Z</time></trkpt>
<trkpt lat="54.503118" lon="18.671754"><time>2026-05-03T08:35:59.900Z</time></trkpt>
<trkpt lat="54.503105" lon="18.671738"><time>2026-05-03T08:36:01.900Z</time></trkpt>
<trkpt lat="54.503067" lon="18.671718"><time>2026-05-03T08:36:03.900Z</time></trkpt>
<trkpt lat="54.503046" lon="18.671705"><time>2026-05-03T08:36:05.900Z</time></trkpt>
<trkpt lat="54.503025" lon="18.671688"><time>2026-05-03T08:36:07.900Z</time></trkpt>
<trkpt lat="54.503002" lon="18.671665"><time>2026-05-03T08:36:09.900Z</time></trkpt>
<trkpt lat="54.502976" lon="18.671643"><time>2026-05-03T08:36:11.900Z</time></trkpt>
<trkpt lat="54.502948" lon="18.671620"><time>2026-05-03T08:36:13.900Z</time></trkpt>
<trkpt lat="54.502920" lon="18.671598"><time>2026-05-03T08:36:15.900Z</time></trkpt>
<trkpt lat="54.502895" lon="18.671591"><time>2026-05-03T08:36:17.900Z</time></trkpt>
<trkpt lat="54.502866" lon="18.671585"><time>2026-05-03T08:36:19.900Z</time></trkpt>
<trkpt lat="54.502838" lon="18.671564"><time>2026-05-03T08:36:21.900Z</time></trkpt>
<trkpt lat="54.502805" lon="18.671548"><time>2026-05-03T08:36:23.900Z</time></trkpt>
<trkpt lat="54.502773" lon="18.671529"><time>2026-05-03T08:36:25.900Z</time></trkpt>
<trkpt lat="54.502741" lon="18.671513"><time>2026-05-03T08:36:27.900Z</time></trkpt>
<trkpt lat="54.502714" lon="18.671486"><time>2026-05-03T08:36:29.900Z</time></trkpt>
<trkpt lat="54.502683" lon="18.671460"><time>2026-05-03T08:36:31.900Z</time></trkpt>
<trkpt lat="54.502653" lon="18.671435"><time>2026-05-03T08:36:33.900Z</time></trkpt>
<trkpt lat="54.502619" lon="18.671423"><time>2026-05-03T08:36:35.900Z</time></trkpt>
<trkpt lat="54.502583" lon="18.671411"><time>2026-05-03T08:36:37.900Z</time></trkpt>
<trkpt lat="54.502555" lon="18.671391"><time>2026-05-03T08:36:39.900Z</time></trkpt>
<trkpt lat="54.502526" lon="18.671368"><time>2026-05-03T08:36:41.900Z</time></trkpt>
<trkpt lat="54.502492" lon="18.671340"><time>2026-05-03T08:36:44.000Z</time></trkpt>
<trkpt lat="54.502456" lon="18.671328"><time>2026-05-03T08:36:46.000Z</time></trkpt>
<trkpt lat="54.502410" lon="18.671310"><time>2026-05-03T08:36:48.000Z</time></trkpt>
<trkpt lat="54.502352" lon="18.671306"><time>2026-05-03T08:36:50.000Z</time></trkpt>
<trkpt lat="54.502296" lon="18.671305"><time>2026-05-03T08:36:52.000Z</time></trkpt>
<trkpt lat="54.502244" lon="18.671277"><time>2026-05-03T08:36:54.000Z</time></trkpt>
<trkpt lat="54.502200" lon="18.671253"><time>2026-05-03T08:36:56.000Z</time></trkpt>
<trkpt lat="54.502155" lon="18.671232"><time>2026-05-03T08:36:58.000Z</time></trkpt>
<trkpt lat="54.502114" lon="18.671211"><time>2026-05-03T08:37:00.000Z</time></trkpt>
<trkpt lat="54.502076" lon="18.671188"><time>2026-05-03T08:37:02.000Z</time></trkpt>
<trkpt lat="54.502048" lon="18.671152"><time>2026-05-03T08:37:04.000Z</time></trkpt>
<trkpt lat="54.502019" lon="18.671122"><time>2026-05-03T08:37:06.000Z</time></trkpt>
<trkpt lat="54.501991" lon="18.671100"><time>2026-05-03T08:37:08.000Z</time></trkpt>
<trkpt lat="54.501966" lon="18.671072"><time>2026-05-03T08:37:10.000Z</time></trkpt>
<trkpt lat="54.501931" lon="18.671039"><time>2026-05-03T08:37:12.000Z</time></trkpt>
<trkpt lat="54.501890" lon="18.671008"><time>2026-05-03T08:37:14.000Z</time></trkpt>
<trkpt lat="54.501857" lon="18.670988"><time>2026-05-03T08:37:16.000Z</time></trkpt>
<trkpt lat="54.501826" lon="18.670971"><time>2026-05-03T08:37:18.000Z</time></trkpt>
<trkpt lat="54.501787" lon="18.670946"><time>2026-05-03T08:37:20.000Z</time></trkpt>
<trkpt lat="54.501747" lon="18.670917"><time>2026-05-03T08:37:22.000Z</time></trkpt>
<trkpt lat="54.501716" lon="18.670901"><time>2026-05-03T08:37:24.000Z</time></trkpt>
<trkpt lat="54.501684" lon="18.670876"><time>2026-05-03T08:37:25.900Z</time></trkpt>
<trkpt lat="54.501654" lon="18.670846"><time>2026-05-03T08:37:27.900Z</time></trkpt>
<trkpt lat="54.501631" lon="18.670808"><time>2026-05-03T08:37:29.900Z</time></trkpt>
<trkpt lat="54.501610" lon="18.670763"><time>2026-05-03T08:37:31.900Z</time></trkpt>
<trkpt lat="54.501583" lon="18.670732"><time>2026-05-03T08:37:33.900Z</time></trkpt>
<trkpt lat="54.501553" lon="18.670708"><time>2026-05-03T08:37:35.900Z</time></trkpt>
<trkpt lat="54.501523" lon="18.670693"><time>2026-05-03T08:37:37.900Z</time></trkpt>
<trkpt lat="54.501492" lon="18.670674"><time>2026-05-03T08:37:39.900Z</time></trkpt>
<trkpt lat="54.501466" lon="18.670653"><time>2026-05-03T08:37:41.900Z</time></trkpt>
<trkpt lat="54.501439" lon="18.670618"><time>2026-05-03T08:37:43.900Z</time></trkpt>
<trkpt lat="54.501412" lon="18.670584"><time>2026-05-03T08:37:45.900Z</time></trkpt>
<trkpt lat="54.501386" lon="18.670544"><time>2026-05-03T08:37:47.900Z</time></trkpt>
<trkpt lat="54.501360" lon="18.670502"><time>2026-05-03T08:37:49.900Z</time></trkpt>
<trkpt lat="54.501336" lon="18.670470"><time>2026-05-03T08:37:51.900Z</time></trkpt>
<trkpt lat="54.501310" lon="18.670441"><time>2026-05-03T08:37:53.900Z</time></trkpt>
<trkpt lat="54.501281" lon="18.670413"><time>2026-05-03T08:37:55.900Z</time></trkpt>
<trkpt lat="54.501257" lon="18.670389"><time>2026-05-03T08:37:57.900Z</time></trkpt>
<trkpt lat="54.501236" lon="18.670367"><time>2026-05-03T08:37:59.900Z</time></trkpt>
<trkpt lat="54.501225" lon="18.670329"><time>2026-05-03T08:38:01.900Z</time></trkpt>
<trkpt lat="54.501204" lon="18.670303"><time>2026-05-03T08:38:03.900Z</time></trkpt>
<trkpt lat="54.501174" lon="18.670285"><time>2026-05-03T08:38:05.900Z</time></trkpt>
<trkpt lat="54.501145" lon="18.670254"><time>2026-05-03T08:38:07.900Z</time></trkpt>
<trkpt lat="54.501117" lon="18.670223"><time>2026-05-03T08:38:09.900Z</time></trkpt>
<trkpt lat="54.501091" lon="18.670194"><time>2026-05-03T08:38:11.900Z</time></trkpt>
<trkpt lat="54.501057" lon="18.670171"><time>2026-05-03T08:38:13.900Z</time></trkpt>
<trkpt lat="54.501030" lon="18.670144"><time>2026-05-03T08:38:15.900Z</time></trkpt>
<trkpt lat="54.501001" lon="18.670120"><time>2026-05-03T08:38:17.900Z</time></trkpt>
<trkpt lat="54.500977" lon="18.670095"><time>2026-05-03T08:38:19.900Z</time></trkpt>
<trkpt lat="54.500959" lon="18.670067"><time>2026-05-03T08:38:21.900Z</time></trkpt>
<trkpt lat="54.500932" lon="18.670101"><time>2026-05-03T08:38:23.900Z</time></trkpt>
<trkpt lat="54.500904" lon="18.670127"><time>2026-05-03T08:38:25.900Z</time></trkpt>
<trkpt lat="54.500889" lon="18.670144"><time>2026-05-03T08:38:27.900Z</time></trkpt>
<trkpt lat="54.500870" lon="18.670174"><time>2026-05-03T08:38:29.900Z</time></trkpt>
<trkpt lat="54.500850" lon="18.670184"><time>2026-05-03T08:38:31.900Z</time></trkpt>
<trkpt lat="54.500826" lon="18.670184"><time>2026-05-03T08:38:33.900Z</time></trkpt>
<trkpt lat="54.500810" lon="18.670207"><time>2026-05-03T08:38:35.900Z</time></trkpt>
<trkpt lat="54.500792" lon="18.670235"><time>2026-05-03T08:38:37.900Z</time></trkpt>
<trkpt lat="54.500778" lon="18.670281"><time>2026-05-03T08:38:39.900Z</time></trkpt>
<trkpt lat="54.500770" lon="18.670314"><time>2026-05-03T08:38:41.900Z</time></trkpt>
<trkpt lat="54.500756" lon="18.670353"><time>2026-05-03T08:38:43.900Z</time></trkpt>
<trkpt lat="54.500749" lon="18.670389"><time>2026-05-03T08:38:45.900Z</time></trkpt>
<trkpt lat="54.500735" lon="18.670422"><time>2026-05-03T08:38:47.900Z</time></trkpt>
<trkpt lat="54.500719" lon="18.670482"><time>2026-05-03T08:38:50.000Z</time></trkpt>
<trkpt lat="54.500706" lon="18.670531"><time>2026-05-03T08:38:52.000Z</time></trkpt>
<trkpt lat="54.500692" lon="18.670576"><time>2026-05-03T08:38:54.000Z</time></trkpt>
<trkpt lat="54.500671" lon="18.670618"><time>2026-05-03T08:38:56.000Z</time></trkpt>
<trkpt lat="54.500652" lon="18.670664"><time>2026-05-03T08:38:58.000Z</time></trkpt>
<trkpt lat="54.500631" lon="18.670707"><time>2026-05-03T08:39:00.000Z</time></trkpt>
<trkpt lat="54.500608" lon="18.670762"><time>2026-05-03T08:39:02.000Z</time></trkpt>
<trkpt lat="54.500584" lon="18.670827"><time>2026-05-03T08:39:04.000Z</time></trkpt>
<trkpt lat="54.500560" lon="18.670900"><time>2026-05-03T08:39:06.000Z</time></trkpt>
<trkpt lat="54.500541" lon="18.670956"><time>2026-05-03T08:39:08.000Z</time></trkpt>
<trkpt lat="54.500519" lon="18.671021"><time>2026-05-03T08:39:10.000Z</time></trkpt>
<trkpt lat="54.500495" lon="18.671074"><time>2026-05-03T08:39:12.000Z</time></trkpt>
<trkpt lat="54.500474" lon="18.671129"><time>2026-05-03T08:39:14.000Z</time></trkpt>
<trkpt lat="54.500452" lon="18.671183"><time>2026-05-03T08:39:16.000Z</time></trkpt>
<trkpt lat="54.500430" lon="18.671232"><time>2026-05-03T08:39:18.000Z</time></trkpt>
<trkpt lat="54.500408" lon="18.671269"><time>2026-05-03T08:39:20.000Z</time></trkpt>
<trkpt lat="54.500378" lon="18.671330"><time>2026-05-03T08:39:22.000Z</time></trkpt>
<trkpt lat="54.500352" lon="18.671387"><time>2026-05-03T08:39:24.000Z</time></trkpt>
<trkpt lat="54.500330" lon="18.671432"><time>2026-05-03T08:39:26.000Z</time></trkpt>
<trkpt lat="54.500308" lon="18.671473"><time>2026-05-03T08:39:28.000Z</time></trkpt>
<trkpt lat="54.500283" lon="18.671518"><time>2026-05-03T08:39:30.000Z</time></trkpt>
<trkpt lat="54.500260" lon="18.671556"><time>2026-05-03T08:39:31.900Z</time></trkpt>
<trkpt lat="54.500243" lon="18.671578"><time>2026-05-03T08:39:33.900Z</time></trkpt>
<trkpt lat="54.500210" lon="18.671612"><time>2026-05-03T08:39:35.900Z</time></trkpt>
<trkpt lat="54.500178" lon="18.671656"><time>2026-05-03T08:39:37.900Z</time></trkpt>
<trkpt lat="54.500152" lon="18.671698"><time>2026-05-03T08:39:39.900Z</time></trkpt>
<trkpt lat="54.500120" lon="18.671745"><time>2026-05-03T08:39:41.900Z</time></trkpt>
<trkpt lat="54.500090" lon="18.671793"><time>2026-05-03T08:39:43.900Z</time></trkpt>
<trkpt lat="54.500065" lon="18.671841"><time>2026-05-03T08:39:45.900Z</time></trkpt>
<trkpt lat="54.500038" lon="18.671887"><time>2026-05-03T08:39:47.900Z</time></trkpt>
<trkpt lat="54.500011" lon="18.671930"><time>2026-05-03T08:39:49.900Z</time></trkpt>
<trkpt lat="54.499979" lon="18.671981"><time>2026-05-03T08:39:51.900Z</time></trkpt>
<trkpt lat="54.499951" lon="18.672038"><time>2026-05-03T08:39:53.900Z</time></trkpt>
<trkpt lat="54.499919" lon="18.672092"><time>2026-05-03T08:39:55.900Z</time></trkpt>
<trkpt lat="54.499888" lon="18.672140"><time>2026-05-03T08:39:57.900Z</time></trkpt>
<trkpt lat="54.499852" lon="18.672184"><time>2026-05-03T08:39:59.900Z</time></trkpt>
<trkpt lat="54.499811" lon="18.672221"><time>2026-05-03T08:40:01.900Z</time></trkpt>
<trkpt lat="54.499779" lon="18.672263"><time>2026-05-03T08:40:03.900Z</time></trkpt>
<trkpt lat="54.499750" lon="18.672306"><time>2026-05-03T08:40:05.900Z</time></trkpt>
<trkpt lat="54.499721" lon="18.672349"><time>2026-05-03T08:40:07.900Z</time></trkpt>
<trkpt lat="54.499697" lon="18.672391"><time>2026-05-03T08:40:09.900Z</time></trkpt>
<trkpt lat="54.499671" lon="18.672451"><time>2026-05-03T08:40:11.900Z</time></trkpt>
<trkpt lat="54.499643" lon="18.672499"><time>2026-05-03T08:40:13.900Z</time></trkpt>
<trkpt lat="54.499613" lon="18.672549"><time>2026-05-03T08:40:15.900Z</time></trkpt>
<trkpt lat="54.499582" lon="18.672594"><time>2026-05-03T08:40:17.900Z</time></trkpt>
<trkpt lat="54.499561" lon="18.672633"><time>2026-05-03T08:40:19.900Z</time></trkpt>
<trkpt lat="54.499539" lon="18.672674"><time>2026-05-03T08:40:21.900Z</time></trkpt>
<trkpt lat="54.499518" lon="18.672719"><time>2026-05-03T08:40:23.900Z</time></trkpt>
<trkpt lat="54.499498" lon="18.672762"><time>2026-05-03T08:40:25.900Z</time></trkpt>
<trkpt lat="54.499472" lon="18.672811"><time>2026-05-03T08:40:27.900Z</time></trkpt>
<trkpt lat="54.499448" lon="18.672863"><time>2026-05-03T08:40:29.900Z</time></trkpt>
<trkpt lat="54.499422" lon="18.672920"><time>2026-05-03T08:40:31.900Z</time></trkpt>
<trkpt lat="54.499401" lon="18.672973"><time>2026-05-03T08:40:33.900Z</time></trkpt>
<trkpt lat="54.499377" lon="18.673019"><time>2026-05-03T08:40:35.900Z</time></trkpt>
<trkpt lat="54.499354" lon="18.673062"><time>2026-05-03T08:40:37.900Z</time></trkpt>
<trkpt lat="54.499326" lon="18.673104"><time>2026-05-03T08:40:39.900Z</time></trkpt>
<trkpt lat="54.499299" lon="18.673142"><time>2026-05-03T08:40:41.900Z</time></trkpt>
<trkpt lat="54.499277" lon="18.673185"><time>2026-05-03T08:40:43.900Z</time></trkpt>
<trkpt lat="54.499252" lon="18.673231"><time>2026-05-03T08:40:45.900Z</time></trkpt>
<trkpt lat="54.499231" lon="18.673277"><time>2026-05-03T08:40:47.900Z</time></trkpt>
<trkpt lat="54.499211" lon="18.673320"><time>2026-05-03T08:40:49.900Z</time></trkpt>
<trkpt lat="54.499192" lon="18.673360"><time>2026-05-03T08:40:51.900Z</time></trkpt>
<trkpt lat="54.499170" lon="18.673399"><time>2026-05-03T08:40:53.900Z</time></trkpt>
<trkpt lat="54.499150" lon="18.673437"><time>2026-05-03T08:40:56.000Z</time></trkpt>
<trkpt lat="54.499129" lon="18.673477"><time>2026-05-03T08:40:58.000Z</time></trkpt>
<trkpt lat="54.499116" lon="18.673514"><time>2026-05-03T08:41:00.000Z</time></trkpt>
<trkpt lat="54.499105" lon="18.673543"><time>2026-05-03T08:41:02.000Z</time></trkpt>
<trkpt lat="54.499094" lon="18.673568"><time>2026-05-03T08:41:04.000Z</time></trkpt>
<trkpt lat="54.499081" lon="18.673597"><time>2026-05-03T08:41:06.000Z</time></trkpt>
<trkpt lat="54.499067" lon="18.673639"><time>2026-05-03T08:41:08.000Z</time></trkpt>
<trkpt lat="54.499058" lon="18.673680"><time>2026-05-03T08:41:10.000Z</time></trkpt>
<trkpt lat="54.499047" lon="18.673718"><time>2026-05-03T08:41:12.000Z</time></trkpt>
<trkpt lat="54.499036" lon="18.673747"><time>2026-05-03T08:41:14.000Z</time></trkpt>
<trkpt lat="54.499028" lon="18.673783"><time>2026-05-03T08:41:16.000Z</time></trkpt>
<trkpt lat="54.499017" lon="18.673827"><time>2026-05-03T08:41:18.000Z</time></trkpt>
<trkpt lat="54.498998" lon="18.673878"><time>2026-05-03T08:41:20.000Z</time></trkpt>
<trkpt lat="54.498981" lon="18.673924"><time>2026-05-03T08:41:22.000Z</time></trkpt>
<trkpt lat="54.498964" lon="18.673960"><time>2026-05-03T08:41:24.000Z</time></trkpt>
<trkpt lat="54.498951" lon="18.673993"><time>2026-05-03T08:41:26.000Z</time></trkpt>
<trkpt lat="54.498924" lon="18.674056"><time>2026-05-03T08:41:28.000Z</time></trkpt>
<trkpt lat="54.498886" lon="18.674128"><time>2026-05-03T08:41:30.000Z</time></trkpt>
<trkpt lat="54.498861" lon="18.674186"><time>2026-05-03T08:41:32.000Z</time></trkpt>
<trkpt lat="54.498828" lon="18.674234"><time>2026-05-03T08:41:34.000Z</time></trkpt>
<trkpt lat="54.498808" lon="18.674282"><time>2026-05-03T08:41:36.000Z</time></trkpt>
<trkpt lat="54.498784" lon="18.674324"><time>2026-05-03T08:41:37.900Z</time></trkpt>
<trkpt lat="54.498758" lon="18.674361"><time>2026-05-03T08:41:39.900Z</time></trkpt>
<trkpt lat="54.498728" lon="18.674412"><time>2026-05-03T08:41:41.900Z</time></trkpt>
<trkpt lat="54.498696" lon="18.674456"><time>2026-05-03T08:41:43.900Z</time></trkpt>
<trkpt lat="54.498663" lon="18.674497"><time>2026-05-03T08:41:45.900Z</time></trkpt>
<trkpt lat="54.498633" lon="18.674548"><time>2026-05-03T08:41:47.900Z</time></trkpt>
<trkpt lat="54.498606" lon="18.674601"><time>2026-05-03T08:41:49.900Z</time></trkpt>
<trkpt lat="54.498573" lon="18.674642"><time>2026-05-03T08:41:51.900Z</time></trkpt>
<trkpt lat="54.498546" lon="18.674684"><time>2026-05-03T08:41:53.900Z</time></trkpt>
<trkpt lat="54.498524" lon="18.674723"><time>2026-05-03T08:41:55.900Z</time></trkpt>
<trkpt lat="54.498496" lon="18.674769"><time>2026-05-03T08:41:57.900Z</time></trkpt>
<trkpt lat="54.498462" lon="18.674810"><time>2026-05-03T08:41:59.900Z</time></trkpt>
<trkpt lat="54.498449" lon="18.674847"><time>2026-05-03T08:42:01.900Z</time></trkpt>
<trkpt lat="54.498432" lon="18.674883"><time>2026-05-03T08:42:03.900Z</time></trkpt>
<trkpt lat="54.498420" lon="18.674908"><time>2026-05-03T08:42:05.900Z</time></trkpt>
<trkpt lat="54.498395" lon="18.674937"><time>2026-05-03T08:42:07.900Z</time></trkpt>
<trkpt lat="54.498367" lon="18.674972"><time>2026-05-03T08:42:09.900Z</time></trkpt>
<trkpt lat="54.498339" lon="18.675008"><time>2026-05-03T08:42:11.900Z</time></trkpt>
<trkpt lat="54.498305" lon="18.675066"><time>2026-05-03T08:42:13.900Z</time></trkpt>
<trkpt lat="54.498268" lon="18.675131"><time>2026-05-03T08:42:15.900Z</time></trkpt>
<trkpt lat="54.498233" lon="18.675183"><time>2026-05-03T08:42:17.900Z</time></trkpt>
<trkpt lat="54.498212" lon="18.675219"><time>2026-05-03T08:42:19.900Z</time></trkpt>
<trkpt lat="54.498180" lon="18.675262"><time>2026-05-03T08:42:21.900Z</time></trkpt>
<trkpt lat="54.498145" lon="18.675303"><time>2026-05-03T08:42:23.900Z</time></trkpt>
<trkpt lat="54.498132" lon="18.675332"><time>2026-05-03T08:42:25.900Z</time></trkpt>
<trkpt lat="54.498110" lon="18.675389"><time>2026-05-03T08:42:27.900Z</time></trkpt>
<trkpt lat="54.498105" lon="18.675433"><time>2026-05-03T08:42:29.900Z</time></trkpt>
<trkpt lat="54.498100" lon="18.675477"><time>2026-05-03T08:42:31.900Z</time></trkpt>
<trkpt lat="54.498098" lon="18.675492"><time>2026-05-03T08:42:33.900Z</time></trkpt>
<trkpt lat="54.498087" lon="18.675469"><time>2026-05-03T08:42:35.900Z</time></trkpt>
<trkpt lat="54.498071" lon="18.675503"><time>2026-05-03T08:42:37.900Z</time></trkpt>
<trkpt lat="54.498053" lon="18.675552"><time>2026-05-03T08:42:39.900Z</time></trkpt>
<trkpt lat="54.498059" lon="18.675592"><time>2026-05-03T08:42:41.900Z</time></trkpt>
<trkpt lat="54.498036" lon="18.675643"><time>2026-05-03T08:42:43.900Z</time></trkpt>
<trkpt lat="54.498021" lon="18.675683"><time>2026-05-03T08:42:45.900Z</time></trkpt>
<trkpt lat="54.498013" lon="18.675709"><time>2026-05-03T08:42:47.900Z</time></trkpt>
<trkpt lat="54.498001" lon="18.675726"><time>2026-05-03T08:42:49.900Z</time></trkpt>
<trkpt lat="54.497986" lon="18.675748"><time>2026-05-03T08:42:51.900Z</time></trkpt>
<trkpt lat="54.497970" lon="18.675772"><time>2026-05-03T08:42:53.900Z</time></trkpt>
<trkpt lat="54.497956" lon="18.675789"><time>2026-05-03T08:42:55.900Z</time></trkpt>
<trkpt lat="54.497944" lon="18.675818"><time>2026-05-03T08:42:57.900Z</time></trkpt>
<trkpt lat="54.497931" lon="18.675835"><time>2026-05-03T08:42:59.900Z</time></trkpt>
<trkpt lat="54.497922" lon="18.675860"><time>2026-05-03T08:43:02.000Z</time></trkpt>
<trkpt lat="54.497908" lon="18.675880"><time>2026-05-03T08:43:04.000Z</time></trkpt>
<trkpt lat="54.497897" lon="18.675905"><time>2026-05-03T08:43:06.000Z</time></trkpt>
<trkpt lat="54.497887" lon="18.675932"><time>2026-05-03T08:43:08.000Z</time></trkpt>
<trkpt lat="54.497873" lon="18.675965"><time>2026-05-03T08:43:10.000Z</time></trkpt>
<trkpt lat="54.497861" lon="18.675999"><time>2026-05-03T08:43:12.000Z</time></trkpt>
<trkpt lat="54.497847" lon="18.676026"><time>2026-05-03T08:43:14.000Z</time></trkpt>
<trkpt lat="54.497837" lon="18.676062"><time>2026-05-03T08:43:16.000Z</time></trkpt>
<trkpt lat="54.497827" lon="18.676095"><time>2026-05-03T08:43:18.000Z</time></trkpt>
<trkpt lat="54.497822" lon="18.676123"><time>2026-05-03T08:43:20.000Z</time></trkpt>
<trkpt lat="54.497812" lon="18.676152"><time>2026-05-03T08:43:22.000Z</time></trkpt>
<trkpt lat="54.497806" lon="18.676176"><time>2026-05-03T08:43:24.000Z</time></trkpt>
<trkpt lat="54.497799" lon="18.676192"><time>2026-05-03T08:43:26.000Z</time></trkpt>
<trkpt lat="54.497783" lon="18.676218"><time>2026-05-03T08:43:28.000Z</time></trkpt>
<trkpt lat="54.497774" lon="18.676245"><time>2026-05-03T08:43:30.000Z</time></trkpt>
<trkpt lat="54.497764" lon="18.676264"><time>2026-05-03T08:43:32.000Z</time></trkpt>
<trkpt lat="54.497755" lon="18.676289"><time>2026-05-03T08:43:34.000Z</time></trkpt>
<trkpt lat="54.497745" lon="18.676311"><time>2026-05-03T08:43:36.000Z</time></trkpt>
<trkpt lat="54.497733" lon="18.676338"><time>2026-05-03T08:43:38.000Z</time></trkpt>
<trkpt lat="54.497716" lon="18.676366"><time>2026-05-03T08:43:40.000Z</time></trkpt>
<trkpt lat="54.497700" lon="18.676381"><time>2026-05-03T08:43:42.000Z</time></trkpt>
<trkpt lat="54.497671" lon="18.676411"><time>2026-05-03T08:43:44.000Z</time></trkpt>
<trkpt lat="54.497648" lon="18.676434"><time>2026-05-03T08:43:45.900Z</time></trkpt>
<trkpt lat="54.497628" lon="18.676447"><time>2026-05-03T08:43:47.900Z</time></trkpt>
<trkpt lat="54.497607" lon="18.676472"><time>2026-05-03T08:43:49.900Z</time></trkpt>
<trkpt lat="54.497589" lon="18.676498"><time>2026-05-03T08:43:51.900Z</time></trkpt>
<trkpt lat="54.497581" lon="18.676523"><time>2026-05-03T08:43:53.900Z</time></trkpt>
<trkpt lat="54.497580" lon="18.676539"><time>2026-05-03T08:43:55.900Z</time></trkpt>
<trkpt lat="54.497574" lon="18.676559"><time>2026-05-03T08:43:57.900Z</time></trkpt>
<trkpt lat="54.497567" lon="18.676580"><time>2026-05-03T08:43:59.900Z</time></trkpt>
<trkpt lat="54.497563" lon="18.676602"><time>2026-05-03T08:44:01.900Z</time></trkpt>
<trkpt lat="54.497552" lon="18.676635"><time>2026-05-03T08:44:03.900Z</time></trkpt>
<trkpt lat="54.497543" lon="18.676663"><time>2026-05-03T08:44:05.900Z</time></trkpt>
<trkpt lat="54.497541" lon="18.676673"><time>2026-05-03T08:44:07.900Z</time></trkpt>
<trkpt lat="54.497540" lon="18.676678"><time>2026-05-03T08:44:09.900Z</time></trkpt>
<trkpt lat="54.497540" lon="18.676680"><time>2026-05-03T08:44:11.900Z</time></trkpt>
<trkpt lat="54.497540" lon="18.676683"><time>2026-05-03T08:44:13.900Z</time></trkpt>
<trkpt lat="54.497538" lon="18.676692"><time>2026-05-03T08:44:15.900Z</time></trkpt>
<trkpt lat="54.497533" lon="18.676724"><time>2026-05-03T08:44:17.900Z</time></trkpt>
<trkpt lat="54.497529" lon="18.676745"><time>2026-05-03T08:44:19.900Z</time></trkpt>
<trkpt lat="54.497522" lon="18.676772"><time>2026-05-03T08:44:21.900Z</time></trkpt>
<trkpt lat="54.497521" lon="18.676794"><time>2026-05-03T08:44:23.900Z</time></trkpt>
<trkpt lat="54.497519" lon="18.676805"><time>2026-05-03T08:44:25.900Z</time></trkpt>
<trkpt lat="54.497519" lon="18.676811"><time>2026-05-03T08:44:27.900Z</time></trkpt>
<trkpt lat="54.497503" lon="18.676826"><time>2026-05-03T08:44:29.900Z</time></trkpt>
<trkpt lat="54.497492" lon="18.676861"><time>2026-05-03T08:44:31.900Z</time></trkpt>
<trkpt lat="54.497482" lon="18.676895"><time>2026-05-03T08:44:33.900Z</time></trkpt>
<trkpt lat="54.497470" lon="18.676924"><time>2026-05-03T08:44:35.900Z</time></trkpt>
<trkpt lat="54.497460" lon="18.676942"><time>2026-05-03T08:44:37.900Z</time></trkpt>
<trkpt lat="54.497452" lon="18.676979"><time>2026-05-03T08:44:39.900Z</time></trkpt>
<trkpt lat="54.497449" lon="18.677013"><time>2026-05-03T08:44:41.900Z</time></trkpt>
<trkpt lat="54.497443" lon="18.677057"><time>2026-05-03T08:44:43.900Z</time></trkpt>
<trkpt lat="54.497435" lon="18.677087"><time>2026-05-03T08:44:45.900Z</time></trkpt>
<trkpt lat="54.497429" lon="18.677109"><time>2026-05-03T08:44:47.900Z</time></trkpt>
<trkpt lat="54.497421" lon="18.677119"><time>2026-05-03T08:44:49.900Z</time></trkpt>
<trkpt lat="54.497416" lon="18.677132"><time>2026-05-03T08:44:51.900Z</time></trkpt>
<trkpt lat="54.497413" lon="18.677158"><time>2026-05-03T08:44:53.900Z</time></trkpt>
<trkpt lat="54.497400" lon="18.677188"><time>2026-05-03T08:44:55.900Z</time></trkpt>
<trkpt lat="54.497383" lon="18.677212"><time>2026-05-03T08:44:57.900Z</time></trkpt>
<trkpt lat="54.497370" lon="18.677226"><time>2026-05-03T08:44:59.900Z</time></trkpt>
<trkpt lat="54.497350" lon="18.677243"><time>2026-05-03T08:45:01.900Z</time></trkpt>
<trkpt lat="54.497328" lon="18.677254"><time>2026-05-03T08:45:03.900Z</time></trkpt>
<trkpt lat="54.497312" lon="18.677267"><time>2026-05-03T08:45:05.900Z</time></trkpt>
<trkpt lat="54.497297" lon="18.677280"><time>2026-05-03T08:45:08.000Z</time></trkpt>
<trkpt lat="54.497281" lon="18.677300"><time>2026-05-03T08:45:10.000Z</time></trkpt>
<trkpt lat="54.497271" lon="18.677315"><time>2026-05-03T08:45:12.000Z</time></trkpt>
<trkpt lat="54.497258" lon="18.677334"><time>2026-05-03T08:45:14.000Z</time></trkpt>
<trkpt lat="54.497255" lon="18.677345"><time>2026-05-03T08:45:16.000Z</time></trkpt>
<trkpt lat="54.497253" lon="18.677355"><time>2026-05-03T08:45:18.000Z</time></trkpt>
<trkpt lat="54.497248" lon="18.677352"><time>2026-05-03T08:45:20.000Z</time></trkpt>
<trkpt lat="54.497249" lon="18.677354"><time>2026-05-03T08:45:22.000Z</time></trkpt>
<trkpt lat="54.497251" lon="18.677355"><time>2026-05-03T08:45:24.000Z</time></trkpt>
<trkpt lat="54.497250" lon="18.677343"><time>2026-05-03T08:45:26.000Z</time></trkpt>
<trkpt lat="54.497250" lon="18.677342"><time>2026-05-03T08:45:28.000Z</time></trkpt>
<trkpt lat="54.497245" lon="18.677332"><time>2026-05-03T08:45:30.000Z</time></trkpt>
<trkpt lat="54.497240" lon="18.677320"><time>2026-05-03T08:45:32.000Z</time></trkpt>
<trkpt lat="54.497237" lon="18.677312"><time>2026-05-03T08:45:34.000Z</time></trkpt>
<trkpt lat="54.497233" lon="18.677309"><time>2026-05-03T08:45:36.000Z</time></trkpt>
<trkpt lat="54.497232" lon="18.677304"><time>2026-05-03T08:45:38.000Z</time></trkpt>
<trkpt lat="54.497232" lon="18.677286"><time>2026-05-03T08:45:40.000Z</time></trkpt>
<trkpt lat="54.497228" lon="18.677276"><time>2026-05-03T08:45:42.000Z</time></trkpt>
<trkpt lat="54.497223" lon="18.677266"><time>2026-05-03T08:45:44.000Z</time></trkpt>
<trkpt lat="54.497221" lon="18.677264"><time>2026-05-03T08:45:46.000Z</time></trkpt>
<trkpt lat="54.497218" lon="18.677262"><time>2026-05-03T08:45:47.900Z</time></trkpt>
<trkpt lat="54.497216" lon="18.677260"><time>2026-05-03T08:45:49.900Z</time></trkpt>
<trkpt lat="54.497208" lon="18.677254"><time>2026-05-03T08:45:51.900Z</time></trkpt>
<trkpt lat="54.497206" lon="18.677253"><time>2026-05-03T08:45:53.900Z</time></trkpt>
<trkpt lat="54.497204" lon="18.677253"><time>2026-05-03T08:45:55.900Z</time></trkpt>
<trkpt lat="54.497203" lon="18.677251"><time>2026-05-03T08:45:57.900Z</time></trkpt>
<trkpt lat="54.497201" lon="18.677249"><time>2026-05-03T08:45:59.900Z</time></trkpt>
<trkpt lat="54.497184" lon="18.677232"><time>2026-05-03T08:46:01.900Z</time></trkpt>
<trkpt lat="54.497178" lon="18.677227"><time>2026-05-03T08:46:03.900Z</time></trkpt>
<trkpt lat="54.497167" lon="18.677213"><time>2026-05-03T08:46:05.900Z</time></trkpt>
<trkpt lat="54.497159" lon="18.677200"><time>2026-05-03T08:46:07.900Z</time></trkpt>
<trkpt lat="54.497149" lon="18.677191"><time>2026-05-03T08:46:09.900Z</time></trkpt>
<trkpt lat="54.497138" lon="18.677177"><time>2026-05-03T08:46:11.900Z</time></trkpt>
<trkpt lat="54.497127" lon="18.677173"><time>2026-05-03T08:46:13.900Z</time></trkpt>
<trkpt lat="54.497119" lon="18.677177"><time>2026-05-03T08:46:15.900Z</time></trkpt>
<trkpt lat="54.497114" lon="18.677179"><time>2026-05-03T08:46:17.900Z</time></trkpt>
<trkpt lat="54.497114" lon="18.677175"><time>2026-05-03T08:46:19.900Z</time></trkpt>
<trkpt lat="54.497105" lon="18.677169"><time>2026-05-03T08:46:21.900Z</time></trkpt>
<trkpt lat="54.497101" lon="18.677167"><time>2026-05-03T08:46:23.900Z</time></trkpt>
<trkpt lat="54.497095" lon="18.677159"><time>2026-05-03T08:46:25.900Z</time></trkpt>
<trkpt lat="54.497095" lon="18.677159"><time>2026-05-03T08:46:27.900Z</time></trkpt>
<trkpt lat="54.497087" lon="18.677153"><time>2026-05-03T08:46:29.900Z</time></trkpt>
<trkpt lat="54.497080" lon="18.677149"><time>2026-05-03T08:46:31.900Z</time></trkpt>
<trkpt lat="54.497078" lon="18.677143"><time>2026-05-03T08:46:33.900Z</time></trkpt>
<trkpt lat="54.497069" lon="18.677126"><time>2026-05-03T08:46:35.900Z</time></trkpt>
<trkpt lat="54.497065" lon="18.677120"><time>2026-05-03T08:46:37.900Z</time></trkpt>
<trkpt lat="54.497064" lon="18.677118"><time>2026-05-03T08:46:39.900Z</time></trkpt>
<trkpt lat="54.497064" lon="18.677116"><time>2026-05-03T08:46:41.900Z</time></trkpt>
<trkpt lat="54.497063" lon="18.677115"><time>2026-05-03T08:46:43.900Z</time></trkpt>
<trkpt lat="54.497059" lon="18.677109"><time>2026-05-03T08:46:45.900Z</time></trkpt>
<trkpt lat="54.497057" lon="18.677106"><time>2026-05-03T08:46:47.900Z</time></trkpt>
<trkpt lat="54.497055" lon="18.677104"><time>2026-05-03T08:46:49.900Z</time></trkpt>
<trkpt lat="54.497055" lon="18.677104"><time>2026-05-03T08:46:51.900Z</time></trkpt>
<trkpt lat="54.497056" lon="18.677103"><time>2026-05-03T08:46:53.900Z</time></trkpt>
<trkpt lat="54.497053" lon="18.677109"><time>2026-05-03T08:46:55.900Z</time></trkpt>
<trkpt lat="54.497055" lon="18.677107"><time>2026-05-03T08:46:57.900Z</time></trkpt>
<trkpt lat="54.497056" lon="18.677105"><time>2026-05-03T08:46:59.900Z</time></trkpt>
<trkpt lat="54.497056" lon="18.677104"><time>2026-05-03T08:47:01.900Z</time></trkpt>
<trkpt lat="54.497055" lon="18.677100"><time>2026-05-03T08:47:03.900Z</time></trkpt>
<trkpt lat="54.497054" lon="18.677098"><time>2026-05-03T08:47:05.900Z</time></trkpt>
<trkpt lat="54.497055" lon="18.677098"><time>2026-05-03T08:47:07.900Z</time></trkpt>
<trkpt lat="54.497056" lon="18.677099"><time>2026-05-03T08:47:09.900Z</time></trkpt>
<trkpt lat="54.497057" lon="18.677099"><time>2026-05-03T08:47:11.900Z</time></trkpt>
<trkpt lat="54.497057" lon="18.677100"><time>2026-05-03T08:47:14.000Z</time></trkpt>
<trkpt lat="54.497058" lon="18.677101"><time>2026-05-03T08:47:16.000Z</time></trkpt>
<trkpt lat="54.497060" lon="18.677102"><time>2026-05-03T08:47:18.000Z</time></trkpt>
<trkpt lat="54.497059" lon="18.677103"><time>2026-05-03T08:47:20.000Z</time></trkpt>
<trkpt lat="54.497060" lon="18.677103"><time>2026-05-03T08:47:22.000Z</time></trkpt>
<trkpt lat="54.497061" lon="18.677095"><time>2026-05-03T08:47:24.000Z</time></trkpt>
<trkpt lat="54.497067" lon="18.677075"><time>2026-05-03T08:47:26.000Z</time></trkpt>
<trkpt lat="54.497073" lon="18.677064"><time>2026-05-03T08:47:28.000Z</time></trkpt>
<trkpt lat="54.497075" lon="18.677058"><time>2026-05-03T08:47:30.000Z</time></trkpt>
<trkpt lat="54.497078" lon="18.677051"><time>2026-05-03T08:47:32.000Z</time></trkpt>
<trkpt lat="54.497076" lon="18.677051"><time>2026-05-03T08:47:34.000Z</time></trkpt>
<trkpt lat="54.497076" lon="18.677051"><time>2026-05-03T08:47:36.000Z</time></trkpt>
<trkpt lat="54.497074" lon="18.677049"><time>2026-05-03T08:47:38.000Z</time></trkpt>
<trkpt lat="54.497073" lon="18.677049"><time>2026-05-03T08:47:40.000Z</time></trkpt>
<trkpt lat="54.497072" lon="18.677048"><time>2026-05-03T08:47:42.000Z</time></trkpt>
<trkpt lat="54.497072" lon="18.677049"><time>2026-05-03T08:47:44.000Z</time></trkpt>
<trkpt lat="54.497071" lon="18.677048"><time>2026-05-03T08:47:46.000Z</time></trkpt>
<trkpt lat="54.497063" lon="18.677044"><time>2026-05-03T08:47:48.000Z</time></trkpt>
<trkpt lat="54.497061" lon="18.677042"><time>2026-05-03T08:47:50.000Z</time></trkpt>
<trkpt lat="54.497060" lon="18.677040"><time>2026-05-03T08:47:51.900Z</time></trkpt>
<trkpt lat="54.497060" lon="18.677039"><time>2026-05-03T08:47:53.900Z</time></trkpt>
<trkpt lat="54.497059" lon="18.677038"><time>2026-05-03T08:47:55.900Z</time></trkpt>
<trkpt lat="54.497058" lon="18.677037"><time>2026-05-03T08:47:57.900Z</time></trkpt>
<trkpt lat="54.497057" lon="18.677036"><time>2026-05-03T08:47:59.900Z</time></trkpt>
<trkpt lat="54.497055" lon="18.677033"><time>2026-05-03T08:48:01.900Z</time></trkpt>
<trkpt lat="54.497045" lon="18.677009"><time>2026-05-03T08:48:03.900Z</time></trkpt>
<trkpt lat="54.497044" lon="18.677005"><time>2026-05-03T08:48:05.900Z</time></trkpt>
<trkpt lat="54.497042" lon="18.677002"><time>2026-05-03T08:48:07.900Z</time></trkpt>
<trkpt lat="54.497034" lon="18.677006"><time>2026-05-03T08:48:09.900Z</time></trkpt>
<trkpt lat="54.497033" lon="18.676998"><time>2026-05-03T08:48:11.900Z</time></trkpt>
<trkpt lat="54.497035" lon="18.677005"><time>2026-05-03T08:48:13.900Z</time></trkpt>
<trkpt lat="54.497030" lon="18.677004"><time>2026-05-03T08:48:15.900Z</time></trkpt>
<trkpt lat="54.497023" lon="18.676989"><time>2026-05-03T08:48:17.900Z</time></trkpt>
<trkpt lat="54.497015" lon="18.676981"><time>2026-05-03T08:48:19.900Z</time></trkpt>
<trkpt lat="54.497014" lon="18.676981"><time>2026-05-03T08:48:21.900Z</time></trkpt>
<trkpt lat="54.497014" lon="18.676981"><time>2026-05-03T08:48:23.900Z</time></trkpt>
<trkpt lat="54.497011" lon="18.676982"><time>2026-05-03T08:48:25.900Z</time></trkpt>
<trkpt lat="54.497010" lon="18.676973"><time>2026-05-03T08:48:27.900Z</time></trkpt>
<trkpt lat="54.497013" lon="18.676969"><time>2026-05-03T08:48:29.900Z</time></trkpt>
<trkpt lat="54.497006" lon="18.676966"><time>2026-05-03T08:48:31.900Z</time></trkpt>
<trkpt lat="54.497004" lon="18.676962"><time>2026-05-03T08:48:33.900Z</time></trkpt>
<trkpt lat="54.497003" lon="18.676961"><time>2026-05-03T08:48:35.900Z</time></trkpt>
<trkpt lat="54.497003" lon="18.676966"><time>2026-05-03T08:48:37.900Z</time></trkpt>
<trkpt lat="54.497003" lon="18.676964"><time>2026-05-03T08:48:39.900Z</time></trkpt>
<trkpt lat="54.496999" lon="18.676966"><time>2026-05-03T08:48:41.900Z</time></trkpt>
<trkpt lat="54.496997" lon="18.676970"><time>2026-05-03T08:48:43.900Z</time></trkpt>
<trkpt lat="54.496990" lon="18.676971"><time>2026-05-03T08:48:45.900Z</time></trkpt>
<trkpt lat="54.496991" lon="18.676976"><time>2026-05-03T08:48:47.900Z</time></trkpt>
<trkpt lat="54.496990" lon="18.676981"><time>2026-05-03T08:48:49.900Z</time></trkpt>
<trkpt lat="54.496987" lon="18.677006"><time>2026-05-03T08:48:51.900Z</time></trkpt>
<trkpt lat="54.496985" lon="18.677025"><time>2026-05-03T08:48:53.900Z</time></trkpt>
<trkpt lat="54.496990" lon="18.677045"><time>2026-05-03T08:48:55.900Z</time></trkpt>
<trkpt lat="54.496991" lon="18.677059"><time>2026-05-03T08:48:57.900Z</time></trkpt>
<trkpt lat="54.496986" lon="18.677071"><time>2026-05-03T08:48:59.900Z</time></trkpt>
<trkpt lat="54.496982" lon="18.677098"><time>2026-05-03T08:49:01.900Z</time></trkpt>
<trkpt lat="54.496973" lon="18.677123"><time>2026-05-03T08:49:03.900Z</time></trkpt>
<trkpt lat="54.496966" lon="18.677154"><time>2026-05-03T08:49:05.900Z</time></trkpt>
<trkpt lat="54.496960" lon="18.677176"><time>2026-05-03T08:49:07.900Z</time></trkpt>
<trkpt lat="54.496959" lon="18.677177"><time>2026-05-03T08:49:09.900Z</time></trkpt>
<trkpt lat="54.496959" lon="18.677177"><time>2026-05-03T08:49:11.900Z</time></trkpt>
<trkpt lat="54.496958" lon="18.677177"><time>2026-05-03T08:49:13.900Z</time></trkpt>
<trkpt lat="54.496952" lon="18.677186"><time>2026-05-03T08:49:15.900Z</time></trkpt>
<trkpt lat="54.496944" lon="18.677195"><time>2026-05-03T08:49:17.900Z</time></trkpt>
<trkpt lat="54.496934" lon="18.677225"><time>2026-05-03T08:49:20.000Z</time></trkpt>
<trkpt lat="54.496925" lon="18.677247"><time>2026-05-03T08:49:22.000Z</time></trkpt>
<trkpt lat="54.496921" lon="18.677257"><time>2026-05-03T08:49:24.000Z</time></trkpt>
<trkpt lat="54.496920" lon="18.677258"><time>2026-05-03T08:49:26.000Z</time></trkpt>
<trkpt lat="54.496918" lon="18.677260"><time>2026-05-03T08:49:28.000Z</time></trkpt>
<trkpt lat="54.496907" lon="18.677272"><time>2026-05-03T08:49:30.000Z</time></trkpt>
<trkpt lat="54.496894" lon="18.677283"><time>2026-05-03T08:49:32.000Z</time></trkpt>
<trkpt lat="54.496873" lon="18.677306"><time>2026-05-03T08:49:34.000Z</time></trkpt>
<trkpt lat="54.496860" lon="18.677323"><time>2026-05-03T08:49:36.000Z</time></trkpt>
<trkpt lat="54.496848" lon="18.677339"><time>2026-05-03T08:49:38.000Z</time></trkpt>
<trkpt lat="54.496828" lon="18.677374"><time>2026-05-03T08:49:40.000Z</time></trkpt>
<trkpt lat="54.496813" lon="18.677396"><time>2026-05-03T08:49:42.000Z</time></trkpt>
<trkpt lat="54.496804" lon="18.677417"><time>2026-05-03T08:49:44.000Z</time></trkpt>
<trkpt lat="54.496793" lon="18.677429"><time>2026-05-03T08:49:46.000Z</time></trkpt>
<trkpt lat="54.496780" lon="18.677442"><time>2026-05-03T08:49:48.000Z</time></trkpt>
<trkpt lat="54.496766" lon="18.677455"><time>2026-05-03T08:49:50.000Z</time></trkpt>
<trkpt lat="54.496742" lon="18.677479"><time>2026-05-03T08:49:52.000Z</time></trkpt>
<trkpt lat="54.496717" lon="18.677508"><time>2026-05-03T08:49:54.000Z</time></trkpt>
<trkpt lat="54.496691" lon="18.677529"><time>2026-05-03T08:49:56.000Z</time></trkpt>
<trkpt lat="54.496669" lon="18.677541"><time>2026-05-03T08:49:57.900Z</time></trkpt>
<trkpt lat="54.496635" lon="18.677556"><time>2026-05-03T08:49:59.900Z</time></trkpt>
<trkpt lat="54.496613" lon="18.677576"><time>2026-05-03T08:50:01.900Z</time></trkpt>
<trkpt lat="54.496597" lon="18.677590"><time>2026-05-03T08:50:03.900Z</time></trkpt>
<trkpt lat="54.496576" lon="18.677607"><time>2026-05-03T08:50:05.900Z</time></trkpt>
<trkpt lat="54.496557" lon="18.677630"><time>2026-05-03T08:50:07.900Z</time></trkpt>
<trkpt lat="54.496537" lon="18.677648"><time>2026-05-03T08:50:09.900Z</time></trkpt>
<trkpt lat="54.496521" lon="18.677665"><time>2026-05-03T08:50:11.900Z</time></trkpt>
<trkpt lat="54.496495" lon="18.677683"><time>2026-05-03T08:50:13.900Z</time></trkpt>
<trkpt lat="54.496463" lon="18.677699"><time>2026-05-03T08:50:15.900Z</time></trkpt>
<trkpt lat="54.496441" lon="18.677729"><time>2026-05-03T08:50:17.900Z</time></trkpt>
<trkpt lat="54.496420" lon="18.677752"><time>2026-05-03T08:50:19.900Z</time></trkpt>
<trkpt lat="54.496396" lon="18.677774"><time>2026-05-03T08:50:21.900Z</time></trkpt>
<trkpt lat="54.496375" lon="18.677794"><time>2026-05-03T08:50:23.900Z</time></trkpt>
<trkpt lat="54.496356" lon="18.677816"><time>2026-05-03T08:50:25.900Z</time></trkpt>
<trkpt lat="54.496343" lon="18.677841"><time>2026-05-03T08:50:27.900Z</time></trkpt>
<trkpt lat="54.496322" lon="18.677867"><time>2026-05-03T08:50:29.900Z</time></trkpt>
<trkpt lat="54.496298" lon="18.677883"><time>2026-05-03T08:50:31.900Z</time></trkpt>
<trkpt lat="54.496271" lon="18.677895"><time>2026-05-03T08:50:33.900Z</time></trkpt>
<trkpt lat="54.496239" lon="18.677908"><time>2026-05-03T08:50:35.900Z</time></trkpt>
<trkpt lat="54.496200" lon="18.677921"><time>2026-05-03T08:50:37.900Z</time></trkpt>
<trkpt lat="54.496158" lon="18.677940"><time>2026-05-03T08:50:39.900Z</time></trkpt>
<trkpt lat="54.496127" lon="18.677955"><time>2026-05-03T08:50:41.900Z</time></trkpt>
<trkpt lat="54.496099" lon="18.677983"><time>2026-05-03T08:50:43.900Z</time></trkpt>
<trkpt lat="54.496068" lon="18.678006"><time>2026-05-03T08:50:45.900Z</time></trkpt>
<trkpt lat="54.496044" lon="18.678044"><time>2026-05-03T08:50:47.900Z</time></trkpt>
<trkpt lat="54.496024" lon="18.678078"><time>2026-05-03T08:50:49.900Z</time></trkpt>
<trkpt lat="54.495989" lon="18.678118"><time>2026-05-03T08:50:51.900Z</time></trkpt>
<trkpt lat="54.495945" lon="18.678161"><time>2026-05-03T08:50:53.900Z</time></trkpt>
<trkpt lat="54.495904" lon="18.678208"><time>2026-05-03T08:50:55.900Z</time></trkpt>
<trkpt lat="54.495856" lon="18.678257"><time>2026-05-03T08:50:57.900Z</time></trkpt>
<trkpt lat="54.495800" lon="18.678315"><time>2026-05-03T08:50:59.900Z</time></trkpt>
<trkpt lat="54.495755" lon="18.678362"><time>2026-05-03T08:51:01.900Z</time></trkpt>
<trkpt lat="54.495715" lon="18.678398"><time>2026-05-03T08:51:03.900Z</time></trkpt>
<trkpt lat="54.495675" lon="18.678430"><time>2026-05-03T08:51:05.900Z</time></trkpt>
<trkpt lat="54.495630" lon="18.678469"><time>2026-05-03T08:51:07.900Z</time></trkpt>
<trkpt lat="54.495584" lon="18.678500"><time>2026-05-03T08:51:09.900Z</time></trkpt>
<trkpt lat="54.495545" lon="18.678554"><time>2026-05-03T08:51:11.900Z</time></trkpt>
<trkpt lat="54.495503" lon="18.678613"><time>2026-05-03T08:51:13.900Z</time></trkpt>
<trkpt lat="54.495466" lon="18.678653"><time>2026-05-03T08:51:15.900Z</time></trkpt>
<trkpt lat="54.495423" lon="18.678700"><time>2026-05-03T08:51:17.900Z</time></trkpt>
<trkpt lat="54.495378" lon="18.678748"><time>2026-05-03T08:51:19.900Z</time></trkpt>
<trkpt lat="54.495342" lon="18.678802"><time>2026-05-03T08:51:21.900Z</time></trkpt>
<trkpt lat="54.495306" lon="18.678840"><time>2026-05-03T08:51:23.900Z</time></trkpt>
<trkpt lat="54.495273" lon="18.678901"><time>2026-05-03T08:51:26.000Z</time></trkpt>
<trkpt lat="54.495239" lon="18.678957"><time>2026-05-03T08:51:28.000Z</time></trkpt>
<trkpt lat="54.495196" lon="18.679001"><time>2026-05-03T08:51:30.000Z</time></trkpt>
<trkpt lat="54.495153" lon="18.679048"><time>2026-05-03T08:51:32.000Z</time></trkpt>
<trkpt lat="54.495111" lon="18.679086"><time>2026-05-03T08:51:34.000Z</time></trkpt>
<trkpt lat="54.495071" lon="18.679118"><time>2026-05-03T08:51:36.000Z</time></trkpt>
<trkpt lat="54.495032" lon="18.679135"><time>2026-05-03T08:51:38.000Z</time></trkpt>
<trkpt lat="54.494994" lon="18.679157"><time>2026-05-03T08:51:40.000Z</time></trkpt>
<trkpt lat="54.494956" lon="18.679188"><time>2026-05-03T08:51:42.000Z</time></trkpt>
<trkpt lat="54.494916" lon="18.679229"><time>2026-05-03T08:51:44.000Z</time></trkpt>
<trkpt lat="54.494877" lon="18.679256"><time>2026-05-03T08:51:46.000Z</time></trkpt>
<trkpt lat="54.494841" lon="18.679286"><time>2026-05-03T08:51:48.000Z</time></trkpt>
<trkpt lat="54.494791" lon="18.679326"><time>2026-05-03T08:51:50.000Z</time></trkpt>
<trkpt lat="54.494752" lon="18.679349"><time>2026-05-03T08:51:52.000Z</time></trkpt>
<trkpt lat="54.494718" lon="18.679369"><time>2026-05-03T08:51:54.000Z</time></trkpt>
<trkpt lat="54.494681" lon="18.679404"><time>2026-05-03T08:51:56.000Z</time></trkpt>
<trkpt lat="54.494648" lon="18.679437"><time>2026-05-03T08:51:58.000Z</time></trkpt>
<trkpt lat="54.494616" lon="18.679472"><time>2026-05-03T08:52:00.000Z</time></trkpt>
<trkpt lat="54.494579" lon="18.679500"><time>2026-05-03T08:52:02.000Z</time></trkpt>
<trkpt lat="54.494541" lon="18.679527"><time>2026-05-03T08:52:03.900Z</time></trkpt>
<trkpt lat="54.494504" lon="18.679552"><time>2026-05-03T08:52:05.900Z</time></trkpt>
<trkpt lat="54.494467" lon="18.679576"><time>2026-05-03T08:52:07.900Z</time></trkpt>
<trkpt lat="54.494431" lon="18.679599"><time>2026-05-03T08:52:09.900Z</time></trkpt>
<trkpt lat="54.494399" lon="18.679626"><time>2026-05-03T08:52:11.900Z</time></trkpt>
<trkpt lat="54.494368" lon="18.679653"><time>2026-05-03T08:52:13.900Z</time></trkpt>
<trkpt lat="54.494336" lon="18.679685"><time>2026-05-03T08:52:15.900Z</time></trkpt>
<trkpt lat="54.494300" lon="18.679722"><time>2026-05-03T08:52:17.900Z</time></trkpt>
<trkpt lat="54.494260" lon="18.679758"><time>2026-05-03T08:52:19.900Z</time></trkpt>
<trkpt lat="54.494218" lon="18.679782"><time>2026-05-03T08:52:21.900Z</time></trkpt>
<trkpt lat="54.494175" lon="18.679808"><time>2026-05-03T08:52:23.900Z</time></trkpt>
<trkpt lat="54.494134" lon="18.679839"><time>2026-05-03T08:52:25.900Z</time></trkpt>
<trkpt lat="54.494098" lon="18.679871"><time>2026-05-03T08:52:27.900Z</time></trkpt>
<trkpt lat="54.494059" lon="18.679904"><time>2026-05-03T08:52:29.900Z</time></trkpt>
<trkpt lat="54.494016" lon="18.679933"><time>2026-05-03T08:52:31.900Z</time></trkpt>
<trkpt lat="54.493970" lon="18.679971"><time>2026-05-03T08:52:33.900Z</time></trkpt>
<trkpt lat="54.493930" lon="18.679997"><time>2026-05-03T08:52:35.900Z</time></trkpt>
<trkpt lat="54.493888" lon="18.680033"><time>2026-05-03T08:52:37.900Z</time></trkpt>
<trkpt lat="54.493841" lon="18.680068"><time>2026-05-03T08:52:39.900Z</time></trkpt>
<trkpt lat="54.493792" lon="18.680106"><time>2026-05-03T08:52:41.900Z</time></trkpt>
<trkpt lat="54.493746" lon="18.680140"><time>2026-05-03T08:52:43.900Z</time></trkpt>
<trkpt lat="54.493701" lon="18.680157"><time>2026-05-03T08:52:45.900Z</time></trkpt>
<trkpt lat="54.493654" lon="18.680174"><time>2026-05-03T08:52:47.900Z</time></trkpt>
<trkpt lat="54.493608" lon="18.680213"><time>2026-05-03T08:52:49.900Z</time></trkpt>
<trkpt lat="54.493561" lon="18.680243"><time>2026-05-03T08:52:51.900Z</time></trkpt>
<trkpt lat="54.493517" lon="18.680273"><time>2026-05-03T08:52:53.900Z</time></trkpt>
<trkpt lat="54.493473" lon="18.680284"><time>2026-05-03T08:52:55.900Z</time></trkpt>
<trkpt lat="54.493421" lon="18.680275"><time>2026-05-03T08:52:57.900Z</time></trkpt>
<trkpt lat="54.493368" lon="18.680267"><time>2026-05-03T08:52:59.900Z</time></trkpt>
<trkpt lat="54.493327" lon="18.680274"><time>2026-05-03T08:53:01.900Z</time></trkpt>
<trkpt lat="54.493285" lon="18.680285"><time>2026-05-03T08:53:03.900Z</time></trkpt>
<trkpt lat="54.493248" lon="18.680307"><time>2026-05-03T08:53:05.900Z</time></trkpt>
<trkpt lat="54.493210" lon="18.680320"><time>2026-05-03T08:53:07.900Z</time></trkpt>
<trkpt lat="54.493172" lon="18.680355"><time>2026-05-03T08:53:09.900Z</time></trkpt>
<trkpt lat="54.493128" lon="18.680378"><time>2026-05-03T08:53:11.900Z</time></trkpt>
<trkpt lat="54.493083" lon="18.680394"><time>2026-05-03T08:53:13.900Z</time></trkpt>
<trkpt lat="54.493036" lon="18.680410"><time>2026-05-03T08:53:15.900Z</time></trkpt>
<trkpt lat="54.492991" lon="18.680430"><time>2026-05-03T08:53:17.900Z</time></trkpt>
<trkpt lat="54.492944" lon="18.680463"><time>2026-05-03T08:53:19.900Z</time></trkpt>
<trkpt lat="54.492901" lon="18.680505"><time>2026-05-03T08:53:21.900Z</time></trkpt>
<trkpt lat="54.492857" lon="18.680520"><time>2026-05-03T08:53:23.900Z</time></trkpt>
<trkpt lat="54.492814" lon="18.680551"><time>2026-05-03T08:53:25.900Z</time></trkpt>
<trkpt lat="54.492768" lon="18.680586"><time>2026-05-03T08:53:27.900Z</time></trkpt>
<trkpt lat="54.492720" lon="18.680617"><time>2026-05-03T08:53:29.900Z</time></trkpt>
<trkpt lat="54.492675" lon="18.680631"><time>2026-05-03T08:53:32.000Z</time></trkpt>
<trkpt lat="54.492625" lon="18.680654"><time>2026-05-03T08:53:34.000Z</time></trkpt>
<trkpt lat="54.492575" lon="18.680669"><time>2026-05-03T08:53:36.000Z</time></trkpt>
<trkpt lat="54.492525" lon="18.680682"><time>2026-05-03T08:53:38.000Z</time></trkpt>
<trkpt lat="54.492474" lon="18.680697"><time>2026-05-03T08:53:40.000Z</time></trkpt>
<trkpt lat="54.492426" lon="18.680713"><time>2026-05-03T08:53:42.000Z</time></trkpt>
<trkpt lat="54.492376" lon="18.680737"><time>2026-05-03T08:53:44.000Z</time></trkpt>
<trkpt lat="54.492329" lon="18.680765"><time>2026-05-03T08:53:46.000Z</time></trkpt>
<trkpt lat="54.492286" lon="18.680792"><time>2026-05-03T08:53:48.000Z</time></trkpt>
<trkpt lat="54.492244" lon="18.680819"><time>2026-05-03T08:53:50.000Z</time></trkpt>
<trkpt lat="54.492201" lon="18.680854"><time>2026-05-03T08:53:52.000Z</time></trkpt>
<trkpt lat="54.492155" lon="18.680904"><time>2026-05-03T08:53:54.000Z</time></trkpt>
<trkpt lat="54.492106" lon="18.680941"><time>2026-05-03T08:53:56.000Z</time></trkpt>
<trkpt lat="54.492069" lon="18.680977"><time>2026-05-03T08:53:58.000Z</time></trkpt>
<trkpt lat="54.492031" lon="18.681016"><time>2026-05-03T08:54:00.000Z</time></trkpt>
<trkpt lat="54.491984" lon="18.681048"><time>2026-05-03T08:54:02.000Z</time></trkpt>
<trkpt lat="54.491931" lon="18.681060"><time>2026-05-03T08:54:04.000Z</time></trkpt>
<trkpt lat="54.491883" lon="18.681084"><time>2026-05-03T08:54:06.000Z</time></trkpt>
<trkpt lat="54.491834" lon="18.681100"><time>2026-05-03T08:54:08.000Z</time></trkpt>
<trkpt lat="54.491785" lon="18.681105"><time>2026-05-03T08:54:09.900Z</time></trkpt>
<trkpt lat="54.491728" lon="18.681127"><time>2026-05-03T08:54:11.900Z</time></trkpt>
<trkpt lat="54.491676" lon="18.681148"><time>2026-05-03T08:54:13.900Z</time></trkpt>
<trkpt lat="54.491627" lon="18.681172"><time>2026-05-03T08:54:15.900Z</time></trkpt>
<trkpt lat="54.491582" lon="18.681204"><time>2026-05-03T08:54:17.900Z</time></trkpt>
<trkpt lat="54.491532" lon="18.681241"><time>2026-05-03T08:54:19.900Z</time></trkpt>
<trkpt lat="54.491482" lon="18.681273"><time>2026-05-03T08:54:21.900Z</time></trkpt>
<trkpt lat="54.491433" lon="18.681308"><time>2026-05-03T08:54:23.900Z</time></trkpt>
<trkpt lat="54.491387" lon="18.681343"><time>2026-05-03T08:54:25.900Z</time></trkpt>
<trkpt lat="54.491341" lon="18.681377"><time>2026-05-03T08:54:27.900Z</time></trkpt>
<trkpt lat="54.491296" lon="18.681404"><time>2026-05-03T08:54:29.900Z</time></trkpt>
<trkpt lat="54.491250" lon="18.681447"><time>2026-05-03T08:54:31.900Z</time></trkpt>
<trkpt lat="54.491207" lon="18.681483"><time>2026-05-03T08:54:33.900Z</time></trkpt>
<trkpt lat="54.491162" lon="18.681519"><time>2026-05-03T08:54:35.900Z</time></trkpt>
<trkpt lat="54.491108" lon="18.681545"><time>2026-05-03T08:54:37.900Z</time></trkpt>
<trkpt lat="54.491062" lon="18.681572"><time>2026-05-03T08:54:39.900Z</time></trkpt>
<trkpt lat="54.491009" lon="18.681601"><time>2026-05-03T08:54:41.900Z</time></trkpt>
<trkpt lat="54.490964" lon="18.681634"><time>2026-05-03T08:54:43.900Z</time></trkpt>
<trkpt lat="54.490924" lon="18.681666"><time>2026-05-03T08:54:45.900Z</time></trkpt>
<trkpt lat="54.490886" lon="18.681692"><time>2026-05-03T08:54:47.900Z</time></trkpt>
<trkpt lat="54.490842" lon="18.681715"><time>2026-05-03T08:54:49.900Z</time></trkpt>
<trkpt lat="54.490795" lon="18.681739"><time>2026-05-03T08:54:51.900Z</time></trkpt>
<trkpt lat="54.490749" lon="18.681775"><time>2026-05-03T08:54:53.900Z</time></trkpt>
<trkpt lat="54.490710" lon="18.681819"><time>2026-05-03T08:54:55.900Z</time></trkpt>
<trkpt lat="54.490659" lon="18.681853"><time>2026-05-03T08:54:57.900Z</time></trkpt>
<trkpt lat="54.490605" lon="18.681883"><time>2026-05-03T08:54:59.900Z</time></trkpt>
<trkpt lat="54.490552" lon="18.681910"><time>2026-05-03T08:55:01.900Z</time></trkpt>
<trkpt lat="54.490508" lon="18.681931"><time>2026-05-03T08:55:03.900Z</time></trkpt>
<trkpt lat="54.490456" lon="18.681941"><time>2026-05-03T08:55:05.900Z</time></trkpt>
<trkpt lat="54.490409" lon="18.681942"><time>2026-05-03T08:55:07.900Z</time></trkpt>
<trkpt lat="54.490354" lon="18.681962"><time>2026-05-03T08:55:09.900Z</time></trkpt>
<trkpt lat="54.490298" lon="18.681974"><time>2026-05-03T08:55:11.900Z</time></trkpt>
<trkpt lat="54.490247" lon="18.681986"><time>2026-05-03T08:55:13.900Z</time></trkpt>
<trkpt lat="54.490203" lon="18.682002"><time>2026-05-03T08:55:15.900Z</time></trkpt>
<trkpt lat="54.490158" lon="18.682020"><time>2026-05-03T08:55:17.900Z</time></trkpt>
<trkpt lat="54.490116" lon="18.682032"><time>2026-05-03T08:55:19.900Z</time></trkpt>
<trkpt lat="54.490065" lon="18.682037"><time>2026-05-03T08:55:21.900Z</time></trkpt>
<trkpt lat="54.490014" lon="18.682047"><time>2026-05-03T08:55:23.900Z</time></trkpt>
<trkpt lat="54.489974" lon="18.682064"><time>2026-05-03T08:55:25.900Z</time></trkpt>
<trkpt lat="54.489937" lon="18.682080"><time>2026-05-03T08:55:27.900Z</time></trkpt>
<trkpt lat="54.489892" lon="18.682105"><time>2026-05-03T08:55:29.900Z</time></trkpt>
<trkpt lat="54.489845" lon="18.682127"><time>2026-05-03T08:55:31.900Z</time></trkpt>
<trkpt lat="54.489795" lon="18.682134"><time>2026-05-03T08:55:33.900Z</time></trkpt>
<trkpt lat="54.489744" lon="18.682144"><time>2026-05-03T08:55:36.000Z</time></trkpt>
<trkpt lat="54.489691" lon="18.682164"><time>2026-05-03T08:55:38.000Z</time></trkpt>
<trkpt lat="54.489642" lon="18.682185"><time>2026-05-03T08:55:40.000Z</time></trkpt>
<trkpt lat="54.489593" lon="18.682204"><time>2026-05-03T08:55:42.000Z</time></trkpt>
<trkpt lat="54.489545" lon="18.682218"><time>2026-05-03T08:55:44.000Z</time></trkpt>
<trkpt lat="54.489500" lon="18.682231"><time>2026-05-03T08:55:46.000Z</time></trkpt>
<trkpt lat="54.489453" lon="18.682248"><time>2026-05-03T08:55:48.000Z</time></trkpt>
<trkpt lat="54.489406" lon="18.682270"><time>2026-05-03T08:55:50.000Z</time></trkpt>
<trkpt lat="54.489362" lon="18.682292"><time>2026-05-03T08:55:52.000Z</time></trkpt>
<trkpt lat="54.489317" lon="18.682311"><time>2026-05-03T08:55:54.000Z</time></trkpt>
<trkpt lat="54.489269" lon="18.682337"><time>2026-05-03T08:55:56.000Z</time></trkpt>
<trkpt lat="54.489218" lon="18.682365"><time>2026-05-03T08:55:58.000Z</time></trkpt>
<trkpt lat="54.489168" lon="18.682382"><time>2026-05-03T08:56:00.000Z</time></trkpt>
<trkpt lat="54.489121" lon="18.682390"><time>2026-05-03T08:56:02.000Z</time></trkpt>
<trkpt lat="54.489067" lon="18.682401"><time>2026-05-03T08:56:04.000Z</time></trkpt>
<trkpt lat="54.489020" lon="18.682424"><time>2026-05-03T08:56:06.000Z</time></trkpt>
<trkpt lat="54.488969" lon="18.682437"><time>2026-05-03T08:56:08.000Z</time></trkpt>
<trkpt lat="54.488918" lon="18.682456"><time>2026-05-03T08:56:10.000Z</time></trkpt>
<trkpt lat="54.488870" lon="18.682467"><time>2026-05-03T08:56:12.000Z</time></trkpt>
<trkpt lat="54.488821" lon="18.682479"><time>2026-05-03T08:56:13.900Z</time></trkpt>
<trkpt lat="54.488766" lon="18.682485"><time>2026-05-03T08:56:15.900Z</time></trkpt>
<trkpt lat="54.488711" lon="18.682493"><time>2026-05-03T08:56:17.900Z</time></trkpt>
<trkpt lat="54.488668" lon="18.682501"><time>2026-05-03T08:56:19.900Z</time></trkpt>
<trkpt lat="54.488624" lon="18.682508"><time>2026-05-03T08:56:21.900Z</time></trkpt>
<trkpt lat="54.488582" lon="18.682505"><time>2026-05-03T08:56:23.900Z</time></trkpt>
<trkpt lat="54.488538" lon="18.682503"><time>2026-05-03T08:56:25.900Z</time></trkpt>
<trkpt lat="54.488490" lon="18.682504"><time>2026-05-03T08:56:27.900Z</time></trkpt>
<trkpt lat="54.488444" lon="18.682505"><time>2026-05-03T08:56:29.900Z</time></trkpt>
<trkpt lat="54.488400" lon="18.682498"><time>2026-05-03T08:56:31.900Z</time></trkpt>
<trkpt lat="54.488360" lon="18.682506"><time>2026-05-03T08:56:33.900Z</time></trkpt>
<trkpt lat="54.488311" lon="18.682510"><time>2026-05-03T08:56:35.900Z</time></trkpt>
<trkpt lat="54.488267" lon="18.682520"><time>2026-05-03T08:56:37.900Z</time></trkpt>
<trkpt lat="54.488222" lon="18.682529"><time>2026-05-03T08:56:39.900Z</time></trkpt>
<trkpt lat="54.488175" lon="18.682541"><time>2026-05-03T08:56:41.900Z</time></trkpt>
<trkpt lat="54.488126" lon="18.682541"><time>2026-05-03T08:56:43.900Z</time></trkpt>
<trkpt lat="54.488075" lon="18.682531"><time>2026-05-03T08:56:45.900Z</time></trkpt>
<trkpt lat="54.488021" lon="18.682532"><time>2026-05-03T08:56:47.900Z</time></trkpt>
<trkpt lat="54.487971" lon="18.682534"><time>2026-05-03T08:56:49.900Z</time></trkpt>
<trkpt lat="54.487919" lon="18.682536"><time>2026-05-03T08:56:51.900Z</time></trkpt>
<trkpt lat="54.487872" lon="18.682556"><time>2026-05-03T08:56:53.900Z</time></trkpt>
<trkpt lat="54.487829" lon="18.682578"><time>2026-05-03T08:56:55.900Z</time></trkpt>
<trkpt lat="54.487786" lon="18.682589"><time>2026-05-03T08:56:57.900Z</time></trkpt>
<trkpt lat="54.487739" lon="18.682601"><time>2026-05-03T08:56:59.900Z</time></trkpt>
<trkpt lat="54.487690" lon="18.682612"><time>2026-05-03T08:57:01.900Z</time></trkpt>
<trkpt lat="54.487642" lon="18.682624"><time>2026-05-03T08:57:03.900Z</time></trkpt>
<trkpt lat="54.487594" lon="18.682634"><time>2026-05-03T08:57:05.900Z</time></trkpt>
<trkpt lat="54.487546" lon="18.682627"><time>2026-05-03T08:57:07.900Z</time></trkpt>
<trkpt lat="54.487500" lon="18.682628"><time>2026-05-03T08:57:09.900Z</time></trkpt>
<trkpt lat="54.487456" lon="18.682637"><time>2026-05-03T08:57:11.900Z</time></trkpt>
<trkpt lat="54.487409" lon="18.682645"><time>2026-05-03T08:57:13.900Z</time></trkpt>
<trkpt lat="54.487361" lon="18.682652"><time>2026-05-03T08:57:15.900Z</time></trkpt>
<trkpt lat="54.487321" lon="18.682656"><time>2026-05-03T08:57:17.900Z</time></trkpt>
<trkpt lat="54.487281" lon="18.682667"><time>2026-05-03T08:57:19.900Z</time></trkpt>
<trkpt lat="54.487233" lon="18.682668"><time>2026-05-03T08:57:21.900Z</time></trkpt>
<trkpt lat="54.487181" lon="18.682657"><time>2026-05-03T08:57:23.900Z</time></trkpt>
<trkpt lat="54.487128" lon="18.682646"><time>2026-05-03T08:57:25.900Z</time></trkpt>
<trkpt lat="54.487083" lon="18.682645"><time>2026-05-03T08:57:27.900Z</time></trkpt>
<trkpt lat="54.487042" lon="18.682648"><time>2026-05-03T08:57:29.900Z</time></trkpt>
<trkpt lat="54.486999" lon="18.682638"><time>2026-05-03T08:57:31.900Z</time></trkpt>
<trkpt lat="54.486952" lon="18.682634"><time>2026-05-03T08:57:33.900Z</time></trkpt>
<trkpt lat="54.486904" lon="18.682647"><time>2026-05-03T08:57:35.900Z</time></trkpt>
<trkpt lat="54.486859" lon="18.682657"><time>2026-05-03T08:57:37.900Z</time></trkpt>
<trkpt lat="54.486818" lon="18.682668"><time>2026-05-03T08:57:39.900Z</time></trkpt>
<trkpt lat="54.486771" lon="18.682683"><time>2026-05-03T08:57:42.000Z</time></trkpt>
<trkpt lat="54.486724" lon="18.682699"><time>2026-05-03T08:57:44.000Z</time></trkpt>
<trkpt lat="54.486673" lon="18.682711"><time>2026-05-03T08:57:46.000Z</time></trkpt>
<trkpt lat="54.486624" lon="18.682721"><time>2026-05-03T08:57:48.000Z</time></trkpt>
<trkpt lat="54.486580" lon="18.682718"><time>2026-05-03T08:57:50.000Z</time></trkpt>
<trkpt lat="54.486539" lon="18.682716"><time>2026-05-03T08:57:52.000Z</time></trkpt>
<trkpt lat="54.486523" lon="18.682737"><time>2026-05-03T08:57:54.000Z</time></trkpt>
<trkpt lat="54.486482" lon="18.682761"><time>2026-05-03T08:57:56.000Z</time></trkpt>
<trkpt lat="54.486438" lon="18.682774"><time>2026-05-03T08:57:58.000Z</time></trkpt>
<trkpt lat="54.486382" lon="18.682786"><time>2026-05-03T08:58:00.000Z</time></trkpt>
<trkpt lat="54.486329" lon="18.682789"><time>2026-05-03T08:58:02.000Z</time></trkpt>
<trkpt lat="54.486281" lon="18.682787"><time>2026-05-03T08:58:04.000Z</time></trkpt>
<trkpt lat="54.486242" lon="18.682775"><time>2026-05-03T08:58:06.000Z</time></trkpt>
<trkpt lat="54.486198" lon="18.682786"><time>2026-05-03T08:58:08.000Z</time></trkpt>
<trkpt lat="54.486139" lon="18.682792"><time>2026-05-03T08:58:10.000Z</time></trkpt>
<trkpt lat="54.486097" lon="18.682793"><time>2026-05-03T08:58:12.000Z</time></trkpt>
<trkpt lat="54.486056" lon="18.682760"><time>2026-05-03T08:58:14.000Z</time></trkpt>
<trkpt lat="54.486023" lon="18.682715"><time>2026-05-03T08:58:16.000Z</time></trkpt>
<trkpt lat="54.486005" lon="18.682678"><time>2026-05-03T08:58:18.000Z</time></trkpt>
<trkpt lat="54.485988" lon="18.682637"><time>2026-05-03T08:58:19.900Z</time></trkpt>
<trkpt lat="54.485978" lon="18.682590"><time>2026-05-03T08:58:21.900Z</time></trkpt>
<trkpt lat="54.485969" lon="18.682552"><time>2026-05-03T08:58:23.900Z</time></trkpt>
<trkpt lat="54.485958" lon="18.682518"><time>2026-05-03T08:58:25.900Z</time></trkpt>
<trkpt lat="54.485948" lon="18.682475"><time>2026-05-03T08:58:27.900Z</time></trkpt>
<trkpt lat="54.485941" lon="18.682428"><time>2026-05-03T08:58:29.900Z</time></trkpt>
<trkpt lat="54.485930" lon="18.682372"><time>2026-05-03T08:58:31.900Z</time></trkpt>
<trkpt lat="54.485913" lon="18.682324"><time>2026-05-03T08:58:33.900Z</time></trkpt>
<trkpt lat="54.485893" lon="18.682270"><time>2026-05-03T08:58:35.900Z</time></trkpt>
<trkpt lat="54.485870" lon="18.682207"><time>2026-05-03T08:58:37.900Z</time></trkpt>
<trkpt lat="54.485843" lon="18.682124"><time>2026-05-03T08:58:39.900Z</time></trkpt>
<trkpt lat="54.485819" lon="18.682058"><time>2026-05-03T08:58:41.900Z</time></trkpt>
<trkpt lat="54.485801" lon="18.681986"><time>2026-05-03T08:58:43.900Z</time></trkpt>
<trkpt lat="54.485789" lon="18.681918"><time>2026-05-03T08:58:45.900Z</time></trkpt>
<trkpt lat="54.485790" lon="18.681855"><time>2026-05-03T08:58:47.900Z</time></trkpt>
<trkpt lat="54.485778" lon="18.681794"><time>2026-05-03T08:58:49.900Z</time></trkpt>
<trkpt lat="54.485771" lon="18.681730"><time>2026-05-03T08:58:51.900Z</time></trkpt>
<trkpt lat="54.485759" lon="18.681666"><time>2026-05-03T08:58:53.900Z</time></trkpt>
<trkpt lat="54.485756" lon="18.681608"><time>2026-05-03T08:58:55.900Z</time></trkpt>
<trkpt lat="54.485751" lon="18.681539"><time>2026-05-03T08:58:57.900Z</time></trkpt>
<trkpt lat="54.485736" lon="18.681465"><time>2026-05-03T08:58:59.900Z</time></trkpt>
<trkpt lat="54.485722" lon="18.681385"><time>2026-05-03T08:59:01.900Z</time></trkpt>
<trkpt lat="54.485710" lon="18.681328"><time>2026-05-03T08:59:03.900Z</time></trkpt>
<trkpt lat="54.485690" lon="18.681262"><time>2026-05-03T08:59:05.900Z</time></trkpt>
<trkpt lat="54.485683" lon="18.681198"><time>2026-05-03T08:59:07.900Z</time></trkpt>
<trkpt lat="54.485675" lon="18.681134"><time>2026-05-03T08:59:09.900Z</time></trkpt>
<trkpt lat="54.485670" lon="18.681067"><time>2026-05-03T08:59:11.900Z</time></trkpt>
<trkpt lat="54.485661" lon="18.680992"><time>2026-05-03T08:59:13.900Z</time></trkpt>
<trkpt lat="54.485656" lon="18.680924"><time>2026-05-03T08:59:15.900Z</time></trkpt>
<trkpt lat="54.485649" lon="18.680845"><time>2026-05-03T08:59:17.900Z</time></trkpt>
<trkpt lat="54.485642" lon="18.680751"><time>2026-05-03T08:59:19.900Z</time></trkpt>
<trkpt lat="54.485632" lon="18.680678"><time>2026-05-03T08:59:21.900Z</time></trkpt>
<trkpt lat="54.485618" lon="18.680599"><time>2026-05-03T08:59:23.900Z</time></trkpt>
<trkpt lat="54.485602" lon="18.680534"><time>2026-05-03T08:59:25.900Z</time></trkpt>
<trkpt lat="54.485585" lon="18.680468"><time>2026-05-03T08:59:27.900Z</time></trkpt>
<trkpt lat="54.485567" lon="18.680412"><time>2026-05-03T08:59:29.900Z</time></trkpt>
<trkpt lat="54.485552" lon="18.680352"><time>2026-05-03T08:59:31.900Z</time></trkpt>
<trkpt lat="54.485535" lon="18.680301"><time>2026-05-03T08:59:33.900Z</time></trkpt>
<trkpt lat="54.485515" lon="18.680247"><time>2026-05-03T08:59:35.900Z</time></trkpt>
<trkpt lat="54.485497" lon="18.680180"><time>2026-05-03T08:59:37.900Z</time></trkpt>
<trkpt lat="54.485479" lon="18.680125"><time>2026-05-03T08:59:39.900Z</time></trkpt>
<trkpt lat="54.485463" lon="18.680066"><time>2026-05-03T08:59:41.900Z</time></trkpt>
<trkpt lat="54.485444" lon="18.680020"><time>2026-05-03T08:59:43.900Z</time></trkpt>
<trkpt lat="54.485427" lon="18.679958"><time>2026-05-03T08:59:45.900Z</time></trkpt>
<trkpt lat="54.485413" lon="18.679895"><time>2026-05-03T08:59:48.000Z</time></trkpt>
<trkpt lat="54.485402" lon="18.679834"><time>2026-05-03T08:59:50.000Z</time></trkpt>
<trkpt lat="54.485392" lon="18.679776"><time>2026-05-03T08:59:52.000Z</time></trkpt>
<trkpt lat="54.485382" lon="18.679712"><time>2026-05-03T08:59:54.000Z</time></trkpt>
<trkpt lat="54.485369" lon="18.679646"><time>2026-05-03T08:59:56.000Z</time></trkpt>
<trkpt lat="54.485357" lon="18.679587"><time>2026-05-03T08:59:58.000Z</time></trkpt>
<trkpt lat="54.485346" lon="18.679529"><time>2026-05-03T09:00:00.000Z</time></trkpt>
<trkpt lat="54.485333" lon="18.679463"><time>2026-05-03T09:00:02.000Z</time></trkpt>
<trkpt lat="54.485333" lon="18.679399"><time>2026-05-03T09:00:04.000Z</time></trkpt>
<trkpt lat="54.485340" lon="18.679338"><time>2026-05-03T09:00:06.000Z</time></trkpt>
<trkpt lat="54.485334" lon="18.679272"><time>2026-05-03T09:00:08.000Z</time></trkpt>
<trkpt lat="54.485326" lon="18.679213"><time>2026-05-03T09:00:10.000Z</time></trkpt>
<trkpt lat="54.485322" lon="18.679156"><time>2026-05-03T09:00:12.000Z</time></trkpt>
<trkpt lat="54.485323" lon="18.679095"><time>2026-05-03T09:00:14.000Z</time></trkpt>
<trkpt lat="54.485322" lon="18.679024"><time>2026-05-03T09:00:16.000Z</time></trkpt>
<trkpt lat="54.485309" lon="18.678944"><time>2026-05-03T09:00:18.000Z</time></trkpt>
<trkpt lat="54.485288" lon="18.678875"><time>2026-05-03T09:00:20.000Z</time></trkpt>
<trkpt lat="54.485264" lon="18.678800"><time>2026-05-03T09:00:22.000Z</time></trkpt>
<trkpt lat="54.485243" lon="18.678737"><time>2026-05-03T09:00:24.000Z</time></trkpt>
<trkpt lat="54.485224" lon="18.678663"><time>2026-05-03T09:00:25.900Z</time></trkpt>
<trkpt lat="54.485214" lon="18.678590"><time>2026-05-03T09:00:27.900Z</time></trkpt>
<trkpt lat="54.485203" lon="18.678525"><time>2026-05-03T09:00:29.900Z</time></trkpt>
<trkpt lat="54.485188" lon="18.678442"><time>2026-05-03T09:00:31.900Z</time></trkpt>
<trkpt lat="54.485174" lon="18.678362"><time>2026-05-03T09:00:33.900Z</time></trkpt>
<trkpt lat="54.485149" lon="18.678279"><time>2026-05-03T09:00:35.900Z</time></trkpt>
<trkpt lat="54.485130" lon="18.678208"><time>2026-05-03T09:00:37.900Z</time></trkpt>
<trkpt lat="54.485117" lon="18.678133"><time>2026-05-03T09:00:39.900Z</time></trkpt>
<trkpt lat="54.485111" lon="18.678060"><time>2026-05-03T09:00:41.900Z</time></trkpt>
<trkpt lat="54.485091" lon="18.677997"><time>2026-05-03T09:00:43.900Z</time></trkpt>
<trkpt lat="54.485077" lon="18.677935"><time>2026-05-03T09:00:45.900Z</time></trkpt>
<trkpt lat="54.485073" lon="18.677868"><time>2026-05-03T09:00:47.900Z</time></trkpt>
<trkpt lat="54.485054" lon="18.677834"><time>2026-05-03T09:00:49.900Z</time></trkpt>
<trkpt lat="54.485023" lon="18.677784"><time>2026-05-03T09:00:51.900Z</time></trkpt>
<trkpt lat="54.484993" lon="18.677726"><time>2026-05-03T09:00:53.900Z</time></trkpt>
<trkpt lat="54.484964" lon="18.677659"><time>2026-05-03T09:00:55.900Z</time></trkpt>
<trkpt lat="54.484917" lon="18.677598"><time>2026-05-03T09:00:57.900Z</time></trkpt>
<trkpt lat="54.484891" lon="18.677526"><time>2026-05-03T09:00:59.900Z</time></trkpt>
<trkpt lat="54.484911" lon="18.677479"><time>2026-05-03T09:01:01.900Z</time></trkpt>
<trkpt lat="54.484921" lon="18.677440"><time>2026-05-03T09:01:03.900Z</time></trkpt>
<trkpt lat="54.484925" lon="18.677370"><time>2026-05-03T09:01:05.900Z</time></trkpt>
<trkpt lat="54.484938" lon="18.677258"><time>2026-05-03T09:01:07.900Z</time></trkpt>
<trkpt lat="54.484962" lon="18.677167"><time>2026-05-03T09:01:09.900Z</time></trkpt>
<trkpt lat="54.484972" lon="18.677080"><time>2026-05-03T09:01:11.900Z</time></trkpt>
<trkpt lat="54.484979" lon="18.676995"><time>2026-05-03T09:01:13.900Z</time></trkpt>
<trkpt lat="54.484966" lon="18.676940"><time>2026-05-03T09:01:15.900Z</time></trkpt>
<trkpt lat="54.484946" lon="18.676879"><time>2026-05-03T09:01:17.900Z</time></trkpt>
<trkpt lat="54.484940" lon="18.676817"><time>2026-05-03T09:01:19.900Z</time></trkpt>
<trkpt lat="54.484916" lon="18.676767"><time>2026-05-03T09:01:21.900Z</time></trkpt>
<trkpt lat="54.484868" lon="18.676716"><time>2026-05-03T09:01:23.900Z</time></trkpt>
<trkpt lat="54.484820" lon="18.676657"><time>2026-05-03T09:01:25.900Z</time></trkpt>
<trkpt lat="54.484802" lon="18.676608"><time>2026-05-03T09:01:27.900Z</time></trkpt>
<trkpt lat="54.484784" lon="18.676544"><time>2026-05-03T09:01:29.900Z</time></trkpt>
<trkpt lat="54.484762" lon="18.676495"><time>2026-05-03T09:01:31.900Z</time></trkpt>
<trkpt lat="54.484731" lon="18.676445"><time>2026-05-03T09:01:33.900Z</time></trkpt>
<trkpt lat="54.484718" lon="18.676383"><time>2026-05-03T09:01:35.900Z</time></trkpt>
<trkpt lat="54.484706" lon="18.676321"><time>2026-05-03T09:01:37.900Z</time></trkpt>
<trkpt lat="54.484699" lon="18.676231"><time>2026-05-03T09:01:39.900Z</time></trkpt>
<trkpt lat="54.484684" lon="18.676176"><time>2026-05-03T09:01:41.900Z</time></trkpt>
<trkpt lat="54.484667" lon="18.676108"><time>2026-05-03T09:01:43.900Z</time></trkpt>
<trkpt lat="54.484643" lon="18.676035"><time>2026-05-03T09:01:45.900Z</time></trkpt>
<trkpt lat="54.484621" lon="18.675971"><time>2026-05-03T09:01:47.900Z</time></trkpt>
<trkpt lat="54.484604" lon="18.675902"><time>2026-05-03T09:01:49.900Z</time></trkpt>
<trkpt lat="54.484589" lon="18.675836"><time>2026-05-03T09:01:52.000Z</time></trkpt>
<trkpt lat="54.484572" lon="18.675754"><time>2026-05-03T09:01:54.000Z</time></trkpt>
<trkpt lat="54.484550" lon="18.675686"><time>2026-05-03T09:01:56.000Z</time></trkpt>
<trkpt lat="54.484523" lon="18.675611"><time>2026-05-03T09:01:58.000Z</time></trkpt>
<trkpt lat="54.484503" lon="18.675545"><time>2026-05-03T09:02:00.000Z</time></trkpt>
<trkpt lat="54.484485" lon="18.675475"><time>2026-05-03T09:02:02.000Z</time></trkpt>
<trkpt lat="54.484460" lon="18.675417"><time>2026-05-03T09:02:04.000Z</time></trkpt>
<trkpt lat="54.484445" lon="18.675346"><time>2026-05-03T09:02:06.000Z</time></trkpt>
<trkpt lat="54.484428" lon="18.675276"><time>2026-05-03T09:02:08.000Z</time></trkpt>
<trkpt lat="54.484415" lon="18.675201"><time>2026-05-03T09:02:10.000Z</time></trkpt>
<trkpt lat="54.484399" lon="18.675126"><time>2026-05-03T09:02:12.000Z</time></trkpt>
<trkpt lat="54.484379" lon="18.675054"><time>2026-05-03T09:02:14.000Z</time></trkpt>
<trkpt lat="54.484358" lon="18.674981"><time>2026-05-03T09:02:16.000Z</time></trkpt>
<trkpt lat="54.484339" lon="18.674908"><time>2026-05-03T09:02:18.000Z</time></trkpt>
<trkpt lat="54.484323" lon="18.674840"><time>2026-05-03T09:02:20.000Z</time></trkpt>
<trkpt lat="54.484311" lon="18.674774"><time>2026-05-03T09:02:22.000Z</time></trkpt>
<trkpt lat="54.484293" lon="18.674701"><time>2026-05-03T09:02:24.000Z</time></trkpt>
<trkpt lat="54.484275" lon="18.674631"><time>2026-05-03T09:02:26.000Z</time></trkpt>
<trkpt lat="54.484255" lon="18.674563"><time>2026-05-03T09:02:27.900Z</time></trkpt>
<trkpt lat="54.484241" lon="18.674494"><time>2026-05-03T09:02:29.900Z</time></trkpt>
<trkpt lat="54.484227" lon="18.674422"><time>2026-05-03T09:02:31.900Z</time></trkpt>
<trkpt lat="54.484211" lon="18.674350"><time>2026-05-03T09:02:33.900Z</time></trkpt>
<trkpt lat="54.484195" lon="18.674278"><time>2026-05-03T09:02:35.900Z</time></trkpt>
<trkpt lat="54.484177" lon="18.674206"><time>2026-05-03T09:02:37.900Z</time></trkpt>
<trkpt lat="54.484158" lon="18.674132"><time>2026-05-03T09:02:39.900Z</time></trkpt>
<trkpt lat="54.484136" lon="18.674054"><time>2026-05-03T09:02:41.900Z</time></trkpt>
<trkpt lat="54.484121" lon="18.673979"><time>2026-05-03T09:02:43.900Z</time></trkpt>
<trkpt lat="54.484102" lon="18.673903"><time>2026-05-03T09:02:45.900Z</time></trkpt>
<trkpt lat="54.484084" lon="18.673823"><time>2026-05-03T09:02:47.900Z</time></trkpt>
<trkpt lat="54.484065" lon="18.673749"><time>2026-05-03T09:02:49.900Z</time></trkpt>
<trkpt lat="54.484047" lon="18.673673"><time>2026-05-03T09:02:51.900Z</time></trkpt>
<trkpt lat="54.484031" lon="18.673598"><time>2026-05-03T09:02:53.900Z</time></trkpt>
<trkpt lat="54.484011" lon="18.673524"><time>2026-05-03T09:02:55.900Z</time></trkpt>
<trkpt lat="54.483996" lon="18.673449"><time>2026-05-03T09:02:57.900Z</time></trkpt>
<trkpt lat="54.483978" lon="18.673374"><time>2026-05-03T09:02:59.900Z</time></trkpt>
<trkpt lat="54.483956" lon="18.673302"><time>2026-05-03T09:03:01.900Z</time></trkpt>
<trkpt lat="54.483938" lon="18.673224"><time>2026-05-03T09:03:03.900Z</time></trkpt>
<trkpt lat="54.483916" lon="18.673152"><time>2026-05-03T09:03:05.900Z</time></trkpt>
<trkpt lat="54.483898" lon="18.673071"><time>2026-05-03T09:03:07.900Z</time></trkpt>
<trkpt lat="54.483885" lon="18.672998"><time>2026-05-03T09:03:09.900Z</time></trkpt>
<trkpt lat="54.483868" lon="18.672927"><time>2026-05-03T09:03:11.900Z</time></trkpt>
<trkpt lat="54.483850" lon="18.672850"><time>2026-05-03T09:03:13.900Z</time></trkpt>
<trkpt lat="54.483830" lon="18.672774"><time>2026-05-03T09:03:15.900Z</time></trkpt>
<trkpt lat="54.483811" lon="18.672702"><time>2026-05-03T09:03:17.900Z</time></trkpt>
<trkpt lat="54.483792" lon="18.672631"><time>2026-05-03T09:03:19.900Z</time></trkpt>
<trkpt lat="54.483773" lon="18.672567"><time>2026-05-03T09:03:21.900Z</time></trkpt>
<trkpt lat="54.483759" lon="18.672495"><time>2026-05-03T09:03:23.900Z</time></trkpt>
<trkpt lat="54.483744" lon="18.672431"><time>2026-05-03T09:03:25.900Z</time></trkpt>
<trkpt lat="54.483726" lon="18.672365"><time>2026-05-03T09:03:27.900Z</time></trkpt>
<trkpt lat="54.483707" lon="18.672296"><time>2026-05-03T09:03:29.900Z</time></trkpt>
<trkpt lat="54.483687" lon="18.672223"><time>2026-05-03T09:03:31.900Z</time></trkpt>
<trkpt lat="54.483671" lon="18.672150"><time>2026-05-03T09:03:33.900Z</time></trkpt>
<trkpt lat="54.483656" lon="18.672081"><time>2026-05-03T09:03:35.900Z</time></trkpt>
<trkpt lat="54.483645" lon="18.672020"><time>2026-05-03T09:03:37.900Z</time></trkpt>
<trkpt lat="54.483635" lon="18.671961"><time>2026-05-03T09:03:39.900Z</time></trkpt>
<trkpt lat="54.483620" lon="18.671891"><time>2026-05-03T09:03:41.900Z</time></trkpt>
<trkpt lat="54.483604" lon="18.671822"><time>2026-05-03T09:03:43.900Z</time></trkpt>
<trkpt lat="54.483586" lon="18.671749"><time>2026-05-03T09:03:45.900Z</time></trkpt>
<trkpt lat="54.483575" lon="18.671680"><time>2026-05-03T09:03:47.900Z</time></trkpt>
<trkpt lat="54.483566" lon="18.671622"><time>2026-05-03T09:03:49.900Z</time></trkpt>
<trkpt lat="54.483554" lon="18.671546"><time>2026-05-03T09:03:51.900Z</time></trkpt>
<trkpt lat="54.483542" lon="18.671470"><time>2026-05-03T09:03:53.900Z</time></trkpt>
<trkpt lat="54.483527" lon="18.671393"><time>2026-05-03T09:03:55.900Z</time></trkpt>
<trkpt lat="54.483508" lon="18.671315"><time>2026-05-03T09:03:58.000Z</time></trkpt>
<trkpt lat="54.483491" lon="18.671242"><time>2026-05-03T09:04:00.000Z</time></trkpt>
<trkpt lat="54.483475" lon="18.671163"><time>2026-05-03T09:04:02.000Z</time></trkpt>
<trkpt lat="54.483460" lon="18.671088"><time>2026-05-03T09:04:04.000Z</time></trkpt>
<trkpt lat="54.483442" lon="18.671011"><time>2026-05-03T09:04:06.000Z</time></trkpt>
<trkpt lat="54.483424" lon="18.670934"><time>2026-05-03T09:04:08.000Z</time></trkpt>
<trkpt lat="54.483407" lon="18.670854"><time>2026-05-03T09:04:10.000Z</time></trkpt>
<trkpt lat="54.483391" lon="18.670779"><time>2026-05-03T09:04:12.000Z</time></trkpt>
<trkpt lat="54.483374" lon="18.670704"><time>2026-05-03T09:04:14.000Z</time></trkpt>
<trkpt lat="54.483358" lon="18.670627"><time>2026-05-03T09:04:16.000Z</time></trkpt>
<trkpt lat="54.483346" lon="18.670543"><time>2026-05-03T09:04:18.000Z</time></trkpt>
<trkpt lat="54.483335" lon="18.670456"><time>2026-05-03T09:04:20.000Z</time></trkpt>
<trkpt lat="54.483320" lon="18.670370"><time>2026-05-03T09:04:22.000Z</time></trkpt>
<trkpt lat="54.483304" lon="18.670283"><time>2026-05-03T09:04:24.000Z</time></trkpt>
<trkpt lat="54.483282" lon="18.670196"><time>2026-05-03T09:04:26.000Z</time></trkpt>
<trkpt lat="54.483264" lon="18.670113"><time>2026-05-03T09:04:28.000Z</time></trkpt>
<trkpt lat="54.483251" lon="18.670027"><time>2026-05-03T09:04:30.000Z</time></trkpt>
<trkpt lat="54.483233" lon="18.669953"><time>2026-05-03T09:04:31.900Z</time></trkpt>
<trkpt lat="54.483220" lon="18.669863"><time>2026-05-03T09:04:33.900Z</time></trkpt>
<trkpt lat="54.483205" lon="18.669781"><time>2026-05-03T09:04:35.900Z</time></trkpt>
<trkpt lat="54.483191" lon="18.669699"><time>2026-05-03T09:04:37.900Z</time></trkpt>
<trkpt lat="54.483171" lon="18.669622"><time>2026-05-03T09:04:39.900Z</time></trkpt>
<trkpt lat="54.483152" lon="18.669544"><time>2026-05-03T09:04:41.900Z</time></trkpt>
<trkpt lat="54.483149" lon="18.669449"><time>2026-05-03T09:04:43.900Z</time></trkpt>
<trkpt lat="54.483133" lon="18.669373"><time>2026-05-03T09:04:45.900Z</time></trkpt>
<trkpt lat="54.483119" lon="18.669296"><time>2026-05-03T09:04:47.900Z</time></trkpt>
<trkpt lat="54.483107" lon="18.669221"><time>2026-05-03T09:04:49.900Z</time></trkpt>
<trkpt lat="54.483102" lon="18.669158"><time>2026-05-03T09:04:51.900Z</time></trkpt>
<trkpt lat="54.483094" lon="18.669110"><time>2026-05-03T09:04:53.900Z</time></trkpt>
<trkpt lat="54.483070" lon="18.669046"><time>2026-05-03T09:04:55.900Z</time></trkpt>
<trkpt lat="54.483053" lon="18.668923"><time>2026-05-03T09:04:57.900Z</time></trkpt>
<trkpt lat="54.483029" lon="18.668828"><time>2026-05-03T09:04:59.900Z</time></trkpt>
<trkpt lat="54.483008" lon="18.668723"><time>2026-05-03T09:05:01.900Z</time></trkpt>
<trkpt lat="54.483008" lon="18.668622"><time>2026-05-03T09:05:03.900Z</time></trkpt>
<trkpt lat="54.483016" lon="18.668521"><time>2026-05-03T09:05:05.900Z</time></trkpt>
<trkpt lat="54.483000" lon="18.668432"><time>2026-05-03T09:05:07.900Z</time></trkpt>
<trkpt lat="54.482971" lon="18.668360"><time>2026-05-03T09:05:09.900Z</time></trkpt>
<trkpt lat="54.482955" lon="18.668295"><time>2026-05-03T09:05:11.900Z</time></trkpt>
<trkpt lat="54.482948" lon="18.668202"><time>2026-05-03T09:05:13.900Z</time></trkpt>
<trkpt lat="54.482927" lon="18.668116"><time>2026-05-03T09:05:15.900Z</time></trkpt>
<trkpt lat="54.482900" lon="18.668036"><time>2026-05-03T09:05:17.900Z</time></trkpt>
<trkpt lat="54.482883" lon="18.667953"><time>2026-05-03T09:05:19.900Z</time></trkpt>
<trkpt lat="54.482875" lon="18.667877"><time>2026-05-03T09:05:21.900Z</time></trkpt>
<trkpt lat="54.482861" lon="18.667793"><time>2026-05-03T09:05:23.900Z</time></trkpt>
<trkpt lat="54.482848" lon="18.667713"><time>2026-05-03T09:05:25.900Z</time></trkpt>
<trkpt lat="54.482836" lon="18.667627"><time>2026-05-03T09:05:27.900Z</time></trkpt>
<trkpt lat="54.482821" lon="18.667544"><time>2026-05-03T09:05:29.900Z</time></trkpt>
<trkpt lat="54.482812" lon="18.667457"><time>2026-05-03T09:05:31.900Z</time></trkpt>
<trkpt lat="54.482795" lon="18.667372"><time>2026-05-03T09:05:33.900Z</time></trkpt>
<trkpt lat="54.482781" lon="18.667295"><time>2026-05-03T09:05:35.900Z</time></trkpt>
<trkpt lat="54.482766" lon="18.667214"><time>2026-05-03T09:05:37.900Z</time></trkpt>
<trkpt lat="54.482748" lon="18.667135"><time>2026-05-03T09:05:39.900Z</time></trkpt>
<trkpt lat="54.482732" lon="18.667056"><time>2026-05-03T09:05:41.900Z</time></trkpt>
<trkpt lat="54.482715" lon="18.666968"><time>2026-05-03T09:05:43.900Z</time></trkpt>
<trkpt lat="54.482701" lon="18.666891"><time>2026-05-03T09:05:45.900Z</time></trkpt>
<trkpt lat="54.482695" lon="18.666810"><time>2026-05-03T09:05:47.900Z</time></trkpt>
<trkpt lat="54.482686" lon="18.666726"><time>2026-05-03T09:05:49.900Z</time></trkpt>
<trkpt lat="54.482674" lon="18.666650"><time>2026-05-03T09:05:51.900Z</time></trkpt>
<trkpt lat="54.482660" lon="18.666570"><time>2026-05-03T09:05:53.900Z</time></trkpt>
<trkpt lat="54.482651" lon="18.666492"><time>2026-05-03T09:05:55.900Z</time></trkpt>
<trkpt lat="54.482636" lon="18.666423"><time>2026-05-03T09:05:57.900Z</time></trkpt>
<trkpt lat="54.482624" lon="18.666357"><time>2026-05-03T09:05:59.900Z</time></trkpt>
<trkpt lat="54.482608" lon="18.666283"><time>2026-05-03T09:06:01.900Z</time></trkpt>
<trkpt lat="54.482596" lon="18.666209"><time>2026-05-03T09:06:04.000Z</time></trkpt>
<trkpt lat="54.482586" lon="18.666136"><time>2026-05-03T09:06:06.000Z</time></trkpt>
<trkpt lat="54.482579" lon="18.666070"><time>2026-05-03T09:06:08.000Z</time></trkpt>
<trkpt lat="54.482570" lon="18.666004"><time>2026-05-03T09:06:10.000Z</time></trkpt>
<trkpt lat="54.482560" lon="18.665938"><time>2026-05-03T09:06:12.000Z</time></trkpt>
<trkpt lat="54.482552" lon="18.665866"><time>2026-05-03T09:06:14.000Z</time></trkpt>
<trkpt lat="54.482541" lon="18.665797"><time>2026-05-03T09:06:16.000Z</time></trkpt>
<trkpt lat="54.482528" lon="18.665716"><time>2026-05-03T09:06:18.000Z</time></trkpt>
<trkpt lat="54.482515" lon="18.665634"><time>2026-05-03T09:06:20.000Z</time></trkpt>
<trkpt lat="54.482504" lon="18.665555"><time>2026-05-03T09:06:22.000Z</time></trkpt>
<trkpt lat="54.482493" lon="18.665481"><time>2026-05-03T09:06:24.000Z</time></trkpt>
<trkpt lat="54.482484" lon="18.665406"><time>2026-05-03T09:06:26.000Z</time></trkpt>
<trkpt lat="54.482474" lon="18.665334"><time>2026-05-03T09:06:28.000Z</time></trkpt>
<trkpt lat="54.482465" lon="18.665265"><time>2026-05-03T09:06:30.000Z</time></trkpt>
<trkpt lat="54.482456" lon="18.665189"><time>2026-05-03T09:06:31.900Z</time></trkpt>
<trkpt lat="54.482451" lon="18.665119"><time>2026-05-03T09:06:33.900Z</time></trkpt>
<trkpt lat="54.482445" lon="18.665048"><time>2026-05-03T09:06:35.900Z</time></trkpt>
<trkpt lat="54.482432" lon="18.664968"><time>2026-05-03T09:06:37.900Z</time></trkpt>
<trkpt lat="54.482421" lon="18.664888"><time>2026-05-03T09:06:39.900Z</time></trkpt>
<trkpt lat="54.482423" lon="18.664827"><time>2026-05-03T09:06:41.900Z</time></trkpt>
<trkpt lat="54.482420" lon="18.664755"><time>2026-05-03T09:06:43.900Z</time></trkpt>
<trkpt lat="54.482422" lon="18.664682"><time>2026-05-03T09:06:45.900Z</time></trkpt>
<trkpt lat="54.482433" lon="18.664605"><time>2026-05-03T09:06:47.900Z</time></trkpt>
<trkpt lat="54.482440" lon="18.664533"><time>2026-05-03T09:06:49.900Z</time></trkpt>
<trkpt lat="54.482449" lon="18.664462"><time>2026-05-03T09:06:51.900Z</time></trkpt>
<trkpt lat="54.482489" lon="18.664399"><time>2026-05-03T09:06:53.900Z</time></trkpt>
<trkpt lat="54.482523" lon="18.664339"><time>2026-05-03T09:06:55.900Z</time></trkpt>
<trkpt lat="54.482563" lon="18.664393"><time>2026-05-03T09:06:57.900Z</time></trkpt>
<trkpt lat="54.482599" lon="18.664425"><time>2026-05-03T09:06:59.900Z</time></trkpt>
<trkpt lat="54.482634" lon="18.664460"><time>2026-05-03T09:07:01.900Z</time></trkpt>
<trkpt lat="54.482663" lon="18.664495"><time>2026-05-03T09:07:03.900Z</time></trkpt>
<trkpt lat="54.482692" lon="18.664542"><time>2026-05-03T09:07:05.900Z</time></trkpt>
<trkpt lat="54.482715" lon="18.664580"><time>2026-05-03T09:07:07.900Z</time></trkpt>
<trkpt lat="54.482732" lon="18.664616"><time>2026-05-03T09:07:09.900Z</time></trkpt>
<trkpt lat="54.482753" lon="18.664659"><time>2026-05-03T09:07:11.900Z</time></trkpt>
<trkpt lat="54.482779" lon="18.664704"><time>2026-05-03T09:07:13.900Z</time></trkpt>
<trkpt lat="54.482805" lon="18.664750"><time>2026-05-03T09:07:15.900Z</time></trkpt>
<trkpt lat="54.482829" lon="18.664766"><time>2026-05-03T09:07:17.900Z</time></trkpt>
<trkpt lat="54.482850" lon="18.664793"><time>2026-05-03T09:07:19.900Z</time></trkpt>
<trkpt lat="54.482863" lon="18.664815"><time>2026-05-03T09:07:21.900Z</time></trkpt>
<trkpt lat="54.482898" lon="18.664860"><time>2026-05-03T09:07:23.900Z</time></trkpt>
<trkpt lat="54.482932" lon="18.664898"><time>2026-05-03T09:07:25.900Z</time></trkpt>
<trkpt lat="54.482971" lon="18.664943"><time>2026-05-03T09:07:27.900Z</time></trkpt>
<trkpt lat="54.483004" lon="18.664934"><time>2026-05-03T09:07:29.900Z</time></trkpt>
<trkpt lat="54.483029" lon="18.664963"><time>2026-05-03T09:07:31.900Z</time></trkpt>
<trkpt lat="54.483060" lon="18.665003"><time>2026-05-03T09:07:33.900Z</time></trkpt>
<trkpt lat="54.483097" lon="18.665050"><time>2026-05-03T09:07:35.900Z</time></trkpt>
<trkpt lat="54.483122" lon="18.665090"><time>2026-05-03T09:07:37.900Z</time></trkpt>
<trkpt lat="54.483150" lon="18.665116"><time>2026-05-03T09:07:39.900Z</time></trkpt>
<trkpt lat="54.483174" lon="18.665148"><time>2026-05-03T09:07:41.900Z</time></trkpt>
<trkpt lat="54.483194" lon="18.665178"><time>2026-05-03T09:07:43.900Z</time></trkpt>
<trkpt lat="54.483215" lon="18.665213"><time>2026-05-03T09:07:45.900Z</time></trkpt>
<trkpt lat="54.483253" lon="18.665221"><time>2026-05-03T09:07:47.900Z</time></trkpt>
<trkpt lat="54.483280" lon="18.665263"><time>2026-05-03T09:07:49.900Z</time></trkpt>
<trkpt lat="54.483305" lon="18.665293"><time>2026-05-03T09:07:51.900Z</time></trkpt>
<trkpt lat="54.483323" lon="18.665342"><time>2026-05-03T09:07:53.900Z</time></trkpt>
<trkpt lat="54.483347" lon="18.665370"><time>2026-05-03T09:07:55.900Z</time></trkpt>
<trkpt lat="54.483356" lon="18.665381"><time>2026-05-03T09:07:57.900Z</time></trkpt>
<trkpt lat="54.483337" lon="18.665421"><time>2026-05-03T09:07:59.900Z</time></trkpt>
<trkpt lat="54.483358" lon="18.665445"><time>2026-05-03T09:08:01.900Z</time></trkpt>
<trkpt lat="54.483381" lon="18.665481"><time>2026-05-03T09:08:03.900Z</time></trkpt>
<trkpt lat="54.483415" lon="18.665512"><time>2026-05-03T09:08:05.900Z</time></trkpt>
<trkpt lat="54.483434" lon="18.665572"><time>2026-05-03T09:08:08.000Z</time></trkpt>
<trkpt lat="54.483470" lon="18.665630"><time>2026-05-03T09:08:10.000Z</time></trkpt>
<trkpt lat="54.483496" lon="18.665655"><time>2026-05-03T09:08:12.000Z</time></trkpt>
<trkpt lat="54.483516" lon="18.665677"><time>2026-05-03T09:08:14.000Z</time></trkpt>
<trkpt lat="54.483536" lon="18.665702"><time>2026-05-03T09:08:16.000Z</time></trkpt>
<trkpt lat="54.483563" lon="18.665743"><time>2026-05-03T09:08:18.000Z</time></trkpt>
<trkpt lat="54.483597" lon="18.665797"><time>2026-05-03T09:08:20.000Z</time></trkpt>
<trkpt lat="54.483623" lon="18.665834"><time>2026-05-03T09:08:22.000Z</time></trkpt>
<trkpt lat="54.483658" lon="18.665876"><time>2026-05-03T09:08:24.000Z</time></trkpt>
<trkpt lat="54.483679" lon="18.665920"><time>2026-05-03T09:08:26.000Z</time></trkpt>
<trkpt lat="54.483693" lon="18.665958"><time>2026-05-03T09:08:28.000Z</time></trkpt>
<trkpt lat="54.483710" lon="18.666003"><time>2026-05-03T09:08:30.000Z</time></trkpt>
<trkpt lat="54.483731" lon="18.666036"><time>2026-05-03T09:08:32.000Z</time></trkpt>
<trkpt lat="54.483750" lon="18.666078"><time>2026-05-03T09:08:34.000Z</time></trkpt>
<trkpt lat="54.483768" lon="18.666129"><time>2026-05-03T09:08:36.000Z</time></trkpt>
<trkpt lat="54.483788" lon="18.666167"><time>2026-05-03T09:08:37.900Z</time></trkpt>
<trkpt lat="54.483805" lon="18.666202"><time>2026-05-03T09:08:39.900Z</time></trkpt>
<trkpt lat="54.483831" lon="18.666237"><time>2026-05-03T09:08:41.900Z</time></trkpt>
<trkpt lat="54.483850" lon="18.666268"><time>2026-05-03T09:08:43.900Z</time></trkpt>
<trkpt lat="54.483861" lon="18.666318"><time>2026-05-03T09:08:45.900Z</time></trkpt>
<trkpt lat="54.483883" lon="18.666367"><time>2026-05-03T09:08:47.900Z</time></trkpt>
<trkpt lat="54.483901" lon="18.666427"><time>2026-05-03T09:08:49.900Z</time></trkpt>
<trkpt lat="54.483938" lon="18.666477"><time>2026-05-03T09:08:51.900Z</time></trkpt>
<trkpt lat="54.483963" lon="18.666512"><time>2026-05-03T09:08:53.900Z</time></trkpt>
<trkpt lat="54.483972" lon="18.666542"><time>2026-05-03T09:08:55.900Z</time></trkpt>
<trkpt lat="54.483979" lon="18.666580"><time>2026-05-03T09:08:57.900Z</time></trkpt>
<trkpt lat="54.483994" lon="18.666621"><time>2026-05-03T09:08:59.900Z</time></trkpt>
<trkpt lat="54.484020" lon="18.666687"><time>2026-05-03T09:09:01.900Z</time></trkpt>
<trkpt lat="54.484040" lon="18.666752"><time>2026-05-03T09:09:03.900Z</time></trkpt>
<trkpt lat="54.484056" lon="18.666814"><time>2026-05-03T09:09:05.900Z</time></trkpt>
<trkpt lat="54.484070" lon="18.666875"><time>2026-05-03T09:09:07.900Z</time></trkpt>
<trkpt lat="54.484088" lon="18.666960"><time>2026-05-03T09:09:09.900Z</time></trkpt>
<trkpt lat="54.484111" lon="18.667072"><time>2026-05-03T09:09:11.900Z</time></trkpt>
<trkpt lat="54.484126" lon="18.667137"><time>2026-05-03T09:09:13.900Z</time></trkpt>
<trkpt lat="54.484127" lon="18.667207"><time>2026-05-03T09:09:15.900Z</time></trkpt>
<trkpt lat="54.484142" lon="18.667280"><time>2026-05-03T09:09:17.900Z</time></trkpt>
<trkpt lat="54.484155" lon="18.667358"><time>2026-05-03T09:09:19.900Z</time></trkpt>
<trkpt lat="54.484177" lon="18.667413"><time>2026-05-03T09:09:21.900Z</time></trkpt>
<trkpt lat="54.484200" lon="18.667455"><time>2026-05-03T09:09:23.900Z</time></trkpt>
<trkpt lat="54.484231" lon="18.667524"><time>2026-05-03T09:09:25.900Z</time></trkpt>
<trkpt lat="54.484269" lon="18.667600"><time>2026-05-03T09:09:27.900Z</time></trkpt>
<trkpt lat="54.484321" lon="18.667658"><time>2026-05-03T09:09:29.900Z</time></trkpt>
<trkpt lat="54.484365" lon="18.667708"><time>2026-05-03T09:09:31.900Z</time></trkpt>
<trkpt lat="54.484404" lon="18.667756"><time>2026-05-03T09:09:33.900Z</time></trkpt>
<trkpt lat="54.484439" lon="18.667800"><time>2026-05-03T09:09:35.900Z</time></trkpt>
<trkpt lat="54.484469" lon="18.667833"><time>2026-05-03T09:09:37.900Z</time></trkpt>
<trkpt lat="54.484497" lon="18.667883"><time>2026-05-03T09:09:39.900Z</time></trkpt>
<trkpt lat="54.484533" lon="18.667934"><time>2026-05-03T09:09:41.900Z</time></trkpt>
<trkpt lat="54.484568" lon="18.667966"><time>2026-05-03T09:09:43.900Z</time></trkpt>
<trkpt lat="54.484631" lon="18.667995"><time>2026-05-03T09:09:45.900Z</time></trkpt>
<trkpt lat="54.484683" lon="18.668038"><time>2026-05-03T09:09:47.900Z</time></trkpt>
<trkpt lat="54.484721" lon="18.668080"><time>2026-05-03T09:09:49.900Z</time></trkpt>
<trkpt lat="54.484764" lon="18.668132"><time>2026-05-03T09:09:51.900Z</time></trkpt>
<trkpt lat="54.484792" lon="18.668195"><time>2026-05-03T09:09:53.900Z</time></trkpt>
<trkpt lat="54.484820" lon="18.668262"><time>2026-05-03T09:09:55.900Z</time></trkpt>
<trkpt lat="54.484862" lon="18.668324"><time>2026-05-03T09:09:57.900Z</time></trkpt>
<trkpt lat="54.484894" lon="18.668382"><time>2026-05-03T09:09:59.900Z</time></trkpt>
<trkpt lat="54.484926" lon="18.668452"><time>2026-05-03T09:10:01.900Z</time></trkpt>
<trkpt lat="54.484958" lon="18.668529"><time>2026-05-03T09:10:03.900Z</time></trkpt>
<trkpt lat="54.484995" lon="18.668605"><time>2026-05-03T09:10:05.900Z</time></trkpt>
<trkpt lat="54.485023" lon="18.668665"><time>2026-05-03T09:10:07.900Z</time></trkpt>
<trkpt lat="54.485051" lon="18.668723"><time>2026-05-03T09:10:09.900Z</time></trkpt>
<trkpt lat="54.485084" lon="18.668781"><time>2026-05-03T09:10:11.900Z</time></trkpt>
<trkpt lat="54.485118" lon="18.668831"><time>2026-05-03T09:10:14.000Z</time></trkpt>
<trkpt lat="54.485146" lon="18.668880"><time>2026-05-03T09:10:16.000Z</time></trkpt>
<trkpt lat="54.485166" lon="18.668929"><time>2026-05-03T09:10:18.000Z</time></trkpt>
<trkpt lat="54.485197" lon="18.668972"><time>2026-05-03T09:10:20.000Z</time></trkpt>
<trkpt lat="54.485237" lon="18.669023"><time>2026-05-03T09:10:22.000Z</time></trkpt>
<trkpt lat="54.485271" lon="18.669088"><time>2026-05-03T09:10:24.000Z</time></trkpt>
<trkpt lat="54.485302" lon="18.669151"><time>2026-05-03T09:10:26.000Z</time></trkpt>
<trkpt lat="54.485327" lon="18.669217"><time>2026-05-03T09:10:28.000Z</time></trkpt>
<trkpt lat="54.485354" lon="18.669277"><time>2026-05-03T09:10:30.000Z</time></trkpt>
<trkpt lat="54.485387" lon="18.669332"><time>2026-05-03T09:10:32.000Z</time></trkpt>
<trkpt lat="54.485418" lon="18.669392"><time>2026-05-03T09:10:34.000Z</time></trkpt>
<trkpt lat="54.485448" lon="18.669451"><time>2026-05-03T09:10:36.000Z</time></trkpt>
<trkpt lat="54.485480" lon="18.669504"><time>2026-05-03T09:10:38.000Z</time></trkpt>
<trkpt lat="54.485502" lon="18.669554"><time>2026-05-03T09:10:40.000Z</time></trkpt>
<trkpt lat="54.485525" lon="18.669623"><time>2026-05-03T09:10:42.000Z</time></trkpt>
<trkpt lat="54.485554" lon="18.669701"><time>2026-05-03T09:10:44.000Z</time></trkpt>
<trkpt lat="54.485593" lon="18.669774"><time>2026-05-03T09:10:45.900Z</time></trkpt>
<trkpt lat="54.485628" lon="18.669838"><time>2026-05-03T09:10:47.900Z</time></trkpt>
<trkpt lat="54.485665" lon="18.669903"><time>2026-05-03T09:10:49.900Z</time></trkpt>
<trkpt lat="54.485695" lon="18.669956"><time>2026-05-03T09:10:51.900Z</time></trkpt>
<trkpt lat="54.485722" lon="18.670011"><time>2026-05-03T09:10:53.900Z</time></trkpt>
<trkpt lat="54.485759" lon="18.670075"><time>2026-05-03T09:10:55.900Z</time></trkpt>
<trkpt lat="54.485793" lon="18.670135"><time>2026-05-03T09:10:57.900Z</time></trkpt>
<trkpt lat="54.485830" lon="18.670187"><time>2026-05-03T09:10:59.900Z</time></trkpt>
<trkpt lat="54.485865" lon="18.670237"><time>2026-05-03T09:11:01.900Z</time></trkpt>
<trkpt lat="54.485904" lon="18.670290"><time>2026-05-03T09:11:03.900Z</time></trkpt>
<trkpt lat="54.485942" lon="18.670351"><time>2026-05-03T09:11:05.900Z</time></trkpt>
<trkpt lat="54.485976" lon="18.670413"><time>2026-05-03T09:11:07.900Z</time></trkpt>
<trkpt lat="54.486025" lon="18.670478"><time>2026-05-03T09:11:09.900Z</time></trkpt>
<trkpt lat="54.486063" lon="18.670529"><time>2026-05-03T09:11:11.900Z</time></trkpt>
<trkpt lat="54.486100" lon="18.670581"><time>2026-05-03T09:11:13.900Z</time></trkpt>
<trkpt lat="54.486137" lon="18.670633"><time>2026-05-03T09:11:15.900Z</time></trkpt>
<trkpt lat="54.486173" lon="18.670668"><time>2026-05-03T09:11:17.900Z</time></trkpt>
<trkpt lat="54.486207" lon="18.670707"><time>2026-05-03T09:11:19.900Z</time></trkpt>
<trkpt lat="54.486248" lon="18.670759"><time>2026-05-03T09:11:21.900Z</time></trkpt>
<trkpt lat="54.486293" lon="18.670810"><time>2026-05-03T09:11:23.900Z</time></trkpt>
<trkpt lat="54.486328" lon="18.670865"><time>2026-05-03T09:11:25.900Z</time></trkpt>
<trkpt lat="54.486366" lon="18.670906"><time>2026-05-03T09:11:27.900Z</time></trkpt>
<trkpt lat="54.486404" lon="18.670955"><time>2026-05-03T09:11:29.900Z</time></trkpt>
<trkpt lat="54.486442" lon="18.671004"><time>2026-05-03T09:11:31.900Z</time></trkpt>
<trkpt lat="54.486474" lon="18.671064"><time>2026-05-03T09:11:33.900Z</time></trkpt>
<trkpt lat="54.486513" lon="18.671126"><time>2026-05-03T09:11:35.900Z</time></trkpt>
<trkpt lat="54.486550" lon="18.671177"><time>2026-05-03T09:11:37.900Z</time></trkpt>
<trkpt lat="54.486582" lon="18.671234"><time>2026-05-03T09:11:39.900Z</time></trkpt>
<trkpt lat="54.486611" lon="18.671292"><time>2026-05-03T09:11:41.900Z</time></trkpt>
<trkpt lat="54.486648" lon="18.671340"><time>2026-05-03T09:11:43.900Z</time></trkpt>
<trkpt lat="54.486685" lon="18.671389"><time>2026-05-03T09:11:45.900Z</time></trkpt>
<trkpt lat="54.486723" lon="18.671428"><time>2026-05-03T09:11:47.900Z</time></trkpt>
<trkpt lat="54.486758" lon="18.671476"><time>2026-05-03T09:11:49.900Z</time></trkpt>
<trkpt lat="54.486800" lon="18.671532"><time>2026-05-03T09:11:51.900Z</time></trkpt>
<trkpt lat="54.486839" lon="18.671584"><time>2026-05-03T09:11:53.900Z</time></trkpt>
<trkpt lat="54.486877" lon="18.671634"><time>2026-05-03T09:11:55.900Z</time></trkpt>
<trkpt lat="54.486912" lon="18.671682"><time>2026-05-03T09:11:57.900Z</time></trkpt>
<trkpt lat="54.486944" lon="18.671731"><time>2026-05-03T09:11:59.900Z</time></trkpt>
<trkpt lat="54.486980" lon="18.671775"><time>2026-05-03T09:12:01.900Z</time></trkpt>
<trkpt lat="54.487008" lon="18.671829"><time>2026-05-03T09:12:03.900Z</time></trkpt>
<trkpt lat="54.487042" lon="18.671884"><time>2026-05-03T09:12:05.900Z</time></trkpt>
<trkpt lat="54.487086" lon="18.671936"><time>2026-05-03T09:12:07.900Z</time></trkpt>
<trkpt lat="54.487130" lon="18.671988"><time>2026-05-03T09:12:09.900Z</time></trkpt>
<trkpt lat="54.487166" lon="18.672044"><time>2026-05-03T09:12:11.900Z</time></trkpt>
<trkpt lat="54.487199" lon="18.672110"><time>2026-05-03T09:12:13.900Z</time></trkpt>
<trkpt lat="54.487235" lon="18.672172"><time>2026-05-03T09:12:15.900Z</time></trkpt>
<trkpt lat="54.487269" lon="18.672224"><time>2026-05-03T09:12:17.900Z</time></trkpt>
<trkpt lat="54.487304" lon="18.672280"><time>2026-05-03T09:12:20.000Z</time></trkpt>
<trkpt lat="54.487344" lon="18.672332"><time>2026-05-03T09:12:22.000Z</time></trkpt>
<trkpt lat="54.487391" lon="18.672383"><time>2026-05-03T09:12:24.000Z</time></trkpt>
<trkpt lat="54.487435" lon="18.672444"><time>2026-05-03T09:12:26.000Z</time></trkpt>
<trkpt lat="54.487473" lon="18.672498"><time>2026-05-03T09:12:28.000Z</time></trkpt>
<trkpt lat="54.487512" lon="18.672542"><time>2026-05-03T09:12:30.000Z</time></trkpt>
<trkpt lat="54.487554" lon="18.672590"><time>2026-05-03T09:12:32.000Z</time></trkpt>
<trkpt lat="54.487594" lon="18.672628"><time>2026-05-03T09:12:34.000Z</time></trkpt>
<trkpt lat="54.487639" lon="18.672670"><time>2026-05-03T09:12:36.000Z</time></trkpt>
<trkpt lat="54.487687" lon="18.672711"><time>2026-05-03T09:12:38.000Z</time></trkpt>
<trkpt lat="54.487734" lon="18.672756"><time>2026-05-03T09:12:40.000Z</time></trkpt>
<trkpt lat="54.487780" lon="18.672794"><time>2026-05-03T09:12:42.000Z</time></trkpt>
<trkpt lat="54.487830" lon="18.672830"><time>2026-05-03T09:12:44.000Z</time></trkpt>
<trkpt lat="54.487877" lon="18.672871"><time>2026-05-03T09:12:46.000Z</time></trkpt>
<trkpt lat="54.487921" lon="18.672925"><time>2026-05-03T09:12:48.000Z</time></trkpt>
<trkpt lat="54.487964" lon="18.672977"><time>2026-05-03T09:12:49.900Z</time></trkpt>
<trkpt lat="54.488015" lon="18.673032"><time>2026-05-03T09:12:51.900Z</time></trkpt>
<trkpt lat="54.488063" lon="18.673089"><time>2026-05-03T09:12:53.900Z</time></trkpt>
<trkpt lat="54.488111" lon="18.673139"><time>2026-05-03T09:12:55.900Z</time></trkpt>
<trkpt lat="54.488149" lon="18.673182"><time>2026-05-03T09:12:57.900Z</time></trkpt>
<trkpt lat="54.488193" lon="18.673226"><time>2026-05-03T09:12:59.900Z</time></trkpt>
<trkpt lat="54.488229" lon="18.673263"><time>2026-05-03T09:13:01.900Z</time></trkpt>
<trkpt lat="54.488274" lon="18.673297"><time>2026-05-03T09:13:03.900Z</time></trkpt>
<trkpt lat="54.488317" lon="18.673328"><time>2026-05-03T09:13:05.900Z</time></trkpt>
<trkpt lat="54.488355" lon="18.673359"><time>2026-05-03T09:13:07.900Z</time></trkpt>
<trkpt lat="54.488403" lon="18.673402"><time>2026-05-03T09:13:09.900Z</time></trkpt>
<trkpt lat="54.488442" lon="18.673431"><time>2026-05-03T09:13:11.900Z</time></trkpt>
<trkpt lat="54.488482" lon="18.673449"><time>2026-05-03T09:13:13.900Z</time></trkpt>
<trkpt lat="54.488523" lon="18.673470"><time>2026-05-03T09:13:15.900Z</time></trkpt>
<trkpt lat="54.488566" lon="18.673494"><time>2026-05-03T09:13:17.900Z</time></trkpt>
<trkpt lat="54.488611" lon="18.673515"><time>2026-05-03T09:13:19.900Z</time></trkpt>
<trkpt lat="54.488662" lon="18.673517"><time>2026-05-03T09:13:21.900Z</time></trkpt>
<trkpt lat="54.488699" lon="18.673514"><time>2026-05-03T09:13:23.900Z</time></trkpt>
<trkpt lat="54.488740" lon="18.673510"><time>2026-05-03T09:13:25.900Z</time></trkpt>
<trkpt lat="54.488781" lon="18.673508"><time>2026-05-03T09:13:27.900Z</time></trkpt>
<trkpt lat="54.488815" lon="18.673512"><time>2026-05-03T09:13:29.900Z</time></trkpt>
<trkpt lat="54.488856" lon="18.673508"><time>2026-05-03T09:13:31.900Z</time></trkpt>
<trkpt lat="54.488900" lon="18.673490"><time>2026-05-03T09:13:33.900Z</time></trkpt>
<trkpt lat="54.488937" lon="18.673478"><time>2026-05-03T09:13:35.900Z</time></trkpt>
<trkpt lat="54.488974" lon="18.673465"><time>2026-05-03T09:13:37.900Z</time></trkpt>
<trkpt lat="54.489012" lon="18.673451"><time>2026-05-03T09:13:39.900Z</time></trkpt>
<trkpt lat="54.489050" lon="18.673435"><time>2026-05-03T09:13:41.900Z</time></trkpt>
<trkpt lat="54.489090" lon="18.673416"><time>2026-05-03T09:13:43.900Z</time></trkpt>
<trkpt lat="54.489141" lon="18.673391"><time>2026-05-03T09:13:45.900Z</time></trkpt>
<trkpt lat="54.489192" lon="18.673381"><time>2026-05-03T09:13:47.900Z</time></trkpt>
<trkpt lat="54.489242" lon="18.673380"><time>2026-05-03T09:13:49.900Z</time></trkpt>
<trkpt lat="54.489289" lon="18.673406"><time>2026-05-03T09:13:51.900Z</time></trkpt>
<trkpt lat="54.489332" lon="18.673426"><time>2026-05-03T09:13:53.900Z</time></trkpt>
<trkpt lat="54.489372" lon="18.673443"><time>2026-05-03T09:13:55.900Z</time></trkpt>
<trkpt lat="54.489411" lon="18.673471"><time>2026-05-03T09:13:57.900Z</time></trkpt>
<trkpt lat="54.489448" lon="18.673494"><time>2026-05-03T09:13:59.900Z</time></trkpt>
<trkpt lat="54.489485" lon="18.673509"><time>2026-05-03T09:14:01.900Z</time></trkpt>
<trkpt lat="54.489527" lon="18.673522"><time>2026-05-03T09:14:03.900Z</time></trkpt>
<trkpt lat="54.489581" lon="18.673535"><time>2026-05-03T09:14:05.900Z</time></trkpt>
<trkpt lat="54.489639" lon="18.673520"><time>2026-05-03T09:14:07.900Z</time></trkpt>
<trkpt lat="54.489700" lon="18.673506"><time>2026-05-03T09:14:09.900Z</time></trkpt>
<trkpt lat="54.489771" lon="18.673483"><time>2026-05-03T09:14:11.900Z</time></trkpt>
<trkpt lat="54.489833" lon="18.673468"><time>2026-05-03T09:14:13.900Z</time></trkpt>
<trkpt lat="54.489895" lon="18.673458"><time>2026-05-03T09:14:15.900Z</time></trkpt>
<trkpt lat="54.489955" lon="18.673458"><time>2026-05-03T09:14:17.900Z</time></trkpt>
<trkpt lat="54.490015" lon="18.673455"><time>2026-05-03T09:14:19.900Z</time></trkpt>
<trkpt lat="54.490070" lon="18.673449"><time>2026-05-03T09:14:21.900Z</time></trkpt>
<trkpt lat="54.490130" lon="18.673434"><time>2026-05-03T09:14:23.900Z</time></trkpt>
<trkpt lat="54.490190" lon="18.673418"><time>2026-05-03T09:14:26.000Z</time></trkpt>
<trkpt lat="54.490253" lon="18.673416"><time>2026-05-03T09:14:28.000Z</time></trkpt>
<trkpt lat="54.490307" lon="18.673412"><time>2026-05-03T09:14:30.000Z</time></trkpt>
<trkpt lat="54.490365" lon="18.673401"><time>2026-05-03T09:14:32.000Z</time></trkpt>
<trkpt lat="54.490421" lon="18.673382"><time>2026-05-03T09:14:34.000Z</time></trkpt>
<trkpt lat="54.490476" lon="18.673363"><time>2026-05-03T09:14:36.000Z</time></trkpt>
<trkpt lat="54.490537" lon="18.673346"><time>2026-05-03T09:14:38.000Z</time></trkpt>
<trkpt lat="54.490597" lon="18.673342"><time>2026-05-03T09:14:40.000Z</time></trkpt>
<trkpt lat="54.490662" lon="18.673341"><time>2026-05-03T09:14:42.000Z</time></trkpt>
<trkpt lat="54.490723" lon="18.673343"><time>2026-05-03T09:14:44.000Z</time></trkpt>
<trkpt lat="54.490782" lon="18.673336"><time>2026-05-03T09:14:46.000Z</time></trkpt>
<trkpt lat="54.490838" lon="18.673329"><time>2026-05-03T09:14:48.000Z</time></trkpt>
<trkpt lat="54.490895" lon="18.673327"><time>2026-05-03T09:14:50.000Z</time></trkpt>
<trkpt lat="54.490947" lon="18.673329"><time>2026-05-03T09:14:52.000Z</time></trkpt>
<trkpt lat="54.491007" lon="18.673330"><time>2026-05-03T09:14:54.000Z</time></trkpt>
<trkpt lat="54.491059" lon="18.673325"><time>2026-05-03T09:14:55.900Z</time></trkpt>
<trkpt lat="54.491118" lon="18.673324"><time>2026-05-03T09:14:57.900Z</time></trkpt>
<trkpt lat="54.491173" lon="18.673320"><time>2026-05-03T09:14:59.900Z</time></trkpt>
<trkpt lat="54.491230" lon="18.673312"><time>2026-05-03T09:15:01.900Z</time></trkpt>
<trkpt lat="54.491290" lon="18.673300"><time>2026-05-03T09:15:03.900Z</time></trkpt>
<trkpt lat="54.491348" lon="18.673296"><time>2026-05-03T09:15:05.900Z</time></trkpt>
<trkpt lat="54.491403" lon="18.673298"><time>2026-05-03T09:15:07.900Z</time></trkpt>
<trkpt lat="54.491464" lon="18.673292"><time>2026-05-03T09:15:09.900Z</time></trkpt>
<trkpt lat="54.491524" lon="18.673278"><time>2026-05-03T09:15:11.900Z</time></trkpt>
<trkpt lat="54.491585" lon="18.673266"><time>2026-05-03T09:15:13.900Z</time></trkpt>
<trkpt lat="54.491639" lon="18.673251"><time>2026-05-03T09:15:15.900Z</time></trkpt>
<trkpt lat="54.491698" lon="18.673238"><time>2026-05-03T09:15:17.900Z</time></trkpt>
<trkpt lat="54.491759" lon="18.673223"><time>2026-05-03T09:15:19.900Z</time></trkpt>
<trkpt lat="54.491815" lon="18.673206"><time>2026-05-03T09:15:21.900Z</time></trkpt>
<trkpt lat="54.491867" lon="18.673186"><time>2026-05-03T09:15:23.900Z</time></trkpt>
<trkpt lat="54.491924" lon="18.673171"><time>2026-05-03T09:15:25.900Z</time></trkpt>
<trkpt lat="54.491981" lon="18.673159"><time>2026-05-03T09:15:27.900Z</time></trkpt>
<trkpt lat="54.492034" lon="18.673147"><time>2026-05-03T09:15:29.900Z</time></trkpt>
<trkpt lat="54.492085" lon="18.673126"><time>2026-05-03T09:15:31.900Z</time></trkpt>
<trkpt lat="54.492134" lon="18.673103"><time>2026-05-03T09:15:33.900Z</time></trkpt>
<trkpt lat="54.492186" lon="18.673081"><time>2026-05-03T09:15:35.900Z</time></trkpt>
<trkpt lat="54.492220" lon="18.673049"><time>2026-05-03T09:15:37.900Z</time></trkpt>
<trkpt lat="54.492269" lon="18.673029"><time>2026-05-03T09:15:39.900Z</time></trkpt>
<trkpt lat="54.492327" lon="18.672992"><time>2026-05-03T09:15:41.900Z</time></trkpt>
<trkpt lat="54.492382" lon="18.672969"><time>2026-05-03T09:15:43.900Z</time></trkpt>
<trkpt lat="54.492439" lon="18.672948"><time>2026-05-03T09:15:45.900Z</time></trkpt>
<trkpt lat="54.492499" lon="18.672923"><time>2026-05-03T09:15:47.900Z</time></trkpt>
<trkpt lat="54.492563" lon="18.672900"><time>2026-05-03T09:15:49.900Z</time></trkpt>
<trkpt lat="54.492625" lon="18.672882"><time>2026-05-03T09:15:51.900Z</time></trkpt>
<trkpt lat="54.492687" lon="18.672868"><time>2026-05-03T09:15:53.900Z</time></trkpt>
<trkpt lat="54.492750" lon="18.672856"><time>2026-05-03T09:15:55.900Z</time></trkpt>
<trkpt lat="54.492810" lon="18.672838"><time>2026-05-03T09:15:57.900Z</time></trkpt>
<trkpt lat="54.492866" lon="18.672816"><time>2026-05-03T09:15:59.900Z</time></trkpt>
<trkpt lat="54.492923" lon="18.672793"><time>2026-05-03T09:16:01.900Z</time></trkpt>
<trkpt lat="54.492986" lon="18.672775"><time>2026-05-03T09:16:03.900Z</time></trkpt>
<trkpt lat="54.493044" lon="18.672763"><time>2026-05-03T09:16:05.900Z</time></trkpt>
<trkpt lat="54.493101" lon="18.672751"><time>2026-05-03T09:16:07.900Z</time></trkpt>
<trkpt lat="54.493157" lon="18.672739"><time>2026-05-03T09:16:09.900Z</time></trkpt>
<trkpt lat="54.493213" lon="18.672723"><time>2026-05-03T09:16:11.900Z</time></trkpt>
<trkpt lat="54.493269" lon="18.672704"><time>2026-05-03T09:16:13.900Z</time></trkpt>
<trkpt lat="54.493328" lon="18.672693"><time>2026-05-03T09:16:15.900Z</time></trkpt>
<trkpt lat="54.493385" lon="18.672687"><time>2026-05-03T09:16:17.900Z</time></trkpt>
<trkpt lat="54.493441" lon="18.672685"><time>2026-05-03T09:16:19.900Z</time></trkpt>
<trkpt lat="54.493499" lon="18.672684"><time>2026-05-03T09:16:21.900Z</time></trkpt>
<trkpt lat="54.493557" lon="18.672690"><time>2026-05-03T09:16:23.900Z</time></trkpt>
<trkpt lat="54.493618" lon="18.672690"><time>2026-05-03T09:16:25.900Z</time></trkpt>
<trkpt lat="54.493675" lon="18.672689"><time>2026-05-03T09:16:27.900Z</time></trkpt>
<trkpt lat="54.493730" lon="18.672691"><time>2026-05-03T09:16:29.900Z</time></trkpt>
<trkpt lat="54.493785" lon="18.672684"><time>2026-05-03T09:16:31.900Z</time></trkpt>
<trkpt lat="54.493843" lon="18.672680"><time>2026-05-03T09:16:33.900Z</time></trkpt>
<trkpt lat="54.493900" lon="18.672673"><time>2026-05-03T09:16:35.900Z</time></trkpt>
<trkpt lat="54.493953" lon="18.672671"><time>2026-05-03T09:16:37.900Z</time></trkpt>
<trkpt lat="54.494006" lon="18.672671"><time>2026-05-03T09:16:39.900Z</time></trkpt>
<trkpt lat="54.494061" lon="18.672672"><time>2026-05-03T09:16:41.900Z</time></trkpt>
<trkpt lat="54.494120" lon="18.672663"><time>2026-05-03T09:16:43.900Z</time></trkpt>
<trkpt lat="54.494174" lon="18.672654"><time>2026-05-03T09:16:45.900Z</time></trkpt>
<trkpt lat="54.494231" lon="18.672653"><time>2026-05-03T09:16:47.900Z</time></trkpt>
<trkpt lat="54.494287" lon="18.672649"><time>2026-05-03T09:16:49.900Z</time></trkpt>
<trkpt lat="54.494349" lon="18.672645"><time>2026-05-03T09:16:51.900Z</time></trkpt>
<trkpt lat="54.494410" lon="18.672641"><time>2026-05-03T09:16:53.900Z</time></trkpt>
<trkpt lat="54.494470" lon="18.672639"><time>2026-05-03T09:16:55.900Z</time></trkpt>
<trkpt lat="54.494532" lon="18.672636"><time>2026-05-03T09:16:57.900Z</time></trkpt>
<trkpt lat="54.494590" lon="18.672617"><time>2026-05-03T09:16:59.900Z</time></trkpt>
<trkpt lat="54.494646" lon="18.672598"><time>2026-05-03T09:17:01.900Z</time></trkpt>
<trkpt lat="54.494707" lon="18.672582"><time>2026-05-03T09:17:03.900Z</time></trkpt>
<trkpt lat="54.494763" lon="18.672574"><time>2026-05-03T09:17:05.900Z</time></trkpt>
<trkpt lat="54.494820" lon="18.672567"><time>2026-05-03T09:17:07.900Z</time></trkpt>
<trkpt lat="54.494877" lon="18.672558"><time>2026-05-03T09:17:09.900Z</time></trkpt>
<trkpt lat="54.494931" lon="18.672553"><time>2026-05-03T09:17:11.900Z</time></trkpt>
<trkpt lat="54.494989" lon="18.672542"><time>2026-05-03T09:17:13.900Z</time></trkpt>
<trkpt lat="54.495047" lon="18.672542"><time>2026-05-03T09:17:15.900Z</time></trkpt>
<trkpt lat="54.495104" lon="18.672556"><time>2026-05-03T09:17:17.900Z</time></trkpt>
<trkpt lat="54.495165" lon="18.672565"><time>2026-05-03T09:17:19.900Z</time></trkpt>
<trkpt lat="54.495228" lon="18.672567"><time>2026-05-03T09:17:21.900Z</time></trkpt>
<trkpt lat="54.495288" lon="18.672569"><time>2026-05-03T09:17:23.900Z</time></trkpt>
<trkpt lat="54.495348" lon="18.672571"><time>2026-05-03T09:17:25.900Z</time></trkpt>
<trkpt lat="54.495407" lon="18.672573"><time>2026-05-03T09:17:27.900Z</time></trkpt>
<trkpt lat="54.495461" lon="18.672578"><time>2026-05-03T09:17:29.900Z</time></trkpt>
<trkpt lat="54.495513" lon="18.672575"><time>2026-05-03T09:17:31.900Z</time></trkpt>
<trkpt lat="54.495565" lon="18.672575"><time>2026-05-03T09:17:33.900Z</time></trkpt>
<trkpt lat="54.495614" lon="18.672569"><time>2026-05-03T09:17:35.900Z</time></trkpt>
<trkpt lat="54.495669" lon="18.672571"><time>2026-05-03T09:17:37.900Z</time></trkpt>
<trkpt lat="54.495727" lon="18.672579"><time>2026-05-03T09:17:39.900Z</time></trkpt>
<trkpt lat="54.495780" lon="18.672583"><time>2026-05-03T09:17:41.900Z</time></trkpt>
<trkpt lat="54.495831" lon="18.672591"><time>2026-05-03T09:17:43.900Z</time></trkpt>
<trkpt lat="54.495885" lon="18.672595"><time>2026-05-03T09:17:45.900Z</time></trkpt>
<trkpt lat="54.495937" lon="18.672598"><time>2026-05-03T09:17:47.900Z</time></trkpt>
<trkpt lat="54.495987" lon="18.672599"><time>2026-05-03T09:17:49.900Z</time></trkpt>
<trkpt lat="54.496038" lon="18.672598"><time>2026-05-03T09:17:51.900Z</time></trkpt>
<trkpt lat="54.496099" lon="18.672598"><time>2026-05-03T09:17:53.900Z</time></trkpt>
<trkpt lat="54.496162" lon="18.672600"><time>2026-05-03T09:17:55.900Z</time></trkpt>
<trkpt lat="54.496222" lon="18.672602"><time>2026-05-03T09:17:57.900Z</time></trkpt>
<trkpt lat="54.496280" lon="18.672602"><time>2026-05-03T09:17:59.900Z</time></trkpt>
<trkpt lat="54.496341" lon="18.672605"><time>2026-05-03T09:18:01.900Z</time></trkpt>
<trkpt lat="54.496400" lon="18.672605"><time>2026-05-03T09:18:03.900Z</time></trkpt>
<trkpt lat="54.496459" lon="18.672606"><time>2026-05-03T09:18:05.900Z</time></trkpt>
<trkpt lat="54.496518" lon="18.672600"><time>2026-05-03T09:18:07.900Z</time></trkpt>
<trkpt lat="54.496582" lon="18.672615"><time>2026-05-03T09:18:09.900Z</time></trkpt>
<trkpt lat="54.496635" lon="18.672629"><time>2026-05-03T09:18:11.900Z</time></trkpt>
<trkpt lat="54.496684" lon="18.672618"><time>2026-05-03T09:18:13.900Z</time></trkpt>
<trkpt lat="54.496743" lon="18.672611"><time>2026-05-03T09:18:15.900Z</time></trkpt>
<trkpt lat="54.496801" lon="18.672607"><time>2026-05-03T09:18:17.900Z</time></trkpt>
<trkpt lat="54.496853" lon="18.672592"><time>2026-05-03T09:18:19.900Z</time></trkpt>
<trkpt lat="54.496905" lon="18.672573"><time>2026-05-03T09:18:21.900Z</time></trkpt>
<trkpt lat="54.496964" lon="18.672569"><time>2026-05-03T09:18:23.900Z</time></trkpt>
<trkpt lat="54.497019" lon="18.672565"><time>2026-05-03T09:18:25.900Z</time></trkpt>
<trkpt lat="54.497076" lon="18.672565"><time>2026-05-03T09:18:27.900Z</time></trkpt>
<trkpt lat="54.497129" lon="18.672557"><time>2026-05-03T09:18:29.900Z</time></trkpt>
<trkpt lat="54.497185" lon="18.672549"><time>2026-05-03T09:18:31.900Z</time></trkpt>
<trkpt lat="54.497239" lon="18.672544"><time>2026-05-03T09:18:33.900Z</time></trkpt>
<trkpt lat="54.497293" lon="18.672537"><time>2026-05-03T09:18:35.900Z</time></trkpt>
<trkpt lat="54.497349" lon="18.672529"><time>2026-05-03T09:18:37.900Z</time></trkpt>
<trkpt lat="54.497403" lon="18.672524"><time>2026-05-03T09:18:39.900Z</time></trkpt>
<trkpt lat="54.497463" lon="18.672520"><time>2026-05-03T09:18:41.900Z</time></trkpt>
<trkpt lat="54.497522" lon="18.672515"><time>2026-05-03T09:18:43.900Z</time></trkpt>
<trkpt lat="54.497579" lon="18.672506"><time>2026-05-03T09:18:45.900Z</time></trkpt>
<trkpt lat="54.497635" lon="18.672503"><time>2026-05-03T09:18:47.900Z</time></trkpt>
<trkpt lat="54.497689" lon="18.672500"><time>2026-05-03T09:18:49.900Z</time></trkpt>
<trkpt lat="54.497742" lon="18.672499"><time>2026-05-03T09:18:51.900Z</time></trkpt>
<trkpt lat="54.497792" lon="18.672492"><time>2026-05-03T09:18:53.900Z</time></trkpt>
<trkpt lat="54.497846" lon="18.672484"><time>2026-05-03T09:18:55.900Z</time></trkpt>
<trkpt lat="54.497902" lon="18.672480"><time>2026-05-03T09:18:57.900Z</time></trkpt>
<trkpt lat="54.497959" lon="18.672479"><time>2026-05-03T09:18:59.900Z</time></trkpt>
<trkpt lat="54.498011" lon="18.672478"><time>2026-05-03T09:19:01.900Z</time></trkpt>
<trkpt lat="54.498064" lon="18.672477"><time>2026-05-03T09:19:03.900Z</time></trkpt>
<trkpt lat="54.498123" lon="18.672484"><time>2026-05-03T09:19:05.900Z</time></trkpt>
<trkpt lat="54.498189" lon="18.672510"><time>2026-05-03T09:19:07.900Z</time></trkpt>
<trkpt lat="54.498244" lon="18.672514"><time>2026-05-03T09:19:09.900Z</time></trkpt>
<trkpt lat="54.498297" lon="18.672514"><time>2026-05-03T09:19:11.900Z</time></trkpt>
<trkpt lat="54.498354" lon="18.672513"><time>2026-05-03T09:19:13.900Z</time></trkpt>
<trkpt lat="54.498410" lon="18.672513"><time>2026-05-03T09:19:15.900Z</time></trkpt>
<trkpt lat="54.498466" lon="18.672509"><time>2026-05-03T09:19:17.900Z</time></trkpt>
<trkpt lat="54.498526" lon="18.672509"><time>2026-05-03T09:19:19.900Z</time></trkpt>
<trkpt lat="54.498582" lon="18.672509"><time>2026-05-03T09:19:21.900Z</time></trkpt>
<trkpt lat="54.498639" lon="18.672509"><time>2026-05-03T09:19:23.900Z</time></trkpt>
<trkpt lat="54.498696" lon="18.672513"><time>2026-05-03T09:19:25.900Z</time></trkpt>
<trkpt lat="54.498754" lon="18.672513"><time>2026-05-03T09:19:27.900Z</time></trkpt>
<trkpt lat="54.498805" lon="18.672516"><time>2026-05-03T09:19:29.900Z</time></trkpt>
<trkpt lat="54.498858" lon="18.672517"><time>2026-05-03T09:19:31.900Z</time></trkpt>
<trkpt lat="54.498910" lon="18.672520"><time>2026-05-03T09:19:33.900Z</time></trkpt>
<trkpt lat="54.498969" lon="18.672524"><time>2026-05-03T09:19:35.900Z</time></trkpt>
<trkpt lat="54.499020" lon="18.672527"><time>2026-05-03T09:19:37.900Z</time></trkpt>
<trkpt lat="54.499069" lon="18.672528"><time>2026-05-03T09:19:39.900Z</time></trkpt>
<trkpt lat="54.499126" lon="18.672531"><time>2026-05-03T09:19:41.900Z</time></trkpt>
<trkpt lat="54.499183" lon="18.672528"><time>2026-05-03T09:19:43.900Z</time></trkpt>
<trkpt lat="54.499239" lon="18.672518"><time>2026-05-03T09:19:45.900Z</time></trkpt>
<trkpt lat="54.499293" lon="18.672510"><time>2026-05-03T09:19:47.900Z</time></trkpt>
<trkpt lat="54.499346" lon="18.672499"><time>2026-05-03T09:19:49.900Z</time></trkpt>
<trkpt lat="54.499401" lon="18.672495"><time>2026-05-03T09:19:51.900Z</time></trkpt>
<trkpt lat="54.499463" lon="18.672496"><time>2026-05-03T09:19:53.900Z</time></trkpt>
<trkpt lat="54.499528" lon="18.672491"><time>2026-05-03T09:19:55.900Z</time></trkpt>
<trkpt lat="54.499589" lon="18.672488"><time>2026-05-03T09:19:57.900Z</time></trkpt>
<trkpt lat="54.499643" lon="18.672481"><time>2026-05-03T09:19:59.900Z</time></trkpt>
<trkpt lat="54.499703" lon="18.672468"><time>2026-05-03T09:20:01.900Z</time></trkpt>
<trkpt lat="54.499760" lon="18.672457"><time>2026-05-03T09:20:03.900Z</time></trkpt>
<trkpt lat="54.499817" lon="18.672434"><time>2026-05-03T09:20:05.900Z</time></trkpt>
<trkpt lat="54.499868" lon="18.672413"><time>2026-05-03T09:20:07.900Z</time></trkpt>
<trkpt lat="54.499924" lon="18.672398"><time>2026-05-03T09:20:09.900Z</time></trkpt>
<trkpt lat="54.499984" lon="18.672390"><time>2026-05-03T09:20:11.900Z</time></trkpt>
<trkpt lat="54.500040" lon="18.672381"><time>2026-05-03T09:20:13.900Z</time></trkpt>
<trkpt lat="54.500098" lon="18.672371"><time>2026-05-03T09:20:15.900Z</time></trkpt>
<trkpt lat="54.500163" lon="18.672354"><time>2026-05-03T09:20:17.900Z</time></trkpt>
<trkpt lat="54.500229" lon="18.672332"><time>2026-05-03T09:20:19.900Z</time></trkpt>
<trkpt lat="54.500291" lon="18.672323"><time>2026-05-03T09:20:21.900Z</time></trkpt>
<trkpt lat="54.500333" lon="18.672328"><time>2026-05-03T09:20:23.900Z</time></trkpt>
<trkpt lat="54.500381" lon="18.672320"><time>2026-05-03T09:20:25.900Z</time></trkpt>
<trkpt lat="54.500442" lon="18.672304"><time>2026-05-03T09:20:27.900Z</time></trkpt>
<trkpt lat="54.500500" lon="18.672304"><time>2026-05-03T09:20:29.900Z</time></trkpt>
<trkpt lat="54.500557" lon="18.672298"><time>2026-05-03T09:20:31.900Z</time></trkpt>
<trkpt lat="54.500612" lon="18.672291"><time>2026-05-03T09:20:33.900Z</time></trkpt>
<trkpt lat="54.500676" lon="18.672295"><time>2026-05-03T09:20:35.900Z</time></trkpt>
<trkpt lat="54.500730" lon="18.672297"><time>2026-05-03T09:20:37.900Z</time></trkpt>
<trkpt lat="54.500787" lon="18.672303"><time>2026-05-03T09:20:39.900Z</time></trkpt>
<trkpt lat="54.500845" lon="18.672311"><time>2026-05-03T09:20:41.900Z</time></trkpt>
<trkpt lat="54.500899" lon="18.672316"><time>2026-05-03T09:20:43.900Z</time></trkpt>
<trkpt lat="54.500953" lon="18.672322"><time>2026-05-03T09:20:45.900Z</time></trkpt>
<trkpt lat="54.501010" lon="18.672331"><time>2026-05-03T09:20:47.900Z</time></trkpt>
<trkpt lat="54.501066" lon="18.672342"><time>2026-05-03T09:20:49.900Z</time></trkpt>
<trkpt lat="54.501118" lon="18.672352"><time>2026-05-03T09:20:51.900Z</time></trkpt>
<trkpt lat="54.501171" lon="18.672359"><time>2026-05-03T09:20:53.900Z</time></trkpt>
<trkpt lat="54.501226" lon="18.672358"><time>2026-05-03T09:20:55.900Z</time></trkpt>
<trkpt lat="54.501278" lon="18.672359"><time>2026-05-03T09:20:57.900Z</time></trkpt>
<trkpt lat="54.501330" lon="18.672364"><time>2026-05-03T09:20:59.900Z</time></trkpt>
<trkpt lat="54.501380" lon="18.672364"><time>2026-05-03T09:21:01.900Z</time></trkpt>
<trkpt lat="54.501434" lon="18.672366"><time>2026-05-03T09:21:03.900Z</time></trkpt>
<trkpt lat="54.501490" lon="18.672372"><time>2026-05-03T09:21:05.900Z</time></trkpt>
<trkpt lat="54.501546" lon="18.672380"><time>2026-05-03T09:21:07.900Z</time></trkpt>
<trkpt lat="54.501601" lon="18.672393"><time>2026-05-03T09:21:09.900Z</time></trkpt>
<trkpt lat="54.501661" lon="18.672411"><time>2026-05-03T09:21:11.900Z</time></trkpt>
<trkpt lat="54.501714" lon="18.672439"><time>2026-05-03T09:21:13.900Z</time></trkpt>
<trkpt lat="54.501767" lon="18.672466"><time>2026-05-03T09:21:15.900Z</time></trkpt>
<trkpt lat="54.501820" lon="18.672488"><time>2026-05-03T09:21:17.900Z</time></trkpt>
<trkpt lat="54.501871" lon="18.672500"><time>2026-05-03T09:21:19.900Z</time></trkpt>
<trkpt lat="54.501930" lon="18.672523"><time>2026-05-03T09:21:21.900Z</time></trkpt>
<trkpt lat="54.501986" lon="18.672536"><time>2026-05-03T09:21:23.900Z</time></trkpt>
<trkpt lat="54.502045" lon="18.672547"><time>2026-05-03T09:21:25.900Z</time></trkpt>
<trkpt lat="54.502102" lon="18.672552"><time>2026-05-03T09:21:27.900Z</time></trkpt>
<trkpt lat="54.502157" lon="18.672547"><time>2026-05-03T09:21:29.900Z</time></trkpt>
<trkpt lat="54.502206" lon="18.672546"><time>2026-05-03T09:21:31.900Z</time></trkpt>
<trkpt lat="54.502268" lon="18.672558"><time>2026-05-03T09:21:33.900Z</time></trkpt>
<trkpt lat="54.502322" lon="18.672561"><time>2026-05-03T09:21:35.900Z</time></trkpt>
<trkpt lat="54.502381" lon="18.672566"><time>2026-05-03T09:21:37.900Z</time></trkpt>
<trkpt lat="54.502438" lon="18.672563"><time>2026-05-03T09:21:39.900Z</time></trkpt>
<trkpt lat="54.502493" lon="18.672564"><time>2026-05-03T09:21:41.900Z</time></trkpt>
<trkpt lat="54.502554" lon="18.672559"><time>2026-05-03T09:21:43.900Z</time></trkpt>
<trkpt lat="54.502614" lon="18.672555"><time>2026-05-03T09:21:45.900Z</time></trkpt>
<trkpt lat="54.502672" lon="18.672547"><time>2026-05-03T09:21:47.900Z</time></trkpt>
<trkpt lat="54.502728" lon="18.672541"><time>2026-05-03T09:21:49.900Z</time></trkpt>
<trkpt lat="54.502788" lon="18.672537"><time>2026-05-03T09:21:51.900Z</time></trkpt>
<trkpt lat="54.502847" lon="18.672540"><time>2026-05-03T09:21:53.900Z</time></trkpt>
<trkpt lat="54.502906" lon="18.672547"><time>2026-05-03T09:21:55.900Z</time></trkpt>
<trkpt lat="54.502966" lon="18.672552"><time>2026-05-03T09:21:57.900Z</time></trkpt>
<trkpt lat="54.503025" lon="18.672554"><time>2026-05-03T09:21:59.900Z</time></trkpt>
<trkpt lat="54.503085" lon="18.672558"><time>2026-05-03T09:22:01.900Z</time></trkpt>
<trkpt lat="54.503142" lon="18.672557"><time>2026-05-03T09:22:03.900Z</time></trkpt>
<trkpt lat="54.503198" lon="18.672554"><time>2026-05-03T09:22:05.900Z</time></trkpt>
<trkpt lat="54.503258" lon="18.672553"><time>2026-05-03T09:22:07.900Z</time></trkpt>
<trkpt lat="54.503318" lon="18.672554"><time>2026-05-03T09:22:09.900Z</time></trkpt>
<trkpt lat="54.503375" lon="18.672556"><time>2026-05-03T09:22:11.900Z</time></trkpt>
<trkpt lat="54.503436" lon="18.672557"><time>2026-05-03T09:22:13.900Z</time></trkpt>
<trkpt lat="54.503494" lon="18.672555"><time>2026-05-03T09:22:15.900Z</time></trkpt>
<trkpt lat="54.503552" lon="18.672551"><time>2026-05-03T09:22:17.900Z</time></trkpt>
<trkpt lat="54.503611" lon="18.672555"><time>2026-05-03T09:22:19.900Z</time></trkpt>
<trkpt lat="54.503669" lon="18.672560"><time>2026-05-03T09:22:21.900Z</time></trkpt>
<trkpt lat="54.503728" lon="18.672570"><time>2026-05-03T09:22:23.900Z</time></trkpt>
<trkpt lat="54.503787" lon="18.672575"><time>2026-05-03T09:22:25.900Z</time></trkpt>
<trkpt lat="54.503846" lon="18.672577"><time>2026-05-03T09:22:27.900Z</time></trkpt>
<trkpt lat="54.503909" lon="18.672578"><time>2026-05-03T09:22:29.900Z</time></trkpt>
<trkpt lat="54.503973" lon="18.672584"><time>2026-05-03T09:22:31.900Z</time></trkpt>
<trkpt lat="54.504034" lon="18.672598"><time>2026-05-03T09:22:33.900Z</time></trkpt>
<trkpt lat="54.504092" lon="18.672605"><time>2026-05-03T09:22:35.900Z</time></trkpt>
<trkpt lat="54.504150" lon="18.672608"><time>2026-05-03T09:22:37.900Z</time></trkpt>
<trkpt lat="54.504209" lon="18.672612"><time>2026-05-03T09:22:39.900Z</time></trkpt>
<trkpt lat="54.504263" lon="18.672623"><time>2026-05-03T09:22:41.900Z</time></trkpt>
<trkpt lat="54.504321" lon="18.672622"><time>2026-05-03T09:22:43.900Z</time></trkpt>
<trkpt lat="54.504378" lon="18.672616"><time>2026-05-03T09:22:45.900Z</time></trkpt>
<trkpt lat="54.504435" lon="18.672612"><time>2026-05-03T09:22:47.900Z</time></trkpt>
<trkpt lat="54.504498" lon="18.672608"><time>2026-05-03T09:22:49.900Z</time></trkpt>
<trkpt lat="54.504558" lon="18.672607"><time>2026-05-03T09:22:51.900Z</time></trkpt>
<trkpt lat="54.504614" lon="18.672600"><time>2026-05-03T09:22:53.900Z</time></trkpt>
<trkpt lat="54.504669" lon="18.672599"><time>2026-05-03T09:22:55.900Z</time></trkpt>
<trkpt lat="54.504727" lon="18.672602"><time>2026-05-03T09:22:57.900Z</time></trkpt>
<trkpt lat="54.504788" lon="18.672614"><time>2026-05-03T09:22:59.900Z</time></trkpt>
<trkpt lat="54.504848" lon="18.672624"><time>2026-05-03T09:23:01.900Z</time></trkpt>
<trkpt lat="54.504904" lon="18.672629"><time>2026-05-03T09:23:03.900Z</time></trkpt>
<trkpt lat="54.504959" lon="18.672633"><time>2026-05-03T09:23:05.900Z</time></trkpt>
<trkpt lat="54.505015" lon="18.672638"><time>2026-05-03T09:23:07.900Z</time></trkpt>
<trkpt lat="54.505076" lon="18.672641"><time>2026-05-03T09:23:09.900Z</time></trkpt>
<trkpt lat="54.505137" lon="18.672636"><time>2026-05-03T09:23:11.900Z</time></trkpt>
<trkpt lat="54.505196" lon="18.672635"><time>2026-05-03T09:23:13.900Z</time></trkpt>
<trkpt lat="54.505256" lon="18.672633"><time>2026-05-03T09:23:15.900Z</time></trkpt>
<trkpt lat="54.505315" lon="18.672632"><time>2026-05-03T09:23:17.900Z</time></trkpt>
<trkpt lat="54.505374" lon="18.672630"><time>2026-05-03T09:23:19.900Z</time></trkpt>
<trkpt lat="54.505435" lon="18.672626"><time>2026-05-03T09:23:21.900Z</time></trkpt>
<trkpt lat="54.505496" lon="18.672619"><time>2026-05-03T09:23:23.900Z</time></trkpt>
<trkpt lat="54.505553" lon="18.672606"><time>2026-05-03T09:23:25.900Z</time></trkpt>
<trkpt lat="54.505612" lon="18.672593"><time>2026-05-03T09:23:27.900Z</time></trkpt>
<trkpt lat="54.505675" lon="18.672579"><time>2026-05-03T09:23:29.900Z</time></trkpt>
<trkpt lat="54.505734" lon="18.672566"><time>2026-05-03T09:23:31.900Z</time></trkpt>
<trkpt lat="54.505792" lon="18.672557"><time>2026-05-03T09:23:33.900Z</time></trkpt>
<trkpt lat="54.505855" lon="18.672552"><time>2026-05-03T09:23:35.900Z</time></trkpt>
<trkpt lat="54.505915" lon="18.672549"><time>2026-05-03T09:23:37.900Z</time></trkpt>
<trkpt lat="54.505976" lon="18.672548"><time>2026-05-03T09:23:39.900Z</time></trkpt>
<trkpt lat="54.506037" lon="18.672546"><time>2026-05-03T09:23:41.900Z</time></trkpt>
<trkpt lat="54.506097" lon="18.672537"><time>2026-05-03T09:23:43.900Z</time></trkpt>
<trkpt lat="54.506155" lon="18.672525"><time>2026-05-03T09:23:45.900Z</time></trkpt>
<trkpt lat="54.506213" lon="18.672510"><time>2026-05-03T09:23:47.900Z</time></trkpt>
<trkpt lat="54.506274" lon="18.672496"><time>2026-05-03T09:23:49.900Z</time></trkpt>
<trkpt lat="54.506333" lon="18.672480"><time>2026-05-03T09:23:51.900Z</time></trkpt>
<trkpt lat="54.506392" lon="18.672463"><time>2026-05-03T09:23:53.900Z</time></trkpt>
<trkpt lat="54.506451" lon="18.672461"><time>2026-05-03T09:23:55.900Z</time></trkpt>
<trkpt lat="54.506510" lon="18.672461"><time>2026-05-03T09:23:57.900Z</time></trkpt>
<trkpt lat="54.506570" lon="18.672459"><time>2026-05-03T09:23:59.900Z</time></trkpt>
<trkpt lat="54.506634" lon="18.672452"><time>2026-05-03T09:24:01.900Z</time></trkpt>
<trkpt lat="54.506696" lon="18.672443"><time>2026-05-03T09:24:03.900Z</time></trkpt>
<trkpt lat="54.506756" lon="18.672428"><time>2026-05-03T09:24:05.900Z</time></trkpt>
<trkpt lat="54.506815" lon="18.672414"><time>2026-05-03T09:24:07.900Z</time></trkpt>
<trkpt lat="54.506877" lon="18.672399"><time>2026-05-03T09:24:09.900Z</time></trkpt>
<trkpt lat="54.506936" lon="18.672380"><time>2026-05-03T09:24:11.900Z</time></trkpt>
<trkpt lat="54.506996" lon="18.672360"><time>2026-05-03T09:24:13.900Z</time></trkpt>
<trkpt lat="54.507059" lon="18.672335"><time>2026-05-03T09:24:15.900Z</time></trkpt>
<trkpt lat="54.507121" lon="18.672311"><time>2026-05-03T09:24:17.900Z</time></trkpt>
<trkpt lat="54.507179" lon="18.672284"><time>2026-05-03T09:24:19.900Z</time></trkpt>
<trkpt lat="54.507239" lon="18.672256"><time>2026-05-03T09:24:21.900Z</time></trkpt>
<trkpt lat="54.507300" lon="18.672232"><time>2026-05-03T09:24:23.900Z</time></trkpt>
<trkpt lat="54.507363" lon="18.672214"><time>2026-05-03T09:24:25.900Z</time></trkpt>
<trkpt lat="54.507429" lon="18.672194"><time>2026-05-03T09:24:27.900Z</time></trkpt>
<trkpt lat="54.507493" lon="18.672173"><time>2026-05-03T09:24:29.900Z</time></trkpt>
<trkpt lat="54.507555" lon="18.672155"><time>2026-05-03T09:24:31.900Z</time></trkpt>
<trkpt lat="54.507617" lon="18.672131"><time>2026-05-03T09:24:33.900Z</time></trkpt>
<trkpt lat="54.507674" lon="18.672102"><time>2026-05-03T09:24:35.900Z</time></trkpt>
<trkpt lat="54.507732" lon="18.672077"><time>2026-05-03T09:24:37.900Z</time></trkpt>
<trkpt lat="54.507795" lon="18.672054"><time>2026-05-03T09:24:39.900Z</time></trkpt>
<trkpt lat="54.507856" lon="18.672034"><time>2026-05-03T09:24:41.900Z</time></trkpt>
<trkpt lat="54.507920" lon="18.672015"><time>2026-05-03T09:24:43.900Z</time></trkpt>
<trkpt lat="54.507987" lon="18.672001"><time>2026-05-03T09:24:45.900Z</time></trkpt>
<trkpt lat="54.508050" lon="18.671991"><time>2026-05-03T09:24:47.900Z</time></trkpt>
<trkpt lat="54.508111" lon="18.671978"><time>2026-05-03T09:24:49.900Z</time></trkpt>
<trkpt lat="54.508171" lon="18.671967"><time>2026-05-03T09:24:51.900Z</time></trkpt>
<trkpt lat="54.508228" lon="18.671962"><time>2026-05-03T09:24:53.900Z</time></trkpt>
<trkpt lat="54.508280" lon="18.671943"><time>2026-05-03T09:24:55.900Z</time></trkpt>
<trkpt lat="54.508340" lon="18.671935"><time>2026-05-03T09:24:57.900Z</time></trkpt>
<trkpt lat="54.508398" lon="18.671920"><time>2026-05-03T09:24:59.900Z</time></trkpt>
<trkpt lat="54.508461" lon="18.671902"><time>2026-05-03T09:25:01.900Z</time></trkpt>
<trkpt lat="54.508523" lon="18.671884"><time>2026-05-03T09:25:03.900Z</time></trkpt>
<trkpt lat="54.508582" lon="18.671873"><time>2026-05-03T09:25:05.900Z</time></trkpt>
<trkpt lat="54.508639" lon="18.671866"><time>2026-05-03T09:25:07.900Z</time></trkpt>
<trkpt lat="54.508689" lon="18.671858"><time>2026-05-03T09:25:09.900Z</time></trkpt>
<trkpt lat="54.508740" lon="18.671851"><time>2026-05-03T09:25:11.900Z</time></trkpt>
<trkpt lat="54.508798" lon="18.671828"><time>2026-05-03T09:25:13.900Z</time></trkpt>
<trkpt lat="54.508845" lon="18.671799"><time>2026-05-03T09:25:15.900Z</time></trkpt>
<trkpt lat="54.508903" lon="18.671779"><time>2026-05-03T09:25:17.900Z</time></trkpt>
<trkpt lat="54.508961" lon="18.671763"><time>2026-05-03T09:25:19.900Z</time></trkpt>
<trkpt lat="54.509019" lon="18.671749"><time>2026-05-03T09:25:21.900Z</time></trkpt>
<trkpt lat="54.509075" lon="18.671739"><time>2026-05-03T09:25:23.900Z</time></trkpt>
<trkpt lat="54.509130" lon="18.671713"><time>2026-05-03T09:25:25.900Z</time></trkpt>
<trkpt lat="54.509187" lon="18.671697"><time>2026-05-03T09:25:27.900Z</time></trkpt>
<trkpt lat="54.509243" lon="18.671681"><time>2026-05-03T09:25:29.900Z</time></trkpt>
<trkpt lat="54.509301" lon="18.671658"><time>2026-05-03T09:25:31.900Z</time></trkpt>
<trkpt lat="54.509361" lon="18.671637"><time>2026-05-03T09:25:33.900Z</time></trkpt>
<trkpt lat="54.509415" lon="18.671618"><time>2026-05-03T09:25:35.900Z</time></trkpt>
<trkpt lat="54.509476" lon="18.671599"><time>2026-05-03T09:25:37.900Z</time></trkpt>
<trkpt lat="54.509535" lon="18.671583"><time>2026-05-03T09:25:39.900Z</time></trkpt>
<trkpt lat="54.509597" lon="18.671561"><time>2026-05-03T09:25:41.900Z</time></trkpt>
<trkpt lat="54.509656" lon="18.671537"><time>2026-05-03T09:25:43.900Z</time></trkpt>
<trkpt lat="54.509716" lon="18.671506"><time>2026-05-03T09:25:45.900Z</time></trkpt>
<trkpt lat="54.509776" lon="18.671474"><time>2026-05-03T09:25:47.900Z</time></trkpt>
<trkpt lat="54.509835" lon="18.671442"><time>2026-05-03T09:25:49.900Z</time></trkpt>
<trkpt lat="54.509894" lon="18.671411"><time>2026-05-03T09:25:51.900Z</time></trkpt>
<trkpt lat="54.509954" lon="18.671383"><time>2026-05-03T09:25:53.900Z</time></trkpt>
<trkpt lat="54.510010" lon="18.671359"><time>2026-05-03T09:25:55.900Z</time></trkpt>
<trkpt lat="54.510068" lon="18.671331"><time>2026-05-03T09:25:57.900Z</time></trkpt>
<trkpt lat="54.510128" lon="18.671319"><time>2026-05-03T09:25:59.900Z</time></trkpt>
<trkpt lat="54.510196" lon="18.671307"><time>2026-05-03T09:26:01.900Z</time></trkpt>
<trkpt lat="54.510268" lon="18.671282"><time>2026-05-03T09:26:03.900Z</time></trkpt>
<trkpt lat="54.510338" lon="18.671254"><time>2026-05-03T09:26:05.900Z</time></trkpt>
<trkpt lat="54.510402" lon="18.671230"><time>2026-05-03T09:26:07.900Z</time></trkpt>
<trkpt lat="54.510468" lon="18.671209"><time>2026-05-03T09:26:09.900Z</time></trkpt>
<trkpt lat="54.510530" lon="18.671185"><time>2026-05-03T09:26:11.900Z</time></trkpt>
<trkpt lat="54.510597" lon="18.671160"><time>2026-05-03T09:26:13.900Z</time></trkpt>
<trkpt lat="54.510663" lon="18.671135"><time>2026-05-03T09:26:15.900Z</time></trkpt>
<trkpt lat="54.510721" lon="18.671106"><time>2026-05-03T09:26:17.900Z</time></trkpt>
<trkpt lat="54.510764" lon="18.671095"><time>2026-05-03T09:26:19.900Z</time></trkpt>
<trkpt lat="54.510812" lon="18.671087"><time>2026-05-03T09:26:21.900Z</time></trkpt>
<trkpt lat="54.510859" lon="18.671073"><time>2026-05-03T09:26:23.900Z</time></trkpt>
<trkpt lat="54.510909" lon="18.671055"><time>2026-05-03T09:26:25.900Z</time></trkpt>
<trkpt lat="54.510972" lon="18.671038"><time>2026-05-03T09:26:27.900Z</time></trkpt>
<trkpt lat="54.511033" lon="18.671028"><time>2026-05-03T09:26:29.900Z</time></trkpt>
<trkpt lat="54.511084" lon="18.671023"><time>2026-05-03T09:26:31.900Z</time></trkpt>
<trkpt lat="54.511144" lon="18.671015"><time>2026-05-03T09:26:33.900Z</time></trkpt>
<trkpt lat="54.511222" lon="18.671002"><time>2026-05-03T09:26:35.900Z</time></trkpt>
<trkpt lat="54.511282" lon="18.670987"><time>2026-05-03T09:26:37.900Z</time></trkpt>
<trkpt lat="54.511337" lon="18.670970"><time>2026-05-03T09:26:39.900Z</time></trkpt>
<trkpt lat="54.511395" lon="18.670952"><time>2026-05-03T09:26:41.900Z</time></trkpt>
<trkpt lat="54.511452" lon="18.670934"><time>2026-05-03T09:26:43.900Z</time></trkpt>
<trkpt lat="54.511510" lon="18.670906"><time>2026-05-03T09:26:45.900Z</time></trkpt>
<trkpt lat="54.511560" lon="18.670874"><time>2026-05-03T09:26:47.900Z</time></trkpt>
<trkpt lat="54.511616" lon="18.670841"><time>2026-05-03T09:26:49.900Z</time></trkpt>
<trkpt lat="54.511670" lon="18.670807"><time>2026-05-03T09:26:51.900Z</time></trkpt>
<trkpt lat="54.511727" lon="18.670770"><time>2026-05-03T09:26:53.900Z</time></trkpt>
<trkpt lat="54.511789" lon="18.670739"><time>2026-05-03T09:26:55.900Z</time></trkpt>
<trkpt lat="54.511848" lon="18.670711"><time>2026-05-03T09:26:57.900Z</time></trkpt>
<trkpt lat="54.511908" lon="18.670685"><time>2026-05-03T09:26:59.900Z</time></trkpt>
<trkpt lat="54.511968" lon="18.670662"><time>2026-05-03T09:27:01.900Z</time></trkpt>
<trkpt lat="54.512032" lon="18.670632"><time>2026-05-03T09:27:03.900Z</time></trkpt>
<trkpt lat="54.512097" lon="18.670610"><time>2026-05-03T09:27:05.900Z</time></trkpt>
<trkpt lat="54.512160" lon="18.670584"><time>2026-05-03T09:27:07.900Z</time></trkpt>
<trkpt lat="54.512227" lon="18.670564"><time>2026-05-03T09:27:09.900Z</time></trkpt>
<trkpt lat="54.512290" lon="18.670560"><time>2026-05-03T09:27:11.900Z</time></trkpt>
<trkpt lat="54.512347" lon="18.670558"><time>2026-05-03T09:27:13.900Z</time></trkpt>
<trkpt lat="54.512408" lon="18.670549"><time>2026-05-03T09:27:15.900Z</time></trkpt>
<trkpt lat="54.512466" lon="18.670541"><time>2026-05-03T09:27:17.900Z</time></trkpt>
<trkpt lat="54.512529" lon="18.670534"><time>2026-05-03T09:27:19.900Z</time></trkpt>
<trkpt lat="54.512590" lon="18.670526"><time>2026-05-03T09:27:21.900Z</time></trkpt>
<trkpt lat="54.512649" lon="18.670519"><time>2026-05-03T09:27:23.900Z</time></trkpt>
<trkpt lat="54.512703" lon="18.670516"><time>2026-05-03T09:27:25.900Z</time></trkpt>
<trkpt lat="54.512755" lon="18.670512"><time>2026-05-03T09:27:27.900Z</time></trkpt>
<trkpt lat="54.512815" lon="18.670499"><time>2026-05-03T09:27:29.900Z</time></trkpt>
<trkpt lat="54.512876" lon="18.670482"><time>2026-05-03T09:27:31.900Z</time></trkpt>
<trkpt lat="54.512931" lon="18.670466"><time>2026-05-03T09:27:33.900Z</time></trkpt>
<trkpt lat="54.512990" lon="18.670450"><time>2026-05-03T09:27:35.900Z</time></trkpt>
<trkpt lat="54.513047" lon="18.670433"><time>2026-05-03T09:27:37.900Z</time></trkpt>
<trkpt lat="54.513106" lon="18.670424"><time>2026-05-03T09:27:39.900Z</time></trkpt>
<trkpt lat="54.513168" lon="18.670437"><time>2026-05-03T09:27:41.900Z</time></trkpt>
<trkpt lat="54.513230" lon="18.670442"><time>2026-05-03T09:27:43.900Z</time></trkpt>
<trkpt lat="54.513294" lon="18.670436"><time>2026-05-03T09:27:45.900Z</time></trkpt>
<trkpt lat="54.513356" lon="18.670436"><time>2026-05-03T09:27:47.900Z</time></trkpt>
<trkpt lat="54.513411" lon="18.670420"><time>2026-05-03T09:27:49.900Z</time></trkpt>
<trkpt lat="54.513473" lon="18.670391"><time>2026-05-03T09:27:51.900Z</time></trkpt>
<trkpt lat="54.513532" lon="18.670362"><time>2026-05-03T09:27:53.900Z</time></trkpt>
<trkpt lat="54.513593" lon="18.670356"><time>2026-05-03T09:27:55.900Z</time></trkpt>
<trkpt lat="54.513658" lon="18.670345"><time>2026-05-03T09:27:57.900Z</time></trkpt>
<trkpt lat="54.513721" lon="18.670333"><time>2026-05-03T09:27:59.900Z</time></trkpt>
<trkpt lat="54.513777" lon="18.670318"><time>2026-05-03T09:28:01.900Z</time></trkpt>
<trkpt lat="54.513835" lon="18.670301"><time>2026-05-03T09:28:03.900Z</time></trkpt>
<trkpt lat="54.513895" lon="18.670290"><time>2026-05-03T09:28:05.900Z</time></trkpt>
<trkpt lat="54.513954" lon="18.670283"><time>2026-05-03T09:28:07.900Z</time></trkpt>
<trkpt lat="54.514016" lon="18.670271"><time>2026-05-03T09:28:09.900Z</time></trkpt>
<trkpt lat="54.514071" lon="18.670258"><time>2026-05-03T09:28:11.900Z</time></trkpt>
<trkpt lat="54.514123" lon="18.670238"><time>2026-05-03T09:28:13.900Z</time></trkpt>
<trkpt lat="54.514178" lon="18.670220"><time>2026-05-03T09:28:15.900Z</time></trkpt>
<trkpt lat="54.514237" lon="18.670204"><time>2026-05-03T09:28:17.900Z</time></trkpt>
<trkpt lat="54.514298" lon="18.670188"><time>2026-05-03T09:28:19.900Z</time></trkpt>
<trkpt lat="54.514357" lon="18.670172"><time>2026-05-03T09:28:21.900Z</time></trkpt>
<trkpt lat="54.514415" lon="18.670155"><time>2026-05-03T09:28:23.900Z</time></trkpt>
<trkpt lat="54.514474" lon="18.670141"><time>2026-05-03T09:28:25.900Z</time></trkpt>
<trkpt lat="54.514532" lon="18.670120"><time>2026-05-03T09:28:27.900Z</time></trkpt>
<trkpt lat="54.514591" lon="18.670100"><time>2026-05-03T09:28:29.900Z</time></trkpt>
<trkpt lat="54.514649" lon="18.670085"><time>2026-05-03T09:28:31.900Z</time></trkpt>
<trkpt lat="54.514709" lon="18.670076"><time>2026-05-03T09:28:33.900Z</time></trkpt>
<trkpt lat="54.514772" lon="18.670065"><time>2026-05-03T09:28:35.900Z</time></trkpt>
<trkpt lat="54.514833" lon="18.670055"><time>2026-05-03T09:28:37.900Z</time></trkpt>
<trkpt lat="54.514895" lon="18.670049"><time>2026-05-03T09:28:39.900Z</time></trkpt>
<trkpt lat="54.514955" lon="18.670038"><time>2026-05-03T09:28:41.900Z</time></trkpt>
<trkpt lat="54.515013" lon="18.670019"><time>2026-05-03T09:28:43.900Z</time></trkpt>
<trkpt lat="54.515070" lon="18.669993"><time>2026-05-03T09:28:45.900Z</time></trkpt>
<trkpt lat="54.515128" lon="18.669970"><time>2026-05-03T09:28:47.900Z</time></trkpt>
<trkpt lat="54.515185" lon="18.669948"><time>2026-05-03T09:28:49.900Z</time></trkpt>
<trkpt lat="54.515241" lon="18.669933"><time>2026-05-03T09:28:51.900Z</time></trkpt>
<trkpt lat="54.515301" lon="18.669915"><time>2026-05-03T09:28:53.900Z</time></trkpt>
<trkpt lat="54.515359" lon="18.669897"><time>2026-05-03T09:28:55.900Z</time></trkpt>
<trkpt lat="54.515418" lon="18.669874"><time>2026-05-03T09:28:57.900Z</time></trkpt>
<trkpt lat="54.515477" lon="18.669850"><time>2026-05-03T09:28:59.900Z</time></trkpt>
<trkpt lat="54.515538" lon="18.669829"><time>2026-05-03T09:29:01.900Z</time></trkpt>
<trkpt lat="54.515598" lon="18.669811"><time>2026-05-03T09:29:03.900Z</time></trkpt>
<trkpt lat="54.515659" lon="18.669790"><time>2026-05-03T09:29:06.000Z</time></trkpt>
<trkpt lat="54.515722" lon="18.669771"><time>2026-05-03T09:29:08.000Z</time></trkpt>
<trkpt lat="54.515782" lon="18.669752"><time>2026-05-03T09:29:10.000Z</time></trkpt>
<trkpt lat="54.515840" lon="18.669735"><time>2026-05-03T09:29:12.000Z</time></trkpt>
<trkpt lat="54.515900" lon="18.669721"><time>2026-05-03T09:29:14.000Z</time></trkpt>
<trkpt lat="54.515962" lon="18.669710"><time>2026-05-03T09:29:16.000Z</time></trkpt>
<trkpt lat="54.516021" lon="18.669698"><time>2026-05-03T09:29:18.000Z</time></trkpt>
<trkpt lat="54.516078" lon="18.669683"><time>2026-05-03T09:29:20.000Z</time></trkpt>
<trkpt lat="54.516139" lon="18.669670"><time>2026-05-03T09:29:22.000Z</time></trkpt>
<trkpt lat="54.516201" lon="18.669656"><time>2026-05-03T09:29:24.000Z</time></trkpt>
<trkpt lat="54.516261" lon="18.669643"><time>2026-05-03T09:29:26.000Z</time></trkpt>
<trkpt lat="54.516318" lon="18.669634"><time>2026-05-03T09:29:28.000Z</time></trkpt>
<trkpt lat="54.516376" lon="18.669624"><time>2026-05-03T09:29:30.000Z</time></trkpt>
<trkpt lat="54.516434" lon="18.669608"><time>2026-05-03T09:29:32.000Z</time></trkpt>
<trkpt lat="54.516494" lon="18.669593"><time>2026-05-03T09:29:34.000Z</time></trkpt>
<trkpt lat="54.516554" lon="18.669579"><time>2026-05-03T09:29:36.000Z</time></trkpt>
<trkpt lat="54.516612" lon="18.669563"><time>2026-05-03T09:29:38.000Z</time></trkpt>
<trkpt lat="54.516672" lon="18.669545"><time>2026-05-03T09:29:40.000Z</time></trkpt>
<trkpt lat="54.516734" lon="18.669527"><time>2026-05-03T09:29:42.000Z</time></trkpt>
<trkpt lat="54.516794" lon="18.669508"><time>2026-05-03T09:29:44.000Z</time></trkpt>
<trkpt lat="54.516849" lon="18.669493"><time>2026-05-03T09:29:46.000Z</time></trkpt>
<trkpt lat="54.516907" lon="18.669473"><time>2026-05-03T09:29:48.000Z</time></trkpt>
<trkpt lat="54.516966" lon="18.669460"><time>2026-05-03T09:29:50.000Z</time></trkpt>
<trkpt lat="54.517025" lon="18.669450"><time>2026-05-03T09:29:52.000Z</time></trkpt>
<trkpt lat="54.517082" lon="18.669437"><time>2026-05-03T09:29:54.000Z</time></trkpt>
<trkpt lat="54.517141" lon="18.669423"><time>2026-05-03T09:29:56.000Z</time></trkpt>
<trkpt lat="54.517199" lon="18.669406"><time>2026-05-03T09:29:58.000Z</time></trkpt>
<trkpt lat="54.517260" lon="18.669382"><time>2026-05-03T09:30:00.000Z</time></trkpt>
<trkpt lat="54.517324" lon="18.669372"><time>2026-05-03T09:30:02.000Z</time></trkpt>
<trkpt lat="54.517388" lon="18.669361"><time>2026-05-03T09:30:04.000Z</time></trkpt>
<trkpt lat="54.517442" lon="18.669341"><time>2026-05-03T09:30:06.000Z</time></trkpt>
<trkpt lat="54.517499" lon="18.669320"><time>2026-05-03T09:30:07.900Z</time></trkpt>
<trkpt lat="54.517553" lon="18.669298"><time>2026-05-03T09:30:09.900Z</time></trkpt>
<trkpt lat="54.517610" lon="18.669280"><time>2026-05-03T09:30:11.900Z</time></trkpt>
<trkpt lat="54.517672" lon="18.669265"><time>2026-05-03T09:30:13.900Z</time></trkpt>
<trkpt lat="54.517732" lon="18.669249"><time>2026-05-03T09:30:15.900Z</time></trkpt>
<trkpt lat="54.517786" lon="18.669227"><time>2026-05-03T09:30:17.900Z</time></trkpt>
<trkpt lat="54.517838" lon="18.669202"><time>2026-05-03T09:30:19.900Z</time></trkpt>
<trkpt lat="54.517889" lon="18.669188"><time>2026-05-03T09:30:21.900Z</time></trkpt>
<trkpt lat="54.517938" lon="18.669177"><time>2026-05-03T09:30:23.900Z</time></trkpt>
<trkpt lat="54.517986" lon="18.669164"><time>2026-05-03T09:30:25.900Z</time></trkpt>
<trkpt lat="54.518036" lon="18.669142"><time>2026-05-03T09:30:27.900Z</time></trkpt>
<trkpt lat="54.518099" lon="18.669132"><time>2026-05-03T09:30:29.900Z</time></trkpt>
<trkpt lat="54.518144" lon="18.669136"><time>2026-05-03T09:30:31.900Z</time></trkpt>
<trkpt lat="54.518183" lon="18.669142"><time>2026-05-03T09:30:33.900Z</time></trkpt>
<trkpt lat="54.518220" lon="18.669139"><time>2026-05-03T09:30:35.900Z</time></trkpt>
<trkpt lat="54.518250" lon="18.669124"><time>2026-05-03T09:30:37.900Z</time></trkpt>
<trkpt lat="54.518285" lon="18.669104"><time>2026-05-03T09:30:39.900Z</time></trkpt>
<trkpt lat="54.518320" lon="18.669087"><time>2026-05-03T09:30:41.900Z</time></trkpt>
<trkpt lat="54.518346" lon="18.669059"><time>2026-05-03T09:30:43.900Z</time></trkpt>
<trkpt lat="54.518375" lon="18.669034"><time>2026-05-03T09:30:45.900Z</time></trkpt>
<trkpt lat="54.518409" lon="18.669010"><time>2026-05-03T09:30:47.900Z</time></trkpt>
<trkpt lat="54.518440" lon="18.668989"><time>2026-05-03T09:30:49.900Z</time></trkpt>
<trkpt lat="54.518470" lon="18.668965"><time>2026-05-03T09:30:51.900Z</time></trkpt>
<trkpt lat="54.518506" lon="18.668938"><time>2026-05-03T09:30:53.900Z</time></trkpt>
<trkpt lat="54.518544" lon="18.668914"><time>2026-05-03T09:30:55.900Z</time></trkpt>
<trkpt lat="54.518578" lon="18.668892"><time>2026-05-03T09:30:57.900Z</time></trkpt>
<trkpt lat="54.518617" lon="18.668869"><time>2026-05-03T09:30:59.900Z</time></trkpt>
<trkpt lat="54.518667" lon="18.668840"><time>2026-05-03T09:31:01.900Z</time></trkpt>
<trkpt lat="54.518713" lon="18.668816"><time>2026-05-03T09:31:03.900Z</time></trkpt>
<trkpt lat="54.518758" lon="18.668797"><time>2026-05-03T09:31:05.900Z</time></trkpt>
<trkpt lat="54.518797" lon="18.668780"><time>2026-05-03T09:31:07.900Z</time></trkpt>
<trkpt lat="54.518849" lon="18.668764"><time>2026-05-03T09:31:09.900Z</time></trkpt>
<trkpt lat="54.518906" lon="18.668749"><time>2026-05-03T09:31:12.000Z</time></trkpt>
<trkpt lat="54.518963" lon="18.668745"><time>2026-05-03T09:31:14.000Z</time></trkpt>
<trkpt lat="54.519008" lon="18.668736"><time>2026-05-03T09:31:16.000Z</time></trkpt>
<trkpt lat="54.519064" lon="18.668721"><time>2026-05-03T09:31:18.000Z</time></trkpt>
<trkpt lat="54.519119" lon="18.668696"><time>2026-05-03T09:31:20.000Z</time></trkpt>
<trkpt lat="54.519165" lon="18.668676"><time>2026-05-03T09:31:22.000Z</time></trkpt>
<trkpt lat="54.519226" lon="18.668664"><time>2026-05-03T09:31:24.000Z</time></trkpt>
<trkpt lat="54.519282" lon="18.668650"><time>2026-05-03T09:31:26.000Z</time></trkpt>
<trkpt lat="54.519341" lon="18.668646"><time>2026-05-03T09:31:28.000Z</time></trkpt>
<trkpt lat="54.519391" lon="18.668631"><time>2026-05-03T09:31:30.000Z</time></trkpt>
<trkpt lat="54.519443" lon="18.668613"><time>2026-05-03T09:31:32.000Z</time></trkpt>
<trkpt lat="54.519497" lon="18.668599"><time>2026-05-03T09:31:34.000Z</time></trkpt>
<trkpt lat="54.519555" lon="18.668587"><time>2026-05-03T09:31:36.000Z</time></trkpt>
<trkpt lat="54.519617" lon="18.668581"><time>2026-05-03T09:31:38.000Z</time></trkpt>
<trkpt lat="54.519687" lon="18.668572"><time>2026-05-03T09:31:40.000Z</time></trkpt>
<trkpt lat="54.519755" lon="18.668565"><time>2026-05-03T09:31:42.000Z</time></trkpt>
<trkpt lat="54.519821" lon="18.668561"><time>2026-05-03T09:31:44.000Z</time></trkpt>
<trkpt lat="54.519881" lon="18.668558"><time>2026-05-03T09:31:46.000Z</time></trkpt>
<trkpt lat="54.519941" lon="18.668541"><time>2026-05-03T09:31:48.000Z</time></trkpt>
<trkpt lat="54.519997" lon="18.668521"><time>2026-05-03T09:31:50.000Z</time></trkpt>
<trkpt lat="54.520057" lon="18.668505"><time>2026-05-03T09:31:52.000Z</time></trkpt>
<trkpt lat="54.520121" lon="18.668496"><time>2026-05-03T09:31:54.000Z</time></trkpt>
<trkpt lat="54.520169" lon="18.668481"><time>2026-05-03T09:31:56.000Z</time></trkpt>
<trkpt lat="54.520221" lon="18.668471"><time>2026-05-03T09:31:58.000Z</time></trkpt>
<trkpt lat="54.520275" lon="18.668459"><time>2026-05-03T09:32:00.000Z</time></trkpt>
<trkpt lat="54.520328" lon="18.668446"><time>2026-05-03T09:32:02.000Z</time></trkpt>
<trkpt lat="54.520359" lon="18.668437"><time>2026-05-03T09:32:04.000Z</time></trkpt>
<trkpt lat="54.520411" lon="18.668422"><time>2026-05-03T09:32:06.000Z</time></trkpt>
<trkpt lat="54.520461" lon="18.668392"><time>2026-05-03T09:32:08.000Z</time></trkpt>
<trkpt lat="54.520510" lon="18.668361"><time>2026-05-03T09:32:10.000Z</time></trkpt>
<trkpt lat="54.520564" lon="18.668338"><time>2026-05-03T09:32:12.000Z</time></trkpt>
<trkpt lat="54.520621" lon="18.668315"><time>2026-05-03T09:32:14.000Z</time></trkpt>
<trkpt lat="54.520681" lon="18.668294"><time>2026-05-03T09:32:16.000Z</time></trkpt>
<trkpt lat="54.520731" lon="18.668276"><time>2026-05-03T09:32:18.000Z</time></trkpt>
<trkpt lat="54.520786" lon="18.668258"><time>2026-05-03T09:32:20.000Z</time></trkpt>
<trkpt lat="54.520849" lon="18.668235"><time>2026-05-03T09:32:22.000Z</time></trkpt>
<trkpt lat="54.520914" lon="18.668223"><time>2026-05-03T09:32:24.000Z</time></trkpt>
<trkpt lat="54.520974" lon="18.668195"><time>2026-05-03T09:32:26.000Z</time></trkpt>
<trkpt lat="54.521023" lon="18.668183"><time>2026-05-03T09:32:28.000Z</time></trkpt>
<trkpt lat="54.521076" lon="18.668184"><time>2026-05-03T09:32:29.900Z</time></trkpt>
<trkpt lat="54.521133" lon="18.668186"><time>2026-05-03T09:32:31.900Z</time></trkpt>
<trkpt lat="54.521199" lon="18.668189"><time>2026-05-03T09:32:33.900Z</time></trkpt>
<trkpt lat="54.521245" lon="18.668180"><time>2026-05-03T09:32:35.900Z</time></trkpt>
<trkpt lat="54.521294" lon="18.668173"><time>2026-05-03T09:32:37.900Z</time></trkpt>
<trkpt lat="54.521349" lon="18.668174"><time>2026-05-03T09:32:39.900Z</time></trkpt>
<trkpt lat="54.521400" lon="18.668161"><time>2026-05-03T09:32:41.900Z</time></trkpt>
<trkpt lat="54.521453" lon="18.668148"><time>2026-05-03T09:32:43.900Z</time></trkpt>
<trkpt lat="54.521501" lon="18.668137"><time>2026-05-03T09:32:45.900Z</time></trkpt>
<trkpt lat="54.521559" lon="18.668127"><time>2026-05-03T09:32:47.900Z</time></trkpt>
<trkpt lat="54.521615" lon="18.668121"><time>2026-05-03T09:32:49.900Z</time></trkpt>
<trkpt lat="54.521675" lon="18.668118"><time>2026-05-03T09:32:51.900Z</time></trkpt>
<trkpt lat="54.521711" lon="18.668114"><time>2026-05-03T09:32:53.900Z</time></trkpt>
<trkpt lat="54.521760" lon="18.668098"><time>2026-05-03T09:32:55.900Z</time></trkpt>
<trkpt lat="54.521814" lon="18.668097"><time>2026-05-03T09:32:57.900Z</time></trkpt>
<trkpt lat="54.521868" lon="18.668079"><time>2026-05-03T09:32:59.900Z</time></trkpt>
<trkpt lat="54.521921" lon="18.668067"><time>2026-05-03T09:33:01.900Z</time></trkpt>
<trkpt lat="54.521971" lon="18.668056"><time>2026-05-03T09:33:03.900Z</time></trkpt>
<trkpt lat="54.522025" lon="18.668053"><time>2026-05-03T09:33:05.900Z</time></trkpt>
<trkpt lat="54.522078" lon="18.668048"><time>2026-05-03T09:33:07.900Z</time></trkpt>
<trkpt lat="54.522129" lon="18.668046"><time>2026-05-03T09:33:09.900Z</time></trkpt>
<trkpt lat="54.522173" lon="18.668042"><time>2026-05-03T09:33:11.900Z</time></trkpt>
<trkpt lat="54.522211" lon="18.668033"><time>2026-05-03T09:33:13.900Z</time></trkpt>
<trkpt lat="54.522257" lon="18.668029"><time>2026-05-03T09:33:15.900Z</time></trkpt>
<trkpt lat="54.522308" lon="18.668030"><time>2026-05-03T09:33:18.000Z</time></trkpt>
<trkpt lat="54.522359" lon="18.668031"><time>2026-05-03T09:33:20.000Z</time></trkpt>
<trkpt lat="54.522408" lon="18.668035"><time>2026-05-03T09:33:22.000Z</time></trkpt>
<trkpt lat="54.522459" lon="18.668035"><time>2026-05-03T09:33:24.000Z</time></trkpt>
<trkpt lat="54.522509" lon="18.668035"><time>2026-05-03T09:33:26.000Z</time></trkpt>
<trkpt lat="54.522562" lon="18.668032"><time>2026-05-03T09:33:28.000Z</time></trkpt>
<trkpt lat="54.522613" lon="18.668028"><time>2026-05-03T09:33:30.000Z</time></trkpt>
<trkpt lat="54.522662" lon="18.668025"><time>2026-05-03T09:33:32.000Z</time></trkpt>
<trkpt lat="54.522709" lon="18.668016"><time>2026-05-03T09:33:34.000Z</time></trkpt>
<trkpt lat="54.522759" lon="18.668010"><time>2026-05-03T09:33:36.000Z</time></trkpt>
<trkpt lat="54.522813" lon="18.668002"><time>2026-05-03T09:33:38.000Z</time></trkpt>
<trkpt lat="54.522862" lon="18.667995"><time>2026-05-03T09:33:40.000Z</time></trkpt>
<trkpt lat="54.522915" lon="18.667985"><time>2026-05-03T09:33:42.000Z</time></trkpt>
<trkpt lat="54.522970" lon="18.667971"><time>2026-05-03T09:33:44.000Z</time></trkpt>
<trkpt lat="54.523020" lon="18.667957"><time>2026-05-03T09:33:46.000Z</time></trkpt>
<trkpt lat="54.523079" lon="18.667946"><time>2026-05-03T09:33:48.000Z</time></trkpt>
<trkpt lat="54.523140" lon="18.667937"><time>2026-05-03T09:33:50.000Z</time></trkpt>
<trkpt lat="54.523198" lon="18.667931"><time>2026-05-03T09:33:52.000Z</time></trkpt>
<trkpt lat="54.523251" lon="18.667929"><time>2026-05-03T09:33:54.000Z</time></trkpt>
<trkpt lat="54.523304" lon="18.667927"><time>2026-05-03T09:33:56.000Z</time></trkpt>
<trkpt lat="54.523349" lon="18.667919"><time>2026-05-03T09:33:58.000Z</time></trkpt>
<trkpt lat="54.523403" lon="18.667908"><time>2026-05-03T09:34:00.000Z</time></trkpt>
<trkpt lat="54.523462" lon="18.667890"><time>2026-05-03T09:34:02.000Z</time></trkpt>
<trkpt lat="54.523519" lon="18.667870"><time>2026-05-03T09:34:04.000Z</time></trkpt>
<trkpt lat="54.523574" lon="18.667851"><time>2026-05-03T09:34:06.000Z</time></trkpt>
<trkpt lat="54.523629" lon="18.667834"><time>2026-05-03T09:34:08.000Z</time></trkpt>
<trkpt lat="54.523693" lon="18.667823"><time>2026-05-03T09:34:10.000Z</time></trkpt>
<trkpt lat="54.523752" lon="18.667818"><time>2026-05-03T09:34:12.000Z</time></trkpt>
<trkpt lat="54.523811" lon="18.667810"><time>2026-05-03T09:34:14.000Z</time></trkpt>
<trkpt lat="54.523867" lon="18.667803"><time>2026-05-03T09:34:16.000Z</time></trkpt>
<trkpt lat="54.523923" lon="18.667791"><time>2026-05-03T09:34:18.000Z</time></trkpt>
<trkpt lat="54.523978" lon="18.667781"><time>2026-05-03T09:34:20.000Z</time></trkpt>
<trkpt lat="54.524033" lon="18.667774"><time>2026-05-03T09:34:22.000Z</time></trkpt>
<trkpt lat="54.524084" lon="18.667767"><time>2026-05-03T09:34:24.000Z</time></trkpt>
<trkpt lat="54.524136" lon="18.667760"><time>2026-05-03T09:34:25.900Z</time></trkpt>
<trkpt lat="54.524185" lon="18.667750"><time>2026-05-03T09:34:27.900Z</time></trkpt>
<trkpt lat="54.524235" lon="18.667741"><time>2026-05-03T09:34:29.900Z</time></trkpt>
<trkpt lat="54.524287" lon="18.667735"><time>2026-05-03T09:34:31.900Z</time></trkpt>
<trkpt lat="54.524342" lon="18.667721"><time>2026-05-03T09:34:33.900Z</time></trkpt>
<trkpt lat="54.524394" lon="18.667715"><time>2026-05-03T09:34:35.900Z</time></trkpt>
<trkpt lat="54.524448" lon="18.667706"><time>2026-05-03T09:34:37.900Z</time></trkpt>
<trkpt lat="54.524496" lon="18.667690"><time>2026-05-03T09:34:39.900Z</time></trkpt>
<trkpt lat="54.524550" lon="18.667683"><time>2026-05-03T09:34:41.900Z</time></trkpt>
<trkpt lat="54.524604" lon="18.667677"><time>2026-05-03T09:34:43.900Z</time></trkpt>
<trkpt lat="54.524654" lon="18.667661"><time>2026-05-03T09:34:45.900Z</time></trkpt>
<trkpt lat="54.524704" lon="18.667652"><time>2026-05-03T09:34:47.900Z</time></trkpt>
<trkpt lat="54.524755" lon="18.667633"><time>2026-05-03T09:34:49.900Z</time></trkpt>
<trkpt lat="54.524803" lon="18.667620"><time>2026-05-03T09:34:51.900Z</time></trkpt>
<trkpt lat="54.524856" lon="18.667602"><time>2026-05-03T09:34:53.900Z</time></trkpt>
<trkpt lat="54.524914" lon="18.667576"><time>2026-05-03T09:34:55.900Z</time></trkpt>
<trkpt lat="54.524966" lon="18.667560"><time>2026-05-03T09:34:57.900Z</time></trkpt>
<trkpt lat="54.525019" lon="18.667541"><time>2026-05-03T09:34:59.900Z</time></trkpt>
<trkpt lat="54.525069" lon="18.667521"><time>2026-05-03T09:35:01.900Z</time></trkpt>
<trkpt lat="54.525124" lon="18.667495"><time>2026-05-03T09:35:03.900Z</time></trkpt>
<trkpt lat="54.525180" lon="18.667470"><time>2026-05-03T09:35:05.900Z</time></trkpt>
<trkpt lat="54.525240" lon="18.667447"><time>2026-05-03T09:35:07.900Z</time></trkpt>
<trkpt lat="54.525304" lon="18.667420"><time>2026-05-03T09:35:09.900Z</time></trkpt>
<trkpt lat="54.525355" lon="18.667396"><time>2026-05-03T09:35:11.900Z</time></trkpt>
<trkpt lat="54.525405" lon="18.667378"><time>2026-05-03T09:35:13.900Z</time></trkpt>
<trkpt lat="54.525457" lon="18.667360"><time>2026-05-03T09:35:15.900Z</time></trkpt>
<trkpt lat="54.525503" lon="18.667345"><time>2026-05-03T09:35:17.900Z</time></trkpt>
<trkpt lat="54.525551" lon="18.667336"><time>2026-05-03T09:35:19.900Z</time></trkpt>
<trkpt lat="54.525603" lon="18.667320"><time>2026-05-03T09:35:21.900Z</time></trkpt>
<trkpt lat="54.525656" lon="18.667300"><time>2026-05-03T09:35:24.000Z</time></trkpt>
<trkpt lat="54.525726" lon="18.667277"><time>2026-05-03T09:35:26.000Z</time></trkpt>
<trkpt lat="54.525791" lon="18.667246"><time>2026-05-03T09:35:28.000Z</time></trkpt>
<trkpt lat="54.525837" lon="18.667224"><time>2026-05-03T09:35:30.000Z</time></trkpt>
<trkpt lat="54.525879" lon="18.667211"><time>2026-05-03T09:35:32.000Z</time></trkpt>
<trkpt lat="54.525929" lon="18.667197"><time>2026-05-03T09:35:34.000Z</time></trkpt>
<trkpt lat="54.525975" lon="18.667182"><time>2026-05-03T09:35:36.000Z</time></trkpt>
<trkpt lat="54.526034" lon="18.667152"><time>2026-05-03T09:35:38.000Z</time></trkpt>
<trkpt lat="54.526084" lon="18.667130"><time>2026-05-03T09:35:40.000Z</time></trkpt>
<trkpt lat="54.526122" lon="18.667106"><time>2026-05-03T09:35:42.000Z</time></trkpt>
<trkpt lat="54.526177" lon="18.667078"><time>2026-05-03T09:35:44.000Z</time></trkpt>
<trkpt lat="54.526239" lon="18.667056"><time>2026-05-03T09:35:46.000Z</time></trkpt>
<trkpt lat="54.526293" lon="18.667033"><time>2026-05-03T09:35:48.000Z</time></trkpt>
<trkpt lat="54.526352" lon="18.667005"><time>2026-05-03T09:35:50.000Z</time></trkpt>
<trkpt lat="54.526409" lon="18.666981"><time>2026-05-03T09:35:52.000Z</time></trkpt>
<trkpt lat="54.526468" lon="18.666962"><time>2026-05-03T09:35:54.000Z</time></trkpt>
<trkpt lat="54.526519" lon="18.666954"><time>2026-05-03T09:35:56.000Z</time></trkpt>
<trkpt lat="54.526573" lon="18.666942"><time>2026-05-03T09:35:58.000Z</time></trkpt>
<trkpt lat="54.526631" lon="18.666932"><time>2026-05-03T09:36:00.000Z</time></trkpt>
<trkpt lat="54.526686" lon="18.666930"><time>2026-05-03T09:36:02.000Z</time></trkpt>
<trkpt lat="54.526741" lon="18.666915"><time>2026-05-03T09:36:04.000Z</time></trkpt>
<trkpt lat="54.526794" lon="18.666909"><time>2026-05-03T09:36:06.000Z</time></trkpt>
<trkpt lat="54.526847" lon="18.666904"><time>2026-05-03T09:36:08.000Z</time></trkpt>
<trkpt lat="54.526909" lon="18.666885"><time>2026-05-03T09:36:10.000Z</time></trkpt>
<trkpt lat="54.526965" lon="18.666865"><time>2026-05-03T09:36:11.900Z</time></trkpt>
<trkpt lat="54.527021" lon="18.666852"><time>2026-05-03T09:36:13.900Z</time></trkpt>
<trkpt lat="54.527074" lon="18.666842"><time>2026-05-03T09:36:15.900Z</time></trkpt>
<trkpt lat="54.527130" lon="18.666826"><time>2026-05-03T09:36:17.900Z</time></trkpt>
<trkpt lat="54.527183" lon="18.666810"><time>2026-05-03T09:36:19.900Z</time></trkpt>
<trkpt lat="54.527235" lon="18.666795"><time>2026-05-03T09:36:21.900Z</time></trkpt>
<trkpt lat="54.527294" lon="18.666789"><time>2026-05-03T09:36:23.900Z</time></trkpt>
<trkpt lat="54.527344" lon="18.666780"><time>2026-05-03T09:36:25.900Z</time></trkpt>
<trkpt lat="54.527384" lon="18.666769"><time>2026-05-03T09:36:27.900Z</time></trkpt>
<trkpt lat="54.527431" lon="18.666761"><time>2026-05-03T09:36:29.900Z</time></trkpt>
<trkpt lat="54.527483" lon="18.666754"><time>2026-05-03T09:36:31.900Z</time></trkpt>
<trkpt lat="54.527536" lon="18.666742"><time>2026-05-03T09:36:33.900Z</time></trkpt>
<trkpt lat="54.527593" lon="18.666731"><time>2026-05-03T09:36:35.900Z</time></trkpt>
<trkpt lat="54.527646" lon="18.666717"><time>2026-05-03T09:36:37.900Z</time></trkpt>
<trkpt lat="54.527698" lon="18.666704"><time>2026-05-03T09:36:39.900Z</time></trkpt>
<trkpt lat="54.527752" lon="18.666691"><time>2026-05-03T09:36:41.900Z</time></trkpt>
<trkpt lat="54.527794" lon="18.666683"><time>2026-05-03T09:36:43.900Z</time></trkpt>
<trkpt lat="54.527840" lon="18.666672"><time>2026-05-03T09:36:45.900Z</time></trkpt>
<trkpt lat="54.527886" lon="18.666664"><time>2026-05-03T09:36:47.900Z</time></trkpt>
<trkpt lat="54.527938" lon="18.666647"><time>2026-05-03T09:36:49.900Z</time></trkpt>
<trkpt lat="54.527995" lon="18.666630"><time>2026-05-03T09:36:51.900Z</time></trkpt>
<trkpt lat="54.528050" lon="18.666610"><time>2026-05-03T09:36:53.900Z</time></trkpt>
<trkpt lat="54.528106" lon="18.666589"><time>2026-05-03T09:36:55.900Z</time></trkpt>
<trkpt lat="54.528155" lon="18.666569"><time>2026-05-03T09:36:57.900Z</time></trkpt>
<trkpt lat="54.528201" lon="18.666566"><time>2026-05-03T09:36:59.900Z</time></trkpt>
<trkpt lat="54.528250" lon="18.666565"><time>2026-05-03T09:37:01.900Z</time></trkpt>
<trkpt lat="54.528305" lon="18.666560"><time>2026-05-03T09:37:03.900Z</time></trkpt>
<trkpt lat="54.528357" lon="18.666559"><time>2026-05-03T09:37:05.900Z</time></trkpt>
<trkpt lat="54.528406" lon="18.666558"><time>2026-05-03T09:37:07.900Z</time></trkpt>
<trkpt lat="54.528454" lon="18.666551"><time>2026-05-03T09:37:09.900Z</time></trkpt>
<trkpt lat="54.528500" lon="18.666535"><time>2026-05-03T09:37:11.900Z</time></trkpt>
<trkpt lat="54.528550" lon="18.666515"><time>2026-05-03T09:37:13.900Z</time></trkpt>
<trkpt lat="54.528610" lon="18.666503"><time>2026-05-03T09:37:15.900Z</time></trkpt>
<trkpt lat="54.528653" lon="18.666488"><time>2026-05-03T09:37:17.900Z</time></trkpt>
<trkpt lat="54.528708" lon="18.666473"><time>2026-05-03T09:37:19.900Z</time></trkpt>
<trkpt lat="54.528757" lon="18.666452"><time>2026-05-03T09:37:21.900Z</time></trkpt>
<trkpt lat="54.528805" lon="18.666431"><time>2026-05-03T09:37:23.900Z</time></trkpt>
<trkpt lat="54.528853" lon="18.666436"><time>2026-05-03T09:37:25.900Z</time></trkpt>
<trkpt lat="54.528894" lon="18.666436"><time>2026-05-03T09:37:27.900Z</time></trkpt>
<trkpt lat="54.528937" lon="18.666422"><time>2026-05-03T09:37:30.000Z</time></trkpt>
<trkpt lat="54.528989" lon="18.666405"><time>2026-05-03T09:37:32.000Z</time></trkpt>
<trkpt lat="54.529041" lon="18.666388"><time>2026-05-03T09:37:34.000Z</time></trkpt>
<trkpt lat="54.529087" lon="18.666368"><time>2026-05-03T09:37:36.000Z</time></trkpt>
<trkpt lat="54.529128" lon="18.666346"><time>2026-05-03T09:37:38.000Z</time></trkpt>
<trkpt lat="54.529182" lon="18.666333"><time>2026-05-03T09:37:40.000Z</time></trkpt>
<trkpt lat="54.529241" lon="18.666315"><time>2026-05-03T09:37:42.000Z</time></trkpt>
<trkpt lat="54.529296" lon="18.666292"><time>2026-05-03T09:37:44.000Z</time></trkpt>
<trkpt lat="54.529346" lon="18.666279"><time>2026-05-03T09:37:46.000Z</time></trkpt>
<trkpt lat="54.529396" lon="18.666269"><time>2026-05-03T09:37:48.000Z</time></trkpt>
<trkpt lat="54.529449" lon="18.666255"><time>2026-05-03T09:37:50.000Z</time></trkpt>
<trkpt lat="54.529498" lon="18.666246"><time>2026-05-03T09:37:52.000Z</time></trkpt>
<trkpt lat="54.529553" lon="18.666234"><time>2026-05-03T09:37:54.000Z</time></trkpt>
<trkpt lat="54.529608" lon="18.666220"><time>2026-05-03T09:37:56.000Z</time></trkpt>
<trkpt lat="54.529653" lon="18.666211"><time>2026-05-03T09:37:58.000Z</time></trkpt>
<trkpt lat="54.529709" lon="18.666203"><time>2026-05-03T09:38:00.000Z</time></trkpt>
<trkpt lat="54.529757" lon="18.666189"><time>2026-05-03T09:38:02.000Z</time></trkpt>
<trkpt lat="54.529803" lon="18.666173"><time>2026-05-03T09:38:04.000Z</time></trkpt>
<trkpt lat="54.529852" lon="18.666168"><time>2026-05-03T09:38:06.000Z</time></trkpt>
<trkpt lat="54.529902" lon="18.666151"><time>2026-05-03T09:38:08.000Z</time></trkpt>
<trkpt lat="54.529950" lon="18.666131"><time>2026-05-03T09:38:10.000Z</time></trkpt>
<trkpt lat="54.529999" lon="18.666122"><time>2026-05-03T09:38:12.000Z</time></trkpt>
<trkpt lat="54.530041" lon="18.666121"><time>2026-05-03T09:38:14.000Z</time></trkpt>
<trkpt lat="54.530085" lon="18.666116"><time>2026-05-03T09:38:15.900Z</time></trkpt>
<trkpt lat="54.530136" lon="18.666104"><time>2026-05-03T09:38:17.900Z</time></trkpt>
<trkpt lat="54.530189" lon="18.666091"><time>2026-05-03T09:38:19.900Z</time></trkpt>
<trkpt lat="54.530233" lon="18.666082"><time>2026-05-03T09:38:21.900Z</time></trkpt>
<trkpt lat="54.530280" lon="18.666075"><time>2026-05-03T09:38:23.900Z</time></trkpt>
<trkpt lat="54.530328" lon="18.666068"><time>2026-05-03T09:38:25.900Z</time></trkpt>
<trkpt lat="54.530373" lon="18.666062"><time>2026-05-03T09:38:27.900Z</time></trkpt>
<trkpt lat="54.530406" lon="18.666056"><time>2026-05-03T09:38:29.900Z</time></trkpt>
<trkpt lat="54.530447" lon="18.666042"><time>2026-05-03T09:38:31.900Z</time></trkpt>
<trkpt lat="54.530493" lon="18.666024"><time>2026-05-03T09:38:33.900Z</time></trkpt>
<trkpt lat="54.530544" lon="18.666004"><time>2026-05-03T09:38:35.900Z</time></trkpt>
<trkpt lat="54.530595" lon="18.665988"><time>2026-05-03T09:38:37.900Z</time></trkpt>
<trkpt lat="54.530633" lon="18.665968"><time>2026-05-03T09:38:39.900Z</time></trkpt>
<trkpt lat="54.530675" lon="18.665948"><time>2026-05-03T09:38:41.900Z</time></trkpt>
<trkpt lat="54.530724" lon="18.665931"><time>2026-05-03T09:38:43.900Z</time></trkpt>
<trkpt lat="54.530775" lon="18.665918"><time>2026-05-03T09:38:45.900Z</time></trkpt>
<trkpt lat="54.530825" lon="18.665904"><time>2026-05-03T09:38:47.900Z</time></trkpt>
<trkpt lat="54.530870" lon="18.665889"><time>2026-05-03T09:38:49.900Z</time></trkpt>
<trkpt lat="54.530915" lon="18.665879"><time>2026-05-03T09:38:51.900Z</time></trkpt>
<trkpt lat="54.530959" lon="18.665853"><time>2026-05-03T09:38:53.900Z</time></trkpt>
<trkpt lat="54.531000" lon="18.665823"><time>2026-05-03T09:38:55.900Z</time></trkpt>
<trkpt lat="54.531048" lon="18.665803"><time>2026-05-03T09:38:57.900Z</time></trkpt>
<trkpt lat="54.531099" lon="18.665773"><time>2026-05-03T09:38:59.900Z</time></trkpt>
<trkpt lat="54.531156" lon="18.665744"><time>2026-05-03T09:39:01.900Z</time></trkpt>
<trkpt lat="54.531211" lon="18.665708"><time>2026-05-03T09:39:03.900Z</time></trkpt>
<trkpt lat="54.531262" lon="18.665690"><time>2026-05-03T09:39:05.900Z</time></trkpt>
<trkpt lat="54.531312" lon="18.665674"><time>2026-05-03T09:39:07.900Z</time></trkpt>
<trkpt lat="54.531357" lon="18.665645"><time>2026-05-03T09:39:09.900Z</time></trkpt>
<trkpt lat="54.531405" lon="18.665622"><time>2026-05-03T09:39:11.900Z</time></trkpt>
<trkpt lat="54.531454" lon="18.665603"><time>2026-05-03T09:39:13.900Z</time></trkpt>
<trkpt lat="54.531505" lon="18.665582"><time>2026-05-03T09:39:15.900Z</time></trkpt>
<trkpt lat="54.531555" lon="18.665562"><time>2026-05-03T09:39:17.900Z</time></trkpt>
<trkpt lat="54.531606" lon="18.665541"><time>2026-05-03T09:39:19.900Z</time></trkpt>
<trkpt lat="54.531655" lon="18.665518"><time>2026-05-03T09:39:21.900Z</time></trkpt>
<trkpt lat="54.531713" lon="18.665483"><time>2026-05-03T09:39:23.900Z</time></trkpt>
<trkpt lat="54.531763" lon="18.665469"><time>2026-05-03T09:39:25.900Z</time></trkpt>
<trkpt lat="54.531821" lon="18.665447"><time>2026-05-03T09:39:27.900Z</time></trkpt>
<trkpt lat="54.531872" lon="18.665429"><time>2026-05-03T09:39:29.900Z</time></trkpt>
<trkpt lat="54.531927" lon="18.665410"><time>2026-05-03T09:39:31.900Z</time></trkpt>
<trkpt lat="54.531978" lon="18.665387"><time>2026-05-03T09:39:33.900Z</time></trkpt>
<trkpt lat="54.532029" lon="18.665356"><time>2026-05-03T09:39:36.000Z</time></trkpt>
<trkpt lat="54.532081" lon="18.665324"><time>2026-05-03T09:39:38.000Z</time></trkpt>
<trkpt lat="54.532137" lon="18.665296"><time>2026-05-03T09:39:40.000Z</time></trkpt>
<trkpt lat="54.532185" lon="18.665268"><time>2026-05-03T09:39:42.000Z</time></trkpt>
<trkpt lat="54.532237" lon="18.665240"><time>2026-05-03T09:39:44.000Z</time></trkpt>
<trkpt lat="54.532291" lon="18.665215"><time>2026-05-03T09:39:46.000Z</time></trkpt>
<trkpt lat="54.532342" lon="18.665188"><time>2026-05-03T09:39:48.000Z</time></trkpt>
<trkpt lat="54.532396" lon="18.665166"><time>2026-05-03T09:39:50.000Z</time></trkpt>
<trkpt lat="54.532446" lon="18.665142"><time>2026-05-03T09:39:52.000Z</time></trkpt>
<trkpt lat="54.532489" lon="18.665118"><time>2026-05-03T09:39:54.000Z</time></trkpt>
<trkpt lat="54.532536" lon="18.665096"><time>2026-05-03T09:39:56.000Z</time></trkpt>
<trkpt lat="54.532585" lon="18.665074"><time>2026-05-03T09:39:58.000Z</time></trkpt>
<trkpt lat="54.532636" lon="18.665047"><time>2026-05-03T09:40:00.000Z</time></trkpt>
<trkpt lat="54.532686" lon="18.665018"><time>2026-05-03T09:40:02.000Z</time></trkpt>
<trkpt lat="54.532738" lon="18.664997"><time>2026-05-03T09:40:04.000Z</time></trkpt>
<trkpt lat="54.532782" lon="18.664976"><time>2026-05-03T09:40:06.000Z</time></trkpt>
<trkpt lat="54.532822" lon="18.664946"><time>2026-05-03T09:40:08.000Z</time></trkpt>
<trkpt lat="54.532870" lon="18.664917"><time>2026-05-03T09:40:10.000Z</time></trkpt>
<trkpt lat="54.532918" lon="18.664882"><time>2026-05-03T09:40:12.000Z</time></trkpt>
<trkpt lat="54.532966" lon="18.664847"><time>2026-05-03T09:40:14.000Z</time></trkpt>
<trkpt lat="54.533012" lon="18.664807"><time>2026-05-03T09:40:16.000Z</time></trkpt>
<trkpt lat="54.533058" lon="18.664771"><time>2026-05-03T09:40:17.900Z</time></trkpt>
<trkpt lat="54.533110" lon="18.664742"><time>2026-05-03T09:40:19.900Z</time></trkpt>
<trkpt lat="54.533155" lon="18.664719"><time>2026-05-03T09:40:21.900Z</time></trkpt>
<trkpt lat="54.533207" lon="18.664690"><time>2026-05-03T09:40:23.900Z</time></trkpt>
<trkpt lat="54.533256" lon="18.664674"><time>2026-05-03T09:40:25.900Z</time></trkpt>
<trkpt lat="54.533306" lon="18.664660"><time>2026-05-03T09:40:27.900Z</time></trkpt>
<trkpt lat="54.533363" lon="18.664638"><time>2026-05-03T09:40:29.900Z</time></trkpt>
<trkpt lat="54.533424" lon="18.664610"><time>2026-05-03T09:40:31.900Z</time></trkpt>
<trkpt lat="54.533472" lon="18.664574"><time>2026-05-03T09:40:33.900Z</time></trkpt>
<trkpt lat="54.533521" lon="18.664536"><time>2026-05-03T09:40:35.900Z</time></trkpt>
<trkpt lat="54.533574" lon="18.664504"><time>2026-05-03T09:40:37.900Z</time></trkpt>
<trkpt lat="54.533623" lon="18.664473"><time>2026-05-03T09:40:39.900Z</time></trkpt>
<trkpt lat="54.533655" lon="18.664449"><time>2026-05-03T09:40:41.900Z</time></trkpt>
<trkpt lat="54.533683" lon="18.664433"><time>2026-05-03T09:40:43.900Z</time></trkpt>
<trkpt lat="54.533724" lon="18.664404"><time>2026-05-03T09:40:45.900Z</time></trkpt>
<trkpt lat="54.533763" lon="18.664377"><time>2026-05-03T09:40:47.900Z</time></trkpt>
<trkpt lat="54.533798" lon="18.664352"><time>2026-05-03T09:40:49.900Z</time></trkpt>
<trkpt lat="54.533831" lon="18.664321"><time>2026-05-03T09:40:51.900Z</time></trkpt>
<trkpt lat="54.533858" lon="18.664292"><time>2026-05-03T09:40:53.900Z</time></trkpt>
<trkpt lat="54.533878" lon="18.664273"><time>2026-05-03T09:40:55.900Z</time></trkpt>
<trkpt lat="54.533913" lon="18.664251"><time>2026-05-03T09:40:57.900Z</time></trkpt>
<trkpt lat="54.533974" lon="18.664211"><time>2026-05-03T09:40:59.900Z</time></trkpt>
<trkpt lat="54.534011" lon="18.664197"><time>2026-05-03T09:41:01.900Z</time></trkpt>
<trkpt lat="54.534034" lon="18.664179"><time>2026-05-03T09:41:03.900Z</time></trkpt>
<trkpt lat="54.534060" lon="18.664153"><time>2026-05-03T09:41:05.900Z</time></trkpt>
<trkpt lat="54.534061" lon="18.664111"><time>2026-05-03T09:41:07.900Z</time></trkpt>
<trkpt lat="54.534066" lon="18.664081"><time>2026-05-03T09:41:09.900Z</time></trkpt>
<trkpt lat="54.534073" lon="18.664046"><time>2026-05-03T09:41:11.900Z</time></trkpt>
<trkpt lat="54.534078" lon="18.664015"><time>2026-05-03T09:41:13.900Z</time></trkpt>
<trkpt lat="54.534084" lon="18.664000"><time>2026-05-03T09:41:15.900Z</time></trkpt>
<trkpt lat="54.534091" lon="18.663989"><time>2026-05-03T09:41:17.900Z</time></trkpt>
<trkpt lat="54.534096" lon="18.663969"><time>2026-05-03T09:41:19.900Z</time></trkpt>
<trkpt lat="54.534098" lon="18.663927"><time>2026-05-03T09:41:21.900Z</time></trkpt>
<trkpt lat="54.534095" lon="18.663888"><time>2026-05-03T09:41:23.900Z</time></trkpt>
<trkpt lat="54.534105" lon="18.663850"><time>2026-05-03T09:41:25.900Z</time></trkpt>
<trkpt lat="54.534105" lon="18.663827"><time>2026-05-03T09:41:27.900Z</time></trkpt>
<trkpt lat="54.534107" lon="18.663799"><time>2026-05-03T09:41:29.900Z</time></trkpt>
<trkpt lat="54.534110" lon="18.663767"><time>2026-05-03T09:41:31.900Z</time></trkpt>
<trkpt lat="54.534113" lon="18.663737"><time>2026-05-03T09:41:33.900Z</time></trkpt>
<trkpt lat="54.534115" lon="18.663697"><time>2026-05-03T09:41:35.900Z</time></trkpt>
<trkpt lat="54.534118" lon="18.663662"><time>2026-05-03T09:41:37.900Z</time></trkpt>
<trkpt lat="54.534123" lon="18.663614"><time>2026-05-03T09:41:39.900Z</time></trkpt>
<trkpt lat="54.534127" lon="18.663573"><time>2026-05-03T09:41:42.000Z</time></trkpt>
<trkpt lat="54.534130" lon="18.663528"><time>2026-05-03T09:41:44.000Z</time></trkpt>
<trkpt lat="54.534129" lon="18.663472"><time>2026-05-03T09:41:46.000Z</time></trkpt>
<trkpt lat="54.534129" lon="18.663422"><time>2026-05-03T09:41:48.000Z</time></trkpt>
<trkpt lat="54.534130" lon="18.663369"><time>2026-05-03T09:41:50.000Z</time></trkpt>
<trkpt lat="54.534128" lon="18.663315"><time>2026-05-03T09:41:52.000Z</time></trkpt>
<trkpt lat="54.534126" lon="18.663258"><time>2026-05-03T09:41:54.000Z</time></trkpt>
<trkpt lat="54.534122" lon="18.663197"><time>2026-05-03T09:41:56.000Z</time></trkpt>
<trkpt lat="54.534118" lon="18.663143"><time>2026-05-03T09:41:58.000Z</time></trkpt>
<trkpt lat="54.534111" lon="18.663090"><time>2026-05-03T09:42:00.000Z</time></trkpt>
<trkpt lat="54.534103" lon="18.663032"><time>2026-05-03T09:42:02.000Z</time></trkpt>
<trkpt lat="54.534096" lon="18.662979"><time>2026-05-03T09:42:04.000Z</time></trkpt>
<trkpt lat="54.534091" lon="18.662928"><time>2026-05-03T09:42:06.000Z</time></trkpt>
<trkpt lat="54.534084" lon="18.662873"><time>2026-05-03T09:42:08.000Z</time></trkpt>
<trkpt lat="54.534076" lon="18.662815"><time>2026-05-03T09:42:10.000Z</time></trkpt>
<trkpt lat="54.534065" lon="18.662760"><time>2026-05-03T09:42:12.000Z</time></trkpt>
<trkpt lat="54.534054" lon="18.662718"><time>2026-05-03T09:42:14.000Z</time></trkpt>
<trkpt lat="54.534044" lon="18.662679"><time>2026-05-03T09:42:16.000Z</time></trkpt>
<trkpt lat="54.534036" lon="18.662634"><time>2026-05-03T09:42:18.000Z</time></trkpt>
<trkpt lat="54.534032" lon="18.662588"><time>2026-05-03T09:42:19.900Z</time></trkpt>
<trkpt lat="54.534028" lon="18.662541"><time>2026-05-03T09:42:21.900Z</time></trkpt>
<trkpt lat="54.534028" lon="18.662490"><time>2026-05-03T09:42:23.900Z</time></trkpt>
<trkpt lat="54.534026" lon="18.662443"><time>2026-05-03T09:42:25.900Z</time></trkpt>
<trkpt lat="54.534026" lon="18.662389"><time>2026-05-03T09:42:27.900Z</time></trkpt>
<trkpt lat="54.534025" lon="18.662331"><time>2026-05-03T09:42:29.900Z</time></trkpt>
<trkpt lat="54.534023" lon="18.662270"><time>2026-05-03T09:42:31.900Z</time></trkpt>
<trkpt lat="54.534022" lon="18.662205"><time>2026-05-03T09:42:33.900Z</time></trkpt>
<trkpt lat="54.534023" lon="18.662149"><time>2026-05-03T09:42:35.900Z</time></trkpt>
<trkpt lat="54.534024" lon="18.662087"><time>2026-05-03T09:42:37.900Z</time></trkpt>
<trkpt lat="54.534021" lon="18.662021"><time>2026-05-03T09:42:39.900Z</time></trkpt>
<trkpt lat="54.534017" lon="18.661958"><time>2026-05-03T09:42:41.900Z</time></trkpt>
<trkpt lat="54.534011" lon="18.661892"><time>2026-05-03T09:42:43.900Z</time></trkpt>
<trkpt lat="54.534005" lon="18.661827"><time>2026-05-03T09:42:45.900Z</time></trkpt>
<trkpt lat="54.534002" lon="18.661764"><time>2026-05-03T09:42:47.900Z</time></trkpt>
<trkpt lat="54.533997" lon="18.661694"><time>2026-05-03T09:42:49.900Z</time></trkpt>
<trkpt lat="54.533993" lon="18.661631"><time>2026-05-03T09:42:51.900Z</time></trkpt>
<trkpt lat="54.533988" lon="18.661569"><time>2026-05-03T09:42:53.900Z</time></trkpt>
<trkpt lat="54.533983" lon="18.661504"><time>2026-05-03T09:42:55.900Z</time></trkpt>
<trkpt lat="54.533979" lon="18.661439"><time>2026-05-03T09:42:57.900Z</time></trkpt>
<trkpt lat="54.533975" lon="18.661369"><time>2026-05-03T09:42:59.900Z</time></trkpt>
<trkpt lat="54.533969" lon="18.661301"><time>2026-05-03T09:43:01.900Z</time></trkpt>
<trkpt lat="54.533959" lon="18.661234"><time>2026-05-03T09:43:03.900Z</time></trkpt>
<trkpt lat="54.533950" lon="18.661169"><time>2026-05-03T09:43:05.900Z</time></trkpt>
<trkpt lat="54.533937" lon="18.661104"><time>2026-05-03T09:43:07.900Z</time></trkpt>
<trkpt lat="54.533924" lon="18.661043"><time>2026-05-03T09:43:09.900Z</time></trkpt>
<trkpt lat="54.533915" lon="18.660972"><time>2026-05-03T09:43:11.900Z</time></trkpt>
<trkpt lat="54.533905" lon="18.660914"><time>2026-05-03T09:43:13.900Z</time></trkpt>
<trkpt lat="54.533895" lon="18.660844"><time>2026-05-03T09:43:15.900Z</time></trkpt>
<trkpt lat="54.533881" lon="18.660780"><time>2026-05-03T09:43:17.900Z</time></trkpt>
<trkpt lat="54.533860" lon="18.660722"><time>2026-05-03T09:43:19.900Z</time></trkpt>
<trkpt lat="54.533845" lon="18.660681"><time>2026-05-03T09:43:21.900Z</time></trkpt>
<trkpt lat="54.533829" lon="18.660623"><time>2026-05-03T09:43:23.900Z</time></trkpt>
<trkpt lat="54.533820" lon="18.660563"><time>2026-05-03T09:43:25.900Z</time></trkpt>
<trkpt lat="54.533805" lon="18.660489"><time>2026-05-03T09:43:27.900Z</time></trkpt>
<trkpt lat="54.533789" lon="18.660441"><time>2026-05-03T09:43:29.900Z</time></trkpt>
<trkpt lat="54.533776" lon="18.660389"><time>2026-05-03T09:43:31.900Z</time></trkpt>
<trkpt lat="54.533766" lon="18.660349"><time>2026-05-03T09:43:33.900Z</time></trkpt>
<trkpt lat="54.533759" lon="18.660317"><time>2026-05-03T09:43:35.900Z</time></trkpt>
<trkpt lat="54.533745" lon="18.660271"><time>2026-05-03T09:43:37.900Z</time></trkpt>
<trkpt lat="54.533731" lon="18.660224"><time>2026-05-03T09:43:39.900Z</time></trkpt>
<trkpt lat="54.533716" lon="18.660176"><time>2026-05-03T09:43:41.900Z</time></trkpt>
<trkpt lat="54.533700" lon="18.660123"><time>2026-05-03T09:43:43.900Z</time></trkpt>
<trkpt lat="54.533689" lon="18.660083"><time>2026-05-03T09:43:45.900Z</time></trkpt>
<trkpt lat="54.533680" lon="18.660048"><time>2026-05-03T09:43:48.000Z</time></trkpt>
<trkpt lat="54.533673" lon="18.659997"><time>2026-05-03T09:43:50.000Z</time></trkpt>
<trkpt lat="54.533668" lon="18.659949"><time>2026-05-03T09:43:52.000Z</time></trkpt>
<trkpt lat="54.533663" lon="18.659891"><time>2026-05-03T09:43:54.000Z</time></trkpt>
<trkpt lat="54.533655" lon="18.659833"><time>2026-05-03T09:43:56.000Z</time></trkpt>
<trkpt lat="54.533647" lon="18.659776"><time>2026-05-03T09:43:58.000Z</time></trkpt>
<trkpt lat="54.533637" lon="18.659713"><time>2026-05-03T09:44:00.000Z</time></trkpt>
<trkpt lat="54.533634" lon="18.659647"><time>2026-05-03T09:44:02.000Z</time></trkpt>
<trkpt lat="54.533634" lon="18.659592"><time>2026-05-03T09:44:04.000Z</time></trkpt>
<trkpt lat="54.533622" lon="18.659519"><time>2026-05-03T09:44:06.000Z</time></trkpt>
<trkpt lat="54.533613" lon="18.659446"><time>2026-05-03T09:44:08.000Z</time></trkpt>
<trkpt lat="54.533602" lon="18.659364"><time>2026-05-03T09:44:10.000Z</time></trkpt>
<trkpt lat="54.533593" lon="18.659284"><time>2026-05-03T09:44:12.000Z</time></trkpt>
<trkpt lat="54.533586" lon="18.659211"><time>2026-05-03T09:44:14.000Z</time></trkpt>
<trkpt lat="54.533578" lon="18.659136"><time>2026-05-03T09:44:16.000Z</time></trkpt>
<trkpt lat="54.533561" lon="18.659056"><time>2026-05-03T09:44:18.000Z</time></trkpt>
<trkpt lat="54.533545" lon="18.658984"><time>2026-05-03T09:44:20.000Z</time></trkpt>
<trkpt lat="54.533532" lon="18.658918"><time>2026-05-03T09:44:21.900Z</time></trkpt>
<trkpt lat="54.533519" lon="18.658849"><time>2026-05-03T09:44:23.900Z</time></trkpt>
<trkpt lat="54.533509" lon="18.658784"><time>2026-05-03T09:44:25.900Z</time></trkpt>
<trkpt lat="54.533504" lon="18.658721"><time>2026-05-03T09:44:27.900Z</time></trkpt>
<trkpt lat="54.533494" lon="18.658649"><time>2026-05-03T09:44:29.900Z</time></trkpt>
<trkpt lat="54.533480" lon="18.658578"><time>2026-05-03T09:44:31.900Z</time></trkpt>
<trkpt lat="54.533463" lon="18.658507"><time>2026-05-03T09:44:33.900Z</time></trkpt>
<trkpt lat="54.533454" lon="18.658433"><time>2026-05-03T09:44:35.900Z</time></trkpt>
<trkpt lat="54.533448" lon="18.658361"><time>2026-05-03T09:44:37.900Z</time></trkpt>
<trkpt lat="54.533438" lon="18.658272"><time>2026-05-03T09:44:39.900Z</time></trkpt>
<trkpt lat="54.533429" lon="18.658194"><time>2026-05-03T09:44:41.900Z</time></trkpt>
<trkpt lat="54.533417" lon="18.658113"><time>2026-05-03T09:44:43.900Z</time></trkpt>
<trkpt lat="54.533407" lon="18.658031"><time>2026-05-03T09:44:45.900Z</time></trkpt>
<trkpt lat="54.533394" lon="18.657950"><time>2026-05-03T09:44:47.900Z</time></trkpt>
<trkpt lat="54.533378" lon="18.657873"><time>2026-05-03T09:44:49.900Z</time></trkpt>
<trkpt lat="54.533369" lon="18.657798"><time>2026-05-03T09:44:51.900Z</time></trkpt>
<trkpt lat="54.533359" lon="18.657742"><time>2026-05-03T09:44:53.900Z</time></trkpt>
<trkpt lat="54.533342" lon="18.657670"><time>2026-05-03T09:44:55.900Z</time></trkpt>
<trkpt lat="54.533327" lon="18.657618"><time>2026-05-03T09:44:57.900Z</time></trkpt>
<trkpt lat="54.533310" lon="18.657572"><time>2026-05-03T09:44:59.900Z</time></trkpt>
<trkpt lat="54.533297" lon="18.657526"><time>2026-05-03T09:45:01.900Z</time></trkpt>
<trkpt lat="54.533285" lon="18.657469"><time>2026-05-03T09:45:03.900Z</time></trkpt>
<trkpt lat="54.533273" lon="18.657399"><time>2026-05-03T09:45:05.900Z</time></trkpt>
<trkpt lat="54.533258" lon="18.657314"><time>2026-05-03T09:45:07.900Z</time></trkpt>
<trkpt lat="54.533247" lon="18.657235"><time>2026-05-03T09:45:09.900Z</time></trkpt>
<trkpt lat="54.533235" lon="18.657156"><time>2026-05-03T09:45:11.900Z</time></trkpt>
<trkpt lat="54.533229" lon="18.657093"><time>2026-05-03T09:45:13.900Z</time></trkpt>
<trkpt lat="54.533221" lon="18.657034"><time>2026-05-03T09:45:15.900Z</time></trkpt>
<trkpt lat="54.533215" lon="18.656962"><time>2026-05-03T09:45:17.900Z</time></trkpt>
<trkpt lat="54.533209" lon="18.656895"><time>2026-05-03T09:45:19.900Z</time></trkpt>
<trkpt lat="54.533202" lon="18.656815"><time>2026-05-03T09:45:21.900Z</time></trkpt>
<trkpt lat="54.533192" lon="18.656737"><time>2026-05-03T09:45:23.900Z</time></trkpt>
<trkpt lat="54.533182" lon="18.656660"><time>2026-05-03T09:45:25.900Z</time></trkpt>
<trkpt lat="54.533174" lon="18.656586"><time>2026-05-03T09:45:27.900Z</time></trkpt>
<trkpt lat="54.533166" lon="18.656535"><time>2026-05-03T09:45:29.900Z</time></trkpt>
<trkpt lat="54.533153" lon="18.656455"><time>2026-05-03T09:45:31.900Z</time></trkpt>
<trkpt lat="54.533141" lon="18.656373"><time>2026-05-03T09:45:33.900Z</time></trkpt>
<trkpt lat="54.533128" lon="18.656283"><time>2026-05-03T09:45:35.900Z</time></trkpt>
<trkpt lat="54.533112" lon="18.656184"><time>2026-05-03T09:45:37.900Z</time></trkpt>
<trkpt lat="54.533098" lon="18.656100"><time>2026-05-03T09:45:39.900Z</time></trkpt>
<trkpt lat="54.533090" lon="18.656026"><time>2026-05-03T09:45:41.900Z</time></trkpt>
<trkpt lat="54.533083" lon="18.655938"><time>2026-05-03T09:45:43.900Z</time></trkpt>
<trkpt lat="54.533075" lon="18.655855"><time>2026-05-03T09:45:45.900Z</time></trkpt>
<trkpt lat="54.533055" lon="18.655774"><time>2026-05-03T09:45:47.900Z</time></trkpt>
<trkpt lat="54.533036" lon="18.655698"><time>2026-05-03T09:45:49.900Z</time></trkpt>
<trkpt lat="54.533026" lon="18.655618"><time>2026-05-03T09:45:51.900Z</time></trkpt>
<trkpt lat="54.533014" lon="18.655547"><time>2026-05-03T09:45:54.000Z</time></trkpt>
<trkpt lat="54.533005" lon="18.655477"><time>2026-05-03T09:45:56.000Z</time></trkpt>
<trkpt lat="54.532990" lon="18.655403"><time>2026-05-03T09:45:58.000Z</time></trkpt>
<trkpt lat="54.532970" lon="18.655309"><time>2026-05-03T09:46:00.000Z</time></trkpt>
<trkpt lat="54.532952" lon="18.655233"><time>2026-05-03T09:46:02.000Z</time></trkpt>
<trkpt lat="54.532942" lon="18.655162"><time>2026-05-03T09:46:04.000Z</time></trkpt>
<trkpt lat="54.532936" lon="18.655095"><time>2026-05-03T09:46:06.000Z</time></trkpt>
<trkpt lat="54.532918" lon="18.655007"><time>2026-05-03T09:46:08.000Z</time></trkpt>
<trkpt lat="54.532901" lon="18.654917"><time>2026-05-03T09:46:10.000Z</time></trkpt>
<trkpt lat="54.532896" lon="18.654835"><time>2026-05-03T09:46:12.000Z</time></trkpt>
<trkpt lat="54.532891" lon="18.654760"><time>2026-05-03T09:46:14.000Z</time></trkpt>
<trkpt lat="54.532883" lon="18.654686"><time>2026-05-03T09:46:16.000Z</time></trkpt>
<trkpt lat="54.532880" lon="18.654618"><time>2026-05-03T09:46:18.000Z</time></trkpt>
<trkpt lat="54.532875" lon="18.654558"><time>2026-05-03T09:46:20.000Z</time></trkpt>
<trkpt lat="54.532858" lon="18.654481"><time>2026-05-03T09:46:22.000Z</time></trkpt>
<trkpt lat="54.532846" lon="18.654408"><time>2026-05-03T09:46:24.000Z</time></trkpt>
<trkpt lat="54.532841" lon="18.654345"><time>2026-05-03T09:46:26.000Z</time></trkpt>
<trkpt lat="54.532822" lon="18.654266"><time>2026-05-03T09:46:27.900Z</time></trkpt>
<trkpt lat="54.532802" lon="18.654187"><time>2026-05-03T09:46:29.900Z</time></trkpt>
<trkpt lat="54.532785" lon="18.654111"><time>2026-05-03T09:46:31.900Z</time></trkpt>
<trkpt lat="54.532771" lon="18.654026"><time>2026-05-03T09:46:33.900Z</time></trkpt>
<trkpt lat="54.532763" lon="18.653954"><time>2026-05-03T09:46:35.900Z</time></trkpt>
<trkpt lat="54.532751" lon="18.653879"><time>2026-05-03T09:46:37.900Z</time></trkpt>
<trkpt lat="54.532743" lon="18.653803"><time>2026-05-03T09:46:39.900Z</time></trkpt>
<trkpt lat="54.532744" lon="18.653746"><time>2026-05-03T09:46:41.900Z</time></trkpt>
<trkpt lat="54.532740" lon="18.653681"><time>2026-05-03T09:46:43.900Z</time></trkpt>
<trkpt lat="54.532721" lon="18.653587"><time>2026-05-03T09:46:45.900Z</time></trkpt>
<trkpt lat="54.532710" lon="18.653504"><time>2026-05-03T09:46:47.900Z</time></trkpt>
<trkpt lat="54.532693" lon="18.653419"><time>2026-05-03T09:46:49.900Z</time></trkpt>
<trkpt lat="54.532680" lon="18.653329"><time>2026-05-03T09:46:51.900Z</time></trkpt>
<trkpt lat="54.532672" lon="18.653253"><time>2026-05-03T09:46:53.900Z</time></trkpt>
<trkpt lat="54.532660" lon="18.653177"><time>2026-05-03T09:46:55.900Z</time></trkpt>
<trkpt lat="54.532652" lon="18.653124"><time>2026-05-03T09:46:57.900Z</time></trkpt>
<trkpt lat="54.532639" lon="18.653087"><time>2026-05-03T09:46:59.900Z</time></trkpt>
<trkpt lat="54.532631" lon="18.653013"><time>2026-05-03T09:47:01.900Z</time></trkpt>
<trkpt lat="54.532624" lon="18.652943"><time>2026-05-03T09:47:03.900Z</time></trkpt>
<trkpt lat="54.532617" lon="18.652869"><time>2026-05-03T09:47:05.900Z</time></trkpt>
<trkpt lat="54.532612" lon="18.652810"><time>2026-05-03T09:47:07.900Z</time></trkpt>
<trkpt lat="54.532601" lon="18.652733"><time>2026-05-03T09:47:09.900Z</time></trkpt>
<trkpt lat="54.532593" lon="18.652659"><time>2026-05-03T09:47:11.900Z</time></trkpt>
<trkpt lat="54.532587" lon="18.652596"><time>2026-05-03T09:47:13.900Z</time></trkpt>
<trkpt lat="54.532580" lon="18.652525"><time>2026-05-03T09:47:15.900Z</time></trkpt>
<trkpt lat="54.532573" lon="18.652442"><time>2026-05-03T09:47:17.900Z</time></trkpt>
<trkpt lat="54.532558" lon="18.652363"><time>2026-05-03T09:47:19.900Z</time></trkpt>
<trkpt lat="54.532548" lon="18.652289"><time>2026-05-03T09:47:21.900Z</time></trkpt>
<trkpt lat="54.532536" lon="18.652214"><time>2026-05-03T09:47:23.900Z</time></trkpt>
<trkpt lat="54.532526" lon="18.652147"><time>2026-05-03T09:47:25.900Z</time></trkpt>
<trkpt lat="54.532514" lon="18.652084"><time>2026-05-03T09:47:27.900Z</time></trkpt>
<trkpt lat="54.532503" lon="18.652009"><time>2026-05-03T09:47:29.900Z</time></trkpt>
<trkpt lat="54.532493" lon="18.651939"><time>2026-05-03T09:47:31.900Z</time></trkpt>
<trkpt lat="54.532479" lon="18.651862"><time>2026-05-03T09:47:33.900Z</time></trkpt>
<trkpt lat="54.532468" lon="18.651785"><time>2026-05-03T09:47:35.900Z</time></trkpt>
<trkpt lat="54.532459" lon="18.651708"><time>2026-05-03T09:47:37.900Z</time></trkpt>
<trkpt lat="54.532446" lon="18.651637"><time>2026-05-03T09:47:39.900Z</time></trkpt>
<trkpt lat="54.532431" lon="18.651567"><time>2026-05-03T09:47:41.900Z</time></trkpt>
<trkpt lat="54.532426" lon="18.651499"><time>2026-05-03T09:47:43.900Z</time></trkpt>
<trkpt lat="54.532420" lon="18.651431"><time>2026-05-03T09:47:45.900Z</time></trkpt>
<trkpt lat="54.532412" lon="18.651365"><time>2026-05-03T09:47:47.900Z</time></trkpt>
<trkpt lat="54.532405" lon="18.651298"><time>2026-05-03T09:47:49.900Z</time></trkpt>
<trkpt lat="54.532389" lon="18.651226"><time>2026-05-03T09:47:51.900Z</time></trkpt>
<trkpt lat="54.532374" lon="18.651142"><time>2026-05-03T09:47:53.900Z</time></trkpt>
<trkpt lat="54.532367" lon="18.651074"><time>2026-05-03T09:47:55.900Z</time></trkpt>
<trkpt lat="54.532362" lon="18.651001"><time>2026-05-03T09:47:57.900Z</time></trkpt>
<trkpt lat="54.532352" lon="18.650917"><time>2026-05-03T09:48:00.000Z</time></trkpt>
<trkpt lat="54.532334" lon="18.650823"><time>2026-05-03T09:48:02.000Z</time></trkpt>
<trkpt lat="54.532317" lon="18.650712"><time>2026-05-03T09:48:04.000Z</time></trkpt>
<trkpt lat="54.532293" lon="18.650640"><time>2026-05-03T09:48:06.000Z</time></trkpt>
<trkpt lat="54.532283" lon="18.650575"><time>2026-05-03T09:48:08.000Z</time></trkpt>
<trkpt lat="54.532270" lon="18.650509"><time>2026-05-03T09:48:10.000Z</time></trkpt>
<trkpt lat="54.532254" lon="18.650443"><time>2026-05-03T09:48:12.000Z</time></trkpt>
<trkpt lat="54.532246" lon="18.650376"><time>2026-05-03T09:48:14.000Z</time></trkpt>
<trkpt lat="54.532233" lon="18.650301"><time>2026-05-03T09:48:16.000Z</time></trkpt>
<trkpt lat="54.532213" lon="18.650218"><time>2026-05-03T09:48:18.000Z</time></trkpt>
<trkpt lat="54.532206" lon="18.650147"><time>2026-05-03T09:48:20.000Z</time></trkpt>
<trkpt lat="54.532195" lon="18.650067"><time>2026-05-03T09:48:22.000Z</time></trkpt>
<trkpt lat="54.532186" lon="18.650001"><time>2026-05-03T09:48:24.000Z</time></trkpt>
<trkpt lat="54.532172" lon="18.649941"><time>2026-05-03T09:48:26.000Z</time></trkpt>
<trkpt lat="54.532157" lon="18.649871"><time>2026-05-03T09:48:28.000Z</time></trkpt>
<trkpt lat="54.532146" lon="18.649796"><time>2026-05-03T09:48:30.000Z</time></trkpt>
<trkpt lat="54.532130" lon="18.649720"><time>2026-05-03T09:48:31.900Z</time></trkpt>
<trkpt lat="54.532115" lon="18.649649"><time>2026-05-03T09:48:33.900Z</time></trkpt>
<trkpt lat="54.532103" lon="18.649592"><time>2026-05-03T09:48:35.900Z</time></trkpt>
<trkpt lat="54.532081" lon="18.649505"><time>2026-05-03T09:48:37.900Z</time></trkpt>
<trkpt lat="54.532061" lon="18.649429"><time>2026-05-03T09:48:39.900Z</time></trkpt>
<trkpt lat="54.532045" lon="18.649371"><time>2026-05-03T09:48:41.900Z</time></trkpt>
<trkpt lat="54.532028" lon="18.649308"><time>2026-05-03T09:48:43.900Z</time></trkpt>
<trkpt lat="54.532009" lon="18.649237"><time>2026-05-03T09:48:45.900Z</time></trkpt>
<trkpt lat="54.531993" lon="18.649161"><time>2026-05-03T09:48:47.900Z</time></trkpt>
<trkpt lat="54.531974" lon="18.649089"><time>2026-05-03T09:48:49.900Z</time></trkpt>
<trkpt lat="54.531957" lon="18.649017"><time>2026-05-03T09:48:51.900Z</time></trkpt>
<trkpt lat="54.531943" lon="18.648944"><time>2026-05-03T09:48:53.900Z</time></trkpt>
<trkpt lat="54.531929" lon="18.648869"><time>2026-05-03T09:48:55.900Z</time></trkpt>
<trkpt lat="54.531914" lon="18.648786"><time>2026-05-03T09:48:57.900Z</time></trkpt>
<trkpt lat="54.531893" lon="18.648708"><time>2026-05-03T09:48:59.900Z</time></trkpt>
<trkpt lat="54.531870" lon="18.648631"><time>2026-05-03T09:49:01.900Z</time></trkpt>
<trkpt lat="54.531853" lon="18.648549"><time>2026-05-03T09:49:03.900Z</time></trkpt>
<trkpt lat="54.531837" lon="18.648459"><time>2026-05-03T09:49:05.900Z</time></trkpt>
<trkpt lat="54.531820" lon="18.648371"><time>2026-05-03T09:49:07.900Z</time></trkpt>
<trkpt lat="54.531803" lon="18.648286"><time>2026-05-03T09:49:09.900Z</time></trkpt>
<trkpt lat="54.531789" lon="18.648204"><time>2026-05-03T09:49:11.900Z</time></trkpt>
<trkpt lat="54.531775" lon="18.648120"><time>2026-05-03T09:49:13.900Z</time></trkpt>
<trkpt lat="54.531760" lon="18.648035"><time>2026-05-03T09:49:15.900Z</time></trkpt>
<trkpt lat="54.531747" lon="18.647958"><time>2026-05-03T09:49:17.900Z</time></trkpt>
<trkpt lat="54.531731" lon="18.647878"><time>2026-05-03T09:49:19.900Z</time></trkpt>
<trkpt lat="54.531714" lon="18.647785"><time>2026-05-03T09:49:21.900Z</time></trkpt>
<trkpt lat="54.531696" lon="18.647701"><time>2026-05-03T09:49:23.900Z</time></trkpt>
<trkpt lat="54.531679" lon="18.647618"><time>2026-05-03T09:49:25.900Z</time></trkpt>
<trkpt lat="54.531668" lon="18.647519"><time>2026-05-03T09:49:27.900Z</time></trkpt>
<trkpt lat="54.531657" lon="18.647443"><time>2026-05-03T09:49:29.900Z</time></trkpt>
<trkpt lat="54.531639" lon="18.647362"><time>2026-05-03T09:49:31.900Z</time></trkpt>
<trkpt lat="54.531621" lon="18.647269"><time>2026-05-03T09:49:33.900Z</time></trkpt>
<trkpt lat="54.531601" lon="18.647173"><time>2026-05-03T09:49:35.900Z</time></trkpt>
<trkpt lat="54.531587" lon="18.647094"><time>2026-05-03T09:49:37.900Z</time></trkpt>
<trkpt lat="54.531574" lon="18.647016"><time>2026-05-03T09:49:39.900Z</time></trkpt>
<trkpt lat="54.531558" lon="18.646935"><time>2026-05-03T09:49:41.900Z</time></trkpt>
<trkpt lat="54.531547" lon="18.646865"><time>2026-05-03T09:49:43.900Z</time></trkpt>
<trkpt lat="54.531536" lon="18.646794"><time>2026-05-03T09:49:45.900Z</time></trkpt>
<trkpt lat="54.531524" lon="18.646720"><time>2026-05-03T09:49:47.900Z</time></trkpt>
<trkpt lat="54.531510" lon="18.646639"><time>2026-05-03T09:49:49.900Z</time></trkpt>
<trkpt lat="54.531500" lon="18.646565"><time>2026-05-03T09:49:51.900Z</time></trkpt>
<trkpt lat="54.531490" lon="18.646485"><time>2026-05-03T09:49:53.900Z</time></trkpt>
<trkpt lat="54.531477" lon="18.646406"><time>2026-05-03T09:49:55.900Z</time></trkpt>
<trkpt lat="54.531463" lon="18.646327"><time>2026-05-03T09:49:57.900Z</time></trkpt>
<trkpt lat="54.531444" lon="18.646241"><time>2026-05-03T09:49:59.900Z</time></trkpt>
<trkpt lat="54.531424" lon="18.646155"><time>2026-05-03T09:50:01.900Z</time></trkpt>
<trkpt lat="54.531410" lon="18.646081"><time>2026-05-03T09:50:03.900Z</time></trkpt>
<trkpt lat="54.531394" lon="18.645998"><time>2026-05-03T09:50:06.000Z</time></trkpt>
<trkpt lat="54.531378" lon="18.645917"><time>2026-05-03T09:50:08.000Z</time></trkpt>
<trkpt lat="54.531361" lon="18.645839"><time>2026-05-03T09:50:10.000Z</time></trkpt>
<trkpt lat="54.531349" lon="18.645765"><time>2026-05-03T09:50:12.000Z</time></trkpt>
<trkpt lat="54.531338" lon="18.645690"><time>2026-05-03T09:50:14.000Z</time></trkpt>
<trkpt lat="54.531330" lon="18.645619"><time>2026-05-03T09:50:16.000Z</time></trkpt>
<trkpt lat="54.531322" lon="18.645550"><time>2026-05-03T09:50:18.000Z</time></trkpt>
<trkpt lat="54.531310" lon="18.645473"><time>2026-05-03T09:50:20.000Z</time></trkpt>
<trkpt lat="54.531295" lon="18.645392"><time>2026-05-03T09:50:22.000Z</time></trkpt>
<trkpt lat="54.531278" lon="18.645312"><time>2026-05-03T09:50:24.000Z</time></trkpt>
<trkpt lat="54.531263" lon="18.645235"><time>2026-05-03T09:50:26.000Z</time></trkpt>
<trkpt lat="54.531247" lon="18.645155"><time>2026-05-03T09:50:28.000Z</time></trkpt>
<trkpt lat="54.531233" lon="18.645085"><time>2026-05-03T09:50:30.000Z</time></trkpt>
<trkpt lat="54.531220" lon="18.645013"><time>2026-05-03T09:50:31.900Z</time></trkpt>
<trkpt lat="54.531204" lon="18.644931"><time>2026-05-03T09:50:33.900Z</time></trkpt>
<trkpt lat="54.531181" lon="18.644843"><time>2026-05-03T09:50:35.900Z</time></trkpt>
<trkpt lat="54.531159" lon="18.644759"><time>2026-05-03T09:50:37.900Z</time></trkpt>
<trkpt lat="54.531141" lon="18.644674"><time>2026-05-03T09:50:39.900Z</time></trkpt>
<trkpt lat="54.531124" lon="18.644590"><time>2026-05-03T09:50:41.900Z</time></trkpt>
<trkpt lat="54.531105" lon="18.644504"><time>2026-05-03T09:50:43.900Z</time></trkpt>
<trkpt lat="54.531090" lon="18.644426"><time>2026-05-03T09:50:45.900Z</time></trkpt>
<trkpt lat="54.531073" lon="18.644343"><time>2026-05-03T09:50:47.900Z</time></trkpt>
<trkpt lat="54.531055" lon="18.644261"><time>2026-05-03T09:50:49.900Z</time></trkpt>
<trkpt lat="54.531042" lon="18.644189"><time>2026-05-03T09:50:51.900Z</time></trkpt>
<trkpt lat="54.531027" lon="18.644110"><time>2026-05-03T09:50:53.900Z</time></trkpt>
<trkpt lat="54.531010" lon="18.644028"><time>2026-05-03T09:50:55.900Z</time></trkpt>
<trkpt lat="54.530993" lon="18.643944"><time>2026-05-03T09:50:57.900Z</time></trkpt>
<trkpt lat="54.530978" lon="18.643864"><time>2026-05-03T09:50:59.900Z</time></trkpt>
<trkpt lat="54.530957" lon="18.643785"><time>2026-05-03T09:51:01.900Z</time></trkpt>
<trkpt lat="54.530934" lon="18.643706"><time>2026-05-03T09:51:03.900Z</time></trkpt>
<trkpt lat="54.530908" lon="18.643619"><time>2026-05-03T09:51:05.900Z</time></trkpt>
<trkpt lat="54.530876" lon="18.643525"><time>2026-05-03T09:51:07.900Z</time></trkpt>
<trkpt lat="54.530856" lon="18.643442"><time>2026-05-03T09:51:09.900Z</time></trkpt>
<trkpt lat="54.530837" lon="18.643374"><time>2026-05-03T09:51:11.900Z</time></trkpt>
<trkpt lat="54.530811" lon="18.643303"><time>2026-05-03T09:51:13.900Z</time></trkpt>
<trkpt lat="54.530790" lon="18.643232"><time>2026-05-03T09:51:15.900Z</time></trkpt>
<trkpt lat="54.530771" lon="18.643157"><time>2026-05-03T09:51:17.900Z</time></trkpt>
<trkpt lat="54.530753" lon="18.643080"><time>2026-05-03T09:51:19.900Z</time></trkpt>
<trkpt lat="54.530732" lon="18.643000"><time>2026-05-03T09:51:21.900Z</time></trkpt>
<trkpt lat="54.530715" lon="18.642917"><time>2026-05-03T09:51:23.900Z</time></trkpt>
<trkpt lat="54.530698" lon="18.642837"><time>2026-05-03T09:51:25.900Z</time></trkpt>
<trkpt lat="54.530679" lon="18.642756"><time>2026-05-03T09:51:27.900Z</time></trkpt>
<trkpt lat="54.530660" lon="18.642675"><time>2026-05-03T09:51:29.900Z</time></trkpt>
<trkpt lat="54.530641" lon="18.642590"><time>2026-05-03T09:51:31.900Z</time></trkpt>
<trkpt lat="54.530626" lon="18.642510"><time>2026-05-03T09:51:33.900Z</time></trkpt>
<trkpt lat="54.530608" lon="18.642432"><time>2026-05-03T09:51:35.900Z</time></trkpt>
<trkpt lat="54.530587" lon="18.642351"><time>2026-05-03T09:51:37.900Z</time></trkpt>
<trkpt lat="54.530565" lon="18.642270"><time>2026-05-03T09:51:39.900Z</time></trkpt>
<trkpt lat="54.530540" lon="18.642193"><time>2026-05-03T09:51:41.900Z</time></trkpt>
<trkpt lat="54.530517" lon="18.642113"><time>2026-05-03T09:51:43.900Z</time></trkpt>
<trkpt lat="54.530498" lon="18.642035"><time>2026-05-03T09:51:45.900Z</time></trkpt>
<trkpt lat="54.530479" lon="18.641954"><time>2026-05-03T09:51:47.900Z</time></trkpt>
<trkpt lat="54.530459" lon="18.641868"><time>2026-05-03T09:51:49.900Z</time></trkpt>
<trkpt lat="54.530447" lon="18.641784"><time>2026-05-03T09:51:51.900Z</time></trkpt>
<trkpt lat="54.530433" lon="18.641697"><time>2026-05-03T09:51:53.900Z</time></trkpt>
<trkpt lat="54.530420" lon="18.641613"><time>2026-05-03T09:51:55.900Z</time></trkpt>
<trkpt lat="54.530405" lon="18.641525"><time>2026-05-03T09:51:57.900Z</time></trkpt>
<trkpt lat="54.530391" lon="18.641436"><time>2026-05-03T09:51:59.900Z</time></trkpt>
<trkpt lat="54.530378" lon="18.641345"><time>2026-05-03T09:52:01.900Z</time></trkpt>
<trkpt lat="54.530363" lon="18.641252"><time>2026-05-03T09:52:03.900Z</time></trkpt>
<trkpt lat="54.530347" lon="18.641160"><time>2026-05-03T09:52:05.900Z</time></trkpt>
<trkpt lat="54.530330" lon="18.641067"><time>2026-05-03T09:52:07.900Z</time></trkpt>
<trkpt lat="54.530315" lon="18.640973"><time>2026-05-03T09:52:09.900Z</time></trkpt>
<trkpt lat="54.530299" lon="18.640879"><time>2026-05-03T09:52:12.000Z</time></trkpt>
<trkpt lat="54.530280" lon="18.640783"><time>2026-05-03T09:52:14.000Z</time></trkpt>
<trkpt lat="54.530262" lon="18.640690"><time>2026-05-03T09:52:16.000Z</time></trkpt>
<trkpt lat="54.530244" lon="18.640595"><time>2026-05-03T09:52:18.000Z</time></trkpt>
<trkpt lat="54.530227" lon="18.640501"><time>2026-05-03T09:52:20.000Z</time></trkpt>
<trkpt lat="54.530208" lon="18.640405"><time>2026-05-03T09:52:22.000Z</time></trkpt>
<trkpt lat="54.530190" lon="18.640311"><time>2026-05-03T09:52:24.000Z</time></trkpt>
<trkpt lat="54.530175" lon="18.640217"><time>2026-05-03T09:52:26.000Z</time></trkpt>
<trkpt lat="54.530159" lon="18.640124"><time>2026-05-03T09:52:28.000Z</time></trkpt>
<trkpt lat="54.530144" lon="18.640028"><time>2026-05-03T09:52:30.000Z</time></trkpt>
<trkpt lat="54.530127" lon="18.639931"><time>2026-05-03T09:52:32.000Z</time></trkpt>
<trkpt lat="54.530109" lon="18.639838"><time>2026-05-03T09:52:34.000Z</time></trkpt>
<trkpt lat="54.530091" lon="18.639750"><time>2026-05-03T09:52:36.000Z</time></trkpt>
<trkpt lat="54.530076" lon="18.639652"><time>2026-05-03T09:52:37.900Z</time></trkpt>
<trkpt lat="54.530062" lon="18.639553"><time>2026-05-03T09:52:39.900Z</time></trkpt>
<trkpt lat="54.530047" lon="18.639454"><time>2026-05-03T09:52:41.900Z</time></trkpt>
<trkpt lat="54.530031" lon="18.639362"><time>2026-05-03T09:52:43.900Z</time></trkpt>
<trkpt lat="54.530014" lon="18.639266"><time>2026-05-03T09:52:45.900Z</time></trkpt>
<trkpt lat="54.529996" lon="18.639170"><time>2026-05-03T09:52:47.900Z</time></trkpt>
<trkpt lat="54.529979" lon="18.639076"><time>2026-05-03T09:52:49.900Z</time></trkpt>
<trkpt lat="54.529961" lon="18.638983"><time>2026-05-03T09:52:51.900Z</time></trkpt>
<trkpt lat="54.529942" lon="18.638889"><time>2026-05-03T09:52:53.900Z</time></trkpt>
<trkpt lat="54.529924" lon="18.638794"><time>2026-05-03T09:52:55.900Z</time></trkpt>
<trkpt lat="54.529909" lon="18.638702"><time>2026-05-03T09:52:57.900Z</time></trkpt>
<trkpt lat="54.529895" lon="18.638611"><time>2026-05-03T09:52:59.900Z</time></trkpt>
<trkpt lat="54.529879" lon="18.638518"><time>2026-05-03T09:53:01.900Z</time></trkpt>
<trkpt lat="54.529862" lon="18.638427"><time>2026-05-03T09:53:03.900Z</time></trkpt>
<trkpt lat="54.529847" lon="18.638337"><time>2026-05-03T09:53:05.900Z</time></trkpt>
<trkpt lat="54.529832" lon="18.638247"><time>2026-05-03T09:53:07.900Z</time></trkpt>
<trkpt lat="54.529818" lon="18.638159"><time>2026-05-03T09:53:09.900Z</time></trkpt>
<trkpt lat="54.529799" lon="18.638072"><time>2026-05-03T09:53:11.900Z</time></trkpt>
<trkpt lat="54.529779" lon="18.637991"><time>2026-05-03T09:53:13.900Z</time></trkpt>
<trkpt lat="54.529762" lon="18.637913"><time>2026-05-03T09:53:15.900Z</time></trkpt>
<trkpt lat="54.529744" lon="18.637832"><time>2026-05-03T09:53:17.900Z</time></trkpt>
<trkpt lat="54.529727" lon="18.637753"><time>2026-05-03T09:53:19.900Z</time></trkpt>
<trkpt lat="54.529713" lon="18.637673"><time>2026-05-03T09:53:21.900Z</time></trkpt>
<trkpt lat="54.529703" lon="18.637589"><time>2026-05-03T09:53:23.900Z</time></trkpt>
<trkpt lat="54.529692" lon="18.637504"><time>2026-05-03T09:53:25.900Z</time></trkpt>
<trkpt lat="54.529681" lon="18.637423"><time>2026-05-03T09:53:27.900Z</time></trkpt>
<trkpt lat="54.529668" lon="18.637346"><time>2026-05-03T09:53:29.900Z</time></trkpt>
<trkpt lat="54.529653" lon="18.637265"><time>2026-05-03T09:53:31.900Z</time></trkpt>
<trkpt lat="54.529638" lon="18.637187"><time>2026-05-03T09:53:33.900Z</time></trkpt>
<trkpt lat="54.529623" lon="18.637110"><time>2026-05-03T09:53:35.900Z</time></trkpt>
<trkpt lat="54.529606" lon="18.637033"><time>2026-05-03T09:53:37.900Z</time></trkpt>
<trkpt lat="54.529589" lon="18.636958"><time>2026-05-03T09:53:39.900Z</time></trkpt>
<trkpt lat="54.529576" lon="18.636883"><time>2026-05-03T09:53:41.900Z</time></trkpt>
<trkpt lat="54.529565" lon="18.636805"><time>2026-05-03T09:53:43.900Z</time></trkpt>
<trkpt lat="54.529555" lon="18.636726"><time>2026-05-03T09:53:45.900Z</time></trkpt>
<trkpt lat="54.529544" lon="18.636649"><time>2026-05-03T09:53:47.900Z</time></trkpt>
<trkpt lat="54.529531" lon="18.636569"><time>2026-05-03T09:53:49.900Z</time></trkpt>
<trkpt lat="54.529518" lon="18.636488"><time>2026-05-03T09:53:51.900Z</time></trkpt>
<trkpt lat="54.529507" lon="18.636408"><time>2026-05-03T09:53:53.900Z</time></trkpt>
<trkpt lat="54.529496" lon="18.636329"><time>2026-05-03T09:53:55.900Z</time></trkpt>
<trkpt lat="54.529483" lon="18.636249"><time>2026-05-03T09:53:57.900Z</time></trkpt>
<trkpt lat="54.529470" lon="18.636171"><time>2026-05-03T09:53:59.900Z</time></trkpt>
<trkpt lat="54.529456" lon="18.636094"><time>2026-05-03T09:54:01.900Z</time></trkpt>
<trkpt lat="54.529442" lon="18.636016"><time>2026-05-03T09:54:03.900Z</time></trkpt>
<trkpt lat="54.529427" lon="18.635938"><time>2026-05-03T09:54:05.900Z</time></trkpt>
<trkpt lat="54.529415" lon="18.635860"><time>2026-05-03T09:54:07.900Z</time></trkpt>
<trkpt lat="54.529399" lon="18.635787"><time>2026-05-03T09:54:09.900Z</time></trkpt>
<trkpt lat="54.529379" lon="18.635715"><time>2026-05-03T09:54:11.900Z</time></trkpt>
<trkpt lat="54.529360" lon="18.635640"><time>2026-05-03T09:54:13.900Z</time></trkpt>
<trkpt lat="54.529344" lon="18.635564"><time>2026-05-03T09:54:16.000Z</time></trkpt>
<trkpt lat="54.529328" lon="18.635487"><time>2026-05-03T09:54:18.000Z</time></trkpt>
<trkpt lat="54.529312" lon="18.635403"><time>2026-05-03T09:54:20.000Z</time></trkpt>
<trkpt lat="54.529298" lon="18.635330"><time>2026-05-03T09:54:22.000Z</time></trkpt>
<trkpt lat="54.529284" lon="18.635260"><time>2026-05-03T09:54:24.000Z</time></trkpt>
<trkpt lat="54.529272" lon="18.635200"><time>2026-05-03T09:54:26.000Z</time></trkpt>
<trkpt lat="54.529259" lon="18.635143"><time>2026-05-03T09:54:28.000Z</time></trkpt>
<trkpt lat="54.529246" lon="18.635076"><time>2026-05-03T09:54:30.000Z</time></trkpt>
<trkpt lat="54.529231" lon="18.635010"><time>2026-05-03T09:54:32.000Z</time></trkpt>
<trkpt lat="54.529221" lon="18.634942"><time>2026-05-03T09:54:34.000Z</time></trkpt>
<trkpt lat="54.529210" lon="18.634866"><time>2026-05-03T09:54:36.000Z</time></trkpt>
<trkpt lat="54.529198" lon="18.634789"><time>2026-05-03T09:54:38.000Z</time></trkpt>
<trkpt lat="54.529191" lon="18.634721"><time>2026-05-03T09:54:40.000Z</time></trkpt>
<trkpt lat="54.529185" lon="18.634644"><time>2026-05-03T09:54:41.900Z</time></trkpt>
<trkpt lat="54.529178" lon="18.634566"><time>2026-05-03T09:54:43.900Z</time></trkpt>
<trkpt lat="54.529176" lon="18.634489"><time>2026-05-03T09:54:45.900Z</time></trkpt>
<trkpt lat="54.529170" lon="18.634404"><time>2026-05-03T09:54:47.900Z</time></trkpt>
<trkpt lat="54.529159" lon="18.634309"><time>2026-05-03T09:54:49.900Z</time></trkpt>
<trkpt lat="54.529146" lon="18.634212"><time>2026-05-03T09:54:51.900Z</time></trkpt>
<trkpt lat="54.529139" lon="18.634129"><time>2026-05-03T09:54:53.900Z</time></trkpt>
<trkpt lat="54.529115" lon="18.634023"><time>2026-05-03T09:54:55.900Z</time></trkpt>
<trkpt lat="54.529096" lon="18.633931"><time>2026-05-03T09:54:57.900Z</time></trkpt>
<trkpt lat="54.529084" lon="18.633839"><time>2026-05-03T09:54:59.900Z</time></trkpt>
<trkpt lat="54.529073" lon="18.633749"><time>2026-05-03T09:55:01.900Z</time></trkpt>
<trkpt lat="54.529066" lon="18.633672"><time>2026-05-03T09:55:03.900Z</time></trkpt>
<trkpt lat="54.529059" lon="18.633601"><time>2026-05-03T09:55:05.900Z</time></trkpt>
<trkpt lat="54.529048" lon="18.633530"><time>2026-05-03T09:55:07.900Z</time></trkpt>
<trkpt lat="54.529033" lon="18.633463"><time>2026-05-03T09:55:09.900Z</time></trkpt>
<trkpt lat="54.529014" lon="18.633388"><time>2026-05-03T09:55:11.900Z</time></trkpt>
<trkpt lat="54.528994" lon="18.633313"><time>2026-05-03T09:55:13.900Z</time></trkpt>
<trkpt lat="54.528970" lon="18.633236"><time>2026-05-03T09:55:15.900Z</time></trkpt>
<trkpt lat="54.528947" lon="18.633156"><time>2026-05-03T09:55:17.900Z</time></trkpt>
<trkpt lat="54.528927" lon="18.633078"><time>2026-05-03T09:55:19.900Z</time></trkpt>
<trkpt lat="54.528909" lon="18.633008"><time>2026-05-03T09:55:21.900Z</time></trkpt>
<trkpt lat="54.528878" lon="18.632922"><time>2026-05-03T09:55:23.900Z</time></trkpt>
<trkpt lat="54.528843" lon="18.632826"><time>2026-05-03T09:55:25.900Z</time></trkpt>
<trkpt lat="54.528807" lon="18.632725"><time>2026-05-03T09:55:27.900Z</time></trkpt>
<trkpt lat="54.528778" lon="18.632638"><time>2026-05-03T09:55:29.900Z</time></trkpt>
<trkpt lat="54.528759" lon="18.632561"><time>2026-05-03T09:55:31.900Z</time></trkpt>
<trkpt lat="54.528744" lon="18.632489"><time>2026-05-03T09:55:33.900Z</time></trkpt>
<trkpt lat="54.528727" lon="18.632423"><time>2026-05-03T09:55:35.900Z</time></trkpt>
<trkpt lat="54.528706" lon="18.632348"><time>2026-05-03T09:55:37.900Z</time></trkpt>
<trkpt lat="54.528687" lon="18.632273"><time>2026-05-03T09:55:39.900Z</time></trkpt>
<trkpt lat="54.528662" lon="18.632190"><time>2026-05-03T09:55:41.900Z</time></trkpt>
<trkpt lat="54.528640" lon="18.632115"><time>2026-05-03T09:55:43.900Z</time></trkpt>
<trkpt lat="54.528619" lon="18.632041"><time>2026-05-03T09:55:45.900Z</time></trkpt>
<trkpt lat="54.528593" lon="18.631967"><time>2026-05-03T09:55:47.900Z</time></trkpt>
<trkpt lat="54.528566" lon="18.631880"><time>2026-05-03T09:55:49.900Z</time></trkpt>
<trkpt lat="54.528547" lon="18.631798"><time>2026-05-03T09:55:51.900Z</time></trkpt>
<trkpt lat="54.528528" lon="18.631739"><time>2026-05-03T09:55:53.900Z</time></trkpt>
<trkpt lat="54.528511" lon="18.631676"><time>2026-05-03T09:55:55.900Z</time></trkpt>
<trkpt lat="54.528498" lon="18.631618"><time>2026-05-03T09:55:57.900Z</time></trkpt>
<trkpt lat="54.528483" lon="18.631555"><time>2026-05-03T09:55:59.900Z</time></trkpt>
<trkpt lat="54.528461" lon="18.631480"><time>2026-05-03T09:56:01.900Z</time></trkpt>
<trkpt lat="54.528441" lon="18.631405"><time>2026-05-03T09:56:03.900Z</time></trkpt>
<trkpt lat="54.528418" lon="18.631325"><time>2026-05-03T09:56:05.900Z</time></trkpt>
<trkpt lat="54.528396" lon="18.631248"><time>2026-05-03T09:56:07.900Z</time></trkpt>
<trkpt lat="54.528375" lon="18.631166"><time>2026-05-03T09:56:09.900Z</time></trkpt>
<trkpt lat="54.528356" lon="18.631086"><time>2026-05-03T09:56:11.900Z</time></trkpt>
<trkpt lat="54.528338" lon="18.631009"><time>2026-05-03T09:56:13.900Z</time></trkpt>
<trkpt lat="54.528319" lon="18.630937"><time>2026-05-03T09:56:15.900Z</time></trkpt>
<trkpt lat="54.528301" lon="18.630853"><time>2026-05-03T09:56:17.900Z</time></trkpt>
<trkpt lat="54.528279" lon="18.630771"><time>2026-05-03T09:56:19.900Z</time></trkpt>
<trkpt lat="54.528257" lon="18.630690"><time>2026-05-03T09:56:22.000Z</time></trkpt>
<trkpt lat="54.528225" lon="18.630606"><time>2026-05-03T09:56:24.000Z</time></trkpt>
<trkpt lat="54.528197" lon="18.630523"><time>2026-05-03T09:56:26.000Z</time></trkpt>
<trkpt lat="54.528172" lon="18.630451"><time>2026-05-03T09:56:28.000Z</time></trkpt>
<trkpt lat="54.528154" lon="18.630371"><time>2026-05-03T09:56:30.000Z</time></trkpt>
<trkpt lat="54.528138" lon="18.630289"><time>2026-05-03T09:56:32.000Z</time></trkpt>
<trkpt lat="54.528121" lon="18.630214"><time>2026-05-03T09:56:34.000Z</time></trkpt>
<trkpt lat="54.528108" lon="18.630144"><time>2026-05-03T09:56:36.000Z</time></trkpt>
<trkpt lat="54.528096" lon="18.630064"><time>2026-05-03T09:56:38.000Z</time></trkpt>
<trkpt lat="54.528078" lon="18.629983"><time>2026-05-03T09:56:40.000Z</time></trkpt>
<trkpt lat="54.528057" lon="18.629891"><time>2026-05-03T09:56:42.000Z</time></trkpt>
<trkpt lat="54.528034" lon="18.629792"><time>2026-05-03T09:56:44.000Z</time></trkpt>
<trkpt lat="54.528012" lon="18.629696"><time>2026-05-03T09:56:45.900Z</time></trkpt>
<trkpt lat="54.527991" lon="18.629602"><time>2026-05-03T09:56:47.900Z</time></trkpt>
<trkpt lat="54.527976" lon="18.629540"><time>2026-05-03T09:56:49.900Z</time></trkpt>
<trkpt lat="54.527962" lon="18.629476"><time>2026-05-03T09:56:51.900Z</time></trkpt>
<trkpt lat="54.527939" lon="18.629386"><time>2026-05-03T09:56:53.900Z</time></trkpt>
<trkpt lat="54.527910" lon="18.629297"><time>2026-05-03T09:56:55.900Z</time></trkpt>
<trkpt lat="54.527891" lon="18.629211"><time>2026-05-03T09:56:57.900Z</time></trkpt>
<trkpt lat="54.527880" lon="18.629147"><time>2026-05-03T09:56:59.900Z</time></trkpt>
<trkpt lat="54.527871" lon="18.629072"><time>2026-05-03T09:57:01.900Z</time></trkpt>
<trkpt lat="54.527853" lon="18.628989"><time>2026-05-03T09:57:03.900Z</time></trkpt>
<trkpt lat="54.527836" lon="18.628901"><time>2026-05-03T09:57:05.900Z</time></trkpt>
<trkpt lat="54.527817" lon="18.628822"><time>2026-05-03T09:57:07.900Z</time></trkpt>
<trkpt lat="54.527799" lon="18.628742"><time>2026-05-03T09:57:09.900Z</time></trkpt>
<trkpt lat="54.527778" lon="18.628662"><time>2026-05-03T09:57:11.900Z</time></trkpt>
<trkpt lat="54.527762" lon="18.628586"><time>2026-05-03T09:57:13.900Z</time></trkpt>
<trkpt lat="54.527743" lon="18.628491"><time>2026-05-03T09:57:15.900Z</time></trkpt>
<trkpt lat="54.527720" lon="18.628413"><time>2026-05-03T09:57:17.900Z</time></trkpt>
<trkpt lat="54.527697" lon="18.628340"><time>2026-05-03T09:57:19.900Z</time></trkpt>
<trkpt lat="54.527670" lon="18.628265"><time>2026-05-03T09:57:21.900Z</time></trkpt>
<trkpt lat="54.527646" lon="18.628187"><time>2026-05-03T09:57:23.900Z</time></trkpt>
<trkpt lat="54.527627" lon="18.628120"><time>2026-05-03T09:57:25.900Z</time></trkpt>
<trkpt lat="54.527611" lon="18.628045"><time>2026-05-03T09:57:27.900Z</time></trkpt>
<trkpt lat="54.527592" lon="18.627972"><time>2026-05-03T09:57:29.900Z</time></trkpt>
<trkpt lat="54.527572" lon="18.627904"><time>2026-05-03T09:57:31.900Z</time></trkpt>
<trkpt lat="54.527550" lon="18.627829"><time>2026-05-03T09:57:33.900Z</time></trkpt>
<trkpt lat="54.527536" lon="18.627756"><time>2026-05-03T09:57:35.900Z</time></trkpt>
<trkpt lat="54.527521" lon="18.627679"><time>2026-05-03T09:57:37.900Z</time></trkpt>
<trkpt lat="54.527503" lon="18.627606"><time>2026-05-03T09:57:39.900Z</time></trkpt>
<trkpt lat="54.527483" lon="18.627532"><time>2026-05-03T09:57:41.900Z</time></trkpt>
<trkpt lat="54.527467" lon="18.627456"><time>2026-05-03T09:57:43.900Z</time></trkpt>
<trkpt lat="54.527449" lon="18.627377"><time>2026-05-03T09:57:45.900Z</time></trkpt>
<trkpt lat="54.527428" lon="18.627302"><time>2026-05-03T09:57:47.900Z</time></trkpt>
<trkpt lat="54.527408" lon="18.627222"><time>2026-05-03T09:57:49.900Z</time></trkpt>
<trkpt lat="54.527395" lon="18.627147"><time>2026-05-03T09:57:51.900Z</time></trkpt>
<trkpt lat="54.527380" lon="18.627065"><time>2026-05-03T09:57:53.900Z</time></trkpt>
<trkpt lat="54.527365" lon="18.626980"><time>2026-05-03T09:57:55.900Z</time></trkpt>
<trkpt lat="54.527349" lon="18.626900"><time>2026-05-03T09:57:57.900Z</time></trkpt>
<trkpt lat="54.527331" lon="18.626818"><time>2026-05-03T09:57:59.900Z</time></trkpt>
<trkpt lat="54.527312" lon="18.626737"><time>2026-05-03T09:58:01.900Z</time></trkpt>
<trkpt lat="54.527294" lon="18.626666"><time>2026-05-03T09:58:03.900Z</time></trkpt>
<trkpt lat="54.527281" lon="18.626595"><time>2026-05-03T09:58:05.900Z</time></trkpt>
<trkpt lat="54.527270" lon="18.626525"><time>2026-05-03T09:58:07.900Z</time></trkpt>
<trkpt lat="54.527257" lon="18.626447"><time>2026-05-03T09:58:09.900Z</time></trkpt>
<trkpt lat="54.527247" lon="18.626372"><time>2026-05-03T09:58:11.900Z</time></trkpt>
<trkpt lat="54.527234" lon="18.626299"><time>2026-05-03T09:58:13.900Z</time></trkpt>
<trkpt lat="54.527217" lon="18.626222"><time>2026-05-03T09:58:15.900Z</time></trkpt>
<trkpt lat="54.527201" lon="18.626146"><time>2026-05-03T09:58:17.900Z</time></trkpt>
<trkpt lat="54.527187" lon="18.626075"><time>2026-05-03T09:58:19.900Z</time></trkpt>
<trkpt lat="54.527172" lon="18.625993"><time>2026-05-03T09:58:21.900Z</time></trkpt>
<trkpt lat="54.527159" lon="18.625913"><time>2026-05-03T09:58:23.900Z</time></trkpt>
<trkpt lat="54.527146" lon="18.625830"><time>2026-05-03T09:58:25.900Z</time></trkpt>
<trkpt lat="54.527130" lon="18.625747"><time>2026-05-03T09:58:28.000Z</time></trkpt>
<trkpt lat="54.527113" lon="18.625664"><time>2026-05-03T09:58:30.000Z</time></trkpt>
<trkpt lat="54.527094" lon="18.625586"><time>2026-05-03T09:58:32.000Z</time></trkpt>
<trkpt lat="54.527075" lon="18.625502"><time>2026-05-03T09:58:34.000Z</time></trkpt>
<trkpt lat="54.527056" lon="18.625417"><time>2026-05-03T09:58:36.000Z</time></trkpt>
<trkpt lat="54.527036" lon="18.625333"><time>2026-05-03T09:58:38.000Z</time></trkpt>
<trkpt lat="54.527014" lon="18.625250"><time>2026-05-03T09:58:40.000Z</time></trkpt>
<trkpt lat="54.526995" lon="18.625169"><time>2026-05-03T09:58:42.000Z</time></trkpt>
<trkpt lat="54.526974" lon="18.625089"><time>2026-05-03T09:58:44.000Z</time></trkpt>
<trkpt lat="54.526952" lon="18.625007"><time>2026-05-03T09:58:46.000Z</time></trkpt>
<trkpt lat="54.526932" lon="18.624928"><time>2026-05-03T09:58:48.000Z</time></trkpt>
<trkpt lat="54.526912" lon="18.624852"><time>2026-05-03T09:58:49.900Z</time></trkpt>
<trkpt lat="54.526894" lon="18.624775"><time>2026-05-03T09:58:51.900Z</time></trkpt>
<trkpt lat="54.526877" lon="18.624698"><time>2026-05-03T09:58:53.900Z</time></trkpt>
<trkpt lat="54.526863" lon="18.624618"><time>2026-05-03T09:58:55.900Z</time></trkpt>
<trkpt lat="54.526848" lon="18.624534"><time>2026-05-03T09:58:57.900Z</time></trkpt>
<trkpt lat="54.526832" lon="18.624454"><time>2026-05-03T09:58:59.900Z</time></trkpt>
<trkpt lat="54.526816" lon="18.624374"><time>2026-05-03T09:59:01.900Z</time></trkpt>
<trkpt lat="54.526800" lon="18.624293"><time>2026-05-03T09:59:03.900Z</time></trkpt>
<trkpt lat="54.526785" lon="18.624212"><time>2026-05-03T09:59:05.900Z</time></trkpt>
<trkpt lat="54.526773" lon="18.624135"><time>2026-05-03T09:59:07.900Z</time></trkpt>
<trkpt lat="54.526760" lon="18.624052"><time>2026-05-03T09:59:09.900Z</time></trkpt>
<trkpt lat="54.526746" lon="18.623966"><time>2026-05-03T09:59:11.900Z</time></trkpt>
<trkpt lat="54.526734" lon="18.623884"><time>2026-05-03T09:59:13.900Z</time></trkpt>
<trkpt lat="54.526720" lon="18.623808"><time>2026-05-03T09:59:15.900Z</time></trkpt>
<trkpt lat="54.526707" lon="18.623729"><time>2026-05-03T09:59:17.900Z</time></trkpt>
<trkpt lat="54.526695" lon="18.623646"><time>2026-05-03T09:59:19.900Z</time></trkpt>
<trkpt lat="54.526684" lon="18.623567"><time>2026-05-03T09:59:21.900Z</time></trkpt>
<trkpt lat="54.526674" lon="18.623490"><time>2026-05-03T09:59:23.900Z</time></trkpt>
<trkpt lat="54.526663" lon="18.623405"><time>2026-05-03T09:59:25.900Z</time></trkpt>
<trkpt lat="54.526654" lon="18.623324"><time>2026-05-03T09:59:27.900Z</time></trkpt>
<trkpt lat="54.526646" lon="18.623242"><time>2026-05-03T09:59:29.900Z</time></trkpt>
<trkpt lat="54.526636" lon="18.623166"><time>2026-05-03T09:59:31.900Z</time></trkpt>
<trkpt lat="54.526623" lon="18.623083"><time>2026-05-03T09:59:33.900Z</time></trkpt>
<trkpt lat="54.526609" lon="18.623003"><time>2026-05-03T09:59:35.900Z</time></trkpt>
<trkpt lat="54.526595" lon="18.622916"><time>2026-05-03T09:59:37.900Z</time></trkpt>
<trkpt lat="54.526580" lon="18.622828"><time>2026-05-03T09:59:39.900Z</time></trkpt>
<trkpt lat="54.526568" lon="18.622741"><time>2026-05-03T09:59:41.900Z</time></trkpt>
<trkpt lat="54.526556" lon="18.622654"><time>2026-05-03T09:59:43.900Z</time></trkpt>
<trkpt lat="54.526546" lon="18.622562"><time>2026-05-03T09:59:45.900Z</time></trkpt>
<trkpt lat="54.526534" lon="18.622469"><time>2026-05-03T09:59:47.900Z</time></trkpt>
<trkpt lat="54.526523" lon="18.622387"><time>2026-05-03T09:59:49.900Z</time></trkpt>
<trkpt lat="54.526514" lon="18.622299"><time>2026-05-03T09:59:51.900Z</time></trkpt>
<trkpt lat="54.526508" lon="18.622216"><time>2026-05-03T09:59:53.900Z</time></trkpt>
<trkpt lat="54.526502" lon="18.622132"><time>2026-05-03T09:59:55.900Z</time></trkpt>
<trkpt lat="54.526497" lon="18.622045"><time>2026-05-03T09:59:57.900Z</time></trkpt>
<trkpt lat="54.526492" lon="18.621969"><time>2026-05-03T09:59:59.900Z</time></trkpt>
<trkpt lat="54.526484" lon="18.621894"><time>2026-05-03T10:00:01.900Z</time></trkpt>
<trkpt lat="54.526473" lon="18.621815"><time>2026-05-03T10:00:03.900Z</time></trkpt>
<trkpt lat="54.526454" lon="18.621720"><time>2026-05-03T10:00:05.900Z</time></trkpt>
<trkpt lat="54.526445" lon="18.621638"><time>2026-05-03T10:00:07.900Z</time></trkpt>
<trkpt lat="54.526434" lon="18.621561"><time>2026-05-03T10:00:09.900Z</time></trkpt>
<trkpt lat="54.526425" lon="18.621482"><time>2026-05-03T10:00:11.900Z</time></trkpt>
<trkpt lat="54.526418" lon="18.621401"><time>2026-05-03T10:00:13.900Z</time></trkpt>
<trkpt lat="54.526411" lon="18.621320"><time>2026-05-03T10:00:15.900Z</time></trkpt>
<trkpt lat="54.526403" lon="18.621228"><time>2026-05-03T10:00:17.900Z</time></trkpt>
<trkpt lat="54.526395" lon="18.621141"><time>2026-05-03T10:00:19.900Z</time></trkpt>
<trkpt lat="54.526386" lon="18.621051"><time>2026-05-03T10:00:21.900Z</time></trkpt>
<trkpt lat="54.526380" lon="18.620962"><time>2026-05-03T10:00:23.900Z</time></trkpt>
<trkpt lat="54.526372" lon="18.620877"><time>2026-05-03T10:00:25.900Z</time></trkpt>
<trkpt lat="54.526359" lon="18.620797"><time>2026-05-03T10:00:27.900Z</time></trkpt>
<trkpt lat="54.526348" lon="18.620721"><time>2026-05-03T10:00:29.900Z</time></trkpt>
<trkpt lat="54.526337" lon="18.620630"><time>2026-05-03T10:00:31.900Z</time></trkpt>
<trkpt lat="54.526332" lon="18.620536"><time>2026-05-03T10:00:34.000Z</time></trkpt>
<trkpt lat="54.526329" lon="18.620443"><time>2026-05-03T10:00:36.000Z</time></trkpt>
<trkpt lat="54.526320" lon="18.620347"><time>2026-05-03T10:00:38.000Z</time></trkpt>
<trkpt lat="54.526305" lon="18.620255"><time>2026-05-03T10:00:40.000Z</time></trkpt>
<trkpt lat="54.526290" lon="18.620163"><time>2026-05-03T10:00:42.000Z</time></trkpt>
<trkpt lat="54.526280" lon="18.620081"><time>2026-05-03T10:00:44.000Z</time></trkpt>
<trkpt lat="54.526277" lon="18.619994"><time>2026-05-03T10:00:46.000Z</time></trkpt>
<trkpt lat="54.526264" lon="18.619900"><time>2026-05-03T10:00:48.000Z</time></trkpt>
<trkpt lat="54.526251" lon="18.619808"><time>2026-05-03T10:00:50.000Z</time></trkpt>
<trkpt lat="54.526245" lon="18.619729"><time>2026-05-03T10:00:51.900Z</time></trkpt>
<trkpt lat="54.526225" lon="18.619698"><time>2026-05-03T10:00:53.900Z</time></trkpt>
<trkpt lat="54.526217" lon="18.619620"><time>2026-05-03T10:00:55.900Z</time></trkpt>
<trkpt lat="54.526207" lon="18.619537"><time>2026-05-03T10:00:57.900Z</time></trkpt>
<trkpt lat="54.526191" lon="18.619456"><time>2026-05-03T10:00:59.900Z</time></trkpt>
<trkpt lat="54.526175" lon="18.619361"><time>2026-05-03T10:01:01.900Z</time></trkpt>
<trkpt lat="54.526154" lon="18.619285"><time>2026-05-03T10:01:03.900Z</time></trkpt>
<trkpt lat="54.526136" lon="18.619198"><time>2026-05-03T10:01:05.900Z</time></trkpt>
<trkpt lat="54.526111" lon="18.619123"><time>2026-05-03T10:01:07.900Z</time></trkpt>
<trkpt lat="54.526082" lon="18.619039"><time>2026-05-03T10:01:09.900Z</time></trkpt>
<trkpt lat="54.526058" lon="18.618943"><time>2026-05-03T10:01:11.900Z</time></trkpt>
<trkpt lat="54.526031" lon="18.618852"><time>2026-05-03T10:01:13.900Z</time></trkpt>
<trkpt lat="54.526007" lon="18.618756"><time>2026-05-03T10:01:15.900Z</time></trkpt>
<trkpt lat="54.525988" lon="18.618679"><time>2026-05-03T10:01:17.900Z</time></trkpt>
<trkpt lat="54.525967" lon="18.618608"><time>2026-05-03T10:01:19.900Z</time></trkpt>
<trkpt lat="54.525948" lon="18.618528"><time>2026-05-03T10:01:21.900Z</time></trkpt>
<trkpt lat="54.525930" lon="18.618448"><time>2026-05-03T10:01:23.900Z</time></trkpt>
<trkpt lat="54.525914" lon="18.618369"><time>2026-05-03T10:01:25.900Z</time></trkpt>
<trkpt lat="54.525894" lon="18.618280"><time>2026-05-03T10:01:27.900Z</time></trkpt>
<trkpt lat="54.525867" lon="18.618192"><time>2026-05-03T10:01:29.900Z</time></trkpt>
<trkpt lat="54.525841" lon="18.618129"><time>2026-05-03T10:01:31.900Z</time></trkpt>
<trkpt lat="54.525830" lon="18.618050"><time>2026-05-03T10:01:33.900Z</time></trkpt>
<trkpt lat="54.525814" lon="18.617973"><time>2026-05-03T10:01:35.900Z</time></trkpt>
<trkpt lat="54.525783" lon="18.617887"><time>2026-05-03T10:01:37.900Z</time></trkpt>
<trkpt lat="54.525732" lon="18.617759"><time>2026-05-03T10:01:39.900Z</time></trkpt>
<trkpt lat="54.525717" lon="18.617681"><time>2026-05-03T10:01:41.900Z</time></trkpt>
<trkpt lat="54.525698" lon="18.617591"><time>2026-05-03T10:01:43.900Z</time></trkpt>
<trkpt lat="54.525677" lon="18.617531"><time>2026-05-03T10:01:45.900Z</time></trkpt>
<trkpt lat="54.525657" lon="18.617459"><time>2026-05-03T10:01:47.900Z</time></trkpt>
<trkpt lat="54.525637" lon="18.617384"><time>2026-05-03T10:01:49.900Z</time></trkpt>
<trkpt lat="54.525611" lon="18.617324"><time>2026-05-03T10:01:51.900Z</time></trkpt>
<trkpt lat="54.525591" lon="18.617264"><time>2026-05-03T10:01:53.900Z</time></trkpt>
<trkpt lat="54.525572" lon="18.617202"><time>2026-05-03T10:01:55.900Z</time></trkpt>
<trkpt lat="54.525537" lon="18.617156"><time>2026-05-03T10:01:57.900Z</time></trkpt>
<trkpt lat="54.525525" lon="18.617091"><time>2026-05-03T10:01:59.900Z</time></trkpt>
<trkpt lat="54.525523" lon="18.617034"><time>2026-05-03T10:02:01.900Z</time></trkpt>
<trkpt lat="54.525510" lon="18.616962"><time>2026-05-03T10:02:03.900Z</time></trkpt>
<trkpt lat="54.525493" lon="18.616898"><time>2026-05-03T10:02:05.900Z</time></trkpt>
<trkpt lat="54.525482" lon="18.616837"><time>2026-05-03T10:02:07.900Z</time></trkpt>
<trkpt lat="54.525469" lon="18.616778"><time>2026-05-03T10:02:09.900Z</time></trkpt>
<trkpt lat="54.525448" lon="18.616714"><time>2026-05-03T10:02:11.900Z</time></trkpt>
<trkpt lat="54.525428" lon="18.616651"><time>2026-05-03T10:02:13.900Z</time></trkpt>
<trkpt lat="54.525404" lon="18.616576"><time>2026-05-03T10:02:15.900Z</time></trkpt>
<trkpt lat="54.525388" lon="18.616510"><time>2026-05-03T10:02:17.900Z</time></trkpt>
<trkpt lat="54.525371" lon="18.616435"><time>2026-05-03T10:02:19.900Z</time></trkpt>
<trkpt lat="54.525356" lon="18.616356"><time>2026-05-03T10:02:21.900Z</time></trkpt>
<trkpt lat="54.525340" lon="18.616280"><time>2026-05-03T10:02:23.900Z</time></trkpt>
<trkpt lat="54.525324" lon="18.616205"><time>2026-05-03T10:02:25.900Z</time></trkpt>
<trkpt lat="54.525312" lon="18.616132"><time>2026-05-03T10:02:27.900Z</time></trkpt>
<trkpt lat="54.525305" lon="18.616056"><time>2026-05-03T10:02:29.900Z</time></trkpt>
<trkpt lat="54.525295" lon="18.615979"><time>2026-05-03T10:02:31.900Z</time></trkpt>
<trkpt lat="54.525281" lon="18.615901"><time>2026-05-03T10:02:33.900Z</time></trkpt>
<trkpt lat="54.525265" lon="18.615827"><time>2026-05-03T10:02:35.900Z</time></trkpt>
<trkpt lat="54.525248" lon="18.615750"><time>2026-05-03T10:02:37.900Z</time></trkpt>
<trkpt lat="54.525233" lon="18.615671"><time>2026-05-03T10:02:40.000Z</time></trkpt>
<trkpt lat="54.525218" lon="18.615590"><time>2026-05-03T10:02:42.000Z</time></trkpt>
<trkpt lat="54.525199" lon="18.615511"><time>2026-05-03T10:02:44.000Z</time></trkpt>
<trkpt lat="54.525175" lon="18.615430"><time>2026-05-03T10:02:46.000Z</time></trkpt>
<trkpt lat="54.525156" lon="18.615355"><time>2026-05-03T10:02:48.000Z</time></trkpt>
<trkpt lat="54.525135" lon="18.615275"><time>2026-05-03T10:02:50.000Z</time></trkpt>
<trkpt lat="54.525111" lon="18.615195"><time>2026-05-03T10:02:52.000Z</time></trkpt>
<trkpt lat="54.525088" lon="18.615120"><time>2026-05-03T10:02:54.000Z</time></trkpt>
<trkpt lat="54.525069" lon="18.615046"><time>2026-05-03T10:02:56.000Z</time></trkpt>
<trkpt lat="54.525049" lon="18.614971"><time>2026-05-03T10:02:57.900Z</time></trkpt>
<trkpt lat="54.525029" lon="18.614899"><time>2026-05-03T10:02:59.900Z</time></trkpt>
<trkpt lat="54.525010" lon="18.614816"><time>2026-05-03T10:03:01.900Z</time></trkpt>
<trkpt lat="54.524991" lon="18.614731"><time>2026-05-03T10:03:03.900Z</time></trkpt>
<trkpt lat="54.524975" lon="18.614640"><time>2026-05-03T10:03:05.900Z</time></trkpt>
<trkpt lat="54.524952" lon="18.614553"><time>2026-05-03T10:03:07.900Z</time></trkpt>
<trkpt lat="54.524932" lon="18.614471"><time>2026-05-03T10:03:09.900Z</time></trkpt>
<trkpt lat="54.524914" lon="18.614394"><time>2026-05-03T10:03:11.900Z</time></trkpt>
<trkpt lat="54.524899" lon="18.614316"><time>2026-05-03T10:03:13.900Z</time></trkpt>
<trkpt lat="54.524890" lon="18.614244"><time>2026-05-03T10:03:15.900Z</time></trkpt>
<trkpt lat="54.524883" lon="18.614184"><time>2026-05-03T10:03:17.900Z</time></trkpt>
<trkpt lat="54.524866" lon="18.614121"><time>2026-05-03T10:03:19.900Z</time></trkpt>
<trkpt lat="54.524849" lon="18.614056"><time>2026-05-03T10:03:21.900Z</time></trkpt>
<trkpt lat="54.524836" lon="18.613990"><time>2026-05-03T10:03:23.900Z</time></trkpt>
<trkpt lat="54.524816" lon="18.613907"><time>2026-05-03T10:03:25.900Z</time></trkpt>
<trkpt lat="54.524798" lon="18.613839"><time>2026-05-03T10:03:27.900Z</time></trkpt>
<trkpt lat="54.524779" lon="18.613768"><time>2026-05-03T10:03:29.900Z</time></trkpt>
<trkpt lat="54.524765" lon="18.613699"><time>2026-05-03T10:03:31.900Z</time></trkpt>
<trkpt lat="54.524748" lon="18.613624"><time>2026-05-03T10:03:33.900Z</time></trkpt>
<trkpt lat="54.524726" lon="18.613545"><time>2026-05-03T10:03:35.900Z</time></trkpt>
<trkpt lat="54.524709" lon="18.613472"><time>2026-05-03T10:03:37.900Z</time></trkpt>
<trkpt lat="54.524692" lon="18.613391"><time>2026-05-03T10:03:39.900Z</time></trkpt>
<trkpt lat="54.524676" lon="18.613311"><time>2026-05-03T10:03:41.900Z</time></trkpt>
<trkpt lat="54.524655" lon="18.613225"><time>2026-05-03T10:03:43.900Z</time></trkpt>
<trkpt lat="54.524636" lon="18.613141"><time>2026-05-03T10:03:45.900Z</time></trkpt>
<trkpt lat="54.524613" lon="18.613059"><time>2026-05-03T10:03:47.900Z</time></trkpt>
<trkpt lat="54.524594" lon="18.612979"><time>2026-05-03T10:03:49.900Z</time></trkpt>
<trkpt lat="54.524571" lon="18.612887"><time>2026-05-03T10:03:51.900Z</time></trkpt>
<trkpt lat="54.524551" lon="18.612800"><time>2026-05-03T10:03:53.900Z</time></trkpt>
<trkpt lat="54.524528" lon="18.612710"><time>2026-05-03T10:03:55.900Z</time></trkpt>
<trkpt lat="54.524508" lon="18.612618"><time>2026-05-03T10:03:57.900Z</time></trkpt>
<trkpt lat="54.524487" lon="18.612534"><time>2026-05-03T10:03:59.900Z</time></trkpt>
<trkpt lat="54.524464" lon="18.612451"><time>2026-05-03T10:04:01.900Z</time></trkpt>
<trkpt lat="54.524438" lon="18.612378"><time>2026-05-03T10:04:03.900Z</time></trkpt>
<trkpt lat="54.524405" lon="18.612303"><time>2026-05-03T10:04:05.900Z</time></trkpt>
<trkpt lat="54.524375" lon="18.612216"><time>2026-05-03T10:04:07.900Z</time></trkpt>
<trkpt lat="54.524351" lon="18.612140"><time>2026-05-03T10:04:09.900Z</time></trkpt>
<trkpt lat="54.524327" lon="18.612063"><time>2026-05-03T10:04:11.900Z</time></trkpt>
<trkpt lat="54.524303" lon="18.611994"><time>2026-05-03T10:04:13.900Z</time></trkpt>
<trkpt lat="54.524280" lon="18.611917"><time>2026-05-03T10:04:15.900Z</time></trkpt>
<trkpt lat="54.524256" lon="18.611831"><time>2026-05-03T10:04:17.900Z</time></trkpt>
<trkpt lat="54.524232" lon="18.611746"><time>2026-05-03T10:04:19.900Z</time></trkpt>
<trkpt lat="54.524214" lon="18.611666"><time>2026-05-03T10:04:21.900Z</time></trkpt>
<trkpt lat="54.524220" lon="18.611588"><time>2026-05-03T10:04:23.900Z</time></trkpt>
<trkpt lat="54.524211" lon="18.611504"><time>2026-05-03T10:04:25.900Z</time></trkpt>
<trkpt lat="54.524190" lon="18.611414"><time>2026-05-03T10:04:27.900Z</time></trkpt>
<trkpt lat="54.524164" lon="18.611327"><time>2026-05-03T10:04:29.900Z</time></trkpt>
<trkpt lat="54.524144" lon="18.611246"><time>2026-05-03T10:04:31.900Z</time></trkpt>
<trkpt lat="54.524124" lon="18.611163"><time>2026-05-03T10:04:33.900Z</time></trkpt>
<trkpt lat="54.524102" lon="18.611086"><time>2026-05-03T10:04:35.900Z</time></trkpt>
<trkpt lat="54.524079" lon="18.611009"><time>2026-05-03T10:04:37.900Z</time></trkpt>
<trkpt lat="54.524055" lon="18.610933"><time>2026-05-03T10:04:39.900Z</time></trkpt>
<trkpt lat="54.524036" lon="18.610857"><time>2026-05-03T10:04:41.900Z</time></trkpt>
<trkpt lat="54.524013" lon="18.610772"><time>2026-05-03T10:04:43.900Z</time></trkpt>
<trkpt lat="54.523990" lon="18.610683"><time>2026-05-03T10:04:45.900Z</time></trkpt>
<trkpt lat="54.523966" lon="18.610596"><time>2026-05-03T10:04:47.900Z</time></trkpt>
<trkpt lat="54.523939" lon="18.610519"><time>2026-05-03T10:04:49.900Z</time></trkpt>
<trkpt lat="54.523919" lon="18.610441"><time>2026-05-03T10:04:51.900Z</time></trkpt>
<trkpt lat="54.523896" lon="18.610367"><time>2026-05-03T10:04:53.900Z</time></trkpt>
<trkpt lat="54.523875" lon="18.610284"><time>2026-05-03T10:04:55.900Z</time></trkpt>
<trkpt lat="54.523853" lon="18.610206"><time>2026-05-03T10:04:57.900Z</time></trkpt>
<trkpt lat="54.523833" lon="18.610130"><time>2026-05-03T10:04:59.900Z</time></trkpt>
<trkpt lat="54.523818" lon="18.610050"><time>2026-05-03T10:05:01.900Z</time></trkpt>
<trkpt lat="54.523795" lon="18.609968"><time>2026-05-03T10:05:03.900Z</time></trkpt>
<trkpt lat="54.523770" lon="18.609889"><time>2026-05-03T10:05:05.900Z</time></trkpt>
<trkpt lat="54.523751" lon="18.609821"><time>2026-05-03T10:05:07.900Z</time></trkpt>
<trkpt lat="54.523732" lon="18.609736"><time>2026-05-03T10:05:09.900Z</time></trkpt>
<trkpt lat="54.523723" lon="18.609667"><time>2026-05-03T10:05:11.900Z</time></trkpt>
<trkpt lat="54.523716" lon="18.609603"><time>2026-05-03T10:05:13.900Z</time></trkpt>
<trkpt lat="54.523703" lon="18.609537"><time>2026-05-03T10:05:15.900Z</time></trkpt>
<trkpt lat="54.523698" lon="18.609477"><time>2026-05-03T10:05:17.900Z</time></trkpt>
<trkpt lat="54.523698" lon="18.609447"><time>2026-05-03T10:05:19.900Z</time></trkpt>
<trkpt lat="54.523688" lon="18.609388"><time>2026-05-03T10:05:21.900Z</time></trkpt>
<trkpt lat="54.523672" lon="18.609314"><time>2026-05-03T10:05:23.900Z</time></trkpt>
<trkpt lat="54.523670" lon="18.609276"><time>2026-05-03T10:05:25.900Z</time></trkpt>
<trkpt lat="54.523659" lon="18.609222"><time>2026-05-03T10:05:27.900Z</time></trkpt>
<trkpt lat="54.523646" lon="18.609173"><time>2026-05-03T10:05:29.900Z</time></trkpt>
<trkpt lat="54.523638" lon="18.609111"><time>2026-05-03T10:05:31.900Z</time></trkpt>
<trkpt lat="54.523624" lon="18.609049"><time>2026-05-03T10:05:33.900Z</time></trkpt>
<trkpt lat="54.523600" lon="18.608994"><time>2026-05-03T10:05:35.900Z</time></trkpt>
<trkpt lat="54.523568" lon="18.608955"><time>2026-05-03T10:05:37.900Z</time></trkpt>
<trkpt lat="54.523528" lon="18.608948"><time>2026-05-03T10:05:39.900Z</time></trkpt>
<trkpt lat="54.523504" lon="18.608946"><time>2026-05-03T10:05:41.900Z</time></trkpt>
<trkpt lat="54.523482" lon="18.608947"><time>2026-05-03T10:05:43.900Z</time></trkpt>
<trkpt lat="54.523463" lon="18.608968"><time>2026-05-03T10:05:45.900Z</time></trkpt>
<trkpt lat="54.523444" lon="18.608990"><time>2026-05-03T10:05:47.900Z</time></trkpt>
<trkpt lat="54.523415" lon="18.609000"><time>2026-05-03T10:05:49.900Z</time></trkpt>
<trkpt lat="54.523394" lon="18.609023"><time>2026-05-03T10:05:51.900Z</time></trkpt>
<trkpt lat="54.523375" lon="18.609042"><time>2026-05-03T10:05:53.900Z</time></trkpt>
<trkpt lat="54.523352" lon="18.609076"><time>2026-05-03T10:05:55.900Z</time></trkpt>
<trkpt lat="54.523325" lon="18.609108"><time>2026-05-03T10:05:57.900Z</time></trkpt>
<trkpt lat="54.523298" lon="18.609139"><time>2026-05-03T10:05:59.900Z</time></trkpt>
<trkpt lat="54.523270" lon="18.609170"><time>2026-05-03T10:06:01.900Z</time></trkpt>
<trkpt lat="54.523238" lon="18.609203"><time>2026-05-03T10:06:03.900Z</time></trkpt>
<trkpt lat="54.523201" lon="18.609232"><time>2026-05-03T10:06:05.900Z</time></trkpt>
<trkpt lat="54.523165" lon="18.609263"><time>2026-05-03T10:06:07.900Z</time></trkpt>
<trkpt lat="54.523126" lon="18.609296"><time>2026-05-03T10:06:09.900Z</time></trkpt>
<trkpt lat="54.523087" lon="18.609324"><time>2026-05-03T10:06:11.900Z</time></trkpt>
<trkpt lat="54.523043" lon="18.609344"><time>2026-05-03T10:06:13.900Z</time></trkpt>
<trkpt lat="54.522998" lon="18.609359"><time>2026-05-03T10:06:15.900Z</time></trkpt>
<trkpt lat="54.522955" lon="18.609373"><time>2026-05-03T10:06:17.900Z</time></trkpt>
<trkpt lat="54.522913" lon="18.609385"><time>2026-05-03T10:06:19.900Z</time></trkpt>
<trkpt lat="54.522868" lon="18.609389"><time>2026-05-03T10:06:21.900Z</time></trkpt>
<trkpt lat="54.522824" lon="18.609396"><time>2026-05-03T10:06:23.900Z</time></trkpt>
<trkpt lat="54.522773" lon="18.609407"><time>2026-05-03T10:06:25.900Z</time></trkpt>
<trkpt lat="54.522731" lon="18.609414"><time>2026-05-03T10:06:27.900Z</time></trkpt>
<trkpt lat="54.522682" lon="18.609432"><time>2026-05-03T10:06:29.900Z</time></trkpt>
<trkpt lat="54.522627" lon="18.609444"><time>2026-05-03T10:06:31.900Z</time></trkpt>
<trkpt lat="54.522569" lon="18.609459"><time>2026-05-03T10:06:33.900Z</time></trkpt>
<trkpt lat="54.522523" lon="18.609486"><time>2026-05-03T10:06:35.900Z</time></trkpt>
<trkpt lat="54.522477" lon="18.609519"><time>2026-05-03T10:06:37.900Z</time></trkpt>
<trkpt lat="54.522427" lon="18.609551"><time>2026-05-03T10:06:39.900Z</time></trkpt>
<trkpt lat="54.522376" lon="18.609576"><time>2026-05-03T10:06:41.900Z</time></trkpt>
<trkpt lat="54.522330" lon="18.609604"><time>2026-05-03T10:06:43.900Z</time></trkpt>
<trkpt lat="54.522276" lon="18.609617"><time>2026-05-03T10:06:45.900Z</time></trkpt>
<trkpt lat="54.522218" lon="18.609632"><time>2026-05-03T10:06:47.900Z</time></trkpt>
<trkpt lat="54.522163" lon="18.609643"><time>2026-05-03T10:06:49.900Z</time></trkpt>
<trkpt lat="54.522104" lon="18.609654"><time>2026-05-03T10:06:51.900Z</time></trkpt>
<trkpt lat="54.522049" lon="18.609668"><time>2026-05-03T10:06:53.900Z</time></trkpt>
<trkpt lat="54.522000" lon="18.609692"><time>2026-05-03T10:06:55.900Z</time></trkpt>
<trkpt lat="54.521949" lon="18.609720"><time>2026-05-03T10:06:57.900Z</time></trkpt>
<trkpt lat="54.521887" lon="18.609746"><time>2026-05-03T10:06:59.900Z</time></trkpt>
<trkpt lat="54.521828" lon="18.609761"><time>2026-05-03T10:07:01.900Z</time></trkpt>
<trkpt lat="54.521775" lon="18.609779"><time>2026-05-03T10:07:03.900Z</time></trkpt>
<trkpt lat="54.521715" lon="18.609791"><time>2026-05-03T10:07:05.900Z</time></trkpt>
<trkpt lat="54.521656" lon="18.609798"><time>2026-05-03T10:07:07.900Z</time></trkpt>
<trkpt lat="54.521598" lon="18.609802"><time>2026-05-03T10:07:09.900Z</time></trkpt>
<trkpt lat="54.521540" lon="18.609803"><time>2026-05-03T10:07:11.900Z</time></trkpt>
<trkpt lat="54.521488" lon="18.609810"><time>2026-05-03T10:07:13.900Z</time></trkpt>
<trkpt lat="54.521439" lon="18.609825"><time>2026-05-03T10:07:15.900Z</time></trkpt>
<trkpt lat="54.521389" lon="18.609838"><time>2026-05-03T10:07:17.900Z</time></trkpt>
<trkpt lat="54.521340" lon="18.609849"><time>2026-05-03T10:07:19.900Z</time></trkpt>
<trkpt lat="54.521288" lon="18.609858"><time>2026-05-03T10:07:21.900Z</time></trkpt>
<trkpt lat="54.521233" lon="18.609870"><time>2026-05-03T10:07:23.900Z</time></trkpt>
<trkpt lat="54.521173" lon="18.609876"><time>2026-05-03T10:07:25.900Z</time></trkpt>
<trkpt lat="54.521119" lon="18.609890"><time>2026-05-03T10:07:27.900Z</time></trkpt>
<trkpt lat="54.521069" lon="18.609906"><time>2026-05-03T10:07:29.900Z</time></trkpt>
<trkpt lat="54.521019" lon="18.609924"><time>2026-05-03T10:07:31.900Z</time></trkpt>
<trkpt lat="54.520965" lon="18.609937"><time>2026-05-03T10:07:33.900Z</time></trkpt>
<trkpt lat="54.520911" lon="18.609950"><time>2026-05-03T10:07:35.900Z</time></trkpt>
<trkpt lat="54.520858" lon="18.609957"><time>2026-05-03T10:07:37.900Z</time></trkpt>
<trkpt lat="54.520806" lon="18.609965"><time>2026-05-03T10:07:39.900Z</time></trkpt>
<trkpt lat="54.520758" lon="18.609983"><time>2026-05-03T10:07:41.900Z</time></trkpt>
<trkpt lat="54.520705" lon="18.610000"><time>2026-05-03T10:07:43.900Z</time></trkpt>
<trkpt lat="54.520655" lon="18.610021"><time>2026-05-03T10:07:45.900Z</time></trkpt>
<trkpt lat="54.520602" lon="18.610040"><time>2026-05-03T10:07:47.900Z</time></trkpt>
<trkpt lat="54.520545" lon="18.610057"><time>2026-05-03T10:07:49.900Z</time></trkpt>
<trkpt lat="54.520490" lon="18.610076"><time>2026-05-03T10:07:51.900Z</time></trkpt>
<trkpt lat="54.520439" lon="18.610103"><time>2026-05-03T10:07:53.900Z</time></trkpt>
<trkpt lat="54.520383" lon="18.610127"><time>2026-05-03T10:07:55.900Z</time></trkpt>
<trkpt lat="54.520331" lon="18.610148"><time>2026-05-03T10:07:57.900Z</time></trkpt>
<trkpt lat="54.520275" lon="18.610162"><time>2026-05-03T10:07:59.900Z</time></trkpt>
<trkpt lat="54.520222" lon="18.610182"><time>2026-05-03T10:08:01.900Z</time></trkpt>
<trkpt lat="54.520170" lon="18.610195"><time>2026-05-03T10:08:03.900Z</time></trkpt>
<trkpt lat="54.520116" lon="18.610206"><time>2026-05-03T10:08:05.900Z</time></trkpt>
<trkpt lat="54.520064" lon="18.610216"><time>2026-05-03T10:08:07.900Z</time></trkpt>
<trkpt lat="54.520011" lon="18.610221"><time>2026-05-03T10:08:09.900Z</time></trkpt>
<trkpt lat="54.519958" lon="18.610225"><time>2026-05-03T10:08:11.900Z</time></trkpt>
<trkpt lat="54.519907" lon="18.610228"><time>2026-05-03T10:08:13.900Z</time></trkpt>
<trkpt lat="54.519857" lon="18.610229"><time>2026-05-03T10:08:15.900Z</time></trkpt>
<trkpt lat="54.519805" lon="18.610229"><time>2026-05-03T10:08:17.900Z</time></trkpt>
<trkpt lat="54.519755" lon="18.610232"><time>2026-05-03T10:08:19.900Z</time></trkpt>
<trkpt lat="54.519707" lon="18.610239"><time>2026-05-03T10:08:21.900Z</time></trkpt>
<trkpt lat="54.519658" lon="18.610251"><time>2026-05-03T10:08:23.900Z</time></trkpt>
<trkpt lat="54.519606" lon="18.610261"><time>2026-05-03T10:08:25.900Z</time></trkpt>
<trkpt lat="54.519556" lon="18.610269"><time>2026-05-03T10:08:27.900Z</time></trkpt>
<trkpt lat="54.519511" lon="18.610270"><time>2026-05-03T10:08:29.900Z</time></trkpt>
<trkpt lat="54.519466" lon="18.610284"><time>2026-05-03T10:08:31.900Z</time></trkpt>
<trkpt lat="54.519417" lon="18.610285"><time>2026-05-03T10:08:33.900Z</time></trkpt>
<trkpt lat="54.519366" lon="18.610290"><time>2026-05-03T10:08:35.900Z</time></trkpt>
<trkpt lat="54.519315" lon="18.610298"><time>2026-05-03T10:08:37.900Z</time></trkpt>
<trkpt lat="54.519265" lon="18.610306"><time>2026-05-03T10:08:39.900Z</time></trkpt>
<trkpt lat="54.519215" lon="18.610322"><time>2026-05-03T10:08:41.900Z</time></trkpt>
<trkpt lat="54.519165" lon="18.610334"><time>2026-05-03T10:08:43.900Z</time></trkpt>
<trkpt lat="54.519114" lon="18.610343"><time>2026-05-03T10:08:45.900Z</time></trkpt>
<trkpt lat="54.519061" lon="18.610357"><time>2026-05-03T10:08:47.900Z</time></trkpt>
<trkpt lat="54.519010" lon="18.610368"><time>2026-05-03T10:08:49.900Z</time></trkpt>
<trkpt lat="54.518957" lon="18.610372"><time>2026-05-03T10:08:51.900Z</time></trkpt>
<trkpt lat="54.518904" lon="18.610382"><time>2026-05-03T10:08:53.900Z</time></trkpt>
<trkpt lat="54.518851" lon="18.610393"><time>2026-05-03T10:08:56.000Z</time></trkpt>
<trkpt lat="54.518798" lon="18.610402"><time>2026-05-03T10:08:58.000Z</time></trkpt>
<trkpt lat="54.518744" lon="18.610404"><time>2026-05-03T10:09:00.000Z</time></trkpt>
<trkpt lat="54.518691" lon="18.610410"><time>2026-05-03T10:09:02.000Z</time></trkpt>
<trkpt lat="54.518638" lon="18.610417"><time>2026-05-03T10:09:03.900Z</time></trkpt>
<trkpt lat="54.518584" lon="18.610428"><time>2026-05-03T10:09:06.000Z</time></trkpt>
<trkpt lat="54.518531" lon="18.610435"><time>2026-05-03T10:09:08.000Z</time></trkpt>
<trkpt lat="54.518476" lon="18.610448"><time>2026-05-03T10:09:09.900Z</time></trkpt>
<trkpt lat="54.518424" lon="18.610472"><time>2026-05-03T10:09:11.900Z</time></trkpt>
<trkpt lat="54.518372" lon="18.610499"><time>2026-05-03T10:09:13.900Z</time></trkpt>
<trkpt lat="54.518322" lon="18.610531"><time>2026-05-03T10:09:15.900Z</time></trkpt>
<trkpt lat="54.518266" lon="18.610546"><time>2026-05-03T10:09:17.900Z</time></trkpt>
<trkpt lat="54.518213" lon="18.610560"><time>2026-05-03T10:09:19.900Z</time></trkpt>
<trkpt lat="54.518162" lon="18.610573"><time>2026-05-03T10:09:21.900Z</time></trkpt>
<trkpt lat="54.518110" lon="18.610589"><time>2026-05-03T10:09:23.900Z</time></trkpt>
<trkpt lat="54.518056" lon="18.610602"><time>2026-05-03T10:09:25.900Z</time></trkpt>
<trkpt lat="54.518007" lon="18.610618"><time>2026-05-03T10:09:27.900Z</time></trkpt>
<trkpt lat="54.517955" lon="18.610625"><time>2026-05-03T10:09:29.900Z</time></trkpt>
<trkpt lat="54.517901" lon="18.610639"><time>2026-05-03T10:09:31.900Z</time></trkpt>
<trkpt lat="54.517845" lon="18.610648"><time>2026-05-03T10:09:33.900Z</time></trkpt>
<trkpt lat="54.517793" lon="18.610655"><time>2026-05-03T10:09:35.900Z</time></trkpt>
<trkpt lat="54.517741" lon="18.610661"><time>2026-05-03T10:09:37.900Z</time></trkpt>
<trkpt lat="54.517690" lon="18.610677"><time>2026-05-03T10:09:39.900Z</time></trkpt>
<trkpt lat="54.517641" lon="18.610693"><time>2026-05-03T10:09:41.900Z</time></trkpt>
<trkpt lat="54.517587" lon="18.610700"><time>2026-05-03T10:09:43.900Z</time></trkpt>
<trkpt lat="54.517534" lon="18.610714"><time>2026-05-03T10:09:45.900Z</time></trkpt>
<trkpt lat="54.517478" lon="18.610723"><time>2026-05-03T10:09:47.900Z</time></trkpt>
<trkpt lat="54.517421" lon="18.610728"><time>2026-05-03T10:09:49.900Z</time></trkpt>
<trkpt lat="54.517366" lon="18.610733"><time>2026-05-03T10:09:51.900Z</time></trkpt>
<trkpt lat="54.517311" lon="18.610729"><time>2026-05-03T10:09:53.900Z</time></trkpt>
<trkpt lat="54.517260" lon="18.610716"><time>2026-05-03T10:09:55.900Z</time></trkpt>
<trkpt lat="54.517207" lon="18.610712"><time>2026-05-03T10:09:57.900Z</time></trkpt>
<trkpt lat="54.517154" lon="18.610704"><time>2026-05-03T10:09:59.900Z</time></trkpt>
<trkpt lat="54.517104" lon="18.610708"><time>2026-05-03T10:10:01.900Z</time></trkpt>
<trkpt lat="54.517051" lon="18.610710"><time>2026-05-03T10:10:03.900Z</time></trkpt>
<trkpt lat="54.517001" lon="18.610721"><time>2026-05-03T10:10:05.900Z</time></trkpt>
<trkpt lat="54.516952" lon="18.610723"><time>2026-05-03T10:10:07.900Z</time></trkpt>
<trkpt lat="54.516899" lon="18.610721"><time>2026-05-03T10:10:09.900Z</time></trkpt>
<trkpt lat="54.516847" lon="18.610721"><time>2026-05-03T10:10:11.900Z</time></trkpt>
<trkpt lat="54.516793" lon="18.610716"><time>2026-05-03T10:10:13.900Z</time></trkpt>
<trkpt lat="54.516742" lon="18.610718"><time>2026-05-03T10:10:15.900Z</time></trkpt>
<trkpt lat="54.516689" lon="18.610727"><time>2026-05-03T10:10:17.900Z</time></trkpt>
<trkpt lat="54.516639" lon="18.610739"><time>2026-05-03T10:10:19.900Z</time></trkpt>
<trkpt lat="54.516588" lon="18.610742"><time>2026-05-03T10:10:21.900Z</time></trkpt>
<trkpt lat="54.516535" lon="18.610748"><time>2026-05-03T10:10:23.900Z</time></trkpt>
<trkpt lat="54.516485" lon="18.610751"><time>2026-05-03T10:10:25.900Z</time></trkpt>
<trkpt lat="54.516434" lon="18.610754"><time>2026-05-03T10:10:27.900Z</time></trkpt>
<trkpt lat="54.516382" lon="18.610760"><time>2026-05-03T10:10:29.900Z</time></trkpt>
<trkpt lat="54.516330" lon="18.610771"><time>2026-05-03T10:10:31.900Z</time></trkpt>
<trkpt lat="54.516278" lon="18.610773"><time>2026-05-03T10:10:33.900Z</time></trkpt>
<trkpt lat="54.516225" lon="18.610773"><time>2026-05-03T10:10:35.900Z</time></trkpt>
<trkpt lat="54.516171" lon="18.610776"><time>2026-05-03T10:10:37.900Z</time></trkpt>
<trkpt lat="54.516118" lon="18.610775"><time>2026-05-03T10:10:39.900Z</time></trkpt>
<trkpt lat="54.516065" lon="18.610774"><time>2026-05-03T10:10:41.900Z</time></trkpt>
<trkpt lat="54.516008" lon="18.610772"><time>2026-05-03T10:10:43.900Z</time></trkpt>
<trkpt lat="54.515951" lon="18.610768"><time>2026-05-03T10:10:45.900Z</time></trkpt>
<trkpt lat="54.515895" lon="18.610760"><time>2026-05-03T10:10:47.900Z</time></trkpt>
<trkpt lat="54.515837" lon="18.610753"><time>2026-05-03T10:10:49.900Z</time></trkpt>
<trkpt lat="54.515782" lon="18.610754"><time>2026-05-03T10:10:51.900Z</time></trkpt>
<trkpt lat="54.515729" lon="18.610752"><time>2026-05-03T10:10:53.900Z</time></trkpt>
<trkpt lat="54.515671" lon="18.610741"><time>2026-05-03T10:10:55.900Z</time></trkpt>
<trkpt lat="54.515617" lon="18.610739"><time>2026-05-03T10:10:57.900Z</time></trkpt>
<trkpt lat="54.515565" lon="18.610736"><time>2026-05-03T10:10:59.900Z</time></trkpt>
<trkpt lat="54.515512" lon="18.610728"><time>2026-05-03T10:11:02.000Z</time></trkpt>
<trkpt lat="54.515461" lon="18.610721"><time>2026-05-03T10:11:04.000Z</time></trkpt>
<trkpt lat="54.515412" lon="18.610707"><time>2026-05-03T10:11:06.000Z</time></trkpt>
<trkpt lat="54.515362" lon="18.610693"><time>2026-05-03T10:11:08.000Z</time></trkpt>
<trkpt lat="54.515313" lon="18.610688"><time>2026-05-03T10:11:10.000Z</time></trkpt>
<trkpt lat="54.515265" lon="18.610684"><time>2026-05-03T10:11:12.000Z</time></trkpt>
<trkpt lat="54.515224" lon="18.610681"><time>2026-05-03T10:11:14.000Z</time></trkpt>
<trkpt lat="54.515184" lon="18.610664"><time>2026-05-03T10:11:16.000Z</time></trkpt>
<trkpt lat="54.515146" lon="18.610640"><time>2026-05-03T10:11:18.000Z</time></trkpt>
<trkpt lat="54.515108" lon="18.610619"><time>2026-05-03T10:11:20.000Z</time></trkpt>
<trkpt lat="54.515079" lon="18.610594"><time>2026-05-03T10:11:21.900Z</time></trkpt>
<trkpt lat="54.515055" lon="18.610564"><time>2026-05-03T10:11:23.900Z</time></trkpt>
<trkpt lat="54.515051" lon="18.610533"><time>2026-05-03T10:11:25.900Z</time></trkpt>
<trkpt lat="54.515053" lon="18.610505"><time>2026-05-03T10:11:27.900Z</time></trkpt>
<trkpt lat="54.515051" lon="18.610468"><time>2026-05-03T10:11:29.900Z</time></trkpt>
<trkpt lat="54.515054" lon="18.610427"><time>2026-05-03T10:11:31.900Z</time></trkpt>
<trkpt lat="54.515058" lon="18.610377"><time>2026-05-03T10:11:33.900Z</time></trkpt>
<trkpt lat="54.515054" lon="18.610344"><time>2026-05-03T10:11:35.900Z</time></trkpt>
<trkpt lat="54.515041" lon="18.610298"><time>2026-05-03T10:11:37.900Z</time></trkpt>
<trkpt lat="54.515045" lon="18.610236"><time>2026-05-03T10:11:39.900Z</time></trkpt>
<trkpt lat="54.515060" lon="18.610180"><time>2026-05-03T10:11:41.900Z</time></trkpt>
<trkpt lat="54.515062" lon="18.610127"><time>2026-05-03T10:11:43.900Z</time></trkpt>
<trkpt lat="54.515057" lon="18.610064"><time>2026-05-03T10:11:45.900Z</time></trkpt>
<trkpt lat="54.515051" lon="18.609990"><time>2026-05-03T10:11:47.900Z</time></trkpt>
<trkpt lat="54.515049" lon="18.609908"><time>2026-05-03T10:11:49.900Z</time></trkpt>
<trkpt lat="54.515053" lon="18.609827"><time>2026-05-03T10:11:51.900Z</time></trkpt>
<trkpt lat="54.515055" lon="18.609747"><time>2026-05-03T10:11:53.900Z</time></trkpt>
<trkpt lat="54.515058" lon="18.609664"><time>2026-05-03T10:11:55.900Z</time></trkpt>
<trkpt lat="54.515061" lon="18.609582"><time>2026-05-03T10:11:57.900Z</time></trkpt>
<trkpt lat="54.515058" lon="18.609510"><time>2026-05-03T10:11:59.900Z</time></trkpt>
<trkpt lat="54.515055" lon="18.609435"><time>2026-05-03T10:12:01.900Z</time></trkpt>
<trkpt lat="54.515050" lon="18.609354"><time>2026-05-03T10:12:03.900Z</time></trkpt>
<trkpt lat="54.515052" lon="18.609284"><time>2026-05-03T10:12:05.900Z</time></trkpt>
<trkpt lat="54.515050" lon="18.609201"><time>2026-05-03T10:12:07.900Z</time></trkpt>
<trkpt lat="54.515061" lon="18.609122"><time>2026-05-03T10:12:09.900Z</time></trkpt>
<trkpt lat="54.515070" lon="18.609041"><time>2026-05-03T10:12:11.900Z</time></trkpt>
<trkpt lat="54.515075" lon="18.608955"><time>2026-05-03T10:12:13.900Z</time></trkpt>
<trkpt lat="54.515079" lon="18.608871"><time>2026-05-03T10:12:15.900Z</time></trkpt>
<trkpt lat="54.515081" lon="18.608779"><time>2026-05-03T10:12:17.900Z</time></trkpt>
<trkpt lat="54.515085" lon="18.608674"><time>2026-05-03T10:12:19.900Z</time></trkpt>
<trkpt lat="54.515073" lon="18.608600"><time>2026-05-03T10:12:21.900Z</time></trkpt>
<trkpt lat="54.515071" lon="18.608507"><time>2026-05-03T10:12:23.900Z</time></trkpt>
<trkpt lat="54.515072" lon="18.608414"><time>2026-05-03T10:12:25.900Z</time></trkpt>
<trkpt lat="54.515079" lon="18.608324"><time>2026-05-03T10:12:27.900Z</time></trkpt>
<trkpt lat="54.515090" lon="18.608258"><time>2026-05-03T10:12:29.900Z</time></trkpt>
<trkpt lat="54.515109" lon="18.608180"><time>2026-05-03T10:12:31.900Z</time></trkpt>
<trkpt lat="54.515119" lon="18.608098"><time>2026-05-03T10:12:33.900Z</time></trkpt>
<trkpt lat="54.515124" lon="18.608000"><time>2026-05-03T10:12:35.900Z</time></trkpt>
<trkpt lat="54.515129" lon="18.607912"><time>2026-05-03T10:12:37.900Z</time></trkpt>
<trkpt lat="54.515130" lon="18.607823"><time>2026-05-03T10:12:39.900Z</time></trkpt>
<trkpt lat="54.515133" lon="18.607738"><time>2026-05-03T10:12:41.900Z</time></trkpt>
<trkpt lat="54.515131" lon="18.607641"><time>2026-05-03T10:12:43.900Z</time></trkpt>
<trkpt lat="54.515132" lon="18.607550"><time>2026-05-03T10:12:45.900Z</time></trkpt>
<trkpt lat="54.515136" lon="18.607455"><time>2026-05-03T10:12:47.900Z</time></trkpt>
<trkpt lat="54.515142" lon="18.607369"><time>2026-05-03T10:12:49.900Z</time></trkpt>
<trkpt lat="54.515146" lon="18.607284"><time>2026-05-03T10:12:51.900Z</time></trkpt>
<trkpt lat="54.515142" lon="18.607166"><time>2026-05-03T10:12:53.900Z</time></trkpt>
<trkpt lat="54.515101" lon="18.607027"><time>2026-05-03T10:12:55.900Z</time></trkpt>
<trkpt lat="54.515061" lon="18.606882"><time>2026-05-03T10:12:57.900Z</time></trkpt>
<trkpt lat="54.515050" lon="18.606772"><time>2026-05-03T10:12:59.900Z</time></trkpt>
<trkpt lat="54.515051" lon="18.606674"><time>2026-05-03T10:13:01.900Z</time></trkpt>
<trkpt lat="54.515051" lon="18.606580"><time>2026-05-03T10:13:03.900Z</time></trkpt>
<trkpt lat="54.515053" lon="18.606481"><time>2026-05-03T10:13:05.900Z</time></trkpt>
<trkpt lat="54.515047" lon="18.606394"><time>2026-05-03T10:13:08.000Z</time></trkpt>
<trkpt lat="54.515035" lon="18.606304"><time>2026-05-03T10:13:10.000Z</time></trkpt>
<trkpt lat="54.515019" lon="18.606210"><time>2026-05-03T10:13:12.000Z</time></trkpt>
<trkpt lat="54.515006" lon="18.606108"><time>2026-05-03T10:13:14.000Z</time></trkpt>
<trkpt lat="54.514993" lon="18.605991"><time>2026-05-03T10:13:16.000Z</time></trkpt>
<trkpt lat="54.514950" lon="18.605917"><time>2026-05-03T10:13:18.000Z</time></trkpt>
<trkpt lat="54.514923" lon="18.605793"><time>2026-05-03T10:13:20.000Z</time></trkpt>
<trkpt lat="54.514899" lon="18.605655"><time>2026-05-03T10:13:22.000Z</time></trkpt>
<trkpt lat="54.514878" lon="18.605518"><time>2026-05-03T10:13:24.000Z</time></trkpt>
<trkpt lat="54.514862" lon="18.605398"><time>2026-05-03T10:13:26.000Z</time></trkpt>
<trkpt lat="54.514846" lon="18.605285"><time>2026-05-03T10:13:28.000Z</time></trkpt>
<trkpt lat="54.514837" lon="18.605186"><time>2026-05-03T10:13:30.000Z</time></trkpt>
<trkpt lat="54.514823" lon="18.605068"><time>2026-05-03T10:13:32.000Z</time></trkpt>
<trkpt lat="54.514810" lon="18.604963"><time>2026-05-03T10:13:34.000Z</time></trkpt>
<trkpt lat="54.514797" lon="18.604868"><time>2026-05-03T10:13:36.000Z</time></trkpt>
<trkpt lat="54.514797" lon="18.604765"><time>2026-05-03T10:13:38.000Z</time></trkpt>
<trkpt lat="54.514796" lon="18.604676"><time>2026-05-03T10:13:40.000Z</time></trkpt>
<trkpt lat="54.514795" lon="18.604588"><time>2026-05-03T10:13:42.000Z</time></trkpt>
<trkpt lat="54.514786" lon="18.604491"><time>2026-05-03T10:13:44.000Z</time></trkpt>
<trkpt lat="54.514776" lon="18.604393"><time>2026-05-03T10:13:46.000Z</time></trkpt>
<trkpt lat="54.514766" lon="18.604290"><time>2026-05-03T10:13:48.000Z</time></trkpt>
<trkpt lat="54.514758" lon="18.604186"><time>2026-05-03T10:13:50.000Z</time></trkpt>
<trkpt lat="54.514753" lon="18.604091"><time>2026-05-03T10:13:52.000Z</time></trkpt>
<trkpt lat="54.514746" lon="18.604003"><time>2026-05-03T10:13:54.000Z</time></trkpt>
<trkpt lat="54.514735" lon="18.603910"><time>2026-05-03T10:13:56.000Z</time></trkpt>
<trkpt lat="54.514730" lon="18.603812"><time>2026-05-03T10:13:58.000Z</time></trkpt>
<trkpt lat="54.514734" lon="18.603700"><time>2026-05-03T10:14:00.000Z</time></trkpt>
<trkpt lat="54.514736" lon="18.603593"><time>2026-05-03T10:14:02.000Z</time></trkpt>
<trkpt lat="54.514736" lon="18.603493"><time>2026-05-03T10:14:04.000Z</time></trkpt>
<trkpt lat="54.514736" lon="18.603400"><time>2026-05-03T10:14:06.000Z</time></trkpt>
<trkpt lat="54.514732" lon="18.603303"><time>2026-05-03T10:14:08.000Z</time></trkpt>
<trkpt lat="54.514731" lon="18.603200"><time>2026-05-03T10:14:10.000Z</time></trkpt>
<trkpt lat="54.514731" lon="18.603102"><time>2026-05-03T10:14:11.900Z</time></trkpt>
<trkpt lat="54.514731" lon="18.602996"><time>2026-05-03T10:14:13.900Z</time></trkpt>
<trkpt lat="54.514728" lon="18.602889"><time>2026-05-03T10:14:15.900Z</time></trkpt>
<trkpt lat="54.514724" lon="18.602782"><time>2026-05-03T10:14:17.900Z</time></trkpt>
<trkpt lat="54.514720" lon="18.602676"><time>2026-05-03T10:14:19.900Z</time></trkpt>
<trkpt lat="54.514714" lon="18.602573"><time>2026-05-03T10:14:21.900Z</time></trkpt>
<trkpt lat="54.514706" lon="18.602469"><time>2026-05-03T10:14:23.900Z</time></trkpt>
<trkpt lat="54.514699" lon="18.602366"><time>2026-05-03T10:14:25.900Z</time></trkpt>
<trkpt lat="54.514693" lon="18.602261"><time>2026-05-03T10:14:27.900Z</time></trkpt>
<trkpt lat="54.514691" lon="18.602161"><time>2026-05-03T10:14:29.900Z</time></trkpt>
<trkpt lat="54.514694" lon="18.602051"><time>2026-05-03T10:14:31.900Z</time></trkpt>
<trkpt lat="54.514690" lon="18.601939"><time>2026-05-03T10:14:33.900Z</time></trkpt>
<trkpt lat="54.514687" lon="18.601835"><time>2026-05-03T10:14:35.900Z</time></trkpt>
<trkpt lat="54.514687" lon="18.601733"><time>2026-05-03T10:14:37.900Z</time></trkpt>
<trkpt lat="54.514683" lon="18.601631"><time>2026-05-03T10:14:39.900Z</time></trkpt>
<trkpt lat="54.514678" lon="18.601524"><time>2026-05-03T10:14:41.900Z</time></trkpt>
<trkpt lat="54.514672" lon="18.601421"><time>2026-05-03T10:14:43.900Z</time></trkpt>
<trkpt lat="54.514665" lon="18.601315"><time>2026-05-03T10:14:45.900Z</time></trkpt>
<trkpt lat="54.514660" lon="18.601214"><time>2026-05-03T10:14:47.900Z</time></trkpt>
<trkpt lat="54.514659" lon="18.601117"><time>2026-05-03T10:14:49.900Z</time></trkpt>
<trkpt lat="54.514657" lon="18.601013"><time>2026-05-03T10:14:51.900Z</time></trkpt>
<trkpt lat="54.514657" lon="18.600911"><time>2026-05-03T10:14:53.900Z</time></trkpt>
<trkpt lat="54.514653" lon="18.600814"><time>2026-05-03T10:14:55.900Z</time></trkpt>
<trkpt lat="54.514649" lon="18.600713"><time>2026-05-03T10:14:57.900Z</time></trkpt>
<trkpt lat="54.514651" lon="18.600612"><time>2026-05-03T10:14:59.900Z</time></trkpt>
<trkpt lat="54.514655" lon="18.600510"><time>2026-05-03T10:15:01.900Z</time></trkpt>
<trkpt lat="54.514660" lon="18.600409"><time>2026-05-03T10:15:03.900Z</time></trkpt>
<trkpt lat="54.514665" lon="18.600313"><time>2026-05-03T10:15:05.900Z</time></trkpt>
<trkpt lat="54.514670" lon="18.600216"><time>2026-05-03T10:15:07.900Z</time></trkpt>
<trkpt lat="54.514673" lon="18.600114"><time>2026-05-03T10:15:09.900Z</time></trkpt>
<trkpt lat="54.514671" lon="18.600015"><time>2026-05-03T10:15:11.900Z</time></trkpt>
<trkpt lat="54.514678" lon="18.599935"><time>2026-05-03T10:15:14.000Z</time></trkpt>
<trkpt lat="54.514685" lon="18.599849"><time>2026-05-03T10:15:16.000Z</time></trkpt>
<trkpt lat="54.514689" lon="18.599758"><time>2026-05-03T10:15:18.000Z</time></trkpt>
<trkpt lat="54.514690" lon="18.599670"><time>2026-05-03T10:15:20.000Z</time></trkpt>
<trkpt lat="54.514689" lon="18.599579"><time>2026-05-03T10:15:22.000Z</time></trkpt>
<trkpt lat="54.514687" lon="18.599482"><time>2026-05-03T10:15:24.000Z</time></trkpt>
<trkpt lat="54.514688" lon="18.599387"><time>2026-05-03T10:15:26.000Z</time></trkpt>
<trkpt lat="54.514696" lon="18.599291"><time>2026-05-03T10:15:28.000Z</time></trkpt>
<trkpt lat="54.514708" lon="18.599203"><time>2026-05-03T10:15:30.000Z</time></trkpt>
<trkpt lat="54.514711" lon="18.599105"><time>2026-05-03T10:15:32.000Z</time></trkpt>
<trkpt lat="54.514715" lon="18.599016"><time>2026-05-03T10:15:34.000Z</time></trkpt>
<trkpt lat="54.514713" lon="18.598924"><time>2026-05-03T10:15:36.000Z</time></trkpt>
<trkpt lat="54.514713" lon="18.598831"><time>2026-05-03T10:15:38.000Z</time></trkpt>
<trkpt lat="54.514714" lon="18.598737"><time>2026-05-03T10:15:40.000Z</time></trkpt>
<trkpt lat="54.514720" lon="18.598646"><time>2026-05-03T10:15:42.000Z</time></trkpt>
<trkpt lat="54.514724" lon="18.598553"><time>2026-05-03T10:15:44.000Z</time></trkpt>
<trkpt lat="54.514726" lon="18.598455"><time>2026-05-03T10:15:46.000Z</time></trkpt>
<trkpt lat="54.514727" lon="18.598362"><time>2026-05-03T10:15:48.000Z</time></trkpt>
<trkpt lat="54.514721" lon="18.598269"><time>2026-05-03T10:15:50.000Z</time></trkpt>
<trkpt lat="54.514715" lon="18.598175"><time>2026-05-03T10:15:52.000Z</time></trkpt>
<trkpt lat="54.514710" lon="18.598076"><time>2026-05-03T10:15:54.000Z</time></trkpt>
<trkpt lat="54.514703" lon="18.597984"><time>2026-05-03T10:15:56.000Z</time></trkpt>
<trkpt lat="54.514693" lon="18.597893"><time>2026-05-03T10:15:58.000Z</time></trkpt>
<trkpt lat="54.514679" lon="18.597801"><time>2026-05-03T10:16:00.000Z</time></trkpt>
<trkpt lat="54.514666" lon="18.597709"><time>2026-05-03T10:16:02.000Z</time></trkpt>
<trkpt lat="54.514655" lon="18.597622"><time>2026-05-03T10:16:04.000Z</time></trkpt>
<trkpt lat="54.514643" lon="18.597535"><time>2026-05-03T10:16:05.900Z</time></trkpt>
<trkpt lat="54.514635" lon="18.597448"><time>2026-05-03T10:16:07.900Z</time></trkpt>
<trkpt lat="54.514628" lon="18.597365"><time>2026-05-03T10:16:09.900Z</time></trkpt>
<trkpt lat="54.514623" lon="18.597287"><time>2026-05-03T10:16:11.900Z</time></trkpt>
<trkpt lat="54.514622" lon="18.597201"><time>2026-05-03T10:16:13.900Z</time></trkpt>
<trkpt lat="54.514623" lon="18.597111"><time>2026-05-03T10:16:15.900Z</time></trkpt>
<trkpt lat="54.514624" lon="18.597028"><time>2026-05-03T10:16:17.900Z</time></trkpt>
<trkpt lat="54.514618" lon="18.596940"><time>2026-05-03T10:16:19.900Z</time></trkpt>
<trkpt lat="54.514616" lon="18.596851"><time>2026-05-03T10:16:21.900Z</time></trkpt>
<trkpt lat="54.514616" lon="18.596765"><time>2026-05-03T10:16:23.900Z</time></trkpt>
<trkpt lat="54.514612" lon="18.596677"><time>2026-05-03T10:16:25.900Z</time></trkpt>
<trkpt lat="54.514608" lon="18.596586"><time>2026-05-03T10:16:27.900Z</time></trkpt>
<trkpt lat="54.514603" lon="18.596496"><time>2026-05-03T10:16:29.900Z</time></trkpt>
<trkpt lat="54.514596" lon="18.596409"><time>2026-05-03T10:16:31.900Z</time></trkpt>
<trkpt lat="54.514592" lon="18.596316"><time>2026-05-03T10:16:33.900Z</time></trkpt>
<trkpt lat="54.514583" lon="18.596226"><time>2026-05-03T10:16:35.900Z</time></trkpt>
<trkpt lat="54.514569" lon="18.596137"><time>2026-05-03T10:16:37.900Z</time></trkpt>
<trkpt lat="54.514559" lon="18.596048"><time>2026-05-03T10:16:39.900Z</time></trkpt>
<trkpt lat="54.514552" lon="18.595962"><time>2026-05-03T10:16:41.900Z</time></trkpt>
<trkpt lat="54.514541" lon="18.595883"><time>2026-05-03T10:16:43.900Z</time></trkpt>
<trkpt lat="54.514539" lon="18.595797"><time>2026-05-03T10:16:45.900Z</time></trkpt>
<trkpt lat="54.514528" lon="18.595714"><time>2026-05-03T10:16:47.900Z</time></trkpt>
<trkpt lat="54.514517" lon="18.595628"><time>2026-05-03T10:16:49.900Z</time></trkpt>
<trkpt lat="54.514506" lon="18.595540"><time>2026-05-03T10:16:51.900Z</time></trkpt>
<trkpt lat="54.514497" lon="18.595457"><time>2026-05-03T10:16:53.900Z</time></trkpt>
<trkpt lat="54.514487" lon="18.595372"><time>2026-05-03T10:16:55.900Z</time></trkpt>
<trkpt lat="54.514476" lon="18.595292"><time>2026-05-03T10:16:57.900Z</time></trkpt>
<trkpt lat="54.514466" lon="18.595212"><time>2026-05-03T10:16:59.900Z</time></trkpt>
<trkpt lat="54.514454" lon="18.595132"><time>2026-05-03T10:17:01.900Z</time></trkpt>
<trkpt lat="54.514440" lon="18.595062"><time>2026-05-03T10:17:03.900Z</time></trkpt>
<trkpt lat="54.514429" lon="18.594991"><time>2026-05-03T10:17:05.900Z</time></trkpt>
<trkpt lat="54.514419" lon="18.594915"><time>2026-05-03T10:17:07.900Z</time></trkpt>
<trkpt lat="54.514406" lon="18.594832"><time>2026-05-03T10:17:09.900Z</time></trkpt>
<trkpt lat="54.514396" lon="18.594753"><time>2026-05-03T10:17:11.900Z</time></trkpt>
<trkpt lat="54.514390" lon="18.594681"><time>2026-05-03T10:17:13.900Z</time></trkpt>
<trkpt lat="54.514383" lon="18.594607"><time>2026-05-03T10:17:15.900Z</time></trkpt>
<trkpt lat="54.514378" lon="18.594534"><time>2026-05-03T10:17:17.900Z</time></trkpt>
<trkpt lat="54.514374" lon="18.594458"><time>2026-05-03T10:17:19.900Z</time></trkpt>
<trkpt lat="54.514372" lon="18.594393"><time>2026-05-03T10:17:21.900Z</time></trkpt>
<trkpt lat="54.514368" lon="18.594319"><time>2026-05-03T10:17:23.900Z</time></trkpt>
<trkpt lat="54.514366" lon="18.594256"><time>2026-05-03T10:17:25.900Z</time></trkpt>
<trkpt lat="54.514365" lon="18.594194"><time>2026-05-03T10:17:27.900Z</time></trkpt>
<trkpt lat="54.514371" lon="18.594100"><time>2026-05-03T10:17:29.900Z</time></trkpt>
<trkpt lat="54.514374" lon="18.594017"><time>2026-05-03T10:17:31.900Z</time></trkpt>
<trkpt lat="54.514374" lon="18.593939"><time>2026-05-03T10:17:33.900Z</time></trkpt>
<trkpt lat="54.514374" lon="18.593861"><time>2026-05-03T10:17:35.900Z</time></trkpt>
<trkpt lat="54.514372" lon="18.593772"><time>2026-05-03T10:17:37.900Z</time></trkpt>
<trkpt lat="54.514371" lon="18.593690"><time>2026-05-03T10:17:39.900Z</time></trkpt>
<trkpt lat="54.514370" lon="18.593600"><time>2026-05-03T10:17:41.900Z</time></trkpt>
<trkpt lat="54.514371" lon="18.593516"><time>2026-05-03T10:17:43.900Z</time></trkpt>
<trkpt lat="54.514374" lon="18.593439"><time>2026-05-03T10:17:45.900Z</time></trkpt>
<trkpt lat="54.514374" lon="18.593365"><time>2026-05-03T10:17:47.900Z</time></trkpt>
<trkpt lat="54.514372" lon="18.593294"><time>2026-05-03T10:17:49.900Z</time></trkpt>
<trkpt lat="54.514374" lon="18.593227"><time>2026-05-03T10:17:51.900Z</time></trkpt>
<trkpt lat="54.514379" lon="18.593165"><time>2026-05-03T10:17:53.900Z</time></trkpt>
<trkpt lat="54.514383" lon="18.593103"><time>2026-05-03T10:17:55.900Z</time></trkpt>
<trkpt lat="54.514382" lon="18.593040"><time>2026-05-03T10:17:57.900Z</time></trkpt>
<trkpt lat="54.514382" lon="18.592984"><time>2026-05-03T10:17:59.900Z</time></trkpt>
<trkpt lat="54.514380" lon="18.592926"><time>2026-05-03T10:18:01.900Z</time></trkpt>
<trkpt lat="54.514379" lon="18.592879"><time>2026-05-03T10:18:03.900Z</time></trkpt>
<trkpt lat="54.514378" lon="18.592824"><time>2026-05-03T10:18:05.900Z</time></trkpt>
<trkpt lat="54.514378" lon="18.592773"><time>2026-05-03T10:18:07.900Z</time></trkpt>
<trkpt lat="54.514379" lon="18.592729"><time>2026-05-03T10:18:09.900Z</time></trkpt>
<trkpt lat="54.514379" lon="18.592690"><time>2026-05-03T10:18:11.900Z</time></trkpt>
<trkpt lat="54.514378" lon="18.592648"><time>2026-05-03T10:18:13.900Z</time></trkpt>
<trkpt lat="54.514375" lon="18.592591"><time>2026-05-03T10:18:15.900Z</time></trkpt>
<trkpt lat="54.514369" lon="18.592553"><time>2026-05-03T10:18:17.900Z</time></trkpt>
<trkpt lat="54.514367" lon="18.592513"><time>2026-05-03T10:18:19.900Z</time></trkpt>
<trkpt lat="54.514370" lon="18.592450"><time>2026-05-03T10:18:21.900Z</time></trkpt>
<trkpt lat="54.514371" lon="18.592406"><time>2026-05-03T10:18:23.900Z</time></trkpt>
<trkpt lat="54.514370" lon="18.592341"><time>2026-05-03T10:18:25.900Z</time></trkpt>
<trkpt lat="54.514371" lon="18.592291"><time>2026-05-03T10:18:27.900Z</time></trkpt>
<trkpt lat="54.514365" lon="18.592248"><time>2026-05-03T10:18:29.900Z</time></trkpt>
<trkpt lat="54.514354" lon="18.592213"><time>2026-05-03T10:18:31.900Z</time></trkpt>
<trkpt lat="54.514340" lon="18.592165"><time>2026-05-03T10:18:33.900Z</time></trkpt>
<trkpt lat="54.514327" lon="18.592134"><time>2026-05-03T10:18:35.900Z</time></trkpt>
<trkpt lat="54.514311" lon="18.592113"><time>2026-05-03T10:18:37.900Z</time></trkpt>
<trkpt lat="54.514293" lon="18.592068"><time>2026-05-03T10:18:39.900Z</time></trkpt>
<trkpt lat="54.514276" lon="18.592035"><time>2026-05-03T10:18:41.900Z</time></trkpt>
<trkpt lat="54.514269" lon="18.592011"><time>2026-05-03T10:18:43.900Z</time></trkpt>
<trkpt lat="54.514261" lon="18.591979"><time>2026-05-03T10:18:45.900Z</time></trkpt>
<trkpt lat="54.514254" lon="18.591958"><time>2026-05-03T10:18:47.900Z</time></trkpt>
<trkpt lat="54.514246" lon="18.591936"><time>2026-05-03T10:18:49.900Z</time></trkpt>
<trkpt lat="54.514240" lon="18.591909"><time>2026-05-03T10:18:51.900Z</time></trkpt>
<trkpt lat="54.514233" lon="18.591884"><time>2026-05-03T10:18:53.900Z</time></trkpt>
<trkpt lat="54.514232" lon="18.591869"><time>2026-05-03T10:18:55.900Z</time></trkpt>
<trkpt lat="54.514235" lon="18.591862"><time>2026-05-03T10:18:57.900Z</time></trkpt>
<trkpt lat="54.514233" lon="18.591842"><time>2026-05-03T10:18:59.900Z</time></trkpt>
<trkpt lat="54.514229" lon="18.591821"><time>2026-05-03T10:19:01.900Z</time></trkpt>
<trkpt lat="54.514227" lon="18.591808"><time>2026-05-03T10:19:03.900Z</time></trkpt>
<trkpt lat="54.514228" lon="18.591799"><time>2026-05-03T10:19:05.900Z</time></trkpt>
<trkpt lat="54.514230" lon="18.591794"><time>2026-05-03T10:19:07.900Z</time></trkpt>
<trkpt lat="54.514231" lon="18.591781"><time>2026-05-03T10:19:09.900Z</time></trkpt>
<trkpt lat="54.514232" lon="18.591769"><time>2026-05-03T10:19:11.900Z</time></trkpt>
<trkpt lat="54.514232" lon="18.591765"><time>2026-05-03T10:19:13.900Z</time></trkpt>
<trkpt lat="54.514235" lon="18.591761"><time>2026-05-03T10:19:15.900Z</time></trkpt>
<trkpt lat="54.514236" lon="18.591757"><time>2026-05-03T10:19:17.900Z</time></trkpt>
<trkpt lat="54.514237" lon="18.591750"><time>2026-05-03T10:19:19.900Z</time></trkpt>
<trkpt lat="54.514236" lon="18.591732"><time>2026-05-03T10:19:21.900Z</time></trkpt>
<trkpt lat="54.514219" lon="18.591687"><time>2026-05-03T10:19:23.900Z</time></trkpt>
<trkpt lat="54.514206" lon="18.591653"><time>2026-05-03T10:19:26.000Z</time></trkpt>
<trkpt lat="54.514193" lon="18.591608"><time>2026-05-03T10:19:28.000Z</time></trkpt>
<trkpt lat="54.514179" lon="18.591554"><time>2026-05-03T10:19:30.000Z</time></trkpt>
<trkpt lat="54.514173" lon="18.591520"><time>2026-05-03T10:19:32.000Z</time></trkpt>
<trkpt lat="54.514167" lon="18.591474"><time>2026-05-03T10:19:34.000Z</time></trkpt>
<trkpt lat="54.514162" lon="18.591438"><time>2026-05-03T10:19:36.000Z</time></trkpt>
<trkpt lat="54.514163" lon="18.591403"><time>2026-05-03T10:19:38.000Z</time></trkpt>
<trkpt lat="54.514169" lon="18.591383"><time>2026-05-03T10:19:40.000Z</time></trkpt>
<trkpt lat="54.514177" lon="18.591353"><time>2026-05-03T10:19:42.000Z</time></trkpt>
<trkpt lat="54.514180" lon="18.591319"><time>2026-05-03T10:19:44.000Z</time></trkpt>
<trkpt lat="54.514180" lon="18.591283"><time>2026-05-03T10:19:46.000Z</time></trkpt>
<trkpt lat="54.514178" lon="18.591249"><time>2026-05-03T10:19:48.000Z</time></trkpt>
<trkpt lat="54.514178" lon="18.591219"><time>2026-05-03T10:19:50.000Z</time></trkpt>
<trkpt lat="54.514182" lon="18.591195"><time>2026-05-03T10:19:52.000Z</time></trkpt>
<trkpt lat="54.514188" lon="18.591163"><time>2026-05-03T10:19:54.000Z</time></trkpt>
<trkpt lat="54.514193" lon="18.591132"><time>2026-05-03T10:19:56.000Z</time></trkpt>
<trkpt lat="54.514190" lon="18.591086"><time>2026-05-03T10:19:58.000Z</time></trkpt>
<trkpt lat="54.514183" lon="18.591051"><time>2026-05-03T10:20:00.000Z</time></trkpt>
<trkpt lat="54.514184" lon="18.591019"><time>2026-05-03T10:20:02.000Z</time></trkpt>
<trkpt lat="54.514188" lon="18.590985"><time>2026-05-03T10:20:04.000Z</time></trkpt>
<trkpt lat="54.514188" lon="18.590957"><time>2026-05-03T10:20:06.000Z</time></trkpt>
<trkpt lat="54.514196" lon="18.590935"><time>2026-05-03T10:20:08.000Z</time></trkpt>
<trkpt lat="54.514204" lon="18.590890"><time>2026-05-03T10:20:10.000Z</time></trkpt>
<trkpt lat="54.514211" lon="18.590847"><time>2026-05-03T10:20:12.000Z</time></trkpt>
<trkpt lat="54.514212" lon="18.590814"><time>2026-05-03T10:20:14.000Z</time></trkpt>
<trkpt lat="54.514209" lon="18.590780"><time>2026-05-03T10:20:15.900Z</time></trkpt>
<trkpt lat="54.514206" lon="18.590744"><time>2026-05-03T10:20:17.900Z</time></trkpt>
<trkpt lat="54.514205" lon="18.590708"><time>2026-05-03T10:20:19.900Z</time></trkpt>
<trkpt lat="54.514203" lon="18.590669"><time>2026-05-03T10:20:21.900Z</time></trkpt>
<trkpt lat="54.514203" lon="18.590628"><time>2026-05-03T10:20:23.900Z</time></trkpt>
<trkpt lat="54.514202" lon="18.590596"><time>2026-05-03T10:20:25.900Z</time></trkpt>
<trkpt lat="54.514201" lon="18.590561"><time>2026-05-03T10:20:27.900Z</time></trkpt>
<trkpt lat="54.514199" lon="18.590514"><time>2026-05-03T10:20:29.900Z</time></trkpt>
<trkpt lat="54.514195" lon="18.590482"><time>2026-05-03T10:20:31.900Z</time></trkpt>
<trkpt lat="54.514197" lon="18.590453"><time>2026-05-03T10:20:33.900Z</time></trkpt>
<trkpt lat="54.514201" lon="18.590414"><time>2026-05-03T10:20:35.900Z</time></trkpt>
<trkpt lat="54.514205" lon="18.590385"><time>2026-05-03T10:20:37.900Z</time></trkpt>
<trkpt lat="54.514210" lon="18.590343"><time>2026-05-03T10:20:39.900Z</time></trkpt>
<trkpt lat="54.514213" lon="18.590311"><time>2026-05-03T10:20:41.900Z</time></trkpt>
<trkpt lat="54.514214" lon="18.590268"><time>2026-05-03T10:20:43.900Z</time></trkpt>
<trkpt lat="54.514210" lon="18.590228"><time>2026-05-03T10:20:45.900Z</time></trkpt>
<trkpt lat="54.514207" lon="18.590190"><time>2026-05-03T10:20:47.900Z</time></trkpt>
<trkpt lat="54.514205" lon="18.590154"><time>2026-05-03T10:20:49.900Z</time></trkpt>
<trkpt lat="54.514206" lon="18.590116"><time>2026-05-03T10:20:51.900Z</time></trkpt>
<trkpt lat="54.514207" lon="18.590075"><time>2026-05-03T10:20:53.900Z</time></trkpt>
<trkpt lat="54.514206" lon="18.590039"><time>2026-05-03T10:20:55.900Z</time></trkpt>
<trkpt lat="54.514206" lon="18.590007"><time>2026-05-03T10:20:57.900Z</time></trkpt>
<trkpt lat="54.514209" lon="18.589976"><time>2026-05-03T10:20:59.900Z</time></trkpt>
<trkpt lat="54.514214" lon="18.589952"><time>2026-05-03T10:21:01.900Z</time></trkpt>
<trkpt lat="54.514216" lon="18.589922"><time>2026-05-03T10:21:03.900Z</time></trkpt>
<trkpt lat="54.514219" lon="18.589884"><time>2026-05-03T10:21:05.900Z</time></trkpt>
<trkpt lat="54.514228" lon="18.589852"><time>2026-05-03T10:21:07.900Z</time></trkpt>
<trkpt lat="54.514232" lon="18.589818"><time>2026-05-03T10:21:09.900Z</time></trkpt>
<trkpt lat="54.514238" lon="18.589784"><time>2026-05-03T10:21:11.900Z</time></trkpt>
<trkpt lat="54.514242" lon="18.589751"><time>2026-05-03T10:21:13.900Z</time></trkpt>
<trkpt lat="54.514252" lon="18.589719"><time>2026-05-03T10:21:15.900Z</time></trkpt>
<trkpt lat="54.514264" lon="18.589671"><time>2026-05-03T10:21:17.900Z</time></trkpt>
<trkpt lat="54.514264" lon="18.589633"><time>2026-05-03T10:21:19.900Z</time></trkpt>
<trkpt lat="54.514272" lon="18.589599"><time>2026-05-03T10:21:21.900Z</time></trkpt>
<trkpt lat="54.514277" lon="18.589560"><time>2026-05-03T10:21:23.900Z</time></trkpt>
<trkpt lat="54.514284" lon="18.589532"><time>2026-05-03T10:21:25.900Z</time></trkpt>
<trkpt lat="54.514286" lon="18.589497"><time>2026-05-03T10:21:27.900Z</time></trkpt>
<trkpt lat="54.514287" lon="18.589457"><time>2026-05-03T10:21:30.000Z</time></trkpt>
<trkpt lat="54.514292" lon="18.589422"><time>2026-05-03T10:21:32.000Z</time></trkpt>
<trkpt lat="54.514311" lon="18.589396"><time>2026-05-03T10:21:34.000Z</time></trkpt>
</trkseg></trk>
</gpx>