<?xml version="1.0" encoding="UTF-8" standalone="no" ?><gpx xmlns="http://www.topografix.com/GPX/1/1">
<trk><trkseg>
<trkpt lat="54.511724" lon="18.574337"><time>2026-05-02T09:58:58.900Z</time></trkpt>
<trkpt lat="54.511710" lon="18.574385"><time>2026-05-02T09:59:00.900Z</time></trkpt>
<trkpt lat="54.511693" lon="18.574432"><time>2026-05-02T09:59:02.900Z</time></trkpt>
<trkpt lat="54.511686" lon="18.574471"><time>2026-05-02T09:59:04.900Z</time></trkpt>
<trkpt lat="54.511673" lon="18.574512"><time>2026-05-02T09:59:06.900Z</time></trkpt>
<trkpt lat="54.511661" lon="18.574559"><time>2026-05-02T09:59:08.900Z</time></trkpt>
<trkpt lat="54.511651" lon="18.574610"><time>2026-05-02T09:59:10.900Z</time></trkpt>
<trkpt lat="54.511640" lon="18.574659"><time>2026-05-02T09:59:12.900Z</time></trkpt>
<trkpt lat="54.511631" lon="18.574712"><time>2026-05-02T09:59:14.900Z</time></trkpt>
<trkpt lat="54.511622" lon="18.574764"><time>2026-05-02T09:59:16.900Z</time></trkpt>
<trkpt lat="54.511614" lon="18.574817"><time>2026-05-02T09:59:18.900Z</time></trkpt>
<trkpt lat="54.511607" lon="18.574871"><time>2026-05-02T09:59:20.900Z</time></trkpt>
<trkpt lat="54.511599" lon="18.574923"><time>2026-05-02T09:59:22.900Z</time></trkpt>
<trkpt lat="54.511591" lon="18.574974"><time>2026-05-02T09:59:24.900Z</time></trkpt>
<trkpt lat="54.511584" lon="18.575027"><time>2026-05-02T09:59:26.900Z</time></trkpt>
<trkpt lat="54.511574" lon="18.575067"><time>2026-05-02T09:59:28.900Z</time></trkpt>
<trkpt lat="54.511567" lon="18.575110"><time>2026-05-02T09:59:30.900Z</time></trkpt>
<trkpt lat="54.511559" lon="18.575168"><time>2026-05-02T09:59:32.900Z</time></trkpt>
<trkpt lat="54.511552" lon="18.575223"><time>2026-05-02T09:59:35.000Z</time></trkpt>
<trkpt lat="54.511545" lon="18.575275"><time>2026-05-02T09:59:37.000Z</time></trkpt>
<trkpt lat="54.511539" lon="18.575325"><time>2026-05-02T09:59:39.000Z</time></trkpt>
<trkpt lat="54.511531" lon="18.575371"><time>2026-05-02T09:59:41.000Z</time></trkpt>
<trkpt lat="54.511523" lon="18.575423"><time>2026-05-02T09:59:43.000Z</time></trkpt>
<trkpt lat="54.511516" lon="18.575472"><time>2026-05-02T09:59:45.000Z</time></trkpt>
<trkpt lat="54.511510" lon="18.575524"><time>2026-05-02T09:59:47.000Z</time></trkpt>
<trkpt lat="54.511504" lon="18.575581"><time>2026-05-02T09:59:49.000Z</time></trkpt>
<trkpt lat="54.511497" lon="18.575632"><time>2026-05-02T09:59:51.000Z</time></trkpt>
<trkpt lat="54.511492" lon="18.575683"><time>2026-05-02T09:59:53.000Z</time></trkpt>
<trkpt lat="54.511485" lon="18.575733"><time>2026-05-02T09:59:55.000Z</time></trkpt>
<trkpt lat="54.511479" lon="18.575785"><time>2026-05-02T09:59:57.000Z</time></trkpt>
<trkpt lat="54.511474" lon="18.575840"><time>2026-05-02T09:59:59.000Z</time></trkpt>
<trkpt lat="54.511468" lon="18.575896"><time>2026-05-02T10:00:01.000Z</time></trkpt>
<trkpt lat="54.511464" lon="18.575949"><time>2026-05-02T10:00:03.000Z</time></trkpt>
<trkpt lat="54.511461" lon="18.576004"><time>2026-05-02T10:00:05.000Z</time></trkpt>
<trkpt lat="54.511458" lon="18.576060"><time>2026-05-02T10:00:07.000Z</time></trkpt>
<trkpt lat="54.511456" lon="18.576117"><time>2026-05-02T10:00:08.900Z</time></trkpt>
<trkpt lat="54.511455" lon="18.576170"><time>2026-05-02T10:00:10.900Z</time></trkpt>
<trkpt lat="54.511454" lon="18.576223"><time>2026-05-02T10:00:12.900Z</time></trkpt>
<trkpt lat="54.511453" lon="18.576277"><time>2026-05-02T10:00:14.900Z</time></trkpt>
<trkpt lat="54.511458" lon="18.576332"><time>2026-05-02T10:00:16.900Z</time></trkpt>
<trkpt lat="54.511464" lon="18.576386"><time>2026-05-02T10:00:18.900Z</time></trkpt>
<trkpt lat="54.511466" lon="18.576438"><time>2026-05-02T10:00:20.900Z</time></trkpt>
<trkpt lat="54.511469" lon="18.576488"><time>2026-05-02T10:00:22.900Z</time></trkpt>
<trkpt lat="54.511472" lon="18.576539"><time>2026-05-02T10:00:24.900Z</time></trkpt>
<trkpt lat="54.511475" lon="18.576594"><time>2026-05-02T10:00:26.900Z</time></trkpt>
<trkpt lat="54.511479" lon="18.576648"><time>2026-05-02T10:00:28.900Z</time></trkpt>
<trkpt lat="54.511482" lon="18.576702"><time>2026-05-02T10:00:30.900Z</time></trkpt>
<trkpt lat="54.511486" lon="18.576754"><time>2026-05-02T10:00:32.900Z</time></trkpt>
<trkpt lat="54.511490" lon="18.576805"><time>2026-05-02T10:00:34.900Z</time></trkpt>
<trkpt lat="54.511494" lon="18.576852"><time>2026-05-02T10:00:36.900Z</time></trkpt>
<trkpt lat="54.511495" lon="18.576903"><time>2026-05-02T10:00:38.900Z</time></trkpt>
<trkpt lat="54.511496" lon="18.576954"><time>2026-05-02T10:00:40.900Z</time></trkpt>
<trkpt lat="54.511500" lon="18.577007"><time>2026-05-02T10:00:42.900Z</time></trkpt>
<trkpt lat="54.511505" lon="18.577060"><time>2026-05-02T10:00:44.900Z</time></trkpt>
<trkpt lat="54.511506" lon="18.577114"><time>2026-05-02T10:00:46.900Z</time></trkpt>
<trkpt lat="54.511510" lon="18.577168"><time>2026-05-02T10:00:48.900Z</time></trkpt>
<trkpt lat="54.511513" lon="18.577220"><time>2026-05-02T10:00:50.900Z</time></trkpt>
<trkpt lat="54.511514" lon="18.577276"><time>2026-05-02T10:00:52.900Z</time></trkpt>
<trkpt lat="54.511516" lon="18.577328"><time>2026-05-02T10:00:54.900Z</time></trkpt>
<trkpt lat="54.511517" lon="18.577379"><time>2026-05-02T10:00:56.900Z</time></trkpt>
<trkpt lat="54.511516" lon="18.577436"><time>2026-05-02T10:00:58.900Z</time></trkpt>
<trkpt lat="54.511514" lon="18.577498"><time>2026-05-02T10:01:00.900Z</time></trkpt>
<trkpt lat="54.511508" lon="18.577548"><time>2026-05-02T10:01:02.900Z</time></trkpt>
<trkpt lat="54.511502" lon="18.577604"><time>2026-05-02T10:01:04.900Z</time></trkpt>
<trkpt lat="54.511502" lon="18.577659"><time>2026-05-02T10:01:06.900Z</time></trkpt>
<trkpt lat="54.511501" lon="18.577707"><time>2026-05-02T10:01:08.900Z</time></trkpt>
<trkpt lat="54.511503" lon="18.577771"><time>2026-05-02T10:01:10.900Z</time></trkpt>
<trkpt lat="54.511507" lon="18.577829"><time>2026-05-02T10:01:12.900Z</time></trkpt>
<trkpt lat="54.511503" lon="18.577881"><time>2026-05-02T10:01:14.900Z</time></trkpt>
<trkpt lat="54.511500" lon="18.577929"><time>2026-05-02T10:01:16.900Z</time></trkpt>
<trkpt lat="54.511499" lon="18.577982"><time>2026-05-02T10:01:18.900Z</time></trkpt>
<trkpt lat="54.511496" lon="18.578043"><time>2026-05-02T10:01:20.900Z</time></trkpt>
<trkpt lat="54.511494" lon="18.578099"><time>2026-05-02T10:01:22.900Z</time></trkpt>
<trkpt lat="54.511492" lon="18.578127"><time>2026-05-02T10:01:24.900Z</time></trkpt>
<trkpt lat="54.511485" lon="18.578167"><time>2026-05-02T10:01:26.900Z</time></trkpt>
<trkpt lat="54.511481" lon="18.578206"><time>2026-05-02T10:01:28.900Z</time></trkpt>
<trkpt lat="54.511477" lon="18.578246"><time>2026-05-02T10:01:30.900Z</time></trkpt>
<trkpt lat="54.511472" lon="18.578286"><time>2026-05-02T10:01:32.900Z</time></trkpt>
<trkpt lat="54.511464" lon="18.578330"><time>2026-05-02T10:01:34.900Z</time></trkpt>
<trkpt lat="54.511454" lon="18.578377"><time>2026-05-02T10:01:36.900Z</time></trkpt>
<trkpt lat="54.511443" lon="18.578435"><time>2026-05-02T10:01:38.900Z</time></trkpt>
<trkpt lat="54.511428" lon="18.578501"><time>2026-05-02T10:01:41.000Z</time></trkpt>
<trkpt lat="54.511414" lon="18.578565"><time>2026-05-02T10:01:43.000Z</time></trkpt>
<trkpt lat="54.511403" lon="18.578644"><time>2026-05-02T10:01:45.000Z</time></trkpt>
<trkpt lat="54.511393" lon="18.578706"><time>2026-05-02T10:01:47.000Z</time></trkpt>
<trkpt lat="54.511383" lon="18.578762"><time>2026-05-02T10:01:49.000Z</time></trkpt>
<trkpt lat="54.511370" lon="18.578811"><time>2026-05-02T10:01:51.000Z</time></trkpt>
<trkpt lat="54.511360" lon="18.578870"><time>2026-05-02T10:01:53.000Z</time></trkpt>
<trkpt lat="54.511349" lon="18.578924"><time>2026-05-02T10:01:55.000Z</time></trkpt>
<trkpt lat="54.511342" lon="18.578972"><time>2026-05-02T10:01:57.000Z</time></trkpt>
<trkpt lat="54.511332" lon="18.579024"><time>2026-05-02T10:01:59.000Z</time></trkpt>
<trkpt lat="54.511322" lon="18.579085"><time>2026-05-02T10:02:01.000Z</time></trkpt>
<trkpt lat="54.511308" lon="18.579132"><time>2026-05-02T10:02:03.000Z</time></trkpt>
<trkpt lat="54.511297" lon="18.579176"><time>2026-05-02T10:02:05.000Z</time></trkpt>
<trkpt lat="54.511285" lon="18.579205"><time>2026-05-02T10:02:07.000Z</time></trkpt>
<trkpt lat="54.511274" lon="18.579223"><time>2026-05-02T10:02:09.000Z</time></trkpt>
<trkpt lat="54.511258" lon="18.579255"><time>2026-05-02T10:02:11.000Z</time></trkpt>
<trkpt lat="54.511247" lon="18.579265"><time>2026-05-02T10:02:13.000Z</time></trkpt>
<trkpt lat="54.511237" lon="18.579272"><time>2026-05-02T10:02:14.900Z</time></trkpt>
<trkpt lat="54.511228" lon="18.579286"><time>2026-05-02T10:02:16.900Z</time></trkpt>
<trkpt lat="54.511213" lon="18.579312"><time>2026-05-02T10:02:18.900Z</time></trkpt>
<trkpt lat="54.511196" lon="18.579341"><time>2026-05-02T10:02:20.900Z</time></trkpt>
<trkpt lat="54.511169" lon="18.579380"><time>2026-05-02T10:02:22.900Z</time></trkpt>
<trkpt lat="54.511144" lon="18.579411"><time>2026-05-02T10:02:24.900Z</time></trkpt>
<trkpt lat="54.511127" lon="18.579424"><time>2026-05-02T10:02:26.900Z</time></trkpt>
<trkpt lat="54.511110" lon="18.579436"><time>2026-05-02T10:02:28.900Z</time></trkpt>
<trkpt lat="54.511101" lon="18.579437"><time>2026-05-02T10:02:30.900Z</time></trkpt>
<trkpt lat="54.511093" lon="18.579436"><time>2026-05-02T10:02:32.900Z</time></trkpt>
<trkpt lat="54.511076" lon="18.579441"><time>2026-05-02T10:02:34.900Z</time></trkpt>
<trkpt lat="54.511070" lon="18.579458"><time>2026-05-02T10:02:36.900Z</time></trkpt>
<trkpt lat="54.511053" lon="18.579479"><time>2026-05-02T10:02:38.900Z</time></trkpt>
<trkpt lat="54.511038" lon="18.579488"><time>2026-05-02T10:02:40.900Z</time></trkpt>
<trkpt lat="54.511021" lon="18.579500"><time>2026-05-02T10:02:42.900Z</time></trkpt>
<trkpt lat="54.511007" lon="18.579506"><time>2026-05-02T10:02:44.900Z</time></trkpt>
<trkpt lat="54.510994" lon="18.579520"><time>2026-05-02T10:02:46.900Z</time></trkpt>
<trkpt lat="54.510979" lon="18.579530"><time>2026-05-02T10:02:48.900Z</time></trkpt>
<trkpt lat="54.510965" lon="18.579547"><time>2026-05-02T10:02:50.900Z</time></trkpt>
<trkpt lat="54.510953" lon="18.579561"><time>2026-05-02T10:02:52.900Z</time></trkpt>
<trkpt lat="54.510940" lon="18.579579"><time>2026-05-02T10:02:54.900Z</time></trkpt>
<trkpt lat="54.510929" lon="18.579592"><time>2026-05-02T10:02:56.900Z</time></trkpt>
<trkpt lat="54.510916" lon="18.579607"><time>2026-05-02T10:02:58.900Z</time></trkpt>
<trkpt lat="54.510905" lon="18.579624"><time>2026-05-02T10:03:00.900Z</time></trkpt>
<trkpt lat="54.510897" lon="18.579640"><time>2026-05-02T10:03:02.900Z</time></trkpt>
<trkpt lat="54.510888" lon="18.579654"><time>2026-05-02T10:03:04.900Z</time></trkpt>
<trkpt lat="54.510880" lon="18.579673"><time>2026-05-02T10:03:06.900Z</time></trkpt>
<trkpt lat="54.510870" lon="18.579690"><time>2026-05-02T10:03:08.900Z</time></trkpt>
<trkpt lat="54.510860" lon="18.579705"><time>2026-05-02T10:03:10.900Z</time></trkpt>
<trkpt lat="54.510851" lon="18.579720"><time>2026-05-02T10:03:12.900Z</time></trkpt>
<trkpt lat="54.510842" lon="18.579732"><time>2026-05-02T10:03:14.900Z</time></trkpt>
<trkpt lat="54.510835" lon="18.579750"><time>2026-05-02T10:03:16.900Z</time></trkpt>
<trkpt lat="54.510828" lon="18.579765"><time>2026-05-02T10:03:18.900Z</time></trkpt>
<trkpt lat="54.510822" lon="18.579784"><time>2026-05-02T10:03:20.900Z</time></trkpt>
<trkpt lat="54.510815" lon="18.579802"><time>2026-05-02T10:03:22.900Z</time></trkpt>
<trkpt lat="54.510809" lon="18.579820"><time>2026-05-02T10:03:24.900Z</time></trkpt>
<trkpt lat="54.510804" lon="18.579833"><time>2026-05-02T10:03:26.900Z</time></trkpt>
<trkpt lat="54.510800" lon="18.579840"><time>2026-05-02T10:03:28.900Z</time></trkpt>
<trkpt lat="54.510796" lon="18.579857"><time>2026-05-02T10:03:30.900Z</time></trkpt>
<trkpt lat="54.510790" lon="18.579876"><time>2026-05-02T10:03:32.900Z</time></trkpt>
<trkpt lat="54.510783" lon="18.579900"><time>2026-05-02T10:03:34.900Z</time></trkpt>
<trkpt lat="54.510776" lon="18.579925"><time>2026-05-02T10:03:36.900Z</time></trkpt>
<trkpt lat="54.510766" lon="18.579956"><time>2026-05-02T10:03:38.900Z</time></trkpt>
<trkpt lat="54.510758" lon="18.579991"><time>2026-05-02T10:03:40.900Z</time></trkpt>
<trkpt lat="54.510749" lon="18.580029"><time>2026-05-02T10:03:42.900Z</time></trkpt>
<trkpt lat="54.510739" lon="18.580071"><time>2026-05-02T10:03:44.900Z</time></trkpt>
<trkpt lat="54.510729" lon="18.580114"><time>2026-05-02T10:03:47.000Z</time></trkpt>
<trkpt lat="54.510721" lon="18.580159"><time>2026-05-02T10:03:49.000Z</time></trkpt>
<trkpt lat="54.510711" lon="18.580209"><time>2026-05-02T10:03:51.000Z</time></trkpt>
<trkpt lat="54.510701" lon="18.580259"><time>2026-05-02T10:03:53.000Z</time></trkpt>
<trkpt lat="54.510691" lon="18.580317"><time>2026-05-02T10:03:55.000Z</time></trkpt>
<trkpt lat="54.510681" lon="18.580373"><time>2026-05-02T10:03:57.000Z</time></trkpt>
<trkpt lat="54.510669" lon="18.580428"><time>2026-05-02T10:03:59.000Z</time></trkpt>
<trkpt lat="54.510658" lon="18.580485"><time>2026-05-02T10:04:01.000Z</time></trkpt>
<trkpt lat="54.510647" lon="18.580539"><time>2026-05-02T10:04:03.000Z</time></trkpt>
<trkpt lat="54.510636" lon="18.580596"><time>2026-05-02T10:04:05.000Z</time></trkpt>
<trkpt lat="54.510626" lon="18.580658"><time>2026-05-02T10:04:07.000Z</time></trkpt>
<trkpt lat="54.510616" lon="18.580720"><time>2026-05-02T10:04:09.000Z</time></trkpt>
<trkpt lat="54.510607" lon="18.580782"><time>2026-05-02T10:04:11.000Z</time></trkpt>
<trkpt lat="54.510598" lon="18.580843"><time>2026-05-02T10:04:13.000Z</time></trkpt>
<trkpt lat="54.510590" lon="18.580907"><time>2026-05-02T10:04:15.000Z</time></trkpt>
<trkpt lat="54.510584" lon="18.580968"><time>2026-05-02T10:04:17.000Z</time></trkpt>
<trkpt lat="54.510576" lon="18.581031"><time>2026-05-02T10:04:19.000Z</time></trkpt>
<trkpt lat="54.510569" lon="18.581093"><time>2026-05-02T10:04:20.900Z</time></trkpt>
<trkpt lat="54.510559" lon="18.581152"><time>2026-05-02T10:04:22.900Z</time></trkpt>
<trkpt lat="54.510549" lon="18.581211"><time>2026-05-02T10:04:24.900Z</time></trkpt>
<trkpt lat="54.510536" lon="18.581278"><time>2026-05-02T10:04:26.900Z</time></trkpt>
<trkpt lat="54.510522" lon="18.581345"><time>2026-05-02T10:04:28.900Z</time></trkpt>
<trkpt lat="54.510505" lon="18.581409"><time>2026-05-02T10:04:30.900Z</time></trkpt>
<trkpt lat="54.510489" lon="18.581472"><time>2026-05-02T10:04:32.900Z</time></trkpt>
<trkpt lat="54.510474" lon="18.581535"><time>2026-05-02T10:04:34.900Z</time></trkpt>
<trkpt lat="54.510459" lon="18.581597"><time>2026-05-02T10:04:36.900Z</time></trkpt>
<trkpt lat="54.510444" lon="18.581657"><time>2026-05-02T10:04:38.900Z</time></trkpt>
<trkpt lat="54.510427" lon="18.581716"><time>2026-05-02T10:04:40.900Z</time></trkpt>
<trkpt lat="54.510413" lon="18.581772"><time>2026-05-02T10:04:42.900Z</time></trkpt>
<trkpt lat="54.510400" lon="18.581839"><time>2026-05-02T10:04:44.900Z</time></trkpt>
<trkpt lat="54.510388" lon="18.581895"><time>2026-05-02T10:04:46.900Z</time></trkpt>
<trkpt lat="54.510375" lon="18.581953"><time>2026-05-02T10:04:48.900Z</time></trkpt>
<trkpt lat="54.510361" lon="18.582016"><time>2026-05-02T10:04:50.900Z</time></trkpt>
<trkpt lat="54.510347" lon="18.582079"><time>2026-05-02T10:04:52.900Z</time></trkpt>
<trkpt lat="54.510337" lon="18.582140"><time>2026-05-02T10:04:54.900Z</time></trkpt>
<trkpt lat="54.510325" lon="18.582201"><time>2026-05-02T10:04:56.900Z</time></trkpt>
<trkpt lat="54.510314" lon="18.582260"><time>2026-05-02T10:04:58.900Z</time></trkpt>
<trkpt lat="54.510303" lon="18.582321"><time>2026-05-02T10:05:00.900Z</time></trkpt>
<trkpt lat="54.510291" lon="18.582380"><time>2026-05-02T10:05:02.900Z</time></trkpt>
<trkpt lat="54.510281" lon="18.582440"><time>2026-05-02T10:05:04.900Z</time></trkpt>
<trkpt lat="54.510269" lon="18.582498"><time>2026-05-02T10:05:06.900Z</time></trkpt>
<trkpt lat="54.510259" lon="18.582555"><time>2026-05-02T10:05:08.900Z</time></trkpt>
<trkpt lat="54.510245" lon="18.582612"><time>2026-05-02T10:05:10.900Z</time></trkpt>
<trkpt lat="54.510231" lon="18.582667"><time>2026-05-02T10:05:12.900Z</time></trkpt>
<trkpt lat="54.510216" lon="18.582724"><time>2026-05-02T10:05:14.900Z</time></trkpt>
<trkpt lat="54.510201" lon="18.582776"><time>2026-05-02T10:05:16.900Z</time></trkpt>
<trkpt lat="54.510187" lon="18.582829"><time>2026-05-02T10:05:18.900Z</time></trkpt>
<trkpt lat="54.510171" lon="18.582884"><time>2026-05-02T10:05:20.900Z</time></trkpt>
<trkpt lat="54.510157" lon="18.582940"><time>2026-05-02T10:05:22.900Z</time></trkpt>
<trkpt lat="54.510144" lon="18.582997"><time>2026-05-02T10:05:24.900Z</time></trkpt>
<trkpt lat="54.510131" lon="18.583059"><time>2026-05-02T10:05:26.900Z</time></trkpt>
<trkpt lat="54.510119" lon="18.583116"><time>2026-05-02T10:05:28.900Z</time></trkpt>
<trkpt lat="54.510107" lon="18.583176"><time>2026-05-02T10:05:30.900Z</time></trkpt>
<trkpt lat="54.510096" lon="18.583234"><time>2026-05-02T10:05:32.900Z</time></trkpt>
<trkpt lat="54.510085" lon="18.583283"><time>2026-05-02T10:05:34.900Z</time></trkpt>
<trkpt lat="54.510075" lon="18.583326"><time>2026-05-02T10:05:36.900Z</time></trkpt>
<trkpt lat="54.510067" lon="18.583364"><time>2026-05-02T10:05:38.900Z</time></trkpt>
<trkpt lat="54.510053" lon="18.583405"><time>2026-05-02T10:05:40.900Z</time></trkpt>
<trkpt lat="54.510044" lon="18.583450"><time>2026-05-02T10:05:42.900Z</time></trkpt>
<trkpt lat="54.510035" lon="18.583496"><time>2026-05-02T10:05:44.900Z</time></trkpt>
<trkpt lat="54.510024" lon="18.583552"><time>2026-05-02T10:05:46.900Z</time></trkpt>
<trkpt lat="54.510009" lon="18.583613"><time>2026-05-02T10:05:48.900Z</time></trkpt>
<trkpt lat="54.509997" lon="18.583674"><time>2026-05-02T10:05:50.900Z</time></trkpt>
<trkpt lat="54.509983" lon="18.583729"><time>2026-05-02T10:05:53.000Z</time></trkpt>
<trkpt lat="54.509970" lon="18.583790"><time>2026-05-02T10:05:55.000Z</time></trkpt>
<trkpt lat="54.509957" lon="18.583847"><time>2026-05-02T10:05:57.000Z</time></trkpt>
<trkpt lat="54.509945" lon="18.583909"><time>2026-05-02T10:05:59.000Z</time></trkpt>
<trkpt lat="54.509932" lon="18.583967"><time>2026-05-02T10:06:01.000Z</time></trkpt>
<trkpt lat="54.509919" lon="18.584021"><time>2026-05-02T10:06:03.000Z</time></trkpt>
<trkpt lat="54.509905" lon="18.584075"><time>2026-05-02T10:06:05.000Z</time></trkpt>
<trkpt lat="54.509888" lon="18.584126"><time>2026-05-02T10:06:07.000Z</time></trkpt>
<trkpt lat="54.509872" lon="18.584181"><time>2026-05-02T10:06:09.000Z</time></trkpt>
<trkpt lat="54.509857" lon="18.584236"><time>2026-05-02T10:06:11.000Z</time></trkpt>
<trkpt lat="54.509844" lon="18.584291"><time>2026-05-02T10:06:13.000Z</time></trkpt>
<trkpt lat="54.509831" lon="18.584342"><time>2026-05-02T10:06:15.000Z</time></trkpt>
<trkpt lat="54.509814" lon="18.584395"><time>2026-05-02T10:06:17.000Z</time></trkpt>
<trkpt lat="54.509798" lon="18.584447"><time>2026-05-02T10:06:19.000Z</time></trkpt>
<trkpt lat="54.509785" lon="18.584499"><time>2026-05-02T10:06:21.000Z</time></trkpt>
<trkpt lat="54.509775" lon="18.584554"><time>2026-05-02T10:06:23.000Z</time></trkpt>
<trkpt lat="54.509763" lon="18.584607"><time>2026-05-02T10:06:24.900Z</time></trkpt>
<trkpt lat="54.509752" lon="18.584662"><time>2026-05-02T10:06:26.900Z</time></trkpt>
<trkpt lat="54.509741" lon="18.584714"><time>2026-05-02T10:06:28.900Z</time></trkpt>
<trkpt lat="54.509729" lon="18.584772"><time>2026-05-02T10:06:30.900Z</time></trkpt>
<trkpt lat="54.509716" lon="18.584827"><time>2026-05-02T10:06:32.900Z</time></trkpt>
<trkpt lat="54.509705" lon="18.584880"><time>2026-05-02T10:06:34.900Z</time></trkpt>
<trkpt lat="54.509692" lon="18.584937"><time>2026-05-02T10:06:36.900Z</time></trkpt>
<trkpt lat="54.509679" lon="18.584997"><time>2026-05-02T10:06:38.900Z</time></trkpt>
<trkpt lat="54.509666" lon="18.585053"><time>2026-05-02T10:06:40.900Z</time></trkpt>
<trkpt lat="54.509654" lon="18.585108"><time>2026-05-02T10:06:42.900Z</time></trkpt>
<trkpt lat="54.509643" lon="18.585159"><time>2026-05-02T10:06:44.900Z</time></trkpt>
<trkpt lat="54.509630" lon="18.585211"><time>2026-05-02T10:06:46.900Z</time></trkpt>
<trkpt lat="54.509616" lon="18.585272"><time>2026-05-02T10:06:48.900Z</time></trkpt>
<trkpt lat="54.509602" lon="18.585327"><time>2026-05-02T10:06:50.900Z</time></trkpt>
<trkpt lat="54.509589" lon="18.585382"><time>2026-05-02T10:06:52.900Z</time></trkpt>
<trkpt lat="54.509577" lon="18.585436"><time>2026-05-02T10:06:54.900Z</time></trkpt>
<trkpt lat="54.509566" lon="18.585491"><time>2026-05-02T10:06:56.900Z</time></trkpt>
<trkpt lat="54.509554" lon="18.585543"><time>2026-05-02T10:06:58.900Z</time></trkpt>
<trkpt lat="54.509543" lon="18.585598"><time>2026-05-02T10:07:00.900Z</time></trkpt>
<trkpt lat="54.509532" lon="18.585653"><time>2026-05-02T10:07:02.900Z</time></trkpt>
<trkpt lat="54.509519" lon="18.585707"><time>2026-05-02T10:07:04.900Z</time></trkpt>
<trkpt lat="54.509507" lon="18.585756"><time>2026-05-02T10:07:06.900Z</time></trkpt>
<trkpt lat="54.509493" lon="18.585808"><time>2026-05-02T10:07:08.900Z</time></trkpt>
<trkpt lat="54.509481" lon="18.585861"><time>2026-05-02T10:07:10.900Z</time></trkpt>
<trkpt lat="54.509468" lon="18.585913"><time>2026-05-02T10:07:12.900Z</time></trkpt>
<trkpt lat="54.509456" lon="18.585961"><time>2026-05-02T10:07:14.900Z</time></trkpt>
<trkpt lat="54.509442" lon="18.586015"><time>2026-05-02T10:07:16.900Z</time></trkpt>
<trkpt lat="54.509426" lon="18.586068"><time>2026-05-02T10:07:18.900Z</time></trkpt>
<trkpt lat="54.509419" lon="18.586124"><time>2026-05-02T10:07:20.900Z</time></trkpt>
<trkpt lat="54.509408" lon="18.586177"><time>2026-05-02T10:07:22.900Z</time></trkpt>
<trkpt lat="54.509397" lon="18.586230"><time>2026-05-02T10:07:24.900Z</time></trkpt>
<trkpt lat="54.509386" lon="18.586281"><time>2026-05-02T10:07:26.900Z</time></trkpt>
<trkpt lat="54.509373" lon="18.586327"><time>2026-05-02T10:07:28.900Z</time></trkpt>
<trkpt lat="54.509356" lon="18.586385"><time>2026-05-02T10:07:30.900Z</time></trkpt>
<trkpt lat="54.509342" lon="18.586437"><time>2026-05-02T10:07:32.900Z</time></trkpt>
<trkpt lat="54.509329" lon="18.586490"><time>2026-05-02T10:07:34.900Z</time></trkpt>
<trkpt lat="54.509309" lon="18.586558"><time>2026-05-02T10:07:36.900Z</time></trkpt>
<trkpt lat="54.509292" lon="18.586622"><time>2026-05-02T10:07:38.900Z</time></trkpt>
<trkpt lat="54.509277" lon="18.586671"><time>2026-05-02T10:07:40.900Z</time></trkpt>
<trkpt lat="54.509256" lon="18.586744"><time>2026-05-02T10:07:42.900Z</time></trkpt>
<trkpt lat="54.509243" lon="18.586814"><time>2026-05-02T10:07:44.900Z</time></trkpt>
<trkpt lat="54.509226" lon="18.586882"><time>2026-05-02T10:07:46.900Z</time></trkpt>
<trkpt lat="54.509222" lon="18.586954"><time>2026-05-02T10:07:48.900Z</time></trkpt>
<trkpt lat="54.509205" lon="18.587007"><time>2026-05-02T10:07:50.900Z</time></trkpt>
<trkpt lat="54.509194" lon="18.587050"><time>2026-05-02T10:07:52.900Z</time></trkpt>
<trkpt lat="54.509182" lon="18.587105"><time>2026-05-02T10:07:54.900Z</time></trkpt>
<trkpt lat="54.509170" lon="18.587173"><time>2026-05-02T10:07:57.000Z</time></trkpt>
<trkpt lat="54.509156" lon="18.587230"><time>2026-05-02T10:07:59.000Z</time></trkpt>
<trkpt lat="54.509144" lon="18.587279"><time>2026-05-02T10:08:01.000Z</time></trkpt>
<trkpt lat="54.509131" lon="18.587337"><time>2026-05-02T10:08:03.000Z</time></trkpt>
<trkpt lat="54.509118" lon="18.587392"><time>2026-05-02T10:08:05.000Z</time></trkpt>
<trkpt lat="54.509106" lon="18.587448"><time>2026-05-02T10:08:07.000Z</time></trkpt>
<trkpt lat="54.509091" lon="18.587496"><time>2026-05-02T10:08:09.000Z</time></trkpt>
<trkpt lat="54.509072" lon="18.587546"><time>2026-05-02T10:08:11.000Z</time></trkpt>
<trkpt lat="54.509056" lon="18.587601"><time>2026-05-02T10:08:13.000Z</time></trkpt>
<trkpt lat="54.509042" lon="18.587656"><time>2026-05-02T10:08:15.000Z</time></trkpt>
<trkpt lat="54.509027" lon="18.587703"><time>2026-05-02T10:08:17.000Z</time></trkpt>
<trkpt lat="54.509012" lon="18.587750"><time>2026-05-02T10:08:19.000Z</time></trkpt>
<trkpt lat="54.508996" lon="18.587797"><time>2026-05-02T10:08:21.000Z</time></trkpt>
<trkpt lat="54.508985" lon="18.587828"><time>2026-05-02T10:08:23.000Z</time></trkpt>
<trkpt lat="54.508971" lon="18.587868"><time>2026-05-02T10:08:25.000Z</time></trkpt>
<trkpt lat="54.508960" lon="18.587912"><time>2026-05-02T10:08:27.000Z</time></trkpt>
<trkpt lat="54.508946" lon="18.587958"><time>2026-05-02T10:08:29.000Z</time></trkpt>
<trkpt lat="54.508935" lon="18.588003"><time>2026-05-02T10:08:30.900Z</time></trkpt>
<trkpt lat="54.508926" lon="18.588042"><time>2026-05-02T10:08:32.900Z</time></trkpt>
<trkpt lat="54.508914" lon="18.588089"><time>2026-05-02T10:08:34.900Z</time></trkpt>
<trkpt lat="54.508901" lon="18.588137"><time>2026-05-02T10:08:36.900Z</time></trkpt>
<trkpt lat="54.508891" lon="18.588183"><time>2026-05-02T10:08:38.900Z</time></trkpt>
<trkpt lat="54.508880" lon="18.588226"><time>2026-05-02T10:08:40.900Z</time></trkpt>
<trkpt lat="54.508870" lon="18.588268"><time>2026-05-02T10:08:42.900Z</time></trkpt>
<trkpt lat="54.508862" lon="18.588314"><time>2026-05-02T10:08:44.900Z</time></trkpt>
<trkpt lat="54.508854" lon="18.588359"><time>2026-05-02T10:08:46.900Z</time></trkpt>
<trkpt lat="54.508846" lon="18.588405"><time>2026-05-02T10:08:48.900Z</time></trkpt>
<trkpt lat="54.508836" lon="18.588450"><time>2026-05-02T10:08:50.900Z</time></trkpt>
<trkpt lat="54.508824" lon="18.588496"><time>2026-05-02T10:08:52.900Z</time></trkpt>
<trkpt lat="54.508815" lon="18.588536"><time>2026-05-02T10:08:54.900Z</time></trkpt>
<trkpt lat="54.508806" lon="18.588582"><time>2026-05-02T10:08:56.900Z</time></trkpt>
<trkpt lat="54.508795" lon="18.588626"><time>2026-05-02T10:08:58.900Z</time></trkpt>
<trkpt lat="54.508782" lon="18.588675"><time>2026-05-02T10:09:00.900Z</time></trkpt>
<trkpt lat="54.508778" lon="18.588710"><time>2026-05-02T10:09:02.900Z</time></trkpt>
<trkpt lat="54.508770" lon="18.588741"><time>2026-05-02T10:09:04.900Z</time></trkpt>
<trkpt lat="54.508762" lon="18.588777"><time>2026-05-02T10:09:06.900Z</time></trkpt>
<trkpt lat="54.508749" lon="18.588825"><time>2026-05-02T10:09:08.900Z</time></trkpt>
<trkpt lat="54.508738" lon="18.588864"><time>2026-05-02T10:09:10.900Z</time></trkpt>
<trkpt lat="54.508724" lon="18.588909"><time>2026-05-02T10:09:12.900Z</time></trkpt>
<trkpt lat="54.508712" lon="18.588954"><time>2026-05-02T10:09:14.900Z</time></trkpt>
<trkpt lat="54.508705" lon="18.588996"><time>2026-05-02T10:09:16.900Z</time></trkpt>
<trkpt lat="54.508695" lon="18.589043"><time>2026-05-02T10:09:18.900Z</time></trkpt>
<trkpt lat="54.508687" lon="18.589089"><time>2026-05-02T10:09:20.900Z</time></trkpt>
<trkpt lat="54.508680" lon="18.589136"><time>2026-05-02T10:09:22.900Z</time></trkpt>
<trkpt lat="54.508673" lon="18.589180"><time>2026-05-02T10:09:24.900Z</time></trkpt>
<trkpt lat="54.508669" lon="18.589204"><time>2026-05-02T10:09:26.900Z</time></trkpt>
<trkpt lat="54.508664" lon="18.589256"><time>2026-05-02T10:09:28.900Z</time></trkpt>
<trkpt lat="54.508663" lon="18.589316"><time>2026-05-02T10:09:30.900Z</time></trkpt>
<trkpt lat="54.508657" lon="18.589359"><time>2026-05-02T10:09:32.900Z</time></trkpt>
<trkpt lat="54.508654" lon="18.589404"><time>2026-05-02T10:09:34.900Z</time></trkpt>
<trkpt lat="54.508650" lon="18.589449"><time>2026-05-02T10:09:36.900Z</time></trkpt>
<trkpt lat="54.508648" lon="18.589498"><time>2026-05-02T10:09:38.900Z</time></trkpt>
<trkpt lat="54.508646" lon="18.589552"><time>2026-05-02T10:09:40.900Z</time></trkpt>
<trkpt lat="54.508643" lon="18.589598"><time>2026-05-02T10:09:42.900Z</time></trkpt>
<trkpt lat="54.508641" lon="18.589646"><time>2026-05-02T10:09:44.900Z</time></trkpt>
<trkpt lat="54.508643" lon="18.589696"><time>2026-05-02T10:09:46.900Z</time></trkpt>
<trkpt lat="54.508638" lon="18.589732"><time>2026-05-02T10:09:48.900Z</time></trkpt>
<trkpt lat="54.508637" lon="18.589778"><time>2026-05-02T10:09:50.900Z</time></trkpt>
<trkpt lat="54.508637" lon="18.589825"><time>2026-05-02T10:09:52.900Z</time></trkpt>
<trkpt lat="54.508626" lon="18.589877"><time>2026-05-02T10:09:54.900Z</time></trkpt>
<trkpt lat="54.508618" lon="18.589925"><time>2026-05-02T10:09:56.900Z</time></trkpt>
<trkpt lat="54.508610" lon="18.589961"><time>2026-05-02T10:09:58.900Z</time></trkpt>
<trkpt lat="54.508603" lon="18.589999"><time>2026-05-02T10:10:00.900Z</time></trkpt>
<trkpt lat="54.508598" lon="18.590018"><time>2026-05-02T10:10:03.000Z</time></trkpt>
<trkpt lat="54.508595" lon="18.590030"><time>2026-05-02T10:10:05.000Z</time></trkpt>
<trkpt lat="54.508596" lon="18.590059"><time>2026-05-02T10:10:07.000Z</time></trkpt>
<trkpt lat="54.508595" lon="18.590089"><time>2026-05-02T10:10:09.000Z</time></trkpt>
<trkpt lat="54.508593" lon="18.590120"><time>2026-05-02T10:10:11.000Z</time></trkpt>
<trkpt lat="54.508593" lon="18.590150"><time>2026-05-02T10:10:13.000Z</time></trkpt>
<trkpt lat="54.508595" lon="18.590182"><time>2026-05-02T10:10:15.000Z</time></trkpt>
<trkpt lat="54.508598" lon="18.590216"><time>2026-05-02T10:10:17.000Z</time></trkpt>
<trkpt lat="54.508601" lon="18.590241"><time>2026-05-02T10:10:19.000Z</time></trkpt>
<trkpt lat="54.508605" lon="18.590266"><time>2026-05-02T10:10:21.000Z</time></trkpt>
<trkpt lat="54.508608" lon="18.590287"><time>2026-05-02T10:10:23.000Z</time></trkpt>
<trkpt lat="54.508610" lon="18.590308"><time>2026-05-02T10:10:25.000Z</time></trkpt>
<trkpt lat="54.508616" lon="18.590328"><time>2026-05-02T10:10:27.000Z</time></trkpt>
<trkpt lat="54.508623" lon="18.590351"><time>2026-05-02T10:10:29.000Z</time></trkpt>
<trkpt lat="54.508628" lon="18.590358"><time>2026-05-02T10:10:31.000Z</time></trkpt>
<trkpt lat="54.508637" lon="18.590383"><time>2026-05-02T10:10:33.000Z</time></trkpt>
<trkpt lat="54.508642" lon="18.590390"><time>2026-05-02T10:10:35.000Z</time></trkpt>
<trkpt lat="54.508648" lon="18.590403"><time>2026-05-02T10:10:36.900Z</time></trkpt>
<trkpt lat="54.508654" lon="18.590422"><time>2026-05-02T10:10:38.900Z</time></trkpt>
<trkpt lat="54.508661" lon="18.590442"><time>2026-05-02T10:10:40.900Z</time></trkpt>
<trkpt lat="54.508669" lon="18.590465"><time>2026-05-02T10:10:42.900Z</time></trkpt>
<trkpt lat="54.508678" lon="18.590484"><time>2026-05-02T10:10:44.900Z</time></trkpt>
<trkpt lat="54.508686" lon="18.590499"><time>2026-05-02T10:10:46.900Z</time></trkpt>
<trkpt lat="54.508696" lon="18.590513"><time>2026-05-02T10:10:48.900Z</time></trkpt>
<trkpt lat="54.508704" lon="18.590533"><time>2026-05-02T10:10:50.900Z</time></trkpt>
<trkpt lat="54.508711" lon="18.590558"><time>2026-05-02T10:10:52.900Z</time></trkpt>
<trkpt lat="54.508721" lon="18.590568"><time>2026-05-02T10:10:54.900Z</time></trkpt>
<trkpt lat="54.508732" lon="18.590581"><time>2026-05-02T10:10:56.900Z</time></trkpt>
<trkpt lat="54.508740" lon="18.590598"><time>2026-05-02T10:10:58.900Z</time></trkpt>
<trkpt lat="54.508748" lon="18.590616"><time>2026-05-02T10:11:00.900Z</time></trkpt>
<trkpt lat="54.508756" lon="18.590634"><time>2026-05-02T10:11:02.900Z</time></trkpt>
<trkpt lat="54.508764" lon="18.590652"><time>2026-05-02T10:11:04.900Z</time></trkpt>
<trkpt lat="54.508773" lon="18.590669"><time>2026-05-02T10:11:06.900Z</time></trkpt>
<trkpt lat="54.508779" lon="18.590685"><time>2026-05-02T10:11:08.900Z</time></trkpt>
<trkpt lat="54.508785" lon="18.590705"><time>2026-05-02T10:11:10.900Z</time></trkpt>
<trkpt lat="54.508794" lon="18.590725"><time>2026-05-02T10:11:12.900Z</time></trkpt>
<trkpt lat="54.508805" lon="18.590745"><time>2026-05-02T10:11:14.900Z</time></trkpt>
<trkpt lat="54.508810" lon="18.590764"><time>2026-05-02T10:11:16.900Z</time></trkpt>
<trkpt lat="54.508815" lon="18.590781"><time>2026-05-02T10:11:18.900Z</time></trkpt>
<trkpt lat="54.508822" lon="18.590800"><time>2026-05-02T10:11:20.900Z</time></trkpt>
<trkpt lat="54.508829" lon="18.590820"><time>2026-05-02T10:11:22.900Z</time></trkpt>
<trkpt lat="54.508835" lon="18.590840"><time>2026-05-02T10:11:24.900Z</time></trkpt>
<trkpt lat="54.508841" lon="18.590856"><time>2026-05-02T10:11:26.900Z</time></trkpt>
<trkpt lat="54.508845" lon="18.590875"><time>2026-05-02T10:11:28.900Z</time></trkpt>
<trkpt lat="54.508850" lon="18.590896"><time>2026-05-02T10:11:30.900Z</time></trkpt>
<trkpt lat="54.508857" lon="18.590909"><time>2026-05-02T10:11:32.900Z</time></trkpt>
<trkpt lat="54.508862" lon="18.590928"><time>2026-05-02T10:11:34.900Z</time></trkpt>
<trkpt lat="54.508869" lon="18.590949"><time>2026-05-02T10:11:36.900Z</time></trkpt>
<trkpt lat="54.508877" lon="18.590969"><time>2026-05-02T10:11:38.900Z</time></trkpt>
<trkpt lat="54.508885" lon="18.590988"><time>2026-05-02T10:11:40.900Z</time></trkpt>
<trkpt lat="54.508894" lon="18.591008"><time>2026-05-02T10:11:42.900Z</time></trkpt>
<trkpt lat="54.508905" lon="18.591029"><time>2026-05-02T10:11:44.900Z</time></trkpt>
<trkpt lat="54.508918" lon="18.591052"><time>2026-05-02T10:11:46.900Z</time></trkpt>
<trkpt lat="54.508928" lon="18.591081"><time>2026-05-02T10:11:48.900Z</time></trkpt>
<trkpt lat="54.508934" lon="18.591096"><time>2026-05-02T10:11:50.900Z</time></trkpt>
<trkpt lat="54.508942" lon="18.591115"><time>2026-05-02T10:11:52.900Z</time></trkpt>
<trkpt lat="54.508948" lon="18.591129"><time>2026-05-02T10:11:54.900Z</time></trkpt>
<trkpt lat="54.508954" lon="18.591141"><time>2026-05-02T10:11:56.900Z</time></trkpt>
<trkpt lat="54.508958" lon="18.591155"><time>2026-05-02T10:11:58.900Z</time></trkpt>
<trkpt lat="54.508962" lon="18.591172"><time>2026-05-02T10:12:00.900Z</time></trkpt>
<trkpt lat="54.508972" lon="18.591187"><time>2026-05-02T10:12:02.900Z</time></trkpt>
<trkpt lat="54.508981" lon="18.591203"><time>2026-05-02T10:12:04.900Z</time></trkpt>
<trkpt lat="54.508992" lon="18.591216"><time>2026-05-02T10:12:07.000Z</time></trkpt>
<trkpt lat="54.509002" lon="18.591225"><time>2026-05-02T10:12:09.000Z</time></trkpt>
<trkpt lat="54.509012" lon="18.591234"><time>2026-05-02T10:12:11.000Z</time></trkpt>
<trkpt lat="54.509017" lon="18.591229"><time>2026-05-02T10:12:13.000Z</time></trkpt>
<trkpt lat="54.509020" lon="18.591234"><time>2026-05-02T10:12:15.000Z</time></trkpt>
<trkpt lat="54.509032" lon="18.591248"><time>2026-05-02T10:12:17.000Z</time></trkpt>
<trkpt lat="54.509051" lon="18.591265"><time>2026-05-02T10:12:19.000Z</time></trkpt>
<trkpt lat="54.509067" lon="18.591279"><time>2026-05-02T10:12:21.000Z</time></trkpt>
<trkpt lat="54.509083" lon="18.591293"><time>2026-05-02T10:12:23.000Z</time></trkpt>
<trkpt lat="54.509103" lon="18.591300"><time>2026-05-02T10:12:25.000Z</time></trkpt>
<trkpt lat="54.509121" lon="18.591314"><time>2026-05-02T10:12:27.000Z</time></trkpt>
<trkpt lat="54.509140" lon="18.591327"><time>2026-05-02T10:12:29.000Z</time></trkpt>
<trkpt lat="54.509160" lon="18.591342"><time>2026-05-02T10:12:31.000Z</time></trkpt>
<trkpt lat="54.509180" lon="18.591360"><time>2026-05-02T10:12:33.000Z</time></trkpt>
<trkpt lat="54.509200" lon="18.591382"><time>2026-05-02T10:12:35.000Z</time></trkpt>
<trkpt lat="54.509220" lon="18.591403"><time>2026-05-02T10:12:37.000Z</time></trkpt>
<trkpt lat="54.509240" lon="18.591423"><time>2026-05-02T10:12:39.000Z</time></trkpt>
<trkpt lat="54.509259" lon="18.591444"><time>2026-05-02T10:12:40.900Z</time></trkpt>
<trkpt lat="54.509280" lon="18.591465"><time>2026-05-02T10:12:42.900Z</time></trkpt>
<trkpt lat="54.509299" lon="18.591489"><time>2026-05-02T10:12:44.900Z</time></trkpt>
<trkpt lat="54.509318" lon="18.591515"><time>2026-05-02T10:12:46.900Z</time></trkpt>
<trkpt lat="54.509337" lon="18.591542"><time>2026-05-02T10:12:48.900Z</time></trkpt>
<trkpt lat="54.509357" lon="18.591571"><time>2026-05-02T10:12:50.900Z</time></trkpt>
<trkpt lat="54.509375" lon="18.591599"><time>2026-05-02T10:12:52.900Z</time></trkpt>
<trkpt lat="54.509393" lon="18.591627"><time>2026-05-02T10:12:54.900Z</time></trkpt>
<trkpt lat="54.509412" lon="18.591656"><time>2026-05-02T10:12:56.900Z</time></trkpt>
<trkpt lat="54.509430" lon="18.591687"><time>2026-05-02T10:12:58.900Z</time></trkpt>
<trkpt lat="54.509448" lon="18.591717"><time>2026-05-02T10:13:00.900Z</time></trkpt>
<trkpt lat="54.509463" lon="18.591742"><time>2026-05-02T10:13:02.900Z</time></trkpt>
<trkpt lat="54.509482" lon="18.591766"><time>2026-05-02T10:13:04.900Z</time></trkpt>
<trkpt lat="54.509499" lon="18.591791"><time>2026-05-02T10:13:06.900Z</time></trkpt>
<trkpt lat="54.509521" lon="18.591817"><time>2026-05-02T10:13:08.900Z</time></trkpt>
<trkpt lat="54.509538" lon="18.591841"><time>2026-05-02T10:13:10.900Z</time></trkpt>
<trkpt lat="54.509557" lon="18.591867"><time>2026-05-02T10:13:12.900Z</time></trkpt>
<trkpt lat="54.509572" lon="18.591892"><time>2026-05-02T10:13:14.900Z</time></trkpt>
<trkpt lat="54.509588" lon="18.591915"><time>2026-05-02T10:13:16.900Z</time></trkpt>
<trkpt lat="54.509607" lon="18.591942"><time>2026-05-02T10:13:18.900Z</time></trkpt>
<trkpt lat="54.509622" lon="18.591965"><time>2026-05-02T10:13:20.900Z</time></trkpt>
<trkpt lat="54.509637" lon="18.591993"><time>2026-05-02T10:13:22.900Z</time></trkpt>
<trkpt lat="54.509653" lon="18.592017"><time>2026-05-02T10:13:24.900Z</time></trkpt>
<trkpt lat="54.509669" lon="18.592039"><time>2026-05-02T10:13:26.900Z</time></trkpt>
<trkpt lat="54.509681" lon="18.592070"><time>2026-05-02T10:13:28.900Z</time></trkpt>
<trkpt lat="54.509696" lon="18.592098"><time>2026-05-02T10:13:30.900Z</time></trkpt>
<trkpt lat="54.509710" lon="18.592128"><time>2026-05-02T10:13:32.900Z</time></trkpt>
<trkpt lat="54.509724" lon="18.592154"><time>2026-05-02T10:13:34.900Z</time></trkpt>
<trkpt lat="54.509739" lon="18.592180"><time>2026-05-02T10:13:36.900Z</time></trkpt>
<trkpt lat="54.509750" lon="18.592204"><time>2026-05-02T10:13:38.900Z</time></trkpt>
<trkpt lat="54.509766" lon="18.592232"><time>2026-05-02T10:13:40.900Z</time></trkpt>
<trkpt lat="54.509782" lon="18.592262"><time>2026-05-02T10:13:42.900Z</time></trkpt>
<trkpt lat="54.509799" lon="18.592284"><time>2026-05-02T10:13:44.900Z</time></trkpt>
<trkpt lat="54.509820" lon="18.592303"><time>2026-05-02T10:13:46.900Z</time></trkpt>
<trkpt lat="54.509837" lon="18.592321"><time>2026-05-02T10:13:48.900Z</time></trkpt>
<trkpt lat="54.509855" lon="18.592341"><time>2026-05-02T10:13:50.900Z</time></trkpt>
<trkpt lat="54.509874" lon="18.592361"><time>2026-05-02T10:13:52.900Z</time></trkpt>
<trkpt lat="54.509896" lon="18.592386"><time>2026-05-02T10:13:54.900Z</time></trkpt>
<trkpt lat="54.509918" lon="18.592411"><time>2026-05-02T10:13:56.900Z</time></trkpt>
<trkpt lat="54.509943" lon="18.592439"><time>2026-05-02T10:13:58.900Z</time></trkpt>
<trkpt lat="54.509969" lon="18.592473"><time>2026-05-02T10:14:00.900Z</time></trkpt>
<trkpt lat="54.509983" lon="18.592500"><time>2026-05-02T10:14:02.900Z</time></trkpt>
<trkpt lat="54.510001" lon="18.592527"><time>2026-05-02T10:14:04.900Z</time></trkpt>
<trkpt lat="54.510021" lon="18.592556"><time>2026-05-02T10:14:06.900Z</time></trkpt>
<trkpt lat="54.510042" lon="18.592588"><time>2026-05-02T10:14:08.900Z</time></trkpt>
<trkpt lat="54.510055" lon="18.592616"><time>2026-05-02T10:14:10.900Z</time></trkpt>
<trkpt lat="54.510068" lon="18.592643"><time>2026-05-02T10:14:13.000Z</time></trkpt>
<trkpt lat="54.510075" lon="18.592658"><time>2026-05-02T10:14:15.000Z</time></trkpt>
<trkpt lat="54.510089" lon="18.592681"><time>2026-05-02T10:14:17.000Z</time></trkpt>
<trkpt lat="54.510101" lon="18.592701"><time>2026-05-02T10:14:19.000Z</time></trkpt>
<trkpt lat="54.510117" lon="18.592727"><time>2026-05-02T10:14:21.000Z</time></trkpt>
<trkpt lat="54.510132" lon="18.592758"><time>2026-05-02T10:14:23.000Z</time></trkpt>
<trkpt lat="54.510146" lon="18.592782"><time>2026-05-02T10:14:25.000Z</time></trkpt>
<trkpt lat="54.510152" lon="18.592809"><time>2026-05-02T10:14:27.000Z</time></trkpt>
<trkpt lat="54.510174" lon="18.592832"><time>2026-05-02T10:14:29.000Z</time></trkpt>
<trkpt lat="54.510205" lon="18.592865"><time>2026-05-02T10:14:31.000Z</time></trkpt>
<trkpt lat="54.510228" lon="18.592885"><time>2026-05-02T10:14:33.000Z</time></trkpt>
<trkpt lat="54.510247" lon="18.592910"><time>2026-05-02T10:14:35.000Z</time></trkpt>
<trkpt lat="54.510265" lon="18.592934"><time>2026-05-02T10:14:37.000Z</time></trkpt>
<trkpt lat="54.510277" lon="18.592954"><time>2026-05-02T10:14:39.000Z</time></trkpt>
<trkpt lat="54.510300" lon="18.592980"><time>2026-05-02T10:14:41.000Z</time></trkpt>
<trkpt lat="54.510327" lon="18.593006"><time>2026-05-02T10:14:43.000Z</time></trkpt>
<trkpt lat="54.510350" lon="18.593032"><time>2026-05-02T10:14:44.900Z</time></trkpt>
<trkpt lat="54.510370" lon="18.593058"><time>2026-05-02T10:14:46.900Z</time></trkpt>
<trkpt lat="54.510385" lon="18.593083"><time>2026-05-02T10:14:48.900Z</time></trkpt>
<trkpt lat="54.510398" lon="18.593112"><time>2026-05-02T10:14:50.900Z</time></trkpt>
<trkpt lat="54.510401" lon="18.593142"><time>2026-05-02T10:14:52.900Z</time></trkpt>
<trkpt lat="54.510400" lon="18.593173"><time>2026-05-02T10:14:54.900Z</time></trkpt>
<trkpt lat="54.510390" lon="18.593203"><time>2026-05-02T10:14:56.900Z</time></trkpt>
<trkpt lat="54.510384" lon="18.593211"><time>2026-05-02T10:14:58.900Z</time></trkpt>
<trkpt lat="54.510369" lon="18.593216"><time>2026-05-02T10:15:00.900Z</time></trkpt>
<trkpt lat="54.510358" lon="18.593223"><time>2026-05-02T10:15:02.900Z</time></trkpt>
<trkpt lat="54.510345" lon="18.593229"><time>2026-05-02T10:15:04.900Z</time></trkpt>
<trkpt lat="54.510327" lon="18.593229"><time>2026-05-02T10:15:06.900Z</time></trkpt>
<trkpt lat="54.510302" lon="18.593233"><time>2026-05-02T10:15:08.900Z</time></trkpt>
<trkpt lat="54.510279" lon="18.593239"><time>2026-05-02T10:15:10.900Z</time></trkpt>
<trkpt lat="54.510255" lon="18.593248"><time>2026-05-02T10:15:12.900Z</time></trkpt>
<trkpt lat="54.510236" lon="18.593260"><time>2026-05-02T10:15:14.900Z</time></trkpt>
<trkpt lat="54.510214" lon="18.593279"><time>2026-05-02T10:15:16.900Z</time></trkpt>
<trkpt lat="54.510194" lon="18.593307"><time>2026-05-02T10:15:18.900Z</time></trkpt>
<trkpt lat="54.510176" lon="18.593331"><time>2026-05-02T10:15:20.900Z</time></trkpt>
<trkpt lat="54.510152" lon="18.593362"><time>2026-05-02T10:15:22.900Z</time></trkpt>
<trkpt lat="54.510129" lon="18.593391"><time>2026-05-02T10:15:24.900Z</time></trkpt>
<trkpt lat="54.510112" lon="18.593419"><time>2026-05-02T10:15:26.900Z</time></trkpt>
<trkpt lat="54.510092" lon="18.593446"><time>2026-05-02T10:15:28.900Z</time></trkpt>
<trkpt lat="54.510073" lon="18.593474"><time>2026-05-02T10:15:30.900Z</time></trkpt>
<trkpt lat="54.510055" lon="18.593502"><time>2026-05-02T10:15:32.900Z</time></trkpt>
<trkpt lat="54.510037" lon="18.593533"><time>2026-05-02T10:15:34.900Z</time></trkpt>
<trkpt lat="54.510026" lon="18.593559"><time>2026-05-02T10:15:36.900Z</time></trkpt>
<trkpt lat="54.510009" lon="18.593588"><time>2026-05-02T10:15:38.900Z</time></trkpt>
<trkpt lat="54.509989" lon="18.593617"><time>2026-05-02T10:15:40.900Z</time></trkpt>
<trkpt lat="54.509978" lon="18.593638"><time>2026-05-02T10:15:42.900Z</time></trkpt>
<trkpt lat="54.509964" lon="18.593663"><time>2026-05-02T10:15:44.900Z</time></trkpt>
<trkpt lat="54.509945" lon="18.593691"><time>2026-05-02T10:15:46.900Z</time></trkpt>
<trkpt lat="54.509926" lon="18.593716"><time>2026-05-02T10:15:48.900Z</time></trkpt>
<trkpt lat="54.509907" lon="18.593745"><time>2026-05-02T10:15:50.900Z</time></trkpt>
<trkpt lat="54.509887" lon="18.593777"><time>2026-05-02T10:15:52.900Z</time></trkpt>
<trkpt lat="54.509869" lon="18.593804"><time>2026-05-02T10:15:54.900Z</time></trkpt>
<trkpt lat="54.509852" lon="18.593833"><time>2026-05-02T10:15:56.900Z</time></trkpt>
<trkpt lat="54.509836" lon="18.593860"><time>2026-05-02T10:15:58.900Z</time></trkpt>
<trkpt lat="54.509819" lon="18.593889"><time>2026-05-02T10:16:00.900Z</time></trkpt>
<trkpt lat="54.509803" lon="18.593917"><time>2026-05-02T10:16:02.900Z</time></trkpt>
<trkpt lat="54.509789" lon="18.593944"><time>2026-05-02T10:16:04.900Z</time></trkpt>
<trkpt lat="54.509776" lon="18.593970"><time>2026-05-02T10:16:06.900Z</time></trkpt>
<trkpt lat="54.509763" lon="18.594002"><time>2026-05-02T10:16:08.900Z</time></trkpt>
<trkpt lat="54.509751" lon="18.594029"><time>2026-05-02T10:16:10.900Z</time></trkpt>
<trkpt lat="54.509738" lon="18.594060"><time>2026-05-02T10:16:12.900Z</time></trkpt>
<trkpt lat="54.509723" lon="18.594091"><time>2026-05-02T10:16:14.900Z</time></trkpt>
<trkpt lat="54.509712" lon="18.594115"><time>2026-05-02T10:16:17.000Z</time></trkpt>
<trkpt lat="54.509696" lon="18.594140"><time>2026-05-02T10:16:19.000Z</time></trkpt>
<trkpt lat="54.509682" lon="18.594159"><time>2026-05-02T10:16:21.000Z</time></trkpt>
<trkpt lat="54.509665" lon="18.594184"><time>2026-05-02T10:16:23.000Z</time></trkpt>
<trkpt lat="54.509647" lon="18.594208"><time>2026-05-02T10:16:25.000Z</time></trkpt>
<trkpt lat="54.509630" lon="18.594230"><time>2026-05-02T10:16:27.000Z</time></trkpt>
<trkpt lat="54.509611" lon="18.594256"><time>2026-05-02T10:16:29.000Z</time></trkpt>
<trkpt lat="54.509591" lon="18.594283"><time>2026-05-02T10:16:31.000Z</time></trkpt>
<trkpt lat="54.509572" lon="18.594311"><time>2026-05-02T10:16:33.000Z</time></trkpt>
<trkpt lat="54.509553" lon="18.594339"><time>2026-05-02T10:16:35.000Z</time></trkpt>
<trkpt lat="54.509534" lon="18.594368"><time>2026-05-02T10:16:37.000Z</time></trkpt>
<trkpt lat="54.509515" lon="18.594396"><time>2026-05-02T10:16:39.000Z</time></trkpt>
<trkpt lat="54.509494" lon="18.594424"><time>2026-05-02T10:16:41.000Z</time></trkpt>
<trkpt lat="54.509473" lon="18.594451"><time>2026-05-02T10:16:43.000Z</time></trkpt>
<trkpt lat="54.509450" lon="18.594480"><time>2026-05-02T10:16:45.000Z</time></trkpt>
<trkpt lat="54.509427" lon="18.594510"><time>2026-05-02T10:16:47.000Z</time></trkpt>
<trkpt lat="54.509404" lon="18.594540"><time>2026-05-02T10:16:48.900Z</time></trkpt>
<trkpt lat="54.509380" lon="18.594570"><time>2026-05-02T10:16:50.900Z</time></trkpt>
<trkpt lat="54.509355" lon="18.594602"><time>2026-05-02T10:16:52.900Z</time></trkpt>
<trkpt lat="54.509329" lon="18.594632"><time>2026-05-02T10:16:54.900Z</time></trkpt>
<trkpt lat="54.509302" lon="18.594663"><time>2026-05-02T10:16:56.900Z</time></trkpt>
<trkpt lat="54.509276" lon="18.594696"><time>2026-05-02T10:16:58.900Z</time></trkpt>
<trkpt lat="54.509251" lon="18.594731"><time>2026-05-02T10:17:00.900Z</time></trkpt>
<trkpt lat="54.509225" lon="18.594767"><time>2026-05-02T10:17:02.900Z</time></trkpt>
<trkpt lat="54.509201" lon="18.594805"><time>2026-05-02T10:17:04.900Z</time></trkpt>
<trkpt lat="54.509177" lon="18.594851"><time>2026-05-02T10:17:06.900Z</time></trkpt>
<trkpt lat="54.509155" lon="18.594895"><time>2026-05-02T10:17:08.900Z</time></trkpt>
<trkpt lat="54.509135" lon="18.594940"><time>2026-05-02T10:17:10.900Z</time></trkpt>
<trkpt lat="54.509119" lon="18.594977"><time>2026-05-02T10:17:12.900Z</time></trkpt>
<trkpt lat="54.509106" lon="18.595010"><time>2026-05-02T10:17:14.900Z</time></trkpt>
<trkpt lat="54.509090" lon="18.595047"><time>2026-05-02T10:17:16.900Z</time></trkpt>
<trkpt lat="54.509072" lon="18.595084"><time>2026-05-02T10:17:18.900Z</time></trkpt>
<trkpt lat="54.509054" lon="18.595122"><time>2026-05-02T10:17:20.900Z</time></trkpt>
<trkpt lat="54.509036" lon="18.595157"><time>2026-05-02T10:17:22.900Z</time></trkpt>
<trkpt lat="54.509022" lon="18.595192"><time>2026-05-02T10:17:24.900Z</time></trkpt>
<trkpt lat="54.509009" lon="18.595215"><time>2026-05-02T10:17:26.900Z</time></trkpt>
<trkpt lat="54.508991" lon="18.595254"><time>2026-05-02T10:17:28.900Z</time></trkpt>
<trkpt lat="54.508969" lon="18.595301"><time>2026-05-02T10:17:30.900Z</time></trkpt>
<trkpt lat="54.508947" lon="18.595344"><time>2026-05-02T10:17:32.900Z</time></trkpt>
<trkpt lat="54.508923" lon="18.595392"><time>2026-05-02T10:17:34.900Z</time></trkpt>
<trkpt lat="54.508895" lon="18.595423"><time>2026-05-02T10:17:36.900Z</time></trkpt>
<trkpt lat="54.508878" lon="18.595450"><time>2026-05-02T10:17:38.900Z</time></trkpt>
<trkpt lat="54.508860" lon="18.595485"><time>2026-05-02T10:17:40.900Z</time></trkpt>
<trkpt lat="54.508835" lon="18.595520"><time>2026-05-02T10:17:42.900Z</time></trkpt>
<trkpt lat="54.508804" lon="18.595560"><time>2026-05-02T10:17:44.900Z</time></trkpt>
<trkpt lat="54.508777" lon="18.595601"><time>2026-05-02T10:17:46.900Z</time></trkpt>
<trkpt lat="54.508754" lon="18.595641"><time>2026-05-02T10:17:48.900Z</time></trkpt>
<trkpt lat="54.508725" lon="18.595676"><time>2026-05-02T10:17:50.900Z</time></trkpt>
<trkpt lat="54.508696" lon="18.595715"><time>2026-05-02T10:17:52.900Z</time></trkpt>
<trkpt lat="54.508669" lon="18.595752"><time>2026-05-02T10:17:54.900Z</time></trkpt>
<trkpt lat="54.508644" lon="18.595795"><time>2026-05-02T10:17:56.900Z</time></trkpt>
<trkpt lat="54.508617" lon="18.595837"><time>2026-05-02T10:17:58.900Z</time></trkpt>
<trkpt lat="54.508591" lon="18.595877"><time>2026-05-02T10:18:00.900Z</time></trkpt>
<trkpt lat="54.508567" lon="18.595921"><time>2026-05-02T10:18:02.900Z</time></trkpt>
<trkpt lat="54.508542" lon="18.595968"><time>2026-05-02T10:18:04.900Z</time></trkpt>
<trkpt lat="54.508520" lon="18.596019"><time>2026-05-02T10:18:06.900Z</time></trkpt>
<trkpt lat="54.508496" lon="18.596066"><time>2026-05-02T10:18:08.900Z</time></trkpt>
<trkpt lat="54.508474" lon="18.596113"><time>2026-05-02T10:18:10.900Z</time></trkpt>
<trkpt lat="54.508452" lon="18.596156"><time>2026-05-02T10:18:12.900Z</time></trkpt>
<trkpt lat="54.508431" lon="18.596201"><time>2026-05-02T10:18:14.900Z</time></trkpt>
<trkpt lat="54.508406" lon="18.596243"><time>2026-05-02T10:18:16.900Z</time></trkpt>
<trkpt lat="54.508376" lon="18.596288"><time>2026-05-02T10:18:18.900Z</time></trkpt>
<trkpt lat="54.508350" lon="18.596330"><time>2026-05-02T10:18:20.900Z</time></trkpt>
<trkpt lat="54.508322" lon="18.596374"><time>2026-05-02T10:18:23.000Z</time></trkpt>
<trkpt lat="54.508289" lon="18.596413"><time>2026-05-02T10:18:25.000Z</time></trkpt>
<trkpt lat="54.508262" lon="18.596452"><time>2026-05-02T10:18:27.000Z</time></trkpt>
<trkpt lat="54.508237" lon="18.596486"><time>2026-05-02T10:18:29.000Z</time></trkpt>
<trkpt lat="54.508206" lon="18.596532"><time>2026-05-02T10:18:31.000Z</time></trkpt>
<trkpt lat="54.508179" lon="18.596572"><time>2026-05-02T10:18:33.000Z</time></trkpt>
<trkpt lat="54.508155" lon="18.596613"><time>2026-05-02T10:18:35.000Z</time></trkpt>
<trkpt lat="54.508127" lon="18.596666"><time>2026-05-02T10:18:37.000Z</time></trkpt>
<trkpt lat="54.508089" lon="18.596734"><time>2026-05-02T10:18:39.000Z</time></trkpt>
<trkpt lat="54.508055" lon="18.596780"><time>2026-05-02T10:18:41.000Z</time></trkpt>
<trkpt lat="54.508023" lon="18.596814"><time>2026-05-02T10:18:43.000Z</time></trkpt>
<trkpt lat="54.507991" lon="18.596854"><time>2026-05-02T10:18:45.000Z</time></trkpt>
<trkpt lat="54.507957" lon="18.596900"><time>2026-05-02T10:18:47.000Z</time></trkpt>
<trkpt lat="54.507923" lon="18.596946"><time>2026-05-02T10:18:49.000Z</time></trkpt>
<trkpt lat="54.507892" lon="18.596986"><time>2026-05-02T10:18:51.000Z</time></trkpt>
<trkpt lat="54.507858" lon="18.597034"><time>2026-05-02T10:18:52.900Z</time></trkpt>
<trkpt lat="54.507828" lon="18.597080"><time>2026-05-02T10:18:54.900Z</time></trkpt>
<trkpt lat="54.507799" lon="18.597133"><time>2026-05-02T10:18:56.900Z</time></trkpt>
<trkpt lat="54.507770" lon="18.597191"><time>2026-05-02T10:18:58.900Z</time></trkpt>
<trkpt lat="54.507740" lon="18.597241"><time>2026-05-02T10:19:00.900Z</time></trkpt>
<trkpt lat="54.507709" lon="18.597287"><time>2026-05-02T10:19:02.900Z</time></trkpt>
<trkpt lat="54.507680" lon="18.597338"><time>2026-05-02T10:19:04.900Z</time></trkpt>
<trkpt lat="54.507647" lon="18.597388"><time>2026-05-02T10:19:06.900Z</time></trkpt>
<trkpt lat="54.507618" lon="18.597440"><time>2026-05-02T10:19:08.900Z</time></trkpt>
<trkpt lat="54.507590" lon="18.597485"><time>2026-05-02T10:19:10.900Z</time></trkpt>
<trkpt lat="54.507557" lon="18.597538"><time>2026-05-02T10:19:12.900Z</time></trkpt>
<trkpt lat="54.507525" lon="18.597586"><time>2026-05-02T10:19:14.900Z</time></trkpt>
<trkpt lat="54.507490" lon="18.597636"><time>2026-05-02T10:19:16.900Z</time></trkpt>
<trkpt lat="54.507458" lon="18.597686"><time>2026-05-02T10:19:18.900Z</time></trkpt>
<trkpt lat="54.507428" lon="18.597735"><time>2026-05-02T10:19:20.900Z</time></trkpt>
<trkpt lat="54.507398" lon="18.597786"><time>2026-05-02T10:19:22.900Z</time></trkpt>
<trkpt lat="54.507368" lon="18.597834"><time>2026-05-02T10:19:24.900Z</time></trkpt>
<trkpt lat="54.507334" lon="18.597881"><time>2026-05-02T10:19:26.900Z</time></trkpt>
<trkpt lat="54.507294" lon="18.597922"><time>2026-05-02T10:19:28.900Z</time></trkpt>
<trkpt lat="54.507263" lon="18.597956"><time>2026-05-02T10:19:30.900Z</time></trkpt>
<trkpt lat="54.507234" lon="18.597997"><time>2026-05-02T10:19:32.900Z</time></trkpt>
<trkpt lat="54.507205" lon="18.598039"><time>2026-05-02T10:19:34.900Z</time></trkpt>
<trkpt lat="54.507175" lon="18.598079"><time>2026-05-02T10:19:36.900Z</time></trkpt>
<trkpt lat="54.507143" lon="18.598122"><time>2026-05-02T10:19:38.900Z</time></trkpt>
<trkpt lat="54.507091" lon="18.598191"><time>2026-05-02T10:19:40.900Z</time></trkpt>
<trkpt lat="54.507060" lon="18.598224"><time>2026-05-02T10:19:42.900Z</time></trkpt>
<trkpt lat="54.507030" lon="18.598251"><time>2026-05-02T10:19:44.900Z</time></trkpt>
<trkpt lat="54.506996" lon="18.598291"><time>2026-05-02T10:19:46.900Z</time></trkpt>
<trkpt lat="54.506963" lon="18.598331"><time>2026-05-02T10:19:48.900Z</time></trkpt>
<trkpt lat="54.506931" lon="18.598366"><time>2026-05-02T10:19:50.900Z</time></trkpt>
<trkpt lat="54.506898" lon="18.598398"><time>2026-05-02T10:19:52.900Z</time></trkpt>
<trkpt lat="54.506864" lon="18.598424"><time>2026-05-02T10:19:54.900Z</time></trkpt>
<trkpt lat="54.506827" lon="18.598463"><time>2026-05-02T10:19:56.900Z</time></trkpt>
<trkpt lat="54.506789" lon="18.598504"><time>2026-05-02T10:19:58.900Z</time></trkpt>
<trkpt lat="54.506755" lon="18.598546"><time>2026-05-02T10:20:00.900Z</time></trkpt>
<trkpt lat="54.506723" lon="18.598583"><time>2026-05-02T10:20:02.900Z</time></trkpt>
<trkpt lat="54.506702" lon="18.598605"><time>2026-05-02T10:20:04.900Z</time></trkpt>
<trkpt lat="54.506679" lon="18.598627"><time>2026-05-02T10:20:06.900Z</time></trkpt>
<trkpt lat="54.506640" lon="18.598663"><time>2026-05-02T10:20:08.900Z</time></trkpt>
<trkpt lat="54.506602" lon="18.598691"><time>2026-05-02T10:20:10.900Z</time></trkpt>
<trkpt lat="54.506563" lon="18.598725"><time>2026-05-02T10:20:12.900Z</time></trkpt>
<trkpt lat="54.506528" lon="18.598763"><time>2026-05-02T10:20:14.900Z</time></trkpt>
<trkpt lat="54.506495" lon="18.598806"><time>2026-05-02T10:20:16.900Z</time></trkpt>
<trkpt lat="54.506463" lon="18.598847"><time>2026-05-02T10:20:18.900Z</time></trkpt>
<trkpt lat="54.506430" lon="18.598897"><time>2026-05-02T10:20:20.900Z</time></trkpt>
<trkpt lat="54.506394" lon="18.598939"><time>2026-05-02T10:20:22.900Z</time></trkpt>
<trkpt lat="54.506359" lon="18.598970"><time>2026-05-02T10:20:24.900Z</time></trkpt>
<trkpt lat="54.506332" lon="18.599005"><time>2026-05-02T10:20:26.900Z</time></trkpt>
<trkpt lat="54.506311" lon="18.599045"><time>2026-05-02T10:20:29.000Z</time></trkpt>
<trkpt lat="54.506289" lon="18.599075"><time>2026-05-02T10:20:31.000Z</time></trkpt>
<trkpt lat="54.506263" lon="18.599104"><time>2026-05-02T10:20:33.000Z</time></trkpt>
<trkpt lat="54.506231" lon="18.599132"><time>2026-05-02T10:20:35.000Z</time></trkpt>
<trkpt lat="54.506200" lon="18.599162"><time>2026-05-02T10:20:37.000Z</time></trkpt>
<trkpt lat="54.506169" lon="18.599194"><time>2026-05-02T10:20:39.000Z</time></trkpt>
<trkpt lat="54.506138" lon="18.599226"><time>2026-05-02T10:20:41.000Z</time></trkpt>
<trkpt lat="54.506105" lon="18.599254"><time>2026-05-02T10:20:43.000Z</time></trkpt>
<trkpt lat="54.506072" lon="18.599279"><time>2026-05-02T10:20:45.000Z</time></trkpt>
<trkpt lat="54.506037" lon="18.599300"><time>2026-05-02T10:20:47.000Z</time></trkpt>
<trkpt lat="54.506004" lon="18.599324"><time>2026-05-02T10:20:49.000Z</time></trkpt>
<trkpt lat="54.505967" lon="18.599349"><time>2026-05-02T10:20:51.000Z</time></trkpt>
<trkpt lat="54.505929" lon="18.599374"><time>2026-05-02T10:20:53.000Z</time></trkpt>
<trkpt lat="54.505892" lon="18.599401"><time>2026-05-02T10:20:55.000Z</time></trkpt>
<trkpt lat="54.505855" lon="18.599432"><time>2026-05-02T10:20:56.900Z</time></trkpt>
<trkpt lat="54.505818" lon="18.599463"><time>2026-05-02T10:20:58.900Z</time></trkpt>
<trkpt lat="54.505782" lon="18.599495"><time>2026-05-02T10:21:00.900Z</time></trkpt>
<trkpt lat="54.505746" lon="18.599529"><time>2026-05-02T10:21:02.900Z</time></trkpt>
<trkpt lat="54.505709" lon="18.599560"><time>2026-05-02T10:21:04.900Z</time></trkpt>
<trkpt lat="54.505673" lon="18.599593"><time>2026-05-02T10:21:06.900Z</time></trkpt>
<trkpt lat="54.505638" lon="18.599630"><time>2026-05-02T10:21:08.900Z</time></trkpt>
<trkpt lat="54.505607" lon="18.599671"><time>2026-05-02T10:21:10.900Z</time></trkpt>
<trkpt lat="54.505576" lon="18.599708"><time>2026-05-02T10:21:12.900Z</time></trkpt>
<trkpt lat="54.505545" lon="18.599749"><time>2026-05-02T10:21:14.900Z</time></trkpt>
<trkpt lat="54.505515" lon="18.599791"><time>2026-05-02T10:21:16.900Z</time></trkpt>
<trkpt lat="54.505483" lon="18.599829"><time>2026-05-02T10:21:18.900Z</time></trkpt>
<trkpt lat="54.505454" lon="18.599862"><time>2026-05-02T10:21:20.900Z</time></trkpt>
<trkpt lat="54.505427" lon="18.599896"><time>2026-05-02T10:21:22.900Z</time></trkpt>
<trkpt lat="54.505396" lon="18.599920"><time>2026-05-02T10:21:24.900Z</time></trkpt>
<trkpt lat="54.505367" lon="18.599957"><time>2026-05-02T10:21:26.900Z</time></trkpt>
<trkpt lat="54.505350" lon="18.599993"><time>2026-05-02T10:21:28.900Z</time></trkpt>
<trkpt lat="54.505320" lon="18.600056"><time>2026-05-02T10:21:30.900Z</time></trkpt>
<trkpt lat="54.505295" lon="18.600105"><time>2026-05-02T10:21:32.900Z</time></trkpt>
<trkpt lat="54.505266" lon="18.600149"><time>2026-05-02T10:21:34.900Z</time></trkpt>
<trkpt lat="54.505237" lon="18.600188"><time>2026-05-02T10:21:36.900Z</time></trkpt>
<trkpt lat="54.505209" lon="18.600230"><time>2026-05-02T10:21:38.900Z</time></trkpt>
<trkpt lat="54.505184" lon="18.600274"><time>2026-05-02T10:21:40.900Z</time></trkpt>
<trkpt lat="54.505160" lon="18.600313"><time>2026-05-02T10:21:42.900Z</time></trkpt>
<trkpt lat="54.505131" lon="18.600355"><time>2026-05-02T10:21:44.900Z</time></trkpt>
<trkpt lat="54.505104" lon="18.600387"><time>2026-05-02T10:21:46.900Z</time></trkpt>
<trkpt lat="54.505073" lon="18.600427"><time>2026-05-02T10:21:48.900Z</time></trkpt>
<trkpt lat="54.505048" lon="18.600463"><time>2026-05-02T10:21:50.900Z</time></trkpt>
<trkpt lat="54.505019" lon="18.600497"><time>2026-05-02T10:21:52.900Z</time></trkpt>
<trkpt lat="54.504988" lon="18.600535"><time>2026-05-02T10:21:54.900Z</time></trkpt>
<trkpt lat="54.504959" lon="18.600577"><time>2026-05-02T10:21:56.900Z</time></trkpt>
<trkpt lat="54.504929" lon="18.600616"><time>2026-05-02T10:21:58.900Z</time></trkpt>
<trkpt lat="54.504898" lon="18.600659"><time>2026-05-02T10:22:00.900Z</time></trkpt>
<trkpt lat="54.504866" lon="18.600703"><time>2026-05-02T10:22:02.900Z</time></trkpt>
<trkpt lat="54.504835" lon="18.600748"><time>2026-05-02T10:22:04.900Z</time></trkpt>
<trkpt lat="54.504804" lon="18.600786"><time>2026-05-02T10:22:06.900Z</time></trkpt>
<trkpt lat="54.504757" lon="18.600848"><time>2026-05-02T10:22:09.900Z</time></trkpt>
<trkpt lat="54.504742" lon="18.600870"><time>2026-05-02T10:22:10.900Z</time></trkpt>
<trkpt lat="54.504711" lon="18.600915"><time>2026-05-02T10:22:12.900Z</time></trkpt>
<trkpt lat="54.504679" lon="18.600955"><time>2026-05-02T10:22:14.900Z</time></trkpt>
<trkpt lat="54.504648" lon="18.600996"><time>2026-05-02T10:22:16.900Z</time></trkpt>
<trkpt lat="54.504614" lon="18.601035"><time>2026-05-02T10:22:18.900Z</time></trkpt>
<trkpt lat="54.504582" lon="18.601075"><time>2026-05-02T10:22:20.900Z</time></trkpt>
<trkpt lat="54.504550" lon="18.601115"><time>2026-05-02T10:22:22.900Z</time></trkpt>
<trkpt lat="54.504517" lon="18.601150"><time>2026-05-02T10:22:24.900Z</time></trkpt>
<trkpt lat="54.504486" lon="18.601186"><time>2026-05-02T10:22:26.900Z</time></trkpt>
<trkpt lat="54.504456" lon="18.601226"><time>2026-05-02T10:22:28.900Z</time></trkpt>
<trkpt lat="54.504421" lon="18.601267"><time>2026-05-02T10:22:30.900Z</time></trkpt>
<trkpt lat="54.504387" lon="18.601310"><time>2026-05-02T10:22:33.000Z</time></trkpt>
<trkpt lat="54.504352" lon="18.601352"><time>2026-05-02T10:22:35.000Z</time></trkpt>
<trkpt lat="54.504315" lon="18.601396"><time>2026-05-02T10:22:37.000Z</time></trkpt>
<trkpt lat="54.504280" lon="18.601436"><time>2026-05-02T10:22:39.000Z</time></trkpt>
<trkpt lat="54.504244" lon="18.601475"><time>2026-05-02T10:22:41.000Z</time></trkpt>
<trkpt lat="54.504205" lon="18.601515"><time>2026-05-02T10:22:43.000Z</time></trkpt>
<trkpt lat="54.504168" lon="18.601555"><time>2026-05-02T10:22:45.000Z</time></trkpt>
<trkpt lat="54.504130" lon="18.601595"><time>2026-05-02T10:22:47.000Z</time></trkpt>
<trkpt lat="54.504090" lon="18.601634"><time>2026-05-02T10:22:49.000Z</time></trkpt>
<trkpt lat="54.504050" lon="18.601673"><time>2026-05-02T10:22:51.000Z</time></trkpt>
<trkpt lat="54.504008" lon="18.601711"><time>2026-05-02T10:22:53.000Z</time></trkpt>
<trkpt lat="54.503968" lon="18.601739"><time>2026-05-02T10:22:55.000Z</time></trkpt>
<trkpt lat="54.503928" lon="18.601779"><time>2026-05-02T10:22:56.900Z</time></trkpt>
<trkpt lat="54.503891" lon="18.601815"><time>2026-05-02T10:22:58.900Z</time></trkpt>
<trkpt lat="54.503851" lon="18.601856"><time>2026-05-02T10:23:00.900Z</time></trkpt>
<trkpt lat="54.503812" lon="18.601896"><time>2026-05-02T10:23:02.900Z</time></trkpt>
<trkpt lat="54.503774" lon="18.601937"><time>2026-05-02T10:23:04.900Z</time></trkpt>
<trkpt lat="54.503739" lon="18.601976"><time>2026-05-02T10:23:06.900Z</time></trkpt>
<trkpt lat="54.503704" lon="18.602022"><time>2026-05-02T10:23:08.900Z</time></trkpt>
<trkpt lat="54.503667" lon="18.602068"><time>2026-05-02T10:23:10.900Z</time></trkpt>
<trkpt lat="54.503630" lon="18.602108"><time>2026-05-02T10:23:12.900Z</time></trkpt>
<trkpt lat="54.503590" lon="18.602146"><time>2026-05-02T10:23:14.900Z</time></trkpt>
<trkpt lat="54.503552" lon="18.602185"><time>2026-05-02T10:23:16.900Z</time></trkpt>
<trkpt lat="54.503513" lon="18.602226"><time>2026-05-02T10:23:18.900Z</time></trkpt>
<trkpt lat="54.503472" lon="18.602261"><time>2026-05-02T10:23:20.900Z</time></trkpt>
<trkpt lat="54.503433" lon="18.602297"><time>2026-05-02T10:23:22.900Z</time></trkpt>
<trkpt lat="54.503392" lon="18.602336"><time>2026-05-02T10:23:24.900Z</time></trkpt>
<trkpt lat="54.503356" lon="18.602376"><time>2026-05-02T10:23:26.900Z</time></trkpt>
<trkpt lat="54.503317" lon="18.602409"><time>2026-05-02T10:23:28.900Z</time></trkpt>
<trkpt lat="54.503275" lon="18.602439"><time>2026-05-02T10:23:30.900Z</time></trkpt>
<trkpt lat="54.503234" lon="18.602468"><time>2026-05-02T10:23:32.900Z</time></trkpt>
<trkpt lat="54.503190" lon="18.602496"><time>2026-05-02T10:23:34.900Z</time></trkpt>
<trkpt lat="54.503145" lon="18.602530"><time>2026-05-02T10:23:36.900Z</time></trkpt>
<trkpt lat="54.503103" lon="18.602561"><time>2026-05-02T10:23:38.900Z</time></trkpt>
<trkpt lat="54.503062" lon="18.602598"><time>2026-05-02T10:23:40.900Z</time></trkpt>
<trkpt lat="54.503017" lon="18.602635"><time>2026-05-02T10:23:42.900Z</time></trkpt>
<trkpt lat="54.502980" lon="18.602675"><time>2026-05-02T10:23:44.900Z</time></trkpt>
<trkpt lat="54.502941" lon="18.602713"><time>2026-05-02T10:23:46.900Z</time></trkpt>
<trkpt lat="54.502902" lon="18.602754"><time>2026-05-02T10:23:48.900Z</time></trkpt>
<trkpt lat="54.502863" lon="18.602799"><time>2026-05-02T10:23:50.900Z</time></trkpt>
<trkpt lat="54.502824" lon="18.602839"><time>2026-05-02T10:23:52.900Z</time></trkpt>
<trkpt lat="54.502783" lon="18.602877"><time>2026-05-02T10:23:54.900Z</time></trkpt>
<trkpt lat="54.502741" lon="18.602915"><time>2026-05-02T10:23:56.900Z</time></trkpt>
<trkpt lat="54.502699" lon="18.602951"><time>2026-05-02T10:23:58.900Z</time></trkpt>
<trkpt lat="54.502659" lon="18.602989"><time>2026-05-02T10:24:00.900Z</time></trkpt>
<trkpt lat="54.502614" lon="18.603024"><time>2026-05-02T10:24:02.900Z</time></trkpt>
<trkpt lat="54.502576" lon="18.603058"><time>2026-05-02T10:24:04.900Z</time></trkpt>
<trkpt lat="54.502537" lon="18.603091"><time>2026-05-02T10:24:06.900Z</time></trkpt>
<trkpt lat="54.502498" lon="18.603124"><time>2026-05-02T10:24:08.900Z</time></trkpt>
<trkpt lat="54.502455" lon="18.603157"><time>2026-05-02T10:24:10.900Z</time></trkpt>
<trkpt lat="54.502413" lon="18.603194"><time>2026-05-02T10:24:12.900Z</time></trkpt>
<trkpt lat="54.502369" lon="18.603229"><time>2026-05-02T10:24:14.900Z</time></trkpt>
<trkpt lat="54.502326" lon="18.603265"><time>2026-05-02T10:24:16.900Z</time></trkpt>
<trkpt lat="54.502285" lon="18.603304"><time>2026-05-02T10:24:18.900Z</time></trkpt>
<trkpt lat="54.502245" lon="18.603345"><time>2026-05-02T10:24:20.900Z</time></trkpt>
<trkpt lat="54.502206" lon="18.603390"><time>2026-05-02T10:24:22.900Z</time></trkpt>
<trkpt lat="54.502168" lon="18.603434"><time>2026-05-02T10:24:24.900Z</time></trkpt>
<trkpt lat="54.502131" lon="18.603477"><time>2026-05-02T10:24:26.900Z</time></trkpt>
<trkpt lat="54.502091" lon="18.603515"><time>2026-05-02T10:24:28.900Z</time></trkpt>
<trkpt lat="54.502050" lon="18.603552"><time>2026-05-02T10:24:30.900Z</time></trkpt>
<trkpt lat="54.502011" lon="18.603593"><time>2026-05-02T10:24:32.900Z</time></trkpt>
<trkpt lat="54.501973" lon="18.603625"><time>2026-05-02T10:24:34.900Z</time></trkpt>
<trkpt lat="54.501933" lon="18.603666"><time>2026-05-02T10:24:36.900Z</time></trkpt>
<trkpt lat="54.501891" lon="18.603710"><time>2026-05-02T10:24:39.000Z</time></trkpt>
<trkpt lat="54.501849" lon="18.603751"><time>2026-05-02T10:24:41.000Z</time></trkpt>
<trkpt lat="54.501808" lon="18.603791"><time>2026-05-02T10:24:43.000Z</time></trkpt>
<trkpt lat="54.501770" lon="18.603834"><time>2026-05-02T10:24:45.000Z</time></trkpt>
<trkpt lat="54.501732" lon="18.603877"><time>2026-05-02T10:24:47.000Z</time></trkpt>
<trkpt lat="54.501694" lon="18.603921"><time>2026-05-02T10:24:49.000Z</time></trkpt>
<trkpt lat="54.501658" lon="18.603965"><time>2026-05-02T10:24:51.000Z</time></trkpt>
<trkpt lat="54.501620" lon="18.604005"><time>2026-05-02T10:24:53.000Z</time></trkpt>
<trkpt lat="54.501582" lon="18.604046"><time>2026-05-02T10:24:55.000Z</time></trkpt>
<trkpt lat="54.501546" lon="18.604087"><time>2026-05-02T10:24:57.000Z</time></trkpt>
<trkpt lat="54.501511" lon="18.604132"><time>2026-05-02T10:24:59.000Z</time></trkpt>
<trkpt lat="54.501475" lon="18.604175"><time>2026-05-02T10:25:01.000Z</time></trkpt>
<trkpt lat="54.501439" lon="18.604219"><time>2026-05-02T10:25:03.000Z</time></trkpt>
<trkpt lat="54.501403" lon="18.604262"><time>2026-05-02T10:25:04.900Z</time></trkpt>
<trkpt lat="54.501368" lon="18.604306"><time>2026-05-02T10:25:06.900Z</time></trkpt>
<trkpt lat="54.501335" lon="18.604349"><time>2026-05-02T10:25:08.900Z</time></trkpt>
<trkpt lat="54.501302" lon="18.604393"><time>2026-05-02T10:25:10.900Z</time></trkpt>
<trkpt lat="54.501269" lon="18.604438"><time>2026-05-02T10:25:12.900Z</time></trkpt>
<trkpt lat="54.501235" lon="18.604480"><time>2026-05-02T10:25:14.900Z</time></trkpt>
<trkpt lat="54.501200" lon="18.604522"><time>2026-05-02T10:25:16.900Z</time></trkpt>
<trkpt lat="54.501166" lon="18.604563"><time>2026-05-02T10:25:18.900Z</time></trkpt>
<trkpt lat="54.501132" lon="18.604604"><time>2026-05-02T10:25:20.900Z</time></trkpt>
<trkpt lat="54.501100" lon="18.604646"><time>2026-05-02T10:25:22.900Z</time></trkpt>
<trkpt lat="54.501067" lon="18.604690"><time>2026-05-02T10:25:24.900Z</time></trkpt>
<trkpt lat="54.501035" lon="18.604733"><time>2026-05-02T10:25:26.900Z</time></trkpt>
<trkpt lat="54.501003" lon="18.604778"><time>2026-05-02T10:25:28.900Z</time></trkpt>
<trkpt lat="54.500971" lon="18.604823"><time>2026-05-02T10:25:30.900Z</time></trkpt>
<trkpt lat="54.500940" lon="18.604868"><time>2026-05-02T10:25:32.900Z</time></trkpt>
<trkpt lat="54.500908" lon="18.604912"><time>2026-05-02T10:25:34.900Z</time></trkpt>
<trkpt lat="54.500877" lon="18.604955"><time>2026-05-02T10:25:36.900Z</time></trkpt>
<trkpt lat="54.500847" lon="18.604998"><time>2026-05-02T10:25:38.900Z</time></trkpt>
<trkpt lat="54.500812" lon="18.605040"><time>2026-05-02T10:25:40.900Z</time></trkpt>
<trkpt lat="54.500777" lon="18.605079"><time>2026-05-02T10:25:42.900Z</time></trkpt>
<trkpt lat="54.500742" lon="18.605118"><time>2026-05-02T10:25:44.900Z</time></trkpt>
<trkpt lat="54.500707" lon="18.605157"><time>2026-05-02T10:25:46.900Z</time></trkpt>
<trkpt lat="54.500672" lon="18.605200"><time>2026-05-02T10:25:48.900Z</time></trkpt>
<trkpt lat="54.500636" lon="18.605243"><time>2026-05-02T10:25:50.900Z</time></trkpt>
<trkpt lat="54.500602" lon="18.605284"><time>2026-05-02T10:25:52.900Z</time></trkpt>
<trkpt lat="54.500566" lon="18.605329"><time>2026-05-02T10:25:54.900Z</time></trkpt>
<trkpt lat="54.500529" lon="18.605375"><time>2026-05-02T10:25:56.900Z</time></trkpt>
<trkpt lat="54.500492" lon="18.605420"><time>2026-05-02T10:25:58.900Z</time></trkpt>
<trkpt lat="54.500456" lon="18.605464"><time>2026-05-02T10:26:00.900Z</time></trkpt>
<trkpt lat="54.500419" lon="18.605511"><time>2026-05-02T10:26:02.900Z</time></trkpt>
<trkpt lat="54.500382" lon="18.605558"><time>2026-05-02T10:26:04.900Z</time></trkpt>
<trkpt lat="54.500345" lon="18.605604"><time>2026-05-02T10:26:06.900Z</time></trkpt>
<trkpt lat="54.500307" lon="18.605648"><time>2026-05-02T10:26:08.900Z</time></trkpt>
<trkpt lat="54.500269" lon="18.605693"><time>2026-05-02T10:26:10.900Z</time></trkpt>
<trkpt lat="54.500231" lon="18.605739"><time>2026-05-02T10:26:12.900Z</time></trkpt>
<trkpt lat="54.500194" lon="18.605786"><time>2026-05-02T10:26:14.900Z</time></trkpt>
<trkpt lat="54.500156" lon="18.605830"><time>2026-05-02T10:26:16.900Z</time></trkpt>
<trkpt lat="54.500117" lon="18.605875"><time>2026-05-02T10:26:18.900Z</time></trkpt>
<trkpt lat="54.500079" lon="18.605919"><time>2026-05-02T10:26:20.900Z</time></trkpt>
<trkpt lat="54.500040" lon="18.605968"><time>2026-05-02T10:26:22.900Z</time></trkpt>
<trkpt lat="54.500001" lon="18.606017"><time>2026-05-02T10:26:24.900Z</time></trkpt>
<trkpt lat="54.499963" lon="18.606064"><time>2026-05-02T10:26:26.900Z</time></trkpt>
<trkpt lat="54.499925" lon="18.606108"><time>2026-05-02T10:26:28.900Z</time></trkpt>
<trkpt lat="54.499885" lon="18.606153"><time>2026-05-02T10:26:30.900Z</time></trkpt>
<trkpt lat="54.499845" lon="18.606196"><time>2026-05-02T10:26:32.900Z</time></trkpt>
<trkpt lat="54.499805" lon="18.606243"><time>2026-05-02T10:26:34.900Z</time></trkpt>
<trkpt lat="54.499765" lon="18.606287"><time>2026-05-02T10:26:36.900Z</time></trkpt>
<trkpt lat="54.499724" lon="18.606330"><time>2026-05-02T10:26:38.900Z</time></trkpt>
<trkpt lat="54.499681" lon="18.606370"><time>2026-05-02T10:26:40.900Z</time></trkpt>
<trkpt lat="54.499637" lon="18.606410"><time>2026-05-02T10:26:42.900Z</time></trkpt>
<trkpt lat="54.499594" lon="18.606450"><time>2026-05-02T10:26:45.000Z</time></trkpt>
<trkpt lat="54.499553" lon="18.606492"><time>2026-05-02T10:26:47.000Z</time></trkpt>
<trkpt lat="54.499510" lon="18.606534"><time>2026-05-02T10:26:49.000Z</time></trkpt>
<trkpt lat="54.499466" lon="18.606574"><time>2026-05-02T10:26:51.000Z</time></trkpt>
<trkpt lat="54.499421" lon="18.606612"><time>2026-05-02T10:26:53.000Z</time></trkpt>
<trkpt lat="54.499376" lon="18.606649"><time>2026-05-02T10:26:55.000Z</time></trkpt>
<trkpt lat="54.499333" lon="18.606688"><time>2026-05-02T10:26:57.000Z</time></trkpt>
<trkpt lat="54.499290" lon="18.606728"><time>2026-05-02T10:26:59.000Z</time></trkpt>
<trkpt lat="54.499247" lon="18.606768"><time>2026-05-02T10:27:01.000Z</time></trkpt>
<trkpt lat="54.499204" lon="18.606805"><time>2026-05-02T10:27:03.000Z</time></trkpt>
<trkpt lat="54.499161" lon="18.606843"><time>2026-05-02T10:27:05.000Z</time></trkpt>
<trkpt lat="54.499119" lon="18.606881"><time>2026-05-02T10:27:07.000Z</time></trkpt>
<trkpt lat="54.499078" lon="18.606922"><time>2026-05-02T10:27:09.000Z</time></trkpt>
<trkpt lat="54.499036" lon="18.606962"><time>2026-05-02T10:27:11.000Z</time></trkpt>
<trkpt lat="54.498995" lon="18.607003"><time>2026-05-02T10:27:13.000Z</time></trkpt>
<trkpt lat="54.498954" lon="18.607044"><time>2026-05-02T10:27:14.900Z</time></trkpt>
<trkpt lat="54.498913" lon="18.607089"><time>2026-05-02T10:27:16.900Z</time></trkpt>
<trkpt lat="54.498873" lon="18.607131"><time>2026-05-02T10:27:18.900Z</time></trkpt>
<trkpt lat="54.498836" lon="18.607173"><time>2026-05-02T10:27:20.900Z</time></trkpt>
<trkpt lat="54.498799" lon="18.607215"><time>2026-05-02T10:27:22.900Z</time></trkpt>
<trkpt lat="54.498760" lon="18.607260"><time>2026-05-02T10:27:24.900Z</time></trkpt>
<trkpt lat="54.498722" lon="18.607304"><time>2026-05-02T10:27:26.900Z</time></trkpt>
<trkpt lat="54.498685" lon="18.607350"><time>2026-05-02T10:27:28.900Z</time></trkpt>
<trkpt lat="54.498647" lon="18.607397"><time>2026-05-02T10:27:30.900Z</time></trkpt>
<trkpt lat="54.498611" lon="18.607444"><time>2026-05-02T10:27:32.900Z</time></trkpt>
<trkpt lat="54.498575" lon="18.607489"><time>2026-05-02T10:27:34.900Z</time></trkpt>
<trkpt lat="54.498538" lon="18.607536"><time>2026-05-02T10:27:36.900Z</time></trkpt>
<trkpt lat="54.498503" lon="18.607584"><time>2026-05-02T10:27:38.900Z</time></trkpt>
<trkpt lat="54.498469" lon="18.607633"><time>2026-05-02T10:27:40.900Z</time></trkpt>
<trkpt lat="54.498434" lon="18.607680"><time>2026-05-02T10:27:42.900Z</time></trkpt>
<trkpt lat="54.498400" lon="18.607728"><time>2026-05-02T10:27:44.900Z</time></trkpt>
<trkpt lat="54.498365" lon="18.607775"><time>2026-05-02T10:27:46.900Z</time></trkpt>
<trkpt lat="54.498331" lon="18.607825"><time>2026-05-02T10:27:48.900Z</time></trkpt>
<trkpt lat="54.498296" lon="18.607874"><time>2026-05-02T10:27:50.900Z</time></trkpt>
<trkpt lat="54.498263" lon="18.607921"><time>2026-05-02T10:27:52.900Z</time></trkpt>
<trkpt lat="54.498230" lon="18.607971"><time>2026-05-02T10:27:54.900Z</time></trkpt>
<trkpt lat="54.498199" lon="18.608023"><time>2026-05-02T10:27:56.900Z</time></trkpt>
<trkpt lat="54.498169" lon="18.608075"><time>2026-05-02T10:27:58.900Z</time></trkpt>
<trkpt lat="54.498139" lon="18.608127"><time>2026-05-02T10:28:00.900Z</time></trkpt>
<trkpt lat="54.498111" lon="18.608178"><time>2026-05-02T10:28:02.900Z</time></trkpt>
<trkpt lat="54.498082" lon="18.608227"><time>2026-05-02T10:28:04.900Z</time></trkpt>
<trkpt lat="54.498053" lon="18.608274"><time>2026-05-02T10:28:06.900Z</time></trkpt>
<trkpt lat="54.498021" lon="18.608321"><time>2026-05-02T10:28:08.900Z</time></trkpt>
<trkpt lat="54.497987" lon="18.608366"><time>2026-05-02T10:28:10.900Z</time></trkpt>
<trkpt lat="54.497951" lon="18.608410"><time>2026-05-02T10:28:12.900Z</time></trkpt>
<trkpt lat="54.497917" lon="18.608452"><time>2026-05-02T10:28:14.900Z</time></trkpt>
<trkpt lat="54.497884" lon="18.608500"><time>2026-05-02T10:28:16.900Z</time></trkpt>
<trkpt lat="54.497852" lon="18.608548"><time>2026-05-02T10:28:18.900Z</time></trkpt>
<trkpt lat="54.497822" lon="18.608600"><time>2026-05-02T10:28:20.900Z</time></trkpt>
<trkpt lat="54.497794" lon="18.608651"><time>2026-05-02T10:28:22.900Z</time></trkpt>
<trkpt lat="54.497766" lon="18.608703"><time>2026-05-02T10:28:24.900Z</time></trkpt>
<trkpt lat="54.497741" lon="18.608756"><time>2026-05-02T10:28:26.900Z</time></trkpt>
<trkpt lat="54.497716" lon="18.608809"><time>2026-05-02T10:28:28.900Z</time></trkpt>
<trkpt lat="54.497693" lon="18.608861"><time>2026-05-02T10:28:30.900Z</time></trkpt>
<trkpt lat="54.497669" lon="18.608913"><time>2026-05-02T10:28:32.900Z</time></trkpt>
<trkpt lat="54.497648" lon="18.608965"><time>2026-05-02T10:28:34.900Z</time></trkpt>
<trkpt lat="54.497627" lon="18.609014"><time>2026-05-02T10:28:36.900Z</time></trkpt>
<trkpt lat="54.497606" lon="18.609063"><time>2026-05-02T10:28:38.900Z</time></trkpt>
<trkpt lat="54.497584" lon="18.609109"><time>2026-05-02T10:28:40.900Z</time></trkpt>
<trkpt lat="54.497562" lon="18.609155"><time>2026-05-02T10:28:42.900Z</time></trkpt>
<trkpt lat="54.497540" lon="18.609201"><time>2026-05-02T10:28:44.900Z</time></trkpt>
<trkpt lat="54.497518" lon="18.609247"><time>2026-05-02T10:28:46.900Z</time></trkpt>
<trkpt lat="54.497498" lon="18.609292"><time>2026-05-02T10:28:48.900Z</time></trkpt>
<trkpt lat="54.497478" lon="18.609336"><time>2026-05-02T10:28:51.000Z</time></trkpt>
<trkpt lat="54.497459" lon="18.609383"><time>2026-05-02T10:28:53.000Z</time></trkpt>
<trkpt lat="54.497441" lon="18.609426"><time>2026-05-02T10:28:55.000Z</time></trkpt>
<trkpt lat="54.497423" lon="18.609468"><time>2026-05-02T10:28:57.000Z</time></trkpt>
<trkpt lat="54.497407" lon="18.609509"><time>2026-05-02T10:28:59.000Z</time></trkpt>
<trkpt lat="54.497392" lon="18.609550"><time>2026-05-02T10:29:01.000Z</time></trkpt>
<trkpt lat="54.497377" lon="18.609590"><time>2026-05-02T10:29:03.000Z</time></trkpt>
<trkpt lat="54.497360" lon="18.609625"><time>2026-05-02T10:29:05.000Z</time></trkpt>
<trkpt lat="54.497345" lon="18.609658"><time>2026-05-02T10:29:07.000Z</time></trkpt>
<trkpt lat="54.497337" lon="18.609694"><time>2026-05-02T10:29:09.000Z</time></trkpt>
<trkpt lat="54.497345" lon="18.609719"><time>2026-05-02T10:29:11.000Z</time></trkpt>
<trkpt lat="54.497364" lon="18.609729"><time>2026-05-02T10:29:13.000Z</time></trkpt>
<trkpt lat="54.497383" lon="18.609736"><time>2026-05-02T10:29:15.000Z</time></trkpt>
<trkpt lat="54.497401" lon="18.609748"><time>2026-05-02T10:29:17.000Z</time></trkpt>
<trkpt lat="54.497420" lon="18.609757"><time>2026-05-02T10:29:18.900Z</time></trkpt>
<trkpt lat="54.497442" lon="18.609770"><time>2026-05-02T10:29:20.900Z</time></trkpt>
<trkpt lat="54.497466" lon="18.609780"><time>2026-05-02T10:29:22.900Z</time></trkpt>
<trkpt lat="54.497488" lon="18.609794"><time>2026-05-02T10:29:24.900Z</time></trkpt>
<trkpt lat="54.497512" lon="18.609810"><time>2026-05-02T10:29:26.900Z</time></trkpt>
<trkpt lat="54.497539" lon="18.609832"><time>2026-05-02T10:29:28.900Z</time></trkpt>
<trkpt lat="54.497567" lon="18.609856"><time>2026-05-02T10:29:30.900Z</time></trkpt>
<trkpt lat="54.497597" lon="18.609888"><time>2026-05-02T10:29:32.900Z</time></trkpt>
<trkpt lat="54.497628" lon="18.609921"><time>2026-05-02T10:29:34.900Z</time></trkpt>
<trkpt lat="54.497657" lon="18.609956"><time>2026-05-02T10:29:36.900Z</time></trkpt>
<trkpt lat="54.497687" lon="18.609984"><time>2026-05-02T10:29:38.900Z</time></trkpt>
<trkpt lat="54.497719" lon="18.610015"><time>2026-05-02T10:29:40.900Z</time></trkpt>
<trkpt lat="54.497754" lon="18.610049"><time>2026-05-02T10:29:42.900Z</time></trkpt>
<trkpt lat="54.497792" lon="18.610083"><time>2026-05-02T10:29:44.900Z</time></trkpt>
<trkpt lat="54.497830" lon="18.610122"><time>2026-05-02T10:29:46.900Z</time></trkpt>
<trkpt lat="54.497869" lon="18.610161"><time>2026-05-02T10:29:48.900Z</time></trkpt>
<trkpt lat="54.497906" lon="18.610199"><time>2026-05-02T10:29:50.900Z</time></trkpt>
<trkpt lat="54.497945" lon="18.610241"><time>2026-05-02T10:29:52.900Z</time></trkpt>
<trkpt lat="54.497983" lon="18.610276"><time>2026-05-02T10:29:54.900Z</time></trkpt>
<trkpt lat="54.498021" lon="18.610313"><time>2026-05-02T10:29:56.900Z</time></trkpt>
<trkpt lat="54.498061" lon="18.610349"><time>2026-05-02T10:29:58.900Z</time></trkpt>
<trkpt lat="54.498101" lon="18.610389"><time>2026-05-02T10:30:00.900Z</time></trkpt>
<trkpt lat="54.498140" lon="18.610425"><time>2026-05-02T10:30:02.900Z</time></trkpt>
<trkpt lat="54.498185" lon="18.610471"><time>2026-05-02T10:30:04.900Z</time></trkpt>
<trkpt lat="54.498228" lon="18.610511"><time>2026-05-02T10:30:06.900Z</time></trkpt>
<trkpt lat="54.498268" lon="18.610555"><time>2026-05-02T10:30:08.900Z</time></trkpt>
<trkpt lat="54.498308" lon="18.610598"><time>2026-05-02T10:30:10.900Z</time></trkpt>
<trkpt lat="54.498345" lon="18.610648"><time>2026-05-02T10:30:12.900Z</time></trkpt>
<trkpt lat="54.498381" lon="18.610699"><time>2026-05-02T10:30:14.900Z</time></trkpt>
<trkpt lat="54.498417" lon="18.610754"><time>2026-05-02T10:30:16.900Z</time></trkpt>
<trkpt lat="54.498455" lon="18.610803"><time>2026-05-02T10:30:18.900Z</time></trkpt>
<trkpt lat="54.498492" lon="18.610848"><time>2026-05-02T10:30:20.900Z</time></trkpt>
<trkpt lat="54.498531" lon="18.610899"><time>2026-05-02T10:30:22.900Z</time></trkpt>
<trkpt lat="54.498568" lon="18.610953"><time>2026-05-02T10:30:24.900Z</time></trkpt>
<trkpt lat="54.498605" lon="18.611006"><time>2026-05-02T10:30:26.900Z</time></trkpt>
<trkpt lat="54.498644" lon="18.611062"><time>2026-05-02T10:30:28.900Z</time></trkpt>
<trkpt lat="54.498682" lon="18.611114"><time>2026-05-02T10:30:30.900Z</time></trkpt>
<trkpt lat="54.498720" lon="18.611170"><time>2026-05-02T10:30:32.900Z</time></trkpt>
<trkpt lat="54.498756" lon="18.611225"><time>2026-05-02T10:30:34.900Z</time></trkpt>
<trkpt lat="54.498792" lon="18.611281"><time>2026-05-02T10:30:36.900Z</time></trkpt>
<trkpt lat="54.498829" lon="18.611337"><time>2026-05-02T10:30:38.900Z</time></trkpt>
<trkpt lat="54.498867" lon="18.611391"><time>2026-05-02T10:30:40.900Z</time></trkpt>
<trkpt lat="54.498904" lon="18.611444"><time>2026-05-02T10:30:42.900Z</time></trkpt>
<trkpt lat="54.498942" lon="18.611500"><time>2026-05-02T10:30:44.900Z</time></trkpt>
<trkpt lat="54.498979" lon="18.611556"><time>2026-05-02T10:30:46.900Z</time></trkpt>
<trkpt lat="54.499016" lon="18.611611"><time>2026-05-02T10:30:48.900Z</time></trkpt>
<trkpt lat="54.499052" lon="18.611667"><time>2026-05-02T10:30:50.900Z</time></trkpt>
<trkpt lat="54.499091" lon="18.611722"><time>2026-05-02T10:30:52.900Z</time></trkpt>
<trkpt lat="54.499129" lon="18.611775"><time>2026-05-02T10:30:55.000Z</time></trkpt>
<trkpt lat="54.499167" lon="18.611823"><time>2026-05-02T10:30:57.000Z</time></trkpt>
<trkpt lat="54.499206" lon="18.611874"><time>2026-05-02T10:30:59.000Z</time></trkpt>
<trkpt lat="54.499245" lon="18.611924"><time>2026-05-02T10:31:01.000Z</time></trkpt>
<trkpt lat="54.499283" lon="18.611976"><time>2026-05-02T10:31:03.000Z</time></trkpt>
<trkpt lat="54.499322" lon="18.612026"><time>2026-05-02T10:31:05.000Z</time></trkpt>
<trkpt lat="54.499360" lon="18.612076"><time>2026-05-02T10:31:07.000Z</time></trkpt>
<trkpt lat="54.499400" lon="18.612126"><time>2026-05-02T10:31:09.000Z</time></trkpt>
<trkpt lat="54.499439" lon="18.612177"><time>2026-05-02T10:31:11.000Z</time></trkpt>
<trkpt lat="54.499479" lon="18.612228"><time>2026-05-02T10:31:13.000Z</time></trkpt>
<trkpt lat="54.499517" lon="18.612280"><time>2026-05-02T10:31:15.000Z</time></trkpt>
<trkpt lat="54.499558" lon="18.612331"><time>2026-05-02T10:31:17.000Z</time></trkpt>
<trkpt lat="54.499600" lon="18.612381"><time>2026-05-02T10:31:19.000Z</time></trkpt>
<trkpt lat="54.499642" lon="18.612429"><time>2026-05-02T10:31:21.000Z</time></trkpt>
<trkpt lat="54.499682" lon="18.612480"><time>2026-05-02T10:31:22.900Z</time></trkpt>
<trkpt lat="54.499725" lon="18.612527"><time>2026-05-02T10:31:24.900Z</time></trkpt>
<trkpt lat="54.499769" lon="18.612570"><time>2026-05-02T10:31:26.900Z</time></trkpt>
<trkpt lat="54.499812" lon="18.612618"><time>2026-05-02T10:31:28.900Z</time></trkpt>
<trkpt lat="54.499852" lon="18.612671"><time>2026-05-02T10:31:30.900Z</time></trkpt>
<trkpt lat="54.499889" lon="18.612728"><time>2026-05-02T10:31:32.900Z</time></trkpt>
<trkpt lat="54.499926" lon="18.612785"><time>2026-05-02T10:31:34.900Z</time></trkpt>
<trkpt lat="54.499963" lon="18.612841"><time>2026-05-02T10:31:36.900Z</time></trkpt>
<trkpt lat="54.500001" lon="18.612897"><time>2026-05-02T10:31:38.900Z</time></trkpt>
<trkpt lat="54.500039" lon="18.612952"><time>2026-05-02T10:31:40.900Z</time></trkpt>
<trkpt lat="54.500077" lon="18.613009"><time>2026-05-02T10:31:42.900Z</time></trkpt>
<trkpt lat="54.500115" lon="18.613065"><time>2026-05-02T10:31:44.900Z</time></trkpt>
<trkpt lat="54.500155" lon="18.613119"><time>2026-05-02T10:31:46.900Z</time></trkpt>
<trkpt lat="54.500194" lon="18.613176"><time>2026-05-02T10:31:48.900Z</time></trkpt>
<trkpt lat="54.500232" lon="18.613232"><time>2026-05-02T10:31:50.900Z</time></trkpt>
<trkpt lat="54.500271" lon="18.613290"><time>2026-05-02T10:31:52.900Z</time></trkpt>
<trkpt lat="54.500310" lon="18.613347"><time>2026-05-02T10:31:54.900Z</time></trkpt>
<trkpt lat="54.500349" lon="18.613405"><time>2026-05-02T10:31:56.900Z</time></trkpt>
<trkpt lat="54.500387" lon="18.613465"><time>2026-05-02T10:31:58.900Z</time></trkpt>
<trkpt lat="54.500425" lon="18.613525"><time>2026-05-02T10:32:00.900Z</time></trkpt>
<trkpt lat="54.500462" lon="18.613586"><time>2026-05-02T10:32:02.900Z</time></trkpt>
<trkpt lat="54.500498" lon="18.613648"><time>2026-05-02T10:32:04.900Z</time></trkpt>
<trkpt lat="54.500536" lon="18.613710"><time>2026-05-02T10:32:06.900Z</time></trkpt>
<trkpt lat="54.500573" lon="18.613765"><time>2026-05-02T10:32:08.900Z</time></trkpt>
<trkpt lat="54.500611" lon="18.613820"><time>2026-05-02T10:32:10.900Z</time></trkpt>
<trkpt lat="54.500648" lon="18.613879"><time>2026-05-02T10:32:12.900Z</time></trkpt>
<trkpt lat="54.500683" lon="18.613943"><time>2026-05-02T10:32:14.900Z</time></trkpt>
<trkpt lat="54.500716" lon="18.614009"><time>2026-05-02T10:32:16.900Z</time></trkpt>
<trkpt lat="54.500747" lon="18.614070"><time>2026-05-02T10:32:18.900Z</time></trkpt>
<trkpt lat="54.500777" lon="18.614131"><time>2026-05-02T10:32:20.900Z</time></trkpt>
<trkpt lat="54.500806" lon="18.614194"><time>2026-05-02T10:32:22.900Z</time></trkpt>
<trkpt lat="54.500836" lon="18.614255"><time>2026-05-02T10:32:24.900Z</time></trkpt>
<trkpt lat="54.500862" lon="18.614313"><time>2026-05-02T10:32:26.900Z</time></trkpt>
<trkpt lat="54.500891" lon="18.614366"><time>2026-05-02T10:32:28.900Z</time></trkpt>
<trkpt lat="54.500924" lon="18.614409"><time>2026-05-02T10:32:30.900Z</time></trkpt>
<trkpt lat="54.500959" lon="18.614453"><time>2026-05-02T10:32:32.900Z</time></trkpt>
<trkpt lat="54.500993" lon="18.614500"><time>2026-05-02T10:32:34.900Z</time></trkpt>
<trkpt lat="54.501026" lon="18.614549"><time>2026-05-02T10:32:36.900Z</time></trkpt>
<trkpt lat="54.501057" lon="18.614604"><time>2026-05-02T10:32:38.900Z</time></trkpt>
<trkpt lat="54.501085" lon="18.614663"><time>2026-05-02T10:32:40.900Z</time></trkpt>
<trkpt lat="54.501112" lon="18.614725"><time>2026-05-02T10:32:42.900Z</time></trkpt>
<trkpt lat="54.501135" lon="18.614787"><time>2026-05-02T10:32:44.900Z</time></trkpt>
<trkpt lat="54.501157" lon="18.614850"><time>2026-05-02T10:32:46.900Z</time></trkpt>
<trkpt lat="54.501183" lon="18.614910"><time>2026-05-02T10:32:48.900Z</time></trkpt>
<trkpt lat="54.501210" lon="18.614968"><time>2026-05-02T10:32:50.900Z</time></trkpt>
<trkpt lat="54.501238" lon="18.615028"><time>2026-05-02T10:32:52.900Z</time></trkpt>
<trkpt lat="54.501265" lon="18.615086"><time>2026-05-02T10:32:54.900Z</time></trkpt>
<trkpt lat="54.501291" lon="18.615145"><time>2026-05-02T10:32:56.900Z</time></trkpt>
<trkpt lat="54.501317" lon="18.615205"><time>2026-05-02T10:32:58.900Z</time></trkpt>
<trkpt lat="54.501342" lon="18.615264"><time>2026-05-02T10:33:01.000Z</time></trkpt>
<trkpt lat="54.501368" lon="18.615319"><time>2026-05-02T10:33:03.000Z</time></trkpt>
<trkpt lat="54.501394" lon="18.615372"><time>2026-05-02T10:33:05.000Z</time></trkpt>
<trkpt lat="54.501422" lon="18.615433"><time>2026-05-02T10:33:07.000Z</time></trkpt>
<trkpt lat="54.501450" lon="18.615487"><time>2026-05-02T10:33:09.000Z</time></trkpt>
<trkpt lat="54.501479" lon="18.615541"><time>2026-05-02T10:33:11.000Z</time></trkpt>
<trkpt lat="54.501511" lon="18.615594"><time>2026-05-02T10:33:13.000Z</time></trkpt>
<trkpt lat="54.501543" lon="18.615647"><time>2026-05-02T10:33:15.000Z</time></trkpt>
<trkpt lat="54.501573" lon="18.615702"><time>2026-05-02T10:33:17.000Z</time></trkpt>
<trkpt lat="54.501604" lon="18.615759"><time>2026-05-02T10:33:19.000Z</time></trkpt>
<trkpt lat="54.501634" lon="18.615818"><time>2026-05-02T10:33:21.000Z</time></trkpt>
<trkpt lat="54.501664" lon="18.615877"><time>2026-05-02T10:33:23.000Z</time></trkpt>
<trkpt lat="54.501695" lon="18.615936"><time>2026-05-02T10:33:25.000Z</time></trkpt>
<trkpt lat="54.501726" lon="18.615996"><time>2026-05-02T10:33:26.900Z</time></trkpt>
<trkpt lat="54.501759" lon="18.616057"><time>2026-05-02T10:33:28.900Z</time></trkpt>
<trkpt lat="54.501792" lon="18.616113"><time>2026-05-02T10:33:30.900Z</time></trkpt>
<trkpt lat="54.501825" lon="18.616174"><time>2026-05-02T10:33:32.900Z</time></trkpt>
<trkpt lat="54.501859" lon="18.616233"><time>2026-05-02T10:33:34.900Z</time></trkpt>
<trkpt lat="54.501892" lon="18.616293"><time>2026-05-02T10:33:36.900Z</time></trkpt>
<trkpt lat="54.501926" lon="18.616350"><time>2026-05-02T10:33:38.900Z</time></trkpt>
<trkpt lat="54.501961" lon="18.616417"><time>2026-05-02T10:33:40.900Z</time></trkpt>
<trkpt lat="54.501993" lon="18.616477"><time>2026-05-02T10:33:42.900Z</time></trkpt>
<trkpt lat="54.502027" lon="18.616535"><time>2026-05-02T10:33:44.900Z</time></trkpt>
<trkpt lat="54.502064" lon="18.616590"><time>2026-05-02T10:33:46.900Z</time></trkpt>
<trkpt lat="54.502099" lon="18.616652"><time>2026-05-02T10:33:48.900Z</time></trkpt>
<trkpt lat="54.502136" lon="18.616713"><time>2026-05-02T10:33:50.900Z</time></trkpt>
<trkpt lat="54.502172" lon="18.616776"><time>2026-05-02T10:33:52.900Z</time></trkpt>
<trkpt lat="54.502209" lon="18.616836"><time>2026-05-02T10:33:54.900Z</time></trkpt>
<trkpt lat="54.502250" lon="18.616898"><time>2026-05-02T10:33:56.900Z</time></trkpt>
<trkpt lat="54.502288" lon="18.616958"><time>2026-05-02T10:33:58.900Z</time></trkpt>
<trkpt lat="54.502331" lon="18.617022"><time>2026-05-02T10:34:00.900Z</time></trkpt>
<trkpt lat="54.502382" lon="18.617063"><time>2026-05-02T10:34:02.900Z</time></trkpt>
<trkpt lat="54.502433" lon="18.617102"><time>2026-05-02T10:34:04.900Z</time></trkpt>
<trkpt lat="54.502473" lon="18.617150"><time>2026-05-02T10:34:06.900Z</time></trkpt>
<trkpt lat="54.502520" lon="18.617196"><time>2026-05-02T10:34:08.900Z</time></trkpt>
<trkpt lat="54.502569" lon="18.617230"><time>2026-05-02T10:34:10.900Z</time></trkpt>
<trkpt lat="54.502616" lon="18.617270"><time>2026-05-02T10:34:12.900Z</time></trkpt>
<trkpt lat="54.502660" lon="18.617320"><time>2026-05-02T10:34:14.900Z</time></trkpt>
<trkpt lat="54.502699" lon="18.617381"><time>2026-05-02T10:34:16.900Z</time></trkpt>
<trkpt lat="54.502743" lon="18.617439"><time>2026-05-02T10:34:18.900Z</time></trkpt>
<trkpt lat="54.502784" lon="18.617497"><time>2026-05-02T10:34:20.900Z</time></trkpt>
<trkpt lat="54.502826" lon="18.617554"><time>2026-05-02T10:34:22.900Z</time></trkpt>
<trkpt lat="54.502872" lon="18.617614"><time>2026-05-02T10:34:24.900Z</time></trkpt>
<trkpt lat="54.502915" lon="18.617676"><time>2026-05-02T10:34:26.900Z</time></trkpt>
<trkpt lat="54.502953" lon="18.617738"><time>2026-05-02T10:34:28.900Z</time></trkpt>
<trkpt lat="54.502996" lon="18.617798"><time>2026-05-02T10:34:30.900Z</time></trkpt>
<trkpt lat="54.503040" lon="18.617859"><time>2026-05-02T10:34:32.900Z</time></trkpt>
<trkpt lat="54.503081" lon="18.617920"><time>2026-05-02T10:34:34.900Z</time></trkpt>
<trkpt lat="54.503122" lon="18.617983"><time>2026-05-02T10:34:36.900Z</time></trkpt>
<trkpt lat="54.503164" lon="18.618044"><time>2026-05-02T10:34:38.900Z</time></trkpt>
<trkpt lat="54.503203" lon="18.618098"><time>2026-05-02T10:34:40.900Z</time></trkpt>
<trkpt lat="54.503247" lon="18.618163"><time>2026-05-02T10:34:42.900Z</time></trkpt>
<trkpt lat="54.503294" lon="18.618223"><time>2026-05-02T10:34:44.900Z</time></trkpt>
<trkpt lat="54.503338" lon="18.618278"><time>2026-05-02T10:34:46.900Z</time></trkpt>
<trkpt lat="54.503383" lon="18.618334"><time>2026-05-02T10:34:48.900Z</time></trkpt>
<trkpt lat="54.503423" lon="18.618394"><time>2026-05-02T10:34:50.900Z</time></trkpt>
<trkpt lat="54.503463" lon="18.618458"><time>2026-05-02T10:34:52.900Z</time></trkpt>
<trkpt lat="54.503505" lon="18.618531"><time>2026-05-02T10:34:54.900Z</time></trkpt>
<trkpt lat="54.503542" lon="18.618593"><time>2026-05-02T10:34:56.900Z</time></trkpt>
<trkpt lat="54.503580" lon="18.618657"><time>2026-05-02T10:34:58.900Z</time></trkpt>
<trkpt lat="54.503621" lon="18.618720"><time>2026-05-02T10:35:00.900Z</time></trkpt>
<trkpt lat="54.503660" lon="18.618782"><time>2026-05-02T10:35:02.900Z</time></trkpt>
<trkpt lat="54.503697" lon="18.618846"><time>2026-05-02T10:35:04.900Z</time></trkpt>
<trkpt lat="54.503729" lon="18.618916"><time>2026-05-02T10:35:07.000Z</time></trkpt>
<trkpt lat="54.503755" lon="18.618985"><time>2026-05-02T10:35:09.000Z</time></trkpt>
<trkpt lat="54.503778" lon="18.619043"><time>2026-05-02T10:35:11.000Z</time></trkpt>
<trkpt lat="54.503802" lon="18.619110"><time>2026-05-02T10:35:13.000Z</time></trkpt>
<trkpt lat="54.503830" lon="18.619172"><time>2026-05-02T10:35:15.000Z</time></trkpt>
<trkpt lat="54.503863" lon="18.619224"><time>2026-05-02T10:35:17.000Z</time></trkpt>
<trkpt lat="54.503890" lon="18.619287"><time>2026-05-02T10:35:19.000Z</time></trkpt>
<trkpt lat="54.503920" lon="18.619348"><time>2026-05-02T10:35:21.000Z</time></trkpt>
<trkpt lat="54.503950" lon="18.619410"><time>2026-05-02T10:35:23.000Z</time></trkpt>
<trkpt lat="54.503979" lon="18.619471"><time>2026-05-02T10:35:25.000Z</time></trkpt>
<trkpt lat="54.504005" lon="18.619534"><time>2026-05-02T10:35:27.000Z</time></trkpt>
<trkpt lat="54.504033" lon="18.619595"><time>2026-05-02T10:35:29.000Z</time></trkpt>
<trkpt lat="54.504061" lon="18.619656"><time>2026-05-02T10:35:31.000Z</time></trkpt>
<trkpt lat="54.504089" lon="18.619715"><time>2026-05-02T10:35:32.900Z</time></trkpt>
<trkpt lat="54.504117" lon="18.619777"><time>2026-05-02T10:35:34.900Z</time></trkpt>
<trkpt lat="54.504146" lon="18.619843"><time>2026-05-02T10:35:36.900Z</time></trkpt>
<trkpt lat="54.504178" lon="18.619898"><time>2026-05-02T10:35:38.900Z</time></trkpt>
<trkpt lat="54.504210" lon="18.619954"><time>2026-05-02T10:35:40.900Z</time></trkpt>
<trkpt lat="54.504247" lon="18.620013"><time>2026-05-02T10:35:42.900Z</time></trkpt>
<trkpt lat="54.504284" lon="18.620076"><time>2026-05-02T10:35:44.900Z</time></trkpt>
<trkpt lat="54.504317" lon="18.620135"><time>2026-05-02T10:35:46.900Z</time></trkpt>
<trkpt lat="54.504351" lon="18.620193"><time>2026-05-02T10:35:48.900Z</time></trkpt>
<trkpt lat="54.504387" lon="18.620253"><time>2026-05-02T10:35:50.900Z</time></trkpt>
<trkpt lat="54.504421" lon="18.620311"><time>2026-05-02T10:35:52.900Z</time></trkpt>
<trkpt lat="54.504456" lon="18.620371"><time>2026-05-02T10:35:54.900Z</time></trkpt>
<trkpt lat="54.504492" lon="18.620431"><time>2026-05-02T10:35:56.900Z</time></trkpt>
<trkpt lat="54.504526" lon="18.620493"><time>2026-05-02T10:35:58.900Z</time></trkpt>
<trkpt lat="54.504561" lon="18.620556"><time>2026-05-02T10:36:00.900Z</time></trkpt>
<trkpt lat="54.504597" lon="18.620616"><time>2026-05-02T10:36:02.900Z</time></trkpt>
<trkpt lat="54.504629" lon="18.620676"><time>2026-05-02T10:36:04.900Z</time></trkpt>
<trkpt lat="54.504661" lon="18.620737"><time>2026-05-02T10:36:06.900Z</time></trkpt>
<trkpt lat="54.504697" lon="18.620798"><time>2026-05-02T10:36:08.900Z</time></trkpt>
<trkpt lat="54.504729" lon="18.620853"><time>2026-05-02T10:36:10.900Z</time></trkpt>
<trkpt lat="54.504770" lon="18.620903"><time>2026-05-02T10:36:12.900Z</time></trkpt>
<trkpt lat="54.504800" lon="18.620966"><time>2026-05-02T10:36:14.900Z</time></trkpt>
<trkpt lat="54.504831" lon="18.621026"><time>2026-05-02T10:36:16.900Z</time></trkpt>
<trkpt lat="54.504860" lon="18.621084"><time>2026-05-02T10:36:18.900Z</time></trkpt>
<trkpt lat="54.504890" lon="18.621147"><time>2026-05-02T10:36:20.900Z</time></trkpt>
<trkpt lat="54.504921" lon="18.621208"><time>2026-05-02T10:36:22.900Z</time></trkpt>
<trkpt lat="54.504952" lon="18.621266"><time>2026-05-02T10:36:24.900Z</time></trkpt>
<trkpt lat="54.504983" lon="18.621328"><time>2026-05-02T10:36:26.900Z</time></trkpt>
<trkpt lat="54.505013" lon="18.621389"><time>2026-05-02T10:36:28.900Z</time></trkpt>
<trkpt lat="54.505035" lon="18.621450"><time>2026-05-02T10:36:30.900Z</time></trkpt>
<trkpt lat="54.505055" lon="18.621519"><time>2026-05-02T10:36:32.900Z</time></trkpt>
<trkpt lat="54.505083" lon="18.621574"><time>2026-05-02T10:36:34.900Z</time></trkpt>
<trkpt lat="54.505110" lon="18.621629"><time>2026-05-02T10:36:36.900Z</time></trkpt>
<trkpt lat="54.505138" lon="18.621688"><time>2026-05-02T10:36:38.900Z</time></trkpt>
<trkpt lat="54.505168" lon="18.621745"><time>2026-05-02T10:36:40.900Z</time></trkpt>
<trkpt lat="54.505197" lon="18.621798"><time>2026-05-02T10:36:42.900Z</time></trkpt>
<trkpt lat="54.505226" lon="18.621855"><time>2026-05-02T10:36:44.900Z</time></trkpt>
<trkpt lat="54.505253" lon="18.621910"><time>2026-05-02T10:36:46.900Z</time></trkpt>
<trkpt lat="54.505283" lon="18.621969"><time>2026-05-02T10:36:48.900Z</time></trkpt>
<trkpt lat="54.505311" lon="18.622027"><time>2026-05-02T10:36:50.900Z</time></trkpt>
<trkpt lat="54.505337" lon="18.622091"><time>2026-05-02T10:36:52.900Z</time></trkpt>
<trkpt lat="54.505366" lon="18.622149"><time>2026-05-02T10:36:54.900Z</time></trkpt>
<trkpt lat="54.505397" lon="18.622206"><time>2026-05-02T10:36:56.900Z</time></trkpt>
<trkpt lat="54.505427" lon="18.622259"><time>2026-05-02T10:36:58.900Z</time></trkpt>
<trkpt lat="54.505454" lon="18.622316"><time>2026-05-02T10:37:00.900Z</time></trkpt>
<trkpt lat="54.505481" lon="18.622375"><time>2026-05-02T10:37:02.900Z</time></trkpt>
<trkpt lat="54.505506" lon="18.622436"><time>2026-05-02T10:37:04.900Z</time></trkpt>
<trkpt lat="54.505531" lon="18.622498"><time>2026-05-02T10:37:06.900Z</time></trkpt>
<trkpt lat="54.505556" lon="18.622560"><time>2026-05-02T10:37:08.900Z</time></trkpt>
<trkpt lat="54.505585" lon="18.622615"><time>2026-05-02T10:37:10.900Z</time></trkpt>
<trkpt lat="54.505615" lon="18.622668"><time>2026-05-02T10:37:12.900Z</time></trkpt>
<trkpt lat="54.505645" lon="18.622722"><time>2026-05-02T10:37:14.900Z</time></trkpt>
<trkpt lat="54.505670" lon="18.622782"><time>2026-05-02T10:37:16.900Z</time></trkpt>
<trkpt lat="54.505698" lon="18.622842"><time>2026-05-02T10:37:18.900Z</time></trkpt>
<trkpt lat="54.505727" lon="18.622895"><time>2026-05-02T10:37:20.900Z</time></trkpt>
<trkpt lat="54.505763" lon="18.622953"><time>2026-05-02T10:37:22.900Z</time></trkpt>
<trkpt lat="54.505797" lon="18.623012"><time>2026-05-02T10:37:24.900Z</time></trkpt>
<trkpt lat="54.505825" lon="18.623082"><time>2026-05-02T10:37:26.900Z</time></trkpt>
<trkpt lat="54.505852" lon="18.623135"><time>2026-05-02T10:37:28.900Z</time></trkpt>
<trkpt lat="54.505882" lon="18.623190"><time>2026-05-02T10:37:30.900Z</time></trkpt>
<trkpt lat="54.505910" lon="18.623242"><time>2026-05-02T10:37:32.900Z</time></trkpt>
<trkpt lat="54.505941" lon="18.623300"><time>2026-05-02T10:37:34.900Z</time></trkpt>
<trkpt lat="54.505967" lon="18.623360"><time>2026-05-02T10:37:36.900Z</time></trkpt>
<trkpt lat="54.505985" lon="18.623420"><time>2026-05-02T10:37:38.900Z</time></trkpt>
<trkpt lat="54.506006" lon="18.623475"><time>2026-05-02T10:37:40.900Z</time></trkpt>
<trkpt lat="54.506033" lon="18.623534"><time>2026-05-02T10:37:42.900Z</time></trkpt>
<trkpt lat="54.506063" lon="18.623594"><time>2026-05-02T10:37:44.900Z</time></trkpt>
<trkpt lat="54.506085" lon="18.623652"><time>2026-05-02T10:37:46.900Z</time></trkpt>
<trkpt lat="54.506110" lon="18.623718"><time>2026-05-02T10:37:48.900Z</time></trkpt>
<trkpt lat="54.506130" lon="18.623780"><time>2026-05-02T10:37:50.900Z</time></trkpt>
<trkpt lat="54.506154" lon="18.623841"><time>2026-05-02T10:37:52.900Z</time></trkpt>
<trkpt lat="54.506178" lon="18.623898"><time>2026-05-02T10:37:54.900Z</time></trkpt>
<trkpt lat="54.506201" lon="18.623957"><time>2026-05-02T10:37:56.900Z</time></trkpt>
<trkpt lat="54.506225" lon="18.624015"><time>2026-05-02T10:37:58.900Z</time></trkpt>
<trkpt lat="54.506251" lon="18.624071"><time>2026-05-02T10:38:00.900Z</time></trkpt>
<trkpt lat="54.506275" lon="18.624129"><time>2026-05-02T10:38:02.900Z</time></trkpt>
<trkpt lat="54.506300" lon="18.624186"><time>2026-05-02T10:38:04.900Z</time></trkpt>
<trkpt lat="54.506325" lon="18.624244"><time>2026-05-02T10:38:06.900Z</time></trkpt>
<trkpt lat="54.506349" lon="18.624302"><time>2026-05-02T10:38:08.900Z</time></trkpt>
<trkpt lat="54.506374" lon="18.624360"><time>2026-05-02T10:38:10.900Z</time></trkpt>
<trkpt lat="54.506400" lon="18.624418"><time>2026-05-02T10:38:12.900Z</time></trkpt>
<trkpt lat="54.506426" lon="18.624477"><time>2026-05-02T10:38:14.900Z</time></trkpt>
<trkpt lat="54.506451" lon="18.624538"><time>2026-05-02T10:38:16.900Z</time></trkpt>
<trkpt lat="54.506475" lon="18.624605"><time>2026-05-02T10:38:18.900Z</time></trkpt>
<trkpt lat="54.506500" lon="18.624664"><time>2026-05-02T10:38:20.900Z</time></trkpt>
<trkpt lat="54.506527" lon="18.624722"><time>2026-05-02T10:38:22.900Z</time></trkpt>
<trkpt lat="54.506553" lon="18.624780"><time>2026-05-02T10:38:24.900Z</time></trkpt>
<trkpt lat="54.506571" lon="18.624837"><time>2026-05-02T10:38:26.900Z</time></trkpt>
<trkpt lat="54.506598" lon="18.624891"><time>2026-05-02T10:38:28.900Z</time></trkpt>
<trkpt lat="54.506634" lon="18.624953"><time>2026-05-02T10:38:30.900Z</time></trkpt>
<trkpt lat="54.506663" lon="18.625022"><time>2026-05-02T10:38:32.900Z</time></trkpt>
<trkpt lat="54.506692" lon="18.625089"><time>2026-05-02T10:38:34.900Z</time></trkpt>
<trkpt lat="54.506718" lon="18.625154"><time>2026-05-02T10:38:36.900Z</time></trkpt>
<trkpt lat="54.506744" lon="18.625220"><time>2026-05-02T10:38:38.900Z</time></trkpt>
<trkpt lat="54.506766" lon="18.625275"><time>2026-05-02T10:38:40.900Z</time></trkpt>
<trkpt lat="54.506789" lon="18.625333"><time>2026-05-02T10:38:42.900Z</time></trkpt>
<trkpt lat="54.506813" lon="18.625389"><time>2026-05-02T10:38:44.900Z</time></trkpt>
<trkpt lat="54.506840" lon="18.625446"><time>2026-05-02T10:38:46.900Z</time></trkpt>
<trkpt lat="54.506863" lon="18.625497"><time>2026-05-02T10:38:48.900Z</time></trkpt>
<trkpt lat="54.506892" lon="18.625550"><time>2026-05-02T10:38:50.900Z</time></trkpt>
<trkpt lat="54.506913" lon="18.625611"><time>2026-05-02T10:38:52.900Z</time></trkpt>
<trkpt lat="54.506939" lon="18.625660"><time>2026-05-02T10:38:54.900Z</time></trkpt>
<trkpt lat="54.506964" lon="18.625718"><time>2026-05-02T10:38:56.900Z</time></trkpt>
<trkpt lat="54.506990" lon="18.625784"><time>2026-05-02T10:38:58.900Z</time></trkpt>
<trkpt lat="54.507017" lon="18.625852"><time>2026-05-02T10:39:00.900Z</time></trkpt>
<trkpt lat="54.507042" lon="18.625916"><time>2026-05-02T10:39:02.900Z</time></trkpt>
<trkpt lat="54.507067" lon="18.625973"><time>2026-05-02T10:39:04.900Z</time></trkpt>
<trkpt lat="54.507093" lon="18.626036"><time>2026-05-02T10:39:06.900Z</time></trkpt>
<trkpt lat="54.507122" lon="18.626105"><time>2026-05-02T10:39:08.900Z</time></trkpt>
<trkpt lat="54.507150" lon="18.626167"><time>2026-05-02T10:39:10.900Z</time></trkpt>
<trkpt lat="54.507177" lon="18.626232"><time>2026-05-02T10:39:12.900Z</time></trkpt>
<trkpt lat="54.507203" lon="18.626296"><time>2026-05-02T10:39:14.900Z</time></trkpt>
<trkpt lat="54.507230" lon="18.626358"><time>2026-05-02T10:39:16.900Z</time></trkpt>
<trkpt lat="54.507260" lon="18.626417"><time>2026-05-02T10:39:19.000Z</time></trkpt>
<trkpt lat="54.507292" lon="18.626479"><time>2026-05-02T10:39:21.000Z</time></trkpt>
<trkpt lat="54.507322" lon="18.626536"><time>2026-05-02T10:39:23.000Z</time></trkpt>
<trkpt lat="54.507356" lon="18.626598"><time>2026-05-02T10:39:25.000Z</time></trkpt>
<trkpt lat="54.507386" lon="18.626655"><time>2026-05-02T10:39:27.000Z</time></trkpt>
<trkpt lat="54.507410" lon="18.626704"><time>2026-05-02T10:39:29.000Z</time></trkpt>
<trkpt lat="54.507437" lon="18.626754"><time>2026-05-02T10:39:31.000Z</time></trkpt>
<trkpt lat="54.507464" lon="18.626810"><time>2026-05-02T10:39:33.000Z</time></trkpt>
<trkpt lat="54.507486" lon="18.626864"><time>2026-05-02T10:39:35.000Z</time></trkpt>
<trkpt lat="54.507519" lon="18.626929"><time>2026-05-02T10:39:36.900Z</time></trkpt>
<trkpt lat="54.507549" lon="18.626996"><time>2026-05-02T10:39:38.900Z</time></trkpt>
<trkpt lat="54.507577" lon="18.627059"><time>2026-05-02T10:39:40.900Z</time></trkpt>
<trkpt lat="54.507603" lon="18.627126"><time>2026-05-02T10:39:42.900Z</time></trkpt>
<trkpt lat="54.507626" lon="18.627189"><time>2026-05-02T10:39:44.900Z</time></trkpt>
<trkpt lat="54.507650" lon="18.627254"><time>2026-05-02T10:39:46.900Z</time></trkpt>
<trkpt lat="54.507675" lon="18.627318"><time>2026-05-02T10:39:48.900Z</time></trkpt>
<trkpt lat="54.507698" lon="18.627379"><time>2026-05-02T10:39:50.900Z</time></trkpt>
<trkpt lat="54.507721" lon="18.627439"><time>2026-05-02T10:39:52.900Z</time></trkpt>
<trkpt lat="54.507744" lon="18.627495"><time>2026-05-02T10:39:54.900Z</time></trkpt>
<trkpt lat="54.507768" lon="18.627560"><time>2026-05-02T10:39:56.900Z</time></trkpt>
<trkpt lat="54.507791" lon="18.627622"><time>2026-05-02T10:39:58.900Z</time></trkpt>
<trkpt lat="54.507820" lon="18.627677"><time>2026-05-02T10:40:00.900Z</time></trkpt>
<trkpt lat="54.507844" lon="18.627733"><time>2026-05-02T10:40:02.900Z</time></trkpt>
<trkpt lat="54.507868" lon="18.627790"><time>2026-05-02T10:40:04.900Z</time></trkpt>
<trkpt lat="54.507893" lon="18.627847"><time>2026-05-02T10:40:06.900Z</time></trkpt>
<trkpt lat="54.507918" lon="18.627906"><time>2026-05-02T10:40:08.900Z</time></trkpt>
<trkpt lat="54.507943" lon="18.627971"><time>2026-05-02T10:40:10.900Z</time></trkpt>
<trkpt lat="54.507968" lon="18.628027"><time>2026-05-02T10:40:12.900Z</time></trkpt>
<trkpt lat="54.507993" lon="18.628083"><time>2026-05-02T10:40:14.900Z</time></trkpt>
<trkpt lat="54.508017" lon="18.628138"><time>2026-05-02T10:40:16.900Z</time></trkpt>
<trkpt lat="54.508046" lon="18.628203"><time>2026-05-02T10:40:18.900Z</time></trkpt>
<trkpt lat="54.508069" lon="18.628263"><time>2026-05-02T10:40:20.900Z</time></trkpt>
<trkpt lat="54.508086" lon="18.628317"><time>2026-05-02T10:40:22.900Z</time></trkpt>
<trkpt lat="54.508094" lon="18.628368"><time>2026-05-02T10:40:24.900Z</time></trkpt>
<trkpt lat="54.508089" lon="18.628400"><time>2026-05-02T10:40:26.900Z</time></trkpt>
<trkpt lat="54.508065" lon="18.628440"><time>2026-05-02T10:40:28.900Z</time></trkpt>
<trkpt lat="54.508045" lon="18.628475"><time>2026-05-02T10:40:30.900Z</time></trkpt>
<trkpt lat="54.508026" lon="18.628506"><time>2026-05-02T10:40:32.900Z</time></trkpt>
<trkpt lat="54.508005" lon="18.628529"><time>2026-05-02T10:40:34.900Z</time></trkpt>
<trkpt lat="54.507982" lon="18.628559"><time>2026-05-02T10:40:36.900Z</time></trkpt>
<trkpt lat="54.507961" lon="18.628596"><time>2026-05-02T10:40:38.900Z</time></trkpt>
<trkpt lat="54.507941" lon="18.628636"><time>2026-05-02T10:40:40.900Z</time></trkpt>
<trkpt lat="54.507920" lon="18.628681"><time>2026-05-02T10:40:42.900Z</time></trkpt>
<trkpt lat="54.507899" lon="18.628713"><time>2026-05-02T10:40:44.900Z</time></trkpt>
<trkpt lat="54.507879" lon="18.628743"><time>2026-05-02T10:40:46.900Z</time></trkpt>
<trkpt lat="54.507854" lon="18.628784"><time>2026-05-02T10:40:48.900Z</time></trkpt>
<trkpt lat="54.507824" lon="18.628820"><time>2026-05-02T10:40:50.900Z</time></trkpt>
<trkpt lat="54.507795" lon="18.628858"><time>2026-05-02T10:40:52.900Z</time></trkpt>
<trkpt lat="54.507766" lon="18.628900"><time>2026-05-02T10:40:54.900Z</time></trkpt>
<trkpt lat="54.507738" lon="18.628943"><time>2026-05-02T10:40:56.900Z</time></trkpt>
<trkpt lat="54.507713" lon="18.628987"><time>2026-05-02T10:40:58.900Z</time></trkpt>
<trkpt lat="54.507682" lon="18.629038"><time>2026-05-02T10:41:00.900Z</time></trkpt>
<trkpt lat="54.507650" lon="18.629083"><time>2026-05-02T10:41:02.900Z</time></trkpt>
<trkpt lat="54.507619" lon="18.629125"><time>2026-05-02T10:41:04.900Z</time></trkpt>
<trkpt lat="54.507587" lon="18.629169"><time>2026-05-02T10:41:06.900Z</time></trkpt>
<trkpt lat="54.507550" lon="18.629213"><time>2026-05-02T10:41:08.900Z</time></trkpt>
<trkpt lat="54.507516" lon="18.629254"><time>2026-05-02T10:41:10.900Z</time></trkpt>
<trkpt lat="54.507478" lon="18.629292"><time>2026-05-02T10:41:12.900Z</time></trkpt>
<trkpt lat="54.507441" lon="18.629334"><time>2026-05-02T10:41:14.900Z</time></trkpt>
<trkpt lat="54.507398" lon="18.629364"><time>2026-05-02T10:41:16.900Z</time></trkpt>
<trkpt lat="54.507353" lon="18.629383"><time>2026-05-02T10:41:18.900Z</time></trkpt>
<trkpt lat="54.507307" lon="18.629403"><time>2026-05-02T10:41:20.900Z</time></trkpt>
<trkpt lat="54.507261" lon="18.629415"><time>2026-05-02T10:41:22.900Z</time></trkpt>
<trkpt lat="54.507213" lon="18.629422"><time>2026-05-02T10:41:25.000Z</time></trkpt>
<trkpt lat="54.507167" lon="18.629415"><time>2026-05-02T10:41:27.000Z</time></trkpt>
<trkpt lat="54.507125" lon="18.629408"><time>2026-05-02T10:41:28.900Z</time></trkpt>
<trkpt lat="54.507081" lon="18.629395"><time>2026-05-02T10:41:30.900Z</time></trkpt>
<trkpt lat="54.507037" lon="18.629378"><time>2026-05-02T10:41:32.900Z</time></trkpt>
<trkpt lat="54.506989" lon="18.629355"><time>2026-05-02T10:41:34.900Z</time></trkpt>
<trkpt lat="54.506944" lon="18.629322"><time>2026-05-02T10:41:36.900Z</time></trkpt>
<trkpt lat="54.506899" lon="18.629286"><time>2026-05-02T10:41:38.900Z</time></trkpt>
<trkpt lat="54.506855" lon="18.629245"><time>2026-05-02T10:41:40.900Z</time></trkpt>
<trkpt lat="54.506813" lon="18.629204"><time>2026-05-02T10:41:42.900Z</time></trkpt>
<trkpt lat="54.506771" lon="18.629156"><time>2026-05-02T10:41:44.900Z</time></trkpt>
<trkpt lat="54.506734" lon="18.629106"><time>2026-05-02T10:41:46.900Z</time></trkpt>
<trkpt lat="54.506699" lon="18.629058"><time>2026-05-02T10:41:48.900Z</time></trkpt>
<trkpt lat="54.506665" lon="18.629004"><time>2026-05-02T10:41:50.900Z</time></trkpt>
<trkpt lat="54.506634" lon="18.628952"><time>2026-05-02T10:41:52.900Z</time></trkpt>
<trkpt lat="54.506600" lon="18.628898"><time>2026-05-02T10:41:54.900Z</time></trkpt>
<trkpt lat="54.506567" lon="18.628845"><time>2026-05-02T10:41:56.900Z</time></trkpt>
<trkpt lat="54.506536" lon="18.628795"><time>2026-05-02T10:41:58.900Z</time></trkpt>
<trkpt lat="54.506505" lon="18.628742"><time>2026-05-02T10:42:00.900Z</time></trkpt>
<trkpt lat="54.506474" lon="18.628690"><time>2026-05-02T10:42:02.900Z</time></trkpt>
<trkpt lat="54.506443" lon="18.628635"><time>2026-05-02T10:42:04.900Z</time></trkpt>
<trkpt lat="54.506412" lon="18.628584"><time>2026-05-02T10:42:06.900Z</time></trkpt>
<trkpt lat="54.506381" lon="18.628535"><time>2026-05-02T10:42:08.900Z</time></trkpt>
<trkpt lat="54.506351" lon="18.628486"><time>2026-05-02T10:42:10.900Z</time></trkpt>
<trkpt lat="54.506321" lon="18.628432"><time>2026-05-02T10:42:12.900Z</time></trkpt>
<trkpt lat="54.506295" lon="18.628378"><time>2026-05-02T10:42:14.900Z</time></trkpt>
<trkpt lat="54.506266" lon="18.628323"><time>2026-05-02T10:42:16.900Z</time></trkpt>
<trkpt lat="54.506239" lon="18.628270"><time>2026-05-02T10:42:18.900Z</time></trkpt>
<trkpt lat="54.506214" lon="18.628218"><time>2026-05-02T10:42:20.900Z</time></trkpt>
<trkpt lat="54.506191" lon="18.628166"><time>2026-05-02T10:42:22.900Z</time></trkpt>
<trkpt lat="54.506167" lon="18.628107"><time>2026-05-02T10:42:24.900Z</time></trkpt>
<trkpt lat="54.506146" lon="18.628059"><time>2026-05-02T10:42:26.900Z</time></trkpt>
<trkpt lat="54.506124" lon="18.628011"><time>2026-05-02T10:42:28.900Z</time></trkpt>
<trkpt lat="54.506104" lon="18.627958"><time>2026-05-02T10:42:30.900Z</time></trkpt>
<trkpt lat="54.506078" lon="18.627906"><time>2026-05-02T10:42:32.900Z</time></trkpt>
<trkpt lat="54.506050" lon="18.627856"><time>2026-05-02T10:42:34.900Z</time></trkpt>
<trkpt lat="54.506021" lon="18.627807"><time>2026-05-02T10:42:36.900Z</time></trkpt>
<trkpt lat="54.505992" lon="18.627760"><time>2026-05-02T10:42:38.900Z</time></trkpt>
<trkpt lat="54.505962" lon="18.627713"><time>2026-05-02T10:42:40.900Z</time></trkpt>
<trkpt lat="54.505932" lon="18.627667"><time>2026-05-02T10:42:42.900Z</time></trkpt>
<trkpt lat="54.505903" lon="18.627621"><time>2026-05-02T10:42:44.900Z</time></trkpt>
<trkpt lat="54.505872" lon="18.627576"><time>2026-05-02T10:42:46.900Z</time></trkpt>
<trkpt lat="54.505841" lon="18.627529"><time>2026-05-02T10:42:48.900Z</time></trkpt>
<trkpt lat="54.505810" lon="18.627483"><time>2026-05-02T10:42:50.900Z</time></trkpt>
<trkpt lat="54.505779" lon="18.627435"><time>2026-05-02T10:42:52.900Z</time></trkpt>
<trkpt lat="54.505748" lon="18.627388"><time>2026-05-02T10:42:54.900Z</time></trkpt>
<trkpt lat="54.505719" lon="18.627341"><time>2026-05-02T10:42:56.900Z</time></trkpt>
<trkpt lat="54.505688" lon="18.627293"><time>2026-05-02T10:42:58.900Z</time></trkpt>
<trkpt lat="54.505660" lon="18.627244"><time>2026-05-02T10:43:00.900Z</time></trkpt>
<trkpt lat="54.505633" lon="18.627192"><time>2026-05-02T10:43:02.900Z</time></trkpt>
<trkpt lat="54.505608" lon="18.627138"><time>2026-05-02T10:43:04.900Z</time></trkpt>
<trkpt lat="54.505584" lon="18.627085"><time>2026-05-02T10:43:06.900Z</time></trkpt>
<trkpt lat="54.505558" lon="18.627031"><time>2026-05-02T10:43:08.900Z</time></trkpt>
<trkpt lat="54.505533" lon="18.626980"><time>2026-05-02T10:43:10.900Z</time></trkpt>
<trkpt lat="54.505506" lon="18.626931"><time>2026-05-02T10:43:12.900Z</time></trkpt>
<trkpt lat="54.505479" lon="18.626880"><time>2026-05-02T10:43:14.900Z</time></trkpt>
<trkpt lat="54.505451" lon="18.626833"><time>2026-05-02T10:43:16.900Z</time></trkpt>
<trkpt lat="54.505422" lon="18.626783"><time>2026-05-02T10:43:18.900Z</time></trkpt>
<trkpt lat="54.505394" lon="18.626733"><time>2026-05-02T10:43:20.900Z</time></trkpt>
<trkpt lat="54.505365" lon="18.626683"><time>2026-05-02T10:43:22.900Z</time></trkpt>
<trkpt lat="54.505337" lon="18.626633"><time>2026-05-02T10:43:24.900Z</time></trkpt>
<trkpt lat="54.505311" lon="18.626583"><time>2026-05-02T10:43:26.900Z</time></trkpt>
<trkpt lat="54.505285" lon="18.626530"><time>2026-05-02T10:43:28.900Z</time></trkpt>
<trkpt lat="54.505261" lon="18.626477"><time>2026-05-02T10:43:30.900Z</time></trkpt>
<trkpt lat="54.505237" lon="18.626423"><time>2026-05-02T10:43:32.900Z</time></trkpt>
<trkpt lat="54.505213" lon="18.626369"><time>2026-05-02T10:43:34.900Z</time></trkpt>
<trkpt lat="54.505190" lon="18.626318"><time>2026-05-02T10:43:36.900Z</time></trkpt>
<trkpt lat="54.505165" lon="18.626266"><time>2026-05-02T10:43:38.900Z</time></trkpt>
<trkpt lat="54.505141" lon="18.626215"><time>2026-05-02T10:43:40.900Z</time></trkpt>
<trkpt lat="54.505117" lon="18.626163"><time>2026-05-02T10:43:42.900Z</time></trkpt>
<trkpt lat="54.505092" lon="18.626112"><time>2026-05-02T10:43:44.900Z</time></trkpt>
<trkpt lat="54.505067" lon="18.626061"><time>2026-05-02T10:43:46.900Z</time></trkpt>
<trkpt lat="54.505041" lon="18.626014"><time>2026-05-02T10:43:48.900Z</time></trkpt>
<trkpt lat="54.505015" lon="18.625966"><time>2026-05-02T10:43:50.900Z</time></trkpt>
<trkpt lat="54.504987" lon="18.625919"><time>2026-05-02T10:43:52.900Z</time></trkpt>
<trkpt lat="54.504960" lon="18.625871"><time>2026-05-02T10:43:54.900Z</time></trkpt>
<trkpt lat="54.504934" lon="18.625823"><time>2026-05-02T10:43:56.900Z</time></trkpt>
<trkpt lat="54.504909" lon="18.625772"><time>2026-05-02T10:43:58.900Z</time></trkpt>
<trkpt lat="54.504884" lon="18.625721"><time>2026-05-02T10:44:00.900Z</time></trkpt>
<trkpt lat="54.504859" lon="18.625669"><time>2026-05-02T10:44:02.900Z</time></trkpt>
<trkpt lat="54.504835" lon="18.625617"><time>2026-05-02T10:44:04.900Z</time></trkpt>
<trkpt lat="54.504811" lon="18.625563"><time>2026-05-02T10:44:06.900Z</time></trkpt>
<trkpt lat="54.504787" lon="18.625510"><time>2026-05-02T10:44:08.900Z</time></trkpt>
<trkpt lat="54.504764" lon="18.625458"><time>2026-05-02T10:44:10.900Z</time></trkpt>
<trkpt lat="54.504742" lon="18.625406"><time>2026-05-02T10:44:12.900Z</time></trkpt>
<trkpt lat="54.504720" lon="18.625354"><time>2026-05-02T10:44:14.900Z</time></trkpt>
<trkpt lat="54.504701" lon="18.625302"><time>2026-05-02T10:44:16.900Z</time></trkpt>
<trkpt lat="54.504681" lon="18.625249"><time>2026-05-02T10:44:18.900Z</time></trkpt>
<trkpt lat="54.504661" lon="18.625199"><time>2026-05-02T10:44:20.900Z</time></trkpt>
<trkpt lat="54.504639" lon="18.625146"><time>2026-05-02T10:44:22.900Z</time></trkpt>
<trkpt lat="54.504617" lon="18.625095"><time>2026-05-02T10:44:24.900Z</time></trkpt>
<trkpt lat="54.504595" lon="18.625044"><time>2026-05-02T10:44:26.900Z</time></trkpt>
<trkpt lat="54.504572" lon="18.624994"><time>2026-05-02T10:44:28.900Z</time></trkpt>
<trkpt lat="54.504547" lon="18.624946"><time>2026-05-02T10:44:30.900Z</time></trkpt>
<trkpt lat="54.504523" lon="18.624897"><time>2026-05-02T10:44:32.900Z</time></trkpt>
<trkpt lat="54.504500" lon="18.624851"><time>2026-05-02T10:44:34.900Z</time></trkpt>
<trkpt lat="54.504475" lon="18.624805"><time>2026-05-02T10:44:36.900Z</time></trkpt>
<trkpt lat="54.504450" lon="18.624760"><time>2026-05-02T10:44:38.900Z</time></trkpt>
<trkpt lat="54.504422" lon="18.624716"><time>2026-05-02T10:44:40.900Z</time></trkpt>
<trkpt lat="54.504394" lon="18.624673"><time>2026-05-02T10:44:42.900Z</time></trkpt>
<trkpt lat="54.504365" lon="18.624631"><time>2026-05-02T10:44:44.900Z</time></trkpt>
<trkpt lat="54.504337" lon="18.624586"><time>2026-05-02T10:44:46.900Z</time></trkpt>
<trkpt lat="54.504310" lon="18.624540"><time>2026-05-02T10:44:48.900Z</time></trkpt>
<trkpt lat="54.504282" lon="18.624495"><time>2026-05-02T10:44:50.900Z</time></trkpt>
<trkpt lat="54.504255" lon="18.624449"><time>2026-05-02T10:44:52.900Z</time></trkpt>
<trkpt lat="54.504228" lon="18.624401"><time>2026-05-02T10:44:54.900Z</time></trkpt>
<trkpt lat="54.504204" lon="18.624352"><time>2026-05-02T10:44:56.900Z</time></trkpt>
<trkpt lat="54.504180" lon="18.624303"><time>2026-05-02T10:44:58.900Z</time></trkpt>
<trkpt lat="54.504155" lon="18.624253"><time>2026-05-02T10:45:00.900Z</time></trkpt>
<trkpt lat="54.504130" lon="18.624207"><time>2026-05-02T10:45:02.900Z</time></trkpt>
<trkpt lat="54.504106" lon="18.624158"><time>2026-05-02T10:45:04.900Z</time></trkpt>
<trkpt lat="54.504080" lon="18.624116"><time>2026-05-02T10:45:06.900Z</time></trkpt>
<trkpt lat="54.504054" lon="18.624068"><time>2026-05-02T10:45:08.900Z</time></trkpt>
<trkpt lat="54.504029" lon="18.624021"><time>2026-05-02T10:45:10.900Z</time></trkpt>
<trkpt lat="54.504003" lon="18.623977"><time>2026-05-02T10:45:12.900Z</time></trkpt>
<trkpt lat="54.503975" lon="18.623933"><time>2026-05-02T10:45:14.900Z</time></trkpt>
<trkpt lat="54.503946" lon="18.623892"><time>2026-05-02T10:45:16.900Z</time></trkpt>
<trkpt lat="54.503915" lon="18.623853"><time>2026-05-02T10:45:18.900Z</time></trkpt>
<trkpt lat="54.503884" lon="18.623815"><time>2026-05-02T10:45:20.900Z</time></trkpt>
<trkpt lat="54.503853" lon="18.623778"><time>2026-05-02T10:45:22.900Z</time></trkpt>
<trkpt lat="54.503820" lon="18.623743"><time>2026-05-02T10:45:24.900Z</time></trkpt>
<trkpt lat="54.503786" lon="18.623708"><time>2026-05-02T10:45:26.900Z</time></trkpt>
<trkpt lat="54.503753" lon="18.623676"><time>2026-05-02T10:45:28.900Z</time></trkpt>
<trkpt lat="54.503720" lon="18.623646"><time>2026-05-02T10:45:30.900Z</time></trkpt>
<trkpt lat="54.503686" lon="18.623613"><time>2026-05-02T10:45:32.900Z</time></trkpt>
<trkpt lat="54.503653" lon="18.623583"><time>2026-05-02T10:45:34.900Z</time></trkpt>
<trkpt lat="54.503617" lon="18.623559"><time>2026-05-02T10:45:36.900Z</time></trkpt>
<trkpt lat="54.503582" lon="18.623537"><time>2026-05-02T10:45:38.900Z</time></trkpt>
<trkpt lat="54.503544" lon="18.623515"><time>2026-05-02T10:45:40.900Z</time></trkpt>
<trkpt lat="54.503506" lon="18.623495"><time>2026-05-02T10:45:42.900Z</time></trkpt>
<trkpt lat="54.503469" lon="18.623476"><time>2026-05-02T10:45:44.900Z</time></trkpt>
<trkpt lat="54.503432" lon="18.623456"><time>2026-05-02T10:45:47.000Z</time></trkpt>
<trkpt lat="54.503395" lon="18.623436"><time>2026-05-02T10:45:48.900Z</time></trkpt>
<trkpt lat="54.503358" lon="18.623413"><time>2026-05-02T10:45:50.900Z</time></trkpt>
<trkpt lat="54.503321" lon="18.623394"><time>2026-05-02T10:45:52.900Z</time></trkpt>
<trkpt lat="54.503283" lon="18.623379"><time>2026-05-02T10:45:54.900Z</time></trkpt>
<trkpt lat="54.503245" lon="18.623372"><time>2026-05-02T10:45:56.900Z</time></trkpt>
<trkpt lat="54.503205" lon="18.623359"><time>2026-05-02T10:45:58.900Z</time></trkpt>
<trkpt lat="54.503166" lon="18.623341"><time>2026-05-02T10:46:00.900Z</time></trkpt>
<trkpt lat="54.503131" lon="18.623324"><time>2026-05-02T10:46:02.900Z</time></trkpt>
<trkpt lat="54.503096" lon="18.623312"><time>2026-05-02T10:46:04.900Z</time></trkpt>
<trkpt lat="54.503057" lon="18.623300"><time>2026-05-02T10:46:06.900Z</time></trkpt>
<trkpt lat="54.503018" lon="18.623292"><time>2026-05-02T10:46:08.900Z</time></trkpt>
<trkpt lat="54.502977" lon="18.623283"><time>2026-05-02T10:46:10.900Z</time></trkpt>
<trkpt lat="54.502938" lon="18.623278"><time>2026-05-02T10:46:12.900Z</time></trkpt>
<trkpt lat="54.502896" lon="18.623272"><time>2026-05-02T10:46:14.900Z</time></trkpt>
<trkpt lat="54.502855" lon="18.623266"><time>2026-05-02T10:46:16.900Z</time></trkpt>
<trkpt lat="54.502815" lon="18.623259"><time>2026-05-02T10:46:18.900Z</time></trkpt>
<trkpt lat="54.502772" lon="18.623253"><time>2026-05-02T10:46:20.900Z</time></trkpt>
<trkpt lat="54.502733" lon="18.623251"><time>2026-05-02T10:46:22.900Z</time></trkpt>
<trkpt lat="54.502692" lon="18.623245"><time>2026-05-02T10:46:24.900Z</time></trkpt>
<trkpt lat="54.502651" lon="18.623237"><time>2026-05-02T10:46:26.900Z</time></trkpt>
<trkpt lat="54.502610" lon="18.623233"><time>2026-05-02T10:46:28.900Z</time></trkpt>
<trkpt lat="54.502568" lon="18.623229"><time>2026-05-02T10:46:30.900Z</time></trkpt>
<trkpt lat="54.502527" lon="18.623229"><time>2026-05-02T10:46:32.900Z</time></trkpt>
<trkpt lat="54.502486" lon="18.623230"><time>2026-05-02T10:46:34.900Z</time></trkpt>
<trkpt lat="54.502448" lon="18.623232"><time>2026-05-02T10:46:36.900Z</time></trkpt>
<trkpt lat="54.502408" lon="18.623233"><time>2026-05-02T10:46:38.900Z</time></trkpt>
<trkpt lat="54.502368" lon="18.623233"><time>2026-05-02T10:46:40.900Z</time></trkpt>
<trkpt lat="54.502330" lon="18.623232"><time>2026-05-02T10:46:42.900Z</time></trkpt>
<trkpt lat="54.502291" lon="18.623235"><time>2026-05-02T10:46:44.900Z</time></trkpt>
<trkpt lat="54.502249" lon="18.623240"><time>2026-05-02T10:46:46.900Z</time></trkpt>
<trkpt lat="54.502209" lon="18.623239"><time>2026-05-02T10:46:48.900Z</time></trkpt>
<trkpt lat="54.502168" lon="18.623238"><time>2026-05-02T10:46:50.900Z</time></trkpt>
<trkpt lat="54.502127" lon="18.623238"><time>2026-05-02T10:46:52.900Z</time></trkpt>
<trkpt lat="54.502085" lon="18.623238"><time>2026-05-02T10:46:54.900Z</time></trkpt>
<trkpt lat="54.502047" lon="18.623240"><time>2026-05-02T10:46:56.900Z</time></trkpt>
<trkpt lat="54.502005" lon="18.623240"><time>2026-05-02T10:46:58.900Z</time></trkpt>
<trkpt lat="54.501965" lon="18.623241"><time>2026-05-02T10:47:00.900Z</time></trkpt>
<trkpt lat="54.501926" lon="18.623242"><time>2026-05-02T10:47:02.900Z</time></trkpt>
<trkpt lat="54.501886" lon="18.623245"><time>2026-05-02T10:47:04.900Z</time></trkpt>
<trkpt lat="54.501845" lon="18.623245"><time>2026-05-02T10:47:06.900Z</time></trkpt>
<trkpt lat="54.501804" lon="18.623246"><time>2026-05-02T10:47:08.900Z</time></trkpt>
<trkpt lat="54.501763" lon="18.623246"><time>2026-05-02T10:47:10.900Z</time></trkpt>
<trkpt lat="54.501721" lon="18.623241"><time>2026-05-02T10:47:12.900Z</time></trkpt>
<trkpt lat="54.501678" lon="18.623235"><time>2026-05-02T10:47:14.900Z</time></trkpt>
<trkpt lat="54.501636" lon="18.623227"><time>2026-05-02T10:47:16.900Z</time></trkpt>
<trkpt lat="54.501593" lon="18.623219"><time>2026-05-02T10:47:18.900Z</time></trkpt>
<trkpt lat="54.501548" lon="18.623207"><time>2026-05-02T10:47:20.900Z</time></trkpt>
<trkpt lat="54.501506" lon="18.623204"><time>2026-05-02T10:47:22.900Z</time></trkpt>
<trkpt lat="54.501465" lon="18.623194"><time>2026-05-02T10:47:24.900Z</time></trkpt>
<trkpt lat="54.501419" lon="18.623184"><time>2026-05-02T10:47:26.900Z</time></trkpt>
<trkpt lat="54.501375" lon="18.623174"><time>2026-05-02T10:47:28.900Z</time></trkpt>
<trkpt lat="54.501330" lon="18.623168"><time>2026-05-02T10:47:30.900Z</time></trkpt>
<trkpt lat="54.501288" lon="18.623163"><time>2026-05-02T10:47:32.900Z</time></trkpt>
<trkpt lat="54.501245" lon="18.623155"><time>2026-05-02T10:47:34.900Z</time></trkpt>
<trkpt lat="54.501200" lon="18.623144"><time>2026-05-02T10:47:36.900Z</time></trkpt>
<trkpt lat="54.501156" lon="18.623138"><time>2026-05-02T10:47:38.900Z</time></trkpt>
<trkpt lat="54.501113" lon="18.623136"><time>2026-05-02T10:47:41.000Z</time></trkpt>
<trkpt lat="54.501068" lon="18.623133"><time>2026-05-02T10:47:43.000Z</time></trkpt>
<trkpt lat="54.501024" lon="18.623132"><time>2026-05-02T10:47:44.900Z</time></trkpt>
<trkpt lat="54.500980" lon="18.623128"><time>2026-05-02T10:47:47.000Z</time></trkpt>
<trkpt lat="54.500936" lon="18.623122"><time>2026-05-02T10:47:49.000Z</time></trkpt>
<trkpt lat="54.500893" lon="18.623114"><time>2026-05-02T10:47:51.000Z</time></trkpt>
<trkpt lat="54.500848" lon="18.623103"><time>2026-05-02T10:47:53.000Z</time></trkpt>
<trkpt lat="54.500803" lon="18.623093"><time>2026-05-02T10:47:54.900Z</time></trkpt>
<trkpt lat="54.500758" lon="18.623083"><time>2026-05-02T10:47:56.900Z</time></trkpt>
<trkpt lat="54.500713" lon="18.623075"><time>2026-05-02T10:47:58.900Z</time></trkpt>
<trkpt lat="54.500667" lon="18.623069"><time>2026-05-02T10:48:00.900Z</time></trkpt>
<trkpt lat="54.500619" lon="18.623064"><time>2026-05-02T10:48:02.900Z</time></trkpt>
<trkpt lat="54.500572" lon="18.623061"><time>2026-05-02T10:48:04.900Z</time></trkpt>
<trkpt lat="54.500525" lon="18.623063"><time>2026-05-02T10:48:06.900Z</time></trkpt>
<trkpt lat="54.500480" lon="18.623075"><time>2026-05-02T10:48:08.900Z</time></trkpt>
<trkpt lat="54.500439" lon="18.623096"><time>2026-05-02T10:48:10.900Z</time></trkpt>
<trkpt lat="54.500397" lon="18.623117"><time>2026-05-02T10:48:12.900Z</time></trkpt>
<trkpt lat="54.500353" lon="18.623134"><time>2026-05-02T10:48:14.900Z</time></trkpt>
<trkpt lat="54.500310" lon="18.623146"><time>2026-05-02T10:48:16.900Z</time></trkpt>
<trkpt lat="54.500266" lon="18.623159"><time>2026-05-02T10:48:18.900Z</time></trkpt>
<trkpt lat="54.500221" lon="18.623175"><time>2026-05-02T10:48:20.900Z</time></trkpt>
<trkpt lat="54.500177" lon="18.623195"><time>2026-05-02T10:48:22.900Z</time></trkpt>
<trkpt lat="54.500135" lon="18.623220"><time>2026-05-02T10:48:24.900Z</time></trkpt>
<trkpt lat="54.500089" lon="18.623245"><time>2026-05-02T10:48:26.900Z</time></trkpt>
<trkpt lat="54.500044" lon="18.623270"><time>2026-05-02T10:48:28.900Z</time></trkpt>
<trkpt lat="54.500001" lon="18.623306"><time>2026-05-02T10:48:30.900Z</time></trkpt>
<trkpt lat="54.499959" lon="18.623347"><time>2026-05-02T10:48:32.900Z</time></trkpt>
<trkpt lat="54.499916" lon="18.623395"><time>2026-05-02T10:48:34.900Z</time></trkpt>
<trkpt lat="54.499871" lon="18.623430"><time>2026-05-02T10:48:36.900Z</time></trkpt>
<trkpt lat="54.499821" lon="18.623477"><time>2026-05-02T10:48:38.900Z</time></trkpt>
<trkpt lat="54.499769" lon="18.623520"><time>2026-05-02T10:48:40.900Z</time></trkpt>
<trkpt lat="54.499720" lon="18.623555"><time>2026-05-02T10:48:42.900Z</time></trkpt>
<trkpt lat="54.499678" lon="18.623594"><time>2026-05-02T10:48:44.900Z</time></trkpt>
<trkpt lat="54.499634" lon="18.623622"><time>2026-05-02T10:48:46.900Z</time></trkpt>
<trkpt lat="54.499590" lon="18.623658"><time>2026-05-02T10:48:48.900Z</time></trkpt>
<trkpt lat="54.499543" lon="18.623692"><time>2026-05-02T10:48:50.900Z</time></trkpt>
<trkpt lat="54.499494" lon="18.623722"><time>2026-05-02T10:48:52.900Z</time></trkpt>
<trkpt lat="54.499451" lon="18.623762"><time>2026-05-02T10:48:54.900Z</time></trkpt>
<trkpt lat="54.499412" lon="18.623801"><time>2026-05-02T10:48:56.900Z</time></trkpt>
<trkpt lat="54.499362" lon="18.623837"><time>2026-05-02T10:48:58.900Z</time></trkpt>
<trkpt lat="54.499319" lon="18.623876"><time>2026-05-02T10:49:00.900Z</time></trkpt>
<trkpt lat="54.499273" lon="18.623915"><time>2026-05-02T10:49:02.900Z</time></trkpt>
<trkpt lat="54.499228" lon="18.623959"><time>2026-05-02T10:49:04.900Z</time></trkpt>
<trkpt lat="54.499184" lon="18.624001"><time>2026-05-02T10:49:06.900Z</time></trkpt>
<trkpt lat="54.499139" lon="18.624045"><time>2026-05-02T10:49:08.900Z</time></trkpt>
<trkpt lat="54.499095" lon="18.624093"><time>2026-05-02T10:49:10.900Z</time></trkpt>
<trkpt lat="54.499054" lon="18.624136"><time>2026-05-02T10:49:12.900Z</time></trkpt>
<trkpt lat="54.499016" lon="18.624179"><time>2026-05-02T10:49:14.900Z</time></trkpt>
<trkpt lat="54.498977" lon="18.624222"><time>2026-05-02T10:49:16.900Z</time></trkpt>
<trkpt lat="54.498940" lon="18.624266"><time>2026-05-02T10:49:18.900Z</time></trkpt>
<trkpt lat="54.498902" lon="18.624309"><time>2026-05-02T10:49:20.900Z</time></trkpt>
<trkpt lat="54.498861" lon="18.624353"><time>2026-05-02T10:49:22.900Z</time></trkpt>
<trkpt lat="54.498824" lon="18.624400"><time>2026-05-02T10:49:24.900Z</time></trkpt>
<trkpt lat="54.498794" lon="18.624441"><time>2026-05-02T10:49:26.900Z</time></trkpt>
<trkpt lat="54.498773" lon="18.624477"><time>2026-05-02T10:49:28.900Z</time></trkpt>
<trkpt lat="54.498750" lon="18.624518"><time>2026-05-02T10:49:30.900Z</time></trkpt>
<trkpt lat="54.498720" lon="18.624557"><time>2026-05-02T10:49:32.900Z</time></trkpt>
<trkpt lat="54.498694" lon="18.624603"><time>2026-05-02T10:49:34.900Z</time></trkpt>
<trkpt lat="54.498672" lon="18.624660"><time>2026-05-02T10:49:36.900Z</time></trkpt>
<trkpt lat="54.498660" lon="18.624716"><time>2026-05-02T10:49:38.900Z</time></trkpt>
<trkpt lat="54.498664" lon="18.624757"><time>2026-05-02T10:49:40.900Z</time></trkpt>
<trkpt lat="54.498670" lon="18.624791"><time>2026-05-02T10:49:42.900Z</time></trkpt>
<trkpt lat="54.498684" lon="18.624818"><time>2026-05-02T10:49:44.900Z</time></trkpt>
<trkpt lat="54.498700" lon="18.624840"><time>2026-05-02T10:49:46.900Z</time></trkpt>
<trkpt lat="54.498718" lon="18.624851"><time>2026-05-02T10:49:48.900Z</time></trkpt>
<trkpt lat="54.498752" lon="18.624871"><time>2026-05-02T10:49:50.900Z</time></trkpt>
<trkpt lat="54.498779" lon="18.624897"><time>2026-05-02T10:49:52.900Z</time></trkpt>
<trkpt lat="54.498823" lon="18.624914"><time>2026-05-02T10:49:54.900Z</time></trkpt>
<trkpt lat="54.498866" lon="18.624912"><time>2026-05-02T10:49:56.900Z</time></trkpt>
<trkpt lat="54.498912" lon="18.624909"><time>2026-05-02T10:49:58.900Z</time></trkpt>
<trkpt lat="54.498958" lon="18.624906"><time>2026-05-02T10:50:00.900Z</time></trkpt>
<trkpt lat="54.499001" lon="18.624905"><time>2026-05-02T10:50:02.900Z</time></trkpt>
<trkpt lat="54.499061" lon="18.624892"><time>2026-05-02T10:50:04.900Z</time></trkpt>
<trkpt lat="54.499112" lon="18.624865"><time>2026-05-02T10:50:06.900Z</time></trkpt>
<trkpt lat="54.499153" lon="18.624818"><time>2026-05-02T10:50:08.900Z</time></trkpt>
<trkpt lat="54.499201" lon="18.624777"><time>2026-05-02T10:50:10.900Z</time></trkpt>
<trkpt lat="54.499246" lon="18.624737"><time>2026-05-02T10:50:12.900Z</time></trkpt>
<trkpt lat="54.499291" lon="18.624699"><time>2026-05-02T10:50:14.900Z</time></trkpt>
<trkpt lat="54.499332" lon="18.624672"><time>2026-05-02T10:50:16.900Z</time></trkpt>
<trkpt lat="54.499379" lon="18.624647"><time>2026-05-02T10:50:18.900Z</time></trkpt>
<trkpt lat="54.499423" lon="18.624633"><time>2026-05-02T10:50:20.900Z</time></trkpt>
<trkpt lat="54.499470" lon="18.624619"><time>2026-05-02T10:50:22.900Z</time></trkpt>
<trkpt lat="54.499516" lon="18.624607"><time>2026-05-02T10:50:24.900Z</time></trkpt>
<trkpt lat="54.499560" lon="18.624601"><time>2026-05-02T10:50:26.900Z</time></trkpt>
<trkpt lat="54.499603" lon="18.624592"><time>2026-05-02T10:50:28.900Z</time></trkpt>
<trkpt lat="54.499645" lon="18.624579"><time>2026-05-02T10:50:30.900Z</time></trkpt>
<trkpt lat="54.499683" lon="18.624569"><time>2026-05-02T10:50:32.900Z</time></trkpt>
<trkpt lat="54.499721" lon="18.624562"><time>2026-05-02T10:50:34.900Z</time></trkpt>
<trkpt lat="54.499761" lon="18.624552"><time>2026-05-02T10:50:36.900Z</time></trkpt>
<trkpt lat="54.499802" lon="18.624539"><time>2026-05-02T10:50:38.900Z</time></trkpt>
<trkpt lat="54.499843" lon="18.624518"><time>2026-05-02T10:50:40.900Z</time></trkpt>
<trkpt lat="54.499884" lon="18.624504"><time>2026-05-02T10:50:42.900Z</time></trkpt>
<trkpt lat="54.499923" lon="18.624494"><time>2026-05-02T10:50:44.900Z</time></trkpt>
<trkpt lat="54.499961" lon="18.624479"><time>2026-05-02T10:50:46.900Z</time></trkpt>
<trkpt lat="54.500000" lon="18.624462"><time>2026-05-02T10:50:48.900Z</time></trkpt>
<trkpt lat="54.500038" lon="18.624445"><time>2026-05-02T10:50:50.900Z</time></trkpt>
<trkpt lat="54.500073" lon="18.624431"><time>2026-05-02T10:50:52.900Z</time></trkpt>
<trkpt lat="54.500110" lon="18.624426"><time>2026-05-02T10:50:54.900Z</time></trkpt>
<trkpt lat="54.500148" lon="18.624432"><time>2026-05-02T10:50:56.900Z</time></trkpt>
<trkpt lat="54.500185" lon="18.624440"><time>2026-05-02T10:50:58.900Z</time></trkpt>
<trkpt lat="54.500216" lon="18.624437"><time>2026-05-02T10:51:00.900Z</time></trkpt>
<trkpt lat="54.500253" lon="18.624432"><time>2026-05-02T10:51:02.900Z</time></trkpt>
<trkpt lat="54.500288" lon="18.624422"><time>2026-05-02T10:51:04.900Z</time></trkpt>
<trkpt lat="54.500320" lon="18.624408"><time>2026-05-02T10:51:06.900Z</time></trkpt>
<trkpt lat="54.500355" lon="18.624394"><time>2026-05-02T10:51:08.900Z</time></trkpt>
<trkpt lat="54.500399" lon="18.624380"><time>2026-05-02T10:51:10.900Z</time></trkpt>
<trkpt lat="54.500439" lon="18.624361"><time>2026-05-02T10:51:12.900Z</time></trkpt>
<trkpt lat="54.500476" lon="18.624334"><time>2026-05-02T10:51:14.900Z</time></trkpt>
<trkpt lat="54.500512" lon="18.624306"><time>2026-05-02T10:51:16.900Z</time></trkpt>
<trkpt lat="54.500550" lon="18.624283"><time>2026-05-02T10:51:18.900Z</time></trkpt>
<trkpt lat="54.500589" lon="18.624267"><time>2026-05-02T10:51:20.900Z</time></trkpt>
<trkpt lat="54.500623" lon="18.624252"><time>2026-05-02T10:51:22.900Z</time></trkpt>
<trkpt lat="54.500658" lon="18.624235"><time>2026-05-02T10:51:24.900Z</time></trkpt>
<trkpt lat="54.500686" lon="18.624203"><time>2026-05-02T10:51:26.900Z</time></trkpt>
<trkpt lat="54.500715" lon="18.624179"><time>2026-05-02T10:51:28.900Z</time></trkpt>
<trkpt lat="54.500753" lon="18.624158"><time>2026-05-02T10:51:30.900Z</time></trkpt>
<trkpt lat="54.500791" lon="18.624143"><time>2026-05-02T10:51:32.900Z</time></trkpt>
<trkpt lat="54.500827" lon="18.624116"><time>2026-05-02T10:51:34.900Z</time></trkpt>
<trkpt lat="54.500864" lon="18.624091"><time>2026-05-02T10:51:36.900Z</time></trkpt>
<trkpt lat="54.500898" lon="18.624067"><time>2026-05-02T10:51:38.900Z</time></trkpt>
<trkpt lat="54.500936" lon="18.624049"><time>2026-05-02T10:51:40.900Z</time></trkpt>
<trkpt lat="54.500974" lon="18.624029"><time>2026-05-02T10:51:42.900Z</time></trkpt>
<trkpt lat="54.501016" lon="18.624006"><time>2026-05-02T10:51:44.900Z</time></trkpt>
<trkpt lat="54.501057" lon="18.623983"><time>2026-05-02T10:51:46.900Z</time></trkpt>
<trkpt lat="54.501096" lon="18.623956"><time>2026-05-02T10:51:48.900Z</time></trkpt>
<trkpt lat="54.501134" lon="18.623935"><time>2026-05-02T10:51:50.900Z</time></trkpt>
<trkpt lat="54.501172" lon="18.623914"><time>2026-05-02T10:51:52.900Z</time></trkpt>
<trkpt lat="54.501213" lon="18.623892"><time>2026-05-02T10:51:54.900Z</time></trkpt>
<trkpt lat="54.501255" lon="18.623872"><time>2026-05-02T10:51:56.900Z</time></trkpt>
<trkpt lat="54.501297" lon="18.623851"><time>2026-05-02T10:51:58.900Z</time></trkpt>
<trkpt lat="54.501338" lon="18.623838"><time>2026-05-02T10:52:00.900Z</time></trkpt>
<trkpt lat="54.501379" lon="18.623822"><time>2026-05-02T10:52:02.900Z</time></trkpt>
<trkpt lat="54.501421" lon="18.623802"><time>2026-05-02T10:52:04.900Z</time></trkpt>
<trkpt lat="54.501461" lon="18.623787"><time>2026-05-02T10:52:06.900Z</time></trkpt>
<trkpt lat="54.501504" lon="18.623763"><time>2026-05-02T10:52:08.900Z</time></trkpt>
<trkpt lat="54.501541" lon="18.623745"><time>2026-05-02T10:52:10.900Z</time></trkpt>
<trkpt lat="54.501578" lon="18.623725"><time>2026-05-02T10:52:12.900Z</time></trkpt>
<trkpt lat="54.501615" lon="18.623703"><time>2026-05-02T10:52:14.900Z</time></trkpt>
<trkpt lat="54.501653" lon="18.623681"><time>2026-05-02T10:52:16.900Z</time></trkpt>
<trkpt lat="54.501691" lon="18.623664"><time>2026-05-02T10:52:18.900Z</time></trkpt>
<trkpt lat="54.501728" lon="18.623648"><time>2026-05-02T10:52:20.900Z</time></trkpt>
<trkpt lat="54.501769" lon="18.623631"><time>2026-05-02T10:52:22.900Z</time></trkpt>
<trkpt lat="54.501806" lon="18.623622"><time>2026-05-02T10:52:24.900Z</time></trkpt>
<trkpt lat="54.501844" lon="18.623604"><time>2026-05-02T10:52:26.900Z</time></trkpt>
<trkpt lat="54.501882" lon="18.623585"><time>2026-05-02T10:52:28.900Z</time></trkpt>
<trkpt lat="54.501918" lon="18.623566"><time>2026-05-02T10:52:30.900Z</time></trkpt>
<trkpt lat="54.501955" lon="18.623539"><time>2026-05-02T10:52:32.900Z</time></trkpt>
<trkpt lat="54.501990" lon="18.623515"><time>2026-05-02T10:52:34.900Z</time></trkpt>
<trkpt lat="54.502026" lon="18.623489"><time>2026-05-02T10:52:36.900Z</time></trkpt>
<trkpt lat="54.502062" lon="18.623467"><time>2026-05-02T10:52:38.900Z</time></trkpt>
<trkpt lat="54.502097" lon="18.623450"><time>2026-05-02T10:52:40.900Z</time></trkpt>
<trkpt lat="54.502132" lon="18.623426"><time>2026-05-02T10:52:42.900Z</time></trkpt>
<trkpt lat="54.502167" lon="18.623404"><time>2026-05-02T10:52:44.900Z</time></trkpt>
<trkpt lat="54.502203" lon="18.623392"><time>2026-05-02T10:52:46.900Z</time></trkpt>
<trkpt lat="54.502243" lon="18.623383"><time>2026-05-02T10:52:48.900Z</time></trkpt>
<trkpt lat="54.502283" lon="18.623372"><time>2026-05-02T10:52:50.900Z</time></trkpt>
<trkpt lat="54.502321" lon="18.623364"><time>2026-05-02T10:52:52.900Z</time></trkpt>
<trkpt lat="54.502355" lon="18.623356"><time>2026-05-02T10:52:54.900Z</time></trkpt>
<trkpt lat="54.502391" lon="18.623347"><time>2026-05-02T10:52:56.900Z</time></trkpt>
<trkpt lat="54.502429" lon="18.623330"><time>2026-05-02T10:52:58.900Z</time></trkpt>
<trkpt lat="54.502465" lon="18.623315"><time>2026-05-02T10:53:00.900Z</time></trkpt>
<trkpt lat="54.502496" lon="18.623299"><time>2026-05-02T10:53:02.900Z</time></trkpt>
<trkpt lat="54.502529" lon="18.623274"><time>2026-05-02T10:53:04.900Z</time></trkpt>
<trkpt lat="54.502567" lon="18.623246"><time>2026-05-02T10:53:06.900Z</time></trkpt>
<trkpt lat="54.502603" lon="18.623213"><time>2026-05-02T10:53:08.900Z</time></trkpt>
<trkpt lat="54.502641" lon="18.623176"><time>2026-05-02T10:53:10.900Z</time></trkpt>
<trkpt lat="54.502674" lon="18.623135"><time>2026-05-02T10:53:12.900Z</time></trkpt>
<trkpt lat="54.502702" lon="18.623082"><time>2026-05-02T10:53:14.900Z</time></trkpt>
<trkpt lat="54.502718" lon="18.623027"><time>2026-05-02T10:53:16.900Z</time></trkpt>
<trkpt lat="54.502736" lon="18.622971"><time>2026-05-02T10:53:18.900Z</time></trkpt>
<trkpt lat="54.502750" lon="18.622914"><time>2026-05-02T10:53:20.900Z</time></trkpt>
<trkpt lat="54.502759" lon="18.622845"><time>2026-05-02T10:53:22.900Z</time></trkpt>
<trkpt lat="54.502764" lon="18.622778"><time>2026-05-02T10:53:24.900Z</time></trkpt>
<trkpt lat="54.502748" lon="18.622717"><time>2026-05-02T10:53:26.900Z</time></trkpt>
<trkpt lat="54.502721" lon="18.622688"><time>2026-05-02T10:53:28.900Z</time></trkpt>
<trkpt lat="54.502693" lon="18.622670"><time>2026-05-02T10:53:30.900Z</time></trkpt>
<trkpt lat="54.502664" lon="18.622671"><time>2026-05-02T10:53:32.900Z</time></trkpt>
<trkpt lat="54.502631" lon="18.622681"><time>2026-05-02T10:53:34.900Z</time></trkpt>
<trkpt lat="54.502606" lon="18.622709"><time>2026-05-02T10:53:36.900Z</time></trkpt>
<trkpt lat="54.502578" lon="18.622735"><time>2026-05-02T10:53:38.900Z</time></trkpt>
<trkpt lat="54.502551" lon="18.622756"><time>2026-05-02T10:53:40.900Z</time></trkpt>
<trkpt lat="54.502527" lon="18.622788"><time>2026-05-02T10:53:42.900Z</time></trkpt>
<trkpt lat="54.502506" lon="18.622821"><time>2026-05-02T10:53:44.900Z</time></trkpt>
<trkpt lat="54.502480" lon="18.622858"><time>2026-05-02T10:53:46.900Z</time></trkpt>
<trkpt lat="54.502452" lon="18.622899"><time>2026-05-02T10:53:48.900Z</time></trkpt>
<trkpt lat="54.502425" lon="18.622935"><time>2026-05-02T10:53:50.900Z</time></trkpt>
<trkpt lat="54.502399" lon="18.622974"><time>2026-05-02T10:53:52.900Z</time></trkpt>
<trkpt lat="54.502372" lon="18.623021"><time>2026-05-02T10:53:54.900Z</time></trkpt>
<trkpt lat="54.502353" lon="18.623070"><time>2026-05-02T10:53:56.900Z</time></trkpt>
<trkpt lat="54.502337" lon="18.623119"><time>2026-05-02T10:53:59.000Z</time></trkpt>
<trkpt lat="54.502334" lon="18.623160"><time>2026-05-02T10:54:01.000Z</time></trkpt>
<trkpt lat="54.502346" lon="18.623175"><time>2026-05-02T10:54:03.000Z</time></trkpt>
<trkpt lat="54.502367" lon="18.623184"><time>2026-05-02T10:54:05.000Z</time></trkpt>
<trkpt lat="54.502379" lon="18.623187"><time>2026-05-02T10:54:07.000Z</time></trkpt>
<trkpt lat="54.502401" lon="18.623183"><time>2026-05-02T10:54:09.000Z</time></trkpt>
<trkpt lat="54.502424" lon="18.623173"><time>2026-05-02T10:54:11.000Z</time></trkpt>
<trkpt lat="54.502453" lon="18.623157"><time>2026-05-02T10:54:13.000Z</time></trkpt>
<trkpt lat="54.502482" lon="18.623131"><time>2026-05-02T10:54:15.000Z</time></trkpt>
<trkpt lat="54.502512" lon="18.623110"><time>2026-05-02T10:54:16.900Z</time></trkpt>
<trkpt lat="54.502542" lon="18.623086"><time>2026-05-02T10:54:18.900Z</time></trkpt>
<trkpt lat="54.502574" lon="18.623065"><time>2026-05-02T10:54:20.900Z</time></trkpt>
<trkpt lat="54.502607" lon="18.623045"><time>2026-05-02T10:54:22.900Z</time></trkpt>
<trkpt lat="54.502637" lon="18.623021"><time>2026-05-02T10:54:24.900Z</time></trkpt>
<trkpt lat="54.502669" lon="18.622995"><time>2026-05-02T10:54:26.900Z</time></trkpt>
<trkpt lat="54.502700" lon="18.622969"><time>2026-05-02T10:54:28.900Z</time></trkpt>
<trkpt lat="54.502736" lon="18.622949"><time>2026-05-02T10:54:30.900Z</time></trkpt>
<trkpt lat="54.502774" lon="18.622929"><time>2026-05-02T10:54:32.900Z</time></trkpt>
<trkpt lat="54.502811" lon="18.622905"><time>2026-05-02T10:54:34.900Z</time></trkpt>
<trkpt lat="54.502854" lon="18.622885"><time>2026-05-02T10:54:36.900Z</time></trkpt>
<trkpt lat="54.502890" lon="18.622863"><time>2026-05-02T10:54:38.900Z</time></trkpt>
<trkpt lat="54.502927" lon="18.622838"><time>2026-05-02T10:54:40.900Z</time></trkpt>
<trkpt lat="54.502954" lon="18.622822"><time>2026-05-02T10:54:42.900Z</time></trkpt>
<trkpt lat="54.502986" lon="18.622800"><time>2026-05-02T10:54:44.900Z</time></trkpt>
<trkpt lat="54.503027" lon="18.622784"><time>2026-05-02T10:54:46.900Z</time></trkpt>
<trkpt lat="54.503073" lon="18.622775"><time>2026-05-02T10:54:48.900Z</time></trkpt>
<trkpt lat="54.503128" lon="18.622780"><time>2026-05-02T10:54:50.900Z</time></trkpt>
<trkpt lat="54.503170" lon="18.622798"><time>2026-05-02T10:54:52.900Z</time></trkpt>
<trkpt lat="54.503211" lon="18.622803"><time>2026-05-02T10:54:54.900Z</time></trkpt>
<trkpt lat="54.503255" lon="18.622799"><time>2026-05-02T10:54:56.900Z</time></trkpt>
<trkpt lat="54.503299" lon="18.622796"><time>2026-05-02T10:54:58.900Z</time></trkpt>
<trkpt lat="54.503347" lon="18.622787"><time>2026-05-02T10:55:00.900Z</time></trkpt>
<trkpt lat="54.503391" lon="18.622767"><time>2026-05-02T10:55:02.900Z</time></trkpt>
<trkpt lat="54.503437" lon="18.622770"><time>2026-05-02T10:55:04.900Z</time></trkpt>
<trkpt lat="54.503485" lon="18.622786"><time>2026-05-02T10:55:06.900Z</time></trkpt>
<trkpt lat="54.503526" lon="18.622801"><time>2026-05-02T10:55:08.900Z</time></trkpt>
<trkpt lat="54.503569" lon="18.622805"><time>2026-05-02T10:55:10.900Z</time></trkpt>
<trkpt lat="54.503625" lon="18.622805"><time>2026-05-02T10:55:12.900Z</time></trkpt>
<trkpt lat="54.503676" lon="18.622826"><time>2026-05-02T10:55:14.900Z</time></trkpt>
<trkpt lat="54.503736" lon="18.622855"><time>2026-05-02T10:55:16.900Z</time></trkpt>
<trkpt lat="54.503807" lon="18.622886"><time>2026-05-02T10:55:18.900Z</time></trkpt>
<trkpt lat="54.503862" lon="18.622921"><time>2026-05-02T10:55:20.900Z</time></trkpt>
<trkpt lat="54.503912" lon="18.622959"><time>2026-05-02T10:55:22.900Z</time></trkpt>
<trkpt lat="54.503960" lon="18.622995"><time>2026-05-02T10:55:24.900Z</time></trkpt>
<trkpt lat="54.503995" lon="18.623024"><time>2026-05-02T10:55:26.900Z</time></trkpt>
<trkpt lat="54.504031" lon="18.623052"><time>2026-05-02T10:55:28.900Z</time></trkpt>
<trkpt lat="54.504060" lon="18.623073"><time>2026-05-02T10:55:30.900Z</time></trkpt>
<trkpt lat="54.504090" lon="18.623094"><time>2026-05-02T10:55:32.900Z</time></trkpt>
<trkpt lat="54.504131" lon="18.623111"><time>2026-05-02T10:55:34.900Z</time></trkpt>
<trkpt lat="54.504172" lon="18.623139"><time>2026-05-02T10:55:36.900Z</time></trkpt>
<trkpt lat="54.504212" lon="18.623199"><time>2026-05-02T10:55:38.900Z</time></trkpt>
<trkpt lat="54.504259" lon="18.623264"><time>2026-05-02T10:55:40.900Z</time></trkpt>
<trkpt lat="54.504291" lon="18.623296"><time>2026-05-02T10:55:42.900Z</time></trkpt>
<trkpt lat="54.504324" lon="18.623325"><time>2026-05-02T10:55:44.900Z</time></trkpt>
<trkpt lat="54.504356" lon="18.623354"><time>2026-05-02T10:55:46.900Z</time></trkpt>
<trkpt lat="54.504387" lon="18.623380"><time>2026-05-02T10:55:48.900Z</time></trkpt>
<trkpt lat="54.504418" lon="18.623405"><time>2026-05-02T10:55:50.900Z</time></trkpt>
<trkpt lat="54.504449" lon="18.623426"><time>2026-05-02T10:55:52.900Z</time></trkpt>
<trkpt lat="54.504478" lon="18.623450"><time>2026-05-02T10:55:54.900Z</time></trkpt>
<trkpt lat="54.504504" lon="18.623458"><time>2026-05-02T10:55:56.900Z</time></trkpt>
<trkpt lat="54.504525" lon="18.623459"><time>2026-05-02T10:55:58.900Z</time></trkpt>
<trkpt lat="54.504555" lon="18.623462"><time>2026-05-02T10:56:00.900Z</time></trkpt>
<trkpt lat="54.504586" lon="18.623470"><time>2026-05-02T10:56:02.900Z</time></trkpt>
<trkpt lat="54.504605" lon="18.623476"><time>2026-05-02T10:56:05.000Z</time></trkpt>
<trkpt lat="54.504641" lon="18.623487"><time>2026-05-02T10:56:07.000Z</time></trkpt>
<trkpt lat="54.504671" lon="18.623500"><time>2026-05-02T10:56:09.000Z</time></trkpt>
<trkpt lat="54.504707" lon="18.623534"><time>2026-05-02T10:56:11.000Z</time></trkpt>
<trkpt lat="54.504739" lon="18.623569"><time>2026-05-02T10:56:13.000Z</time></trkpt>
<trkpt lat="54.504772" lon="18.623604"><time>2026-05-02T10:56:15.000Z</time></trkpt>
<trkpt lat="54.504805" lon="18.623636"><time>2026-05-02T10:56:17.000Z</time></trkpt>
<trkpt lat="54.504842" lon="18.623672"><time>2026-05-02T10:56:19.000Z</time></trkpt>
<trkpt lat="54.504865" lon="18.623720"><time>2026-05-02T10:56:21.000Z</time></trkpt>
<trkpt lat="54.504889" lon="18.623777"><time>2026-05-02T10:56:23.000Z</time></trkpt>
<trkpt lat="54.504918" lon="18.623795"><time>2026-05-02T10:56:25.000Z</time></trkpt>
<trkpt lat="54.504954" lon="18.623823"><time>2026-05-02T10:56:27.000Z</time></trkpt>
<trkpt lat="54.504989" lon="18.623848"><time>2026-05-02T10:56:29.000Z</time></trkpt>
<trkpt lat="54.505024" lon="18.623872"><time>2026-05-02T10:56:31.000Z</time></trkpt>
<trkpt lat="54.505063" lon="18.623884"><time>2026-05-02T10:56:33.000Z</time></trkpt>
<trkpt lat="54.505098" lon="18.623913"><time>2026-05-02T10:56:34.900Z</time></trkpt>
<trkpt lat="54.505133" lon="18.623946"><time>2026-05-02T10:56:36.900Z</time></trkpt>
<trkpt lat="54.505171" lon="18.623980"><time>2026-05-02T10:56:38.900Z</time></trkpt>
<trkpt lat="54.505207" lon="18.624014"><time>2026-05-02T10:56:40.900Z</time></trkpt>
<trkpt lat="54.505243" lon="18.624061"><time>2026-05-02T10:56:42.900Z</time></trkpt>
<trkpt lat="54.505275" lon="18.624097"><time>2026-05-02T10:56:44.900Z</time></trkpt>
<trkpt lat="54.505306" lon="18.624135"><time>2026-05-02T10:56:46.900Z</time></trkpt>
<trkpt lat="54.505335" lon="18.624169"><time>2026-05-02T10:56:48.900Z</time></trkpt>
<trkpt lat="54.505369" lon="18.624200"><time>2026-05-02T10:56:50.900Z</time></trkpt>
<trkpt lat="54.505401" lon="18.624234"><time>2026-05-02T10:56:52.900Z</time></trkpt>
<trkpt lat="54.505434" lon="18.624269"><time>2026-05-02T10:56:54.900Z</time></trkpt>
<trkpt lat="54.505466" lon="18.624306"><time>2026-05-02T10:56:56.900Z</time></trkpt>
<trkpt lat="54.505498" lon="18.624343"><time>2026-05-02T10:56:58.900Z</time></trkpt>
<trkpt lat="54.505530" lon="18.624379"><time>2026-05-02T10:57:00.900Z</time></trkpt>
<trkpt lat="54.505561" lon="18.624416"><time>2026-05-02T10:57:02.900Z</time></trkpt>
<trkpt lat="54.505593" lon="18.624453"><time>2026-05-02T10:57:04.900Z</time></trkpt>
<trkpt lat="54.505626" lon="18.624484"><time>2026-05-02T10:57:06.900Z</time></trkpt>
<trkpt lat="54.505658" lon="18.624517"><time>2026-05-02T10:57:08.900Z</time></trkpt>
<trkpt lat="54.505690" lon="18.624551"><time>2026-05-02T10:57:10.900Z</time></trkpt>
<trkpt lat="54.505723" lon="18.624584"><time>2026-05-02T10:57:12.900Z</time></trkpt>
<trkpt lat="54.505758" lon="18.624614"><time>2026-05-02T10:57:14.900Z</time></trkpt>
<trkpt lat="54.505792" lon="18.624656"><time>2026-05-02T10:57:16.900Z</time></trkpt>
<trkpt lat="54.505826" lon="18.624692"><time>2026-05-02T10:57:18.900Z</time></trkpt>
<trkpt lat="54.505860" lon="18.624732"><time>2026-05-02T10:57:20.900Z</time></trkpt>
<trkpt lat="54.505896" lon="18.624770"><time>2026-05-02T10:57:22.900Z</time></trkpt>
<trkpt lat="54.505931" lon="18.624809"><time>2026-05-02T10:57:24.900Z</time></trkpt>
<trkpt lat="54.505967" lon="18.624849"><time>2026-05-02T10:57:26.900Z</time></trkpt>
<trkpt lat="54.506003" lon="18.624892"><time>2026-05-02T10:57:28.900Z</time></trkpt>
<trkpt lat="54.506037" lon="18.624934"><time>2026-05-02T10:57:30.900Z</time></trkpt>
<trkpt lat="54.506072" lon="18.624977"><time>2026-05-02T10:57:32.900Z</time></trkpt>
<trkpt lat="54.506106" lon="18.625015"><time>2026-05-02T10:57:34.900Z</time></trkpt>
<trkpt lat="54.506142" lon="18.625055"><time>2026-05-02T10:57:36.900Z</time></trkpt>
<trkpt lat="54.506178" lon="18.625094"><time>2026-05-02T10:57:38.900Z</time></trkpt>
<trkpt lat="54.506213" lon="18.625131"><time>2026-05-02T10:57:40.900Z</time></trkpt>
<trkpt lat="54.506247" lon="18.625171"><time>2026-05-02T10:57:42.900Z</time></trkpt>
<trkpt lat="54.506281" lon="18.625212"><time>2026-05-02T10:57:44.900Z</time></trkpt>
<trkpt lat="54.506315" lon="18.625254"><time>2026-05-02T10:57:46.900Z</time></trkpt>
<trkpt lat="54.506350" lon="18.625297"><time>2026-05-02T10:57:48.900Z</time></trkpt>
<trkpt lat="54.506380" lon="18.625338"><time>2026-05-02T10:57:50.900Z</time></trkpt>
<trkpt lat="54.506413" lon="18.625380"><time>2026-05-02T10:57:52.900Z</time></trkpt>
<trkpt lat="54.506441" lon="18.625419"><time>2026-05-02T10:57:54.900Z</time></trkpt>
<trkpt lat="54.506470" lon="18.625462"><time>2026-05-02T10:57:56.900Z</time></trkpt>
<trkpt lat="54.506504" lon="18.625501"><time>2026-05-02T10:57:58.900Z</time></trkpt>
<trkpt lat="54.506539" lon="18.625541"><time>2026-05-02T10:58:00.900Z</time></trkpt>
<trkpt lat="54.506572" lon="18.625580"><time>2026-05-02T10:58:02.900Z</time></trkpt>
<trkpt lat="54.506604" lon="18.625620"><time>2026-05-02T10:58:04.900Z</time></trkpt>
<trkpt lat="54.506637" lon="18.625659"><time>2026-05-02T10:58:06.900Z</time></trkpt>
<trkpt lat="54.506670" lon="18.625698"><time>2026-05-02T10:58:08.900Z</time></trkpt>
<trkpt lat="54.506703" lon="18.625736"><time>2026-05-02T10:58:11.000Z</time></trkpt>
<trkpt lat="54.506737" lon="18.625779"><time>2026-05-02T10:58:13.000Z</time></trkpt>
<trkpt lat="54.506767" lon="18.625819"><time>2026-05-02T10:58:15.000Z</time></trkpt>
<trkpt lat="54.506801" lon="18.625861"><time>2026-05-02T10:58:17.000Z</time></trkpt>
<trkpt lat="54.506838" lon="18.625899"><time>2026-05-02T10:58:19.000Z</time></trkpt>
<trkpt lat="54.506874" lon="18.625932"><time>2026-05-02T10:58:21.000Z</time></trkpt>
<trkpt lat="54.506910" lon="18.625967"><time>2026-05-02T10:58:23.000Z</time></trkpt>
<trkpt lat="54.506945" lon="18.626007"><time>2026-05-02T10:58:25.000Z</time></trkpt>
<trkpt lat="54.506977" lon="18.626047"><time>2026-05-02T10:58:27.000Z</time></trkpt>
<trkpt lat="54.507010" lon="18.626090"><time>2026-05-02T10:58:29.000Z</time></trkpt>
<trkpt lat="54.507044" lon="18.626132"><time>2026-05-02T10:58:31.000Z</time></trkpt>
<trkpt lat="54.507071" lon="18.626174"><time>2026-05-02T10:58:33.000Z</time></trkpt>
<trkpt lat="54.507109" lon="18.626220"><time>2026-05-02T10:58:34.900Z</time></trkpt>
<trkpt lat="54.507146" lon="18.626266"><time>2026-05-02T10:58:36.900Z</time></trkpt>
<trkpt lat="54.507184" lon="18.626311"><time>2026-05-02T10:58:38.900Z</time></trkpt>
<trkpt lat="54.507219" lon="18.626356"><time>2026-05-02T10:58:40.900Z</time></trkpt>
<trkpt lat="54.507254" lon="18.626403"><time>2026-05-02T10:58:42.900Z</time></trkpt>
<trkpt lat="54.507290" lon="18.626453"><time>2026-05-02T10:58:44.900Z</time></trkpt>
<trkpt lat="54.507331" lon="18.626508"><time>2026-05-02T10:58:46.900Z</time></trkpt>
<trkpt lat="54.507371" lon="18.626560"><time>2026-05-02T10:58:48.900Z</time></trkpt>
<trkpt lat="54.507405" lon="18.626616"><time>2026-05-02T10:58:50.900Z</time></trkpt>
<trkpt lat="54.507439" lon="18.626672"><time>2026-05-02T10:58:52.900Z</time></trkpt>
<trkpt lat="54.507476" lon="18.626724"><time>2026-05-02T10:58:54.900Z</time></trkpt>
<trkpt lat="54.507518" lon="18.626766"><time>2026-05-02T10:58:56.900Z</time></trkpt>
<trkpt lat="54.507560" lon="18.626807"><time>2026-05-02T10:58:58.900Z</time></trkpt>
<trkpt lat="54.507599" lon="18.626848"><time>2026-05-02T10:59:00.900Z</time></trkpt>
<trkpt lat="54.507636" lon="18.626898"><time>2026-05-02T10:59:02.900Z</time></trkpt>
<trkpt lat="54.507676" lon="18.626944"><time>2026-05-02T10:59:04.900Z</time></trkpt>
<trkpt lat="54.507717" lon="18.626993"><time>2026-05-02T10:59:06.900Z</time></trkpt>
<trkpt lat="54.507757" lon="18.627041"><time>2026-05-02T10:59:08.900Z</time></trkpt>
<trkpt lat="54.507795" lon="18.627091"><time>2026-05-02T10:59:10.900Z</time></trkpt>
<trkpt lat="54.507822" lon="18.627142"><time>2026-05-02T10:59:12.900Z</time></trkpt>
<trkpt lat="54.507834" lon="18.627192"><time>2026-05-02T10:59:14.900Z</time></trkpt>
<trkpt lat="54.507825" lon="18.627230"><time>2026-05-02T10:59:16.900Z</time></trkpt>
<trkpt lat="54.507805" lon="18.627274"><time>2026-05-02T10:59:18.900Z</time></trkpt>
<trkpt lat="54.507791" lon="18.627309"><time>2026-05-02T10:59:20.900Z</time></trkpt>
<trkpt lat="54.507779" lon="18.627352"><time>2026-05-02T10:59:22.900Z</time></trkpt>
<trkpt lat="54.507761" lon="18.627396"><time>2026-05-02T10:59:24.900Z</time></trkpt>
<trkpt lat="54.507739" lon="18.627432"><time>2026-05-02T10:59:26.900Z</time></trkpt>
<trkpt lat="54.507713" lon="18.627468"><time>2026-05-02T10:59:28.900Z</time></trkpt>
<trkpt lat="54.507687" lon="18.627507"><time>2026-05-02T10:59:30.900Z</time></trkpt>
<trkpt lat="54.507659" lon="18.627547"><time>2026-05-02T10:59:32.900Z</time></trkpt>
<trkpt lat="54.507630" lon="18.627591"><time>2026-05-02T10:59:34.900Z</time></trkpt>
<trkpt lat="54.507599" lon="18.627635"><time>2026-05-02T10:59:36.900Z</time></trkpt>
<trkpt lat="54.507566" lon="18.627674"><time>2026-05-02T10:59:38.900Z</time></trkpt>
<trkpt lat="54.507531" lon="18.627721"><time>2026-05-02T10:59:40.900Z</time></trkpt>
<trkpt lat="54.507496" lon="18.627772"><time>2026-05-02T10:59:42.900Z</time></trkpt>
<trkpt lat="54.507465" lon="18.627829"><time>2026-05-02T10:59:44.900Z</time></trkpt>
<trkpt lat="54.507435" lon="18.627889"><time>2026-05-02T10:59:46.900Z</time></trkpt>
<trkpt lat="54.507412" lon="18.627937"><time>2026-05-02T10:59:48.900Z</time></trkpt>
<trkpt lat="54.507390" lon="18.627985"><time>2026-05-02T10:59:50.900Z</time></trkpt>
<trkpt lat="54.507362" lon="18.628045"><time>2026-05-02T10:59:52.900Z</time></trkpt>
<trkpt lat="54.507332" lon="18.628117"><time>2026-05-02T10:59:54.900Z</time></trkpt>
<trkpt lat="54.507296" lon="18.628200"><time>2026-05-02T10:59:56.900Z</time></trkpt>
<trkpt lat="54.507256" lon="18.628274"><time>2026-05-02T10:59:58.900Z</time></trkpt>
<trkpt lat="54.507229" lon="18.628359"><time>2026-05-02T11:00:00.900Z</time></trkpt>
<trkpt lat="54.507201" lon="18.628420"><time>2026-05-02T11:00:02.900Z</time></trkpt>
<trkpt lat="54.507176" lon="18.628485"><time>2026-05-02T11:00:04.900Z</time></trkpt>
<trkpt lat="54.507149" lon="18.628550"><time>2026-05-02T11:00:06.900Z</time></trkpt>
<trkpt lat="54.507122" lon="18.628618"><time>2026-05-02T11:00:08.900Z</time></trkpt>
<trkpt lat="54.507096" lon="18.628686"><time>2026-05-02T11:00:10.900Z</time></trkpt>
<trkpt lat="54.507072" lon="18.628756"><time>2026-05-02T11:00:12.900Z</time></trkpt>
<trkpt lat="54.507047" lon="18.628819"><time>2026-05-02T11:00:14.900Z</time></trkpt>
<trkpt lat="54.507021" lon="18.628886"><time>2026-05-02T11:00:17.000Z</time></trkpt>
<trkpt lat="54.506996" lon="18.628953"><time>2026-05-02T11:00:19.000Z</time></trkpt>
<trkpt lat="54.506971" lon="18.629019"><time>2026-05-02T11:00:21.000Z</time></trkpt>
<trkpt lat="54.506944" lon="18.629085"><time>2026-05-02T11:00:23.000Z</time></trkpt>
<trkpt lat="54.506915" lon="18.629155"><time>2026-05-02T11:00:25.000Z</time></trkpt>
<trkpt lat="54.506887" lon="18.629223"><time>2026-05-02T11:00:27.000Z</time></trkpt>
<trkpt lat="54.506859" lon="18.629291"><time>2026-05-02T11:00:29.000Z</time></trkpt>
<trkpt lat="54.506834" lon="18.629360"><time>2026-05-02T11:00:31.000Z</time></trkpt>
<trkpt lat="54.506809" lon="18.629427"><time>2026-05-02T11:00:33.000Z</time></trkpt>
<trkpt lat="54.506784" lon="18.629495"><time>2026-05-02T11:00:35.000Z</time></trkpt>
<trkpt lat="54.506752" lon="18.629569"><time>2026-05-02T11:00:36.900Z</time></trkpt>
<trkpt lat="54.506729" lon="18.629640"><time>2026-05-02T11:00:38.900Z</time></trkpt>
<trkpt lat="54.506707" lon="18.629708"><time>2026-05-02T11:00:40.900Z</time></trkpt>
<trkpt lat="54.506684" lon="18.629779"><time>2026-05-02T11:00:42.900Z</time></trkpt>
<trkpt lat="54.506663" lon="18.629850"><time>2026-05-02T11:00:44.900Z</time></trkpt>
<trkpt lat="54.506642" lon="18.629922"><time>2026-05-02T11:00:46.900Z</time></trkpt>
<trkpt lat="54.506618" lon="18.629990"><time>2026-05-02T11:00:48.900Z</time></trkpt>
<trkpt lat="54.506595" lon="18.630057"><time>2026-05-02T11:00:50.900Z</time></trkpt>
<trkpt lat="54.506571" lon="18.630126"><time>2026-05-02T11:00:52.900Z</time></trkpt>
<trkpt lat="54.506546" lon="18.630192"><time>2026-05-02T11:00:54.900Z</time></trkpt>
<trkpt lat="54.506521" lon="18.630260"><time>2026-05-02T11:00:56.900Z</time></trkpt>
<trkpt lat="54.506496" lon="18.630327"><time>2026-05-02T11:00:58.900Z</time></trkpt>
<trkpt lat="54.506472" lon="18.630391"><time>2026-05-02T11:01:00.900Z</time></trkpt>
<trkpt lat="54.506450" lon="18.630457"><time>2026-05-02T11:01:02.900Z</time></trkpt>
<trkpt lat="54.506427" lon="18.630526"><time>2026-05-02T11:01:04.900Z</time></trkpt>
<trkpt lat="54.506405" lon="18.630595"><time>2026-05-02T11:01:06.900Z</time></trkpt>
<trkpt lat="54.506382" lon="18.630661"><time>2026-05-02T11:01:08.900Z</time></trkpt>
<trkpt lat="54.506361" lon="18.630725"><time>2026-05-02T11:01:10.900Z</time></trkpt>
<trkpt lat="54.506338" lon="18.630791"><time>2026-05-02T11:01:12.900Z</time></trkpt>
<trkpt lat="54.506313" lon="18.630854"><time>2026-05-02T11:01:14.900Z</time></trkpt>
<trkpt lat="54.506289" lon="18.630918"><time>2026-05-02T11:01:16.900Z</time></trkpt>
<trkpt lat="54.506265" lon="18.630984"><time>2026-05-02T11:01:18.900Z</time></trkpt>
<trkpt lat="54.506241" lon="18.631050"><time>2026-05-02T11:01:20.900Z</time></trkpt>
<trkpt lat="54.506218" lon="18.631116"><time>2026-05-02T11:01:22.900Z</time></trkpt>
<trkpt lat="54.506197" lon="18.631183"><time>2026-05-02T11:01:24.900Z</time></trkpt>
<trkpt lat="54.506179" lon="18.631246"><time>2026-05-02T11:01:26.900Z</time></trkpt>
<trkpt lat="54.506162" lon="18.631311"><time>2026-05-02T11:01:28.900Z</time></trkpt>
<trkpt lat="54.506145" lon="18.631377"><time>2026-05-02T11:01:30.900Z</time></trkpt>
<trkpt lat="54.506128" lon="18.631439"><time>2026-05-02T11:01:32.900Z</time></trkpt>
<trkpt lat="54.506111" lon="18.631503"><time>2026-05-02T11:01:34.900Z</time></trkpt>
<trkpt lat="54.506093" lon="18.631562"><time>2026-05-02T11:01:36.900Z</time></trkpt>
<trkpt lat="54.506074" lon="18.631619"><time>2026-05-02T11:01:38.900Z</time></trkpt>
<trkpt lat="54.506055" lon="18.631678"><time>2026-05-02T11:01:40.900Z</time></trkpt>
<trkpt lat="54.506039" lon="18.631735"><time>2026-05-02T11:01:42.900Z</time></trkpt>
<trkpt lat="54.506021" lon="18.631793"><time>2026-05-02T11:01:44.900Z</time></trkpt>
<trkpt lat="54.506002" lon="18.631851"><time>2026-05-02T11:01:46.900Z</time></trkpt>
<trkpt lat="54.505982" lon="18.631909"><time>2026-05-02T11:01:48.900Z</time></trkpt>
<trkpt lat="54.505962" lon="18.631963"><time>2026-05-02T11:01:50.900Z</time></trkpt>
<trkpt lat="54.505941" lon="18.632019"><time>2026-05-02T11:01:52.900Z</time></trkpt>
<trkpt lat="54.505921" lon="18.632073"><time>2026-05-02T11:01:54.900Z</time></trkpt>
<trkpt lat="54.505902" lon="18.632128"><time>2026-05-02T11:01:56.900Z</time></trkpt>
<trkpt lat="54.505883" lon="18.632183"><time>2026-05-02T11:01:58.900Z</time></trkpt>
<trkpt lat="54.505861" lon="18.632234"><time>2026-05-02T11:02:00.900Z</time></trkpt>
<trkpt lat="54.505837" lon="18.632284"><time>2026-05-02T11:02:02.900Z</time></trkpt>
<trkpt lat="54.505809" lon="18.632332"><time>2026-05-02T11:02:04.900Z</time></trkpt>
<trkpt lat="54.505783" lon="18.632387"><time>2026-05-02T11:02:06.900Z</time></trkpt>
<trkpt lat="54.505759" lon="18.632437"><time>2026-05-02T11:02:08.900Z</time></trkpt>
<trkpt lat="54.505732" lon="18.632485"><time>2026-05-02T11:02:10.900Z</time></trkpt>
<trkpt lat="54.505705" lon="18.632534"><time>2026-05-02T11:02:12.900Z</time></trkpt>
<trkpt lat="54.505676" lon="18.632591"><time>2026-05-02T11:02:14.900Z</time></trkpt>
<trkpt lat="54.505640" lon="18.632644"><time>2026-05-02T11:02:16.900Z</time></trkpt>
<trkpt lat="54.505604" lon="18.632697"><time>2026-05-02T11:02:18.900Z</time></trkpt>
<trkpt lat="54.505568" lon="18.632749"><time>2026-05-02T11:02:20.900Z</time></trkpt>
<trkpt lat="54.505535" lon="18.632802"><time>2026-05-02T11:02:23.000Z</time></trkpt>
<trkpt lat="54.505502" lon="18.632860"><time>2026-05-02T11:02:25.000Z</time></trkpt>
<trkpt lat="54.505471" lon="18.632918"><time>2026-05-02T11:02:27.000Z</time></trkpt>
<trkpt lat="54.505440" lon="18.632979"><time>2026-05-02T11:02:29.000Z</time></trkpt>
<trkpt lat="54.505409" lon="18.633034"><time>2026-05-02T11:02:31.000Z</time></trkpt>
<trkpt lat="54.505379" lon="18.633091"><time>2026-05-02T11:02:33.000Z</time></trkpt>
<trkpt lat="54.505347" lon="18.633151"><time>2026-05-02T11:02:35.000Z</time></trkpt>
<trkpt lat="54.505317" lon="18.633207"><time>2026-05-02T11:02:37.000Z</time></trkpt>
<trkpt lat="54.505287" lon="18.633263"><time>2026-05-02T11:02:39.000Z</time></trkpt>
<trkpt lat="54.505257" lon="18.633322"><time>2026-05-02T11:02:41.000Z</time></trkpt>
<trkpt lat="54.505227" lon="18.633380"><time>2026-05-02T11:02:43.000Z</time></trkpt>
<trkpt lat="54.505197" lon="18.633436"><time>2026-05-02T11:02:44.900Z</time></trkpt>
<trkpt lat="54.505165" lon="18.633496"><time>2026-05-02T11:02:46.900Z</time></trkpt>
<trkpt lat="54.505135" lon="18.633553"><time>2026-05-02T11:02:48.900Z</time></trkpt>
<trkpt lat="54.505103" lon="18.633613"><time>2026-05-02T11:02:50.900Z</time></trkpt>
<trkpt lat="54.505072" lon="18.633671"><time>2026-05-02T11:02:52.900Z</time></trkpt>
<trkpt lat="54.505040" lon="18.633732"><time>2026-05-02T11:02:54.900Z</time></trkpt>
<trkpt lat="54.505009" lon="18.633793"><time>2026-05-02T11:02:56.900Z</time></trkpt>
<trkpt lat="54.504978" lon="18.633856"><time>2026-05-02T11:02:58.900Z</time></trkpt>
<trkpt lat="54.504947" lon="18.633921"><time>2026-05-02T11:03:00.900Z</time></trkpt>
<trkpt lat="54.504917" lon="18.633982"><time>2026-05-02T11:03:02.900Z</time></trkpt>
<trkpt lat="54.504886" lon="18.634047"><time>2026-05-02T11:03:04.900Z</time></trkpt>
<trkpt lat="54.504857" lon="18.634115"><time>2026-05-02T11:03:06.900Z</time></trkpt>
<trkpt lat="54.504828" lon="18.634179"><time>2026-05-02T11:03:08.900Z</time></trkpt>
<trkpt lat="54.504799" lon="18.634242"><time>2026-05-02T11:03:10.900Z</time></trkpt>
<trkpt lat="54.504769" lon="18.634310"><time>2026-05-02T11:03:12.900Z</time></trkpt>
<trkpt lat="54.504742" lon="18.634375"><time>2026-05-02T11:03:14.900Z</time></trkpt>
<trkpt lat="54.504714" lon="18.634443"><time>2026-05-02T11:03:16.900Z</time></trkpt>
<trkpt lat="54.504685" lon="18.634512"><time>2026-05-02T11:03:18.900Z</time></trkpt>
<trkpt lat="54.504656" lon="18.634582"><time>2026-05-02T11:03:20.900Z</time></trkpt>
<trkpt lat="54.504628" lon="18.634649"><time>2026-05-02T11:03:22.900Z</time></trkpt>
<trkpt lat="54.504601" lon="18.634722"><time>2026-05-02T11:03:24.900Z</time></trkpt>
<trkpt lat="54.504574" lon="18.634792"><time>2026-05-02T11:03:26.900Z</time></trkpt>
<trkpt lat="54.504550" lon="18.634865"><time>2026-05-02T11:03:28.900Z</time></trkpt>
<trkpt lat="54.504525" lon="18.634939"><time>2026-05-02T11:03:30.900Z</time></trkpt>
<trkpt lat="54.504499" lon="18.635013"><time>2026-05-02T11:03:32.900Z</time></trkpt>
<trkpt lat="54.504473" lon="18.635084"><time>2026-05-02T11:03:34.900Z</time></trkpt>
<trkpt lat="54.504446" lon="18.635156"><time>2026-05-02T11:03:36.900Z</time></trkpt>
<trkpt lat="54.504420" lon="18.635229"><time>2026-05-02T11:03:38.900Z</time></trkpt>
<trkpt lat="54.504394" lon="18.635302"><time>2026-05-02T11:03:40.900Z</time></trkpt>
<trkpt lat="54.504367" lon="18.635372"><time>2026-05-02T11:03:42.900Z</time></trkpt>
<trkpt lat="54.504340" lon="18.635442"><time>2026-05-02T11:03:44.900Z</time></trkpt>
<trkpt lat="54.504312" lon="18.635511"><time>2026-05-02T11:03:46.900Z</time></trkpt>
<trkpt lat="54.504285" lon="18.635579"><time>2026-05-02T11:03:48.900Z</time></trkpt>
<trkpt lat="54.504256" lon="18.635646"><time>2026-05-02T11:03:50.900Z</time></trkpt>
<trkpt lat="54.504225" lon="18.635716"><time>2026-05-02T11:03:52.900Z</time></trkpt>
<trkpt lat="54.504199" lon="18.635784"><time>2026-05-02T11:03:54.900Z</time></trkpt>
<trkpt lat="54.504174" lon="18.635853"><time>2026-05-02T11:03:56.900Z</time></trkpt>
<trkpt lat="54.504148" lon="18.635927"><time>2026-05-02T11:03:58.900Z</time></trkpt>
<trkpt lat="54.504124" lon="18.636003"><time>2026-05-02T11:04:00.900Z</time></trkpt>
<trkpt lat="54.504101" lon="18.636075"><time>2026-05-02T11:04:02.900Z</time></trkpt>
<trkpt lat="54.504074" lon="18.636146"><time>2026-05-02T11:04:04.900Z</time></trkpt>
<trkpt lat="54.504046" lon="18.636218"><time>2026-05-02T11:04:06.900Z</time></trkpt>
<trkpt lat="54.504019" lon="18.636289"><time>2026-05-02T11:04:08.900Z</time></trkpt>
<trkpt lat="54.503993" lon="18.636360"><time>2026-05-02T11:04:10.900Z</time></trkpt>
<trkpt lat="54.503968" lon="18.636435"><time>2026-05-02T11:04:12.900Z</time></trkpt>
<trkpt lat="54.503943" lon="18.636512"><time>2026-05-02T11:04:14.900Z</time></trkpt>
<trkpt lat="54.503916" lon="18.636584"><time>2026-05-02T11:04:16.900Z</time></trkpt>
<trkpt lat="54.503886" lon="18.636657"><time>2026-05-02T11:04:18.900Z</time></trkpt>
<trkpt lat="54.503857" lon="18.636736"><time>2026-05-02T11:04:20.900Z</time></trkpt>
<trkpt lat="54.503829" lon="18.636809"><time>2026-05-02T11:04:22.900Z</time></trkpt>
<trkpt lat="54.503801" lon="18.636881"><time>2026-05-02T11:04:24.900Z</time></trkpt>
<trkpt lat="54.503769" lon="18.636952"><time>2026-05-02T11:04:26.900Z</time></trkpt>
<trkpt lat="54.503737" lon="18.637022"><time>2026-05-02T11:04:29.000Z</time></trkpt>
<trkpt lat="54.503704" lon="18.637088"><time>2026-05-02T11:04:31.000Z</time></trkpt>
<trkpt lat="54.503670" lon="18.637156"><time>2026-05-02T11:04:33.000Z</time></trkpt>
<trkpt lat="54.503637" lon="18.637226"><time>2026-05-02T11:04:35.000Z</time></trkpt>
<trkpt lat="54.503606" lon="18.637296"><time>2026-05-02T11:04:37.000Z</time></trkpt>
<trkpt lat="54.503575" lon="18.637365"><time>2026-05-02T11:04:39.000Z</time></trkpt>
<trkpt lat="54.503543" lon="18.637436"><time>2026-05-02T11:04:41.000Z</time></trkpt>
<trkpt lat="54.503509" lon="18.637506"><time>2026-05-02T11:04:43.000Z</time></trkpt>
<trkpt lat="54.503478" lon="18.637571"><time>2026-05-02T11:04:45.000Z</time></trkpt>
<trkpt lat="54.503447" lon="18.637632"><time>2026-05-02T11:04:47.000Z</time></trkpt>
<trkpt lat="54.503411" lon="18.637701"><time>2026-05-02T11:04:49.000Z</time></trkpt>
<trkpt lat="54.503380" lon="18.637772"><time>2026-05-02T11:04:51.000Z</time></trkpt>
<trkpt lat="54.503348" lon="18.637842"><time>2026-05-02T11:04:53.000Z</time></trkpt>
<trkpt lat="54.503316" lon="18.637913"><time>2026-05-02T11:04:54.900Z</time></trkpt>
<trkpt lat="54.503287" lon="18.637982"><time>2026-05-02T11:04:56.900Z</time></trkpt>
<trkpt lat="54.503264" lon="18.638048"><time>2026-05-02T11:04:58.900Z</time></trkpt>
<trkpt lat="54.503263" lon="18.638109"><time>2026-05-02T11:05:00.900Z</time></trkpt>
<trkpt lat="54.503278" lon="18.638167"><time>2026-05-02T11:05:02.900Z</time></trkpt>
<trkpt lat="54.503296" lon="18.638207"><time>2026-05-02T11:05:04.900Z</time></trkpt>
<trkpt lat="54.503320" lon="18.638227"><time>2026-05-02T11:05:06.900Z</time></trkpt>
<trkpt lat="54.503343" lon="18.638246"><time>2026-05-02T11:05:08.900Z</time></trkpt>
<trkpt lat="54.503372" lon="18.638257"><time>2026-05-02T11:05:10.900Z</time></trkpt>
<trkpt lat="54.503400" lon="18.638281"><time>2026-05-02T11:05:12.900Z</time></trkpt>
<trkpt lat="54.503429" lon="18.638306"><time>2026-05-02T11:05:14.900Z</time></trkpt>
<trkpt lat="54.503463" lon="18.638332"><time>2026-05-02T11:05:16.900Z</time></trkpt>
<trkpt lat="54.503498" lon="18.638368"><time>2026-05-02T11:05:18.900Z</time></trkpt>
<trkpt lat="54.503523" lon="18.638420"><time>2026-05-02T11:05:20.900Z</time></trkpt>
<trkpt lat="54.503552" lon="18.638452"><time>2026-05-02T11:05:22.900Z</time></trkpt>
<trkpt lat="54.503580" lon="18.638479"><time>2026-05-02T11:05:24.900Z</time></trkpt>
<trkpt lat="54.503610" lon="18.638510"><time>2026-05-02T11:05:26.900Z</time></trkpt>
<trkpt lat="54.503642" lon="18.638532"><time>2026-05-02T11:05:28.900Z</time></trkpt>
<trkpt lat="54.503671" lon="18.638554"><time>2026-05-02T11:05:30.900Z</time></trkpt>
<trkpt lat="54.503706" lon="18.638591"><time>2026-05-02T11:05:32.900Z</time></trkpt>
<trkpt lat="54.503739" lon="18.638629"><time>2026-05-02T11:05:34.900Z</time></trkpt>
<trkpt lat="54.503773" lon="18.638666"><time>2026-05-02T11:05:36.900Z</time></trkpt>
<trkpt lat="54.503807" lon="18.638700"><time>2026-05-02T11:05:38.900Z</time></trkpt>
<trkpt lat="54.503839" lon="18.638729"><time>2026-05-02T11:05:40.900Z</time></trkpt>
<trkpt lat="54.503871" lon="18.638764"><time>2026-05-02T11:05:42.900Z</time></trkpt>
<trkpt lat="54.503904" lon="18.638801"><time>2026-05-02T11:05:44.900Z</time></trkpt>
<trkpt lat="54.503934" lon="18.638838"><time>2026-05-02T11:05:46.900Z</time></trkpt>
<trkpt lat="54.503963" lon="18.638878"><time>2026-05-02T11:05:48.900Z</time></trkpt>
<trkpt lat="54.503993" lon="18.638913"><time>2026-05-02T11:05:50.900Z</time></trkpt>
<trkpt lat="54.504024" lon="18.638942"><time>2026-05-02T11:05:52.900Z</time></trkpt>
<trkpt lat="54.504057" lon="18.638975"><time>2026-05-02T11:05:54.900Z</time></trkpt>
<trkpt lat="54.504089" lon="18.639007"><time>2026-05-02T11:05:56.900Z</time></trkpt>
<trkpt lat="54.504120" lon="18.639042"><time>2026-05-02T11:05:58.900Z</time></trkpt>
<trkpt lat="54.504155" lon="18.639071"><time>2026-05-02T11:06:00.900Z</time></trkpt>
<trkpt lat="54.504191" lon="18.639096"><time>2026-05-02T11:06:02.900Z</time></trkpt>
<trkpt lat="54.504229" lon="18.639125"><time>2026-05-02T11:06:04.900Z</time></trkpt>
<trkpt lat="54.504267" lon="18.639160"><time>2026-05-02T11:06:06.900Z</time></trkpt>
<trkpt lat="54.504305" lon="18.639195"><time>2026-05-02T11:06:08.900Z</time></trkpt>
<trkpt lat="54.504344" lon="18.639231"><time>2026-05-02T11:06:10.900Z</time></trkpt>
<trkpt lat="54.504384" lon="18.639269"><time>2026-05-02T11:06:12.900Z</time></trkpt>
<trkpt lat="54.504424" lon="18.639304"><time>2026-05-02T11:06:14.900Z</time></trkpt>
<trkpt lat="54.504465" lon="18.639340"><time>2026-05-02T11:06:16.900Z</time></trkpt>
<trkpt lat="54.504506" lon="18.639376"><time>2026-05-02T11:06:18.900Z</time></trkpt>
<trkpt lat="54.504547" lon="18.639412"><time>2026-05-02T11:06:20.900Z</time></trkpt>
<trkpt lat="54.504589" lon="18.639450"><time>2026-05-02T11:06:22.900Z</time></trkpt>
<trkpt lat="54.504630" lon="18.639486"><time>2026-05-02T11:06:24.900Z</time></trkpt>
<trkpt lat="54.504672" lon="18.639522"><time>2026-05-02T11:06:26.900Z</time></trkpt>
<trkpt lat="54.504714" lon="18.639559"><time>2026-05-02T11:06:28.900Z</time></trkpt>
<trkpt lat="54.504754" lon="18.639598"><time>2026-05-02T11:06:30.900Z</time></trkpt>
<trkpt lat="54.504795" lon="18.639637"><time>2026-05-02T11:06:32.900Z</time></trkpt>
<trkpt lat="54.504836" lon="18.639674"><time>2026-05-02T11:06:35.000Z</time></trkpt>
<trkpt lat="54.504876" lon="18.639711"><time>2026-05-02T11:06:37.000Z</time></trkpt>
<trkpt lat="54.504916" lon="18.639748"><time>2026-05-02T11:06:39.000Z</time></trkpt>
<trkpt lat="54.504956" lon="18.639784"><time>2026-05-02T11:06:41.000Z</time></trkpt>
<trkpt lat="54.504997" lon="18.639819"><time>2026-05-02T11:06:43.000Z</time></trkpt>
<trkpt lat="54.505037" lon="18.639855"><time>2026-05-02T11:06:45.000Z</time></trkpt>
<trkpt lat="54.505077" lon="18.639891"><time>2026-05-02T11:06:47.000Z</time></trkpt>
<trkpt lat="54.505116" lon="18.639927"><time>2026-05-02T11:06:49.000Z</time></trkpt>
<trkpt lat="54.505156" lon="18.639960"><time>2026-05-02T11:06:51.000Z</time></trkpt>
<trkpt lat="54.505196" lon="18.639991"><time>2026-05-02T11:06:53.000Z</time></trkpt>
<trkpt lat="54.505237" lon="18.640022"><time>2026-05-02T11:06:55.000Z</time></trkpt>
<trkpt lat="54.505277" lon="18.640053"><time>2026-05-02T11:06:57.000Z</time></trkpt>
<trkpt lat="54.505318" lon="18.640085"><time>2026-05-02T11:06:58.900Z</time></trkpt>
<trkpt lat="54.505358" lon="18.640117"><time>2026-05-02T11:07:00.900Z</time></trkpt>
<trkpt lat="54.505399" lon="18.640139"><time>2026-05-02T11:07:02.900Z</time></trkpt>
<trkpt lat="54.505424" lon="18.640186"><time>2026-05-02T11:07:04.900Z</time></trkpt>
<trkpt lat="54.505436" lon="18.640234"><time>2026-05-02T11:07:06.900Z</time></trkpt>
<trkpt lat="54.505438" lon="18.640280"><time>2026-05-02T11:07:08.900Z</time></trkpt>
<trkpt lat="54.505425" lon="18.640317"><time>2026-05-02T11:07:10.900Z</time></trkpt>
<trkpt lat="54.505414" lon="18.640338"><time>2026-05-02T11:07:12.900Z</time></trkpt>
<trkpt lat="54.505396" lon="18.640367"><time>2026-05-02T11:07:14.900Z</time></trkpt>
<trkpt lat="54.505369" lon="18.640407"><time>2026-05-02T11:07:16.900Z</time></trkpt>
<trkpt lat="54.505344" lon="18.640465"><time>2026-05-02T11:07:18.900Z</time></trkpt>
<trkpt lat="54.505323" lon="18.640522"><time>2026-05-02T11:07:20.900Z</time></trkpt>
<trkpt lat="54.505302" lon="18.640591"><time>2026-05-02T11:07:22.900Z</time></trkpt>
<trkpt lat="54.505286" lon="18.640657"><time>2026-05-02T11:07:24.900Z</time></trkpt>
<trkpt lat="54.505272" lon="18.640707"><time>2026-05-02T11:07:26.900Z</time></trkpt>
<trkpt lat="54.505250" lon="18.640751"><time>2026-05-02T11:07:28.900Z</time></trkpt>
<trkpt lat="54.505226" lon="18.640799"><time>2026-05-02T11:07:30.900Z</time></trkpt>
<trkpt lat="54.505204" lon="18.640839"><time>2026-05-02T11:07:32.900Z</time></trkpt>
<trkpt lat="54.505181" lon="18.640881"><time>2026-05-02T11:07:34.900Z</time></trkpt>
<trkpt lat="54.505156" lon="18.640922"><time>2026-05-02T11:07:36.900Z</time></trkpt>
<trkpt lat="54.505131" lon="18.640958"><time>2026-05-02T11:07:38.900Z</time></trkpt>
<trkpt lat="54.505117" lon="18.640994"><time>2026-05-02T11:07:40.900Z</time></trkpt>
<trkpt lat="54.505113" lon="18.641019"><time>2026-05-02T11:07:42.900Z</time></trkpt>
<trkpt lat="54.505129" lon="18.641021"><time>2026-05-02T11:07:44.900Z</time></trkpt>
<trkpt lat="54.505149" lon="18.641024"><time>2026-05-02T11:07:46.900Z</time></trkpt>
<trkpt lat="54.505162" lon="18.641015"><time>2026-05-02T11:07:48.900Z</time></trkpt>
<trkpt lat="54.505174" lon="18.641027"><time>2026-05-02T11:07:50.900Z</time></trkpt>
<trkpt lat="54.505186" lon="18.641040"><time>2026-05-02T11:07:52.900Z</time></trkpt>
<trkpt lat="54.505211" lon="18.641057"><time>2026-05-02T11:07:54.900Z</time></trkpt>
<trkpt lat="54.505228" lon="18.641088"><time>2026-05-02T11:07:56.900Z</time></trkpt>
<trkpt lat="54.505241" lon="18.641125"><time>2026-05-02T11:07:58.900Z</time></trkpt>
<trkpt lat="54.505260" lon="18.641136"><time>2026-05-02T11:08:00.900Z</time></trkpt>
<trkpt lat="54.505281" lon="18.641148"><time>2026-05-02T11:08:02.900Z</time></trkpt>
<trkpt lat="54.505305" lon="18.641160"><time>2026-05-02T11:08:04.900Z</time></trkpt>
<trkpt lat="54.505334" lon="18.641172"><time>2026-05-02T11:08:06.900Z</time></trkpt>
<trkpt lat="54.505360" lon="18.641191"><time>2026-05-02T11:08:08.900Z</time></trkpt>
<trkpt lat="54.505387" lon="18.641219"><time>2026-05-02T11:08:10.900Z</time></trkpt>
<trkpt lat="54.505416" lon="18.641244"><time>2026-05-02T11:08:12.900Z</time></trkpt>
<trkpt lat="54.505446" lon="18.641269"><time>2026-05-02T11:08:14.900Z</time></trkpt>
<trkpt lat="54.505475" lon="18.641295"><time>2026-05-02T11:08:16.900Z</time></trkpt>
<trkpt lat="54.505505" lon="18.641318"><time>2026-05-02T11:08:18.900Z</time></trkpt>
<trkpt lat="54.505536" lon="18.641339"><time>2026-05-02T11:08:20.900Z</time></trkpt>
<trkpt lat="54.505568" lon="18.641363"><time>2026-05-02T11:08:22.900Z</time></trkpt>
<trkpt lat="54.505600" lon="18.641389"><time>2026-05-02T11:08:24.900Z</time></trkpt>
<trkpt lat="54.505632" lon="18.641415"><time>2026-05-02T11:08:26.900Z</time></trkpt>
<trkpt lat="54.505664" lon="18.641443"><time>2026-05-02T11:08:28.900Z</time></trkpt>
<trkpt lat="54.505697" lon="18.641472"><time>2026-05-02T11:08:30.900Z</time></trkpt>
<trkpt lat="54.505731" lon="18.641501"><time>2026-05-02T11:08:32.900Z</time></trkpt>
<trkpt lat="54.505764" lon="18.641530"><time>2026-05-02T11:08:34.900Z</time></trkpt>
<trkpt lat="54.505796" lon="18.641564"><time>2026-05-02T11:08:36.900Z</time></trkpt>
<trkpt lat="54.505830" lon="18.641595"><time>2026-05-02T11:08:38.900Z</time></trkpt>
<trkpt lat="54.505864" lon="18.641625"><time>2026-05-02T11:08:41.000Z</time></trkpt>
<trkpt lat="54.505899" lon="18.641652"><time>2026-05-02T11:08:43.000Z</time></trkpt>
<trkpt lat="54.505934" lon="18.641680"><time>2026-05-02T11:08:45.000Z</time></trkpt>
<trkpt lat="54.505971" lon="18.641702"><time>2026-05-02T11:08:47.000Z</time></trkpt>
<trkpt lat="54.506004" lon="18.641729"><time>2026-05-02T11:08:49.000Z</time></trkpt>
<trkpt lat="54.506039" lon="18.641757"><time>2026-05-02T11:08:51.000Z</time></trkpt>
<trkpt lat="54.506074" lon="18.641783"><time>2026-05-02T11:08:53.000Z</time></trkpt>
<trkpt lat="54.506109" lon="18.641811"><time>2026-05-02T11:08:55.000Z</time></trkpt>
<trkpt lat="54.506144" lon="18.641836"><time>2026-05-02T11:08:57.000Z</time></trkpt>
<trkpt lat="54.506177" lon="18.641865"><time>2026-05-02T11:08:59.000Z</time></trkpt>
<trkpt lat="54.506211" lon="18.641890"><time>2026-05-02T11:09:00.900Z</time></trkpt>
<trkpt lat="54.506249" lon="18.641911"><time>2026-05-02T11:09:02.900Z</time></trkpt>
<trkpt lat="54.506285" lon="18.641935"><time>2026-05-02T11:09:04.900Z</time></trkpt>
<trkpt lat="54.506322" lon="18.641962"><time>2026-05-02T11:09:06.900Z</time></trkpt>
<trkpt lat="54.506360" lon="18.641997"><time>2026-05-02T11:09:08.900Z</time></trkpt>
<trkpt lat="54.506386" lon="18.642023"><time>2026-05-02T11:09:10.900Z</time></trkpt>
<trkpt lat="54.506398" lon="18.642061"><time>2026-05-02T11:09:12.900Z</time></trkpt>
<trkpt lat="54.506399" lon="18.642101"><time>2026-05-02T11:09:14.900Z</time></trkpt>
<trkpt lat="54.506399" lon="18.642144"><time>2026-05-02T11:09:16.900Z</time></trkpt>
<trkpt lat="54.506395" lon="18.642162"><time>2026-05-02T11:09:18.900Z</time></trkpt>
<trkpt lat="54.506384" lon="18.642201"><time>2026-05-02T11:09:20.900Z</time></trkpt>
<trkpt lat="54.506371" lon="18.642237"><time>2026-05-02T11:09:22.900Z</time></trkpt>
<trkpt lat="54.506355" lon="18.642278"><time>2026-05-02T11:09:24.900Z</time></trkpt>
<trkpt lat="54.506340" lon="18.642317"><time>2026-05-02T11:09:26.900Z</time></trkpt>
<trkpt lat="54.506327" lon="18.642352"><time>2026-05-02T11:09:28.900Z</time></trkpt>
<trkpt lat="54.506315" lon="18.642395"><time>2026-05-02T11:09:30.900Z</time></trkpt>
<trkpt lat="54.506302" lon="18.642437"><time>2026-05-02T11:09:32.900Z</time></trkpt>
<trkpt lat="54.506291" lon="18.642479"><time>2026-05-02T11:09:34.900Z</time></trkpt>
<trkpt lat="54.506278" lon="18.642517"><time>2026-05-02T11:09:36.900Z</time></trkpt>
<trkpt lat="54.506262" lon="18.642557"><time>2026-05-02T11:09:38.900Z</time></trkpt>
<trkpt lat="54.506247" lon="18.642597"><time>2026-05-02T11:09:40.900Z</time></trkpt>
<trkpt lat="54.506230" lon="18.642643"><time>2026-05-02T11:09:42.900Z</time></trkpt>
<trkpt lat="54.506211" lon="18.642697"><time>2026-05-02T11:09:44.900Z</time></trkpt>
<trkpt lat="54.506198" lon="18.642762"><time>2026-05-02T11:09:46.900Z</time></trkpt>
<trkpt lat="54.506183" lon="18.642833"><time>2026-05-02T11:09:48.900Z</time></trkpt>
<trkpt lat="54.506162" lon="18.642888"><time>2026-05-02T11:09:50.900Z</time></trkpt>
<trkpt lat="54.506147" lon="18.642924"><time>2026-05-02T11:09:52.900Z</time></trkpt>
<trkpt lat="54.506148" lon="18.642961"><time>2026-05-02T11:09:54.900Z</time></trkpt>
<trkpt lat="54.506152" lon="18.642979"><time>2026-05-02T11:09:56.900Z</time></trkpt>
<trkpt lat="54.506166" lon="18.642989"><time>2026-05-02T11:09:58.900Z</time></trkpt>
<trkpt lat="54.506172" lon="18.642982"><time>2026-05-02T11:10:00.900Z</time></trkpt>
<trkpt lat="54.506186" lon="18.642989"><time>2026-05-02T11:10:02.900Z</time></trkpt>
<trkpt lat="54.506213" lon="18.643002"><time>2026-05-02T11:10:04.900Z</time></trkpt>
<trkpt lat="54.506241" lon="18.643013"><time>2026-05-02T11:10:06.900Z</time></trkpt>
<trkpt lat="54.506281" lon="18.643028"><time>2026-05-02T11:10:08.900Z</time></trkpt>
<trkpt lat="54.506319" lon="18.643048"><time>2026-05-02T11:10:10.900Z</time></trkpt>
<trkpt lat="54.506351" lon="18.643078"><time>2026-05-02T11:10:12.900Z</time></trkpt>
<trkpt lat="54.506393" lon="18.643113"><time>2026-05-02T11:10:14.900Z</time></trkpt>
<trkpt lat="54.506430" lon="18.643138"><time>2026-05-02T11:10:16.900Z</time></trkpt>
<trkpt lat="54.506466" lon="18.643161"><time>2026-05-02T11:10:18.900Z</time></trkpt>
<trkpt lat="54.506507" lon="18.643196"><time>2026-05-02T11:10:20.900Z</time></trkpt>
<trkpt lat="54.506546" lon="18.643211"><time>2026-05-02T11:10:22.900Z</time></trkpt>
<trkpt lat="54.506584" lon="18.643227"><time>2026-05-02T11:10:24.900Z</time></trkpt>
<trkpt lat="54.506627" lon="18.643254"><time>2026-05-02T11:10:26.900Z</time></trkpt>
<trkpt lat="54.506671" lon="18.643261"><time>2026-05-02T11:10:28.900Z</time></trkpt>
<trkpt lat="54.506710" lon="18.643264"><time>2026-05-02T11:10:30.900Z</time></trkpt>
<trkpt lat="54.506752" lon="18.643253"><time>2026-05-02T11:10:32.900Z</time></trkpt>
<trkpt lat="54.506799" lon="18.643239"><time>2026-05-02T11:10:34.900Z</time></trkpt>
<trkpt lat="54.506847" lon="18.643224"><time>2026-05-02T11:10:36.900Z</time></trkpt>
<trkpt lat="54.506901" lon="18.643214"><time>2026-05-02T11:10:38.900Z</time></trkpt>
<trkpt lat="54.506948" lon="18.643188"><time>2026-05-02T11:10:40.900Z</time></trkpt>
<trkpt lat="54.506995" lon="18.643140"><time>2026-05-02T11:10:42.900Z</time></trkpt>
<trkpt lat="54.507038" lon="18.643091"><time>2026-05-02T11:10:44.900Z</time></trkpt>
<trkpt lat="54.507085" lon="18.643052"><time>2026-05-02T11:10:47.000Z</time></trkpt>
<trkpt lat="54.507134" lon="18.643000"><time>2026-05-02T11:10:49.000Z</time></trkpt>
<trkpt lat="54.507177" lon="18.642936"><time>2026-05-02T11:10:51.000Z</time></trkpt>
<trkpt lat="54.507216" lon="18.642865"><time>2026-05-02T11:10:53.000Z</time></trkpt>
<trkpt lat="54.507250" lon="18.642802"><time>2026-05-02T11:10:55.000Z</time></trkpt>
<trkpt lat="54.507280" lon="18.642749"><time>2026-05-02T11:10:57.000Z</time></trkpt>
<trkpt lat="54.507298" lon="18.642687"><time>2026-05-02T11:10:59.000Z</time></trkpt>
<trkpt lat="54.507321" lon="18.642630"><time>2026-05-02T11:11:01.000Z</time></trkpt>
<trkpt lat="54.507341" lon="18.642546"><time>2026-05-02T11:11:03.000Z</time></trkpt>
<trkpt lat="54.507362" lon="18.642463"><time>2026-05-02T11:11:04.900Z</time></trkpt>
<trkpt lat="54.507380" lon="18.642395"><time>2026-05-02T11:11:06.900Z</time></trkpt>
<trkpt lat="54.507399" lon="18.642329"><time>2026-05-02T11:11:08.900Z</time></trkpt>
<trkpt lat="54.507415" lon="18.642263"><time>2026-05-02T11:11:10.900Z</time></trkpt>
<trkpt lat="54.507430" lon="18.642196"><time>2026-05-02T11:11:12.900Z</time></trkpt>
<trkpt lat="54.507442" lon="18.642139"><time>2026-05-02T11:11:14.900Z</time></trkpt>
<trkpt lat="54.507453" lon="18.642074"><time>2026-05-02T11:11:16.900Z</time></trkpt>
<trkpt lat="54.507461" lon="18.642007"><time>2026-05-02T11:11:18.900Z</time></trkpt>
<trkpt lat="54.507473" lon="18.641953"><time>2026-05-02T11:11:20.900Z</time></trkpt>
<trkpt lat="54.507485" lon="18.641891"><time>2026-05-02T11:11:22.900Z</time></trkpt>
<trkpt lat="54.507493" lon="18.641837"><time>2026-05-02T11:11:24.900Z</time></trkpt>
<trkpt lat="54.507503" lon="18.641782"><time>2026-05-02T11:11:26.900Z</time></trkpt>
<trkpt lat="54.507512" lon="18.641724"><time>2026-05-02T11:11:28.900Z</time></trkpt>
<trkpt lat="54.507522" lon="18.641673"><time>2026-05-02T11:11:30.900Z</time></trkpt>
<trkpt lat="54.507535" lon="18.641613"><time>2026-05-02T11:11:32.900Z</time></trkpt>
<trkpt lat="54.507554" lon="18.641536"><time>2026-05-02T11:11:34.900Z</time></trkpt>
<trkpt lat="54.507565" lon="18.641463"><time>2026-05-02T11:11:36.900Z</time></trkpt>
<trkpt lat="54.507583" lon="18.641392"><time>2026-05-02T11:11:38.900Z</time></trkpt>
<trkpt lat="54.507597" lon="18.641322"><time>2026-05-02T11:11:40.900Z</time></trkpt>
<trkpt lat="54.507607" lon="18.641262"><time>2026-05-02T11:11:42.900Z</time></trkpt>
<trkpt lat="54.507617" lon="18.641210"><time>2026-05-02T11:11:44.900Z</time></trkpt>
<trkpt lat="54.507624" lon="18.641148"><time>2026-05-02T11:11:46.900Z</time></trkpt>
<trkpt lat="54.507633" lon="18.641087"><time>2026-05-02T11:11:48.900Z</time></trkpt>
<trkpt lat="54.507645" lon="18.641028"><time>2026-05-02T11:11:50.900Z</time></trkpt>
<trkpt lat="54.507654" lon="18.640971"><time>2026-05-02T11:11:52.900Z</time></trkpt>
<trkpt lat="54.507666" lon="18.640915"><time>2026-05-02T11:11:54.900Z</time></trkpt>
<trkpt lat="54.507676" lon="18.640856"><time>2026-05-02T11:11:56.900Z</time></trkpt>
<trkpt lat="54.507689" lon="18.640796"><time>2026-05-02T11:11:58.900Z</time></trkpt>
<trkpt lat="54.507701" lon="18.640729"><time>2026-05-02T11:12:00.900Z</time></trkpt>
<trkpt lat="54.507721" lon="18.640666"><time>2026-05-02T11:12:02.900Z</time></trkpt>
<trkpt lat="54.507738" lon="18.640604"><time>2026-05-02T11:12:04.900Z</time></trkpt>
<trkpt lat="54.507753" lon="18.640545"><time>2026-05-02T11:12:06.900Z</time></trkpt>
<trkpt lat="54.507765" lon="18.640484"><time>2026-05-02T11:12:08.900Z</time></trkpt>
<trkpt lat="54.507780" lon="18.640426"><time>2026-05-02T11:12:10.900Z</time></trkpt>
<trkpt lat="54.507798" lon="18.640362"><time>2026-05-02T11:12:12.900Z</time></trkpt>
<trkpt lat="54.507820" lon="18.640298"><time>2026-05-02T11:12:14.900Z</time></trkpt>
<trkpt lat="54.507846" lon="18.640226"><time>2026-05-02T11:12:16.900Z</time></trkpt>
<trkpt lat="54.507869" lon="18.640151"><time>2026-05-02T11:12:18.900Z</time></trkpt>
<trkpt lat="54.507890" lon="18.640070"><time>2026-05-02T11:12:20.900Z</time></trkpt>
<trkpt lat="54.507914" lon="18.639990"><time>2026-05-02T11:12:22.900Z</time></trkpt>
<trkpt lat="54.507941" lon="18.639901"><time>2026-05-02T11:12:24.900Z</time></trkpt>
<trkpt lat="54.507972" lon="18.639817"><time>2026-05-02T11:12:26.900Z</time></trkpt>
<trkpt lat="54.508003" lon="18.639735"><time>2026-05-02T11:12:28.900Z</time></trkpt>
<trkpt lat="54.508034" lon="18.639653"><time>2026-05-02T11:12:30.900Z</time></trkpt>
<trkpt lat="54.508063" lon="18.639565"><time>2026-05-02T11:12:32.900Z</time></trkpt>
<trkpt lat="54.508095" lon="18.639481"><time>2026-05-02T11:12:34.900Z</time></trkpt>
<trkpt lat="54.508118" lon="18.639395"><time>2026-05-02T11:12:36.900Z</time></trkpt>
<trkpt lat="54.508139" lon="18.639310"><time>2026-05-02T11:12:38.900Z</time></trkpt>
<trkpt lat="54.508160" lon="18.639214"><time>2026-05-02T11:12:40.900Z</time></trkpt>
<trkpt lat="54.508186" lon="18.639127"><time>2026-05-02T11:12:42.900Z</time></trkpt>
<trkpt lat="54.508211" lon="18.639044"><time>2026-05-02T11:12:44.900Z</time></trkpt>
<trkpt lat="54.508233" lon="18.638963"><time>2026-05-02T11:12:46.900Z</time></trkpt>
<trkpt lat="54.508255" lon="18.638874"><time>2026-05-02T11:12:48.900Z</time></trkpt>
<trkpt lat="54.508274" lon="18.638794"><time>2026-05-02T11:12:50.900Z</time></trkpt>
<trkpt lat="54.508296" lon="18.638713"><time>2026-05-02T11:12:53.000Z</time></trkpt>
<trkpt lat="54.508317" lon="18.638621"><time>2026-05-02T11:12:55.000Z</time></trkpt>
<trkpt lat="54.508337" lon="18.638545"><time>2026-05-02T11:12:57.000Z</time></trkpt>
<trkpt lat="54.508359" lon="18.638461"><time>2026-05-02T11:12:59.000Z</time></trkpt>
<trkpt lat="54.508389" lon="18.638374"><time>2026-05-02T11:13:01.000Z</time></trkpt>
<trkpt lat="54.508418" lon="18.638286"><time>2026-05-02T11:13:03.000Z</time></trkpt>
<trkpt lat="54.508445" lon="18.638204"><time>2026-05-02T11:13:05.000Z</time></trkpt>
<trkpt lat="54.508466" lon="18.638119"><time>2026-05-02T11:13:07.000Z</time></trkpt>
<trkpt lat="54.508485" lon="18.638041"><time>2026-05-02T11:13:09.000Z</time></trkpt>
<trkpt lat="54.508506" lon="18.637961"><time>2026-05-02T11:13:11.000Z</time></trkpt>
<trkpt lat="54.508522" lon="18.637877"><time>2026-05-02T11:13:13.000Z</time></trkpt>
<trkpt lat="54.508530" lon="18.637819"><time>2026-05-02T11:13:15.000Z</time></trkpt>
<trkpt lat="54.508546" lon="18.637751"><time>2026-05-02T11:13:17.000Z</time></trkpt>
<trkpt lat="54.508571" lon="18.637683"><time>2026-05-02T11:13:19.000Z</time></trkpt>
<trkpt lat="54.508595" lon="18.637618"><time>2026-05-02T11:13:21.000Z</time></trkpt>
<trkpt lat="54.508616" lon="18.637545"><time>2026-05-02T11:13:23.000Z</time></trkpt>
<trkpt lat="54.508635" lon="18.637469"><time>2026-05-02T11:13:25.000Z</time></trkpt>
<trkpt lat="54.508652" lon="18.637394"><time>2026-05-02T11:13:27.000Z</time></trkpt>
<trkpt lat="54.508674" lon="18.637322"><time>2026-05-02T11:13:29.000Z</time></trkpt>
<trkpt lat="54.508683" lon="18.637246"><time>2026-05-02T11:13:31.000Z</time></trkpt>
<trkpt lat="54.508693" lon="18.637179"><time>2026-05-02T11:13:33.000Z</time></trkpt>
<trkpt lat="54.508703" lon="18.637107"><time>2026-05-02T11:13:35.000Z</time></trkpt>
<trkpt lat="54.508710" lon="18.637040"><time>2026-05-02T11:13:37.000Z</time></trkpt>
<trkpt lat="54.508716" lon="18.636971"><time>2026-05-02T11:13:39.000Z</time></trkpt>
<trkpt lat="54.508722" lon="18.636905"><time>2026-05-02T11:13:41.000Z</time></trkpt>
<trkpt lat="54.508732" lon="18.636841"><time>2026-05-02T11:13:43.000Z</time></trkpt>
<trkpt lat="54.508743" lon="18.636782"><time>2026-05-02T11:13:45.000Z</time></trkpt>
<trkpt lat="54.508756" lon="18.636723"><time>2026-05-02T11:13:47.000Z</time></trkpt>
<trkpt lat="54.508768" lon="18.636662"><time>2026-05-02T11:13:49.000Z</time></trkpt>
<trkpt lat="54.508782" lon="18.636607"><time>2026-05-02T11:13:51.000Z</time></trkpt>
<trkpt lat="54.508798" lon="18.636546"><time>2026-05-02T11:13:52.900Z</time></trkpt>
<trkpt lat="54.508817" lon="18.636488"><time>2026-05-02T11:13:54.900Z</time></trkpt>
<trkpt lat="54.508835" lon="18.636431"><time>2026-05-02T11:13:56.900Z</time></trkpt>
<trkpt lat="54.508859" lon="18.636378"><time>2026-05-02T11:13:58.900Z</time></trkpt>
<trkpt lat="54.508885" lon="18.636326"><time>2026-05-02T11:14:00.900Z</time></trkpt>
<trkpt lat="54.508912" lon="18.636269"><time>2026-05-02T11:14:02.900Z</time></trkpt>
<trkpt lat="54.508940" lon="18.636210"><time>2026-05-02T11:14:04.900Z</time></trkpt>
<trkpt lat="54.508968" lon="18.636150"><time>2026-05-02T11:14:06.900Z</time></trkpt>
<trkpt lat="54.509000" lon="18.636087"><time>2026-05-02T11:14:08.900Z</time></trkpt>
<trkpt lat="54.509028" lon="18.636027"><time>2026-05-02T11:14:10.900Z</time></trkpt>
<trkpt lat="54.509056" lon="18.635966"><time>2026-05-02T11:14:12.900Z</time></trkpt>
<trkpt lat="54.509086" lon="18.635903"><time>2026-05-02T11:14:14.900Z</time></trkpt>
<trkpt lat="54.509115" lon="18.635843"><time>2026-05-02T11:14:16.900Z</time></trkpt>
<trkpt lat="54.509145" lon="18.635778"><time>2026-05-02T11:14:18.900Z</time></trkpt>
<trkpt lat="54.509174" lon="18.635715"><time>2026-05-02T11:14:20.900Z</time></trkpt>
<trkpt lat="54.509204" lon="18.635653"><time>2026-05-02T11:14:22.900Z</time></trkpt>
<trkpt lat="54.509234" lon="18.635588"><time>2026-05-02T11:14:24.900Z</time></trkpt>
<trkpt lat="54.509266" lon="18.635525"><time>2026-05-02T11:14:26.900Z</time></trkpt>
<trkpt lat="54.509298" lon="18.635463"><time>2026-05-02T11:14:28.900Z</time></trkpt>
<trkpt lat="54.509329" lon="18.635398"><time>2026-05-02T11:14:30.900Z</time></trkpt>
<trkpt lat="54.509362" lon="18.635329"><time>2026-05-02T11:14:32.900Z</time></trkpt>
<trkpt lat="54.509393" lon="18.635257"><time>2026-05-02T11:14:34.900Z</time></trkpt>
<trkpt lat="54.509425" lon="18.635186"><time>2026-05-02T11:14:36.900Z</time></trkpt>
<trkpt lat="54.509455" lon="18.635117"><time>2026-05-02T11:14:38.900Z</time></trkpt>
<trkpt lat="54.509483" lon="18.635043"><time>2026-05-02T11:14:40.900Z</time></trkpt>
<trkpt lat="54.509506" lon="18.634961"><time>2026-05-02T11:14:42.900Z</time></trkpt>
<trkpt lat="54.509524" lon="18.634881"><time>2026-05-02T11:14:44.900Z</time></trkpt>
<trkpt lat="54.509541" lon="18.634804"><time>2026-05-02T11:14:46.900Z</time></trkpt>
<trkpt lat="54.509560" lon="18.634720"><time>2026-05-02T11:14:48.900Z</time></trkpt>
<trkpt lat="54.509573" lon="18.634625"><time>2026-05-02T11:14:50.900Z</time></trkpt>
<trkpt lat="54.509584" lon="18.634550"><time>2026-05-02T11:14:52.900Z</time></trkpt>
<trkpt lat="54.509592" lon="18.634480"><time>2026-05-02T11:14:54.900Z</time></trkpt>
<trkpt lat="54.509596" lon="18.634408"><time>2026-05-02T11:14:56.900Z</time></trkpt>
<trkpt lat="54.509601" lon="18.634329"><time>2026-05-02T11:14:59.000Z</time></trkpt>
<trkpt lat="54.509603" lon="18.634259"><time>2026-05-02T11:15:01.000Z</time></trkpt>
<trkpt lat="54.509601" lon="18.634199"><time>2026-05-02T11:15:03.000Z</time></trkpt>
<trkpt lat="54.509605" lon="18.634136"><time>2026-05-02T11:15:05.000Z</time></trkpt>
<trkpt lat="54.509607" lon="18.634070"><time>2026-05-02T11:15:07.000Z</time></trkpt>
<trkpt lat="54.509607" lon="18.634003"><time>2026-05-02T11:15:09.000Z</time></trkpt>
<trkpt lat="54.509608" lon="18.633927"><time>2026-05-02T11:15:11.000Z</time></trkpt>
<trkpt lat="54.509611" lon="18.633864"><time>2026-05-02T11:15:13.000Z</time></trkpt>
<trkpt lat="54.509614" lon="18.633804"><time>2026-05-02T11:15:15.000Z</time></trkpt>
<trkpt lat="54.509612" lon="18.633732"><time>2026-05-02T11:15:17.000Z</time></trkpt>
<trkpt lat="54.509611" lon="18.633663"><time>2026-05-02T11:15:19.000Z</time></trkpt>
<trkpt lat="54.509610" lon="18.633593"><time>2026-05-02T11:15:21.000Z</time></trkpt>
<trkpt lat="54.509610" lon="18.633507"><time>2026-05-02T11:15:23.000Z</time></trkpt>
<trkpt lat="54.509617" lon="18.633416"><time>2026-05-02T11:15:25.000Z</time></trkpt>
<trkpt lat="54.509617" lon="18.633338"><time>2026-05-02T11:15:27.000Z</time></trkpt>
<trkpt lat="54.509617" lon="18.633256"><time>2026-05-02T11:15:29.000Z</time></trkpt>
<trkpt lat="54.509614" lon="18.633177"><time>2026-05-02T11:15:31.000Z</time></trkpt>
<trkpt lat="54.509610" lon="18.633098"><time>2026-05-02T11:15:33.000Z</time></trkpt>
<trkpt lat="54.509597" lon="18.633009"><time>2026-05-02T11:15:35.000Z</time></trkpt>
<trkpt lat="54.509578" lon="18.632936"><time>2026-05-02T11:15:37.000Z</time></trkpt>
<trkpt lat="54.509564" lon="18.632867"><time>2026-05-02T11:15:39.000Z</time></trkpt>
<trkpt lat="54.509545" lon="18.632795"><time>2026-05-02T11:15:41.000Z</time></trkpt>
<trkpt lat="54.509524" lon="18.632729"><time>2026-05-02T11:15:43.000Z</time></trkpt>
<trkpt lat="54.509505" lon="18.632668"><time>2026-05-02T11:15:45.000Z</time></trkpt>
<trkpt lat="54.509480" lon="18.632595"><time>2026-05-02T11:15:47.000Z</time></trkpt>
<trkpt lat="54.509449" lon="18.632534"><time>2026-05-02T11:15:49.000Z</time></trkpt>
<trkpt lat="54.509416" lon="18.632483"><time>2026-05-02T11:15:50.900Z</time></trkpt>
<trkpt lat="54.509377" lon="18.632428"><time>2026-05-02T11:15:52.900Z</time></trkpt>
<trkpt lat="54.509335" lon="18.632371"><time>2026-05-02T11:15:54.900Z</time></trkpt>
<trkpt lat="54.509290" lon="18.632322"><time>2026-05-02T11:15:56.900Z</time></trkpt>
<trkpt lat="54.509248" lon="18.632267"><time>2026-05-02T11:15:58.900Z</time></trkpt>
<trkpt lat="54.509204" lon="18.632208"><time>2026-05-02T11:16:00.900Z</time></trkpt>
<trkpt lat="54.509166" lon="18.632148"><time>2026-05-02T11:16:02.900Z</time></trkpt>
<trkpt lat="54.509124" lon="18.632088"><time>2026-05-02T11:16:04.900Z</time></trkpt>
<trkpt lat="54.509073" lon="18.632033"><time>2026-05-02T11:16:06.900Z</time></trkpt>
<trkpt lat="54.509022" lon="18.631983"><time>2026-05-02T11:16:08.900Z</time></trkpt>
<trkpt lat="54.508967" lon="18.631950"><time>2026-05-02T11:16:10.900Z</time></trkpt>
<trkpt lat="54.508913" lon="18.631915"><time>2026-05-02T11:16:12.900Z</time></trkpt>
<trkpt lat="54.508858" lon="18.631870"><time>2026-05-02T11:16:14.900Z</time></trkpt>
<trkpt lat="54.508805" lon="18.631806"><time>2026-05-02T11:16:16.900Z</time></trkpt>
<trkpt lat="54.508754" lon="18.631742"><time>2026-05-02T11:16:18.900Z</time></trkpt>
<trkpt lat="54.508704" lon="18.631679"><time>2026-05-02T11:16:20.900Z</time></trkpt>
<trkpt lat="54.508655" lon="18.631625"><time>2026-05-02T11:16:22.900Z</time></trkpt>
<trkpt lat="54.508604" lon="18.631577"><time>2026-05-02T11:16:24.900Z</time></trkpt>
<trkpt lat="54.508557" lon="18.631531"><time>2026-05-02T11:16:26.900Z</time></trkpt>
<trkpt lat="54.508512" lon="18.631475"><time>2026-05-02T11:16:28.900Z</time></trkpt>
<trkpt lat="54.508462" lon="18.631447"><time>2026-05-02T11:16:30.900Z</time></trkpt>
<trkpt lat="54.508406" lon="18.631412"><time>2026-05-02T11:16:32.900Z</time></trkpt>
<trkpt lat="54.508355" lon="18.631366"><time>2026-05-02T11:16:34.900Z</time></trkpt>
<trkpt lat="54.508316" lon="18.631323"><time>2026-05-02T11:16:36.900Z</time></trkpt>
<trkpt lat="54.508293" lon="18.631288"><time>2026-05-02T11:16:38.900Z</time></trkpt>
<trkpt lat="54.508269" lon="18.631257"><time>2026-05-02T11:16:40.900Z</time></trkpt>
<trkpt lat="54.508238" lon="18.631223"><time>2026-05-02T11:16:42.900Z</time></trkpt>
<trkpt lat="54.508191" lon="18.631183"><time>2026-05-02T11:16:44.900Z</time></trkpt>
<trkpt lat="54.508149" lon="18.631129"><time>2026-05-02T11:16:46.900Z</time></trkpt>
<trkpt lat="54.508106" lon="18.631079"><time>2026-05-02T11:16:48.900Z</time></trkpt>
<trkpt lat="54.508062" lon="18.631024"><time>2026-05-02T11:16:50.900Z</time></trkpt>
<trkpt lat="54.508029" lon="18.630965"><time>2026-05-02T11:16:52.900Z</time></trkpt>
<trkpt lat="54.507991" lon="18.630914"><time>2026-05-02T11:16:54.900Z</time></trkpt>
<trkpt lat="54.507951" lon="18.630863"><time>2026-05-02T11:16:56.900Z</time></trkpt>
<trkpt lat="54.507913" lon="18.630813"><time>2026-05-02T11:16:58.900Z</time></trkpt>
<trkpt lat="54.507878" lon="18.630767"><time>2026-05-02T11:17:00.900Z</time></trkpt>
<trkpt lat="54.507851" lon="18.630712"><time>2026-05-02T11:17:02.900Z</time></trkpt>
<trkpt lat="54.507823" lon="18.630662"><time>2026-05-02T11:17:05.000Z</time></trkpt>
<trkpt lat="54.507789" lon="18.630608"><time>2026-05-02T11:17:07.000Z</time></trkpt>
<trkpt lat="54.507756" lon="18.630564"><time>2026-05-02T11:17:09.000Z</time></trkpt>
<trkpt lat="54.507719" lon="18.630516"><time>2026-05-02T11:17:11.000Z</time></trkpt>
<trkpt lat="54.507695" lon="18.630464"><time>2026-05-02T11:17:13.000Z</time></trkpt>
<trkpt lat="54.507667" lon="18.630407"><time>2026-05-02T11:17:15.000Z</time></trkpt>
<trkpt lat="54.507632" lon="18.630364"><time>2026-05-02T11:17:17.000Z</time></trkpt>
<trkpt lat="54.507606" lon="18.630309"><time>2026-05-02T11:17:19.000Z</time></trkpt>
<trkpt lat="54.507577" lon="18.630262"><time>2026-05-02T11:17:21.000Z</time></trkpt>
<trkpt lat="54.507538" lon="18.630212"><time>2026-05-02T11:17:23.000Z</time></trkpt>
<trkpt lat="54.507501" lon="18.630156"><time>2026-05-02T11:17:25.000Z</time></trkpt>
<trkpt lat="54.507461" lon="18.630105"><time>2026-05-02T11:17:27.000Z</time></trkpt>
<trkpt lat="54.507412" lon="18.630054"><time>2026-05-02T11:17:29.000Z</time></trkpt>
<trkpt lat="54.507365" lon="18.630006"><time>2026-05-02T11:17:31.000Z</time></trkpt>
<trkpt lat="54.507314" lon="18.629943"><time>2026-05-02T11:17:33.000Z</time></trkpt>
<trkpt lat="54.507260" lon="18.629894"><time>2026-05-02T11:17:35.000Z</time></trkpt>
<trkpt lat="54.507213" lon="18.629848"><time>2026-05-02T11:17:37.000Z</time></trkpt>
<trkpt lat="54.507165" lon="18.629791"><time>2026-05-02T11:17:39.000Z</time></trkpt>
<trkpt lat="54.507113" lon="18.629729"><time>2026-05-02T11:17:41.000Z</time></trkpt>
<trkpt lat="54.507068" lon="18.629660"><time>2026-05-02T11:17:43.000Z</time></trkpt>
<trkpt lat="54.507022" lon="18.629589"><time>2026-05-02T11:17:45.000Z</time></trkpt>
<trkpt lat="54.506979" lon="18.629522"><time>2026-05-02T11:17:47.000Z</time></trkpt>
<trkpt lat="54.506930" lon="18.629444"><time>2026-05-02T11:17:49.000Z</time></trkpt>
<trkpt lat="54.506884" lon="18.629356"><time>2026-05-02T11:17:51.000Z</time></trkpt>
<trkpt lat="54.506844" lon="18.629276"><time>2026-05-02T11:17:53.000Z</time></trkpt>
<trkpt lat="54.506803" lon="18.629201"><time>2026-05-02T11:17:55.000Z</time></trkpt>
<trkpt lat="54.506764" lon="18.629125"><time>2026-05-02T11:17:57.000Z</time></trkpt>
<trkpt lat="54.506729" lon="18.629051"><time>2026-05-02T11:17:59.000Z</time></trkpt>
<trkpt lat="54.506690" lon="18.628978"><time>2026-05-02T11:18:01.000Z</time></trkpt>
<trkpt lat="54.506652" lon="18.628905"><time>2026-05-02T11:18:02.900Z</time></trkpt>
<trkpt lat="54.506611" lon="18.628827"><time>2026-05-02T11:18:04.900Z</time></trkpt>
<trkpt lat="54.506569" lon="18.628751"><time>2026-05-02T11:18:06.900Z</time></trkpt>
<trkpt lat="54.506527" lon="18.628676"><time>2026-05-02T11:18:08.900Z</time></trkpt>
<trkpt lat="54.506484" lon="18.628605"><time>2026-05-02T11:18:10.900Z</time></trkpt>
<trkpt lat="54.506443" lon="18.628532"><time>2026-05-02T11:18:12.900Z</time></trkpt>
<trkpt lat="54.506399" lon="18.628454"><time>2026-05-02T11:18:14.900Z</time></trkpt>
<trkpt lat="54.506358" lon="18.628383"><time>2026-05-02T11:18:16.900Z</time></trkpt>
<trkpt lat="54.506321" lon="18.628305"><time>2026-05-02T11:18:18.900Z</time></trkpt>
<trkpt lat="54.506282" lon="18.628227"><time>2026-05-02T11:18:20.900Z</time></trkpt>
<trkpt lat="54.506243" lon="18.628152"><time>2026-05-02T11:18:22.900Z</time></trkpt>
<trkpt lat="54.506203" lon="18.628077"><time>2026-05-02T11:18:24.900Z</time></trkpt>
<trkpt lat="54.506164" lon="18.628000"><time>2026-05-02T11:18:26.900Z</time></trkpt>
<trkpt lat="54.506124" lon="18.627925"><time>2026-05-02T11:18:28.900Z</time></trkpt>
<trkpt lat="54.506083" lon="18.627851"><time>2026-05-02T11:18:30.900Z</time></trkpt>
<trkpt lat="54.506044" lon="18.627776"><time>2026-05-02T11:18:32.900Z</time></trkpt>
<trkpt lat="54.506003" lon="18.627706"><time>2026-05-02T11:18:34.900Z</time></trkpt>
<trkpt lat="54.505958" lon="18.627636"><time>2026-05-02T11:18:36.900Z</time></trkpt>
<trkpt lat="54.505916" lon="18.627569"><time>2026-05-02T11:18:38.900Z</time></trkpt>
<trkpt lat="54.505872" lon="18.627497"><time>2026-05-02T11:18:40.900Z</time></trkpt>
<trkpt lat="54.505827" lon="18.627425"><time>2026-05-02T11:18:42.900Z</time></trkpt>
<trkpt lat="54.505783" lon="18.627353"><time>2026-05-02T11:18:44.900Z</time></trkpt>
<trkpt lat="54.505743" lon="18.627281"><time>2026-05-02T11:18:46.900Z</time></trkpt>
<trkpt lat="54.505705" lon="18.627202"><time>2026-05-02T11:18:48.900Z</time></trkpt>
<trkpt lat="54.505668" lon="18.627126"><time>2026-05-02T11:18:50.900Z</time></trkpt>
<trkpt lat="54.505633" lon="18.627050"><time>2026-05-02T11:18:52.900Z</time></trkpt>
<trkpt lat="54.505599" lon="18.626973"><time>2026-05-02T11:18:54.900Z</time></trkpt>
<trkpt lat="54.505564" lon="18.626895"><time>2026-05-02T11:18:56.900Z</time></trkpt>
<trkpt lat="54.505528" lon="18.626819"><time>2026-05-02T11:18:58.900Z</time></trkpt>
<trkpt lat="54.505490" lon="18.626745"><time>2026-05-02T11:19:00.900Z</time></trkpt>
<trkpt lat="54.505454" lon="18.626676"><time>2026-05-02T11:19:02.900Z</time></trkpt>
<trkpt lat="54.505415" lon="18.626605"><time>2026-05-02T11:19:04.900Z</time></trkpt>
<trkpt lat="54.505379" lon="18.626533"><time>2026-05-02T11:19:06.900Z</time></trkpt>
<trkpt lat="54.505341" lon="18.626470"><time>2026-05-02T11:19:08.900Z</time></trkpt>
<trkpt lat="54.505300" lon="18.626404"><time>2026-05-02T11:19:11.000Z</time></trkpt>
<trkpt lat="54.505254" lon="18.626332"><time>2026-05-02T11:19:13.000Z</time></trkpt>
<trkpt lat="54.505217" lon="18.626265"><time>2026-05-02T11:19:15.000Z</time></trkpt>
<trkpt lat="54.505176" lon="18.626196"><time>2026-05-02T11:19:17.000Z</time></trkpt>
<trkpt lat="54.505135" lon="18.626123"><time>2026-05-02T11:19:19.000Z</time></trkpt>
<trkpt lat="54.505098" lon="18.626049"><time>2026-05-02T11:19:21.000Z</time></trkpt>
<trkpt lat="54.505051" lon="18.625971"><time>2026-05-02T11:19:23.000Z</time></trkpt>
<trkpt lat="54.505006" lon="18.625890"><time>2026-05-02T11:19:25.000Z</time></trkpt>
<trkpt lat="54.504963" lon="18.625825"><time>2026-05-02T11:19:27.000Z</time></trkpt>
<trkpt lat="54.504924" lon="18.625756"><time>2026-05-02T11:19:29.000Z</time></trkpt>
<trkpt lat="54.504895" lon="18.625696"><time>2026-05-02T11:19:31.000Z</time></trkpt>
<trkpt lat="54.504859" lon="18.625634"><time>2026-05-02T11:19:33.000Z</time></trkpt>
<trkpt lat="54.504817" lon="18.625571"><time>2026-05-02T11:19:35.000Z</time></trkpt>
<trkpt lat="54.504782" lon="18.625506"><time>2026-05-02T11:19:37.000Z</time></trkpt>
<trkpt lat="54.504744" lon="18.625439"><time>2026-05-02T11:19:39.000Z</time></trkpt>
<trkpt lat="54.504707" lon="18.625370"><time>2026-05-02T11:19:41.000Z</time></trkpt>
<trkpt lat="54.504666" lon="18.625311"><time>2026-05-02T11:19:43.000Z</time></trkpt>
<trkpt lat="54.504624" lon="18.625251"><time>2026-05-02T11:19:45.000Z</time></trkpt>
<trkpt lat="54.504583" lon="18.625186"><time>2026-05-02T11:19:47.000Z</time></trkpt>
<trkpt lat="54.504540" lon="18.625119"><time>2026-05-02T11:19:49.000Z</time></trkpt>
<trkpt lat="54.504490" lon="18.625057"><time>2026-05-02T11:19:51.000Z</time></trkpt>
<trkpt lat="54.504442" lon="18.624994"><time>2026-05-02T11:19:53.000Z</time></trkpt>
<trkpt lat="54.504393" lon="18.624934"><time>2026-05-02T11:19:55.000Z</time></trkpt>
<trkpt lat="54.504330" lon="18.624878"><time>2026-05-02T11:19:57.000Z</time></trkpt>
<trkpt lat="54.504276" lon="18.624821"><time>2026-05-02T11:19:59.000Z</time></trkpt>
<trkpt lat="54.504228" lon="18.624760"><time>2026-05-02T11:20:01.000Z</time></trkpt>
<trkpt lat="54.504180" lon="18.624706"><time>2026-05-02T11:20:03.000Z</time></trkpt>
<trkpt lat="54.504129" lon="18.624652"><time>2026-05-02T11:20:05.000Z</time></trkpt>
<trkpt lat="54.504077" lon="18.624595"><time>2026-05-02T11:20:07.000Z</time></trkpt>
<trkpt lat="54.504024" lon="18.624533"><time>2026-05-02T11:20:08.900Z</time></trkpt>
<trkpt lat="54.503969" lon="18.624475"><time>2026-05-02T11:20:10.900Z</time></trkpt>
<trkpt lat="54.503926" lon="18.624414"><time>2026-05-02T11:20:12.900Z</time></trkpt>
<trkpt lat="54.503886" lon="18.624351"><time>2026-05-02T11:20:14.900Z</time></trkpt>
<trkpt lat="54.503853" lon="18.624298"><time>2026-05-02T11:20:16.900Z</time></trkpt>
<trkpt lat="54.503813" lon="18.624247"><time>2026-05-02T11:20:18.900Z</time></trkpt>
<trkpt lat="54.503774" lon="18.624198"><time>2026-05-02T11:20:20.900Z</time></trkpt>
<trkpt lat="54.503745" lon="18.624156"><time>2026-05-02T11:20:22.900Z</time></trkpt>
<trkpt lat="54.503717" lon="18.624126"><time>2026-05-02T11:20:24.900Z</time></trkpt>
<trkpt lat="54.503688" lon="18.624088"><time>2026-05-02T11:20:26.900Z</time></trkpt>
<trkpt lat="54.503657" lon="18.624058"><time>2026-05-02T11:20:28.900Z</time></trkpt>
<trkpt lat="54.503623" lon="18.624024"><time>2026-05-02T11:20:30.900Z</time></trkpt>
<trkpt lat="54.503592" lon="18.623992"><time>2026-05-02T11:20:32.900Z</time></trkpt>
<trkpt lat="54.503574" lon="18.623985"><time>2026-05-02T11:20:34.900Z</time></trkpt>
<trkpt lat="54.503542" lon="18.623960"><time>2026-05-02T11:20:36.900Z</time></trkpt>
<trkpt lat="54.503508" lon="18.623931"><time>2026-05-02T11:20:38.900Z</time></trkpt>
<trkpt lat="54.503475" lon="18.623907"><time>2026-05-02T11:20:40.900Z</time></trkpt>
<trkpt lat="54.503442" lon="18.623885"><time>2026-05-02T11:20:42.900Z</time></trkpt>
<trkpt lat="54.503408" lon="18.623864"><time>2026-05-02T11:20:44.900Z</time></trkpt>
<trkpt lat="54.503383" lon="18.623844"><time>2026-05-02T11:20:46.900Z</time></trkpt>
<trkpt lat="54.503352" lon="18.623821"><time>2026-05-02T11:20:48.900Z</time></trkpt>
<trkpt lat="54.503321" lon="18.623794"><time>2026-05-02T11:20:50.900Z</time></trkpt>
<trkpt lat="54.503288" lon="18.623772"><time>2026-05-02T11:20:52.900Z</time></trkpt>
<trkpt lat="54.503257" lon="18.623746"><time>2026-05-02T11:20:54.900Z</time></trkpt>
<trkpt lat="54.503230" lon="18.623723"><time>2026-05-02T11:20:56.900Z</time></trkpt>
<trkpt lat="54.503204" lon="18.623703"><time>2026-05-02T11:20:58.900Z</time></trkpt>
<trkpt lat="54.503175" lon="18.623681"><time>2026-05-02T11:21:00.900Z</time></trkpt>
<trkpt lat="54.503153" lon="18.623664"><time>2026-05-02T11:21:02.900Z</time></trkpt>
<trkpt lat="54.503125" lon="18.623637"><time>2026-05-02T11:21:04.900Z</time></trkpt>
<trkpt lat="54.503095" lon="18.623610"><time>2026-05-02T11:21:06.900Z</time></trkpt>
<trkpt lat="54.503070" lon="18.623587"><time>2026-05-02T11:21:08.900Z</time></trkpt>
<trkpt lat="54.503040" lon="18.623566"><time>2026-05-02T11:21:10.900Z</time></trkpt>
<trkpt lat="54.503010" lon="18.623547"><time>2026-05-02T11:21:12.900Z</time></trkpt>
<trkpt lat="54.502975" lon="18.623528"><time>2026-05-02T11:21:14.900Z</time></trkpt>
<trkpt lat="54.502946" lon="18.623513"><time>2026-05-02T11:21:17.000Z</time></trkpt>
<trkpt lat="54.502914" lon="18.623498"><time>2026-05-02T11:21:19.000Z</time></trkpt>
<trkpt lat="54.502881" lon="18.623487"><time>2026-05-02T11:21:21.000Z</time></trkpt>
<trkpt lat="54.502853" lon="18.623496"><time>2026-05-02T11:21:23.000Z</time></trkpt>
<trkpt lat="54.502827" lon="18.623517"><time>2026-05-02T11:21:25.000Z</time></trkpt>
<trkpt lat="54.502801" lon="18.623543"><time>2026-05-02T11:21:27.000Z</time></trkpt>
<trkpt lat="54.502780" lon="18.623570"><time>2026-05-02T11:21:29.000Z</time></trkpt>
<trkpt lat="54.502758" lon="18.623600"><time>2026-05-02T11:21:31.000Z</time></trkpt>
<trkpt lat="54.502737" lon="18.623631"><time>2026-05-02T11:21:33.000Z</time></trkpt>
<trkpt lat="54.502719" lon="18.623663"><time>2026-05-02T11:21:35.000Z</time></trkpt>
<trkpt lat="54.502701" lon="18.623693"><time>2026-05-02T11:21:37.000Z</time></trkpt>
<trkpt lat="54.502681" lon="18.623725"><time>2026-05-02T11:21:39.000Z</time></trkpt>
<trkpt lat="54.502664" lon="18.623759"><time>2026-05-02T11:21:41.000Z</time></trkpt>
<trkpt lat="54.502643" lon="18.623797"><time>2026-05-02T11:21:43.000Z</time></trkpt>
<trkpt lat="54.502625" lon="18.623834"><time>2026-05-02T11:21:45.000Z</time></trkpt>
<trkpt lat="54.502606" lon="18.623866"><time>2026-05-02T11:21:47.000Z</time></trkpt>
<trkpt lat="54.502581" lon="18.623894"><time>2026-05-02T11:21:49.000Z</time></trkpt>
<trkpt lat="54.502559" lon="18.623940"><time>2026-05-02T11:21:51.000Z</time></trkpt>
<trkpt lat="54.502538" lon="18.623978"><time>2026-05-02T11:21:53.000Z</time></trkpt>
<trkpt lat="54.502516" lon="18.624008"><time>2026-05-02T11:21:55.000Z</time></trkpt>
<trkpt lat="54.502498" lon="18.624037"><time>2026-05-02T11:21:57.000Z</time></trkpt>
<trkpt lat="54.502481" lon="18.624063"><time>2026-05-02T11:21:59.000Z</time></trkpt>
<trkpt lat="54.502466" lon="18.624092"><time>2026-05-02T11:22:01.000Z</time></trkpt>
<trkpt lat="54.502444" lon="18.624126"><time>2026-05-02T11:22:03.000Z</time></trkpt>
<trkpt lat="54.502427" lon="18.624155"><time>2026-05-02T11:22:05.000Z</time></trkpt>
<trkpt lat="54.502410" lon="18.624184"><time>2026-05-02T11:22:07.000Z</time></trkpt>
<trkpt lat="54.502389" lon="18.624218"><time>2026-05-02T11:22:09.000Z</time></trkpt>
<trkpt lat="54.502374" lon="18.624241"><time>2026-05-02T11:22:11.000Z</time></trkpt>
<trkpt lat="54.502356" lon="18.624263"><time>2026-05-02T11:22:12.900Z</time></trkpt>
<trkpt lat="54.502342" lon="18.624297"><time>2026-05-02T11:22:14.900Z</time></trkpt>
<trkpt lat="54.502324" lon="18.624325"><time>2026-05-02T11:22:16.900Z</time></trkpt>
<trkpt lat="54.502305" lon="18.624349"><time>2026-05-02T11:22:18.900Z</time></trkpt>
<trkpt lat="54.502288" lon="18.624375"><time>2026-05-02T11:22:20.900Z</time></trkpt>
<trkpt lat="54.502270" lon="18.624407"><time>2026-05-02T11:22:22.900Z</time></trkpt>
<trkpt lat="54.502251" lon="18.624440"><time>2026-05-02T11:22:24.900Z</time></trkpt>
<trkpt lat="54.502233" lon="18.624464"><time>2026-05-02T11:22:26.900Z</time></trkpt>
<trkpt lat="54.502212" lon="18.624498"><time>2026-05-02T11:22:28.900Z</time></trkpt>
<trkpt lat="54.502193" lon="18.624529"><time>2026-05-02T11:22:30.900Z</time></trkpt>
<trkpt lat="54.502173" lon="18.624559"><time>2026-05-02T11:22:32.900Z</time></trkpt>
<trkpt lat="54.502151" lon="18.624598"><time>2026-05-02T11:22:34.900Z</time></trkpt>
<trkpt lat="54.502148" lon="18.624664"><time>2026-05-02T11:22:36.900Z</time></trkpt>
<trkpt lat="54.502134" lon="18.624711"><time>2026-05-02T11:22:38.900Z</time></trkpt>
<trkpt lat="54.502103" lon="18.624743"><time>2026-05-02T11:22:40.900Z</time></trkpt>
<trkpt lat="54.502084" lon="18.624785"><time>2026-05-02T11:22:42.900Z</time></trkpt>
<trkpt lat="54.502061" lon="18.624808"><time>2026-05-02T11:22:44.900Z</time></trkpt>
<trkpt lat="54.502042" lon="18.624818"><time>2026-05-02T11:22:46.900Z</time></trkpt>
<trkpt lat="54.502027" lon="18.624825"><time>2026-05-02T11:22:48.900Z</time></trkpt>
<trkpt lat="54.502013" lon="18.624842"><time>2026-05-02T11:22:50.900Z</time></trkpt>
<trkpt lat="54.501993" lon="18.624863"><time>2026-05-02T11:22:52.900Z</time></trkpt>
<trkpt lat="54.501976" lon="18.624885"><time>2026-05-02T11:22:54.900Z</time></trkpt>
<trkpt lat="54.501961" lon="18.624905"><time>2026-05-02T11:22:56.900Z</time></trkpt>
<trkpt lat="54.501942" lon="18.624938"><time>2026-05-02T11:22:58.900Z</time></trkpt>
<trkpt lat="54.501922" lon="18.624965"><time>2026-05-02T11:23:00.900Z</time></trkpt>
<trkpt lat="54.501904" lon="18.625000"><time>2026-05-02T11:23:02.900Z</time></trkpt>
<trkpt lat="54.501895" lon="18.625025"><time>2026-05-02T11:23:04.900Z</time></trkpt>
<trkpt lat="54.501877" lon="18.625052"><time>2026-05-02T11:23:06.900Z</time></trkpt>
<trkpt lat="54.501855" lon="18.625086"><time>2026-05-02T11:23:08.900Z</time></trkpt>
<trkpt lat="54.501840" lon="18.625122"><time>2026-05-02T11:23:10.900Z</time></trkpt>
<trkpt lat="54.501832" lon="18.625160"><time>2026-05-02T11:23:12.900Z</time></trkpt>
<trkpt lat="54.501828" lon="18.625196"><time>2026-05-02T11:23:14.900Z</time></trkpt>
<trkpt lat="54.501818" lon="18.625231"><time>2026-05-02T11:23:16.900Z</time></trkpt>
<trkpt lat="54.501808" lon="18.625264"><time>2026-05-02T11:23:18.900Z</time></trkpt>
<trkpt lat="54.501800" lon="18.625303"><time>2026-05-02T11:23:20.900Z</time></trkpt>
<trkpt lat="54.501794" lon="18.625319"><time>2026-05-02T11:23:23.000Z</time></trkpt>
<trkpt lat="54.501786" lon="18.625343"><time>2026-05-02T11:23:25.000Z</time></trkpt>
<trkpt lat="54.501783" lon="18.625366"><time>2026-05-02T11:23:27.000Z</time></trkpt>
<trkpt lat="54.501771" lon="18.625381"><time>2026-05-02T11:23:29.000Z</time></trkpt>
<trkpt lat="54.501756" lon="18.625415"><time>2026-05-02T11:23:31.000Z</time></trkpt>
<trkpt lat="54.501741" lon="18.625451"><time>2026-05-02T11:23:33.000Z</time></trkpt>
<trkpt lat="54.501725" lon="18.625484"><time>2026-05-02T11:23:35.000Z</time></trkpt>
<trkpt lat="54.501708" lon="18.625517"><time>2026-05-02T11:23:37.000Z</time></trkpt>
<trkpt lat="54.501691" lon="18.625552"><time>2026-05-02T11:23:39.000Z</time></trkpt>
<trkpt lat="54.501674" lon="18.625592"><time>2026-05-02T11:23:41.000Z</time></trkpt>
<trkpt lat="54.501653" lon="18.625628"><time>2026-05-02T11:23:43.000Z</time></trkpt>
<trkpt lat="54.501633" lon="18.625669"><time>2026-05-02T11:23:45.000Z</time></trkpt>
<trkpt lat="54.501613" lon="18.625708"><time>2026-05-02T11:23:47.000Z</time></trkpt>
<trkpt lat="54.501594" lon="18.625750"><time>2026-05-02T11:23:49.000Z</time></trkpt>
<trkpt lat="54.501572" lon="18.625791"><time>2026-05-02T11:23:51.000Z</time></trkpt>
<trkpt lat="54.501552" lon="18.625833"><time>2026-05-02T11:23:53.000Z</time></trkpt>
<trkpt lat="54.501532" lon="18.625878"><time>2026-05-02T11:23:55.000Z</time></trkpt>
<trkpt lat="54.501507" lon="18.625930"><time>2026-05-02T11:23:57.000Z</time></trkpt>
<trkpt lat="54.501480" lon="18.625987"><time>2026-05-02T11:23:59.000Z</time></trkpt>
<trkpt lat="54.501452" lon="18.626042"><time>2026-05-02T11:24:01.000Z</time></trkpt>
<trkpt lat="54.501428" lon="18.626088"><time>2026-05-02T11:24:03.000Z</time></trkpt>
<trkpt lat="54.501406" lon="18.626128"><time>2026-05-02T11:24:05.000Z</time></trkpt>
<trkpt lat="54.501386" lon="18.626172"><time>2026-05-02T11:24:07.000Z</time></trkpt>
<trkpt lat="54.501361" lon="18.626220"><time>2026-05-02T11:24:09.000Z</time></trkpt>
<trkpt lat="54.501340" lon="18.626269"><time>2026-05-02T11:24:11.000Z</time></trkpt>
<trkpt lat="54.501322" lon="18.626317"><time>2026-05-02T11:24:13.000Z</time></trkpt>
<trkpt lat="54.501303" lon="18.626366"><time>2026-05-02T11:24:15.000Z</time></trkpt>
<trkpt lat="54.501284" lon="18.626416"><time>2026-05-02T11:24:17.000Z</time></trkpt>
<trkpt lat="54.501264" lon="18.626468"><time>2026-05-02T11:24:19.000Z</time></trkpt>
<trkpt lat="54.501243" lon="18.626538"><time>2026-05-02T11:24:20.900Z</time></trkpt>
<trkpt lat="54.501219" lon="18.626612"><time>2026-05-02T11:24:22.900Z</time></trkpt>
<trkpt lat="54.501193" lon="18.626682"><time>2026-05-02T11:24:24.900Z</time></trkpt>
<trkpt lat="54.501173" lon="18.626735"><time>2026-05-02T11:24:26.900Z</time></trkpt>
<trkpt lat="54.501157" lon="18.626783"><time>2026-05-02T11:24:28.900Z</time></trkpt>
<trkpt lat="54.501144" lon="18.626831"><time>2026-05-02T11:24:30.900Z</time></trkpt>
<trkpt lat="54.501124" lon="18.626892"><time>2026-05-02T11:24:32.900Z</time></trkpt>
<trkpt lat="54.501103" lon="18.626937"><time>2026-05-02T11:24:34.900Z</time></trkpt>
<trkpt lat="54.501082" lon="18.626988"><time>2026-05-02T11:24:36.900Z</time></trkpt>
<trkpt lat="54.501059" lon="18.627039"><time>2026-05-02T11:24:38.900Z</time></trkpt>
<trkpt lat="54.501040" lon="18.627091"><time>2026-05-02T11:24:40.900Z</time></trkpt>
<trkpt lat="54.501019" lon="18.627136"><time>2026-05-02T11:24:42.900Z</time></trkpt>
<trkpt lat="54.500949" lon="18.627244"><time>2026-05-02T11:24:47.900Z</time></trkpt>
<trkpt lat="54.500935" lon="18.627266"><time>2026-05-02T11:24:48.900Z</time></trkpt>
<trkpt lat="54.500922" lon="18.627288"><time>2026-05-02T11:24:49.900Z</time></trkpt>
<trkpt lat="54.500909" lon="18.627306"><time>2026-05-02T11:24:50.900Z</time></trkpt>
<trkpt lat="54.500884" lon="18.627351"><time>2026-05-02T11:24:52.900Z</time></trkpt>
<trkpt lat="54.500847" lon="18.627399"><time>2026-05-02T11:24:54.900Z</time></trkpt>
<trkpt lat="54.500813" lon="18.627443"><time>2026-05-02T11:24:56.900Z</time></trkpt>
<trkpt lat="54.500778" lon="18.627493"><time>2026-05-02T11:24:58.900Z</time></trkpt>
<trkpt lat="54.500742" lon="18.627538"><time>2026-05-02T11:25:00.900Z</time></trkpt>
<trkpt lat="54.500698" lon="18.627588"><time>2026-05-02T11:25:02.900Z</time></trkpt>
<trkpt lat="54.500661" lon="18.627631"><time>2026-05-02T11:25:04.900Z</time></trkpt>
<trkpt lat="54.500621" lon="18.627679"><time>2026-05-02T11:25:06.900Z</time></trkpt>
<trkpt lat="54.500582" lon="18.627732"><time>2026-05-02T11:25:08.900Z</time></trkpt>
<trkpt lat="54.500545" lon="18.627788"><time>2026-05-02T11:25:10.900Z</time></trkpt>
<trkpt lat="54.500512" lon="18.627845"><time>2026-05-02T11:25:12.900Z</time></trkpt>
<trkpt lat="54.500482" lon="18.627895"><time>2026-05-02T11:25:14.900Z</time></trkpt>
<trkpt lat="54.500450" lon="18.627942"><time>2026-05-02T11:25:16.900Z</time></trkpt>
<trkpt lat="54.500415" lon="18.627995"><time>2026-05-02T11:25:18.900Z</time></trkpt>
<trkpt lat="54.500383" lon="18.628041"><time>2026-05-02T11:25:20.900Z</time></trkpt>
<trkpt lat="54.500347" lon="18.628088"><time>2026-05-02T11:25:22.900Z</time></trkpt>
<trkpt lat="54.500311" lon="18.628139"><time>2026-05-02T11:25:24.900Z</time></trkpt>
<trkpt lat="54.500277" lon="18.628184"><time>2026-05-02T11:25:26.900Z</time></trkpt>
<trkpt lat="54.500242" lon="18.628234"><time>2026-05-02T11:25:29.000Z</time></trkpt>
<trkpt lat="54.500207" lon="18.628282"><time>2026-05-02T11:25:31.000Z</time></trkpt>
<trkpt lat="54.500168" lon="18.628336"><time>2026-05-02T11:25:33.000Z</time></trkpt>
<trkpt lat="54.500129" lon="18.628392"><time>2026-05-02T11:25:35.000Z</time></trkpt>
<trkpt lat="54.500090" lon="18.628453"><time>2026-05-02T11:25:37.000Z</time></trkpt>
<trkpt lat="54.500048" lon="18.628501"><time>2026-05-02T11:25:39.000Z</time></trkpt>
<trkpt lat="54.500002" lon="18.628549"><time>2026-05-02T11:25:41.000Z</time></trkpt>
<trkpt lat="54.499962" lon="18.628595"><time>2026-05-02T11:25:43.000Z</time></trkpt>
<trkpt lat="54.499928" lon="18.628644"><time>2026-05-02T11:25:45.000Z</time></trkpt>
<trkpt lat="54.499887" lon="18.628694"><time>2026-05-02T11:25:47.000Z</time></trkpt>
<trkpt lat="54.499847" lon="18.628742"><time>2026-05-02T11:25:49.000Z</time></trkpt>
<trkpt lat="54.499807" lon="18.628793"><time>2026-05-02T11:25:51.000Z</time></trkpt>
<trkpt lat="54.499769" lon="18.628841"><time>2026-05-02T11:25:53.000Z</time></trkpt>
<trkpt lat="54.499731" lon="18.628881"><time>2026-05-02T11:25:55.000Z</time></trkpt>
<trkpt lat="54.499691" lon="18.628924"><time>2026-05-02T11:25:57.000Z</time></trkpt>
<trkpt lat="54.499647" lon="18.628964"><time>2026-05-02T11:25:59.000Z</time></trkpt>
<trkpt lat="54.499605" lon="18.629013"><time>2026-05-02T11:26:01.000Z</time></trkpt>
<trkpt lat="54.499566" lon="18.629060"><time>2026-05-02T11:26:03.000Z</time></trkpt>
<trkpt lat="54.499529" lon="18.629114"><time>2026-05-02T11:26:05.000Z</time></trkpt>
<trkpt lat="54.499490" lon="18.629169"><time>2026-05-02T11:26:07.000Z</time></trkpt>
<trkpt lat="54.499455" lon="18.629218"><time>2026-05-02T11:26:09.000Z</time></trkpt>
<trkpt lat="54.499417" lon="18.629270"><time>2026-05-02T11:26:11.000Z</time></trkpt>
<trkpt lat="54.499378" lon="18.629320"><time>2026-05-02T11:26:13.000Z</time></trkpt>
<trkpt lat="54.499348" lon="18.629375"><time>2026-05-02T11:26:15.000Z</time></trkpt>
<trkpt lat="54.499314" lon="18.629433"><time>2026-05-02T11:26:17.000Z</time></trkpt>
<trkpt lat="54.499273" lon="18.629504"><time>2026-05-02T11:26:19.000Z</time></trkpt>
<trkpt lat="54.499243" lon="18.629560"><time>2026-05-02T11:26:21.000Z</time></trkpt>
<trkpt lat="54.499219" lon="18.629594"><time>2026-05-02T11:26:23.000Z</time></trkpt>
<trkpt lat="54.499190" lon="18.629636"><time>2026-05-02T11:26:24.900Z</time></trkpt>
<trkpt lat="54.499164" lon="18.629682"><time>2026-05-02T11:26:26.900Z</time></trkpt>
<trkpt lat="54.499141" lon="18.629730"><time>2026-05-02T11:26:28.900Z</time></trkpt>
<trkpt lat="54.499118" lon="18.629784"><time>2026-05-02T11:26:30.900Z</time></trkpt>
<trkpt lat="54.499102" lon="18.629840"><time>2026-05-02T11:26:32.900Z</time></trkpt>
<trkpt lat="54.499080" lon="18.629887"><time>2026-05-02T11:26:34.900Z</time></trkpt>
<trkpt lat="54.499067" lon="18.629944"><time>2026-05-02T11:26:36.900Z</time></trkpt>
<trkpt lat="54.499068" lon="18.629999"><time>2026-05-02T11:26:38.900Z</time></trkpt>
<trkpt lat="54.499079" lon="18.630041"><time>2026-05-02T11:26:40.900Z</time></trkpt>
<trkpt lat="54.499100" lon="18.630079"><time>2026-05-02T11:26:42.900Z</time></trkpt>
<trkpt lat="54.499120" lon="18.630106"><time>2026-05-02T11:26:44.900Z</time></trkpt>
<trkpt lat="54.499137" lon="18.630136"><time>2026-05-02T11:26:46.900Z</time></trkpt>
<trkpt lat="54.499156" lon="18.630159"><time>2026-05-02T11:26:48.900Z</time></trkpt>
<trkpt lat="54.499175" lon="18.630190"><time>2026-05-02T11:26:50.900Z</time></trkpt>
<trkpt lat="54.499194" lon="18.630224"><time>2026-05-02T11:26:52.900Z</time></trkpt>
<trkpt lat="54.499209" lon="18.630252"><time>2026-05-02T11:26:54.900Z</time></trkpt>
<trkpt lat="54.499223" lon="18.630277"><time>2026-05-02T11:26:56.900Z</time></trkpt>
<trkpt lat="54.499242" lon="18.630314"><time>2026-05-02T11:26:58.900Z</time></trkpt>
<trkpt lat="54.499260" lon="18.630342"><time>2026-05-02T11:27:00.900Z</time></trkpt>
<trkpt lat="54.499284" lon="18.630374"><time>2026-05-02T11:27:02.900Z</time></trkpt>
<trkpt lat="54.499308" lon="18.630408"><time>2026-05-02T11:27:04.900Z</time></trkpt>
<trkpt lat="54.499335" lon="18.630442"><time>2026-05-02T11:27:06.900Z</time></trkpt>
<trkpt lat="54.499355" lon="18.630481"><time>2026-05-02T11:27:08.900Z</time></trkpt>
<trkpt lat="54.499376" lon="18.630510"><time>2026-05-02T11:27:10.900Z</time></trkpt>
<trkpt lat="54.499404" lon="18.630546"><time>2026-05-02T11:27:12.900Z</time></trkpt>
<trkpt lat="54.499432" lon="18.630579"><time>2026-05-02T11:27:14.900Z</time></trkpt>
<trkpt lat="54.499462" lon="18.630611"><time>2026-05-02T11:27:16.900Z</time></trkpt>
<trkpt lat="54.499493" lon="18.630644"><time>2026-05-02T11:27:18.900Z</time></trkpt>
<trkpt lat="54.499524" lon="18.630679"><time>2026-05-02T11:27:20.900Z</time></trkpt>
<trkpt lat="54.499554" lon="18.630713"><time>2026-05-02T11:27:22.900Z</time></trkpt>
<trkpt lat="54.499583" lon="18.630750"><time>2026-05-02T11:27:24.900Z</time></trkpt>
<trkpt lat="54.499617" lon="18.630791"><time>2026-05-02T11:27:26.900Z</time></trkpt>
<trkpt lat="54.499649" lon="18.630836"><time>2026-05-02T11:27:28.900Z</time></trkpt>
<trkpt lat="54.499685" lon="18.630883"><time>2026-05-02T11:27:30.900Z</time></trkpt>
<trkpt lat="54.499718" lon="18.630929"><time>2026-05-02T11:27:32.900Z</time></trkpt>
<trkpt lat="54.499754" lon="18.630975"><time>2026-05-02T11:27:35.000Z</time></trkpt>
<trkpt lat="54.499787" lon="18.631017"><time>2026-05-02T11:27:37.000Z</time></trkpt>
<trkpt lat="54.499819" lon="18.631063"><time>2026-05-02T11:27:39.000Z</time></trkpt>
<trkpt lat="54.499860" lon="18.631108"><time>2026-05-02T11:27:41.000Z</time></trkpt>
<trkpt lat="54.499895" lon="18.631153"><time>2026-05-02T11:27:43.000Z</time></trkpt>
<trkpt lat="54.499926" lon="18.631199"><time>2026-05-02T11:27:45.000Z</time></trkpt>
<trkpt lat="54.499954" lon="18.631241"><time>2026-05-02T11:27:47.000Z</time></trkpt>
<trkpt lat="54.499976" lon="18.631277"><time>2026-05-02T11:27:49.000Z</time></trkpt>
<trkpt lat="54.500007" lon="18.631327"><time>2026-05-02T11:27:51.000Z</time></trkpt>
<trkpt lat="54.500050" lon="18.631382"><time>2026-05-02T11:27:53.000Z</time></trkpt>
<trkpt lat="54.500087" lon="18.631430"><time>2026-05-02T11:27:55.000Z</time></trkpt>
<trkpt lat="54.500122" lon="18.631483"><time>2026-05-02T11:27:57.000Z</time></trkpt>
<trkpt lat="54.500155" lon="18.631533"><time>2026-05-02T11:27:59.000Z</time></trkpt>
<trkpt lat="54.500185" lon="18.631586"><time>2026-05-02T11:28:01.000Z</time></trkpt>
<trkpt lat="54.500212" lon="18.631634"><time>2026-05-02T11:28:03.000Z</time></trkpt>
<trkpt lat="54.500242" lon="18.631685"><time>2026-05-02T11:28:05.000Z</time></trkpt>
<trkpt lat="54.500273" lon="18.631740"><time>2026-05-02T11:28:07.000Z</time></trkpt>
<trkpt lat="54.500305" lon="18.631792"><time>2026-05-02T11:28:09.000Z</time></trkpt>
<trkpt lat="54.500336" lon="18.631841"><time>2026-05-02T11:28:11.000Z</time></trkpt>
<trkpt lat="54.500367" lon="18.631888"><time>2026-05-02T11:28:13.000Z</time></trkpt>
<trkpt lat="54.500395" lon="18.631933"><time>2026-05-02T11:28:15.000Z</time></trkpt>
<trkpt lat="54.500425" lon="18.631980"><time>2026-05-02T11:28:17.000Z</time></trkpt>
<trkpt lat="54.500455" lon="18.632030"><time>2026-05-02T11:28:19.000Z</time></trkpt>
<trkpt lat="54.500486" lon="18.632080"><time>2026-05-02T11:28:21.000Z</time></trkpt>
<trkpt lat="54.500515" lon="18.632133"><time>2026-05-02T11:28:23.000Z</time></trkpt>
<trkpt lat="54.500547" lon="18.632187"><time>2026-05-02T11:28:25.000Z</time></trkpt>
<trkpt lat="54.500576" lon="18.632237"><time>2026-05-02T11:28:27.000Z</time></trkpt>
<trkpt lat="54.500606" lon="18.632282"><time>2026-05-02T11:28:29.000Z</time></trkpt>
<trkpt lat="54.500635" lon="18.632328"><time>2026-05-02T11:28:30.900Z</time></trkpt>
<trkpt lat="54.500666" lon="18.632368"><time>2026-05-02T11:28:32.900Z</time></trkpt>
<trkpt lat="54.500700" lon="18.632428"><time>2026-05-02T11:28:34.900Z</time></trkpt>
<trkpt lat="54.500730" lon="18.632481"><time>2026-05-02T11:28:36.900Z</time></trkpt>
<trkpt lat="54.500761" lon="18.632529"><time>2026-05-02T11:28:38.900Z</time></trkpt>
<trkpt lat="54.500796" lon="18.632575"><time>2026-05-02T11:28:40.900Z</time></trkpt>
<trkpt lat="54.500829" lon="18.632632"><time>2026-05-02T11:28:42.900Z</time></trkpt>
<trkpt lat="54.500861" lon="18.632684"><time>2026-05-02T11:28:44.900Z</time></trkpt>
<trkpt lat="54.500891" lon="18.632731"><time>2026-05-02T11:28:46.900Z</time></trkpt>
<trkpt lat="54.500920" lon="18.632778"><time>2026-05-02T11:28:48.900Z</time></trkpt>
<trkpt lat="54.500953" lon="18.632826"><time>2026-05-02T11:28:50.900Z</time></trkpt>
<trkpt lat="54.500986" lon="18.632876"><time>2026-05-02T11:28:52.900Z</time></trkpt>
<trkpt lat="54.501019" lon="18.632925"><time>2026-05-02T11:28:54.900Z</time></trkpt>
<trkpt lat="54.501047" lon="18.632972"><time>2026-05-02T11:28:56.900Z</time></trkpt>
<trkpt lat="54.501072" lon="18.633021"><time>2026-05-02T11:28:58.900Z</time></trkpt>
<trkpt lat="54.501108" lon="18.633071"><time>2026-05-02T11:29:00.900Z</time></trkpt>
<trkpt lat="54.501141" lon="18.633122"><time>2026-05-02T11:29:02.900Z</time></trkpt>
<trkpt lat="54.501176" lon="18.633175"><time>2026-05-02T11:29:04.900Z</time></trkpt>
<trkpt lat="54.501213" lon="18.633234"><time>2026-05-02T11:29:06.900Z</time></trkpt>
<trkpt lat="54.501249" lon="18.633288"><time>2026-05-02T11:29:08.900Z</time></trkpt>
<trkpt lat="54.501289" lon="18.633336"><time>2026-05-02T11:29:10.900Z</time></trkpt>
<trkpt lat="54.501326" lon="18.633385"><time>2026-05-02T11:29:12.900Z</time></trkpt>
<trkpt lat="54.501362" lon="18.633433"><time>2026-05-02T11:29:14.900Z</time></trkpt>
<trkpt lat="54.501396" lon="18.633482"><time>2026-05-02T11:29:16.900Z</time></trkpt>
<trkpt lat="54.501434" lon="18.633530"><time>2026-05-02T11:29:18.900Z</time></trkpt>
<trkpt lat="54.501473" lon="18.633579"><time>2026-05-02T11:29:20.900Z</time></trkpt>
<trkpt lat="54.501511" lon="18.633632"><time>2026-05-02T11:29:22.900Z</time></trkpt>
<trkpt lat="54.501551" lon="18.633681"><time>2026-05-02T11:29:24.900Z</time></trkpt>
<trkpt lat="54.501585" lon="18.633726"><time>2026-05-02T11:29:26.900Z</time></trkpt>
<trkpt lat="54.501623" lon="18.633775"><time>2026-05-02T11:29:28.900Z</time></trkpt>
<trkpt lat="54.501661" lon="18.633828"><time>2026-05-02T11:29:30.900Z</time></trkpt>
<trkpt lat="54.501701" lon="18.633882"><time>2026-05-02T11:29:32.900Z</time></trkpt>
<trkpt lat="54.501737" lon="18.633933"><time>2026-05-02T11:29:34.900Z</time></trkpt>
<trkpt lat="54.501774" lon="18.633981"><time>2026-05-02T11:29:36.900Z</time></trkpt>
<trkpt lat="54.501810" lon="18.634033"><time>2026-05-02T11:29:38.900Z</time></trkpt>
<trkpt lat="54.501847" lon="18.634080"><time>2026-05-02T11:29:41.000Z</time></trkpt>
<trkpt lat="54.501883" lon="18.634134"><time>2026-05-02T11:29:43.000Z</time></trkpt>
<trkpt lat="54.501912" lon="18.634188"><time>2026-05-02T11:29:45.000Z</time></trkpt>
<trkpt lat="54.501945" lon="18.634242"><time>2026-05-02T11:29:47.000Z</time></trkpt>
<trkpt lat="54.501981" lon="18.634292"><time>2026-05-02T11:29:49.000Z</time></trkpt>
<trkpt lat="54.502014" lon="18.634339"><time>2026-05-02T11:29:51.000Z</time></trkpt>
<trkpt lat="54.502044" lon="18.634387"><time>2026-05-02T11:29:53.000Z</time></trkpt>
<trkpt lat="54.502076" lon="18.634437"><time>2026-05-02T11:29:55.000Z</time></trkpt>
<trkpt lat="54.502113" lon="18.634488"><time>2026-05-02T11:29:57.000Z</time></trkpt>
<trkpt lat="54.502153" lon="18.634540"><time>2026-05-02T11:29:59.000Z</time></trkpt>
<trkpt lat="54.502195" lon="18.634589"><time>2026-05-02T11:30:01.000Z</time></trkpt>
<trkpt lat="54.502237" lon="18.634640"><time>2026-05-02T11:30:03.000Z</time></trkpt>
<trkpt lat="54.502279" lon="18.634693"><time>2026-05-02T11:30:05.000Z</time></trkpt>
<trkpt lat="54.502319" lon="18.634746"><time>2026-05-02T11:30:07.000Z</time></trkpt>
<trkpt lat="54.502361" lon="18.634793"><time>2026-05-02T11:30:09.000Z</time></trkpt>
<trkpt lat="54.502403" lon="18.634845"><time>2026-05-02T11:30:11.000Z</time></trkpt>
<trkpt lat="54.502445" lon="18.634896"><time>2026-05-02T11:30:13.000Z</time></trkpt>
<trkpt lat="54.502489" lon="18.634950"><time>2026-05-02T11:30:15.000Z</time></trkpt>
<trkpt lat="54.502530" lon="18.635000"><time>2026-05-02T11:30:17.000Z</time></trkpt>
<trkpt lat="54.502575" lon="18.635044"><time>2026-05-02T11:30:19.000Z</time></trkpt>
<trkpt lat="54.502616" lon="18.635090"><time>2026-05-02T11:30:21.000Z</time></trkpt>
<trkpt lat="54.502662" lon="18.635149"><time>2026-05-02T11:30:23.000Z</time></trkpt>
<trkpt lat="54.502712" lon="18.635203"><time>2026-05-02T11:30:25.000Z</time></trkpt>
<trkpt lat="54.502756" lon="18.635261"><time>2026-05-02T11:30:27.000Z</time></trkpt>
<trkpt lat="54.502806" lon="18.635331"><time>2026-05-02T11:30:29.000Z</time></trkpt>
<trkpt lat="54.502840" lon="18.635382"><time>2026-05-02T11:30:31.000Z</time></trkpt>
<trkpt lat="54.502879" lon="18.635437"><time>2026-05-02T11:30:33.000Z</time></trkpt>
<trkpt lat="54.502919" lon="18.635480"><time>2026-05-02T11:30:34.900Z</time></trkpt>
<trkpt lat="54.502960" lon="18.635528"><time>2026-05-02T11:30:36.900Z</time></trkpt>
<trkpt lat="54.502999" lon="18.635570"><time>2026-05-02T11:30:38.900Z</time></trkpt>
<trkpt lat="54.503042" lon="18.635621"><time>2026-05-02T11:30:40.900Z</time></trkpt>
<trkpt lat="54.503087" lon="18.635670"><time>2026-05-02T11:30:42.900Z</time></trkpt>
<trkpt lat="54.503134" lon="18.635722"><time>2026-05-02T11:30:44.900Z</time></trkpt>
<trkpt lat="54.503180" lon="18.635785"><time>2026-05-02T11:30:46.900Z</time></trkpt>
<trkpt lat="54.503225" lon="18.635841"><time>2026-05-02T11:30:48.900Z</time></trkpt>
<trkpt lat="54.503268" lon="18.635895"><time>2026-05-02T11:30:50.900Z</time></trkpt>
<trkpt lat="54.503312" lon="18.635952"><time>2026-05-02T11:30:52.900Z</time></trkpt>
<trkpt lat="54.503350" lon="18.636004"><time>2026-05-02T11:30:54.900Z</time></trkpt>
<trkpt lat="54.503390" lon="18.636048"><time>2026-05-02T11:30:56.900Z</time></trkpt>
<trkpt lat="54.503433" lon="18.636103"><time>2026-05-02T11:30:58.900Z</time></trkpt>
<trkpt lat="54.503475" lon="18.636154"><time>2026-05-02T11:31:00.900Z</time></trkpt>
<trkpt lat="54.503520" lon="18.636208"><time>2026-05-02T11:31:02.900Z</time></trkpt>
<trkpt lat="54.503566" lon="18.636257"><time>2026-05-02T11:31:04.900Z</time></trkpt>
<trkpt lat="54.503612" lon="18.636309"><time>2026-05-02T11:31:06.900Z</time></trkpt>
<trkpt lat="54.503657" lon="18.636360"><time>2026-05-02T11:31:08.900Z</time></trkpt>
<trkpt lat="54.503707" lon="18.636413"><time>2026-05-02T11:31:10.900Z</time></trkpt>
<trkpt lat="54.503747" lon="18.636458"><time>2026-05-02T11:31:12.900Z</time></trkpt>
<trkpt lat="54.503788" lon="18.636505"><time>2026-05-02T11:31:14.900Z</time></trkpt>
<trkpt lat="54.503831" lon="18.636562"><time>2026-05-02T11:31:16.900Z</time></trkpt>
<trkpt lat="54.503873" lon="18.636620"><time>2026-05-02T11:31:18.900Z</time></trkpt>
<trkpt lat="54.503915" lon="18.636675"><time>2026-05-02T11:31:20.900Z</time></trkpt>
<trkpt lat="54.503955" lon="18.636734"><time>2026-05-02T11:31:22.900Z</time></trkpt>
<trkpt lat="54.503996" lon="18.636786"><time>2026-05-02T11:31:24.900Z</time></trkpt>
<trkpt lat="54.504037" lon="18.636837"><time>2026-05-02T11:31:26.900Z</time></trkpt>
<trkpt lat="54.504080" lon="18.636889"><time>2026-05-02T11:31:28.900Z</time></trkpt>
<trkpt lat="54.504127" lon="18.636942"><time>2026-05-02T11:31:30.900Z</time></trkpt>
<trkpt lat="54.504175" lon="18.636996"><time>2026-05-02T11:31:32.900Z</time></trkpt>
<trkpt lat="54.504223" lon="18.637047"><time>2026-05-02T11:31:34.900Z</time></trkpt>
<trkpt lat="54.504265" lon="18.637097"><time>2026-05-02T11:31:36.900Z</time></trkpt>
<trkpt lat="54.504306" lon="18.637150"><time>2026-05-02T11:31:38.900Z</time></trkpt>
<trkpt lat="54.504351" lon="18.637200"><time>2026-05-02T11:31:40.900Z</time></trkpt>
<trkpt lat="54.504380" lon="18.637252"><time>2026-05-02T11:31:42.900Z</time></trkpt>
<trkpt lat="54.504440" lon="18.637309"><time>2026-05-02T11:31:44.900Z</time></trkpt>
<trkpt lat="54.504489" lon="18.637362"><time>2026-05-02T11:31:47.000Z</time></trkpt>
<trkpt lat="54.504534" lon="18.637407"><time>2026-05-02T11:31:49.000Z</time></trkpt>
<trkpt lat="54.504582" lon="18.637451"><time>2026-05-02T11:31:51.000Z</time></trkpt>
<trkpt lat="54.504630" lon="18.637498"><time>2026-05-02T11:31:53.000Z</time></trkpt>
<trkpt lat="54.504673" lon="18.637545"><time>2026-05-02T11:31:55.000Z</time></trkpt>
<trkpt lat="54.504715" lon="18.637590"><time>2026-05-02T11:31:57.000Z</time></trkpt>
<trkpt lat="54.504757" lon="18.637641"><time>2026-05-02T11:31:59.000Z</time></trkpt>
<trkpt lat="54.504801" lon="18.637691"><time>2026-05-02T11:32:01.000Z</time></trkpt>
<trkpt lat="54.504849" lon="18.637745"><time>2026-05-02T11:32:03.000Z</time></trkpt>
<trkpt lat="54.504899" lon="18.637800"><time>2026-05-02T11:32:05.000Z</time></trkpt>
<trkpt lat="54.504949" lon="18.637851"><time>2026-05-02T11:32:07.000Z</time></trkpt>
<trkpt lat="54.504999" lon="18.637904"><time>2026-05-02T11:32:09.000Z</time></trkpt>
<trkpt lat="54.505045" lon="18.637947"><time>2026-05-02T11:32:11.000Z</time></trkpt>
<trkpt lat="54.505094" lon="18.637997"><time>2026-05-02T11:32:13.000Z</time></trkpt>
<trkpt lat="54.505144" lon="18.638047"><time>2026-05-02T11:32:15.000Z</time></trkpt>
<trkpt lat="54.505192" lon="18.638089"><time>2026-05-02T11:32:17.000Z</time></trkpt>
<trkpt lat="54.505243" lon="18.638136"><time>2026-05-02T11:32:19.000Z</time></trkpt>
<trkpt lat="54.505296" lon="18.638176"><time>2026-05-02T11:32:21.000Z</time></trkpt>
<trkpt lat="54.505351" lon="18.638214"><time>2026-05-02T11:32:23.000Z</time></trkpt>
<trkpt lat="54.505405" lon="18.638255"><time>2026-05-02T11:32:25.000Z</time></trkpt>
<trkpt lat="54.505460" lon="18.638301"><time>2026-05-02T11:32:27.000Z</time></trkpt>
<trkpt lat="54.505512" lon="18.638355"><time>2026-05-02T11:32:29.000Z</time></trkpt>
<trkpt lat="54.505562" lon="18.638403"><time>2026-05-02T11:32:31.000Z</time></trkpt>
<trkpt lat="54.505609" lon="18.638446"><time>2026-05-02T11:32:33.000Z</time></trkpt>
<trkpt lat="54.505661" lon="18.638495"><time>2026-05-02T11:32:35.000Z</time></trkpt>
<trkpt lat="54.505711" lon="18.638552"><time>2026-05-02T11:32:37.000Z</time></trkpt>
<trkpt lat="54.505759" lon="18.638610"><time>2026-05-02T11:32:39.000Z</time></trkpt>
<trkpt lat="54.505808" lon="18.638650"><time>2026-05-02T11:32:41.000Z</time></trkpt>
<trkpt lat="54.505853" lon="18.638698"><time>2026-05-02T11:32:42.900Z</time></trkpt>
<trkpt lat="54.505901" lon="18.638748"><time>2026-05-02T11:32:44.900Z</time></trkpt>
<trkpt lat="54.505947" lon="18.638795"><time>2026-05-02T11:32:46.900Z</time></trkpt>
<trkpt lat="54.505991" lon="18.638840"><time>2026-05-02T11:32:48.900Z</time></trkpt>
<trkpt lat="54.506035" lon="18.638894"><time>2026-05-02T11:32:50.900Z</time></trkpt>
<trkpt lat="54.506089" lon="18.638946"><time>2026-05-02T11:32:52.900Z</time></trkpt>
<trkpt lat="54.506137" lon="18.638978"><time>2026-05-02T11:32:54.900Z</time></trkpt>
<trkpt lat="54.506188" lon="18.639018"><time>2026-05-02T11:32:56.900Z</time></trkpt>
<trkpt lat="54.506246" lon="18.639076"><time>2026-05-02T11:32:58.900Z</time></trkpt>
<trkpt lat="54.506303" lon="18.639131"><time>2026-05-02T11:33:00.900Z</time></trkpt>
<trkpt lat="54.506339" lon="18.639172"><time>2026-05-02T11:33:02.900Z</time></trkpt>
<trkpt lat="54.506390" lon="18.639201"><time>2026-05-02T11:33:04.900Z</time></trkpt>
<trkpt lat="54.506439" lon="18.639246"><time>2026-05-02T11:33:06.900Z</time></trkpt>
<trkpt lat="54.506484" lon="18.639296"><time>2026-05-02T11:33:08.900Z</time></trkpt>
<trkpt lat="54.506529" lon="18.639350"><time>2026-05-02T11:33:10.900Z</time></trkpt>
<trkpt lat="54.506577" lon="18.639397"><time>2026-05-02T11:33:12.900Z</time></trkpt>
<trkpt lat="54.506627" lon="18.639440"><time>2026-05-02T11:33:14.900Z</time></trkpt>
<trkpt lat="54.506675" lon="18.639486"><time>2026-05-02T11:33:16.900Z</time></trkpt>
<trkpt lat="54.506722" lon="18.639540"><time>2026-05-02T11:33:18.900Z</time></trkpt>
<trkpt lat="54.506771" lon="18.639591"><time>2026-05-02T11:33:20.900Z</time></trkpt>
<trkpt lat="54.506818" lon="18.639651"><time>2026-05-02T11:33:22.900Z</time></trkpt>
<trkpt lat="54.506865" lon="18.639699"><time>2026-05-02T11:33:24.900Z</time></trkpt>
<trkpt lat="54.506913" lon="18.639751"><time>2026-05-02T11:33:26.900Z</time></trkpt>
<trkpt lat="54.506957" lon="18.639801"><time>2026-05-02T11:33:28.900Z</time></trkpt>
<trkpt lat="54.507004" lon="18.639850"><time>2026-05-02T11:33:30.900Z</time></trkpt>
<trkpt lat="54.507049" lon="18.639899"><time>2026-05-02T11:33:32.900Z</time></trkpt>
<trkpt lat="54.507093" lon="18.639949"><time>2026-05-02T11:33:34.900Z</time></trkpt>
<trkpt lat="54.507138" lon="18.639995"><time>2026-05-02T11:33:36.900Z</time></trkpt>
<trkpt lat="54.507181" lon="18.640026"><time>2026-05-02T11:33:38.900Z</time></trkpt>
<trkpt lat="54.507223" lon="18.640043"><time>2026-05-02T11:33:40.900Z</time></trkpt>
<trkpt lat="54.507271" lon="18.640051"><time>2026-05-02T11:33:42.900Z</time></trkpt>
<trkpt lat="54.507325" lon="18.640026"><time>2026-05-02T11:33:44.900Z</time></trkpt>
<trkpt lat="54.507376" lon="18.639972"><time>2026-05-02T11:33:46.900Z</time></trkpt>
<trkpt lat="54.507421" lon="18.639893"><time>2026-05-02T11:33:48.900Z</time></trkpt>
<trkpt lat="54.507455" lon="18.639805"><time>2026-05-02T11:33:50.900Z</time></trkpt>
<trkpt lat="54.507468" lon="18.639716"><time>2026-05-02T11:33:53.000Z</time></trkpt>
<trkpt lat="54.507464" lon="18.639628"><time>2026-05-02T11:33:55.000Z</time></trkpt>
<trkpt lat="54.507455" lon="18.639540"><time>2026-05-02T11:33:57.000Z</time></trkpt>
<trkpt lat="54.507443" lon="18.639462"><time>2026-05-02T11:33:59.000Z</time></trkpt>
<trkpt lat="54.507428" lon="18.639389"><time>2026-05-02T11:34:01.000Z</time></trkpt>
<trkpt lat="54.507411" lon="18.639328"><time>2026-05-02T11:34:03.000Z</time></trkpt>
<trkpt lat="54.507392" lon="18.639260"><time>2026-05-02T11:34:05.000Z</time></trkpt>
<trkpt lat="54.507374" lon="18.639195"><time>2026-05-02T11:34:07.000Z</time></trkpt>
<trkpt lat="54.507349" lon="18.639129"><time>2026-05-02T11:34:09.000Z</time></trkpt>
<trkpt lat="54.507329" lon="18.639060"><time>2026-05-02T11:34:11.000Z</time></trkpt>
<trkpt lat="54.507312" lon="18.639000"><time>2026-05-02T11:34:13.000Z</time></trkpt>
<trkpt lat="54.507293" lon="18.638940"><time>2026-05-02T11:34:15.000Z</time></trkpt>
<trkpt lat="54.507268" lon="18.638870"><time>2026-05-02T11:34:17.000Z</time></trkpt>
<trkpt lat="54.507246" lon="18.638804"><time>2026-05-02T11:34:19.000Z</time></trkpt>
<trkpt lat="54.507224" lon="18.638730"><time>2026-05-02T11:34:21.000Z</time></trkpt>
<trkpt lat="54.507203" lon="18.638673"><time>2026-05-02T11:34:23.000Z</time></trkpt>
<trkpt lat="54.507191" lon="18.638622"><time>2026-05-02T11:34:25.000Z</time></trkpt>
<trkpt lat="54.507167" lon="18.638548"><time>2026-05-02T11:34:27.000Z</time></trkpt>
<trkpt lat="54.507147" lon="18.638473"><time>2026-05-02T11:34:29.000Z</time></trkpt>
<trkpt lat="54.507136" lon="18.638396"><time>2026-05-02T11:34:31.000Z</time></trkpt>
<trkpt lat="54.507122" lon="18.638330"><time>2026-05-02T11:34:33.000Z</time></trkpt>
<trkpt lat="54.507109" lon="18.638263"><time>2026-05-02T11:34:35.000Z</time></trkpt>
<trkpt lat="54.507097" lon="18.638208"><time>2026-05-02T11:34:37.000Z</time></trkpt>
<trkpt lat="54.507079" lon="18.638151"><time>2026-05-02T11:34:39.000Z</time></trkpt>
<trkpt lat="54.507066" lon="18.638101"><time>2026-05-02T11:34:41.000Z</time></trkpt>
<trkpt lat="54.507056" lon="18.638048"><time>2026-05-02T11:34:43.000Z</time></trkpt>
<trkpt lat="54.507043" lon="18.637980"><time>2026-05-02T11:34:45.000Z</time></trkpt>
<trkpt lat="54.507034" lon="18.637910"><time>2026-05-02T11:34:46.900Z</time></trkpt>
<trkpt lat="54.507018" lon="18.637849"><time>2026-05-02T11:34:48.900Z</time></trkpt>
<trkpt lat="54.507007" lon="18.637804"><time>2026-05-02T11:34:50.900Z</time></trkpt>
<trkpt lat="54.506996" lon="18.637746"><time>2026-05-02T11:34:52.900Z</time></trkpt>
<trkpt lat="54.506981" lon="18.637686"><time>2026-05-02T11:34:54.900Z</time></trkpt>
<trkpt lat="54.506970" lon="18.637634"><time>2026-05-02T11:34:56.900Z</time></trkpt>
<trkpt lat="54.506960" lon="18.637570"><time>2026-05-02T11:34:58.900Z</time></trkpt>
<trkpt lat="54.506951" lon="18.637519"><time>2026-05-02T11:35:00.900Z</time></trkpt>
<trkpt lat="54.506939" lon="18.637452"><time>2026-05-02T11:35:02.900Z</time></trkpt>
<trkpt lat="54.506928" lon="18.637384"><time>2026-05-02T11:35:04.900Z</time></trkpt>
<trkpt lat="54.506912" lon="18.637328"><time>2026-05-02T11:35:06.900Z</time></trkpt>
<trkpt lat="54.506901" lon="18.637265"><time>2026-05-02T11:35:08.900Z</time></trkpt>
<trkpt lat="54.506898" lon="18.637204"><time>2026-05-02T11:35:10.900Z</time></trkpt>
<trkpt lat="54.506887" lon="18.637147"><time>2026-05-02T11:35:12.900Z</time></trkpt>
<trkpt lat="54.506875" lon="18.637089"><time>2026-05-02T11:35:14.900Z</time></trkpt>
<trkpt lat="54.506857" lon="18.637035"><time>2026-05-02T11:35:16.900Z</time></trkpt>
<trkpt lat="54.506844" lon="18.636979"><time>2026-05-02T11:35:18.900Z</time></trkpt>
<trkpt lat="54.506831" lon="18.636914"><time>2026-05-02T11:35:20.900Z</time></trkpt>
<trkpt lat="54.506821" lon="18.636856"><time>2026-05-02T11:35:22.900Z</time></trkpt>
<trkpt lat="54.506809" lon="18.636796"><time>2026-05-02T11:35:24.900Z</time></trkpt>
<trkpt lat="54.506794" lon="18.636739"><time>2026-05-02T11:35:26.900Z</time></trkpt>
<trkpt lat="54.506778" lon="18.636680"><time>2026-05-02T11:35:28.900Z</time></trkpt>
<trkpt lat="54.506763" lon="18.636623"><time>2026-05-02T11:35:30.900Z</time></trkpt>
<trkpt lat="54.506752" lon="18.636563"><time>2026-05-02T11:35:32.900Z</time></trkpt>
<trkpt lat="54.506746" lon="18.636502"><time>2026-05-02T11:35:34.900Z</time></trkpt>
<trkpt lat="54.506736" lon="18.636441"><time>2026-05-02T11:35:36.900Z</time></trkpt>
<trkpt lat="54.506722" lon="18.636380"><time>2026-05-02T11:35:38.900Z</time></trkpt>
<trkpt lat="54.506708" lon="18.636322"><time>2026-05-02T11:35:40.900Z</time></trkpt>
<trkpt lat="54.506693" lon="18.636268"><time>2026-05-02T11:35:42.900Z</time></trkpt>
<trkpt lat="54.506681" lon="18.636207"><time>2026-05-02T11:35:44.900Z</time></trkpt>
<trkpt lat="54.506665" lon="18.636149"><time>2026-05-02T11:35:46.900Z</time></trkpt>
<trkpt lat="54.506650" lon="18.636093"><time>2026-05-02T11:35:48.900Z</time></trkpt>
<trkpt lat="54.506637" lon="18.636034"><time>2026-05-02T11:35:50.900Z</time></trkpt>
<trkpt lat="54.506624" lon="18.635972"><time>2026-05-02T11:35:52.900Z</time></trkpt>
<trkpt lat="54.506612" lon="18.635909"><time>2026-05-02T11:35:54.900Z</time></trkpt>
<trkpt lat="54.506601" lon="18.635845"><time>2026-05-02T11:35:56.900Z</time></trkpt>
<trkpt lat="54.506590" lon="18.635784"><time>2026-05-02T11:35:59.000Z</time></trkpt>
<trkpt lat="54.506580" lon="18.635723"><time>2026-05-02T11:36:01.000Z</time></trkpt>
<trkpt lat="54.506572" lon="18.635666"><time>2026-05-02T11:36:03.000Z</time></trkpt>
<trkpt lat="54.506563" lon="18.635610"><time>2026-05-02T11:36:05.000Z</time></trkpt>
<trkpt lat="54.506552" lon="18.635552"><time>2026-05-02T11:36:07.000Z</time></trkpt>
<trkpt lat="54.506540" lon="18.635496"><time>2026-05-02T11:36:09.000Z</time></trkpt>
<trkpt lat="54.506527" lon="18.635439"><time>2026-05-02T11:36:11.000Z</time></trkpt>
<trkpt lat="54.506512" lon="18.635383"><time>2026-05-02T11:36:13.000Z</time></trkpt>
<trkpt lat="54.506499" lon="18.635326"><time>2026-05-02T11:36:15.000Z</time></trkpt>
<trkpt lat="54.506486" lon="18.635268"><time>2026-05-02T11:36:17.000Z</time></trkpt>
<trkpt lat="54.506468" lon="18.635211"><time>2026-05-02T11:36:19.000Z</time></trkpt>
<trkpt lat="54.506451" lon="18.635152"><time>2026-05-02T11:36:21.000Z</time></trkpt>
<trkpt lat="54.506433" lon="18.635100"><time>2026-05-02T11:36:23.000Z</time></trkpt>
<trkpt lat="54.506413" lon="18.635046"><time>2026-05-02T11:36:25.000Z</time></trkpt>
<trkpt lat="54.506389" lon="18.634989"><time>2026-05-02T11:36:27.000Z</time></trkpt>
<trkpt lat="54.506372" lon="18.634938"><time>2026-05-02T11:36:29.000Z</time></trkpt>
<trkpt lat="54.506351" lon="18.634879"><time>2026-05-02T11:36:31.000Z</time></trkpt>
<trkpt lat="54.506330" lon="18.634818"><time>2026-05-02T11:36:33.000Z</time></trkpt>
<trkpt lat="54.506316" lon="18.634754"><time>2026-05-02T11:36:35.000Z</time></trkpt>
<trkpt lat="54.506302" lon="18.634687"><time>2026-05-02T11:36:37.000Z</time></trkpt>
<trkpt lat="54.506289" lon="18.634620"><time>2026-05-02T11:36:39.000Z</time></trkpt>
<trkpt lat="54.506278" lon="18.634558"><time>2026-05-02T11:36:41.000Z</time></trkpt>
<trkpt lat="54.506268" lon="18.634496"><time>2026-05-02T11:36:43.000Z</time></trkpt>
<trkpt lat="54.506259" lon="18.634435"><time>2026-05-02T11:36:45.000Z</time></trkpt>
<trkpt lat="54.506253" lon="18.634373"><time>2026-05-02T11:36:47.000Z</time></trkpt>
<trkpt lat="54.506248" lon="18.634312"><time>2026-05-02T11:36:49.000Z</time></trkpt>
<trkpt lat="54.506245" lon="18.634250"><time>2026-05-02T11:36:51.000Z</time></trkpt>
<trkpt lat="54.506243" lon="18.634190"><time>2026-05-02T11:36:53.000Z</time></trkpt>
<trkpt lat="54.506240" lon="18.634131"><time>2026-05-02T11:36:54.900Z</time></trkpt>
<trkpt lat="54.506235" lon="18.634075"><time>2026-05-02T11:36:56.900Z</time></trkpt>
<trkpt lat="54.506229" lon="18.634019"><time>2026-05-02T11:36:58.900Z</time></trkpt>
<trkpt lat="54.506222" lon="18.633962"><time>2026-05-02T11:37:00.900Z</time></trkpt>
<trkpt lat="54.506213" lon="18.633907"><time>2026-05-02T11:37:02.900Z</time></trkpt>
<trkpt lat="54.506203" lon="18.633856"><time>2026-05-02T11:37:04.900Z</time></trkpt>
<trkpt lat="54.506191" lon="18.633798"><time>2026-05-02T11:37:06.900Z</time></trkpt>
<trkpt lat="54.506181" lon="18.633745"><time>2026-05-02T11:37:08.900Z</time></trkpt>
<trkpt lat="54.506169" lon="18.633690"><time>2026-05-02T11:37:10.900Z</time></trkpt>
<trkpt lat="54.506156" lon="18.633632"><time>2026-05-02T11:37:12.900Z</time></trkpt>
<trkpt lat="54.506145" lon="18.633574"><time>2026-05-02T11:37:14.900Z</time></trkpt>
<trkpt lat="54.506130" lon="18.633516"><time>2026-05-02T11:37:16.900Z</time></trkpt>
<trkpt lat="54.506118" lon="18.633453"><time>2026-05-02T11:37:18.900Z</time></trkpt>
<trkpt lat="54.506103" lon="18.633391"><time>2026-05-02T11:37:20.900Z</time></trkpt>
<trkpt lat="54.506090" lon="18.633325"><time>2026-05-02T11:37:22.900Z</time></trkpt>
<trkpt lat="54.506078" lon="18.633259"><time>2026-05-02T11:37:24.900Z</time></trkpt>
<trkpt lat="54.506063" lon="18.633196"><time>2026-05-02T11:37:26.900Z</time></trkpt>
<trkpt lat="54.506049" lon="18.633133"><time>2026-05-02T11:37:28.900Z</time></trkpt>
<trkpt lat="54.506036" lon="18.633067"><time>2026-05-02T11:37:30.900Z</time></trkpt>
<trkpt lat="54.506024" lon="18.633003"><time>2026-05-02T11:37:32.900Z</time></trkpt>
<trkpt lat="54.506017" lon="18.632940"><time>2026-05-02T11:37:34.900Z</time></trkpt>
<trkpt lat="54.506007" lon="18.632878"><time>2026-05-02T11:37:36.900Z</time></trkpt>
<trkpt lat="54.505998" lon="18.632819"><time>2026-05-02T11:37:38.900Z</time></trkpt>
<trkpt lat="54.505989" lon="18.632759"><time>2026-05-02T11:37:40.900Z</time></trkpt>
<trkpt lat="54.505979" lon="18.632695"><time>2026-05-02T11:37:42.900Z</time></trkpt>
<trkpt lat="54.505970" lon="18.632635"><time>2026-05-02T11:37:44.900Z</time></trkpt>
<trkpt lat="54.505960" lon="18.632580"><time>2026-05-02T11:37:46.900Z</time></trkpt>
<trkpt lat="54.505953" lon="18.632523"><time>2026-05-02T11:37:48.900Z</time></trkpt>
<trkpt lat="54.505943" lon="18.632469"><time>2026-05-02T11:37:50.900Z</time></trkpt>
<trkpt lat="54.505931" lon="18.632405"><time>2026-05-02T11:37:52.900Z</time></trkpt>
<trkpt lat="54.505920" lon="18.632351"><time>2026-05-02T11:37:54.900Z</time></trkpt>
<trkpt lat="54.505903" lon="18.632290"><time>2026-05-02T11:37:56.900Z</time></trkpt>
<trkpt lat="54.505887" lon="18.632226"><time>2026-05-02T11:37:58.900Z</time></trkpt>
<trkpt lat="54.505879" lon="18.632169"><time>2026-05-02T11:38:00.900Z</time></trkpt>
<trkpt lat="54.505870" lon="18.632104"><time>2026-05-02T11:38:02.900Z</time></trkpt>
<trkpt lat="54.505860" lon="18.632041"><time>2026-05-02T11:38:05.000Z</time></trkpt>
<trkpt lat="54.505848" lon="18.631983"><time>2026-05-02T11:38:07.000Z</time></trkpt>
<trkpt lat="54.505833" lon="18.631928"><time>2026-05-02T11:38:09.000Z</time></trkpt>
<trkpt lat="54.505820" lon="18.631877"><time>2026-05-02T11:38:11.000Z</time></trkpt>
<trkpt lat="54.505810" lon="18.631821"><time>2026-05-02T11:38:13.000Z</time></trkpt>
<trkpt lat="54.505797" lon="18.631764"><time>2026-05-02T11:38:15.000Z</time></trkpt>
<trkpt lat="54.505784" lon="18.631709"><time>2026-05-02T11:38:17.000Z</time></trkpt>
<trkpt lat="54.505771" lon="18.631651"><time>2026-05-02T11:38:19.000Z</time></trkpt>
<trkpt lat="54.505756" lon="18.631599"><time>2026-05-02T11:38:21.000Z</time></trkpt>
<trkpt lat="54.505744" lon="18.631548"><time>2026-05-02T11:38:23.000Z</time></trkpt>
<trkpt lat="54.505736" lon="18.631481"><time>2026-05-02T11:38:25.000Z</time></trkpt>
<trkpt lat="54.505727" lon="18.631419"><time>2026-05-02T11:38:27.000Z</time></trkpt>
<trkpt lat="54.505716" lon="18.631368"><time>2026-05-02T11:38:29.000Z</time></trkpt>
<trkpt lat="54.505706" lon="18.631308"><time>2026-05-02T11:38:31.000Z</time></trkpt>
<trkpt lat="54.505702" lon="18.631244"><time>2026-05-02T11:38:33.000Z</time></trkpt>
<trkpt lat="54.505692" lon="18.631180"><time>2026-05-02T11:38:35.000Z</time></trkpt>
<trkpt lat="54.505679" lon="18.631117"><time>2026-05-02T11:38:37.000Z</time></trkpt>
<trkpt lat="54.505666" lon="18.631057"><time>2026-05-02T11:38:39.000Z</time></trkpt>
<trkpt lat="54.505657" lon="18.630989"><time>2026-05-02T11:38:41.000Z</time></trkpt>
<trkpt lat="54.505651" lon="18.630917"><time>2026-05-02T11:38:43.000Z</time></trkpt>
<trkpt lat="54.505644" lon="18.630845"><time>2026-05-02T11:38:45.000Z</time></trkpt>
<trkpt lat="54.505636" lon="18.630777"><time>2026-05-02T11:38:47.000Z</time></trkpt>
<trkpt lat="54.505626" lon="18.630709"><time>2026-05-02T11:38:49.000Z</time></trkpt>
<trkpt lat="54.505616" lon="18.630636"><time>2026-05-02T11:38:51.000Z</time></trkpt>
<trkpt lat="54.505606" lon="18.630554"><time>2026-05-02T11:38:53.000Z</time></trkpt>
<trkpt lat="54.505596" lon="18.630473"><time>2026-05-02T11:38:55.000Z</time></trkpt>
<trkpt lat="54.505594" lon="18.630388"><time>2026-05-02T11:38:57.000Z</time></trkpt>
<trkpt lat="54.505598" lon="18.630309"><time>2026-05-02T11:38:58.900Z</time></trkpt>
<trkpt lat="54.505604" lon="18.630239"><time>2026-05-02T11:39:00.900Z</time></trkpt>
<trkpt lat="54.505600" lon="18.630176"><time>2026-05-02T11:39:02.900Z</time></trkpt>
<trkpt lat="54.505594" lon="18.630101"><time>2026-05-02T11:39:04.900Z</time></trkpt>
<trkpt lat="54.505585" lon="18.630026"><time>2026-05-02T11:39:06.900Z</time></trkpt>
<trkpt lat="54.505574" lon="18.629940"><time>2026-05-02T11:39:08.900Z</time></trkpt>
<trkpt lat="54.505570" lon="18.629853"><time>2026-05-02T11:39:10.900Z</time></trkpt>
<trkpt lat="54.505556" lon="18.629757"><time>2026-05-02T11:39:12.900Z</time></trkpt>
<trkpt lat="54.505544" lon="18.629664"><time>2026-05-02T11:39:14.900Z</time></trkpt>
<trkpt lat="54.505527" lon="18.629578"><time>2026-05-02T11:39:16.900Z</time></trkpt>
<trkpt lat="54.505513" lon="18.629495"><time>2026-05-02T11:39:18.900Z</time></trkpt>
<trkpt lat="54.505502" lon="18.629409"><time>2026-05-02T11:39:20.900Z</time></trkpt>
<trkpt lat="54.505489" lon="18.629323"><time>2026-05-02T11:39:22.900Z</time></trkpt>
<trkpt lat="54.505477" lon="18.629229"><time>2026-05-02T11:39:24.900Z</time></trkpt>
<trkpt lat="54.505467" lon="18.629136"><time>2026-05-02T11:39:26.900Z</time></trkpt>
<trkpt lat="54.505457" lon="18.629044"><time>2026-05-02T11:39:28.900Z</time></trkpt>
<trkpt lat="54.505448" lon="18.628955"><time>2026-05-02T11:39:30.900Z</time></trkpt>
<trkpt lat="54.505435" lon="18.628874"><time>2026-05-02T11:39:32.900Z</time></trkpt>
<trkpt lat="54.505424" lon="18.628785"><time>2026-05-02T11:39:34.900Z</time></trkpt>
<trkpt lat="54.505409" lon="18.628703"><time>2026-05-02T11:39:36.900Z</time></trkpt>
<trkpt lat="54.505396" lon="18.628618"><time>2026-05-02T11:39:38.900Z</time></trkpt>
<trkpt lat="54.505379" lon="18.628531"><time>2026-05-02T11:39:40.900Z</time></trkpt>
<trkpt lat="54.505362" lon="18.628450"><time>2026-05-02T11:39:42.900Z</time></trkpt>
<trkpt lat="54.505346" lon="18.628368"><time>2026-05-02T11:39:44.900Z</time></trkpt>
<trkpt lat="54.505331" lon="18.628284"><time>2026-05-02T11:39:46.900Z</time></trkpt>
<trkpt lat="54.505316" lon="18.628202"><time>2026-05-02T11:39:48.900Z</time></trkpt>
<trkpt lat="54.505302" lon="18.628119"><time>2026-05-02T11:39:50.900Z</time></trkpt>
<trkpt lat="54.505287" lon="18.628030"><time>2026-05-02T11:39:52.900Z</time></trkpt>
<trkpt lat="54.505272" lon="18.627946"><time>2026-05-02T11:39:54.900Z</time></trkpt>
<trkpt lat="54.505254" lon="18.627860"><time>2026-05-02T11:39:56.900Z</time></trkpt>
<trkpt lat="54.505238" lon="18.627772"><time>2026-05-02T11:39:58.900Z</time></trkpt>
<trkpt lat="54.505221" lon="18.627685"><time>2026-05-02T11:40:00.900Z</time></trkpt>
<trkpt lat="54.505205" lon="18.627595"><time>2026-05-02T11:40:02.900Z</time></trkpt>
<trkpt lat="54.505190" lon="18.627510"><time>2026-05-02T11:40:04.900Z</time></trkpt>
<trkpt lat="54.505177" lon="18.627425"><time>2026-05-02T11:40:06.900Z</time></trkpt>
<trkpt lat="54.505163" lon="18.627337"><time>2026-05-02T11:40:08.900Z</time></trkpt>
<trkpt lat="54.505149" lon="18.627251"><time>2026-05-02T11:40:11.000Z</time></trkpt>
<trkpt lat="54.505138" lon="18.627167"><time>2026-05-02T11:40:13.000Z</time></trkpt>
<trkpt lat="54.505126" lon="18.627085"><time>2026-05-02T11:40:15.000Z</time></trkpt>
<trkpt lat="54.505111" lon="18.627002"><time>2026-05-02T11:40:17.000Z</time></trkpt>
<trkpt lat="54.505091" lon="18.626922"><time>2026-05-02T11:40:19.000Z</time></trkpt>
<trkpt lat="54.505073" lon="18.626837"><time>2026-05-02T11:40:21.000Z</time></trkpt>
<trkpt lat="54.505055" lon="18.626752"><time>2026-05-02T11:40:23.000Z</time></trkpt>
<trkpt lat="54.505036" lon="18.626666"><time>2026-05-02T11:40:25.000Z</time></trkpt>
<trkpt lat="54.505017" lon="18.626583"><time>2026-05-02T11:40:27.000Z</time></trkpt>
<trkpt lat="54.505000" lon="18.626499"><time>2026-05-02T11:40:29.000Z</time></trkpt>
<trkpt lat="54.504985" lon="18.626412"><time>2026-05-02T11:40:31.000Z</time></trkpt>
<trkpt lat="54.504970" lon="18.626330"><time>2026-05-02T11:40:33.000Z</time></trkpt>
<trkpt lat="54.504956" lon="18.626245"><time>2026-05-02T11:40:35.000Z</time></trkpt>
<trkpt lat="54.504941" lon="18.626163"><time>2026-05-02T11:40:37.000Z</time></trkpt>
<trkpt lat="54.504925" lon="18.626079"><time>2026-05-02T11:40:39.000Z</time></trkpt>
<trkpt lat="54.504908" lon="18.625997"><time>2026-05-02T11:40:41.000Z</time></trkpt>
<trkpt lat="54.504890" lon="18.625910"><time>2026-05-02T11:40:43.000Z</time></trkpt>
<trkpt lat="54.504876" lon="18.625825"><time>2026-05-02T11:40:45.000Z</time></trkpt>
<trkpt lat="54.504862" lon="18.625737"><time>2026-05-02T11:40:47.000Z</time></trkpt>
<trkpt lat="54.504851" lon="18.625650"><time>2026-05-02T11:40:49.000Z</time></trkpt>
<trkpt lat="54.504838" lon="18.625563"><time>2026-05-02T11:40:51.000Z</time></trkpt>
<trkpt lat="54.504826" lon="18.625479"><time>2026-05-02T11:40:53.000Z</time></trkpt>
<trkpt lat="54.504811" lon="18.625395"><time>2026-05-02T11:40:55.000Z</time></trkpt>
<trkpt lat="54.504795" lon="18.625311"><time>2026-05-02T11:40:57.000Z</time></trkpt>
<trkpt lat="54.504780" lon="18.625228"><time>2026-05-02T11:40:59.000Z</time></trkpt>
<trkpt lat="54.504762" lon="18.625155"><time>2026-05-02T11:41:01.000Z</time></trkpt>
<trkpt lat="54.504741" lon="18.625078"><time>2026-05-02T11:41:03.000Z</time></trkpt>
<trkpt lat="54.504717" lon="18.624997"><time>2026-05-02T11:41:05.000Z</time></trkpt>
<trkpt lat="54.504692" lon="18.624905"><time>2026-05-02T11:41:06.900Z</time></trkpt>
<trkpt lat="54.504672" lon="18.624834"><time>2026-05-02T11:41:08.900Z</time></trkpt>
<trkpt lat="54.504649" lon="18.624756"><time>2026-05-02T11:41:10.900Z</time></trkpt>
<trkpt lat="54.504621" lon="18.624669"><time>2026-05-02T11:41:12.900Z</time></trkpt>
<trkpt lat="54.504598" lon="18.624585"><time>2026-05-02T11:41:14.900Z</time></trkpt>
<trkpt lat="54.504581" lon="18.624503"><time>2026-05-02T11:41:16.900Z</time></trkpt>
<trkpt lat="54.504565" lon="18.624429"><time>2026-05-02T11:41:18.900Z</time></trkpt>
<trkpt lat="54.504548" lon="18.624348"><time>2026-05-02T11:41:20.900Z</time></trkpt>
<trkpt lat="54.504530" lon="18.624273"><time>2026-05-02T11:41:22.900Z</time></trkpt>
<trkpt lat="54.504508" lon="18.624192"><time>2026-05-02T11:41:24.900Z</time></trkpt>
<trkpt lat="54.504488" lon="18.624118"><time>2026-05-02T11:41:26.900Z</time></trkpt>
<trkpt lat="54.504466" lon="18.624046"><time>2026-05-02T11:41:28.900Z</time></trkpt>
<trkpt lat="54.504444" lon="18.623965"><time>2026-05-02T11:41:30.900Z</time></trkpt>
<trkpt lat="54.504420" lon="18.623897"><time>2026-05-02T11:41:32.900Z</time></trkpt>
<trkpt lat="54.504406" lon="18.623838"><time>2026-05-02T11:41:34.900Z</time></trkpt>
<trkpt lat="54.504381" lon="18.623769"><time>2026-05-02T11:41:36.900Z</time></trkpt>
<trkpt lat="54.504350" lon="18.623710"><time>2026-05-02T11:41:38.900Z</time></trkpt>
<trkpt lat="54.504323" lon="18.623667"><time>2026-05-02T11:41:40.900Z</time></trkpt>
<trkpt lat="54.504290" lon="18.623613"><time>2026-05-02T11:41:42.900Z</time></trkpt>
<trkpt lat="54.504261" lon="18.623567"><time>2026-05-02T11:41:44.900Z</time></trkpt>
<trkpt lat="54.504231" lon="18.623524"><time>2026-05-02T11:41:46.900Z</time></trkpt>
<trkpt lat="54.504201" lon="18.623478"><time>2026-05-02T11:41:48.900Z</time></trkpt>
<trkpt lat="54.504174" lon="18.623433"><time>2026-05-02T11:41:50.900Z</time></trkpt>
<trkpt lat="54.504151" lon="18.623396"><time>2026-05-02T11:41:52.900Z</time></trkpt>
<trkpt lat="54.504117" lon="18.623354"><time>2026-05-02T11:41:54.900Z</time></trkpt>
<trkpt lat="54.504082" lon="18.623311"><time>2026-05-02T11:41:56.900Z</time></trkpt>
<trkpt lat="54.504050" lon="18.623267"><time>2026-05-02T11:41:58.900Z</time></trkpt>
<trkpt lat="54.504015" lon="18.623225"><time>2026-05-02T11:42:00.900Z</time></trkpt>
<trkpt lat="54.503977" lon="18.623191"><time>2026-05-02T11:42:02.900Z</time></trkpt>
<trkpt lat="54.503950" lon="18.623164"><time>2026-05-02T11:42:04.900Z</time></trkpt>
<trkpt lat="54.503925" lon="18.623120"><time>2026-05-02T11:42:06.900Z</time></trkpt>
<trkpt lat="54.503904" lon="18.623063"><time>2026-05-02T11:42:08.900Z</time></trkpt>
<trkpt lat="54.503883" lon="18.623002"><time>2026-05-02T11:42:10.900Z</time></trkpt>
<trkpt lat="54.503864" lon="18.622952"><time>2026-05-02T11:42:12.900Z</time></trkpt>
<trkpt lat="54.503849" lon="18.622903"><time>2026-05-02T11:42:15.000Z</time></trkpt>
<trkpt lat="54.503834" lon="18.622856"><time>2026-05-02T11:42:17.000Z</time></trkpt>
<trkpt lat="54.503820" lon="18.622806"><time>2026-05-02T11:42:19.000Z</time></trkpt>
<trkpt lat="54.503806" lon="18.622753"><time>2026-05-02T11:42:21.000Z</time></trkpt>
<trkpt lat="54.503791" lon="18.622696"><time>2026-05-02T11:42:23.000Z</time></trkpt>
<trkpt lat="54.503787" lon="18.622664"><time>2026-05-02T11:42:25.000Z</time></trkpt>
<trkpt lat="54.503778" lon="18.622618"><time>2026-05-02T11:42:27.000Z</time></trkpt>
<trkpt lat="54.503769" lon="18.622572"><time>2026-05-02T11:42:29.000Z</time></trkpt>
<trkpt lat="54.503758" lon="18.622528"><time>2026-05-02T11:42:31.000Z</time></trkpt>
<trkpt lat="54.503747" lon="18.622486"><time>2026-05-02T11:42:33.000Z</time></trkpt>
<trkpt lat="54.503735" lon="18.622449"><time>2026-05-02T11:42:35.000Z</time></trkpt>
<trkpt lat="54.503727" lon="18.622413"><time>2026-05-02T11:42:37.000Z</time></trkpt>
<trkpt lat="54.503717" lon="18.622387"><time>2026-05-02T11:42:39.000Z</time></trkpt>
<trkpt lat="54.503708" lon="18.622354"><time>2026-05-02T11:42:41.000Z</time></trkpt>
<trkpt lat="54.503689" lon="18.622324"><time>2026-05-02T11:42:43.000Z</time></trkpt>
<trkpt lat="54.503667" lon="18.622291"><time>2026-05-02T11:42:45.000Z</time></trkpt>
<trkpt lat="54.503648" lon="18.622261"><time>2026-05-02T11:42:47.000Z</time></trkpt>
<trkpt lat="54.503631" lon="18.622233"><time>2026-05-02T11:42:49.000Z</time></trkpt>
<trkpt lat="54.503616" lon="18.622213"><time>2026-05-02T11:42:51.000Z</time></trkpt>
<trkpt lat="54.503605" lon="18.622203"><time>2026-05-02T11:42:53.000Z</time></trkpt>
<trkpt lat="54.503590" lon="18.622183"><time>2026-05-02T11:42:55.000Z</time></trkpt>
<trkpt lat="54.503575" lon="18.622156"><time>2026-05-02T11:42:57.000Z</time></trkpt>
<trkpt lat="54.503554" lon="18.622129"><time>2026-05-02T11:42:59.000Z</time></trkpt>
<trkpt lat="54.503539" lon="18.622109"><time>2026-05-02T11:43:01.000Z</time></trkpt>
<trkpt lat="54.503511" lon="18.622082"><time>2026-05-02T11:43:03.000Z</time></trkpt>
<trkpt lat="54.503491" lon="18.622071"><time>2026-05-02T11:43:05.000Z</time></trkpt>
<trkpt lat="54.503475" lon="18.622054"><time>2026-05-02T11:43:07.000Z</time></trkpt>
<trkpt lat="54.503457" lon="18.622039"><time>2026-05-02T11:43:09.000Z</time></trkpt>
<trkpt lat="54.503438" lon="18.622022"><time>2026-05-02T11:43:11.000Z</time></trkpt>
<trkpt lat="54.503420" lon="18.622014"><time>2026-05-02T11:43:12.900Z</time></trkpt>
<trkpt lat="54.503403" lon="18.622003"><time>2026-05-02T11:43:14.900Z</time></trkpt>
<trkpt lat="54.503384" lon="18.621997"><time>2026-05-02T11:43:16.900Z</time></trkpt>
<trkpt lat="54.503358" lon="18.621987"><time>2026-05-02T11:43:18.900Z</time></trkpt>
<trkpt lat="54.503340" lon="18.621983"><time>2026-05-02T11:43:20.900Z</time></trkpt>
<trkpt lat="54.503320" lon="18.621982"><time>2026-05-02T11:43:22.900Z</time></trkpt>
<trkpt lat="54.503299" lon="18.621985"><time>2026-05-02T11:43:24.900Z</time></trkpt>
<trkpt lat="54.503285" lon="18.621993"><time>2026-05-02T11:43:26.900Z</time></trkpt>
<trkpt lat="54.503253" lon="18.621994"><time>2026-05-02T11:43:28.900Z</time></trkpt>
<trkpt lat="54.503220" lon="18.622000"><time>2026-05-02T11:43:30.900Z</time></trkpt>
<trkpt lat="54.503195" lon="18.622008"><time>2026-05-02T11:43:32.900Z</time></trkpt>
<trkpt lat="54.503175" lon="18.622017"><time>2026-05-02T11:43:34.900Z</time></trkpt>
<trkpt lat="54.503160" lon="18.622025"><time>2026-05-02T11:43:36.900Z</time></trkpt>
<trkpt lat="54.503152" lon="18.622028"><time>2026-05-02T11:43:38.900Z</time></trkpt>
<trkpt lat="54.503140" lon="18.622036"><time>2026-05-02T11:43:40.900Z</time></trkpt>
<trkpt lat="54.503125" lon="18.622048"><time>2026-05-02T11:43:42.900Z</time></trkpt>
<trkpt lat="54.503103" lon="18.622051"><time>2026-05-02T11:43:44.900Z</time></trkpt>
<trkpt lat="54.503081" lon="18.622059"><time>2026-05-02T11:43:46.900Z</time></trkpt>
<trkpt lat="54.503058" lon="18.622071"><time>2026-05-02T11:43:48.900Z</time></trkpt>
<trkpt lat="54.503034" lon="18.622081"><time>2026-05-02T11:43:50.900Z</time></trkpt>
<trkpt lat="54.503009" lon="18.622097"><time>2026-05-02T11:43:52.900Z</time></trkpt>
<trkpt lat="54.502985" lon="18.622111"><time>2026-05-02T11:43:54.900Z</time></trkpt>
<trkpt lat="54.502964" lon="18.622123"><time>2026-05-02T11:43:56.900Z</time></trkpt>
<trkpt lat="54.502944" lon="18.622142"><time>2026-05-02T11:43:58.900Z</time></trkpt>
<trkpt lat="54.502926" lon="18.622158"><time>2026-05-02T11:44:00.900Z</time></trkpt>
<trkpt lat="54.502908" lon="18.622170"><time>2026-05-02T11:44:02.900Z</time></trkpt>
<trkpt lat="54.502885" lon="18.622195"><time>2026-05-02T11:44:04.900Z</time></trkpt>
<trkpt lat="54.502861" lon="18.622218"><time>2026-05-02T11:44:06.900Z</time></trkpt>
<trkpt lat="54.502838" lon="18.622244"><time>2026-05-02T11:44:08.900Z</time></trkpt>
<trkpt lat="54.502821" lon="18.622263"><time>2026-05-02T11:44:10.900Z</time></trkpt>
<trkpt lat="54.502806" lon="18.622284"><time>2026-05-02T11:44:12.900Z</time></trkpt>
<trkpt lat="54.502791" lon="18.622307"><time>2026-05-02T11:44:14.900Z</time></trkpt>
<trkpt lat="54.502774" lon="18.622334"><time>2026-05-02T11:44:16.900Z</time></trkpt>
<trkpt lat="54.502757" lon="18.622358"><time>2026-05-02T11:44:18.900Z</time></trkpt>
<trkpt lat="54.502742" lon="18.622377"><time>2026-05-02T11:44:21.000Z</time></trkpt>
<trkpt lat="54.502728" lon="18.622395"><time>2026-05-02T11:44:23.000Z</time></trkpt>
<trkpt lat="54.502713" lon="18.622415"><time>2026-05-02T11:44:25.000Z</time></trkpt>
<trkpt lat="54.502697" lon="18.622435"><time>2026-05-02T11:44:27.000Z</time></trkpt>
<trkpt lat="54.502678" lon="18.622456"><time>2026-05-02T11:44:29.000Z</time></trkpt>
<trkpt lat="54.502664" lon="18.622484"><time>2026-05-02T11:44:31.000Z</time></trkpt>
<trkpt lat="54.502648" lon="18.622504"><time>2026-05-02T11:44:33.000Z</time></trkpt>
<trkpt lat="54.502628" lon="18.622522"><time>2026-05-02T11:44:35.000Z</time></trkpt>
<trkpt lat="54.502616" lon="18.622543"><time>2026-05-02T11:44:37.000Z</time></trkpt>
<trkpt lat="54.502593" lon="18.622565"><time>2026-05-02T11:44:39.000Z</time></trkpt>
<trkpt lat="54.502573" lon="18.622586"><time>2026-05-02T11:44:41.000Z</time></trkpt>
<trkpt lat="54.502554" lon="18.622603"><time>2026-05-02T11:44:43.000Z</time></trkpt>
<trkpt lat="54.502540" lon="18.622615"><time>2026-05-02T11:44:45.000Z</time></trkpt>
<trkpt lat="54.502522" lon="18.622633"><time>2026-05-02T11:44:47.000Z</time></trkpt>
<trkpt lat="54.502498" lon="18.622655"><time>2026-05-02T11:44:49.000Z</time></trkpt>
<trkpt lat="54.502472" lon="18.622685"><time>2026-05-02T11:44:51.000Z</time></trkpt>
<trkpt lat="54.502448" lon="18.622708"><time>2026-05-02T11:44:53.000Z</time></trkpt>
<trkpt lat="54.502428" lon="18.622729"><time>2026-05-02T11:44:55.000Z</time></trkpt>
<trkpt lat="54.502407" lon="18.622754"><time>2026-05-02T11:44:57.000Z</time></trkpt>
<trkpt lat="54.502381" lon="18.622780"><time>2026-05-02T11:44:59.000Z</time></trkpt>
<trkpt lat="54.502353" lon="18.622804"><time>2026-05-02T11:45:01.000Z</time></trkpt>
<trkpt lat="54.502335" lon="18.622828"><time>2026-05-02T11:45:03.000Z</time></trkpt>
<trkpt lat="54.502315" lon="18.622849"><time>2026-05-02T11:45:05.000Z</time></trkpt>
<trkpt lat="54.502291" lon="18.622872"><time>2026-05-02T11:45:07.000Z</time></trkpt>
<trkpt lat="54.502265" lon="18.622892"><time>2026-05-02T11:45:09.000Z</time></trkpt>
<trkpt lat="54.502243" lon="18.622915"><time>2026-05-02T11:45:11.000Z</time></trkpt>
<trkpt lat="54.502218" lon="18.622938"><time>2026-05-02T11:45:12.900Z</time></trkpt>
<trkpt lat="54.502191" lon="18.622964"><time>2026-05-02T11:45:14.900Z</time></trkpt>
<trkpt lat="54.502168" lon="18.622987"><time>2026-05-02T11:45:16.900Z</time></trkpt>
<trkpt lat="54.502150" lon="18.623010"><time>2026-05-02T11:45:18.900Z</time></trkpt>
<trkpt lat="54.502130" lon="18.623034"><time>2026-05-02T11:45:20.900Z</time></trkpt>
<trkpt lat="54.502112" lon="18.623059"><time>2026-05-02T11:45:22.900Z</time></trkpt>
<trkpt lat="54.502095" lon="18.623086"><time>2026-05-02T11:45:24.900Z</time></trkpt>
<trkpt lat="54.502079" lon="18.623116"><time>2026-05-02T11:45:26.900Z</time></trkpt>
<trkpt lat="54.502066" lon="18.623142"><time>2026-05-02T11:45:28.900Z</time></trkpt>
<trkpt lat="54.502051" lon="18.623171"><time>2026-05-02T11:45:30.900Z</time></trkpt>
<trkpt lat="54.502039" lon="18.623198"><time>2026-05-02T11:45:32.900Z</time></trkpt>
<trkpt lat="54.502024" lon="18.623227"><time>2026-05-02T11:45:34.900Z</time></trkpt>
<trkpt lat="54.502011" lon="18.623255"><time>2026-05-02T11:45:36.900Z</time></trkpt>
<trkpt lat="54.502001" lon="18.623278"><time>2026-05-02T11:45:38.900Z</time></trkpt>
<trkpt lat="54.501990" lon="18.623302"><time>2026-05-02T11:45:40.900Z</time></trkpt>
<trkpt lat="54.501978" lon="18.623327"><time>2026-05-02T11:45:42.900Z</time></trkpt>
<trkpt lat="54.501967" lon="18.623349"><time>2026-05-02T11:45:44.900Z</time></trkpt>
<trkpt lat="54.501959" lon="18.623370"><time>2026-05-02T11:45:46.900Z</time></trkpt>
<trkpt lat="54.501952" lon="18.623391"><time>2026-05-02T11:45:48.900Z</time></trkpt>
<trkpt lat="54.501944" lon="18.623413"><time>2026-05-02T11:45:50.900Z</time></trkpt>
<trkpt lat="54.501937" lon="18.623433"><time>2026-05-02T11:45:52.900Z</time></trkpt>
<trkpt lat="54.501929" lon="18.623453"><time>2026-05-02T11:45:54.900Z</time></trkpt>
<trkpt lat="54.501923" lon="18.623463"><time>2026-05-02T11:45:56.900Z</time></trkpt>
<trkpt lat="54.501918" lon="18.623479"><time>2026-05-02T11:45:58.900Z</time></trkpt>
<trkpt lat="54.501908" lon="18.623500"><time>2026-05-02T11:46:00.900Z</time></trkpt>
<trkpt lat="54.501899" lon="18.623510"><time>2026-05-02T11:46:02.900Z</time></trkpt>
<trkpt lat="54.501890" lon="18.623521"><time>2026-05-02T11:46:04.900Z</time></trkpt>
<trkpt lat="54.501880" lon="18.623533"><time>2026-05-02T11:46:06.900Z</time></trkpt>
<trkpt lat="54.501872" lon="18.623545"><time>2026-05-02T11:46:08.900Z</time></trkpt>
<trkpt lat="54.501864" lon="18.623555"><time>2026-05-02T11:46:10.900Z</time></trkpt>
<trkpt lat="54.501854" lon="18.623571"><time>2026-05-02T11:46:12.900Z</time></trkpt>
<trkpt lat="54.501844" lon="18.623579"><time>2026-05-02T11:46:14.900Z</time></trkpt>
<trkpt lat="54.501834" lon="18.623590"><time>2026-05-02T11:46:16.900Z</time></trkpt>
<trkpt lat="54.501824" lon="18.623599"><time>2026-05-02T11:46:18.900Z</time></trkpt>
<trkpt lat="54.501816" lon="18.623601"><time>2026-05-02T11:46:20.900Z</time></trkpt>
<trkpt lat="54.501812" lon="18.623603"><time>2026-05-02T11:46:22.900Z</time></trkpt>
<trkpt lat="54.501813" lon="18.623604"><time>2026-05-02T11:46:24.900Z</time></trkpt>
<trkpt lat="54.501812" lon="18.623606"><time>2026-05-02T11:46:27.000Z</time></trkpt>
<trkpt lat="54.501811" lon="18.623623"><time>2026-05-02T11:46:29.000Z</time></trkpt>
<trkpt lat="54.501799" lon="18.623630"><time>2026-05-02T11:46:31.000Z</time></trkpt>
<trkpt lat="54.501790" lon="18.623646"><time>2026-05-02T11:46:33.000Z</time></trkpt>
<trkpt lat="54.501780" lon="18.623652"><time>2026-05-02T11:46:35.000Z</time></trkpt>
<trkpt lat="54.501769" lon="18.623658"><time>2026-05-02T11:46:37.000Z</time></trkpt>
<trkpt lat="54.501749" lon="18.623673"><time>2026-05-02T11:46:39.000Z</time></trkpt>
<trkpt lat="54.501739" lon="18.623682"><time>2026-05-02T11:46:41.000Z</time></trkpt>
<trkpt lat="54.501724" lon="18.623694"><time>2026-05-02T11:46:43.000Z</time></trkpt>
<trkpt lat="54.501708" lon="18.623711"><time>2026-05-02T11:46:45.000Z</time></trkpt>
<trkpt lat="54.501688" lon="18.623730"><time>2026-05-02T11:46:47.000Z</time></trkpt>
<trkpt lat="54.501670" lon="18.623745"><time>2026-05-02T11:46:49.000Z</time></trkpt>
<trkpt lat="54.501659" lon="18.623755"><time>2026-05-02T11:46:51.000Z</time></trkpt>
<trkpt lat="54.501649" lon="18.623766"><time>2026-05-02T11:46:53.000Z</time></trkpt>
<trkpt lat="54.501635" lon="18.623782"><time>2026-05-02T11:46:55.000Z</time></trkpt>
<trkpt lat="54.501626" lon="18.623790"><time>2026-05-02T11:46:57.000Z</time></trkpt>
<trkpt lat="54.501605" lon="18.623808"><time>2026-05-02T11:46:59.000Z</time></trkpt>
<trkpt lat="54.501578" lon="18.623838"><time>2026-05-02T11:47:01.000Z</time></trkpt>
<trkpt lat="54.501556" lon="18.623859"><time>2026-05-02T11:47:03.000Z</time></trkpt>
<trkpt lat="54.501534" lon="18.623872"><time>2026-05-02T11:47:05.000Z</time></trkpt>
<trkpt lat="54.501513" lon="18.623887"><time>2026-05-02T11:47:07.000Z</time></trkpt>
<trkpt lat="54.501495" lon="18.623910"><time>2026-05-02T11:47:09.000Z</time></trkpt>
<trkpt lat="54.501480" lon="18.623929"><time>2026-05-02T11:47:11.000Z</time></trkpt>
<trkpt lat="54.501464" lon="18.623940"><time>2026-05-02T11:47:13.000Z</time></trkpt>
<trkpt lat="54.501444" lon="18.623956"><time>2026-05-02T11:47:15.000Z</time></trkpt>
<trkpt lat="54.501426" lon="18.623973"><time>2026-05-02T11:47:17.000Z</time></trkpt>
<trkpt lat="54.501404" lon="18.623998"><time>2026-05-02T11:47:19.000Z</time></trkpt>
<trkpt lat="54.501382" lon="18.624016"><time>2026-05-02T11:47:20.900Z</time></trkpt>
<trkpt lat="54.501361" lon="18.624035"><time>2026-05-02T11:47:22.900Z</time></trkpt>
<trkpt lat="54.501344" lon="18.624044"><time>2026-05-02T11:47:24.900Z</time></trkpt>
<trkpt lat="54.501324" lon="18.624060"><time>2026-05-02T11:47:26.900Z</time></trkpt>
<trkpt lat="54.501306" lon="18.624070"><time>2026-05-02T11:47:28.900Z</time></trkpt>
<trkpt lat="54.501290" lon="18.624090"><time>2026-05-02T11:47:30.900Z</time></trkpt>
<trkpt lat="54.501272" lon="18.624104"><time>2026-05-02T11:47:32.900Z</time></trkpt>
<trkpt lat="54.501251" lon="18.624115"><time>2026-05-02T11:47:34.900Z</time></trkpt>
<trkpt lat="54.501227" lon="18.624138"><time>2026-05-02T11:47:36.900Z</time></trkpt>
<trkpt lat="54.501207" lon="18.624157"><time>2026-05-02T11:47:38.900Z</time></trkpt>
<trkpt lat="54.501185" lon="18.624173"><time>2026-05-02T11:47:40.900Z</time></trkpt>
<trkpt lat="54.501164" lon="18.624190"><time>2026-05-02T11:47:42.900Z</time></trkpt>
<trkpt lat="54.501146" lon="18.624214"><time>2026-05-02T11:47:44.900Z</time></trkpt>
<trkpt lat="54.501138" lon="18.624238"><time>2026-05-02T11:47:46.900Z</time></trkpt>
<trkpt lat="54.501128" lon="18.624265"><time>2026-05-02T11:47:48.900Z</time></trkpt>
<trkpt lat="54.501125" lon="18.624286"><time>2026-05-02T11:47:50.900Z</time></trkpt>
<trkpt lat="54.501116" lon="18.624308"><time>2026-05-02T11:47:52.900Z</time></trkpt>
<trkpt lat="54.501105" lon="18.624334"><time>2026-05-02T11:47:54.900Z</time></trkpt>
<trkpt lat="54.501096" lon="18.624355"><time>2026-05-02T11:47:56.900Z</time></trkpt>
<trkpt lat="54.501083" lon="18.624380"><time>2026-05-02T11:47:58.900Z</time></trkpt>
<trkpt lat="54.501073" lon="18.624403"><time>2026-05-02T11:48:00.900Z</time></trkpt>
<trkpt lat="54.501064" lon="18.624427"><time>2026-05-02T11:48:02.900Z</time></trkpt>
<trkpt lat="54.501055" lon="18.624442"><time>2026-05-02T11:48:04.900Z</time></trkpt>
<trkpt lat="54.501045" lon="18.624457"><time>2026-05-02T11:48:06.900Z</time></trkpt>
<trkpt lat="54.501038" lon="18.624463"><time>2026-05-02T11:48:08.900Z</time></trkpt>
<trkpt lat="54.501032" lon="18.624472"><time>2026-05-02T11:48:10.900Z</time></trkpt>
<trkpt lat="54.501023" lon="18.624478"><time>2026-05-02T11:48:12.900Z</time></trkpt>
<trkpt lat="54.501020" lon="18.624482"><time>2026-05-02T11:48:14.900Z</time></trkpt>
<trkpt lat="54.501019" lon="18.624481"><time>2026-05-02T11:48:16.900Z</time></trkpt>
<trkpt lat="54.501017" lon="18.624480"><time>2026-05-02T11:48:18.900Z</time></trkpt>
<trkpt lat="54.501012" lon="18.624479"><time>2026-05-02T11:48:20.900Z</time></trkpt>
<trkpt lat="54.501008" lon="18.624476"><time>2026-05-02T11:48:22.900Z</time></trkpt>
<trkpt lat="54.500999" lon="18.624476"><time>2026-05-02T11:48:24.900Z</time></trkpt>
<trkpt lat="54.500995" lon="18.624474"><time>2026-05-02T11:48:26.900Z</time></trkpt>
<trkpt lat="54.500993" lon="18.624473"><time>2026-05-02T11:48:28.900Z</time></trkpt>
<trkpt lat="54.500993" lon="18.624472"><time>2026-05-02T11:48:30.900Z</time></trkpt>
<trkpt lat="54.500992" lon="18.624467"><time>2026-05-02T11:48:33.000Z</time></trkpt>
<trkpt lat="54.500985" lon="18.624463"><time>2026-05-02T11:48:35.000Z</time></trkpt>
<trkpt lat="54.500980" lon="18.624457"><time>2026-05-02T11:48:37.000Z</time></trkpt>
<trkpt lat="54.500977" lon="18.624452"><time>2026-05-02T11:48:39.000Z</time></trkpt>
<trkpt lat="54.500976" lon="18.624452"><time>2026-05-02T11:48:41.000Z</time></trkpt>
<trkpt lat="54.500974" lon="18.624451"><time>2026-05-02T11:48:43.000Z</time></trkpt>
<trkpt lat="54.500960" lon="18.624454"><time>2026-05-02T11:48:45.000Z</time></trkpt>
<trkpt lat="54.500956" lon="18.624453"><time>2026-05-02T11:48:47.000Z</time></trkpt>
<trkpt lat="54.500950" lon="18.624458"><time>2026-05-02T11:48:49.000Z</time></trkpt>
<trkpt lat="54.500946" lon="18.624458"><time>2026-05-02T11:48:51.000Z</time></trkpt>
<trkpt lat="54.500933" lon="18.624454"><time>2026-05-02T11:48:53.000Z</time></trkpt>
<trkpt lat="54.500929" lon="18.624450"><time>2026-05-02T11:48:55.000Z</time></trkpt>
<trkpt lat="54.500926" lon="18.624443"><time>2026-05-02T11:48:57.000Z</time></trkpt>
<trkpt lat="54.500924" lon="18.624442"><time>2026-05-02T11:48:59.000Z</time></trkpt>
<trkpt lat="54.500911" lon="18.624439"><time>2026-05-02T11:49:01.000Z</time></trkpt>
<trkpt lat="54.500904" lon="18.624443"><time>2026-05-02T11:49:03.000Z</time></trkpt>
<trkpt lat="54.500892" lon="18.624446"><time>2026-05-02T11:49:05.000Z</time></trkpt>
<trkpt lat="54.500880" lon="18.624453"><time>2026-05-02T11:49:07.000Z</time></trkpt>
<trkpt lat="54.500865" lon="18.624453"><time>2026-05-02T11:49:09.000Z</time></trkpt>
<trkpt lat="54.500849" lon="18.624453"><time>2026-05-02T11:49:11.000Z</time></trkpt>
<trkpt lat="54.500839" lon="18.624450"><time>2026-05-02T11:49:13.000Z</time></trkpt>
<trkpt lat="54.500824" lon="18.624444"><time>2026-05-02T11:49:15.000Z</time></trkpt>
<trkpt lat="54.500804" lon="18.624431"><time>2026-05-02T11:49:17.000Z</time></trkpt>
<trkpt lat="54.500779" lon="18.624423"><time>2026-05-02T11:49:19.000Z</time></trkpt>
<trkpt lat="54.500743" lon="18.624416"><time>2026-05-02T11:49:21.000Z</time></trkpt>
<trkpt lat="54.500703" lon="18.624406"><time>2026-05-02T11:49:23.000Z</time></trkpt>
<trkpt lat="54.500660" lon="18.624379"><time>2026-05-02T11:49:24.900Z</time></trkpt>
<trkpt lat="54.500618" lon="18.624326"><time>2026-05-02T11:49:26.900Z</time></trkpt>
<trkpt lat="54.500583" lon="18.624267"><time>2026-05-02T11:49:28.900Z</time></trkpt>
<trkpt lat="54.500548" lon="18.624199"><time>2026-05-02T11:49:30.900Z</time></trkpt>
<trkpt lat="54.500516" lon="18.624131"><time>2026-05-02T11:49:32.900Z</time></trkpt>
<trkpt lat="54.500485" lon="18.624068"><time>2026-05-02T11:49:34.900Z</time></trkpt>
<trkpt lat="54.500458" lon="18.623994"><time>2026-05-02T11:49:36.900Z</time></trkpt>
<trkpt lat="54.500426" lon="18.623924"><time>2026-05-02T11:49:38.900Z</time></trkpt>
<trkpt lat="54.500392" lon="18.623862"><time>2026-05-02T11:49:40.900Z</time></trkpt>
<trkpt lat="54.500358" lon="18.623799"><time>2026-05-02T11:49:42.900Z</time></trkpt>
<trkpt lat="54.500330" lon="18.623731"><time>2026-05-02T11:49:44.900Z</time></trkpt>
<trkpt lat="54.500300" lon="18.623665"><time>2026-05-02T11:49:46.900Z</time></trkpt>
<trkpt lat="54.500271" lon="18.623602"><time>2026-05-02T11:49:48.900Z</time></trkpt>
<trkpt lat="54.500241" lon="18.623542"><time>2026-05-02T11:49:50.900Z</time></trkpt>
<trkpt lat="54.500210" lon="18.623480"><time>2026-05-02T11:49:52.900Z</time></trkpt>
<trkpt lat="54.500179" lon="18.623416"><time>2026-05-02T11:49:54.900Z</time></trkpt>
<trkpt lat="54.500150" lon="18.623351"><time>2026-05-02T11:49:56.900Z</time></trkpt>
<trkpt lat="54.500118" lon="18.623285"><time>2026-05-02T11:49:58.900Z</time></trkpt>
<trkpt lat="54.500086" lon="18.623222"><time>2026-05-02T11:50:00.900Z</time></trkpt>
<trkpt lat="54.500056" lon="18.623157"><time>2026-05-02T11:50:02.900Z</time></trkpt>
<trkpt lat="54.500026" lon="18.623094"><time>2026-05-02T11:50:04.900Z</time></trkpt>
<trkpt lat="54.499997" lon="18.623027"><time>2026-05-02T11:50:06.900Z</time></trkpt>
<trkpt lat="54.499969" lon="18.622962"><time>2026-05-02T11:50:08.900Z</time></trkpt>
<trkpt lat="54.499941" lon="18.622897"><time>2026-05-02T11:50:10.900Z</time></trkpt>
<trkpt lat="54.499916" lon="18.622831"><time>2026-05-02T11:50:12.900Z</time></trkpt>
<trkpt lat="54.499892" lon="18.622765"><time>2026-05-02T11:50:14.900Z</time></trkpt>
<trkpt lat="54.499868" lon="18.622703"><time>2026-05-02T11:50:16.900Z</time></trkpt>
<trkpt lat="54.499849" lon="18.622635"><time>2026-05-02T11:50:18.900Z</time></trkpt>
<trkpt lat="54.499826" lon="18.622568"><time>2026-05-02T11:50:20.900Z</time></trkpt>
<trkpt lat="54.499803" lon="18.622505"><time>2026-05-02T11:50:22.900Z</time></trkpt>
<trkpt lat="54.499778" lon="18.622443"><time>2026-05-02T11:50:24.900Z</time></trkpt>
<trkpt lat="54.499754" lon="18.622375"><time>2026-05-02T11:50:26.900Z</time></trkpt>
<trkpt lat="54.499729" lon="18.622307"><time>2026-05-02T11:50:28.900Z</time></trkpt>
<trkpt lat="54.499705" lon="18.622244"><time>2026-05-02T11:50:30.900Z</time></trkpt>
<trkpt lat="54.499683" lon="18.622183"><time>2026-05-02T11:50:32.900Z</time></trkpt>
<trkpt lat="54.499653" lon="18.622119"><time>2026-05-02T11:50:34.900Z</time></trkpt>
<trkpt lat="54.499623" lon="18.622057"><time>2026-05-02T11:50:36.900Z</time></trkpt>
<trkpt lat="54.499594" lon="18.621994"><time>2026-05-02T11:50:39.000Z</time></trkpt>
<trkpt lat="54.499566" lon="18.621934"><time>2026-05-02T11:50:41.000Z</time></trkpt>
<trkpt lat="54.499542" lon="18.621872"><time>2026-05-02T11:50:43.000Z</time></trkpt>
<trkpt lat="54.499517" lon="18.621809"><time>2026-05-02T11:50:45.000Z</time></trkpt>
<trkpt lat="54.499486" lon="18.621745"><time>2026-05-02T11:50:47.000Z</time></trkpt>
<trkpt lat="54.499463" lon="18.621684"><time>2026-05-02T11:50:49.000Z</time></trkpt>
<trkpt lat="54.499437" lon="18.621642"><time>2026-05-02T11:50:51.000Z</time></trkpt>
<trkpt lat="54.499415" lon="18.621592"><time>2026-05-02T11:50:53.000Z</time></trkpt>
<trkpt lat="54.499392" lon="18.621539"><time>2026-05-02T11:50:55.000Z</time></trkpt>
<trkpt lat="54.499366" lon="18.621499"><time>2026-05-02T11:50:57.000Z</time></trkpt>
<trkpt lat="54.499337" lon="18.621461"><time>2026-05-02T11:50:59.000Z</time></trkpt>
<trkpt lat="54.499305" lon="18.621409"><time>2026-05-02T11:51:01.000Z</time></trkpt>
<trkpt lat="54.499270" lon="18.621347"><time>2026-05-02T11:51:03.000Z</time></trkpt>
<trkpt lat="54.499237" lon="18.621294"><time>2026-05-02T11:51:05.000Z</time></trkpt>
<trkpt lat="54.499204" lon="18.621243"><time>2026-05-02T11:51:07.000Z</time></trkpt>
<trkpt lat="54.499174" lon="18.621198"><time>2026-05-02T11:51:09.000Z</time></trkpt>
<trkpt lat="54.499139" lon="18.621146"><time>2026-05-02T11:51:11.000Z</time></trkpt>
<trkpt lat="54.499101" lon="18.621111"><time>2026-05-02T11:51:13.000Z</time></trkpt>
<trkpt lat="54.499058" lon="18.621070"><time>2026-05-02T11:51:15.000Z</time></trkpt>
<trkpt lat="54.499017" lon="18.621034"><time>2026-05-02T11:51:17.000Z</time></trkpt>
<trkpt lat="54.498974" lon="18.620996"><time>2026-05-02T11:51:19.000Z</time></trkpt>
<trkpt lat="54.498932" lon="18.620956"><time>2026-05-02T11:51:21.000Z</time></trkpt>
<trkpt lat="54.498890" lon="18.620915"><time>2026-05-02T11:51:23.000Z</time></trkpt>
<trkpt lat="54.498849" lon="18.620882"><time>2026-05-02T11:51:25.000Z</time></trkpt>
<trkpt lat="54.498808" lon="18.620854"><time>2026-05-02T11:51:27.000Z</time></trkpt>
<trkpt lat="54.498765" lon="18.620822"><time>2026-05-02T11:51:29.000Z</time></trkpt>
<trkpt lat="54.498723" lon="18.620792"><time>2026-05-02T11:51:30.900Z</time></trkpt>
<trkpt lat="54.498675" lon="18.620762"><time>2026-05-02T11:51:32.900Z</time></trkpt>
<trkpt lat="54.498630" lon="18.620733"><time>2026-05-02T11:51:34.900Z</time></trkpt>
<trkpt lat="54.498584" lon="18.620701"><time>2026-05-02T11:51:36.900Z</time></trkpt>
<trkpt lat="54.498541" lon="18.620663"><time>2026-05-02T11:51:38.900Z</time></trkpt>
<trkpt lat="54.498501" lon="18.620624"><time>2026-05-02T11:51:40.900Z</time></trkpt>
<trkpt lat="54.498463" lon="18.620584"><time>2026-05-02T11:51:42.900Z</time></trkpt>
<trkpt lat="54.498420" lon="18.620548"><time>2026-05-02T11:51:44.900Z</time></trkpt>
<trkpt lat="54.498376" lon="18.620518"><time>2026-05-02T11:51:46.900Z</time></trkpt>
<trkpt lat="54.498333" lon="18.620487"><time>2026-05-02T11:51:48.900Z</time></trkpt>
<trkpt lat="54.498290" lon="18.620458"><time>2026-05-02T11:51:50.900Z</time></trkpt>
<trkpt lat="54.498247" lon="18.620436"><time>2026-05-02T11:51:52.900Z</time></trkpt>
<trkpt lat="54.498204" lon="18.620418"><time>2026-05-02T11:51:54.900Z</time></trkpt>
<trkpt lat="54.498163" lon="18.620398"><time>2026-05-02T11:51:56.900Z</time></trkpt>
<trkpt lat="54.498119" lon="18.620387"><time>2026-05-02T11:51:58.900Z</time></trkpt>
<trkpt lat="54.498079" lon="18.620374"><time>2026-05-02T11:52:00.900Z</time></trkpt>
<trkpt lat="54.498039" lon="18.620359"><time>2026-05-02T11:52:02.900Z</time></trkpt>
<trkpt lat="54.498002" lon="18.620347"><time>2026-05-02T11:52:04.900Z</time></trkpt>
<trkpt lat="54.497965" lon="18.620340"><time>2026-05-02T11:52:06.900Z</time></trkpt>
<trkpt lat="54.497929" lon="18.620333"><time>2026-05-02T11:52:08.900Z</time></trkpt>
<trkpt lat="54.497894" lon="18.620335"><time>2026-05-02T11:52:10.900Z</time></trkpt>
<trkpt lat="54.497857" lon="18.620333"><time>2026-05-02T11:52:12.900Z</time></trkpt>
<trkpt lat="54.497822" lon="18.620324"><time>2026-05-02T11:52:14.900Z</time></trkpt>
<trkpt lat="54.497775" lon="18.620315"><time>2026-05-02T11:52:16.900Z</time></trkpt>
<trkpt lat="54.497737" lon="18.620305"><time>2026-05-02T11:52:18.900Z</time></trkpt>
<trkpt lat="54.497700" lon="18.620294"><time>2026-05-02T11:52:20.900Z</time></trkpt>
<trkpt lat="54.497664" lon="18.620290"><time>2026-05-02T11:52:22.900Z</time></trkpt>
<trkpt lat="54.497632" lon="18.620285"><time>2026-05-02T11:52:24.900Z</time></trkpt>
<trkpt lat="54.497600" lon="18.620284"><time>2026-05-02T11:52:26.900Z</time></trkpt>
<trkpt lat="54.497567" lon="18.620281"><time>2026-05-02T11:52:28.900Z</time></trkpt>
<trkpt lat="54.497534" lon="18.620281"><time>2026-05-02T11:52:30.900Z</time></trkpt>
<trkpt lat="54.497498" lon="18.620282"><time>2026-05-02T11:52:32.900Z</time></trkpt>
<trkpt lat="54.497466" lon="18.620281"><time>2026-05-02T11:52:34.900Z</time></trkpt>
<trkpt lat="54.497440" lon="18.620281"><time>2026-05-02T11:52:36.900Z</time></trkpt>
<trkpt lat="54.497413" lon="18.620281"><time>2026-05-02T11:52:38.900Z</time></trkpt>
<trkpt lat="54.497386" lon="18.620277"><time>2026-05-02T11:52:40.900Z</time></trkpt>
<trkpt lat="54.497349" lon="18.620275"><time>2026-05-02T11:52:42.900Z</time></trkpt>
<trkpt lat="54.497317" lon="18.620277"><time>2026-05-02T11:52:45.000Z</time></trkpt>
<trkpt lat="54.497293" lon="18.620280"><time>2026-05-02T11:52:47.000Z</time></trkpt>
<trkpt lat="54.497266" lon="18.620282"><time>2026-05-02T11:52:49.000Z</time></trkpt>
<trkpt lat="54.497241" lon="18.620283"><time>2026-05-02T11:52:51.000Z</time></trkpt>
<trkpt lat="54.497209" lon="18.620279"><time>2026-05-02T11:52:53.000Z</time></trkpt>
<trkpt lat="54.497177" lon="18.620275"><time>2026-05-02T11:52:55.000Z</time></trkpt>
<trkpt lat="54.497143" lon="18.620269"><time>2026-05-02T11:52:57.000Z</time></trkpt>
<trkpt lat="54.497112" lon="18.620261"><time>2026-05-02T11:52:59.000Z</time></trkpt>
<trkpt lat="54.497085" lon="18.620253"><time>2026-05-02T11:53:01.000Z</time></trkpt>
<trkpt lat="54.497059" lon="18.620243"><time>2026-05-02T11:53:03.000Z</time></trkpt>
<trkpt lat="54.497034" lon="18.620234"><time>2026-05-02T11:53:05.000Z</time></trkpt>
<trkpt lat="54.497011" lon="18.620223"><time>2026-05-02T11:53:07.000Z</time></trkpt>
<trkpt lat="54.496985" lon="18.620210"><time>2026-05-02T11:53:09.000Z</time></trkpt>
<trkpt lat="54.496961" lon="18.620199"><time>2026-05-02T11:53:11.000Z</time></trkpt>
<trkpt lat="54.496940" lon="18.620184"><time>2026-05-02T11:53:13.000Z</time></trkpt>
<trkpt lat="54.496914" lon="18.620174"><time>2026-05-02T11:53:15.000Z</time></trkpt>
<trkpt lat="54.496892" lon="18.620176"><time>2026-05-02T11:53:17.000Z</time></trkpt>
<trkpt lat="54.496878" lon="18.620199"><time>2026-05-02T11:53:19.000Z</time></trkpt>
<trkpt lat="54.496870" lon="18.620219"><time>2026-05-02T11:53:21.000Z</time></trkpt>
<trkpt lat="54.496863" lon="18.620230"><time>2026-05-02T11:53:23.000Z</time></trkpt>
<trkpt lat="54.496858" lon="18.620249"><time>2026-05-02T11:53:25.000Z</time></trkpt>
<trkpt lat="54.496857" lon="18.620277"><time>2026-05-02T11:53:27.000Z</time></trkpt>
<trkpt lat="54.496859" lon="18.620302"><time>2026-05-02T11:53:29.000Z</time></trkpt>
<trkpt lat="54.496863" lon="18.620322"><time>2026-05-02T11:53:31.000Z</time></trkpt>
<trkpt lat="54.496866" lon="18.620359"><time>2026-05-02T11:53:33.000Z</time></trkpt>
<trkpt lat="54.496879" lon="18.620391"><time>2026-05-02T11:53:35.000Z</time></trkpt>
<trkpt lat="54.496893" lon="18.620398"><time>2026-05-02T11:53:36.900Z</time></trkpt>
<trkpt lat="54.496909" lon="18.620411"><time>2026-05-02T11:53:38.900Z</time></trkpt>
<trkpt lat="54.496923" lon="18.620421"><time>2026-05-02T11:53:40.900Z</time></trkpt>
<trkpt lat="54.496931" lon="18.620437"><time>2026-05-02T11:53:42.900Z</time></trkpt>
<trkpt lat="54.496948" lon="18.620438"><time>2026-05-02T11:53:44.900Z</time></trkpt>
<trkpt lat="54.496965" lon="18.620439"><time>2026-05-02T11:53:46.900Z</time></trkpt>
<trkpt lat="54.496986" lon="18.620442"><time>2026-05-02T11:53:48.900Z</time></trkpt>
<trkpt lat="54.496995" lon="18.620432"><time>2026-05-02T11:53:50.900Z</time></trkpt>
<trkpt lat="54.497007" lon="18.620428"><time>2026-05-02T11:53:52.900Z</time></trkpt>
<trkpt lat="54.497021" lon="18.620421"><time>2026-05-02T11:53:54.900Z</time></trkpt>
<trkpt lat="54.497045" lon="18.620421"><time>2026-05-02T11:53:56.900Z</time></trkpt>
<trkpt lat="54.497067" lon="18.620424"><time>2026-05-02T11:53:58.900Z</time></trkpt>
<trkpt lat="54.497094" lon="18.620419"><time>2026-05-02T11:54:00.900Z</time></trkpt>
<trkpt lat="54.497121" lon="18.620421"><time>2026-05-02T11:54:02.900Z</time></trkpt>
<trkpt lat="54.497149" lon="18.620425"><time>2026-05-02T11:54:04.900Z</time></trkpt>
<trkpt lat="54.497175" lon="18.620428"><time>2026-05-02T11:54:06.900Z</time></trkpt>
<trkpt lat="54.497201" lon="18.620437"><time>2026-05-02T11:54:08.900Z</time></trkpt>
<trkpt lat="54.497226" lon="18.620443"><time>2026-05-02T11:54:10.900Z</time></trkpt>
<trkpt lat="54.497253" lon="18.620446"><time>2026-05-02T11:54:12.900Z</time></trkpt>
<trkpt lat="54.497280" lon="18.620452"><time>2026-05-02T11:54:14.900Z</time></trkpt>
<trkpt lat="54.497307" lon="18.620461"><time>2026-05-02T11:54:16.900Z</time></trkpt>
<trkpt lat="54.497335" lon="18.620466"><time>2026-05-02T11:54:18.900Z</time></trkpt>
<trkpt lat="54.497363" lon="18.620474"><time>2026-05-02T11:54:20.900Z</time></trkpt>
<trkpt lat="54.497390" lon="18.620481"><time>2026-05-02T11:54:22.900Z</time></trkpt>
<trkpt lat="54.497416" lon="18.620490"><time>2026-05-02T11:54:24.900Z</time></trkpt>
<trkpt lat="54.497442" lon="18.620499"><time>2026-05-02T11:54:26.900Z</time></trkpt>
<trkpt lat="54.497468" lon="18.620510"><time>2026-05-02T11:54:28.900Z</time></trkpt>
<trkpt lat="54.497493" lon="18.620519"><time>2026-05-02T11:54:30.900Z</time></trkpt>
<trkpt lat="54.497519" lon="18.620530"><time>2026-05-02T11:54:32.900Z</time></trkpt>
<trkpt lat="54.497544" lon="18.620541"><time>2026-05-02T11:54:34.900Z</time></trkpt>
<trkpt lat="54.497569" lon="18.620556"><time>2026-05-02T11:54:36.900Z</time></trkpt>
<trkpt lat="54.497592" lon="18.620568"><time>2026-05-02T11:54:38.900Z</time></trkpt>
<trkpt lat="54.497615" lon="18.620578"><time>2026-05-02T11:54:40.900Z</time></trkpt>
<trkpt lat="54.497642" lon="18.620583"><time>2026-05-02T11:54:42.900Z</time></trkpt>
<trkpt lat="54.497668" lon="18.620590"><time>2026-05-02T11:54:44.900Z</time></trkpt>
<trkpt lat="54.497694" lon="18.620596"><time>2026-05-02T11:54:46.900Z</time></trkpt>
<trkpt lat="54.497720" lon="18.620603"><time>2026-05-02T11:54:48.900Z</time></trkpt>
<trkpt lat="54.497747" lon="18.620612"><time>2026-05-02T11:54:51.000Z</time></trkpt>
<trkpt lat="54.497775" lon="18.620617"><time>2026-05-02T11:54:53.000Z</time></trkpt>
<trkpt lat="54.497800" lon="18.620620"><time>2026-05-02T11:54:55.000Z</time></trkpt>
<trkpt lat="54.497826" lon="18.620628"><time>2026-05-02T11:54:57.000Z</time></trkpt>
<trkpt lat="54.497851" lon="18.620639"><time>2026-05-02T11:54:59.000Z</time></trkpt>
<trkpt lat="54.497875" lon="18.620656"><time>2026-05-02T11:55:01.000Z</time></trkpt>
<trkpt lat="54.497903" lon="18.620674"><time>2026-05-02T11:55:03.000Z</time></trkpt>
<trkpt lat="54.497929" lon="18.620696"><time>2026-05-02T11:55:05.000Z</time></trkpt>
<trkpt lat="54.497952" lon="18.620721"><time>2026-05-02T11:55:07.000Z</time></trkpt>
<trkpt lat="54.497972" lon="18.620743"><time>2026-05-02T11:55:09.000Z</time></trkpt>
<trkpt lat="54.498001" lon="18.620769"><time>2026-05-02T11:55:11.000Z</time></trkpt>
<trkpt lat="54.498035" lon="18.620796"><time>2026-05-02T11:55:13.000Z</time></trkpt>
<trkpt lat="54.498052" lon="18.620813"><time>2026-05-02T11:55:15.000Z</time></trkpt>
<trkpt lat="54.498066" lon="18.620833"><time>2026-05-02T11:55:17.000Z</time></trkpt>
<trkpt lat="54.498080" lon="18.620861"><time>2026-05-02T11:55:19.000Z</time></trkpt>
<trkpt lat="54.498096" lon="18.620893"><time>2026-05-02T11:55:21.000Z</time></trkpt>
<trkpt lat="54.498110" lon="18.620922"><time>2026-05-02T11:55:23.000Z</time></trkpt>
<trkpt lat="54.498119" lon="18.620943"><time>2026-05-02T11:55:25.000Z</time></trkpt>
<trkpt lat="54.498128" lon="18.620977"><time>2026-05-02T11:55:27.000Z</time></trkpt>
<trkpt lat="54.498137" lon="18.621011"><time>2026-05-02T11:55:29.000Z</time></trkpt>
<trkpt lat="54.498149" lon="18.621041"><time>2026-05-02T11:55:31.000Z</time></trkpt>
<trkpt lat="54.498156" lon="18.621063"><time>2026-05-02T11:55:33.000Z</time></trkpt>
<trkpt lat="54.498167" lon="18.621086"><time>2026-05-02T11:55:35.000Z</time></trkpt>
<trkpt lat="54.498180" lon="18.621110"><time>2026-05-02T11:55:37.000Z</time></trkpt>
<trkpt lat="54.498192" lon="18.621128"><time>2026-05-02T11:55:39.000Z</time></trkpt>
<trkpt lat="54.498204" lon="18.621144"><time>2026-05-02T11:55:40.900Z</time></trkpt>
<trkpt lat="54.498216" lon="18.621162"><time>2026-05-02T11:55:42.900Z</time></trkpt>
<trkpt lat="54.498229" lon="18.621182"><time>2026-05-02T11:55:44.900Z</time></trkpt>
<trkpt lat="54.498242" lon="18.621202"><time>2026-05-02T11:55:46.900Z</time></trkpt>
<trkpt lat="54.498254" lon="18.621218"><time>2026-05-02T11:55:48.900Z</time></trkpt>
<trkpt lat="54.498267" lon="18.621235"><time>2026-05-02T11:55:50.900Z</time></trkpt>
<trkpt lat="54.498279" lon="18.621249"><time>2026-05-02T11:55:52.900Z</time></trkpt>
<trkpt lat="54.498293" lon="18.621266"><time>2026-05-02T11:55:54.900Z</time></trkpt>
<trkpt lat="54.498303" lon="18.621285"><time>2026-05-02T11:55:56.900Z</time></trkpt>
<trkpt lat="54.498314" lon="18.621305"><time>2026-05-02T11:55:58.900Z</time></trkpt>
<trkpt lat="54.498324" lon="18.621324"><time>2026-05-02T11:56:00.900Z</time></trkpt>
<trkpt lat="54.498331" lon="18.621343"><time>2026-05-02T11:56:02.900Z</time></trkpt>
<trkpt lat="54.498340" lon="18.621360"><time>2026-05-02T11:56:04.900Z</time></trkpt>
<trkpt lat="54.498350" lon="18.621377"><time>2026-05-02T11:56:06.900Z</time></trkpt>
<trkpt lat="54.498358" lon="18.621392"><time>2026-05-02T11:56:08.900Z</time></trkpt>
<trkpt lat="54.498367" lon="18.621406"><time>2026-05-02T11:56:10.900Z</time></trkpt>
<trkpt lat="54.498378" lon="18.621422"><time>2026-05-02T11:56:12.900Z</time></trkpt>
<trkpt lat="54.498390" lon="18.621436"><time>2026-05-02T11:56:14.900Z</time></trkpt>
<trkpt lat="54.498403" lon="18.621449"><time>2026-05-02T11:56:16.900Z</time></trkpt>
<trkpt lat="54.498416" lon="18.621467"><time>2026-05-02T11:56:18.900Z</time></trkpt>
<trkpt lat="54.498428" lon="18.621483"><time>2026-05-02T11:56:20.900Z</time></trkpt>
<trkpt lat="54.498440" lon="18.621500"><time>2026-05-02T11:56:22.900Z</time></trkpt>
<trkpt lat="54.498452" lon="18.621517"><time>2026-05-02T11:56:24.900Z</time></trkpt>
<trkpt lat="54.498462" lon="18.621534"><time>2026-05-02T11:56:26.900Z</time></trkpt>
<trkpt lat="54.498472" lon="18.621552"><time>2026-05-02T11:56:28.900Z</time></trkpt>
<trkpt lat="54.498484" lon="18.621572"><time>2026-05-02T11:56:30.900Z</time></trkpt>
<trkpt lat="54.498497" lon="18.621590"><time>2026-05-02T11:56:32.900Z</time></trkpt>
<trkpt lat="54.498510" lon="18.621607"><time>2026-05-02T11:56:34.900Z</time></trkpt>
<trkpt lat="54.498523" lon="18.621623"><time>2026-05-02T11:56:36.900Z</time></trkpt>
<trkpt lat="54.498535" lon="18.621643"><time>2026-05-02T11:56:38.900Z</time></trkpt>
<trkpt lat="54.498547" lon="18.621661"><time>2026-05-02T11:56:40.900Z</time></trkpt>
<trkpt lat="54.498558" lon="18.621674"><time>2026-05-02T11:56:42.900Z</time></trkpt>
<trkpt lat="54.498567" lon="18.621691"><time>2026-05-02T11:56:44.900Z</time></trkpt>
<trkpt lat="54.498578" lon="18.621709"><time>2026-05-02T11:56:46.900Z</time></trkpt>
<trkpt lat="54.498585" lon="18.621729"><time>2026-05-02T11:56:48.900Z</time></trkpt>
<trkpt lat="54.498595" lon="18.621747"><time>2026-05-02T11:56:50.900Z</time></trkpt>
<trkpt lat="54.498603" lon="18.621764"><time>2026-05-02T11:56:52.900Z</time></trkpt>
<trkpt lat="54.498612" lon="18.621782"><time>2026-05-02T11:56:55.000Z</time></trkpt>
<trkpt lat="54.498618" lon="18.621795"><time>2026-05-02T11:56:57.000Z</time></trkpt>
<trkpt lat="54.498625" lon="18.621813"><time>2026-05-02T11:56:59.000Z</time></trkpt>
<trkpt lat="54.498634" lon="18.621826"><time>2026-05-02T11:57:01.000Z</time></trkpt>
<trkpt lat="54.498654" lon="18.621850"><time>2026-05-02T11:57:03.000Z</time></trkpt>
<trkpt lat="54.498667" lon="18.621872"><time>2026-05-02T11:57:05.000Z</time></trkpt>
<trkpt lat="54.498681" lon="18.621889"><time>2026-05-02T11:57:07.000Z</time></trkpt>
<trkpt lat="54.498699" lon="18.621904"><time>2026-05-02T11:57:09.000Z</time></trkpt>
<trkpt lat="54.498717" lon="18.621918"><time>2026-05-02T11:57:11.000Z</time></trkpt>
<trkpt lat="54.498735" lon="18.621933"><time>2026-05-02T11:57:13.000Z</time></trkpt>
<trkpt lat="54.498755" lon="18.621952"><time>2026-05-02T11:57:15.000Z</time></trkpt>
<trkpt lat="54.498774" lon="18.621965"><time>2026-05-02T11:57:17.000Z</time></trkpt>
<trkpt lat="54.498794" lon="18.621980"><time>2026-05-02T11:57:19.000Z</time></trkpt>
<trkpt lat="54.498818" lon="18.621994"><time>2026-05-02T11:57:21.000Z</time></trkpt>
<trkpt lat="54.498838" lon="18.622011"><time>2026-05-02T11:57:23.000Z</time></trkpt>
<trkpt lat="54.498848" lon="18.622026"><time>2026-05-02T11:57:25.000Z</time></trkpt>
<trkpt lat="54.498861" lon="18.622046"><time>2026-05-02T11:57:27.000Z</time></trkpt>
<trkpt lat="54.498882" lon="18.622069"><time>2026-05-02T11:57:29.000Z</time></trkpt>
<trkpt lat="54.498903" lon="18.622096"><time>2026-05-02T11:57:31.000Z</time></trkpt>
<trkpt lat="54.498920" lon="18.622121"><time>2026-05-02T11:57:33.000Z</time></trkpt>
<trkpt lat="54.498936" lon="18.622148"><time>2026-05-02T11:57:35.000Z</time></trkpt>
<trkpt lat="54.498955" lon="18.622168"><time>2026-05-02T11:57:37.000Z</time></trkpt>
<trkpt lat="54.498976" lon="18.622189"><time>2026-05-02T11:57:39.000Z</time></trkpt>
<trkpt lat="54.499002" lon="18.622203"><time>2026-05-02T11:57:41.000Z</time></trkpt>
<trkpt lat="54.499027" lon="18.622211"><time>2026-05-02T11:57:43.000Z</time></trkpt>
<trkpt lat="54.499053" lon="18.622215"><time>2026-05-02T11:57:44.900Z</time></trkpt>
<trkpt lat="54.499085" lon="18.622214"><time>2026-05-02T11:57:46.900Z</time></trkpt>
<trkpt lat="54.499119" lon="18.622207"><time>2026-05-02T11:57:48.900Z</time></trkpt>
<trkpt lat="54.499154" lon="18.622205"><time>2026-05-02T11:57:50.900Z</time></trkpt>
<trkpt lat="54.499190" lon="18.622201"><time>2026-05-02T11:57:52.900Z</time></trkpt>
<trkpt lat="54.499230" lon="18.622194"><time>2026-05-02T11:57:54.900Z</time></trkpt>
<trkpt lat="54.499272" lon="18.622185"><time>2026-05-02T11:57:56.900Z</time></trkpt>
<trkpt lat="54.499311" lon="18.622173"><time>2026-05-02T11:57:58.900Z</time></trkpt>
<trkpt lat="54.499355" lon="18.622153"><time>2026-05-02T11:58:00.900Z</time></trkpt>
<trkpt lat="54.499399" lon="18.622130"><time>2026-05-02T11:58:02.900Z</time></trkpt>
<trkpt lat="54.499443" lon="18.622109"><time>2026-05-02T11:58:04.900Z</time></trkpt>
<trkpt lat="54.499488" lon="18.622081"><time>2026-05-02T11:58:06.900Z</time></trkpt>
<trkpt lat="54.499536" lon="18.622055"><time>2026-05-02T11:58:08.900Z</time></trkpt>
<trkpt lat="54.499581" lon="18.622022"><time>2026-05-02T11:58:10.900Z</time></trkpt>
<trkpt lat="54.499624" lon="18.621991"><time>2026-05-02T11:58:12.900Z</time></trkpt>
<trkpt lat="54.499676" lon="18.621966"><time>2026-05-02T11:58:14.900Z</time></trkpt>
<trkpt lat="54.499723" lon="18.621939"><time>2026-05-02T11:58:16.900Z</time></trkpt>
<trkpt lat="54.499769" lon="18.621915"><time>2026-05-02T11:58:18.900Z</time></trkpt>
<trkpt lat="54.499814" lon="18.621886"><time>2026-05-02T11:58:20.900Z</time></trkpt>
<trkpt lat="54.499860" lon="18.621857"><time>2026-05-02T11:58:22.900Z</time></trkpt>
<trkpt lat="54.499905" lon="18.621825"><time>2026-05-02T11:58:24.900Z</time></trkpt>
<trkpt lat="54.499948" lon="18.621788"><time>2026-05-02T11:58:26.900Z</time></trkpt>
<trkpt lat="54.499991" lon="18.621750"><time>2026-05-02T11:58:28.900Z</time></trkpt>
<trkpt lat="54.500034" lon="18.621718"><time>2026-05-02T11:58:30.900Z</time></trkpt>
<trkpt lat="54.500078" lon="18.621685"><time>2026-05-02T11:58:32.900Z</time></trkpt>
<trkpt lat="54.500120" lon="18.621655"><time>2026-05-02T11:58:34.900Z</time></trkpt>
<trkpt lat="54.500164" lon="18.621624"><time>2026-05-02T11:58:36.900Z</time></trkpt>
<trkpt lat="54.500206" lon="18.621594"><time>2026-05-02T11:58:38.900Z</time></trkpt>
<trkpt lat="54.500248" lon="18.621566"><time>2026-05-02T11:58:40.900Z</time></trkpt>
<trkpt lat="54.500289" lon="18.621542"><time>2026-05-02T11:58:42.900Z</time></trkpt>
<trkpt lat="54.500329" lon="18.621521"><time>2026-05-02T11:58:44.900Z</time></trkpt>
<trkpt lat="54.500368" lon="18.621500"><time>2026-05-02T11:58:46.900Z</time></trkpt>
<trkpt lat="54.500409" lon="18.621483"><time>2026-05-02T11:58:48.900Z</time></trkpt>
<trkpt lat="54.500448" lon="18.621468"><time>2026-05-02T11:58:50.900Z</time></trkpt>
<trkpt lat="54.500489" lon="18.621460"><time>2026-05-02T11:58:52.900Z</time></trkpt>
<trkpt lat="54.500529" lon="18.621452"><time>2026-05-02T11:58:54.900Z</time></trkpt>
<trkpt lat="54.500566" lon="18.621448"><time>2026-05-02T11:58:56.900Z</time></trkpt>
<trkpt lat="54.500601" lon="18.621444"><time>2026-05-02T11:58:58.900Z</time></trkpt>
<trkpt lat="54.500634" lon="18.621436"><time>2026-05-02T11:59:01.000Z</time></trkpt>
<trkpt lat="54.500668" lon="18.621429"><time>2026-05-02T11:59:03.000Z</time></trkpt>
<trkpt lat="54.500699" lon="18.621428"><time>2026-05-02T11:59:05.000Z</time></trkpt>
<trkpt lat="54.500729" lon="18.621425"><time>2026-05-02T11:59:07.000Z</time></trkpt>
<trkpt lat="54.500763" lon="18.621423"><time>2026-05-02T11:59:09.000Z</time></trkpt>
<trkpt lat="54.500797" lon="18.621425"><time>2026-05-02T11:59:11.000Z</time></trkpt>
<trkpt lat="54.500830" lon="18.621431"><time>2026-05-02T11:59:13.000Z</time></trkpt>
<trkpt lat="54.500863" lon="18.621438"><time>2026-05-02T11:59:15.000Z</time></trkpt>
<trkpt lat="54.500897" lon="18.621443"><time>2026-05-02T11:59:17.000Z</time></trkpt>
<trkpt lat="54.500933" lon="18.621444"><time>2026-05-02T11:59:19.000Z</time></trkpt>
<trkpt lat="54.500963" lon="18.621445"><time>2026-05-02T11:59:21.000Z</time></trkpt>
<trkpt lat="54.500989" lon="18.621441"><time>2026-05-02T11:59:23.000Z</time></trkpt>
<trkpt lat="54.501016" lon="18.621436"><time>2026-05-02T11:59:25.000Z</time></trkpt>
<trkpt lat="54.501043" lon="18.621433"><time>2026-05-02T11:59:27.000Z</time></trkpt>
<trkpt lat="54.501066" lon="18.621434"><time>2026-05-02T11:59:29.000Z</time></trkpt>
<trkpt lat="54.501094" lon="18.621437"><time>2026-05-02T11:59:31.000Z</time></trkpt>
<trkpt lat="54.501120" lon="18.621440"><time>2026-05-02T11:59:33.000Z</time></trkpt>
<trkpt lat="54.501149" lon="18.621439"><time>2026-05-02T11:59:35.000Z</time></trkpt>
<trkpt lat="54.501172" lon="18.621435"><time>2026-05-02T11:59:37.000Z</time></trkpt>
<trkpt lat="54.501199" lon="18.621431"><time>2026-05-02T11:59:39.000Z</time></trkpt>
<trkpt lat="54.501225" lon="18.621425"><time>2026-05-02T11:59:41.000Z</time></trkpt>
<trkpt lat="54.501248" lon="18.621424"><time>2026-05-02T11:59:43.000Z</time></trkpt>
<trkpt lat="54.501270" lon="18.621418"><time>2026-05-02T11:59:44.900Z</time></trkpt>
<trkpt lat="54.501294" lon="18.621415"><time>2026-05-02T11:59:46.900Z</time></trkpt>
<trkpt lat="54.501318" lon="18.621413"><time>2026-05-02T11:59:48.900Z</time></trkpt>
<trkpt lat="54.501338" lon="18.621408"><time>2026-05-02T11:59:50.900Z</time></trkpt>
<trkpt lat="54.501360" lon="18.621403"><time>2026-05-02T11:59:52.900Z</time></trkpt>
<trkpt lat="54.501382" lon="18.621399"><time>2026-05-02T11:59:54.900Z</time></trkpt>
<trkpt lat="54.501404" lon="18.621397"><time>2026-05-02T11:59:56.900Z</time></trkpt>
<trkpt lat="54.501425" lon="18.621396"><time>2026-05-02T11:59:58.900Z</time></trkpt>
<trkpt lat="54.501448" lon="18.621393"><time>2026-05-02T12:00:00.900Z</time></trkpt>
<trkpt lat="54.501472" lon="18.621392"><time>2026-05-02T12:00:02.900Z</time></trkpt>
<trkpt lat="54.501485" lon="18.621394"><time>2026-05-02T12:00:04.900Z</time></trkpt>
<trkpt lat="54.501508" lon="18.621395"><time>2026-05-02T12:00:06.900Z</time></trkpt>
<trkpt lat="54.501532" lon="18.621390"><time>2026-05-02T12:00:08.900Z</time></trkpt>
<trkpt lat="54.501556" lon="18.621382"><time>2026-05-02T12:00:10.900Z</time></trkpt>
<trkpt lat="54.501574" lon="18.621379"><time>2026-05-02T12:00:12.900Z</time></trkpt>
<trkpt lat="54.501593" lon="18.621376"><time>2026-05-02T12:00:14.900Z</time></trkpt>
<trkpt lat="54.501612" lon="18.621375"><time>2026-05-02T12:00:16.900Z</time></trkpt>
<trkpt lat="54.501631" lon="18.621373"><time>2026-05-02T12:00:18.900Z</time></trkpt>
<trkpt lat="54.501658" lon="18.621373"><time>2026-05-02T12:00:20.900Z</time></trkpt>
<trkpt lat="54.501681" lon="18.621379"><time>2026-05-02T12:00:22.900Z</time></trkpt>
<trkpt lat="54.501699" lon="18.621380"><time>2026-05-02T12:00:24.900Z</time></trkpt>
<trkpt lat="54.501715" lon="18.621379"><time>2026-05-02T12:00:26.900Z</time></trkpt>
<trkpt lat="54.501729" lon="18.621383"><time>2026-05-02T12:00:28.900Z</time></trkpt>
<trkpt lat="54.501748" lon="18.621386"><time>2026-05-02T12:00:30.900Z</time></trkpt>
<trkpt lat="54.501764" lon="18.621388"><time>2026-05-02T12:00:32.900Z</time></trkpt>
<trkpt lat="54.501783" lon="18.621390"><time>2026-05-02T12:00:34.900Z</time></trkpt>
<trkpt lat="54.501802" lon="18.621388"><time>2026-05-02T12:00:36.900Z</time></trkpt>
<trkpt lat="54.501820" lon="18.621389"><time>2026-05-02T12:00:38.900Z</time></trkpt>
<trkpt lat="54.501835" lon="18.621388"><time>2026-05-02T12:00:40.900Z</time></trkpt>
<trkpt lat="54.501847" lon="18.621388"><time>2026-05-02T12:00:42.900Z</time></trkpt>
<trkpt lat="54.501859" lon="18.621382"><time>2026-05-02T12:00:44.900Z</time></trkpt>
<trkpt lat="54.501875" lon="18.621380"><time>2026-05-02T12:00:46.900Z</time></trkpt>
<trkpt lat="54.501892" lon="18.621378"><time>2026-05-02T12:00:48.900Z</time></trkpt>
<trkpt lat="54.501910" lon="18.621376"><time>2026-05-02T12:00:50.900Z</time></trkpt>
<trkpt lat="54.501926" lon="18.621374"><time>2026-05-02T12:00:52.900Z</time></trkpt>
<trkpt lat="54.501939" lon="18.621371"><time>2026-05-02T12:00:54.900Z</time></trkpt>
<trkpt lat="54.501950" lon="18.621367"><time>2026-05-02T12:00:56.900Z</time></trkpt>
<trkpt lat="54.501963" lon="18.621367"><time>2026-05-02T12:00:58.900Z</time></trkpt>
<trkpt lat="54.501977" lon="18.621363"><time>2026-05-02T12:01:00.900Z</time></trkpt>
<trkpt lat="54.501989" lon="18.621359"><time>2026-05-02T12:01:02.900Z</time></trkpt>
<trkpt lat="54.502001" lon="18.621356"><time>2026-05-02T12:01:04.900Z</time></trkpt>
<trkpt lat="54.502012" lon="18.621353"><time>2026-05-02T12:01:07.000Z</time></trkpt>
<trkpt lat="54.502023" lon="18.621351"><time>2026-05-02T12:01:09.000Z</time></trkpt>
<trkpt lat="54.502035" lon="18.621350"><time>2026-05-02T12:01:11.000Z</time></trkpt>
<trkpt lat="54.502048" lon="18.621348"><time>2026-05-02T12:01:13.000Z</time></trkpt>
<trkpt lat="54.502058" lon="18.621346"><time>2026-05-02T12:01:15.000Z</time></trkpt>
<trkpt lat="54.502065" lon="18.621342"><time>2026-05-02T12:01:17.000Z</time></trkpt>
<trkpt lat="54.502072" lon="18.621336"><time>2026-05-02T12:01:19.000Z</time></trkpt>
<trkpt lat="54.502082" lon="18.621331"><time>2026-05-02T12:01:21.000Z</time></trkpt>
<trkpt lat="54.502090" lon="18.621325"><time>2026-05-02T12:01:23.000Z</time></trkpt>
<trkpt lat="54.502100" lon="18.621319"><time>2026-05-02T12:01:25.000Z</time></trkpt>
<trkpt lat="54.502107" lon="18.621314"><time>2026-05-02T12:01:27.000Z</time></trkpt>
<trkpt lat="54.502118" lon="18.621310"><time>2026-05-02T12:01:29.000Z</time></trkpt>
<trkpt lat="54.502129" lon="18.621303"><time>2026-05-02T12:01:31.000Z</time></trkpt>
<trkpt lat="54.502138" lon="18.621294"><time>2026-05-02T12:01:33.000Z</time></trkpt>
<trkpt lat="54.502144" lon="18.621288"><time>2026-05-02T12:01:35.000Z</time></trkpt>
<trkpt lat="54.502152" lon="18.621285"><time>2026-05-02T12:01:37.000Z</time></trkpt>
<trkpt lat="54.502161" lon="18.621284"><time>2026-05-02T12:01:39.000Z</time></trkpt>
<trkpt lat="54.502168" lon="18.621276"><time>2026-05-02T12:01:41.000Z</time></trkpt>
<trkpt lat="54.502176" lon="18.621269"><time>2026-05-02T12:01:43.000Z</time></trkpt>
<trkpt lat="54.502184" lon="18.621264"><time>2026-05-02T12:01:45.000Z</time></trkpt>
<trkpt lat="54.502191" lon="18.621259"><time>2026-05-02T12:01:47.000Z</time></trkpt>
<trkpt lat="54.502200" lon="18.621252"><time>2026-05-02T12:01:49.000Z</time></trkpt>
<trkpt lat="54.502210" lon="18.621248"><time>2026-05-02T12:01:51.000Z</time></trkpt>
<trkpt lat="54.502219" lon="18.621245"><time>2026-05-02T12:01:52.900Z</time></trkpt>
<trkpt lat="54.502227" lon="18.621244"><time>2026-05-02T12:01:54.900Z</time></trkpt>
<trkpt lat="54.502233" lon="18.621241"><time>2026-05-02T12:01:56.900Z</time></trkpt>
<trkpt lat="54.502236" lon="18.621240"><time>2026-05-02T12:01:58.900Z</time></trkpt>
<trkpt lat="54.502241" lon="18.621240"><time>2026-05-02T12:02:00.900Z</time></trkpt>
<trkpt lat="54.502246" lon="18.621237"><time>2026-05-02T12:02:02.900Z</time></trkpt>
<trkpt lat="54.502251" lon="18.621235"><time>2026-05-02T12:02:04.900Z</time></trkpt>
<trkpt lat="54.502257" lon="18.621230"><time>2026-05-02T12:02:06.900Z</time></trkpt>
<trkpt lat="54.502262" lon="18.621223"><time>2026-05-02T12:02:08.900Z</time></trkpt>
<trkpt lat="54.502269" lon="18.621218"><time>2026-05-02T12:02:10.900Z</time></trkpt>
<trkpt lat="54.502275" lon="18.621211"><time>2026-05-02T12:02:12.900Z</time></trkpt>
<trkpt lat="54.502284" lon="18.621206"><time>2026-05-02T12:02:14.900Z</time></trkpt>
<trkpt lat="54.502290" lon="18.621199"><time>2026-05-02T12:02:16.900Z</time></trkpt>
<trkpt lat="54.502290" lon="18.621199"><time>2026-05-02T12:02:18.900Z</time></trkpt>
<trkpt lat="54.502299" lon="18.621190"><time>2026-05-02T12:02:20.900Z</time></trkpt>
<trkpt lat="54.502307" lon="18.621182"><time>2026-05-02T12:02:22.900Z</time></trkpt>
<trkpt lat="54.502314" lon="18.621173"><time>2026-05-02T12:02:24.900Z</time></trkpt>
<trkpt lat="54.502319" lon="18.621166"><time>2026-05-02T12:02:26.900Z</time></trkpt>
<trkpt lat="54.502325" lon="18.621158"><time>2026-05-02T12:02:28.900Z</time></trkpt>
<trkpt lat="54.502333" lon="18.621153"><time>2026-05-02T12:02:30.900Z</time></trkpt>
<trkpt lat="54.502341" lon="18.621145"><time>2026-05-02T12:02:32.900Z</time></trkpt>
<trkpt lat="54.502349" lon="18.621143"><time>2026-05-02T12:02:34.900Z</time></trkpt>
<trkpt lat="54.502356" lon="18.621137"><time>2026-05-02T12:02:36.900Z</time></trkpt>
<trkpt lat="54.502364" lon="18.621129"><time>2026-05-02T12:02:38.900Z</time></trkpt>
<trkpt lat="54.502371" lon="18.621121"><time>2026-05-02T12:02:40.900Z</time></trkpt>
<trkpt lat="54.502376" lon="18.621116"><time>2026-05-02T12:02:42.900Z</time></trkpt>
<trkpt lat="54.502386" lon="18.621113"><time>2026-05-02T12:02:44.900Z</time></trkpt>
<trkpt lat="54.502393" lon="18.621106"><time>2026-05-02T12:02:46.900Z</time></trkpt>
<trkpt lat="54.502395" lon="18.621106"><time>2026-05-02T12:02:48.900Z</time></trkpt>
<trkpt lat="54.502396" lon="18.621105"><time>2026-05-02T12:02:50.900Z</time></trkpt>
<trkpt lat="54.502404" lon="18.621097"><time>2026-05-02T12:02:52.900Z</time></trkpt>
<trkpt lat="54.502407" lon="18.621095"><time>2026-05-02T12:02:54.900Z</time></trkpt>
<trkpt lat="54.502415" lon="18.621086"><time>2026-05-02T12:02:56.900Z</time></trkpt>
<trkpt lat="54.502421" lon="18.621079"><time>2026-05-02T12:02:58.900Z</time></trkpt>
<trkpt lat="54.502428" lon="18.621072"><time>2026-05-02T12:03:00.900Z</time></trkpt>
<trkpt lat="54.502431" lon="18.621069"><time>2026-05-02T12:03:02.900Z</time></trkpt>
<trkpt lat="54.502439" lon="18.621063"><time>2026-05-02T12:03:04.900Z</time></trkpt>
<trkpt lat="54.502445" lon="18.621059"><time>2026-05-02T12:03:06.900Z</time></trkpt>
<trkpt lat="54.502445" lon="18.621058"><time>2026-05-02T12:03:08.900Z</time></trkpt>
<trkpt lat="54.502451" lon="18.621054"><time>2026-05-02T12:03:10.900Z</time></trkpt>
<trkpt lat="54.502458" lon="18.621049"><time>2026-05-02T12:03:13.000Z</time></trkpt>
<trkpt lat="54.502462" lon="18.621043"><time>2026-05-02T12:03:15.000Z</time></trkpt>
<trkpt lat="54.502462" lon="18.621041"><time>2026-05-02T12:03:17.000Z</time></trkpt>
<trkpt lat="54.502464" lon="18.621042"><time>2026-05-02T12:03:19.000Z</time></trkpt>
<trkpt lat="54.502469" lon="18.621033"><time>2026-05-02T12:03:21.000Z</time></trkpt>
<trkpt lat="54.502477" lon="18.621025"><time>2026-05-02T12:03:23.000Z</time></trkpt>
<trkpt lat="54.502480" lon="18.621023"><time>2026-05-02T12:03:25.000Z</time></trkpt>
<trkpt lat="54.502481" lon="18.621016"><time>2026-05-02T12:03:27.000Z</time></trkpt>
<trkpt lat="54.502486" lon="18.621014"><time>2026-05-02T12:03:29.000Z</time></trkpt>
<trkpt lat="54.502488" lon="18.621007"><time>2026-05-02T12:03:31.000Z</time></trkpt>
<trkpt lat="54.502491" lon="18.620998"><time>2026-05-02T12:03:33.000Z</time></trkpt>
<trkpt lat="54.502493" lon="18.620995"><time>2026-05-02T12:03:35.000Z</time></trkpt>
<trkpt lat="54.502494" lon="18.620995"><time>2026-05-02T12:03:37.000Z</time></trkpt>
<trkpt lat="54.502496" lon="18.620991"><time>2026-05-02T12:03:39.000Z</time></trkpt>
<trkpt lat="54.502498" lon="18.620986"><time>2026-05-02T12:03:41.000Z</time></trkpt>
<trkpt lat="54.502503" lon="18.620984"><time>2026-05-02T12:03:43.000Z</time></trkpt>
<trkpt lat="54.502509" lon="18.620972"><time>2026-05-02T12:03:44.900Z</time></trkpt>
<trkpt lat="54.502514" lon="18.620966"><time>2026-05-02T12:03:46.900Z</time></trkpt>
<trkpt lat="54.502516" lon="18.620962"><time>2026-05-02T12:03:48.900Z</time></trkpt>
<trkpt lat="54.502522" lon="18.620958"><time>2026-05-02T12:03:50.900Z</time></trkpt>
<trkpt lat="54.502527" lon="18.620954"><time>2026-05-02T12:03:52.900Z</time></trkpt>
<trkpt lat="54.502531" lon="18.620953"><time>2026-05-02T12:03:54.900Z</time></trkpt>
<trkpt lat="54.502535" lon="18.620950"><time>2026-05-02T12:03:56.900Z</time></trkpt>
<trkpt lat="54.502540" lon="18.620945"><time>2026-05-02T12:03:58.900Z</time></trkpt>
<trkpt lat="54.502544" lon="18.620941"><time>2026-05-02T12:04:00.900Z</time></trkpt>
<trkpt lat="54.502554" lon="18.620940"><time>2026-05-02T12:04:02.900Z</time></trkpt>
<trkpt lat="54.502561" lon="18.620938"><time>2026-05-02T12:04:04.900Z</time></trkpt>
<trkpt lat="54.502567" lon="18.620934"><time>2026-05-02T12:04:06.900Z</time></trkpt>
<trkpt lat="54.502573" lon="18.620931"><time>2026-05-02T12:04:08.900Z</time></trkpt>
<trkpt lat="54.502582" lon="18.620926"><time>2026-05-02T12:04:10.900Z</time></trkpt>
<trkpt lat="54.502588" lon="18.620928"><time>2026-05-02T12:04:12.900Z</time></trkpt>
<trkpt lat="54.502597" lon="18.620928"><time>2026-05-02T12:04:14.900Z</time></trkpt>
<trkpt lat="54.502603" lon="18.620927"><time>2026-05-02T12:04:16.900Z</time></trkpt>
<trkpt lat="54.502610" lon="18.620924"><time>2026-05-02T12:04:18.900Z</time></trkpt>
<trkpt lat="54.502616" lon="18.620922"><time>2026-05-02T12:04:20.900Z</time></trkpt>
<trkpt lat="54.502621" lon="18.620924"><time>2026-05-02T12:04:22.900Z</time></trkpt>
<trkpt lat="54.502626" lon="18.620921"><time>2026-05-02T12:04:24.900Z</time></trkpt>
<trkpt lat="54.502630" lon="18.620925"><time>2026-05-02T12:04:26.900Z</time></trkpt>
<trkpt lat="54.502633" lon="18.620922"><time>2026-05-02T12:04:28.900Z</time></trkpt>
<trkpt lat="54.502635" lon="18.620920"><time>2026-05-02T12:04:30.900Z</time></trkpt>
<trkpt lat="54.502638" lon="18.620917"><time>2026-05-02T12:04:32.900Z</time></trkpt>
<trkpt lat="54.502641" lon="18.620916"><time>2026-05-02T12:04:34.900Z</time></trkpt>
<trkpt lat="54.502645" lon="18.620914"><time>2026-05-02T12:04:36.900Z</time></trkpt>
<trkpt lat="54.502647" lon="18.620910"><time>2026-05-02T12:04:38.900Z</time></trkpt>
<trkpt lat="54.502651" lon="18.620908"><time>2026-05-02T12:04:40.900Z</time></trkpt>
<trkpt lat="54.502654" lon="18.620908"><time>2026-05-02T12:04:42.900Z</time></trkpt>
<trkpt lat="54.502658" lon="18.620908"><time>2026-05-02T12:04:44.900Z</time></trkpt>
<trkpt lat="54.502661" lon="18.620909"><time>2026-05-02T12:04:46.900Z</time></trkpt>
<trkpt lat="54.502662" lon="18.620908"><time>2026-05-02T12:04:48.900Z</time></trkpt>
<trkpt lat="54.502664" lon="18.620907"><time>2026-05-02T12:04:50.900Z</time></trkpt>
<trkpt lat="54.502669" lon="18.620905"><time>2026-05-02T12:04:52.900Z</time></trkpt>
<trkpt lat="54.502674" lon="18.620903"><time>2026-05-02T12:04:54.900Z</time></trkpt>
<trkpt lat="54.502678" lon="18.620901"><time>2026-05-02T12:04:56.900Z</time></trkpt>
<trkpt lat="54.502682" lon="18.620898"><time>2026-05-02T12:04:58.900Z</time></trkpt>
<trkpt lat="54.502686" lon="18.620895"><time>2026-05-02T12:05:00.900Z</time></trkpt>
<trkpt lat="54.502690" lon="18.620893"><time>2026-05-02T12:05:02.900Z</time></trkpt>
<trkpt lat="54.502695" lon="18.620890"><time>2026-05-02T12:05:04.900Z</time></trkpt>
<trkpt lat="54.502698" lon="18.620890"><time>2026-05-02T12:05:06.900Z</time></trkpt>
<trkpt lat="54.502702" lon="18.620888"><time>2026-05-02T12:05:08.900Z</time></trkpt>
<trkpt lat="54.502704" lon="18.620886"><time>2026-05-02T12:05:10.900Z</time></trkpt>
<trkpt lat="54.502706" lon="18.620883"><time>2026-05-02T12:05:12.900Z</time></trkpt>
<trkpt lat="54.502709" lon="18.620879"><time>2026-05-02T12:05:14.900Z</time></trkpt>
<trkpt lat="54.502715" lon="18.620877"><time>2026-05-02T12:05:16.900Z</time></trkpt>
<trkpt lat="54.502718" lon="18.620876"><time>2026-05-02T12:05:19.000Z</time></trkpt>
<trkpt lat="54.502720" lon="18.620876"><time>2026-05-02T12:05:21.000Z</time></trkpt>
<trkpt lat="54.502724" lon="18.620874"><time>2026-05-02T12:05:23.000Z</time></trkpt>
<trkpt lat="54.502727" lon="18.620872"><time>2026-05-02T12:05:25.000Z</time></trkpt>
<trkpt lat="54.502732" lon="18.620869"><time>2026-05-02T12:05:27.000Z</time></trkpt>
<trkpt lat="54.502736" lon="18.620868"><time>2026-05-02T12:05:29.000Z</time></trkpt>
<trkpt lat="54.502736" lon="18.620864"><time>2026-05-02T12:05:31.000Z</time></trkpt>
<trkpt lat="54.502738" lon="18.620862"><time>2026-05-02T12:05:33.000Z</time></trkpt>
<trkpt lat="54.502742" lon="18.620862"><time>2026-05-02T12:05:35.000Z</time></trkpt>
<trkpt lat="54.502748" lon="18.620853"><time>2026-05-02T12:05:37.000Z</time></trkpt>
<trkpt lat="54.502754" lon="18.620851"><time>2026-05-02T12:05:39.000Z</time></trkpt>
<trkpt lat="54.502755" lon="18.620851"><time>2026-05-02T12:05:41.000Z</time></trkpt>
<trkpt lat="54.502759" lon="18.620851"><time>2026-05-02T12:05:43.000Z</time></trkpt>
<trkpt lat="54.502762" lon="18.620850"><time>2026-05-02T12:05:45.000Z</time></trkpt>
<trkpt lat="54.502770" lon="18.620850"><time>2026-05-02T12:05:47.000Z</time></trkpt>
<trkpt lat="54.502772" lon="18.620849"><time>2026-05-02T12:05:49.000Z</time></trkpt>
<trkpt lat="54.502774" lon="18.620849"><time>2026-05-02T12:05:51.000Z</time></trkpt>
<trkpt lat="54.502776" lon="18.620849"><time>2026-05-02T12:05:53.000Z</time></trkpt>
<trkpt lat="54.502778" lon="18.620850"><time>2026-05-02T12:05:55.000Z</time></trkpt>
<trkpt lat="54.502782" lon="18.620839"><time>2026-05-02T12:05:57.000Z</time></trkpt>
<trkpt lat="54.502781" lon="18.620838"><time>2026-05-02T12:05:58.900Z</time></trkpt>
<trkpt lat="54.502786" lon="18.620854"><time>2026-05-02T12:06:00.900Z</time></trkpt>
<trkpt lat="54.502789" lon="18.620854"><time>2026-05-02T12:06:02.900Z</time></trkpt>
<trkpt lat="54.502791" lon="18.620852"><time>2026-05-02T12:06:04.900Z</time></trkpt>
<trkpt lat="54.502789" lon="18.620839"><time>2026-05-02T12:06:06.900Z</time></trkpt>
<trkpt lat="54.502794" lon="18.620839"><time>2026-05-02T12:06:08.900Z</time></trkpt>
<trkpt lat="54.502800" lon="18.620838"><time>2026-05-02T12:06:10.900Z</time></trkpt>
<trkpt lat="54.502810" lon="18.620834"><time>2026-05-02T12:06:12.900Z</time></trkpt>
<trkpt lat="54.502811" lon="18.620830"><time>2026-05-02T12:06:14.900Z</time></trkpt>
<trkpt lat="54.502820" lon="18.620820"><time>2026-05-02T12:06:16.900Z</time></trkpt>
<trkpt lat="54.502823" lon="18.620817"><time>2026-05-02T12:06:18.900Z</time></trkpt>
<trkpt lat="54.502822" lon="18.620816"><time>2026-05-02T12:06:20.900Z</time></trkpt>
<trkpt lat="54.502822" lon="18.620808"><time>2026-05-02T12:06:22.900Z</time></trkpt>
<trkpt lat="54.502822" lon="18.620810"><time>2026-05-02T12:06:24.900Z</time></trkpt>
<trkpt lat="54.502825" lon="18.620808"><time>2026-05-02T12:06:26.900Z</time></trkpt>
<trkpt lat="54.502833" lon="18.620796"><time>2026-05-02T12:06:28.900Z</time></trkpt>
<trkpt lat="54.502841" lon="18.620788"><time>2026-05-02T12:06:30.900Z</time></trkpt>
<trkpt lat="54.502844" lon="18.620789"><time>2026-05-02T12:06:32.900Z</time></trkpt>
<trkpt lat="54.502855" lon="18.620796"><time>2026-05-02T12:06:34.900Z</time></trkpt>
<trkpt lat="54.502866" lon="18.620805"><time>2026-05-02T12:06:36.900Z</time></trkpt>
<trkpt lat="54.502876" lon="18.620815"><time>2026-05-02T12:06:38.900Z</time></trkpt>
<trkpt lat="54.502876" lon="18.620822"><time>2026-05-02T12:06:40.900Z</time></trkpt>
<trkpt lat="54.502882" lon="18.620838"><time>2026-05-02T12:06:42.900Z</time></trkpt>
<trkpt lat="54.502889" lon="18.620864"><time>2026-05-02T12:06:44.900Z</time></trkpt>
<trkpt lat="54.502896" lon="18.620892"><time>2026-05-02T12:06:46.900Z</time></trkpt>
<trkpt lat="54.502902" lon="18.620924"><time>2026-05-02T12:06:48.900Z</time></trkpt>
<trkpt lat="54.502907" lon="18.620955"><time>2026-05-02T12:06:50.900Z</time></trkpt>
<trkpt lat="54.502911" lon="18.620988"><time>2026-05-02T12:06:52.900Z</time></trkpt>
<trkpt lat="54.502914" lon="18.621025"><time>2026-05-02T12:06:54.900Z</time></trkpt>
<trkpt lat="54.502912" lon="18.621062"><time>2026-05-02T12:06:56.900Z</time></trkpt>
<trkpt lat="54.502908" lon="18.621100"><time>2026-05-02T12:06:58.900Z</time></trkpt>
<trkpt lat="54.502902" lon="18.621138"><time>2026-05-02T12:07:00.900Z</time></trkpt>
<trkpt lat="54.502894" lon="18.621177"><time>2026-05-02T12:07:02.900Z</time></trkpt>
<trkpt lat="54.502882" lon="18.621217"><time>2026-05-02T12:07:04.900Z</time></trkpt>
<trkpt lat="54.502864" lon="18.621250"><time>2026-05-02T12:07:06.900Z</time></trkpt>
<trkpt lat="54.502847" lon="18.621286"><time>2026-05-02T12:07:08.900Z</time></trkpt>
<trkpt lat="54.502830" lon="18.621318"><time>2026-05-02T12:07:10.900Z</time></trkpt>
<trkpt lat="54.502811" lon="18.621342"><time>2026-05-02T12:07:12.900Z</time></trkpt>
<trkpt lat="54.502788" lon="18.621359"><time>2026-05-02T12:07:14.900Z</time></trkpt>
<trkpt lat="54.502762" lon="18.621368"><time>2026-05-02T12:07:16.900Z</time></trkpt>
<trkpt lat="54.502733" lon="18.621375"><time>2026-05-02T12:07:18.900Z</time></trkpt>
<trkpt lat="54.502708" lon="18.621394"><time>2026-05-02T12:07:20.900Z</time></trkpt>
<trkpt lat="54.502684" lon="18.621418"><time>2026-05-02T12:07:22.900Z</time></trkpt>
<trkpt lat="54.502661" lon="18.621448"><time>2026-05-02T12:07:25.000Z</time></trkpt>
<trkpt lat="54.502643" lon="18.621489"><time>2026-05-02T12:07:27.000Z</time></trkpt>
<trkpt lat="54.502628" lon="18.621541"><time>2026-05-02T12:07:29.000Z</time></trkpt>
<trkpt lat="54.502614" lon="18.621585"><time>2026-05-02T12:07:31.000Z</time></trkpt>
<trkpt lat="54.502609" lon="18.621643"><time>2026-05-02T12:07:33.000Z</time></trkpt>
<trkpt lat="54.502603" lon="18.621685"><time>2026-05-02T12:07:35.000Z</time></trkpt>
<trkpt lat="54.502593" lon="18.621729"><time>2026-05-02T12:07:37.000Z</time></trkpt>
<trkpt lat="54.502576" lon="18.621775"><time>2026-05-02T12:07:39.000Z</time></trkpt>
<trkpt lat="54.502572" lon="18.621826"><time>2026-05-02T12:07:41.000Z</time></trkpt>
<trkpt lat="54.502572" lon="18.621864"><time>2026-05-02T12:07:43.000Z</time></trkpt>
<trkpt lat="54.502568" lon="18.621912"><time>2026-05-02T12:07:45.000Z</time></trkpt>
<trkpt lat="54.502568" lon="18.621958"><time>2026-05-02T12:07:47.000Z</time></trkpt>
<trkpt lat="54.502575" lon="18.621998"><time>2026-05-02T12:07:49.000Z</time></trkpt>
<trkpt lat="54.502581" lon="18.622048"><time>2026-05-02T12:07:51.000Z</time></trkpt>
<trkpt lat="54.502587" lon="18.622104"><time>2026-05-02T12:07:53.000Z</time></trkpt>
<trkpt lat="54.502590" lon="18.622163"><time>2026-05-02T12:07:55.000Z</time></trkpt>
<trkpt lat="54.502602" lon="18.622204"><time>2026-05-02T12:07:57.000Z</time></trkpt>
<trkpt lat="54.502619" lon="18.622249"><time>2026-05-02T12:07:59.000Z</time></trkpt>
<trkpt lat="54.502642" lon="18.622292"><time>2026-05-02T12:08:01.000Z</time></trkpt>
<trkpt lat="54.502660" lon="18.622334"><time>2026-05-02T12:08:03.000Z</time></trkpt>
<trkpt lat="54.502685" lon="18.622371"><time>2026-05-02T12:08:05.000Z</time></trkpt>
<trkpt lat="54.502704" lon="18.622399"><time>2026-05-02T12:08:07.000Z</time></trkpt>
<trkpt lat="54.502724" lon="18.622425"><time>2026-05-02T12:08:09.000Z</time></trkpt>
<trkpt lat="54.502744" lon="18.622433"><time>2026-05-02T12:08:11.000Z</time></trkpt>
<trkpt lat="54.502769" lon="18.622453"><time>2026-05-02T12:08:13.000Z</time></trkpt>
<trkpt lat="54.502801" lon="18.622480"><time>2026-05-02T12:08:14.900Z</time></trkpt>
<trkpt lat="54.502826" lon="18.622515"><time>2026-05-02T12:08:16.900Z</time></trkpt>
<trkpt lat="54.502853" lon="18.622553"><time>2026-05-02T12:08:18.900Z</time></trkpt>
<trkpt lat="54.502879" lon="18.622582"><time>2026-05-02T12:08:20.900Z</time></trkpt>
<trkpt lat="54.502902" lon="18.622609"><time>2026-05-02T12:08:22.900Z</time></trkpt>
<trkpt lat="54.502922" lon="18.622637"><time>2026-05-02T12:08:24.900Z</time></trkpt>
<trkpt lat="54.502946" lon="18.622670"><time>2026-05-02T12:08:26.900Z</time></trkpt>
<trkpt lat="54.502969" lon="18.622707"><time>2026-05-02T12:08:28.900Z</time></trkpt>
<trkpt lat="54.502993" lon="18.622743"><time>2026-05-02T12:08:30.900Z</time></trkpt>
<trkpt lat="54.503016" lon="18.622777"><time>2026-05-02T12:08:32.900Z</time></trkpt>
<trkpt lat="54.503040" lon="18.622805"><time>2026-05-02T12:08:34.900Z</time></trkpt>
<trkpt lat="54.503071" lon="18.622834"><time>2026-05-02T12:08:36.900Z</time></trkpt>
<trkpt lat="54.503105" lon="18.622876"><time>2026-05-02T12:08:38.900Z</time></trkpt>
<trkpt lat="54.503137" lon="18.622903"><time>2026-05-02T12:08:40.900Z</time></trkpt>
<trkpt lat="54.503169" lon="18.622912"><time>2026-05-02T12:08:42.900Z</time></trkpt>
<trkpt lat="54.503199" lon="18.622923"><time>2026-05-02T12:08:44.900Z</time></trkpt>
<trkpt lat="54.503234" lon="18.622928"><time>2026-05-02T12:08:46.900Z</time></trkpt>
<trkpt lat="54.503261" lon="18.622931"><time>2026-05-02T12:08:48.900Z</time></trkpt>
<trkpt lat="54.503290" lon="18.622936"><time>2026-05-02T12:08:50.900Z</time></trkpt>
<trkpt lat="54.503314" lon="18.622944"><time>2026-05-02T12:08:52.900Z</time></trkpt>
<trkpt lat="54.503341" lon="18.622951"><time>2026-05-02T12:08:54.900Z</time></trkpt>
<trkpt lat="54.503372" lon="18.622969"><time>2026-05-02T12:08:56.900Z</time></trkpt>
<trkpt lat="54.503392" lon="18.622995"><time>2026-05-02T12:08:58.900Z</time></trkpt>
<trkpt lat="54.503425" lon="18.623017"><time>2026-05-02T12:09:00.900Z</time></trkpt>
<trkpt lat="54.503460" lon="18.623036"><time>2026-05-02T12:09:02.900Z</time></trkpt>
<trkpt lat="54.503492" lon="18.623051"><time>2026-05-02T12:09:04.900Z</time></trkpt>
<trkpt lat="54.503529" lon="18.623059"><time>2026-05-02T12:09:06.900Z</time></trkpt>
<trkpt lat="54.503563" lon="18.623063"><time>2026-05-02T12:09:08.900Z</time></trkpt>
<trkpt lat="54.503601" lon="18.623070"><time>2026-05-02T12:09:10.900Z</time></trkpt>
<trkpt lat="54.503637" lon="18.623082"><time>2026-05-02T12:09:12.900Z</time></trkpt>
<trkpt lat="54.503669" lon="18.623086"><time>2026-05-02T12:09:14.900Z</time></trkpt>
<trkpt lat="54.503707" lon="18.623082"><time>2026-05-02T12:09:16.900Z</time></trkpt>
<trkpt lat="54.503743" lon="18.623086"><time>2026-05-02T12:09:18.900Z</time></trkpt>
<trkpt lat="54.503781" lon="18.623091"><time>2026-05-02T12:09:20.900Z</time></trkpt>
<trkpt lat="54.503825" lon="18.623106"><time>2026-05-02T12:09:22.900Z</time></trkpt>
<trkpt lat="54.503862" lon="18.623113"><time>2026-05-02T12:09:24.900Z</time></trkpt>
<trkpt lat="54.503904" lon="18.623121"><time>2026-05-02T12:09:26.900Z</time></trkpt>
<trkpt lat="54.503939" lon="18.623131"><time>2026-05-02T12:09:28.900Z</time></trkpt>
<trkpt lat="54.503975" lon="18.623139"><time>2026-05-02T12:09:31.000Z</time></trkpt>
<trkpt lat="54.504009" lon="18.623155"><time>2026-05-02T12:09:33.000Z</time></trkpt>
<trkpt lat="54.504041" lon="18.623177"><time>2026-05-02T12:09:35.000Z</time></trkpt>
<trkpt lat="54.504078" lon="18.623201"><time>2026-05-02T12:09:37.000Z</time></trkpt>
<trkpt lat="54.504110" lon="18.623222"><time>2026-05-02T12:09:39.000Z</time></trkpt>
<trkpt lat="54.504148" lon="18.623234"><time>2026-05-02T12:09:41.000Z</time></trkpt>
<trkpt lat="54.504181" lon="18.623247"><time>2026-05-02T12:09:43.000Z</time></trkpt>
<trkpt lat="54.504216" lon="18.623260"><time>2026-05-02T12:09:45.000Z</time></trkpt>
<trkpt lat="54.504255" lon="18.623275"><time>2026-05-02T12:09:47.000Z</time></trkpt>
<trkpt lat="54.504289" lon="18.623289"><time>2026-05-02T12:09:49.000Z</time></trkpt>
<trkpt lat="54.504325" lon="18.623299"><time>2026-05-02T12:09:51.000Z</time></trkpt>
<trkpt lat="54.504359" lon="18.623319"><time>2026-05-02T12:09:53.000Z</time></trkpt>
<trkpt lat="54.504392" lon="18.623350"><time>2026-05-02T12:09:55.000Z</time></trkpt>
<trkpt lat="54.504420" lon="18.623381"><time>2026-05-02T12:09:57.000Z</time></trkpt>
<trkpt lat="54.504447" lon="18.623424"><time>2026-05-02T12:09:59.000Z</time></trkpt>
<trkpt lat="54.504469" lon="18.623474"><time>2026-05-02T12:10:01.000Z</time></trkpt>
<trkpt lat="54.504484" lon="18.623527"><time>2026-05-02T12:10:03.000Z</time></trkpt>
<trkpt lat="54.504490" lon="18.623584"><time>2026-05-02T12:10:05.000Z</time></trkpt>
<trkpt lat="54.504500" lon="18.623629"><time>2026-05-02T12:10:07.000Z</time></trkpt>
<trkpt lat="54.504509" lon="18.623678"><time>2026-05-02T12:10:09.000Z</time></trkpt>
<trkpt lat="54.504515" lon="18.623719"><time>2026-05-02T12:10:11.000Z</time></trkpt>
<trkpt lat="54.504522" lon="18.623769"><time>2026-05-02T12:10:13.000Z</time></trkpt>
<trkpt lat="54.504528" lon="18.623819"><time>2026-05-02T12:10:15.000Z</time></trkpt>
<trkpt lat="54.504532" lon="18.623871"><time>2026-05-02T12:10:17.000Z</time></trkpt>
<trkpt lat="54.504528" lon="18.623921"><time>2026-05-02T12:10:19.000Z</time></trkpt>
<trkpt lat="54.504524" lon="18.623970"><time>2026-05-02T12:10:21.000Z</time></trkpt>
<trkpt lat="54.504518" lon="18.624008"><time>2026-05-02T12:10:22.900Z</time></trkpt>
<trkpt lat="54.504519" lon="18.624058"><time>2026-05-02T12:10:24.900Z</time></trkpt>
<trkpt lat="54.504507" lon="18.624091"><time>2026-05-02T12:10:26.900Z</time></trkpt>
<trkpt lat="54.504492" lon="18.624130"><time>2026-05-02T12:10:28.900Z</time></trkpt>
<trkpt lat="54.504482" lon="18.624174"><time>2026-05-02T12:10:30.900Z</time></trkpt>
<trkpt lat="54.504472" lon="18.624191"><time>2026-05-02T12:10:32.900Z</time></trkpt>
<trkpt lat="54.504455" lon="18.624229"><time>2026-05-02T12:10:34.900Z</time></trkpt>
<trkpt lat="54.504438" lon="18.624261"><time>2026-05-02T12:10:36.900Z</time></trkpt>
<trkpt lat="54.504417" lon="18.624304"><time>2026-05-02T12:10:38.900Z</time></trkpt>
<trkpt lat="54.504388" lon="18.624349"><time>2026-05-02T12:10:40.900Z</time></trkpt>
<trkpt lat="54.504359" lon="18.624400"><time>2026-05-02T12:10:42.900Z</time></trkpt>
<trkpt lat="54.504337" lon="18.624444"><time>2026-05-02T12:10:44.900Z</time></trkpt>
<trkpt lat="54.504319" lon="18.624487"><time>2026-05-02T12:10:46.900Z</time></trkpt>
<trkpt lat="54.504299" lon="18.624536"><time>2026-05-02T12:10:48.900Z</time></trkpt>
<trkpt lat="54.504275" lon="18.624582"><time>2026-05-02T12:10:50.900Z</time></trkpt>
<trkpt lat="54.504257" lon="18.624640"><time>2026-05-02T12:10:52.900Z</time></trkpt>
<trkpt lat="54.504243" lon="18.624694"><time>2026-05-02T12:10:54.900Z</time></trkpt>
<trkpt lat="54.504223" lon="18.624738"><time>2026-05-02T12:10:56.900Z</time></trkpt>
<trkpt lat="54.504197" lon="18.624774"><time>2026-05-02T12:10:58.900Z</time></trkpt>
<trkpt lat="54.504176" lon="18.624816"><time>2026-05-02T12:11:00.900Z</time></trkpt>
<trkpt lat="54.504154" lon="18.624863"><time>2026-05-02T12:11:02.900Z</time></trkpt>
<trkpt lat="54.504136" lon="18.624910"><time>2026-05-02T12:11:04.900Z</time></trkpt>
<trkpt lat="54.504112" lon="18.624951"><time>2026-05-02T12:11:06.900Z</time></trkpt>
<trkpt lat="54.504084" lon="18.625001"><time>2026-05-02T12:11:08.900Z</time></trkpt>
<trkpt lat="54.504053" lon="18.625038"><time>2026-05-02T12:11:10.900Z</time></trkpt>
<trkpt lat="54.504027" lon="18.625066"><time>2026-05-02T12:11:12.900Z</time></trkpt>
<trkpt lat="54.504009" lon="18.625104"><time>2026-05-02T12:11:14.900Z</time></trkpt>
<trkpt lat="54.503995" lon="18.625149"><time>2026-05-02T12:11:16.900Z</time></trkpt>
<trkpt lat="54.503988" lon="18.625189"><time>2026-05-02T12:11:18.900Z</time></trkpt>
<trkpt lat="54.503982" lon="18.625250"><time>2026-05-02T12:11:20.900Z</time></trkpt>
<trkpt lat="54.503969" lon="18.625297"><time>2026-05-02T12:11:22.900Z</time></trkpt>
<trkpt lat="54.503950" lon="18.625333"><time>2026-05-02T12:11:24.900Z</time></trkpt>
<trkpt lat="54.503929" lon="18.625373"><time>2026-05-02T12:11:26.900Z</time></trkpt>
<trkpt lat="54.503902" lon="18.625424"><time>2026-05-02T12:11:28.900Z</time></trkpt>
<trkpt lat="54.503877" lon="18.625460"><time>2026-05-02T12:11:30.900Z</time></trkpt>
<trkpt lat="54.503854" lon="18.625506"><time>2026-05-02T12:11:32.900Z</time></trkpt>
<trkpt lat="54.503831" lon="18.625551"><time>2026-05-02T12:11:34.900Z</time></trkpt>
<trkpt lat="54.503810" lon="18.625603"><time>2026-05-02T12:11:37.000Z</time></trkpt>
<trkpt lat="54.503779" lon="18.625660"><time>2026-05-02T12:11:39.000Z</time></trkpt>
<trkpt lat="54.503751" lon="18.625729"><time>2026-05-02T12:11:41.000Z</time></trkpt>
<trkpt lat="54.503733" lon="18.625779"><time>2026-05-02T12:11:43.000Z</time></trkpt>
<trkpt lat="54.503714" lon="18.625837"><time>2026-05-02T12:11:45.000Z</time></trkpt>
<trkpt lat="54.503699" lon="18.625872"><time>2026-05-02T12:11:47.000Z</time></trkpt>
<trkpt lat="54.503680" lon="18.625918"><time>2026-05-02T12:11:49.000Z</time></trkpt>
<trkpt lat="54.503662" lon="18.625975"><time>2026-05-02T12:11:51.000Z</time></trkpt>
<trkpt lat="54.503646" lon="18.626022"><time>2026-05-02T12:11:53.000Z</time></trkpt>
<trkpt lat="54.503636" lon="18.626051"><time>2026-05-02T12:11:55.000Z</time></trkpt>
<trkpt lat="54.503627" lon="18.626079"><time>2026-05-02T12:11:57.000Z</time></trkpt>
<trkpt lat="54.503607" lon="18.626115"><time>2026-05-02T12:11:59.000Z</time></trkpt>
<trkpt lat="54.503584" lon="18.626156"><time>2026-05-02T12:12:01.000Z</time></trkpt>
<trkpt lat="54.503563" lon="18.626192"><time>2026-05-02T12:12:03.000Z</time></trkpt>
<trkpt lat="54.503544" lon="18.626229"><time>2026-05-02T12:12:05.000Z</time></trkpt>
<trkpt lat="54.503518" lon="18.626270"><time>2026-05-02T12:12:07.000Z</time></trkpt>
<trkpt lat="54.503493" lon="18.626313"><time>2026-05-02T12:12:09.000Z</time></trkpt>
<trkpt lat="54.503469" lon="18.626357"><time>2026-05-02T12:12:11.000Z</time></trkpt>
<trkpt lat="54.503445" lon="18.626407"><time>2026-05-02T12:12:13.000Z</time></trkpt>
<trkpt lat="54.503419" lon="18.626451"><time>2026-05-02T12:12:15.000Z</time></trkpt>
<trkpt lat="54.503393" lon="18.626497"><time>2026-05-02T12:12:17.000Z</time></trkpt>
<trkpt lat="54.503368" lon="18.626548"><time>2026-05-02T12:12:19.000Z</time></trkpt>
<trkpt lat="54.503349" lon="18.626593"><time>2026-05-02T12:12:21.000Z</time></trkpt>
<trkpt lat="54.503332" lon="18.626635"><time>2026-05-02T12:12:23.000Z</time></trkpt>
<trkpt lat="54.503313" lon="18.626686"><time>2026-05-02T12:12:25.000Z</time></trkpt>
<trkpt lat="54.503289" lon="18.626727"><time>2026-05-02T12:12:27.000Z</time></trkpt>
<trkpt lat="54.503264" lon="18.626768"><time>2026-05-02T12:12:29.000Z</time></trkpt>
<trkpt lat="54.503239" lon="18.626806"><time>2026-05-02T12:12:31.000Z</time></trkpt>
<trkpt lat="54.503214" lon="18.626843"><time>2026-05-02T12:12:32.900Z</time></trkpt>
<trkpt lat="54.503184" lon="18.626885"><time>2026-05-02T12:12:34.900Z</time></trkpt>
<trkpt lat="54.503155" lon="18.626934"><time>2026-05-02T12:12:36.900Z</time></trkpt>
<trkpt lat="54.503125" lon="18.626985"><time>2026-05-02T12:12:38.900Z</time></trkpt>
<trkpt lat="54.503094" lon="18.627039"><time>2026-05-02T12:12:40.900Z</time></trkpt>
<trkpt lat="54.503063" lon="18.627092"><time>2026-05-02T12:12:42.900Z</time></trkpt>
<trkpt lat="54.503040" lon="18.627135"><time>2026-05-02T12:12:44.900Z</time></trkpt>
<trkpt lat="54.503014" lon="18.627164"><time>2026-05-02T12:12:46.900Z</time></trkpt>
<trkpt lat="54.502993" lon="18.627197"><time>2026-05-02T12:12:48.900Z</time></trkpt>
<trkpt lat="54.502952" lon="18.627253"><time>2026-05-02T12:12:50.900Z</time></trkpt>
<trkpt lat="54.502920" lon="18.627310"><time>2026-05-02T12:12:52.900Z</time></trkpt>
<trkpt lat="54.502885" lon="18.627367"><time>2026-05-02T12:12:54.900Z</time></trkpt>
<trkpt lat="54.502855" lon="18.627424"><time>2026-05-02T12:12:56.900Z</time></trkpt>
<trkpt lat="54.502820" lon="18.627475"><time>2026-05-02T12:12:58.900Z</time></trkpt>
<trkpt lat="54.502781" lon="18.627520"><time>2026-05-02T12:13:00.900Z</time></trkpt>
<trkpt lat="54.502747" lon="18.627571"><time>2026-05-02T12:13:02.900Z</time></trkpt>
<trkpt lat="54.502716" lon="18.627631"><time>2026-05-02T12:13:04.900Z</time></trkpt>
<trkpt lat="54.502686" lon="18.627690"><time>2026-05-02T12:13:06.900Z</time></trkpt>
<trkpt lat="54.502656" lon="18.627737"><time>2026-05-02T12:13:08.900Z</time></trkpt>
<trkpt lat="54.502626" lon="18.627789"><time>2026-05-02T12:13:10.900Z</time></trkpt>
<trkpt lat="54.502599" lon="18.627839"><time>2026-05-02T12:13:12.900Z</time></trkpt>
<trkpt lat="54.502570" lon="18.627892"><time>2026-05-02T12:13:14.900Z</time></trkpt>
<trkpt lat="54.502536" lon="18.627956"><time>2026-05-02T12:13:16.900Z</time></trkpt>
<trkpt lat="54.502507" lon="18.628012"><time>2026-05-02T12:13:18.900Z</time></trkpt>
<trkpt lat="54.502475" lon="18.628077"><time>2026-05-02T12:13:20.900Z</time></trkpt>
<trkpt lat="54.502445" lon="18.628139"><time>2026-05-02T12:13:22.900Z</time></trkpt>
<trkpt lat="54.502414" lon="18.628196"><time>2026-05-02T12:13:24.900Z</time></trkpt>
<trkpt lat="54.502387" lon="18.628248"><time>2026-05-02T12:13:26.900Z</time></trkpt>
<trkpt lat="54.502361" lon="18.628298"><time>2026-05-02T12:13:28.900Z</time></trkpt>
<trkpt lat="54.502334" lon="18.628349"><time>2026-05-02T12:13:30.900Z</time></trkpt>
<trkpt lat="54.502305" lon="18.628401"><time>2026-05-02T12:13:32.900Z</time></trkpt>
<trkpt lat="54.502280" lon="18.628449"><time>2026-05-02T12:13:34.900Z</time></trkpt>
<trkpt lat="54.502254" lon="18.628500"><time>2026-05-02T12:13:36.900Z</time></trkpt>
<trkpt lat="54.502228" lon="18.628555"><time>2026-05-02T12:13:38.900Z</time></trkpt>
<trkpt lat="54.502205" lon="18.628611"><time>2026-05-02T12:13:40.900Z</time></trkpt>
<trkpt lat="54.502178" lon="18.628668"><time>2026-05-02T12:13:43.000Z</time></trkpt>
<trkpt lat="54.502148" lon="18.628725"><time>2026-05-02T12:13:45.000Z</time></trkpt>
<trkpt lat="54.502118" lon="18.628778"><time>2026-05-02T12:13:47.000Z</time></trkpt>
<trkpt lat="54.502094" lon="18.628835"><time>2026-05-02T12:13:49.000Z</time></trkpt>
<trkpt lat="54.502068" lon="18.628892"><time>2026-05-02T12:13:51.000Z</time></trkpt>
<trkpt lat="54.502042" lon="18.628947"><time>2026-05-02T12:13:53.000Z</time></trkpt>
<trkpt lat="54.502017" lon="18.628994"><time>2026-05-02T12:13:55.000Z</time></trkpt>
<trkpt lat="54.501986" lon="18.629054"><time>2026-05-02T12:13:57.000Z</time></trkpt>
<trkpt lat="54.501957" lon="18.629105"><time>2026-05-02T12:13:59.000Z</time></trkpt>
<trkpt lat="54.501930" lon="18.629162"><time>2026-05-02T12:14:01.000Z</time></trkpt>
<trkpt lat="54.501904" lon="18.629224"><time>2026-05-02T12:14:03.000Z</time></trkpt>
<trkpt lat="54.501879" lon="18.629284"><time>2026-05-02T12:14:05.000Z</time></trkpt>
<trkpt lat="54.501853" lon="18.629347"><time>2026-05-02T12:14:07.000Z</time></trkpt>
<trkpt lat="54.501824" lon="18.629406"><time>2026-05-02T12:14:09.000Z</time></trkpt>
<trkpt lat="54.501801" lon="18.629463"><time>2026-05-02T12:14:11.000Z</time></trkpt>
<trkpt lat="54.501776" lon="18.629522"><time>2026-05-02T12:14:13.000Z</time></trkpt>
<trkpt lat="54.501753" lon="18.629584"><time>2026-05-02T12:14:15.000Z</time></trkpt>
<trkpt lat="54.501727" lon="18.629641"><time>2026-05-02T12:14:17.000Z</time></trkpt>
<trkpt lat="54.501700" lon="18.629692"><time>2026-05-02T12:14:19.000Z</time></trkpt>
<trkpt lat="54.501672" lon="18.629742"><time>2026-05-02T12:14:21.000Z</time></trkpt>
<trkpt lat="54.501649" lon="18.629788"><time>2026-05-02T12:14:23.000Z</time></trkpt>
<trkpt lat="54.501621" lon="18.629837"><time>2026-05-02T12:14:25.000Z</time></trkpt>
<trkpt lat="54.501597" lon="18.629880"><time>2026-05-02T12:14:27.000Z</time></trkpt>
<trkpt lat="54.501572" lon="18.629932"><time>2026-05-02T12:14:29.000Z</time></trkpt>
<trkpt lat="54.501536" lon="18.629978"><time>2026-05-02T12:14:31.000Z</time></trkpt>
<trkpt lat="54.501500" lon="18.630035"><time>2026-05-02T12:14:33.000Z</time></trkpt>
<trkpt lat="54.501470" lon="18.630082"><time>2026-05-02T12:14:35.000Z</time></trkpt>
<trkpt lat="54.501441" lon="18.630126"><time>2026-05-02T12:14:36.900Z</time></trkpt>
<trkpt lat="54.501408" lon="18.630175"><time>2026-05-02T12:14:38.900Z</time></trkpt>
<trkpt lat="54.501373" lon="18.630217"><time>2026-05-02T12:14:40.900Z</time></trkpt>
<trkpt lat="54.501336" lon="18.630262"><time>2026-05-02T12:14:42.900Z</time></trkpt>
<trkpt lat="54.501299" lon="18.630308"><time>2026-05-02T12:14:44.900Z</time></trkpt>
<trkpt lat="54.501261" lon="18.630354"><time>2026-05-02T12:14:46.900Z</time></trkpt>
<trkpt lat="54.501222" lon="18.630399"><time>2026-05-02T12:14:48.900Z</time></trkpt>
<trkpt lat="54.501175" lon="18.630453"><time>2026-05-02T12:14:50.900Z</time></trkpt>
<trkpt lat="54.501127" lon="18.630511"><time>2026-05-02T12:14:52.900Z</time></trkpt>
<trkpt lat="54.501085" lon="18.630566"><time>2026-05-02T12:14:54.900Z</time></trkpt>
<trkpt lat="54.501042" lon="18.630625"><time>2026-05-02T12:14:56.900Z</time></trkpt>
<trkpt lat="54.501007" lon="18.630683"><time>2026-05-02T12:14:58.900Z</time></trkpt>
<trkpt lat="54.500972" lon="18.630740"><time>2026-05-02T12:15:00.900Z</time></trkpt>
<trkpt lat="54.500935" lon="18.630796"><time>2026-05-02T12:15:02.900Z</time></trkpt>
<trkpt lat="54.500899" lon="18.630854"><time>2026-05-02T12:15:04.900Z</time></trkpt>
<trkpt lat="54.500861" lon="18.630913"><time>2026-05-02T12:15:06.900Z</time></trkpt>
<trkpt lat="54.500826" lon="18.630973"><time>2026-05-02T12:15:08.900Z</time></trkpt>
<trkpt lat="54.500792" lon="18.631025"><time>2026-05-02T12:15:10.900Z</time></trkpt>
<trkpt lat="54.500758" lon="18.631081"><time>2026-05-02T12:15:12.900Z</time></trkpt>
<trkpt lat="54.500724" lon="18.631138"><time>2026-05-02T12:15:14.900Z</time></trkpt>
<trkpt lat="54.500686" lon="18.631197"><time>2026-05-02T12:15:16.900Z</time></trkpt>
<trkpt lat="54.500650" lon="18.631250"><time>2026-05-02T12:15:18.900Z</time></trkpt>
<trkpt lat="54.500617" lon="18.631302"><time>2026-05-02T12:15:20.900Z</time></trkpt>
<trkpt lat="54.500580" lon="18.631365"><time>2026-05-02T12:15:22.900Z</time></trkpt>
<trkpt lat="54.500535" lon="18.631432"><time>2026-05-02T12:15:24.900Z</time></trkpt>
<trkpt lat="54.500495" lon="18.631491"><time>2026-05-02T12:15:26.900Z</time></trkpt>
<trkpt lat="54.500460" lon="18.631549"><time>2026-05-02T12:15:28.900Z</time></trkpt>
<trkpt lat="54.500429" lon="18.631606"><time>2026-05-02T12:15:30.900Z</time></trkpt>
<trkpt lat="54.500398" lon="18.631667"><time>2026-05-02T12:15:32.900Z</time></trkpt>
<trkpt lat="54.500362" lon="18.631721"><time>2026-05-02T12:15:34.900Z</time></trkpt>
<trkpt lat="54.500328" lon="18.631776"><time>2026-05-02T12:15:36.900Z</time></trkpt>
<trkpt lat="54.500293" lon="18.631840"><time>2026-05-02T12:15:38.900Z</time></trkpt>
<trkpt lat="54.500255" lon="18.631900"><time>2026-05-02T12:15:40.900Z</time></trkpt>
<trkpt lat="54.500222" lon="18.631960"><time>2026-05-02T12:15:42.900Z</time></trkpt>
<trkpt lat="54.500186" lon="18.632019"><time>2026-05-02T12:15:44.900Z</time></trkpt>
<trkpt lat="54.500151" lon="18.632072"><time>2026-05-02T12:15:46.900Z</time></trkpt>
<trkpt lat="54.500116" lon="18.632126"><time>2026-05-02T12:15:49.000Z</time></trkpt>
<trkpt lat="54.500079" lon="18.632187"><time>2026-05-02T12:15:51.000Z</time></trkpt>
<trkpt lat="54.500044" lon="18.632249"><time>2026-05-02T12:15:53.000Z</time></trkpt>
<trkpt lat="54.500006" lon="18.632301"><time>2026-05-02T12:15:55.000Z</time></trkpt>
<trkpt lat="54.499968" lon="18.632352"><time>2026-05-02T12:15:57.000Z</time></trkpt>
<trkpt lat="54.499934" lon="18.632406"><time>2026-05-02T12:15:59.000Z</time></trkpt>
<trkpt lat="54.499897" lon="18.632461"><time>2026-05-02T12:16:01.000Z</time></trkpt>
<trkpt lat="54.499862" lon="18.632519"><time>2026-05-02T12:16:03.000Z</time></trkpt>
<trkpt lat="54.499829" lon="18.632574"><time>2026-05-02T12:16:05.000Z</time></trkpt>
<trkpt lat="54.499792" lon="18.632631"><time>2026-05-02T12:16:07.000Z</time></trkpt>
<trkpt lat="54.499751" lon="18.632678"><time>2026-05-02T12:16:09.000Z</time></trkpt>
<trkpt lat="54.499712" lon="18.632729"><time>2026-05-02T12:16:11.000Z</time></trkpt>
<trkpt lat="54.499675" lon="18.632786"><time>2026-05-02T12:16:13.000Z</time></trkpt>
<trkpt lat="54.499638" lon="18.632846"><time>2026-05-02T12:16:15.000Z</time></trkpt>
<trkpt lat="54.499602" lon="18.632906"><time>2026-05-02T12:16:17.000Z</time></trkpt>
<trkpt lat="54.499567" lon="18.632965"><time>2026-05-02T12:16:19.000Z</time></trkpt>
<trkpt lat="54.499532" lon="18.633026"><time>2026-05-02T12:16:21.000Z</time></trkpt>
<trkpt lat="54.499499" lon="18.633095"><time>2026-05-02T12:16:23.000Z</time></trkpt>
<trkpt lat="54.499460" lon="18.633167"><time>2026-05-02T12:16:25.000Z</time></trkpt>
<trkpt lat="54.499421" lon="18.633238"><time>2026-05-02T12:16:27.000Z</time></trkpt>
<trkpt lat="54.499381" lon="18.633300"><time>2026-05-02T12:16:29.000Z</time></trkpt>
<trkpt lat="54.499348" lon="18.633359"><time>2026-05-02T12:16:31.000Z</time></trkpt>
<trkpt lat="54.499322" lon="18.633421"><time>2026-05-02T12:16:33.000Z</time></trkpt>
<trkpt lat="54.499289" lon="18.633486"><time>2026-05-02T12:16:35.000Z</time></trkpt>
<trkpt lat="54.499256" lon="18.633547"><time>2026-05-02T12:16:37.000Z</time></trkpt>
<trkpt lat="54.499224" lon="18.633605"><time>2026-05-02T12:16:39.000Z</time></trkpt>
<trkpt lat="54.499191" lon="18.633669"><time>2026-05-02T12:16:40.900Z</time></trkpt>
<trkpt lat="54.499160" lon="18.633727"><time>2026-05-02T12:16:42.900Z</time></trkpt>
<trkpt lat="54.499129" lon="18.633787"><time>2026-05-02T12:16:44.900Z</time></trkpt>
<trkpt lat="54.499096" lon="18.633851"><time>2026-05-02T12:16:46.900Z</time></trkpt>
<trkpt lat="54.499065" lon="18.633913"><time>2026-05-02T12:16:48.900Z</time></trkpt>
<trkpt lat="54.499036" lon="18.633969"><time>2026-05-02T12:16:50.900Z</time></trkpt>
<trkpt lat="54.499008" lon="18.634028"><time>2026-05-02T12:16:52.900Z</time></trkpt>
<trkpt lat="54.498979" lon="18.634085"><time>2026-05-02T12:16:54.900Z</time></trkpt>
<trkpt lat="54.498952" lon="18.634144"><time>2026-05-02T12:16:56.900Z</time></trkpt>
<trkpt lat="54.498923" lon="18.634200"><time>2026-05-02T12:16:58.900Z</time></trkpt>
<trkpt lat="54.498894" lon="18.634249"><time>2026-05-02T12:17:00.900Z</time></trkpt>
<trkpt lat="54.498867" lon="18.634299"><time>2026-05-02T12:17:02.900Z</time></trkpt>
<trkpt lat="54.498836" lon="18.634356"><time>2026-05-02T12:17:04.900Z</time></trkpt>
<trkpt lat="54.498809" lon="18.634410"><time>2026-05-02T12:17:06.900Z</time></trkpt>
<trkpt lat="54.498787" lon="18.634471"><time>2026-05-02T12:17:08.900Z</time></trkpt>
<trkpt lat="54.498772" lon="18.634537"><time>2026-05-02T12:17:10.900Z</time></trkpt>
<trkpt lat="54.498768" lon="18.634606"><time>2026-05-02T12:17:12.900Z</time></trkpt>
<trkpt lat="54.498774" lon="18.634664"><time>2026-05-02T12:17:14.900Z</time></trkpt>
<trkpt lat="54.498781" lon="18.634719"><time>2026-05-02T12:17:16.900Z</time></trkpt>
<trkpt lat="54.498793" lon="18.634753"><time>2026-05-02T12:17:18.900Z</time></trkpt>
<trkpt lat="54.498808" lon="18.634782"><time>2026-05-02T12:17:20.900Z</time></trkpt>
<trkpt lat="54.498826" lon="18.634814"><time>2026-05-02T12:17:22.900Z</time></trkpt>
<trkpt lat="54.498843" lon="18.634837"><time>2026-05-02T12:17:24.900Z</time></trkpt>
<trkpt lat="54.498861" lon="18.634857"><time>2026-05-02T12:17:26.900Z</time></trkpt>
<trkpt lat="54.498877" lon="18.634885"><time>2026-05-02T12:17:28.900Z</time></trkpt>
<trkpt lat="54.498893" lon="18.634913"><time>2026-05-02T12:17:30.900Z</time></trkpt>
<trkpt lat="54.498909" lon="18.634933"><time>2026-05-02T12:17:32.900Z</time></trkpt>
<trkpt lat="54.498922" lon="18.634951"><time>2026-05-02T12:17:34.900Z</time></trkpt>
<trkpt lat="54.498941" lon="18.634969"><time>2026-05-02T12:17:36.900Z</time></trkpt>
<trkpt lat="54.498964" lon="18.634987"><time>2026-05-02T12:17:38.900Z</time></trkpt>
<trkpt lat="54.498994" lon="18.635002"><time>2026-05-02T12:17:40.900Z</time></trkpt>
<trkpt lat="54.499023" lon="18.635018"><time>2026-05-02T12:17:42.900Z</time></trkpt>
<trkpt lat="54.499060" lon="18.635032"><time>2026-05-02T12:17:44.900Z</time></trkpt>
<trkpt lat="54.499093" lon="18.635045"><time>2026-05-02T12:17:46.900Z</time></trkpt>
<trkpt lat="54.499135" lon="18.635063"><time>2026-05-02T12:17:48.900Z</time></trkpt>
<trkpt lat="54.499183" lon="18.635084"><time>2026-05-02T12:17:50.900Z</time></trkpt>
<trkpt lat="54.499230" lon="18.635100"><time>2026-05-02T12:17:52.900Z</time></trkpt>
<trkpt lat="54.499283" lon="18.635109"><time>2026-05-02T12:17:55.000Z</time></trkpt>
<trkpt lat="54.499345" lon="18.635143"><time>2026-05-02T12:17:57.000Z</time></trkpt>
<trkpt lat="54.499382" lon="18.635189"><time>2026-05-02T12:17:59.000Z</time></trkpt>
<trkpt lat="54.499419" lon="18.635243"><time>2026-05-02T12:18:01.000Z</time></trkpt>
<trkpt lat="54.499456" lon="18.635288"><time>2026-05-02T12:18:03.000Z</time></trkpt>
<trkpt lat="54.499487" lon="18.635320"><time>2026-05-02T12:18:05.000Z</time></trkpt>
<trkpt lat="54.499516" lon="18.635353"><time>2026-05-02T12:18:07.000Z</time></trkpt>
<trkpt lat="54.499545" lon="18.635385"><time>2026-05-02T12:18:09.000Z</time></trkpt>
<trkpt lat="54.499578" lon="18.635409"><time>2026-05-02T12:18:11.000Z</time></trkpt>
<trkpt lat="54.499616" lon="18.635435"><time>2026-05-02T12:18:13.000Z</time></trkpt>
<trkpt lat="54.499662" lon="18.635452"><time>2026-05-02T12:18:15.000Z</time></trkpt>
<trkpt lat="54.499708" lon="18.635459"><time>2026-05-02T12:18:17.000Z</time></trkpt>
<trkpt lat="54.499762" lon="18.635459"><time>2026-05-02T12:18:19.000Z</time></trkpt>
<trkpt lat="54.499816" lon="18.635465"><time>2026-05-02T12:18:21.000Z</time></trkpt>
<trkpt lat="54.499864" lon="18.635486"><time>2026-05-02T12:18:23.000Z</time></trkpt>
<trkpt lat="54.499912" lon="18.635514"><time>2026-05-02T12:18:25.000Z</time></trkpt>
<trkpt lat="54.499961" lon="18.635543"><time>2026-05-02T12:18:27.000Z</time></trkpt>
<trkpt lat="54.500010" lon="18.635575"><time>2026-05-02T12:18:29.000Z</time></trkpt>
<trkpt lat="54.500056" lon="18.635606"><time>2026-05-02T12:18:31.000Z</time></trkpt>
<trkpt lat="54.500100" lon="18.635641"><time>2026-05-02T12:18:33.000Z</time></trkpt>
<trkpt lat="54.500141" lon="18.635681"><time>2026-05-02T12:18:35.000Z</time></trkpt>
<trkpt lat="54.500182" lon="18.635720"><time>2026-05-02T12:18:37.000Z</time></trkpt>
<trkpt lat="54.500219" lon="18.635758"><time>2026-05-02T12:18:39.000Z</time></trkpt>
<trkpt lat="54.500257" lon="18.635796"><time>2026-05-02T12:18:41.000Z</time></trkpt>
<trkpt lat="54.500293" lon="18.635833"><time>2026-05-02T12:18:42.900Z</time></trkpt>
<trkpt lat="54.500327" lon="18.635865"><time>2026-05-02T12:18:44.900Z</time></trkpt>
<trkpt lat="54.500361" lon="18.635897"><time>2026-05-02T12:18:46.900Z</time></trkpt>
<trkpt lat="54.500393" lon="18.635933"><time>2026-05-02T12:18:48.900Z</time></trkpt>
<trkpt lat="54.500426" lon="18.635968"><time>2026-05-02T12:18:50.900Z</time></trkpt>
<trkpt lat="54.500456" lon="18.636002"><time>2026-05-02T12:18:52.900Z</time></trkpt>
<trkpt lat="54.500484" lon="18.636032"><time>2026-05-02T12:18:54.900Z</time></trkpt>
<trkpt lat="54.500518" lon="18.636079"><time>2026-05-02T12:18:56.900Z</time></trkpt>
<trkpt lat="54.500547" lon="18.636115"><time>2026-05-02T12:18:58.900Z</time></trkpt>
<trkpt lat="54.500579" lon="18.636161"><time>2026-05-02T12:19:00.900Z</time></trkpt>
<trkpt lat="54.500612" lon="18.636196"><time>2026-05-02T12:19:02.900Z</time></trkpt>
<trkpt lat="54.500646" lon="18.636226"><time>2026-05-02T12:19:04.900Z</time></trkpt>
<trkpt lat="54.500679" lon="18.636248"><time>2026-05-02T12:19:06.900Z</time></trkpt>
<trkpt lat="54.500708" lon="18.636264"><time>2026-05-02T12:19:08.900Z</time></trkpt>
<trkpt lat="54.500730" lon="18.636281"><time>2026-05-02T12:19:10.900Z</time></trkpt>
<trkpt lat="54.500750" lon="18.636306"><time>2026-05-02T12:19:12.900Z</time></trkpt>
<trkpt lat="54.500777" lon="18.636331"><time>2026-05-02T12:19:14.900Z</time></trkpt>
<trkpt lat="54.500803" lon="18.636349"><time>2026-05-02T12:19:16.900Z</time></trkpt>
<trkpt lat="54.500824" lon="18.636369"><time>2026-05-02T12:19:18.900Z</time></trkpt>
<trkpt lat="54.500858" lon="18.636393"><time>2026-05-02T12:19:20.900Z</time></trkpt>
<trkpt lat="54.500893" lon="18.636414"><time>2026-05-02T12:19:22.900Z</time></trkpt>
<trkpt lat="54.500932" lon="18.636436"><time>2026-05-02T12:19:24.900Z</time></trkpt>
<trkpt lat="54.500965" lon="18.636468"><time>2026-05-02T12:19:26.900Z</time></trkpt>
<trkpt lat="54.501003" lon="18.636491"><time>2026-05-02T12:19:28.900Z</time></trkpt>
<trkpt lat="54.501042" lon="18.636517"><time>2026-05-02T12:19:30.900Z</time></trkpt>
<trkpt lat="54.501081" lon="18.636540"><time>2026-05-02T12:19:32.900Z</time></trkpt>
<trkpt lat="54.501120" lon="18.636565"><time>2026-05-02T12:19:34.900Z</time></trkpt>
<trkpt lat="54.501156" lon="18.636594"><time>2026-05-02T12:19:36.900Z</time></trkpt>
<trkpt lat="54.501193" lon="18.636628"><time>2026-05-02T12:19:38.900Z</time></trkpt>
<trkpt lat="54.501228" lon="18.636660"><time>2026-05-02T12:19:40.900Z</time></trkpt>
<trkpt lat="54.501261" lon="18.636691"><time>2026-05-02T12:19:42.900Z</time></trkpt>
<trkpt lat="54.501294" lon="18.636724"><time>2026-05-02T12:19:44.900Z</time></trkpt>
<trkpt lat="54.501326" lon="18.636755"><time>2026-05-02T12:19:46.900Z</time></trkpt>
<trkpt lat="54.501358" lon="18.636787"><time>2026-05-02T12:19:48.900Z</time></trkpt>
<trkpt lat="54.501388" lon="18.636822"><time>2026-05-02T12:19:50.900Z</time></trkpt>
<trkpt lat="54.501419" lon="18.636854"><time>2026-05-02T12:19:52.900Z</time></trkpt>
<trkpt lat="54.501449" lon="18.636884"><time>2026-05-02T12:19:54.900Z</time></trkpt>
<trkpt lat="54.501481" lon="18.636911"><time>2026-05-02T12:19:56.900Z</time></trkpt>
<trkpt lat="54.501515" lon="18.636936"><time>2026-05-02T12:19:58.900Z</time></trkpt>
<trkpt lat="54.501548" lon="18.636960"><time>2026-05-02T12:20:01.000Z</time></trkpt>
<trkpt lat="54.501579" lon="18.636987"><time>2026-05-02T12:20:03.000Z</time></trkpt>
<trkpt lat="54.501612" lon="18.637009"><time>2026-05-02T12:20:05.000Z</time></trkpt>
<trkpt lat="54.501649" lon="18.637034"><time>2026-05-02T12:20:07.000Z</time></trkpt>
<trkpt lat="54.501680" lon="18.637057"><time>2026-05-02T12:20:09.000Z</time></trkpt>
<trkpt lat="54.501715" lon="18.637084"><time>2026-05-02T12:20:11.000Z</time></trkpt>
<trkpt lat="54.501750" lon="18.637113"><time>2026-05-02T12:20:13.000Z</time></trkpt>
<trkpt lat="54.501780" lon="18.637144"><time>2026-05-02T12:20:15.000Z</time></trkpt>
<trkpt lat="54.501810" lon="18.637178"><time>2026-05-02T12:20:17.000Z</time></trkpt>
<trkpt lat="54.501838" lon="18.637210"><time>2026-05-02T12:20:19.000Z</time></trkpt>
<trkpt lat="54.501866" lon="18.637240"><time>2026-05-02T12:20:21.000Z</time></trkpt>
<trkpt lat="54.501895" lon="18.637269"><time>2026-05-02T12:20:23.000Z</time></trkpt>
<trkpt lat="54.501923" lon="18.637302"><time>2026-05-02T12:20:25.000Z</time></trkpt>
<trkpt lat="54.501954" lon="18.637340"><time>2026-05-02T12:20:27.000Z</time></trkpt>
<trkpt lat="54.501985" lon="18.637368"><time>2026-05-02T12:20:29.000Z</time></trkpt>
<trkpt lat="54.502010" lon="18.637403"><time>2026-05-02T12:20:31.000Z</time></trkpt>
<trkpt lat="54.502037" lon="18.637434"><time>2026-05-02T12:20:33.000Z</time></trkpt>
<trkpt lat="54.502064" lon="18.637464"><time>2026-05-02T12:20:35.000Z</time></trkpt>
<trkpt lat="54.502093" lon="18.637494"><time>2026-05-02T12:20:37.000Z</time></trkpt>
<trkpt lat="54.502121" lon="18.637521"><time>2026-05-02T12:20:39.000Z</time></trkpt>
<trkpt lat="54.502150" lon="18.637548"><time>2026-05-02T12:20:41.000Z</time></trkpt>
<trkpt lat="54.502181" lon="18.637574"><time>2026-05-02T12:20:43.000Z</time></trkpt>
<trkpt lat="54.502210" lon="18.637606"><time>2026-05-02T12:20:44.900Z</time></trkpt>
<trkpt lat="54.502239" lon="18.637641"><time>2026-05-02T12:20:46.900Z</time></trkpt>
<trkpt lat="54.502266" lon="18.637680"><time>2026-05-02T12:20:48.900Z</time></trkpt>
<trkpt lat="54.502287" lon="18.637717"><time>2026-05-02T12:20:50.900Z</time></trkpt>
<trkpt lat="54.502309" lon="18.637764"><time>2026-05-02T12:20:52.900Z</time></trkpt>
<trkpt lat="54.502326" lon="18.637806"><time>2026-05-02T12:20:54.900Z</time></trkpt>
<trkpt lat="54.502345" lon="18.637844"><time>2026-05-02T12:20:56.900Z</time></trkpt>
<trkpt lat="54.502371" lon="18.637868"><time>2026-05-02T12:20:58.900Z</time></trkpt>
<trkpt lat="54.502400" lon="18.637889"><time>2026-05-02T12:21:00.900Z</time></trkpt>
<trkpt lat="54.502431" lon="18.637910"><time>2026-05-02T12:21:02.900Z</time></trkpt>
<trkpt lat="54.502460" lon="18.637935"><time>2026-05-02T12:21:04.900Z</time></trkpt>
<trkpt lat="54.502494" lon="18.637967"><time>2026-05-02T12:21:06.900Z</time></trkpt>
<trkpt lat="54.502529" lon="18.638001"><time>2026-05-02T12:21:08.900Z</time></trkpt>
<trkpt lat="54.502562" lon="18.638031"><time>2026-05-02T12:21:10.900Z</time></trkpt>
<trkpt lat="54.502594" lon="18.638058"><time>2026-05-02T12:21:12.900Z</time></trkpt>
<trkpt lat="54.502633" lon="18.638096"><time>2026-05-02T12:21:14.900Z</time></trkpt>
<trkpt lat="54.502665" lon="18.638128"><time>2026-05-02T12:21:16.900Z</time></trkpt>
<trkpt lat="54.502700" lon="18.638167"><time>2026-05-02T12:21:18.900Z</time></trkpt>
<trkpt lat="54.502740" lon="18.638199"><time>2026-05-02T12:21:20.900Z</time></trkpt>
<trkpt lat="54.502780" lon="18.638229"><time>2026-05-02T12:21:22.900Z</time></trkpt>
<trkpt lat="54.502821" lon="18.638252"><time>2026-05-02T12:21:24.900Z</time></trkpt>
<trkpt lat="54.502866" lon="18.638285"><time>2026-05-02T12:21:26.900Z</time></trkpt>
<trkpt lat="54.502909" lon="18.638320"><time>2026-05-02T12:21:28.900Z</time></trkpt>
<trkpt lat="54.502952" lon="18.638353"><time>2026-05-02T12:21:30.900Z</time></trkpt>
<trkpt lat="54.502995" lon="18.638377"><time>2026-05-02T12:21:32.900Z</time></trkpt>
<trkpt lat="54.503038" lon="18.638406"><time>2026-05-02T12:21:34.900Z</time></trkpt>
<trkpt lat="54.503081" lon="18.638437"><time>2026-05-02T12:21:36.900Z</time></trkpt>
<trkpt lat="54.503124" lon="18.638467"><time>2026-05-02T12:21:38.900Z</time></trkpt>
<trkpt lat="54.503163" lon="18.638505"><time>2026-05-02T12:21:40.900Z</time></trkpt>
<trkpt lat="54.503205" lon="18.638538"><time>2026-05-02T12:21:42.900Z</time></trkpt>
<trkpt lat="54.503247" lon="18.638565"><time>2026-05-02T12:21:44.900Z</time></trkpt>
<trkpt lat="54.503287" lon="18.638599"><time>2026-05-02T12:21:46.900Z</time></trkpt>
<trkpt lat="54.503329" lon="18.638634"><time>2026-05-02T12:21:48.900Z</time></trkpt>
<trkpt lat="54.503371" lon="18.638667"><time>2026-05-02T12:21:50.900Z</time></trkpt>
<trkpt lat="54.503412" lon="18.638700"><time>2026-05-02T12:21:52.900Z</time></trkpt>
<trkpt lat="54.503452" lon="18.638728"><time>2026-05-02T12:21:54.900Z</time></trkpt>
<trkpt lat="54.503493" lon="18.638758"><time>2026-05-02T12:21:56.900Z</time></trkpt>
<trkpt lat="54.503534" lon="18.638794"><time>2026-05-02T12:21:58.900Z</time></trkpt>
<trkpt lat="54.503578" lon="18.638824"><time>2026-05-02T12:22:00.900Z</time></trkpt>
<trkpt lat="54.503619" lon="18.638863"><time>2026-05-02T12:22:02.900Z</time></trkpt>
<trkpt lat="54.503659" lon="18.638901"><time>2026-05-02T12:22:04.900Z</time></trkpt>
<trkpt lat="54.503699" lon="18.638940"><time>2026-05-02T12:22:07.000Z</time></trkpt>
<trkpt lat="54.503741" lon="18.638979"><time>2026-05-02T12:22:09.000Z</time></trkpt>
<trkpt lat="54.503780" lon="18.639015"><time>2026-05-02T12:22:11.000Z</time></trkpt>
<trkpt lat="54.503819" lon="18.639058"><time>2026-05-02T12:22:13.000Z</time></trkpt>
<trkpt lat="54.503856" lon="18.639093"><time>2026-05-02T12:22:15.000Z</time></trkpt>
<trkpt lat="54.503895" lon="18.639130"><time>2026-05-02T12:22:17.000Z</time></trkpt>
<trkpt lat="54.503934" lon="18.639168"><time>2026-05-02T12:22:19.000Z</time></trkpt>
<trkpt lat="54.503971" lon="18.639210"><time>2026-05-02T12:22:21.000Z</time></trkpt>
<trkpt lat="54.504011" lon="18.639255"><time>2026-05-02T12:22:23.000Z</time></trkpt>
<trkpt lat="54.504047" lon="18.639304"><time>2026-05-02T12:22:25.000Z</time></trkpt>
<trkpt lat="54.504084" lon="18.639347"><time>2026-05-02T12:22:27.000Z</time></trkpt>
<trkpt lat="54.504121" lon="18.639386"><time>2026-05-02T12:22:29.000Z</time></trkpt>
<trkpt lat="54.504153" lon="18.639433"><time>2026-05-02T12:22:31.000Z</time></trkpt>
<trkpt lat="54.504185" lon="18.639485"><time>2026-05-02T12:22:33.000Z</time></trkpt>
<trkpt lat="54.504217" lon="18.639530"><time>2026-05-02T12:22:35.000Z</time></trkpt>
<trkpt lat="54.504250" lon="18.639576"><time>2026-05-02T12:22:37.000Z</time></trkpt>
<trkpt lat="54.504284" lon="18.639625"><time>2026-05-02T12:22:39.000Z</time></trkpt>
<trkpt lat="54.504315" lon="18.639663"><time>2026-05-02T12:22:41.000Z</time></trkpt>
<trkpt lat="54.504348" lon="18.639698"><time>2026-05-02T12:22:43.000Z</time></trkpt>
<trkpt lat="54.504382" lon="18.639733"><time>2026-05-02T12:22:45.000Z</time></trkpt>
<trkpt lat="54.504410" lon="18.639777"><time>2026-05-02T12:22:47.000Z</time></trkpt>
<trkpt lat="54.504440" lon="18.639820"><time>2026-05-02T12:22:49.000Z</time></trkpt>
<trkpt lat="54.504465" lon="18.639861"><time>2026-05-02T12:22:50.900Z</time></trkpt>
<trkpt lat="54.504492" lon="18.639906"><time>2026-05-02T12:22:52.900Z</time></trkpt>
<trkpt lat="54.504517" lon="18.639946"><time>2026-05-02T12:22:54.900Z</time></trkpt>
<trkpt lat="54.504540" lon="18.639987"><time>2026-05-02T12:22:56.900Z</time></trkpt>
<trkpt lat="54.504566" lon="18.640028"><time>2026-05-02T12:22:58.900Z</time></trkpt>
<trkpt lat="54.504590" lon="18.640066"><time>2026-05-02T12:23:00.900Z</time></trkpt>
<trkpt lat="54.504615" lon="18.640111"><time>2026-05-02T12:23:02.900Z</time></trkpt>
<trkpt lat="54.504638" lon="18.640158"><time>2026-05-02T12:23:04.900Z</time></trkpt>
<trkpt lat="54.504668" lon="18.640210"><time>2026-05-02T12:23:06.900Z</time></trkpt>
<trkpt lat="54.504695" lon="18.640258"><time>2026-05-02T12:23:08.900Z</time></trkpt>
<trkpt lat="54.504721" lon="18.640308"><time>2026-05-02T12:23:10.900Z</time></trkpt>
<trkpt lat="54.504744" lon="18.640345"><time>2026-05-02T12:23:12.900Z</time></trkpt>
<trkpt lat="54.504769" lon="18.640387"><time>2026-05-02T12:23:14.900Z</time></trkpt>
<trkpt lat="54.504794" lon="18.640418"><time>2026-05-02T12:23:16.900Z</time></trkpt>
<trkpt lat="54.504820" lon="18.640450"><time>2026-05-02T12:23:18.900Z</time></trkpt>
<trkpt lat="54.504847" lon="18.640481"><time>2026-05-02T12:23:20.900Z</time></trkpt>
<trkpt lat="54.504874" lon="18.640517"><time>2026-05-02T12:23:22.900Z</time></trkpt>
<trkpt lat="54.504906" lon="18.640561"><time>2026-05-02T12:23:24.900Z</time></trkpt>
<trkpt lat="54.504937" lon="18.640606"><time>2026-05-02T12:23:26.900Z</time></trkpt>
<trkpt lat="54.504970" lon="18.640647"><time>2026-05-02T12:23:28.900Z</time></trkpt>
<trkpt lat="54.505003" lon="18.640686"><time>2026-05-02T12:23:30.900Z</time></trkpt>
<trkpt lat="54.505035" lon="18.640731"><time>2026-05-02T12:23:32.900Z</time></trkpt>
<trkpt lat="54.505064" lon="18.640769"><time>2026-05-02T12:23:34.900Z</time></trkpt>
<trkpt lat="54.505102" lon="18.640819"><time>2026-05-02T12:23:36.900Z</time></trkpt>
<trkpt lat="54.505138" lon="18.640872"><time>2026-05-02T12:23:38.900Z</time></trkpt>
<trkpt lat="54.505170" lon="18.640915"><time>2026-05-02T12:23:40.900Z</time></trkpt>
<trkpt lat="54.505200" lon="18.640959"><time>2026-05-02T12:23:42.900Z</time></trkpt>
<trkpt lat="54.505233" lon="18.641006"><time>2026-05-02T12:23:44.900Z</time></trkpt>
<trkpt lat="54.505266" lon="18.641054"><time>2026-05-02T12:23:46.900Z</time></trkpt>
<trkpt lat="54.505300" lon="18.641099"><time>2026-05-02T12:23:48.900Z</time></trkpt>
<trkpt lat="54.505332" lon="18.641145"><time>2026-05-02T12:23:50.900Z</time></trkpt>
<trkpt lat="54.505364" lon="18.641194"><time>2026-05-02T12:23:52.900Z</time></trkpt>
<trkpt lat="54.505397" lon="18.641245"><time>2026-05-02T12:23:54.900Z</time></trkpt>
<trkpt lat="54.505431" lon="18.641296"><time>2026-05-02T12:23:56.900Z</time></trkpt>
<trkpt lat="54.505463" lon="18.641342"><time>2026-05-02T12:23:58.900Z</time></trkpt>
<trkpt lat="54.505495" lon="18.641395"><time>2026-05-02T12:24:00.900Z</time></trkpt>
<trkpt lat="54.505526" lon="18.641450"><time>2026-05-02T12:24:02.900Z</time></trkpt>
<trkpt lat="54.505554" lon="18.641500"><time>2026-05-02T12:24:04.900Z</time></trkpt>
<trkpt lat="54.505582" lon="18.641552"><time>2026-05-02T12:24:06.900Z</time></trkpt>
<trkpt lat="54.505611" lon="18.641607"><time>2026-05-02T12:24:08.900Z</time></trkpt>
<trkpt lat="54.505643" lon="18.641661"><time>2026-05-02T12:24:10.900Z</time></trkpt>
<trkpt lat="54.505672" lon="18.641715"><time>2026-05-02T12:24:13.000Z</time></trkpt>
<trkpt lat="54.505703" lon="18.641768"><time>2026-05-02T12:24:15.000Z</time></trkpt>
<trkpt lat="54.505730" lon="18.641822"><time>2026-05-02T12:24:17.000Z</time></trkpt>
<trkpt lat="54.505759" lon="18.641876"><time>2026-05-02T12:24:19.000Z</time></trkpt>
<trkpt lat="54.505786" lon="18.641933"><time>2026-05-02T12:24:21.000Z</time></trkpt>
<trkpt lat="54.505814" lon="18.641985"><time>2026-05-02T12:24:23.000Z</time></trkpt>
<trkpt lat="54.505841" lon="18.642032"><time>2026-05-02T12:24:25.000Z</time></trkpt>
<trkpt lat="54.505867" lon="18.642083"><time>2026-05-02T12:24:27.000Z</time></trkpt>
<trkpt lat="54.505896" lon="18.642133"><time>2026-05-02T12:24:29.000Z</time></trkpt>
<trkpt lat="54.505926" lon="18.642189"><time>2026-05-02T12:24:31.000Z</time></trkpt>
<trkpt lat="54.505955" lon="18.642241"><time>2026-05-02T12:24:33.000Z</time></trkpt>
<trkpt lat="54.505982" lon="18.642289"><time>2026-05-02T12:24:35.000Z</time></trkpt>
<trkpt lat="54.506011" lon="18.642338"><time>2026-05-02T12:24:37.000Z</time></trkpt>
<trkpt lat="54.506039" lon="18.642388"><time>2026-05-02T12:24:39.000Z</time></trkpt>
<trkpt lat="54.506067" lon="18.642435"><time>2026-05-02T12:24:41.000Z</time></trkpt>
<trkpt lat="54.506099" lon="18.642477"><time>2026-05-02T12:24:43.000Z</time></trkpt>
<trkpt lat="54.506130" lon="18.642520"><time>2026-05-02T12:24:45.000Z</time></trkpt>
<trkpt lat="54.506161" lon="18.642567"><time>2026-05-02T12:24:47.000Z</time></trkpt>
<trkpt lat="54.506188" lon="18.642613"><time>2026-05-02T12:24:49.000Z</time></trkpt>
<trkpt lat="54.506213" lon="18.642656"><time>2026-05-02T12:24:51.000Z</time></trkpt>
<trkpt lat="54.506244" lon="18.642700"><time>2026-05-02T12:24:53.000Z</time></trkpt>
<trkpt lat="54.506275" lon="18.642738"><time>2026-05-02T12:24:54.900Z</time></trkpt>
<trkpt lat="54.506311" lon="18.642773"><time>2026-05-02T12:24:56.900Z</time></trkpt>
<trkpt lat="54.506347" lon="18.642800"><time>2026-05-02T12:24:58.900Z</time></trkpt>
<trkpt lat="54.506380" lon="18.642828"><time>2026-05-02T12:25:00.900Z</time></trkpt>
<trkpt lat="54.506413" lon="18.642864"><time>2026-05-02T12:25:02.900Z</time></trkpt>
<trkpt lat="54.506446" lon="18.642903"><time>2026-05-02T12:25:04.900Z</time></trkpt>
<trkpt lat="54.506474" lon="18.642938"><time>2026-05-02T12:25:06.900Z</time></trkpt>
<trkpt lat="54.506501" lon="18.642974"><time>2026-05-02T12:25:08.900Z</time></trkpt>
<trkpt lat="54.506524" lon="18.643012"><time>2026-05-02T12:25:10.900Z</time></trkpt>
<trkpt lat="54.506538" lon="18.643049"><time>2026-05-02T12:25:12.900Z</time></trkpt>
<trkpt lat="54.506550" lon="18.643094"><time>2026-05-02T12:25:14.900Z</time></trkpt>
<trkpt lat="54.506563" lon="18.643121"><time>2026-05-02T12:25:16.900Z</time></trkpt>
<trkpt lat="54.506577" lon="18.643150"><time>2026-05-02T12:25:18.900Z</time></trkpt>
<trkpt lat="54.506593" lon="18.643174"><time>2026-05-02T12:25:20.900Z</time></trkpt>
<trkpt lat="54.506609" lon="18.643200"><time>2026-05-02T12:25:22.900Z</time></trkpt>
<trkpt lat="54.506627" lon="18.643228"><time>2026-05-02T12:25:24.900Z</time></trkpt>
<trkpt lat="54.506646" lon="18.643254"><time>2026-05-02T12:25:26.900Z</time></trkpt>
<trkpt lat="54.506663" lon="18.643281"><time>2026-05-02T12:25:28.900Z</time></trkpt>
<trkpt lat="54.506683" lon="18.643305"><time>2026-05-02T12:25:30.900Z</time></trkpt>
<trkpt lat="54.506701" lon="18.643324"><time>2026-05-02T12:25:32.900Z</time></trkpt>
<trkpt lat="54.506717" lon="18.643346"><time>2026-05-02T12:25:34.900Z</time></trkpt>
<trkpt lat="54.506732" lon="18.643372"><time>2026-05-02T12:25:36.900Z</time></trkpt>
<trkpt lat="54.506746" lon="18.643397"><time>2026-05-02T12:25:38.900Z</time></trkpt>
<trkpt lat="54.506755" lon="18.643417"><time>2026-05-02T12:25:40.900Z</time></trkpt>
<trkpt lat="54.506767" lon="18.643444"><time>2026-05-02T12:25:42.900Z</time></trkpt>
<trkpt lat="54.506786" lon="18.643469"><time>2026-05-02T12:25:44.900Z</time></trkpt>
<trkpt lat="54.506807" lon="18.643492"><time>2026-05-02T12:25:46.900Z</time></trkpt>
<trkpt lat="54.506831" lon="18.643512"><time>2026-05-02T12:25:48.900Z</time></trkpt>
<trkpt lat="54.506856" lon="18.643535"><time>2026-05-02T12:25:50.900Z</time></trkpt>
<trkpt lat="54.506886" lon="18.643560"><time>2026-05-02T12:25:52.900Z</time></trkpt>
<trkpt lat="54.506914" lon="18.643593"><time>2026-05-02T12:25:54.900Z</time></trkpt>
<trkpt lat="54.506941" lon="18.643630"><time>2026-05-02T12:25:56.900Z</time></trkpt>
<trkpt lat="54.506966" lon="18.643670"><time>2026-05-02T12:25:58.900Z</time></trkpt>
<trkpt lat="54.506994" lon="18.643713"><time>2026-05-02T12:26:00.900Z</time></trkpt>
<trkpt lat="54.507021" lon="18.643757"><time>2026-05-02T12:26:02.900Z</time></trkpt>
<trkpt lat="54.507048" lon="18.643796"><time>2026-05-02T12:26:04.900Z</time></trkpt>
<trkpt lat="54.507076" lon="18.643835"><time>2026-05-02T12:26:06.900Z</time></trkpt>
<trkpt lat="54.507106" lon="18.643879"><time>2026-05-02T12:26:08.900Z</time></trkpt>
<trkpt lat="54.507134" lon="18.643920"><time>2026-05-02T12:26:10.900Z</time></trkpt>
<trkpt lat="54.507164" lon="18.643961"><time>2026-05-02T12:26:12.900Z</time></trkpt>
<trkpt lat="54.507195" lon="18.644006"><time>2026-05-02T12:26:14.900Z</time></trkpt>
<trkpt lat="54.507225" lon="18.644049"><time>2026-05-02T12:26:16.900Z</time></trkpt>
<trkpt lat="54.507254" lon="18.644097"><time>2026-05-02T12:26:19.000Z</time></trkpt>
<trkpt lat="54.507288" lon="18.644141"><time>2026-05-02T12:26:21.000Z</time></trkpt>
<trkpt lat="54.507320" lon="18.644187"><time>2026-05-02T12:26:23.000Z</time></trkpt>
<trkpt lat="54.507349" lon="18.644233"><time>2026-05-02T12:26:25.000Z</time></trkpt>
<trkpt lat="54.507379" lon="18.644284"><time>2026-05-02T12:26:27.000Z</time></trkpt>
<trkpt lat="54.507409" lon="18.644331"><time>2026-05-02T12:26:29.000Z</time></trkpt>
<trkpt lat="54.507438" lon="18.644375"><time>2026-05-02T12:26:31.000Z</time></trkpt>
<trkpt lat="54.507468" lon="18.644420"><time>2026-05-02T12:26:33.000Z</time></trkpt>
<trkpt lat="54.507499" lon="18.644466"><time>2026-05-02T12:26:35.000Z</time></trkpt>
<trkpt lat="54.507534" lon="18.644519"><time>2026-05-02T12:26:37.000Z</time></trkpt>
<trkpt lat="54.507569" lon="18.644569"><time>2026-05-02T12:26:39.000Z</time></trkpt>
<trkpt lat="54.507601" lon="18.644616"><time>2026-05-02T12:26:41.000Z</time></trkpt>
<trkpt lat="54.507633" lon="18.644661"><time>2026-05-02T12:26:43.000Z</time></trkpt>
<trkpt lat="54.507673" lon="18.644709"><time>2026-05-02T12:26:45.000Z</time></trkpt>
<trkpt lat="54.507717" lon="18.644744"><time>2026-05-02T12:26:47.000Z</time></trkpt>
<trkpt lat="54.507762" lon="18.644778"><time>2026-05-02T12:26:49.000Z</time></trkpt>
<trkpt lat="54.507810" lon="18.644826"><time>2026-05-02T12:26:51.000Z</time></trkpt>
<trkpt lat="54.507863" lon="18.644882"><time>2026-05-02T12:26:53.000Z</time></trkpt>
<trkpt lat="54.507914" lon="18.644931"><time>2026-05-02T12:26:55.000Z</time></trkpt>
<trkpt lat="54.507956" lon="18.644967"><time>2026-05-02T12:26:57.000Z</time></trkpt>
<trkpt lat="54.507997" lon="18.645004"><time>2026-05-02T12:26:59.000Z</time></trkpt>
<trkpt lat="54.508041" lon="18.645043"><time>2026-05-02T12:27:00.900Z</time></trkpt>
<trkpt lat="54.508092" lon="18.645087"><time>2026-05-02T12:27:02.900Z</time></trkpt>
<trkpt lat="54.508142" lon="18.645126"><time>2026-05-02T12:27:04.900Z</time></trkpt>
<trkpt lat="54.508195" lon="18.645165"><time>2026-05-02T12:27:06.900Z</time></trkpt>
<trkpt lat="54.508253" lon="18.645198"><time>2026-05-02T12:27:08.900Z</time></trkpt>
<trkpt lat="54.508305" lon="18.645232"><time>2026-05-02T12:27:10.900Z</time></trkpt>
<trkpt lat="54.508353" lon="18.645262"><time>2026-05-02T12:27:12.900Z</time></trkpt>
<trkpt lat="54.508400" lon="18.645288"><time>2026-05-02T12:27:14.900Z</time></trkpt>
<trkpt lat="54.508451" lon="18.645316"><time>2026-05-02T12:27:16.900Z</time></trkpt>
<trkpt lat="54.508507" lon="18.645349"><time>2026-05-02T12:27:18.900Z</time></trkpt>
<trkpt lat="54.508566" lon="18.645379"><time>2026-05-02T12:27:20.900Z</time></trkpt>
<trkpt lat="54.508619" lon="18.645413"><time>2026-05-02T12:27:22.900Z</time></trkpt>
<trkpt lat="54.508671" lon="18.645442"><time>2026-05-02T12:27:24.900Z</time></trkpt>
<trkpt lat="54.508722" lon="18.645467"><time>2026-05-02T12:27:26.900Z</time></trkpt>
<trkpt lat="54.508772" lon="18.645493"><time>2026-05-02T12:27:28.900Z</time></trkpt>
<trkpt lat="54.508817" lon="18.645529"><time>2026-05-02T12:27:30.900Z</time></trkpt>
<trkpt lat="54.508873" lon="18.645564"><time>2026-05-02T12:27:32.900Z</time></trkpt>
<trkpt lat="54.508923" lon="18.645589"><time>2026-05-02T12:27:34.900Z</time></trkpt>
<trkpt lat="54.508984" lon="18.645611"><time>2026-05-02T12:27:36.900Z</time></trkpt>
<trkpt lat="54.509044" lon="18.645635"><time>2026-05-02T12:27:38.900Z</time></trkpt>
<trkpt lat="54.509100" lon="18.645662"><time>2026-05-02T12:27:40.900Z</time></trkpt>
<trkpt lat="54.509158" lon="18.645694"><time>2026-05-02T12:27:42.900Z</time></trkpt>
<trkpt lat="54.509212" lon="18.645726"><time>2026-05-02T12:27:44.900Z</time></trkpt>
<trkpt lat="54.509263" lon="18.645756"><time>2026-05-02T12:27:46.900Z</time></trkpt>
<trkpt lat="54.509318" lon="18.645779"><time>2026-05-02T12:27:48.900Z</time></trkpt>
<trkpt lat="54.509371" lon="18.645808"><time>2026-05-02T12:27:50.900Z</time></trkpt>
<trkpt lat="54.509419" lon="18.645845"><time>2026-05-02T12:27:52.900Z</time></trkpt>
<trkpt lat="54.509464" lon="18.645876"><time>2026-05-02T12:27:54.900Z</time></trkpt>
<trkpt lat="54.509511" lon="18.645911"><time>2026-05-02T12:27:56.900Z</time></trkpt>
<trkpt lat="54.509562" lon="18.645945"><time>2026-05-02T12:27:58.900Z</time></trkpt>
<trkpt lat="54.509617" lon="18.645979"><time>2026-05-02T12:28:00.900Z</time></trkpt>
<trkpt lat="54.509669" lon="18.646012"><time>2026-05-02T12:28:02.900Z</time></trkpt>
<trkpt lat="54.509721" lon="18.646047"><time>2026-05-02T12:28:04.900Z</time></trkpt>
<trkpt lat="54.509772" lon="18.646073"><time>2026-05-02T12:28:06.900Z</time></trkpt>
<trkpt lat="54.509815" lon="18.646109"><time>2026-05-02T12:28:08.900Z</time></trkpt>
<trkpt lat="54.509862" lon="18.646150"><time>2026-05-02T12:28:10.900Z</time></trkpt>
<trkpt lat="54.509912" lon="18.646182"><time>2026-05-02T12:28:12.900Z</time></trkpt>
<trkpt lat="54.509961" lon="18.646221"><time>2026-05-02T12:28:14.900Z</time></trkpt>
<trkpt lat="54.510010" lon="18.646257"><time>2026-05-02T12:28:16.900Z</time></trkpt>
<trkpt lat="54.510049" lon="18.646294"><time>2026-05-02T12:28:18.900Z</time></trkpt>
<trkpt lat="54.510090" lon="18.646347"><time>2026-05-02T12:28:20.900Z</time></trkpt>
<trkpt lat="54.510135" lon="18.646394"><time>2026-05-02T12:28:22.900Z</time></trkpt>
<trkpt lat="54.510183" lon="18.646437"><time>2026-05-02T12:28:25.000Z</time></trkpt>
<trkpt lat="54.510232" lon="18.646475"><time>2026-05-02T12:28:27.000Z</time></trkpt>
<trkpt lat="54.510282" lon="18.646497"><time>2026-05-02T12:28:29.000Z</time></trkpt>
<trkpt lat="54.510333" lon="18.646527"><time>2026-05-02T12:28:31.000Z</time></trkpt>
<trkpt lat="54.510380" lon="18.646559"><time>2026-05-02T12:28:33.000Z</time></trkpt>
<trkpt lat="54.510428" lon="18.646596"><time>2026-05-02T12:28:35.000Z</time></trkpt>
<trkpt lat="54.510474" lon="18.646646"><time>2026-05-02T12:28:37.000Z</time></trkpt>
<trkpt lat="54.510519" lon="18.646688"><time>2026-05-02T12:28:39.000Z</time></trkpt>
<trkpt lat="54.510562" lon="18.646730"><time>2026-05-02T12:28:41.000Z</time></trkpt>
<trkpt lat="54.510603" lon="18.646769"><time>2026-05-02T12:28:43.000Z</time></trkpt>
<trkpt lat="54.510649" lon="18.646808"><time>2026-05-02T12:28:45.000Z</time></trkpt>
<trkpt lat="54.510697" lon="18.646844"><time>2026-05-02T12:28:47.000Z</time></trkpt>
<trkpt lat="54.510744" lon="18.646883"><time>2026-05-02T12:28:49.000Z</time></trkpt>
<trkpt lat="54.510795" lon="18.646934"><time>2026-05-02T12:28:51.000Z</time></trkpt>
<trkpt lat="54.510844" lon="18.646981"><time>2026-05-02T12:28:53.000Z</time></trkpt>
<trkpt lat="54.510888" lon="18.647012"><time>2026-05-02T12:28:55.000Z</time></trkpt>
<trkpt lat="54.510932" lon="18.647051"><time>2026-05-02T12:28:57.000Z</time></trkpt>
<trkpt lat="54.510979" lon="18.647084"><time>2026-05-02T12:28:59.000Z</time></trkpt>
<trkpt lat="54.511030" lon="18.647114"><time>2026-05-02T12:29:00.900Z</time></trkpt>
<trkpt lat="54.511082" lon="18.647152"><time>2026-05-02T12:29:02.900Z</time></trkpt>
<trkpt lat="54.511124" lon="18.647196"><time>2026-05-02T12:29:04.900Z</time></trkpt>
<trkpt lat="54.511168" lon="18.647247"><time>2026-05-02T12:29:06.900Z</time></trkpt>
<trkpt lat="54.511211" lon="18.647285"><time>2026-05-02T12:29:08.900Z</time></trkpt>
<trkpt lat="54.511259" lon="18.647319"><time>2026-05-02T12:29:10.900Z</time></trkpt>
<trkpt lat="54.511306" lon="18.647352"><time>2026-05-02T12:29:12.900Z</time></trkpt>
<trkpt lat="54.511356" lon="18.647385"><time>2026-05-02T12:29:14.900Z</time></trkpt>
<trkpt lat="54.511403" lon="18.647422"><time>2026-05-02T12:29:16.900Z</time></trkpt>
<trkpt lat="54.511458" lon="18.647471"><time>2026-05-02T12:29:18.900Z</time></trkpt>
<trkpt lat="54.511509" lon="18.647507"><time>2026-05-02T12:29:20.900Z</time></trkpt>
<trkpt lat="54.511558" lon="18.647546"><time>2026-05-02T12:29:22.900Z</time></trkpt>
<trkpt lat="54.511608" lon="18.647591"><time>2026-05-02T12:29:24.900Z</time></trkpt>
<trkpt lat="54.511655" lon="18.647635"><time>2026-05-02T12:29:26.900Z</time></trkpt>
<trkpt lat="54.511703" lon="18.647683"><time>2026-05-02T12:29:28.900Z</time></trkpt>
<trkpt lat="54.511749" lon="18.647730"><time>2026-05-02T12:29:30.900Z</time></trkpt>
<trkpt lat="54.511796" lon="18.647784"><time>2026-05-02T12:29:32.900Z</time></trkpt>
<trkpt lat="54.511843" lon="18.647826"><time>2026-05-02T12:29:34.900Z</time></trkpt>
<trkpt lat="54.511887" lon="18.647867"><time>2026-05-02T12:29:36.900Z</time></trkpt>
<trkpt lat="54.511933" lon="18.647912"><time>2026-05-02T12:29:38.900Z</time></trkpt>
<trkpt lat="54.511982" lon="18.647957"><time>2026-05-02T12:29:40.900Z</time></trkpt>
<trkpt lat="54.512023" lon="18.648000"><time>2026-05-02T12:29:42.900Z</time></trkpt>
<trkpt lat="54.512063" lon="18.648046"><time>2026-05-02T12:29:44.900Z</time></trkpt>
<trkpt lat="54.512106" lon="18.648080"><time>2026-05-02T12:29:46.900Z</time></trkpt>
<trkpt lat="54.512147" lon="18.648135"><time>2026-05-02T12:29:48.900Z</time></trkpt>
<trkpt lat="54.512187" lon="18.648185"><time>2026-05-02T12:29:50.900Z</time></trkpt>
<trkpt lat="54.512232" lon="18.648235"><time>2026-05-02T12:29:52.900Z</time></trkpt>
<trkpt lat="54.512285" lon="18.648277"><time>2026-05-02T12:29:54.900Z</time></trkpt>
<trkpt lat="54.512334" lon="18.648309"><time>2026-05-02T12:29:56.900Z</time></trkpt>
<trkpt lat="54.512383" lon="18.648338"><time>2026-05-02T12:29:58.900Z</time></trkpt>
<trkpt lat="54.512434" lon="18.648370"><time>2026-05-02T12:30:00.900Z</time></trkpt>
<trkpt lat="54.512483" lon="18.648401"><time>2026-05-02T12:30:02.900Z</time></trkpt>
<trkpt lat="54.512533" lon="18.648434"><time>2026-05-02T12:30:04.900Z</time></trkpt>
<trkpt lat="54.512583" lon="18.648457"><time>2026-05-02T12:30:06.900Z</time></trkpt>
<trkpt lat="54.512632" lon="18.648494"><time>2026-05-02T12:30:08.900Z</time></trkpt>
<trkpt lat="54.512675" lon="18.648534"><time>2026-05-02T12:30:10.900Z</time></trkpt>
<trkpt lat="54.512721" lon="18.648562"><time>2026-05-02T12:30:12.900Z</time></trkpt>
<trkpt lat="54.512772" lon="18.648596"><time>2026-05-02T12:30:14.900Z</time></trkpt>
<trkpt lat="54.512826" lon="18.648626"><time>2026-05-02T12:30:16.900Z</time></trkpt>
<trkpt lat="54.512881" lon="18.648671"><time>2026-05-02T12:30:18.900Z</time></trkpt>
<trkpt lat="54.512940" lon="18.648712"><time>2026-05-02T12:30:20.900Z</time></trkpt>
<trkpt lat="54.512990" lon="18.648747"><time>2026-05-02T12:30:22.900Z</time></trkpt>
<trkpt lat="54.513034" lon="18.648771"><time>2026-05-02T12:30:24.900Z</time></trkpt>
<trkpt lat="54.513082" lon="18.648797"><time>2026-05-02T12:30:26.900Z</time></trkpt>
<trkpt lat="54.513126" lon="18.648833"><time>2026-05-02T12:30:29.000Z</time></trkpt>
<trkpt lat="54.513171" lon="18.648890"><time>2026-05-02T12:30:31.000Z</time></trkpt>
<trkpt lat="54.513210" lon="18.648938"><time>2026-05-02T12:30:33.000Z</time></trkpt>
<trkpt lat="54.513259" lon="18.648984"><time>2026-05-02T12:30:35.000Z</time></trkpt>
<trkpt lat="54.513308" lon="18.649039"><time>2026-05-02T12:30:36.900Z</time></trkpt>
<trkpt lat="54.513346" lon="18.649068"><time>2026-05-02T12:30:38.900Z</time></trkpt>
<trkpt lat="54.513396" lon="18.649096"><time>2026-05-02T12:30:40.900Z</time></trkpt>
<trkpt lat="54.513450" lon="18.649132"><time>2026-05-02T12:30:43.000Z</time></trkpt>
<trkpt lat="54.513499" lon="18.649170"><time>2026-05-02T12:30:45.000Z</time></trkpt>
<trkpt lat="54.513550" lon="18.649203"><time>2026-05-02T12:30:47.000Z</time></trkpt>
<trkpt lat="54.513602" lon="18.649237"><time>2026-05-02T12:30:49.000Z</time></trkpt>
<trkpt lat="54.513651" lon="18.649278"><time>2026-05-02T12:30:51.000Z</time></trkpt>
<trkpt lat="54.513699" lon="18.649319"><time>2026-05-02T12:30:53.000Z</time></trkpt>
<trkpt lat="54.513748" lon="18.649356"><time>2026-05-02T12:30:55.000Z</time></trkpt>
<trkpt lat="54.513777" lon="18.649391"><time>2026-05-02T12:30:57.000Z</time></trkpt>
<trkpt lat="54.513815" lon="18.649440"><time>2026-05-02T12:30:58.900Z</time></trkpt>
<trkpt lat="54.513871" lon="18.649472"><time>2026-05-02T12:31:00.900Z</time></trkpt>
<trkpt lat="54.513917" lon="18.649514"><time>2026-05-02T12:31:02.900Z</time></trkpt>
<trkpt lat="54.513958" lon="18.649569"><time>2026-05-02T12:31:04.900Z</time></trkpt>
<trkpt lat="54.513995" lon="18.649629"><time>2026-05-02T12:31:06.900Z</time></trkpt>
<trkpt lat="54.514026" lon="18.649685"><time>2026-05-02T12:31:08.900Z</time></trkpt>
<trkpt lat="54.514049" lon="18.649731"><time>2026-05-02T12:31:10.900Z</time></trkpt>
<trkpt lat="54.514055" lon="18.649775"><time>2026-05-02T12:31:12.900Z</time></trkpt>
<trkpt lat="54.514054" lon="18.649823"><time>2026-05-02T12:31:14.900Z</time></trkpt>
<trkpt lat="54.514052" lon="18.649848"><time>2026-05-02T12:31:16.900Z</time></trkpt>
<trkpt lat="54.514053" lon="18.649885"><time>2026-05-02T12:31:18.900Z</time></trkpt>
<trkpt lat="54.514046" lon="18.649922"><time>2026-05-02T12:31:20.900Z</time></trkpt>
<trkpt lat="54.514038" lon="18.649952"><time>2026-05-02T12:31:22.900Z</time></trkpt>
<trkpt lat="54.514031" lon="18.649979"><time>2026-05-02T12:31:24.900Z</time></trkpt>
<trkpt lat="54.514017" lon="18.650009"><time>2026-05-02T12:31:26.900Z</time></trkpt>
<trkpt lat="54.513999" lon="18.650032"><time>2026-05-02T12:31:28.900Z</time></trkpt>
<trkpt lat="54.513987" lon="18.650045"><time>2026-05-02T12:31:30.900Z</time></trkpt>
<trkpt lat="54.513976" lon="18.650081"><time>2026-05-02T12:31:32.900Z</time></trkpt>
<trkpt lat="54.513965" lon="18.650119"><time>2026-05-02T12:31:34.900Z</time></trkpt>
<trkpt lat="54.513948" lon="18.650152"><time>2026-05-02T12:31:36.900Z</time></trkpt>
<trkpt lat="54.513937" lon="18.650187"><time>2026-05-02T12:31:38.900Z</time></trkpt>
<trkpt lat="54.513930" lon="18.650224"><time>2026-05-02T12:31:40.900Z</time></trkpt>
<trkpt lat="54.513919" lon="18.650258"><time>2026-05-02T12:31:42.900Z</time></trkpt>
<trkpt lat="54.513909" lon="18.650283"><time>2026-05-02T12:31:44.900Z</time></trkpt>
<trkpt lat="54.513904" lon="18.650318"><time>2026-05-02T12:31:46.900Z</time></trkpt>
<trkpt lat="54.513898" lon="18.650350"><time>2026-05-02T12:31:48.900Z</time></trkpt>
<trkpt lat="54.513893" lon="18.650397"><time>2026-05-02T12:31:50.900Z</time></trkpt>
<trkpt lat="54.513878" lon="18.650445"><time>2026-05-02T12:31:52.900Z</time></trkpt>
<trkpt lat="54.513857" lon="18.650486"><time>2026-05-02T12:31:54.900Z</time></trkpt>
<trkpt lat="54.513837" lon="18.650529"><time>2026-05-02T12:31:56.900Z</time></trkpt>
<trkpt lat="54.513813" lon="18.650561"><time>2026-05-02T12:31:58.900Z</time></trkpt>
<trkpt lat="54.513802" lon="18.650586"><time>2026-05-02T12:32:00.900Z</time></trkpt>
<trkpt lat="54.513800" lon="18.650623"><time>2026-05-02T12:32:02.900Z</time></trkpt>
<trkpt lat="54.513803" lon="18.650652"><time>2026-05-02T12:32:04.900Z</time></trkpt>
<trkpt lat="54.513805" lon="18.650683"><time>2026-05-02T12:32:06.900Z</time></trkpt>
<trkpt lat="54.513800" lon="18.650714"><time>2026-05-02T12:32:08.900Z</time></trkpt>
<trkpt lat="54.513794" lon="18.650741"><time>2026-05-02T12:32:10.900Z</time></trkpt>
<trkpt lat="54.513789" lon="18.650772"><time>2026-05-02T12:32:12.900Z</time></trkpt>
<trkpt lat="54.513784" lon="18.650821"><time>2026-05-02T12:32:14.900Z</time></trkpt>
<trkpt lat="54.513784" lon="18.650864"><time>2026-05-02T12:32:16.900Z</time></trkpt>
<trkpt lat="54.513780" lon="18.650891"><time>2026-05-02T12:32:18.900Z</time></trkpt>
<trkpt lat="54.513779" lon="18.650898"><time>2026-05-02T12:32:20.900Z</time></trkpt>
<trkpt lat="54.513778" lon="18.650899"><time>2026-05-02T12:32:22.900Z</time></trkpt>
<trkpt lat="54.513776" lon="18.650901"><time>2026-05-02T12:32:24.900Z</time></trkpt>
<trkpt lat="54.513770" lon="18.650935"><time>2026-05-02T12:32:26.900Z</time></trkpt>
<trkpt lat="54.513770" lon="18.650939"><time>2026-05-02T12:32:28.900Z</time></trkpt>
<trkpt lat="54.513772" lon="18.650944"><time>2026-05-02T12:32:30.900Z</time></trkpt>
<trkpt lat="54.513769" lon="18.650943"><time>2026-05-02T12:32:32.900Z</time></trkpt>
<trkpt lat="54.513764" lon="18.650963"><time>2026-05-02T12:32:35.000Z</time></trkpt>
<trkpt lat="54.513756" lon="18.651001"><time>2026-05-02T12:32:37.000Z</time></trkpt>
<trkpt lat="54.513753" lon="18.650997"><time>2026-05-02T12:32:39.000Z</time></trkpt>
<trkpt lat="54.513746" lon="18.651000"><time>2026-05-02T12:32:41.000Z</time></trkpt>
<trkpt lat="54.513738" lon="18.651000"><time>2026-05-02T12:32:43.000Z</time></trkpt>
<trkpt lat="54.513729" lon="18.650999"><time>2026-05-02T12:32:45.000Z</time></trkpt>
<trkpt lat="54.513723" lon="18.651004"><time>2026-05-02T12:32:47.000Z</time></trkpt>
<trkpt lat="54.513714" lon="18.651016"><time>2026-05-02T12:32:49.000Z</time></trkpt>
<trkpt lat="54.513706" lon="18.651028"><time>2026-05-02T12:32:51.000Z</time></trkpt>
<trkpt lat="54.513699" lon="18.651042"><time>2026-05-02T12:32:53.000Z</time></trkpt>
<trkpt lat="54.513691" lon="18.651056"><time>2026-05-02T12:32:54.900Z</time></trkpt>
<trkpt lat="54.513686" lon="18.651048"><time>2026-05-02T12:32:56.900Z</time></trkpt>
<trkpt lat="54.513674" lon="18.651038"><time>2026-05-02T12:32:58.900Z</time></trkpt>
<trkpt lat="54.513664" lon="18.651044"><time>2026-05-02T12:33:00.900Z</time></trkpt>
<trkpt lat="54.513656" lon="18.651053"><time>2026-05-02T12:33:02.900Z</time></trkpt>
<trkpt lat="54.513653" lon="18.651058"><time>2026-05-02T12:33:04.900Z</time></trkpt>
<trkpt lat="54.513651" lon="18.651067"><time>2026-05-02T12:33:06.900Z</time></trkpt>
<trkpt lat="54.513652" lon="18.651082"><time>2026-05-02T12:33:08.900Z</time></trkpt>
<trkpt lat="54.513630" lon="18.651120"><time>2026-05-02T12:33:10.900Z</time></trkpt>
<trkpt lat="54.513611" lon="18.651162"><time>2026-05-02T12:33:12.900Z</time></trkpt>
<trkpt lat="54.513593" lon="18.651176"><time>2026-05-02T12:33:14.900Z</time></trkpt>
<trkpt lat="54.513577" lon="18.651205"><time>2026-05-02T12:33:16.900Z</time></trkpt>
<trkpt lat="54.513561" lon="18.651228"><time>2026-05-02T12:33:18.900Z</time></trkpt>
<trkpt lat="54.513545" lon="18.651258"><time>2026-05-02T12:33:20.900Z</time></trkpt>
<trkpt lat="54.513527" lon="18.651282"><time>2026-05-02T12:33:22.900Z</time></trkpt>
<trkpt lat="54.513510" lon="18.651297"><time>2026-05-02T12:33:24.900Z</time></trkpt>
<trkpt lat="54.513491" lon="18.651314"><time>2026-05-02T12:33:26.900Z</time></trkpt>
<trkpt lat="54.513471" lon="18.651338"><time>2026-05-02T12:33:28.900Z</time></trkpt>
<trkpt lat="54.513456" lon="18.651366"><time>2026-05-02T12:33:30.900Z</time></trkpt>
<trkpt lat="54.513432" lon="18.651393"><time>2026-05-02T12:33:32.900Z</time></trkpt>
<trkpt lat="54.513407" lon="18.651422"><time>2026-05-02T12:33:34.900Z</time></trkpt>
<trkpt lat="54.513382" lon="18.651446"><time>2026-05-02T12:33:36.900Z</time></trkpt>
<trkpt lat="54.513362" lon="18.651466"><time>2026-05-02T12:33:38.900Z</time></trkpt>
<trkpt lat="54.513346" lon="18.651483"><time>2026-05-02T12:33:40.900Z</time></trkpt>
<trkpt lat="54.513327" lon="18.651503"><time>2026-05-02T12:33:42.900Z</time></trkpt>
<trkpt lat="54.513301" lon="18.651520"><time>2026-05-02T12:33:44.900Z</time></trkpt>
<trkpt lat="54.513263" lon="18.651566"><time>2026-05-02T12:33:46.900Z</time></trkpt>
<trkpt lat="54.513243" lon="18.651602"><time>2026-05-02T12:33:48.900Z</time></trkpt>
<trkpt lat="54.513221" lon="18.651631"><time>2026-05-02T12:33:50.900Z</time></trkpt>
<trkpt lat="54.513201" lon="18.651665"><time>2026-05-02T12:33:52.900Z</time></trkpt>
<trkpt lat="54.513182" lon="18.651698"><time>2026-05-02T12:33:54.900Z</time></trkpt>
<trkpt lat="54.513164" lon="18.651724"><time>2026-05-02T12:33:56.900Z</time></trkpt>
<trkpt lat="54.513149" lon="18.651743"><time>2026-05-02T12:33:58.900Z</time></trkpt>
<trkpt lat="54.513124" lon="18.651784"><time>2026-05-02T12:34:00.900Z</time></trkpt>
<trkpt lat="54.513097" lon="18.651809"><time>2026-05-02T12:34:02.900Z</time></trkpt>
<trkpt lat="54.513079" lon="18.651826"><time>2026-05-02T12:34:04.900Z</time></trkpt>
<trkpt lat="54.513052" lon="18.651847"><time>2026-05-02T12:34:06.900Z</time></trkpt>
<trkpt lat="54.513018" lon="18.651887"><time>2026-05-02T12:34:08.900Z</time></trkpt>
<trkpt lat="54.512990" lon="18.651917"><time>2026-05-02T12:34:10.900Z</time></trkpt>
<trkpt lat="54.512961" lon="18.651950"><time>2026-05-02T12:34:12.900Z</time></trkpt>
<trkpt lat="54.512936" lon="18.651999"><time>2026-05-02T12:34:14.900Z</time></trkpt>
<trkpt lat="54.512917" lon="18.652007"><time>2026-05-02T12:34:16.900Z</time></trkpt>
<trkpt lat="54.512896" lon="18.652045"><time>2026-05-02T12:34:18.900Z</time></trkpt>
<trkpt lat="54.512875" lon="18.652077"><time>2026-05-02T12:34:20.900Z</time></trkpt>
<trkpt lat="54.512860" lon="18.652110"><time>2026-05-02T12:34:22.900Z</time></trkpt>
<trkpt lat="54.512839" lon="18.652144"><time>2026-05-02T12:34:24.900Z</time></trkpt>
<trkpt lat="54.512821" lon="18.652182"><time>2026-05-02T12:34:26.900Z</time></trkpt>
<trkpt lat="54.512806" lon="18.652226"><time>2026-05-02T12:34:28.900Z</time></trkpt>
<trkpt lat="54.512790" lon="18.652270"><time>2026-05-02T12:34:30.900Z</time></trkpt>
<trkpt lat="54.512774" lon="18.652313"><time>2026-05-02T12:34:32.900Z</time></trkpt>
<trkpt lat="54.512760" lon="18.652358"><time>2026-05-02T12:34:34.900Z</time></trkpt>
<trkpt lat="54.512745" lon="18.652406"><time>2026-05-02T12:34:36.900Z</time></trkpt>
<trkpt lat="54.512731" lon="18.652453"><time>2026-05-02T12:34:38.900Z</time></trkpt>
<trkpt lat="54.512722" lon="18.652496"><time>2026-05-02T12:34:40.900Z</time></trkpt>
<trkpt lat="54.512715" lon="18.652542"><time>2026-05-02T12:34:42.900Z</time></trkpt>
<trkpt lat="54.512705" lon="18.652587"><time>2026-05-02T12:34:44.900Z</time></trkpt>
<trkpt lat="54.512695" lon="18.652629"><time>2026-05-02T12:34:46.900Z</time></trkpt>
<trkpt lat="54.512686" lon="18.652680"><time>2026-05-02T12:34:48.900Z</time></trkpt>
<trkpt lat="54.512669" lon="18.652713"><time>2026-05-02T12:34:51.000Z</time></trkpt>
<trkpt lat="54.512654" lon="18.652756"><time>2026-05-02T12:34:53.000Z</time></trkpt>
<trkpt lat="54.512640" lon="18.652798"><time>2026-05-02T12:34:55.000Z</time></trkpt>
<trkpt lat="54.512628" lon="18.652842"><time>2026-05-02T12:34:57.000Z</time></trkpt>
<trkpt lat="54.512617" lon="18.652883"><time>2026-05-02T12:34:59.000Z</time></trkpt>
<trkpt lat="54.512604" lon="18.652932"><time>2026-05-02T12:35:01.000Z</time></trkpt>
<trkpt lat="54.512590" lon="18.652971"><time>2026-05-02T12:35:02.900Z</time></trkpt>
<trkpt lat="54.512579" lon="18.653006"><time>2026-05-02T12:35:04.900Z</time></trkpt>
<trkpt lat="54.512569" lon="18.653042"><time>2026-05-02T12:35:06.900Z</time></trkpt>
<trkpt lat="54.512556" lon="18.653082"><time>2026-05-02T12:35:08.900Z</time></trkpt>
<trkpt lat="54.512539" lon="18.653126"><time>2026-05-02T12:35:10.900Z</time></trkpt>
<trkpt lat="54.512524" lon="18.653168"><time>2026-05-02T12:35:12.900Z</time></trkpt>
<trkpt lat="54.512512" lon="18.653208"><time>2026-05-02T12:35:14.900Z</time></trkpt>
<trkpt lat="54.512504" lon="18.653245"><time>2026-05-02T12:35:16.900Z</time></trkpt>
<trkpt lat="54.512499" lon="18.653279"><time>2026-05-02T12:35:18.900Z</time></trkpt>
<trkpt lat="54.512495" lon="18.653315"><time>2026-05-02T12:35:20.900Z</time></trkpt>
<trkpt lat="54.512485" lon="18.653351"><time>2026-05-02T12:35:22.900Z</time></trkpt>
<trkpt lat="54.512477" lon="18.653391"><time>2026-05-02T12:35:24.900Z</time></trkpt>
<trkpt lat="54.512469" lon="18.653432"><time>2026-05-02T12:35:26.900Z</time></trkpt>
<trkpt lat="54.512457" lon="18.653472"><time>2026-05-02T12:35:28.900Z</time></trkpt>
<trkpt lat="54.512447" lon="18.653508"><time>2026-05-02T12:35:30.900Z</time></trkpt>
<trkpt lat="54.512441" lon="18.653542"><time>2026-05-02T12:35:32.900Z</time></trkpt>
<trkpt lat="54.512432" lon="18.653578"><time>2026-05-02T12:35:34.900Z</time></trkpt>
<trkpt lat="54.512417" lon="18.653619"><time>2026-05-02T12:35:36.900Z</time></trkpt>
<trkpt lat="54.512404" lon="18.653660"><time>2026-05-02T12:35:38.900Z</time></trkpt>
<trkpt lat="54.512395" lon="18.653696"><time>2026-05-02T12:35:40.900Z</time></trkpt>
<trkpt lat="54.512388" lon="18.653731"><time>2026-05-02T12:35:42.900Z</time></trkpt>
<trkpt lat="54.512378" lon="18.653773"><time>2026-05-02T12:35:44.900Z</time></trkpt>
<trkpt lat="54.512367" lon="18.653817"><time>2026-05-02T12:35:46.900Z</time></trkpt>
<trkpt lat="54.512359" lon="18.653851"><time>2026-05-02T12:35:48.900Z</time></trkpt>
<trkpt lat="54.512349" lon="18.653889"><time>2026-05-02T12:35:50.900Z</time></trkpt>
<trkpt lat="54.512340" lon="18.653927"><time>2026-05-02T12:35:52.900Z</time></trkpt>
<trkpt lat="54.512332" lon="18.653966"><time>2026-05-02T12:35:54.900Z</time></trkpt>
<trkpt lat="54.512324" lon="18.654007"><time>2026-05-02T12:35:56.900Z</time></trkpt>
<trkpt lat="54.512317" lon="18.654047"><time>2026-05-02T12:35:58.900Z</time></trkpt>
<trkpt lat="54.512313" lon="18.654082"><time>2026-05-02T12:36:00.900Z</time></trkpt>
<trkpt lat="54.512307" lon="18.654116"><time>2026-05-02T12:36:02.900Z</time></trkpt>
<trkpt lat="54.512304" lon="18.654154"><time>2026-05-02T12:36:04.900Z</time></trkpt>
<trkpt lat="54.512299" lon="18.654185"><time>2026-05-02T12:36:06.900Z</time></trkpt>
<trkpt lat="54.512293" lon="18.654216"><time>2026-05-02T12:36:08.900Z</time></trkpt>
<trkpt lat="54.512287" lon="18.654249"><time>2026-05-02T12:36:10.900Z</time></trkpt>
<trkpt lat="54.512280" lon="18.654281"><time>2026-05-02T12:36:12.900Z</time></trkpt>
<trkpt lat="54.512265" lon="18.654323"><time>2026-05-02T12:36:14.900Z</time></trkpt>
<trkpt lat="54.512254" lon="18.654357"><time>2026-05-02T12:36:16.900Z</time></trkpt>
<trkpt lat="54.512247" lon="18.654388"><time>2026-05-02T12:36:18.900Z</time></trkpt>
<trkpt lat="54.512239" lon="18.654417"><time>2026-05-02T12:36:20.900Z</time></trkpt>
<trkpt lat="54.512233" lon="18.654447"><time>2026-05-02T12:36:22.900Z</time></trkpt>
<trkpt lat="54.512225" lon="18.654474"><time>2026-05-02T12:36:24.900Z</time></trkpt>
<trkpt lat="54.512216" lon="18.654505"><time>2026-05-02T12:36:26.900Z</time></trkpt>
<trkpt lat="54.512207" lon="18.654536"><time>2026-05-02T12:36:28.900Z</time></trkpt>
<trkpt lat="54.512196" lon="18.654565"><time>2026-05-02T12:36:30.900Z</time></trkpt>
<trkpt lat="54.512187" lon="18.654598"><time>2026-05-02T12:36:32.900Z</time></trkpt>
<trkpt lat="54.512180" lon="18.654629"><time>2026-05-02T12:36:34.900Z</time></trkpt>
<trkpt lat="54.512170" lon="18.654659"><time>2026-05-02T12:36:36.900Z</time></trkpt>
<trkpt lat="54.512163" lon="18.654689"><time>2026-05-02T12:36:38.900Z</time></trkpt>
<trkpt lat="54.512156" lon="18.654718"><time>2026-05-02T12:36:40.900Z</time></trkpt>
<trkpt lat="54.512150" lon="18.654748"><time>2026-05-02T12:36:42.900Z</time></trkpt>
<trkpt lat="54.512144" lon="18.654778"><time>2026-05-02T12:36:44.900Z</time></trkpt>
<trkpt lat="54.512140" lon="18.654807"><time>2026-05-02T12:36:46.900Z</time></trkpt>
<trkpt lat="54.512138" lon="18.654832"><time>2026-05-02T12:36:48.900Z</time></trkpt>
<trkpt lat="54.512135" lon="18.654858"><time>2026-05-02T12:36:50.900Z</time></trkpt>
<trkpt lat="54.512128" lon="18.654888"><time>2026-05-02T12:36:52.900Z</time></trkpt>
<trkpt lat="54.512122" lon="18.654917"><time>2026-05-02T12:36:54.900Z</time></trkpt>
<trkpt lat="54.512117" lon="18.654944"><time>2026-05-02T12:36:56.900Z</time></trkpt>
<trkpt lat="54.512114" lon="18.654969"><time>2026-05-02T12:36:59.000Z</time></trkpt>
<trkpt lat="54.512112" lon="18.654992"><time>2026-05-02T12:37:01.000Z</time></trkpt>
<trkpt lat="54.512112" lon="18.655008"><time>2026-05-02T12:37:03.000Z</time></trkpt>
<trkpt lat="54.512105" lon="18.655033"><time>2026-05-02T12:37:04.900Z</time></trkpt>
<trkpt lat="54.512103" lon="18.655047"><time>2026-05-02T12:37:06.900Z</time></trkpt>
<trkpt lat="54.512101" lon="18.655063"><time>2026-05-02T12:37:08.900Z</time></trkpt>
<trkpt lat="54.512098" lon="18.655072"><time>2026-05-02T12:37:10.900Z</time></trkpt>
<trkpt lat="54.512095" lon="18.655086"><time>2026-05-02T12:37:12.900Z</time></trkpt>
<trkpt lat="54.512091" lon="18.655097"><time>2026-05-02T12:37:14.900Z</time></trkpt>
<trkpt lat="54.512085" lon="18.655114"><time>2026-05-02T12:37:16.900Z</time></trkpt>
<trkpt lat="54.512079" lon="18.655130"><time>2026-05-02T12:37:18.900Z</time></trkpt>
<trkpt lat="54.512070" lon="18.655144"><time>2026-05-02T12:37:20.900Z</time></trkpt>
<trkpt lat="54.512060" lon="18.655163"><time>2026-05-02T12:37:22.900Z</time></trkpt>
<trkpt lat="54.512052" lon="18.655179"><time>2026-05-02T12:37:24.900Z</time></trkpt>
<trkpt lat="54.512045" lon="18.655190"><time>2026-05-02T12:37:26.900Z</time></trkpt>
<trkpt lat="54.512040" lon="18.655193"><time>2026-05-02T12:37:28.900Z</time></trkpt>
<trkpt lat="54.512033" lon="18.655204"><time>2026-05-02T12:37:30.900Z</time></trkpt>
<trkpt lat="54.512029" lon="18.655216"><time>2026-05-02T12:37:32.900Z</time></trkpt>
<trkpt lat="54.512026" lon="18.655228"><time>2026-05-02T12:37:34.900Z</time></trkpt>
<trkpt lat="54.512022" lon="18.655240"><time>2026-05-02T12:37:36.900Z</time></trkpt>
<trkpt lat="54.512018" lon="18.655253"><time>2026-05-02T12:37:38.900Z</time></trkpt>
<trkpt lat="54.512011" lon="18.655269"><time>2026-05-02T12:37:40.900Z</time></trkpt>
<trkpt lat="54.512008" lon="18.655283"><time>2026-05-02T12:37:42.900Z</time></trkpt>
<trkpt lat="54.512011" lon="18.655286"><time>2026-05-02T12:37:44.900Z</time></trkpt>
<trkpt lat="54.512001" lon="18.655278"><time>2026-05-02T12:37:46.900Z</time></trkpt>
<trkpt lat="54.511990" lon="18.655275"><time>2026-05-02T12:37:48.900Z</time></trkpt>
<trkpt lat="54.511983" lon="18.655285"><time>2026-05-02T12:37:50.900Z</time></trkpt>
<trkpt lat="54.511976" lon="18.655293"><time>2026-05-02T12:37:52.900Z</time></trkpt>
<trkpt lat="54.511966" lon="18.655300"><time>2026-05-02T12:37:54.900Z</time></trkpt>
<trkpt lat="54.511957" lon="18.655310"><time>2026-05-02T12:37:56.900Z</time></trkpt>
<trkpt lat="54.511949" lon="18.655319"><time>2026-05-02T12:37:58.900Z</time></trkpt>
<trkpt lat="54.511938" lon="18.655329"><time>2026-05-02T12:38:00.900Z</time></trkpt>
<trkpt lat="54.511926" lon="18.655345"><time>2026-05-02T12:38:02.900Z</time></trkpt>
<trkpt lat="54.511917" lon="18.655362"><time>2026-05-02T12:38:04.900Z</time></trkpt>
<trkpt lat="54.511899" lon="18.655381"><time>2026-05-02T12:38:06.900Z</time></trkpt>
<trkpt lat="54.511882" lon="18.655418"><time>2026-05-02T12:38:08.900Z</time></trkpt>
<trkpt lat="54.511864" lon="18.655446"><time>2026-05-02T12:38:10.900Z</time></trkpt>
<trkpt lat="54.511857" lon="18.655470"><time>2026-05-02T12:38:12.900Z</time></trkpt>
<trkpt lat="54.511855" lon="18.655492"><time>2026-05-02T12:38:14.900Z</time></trkpt>
<trkpt lat="54.511847" lon="18.655525"><time>2026-05-02T12:38:16.900Z</time></trkpt>
<trkpt lat="54.511834" lon="18.655550"><time>2026-05-02T12:38:18.900Z</time></trkpt>
<trkpt lat="54.511813" lon="18.655573"><time>2026-05-02T12:38:20.900Z</time></trkpt>
<trkpt lat="54.511799" lon="18.655586"><time>2026-05-02T12:38:22.900Z</time></trkpt>
<trkpt lat="54.511788" lon="18.655600"><time>2026-05-02T12:38:24.900Z</time></trkpt>
<trkpt lat="54.511778" lon="18.655621"><time>2026-05-02T12:38:26.900Z</time></trkpt>
<trkpt lat="54.511756" lon="18.655648"><time>2026-05-02T12:38:28.900Z</time></trkpt>
<trkpt lat="54.511744" lon="18.655665"><time>2026-05-02T12:38:30.900Z</time></trkpt>
<trkpt lat="54.511738" lon="18.655684"><time>2026-05-02T12:38:32.900Z</time></trkpt>
<trkpt lat="54.511730" lon="18.655707"><time>2026-05-02T12:38:34.900Z</time></trkpt>
<trkpt lat="54.511720" lon="18.655710"><time>2026-05-02T12:38:36.900Z</time></trkpt>
<trkpt lat="54.511706" lon="18.655734"><time>2026-05-02T12:38:38.900Z</time></trkpt>
<trkpt lat="54.511693" lon="18.655763"><time>2026-05-02T12:38:40.900Z</time></trkpt>
<trkpt lat="54.511680" lon="18.655794"><time>2026-05-02T12:38:42.900Z</time></trkpt>
<trkpt lat="54.511676" lon="18.655816"><time>2026-05-02T12:38:44.900Z</time></trkpt>
<trkpt lat="54.511667" lon="18.655848"><time>2026-05-02T12:38:46.900Z</time></trkpt>
<trkpt lat="54.511661" lon="18.655869"><time>2026-05-02T12:38:48.900Z</time></trkpt>
<trkpt lat="54.511651" lon="18.655886"><time>2026-05-02T12:38:50.900Z</time></trkpt>
<trkpt lat="54.511648" lon="18.655928"><time>2026-05-02T12:38:53.000Z</time></trkpt>
<trkpt lat="54.511648" lon="18.655976"><time>2026-05-02T12:38:55.000Z</time></trkpt>
<trkpt lat="54.511636" lon="18.655982"><time>2026-05-02T12:38:57.000Z</time></trkpt>
<trkpt lat="54.511629" lon="18.655995"><time>2026-05-02T12:38:59.000Z</time></trkpt>
<trkpt lat="54.511624" lon="18.656015"><time>2026-05-02T12:39:01.000Z</time></trkpt>
<trkpt lat="54.511620" lon="18.656036"><time>2026-05-02T12:39:03.000Z</time></trkpt>
<trkpt lat="54.511611" lon="18.656054"><time>2026-05-02T12:39:05.000Z</time></trkpt>
<trkpt lat="54.511598" lon="18.656075"><time>2026-05-02T12:39:07.000Z</time></trkpt>
<trkpt lat="54.511585" lon="18.656096"><time>2026-05-02T12:39:09.000Z</time></trkpt>
<trkpt lat="54.511571" lon="18.656122"><time>2026-05-02T12:39:11.000Z</time></trkpt>
<trkpt lat="54.511557" lon="18.656143"><time>2026-05-02T12:39:13.000Z</time></trkpt>
<trkpt lat="54.511544" lon="18.656167"><time>2026-05-02T12:39:15.000Z</time></trkpt>
<trkpt lat="54.511531" lon="18.656189"><time>2026-05-02T12:39:17.000Z</time></trkpt>
<trkpt lat="54.511517" lon="18.656215"><time>2026-05-02T12:39:19.000Z</time></trkpt>
<trkpt lat="54.511502" lon="18.656239"><time>2026-05-02T12:39:21.000Z</time></trkpt>
<trkpt lat="54.511490" lon="18.656269"><time>2026-05-02T12:39:23.000Z</time></trkpt>
<trkpt lat="54.511476" lon="18.656301"><time>2026-05-02T12:39:25.000Z</time></trkpt>
<trkpt lat="54.511463" lon="18.656331"><time>2026-05-02T12:39:26.900Z</time></trkpt>
<trkpt lat="54.511455" lon="18.656357"><time>2026-05-02T12:39:28.900Z</time></trkpt>
<trkpt lat="54.511445" lon="18.656389"><time>2026-05-02T12:39:30.900Z</time></trkpt>
<trkpt lat="54.511430" lon="18.656416"><time>2026-05-02T12:39:32.900Z</time></trkpt>
<trkpt lat="54.511416" lon="18.656445"><time>2026-05-02T12:39:34.900Z</time></trkpt>
<trkpt lat="54.511402" lon="18.656481"><time>2026-05-02T12:39:36.900Z</time></trkpt>
<trkpt lat="54.511382" lon="18.656511"><time>2026-05-02T12:39:38.900Z</time></trkpt>
<trkpt lat="54.511365" lon="18.656545"><time>2026-05-02T12:39:40.900Z</time></trkpt>
<trkpt lat="54.511349" lon="18.656582"><time>2026-05-02T12:39:42.900Z</time></trkpt>
<trkpt lat="54.511332" lon="18.656610"><time>2026-05-02T12:39:44.900Z</time></trkpt>
<trkpt lat="54.511314" lon="18.656637"><time>2026-05-02T12:39:46.900Z</time></trkpt>
<trkpt lat="54.511296" lon="18.656661"><time>2026-05-02T12:39:48.900Z</time></trkpt>
<trkpt lat="54.511281" lon="18.656696"><time>2026-05-02T12:39:50.900Z</time></trkpt>
<trkpt lat="54.511266" lon="18.656725"><time>2026-05-02T12:39:52.900Z</time></trkpt>
<trkpt lat="54.511254" lon="18.656762"><time>2026-05-02T12:39:54.900Z</time></trkpt>
<trkpt lat="54.511242" lon="18.656800"><time>2026-05-02T12:39:56.900Z</time></trkpt>
<trkpt lat="54.511232" lon="18.656832"><time>2026-05-02T12:39:58.900Z</time></trkpt>
<trkpt lat="54.511220" lon="18.656866"><time>2026-05-02T12:40:00.900Z</time></trkpt>
<trkpt lat="54.511209" lon="18.656898"><time>2026-05-02T12:40:02.900Z</time></trkpt>
<trkpt lat="54.511196" lon="18.656920"><time>2026-05-02T12:40:04.900Z</time></trkpt>
<trkpt lat="54.511181" lon="18.656941"><time>2026-05-02T12:40:06.900Z</time></trkpt>
<trkpt lat="54.511162" lon="18.656969"><time>2026-05-02T12:40:08.900Z</time></trkpt>
<trkpt lat="54.511144" lon="18.656993"><time>2026-05-02T12:40:10.900Z</time></trkpt>
<trkpt lat="54.511123" lon="18.657023"><time>2026-05-02T12:40:12.900Z</time></trkpt>
<trkpt lat="54.511101" lon="18.657051"><time>2026-05-02T12:40:14.900Z</time></trkpt>
<trkpt lat="54.511077" lon="18.657081"><time>2026-05-02T12:40:16.900Z</time></trkpt>
<trkpt lat="54.511052" lon="18.657110"><time>2026-05-02T12:40:18.900Z</time></trkpt>
<trkpt lat="54.511026" lon="18.657135"><time>2026-05-02T12:40:20.900Z</time></trkpt>
<trkpt lat="54.510996" lon="18.657165"><time>2026-05-02T12:40:22.900Z</time></trkpt>
<trkpt lat="54.510967" lon="18.657188"><time>2026-05-02T12:40:24.900Z</time></trkpt>
<trkpt lat="54.510939" lon="18.657210"><time>2026-05-02T12:40:26.900Z</time></trkpt>
<trkpt lat="54.510910" lon="18.657237"><time>2026-05-02T12:40:28.900Z</time></trkpt>
<trkpt lat="54.510880" lon="18.657262"><time>2026-05-02T12:40:30.900Z</time></trkpt>
<trkpt lat="54.510848" lon="18.657283"><time>2026-05-02T12:40:32.900Z</time></trkpt>
<trkpt lat="54.510813" lon="18.657308"><time>2026-05-02T12:40:34.900Z</time></trkpt>
<trkpt lat="54.510776" lon="18.657327"><time>2026-05-02T12:40:36.900Z</time></trkpt>
<trkpt lat="54.510739" lon="18.657350"><time>2026-05-02T12:40:38.900Z</time></trkpt>
<trkpt lat="54.510702" lon="18.657372"><time>2026-05-02T12:40:40.900Z</time></trkpt>
<trkpt lat="54.510665" lon="18.657393"><time>2026-05-02T12:40:42.900Z</time></trkpt>
<trkpt lat="54.510629" lon="18.657413"><time>2026-05-02T12:40:44.900Z</time></trkpt>
<trkpt lat="54.510591" lon="18.657432"><time>2026-05-02T12:40:46.900Z</time></trkpt>
<trkpt lat="54.510550" lon="18.657447"><time>2026-05-02T12:40:48.900Z</time></trkpt>
<trkpt lat="54.510511" lon="18.657457"><time>2026-05-02T12:40:50.900Z</time></trkpt>
<trkpt lat="54.510472" lon="18.657468"><time>2026-05-02T12:40:52.900Z</time></trkpt>
<trkpt lat="54.510432" lon="18.657475"><time>2026-05-02T12:40:54.900Z</time></trkpt>
<trkpt lat="54.510392" lon="18.657477"><time>2026-05-02T12:40:57.000Z</time></trkpt>
<trkpt lat="54.510351" lon="18.657475"><time>2026-05-02T12:40:59.000Z</time></trkpt>
<trkpt lat="54.510315" lon="18.657482"><time>2026-05-02T12:41:01.000Z</time></trkpt>
<trkpt lat="54.510278" lon="18.657498"><time>2026-05-02T12:41:03.000Z</time></trkpt>
<trkpt lat="54.510246" lon="18.657525"><time>2026-05-02T12:41:05.000Z</time></trkpt>
<trkpt lat="54.510216" lon="18.657562"><time>2026-05-02T12:41:07.000Z</time></trkpt>
<trkpt lat="54.510192" lon="18.657607"><time>2026-05-02T12:41:09.000Z</time></trkpt>
<trkpt lat="54.510168" lon="18.657651"><time>2026-05-02T12:41:11.000Z</time></trkpt>
<trkpt lat="54.510146" lon="18.657695"><time>2026-05-02T12:41:13.000Z</time></trkpt>
<trkpt lat="54.510130" lon="18.657739"><time>2026-05-02T12:41:15.000Z</time></trkpt>
<trkpt lat="54.510116" lon="18.657782"><time>2026-05-02T12:41:17.000Z</time></trkpt>
<trkpt lat="54.510101" lon="18.657827"><time>2026-05-02T12:41:19.000Z</time></trkpt>
<trkpt lat="54.510086" lon="18.657862"><time>2026-05-02T12:41:21.000Z</time></trkpt>
<trkpt lat="54.510074" lon="18.657901"><time>2026-05-02T12:41:23.000Z</time></trkpt>
<trkpt lat="54.510062" lon="18.657935"><time>2026-05-02T12:41:25.000Z</time></trkpt>
<trkpt lat="54.510047" lon="18.657971"><time>2026-05-02T12:41:27.000Z</time></trkpt>
<trkpt lat="54.510031" lon="18.658003"><time>2026-05-02T12:41:29.000Z</time></trkpt>
<trkpt lat="54.510017" lon="18.658035"><time>2026-05-02T12:41:31.000Z</time></trkpt>
<trkpt lat="54.510003" lon="18.658068"><time>2026-05-02T12:41:33.000Z</time></trkpt>
<trkpt lat="54.509988" lon="18.658097"><time>2026-05-02T12:41:35.000Z</time></trkpt>
<trkpt lat="54.509972" lon="18.658126"><time>2026-05-02T12:41:37.000Z</time></trkpt>
<trkpt lat="54.509956" lon="18.658149"><time>2026-05-02T12:41:39.000Z</time></trkpt>
<trkpt lat="54.509938" lon="18.658184"><time>2026-05-02T12:41:41.000Z</time></trkpt>
<trkpt lat="54.509924" lon="18.658212"><time>2026-05-02T12:41:43.000Z</time></trkpt>
<trkpt lat="54.509909" lon="18.658243"><time>2026-05-02T12:41:45.000Z</time></trkpt>
<trkpt lat="54.509893" lon="18.658277"><time>2026-05-02T12:41:47.000Z</time></trkpt>
<trkpt lat="54.509877" lon="18.658307"><time>2026-05-02T12:41:49.000Z</time></trkpt>
<trkpt lat="54.509862" lon="18.658333"><time>2026-05-02T12:41:51.000Z</time></trkpt>
<trkpt lat="54.509847" lon="18.658352"><time>2026-05-02T12:41:53.000Z</time></trkpt>
<trkpt lat="54.509833" lon="18.658369"><time>2026-05-02T12:41:54.900Z</time></trkpt>
<trkpt lat="54.509820" lon="18.658390"><time>2026-05-02T12:41:56.900Z</time></trkpt>
<trkpt lat="54.509810" lon="18.658424"><time>2026-05-02T12:41:58.900Z</time></trkpt>
<trkpt lat="54.509798" lon="18.658453"><time>2026-05-02T12:42:00.900Z</time></trkpt>
<trkpt lat="54.509783" lon="18.658484"><time>2026-05-02T12:42:02.900Z</time></trkpt>
<trkpt lat="54.509763" lon="18.658511"><time>2026-05-02T12:42:04.900Z</time></trkpt>
<trkpt lat="54.509746" lon="18.658518"><time>2026-05-02T12:42:06.900Z</time></trkpt>
<trkpt lat="54.509728" lon="18.658524"><time>2026-05-02T12:42:08.900Z</time></trkpt>
<trkpt lat="54.509709" lon="18.658542"><time>2026-05-02T12:42:10.900Z</time></trkpt>
<trkpt lat="54.509687" lon="18.658565"><time>2026-05-02T12:42:12.900Z</time></trkpt>
<trkpt lat="54.509656" lon="18.658584"><time>2026-05-02T12:42:14.900Z</time></trkpt>
<trkpt lat="54.509623" lon="18.658613"><time>2026-05-02T12:42:16.900Z</time></trkpt>
<trkpt lat="54.509586" lon="18.658637"><time>2026-05-02T12:42:18.900Z</time></trkpt>
<trkpt lat="54.509547" lon="18.658647"><time>2026-05-02T12:42:20.900Z</time></trkpt>
<trkpt lat="54.509513" lon="18.658648"><time>2026-05-02T12:42:22.900Z</time></trkpt>
<trkpt lat="54.509481" lon="18.658635"><time>2026-05-02T12:42:24.900Z</time></trkpt>
<trkpt lat="54.509442" lon="18.658615"><time>2026-05-02T12:42:26.900Z</time></trkpt>
<trkpt lat="54.509406" lon="18.658600"><time>2026-05-02T12:42:28.900Z</time></trkpt>
<trkpt lat="54.509371" lon="18.658583"><time>2026-05-02T12:42:30.900Z</time></trkpt>
<trkpt lat="54.509335" lon="18.658547"><time>2026-05-02T12:42:32.900Z</time></trkpt>
<trkpt lat="54.509299" lon="18.658511"><time>2026-05-02T12:42:34.900Z</time></trkpt>
<trkpt lat="54.509265" lon="18.658492"><time>2026-05-02T12:42:36.900Z</time></trkpt>
<trkpt lat="54.509236" lon="18.658489"><time>2026-05-02T12:42:38.900Z</time></trkpt>
<trkpt lat="54.509209" lon="18.658496"><time>2026-05-02T12:42:40.900Z</time></trkpt>
<trkpt lat="54.509183" lon="18.658554"><time>2026-05-02T12:42:42.900Z</time></trkpt>
<trkpt lat="54.509162" lon="18.658603"><time>2026-05-02T12:42:44.900Z</time></trkpt>
<trkpt lat="54.509149" lon="18.658639"><time>2026-05-02T12:42:46.900Z</time></trkpt>
<trkpt lat="54.509135" lon="18.658667"><time>2026-05-02T12:42:48.900Z</time></trkpt>
<trkpt lat="54.509114" lon="18.658704"><time>2026-05-02T12:42:50.900Z</time></trkpt>
<trkpt lat="54.509084" lon="18.658747"><time>2026-05-02T12:42:52.900Z</time></trkpt>
<trkpt lat="54.509057" lon="18.658782"><time>2026-05-02T12:42:54.900Z</time></trkpt>
<trkpt lat="54.509030" lon="18.658808"><time>2026-05-02T12:42:56.900Z</time></trkpt>
<trkpt lat="54.509006" lon="18.658836"><time>2026-05-02T12:42:58.900Z</time></trkpt>
<trkpt lat="54.508982" lon="18.658857"><time>2026-05-02T12:43:00.900Z</time></trkpt>
<trkpt lat="54.508960" lon="18.658887"><time>2026-05-02T12:43:03.000Z</time></trkpt>
<trkpt lat="54.508934" lon="18.658912"><time>2026-05-02T12:43:05.000Z</time></trkpt>
<trkpt lat="54.508900" lon="18.658935"><time>2026-05-02T12:43:07.000Z</time></trkpt>
<trkpt lat="54.508851" lon="18.658946"><time>2026-05-02T12:43:09.000Z</time></trkpt>
<trkpt lat="54.508808" lon="18.658925"><time>2026-05-02T12:43:11.000Z</time></trkpt>
<trkpt lat="54.508761" lon="18.658926"><time>2026-05-02T12:43:13.000Z</time></trkpt>
<trkpt lat="54.508725" lon="18.658919"><time>2026-05-02T12:43:15.000Z</time></trkpt>
<trkpt lat="54.508694" lon="18.658921"><time>2026-05-02T12:43:17.000Z</time></trkpt>
<trkpt lat="54.508657" lon="18.658915"><time>2026-05-02T12:43:19.000Z</time></trkpt>
<trkpt lat="54.508617" lon="18.658908"><time>2026-05-02T12:43:21.000Z</time></trkpt>
<trkpt lat="54.508575" lon="18.658899"><time>2026-05-02T12:43:23.000Z</time></trkpt>
<trkpt lat="54.508535" lon="18.658888"><time>2026-05-02T12:43:25.000Z</time></trkpt>
<trkpt lat="54.508496" lon="18.658873"><time>2026-05-02T12:43:27.000Z</time></trkpt>
<trkpt lat="54.508456" lon="18.658851"><time>2026-05-02T12:43:29.000Z</time></trkpt>
<trkpt lat="54.508426" lon="18.658831"><time>2026-05-02T12:43:31.000Z</time></trkpt>
<trkpt lat="54.508392" lon="18.658802"><time>2026-05-02T12:43:33.000Z</time></trkpt>
<trkpt lat="54.508356" lon="18.658771"><time>2026-05-02T12:43:35.000Z</time></trkpt>
<trkpt lat="54.508323" lon="18.658744"><time>2026-05-02T12:43:37.000Z</time></trkpt>
<trkpt lat="54.508289" lon="18.658713"><time>2026-05-02T12:43:39.000Z</time></trkpt>
<trkpt lat="54.508251" lon="18.658679"><time>2026-05-02T12:43:41.000Z</time></trkpt>
<trkpt lat="54.508215" lon="18.658644"><time>2026-05-02T12:43:43.000Z</time></trkpt>
<trkpt lat="54.508182" lon="18.658604"><time>2026-05-02T12:43:45.000Z</time></trkpt>
<trkpt lat="54.508146" lon="18.658570"><time>2026-05-02T12:43:47.000Z</time></trkpt>
<trkpt lat="54.508113" lon="18.658538"><time>2026-05-02T12:43:49.000Z</time></trkpt>
<trkpt lat="54.508082" lon="18.658498"><time>2026-05-02T12:43:51.000Z</time></trkpt>
<trkpt lat="54.508051" lon="18.658455"><time>2026-05-02T12:43:53.000Z</time></trkpt>
<trkpt lat="54.508021" lon="18.658415"><time>2026-05-02T12:43:55.000Z</time></trkpt>
<trkpt lat="54.507989" lon="18.658377"><time>2026-05-02T12:43:57.000Z</time></trkpt>
<trkpt lat="54.507955" lon="18.658344"><time>2026-05-02T12:43:59.000Z</time></trkpt>
<trkpt lat="54.507930" lon="18.658322"><time>2026-05-02T12:44:01.000Z</time></trkpt>
<trkpt lat="54.507901" lon="18.658285"><time>2026-05-02T12:44:03.000Z</time></trkpt>
<trkpt lat="54.507865" lon="18.658235"><time>2026-05-02T12:44:05.000Z</time></trkpt>
<trkpt lat="54.507832" lon="18.658189"><time>2026-05-02T12:44:06.900Z</time></trkpt>
<trkpt lat="54.507798" lon="18.658148"><time>2026-05-02T12:44:08.900Z</time></trkpt>
<trkpt lat="54.507765" lon="18.658104"><time>2026-05-02T12:44:10.900Z</time></trkpt>
<trkpt lat="54.507738" lon="18.658058"><time>2026-05-02T12:44:12.900Z</time></trkpt>
<trkpt lat="54.507716" lon="18.658018"><time>2026-05-02T12:44:14.900Z</time></trkpt>
<trkpt lat="54.507692" lon="18.657977"><time>2026-05-02T12:44:16.900Z</time></trkpt>
<trkpt lat="54.507666" lon="18.657935"><time>2026-05-02T12:44:18.900Z</time></trkpt>
<trkpt lat="54.507643" lon="18.657887"><time>2026-05-02T12:44:20.900Z</time></trkpt>
<trkpt lat="54.507616" lon="18.657843"><time>2026-05-02T12:44:22.900Z</time></trkpt>
<trkpt lat="54.507594" lon="18.657793"><time>2026-05-02T12:44:24.900Z</time></trkpt>
<trkpt lat="54.507570" lon="18.657744"><time>2026-05-02T12:44:26.900Z</time></trkpt>
<trkpt lat="54.507544" lon="18.657685"><time>2026-05-02T12:44:28.900Z</time></trkpt>
<trkpt lat="54.507516" lon="18.657619"><time>2026-05-02T12:44:30.900Z</time></trkpt>
<trkpt lat="54.507492" lon="18.657583"><time>2026-05-02T12:44:32.900Z</time></trkpt>
<trkpt lat="54.507470" lon="18.657540"><time>2026-05-02T12:44:34.900Z</time></trkpt>
<trkpt lat="54.507445" lon="18.657501"><time>2026-05-02T12:44:36.900Z</time></trkpt>
<trkpt lat="54.507411" lon="18.657452"><time>2026-05-02T12:44:38.900Z</time></trkpt>
<trkpt lat="54.507385" lon="18.657413"><time>2026-05-02T12:44:40.900Z</time></trkpt>
<trkpt lat="54.507359" lon="18.657374"><time>2026-05-02T12:44:42.900Z</time></trkpt>
<trkpt lat="54.507329" lon="18.657331"><time>2026-05-02T12:44:44.900Z</time></trkpt>
<trkpt lat="54.507303" lon="18.657289"><time>2026-05-02T12:44:46.900Z</time></trkpt>
<trkpt lat="54.507276" lon="18.657254"><time>2026-05-02T12:44:48.900Z</time></trkpt>
<trkpt lat="54.507248" lon="18.657217"><time>2026-05-02T12:44:50.900Z</time></trkpt>
<trkpt lat="54.507217" lon="18.657175"><time>2026-05-02T12:44:52.900Z</time></trkpt>
<trkpt lat="54.507192" lon="18.657138"><time>2026-05-02T12:44:54.900Z</time></trkpt>
<trkpt lat="54.507164" lon="18.657103"><time>2026-05-02T12:44:56.900Z</time></trkpt>
<trkpt lat="54.507132" lon="18.657064"><time>2026-05-02T12:44:58.900Z</time></trkpt>
<trkpt lat="54.507098" lon="18.657036"><time>2026-05-02T12:45:00.900Z</time></trkpt>
<trkpt lat="54.507067" lon="18.657006"><time>2026-05-02T12:45:02.900Z</time></trkpt>
<trkpt lat="54.507033" lon="18.656977"><time>2026-05-02T12:45:04.900Z</time></trkpt>
<trkpt lat="54.507005" lon="18.656951"><time>2026-05-02T12:45:06.900Z</time></trkpt>
<trkpt lat="54.506973" lon="18.656928"><time>2026-05-02T12:45:09.000Z</time></trkpt>
<trkpt lat="54.506946" lon="18.656900"><time>2026-05-02T12:45:11.000Z</time></trkpt>
<trkpt lat="54.506909" lon="18.656869"><time>2026-05-02T12:45:13.000Z</time></trkpt>
<trkpt lat="54.506879" lon="18.656840"><time>2026-05-02T12:45:15.000Z</time></trkpt>
<trkpt lat="54.506845" lon="18.656812"><time>2026-05-02T12:45:17.000Z</time></trkpt>
<trkpt lat="54.506811" lon="18.656787"><time>2026-05-02T12:45:19.000Z</time></trkpt>
<trkpt lat="54.506776" lon="18.656757"><time>2026-05-02T12:45:21.000Z</time></trkpt>
<trkpt lat="54.506742" lon="18.656732"><time>2026-05-02T12:45:23.000Z</time></trkpt>
<trkpt lat="54.506710" lon="18.656710"><time>2026-05-02T12:45:25.000Z</time></trkpt>
<trkpt lat="54.506674" lon="18.656683"><time>2026-05-02T12:45:27.000Z</time></trkpt>
<trkpt lat="54.506642" lon="18.656654"><time>2026-05-02T12:45:29.000Z</time></trkpt>
<trkpt lat="54.506609" lon="18.656619"><time>2026-05-02T12:45:31.000Z</time></trkpt>
<trkpt lat="54.506573" lon="18.656587"><time>2026-05-02T12:45:33.000Z</time></trkpt>
<trkpt lat="54.506536" lon="18.656565"><time>2026-05-02T12:45:35.000Z</time></trkpt>
<trkpt lat="54.506499" lon="18.656544"><time>2026-05-02T12:45:37.000Z</time></trkpt>
<trkpt lat="54.506465" lon="18.656513"><time>2026-05-02T12:45:39.000Z</time></trkpt>
<trkpt lat="54.506429" lon="18.656486"><time>2026-05-02T12:45:41.000Z</time></trkpt>
<trkpt lat="54.506399" lon="18.656459"><time>2026-05-02T12:45:43.000Z</time></trkpt>
<trkpt lat="54.506366" lon="18.656424"><time>2026-05-02T12:45:45.000Z</time></trkpt>
<trkpt lat="54.506333" lon="18.656393"><time>2026-05-02T12:45:47.000Z</time></trkpt>
<trkpt lat="54.506301" lon="18.656358"><time>2026-05-02T12:45:49.000Z</time></trkpt>
<trkpt lat="54.506270" lon="18.656320"><time>2026-05-02T12:45:51.000Z</time></trkpt>
<trkpt lat="54.506234" lon="18.656270"><time>2026-05-02T12:45:53.000Z</time></trkpt>
<trkpt lat="54.506205" lon="18.656235"><time>2026-05-02T12:45:55.000Z</time></trkpt>
<trkpt lat="54.506175" lon="18.656197"><time>2026-05-02T12:45:57.000Z</time></trkpt>
<trkpt lat="54.506149" lon="18.656158"><time>2026-05-02T12:45:59.000Z</time></trkpt>
<trkpt lat="54.506125" lon="18.656113"><time>2026-05-02T12:46:01.000Z</time></trkpt>
<trkpt lat="54.506101" lon="18.656067"><time>2026-05-02T12:46:03.000Z</time></trkpt>
<trkpt lat="54.506083" lon="18.656027"><time>2026-05-02T12:46:05.000Z</time></trkpt>
<trkpt lat="54.506060" lon="18.655982"><time>2026-05-02T12:46:07.000Z</time></trkpt>
<trkpt lat="54.506032" lon="18.655941"><time>2026-05-02T12:46:08.900Z</time></trkpt>
<trkpt lat="54.506007" lon="18.655896"><time>2026-05-02T12:46:10.900Z</time></trkpt>
<trkpt lat="54.505985" lon="18.655843"><time>2026-05-02T12:46:12.900Z</time></trkpt>
<trkpt lat="54.505963" lon="18.655795"><time>2026-05-02T12:46:14.900Z</time></trkpt>
<trkpt lat="54.505944" lon="18.655750"><time>2026-05-02T12:46:16.900Z</time></trkpt>
<trkpt lat="54.505921" lon="18.655692"><time>2026-05-02T12:46:18.900Z</time></trkpt>
<trkpt lat="54.505900" lon="18.655646"><time>2026-05-02T12:46:20.900Z</time></trkpt>
<trkpt lat="54.505878" lon="18.655598"><time>2026-05-02T12:46:22.900Z</time></trkpt>
<trkpt lat="54.505858" lon="18.655551"><time>2026-05-02T12:46:24.900Z</time></trkpt>
<trkpt lat="54.505837" lon="18.655510"><time>2026-05-02T12:46:26.900Z</time></trkpt>
<trkpt lat="54.505814" lon="18.655468"><time>2026-05-02T12:46:28.900Z</time></trkpt>
<trkpt lat="54.505791" lon="18.655423"><time>2026-05-02T12:46:30.900Z</time></trkpt>
<trkpt lat="54.505766" lon="18.655379"><time>2026-05-02T12:46:32.900Z</time></trkpt>
<trkpt lat="54.505742" lon="18.655341"><time>2026-05-02T12:46:34.900Z</time></trkpt>
<trkpt lat="54.505718" lon="18.655304"><time>2026-05-02T12:46:36.900Z</time></trkpt>
<trkpt lat="54.505690" lon="18.655262"><time>2026-05-02T12:46:38.900Z</time></trkpt>
<trkpt lat="54.505668" lon="18.655220"><time>2026-05-02T12:46:40.900Z</time></trkpt>
<trkpt lat="54.505646" lon="18.655174"><time>2026-05-02T12:46:42.900Z</time></trkpt>
<trkpt lat="54.505626" lon="18.655147"><time>2026-05-02T12:46:44.900Z</time></trkpt>
<trkpt lat="54.505599" lon="18.655107"><time>2026-05-02T12:46:46.900Z</time></trkpt>
<trkpt lat="54.505573" lon="18.655066"><time>2026-05-02T12:46:48.900Z</time></trkpt>
<trkpt lat="54.505544" lon="18.655031"><time>2026-05-02T12:46:50.900Z</time></trkpt>
<trkpt lat="54.505512" lon="18.655004"><time>2026-05-02T12:46:52.900Z</time></trkpt>
<trkpt lat="54.505477" lon="18.654977"><time>2026-05-02T12:46:54.900Z</time></trkpt>
<trkpt lat="54.505444" lon="18.654943"><time>2026-05-02T12:46:56.900Z</time></trkpt>
<trkpt lat="54.505411" lon="18.654929"><time>2026-05-02T12:46:58.900Z</time></trkpt>
<trkpt lat="54.505378" lon="18.654906"><time>2026-05-02T12:47:00.900Z</time></trkpt>
<trkpt lat="54.505344" lon="18.654889"><time>2026-05-02T12:47:02.900Z</time></trkpt>
<trkpt lat="54.505312" lon="18.654881"><time>2026-05-02T12:47:04.900Z</time></trkpt>
<trkpt lat="54.505290" lon="18.654864"><time>2026-05-02T12:47:06.900Z</time></trkpt>
<trkpt lat="54.505274" lon="18.654833"><time>2026-05-02T12:47:08.900Z</time></trkpt>
<trkpt lat="54.505252" lon="18.654791"><time>2026-05-02T12:47:10.900Z</time></trkpt>
<trkpt lat="54.505229" lon="18.654744"><time>2026-05-02T12:47:12.900Z</time></trkpt>
<trkpt lat="54.505199" lon="18.654722"><time>2026-05-02T12:47:15.000Z</time></trkpt>
<trkpt lat="54.505168" lon="18.654702"><time>2026-05-02T12:47:17.000Z</time></trkpt>
<trkpt lat="54.505141" lon="18.654681"><time>2026-05-02T12:47:19.000Z</time></trkpt>
<trkpt lat="54.505103" lon="18.654654"><time>2026-05-02T12:47:21.000Z</time></trkpt>
<trkpt lat="54.505079" lon="18.654627"><time>2026-05-02T12:47:23.000Z</time></trkpt>
<trkpt lat="54.505046" lon="18.654594"><time>2026-05-02T12:47:25.000Z</time></trkpt>
<trkpt lat="54.505006" lon="18.654546"><time>2026-05-02T12:47:27.000Z</time></trkpt>
<trkpt lat="54.504985" lon="18.654518"><time>2026-05-02T12:47:29.000Z</time></trkpt>
<trkpt lat="54.504967" lon="18.654496"><time>2026-05-02T12:47:31.000Z</time></trkpt>
<trkpt lat="54.504942" lon="18.654453"><time>2026-05-02T12:47:33.000Z</time></trkpt>
<trkpt lat="54.504919" lon="18.654409"><time>2026-05-02T12:47:35.000Z</time></trkpt>
<trkpt lat="54.504898" lon="18.654370"><time>2026-05-02T12:47:37.000Z</time></trkpt>
<trkpt lat="54.504872" lon="18.654334"><time>2026-05-02T12:47:39.000Z</time></trkpt>
<trkpt lat="54.504844" lon="18.654298"><time>2026-05-02T12:47:41.000Z</time></trkpt>
<trkpt lat="54.504821" lon="18.654265"><time>2026-05-02T12:47:43.000Z</time></trkpt>
<trkpt lat="54.504796" lon="18.654228"><time>2026-05-02T12:47:45.000Z</time></trkpt>
<trkpt lat="54.504769" lon="18.654183"><time>2026-05-02T12:47:47.000Z</time></trkpt>
<trkpt lat="54.504742" lon="18.654144"><time>2026-05-02T12:47:49.000Z</time></trkpt>
<trkpt lat="54.504723" lon="18.654113"><time>2026-05-02T12:47:51.000Z</time></trkpt>
<trkpt lat="54.504700" lon="18.654076"><time>2026-05-02T12:47:53.000Z</time></trkpt>
<trkpt lat="54.504679" lon="18.654036"><time>2026-05-02T12:47:55.000Z</time></trkpt>
<trkpt lat="54.504654" lon="18.654007"><time>2026-05-02T12:47:57.000Z</time></trkpt>
<trkpt lat="54.504631" lon="18.653980"><time>2026-05-02T12:47:59.000Z</time></trkpt>
<trkpt lat="54.504610" lon="18.653954"><time>2026-05-02T12:48:01.000Z</time></trkpt>
<trkpt lat="54.504583" lon="18.653928"><time>2026-05-02T12:48:03.000Z</time></trkpt>
<trkpt lat="54.504549" lon="18.653901"><time>2026-05-02T12:48:05.000Z</time></trkpt>
<trkpt lat="54.504512" lon="18.653874"><time>2026-05-02T12:48:07.000Z</time></trkpt>
<trkpt lat="54.504483" lon="18.653848"><time>2026-05-02T12:48:08.900Z</time></trkpt>
<trkpt lat="54.504460" lon="18.653817"><time>2026-05-02T12:48:10.900Z</time></trkpt>
<trkpt lat="54.504430" lon="18.653773"><time>2026-05-02T12:48:12.900Z</time></trkpt>
<trkpt lat="54.504397" lon="18.653737"><time>2026-05-02T12:48:14.900Z</time></trkpt>
<trkpt lat="54.504377" lon="18.653711"><time>2026-05-02T12:48:16.900Z</time></trkpt>
<trkpt lat="54.504356" lon="18.653673"><time>2026-05-02T12:48:18.900Z</time></trkpt>
<trkpt lat="54.504332" lon="18.653641"><time>2026-05-02T12:48:20.900Z</time></trkpt>
<trkpt lat="54.504316" lon="18.653621"><time>2026-05-02T12:48:22.900Z</time></trkpt>
<trkpt lat="54.504295" lon="18.653588"><time>2026-05-02T12:48:24.900Z</time></trkpt>
<trkpt lat="54.504279" lon="18.653557"><time>2026-05-02T12:48:26.900Z</time></trkpt>
<trkpt lat="54.504260" lon="18.653526"><time>2026-05-02T12:48:28.900Z</time></trkpt>
<trkpt lat="54.504241" lon="18.653492"><time>2026-05-02T12:48:30.900Z</time></trkpt>
<trkpt lat="54.504220" lon="18.653452"><time>2026-05-02T12:48:32.900Z</time></trkpt>
<trkpt lat="54.504199" lon="18.653417"><time>2026-05-02T12:48:34.900Z</time></trkpt>
<trkpt lat="54.504182" lon="18.653385"><time>2026-05-02T12:48:36.900Z</time></trkpt>
<trkpt lat="54.504163" lon="18.653353"><time>2026-05-02T12:48:38.900Z</time></trkpt>
<trkpt lat="54.504143" lon="18.653320"><time>2026-05-02T12:48:40.900Z</time></trkpt>
<trkpt lat="54.504121" lon="18.653282"><time>2026-05-02T12:48:42.900Z</time></trkpt>
<trkpt lat="54.504105" lon="18.653251"><time>2026-05-02T12:48:44.900Z</time></trkpt>
<trkpt lat="54.504085" lon="18.653208"><time>2026-05-02T12:48:46.900Z</time></trkpt>
<trkpt lat="54.504061" lon="18.653166"><time>2026-05-02T12:48:48.900Z</time></trkpt>
<trkpt lat="54.504042" lon="18.653150"><time>2026-05-02T12:48:50.900Z</time></trkpt>
<trkpt lat="54.504026" lon="18.653128"><time>2026-05-02T12:48:52.900Z</time></trkpt>
<trkpt lat="54.504015" lon="18.653094"><time>2026-05-02T12:48:54.900Z</time></trkpt>
<trkpt lat="54.504007" lon="18.653069"><time>2026-05-02T12:48:56.900Z</time></trkpt>
<trkpt lat="54.503995" lon="18.653032"><time>2026-05-02T12:48:58.900Z</time></trkpt>
<trkpt lat="54.503981" lon="18.652989"><time>2026-05-02T12:49:00.900Z</time></trkpt>
<trkpt lat="54.503964" lon="18.652944"><time>2026-05-02T12:49:02.900Z</time></trkpt>
<trkpt lat="54.503953" lon="18.652915"><time>2026-05-02T12:49:04.900Z</time></trkpt>
<trkpt lat="54.503935" lon="18.652879"><time>2026-05-02T12:49:06.900Z</time></trkpt>
<trkpt lat="54.503916" lon="18.652848"><time>2026-05-02T12:49:08.900Z</time></trkpt>
<trkpt lat="54.503897" lon="18.652815"><time>2026-05-02T12:49:10.900Z</time></trkpt>
<trkpt lat="54.503879" lon="18.652771"><time>2026-05-02T12:49:12.900Z</time></trkpt>
<trkpt lat="54.503861" lon="18.652726"><time>2026-05-02T12:49:14.900Z</time></trkpt>
<trkpt lat="54.503853" lon="18.652690"><time>2026-05-02T12:49:16.900Z</time></trkpt>
<trkpt lat="54.503841" lon="18.652657"><time>2026-05-02T12:49:18.900Z</time></trkpt>
<trkpt lat="54.503826" lon="18.652617"><time>2026-05-02T12:49:21.000Z</time></trkpt>
<trkpt lat="54.503815" lon="18.652579"><time>2026-05-02T12:49:23.000Z</time></trkpt>
<trkpt lat="54.503809" lon="18.652541"><time>2026-05-02T12:49:25.000Z</time></trkpt>
<trkpt lat="54.503802" lon="18.652505"><time>2026-05-02T12:49:27.000Z</time></trkpt>
<trkpt lat="54.503793" lon="18.652478"><time>2026-05-02T12:49:29.000Z</time></trkpt>
<trkpt lat="54.503783" lon="18.652444"><time>2026-05-02T12:49:31.000Z</time></trkpt>
<trkpt lat="54.503773" lon="18.652407"><time>2026-05-02T12:49:33.000Z</time></trkpt>
<trkpt lat="54.503766" lon="18.652373"><time>2026-05-02T12:49:35.000Z</time></trkpt>
<trkpt lat="54.503758" lon="18.652331"><time>2026-05-02T12:49:37.000Z</time></trkpt>
<trkpt lat="54.503753" lon="18.652296"><time>2026-05-02T12:49:39.000Z</time></trkpt>
<trkpt lat="54.503748" lon="18.652262"><time>2026-05-02T12:49:41.000Z</time></trkpt>
<trkpt lat="54.503751" lon="18.652227"><time>2026-05-02T12:49:43.000Z</time></trkpt>
<trkpt lat="54.503754" lon="18.652196"><time>2026-05-02T12:49:45.000Z</time></trkpt>
<trkpt lat="54.503757" lon="18.652159"><time>2026-05-02T12:49:47.000Z</time></trkpt>
<trkpt lat="54.503763" lon="18.652126"><time>2026-05-02T12:49:49.000Z</time></trkpt>
<trkpt lat="54.503771" lon="18.652096"><time>2026-05-02T12:49:51.000Z</time></trkpt>
<trkpt lat="54.503779" lon="18.652064"><time>2026-05-02T12:49:53.000Z</time></trkpt>
<trkpt lat="54.503789" lon="18.652035"><time>2026-05-02T12:49:55.000Z</time></trkpt>
<trkpt lat="54.503798" lon="18.652007"><time>2026-05-02T12:49:57.000Z</time></trkpt>
<trkpt lat="54.503807" lon="18.651982"><time>2026-05-02T12:49:59.000Z</time></trkpt>
<trkpt lat="54.503818" lon="18.651957"><time>2026-05-02T12:50:01.000Z</time></trkpt>
<trkpt lat="54.503827" lon="18.651932"><time>2026-05-02T12:50:03.000Z</time></trkpt>
<trkpt lat="54.503834" lon="18.651905"><time>2026-05-02T12:50:05.000Z</time></trkpt>
<trkpt lat="54.503842" lon="18.651877"><time>2026-05-02T12:50:06.900Z</time></trkpt>
<trkpt lat="54.503848" lon="18.651847"><time>2026-05-02T12:50:08.900Z</time></trkpt>
<trkpt lat="54.503853" lon="18.651815"><time>2026-05-02T12:50:10.900Z</time></trkpt>
<trkpt lat="54.503858" lon="18.651784"><time>2026-05-02T12:50:12.900Z</time></trkpt>
<trkpt lat="54.503863" lon="18.651758"><time>2026-05-02T12:50:14.900Z</time></trkpt>
<trkpt lat="54.503867" lon="18.651734"><time>2026-05-02T12:50:16.900Z</time></trkpt>
<trkpt lat="54.503870" lon="18.651712"><time>2026-05-02T12:50:18.900Z</time></trkpt>
<trkpt lat="54.503872" lon="18.651686"><time>2026-05-02T12:50:20.900Z</time></trkpt>
<trkpt lat="54.503874" lon="18.651666"><time>2026-05-02T12:50:22.900Z</time></trkpt>
<trkpt lat="54.503876" lon="18.651643"><time>2026-05-02T12:50:24.900Z</time></trkpt>
<trkpt lat="54.503880" lon="18.651621"><time>2026-05-02T12:50:26.900Z</time></trkpt>
<trkpt lat="54.503882" lon="18.651595"><time>2026-05-02T12:50:28.900Z</time></trkpt>
<trkpt lat="54.503884" lon="18.651571"><time>2026-05-02T12:50:30.900Z</time></trkpt>
<trkpt lat="54.503888" lon="18.651547"><time>2026-05-02T12:50:32.900Z</time></trkpt>
<trkpt lat="54.503891" lon="18.651525"><time>2026-05-02T12:50:34.900Z</time></trkpt>
<trkpt lat="54.503894" lon="18.651501"><time>2026-05-02T12:50:36.900Z</time></trkpt>
<trkpt lat="54.503897" lon="18.651487"><time>2026-05-02T12:50:38.900Z</time></trkpt>
<trkpt lat="54.503899" lon="18.651467"><time>2026-05-02T12:50:40.900Z</time></trkpt>
<trkpt lat="54.503903" lon="18.651450"><time>2026-05-02T12:50:42.900Z</time></trkpt>
<trkpt lat="54.503906" lon="18.651430"><time>2026-05-02T12:50:44.900Z</time></trkpt>
<trkpt lat="54.503907" lon="18.651414"><time>2026-05-02T12:50:46.900Z</time></trkpt>
<trkpt lat="54.503908" lon="18.651394"><time>2026-05-02T12:50:48.900Z</time></trkpt>
<trkpt lat="54.503916" lon="18.651365"><time>2026-05-02T12:50:50.900Z</time></trkpt>
<trkpt lat="54.503918" lon="18.651317"><time>2026-05-02T12:50:52.900Z</time></trkpt>
<trkpt lat="54.503921" lon="18.651299"><time>2026-05-02T12:50:54.900Z</time></trkpt>
<trkpt lat="54.503922" lon="18.651287"><time>2026-05-02T12:50:56.900Z</time></trkpt>
<trkpt lat="54.503923" lon="18.651278"><time>2026-05-02T12:50:58.900Z</time></trkpt>
<trkpt lat="54.503928" lon="18.651264"><time>2026-05-02T12:51:00.900Z</time></trkpt>
<trkpt lat="54.503929" lon="18.651252"><time>2026-05-02T12:51:02.900Z</time></trkpt>
<trkpt lat="54.503935" lon="18.651195"><time>2026-05-02T12:51:04.900Z</time></trkpt>
<trkpt lat="54.503933" lon="18.651168"><time>2026-05-02T12:51:06.900Z</time></trkpt>
<trkpt lat="54.503933" lon="18.651149"><time>2026-05-02T12:51:08.900Z</time></trkpt>
<trkpt lat="54.503936" lon="18.651138"><time>2026-05-02T12:51:10.900Z</time></trkpt>
<trkpt lat="54.503940" lon="18.651125"><time>2026-05-02T12:51:12.900Z</time></trkpt>
<trkpt lat="54.503941" lon="18.651113"><time>2026-05-02T12:51:14.900Z</time></trkpt>
<trkpt lat="54.503934" lon="18.651112"><time>2026-05-02T12:51:16.900Z</time></trkpt>
<trkpt lat="54.503928" lon="18.651111"><time>2026-05-02T12:51:18.900Z</time></trkpt>
<trkpt lat="54.503928" lon="18.651105"><time>2026-05-02T12:51:20.900Z</time></trkpt>
<trkpt lat="54.503928" lon="18.651100"><time>2026-05-02T12:51:22.900Z</time></trkpt>
<trkpt lat="54.503926" lon="18.651085"><time>2026-05-02T12:51:24.900Z</time></trkpt>
<trkpt lat="54.503921" lon="18.651068"><time>2026-05-02T12:51:27.000Z</time></trkpt>
<trkpt lat="54.503915" lon="18.651049"><time>2026-05-02T12:51:29.000Z</time></trkpt>
<trkpt lat="54.503909" lon="18.651031"><time>2026-05-02T12:51:31.000Z</time></trkpt>
<trkpt lat="54.503903" lon="18.651021"><time>2026-05-02T12:51:33.000Z</time></trkpt>
<trkpt lat="54.503898" lon="18.651004"><time>2026-05-02T12:51:35.000Z</time></trkpt>
<trkpt lat="54.503894" lon="18.650982"><time>2026-05-02T12:51:37.000Z</time></trkpt>
<trkpt lat="54.503891" lon="18.650955"><time>2026-05-02T12:51:39.000Z</time></trkpt>
<trkpt lat="54.503889" lon="18.650928"><time>2026-05-02T12:51:41.000Z</time></trkpt>
<trkpt lat="54.503888" lon="18.650903"><time>2026-05-02T12:51:43.000Z</time></trkpt>
<trkpt lat="54.503887" lon="18.650879"><time>2026-05-02T12:51:45.000Z</time></trkpt>
<trkpt lat="54.503887" lon="18.650857"><time>2026-05-02T12:51:47.000Z</time></trkpt>
<trkpt lat="54.503887" lon="18.650832"><time>2026-05-02T12:51:49.000Z</time></trkpt>
<trkpt lat="54.503888" lon="18.650809"><time>2026-05-02T12:51:51.000Z</time></trkpt>
<trkpt lat="54.503888" lon="18.650788"><time>2026-05-02T12:51:53.000Z</time></trkpt>
<trkpt lat="54.503888" lon="18.650767"><time>2026-05-02T12:51:55.000Z</time></trkpt>
<trkpt lat="54.503887" lon="18.650749"><time>2026-05-02T12:51:57.000Z</time></trkpt>
<trkpt lat="54.503887" lon="18.650732"><time>2026-05-02T12:51:59.000Z</time></trkpt>
<trkpt lat="54.503891" lon="18.650706"><time>2026-05-02T12:52:01.000Z</time></trkpt>
<trkpt lat="54.503893" lon="18.650683"><time>2026-05-02T12:52:03.000Z</time></trkpt>
<trkpt lat="54.503893" lon="18.650660"><time>2026-05-02T12:52:05.000Z</time></trkpt>
<trkpt lat="54.503895" lon="18.650638"><time>2026-05-02T12:52:07.000Z</time></trkpt>
<trkpt lat="54.503896" lon="18.650620"><time>2026-05-02T12:52:08.900Z</time></trkpt>
<trkpt lat="54.503897" lon="18.650603"><time>2026-05-02T12:52:10.900Z</time></trkpt>
<trkpt lat="54.503900" lon="18.650584"><time>2026-05-02T12:52:12.900Z</time></trkpt>
<trkpt lat="54.503902" lon="18.650568"><time>2026-05-02T12:52:14.900Z</time></trkpt>
<trkpt lat="54.503904" lon="18.650550"><time>2026-05-02T12:52:16.900Z</time></trkpt>
<trkpt lat="54.503906" lon="18.650530"><time>2026-05-02T12:52:18.900Z</time></trkpt>
<trkpt lat="54.503909" lon="18.650516"><time>2026-05-02T12:52:20.900Z</time></trkpt>
<trkpt lat="54.503912" lon="18.650503"><time>2026-05-02T12:52:22.900Z</time></trkpt>
<trkpt lat="54.503917" lon="18.650486"><time>2026-05-02T12:52:24.900Z</time></trkpt>
<trkpt lat="54.503920" lon="18.650473"><time>2026-05-02T12:52:26.900Z</time></trkpt>
<trkpt lat="54.503924" lon="18.650461"><time>2026-05-02T12:52:28.900Z</time></trkpt>
<trkpt lat="54.503927" lon="18.650443"><time>2026-05-02T12:52:30.900Z</time></trkpt>
<trkpt lat="54.503931" lon="18.650428"><time>2026-05-02T12:52:32.900Z</time></trkpt>
<trkpt lat="54.503934" lon="18.650415"><time>2026-05-02T12:52:34.900Z</time></trkpt>
<trkpt lat="54.503938" lon="18.650399"><time>2026-05-02T12:52:36.900Z</time></trkpt>
<trkpt lat="54.503941" lon="18.650385"><time>2026-05-02T12:52:38.900Z</time></trkpt>
<trkpt lat="54.503945" lon="18.650367"><time>2026-05-02T12:52:40.900Z</time></trkpt>
<trkpt lat="54.503949" lon="18.650354"><time>2026-05-02T12:52:42.900Z</time></trkpt>
<trkpt lat="54.503953" lon="18.650338"><time>2026-05-02T12:52:44.900Z</time></trkpt>
<trkpt lat="54.503957" lon="18.650327"><time>2026-05-02T12:52:46.900Z</time></trkpt>
<trkpt lat="54.503960" lon="18.650316"><time>2026-05-02T12:52:48.900Z</time></trkpt>
<trkpt lat="54.503963" lon="18.650306"><time>2026-05-02T12:52:50.900Z</time></trkpt>
<trkpt lat="54.503966" lon="18.650296"><time>2026-05-02T12:52:52.900Z</time></trkpt>
<trkpt lat="54.503969" lon="18.650281"><time>2026-05-02T12:52:54.900Z</time></trkpt>
<trkpt lat="54.503971" lon="18.650264"><time>2026-05-02T12:52:56.900Z</time></trkpt>
<trkpt lat="54.503973" lon="18.650252"><time>2026-05-02T12:52:58.900Z</time></trkpt>
<trkpt lat="54.503974" lon="18.650237"><time>2026-05-02T12:53:00.900Z</time></trkpt>
<trkpt lat="54.503976" lon="18.650229"><time>2026-05-02T12:53:02.900Z</time></trkpt>
<trkpt lat="54.503977" lon="18.650214"><time>2026-05-02T12:53:04.900Z</time></trkpt>
<trkpt lat="54.503978" lon="18.650198"><time>2026-05-02T12:53:06.900Z</time></trkpt>
<trkpt lat="54.503979" lon="18.650186"><time>2026-05-02T12:53:08.900Z</time></trkpt>
<trkpt lat="54.503980" lon="18.650169"><time>2026-05-02T12:53:10.900Z</time></trkpt>
<trkpt lat="54.503981" lon="18.650157"><time>2026-05-02T12:53:12.900Z</time></trkpt>
<trkpt lat="54.503983" lon="18.650138"><time>2026-05-02T12:53:14.900Z</time></trkpt>
<trkpt lat="54.503985" lon="18.650108"><time>2026-05-02T12:53:16.900Z</time></trkpt>
<trkpt lat="54.503989" lon="18.650092"><time>2026-05-02T12:53:18.900Z</time></trkpt>
<trkpt lat="54.503993" lon="18.650075"><time>2026-05-02T12:53:20.900Z</time></trkpt>
<trkpt lat="54.504000" lon="18.650074"><time>2026-05-02T12:53:22.900Z</time></trkpt>
<trkpt lat="54.504002" lon="18.650060"><time>2026-05-02T12:53:24.900Z</time></trkpt>
<trkpt lat="54.504004" lon="18.650048"><time>2026-05-02T12:53:26.900Z</time></trkpt>
<trkpt lat="54.504004" lon="18.650033"><time>2026-05-02T12:53:28.900Z</time></trkpt>
<trkpt lat="54.504004" lon="18.650022"><time>2026-05-02T12:53:30.900Z</time></trkpt>
<trkpt lat="54.504005" lon="18.650005"><time>2026-05-02T12:53:33.000Z</time></trkpt>
<trkpt lat="54.504007" lon="18.649990"><time>2026-05-02T12:53:35.000Z</time></trkpt>
<trkpt lat="54.504010" lon="18.649976"><time>2026-05-02T12:53:37.000Z</time></trkpt>
<trkpt lat="54.504012" lon="18.649961"><time>2026-05-02T12:53:39.000Z</time></trkpt>
<trkpt lat="54.504013" lon="18.649950"><time>2026-05-02T12:53:41.000Z</time></trkpt>
<trkpt lat="54.504013" lon="18.649941"><time>2026-05-02T12:53:43.000Z</time></trkpt>
<trkpt lat="54.504015" lon="18.649928"><time>2026-05-02T12:53:45.000Z</time></trkpt>
<trkpt lat="54.504016" lon="18.649919"><time>2026-05-02T12:53:47.000Z</time></trkpt>
<trkpt lat="54.504016" lon="18.649911"><time>2026-05-02T12:53:49.000Z</time></trkpt>
<trkpt lat="54.504017" lon="18.649900"><time>2026-05-02T12:53:51.000Z</time></trkpt>
<trkpt lat="54.504018" lon="18.649884"><time>2026-05-02T12:53:53.000Z</time></trkpt>
<trkpt lat="54.504019" lon="18.649875"><time>2026-05-02T12:53:55.000Z</time></trkpt>
<trkpt lat="54.504019" lon="18.649867"><time>2026-05-02T12:53:57.000Z</time></trkpt>
<trkpt lat="54.504019" lon="18.649858"><time>2026-05-02T12:53:59.000Z</time></trkpt>
<trkpt lat="54.504020" lon="18.649850"><time>2026-05-02T12:54:01.000Z</time></trkpt>
<trkpt lat="54.504023" lon="18.649841"><time>2026-05-02T12:54:03.000Z</time></trkpt>
<trkpt lat="54.504023" lon="18.649828"><time>2026-05-02T12:54:05.000Z</time></trkpt>
<trkpt lat="54.504025" lon="18.649811"><time>2026-05-02T12:54:07.000Z</time></trkpt>
<trkpt lat="54.504026" lon="18.649792"><time>2026-05-02T12:54:09.000Z</time></trkpt>
<trkpt lat="54.504028" lon="18.649778"><time>2026-05-02T12:54:10.900Z</time></trkpt>
<trkpt lat="54.504028" lon="18.649764"><time>2026-05-02T12:54:12.900Z</time></trkpt>
<trkpt lat="54.504030" lon="18.649747"><time>2026-05-02T12:54:14.900Z</time></trkpt>
<trkpt lat="54.504032" lon="18.649732"><time>2026-05-02T12:54:16.900Z</time></trkpt>
<trkpt lat="54.504034" lon="18.649716"><time>2026-05-02T12:54:18.900Z</time></trkpt>
<trkpt lat="54.504037" lon="18.649704"><time>2026-05-02T12:54:20.900Z</time></trkpt>
<trkpt lat="54.504040" lon="18.649691"><time>2026-05-02T12:54:22.900Z</time></trkpt>
<trkpt lat="54.504041" lon="18.649681"><time>2026-05-02T12:54:24.900Z</time></trkpt>
<trkpt lat="54.504043" lon="18.649670"><time>2026-05-02T12:54:26.900Z</time></trkpt>
<trkpt lat="54.504046" lon="18.649656"><time>2026-05-02T12:54:28.900Z</time></trkpt>
<trkpt lat="54.504049" lon="18.649643"><time>2026-05-02T12:54:30.900Z</time></trkpt>
<trkpt lat="54.504052" lon="18.649637"><time>2026-05-02T12:54:32.900Z</time></trkpt>
<trkpt lat="54.504052" lon="18.649636"><time>2026-05-02T12:54:34.900Z</time></trkpt>
<trkpt lat="54.504055" lon="18.649625"><time>2026-05-02T12:54:36.900Z</time></trkpt>
<trkpt lat="54.504056" lon="18.649621"><time>2026-05-02T12:54:38.900Z</time></trkpt>
<trkpt lat="54.504056" lon="18.649621"><time>2026-05-02T12:54:40.900Z</time></trkpt>
<trkpt lat="54.504057" lon="18.649616"><time>2026-05-02T12:54:42.900Z</time></trkpt>
<trkpt lat="54.504061" lon="18.649602"><time>2026-05-02T12:54:44.900Z</time></trkpt>
<trkpt lat="54.504064" lon="18.649587"><time>2026-05-02T12:54:46.900Z</time></trkpt>
<trkpt lat="54.504066" lon="18.649570"><time>2026-05-02T12:54:48.900Z</time></trkpt>
<trkpt lat="54.504067" lon="18.649554"><time>2026-05-02T12:54:50.900Z</time></trkpt>
<trkpt lat="54.504069" lon="18.649541"><time>2026-05-02T12:54:52.900Z</time></trkpt>
<trkpt lat="54.504073" lon="18.649527"><time>2026-05-02T12:54:54.900Z</time></trkpt>
<trkpt lat="54.504076" lon="18.649514"><time>2026-05-02T12:54:56.900Z</time></trkpt>
<trkpt lat="54.504079" lon="18.649503"><time>2026-05-02T12:54:58.900Z</time></trkpt>
<trkpt lat="54.504081" lon="18.649493"><time>2026-05-02T12:55:00.900Z</time></trkpt>
<trkpt lat="54.504083" lon="18.649481"><time>2026-05-02T12:55:02.900Z</time></trkpt>
<trkpt lat="54.504084" lon="18.649471"><time>2026-05-02T12:55:04.900Z</time></trkpt>
<trkpt lat="54.504084" lon="18.649462"><time>2026-05-02T12:55:06.900Z</time></trkpt>
<trkpt lat="54.504086" lon="18.649451"><time>2026-05-02T12:55:08.900Z</time></trkpt>
<trkpt lat="54.504086" lon="18.649445"><time>2026-05-02T12:55:10.900Z</time></trkpt>
<trkpt lat="54.504088" lon="18.649433"><time>2026-05-02T12:55:12.900Z</time></trkpt>
<trkpt lat="54.504090" lon="18.649422"><time>2026-05-02T12:55:14.900Z</time></trkpt>
<trkpt lat="54.504091" lon="18.649415"><time>2026-05-02T12:55:16.900Z</time></trkpt>
<trkpt lat="54.504092" lon="18.649409"><time>2026-05-02T12:55:18.900Z</time></trkpt>
<trkpt lat="54.504093" lon="18.649399"><time>2026-05-02T12:55:20.900Z</time></trkpt>
<trkpt lat="54.504093" lon="18.649394"><time>2026-05-02T12:55:22.900Z</time></trkpt>
<trkpt lat="54.504093" lon="18.649383"><time>2026-05-02T12:55:24.900Z</time></trkpt>
<trkpt lat="54.504094" lon="18.649373"><time>2026-05-02T12:55:26.900Z</time></trkpt>
<trkpt lat="54.504096" lon="18.649355"><time>2026-05-02T12:55:28.900Z</time></trkpt>
<trkpt lat="54.504097" lon="18.649341"><time>2026-05-02T12:55:30.900Z</time></trkpt>
<trkpt lat="54.504099" lon="18.649326"><time>2026-05-02T12:55:32.900Z</time></trkpt>
<trkpt lat="54.504099" lon="18.649312"><time>2026-05-02T12:55:34.900Z</time></trkpt>
<trkpt lat="54.504100" lon="18.649299"><time>2026-05-02T12:55:37.000Z</time></trkpt>
<trkpt lat="54.504102" lon="18.649286"><time>2026-05-02T12:55:39.000Z</time></trkpt>
<trkpt lat="54.504107" lon="18.649271"><time>2026-05-02T12:55:41.000Z</time></trkpt>
<trkpt lat="54.504106" lon="18.649257"><time>2026-05-02T12:55:43.000Z</time></trkpt>
<trkpt lat="54.504109" lon="18.649250"><time>2026-05-02T12:55:45.000Z</time></trkpt>
<trkpt lat="54.504117" lon="18.649243"><time>2026-05-02T12:55:47.000Z</time></trkpt>
<trkpt lat="54.504123" lon="18.649234"><time>2026-05-02T12:55:49.000Z</time></trkpt>
<trkpt lat="54.504128" lon="18.649218"><time>2026-05-02T12:55:51.000Z</time></trkpt>
<trkpt lat="54.504134" lon="18.649210"><time>2026-05-02T12:55:53.000Z</time></trkpt>
<trkpt lat="54.504139" lon="18.649198"><time>2026-05-02T12:55:55.000Z</time></trkpt>
<trkpt lat="54.504146" lon="18.649194"><time>2026-05-02T12:55:57.000Z</time></trkpt>
<trkpt lat="54.504152" lon="18.649185"><time>2026-05-02T12:55:59.000Z</time></trkpt>
<trkpt lat="54.504159" lon="18.649177"><time>2026-05-02T12:56:01.000Z</time></trkpt>
<trkpt lat="54.504165" lon="18.649173"><time>2026-05-02T12:56:03.000Z</time></trkpt>
<trkpt lat="54.504171" lon="18.649167"><time>2026-05-02T12:56:05.000Z</time></trkpt>
<trkpt lat="54.504175" lon="18.649163"><time>2026-05-02T12:56:07.000Z</time></trkpt>
<trkpt lat="54.504182" lon="18.649154"><time>2026-05-02T12:56:09.000Z</time></trkpt>
<trkpt lat="54.504186" lon="18.649152"><time>2026-05-02T12:56:11.000Z</time></trkpt>
<trkpt lat="54.504193" lon="18.649142"><time>2026-05-02T12:56:12.900Z</time></trkpt>
<trkpt lat="54.504197" lon="18.649134"><time>2026-05-02T12:56:14.900Z</time></trkpt>
<trkpt lat="54.504202" lon="18.649138"><time>2026-05-02T12:56:16.900Z</time></trkpt>
<trkpt lat="54.504208" lon="18.649130"><time>2026-05-02T12:56:18.900Z</time></trkpt>
<trkpt lat="54.504213" lon="18.649126"><time>2026-05-02T12:56:20.900Z</time></trkpt>
<trkpt lat="54.504219" lon="18.649116"><time>2026-05-02T12:56:22.900Z</time></trkpt>
<trkpt lat="54.504225" lon="18.649105"><time>2026-05-02T12:56:24.900Z</time></trkpt>
<trkpt lat="54.504231" lon="18.649097"><time>2026-05-02T12:56:26.900Z</time></trkpt>
<trkpt lat="54.504235" lon="18.649090"><time>2026-05-02T12:56:28.900Z</time></trkpt>
<trkpt lat="54.504240" lon="18.649083"><time>2026-05-02T12:56:30.900Z</time></trkpt>
<trkpt lat="54.504246" lon="18.649077"><time>2026-05-02T12:56:32.900Z</time></trkpt>
<trkpt lat="54.504251" lon="18.649071"><time>2026-05-02T12:56:34.900Z</time></trkpt>
<trkpt lat="54.504257" lon="18.649063"><time>2026-05-02T12:56:36.900Z</time></trkpt>
<trkpt lat="54.504263" lon="18.649058"><time>2026-05-02T12:56:38.900Z</time></trkpt>
<trkpt lat="54.504270" lon="18.649050"><time>2026-05-02T12:56:40.900Z</time></trkpt>
<trkpt lat="54.504276" lon="18.649044"><time>2026-05-02T12:56:42.900Z</time></trkpt>
<trkpt lat="54.504282" lon="18.649033"><time>2026-05-02T12:56:44.900Z</time></trkpt>
<trkpt lat="54.504289" lon="18.649026"><time>2026-05-02T12:56:46.900Z</time></trkpt>
<trkpt lat="54.504293" lon="18.649025"><time>2026-05-02T12:56:48.900Z</time></trkpt>
<trkpt lat="54.504299" lon="18.649024"><time>2026-05-02T12:56:50.900Z</time></trkpt>
<trkpt lat="54.504307" lon="18.649014"><time>2026-05-02T12:56:52.900Z</time></trkpt>
<trkpt lat="54.504313" lon="18.649002"><time>2026-05-02T12:56:54.900Z</time></trkpt>
<trkpt lat="54.504318" lon="18.648997"><time>2026-05-02T12:56:56.900Z</time></trkpt>
<trkpt lat="54.504321" lon="18.648992"><time>2026-05-02T12:56:58.900Z</time></trkpt>
<trkpt lat="54.504326" lon="18.648984"><time>2026-05-02T12:57:00.900Z</time></trkpt>
<trkpt lat="54.504332" lon="18.648994"><time>2026-05-02T12:57:02.900Z</time></trkpt>
<trkpt lat="54.504339" lon="18.649011"><time>2026-05-02T12:57:04.900Z</time></trkpt>
<trkpt lat="54.504345" lon="18.649001"><time>2026-05-02T12:57:06.900Z</time></trkpt>
<trkpt lat="54.504350" lon="18.648990"><time>2026-05-02T12:57:08.900Z</time></trkpt>
<trkpt lat="54.504355" lon="18.648955"><time>2026-05-02T12:57:10.900Z</time></trkpt>
<trkpt lat="54.504356" lon="18.648941"><time>2026-05-02T12:57:12.900Z</time></trkpt>
<trkpt lat="54.504360" lon="18.648931"><time>2026-05-02T12:57:14.900Z</time></trkpt>
<trkpt lat="54.504366" lon="18.648934"><time>2026-05-02T12:57:16.900Z</time></trkpt>
<trkpt lat="54.504371" lon="18.648935"><time>2026-05-02T12:57:18.900Z</time></trkpt>
<trkpt lat="54.504377" lon="18.648936"><time>2026-05-02T12:57:20.900Z</time></trkpt>
<trkpt lat="54.504386" lon="18.648922"><time>2026-05-02T12:57:22.900Z</time></trkpt>
<trkpt lat="54.504391" lon="18.648915"><time>2026-05-02T12:57:24.900Z</time></trkpt>
<trkpt lat="54.504398" lon="18.648920"><time>2026-05-02T12:57:26.900Z</time></trkpt>
<trkpt lat="54.504403" lon="18.648916"><time>2026-05-02T12:57:28.900Z</time></trkpt>
<trkpt lat="54.504404" lon="18.648916"><time>2026-05-02T12:57:30.900Z</time></trkpt>
<trkpt lat="54.504403" lon="18.648920"><time>2026-05-02T12:57:32.900Z</time></trkpt>
<trkpt lat="54.504392" lon="18.648925"><time>2026-05-02T12:57:34.900Z</time></trkpt>
<trkpt lat="54.504394" lon="18.648925"><time>2026-05-02T12:57:36.900Z</time></trkpt>
<trkpt lat="54.504395" lon="18.648924"><time>2026-05-02T12:57:38.900Z</time></trkpt>
<trkpt lat="54.504394" lon="18.648913"><time>2026-05-02T12:57:40.900Z</time></trkpt>
<trkpt lat="54.504394" lon="18.648908"><time>2026-05-02T12:57:43.000Z</time></trkpt>
<trkpt lat="54.504395" lon="18.648900"><time>2026-05-02T12:57:45.000Z</time></trkpt>
<trkpt lat="54.504396" lon="18.648901"><time>2026-05-02T12:57:47.000Z</time></trkpt>
<trkpt lat="54.504397" lon="18.648900"><time>2026-05-02T12:57:49.000Z</time></trkpt>
<trkpt lat="54.504397" lon="18.648893"><time>2026-05-02T12:57:51.000Z</time></trkpt>
<trkpt lat="54.504398" lon="18.648891"><time>2026-05-02T12:57:53.000Z</time></trkpt>
<trkpt lat="54.504399" lon="18.648883"><time>2026-05-02T12:57:55.000Z</time></trkpt>
<trkpt lat="54.504399" lon="18.648879"><time>2026-05-02T12:57:57.000Z</time></trkpt>
<trkpt lat="54.504398" lon="18.648878"><time>2026-05-02T12:57:59.000Z</time></trkpt>
<trkpt lat="54.504398" lon="18.648878"><time>2026-05-02T12:58:01.000Z</time></trkpt>
<trkpt lat="54.504398" lon="18.648868"><time>2026-05-02T12:58:03.000Z</time></trkpt>
<trkpt lat="54.504398" lon="18.648863"><time>2026-05-02T12:58:05.000Z</time></trkpt>
<trkpt lat="54.504398" lon="18.648862"><time>2026-05-02T12:58:07.000Z</time></trkpt>
<trkpt lat="54.504399" lon="18.648860"><time>2026-05-02T12:58:09.000Z</time></trkpt>
<trkpt lat="54.504398" lon="18.648847"><time>2026-05-02T12:58:11.000Z</time></trkpt>
<trkpt lat="54.504399" lon="18.648838"><time>2026-05-02T12:58:13.000Z</time></trkpt>
<trkpt lat="54.504400" lon="18.648828"><time>2026-05-02T12:58:15.000Z</time></trkpt>
<trkpt lat="54.504400" lon="18.648824"><time>2026-05-02T12:58:16.900Z</time></trkpt>
<trkpt lat="54.504399" lon="18.648820"><time>2026-05-02T12:58:18.900Z</time></trkpt>
<trkpt lat="54.504398" lon="18.648817"><time>2026-05-02T12:58:20.900Z</time></trkpt>
<trkpt lat="54.504397" lon="18.648819"><time>2026-05-02T12:58:22.900Z</time></trkpt>
<trkpt lat="54.504398" lon="18.648818"><time>2026-05-02T12:58:24.900Z</time></trkpt>
<trkpt lat="54.504398" lon="18.648811"><time>2026-05-02T12:58:26.900Z</time></trkpt>
<trkpt lat="54.504399" lon="18.648808"><time>2026-05-02T12:58:28.900Z</time></trkpt>
<trkpt lat="54.504400" lon="18.648807"><time>2026-05-02T12:58:30.900Z</time></trkpt>
<trkpt lat="54.504402" lon="18.648799"><time>2026-05-02T12:58:32.900Z</time></trkpt>
<trkpt lat="54.504405" lon="18.648794"><time>2026-05-02T12:58:34.900Z</time></trkpt>
<trkpt lat="54.504408" lon="18.648790"><time>2026-05-02T12:58:36.900Z</time></trkpt>
<trkpt lat="54.504412" lon="18.648782"><time>2026-05-02T12:58:38.900Z</time></trkpt>
<trkpt lat="54.504416" lon="18.648765"><time>2026-05-02T12:58:40.900Z</time></trkpt>
<trkpt lat="54.504421" lon="18.648750"><time>2026-05-02T12:58:42.900Z</time></trkpt>
<trkpt lat="54.504426" lon="18.648735"><time>2026-05-02T12:58:44.900Z</time></trkpt>
<trkpt lat="54.504431" lon="18.648720"><time>2026-05-02T12:58:46.900Z</time></trkpt>
<trkpt lat="54.504437" lon="18.648699"><time>2026-05-02T12:58:48.900Z</time></trkpt>
<trkpt lat="54.504444" lon="18.648684"><time>2026-05-02T12:58:50.900Z</time></trkpt>
<trkpt lat="54.504454" lon="18.648669"><time>2026-05-02T12:58:52.900Z</time></trkpt>
<trkpt lat="54.504464" lon="18.648656"><time>2026-05-02T12:58:54.900Z</time></trkpt>
<trkpt lat="54.504475" lon="18.648647"><time>2026-05-02T12:58:56.900Z</time></trkpt>
<trkpt lat="54.504486" lon="18.648636"><time>2026-05-02T12:58:58.900Z</time></trkpt>
<trkpt lat="54.504498" lon="18.648626"><time>2026-05-02T12:59:00.900Z</time></trkpt>
<trkpt lat="54.504509" lon="18.648619"><time>2026-05-02T12:59:02.900Z</time></trkpt>
<trkpt lat="54.504521" lon="18.648610"><time>2026-05-02T12:59:04.900Z</time></trkpt>
<trkpt lat="54.504526" lon="18.648611"><time>2026-05-02T12:59:06.900Z</time></trkpt>
<trkpt lat="54.504539" lon="18.648608"><time>2026-05-02T12:59:08.900Z</time></trkpt>
<trkpt lat="54.504557" lon="18.648593"><time>2026-05-02T12:59:10.900Z</time></trkpt>
<trkpt lat="54.504579" lon="18.648582"><time>2026-05-02T12:59:12.900Z</time></trkpt>
<trkpt lat="54.504590" lon="18.648574"><time>2026-05-02T12:59:14.900Z</time></trkpt>
<trkpt lat="54.504609" lon="18.648568"><time>2026-05-02T12:59:16.900Z</time></trkpt>
<trkpt lat="54.504626" lon="18.648559"><time>2026-05-02T12:59:18.900Z</time></trkpt>
<trkpt lat="54.504644" lon="18.648548"><time>2026-05-02T12:59:20.900Z</time></trkpt>
<trkpt lat="54.504664" lon="18.648537"><time>2026-05-02T12:59:22.900Z</time></trkpt>
<trkpt lat="54.504681" lon="18.648521"><time>2026-05-02T12:59:24.900Z</time></trkpt>
<trkpt lat="54.504700" lon="18.648500"><time>2026-05-02T12:59:26.900Z</time></trkpt>
<trkpt lat="54.504719" lon="18.648480"><time>2026-05-02T12:59:28.900Z</time></trkpt>
<trkpt lat="54.504728" lon="18.648491"><time>2026-05-02T12:59:30.900Z</time></trkpt>
<trkpt lat="54.504750" lon="18.648483"><time>2026-05-02T12:59:32.900Z</time></trkpt>
<trkpt lat="54.504769" lon="18.648475"><time>2026-05-02T12:59:34.900Z</time></trkpt>
<trkpt lat="54.504789" lon="18.648474"><time>2026-05-02T12:59:36.900Z</time></trkpt>
<trkpt lat="54.504809" lon="18.648471"><time>2026-05-02T12:59:38.900Z</time></trkpt>
<trkpt lat="54.504829" lon="18.648478"><time>2026-05-02T12:59:40.900Z</time></trkpt>
<trkpt lat="54.504846" lon="18.648476"><time>2026-05-02T12:59:42.900Z</time></trkpt>
<trkpt lat="54.504866" lon="18.648470"><time>2026-05-02T12:59:44.900Z</time></trkpt>
<trkpt lat="54.504885" lon="18.648465"><time>2026-05-02T12:59:46.900Z</time></trkpt>
<trkpt lat="54.504902" lon="18.648461"><time>2026-05-02T12:59:49.000Z</time></trkpt>
<trkpt lat="54.504921" lon="18.648450"><time>2026-05-02T12:59:51.000Z</time></trkpt>
<trkpt lat="54.504940" lon="18.648437"><time>2026-05-02T12:59:53.000Z</time></trkpt>
<trkpt lat="54.504957" lon="18.648425"><time>2026-05-02T12:59:55.000Z</time></trkpt>
<trkpt lat="54.504976" lon="18.648411"><time>2026-05-02T12:59:57.000Z</time></trkpt>
<trkpt lat="54.504998" lon="18.648396"><time>2026-05-02T12:59:59.000Z</time></trkpt>
<trkpt lat="54.505020" lon="18.648386"><time>2026-05-02T13:00:01.000Z</time></trkpt>
<trkpt lat="54.505042" lon="18.648378"><time>2026-05-02T13:00:03.000Z</time></trkpt>
<trkpt lat="54.505063" lon="18.648371"><time>2026-05-02T13:00:05.000Z</time></trkpt>
<trkpt lat="54.505083" lon="18.648367"><time>2026-05-02T13:00:07.000Z</time></trkpt>
<trkpt lat="54.505105" lon="18.648362"><time>2026-05-02T13:00:09.000Z</time></trkpt>
<trkpt lat="54.505126" lon="18.648358"><time>2026-05-02T13:00:11.000Z</time></trkpt>
<trkpt lat="54.505147" lon="18.648358"><time>2026-05-02T13:00:13.000Z</time></trkpt>
<trkpt lat="54.505169" lon="18.648355"><time>2026-05-02T13:00:15.000Z</time></trkpt>
<trkpt lat="54.505189" lon="18.648360"><time>2026-05-02T13:00:17.000Z</time></trkpt>
<trkpt lat="54.505208" lon="18.648364"><time>2026-05-02T13:00:19.000Z</time></trkpt>
<trkpt lat="54.505226" lon="18.648368"><time>2026-05-02T13:00:20.900Z</time></trkpt>
<trkpt lat="54.505243" lon="18.648379"><time>2026-05-02T13:00:22.900Z</time></trkpt>
<trkpt lat="54.505261" lon="18.648387"><time>2026-05-02T13:00:24.900Z</time></trkpt>
<trkpt lat="54.505273" lon="18.648386"><time>2026-05-02T13:00:26.900Z</time></trkpt>
<trkpt lat="54.505288" lon="18.648393"><time>2026-05-02T13:00:28.900Z</time></trkpt>
<trkpt lat="54.505301" lon="18.648397"><time>2026-05-02T13:00:30.900Z</time></trkpt>
<trkpt lat="54.505312" lon="18.648401"><time>2026-05-02T13:00:32.900Z</time></trkpt>
<trkpt lat="54.505323" lon="18.648410"><time>2026-05-02T13:00:34.900Z</time></trkpt>
<trkpt lat="54.505336" lon="18.648418"><time>2026-05-02T13:00:36.900Z</time></trkpt>
<trkpt lat="54.505349" lon="18.648424"><time>2026-05-02T13:00:38.900Z</time></trkpt>
<trkpt lat="54.505361" lon="18.648423"><time>2026-05-02T13:00:40.900Z</time></trkpt>
<trkpt lat="54.505372" lon="18.648422"><time>2026-05-02T13:00:42.900Z</time></trkpt>
<trkpt lat="54.505383" lon="18.648419"><time>2026-05-02T13:00:44.900Z</time></trkpt>
<trkpt lat="54.505394" lon="18.648412"><time>2026-05-02T13:00:46.900Z</time></trkpt>
<trkpt lat="54.505406" lon="18.648414"><time>2026-05-02T13:00:48.900Z</time></trkpt>
<trkpt lat="54.505419" lon="18.648411"><time>2026-05-02T13:00:50.900Z</time></trkpt>
<trkpt lat="54.505433" lon="18.648409"><time>2026-05-02T13:00:52.900Z</time></trkpt>
<trkpt lat="54.505447" lon="18.648409"><time>2026-05-02T13:00:54.900Z</time></trkpt>
<trkpt lat="54.505461" lon="18.648405"><time>2026-05-02T13:00:56.900Z</time></trkpt>
<trkpt lat="54.505476" lon="18.648406"><time>2026-05-02T13:00:58.900Z</time></trkpt>
<trkpt lat="54.505490" lon="18.648404"><time>2026-05-02T13:01:00.900Z</time></trkpt>
<trkpt lat="54.505505" lon="18.648398"><time>2026-05-02T13:01:02.900Z</time></trkpt>
<trkpt lat="54.505518" lon="18.648400"><time>2026-05-02T13:01:04.900Z</time></trkpt>
<trkpt lat="54.505531" lon="18.648400"><time>2026-05-02T13:01:06.900Z</time></trkpt>
<trkpt lat="54.505543" lon="18.648399"><time>2026-05-02T13:01:08.900Z</time></trkpt>
<trkpt lat="54.505554" lon="18.648400"><time>2026-05-02T13:01:10.900Z</time></trkpt>
<trkpt lat="54.505566" lon="18.648401"><time>2026-05-02T13:01:12.900Z</time></trkpt>
<trkpt lat="54.505578" lon="18.648399"><time>2026-05-02T13:01:14.900Z</time></trkpt>
<trkpt lat="54.505588" lon="18.648397"><time>2026-05-02T13:01:16.900Z</time></trkpt>
<trkpt lat="54.505598" lon="18.648396"><time>2026-05-02T13:01:18.900Z</time></trkpt>
<trkpt lat="54.505608" lon="18.648395"><time>2026-05-02T13:01:20.900Z</time></trkpt>
<trkpt lat="54.505617" lon="18.648396"><time>2026-05-02T13:01:22.900Z</time></trkpt>
<trkpt lat="54.505625" lon="18.648393"><time>2026-05-02T13:01:24.900Z</time></trkpt>
<trkpt lat="54.505634" lon="18.648390"><time>2026-05-02T13:01:26.900Z</time></trkpt>
<trkpt lat="54.505643" lon="18.648386"><time>2026-05-02T13:01:28.900Z</time></trkpt>
<trkpt lat="54.505651" lon="18.648378"><time>2026-05-02T13:01:30.900Z</time></trkpt>
<trkpt lat="54.505659" lon="18.648373"><time>2026-05-02T13:01:32.900Z</time></trkpt>
<trkpt lat="54.505668" lon="18.648369"><time>2026-05-02T13:01:34.900Z</time></trkpt>
<trkpt lat="54.505678" lon="18.648367"><time>2026-05-02T13:01:36.900Z</time></trkpt>
<trkpt lat="54.505689" lon="18.648363"><time>2026-05-02T13:01:38.900Z</time></trkpt>
<trkpt lat="54.505699" lon="18.648354"><time>2026-05-02T13:01:40.900Z</time></trkpt>
<trkpt lat="54.505710" lon="18.648350"><time>2026-05-02T13:01:42.900Z</time></trkpt>
<trkpt lat="54.505723" lon="18.648351"><time>2026-05-02T13:01:44.900Z</time></trkpt>
<trkpt lat="54.505735" lon="18.648351"><time>2026-05-02T13:01:46.900Z</time></trkpt>
<trkpt lat="54.505747" lon="18.648351"><time>2026-05-02T13:01:48.900Z</time></trkpt>
<trkpt lat="54.505761" lon="18.648344"><time>2026-05-02T13:01:50.900Z</time></trkpt>
<trkpt lat="54.505772" lon="18.648335"><time>2026-05-02T13:01:52.900Z</time></trkpt>
<trkpt lat="54.505785" lon="18.648328"><time>2026-05-02T13:01:55.000Z</time></trkpt>
<trkpt lat="54.505797" lon="18.648323"><time>2026-05-02T13:01:57.000Z</time></trkpt>
<trkpt lat="54.505811" lon="18.648315"><time>2026-05-02T13:01:59.000Z</time></trkpt>
<trkpt lat="54.505827" lon="18.648307"><time>2026-05-02T13:02:01.000Z</time></trkpt>
<trkpt lat="54.505842" lon="18.648302"><time>2026-05-02T13:02:03.000Z</time></trkpt>
<trkpt lat="54.505858" lon="18.648294"><time>2026-05-02T13:02:05.000Z</time></trkpt>
<trkpt lat="54.505875" lon="18.648285"><time>2026-05-02T13:02:07.000Z</time></trkpt>
<trkpt lat="54.505894" lon="18.648274"><time>2026-05-02T13:02:09.000Z</time></trkpt>
<trkpt lat="54.505914" lon="18.648269"><time>2026-05-02T13:02:11.000Z</time></trkpt>
<trkpt lat="54.505933" lon="18.648262"><time>2026-05-02T13:02:13.000Z</time></trkpt>
<trkpt lat="54.505954" lon="18.648256"><time>2026-05-02T13:02:15.000Z</time></trkpt>
<trkpt lat="54.505972" lon="18.648255"><time>2026-05-02T13:02:17.000Z</time></trkpt>
<trkpt lat="54.505993" lon="18.648251"><time>2026-05-02T13:02:19.000Z</time></trkpt>
<trkpt lat="54.506014" lon="18.648249"><time>2026-05-02T13:02:21.000Z</time></trkpt>
<trkpt lat="54.506035" lon="18.648243"><time>2026-05-02T13:02:23.000Z</time></trkpt>
<trkpt lat="54.506056" lon="18.648239"><time>2026-05-02T13:02:25.000Z</time></trkpt>
<trkpt lat="54.506078" lon="18.648238"><time>2026-05-02T13:02:26.900Z</time></trkpt>
<trkpt lat="54.506099" lon="18.648237"><time>2026-05-02T13:02:28.900Z</time></trkpt>
<trkpt lat="54.506119" lon="18.648237"><time>2026-05-02T13:02:30.900Z</time></trkpt>
<trkpt lat="54.506142" lon="18.648235"><time>2026-05-02T13:02:32.900Z</time></trkpt>
<trkpt lat="54.506165" lon="18.648236"><time>2026-05-02T13:02:34.900Z</time></trkpt>
<trkpt lat="54.506186" lon="18.648239"><time>2026-05-02T13:02:36.900Z</time></trkpt>
<trkpt lat="54.506207" lon="18.648240"><time>2026-05-02T13:02:38.900Z</time></trkpt>
<trkpt lat="54.506230" lon="18.648235"><time>2026-05-02T13:02:40.900Z</time></trkpt>
<trkpt lat="54.506251" lon="18.648237"><time>2026-05-02T13:02:42.900Z</time></trkpt>
<trkpt lat="54.506272" lon="18.648239"><time>2026-05-02T13:02:44.900Z</time></trkpt>
<trkpt lat="54.506292" lon="18.648246"><time>2026-05-02T13:02:46.900Z</time></trkpt>
<trkpt lat="54.506312" lon="18.648254"><time>2026-05-02T13:02:48.900Z</time></trkpt>
<trkpt lat="54.506330" lon="18.648262"><time>2026-05-02T13:02:50.900Z</time></trkpt>
<trkpt lat="54.506348" lon="18.648266"><time>2026-05-02T13:02:52.900Z</time></trkpt>
<trkpt lat="54.506367" lon="18.648265"><time>2026-05-02T13:02:54.900Z</time></trkpt>
<trkpt lat="54.506385" lon="18.648263"><time>2026-05-02T13:02:56.900Z</time></trkpt>
<trkpt lat="54.506405" lon="18.648256"><time>2026-05-02T13:02:58.900Z</time></trkpt>
<trkpt lat="54.506425" lon="18.648249"><time>2026-05-02T13:03:00.900Z</time></trkpt>
<trkpt lat="54.506444" lon="18.648238"><time>2026-05-02T13:03:02.900Z</time></trkpt>
<trkpt lat="54.506464" lon="18.648226"><time>2026-05-02T13:03:04.900Z</time></trkpt>
<trkpt lat="54.506484" lon="18.648217"><time>2026-05-02T13:03:06.900Z</time></trkpt>
<trkpt lat="54.506504" lon="18.648205"><time>2026-05-02T13:03:08.900Z</time></trkpt>
<trkpt lat="54.506526" lon="18.648190"><time>2026-05-02T13:03:10.900Z</time></trkpt>
<trkpt lat="54.506549" lon="18.648175"><time>2026-05-02T13:03:12.900Z</time></trkpt>
<trkpt lat="54.506571" lon="18.648160"><time>2026-05-02T13:03:14.900Z</time></trkpt>
<trkpt lat="54.506593" lon="18.648144"><time>2026-05-02T13:03:16.900Z</time></trkpt>
<trkpt lat="54.506616" lon="18.648126"><time>2026-05-02T13:03:18.900Z</time></trkpt>
<trkpt lat="54.506637" lon="18.648109"><time>2026-05-02T13:03:20.900Z</time></trkpt>
<trkpt lat="54.506664" lon="18.648093"><time>2026-05-02T13:03:22.900Z</time></trkpt>
<trkpt lat="54.506691" lon="18.648080"><time>2026-05-02T13:03:24.900Z</time></trkpt>
<trkpt lat="54.506716" lon="18.648073"><time>2026-05-02T13:03:26.900Z</time></trkpt>
<trkpt lat="54.506743" lon="18.648065"><time>2026-05-02T13:03:28.900Z</time></trkpt>
<trkpt lat="54.506769" lon="18.648056"><time>2026-05-02T13:03:30.900Z</time></trkpt>
<trkpt lat="54.506794" lon="18.648050"><time>2026-05-02T13:03:32.900Z</time></trkpt>
<trkpt lat="54.506821" lon="18.648039"><time>2026-05-02T13:03:34.900Z</time></trkpt>
<trkpt lat="54.506847" lon="18.648026"><time>2026-05-02T13:03:36.900Z</time></trkpt>
<trkpt lat="54.506876" lon="18.648016"><time>2026-05-02T13:03:38.900Z</time></trkpt>
<trkpt lat="54.506904" lon="18.648007"><time>2026-05-02T13:03:40.900Z</time></trkpt>
<trkpt lat="54.506931" lon="18.647994"><time>2026-05-02T13:03:42.900Z</time></trkpt>
<trkpt lat="54.506957" lon="18.647984"><time>2026-05-02T13:03:44.900Z</time></trkpt>
<trkpt lat="54.506985" lon="18.647969"><time>2026-05-02T13:03:46.900Z</time></trkpt>
<trkpt lat="54.507010" lon="18.647956"><time>2026-05-02T13:03:48.900Z</time></trkpt>
<trkpt lat="54.507035" lon="18.647936"><time>2026-05-02T13:03:50.900Z</time></trkpt>
<trkpt lat="54.507060" lon="18.647913"><time>2026-05-02T13:03:52.900Z</time></trkpt>
<trkpt lat="54.507085" lon="18.647892"><time>2026-05-02T13:03:54.900Z</time></trkpt>
<trkpt lat="54.507111" lon="18.647869"><time>2026-05-02T13:03:56.900Z</time></trkpt>
<trkpt lat="54.507137" lon="18.647847"><time>2026-05-02T13:03:58.900Z</time></trkpt>
<trkpt lat="54.507160" lon="18.647829"><time>2026-05-02T13:04:01.000Z</time></trkpt>
<trkpt lat="54.507190" lon="18.647819"><time>2026-05-02T13:04:03.000Z</time></trkpt>
<trkpt lat="54.507213" lon="18.647809"><time>2026-05-02T13:04:05.000Z</time></trkpt>
<trkpt lat="54.507237" lon="18.647799"><time>2026-05-02T13:04:07.000Z</time></trkpt>
<trkpt lat="54.507261" lon="18.647787"><time>2026-05-02T13:04:09.000Z</time></trkpt>
<trkpt lat="54.507288" lon="18.647769"><time>2026-05-02T13:04:11.000Z</time></trkpt>
<trkpt lat="54.507311" lon="18.647760"><time>2026-05-02T13:04:13.000Z</time></trkpt>
<trkpt lat="54.507338" lon="18.647756"><time>2026-05-02T13:04:15.000Z</time></trkpt>
<trkpt lat="54.507361" lon="18.647745"><time>2026-05-02T13:04:17.000Z</time></trkpt>
<trkpt lat="54.507384" lon="18.647730"><time>2026-05-02T13:04:19.000Z</time></trkpt>
<trkpt lat="54.507407" lon="18.647714"><time>2026-05-02T13:04:21.000Z</time></trkpt>
<trkpt lat="54.507430" lon="18.647693"><time>2026-05-02T13:04:23.000Z</time></trkpt>
<trkpt lat="54.507453" lon="18.647672"><time>2026-05-02T13:04:25.000Z</time></trkpt>
<trkpt lat="54.507477" lon="18.647651"><time>2026-05-02T13:04:27.000Z</time></trkpt>
<trkpt lat="54.507498" lon="18.647633"><time>2026-05-02T13:04:29.000Z</time></trkpt>
<trkpt lat="54.507521" lon="18.647615"><time>2026-05-02T13:04:31.000Z</time></trkpt>
<trkpt lat="54.507544" lon="18.647597"><time>2026-05-02T13:04:33.000Z</time></trkpt>
<trkpt lat="54.507567" lon="18.647579"><time>2026-05-02T13:04:34.900Z</time></trkpt>
<trkpt lat="54.507591" lon="18.647559"><time>2026-05-02T13:04:36.900Z</time></trkpt>
<trkpt lat="54.507614" lon="18.647542"><time>2026-05-02T13:04:38.900Z</time></trkpt>
<trkpt lat="54.507637" lon="18.647525"><time>2026-05-02T13:04:40.900Z</time></trkpt>
<trkpt lat="54.507659" lon="18.647511"><time>2026-05-02T13:04:42.900Z</time></trkpt>
<trkpt lat="54.507684" lon="18.647494"><time>2026-05-02T13:04:44.900Z</time></trkpt>
<trkpt lat="54.507705" lon="18.647479"><time>2026-05-02T13:04:46.900Z</time></trkpt>
<trkpt lat="54.507727" lon="18.647463"><time>2026-05-02T13:04:48.900Z</time></trkpt>
<trkpt lat="54.507748" lon="18.647453"><time>2026-05-02T13:04:50.900Z</time></trkpt>
<trkpt lat="54.507767" lon="18.647440"><time>2026-05-02T13:04:52.900Z</time></trkpt>
<trkpt lat="54.507791" lon="18.647416"><time>2026-05-02T13:04:54.900Z</time></trkpt>
<trkpt lat="54.507819" lon="18.647366"><time>2026-05-02T13:04:56.900Z</time></trkpt>
<trkpt lat="54.507839" lon="18.647367"><time>2026-05-02T13:04:58.900Z</time></trkpt>
<trkpt lat="54.507860" lon="18.647359"><time>2026-05-02T13:05:00.900Z</time></trkpt>
<trkpt lat="54.507884" lon="18.647347"><time>2026-05-02T13:05:02.900Z</time></trkpt>
<trkpt lat="54.507907" lon="18.647330"><time>2026-05-02T13:05:04.900Z</time></trkpt>
<trkpt lat="54.507930" lon="18.647313"><time>2026-05-02T13:05:06.900Z</time></trkpt>
<trkpt lat="54.507950" lon="18.647297"><time>2026-05-02T13:05:08.900Z</time></trkpt>
<trkpt lat="54.507971" lon="18.647279"><time>2026-05-02T13:05:10.900Z</time></trkpt>
<trkpt lat="54.507992" lon="18.647265"><time>2026-05-02T13:05:12.900Z</time></trkpt>
<trkpt lat="54.508019" lon="18.647261"><time>2026-05-02T13:05:14.900Z</time></trkpt>
<trkpt lat="54.508041" lon="18.647251"><time>2026-05-02T13:05:16.900Z</time></trkpt>
<trkpt lat="54.508066" lon="18.647238"><time>2026-05-02T13:05:18.900Z</time></trkpt>
<trkpt lat="54.508099" lon="18.647230"><time>2026-05-02T13:05:20.900Z</time></trkpt>
<trkpt lat="54.508118" lon="18.647198"><time>2026-05-02T13:05:22.900Z</time></trkpt>
<trkpt lat="54.508143" lon="18.647173"><time>2026-05-02T13:05:24.900Z</time></trkpt>
<trkpt lat="54.508163" lon="18.647148"><time>2026-05-02T13:05:26.900Z</time></trkpt>
<trkpt lat="54.508183" lon="18.647134"><time>2026-05-02T13:05:28.900Z</time></trkpt>
<trkpt lat="54.508205" lon="18.647117"><time>2026-05-02T13:05:30.900Z</time></trkpt>
<trkpt lat="54.508224" lon="18.647097"><time>2026-05-02T13:05:32.900Z</time></trkpt>
<trkpt lat="54.508241" lon="18.647082"><time>2026-05-02T13:05:34.900Z</time></trkpt>
<trkpt lat="54.508262" lon="18.647054"><time>2026-05-02T13:05:36.900Z</time></trkpt>
<trkpt lat="54.508279" lon="18.647029"><time>2026-05-02T13:05:38.900Z</time></trkpt>
<trkpt lat="54.508295" lon="18.647004"><time>2026-05-02T13:05:40.900Z</time></trkpt>
<trkpt lat="54.508309" lon="18.646975"><time>2026-05-02T13:05:42.900Z</time></trkpt>
<trkpt lat="54.508324" lon="18.646943"><time>2026-05-02T13:05:44.900Z</time></trkpt>
<trkpt lat="54.508337" lon="18.646909"><time>2026-05-02T13:05:46.900Z</time></trkpt>
<trkpt lat="54.508346" lon="18.646878"><time>2026-05-02T13:05:48.900Z</time></trkpt>
<trkpt lat="54.508363" lon="18.646851"><time>2026-05-02T13:05:50.900Z</time></trkpt>
<trkpt lat="54.508380" lon="18.646840"><time>2026-05-02T13:05:52.900Z</time></trkpt>
<trkpt lat="54.508395" lon="18.646831"><time>2026-05-02T13:05:54.900Z</time></trkpt>
<trkpt lat="54.508395" lon="18.646845"><time>2026-05-02T13:05:56.900Z</time></trkpt>
<trkpt lat="54.508403" lon="18.646860"><time>2026-05-02T13:05:58.900Z</time></trkpt>
<trkpt lat="54.508409" lon="18.646866"><time>2026-05-02T13:06:00.900Z</time></trkpt>
<trkpt lat="54.508414" lon="18.646877"><time>2026-05-02T13:06:02.900Z</time></trkpt>
<trkpt lat="54.508411" lon="18.646890"><time>2026-05-02T13:06:04.900Z</time></trkpt>
<trkpt lat="54.508407" lon="18.646897"><time>2026-05-02T13:06:07.000Z</time></trkpt>
<trkpt lat="54.508404" lon="18.646910"><time>2026-05-02T13:06:09.000Z</time></trkpt>
<trkpt lat="54.508400" lon="18.646928"><time>2026-05-02T13:06:11.000Z</time></trkpt>
<trkpt lat="54.508395" lon="18.646947"><time>2026-05-02T13:06:13.000Z</time></trkpt>
<trkpt lat="54.508391" lon="18.646962"><time>2026-05-02T13:06:15.000Z</time></trkpt>
<trkpt lat="54.508386" lon="18.646974"><time>2026-05-02T13:06:17.000Z</time></trkpt>
<trkpt lat="54.508380" lon="18.646982"><time>2026-05-02T13:06:19.000Z</time></trkpt>
<trkpt lat="54.508374" lon="18.646992"><time>2026-05-02T13:06:21.000Z</time></trkpt>
<trkpt lat="54.508368" lon="18.647005"><time>2026-05-02T13:06:23.000Z</time></trkpt>
<trkpt lat="54.508362" lon="18.647018"><time>2026-05-02T13:06:25.000Z</time></trkpt>
<trkpt lat="54.508354" lon="18.647025"><time>2026-05-02T13:06:27.000Z</time></trkpt>
<trkpt lat="54.508346" lon="18.647039"><time>2026-05-02T13:06:29.000Z</time></trkpt>
<trkpt lat="54.508339" lon="18.647049"><time>2026-05-02T13:06:31.000Z</time></trkpt>
<trkpt lat="54.508331" lon="18.647062"><time>2026-05-02T13:06:33.000Z</time></trkpt>
<trkpt lat="54.508324" lon="18.647076"><time>2026-05-02T13:06:35.000Z</time></trkpt>
<trkpt lat="54.508315" lon="18.647091"><time>2026-05-02T13:06:37.000Z</time></trkpt>
<trkpt lat="54.508307" lon="18.647104"><time>2026-05-02T13:06:38.900Z</time></trkpt>
<trkpt lat="54.508298" lon="18.647111"><time>2026-05-02T13:06:40.900Z</time></trkpt>
<trkpt lat="54.508288" lon="18.647122"><time>2026-05-02T13:06:42.900Z</time></trkpt>
<trkpt lat="54.508278" lon="18.647130"><time>2026-05-02T13:06:44.900Z</time></trkpt>
<trkpt lat="54.508267" lon="18.647136"><time>2026-05-02T13:06:46.900Z</time></trkpt>
<trkpt lat="54.508257" lon="18.647146"><time>2026-05-02T13:06:48.900Z</time></trkpt>
<trkpt lat="54.508247" lon="18.647152"><time>2026-05-02T13:06:50.900Z</time></trkpt>
<trkpt lat="54.508236" lon="18.647158"><time>2026-05-02T13:06:52.900Z</time></trkpt>
<trkpt lat="54.508226" lon="18.647169"><time>2026-05-02T13:06:54.900Z</time></trkpt>
<trkpt lat="54.508216" lon="18.647173"><time>2026-05-02T13:06:56.900Z</time></trkpt>
<trkpt lat="54.508205" lon="18.647178"><time>2026-05-02T13:06:58.900Z</time></trkpt>
<trkpt lat="54.508193" lon="18.647180"><time>2026-05-02T13:07:00.900Z</time></trkpt>
<trkpt lat="54.508184" lon="18.647183"><time>2026-05-02T13:07:02.900Z</time></trkpt>
<trkpt lat="54.508175" lon="18.647189"><time>2026-05-02T13:07:04.900Z</time></trkpt>
<trkpt lat="54.508165" lon="18.647193"><time>2026-05-02T13:07:06.900Z</time></trkpt>
<trkpt lat="54.508157" lon="18.647201"><time>2026-05-02T13:07:08.900Z</time></trkpt>
<trkpt lat="54.508147" lon="18.647207"><time>2026-05-02T13:07:10.900Z</time></trkpt>
<trkpt lat="54.508138" lon="18.647208"><time>2026-05-02T13:07:12.900Z</time></trkpt>
<trkpt lat="54.508127" lon="18.647214"><time>2026-05-02T13:07:14.900Z</time></trkpt>
<trkpt lat="54.508115" lon="18.647218"><time>2026-05-02T13:07:16.900Z</time></trkpt>
<trkpt lat="54.508104" lon="18.647220"><time>2026-05-02T13:07:18.900Z</time></trkpt>
<trkpt lat="54.508092" lon="18.647224"><time>2026-05-02T13:07:20.900Z</time></trkpt>
<trkpt lat="54.508080" lon="18.647225"><time>2026-05-02T13:07:22.900Z</time></trkpt>
<trkpt lat="54.508068" lon="18.647224"><time>2026-05-02T13:07:24.900Z</time></trkpt>
<trkpt lat="54.508058" lon="18.647220"><time>2026-05-02T13:07:26.900Z</time></trkpt>
<trkpt lat="54.508046" lon="18.647218"><time>2026-05-02T13:07:28.900Z</time></trkpt>
<trkpt lat="54.508035" lon="18.647215"><time>2026-05-02T13:07:30.900Z</time></trkpt>
<trkpt lat="54.508023" lon="18.647214"><time>2026-05-02T13:07:32.900Z</time></trkpt>
<trkpt lat="54.508010" lon="18.647213"><time>2026-05-02T13:07:34.900Z</time></trkpt>
<trkpt lat="54.507998" lon="18.647212"><time>2026-05-02T13:07:36.900Z</time></trkpt>
<trkpt lat="54.507986" lon="18.647210"><time>2026-05-02T13:07:38.900Z</time></trkpt>
<trkpt lat="54.507975" lon="18.647209"><time>2026-05-02T13:07:40.900Z</time></trkpt>
<trkpt lat="54.507965" lon="18.647204"><time>2026-05-02T13:07:42.900Z</time></trkpt>
<trkpt lat="54.507954" lon="18.647200"><time>2026-05-02T13:07:44.900Z</time></trkpt>
<trkpt lat="54.507946" lon="18.647198"><time>2026-05-02T13:07:46.900Z</time></trkpt>
<trkpt lat="54.507937" lon="18.647192"><time>2026-05-02T13:07:48.900Z</time></trkpt>
<trkpt lat="54.507926" lon="18.647189"><time>2026-05-02T13:07:50.900Z</time></trkpt>
<trkpt lat="54.507915" lon="18.647186"><time>2026-05-02T13:07:52.900Z</time></trkpt>
<trkpt lat="54.507903" lon="18.647180"><time>2026-05-02T13:07:54.900Z</time></trkpt>
<trkpt lat="54.507891" lon="18.647176"><time>2026-05-02T13:07:56.900Z</time></trkpt>
<trkpt lat="54.507880" lon="18.647175"><time>2026-05-02T13:07:58.900Z</time></trkpt>
<trkpt lat="54.507869" lon="18.647175"><time>2026-05-02T13:08:00.900Z</time></trkpt>
<trkpt lat="54.507858" lon="18.647173"><time>2026-05-02T13:08:02.900Z</time></trkpt>
<trkpt lat="54.507848" lon="18.647174"><time>2026-05-02T13:08:04.900Z</time></trkpt>
<trkpt lat="54.507838" lon="18.647173"><time>2026-05-02T13:08:06.900Z</time></trkpt>
<trkpt lat="54.507828" lon="18.647174"><time>2026-05-02T13:08:08.900Z</time></trkpt>
<trkpt lat="54.507818" lon="18.647175"><time>2026-05-02T13:08:10.900Z</time></trkpt>
<trkpt lat="54.507807" lon="18.647176"><time>2026-05-02T13:08:13.000Z</time></trkpt>
<trkpt lat="54.507798" lon="18.647177"><time>2026-05-02T13:08:15.000Z</time></trkpt>
<trkpt lat="54.507788" lon="18.647178"><time>2026-05-02T13:08:17.000Z</time></trkpt>
<trkpt lat="54.507778" lon="18.647178"><time>2026-05-02T13:08:19.000Z</time></trkpt>
<trkpt lat="54.507768" lon="18.647176"><time>2026-05-02T13:08:21.000Z</time></trkpt>
<trkpt lat="54.507758" lon="18.647177"><time>2026-05-02T13:08:23.000Z</time></trkpt>
<trkpt lat="54.507748" lon="18.647177"><time>2026-05-02T13:08:25.000Z</time></trkpt>
<trkpt lat="54.507739" lon="18.647180"><time>2026-05-02T13:08:27.000Z</time></trkpt>
<trkpt lat="54.507729" lon="18.647181"><time>2026-05-02T13:08:29.000Z</time></trkpt>
<trkpt lat="54.507721" lon="18.647181"><time>2026-05-02T13:08:31.000Z</time></trkpt>
<trkpt lat="54.507713" lon="18.647183"><time>2026-05-02T13:08:33.000Z</time></trkpt>
<trkpt lat="54.507705" lon="18.647182"><time>2026-05-02T13:08:35.000Z</time></trkpt>
<trkpt lat="54.507697" lon="18.647179"><time>2026-05-02T13:08:37.000Z</time></trkpt>
<trkpt lat="54.507688" lon="18.647178"><time>2026-05-02T13:08:39.000Z</time></trkpt>
<trkpt lat="54.507680" lon="18.647176"><time>2026-05-02T13:08:41.000Z</time></trkpt>
<trkpt lat="54.507671" lon="18.647170"><time>2026-05-02T13:08:43.000Z</time></trkpt>
<trkpt lat="54.507668" lon="18.647171"><time>2026-05-02T13:08:44.900Z</time></trkpt>
<trkpt lat="54.507665" lon="18.647160"><time>2026-05-02T13:08:46.900Z</time></trkpt>
<trkpt lat="54.507654" lon="18.647154"><time>2026-05-02T13:08:48.900Z</time></trkpt>
<trkpt lat="54.507640" lon="18.647149"><time>2026-05-02T13:08:50.900Z</time></trkpt>
<trkpt lat="54.507632" lon="18.647141"><time>2026-05-02T13:08:52.900Z</time></trkpt>
<trkpt lat="54.507623" lon="18.647134"><time>2026-05-02T13:08:54.900Z</time></trkpt>
<trkpt lat="54.507615" lon="18.647123"><time>2026-05-02T13:08:56.900Z</time></trkpt>
<trkpt lat="54.507606" lon="18.647116"><time>2026-05-02T13:08:58.900Z</time></trkpt>
<trkpt lat="54.507597" lon="18.647108"><time>2026-05-02T13:09:00.900Z</time></trkpt>
<trkpt lat="54.507588" lon="18.647102"><time>2026-05-02T13:09:02.900Z</time></trkpt>
<trkpt lat="54.507581" lon="18.647092"><time>2026-05-02T13:09:04.900Z</time></trkpt>
<trkpt lat="54.507573" lon="18.647082"><time>2026-05-02T13:09:06.900Z</time></trkpt>
<trkpt lat="54.507568" lon="18.647075"><time>2026-05-02T13:09:08.900Z</time></trkpt>
<trkpt lat="54.507563" lon="18.647068"><time>2026-05-02T13:09:10.900Z</time></trkpt>
<trkpt lat="54.507559" lon="18.647059"><time>2026-05-02T13:09:12.900Z</time></trkpt>
<trkpt lat="54.507553" lon="18.647051"><time>2026-05-02T13:09:14.900Z</time></trkpt>
<trkpt lat="54.507548" lon="18.647043"><time>2026-05-02T13:09:16.900Z</time></trkpt>
<trkpt lat="54.507541" lon="18.647034"><time>2026-05-02T13:09:18.900Z</time></trkpt>
<trkpt lat="54.507534" lon="18.647026"><time>2026-05-02T13:09:20.900Z</time></trkpt>
<trkpt lat="54.507529" lon="18.647015"><time>2026-05-02T13:09:22.900Z</time></trkpt>
<trkpt lat="54.507525" lon="18.647005"><time>2026-05-02T13:09:24.900Z</time></trkpt>
<trkpt lat="54.507521" lon="18.646992"><time>2026-05-02T13:09:26.900Z</time></trkpt>
<trkpt lat="54.507519" lon="18.646981"><time>2026-05-02T13:09:28.900Z</time></trkpt>
<trkpt lat="54.507514" lon="18.646965"><time>2026-05-02T13:09:30.900Z</time></trkpt>
<trkpt lat="54.507508" lon="18.646956"><time>2026-05-02T13:09:32.900Z</time></trkpt>
<trkpt lat="54.507502" lon="18.646944"><time>2026-05-02T13:09:34.900Z</time></trkpt>
<trkpt lat="54.507497" lon="18.646934"><time>2026-05-02T13:09:36.900Z</time></trkpt>
<trkpt lat="54.507492" lon="18.646923"><time>2026-05-02T13:09:38.900Z</time></trkpt>
<trkpt lat="54.507487" lon="18.646914"><time>2026-05-02T13:09:40.900Z</time></trkpt>
<trkpt lat="54.507483" lon="18.646905"><time>2026-05-02T13:09:42.900Z</time></trkpt>
<trkpt lat="54.507479" lon="18.646898"><time>2026-05-02T13:09:44.900Z</time></trkpt>
<trkpt lat="54.507475" lon="18.646888"><time>2026-05-02T13:09:46.900Z</time></trkpt>
<trkpt lat="54.507469" lon="18.646879"><time>2026-05-02T13:09:48.900Z</time></trkpt>
<trkpt lat="54.507465" lon="18.646872"><time>2026-05-02T13:09:50.900Z</time></trkpt>
<trkpt lat="54.507460" lon="18.646863"><time>2026-05-02T13:09:52.900Z</time></trkpt>
<trkpt lat="54.507455" lon="18.646852"><time>2026-05-02T13:09:54.900Z</time></trkpt>
<trkpt lat="54.507451" lon="18.646845"><time>2026-05-02T13:09:56.900Z</time></trkpt>
<trkpt lat="54.507447" lon="18.646834"><time>2026-05-02T13:09:58.900Z</time></trkpt>
<trkpt lat="54.507443" lon="18.646824"><time>2026-05-02T13:10:00.900Z</time></trkpt>
<trkpt lat="54.507438" lon="18.646814"><time>2026-05-02T13:10:02.900Z</time></trkpt>
<trkpt lat="54.507434" lon="18.646807"><time>2026-05-02T13:10:04.900Z</time></trkpt>
<trkpt lat="54.507429" lon="18.646800"><time>2026-05-02T13:10:06.900Z</time></trkpt>
<trkpt lat="54.507424" lon="18.646794"><time>2026-05-02T13:10:08.900Z</time></trkpt>
<trkpt lat="54.507419" lon="18.646789"><time>2026-05-02T13:10:10.900Z</time></trkpt>
<trkpt lat="54.507415" lon="18.646782"><time>2026-05-02T13:10:12.900Z</time></trkpt>
<trkpt lat="54.507411" lon="18.646777"><time>2026-05-02T13:10:14.900Z</time></trkpt>
<trkpt lat="54.507407" lon="18.646773"><time>2026-05-02T13:10:16.900Z</time></trkpt>
<trkpt lat="54.507403" lon="18.646767"><time>2026-05-02T13:10:19.000Z</time></trkpt>
<trkpt lat="54.507398" lon="18.646758"><time>2026-05-02T13:10:21.000Z</time></trkpt>
<trkpt lat="54.507394" lon="18.646754"><time>2026-05-02T13:10:23.000Z</time></trkpt>
<trkpt lat="54.507389" lon="18.646752"><time>2026-05-02T13:10:25.000Z</time></trkpt>
<trkpt lat="54.507385" lon="18.646754"><time>2026-05-02T13:10:27.000Z</time></trkpt>
<trkpt lat="54.507380" lon="18.646754"><time>2026-05-02T13:10:29.000Z</time></trkpt>
<trkpt lat="54.507373" lon="18.646755"><time>2026-05-02T13:10:31.000Z</time></trkpt>
<trkpt lat="54.507372" lon="18.646756"><time>2026-05-02T13:10:33.000Z</time></trkpt>
<trkpt lat="54.507369" lon="18.646758"><time>2026-05-02T13:10:35.000Z</time></trkpt>
<trkpt lat="54.507366" lon="18.646762"><time>2026-05-02T13:10:37.000Z</time></trkpt>
<trkpt lat="54.507361" lon="18.646760"><time>2026-05-02T13:10:39.000Z</time></trkpt>
<trkpt lat="54.507359" lon="18.646763"><time>2026-05-02T13:10:41.000Z</time></trkpt>
<trkpt lat="54.507357" lon="18.646764"><time>2026-05-02T13:10:43.000Z</time></trkpt>
<trkpt lat="54.507354" lon="18.646765"><time>2026-05-02T13:10:45.000Z</time></trkpt>
<trkpt lat="54.507351" lon="18.646766"><time>2026-05-02T13:10:47.000Z</time></trkpt>
<trkpt lat="54.507347" lon="18.646766"><time>2026-05-02T13:10:49.000Z</time></trkpt>
<trkpt lat="54.507343" lon="18.646763"><time>2026-05-02T13:10:51.000Z</time></trkpt>
<trkpt lat="54.507340" lon="18.646763"><time>2026-05-02T13:10:52.900Z</time></trkpt>
<trkpt lat="54.507338" lon="18.646762"><time>2026-05-02T13:10:54.900Z</time></trkpt>
<trkpt lat="54.507337" lon="18.646762"><time>2026-05-02T13:10:56.900Z</time></trkpt>
<trkpt lat="54.507333" lon="18.646762"><time>2026-05-02T13:10:58.900Z</time></trkpt>
<trkpt lat="54.507330" lon="18.646760"><time>2026-05-02T13:11:00.900Z</time></trkpt>
<trkpt lat="54.507326" lon="18.646758"><time>2026-05-02T13:11:02.900Z</time></trkpt>
<trkpt lat="54.507324" lon="18.646760"><time>2026-05-02T13:11:04.900Z</time></trkpt>
<trkpt lat="54.507318" lon="18.646755"><time>2026-05-02T13:11:06.900Z</time></trkpt>
<trkpt lat="54.507314" lon="18.646753"><time>2026-05-02T13:11:08.900Z</time></trkpt>
<trkpt lat="54.507311" lon="18.646752"><time>2026-05-02T13:11:10.900Z</time></trkpt>
<trkpt lat="54.507307" lon="18.646750"><time>2026-05-02T13:11:12.900Z</time></trkpt>
<trkpt lat="54.507303" lon="18.646749"><time>2026-05-02T13:11:14.900Z</time></trkpt>
<trkpt lat="54.507299" lon="18.646746"><time>2026-05-02T13:11:16.900Z</time></trkpt>
<trkpt lat="54.507297" lon="18.646744"><time>2026-05-02T13:11:18.900Z</time></trkpt>
<trkpt lat="54.507293" lon="18.646741"><time>2026-05-02T13:11:20.900Z</time></trkpt>
<trkpt lat="54.507288" lon="18.646739"><time>2026-05-02T13:11:22.900Z</time></trkpt>
<trkpt lat="54.507284" lon="18.646736"><time>2026-05-02T13:11:24.900Z</time></trkpt>
<trkpt lat="54.507281" lon="18.646733"><time>2026-05-02T13:11:26.900Z</time></trkpt>
<trkpt lat="54.507276" lon="18.646730"><time>2026-05-02T13:11:28.900Z</time></trkpt>
<trkpt lat="54.507271" lon="18.646725"><time>2026-05-02T13:11:30.900Z</time></trkpt>
<trkpt lat="54.507266" lon="18.646720"><time>2026-05-02T13:11:32.900Z</time></trkpt>
<trkpt lat="54.507261" lon="18.646716"><time>2026-05-02T13:11:34.900Z</time></trkpt>
<trkpt lat="54.507258" lon="18.646714"><time>2026-05-02T13:11:36.900Z</time></trkpt>
<trkpt lat="54.507253" lon="18.646709"><time>2026-05-02T13:11:38.900Z</time></trkpt>
<trkpt lat="54.507250" lon="18.646706"><time>2026-05-02T13:11:40.900Z</time></trkpt>
<trkpt lat="54.507246" lon="18.646703"><time>2026-05-02T13:11:42.900Z</time></trkpt>
<trkpt lat="54.507242" lon="18.646699"><time>2026-05-02T13:11:44.900Z</time></trkpt>
<trkpt lat="54.507238" lon="18.646696"><time>2026-05-02T13:11:46.900Z</time></trkpt>
<trkpt lat="54.507235" lon="18.646691"><time>2026-05-02T13:11:48.900Z</time></trkpt>
<trkpt lat="54.507232" lon="18.646689"><time>2026-05-02T13:11:50.900Z</time></trkpt>
<trkpt lat="54.507229" lon="18.646686"><time>2026-05-02T13:11:52.900Z</time></trkpt>
<trkpt lat="54.507227" lon="18.646684"><time>2026-05-02T13:11:54.900Z</time></trkpt>
<trkpt lat="54.507223" lon="18.646680"><time>2026-05-02T13:11:56.900Z</time></trkpt>
<trkpt lat="54.507221" lon="18.646675"><time>2026-05-02T13:11:58.900Z</time></trkpt>
<trkpt lat="54.507217" lon="18.646670"><time>2026-05-02T13:12:00.900Z</time></trkpt>
<trkpt lat="54.507214" lon="18.646665"><time>2026-05-02T13:12:02.900Z</time></trkpt>
<trkpt lat="54.507211" lon="18.646661"><time>2026-05-02T13:12:04.900Z</time></trkpt>
<trkpt lat="54.507208" lon="18.646655"><time>2026-05-02T13:12:06.900Z</time></trkpt>
<trkpt lat="54.507204" lon="18.646652"><time>2026-05-02T13:12:08.900Z</time></trkpt>
<trkpt lat="54.507201" lon="18.646646"><time>2026-05-02T13:12:10.900Z</time></trkpt>
<trkpt lat="54.507198" lon="18.646642"><time>2026-05-02T13:12:12.900Z</time></trkpt>
<trkpt lat="54.507194" lon="18.646637"><time>2026-05-02T13:12:14.900Z</time></trkpt>
<trkpt lat="54.507191" lon="18.646633"><time>2026-05-02T13:12:16.900Z</time></trkpt>
<trkpt lat="54.507187" lon="18.646626"><time>2026-05-02T13:12:18.900Z</time></trkpt>
<trkpt lat="54.507183" lon="18.646620"><time>2026-05-02T13:12:20.900Z</time></trkpt>
<trkpt lat="54.507180" lon="18.646613"><time>2026-05-02T13:12:22.900Z</time></trkpt>
<trkpt lat="54.507177" lon="18.646607"><time>2026-05-02T13:12:25.000Z</time></trkpt>
<trkpt lat="54.507174" lon="18.646601"><time>2026-05-02T13:12:27.000Z</time></trkpt>
<trkpt lat="54.507171" lon="18.646594"><time>2026-05-02T13:12:29.000Z</time></trkpt>
<trkpt lat="54.507168" lon="18.646589"><time>2026-05-02T13:12:31.000Z</time></trkpt>
<trkpt lat="54.507165" lon="18.646579"><time>2026-05-02T13:12:33.000Z</time></trkpt>
<trkpt lat="54.507162" lon="18.646572"><time>2026-05-02T13:12:35.000Z</time></trkpt>
<trkpt lat="54.507160" lon="18.646564"><time>2026-05-02T13:12:37.000Z</time></trkpt>
<trkpt lat="54.507157" lon="18.646553"><time>2026-05-02T13:12:39.000Z</time></trkpt>
<trkpt lat="54.507154" lon="18.646548"><time>2026-05-02T13:12:41.000Z</time></trkpt>
<trkpt lat="54.507152" lon="18.646539"><time>2026-05-02T13:12:43.000Z</time></trkpt>
<trkpt lat="54.507149" lon="18.646532"><time>2026-05-02T13:12:45.000Z</time></trkpt>
<trkpt lat="54.507147" lon="18.646525"><time>2026-05-02T13:12:47.000Z</time></trkpt>
<trkpt lat="54.507145" lon="18.646520"><time>2026-05-02T13:12:49.000Z</time></trkpt>
<trkpt lat="54.507144" lon="18.646511"><time>2026-05-02T13:12:51.000Z</time></trkpt>
<trkpt lat="54.507142" lon="18.646504"><time>2026-05-02T13:12:53.000Z</time></trkpt>
<trkpt lat="54.507141" lon="18.646496"><time>2026-05-02T13:12:55.000Z</time></trkpt>
<trkpt lat="54.507141" lon="18.646490"><time>2026-05-02T13:12:56.900Z</time></trkpt>
<trkpt lat="54.507140" lon="18.646482"><time>2026-05-02T13:12:58.900Z</time></trkpt>
<trkpt lat="54.507138" lon="18.646475"><time>2026-05-02T13:13:00.900Z</time></trkpt>
<trkpt lat="54.507137" lon="18.646465"><time>2026-05-02T13:13:02.900Z</time></trkpt>
<trkpt lat="54.507137" lon="18.646456"><time>2026-05-02T13:13:04.900Z</time></trkpt>
<trkpt lat="54.507136" lon="18.646448"><time>2026-05-02T13:13:06.900Z</time></trkpt>
<trkpt lat="54.507134" lon="18.646441"><time>2026-05-02T13:13:08.900Z</time></trkpt>
<trkpt lat="54.507131" lon="18.646434"><time>2026-05-02T13:13:10.900Z</time></trkpt>
<trkpt lat="54.507129" lon="18.646427"><time>2026-05-02T13:13:12.900Z</time></trkpt>
<trkpt lat="54.507127" lon="18.646421"><time>2026-05-02T13:13:14.900Z</time></trkpt>
<trkpt lat="54.507124" lon="18.646413"><time>2026-05-02T13:13:16.900Z</time></trkpt>
<trkpt lat="54.507121" lon="18.646404"><time>2026-05-02T13:13:18.900Z</time></trkpt>
<trkpt lat="54.507118" lon="18.646395"><time>2026-05-02T13:13:20.900Z</time></trkpt>
<trkpt lat="54.507117" lon="18.646381"><time>2026-05-02T13:13:22.900Z</time></trkpt>
<trkpt lat="54.507115" lon="18.646372"><time>2026-05-02T13:13:24.900Z</time></trkpt>
<trkpt lat="54.507113" lon="18.646361"><time>2026-05-02T13:13:26.900Z</time></trkpt>
<trkpt lat="54.507112" lon="18.646351"><time>2026-05-02T13:13:28.900Z</time></trkpt>
<trkpt lat="54.507110" lon="18.646338"><time>2026-05-02T13:13:30.900Z</time></trkpt>
<trkpt lat="54.507109" lon="18.646327"><time>2026-05-02T13:13:32.900Z</time></trkpt>
<trkpt lat="54.507107" lon="18.646316"><time>2026-05-02T13:13:34.900Z</time></trkpt>
<trkpt lat="54.507105" lon="18.646305"><time>2026-05-02T13:13:36.900Z</time></trkpt>
<trkpt lat="54.507103" lon="18.646292"><time>2026-05-02T13:13:38.900Z</time></trkpt>
<trkpt lat="54.507103" lon="18.646281"><time>2026-05-02T13:13:40.900Z</time></trkpt>
<trkpt lat="54.507102" lon="18.646270"><time>2026-05-02T13:13:42.900Z</time></trkpt>
<trkpt lat="54.507101" lon="18.646260"><time>2026-05-02T13:13:44.900Z</time></trkpt>
<trkpt lat="54.507100" lon="18.646248"><time>2026-05-02T13:13:46.900Z</time></trkpt>
<trkpt lat="54.507099" lon="18.646237"><time>2026-05-02T13:13:48.900Z</time></trkpt>
<trkpt lat="54.507097" lon="18.646224"><time>2026-05-02T13:13:50.900Z</time></trkpt>
<trkpt lat="54.507095" lon="18.646215"><time>2026-05-02T13:13:52.900Z</time></trkpt>
<trkpt lat="54.507094" lon="18.646202"><time>2026-05-02T13:13:54.900Z</time></trkpt>
<trkpt lat="54.507092" lon="18.646192"><time>2026-05-02T13:13:56.900Z</time></trkpt>
<trkpt lat="54.507090" lon="18.646181"><time>2026-05-02T13:13:58.900Z</time></trkpt>
<trkpt lat="54.507089" lon="18.646170"><time>2026-05-02T13:14:00.900Z</time></trkpt>
<trkpt lat="54.507087" lon="18.646158"><time>2026-05-02T13:14:02.900Z</time></trkpt>
<trkpt lat="54.507085" lon="18.646147"><time>2026-05-02T13:14:04.900Z</time></trkpt>
<trkpt lat="54.507083" lon="18.646135"><time>2026-05-02T13:14:06.900Z</time></trkpt>
<trkpt lat="54.507082" lon="18.646122"><time>2026-05-02T13:14:08.900Z</time></trkpt>
<trkpt lat="54.507080" lon="18.646108"><time>2026-05-02T13:14:10.900Z</time></trkpt>
<trkpt lat="54.507079" lon="18.646092"><time>2026-05-02T13:14:12.900Z</time></trkpt>
<trkpt lat="54.507076" lon="18.646077"><time>2026-05-02T13:14:14.900Z</time></trkpt>
<trkpt lat="54.507075" lon="18.646063"><time>2026-05-02T13:14:16.900Z</time></trkpt>
<trkpt lat="54.507072" lon="18.646048"><time>2026-05-02T13:14:18.900Z</time></trkpt>
<trkpt lat="54.507072" lon="18.646034"><time>2026-05-02T13:14:20.900Z</time></trkpt>
<trkpt lat="54.507070" lon="18.646023"><time>2026-05-02T13:14:22.900Z</time></trkpt>
<trkpt lat="54.507069" lon="18.646012"><time>2026-05-02T13:14:24.900Z</time></trkpt>
<trkpt lat="54.507068" lon="18.645995"><time>2026-05-02T13:14:26.900Z</time></trkpt>
<trkpt lat="54.507066" lon="18.645981"><time>2026-05-02T13:14:28.900Z</time></trkpt>
<trkpt lat="54.507063" lon="18.645972"><time>2026-05-02T13:14:31.000Z</time></trkpt>
<trkpt lat="54.507060" lon="18.645958"><time>2026-05-02T13:14:33.000Z</time></trkpt>
<trkpt lat="54.507057" lon="18.645946"><time>2026-05-02T13:14:35.000Z</time></trkpt>
<trkpt lat="54.507053" lon="18.645938"><time>2026-05-02T13:14:37.000Z</time></trkpt>
<trkpt lat="54.507048" lon="18.645931"><time>2026-05-02T13:14:39.000Z</time></trkpt>
<trkpt lat="54.507045" lon="18.645924"><time>2026-05-02T13:14:41.000Z</time></trkpt>
<trkpt lat="54.507042" lon="18.645914"><time>2026-05-02T13:14:43.000Z</time></trkpt>
<trkpt lat="54.507039" lon="18.645907"><time>2026-05-02T13:14:45.000Z</time></trkpt>
<trkpt lat="54.507035" lon="18.645902"><time>2026-05-02T13:14:47.000Z</time></trkpt>
<trkpt lat="54.507034" lon="18.645899"><time>2026-05-02T13:14:49.000Z</time></trkpt>
<trkpt lat="54.507032" lon="18.645895"><time>2026-05-02T13:14:51.000Z</time></trkpt>
<trkpt lat="54.507027" lon="18.645890"><time>2026-05-02T13:14:53.000Z</time></trkpt>
<trkpt lat="54.507025" lon="18.645890"><time>2026-05-02T13:14:55.000Z</time></trkpt>
<trkpt lat="54.507025" lon="18.645889"><time>2026-05-02T13:14:57.000Z</time></trkpt>
<trkpt lat="54.507019" lon="18.645886"><time>2026-05-02T13:14:59.000Z</time></trkpt>
<trkpt lat="54.507015" lon="18.645877"><time>2026-05-02T13:15:01.000Z</time></trkpt>
<trkpt lat="54.507011" lon="18.645871"><time>2026-05-02T13:15:02.900Z</time></trkpt>
<trkpt lat="54.507005" lon="18.645862"><time>2026-05-02T13:15:04.900Z</time></trkpt>
<trkpt lat="54.507001" lon="18.645859"><time>2026-05-02T13:15:06.900Z</time></trkpt>
<trkpt lat="54.506999" lon="18.645863"><time>2026-05-02T13:15:08.900Z</time></trkpt>
<trkpt lat="54.506995" lon="18.645861"><time>2026-05-02T13:15:10.900Z</time></trkpt>
<trkpt lat="54.506990" lon="18.645856"><time>2026-05-02T13:15:12.900Z</time></trkpt>
<trkpt lat="54.506987" lon="18.645851"><time>2026-05-02T13:15:14.900Z</time></trkpt>
<trkpt lat="54.506984" lon="18.645841"><time>2026-05-02T13:15:16.900Z</time></trkpt>
<trkpt lat="54.506982" lon="18.645834"><time>2026-05-02T13:15:18.900Z</time></trkpt>
<trkpt lat="54.506980" lon="18.645834"><time>2026-05-02T13:15:20.900Z</time></trkpt>
<trkpt lat="54.506979" lon="18.645827"><time>2026-05-02T13:15:22.900Z</time></trkpt>
<trkpt lat="54.506976" lon="18.645822"><time>2026-05-02T13:15:24.900Z</time></trkpt>
<trkpt lat="54.506973" lon="18.645817"><time>2026-05-02T13:15:26.900Z</time></trkpt>
<trkpt lat="54.506969" lon="18.645811"><time>2026-05-02T13:15:28.900Z</time></trkpt>
<trkpt lat="54.506966" lon="18.645807"><time>2026-05-02T13:15:30.900Z</time></trkpt>
<trkpt lat="54.506964" lon="18.645804"><time>2026-05-02T13:15:32.900Z</time></trkpt>
<trkpt lat="54.506962" lon="18.645796"><time>2026-05-02T13:15:34.900Z</time></trkpt>
<trkpt lat="54.506959" lon="18.645795"><time>2026-05-02T13:15:36.900Z</time></trkpt>
<trkpt lat="54.506958" lon="18.645791"><time>2026-05-02T13:15:38.900Z</time></trkpt>
<trkpt lat="54.506956" lon="18.645792"><time>2026-05-02T13:15:40.900Z</time></trkpt>
<trkpt lat="54.506954" lon="18.645785"><time>2026-05-02T13:15:42.900Z</time></trkpt>
<trkpt lat="54.506951" lon="18.645781"><time>2026-05-02T13:15:44.900Z</time></trkpt>
<trkpt lat="54.506950" lon="18.645772"><time>2026-05-02T13:15:46.900Z</time></trkpt>
<trkpt lat="54.506950" lon="18.645764"><time>2026-05-02T13:15:48.900Z</time></trkpt>
<trkpt lat="54.506948" lon="18.645759"><time>2026-05-02T13:15:50.900Z</time></trkpt>
<trkpt lat="54.506945" lon="18.645752"><time>2026-05-02T13:15:52.900Z</time></trkpt>
<trkpt lat="54.506943" lon="18.645757"><time>2026-05-02T13:15:54.900Z</time></trkpt>
<trkpt lat="54.506939" lon="18.645745"><time>2026-05-02T13:15:56.900Z</time></trkpt>
<trkpt lat="54.506935" lon="18.645736"><time>2026-05-02T13:15:58.900Z</time></trkpt>
<trkpt lat="54.506928" lon="18.645729"><time>2026-05-02T13:16:00.900Z</time></trkpt>
<trkpt lat="54.506922" lon="18.645718"><time>2026-05-02T13:16:02.900Z</time></trkpt>
<trkpt lat="54.506918" lon="18.645711"><time>2026-05-02T13:16:04.900Z</time></trkpt>
<trkpt lat="54.506913" lon="18.645704"><time>2026-05-02T13:16:06.900Z</time></trkpt>
<trkpt lat="54.506908" lon="18.645695"><time>2026-05-02T13:16:08.900Z</time></trkpt>
<trkpt lat="54.506902" lon="18.645687"><time>2026-05-02T13:16:10.900Z</time></trkpt>
<trkpt lat="54.506898" lon="18.645683"><time>2026-05-02T13:16:12.900Z</time></trkpt>
<trkpt lat="54.506895" lon="18.645678"><time>2026-05-02T13:16:14.900Z</time></trkpt>
<trkpt lat="54.506892" lon="18.645679"><time>2026-05-02T13:16:16.900Z</time></trkpt>
<trkpt lat="54.506888" lon="18.645677"><time>2026-05-02T13:16:18.900Z</time></trkpt>
<trkpt lat="54.506884" lon="18.645672"><time>2026-05-02T13:16:20.900Z</time></trkpt>
<trkpt lat="54.506882" lon="18.645670"><time>2026-05-02T13:16:22.900Z</time></trkpt>
<trkpt lat="54.506879" lon="18.645664"><time>2026-05-02T13:16:24.900Z</time></trkpt>
<trkpt lat="54.506875" lon="18.645660"><time>2026-05-02T13:16:26.900Z</time></trkpt>
<trkpt lat="54.506871" lon="18.645659"><time>2026-05-02T13:16:28.900Z</time></trkpt>
<trkpt lat="54.506868" lon="18.645657"><time>2026-05-02T13:16:30.900Z</time></trkpt>
<trkpt lat="54.506865" lon="18.645654"><time>2026-05-02T13:16:32.900Z</time></trkpt>
<trkpt lat="54.506862" lon="18.645648"><time>2026-05-02T13:16:34.900Z</time></trkpt>
<trkpt lat="54.506859" lon="18.645646"><time>2026-05-02T13:16:37.000Z</time></trkpt>
<trkpt lat="54.506857" lon="18.645644"><time>2026-05-02T13:16:39.000Z</time></trkpt>
<trkpt lat="54.506854" lon="18.645638"><time>2026-05-02T13:16:41.000Z</time></trkpt>
<trkpt lat="54.506851" lon="18.645635"><time>2026-05-02T13:16:43.000Z</time></trkpt>
<trkpt lat="54.506848" lon="18.645631"><time>2026-05-02T13:16:45.000Z</time></trkpt>
<trkpt lat="54.506846" lon="18.645625"><time>2026-05-02T13:16:47.000Z</time></trkpt>
<trkpt lat="54.506844" lon="18.645623"><time>2026-05-02T13:16:49.000Z</time></trkpt>
<trkpt lat="54.506843" lon="18.645619"><time>2026-05-02T13:16:51.000Z</time></trkpt>
<trkpt lat="54.506841" lon="18.645617"><time>2026-05-02T13:16:53.000Z</time></trkpt>
<trkpt lat="54.506840" lon="18.645619"><time>2026-05-02T13:16:55.000Z</time></trkpt>
<trkpt lat="54.506838" lon="18.645619"><time>2026-05-02T13:16:57.000Z</time></trkpt>
<trkpt lat="54.506837" lon="18.645617"><time>2026-05-02T13:16:59.000Z</time></trkpt>
<trkpt lat="54.506837" lon="18.645615"><time>2026-05-02T13:17:01.000Z</time></trkpt>
<trkpt lat="54.506836" lon="18.645613"><time>2026-05-02T13:17:03.000Z</time></trkpt>
<trkpt lat="54.506836" lon="18.645609"><time>2026-05-02T13:17:05.000Z</time></trkpt>
<trkpt lat="54.506836" lon="18.645605"><time>2026-05-02T13:17:06.900Z</time></trkpt>
<trkpt lat="54.506835" lon="18.645600"><time>2026-05-02T13:17:08.900Z</time></trkpt>
<trkpt lat="54.506833" lon="18.645595"><time>2026-05-02T13:17:10.900Z</time></trkpt>
<trkpt lat="54.506831" lon="18.645592"><time>2026-05-02T13:17:12.900Z</time></trkpt>
<trkpt lat="54.506830" lon="18.645587"><time>2026-05-02T13:17:14.900Z</time></trkpt>
<trkpt lat="54.506827" lon="18.645581"><time>2026-05-02T13:17:16.900Z</time></trkpt>
<trkpt lat="54.506826" lon="18.645574"><time>2026-05-02T13:17:18.900Z</time></trkpt>
<trkpt lat="54.506820" lon="18.645569"><time>2026-05-02T13:17:20.900Z</time></trkpt>
<trkpt lat="54.506817" lon="18.645561"><time>2026-05-02T13:17:22.900Z</time></trkpt>
<trkpt lat="54.506814" lon="18.645555"><time>2026-05-02T13:17:24.900Z</time></trkpt>
<trkpt lat="54.506812" lon="18.645548"><time>2026-05-02T13:17:26.900Z</time></trkpt>
<trkpt lat="54.506810" lon="18.645544"><time>2026-05-02T13:17:28.900Z</time></trkpt>
<trkpt lat="54.506810" lon="18.645540"><time>2026-05-02T13:17:30.900Z</time></trkpt>
<trkpt lat="54.506809" lon="18.645536"><time>2026-05-02T13:17:32.900Z</time></trkpt>
<trkpt lat="54.506807" lon="18.645534"><time>2026-05-02T13:17:34.900Z</time></trkpt>
<trkpt lat="54.506805" lon="18.645532"><time>2026-05-02T13:17:36.900Z</time></trkpt>
<trkpt lat="54.506803" lon="18.645529"><time>2026-05-02T13:17:38.900Z</time></trkpt>
<trkpt lat="54.506801" lon="18.645527"><time>2026-05-02T13:17:40.900Z</time></trkpt>
<trkpt lat="54.506799" lon="18.645523"><time>2026-05-02T13:17:42.900Z</time></trkpt>
<trkpt lat="54.506798" lon="18.645520"><time>2026-05-02T13:17:44.900Z</time></trkpt>
<trkpt lat="54.506797" lon="18.645515"><time>2026-05-02T13:17:46.900Z</time></trkpt>
<trkpt lat="54.506743" lon="18.645438"><time>2026-05-02T13:17:48.900Z</time></trkpt>
<trkpt lat="54.506792" lon="18.645504"><time>2026-05-02T13:17:50.900Z</time></trkpt>
<trkpt lat="54.506790" lon="18.645499"><time>2026-05-02T13:17:52.900Z</time></trkpt>
<trkpt lat="54.506787" lon="18.645493"><time>2026-05-02T13:17:54.900Z</time></trkpt>
<trkpt lat="54.506781" lon="18.645478"><time>2026-05-02T13:17:56.900Z</time></trkpt>
<trkpt lat="54.506779" lon="18.645470"><time>2026-05-02T13:17:58.900Z</time></trkpt>
<trkpt lat="54.506776" lon="18.645462"><time>2026-05-02T13:18:00.900Z</time></trkpt>
<trkpt lat="54.506774" lon="18.645454"><time>2026-05-02T13:18:02.900Z</time></trkpt>
<trkpt lat="54.506772" lon="18.645448"><time>2026-05-02T13:18:04.900Z</time></trkpt>
<trkpt lat="54.506769" lon="18.645442"><time>2026-05-02T13:18:06.900Z</time></trkpt>
<trkpt lat="54.506766" lon="18.645434"><time>2026-05-02T13:18:08.900Z</time></trkpt>
<trkpt lat="54.506761" lon="18.645425"><time>2026-05-02T13:18:10.900Z</time></trkpt>
<trkpt lat="54.506755" lon="18.645413"><time>2026-05-02T13:18:12.900Z</time></trkpt>
<trkpt lat="54.506750" lon="18.645400"><time>2026-05-02T13:18:14.900Z</time></trkpt>
<trkpt lat="54.506745" lon="18.645390"><time>2026-05-02T13:18:16.900Z</time></trkpt>
<trkpt lat="54.506741" lon="18.645382"><time>2026-05-02T13:18:18.900Z</time></trkpt>
<trkpt lat="54.506737" lon="18.645378"><time>2026-05-02T13:18:20.900Z</time></trkpt>
<trkpt lat="54.506733" lon="18.645374"><time>2026-05-02T13:18:22.900Z</time></trkpt>
<trkpt lat="54.506730" lon="18.645367"><time>2026-05-02T13:18:24.900Z</time></trkpt>
<trkpt lat="54.506726" lon="18.645362"><time>2026-05-02T13:18:26.900Z</time></trkpt>
<trkpt lat="54.506720" lon="18.645354"><time>2026-05-02T13:18:28.900Z</time></trkpt>
<trkpt lat="54.506716" lon="18.645346"><time>2026-05-02T13:18:30.900Z</time></trkpt>
<trkpt lat="54.506713" lon="18.645341"><time>2026-05-02T13:18:32.900Z</time></trkpt>
<trkpt lat="54.506711" lon="18.645336"><time>2026-05-02T13:18:34.900Z</time></trkpt>
<trkpt lat="54.506708" lon="18.645332"><time>2026-05-02T13:18:36.900Z</time></trkpt>
<trkpt lat="54.506703" lon="18.645326"><time>2026-05-02T13:18:38.900Z</time></trkpt>
<trkpt lat="54.506699" lon="18.645320"><time>2026-05-02T13:18:41.000Z</time></trkpt>
<trkpt lat="54.506693" lon="18.645315"><time>2026-05-02T13:18:43.000Z</time></trkpt>
<trkpt lat="54.506689" lon="18.645311"><time>2026-05-02T13:18:45.000Z</time></trkpt>
<trkpt lat="54.506685" lon="18.645308"><time>2026-05-02T13:18:47.000Z</time></trkpt>
<trkpt lat="54.506680" lon="18.645303"><time>2026-05-02T13:18:49.000Z</time></trkpt>
<trkpt lat="54.506677" lon="18.645299"><time>2026-05-02T13:18:51.000Z</time></trkpt>
<trkpt lat="54.506672" lon="18.645293"><time>2026-05-02T13:18:53.000Z</time></trkpt>
<trkpt lat="54.506668" lon="18.645289"><time>2026-05-02T13:18:55.000Z</time></trkpt>
<trkpt lat="54.506665" lon="18.645284"><time>2026-05-02T13:18:57.000Z</time></trkpt>
<trkpt lat="54.506661" lon="18.645279"><time>2026-05-02T13:18:59.000Z</time></trkpt>
<trkpt lat="54.506656" lon="18.645275"><time>2026-05-02T13:19:01.000Z</time></trkpt>
<trkpt lat="54.506653" lon="18.645274"><time>2026-05-02T13:19:03.000Z</time></trkpt>
<trkpt lat="54.506649" lon="18.645272"><time>2026-05-02T13:19:05.000Z</time></trkpt>
<trkpt lat="54.506646" lon="18.645271"><time>2026-05-02T13:19:07.000Z</time></trkpt>
<trkpt lat="54.506641" lon="18.645271"><time>2026-05-02T13:19:09.000Z</time></trkpt>
<trkpt lat="54.506637" lon="18.645271"><time>2026-05-02T13:19:10.900Z</time></trkpt>
<trkpt lat="54.506634" lon="18.645271"><time>2026-05-02T13:19:12.900Z</time></trkpt>
<trkpt lat="54.506629" lon="18.645271"><time>2026-05-02T13:19:14.900Z</time></trkpt>
<trkpt lat="54.506625" lon="18.645272"><time>2026-05-02T13:19:16.900Z</time></trkpt>
<trkpt lat="54.506621" lon="18.645272"><time>2026-05-02T13:19:18.900Z</time></trkpt>
<trkpt lat="54.506615" lon="18.645268"><time>2026-05-02T13:19:20.900Z</time></trkpt>
<trkpt lat="54.506613" lon="18.645268"><time>2026-05-02T13:19:22.900Z</time></trkpt>
<trkpt lat="54.506612" lon="18.645266"><time>2026-05-02T13:19:24.900Z</time></trkpt>
<trkpt lat="54.506607" lon="18.645268"><time>2026-05-02T13:19:26.900Z</time></trkpt>
<trkpt lat="54.506603" lon="18.645267"><time>2026-05-02T13:19:28.900Z</time></trkpt>
<trkpt lat="54.506601" lon="18.645267"><time>2026-05-02T13:19:30.900Z</time></trkpt>
<trkpt lat="54.506598" lon="18.645268"><time>2026-05-02T13:19:32.900Z</time></trkpt>
<trkpt lat="54.506595" lon="18.645267"><time>2026-05-02T13:19:34.900Z</time></trkpt>
<trkpt lat="54.506593" lon="18.645267"><time>2026-05-02T13:19:36.900Z</time></trkpt>
<trkpt lat="54.506591" lon="18.645266"><time>2026-05-02T13:19:38.900Z</time></trkpt>
<trkpt lat="54.506588" lon="18.645266"><time>2026-05-02T13:19:40.900Z</time></trkpt>
<trkpt lat="54.506583" lon="18.645264"><time>2026-05-02T13:19:42.900Z</time></trkpt>
<trkpt lat="54.506579" lon="18.645264"><time>2026-05-02T13:19:44.900Z</time></trkpt>
<trkpt lat="54.506576" lon="18.645263"><time>2026-05-02T13:19:46.900Z</time></trkpt>
<trkpt lat="54.506573" lon="18.645262"><time>2026-05-02T13:19:48.900Z</time></trkpt>
<trkpt lat="54.506570" lon="18.645260"><time>2026-05-02T13:19:50.900Z</time></trkpt>
<trkpt lat="54.506565" lon="18.645257"><time>2026-05-02T13:19:52.900Z</time></trkpt>
<trkpt lat="54.506562" lon="18.645254"><time>2026-05-02T13:19:54.900Z</time></trkpt>
<trkpt lat="54.506559" lon="18.645253"><time>2026-05-02T13:19:56.900Z</time></trkpt>
<trkpt lat="54.506556" lon="18.645251"><time>2026-05-02T13:19:58.900Z</time></trkpt>
<trkpt lat="54.506553" lon="18.645248"><time>2026-05-02T13:20:00.900Z</time></trkpt>
<trkpt lat="54.506550" lon="18.645246"><time>2026-05-02T13:20:02.900Z</time></trkpt>
<trkpt lat="54.506547" lon="18.645243"><time>2026-05-02T13:20:04.900Z</time></trkpt>
<trkpt lat="54.506544" lon="18.645241"><time>2026-05-02T13:20:06.900Z</time></trkpt>
<trkpt lat="54.506542" lon="18.645236"><time>2026-05-02T13:20:08.900Z</time></trkpt>
<trkpt lat="54.506540" lon="18.645233"><time>2026-05-02T13:20:10.900Z</time></trkpt>
<trkpt lat="54.506539" lon="18.645229"><time>2026-05-02T13:20:12.900Z</time></trkpt>
<trkpt lat="54.506537" lon="18.645225"><time>2026-05-02T13:20:14.900Z</time></trkpt>
<trkpt lat="54.506536" lon="18.645221"><time>2026-05-02T13:20:16.900Z</time></trkpt>
<trkpt lat="54.506533" lon="18.645217"><time>2026-05-02T13:20:18.900Z</time></trkpt>
<trkpt lat="54.506532" lon="18.645216"><time>2026-05-02T13:20:20.900Z</time></trkpt>
<trkpt lat="54.506529" lon="18.645211"><time>2026-05-02T13:20:22.900Z</time></trkpt>
<trkpt lat="54.506527" lon="18.645209"><time>2026-05-02T13:20:24.900Z</time></trkpt>
<trkpt lat="54.506525" lon="18.645207"><time>2026-05-02T13:20:26.900Z</time></trkpt>
<trkpt lat="54.506523" lon="18.645206"><time>2026-05-02T13:20:28.900Z</time></trkpt>
<trkpt lat="54.506522" lon="18.645204"><time>2026-05-02T13:20:30.900Z</time></trkpt>
<trkpt lat="54.506523" lon="18.645203"><time>2026-05-02T13:20:32.900Z</time></trkpt>
<trkpt lat="54.506525" lon="18.645202"><time>2026-05-02T13:20:34.900Z</time></trkpt>
<trkpt lat="54.506523" lon="18.645197"><time>2026-05-02T13:20:36.900Z</time></trkpt>
<trkpt lat="54.506523" lon="18.645189"><time>2026-05-02T13:20:38.900Z</time></trkpt>
<trkpt lat="54.506521" lon="18.645185"><time>2026-05-02T13:20:40.900Z</time></trkpt>
<trkpt lat="54.506516" lon="18.645184"><time>2026-05-02T13:20:42.900Z</time></trkpt>
<trkpt lat="54.506513" lon="18.645181"><time>2026-05-02T13:20:44.900Z</time></trkpt>
<trkpt lat="54.506511" lon="18.645177"><time>2026-05-02T13:20:47.000Z</time></trkpt>
<trkpt lat="54.506508" lon="18.645172"><time>2026-05-02T13:20:49.000Z</time></trkpt>
<trkpt lat="54.506507" lon="18.645166"><time>2026-05-02T13:20:51.000Z</time></trkpt>
<trkpt lat="54.506505" lon="18.645161"><time>2026-05-02T13:20:53.000Z</time></trkpt>
<trkpt lat="54.506503" lon="18.645155"><time>2026-05-02T13:20:55.000Z</time></trkpt>
<trkpt lat="54.506503" lon="18.645149"><time>2026-05-02T13:20:57.000Z</time></trkpt>
<trkpt lat="54.506500" lon="18.645145"><time>2026-05-02T13:20:59.000Z</time></trkpt>
<trkpt lat="54.506498" lon="18.645139"><time>2026-05-02T13:21:01.000Z</time></trkpt>
<trkpt lat="54.506495" lon="18.645134"><time>2026-05-02T13:21:03.000Z</time></trkpt>
<trkpt lat="54.506493" lon="18.645131"><time>2026-05-02T13:21:05.000Z</time></trkpt>
<trkpt lat="54.506491" lon="18.645126"><time>2026-05-02T13:21:07.000Z</time></trkpt>
<trkpt lat="54.506488" lon="18.645121"><time>2026-05-02T13:21:09.000Z</time></trkpt>
<trkpt lat="54.506486" lon="18.645117"><time>2026-05-02T13:21:11.000Z</time></trkpt>
<trkpt lat="54.506485" lon="18.645114"><time>2026-05-02T13:21:13.000Z</time></trkpt>
<trkpt lat="54.506482" lon="18.645110"><time>2026-05-02T13:21:14.900Z</time></trkpt>
<trkpt lat="54.506478" lon="18.645105"><time>2026-05-02T13:21:16.900Z</time></trkpt>
<trkpt lat="54.506476" lon="18.645101"><time>2026-05-02T13:21:18.900Z</time></trkpt>
<trkpt lat="54.506473" lon="18.645097"><time>2026-05-02T13:21:20.900Z</time></trkpt>
<trkpt lat="54.506470" lon="18.645092"><time>2026-05-02T13:21:22.900Z</time></trkpt>
<trkpt lat="54.506467" lon="18.645088"><time>2026-05-02T13:21:24.900Z</time></trkpt>
<trkpt lat="54.506465" lon="18.645084"><time>2026-05-02T13:21:26.900Z</time></trkpt>
<trkpt lat="54.506465" lon="18.645081"><time>2026-05-02T13:21:28.900Z</time></trkpt>
<trkpt lat="54.506466" lon="18.645078"><time>2026-05-02T13:21:30.900Z</time></trkpt>
<trkpt lat="54.506462" lon="18.645070"><time>2026-05-02T13:21:32.900Z</time></trkpt>
<trkpt lat="54.506460" lon="18.645064"><time>2026-05-02T13:21:34.900Z</time></trkpt>
<trkpt lat="54.506457" lon="18.645062"><time>2026-05-02T13:21:36.900Z</time></trkpt>
<trkpt lat="54.506455" lon="18.645056"><time>2026-05-02T13:21:38.900Z</time></trkpt>
<trkpt lat="54.506454" lon="18.645052"><time>2026-05-02T13:21:40.900Z</time></trkpt>
<trkpt lat="54.506452" lon="18.645046"><time>2026-05-02T13:21:42.900Z</time></trkpt>
<trkpt lat="54.506451" lon="18.645041"><time>2026-05-02T13:21:44.900Z</time></trkpt>
<trkpt lat="54.506449" lon="18.645037"><time>2026-05-02T13:21:46.900Z</time></trkpt>
<trkpt lat="54.506448" lon="18.645033"><time>2026-05-02T13:21:48.900Z</time></trkpt>
<trkpt lat="54.506450" lon="18.645034"><time>2026-05-02T13:21:50.900Z</time></trkpt>
<trkpt lat="54.506449" lon="18.645031"><time>2026-05-02T13:21:52.900Z</time></trkpt>
<trkpt lat="54.506449" lon="18.645025"><time>2026-05-02T13:21:54.900Z</time></trkpt>
<trkpt lat="54.506446" lon="18.645019"><time>2026-05-02T13:21:56.900Z</time></trkpt>
<trkpt lat="54.506444" lon="18.645015"><time>2026-05-02T13:21:58.900Z</time></trkpt>
<trkpt lat="54.506442" lon="18.645010"><time>2026-05-02T13:22:00.900Z</time></trkpt>
<trkpt lat="54.506440" lon="18.645007"><time>2026-05-02T13:22:02.900Z</time></trkpt>
<trkpt lat="54.506436" lon="18.645001"><time>2026-05-02T13:22:04.900Z</time></trkpt>
<trkpt lat="54.506433" lon="18.644999"><time>2026-05-02T13:22:06.900Z</time></trkpt>
<trkpt lat="54.506432" lon="18.644995"><time>2026-05-02T13:22:08.900Z</time></trkpt>
<trkpt lat="54.506433" lon="18.644992"><time>2026-05-02T13:22:10.900Z</time></trkpt>
<trkpt lat="54.506434" lon="18.644989"><time>2026-05-02T13:22:12.900Z</time></trkpt>
<trkpt lat="54.506434" lon="18.644986"><time>2026-05-02T13:22:14.900Z</time></trkpt>
<trkpt lat="54.506434" lon="18.644982"><time>2026-05-02T13:22:16.900Z</time></trkpt>
<trkpt lat="54.506434" lon="18.644979"><time>2026-05-02T13:22:18.900Z</time></trkpt>
<trkpt lat="54.506429" lon="18.644973"><time>2026-05-02T13:22:20.900Z</time></trkpt>
<trkpt lat="54.506425" lon="18.644968"><time>2026-05-02T13:22:22.900Z</time></trkpt>
<trkpt lat="54.506421" lon="18.644961"><time>2026-05-02T13:22:24.900Z</time></trkpt>
<trkpt lat="54.506422" lon="18.644960"><time>2026-05-02T13:22:26.900Z</time></trkpt>
<trkpt lat="54.506421" lon="18.644957"><time>2026-05-02T13:22:28.900Z</time></trkpt>
<trkpt lat="54.506419" lon="18.644955"><time>2026-05-02T13:22:30.900Z</time></trkpt>
<trkpt lat="54.506420" lon="18.644952"><time>2026-05-02T13:22:32.900Z</time></trkpt>
<trkpt lat="54.506420" lon="18.644946"><time>2026-05-02T13:22:34.900Z</time></trkpt>
<trkpt lat="54.506418" lon="18.644939"><time>2026-05-02T13:22:36.900Z</time></trkpt>
<trkpt lat="54.506418" lon="18.644935"><time>2026-05-02T13:22:38.900Z</time></trkpt>
<trkpt lat="54.506418" lon="18.644930"><time>2026-05-02T13:22:40.900Z</time></trkpt>
<trkpt lat="54.506418" lon="18.644922"><time>2026-05-02T13:22:42.900Z</time></trkpt>
<trkpt lat="54.506416" lon="18.644917"><time>2026-05-02T13:22:44.900Z</time></trkpt>
<trkpt lat="54.506415" lon="18.644913"><time>2026-05-02T13:22:46.900Z</time></trkpt>
<trkpt lat="54.506413" lon="18.644910"><time>2026-05-02T13:22:48.900Z</time></trkpt>
<trkpt lat="54.506411" lon="18.644905"><time>2026-05-02T13:22:50.900Z</time></trkpt>
<trkpt lat="54.506411" lon="18.644900"><time>2026-05-02T13:22:53.000Z</time></trkpt>
<trkpt lat="54.506411" lon="18.644896"><time>2026-05-02T13:22:55.000Z</time></trkpt>
<trkpt lat="54.506410" lon="18.644891"><time>2026-05-02T13:22:57.000Z</time></trkpt>
<trkpt lat="54.506408" lon="18.644885"><time>2026-05-02T13:22:59.000Z</time></trkpt>
<trkpt lat="54.506407" lon="18.644880"><time>2026-05-02T13:23:01.000Z</time></trkpt>
<trkpt lat="54.506406" lon="18.644875"><time>2026-05-02T13:23:03.000Z</time></trkpt>
<trkpt lat="54.506404" lon="18.644872"><time>2026-05-02T13:23:05.000Z</time></trkpt>
<trkpt lat="54.506401" lon="18.644866"><time>2026-05-02T13:23:07.000Z</time></trkpt>
<trkpt lat="54.506399" lon="18.644861"><time>2026-05-02T13:23:09.000Z</time></trkpt>
<trkpt lat="54.506397" lon="18.644854"><time>2026-05-02T13:23:11.000Z</time></trkpt>
<trkpt lat="54.506394" lon="18.644847"><time>2026-05-02T13:23:13.000Z</time></trkpt>
<trkpt lat="54.506391" lon="18.644838"><time>2026-05-02T13:23:15.000Z</time></trkpt>
<trkpt lat="54.506388" lon="18.644834"><time>2026-05-02T13:23:17.000Z</time></trkpt>
<trkpt lat="54.506385" lon="18.644828"><time>2026-05-02T13:23:19.000Z</time></trkpt>
<trkpt lat="54.506380" lon="18.644820"><time>2026-05-02T13:23:20.900Z</time></trkpt>
<trkpt lat="54.506377" lon="18.644812"><time>2026-05-02T13:23:22.900Z</time></trkpt>
<trkpt lat="54.506373" lon="18.644802"><time>2026-05-02T13:23:24.900Z</time></trkpt>
<trkpt lat="54.506372" lon="18.644793"><time>2026-05-02T13:23:26.900Z</time></trkpt>
<trkpt lat="54.506368" lon="18.644786"><time>2026-05-02T13:23:28.900Z</time></trkpt>
<trkpt lat="54.506363" lon="18.644779"><time>2026-05-02T13:23:30.900Z</time></trkpt>
<trkpt lat="54.506359" lon="18.644771"><time>2026-05-02T13:23:32.900Z</time></trkpt>
<trkpt lat="54.506355" lon="18.644766"><time>2026-05-02T13:23:34.900Z</time></trkpt>
<trkpt lat="54.506350" lon="18.644761"><time>2026-05-02T13:23:36.900Z</time></trkpt>
<trkpt lat="54.506344" lon="18.644755"><time>2026-05-02T13:23:38.900Z</time></trkpt>
<trkpt lat="54.506340" lon="18.644747"><time>2026-05-02T13:23:40.900Z</time></trkpt>
<trkpt lat="54.506337" lon="18.644744"><time>2026-05-02T13:23:42.900Z</time></trkpt>
<trkpt lat="54.506334" lon="18.644739"><time>2026-05-02T13:23:44.900Z</time></trkpt>
<trkpt lat="54.506330" lon="18.644735"><time>2026-05-02T13:23:46.900Z</time></trkpt>
<trkpt lat="54.506324" lon="18.644730"><time>2026-05-02T13:23:48.900Z</time></trkpt>
<trkpt lat="54.506320" lon="18.644728"><time>2026-05-02T13:23:50.900Z</time></trkpt>
<trkpt lat="54.506318" lon="18.644724"><time>2026-05-02T13:23:52.900Z</time></trkpt>
<trkpt lat="54.506313" lon="18.644720"><time>2026-05-02T13:23:54.900Z</time></trkpt>
<trkpt lat="54.506309" lon="18.644716"><time>2026-05-02T13:23:56.900Z</time></trkpt>
<trkpt lat="54.506305" lon="18.644711"><time>2026-05-02T13:23:58.900Z</time></trkpt>
<trkpt lat="54.506302" lon="18.644707"><time>2026-05-02T13:24:00.900Z</time></trkpt>
<trkpt lat="54.506299" lon="18.644702"><time>2026-05-02T13:24:02.900Z</time></trkpt>
<trkpt lat="54.506297" lon="18.644700"><time>2026-05-02T13:24:04.900Z</time></trkpt>
<trkpt lat="54.506291" lon="18.644698"><time>2026-05-02T13:24:06.900Z</time></trkpt>
<trkpt lat="54.506286" lon="18.644691"><time>2026-05-02T13:24:08.900Z</time></trkpt>
<trkpt lat="54.506283" lon="18.644686"><time>2026-05-02T13:24:10.900Z</time></trkpt>
<trkpt lat="54.506278" lon="18.644682"><time>2026-05-02T13:24:12.900Z</time></trkpt>
<trkpt lat="54.506275" lon="18.644680"><time>2026-05-02T13:24:14.900Z</time></trkpt>
<trkpt lat="54.506272" lon="18.644676"><time>2026-05-02T13:24:16.900Z</time></trkpt>
<trkpt lat="54.506271" lon="18.644671"><time>2026-05-02T13:24:18.900Z</time></trkpt>
<trkpt lat="54.506270" lon="18.644667"><time>2026-05-02T13:24:20.900Z</time></trkpt>
<trkpt lat="54.506267" lon="18.644666"><time>2026-05-02T13:24:22.900Z</time></trkpt>
<trkpt lat="54.506263" lon="18.644665"><time>2026-05-02T13:24:24.900Z</time></trkpt>
<trkpt lat="54.506260" lon="18.644661"><time>2026-05-02T13:24:26.900Z</time></trkpt>
<trkpt lat="54.506257" lon="18.644658"><time>2026-05-02T13:24:28.900Z</time></trkpt>
<trkpt lat="54.506254" lon="18.644655"><time>2026-05-02T13:24:30.900Z</time></trkpt>
<trkpt lat="54.506252" lon="18.644654"><time>2026-05-02T13:24:32.900Z</time></trkpt>
<trkpt lat="54.506250" lon="18.644649"><time>2026-05-02T13:24:34.900Z</time></trkpt>
<trkpt lat="54.506245" lon="18.644647"><time>2026-05-02T13:24:36.900Z</time></trkpt>
<trkpt lat="54.506242" lon="18.644643"><time>2026-05-02T13:24:38.900Z</time></trkpt>
<trkpt lat="54.506238" lon="18.644639"><time>2026-05-02T13:24:40.900Z</time></trkpt>
<trkpt lat="54.506236" lon="18.644635"><time>2026-05-02T13:24:42.900Z</time></trkpt>
<trkpt lat="54.506234" lon="18.644631"><time>2026-05-02T13:24:44.900Z</time></trkpt>
<trkpt lat="54.506233" lon="18.644628"><time>2026-05-02T13:24:46.900Z</time></trkpt>
<trkpt lat="54.506231" lon="18.644624"><time>2026-05-02T13:24:48.900Z</time></trkpt>
<trkpt lat="54.506230" lon="18.644622"><time>2026-05-02T13:24:50.900Z</time></trkpt>
<trkpt lat="54.506226" lon="18.644619"><time>2026-05-02T13:24:52.900Z</time></trkpt>
<trkpt lat="54.506223" lon="18.644619"><time>2026-05-02T13:24:54.900Z</time></trkpt>
<trkpt lat="54.506220" lon="18.644618"><time>2026-05-02T13:24:56.900Z</time></trkpt>
<trkpt lat="54.506217" lon="18.644614"><time>2026-05-02T13:24:59.000Z</time></trkpt>
<trkpt lat="54.506214" lon="18.644615"><time>2026-05-02T13:25:01.000Z</time></trkpt>
<trkpt lat="54.506210" lon="18.644617"><time>2026-05-02T13:25:03.000Z</time></trkpt>
<trkpt lat="54.506208" lon="18.644615"><time>2026-05-02T13:25:05.000Z</time></trkpt>
<trkpt lat="54.506205" lon="18.644614"><time>2026-05-02T13:25:07.000Z</time></trkpt>
<trkpt lat="54.506200" lon="18.644609"><time>2026-05-02T13:25:09.000Z</time></trkpt>
<trkpt lat="54.506196" lon="18.644607"><time>2026-05-02T13:25:11.000Z</time></trkpt>
<trkpt lat="54.506192" lon="18.644605"><time>2026-05-02T13:25:13.000Z</time></trkpt>
<trkpt lat="54.506188" lon="18.644605"><time>2026-05-02T13:25:15.000Z</time></trkpt>
<trkpt lat="54.506183" lon="18.644601"><time>2026-05-02T13:25:17.000Z</time></trkpt>
<trkpt lat="54.506179" lon="18.644597"><time>2026-05-02T13:25:19.000Z</time></trkpt>
<trkpt lat="54.506177" lon="18.644589"><time>2026-05-02T13:25:21.000Z</time></trkpt>
<trkpt lat="54.506173" lon="18.644585"><time>2026-05-02T13:25:23.000Z</time></trkpt>
<trkpt lat="54.506171" lon="18.644586"><time>2026-05-02T13:25:24.900Z</time></trkpt>
<trkpt lat="54.506166" lon="18.644586"><time>2026-05-02T13:25:26.900Z</time></trkpt>
<trkpt lat="54.506158" lon="18.644585"><time>2026-05-02T13:25:28.900Z</time></trkpt>
<trkpt lat="54.506152" lon="18.644583"><time>2026-05-02T13:25:30.900Z</time></trkpt>
<trkpt lat="54.506146" lon="18.644581"><time>2026-05-02T13:25:32.900Z</time></trkpt>
<trkpt lat="54.506143" lon="18.644575"><time>2026-05-02T13:25:34.900Z</time></trkpt>
<trkpt lat="54.506140" lon="18.644571"><time>2026-05-02T13:25:36.900Z</time></trkpt>
<trkpt lat="54.506134" lon="18.644568"><time>2026-05-02T13:25:38.900Z</time></trkpt>
<trkpt lat="54.506129" lon="18.644566"><time>2026-05-02T13:25:40.900Z</time></trkpt>
<trkpt lat="54.506126" lon="18.644566"><time>2026-05-02T13:25:42.900Z</time></trkpt>
<trkpt lat="54.506122" lon="18.644561"><time>2026-05-02T13:25:44.900Z</time></trkpt>
<trkpt lat="54.506116" lon="18.644555"><time>2026-05-02T13:25:46.900Z</time></trkpt>
<trkpt lat="54.506114" lon="18.644555"><time>2026-05-02T13:25:48.900Z</time></trkpt>
<trkpt lat="54.506113" lon="18.644552"><time>2026-05-02T13:25:50.900Z</time></trkpt>
<trkpt lat="54.506110" lon="18.644550"><time>2026-05-02T13:25:52.900Z</time></trkpt>
<trkpt lat="54.506105" lon="18.644544"><time>2026-05-02T13:25:54.900Z</time></trkpt>
<trkpt lat="54.506098" lon="18.644538"><time>2026-05-02T13:25:56.900Z</time></trkpt>
<trkpt lat="54.506092" lon="18.644531"><time>2026-05-02T13:25:58.900Z</time></trkpt>
<trkpt lat="54.506087" lon="18.644526"><time>2026-05-02T13:26:00.900Z</time></trkpt>
<trkpt lat="54.506083" lon="18.644519"><time>2026-05-02T13:26:02.900Z</time></trkpt>
<trkpt lat="54.506080" lon="18.644517"><time>2026-05-02T13:26:04.900Z</time></trkpt>
<trkpt lat="54.506074" lon="18.644511"><time>2026-05-02T13:26:06.900Z</time></trkpt>
<trkpt lat="54.506065" lon="18.644506"><time>2026-05-02T13:26:08.900Z</time></trkpt>
<trkpt lat="54.506059" lon="18.644503"><time>2026-05-02T13:26:10.900Z</time></trkpt>
<trkpt lat="54.506051" lon="18.644499"><time>2026-05-02T13:26:12.900Z</time></trkpt>
<trkpt lat="54.506043" lon="18.644494"><time>2026-05-02T13:26:14.900Z</time></trkpt>
<trkpt lat="54.506036" lon="18.644491"><time>2026-05-02T13:26:16.900Z</time></trkpt>
<trkpt lat="54.506029" lon="18.644490"><time>2026-05-02T13:26:18.900Z</time></trkpt>
<trkpt lat="54.506021" lon="18.644488"><time>2026-05-02T13:26:20.900Z</time></trkpt>
<trkpt lat="54.506013" lon="18.644488"><time>2026-05-02T13:26:22.900Z</time></trkpt>
<trkpt lat="54.506006" lon="18.644487"><time>2026-05-02T13:26:24.900Z</time></trkpt>
<trkpt lat="54.505998" lon="18.644488"><time>2026-05-02T13:26:26.900Z</time></trkpt>
<trkpt lat="54.505991" lon="18.644484"><time>2026-05-02T13:26:28.900Z</time></trkpt>
<trkpt lat="54.505982" lon="18.644479"><time>2026-05-02T13:26:30.900Z</time></trkpt>
<trkpt lat="54.505974" lon="18.644476"><time>2026-05-02T13:26:32.900Z</time></trkpt>
<trkpt lat="54.505967" lon="18.644468"><time>2026-05-02T13:26:34.900Z</time></trkpt>
<trkpt lat="54.505958" lon="18.644458"><time>2026-05-02T13:26:36.900Z</time></trkpt>
<trkpt lat="54.505950" lon="18.644458"><time>2026-05-02T13:26:38.900Z</time></trkpt>
<trkpt lat="54.505940" lon="18.644454"><time>2026-05-02T13:26:40.900Z</time></trkpt>
<trkpt lat="54.505934" lon="18.644456"><time>2026-05-02T13:26:42.900Z</time></trkpt>
<trkpt lat="54.505926" lon="18.644453"><time>2026-05-02T13:26:44.900Z</time></trkpt>
<trkpt lat="54.505913" lon="18.644445"><time>2026-05-02T13:26:46.900Z</time></trkpt>
<trkpt lat="54.505904" lon="18.644442"><time>2026-05-02T13:26:48.900Z</time></trkpt>
<trkpt lat="54.505896" lon="18.644444"><time>2026-05-02T13:26:50.900Z</time></trkpt>
<trkpt lat="54.505893" lon="18.644446"><time>2026-05-02T13:26:52.900Z</time></trkpt>
<trkpt lat="54.505881" lon="18.644444"><time>2026-05-02T13:26:54.900Z</time></trkpt>
<trkpt lat="54.505871" lon="18.644439"><time>2026-05-02T13:26:56.900Z</time></trkpt>
<trkpt lat="54.505863" lon="18.644437"><time>2026-05-02T13:26:58.900Z</time></trkpt>
<trkpt lat="54.505851" lon="18.644430"><time>2026-05-02T13:27:00.900Z</time></trkpt>
<trkpt lat="54.505839" lon="18.644424"><time>2026-05-02T13:27:02.900Z</time></trkpt>
<trkpt lat="54.505831" lon="18.644417"><time>2026-05-02T13:27:05.000Z</time></trkpt>
<trkpt lat="54.505822" lon="18.644410"><time>2026-05-02T13:27:07.000Z</time></trkpt>
<trkpt lat="54.505817" lon="18.644401"><time>2026-05-02T13:27:09.000Z</time></trkpt>
<trkpt lat="54.505809" lon="18.644393"><time>2026-05-02T13:27:11.000Z</time></trkpt>
<trkpt lat="54.505801" lon="18.644383"><time>2026-05-02T13:27:13.000Z</time></trkpt>
<trkpt lat="54.505792" lon="18.644374"><time>2026-05-02T13:27:15.000Z</time></trkpt>
<trkpt lat="54.505783" lon="18.644365"><time>2026-05-02T13:27:17.000Z</time></trkpt>
<trkpt lat="54.505775" lon="18.644358"><time>2026-05-02T13:27:19.000Z</time></trkpt>
<trkpt lat="54.505767" lon="18.644350"><time>2026-05-02T13:27:21.000Z</time></trkpt>
<trkpt lat="54.505758" lon="18.644345"><time>2026-05-02T13:27:23.000Z</time></trkpt>
<trkpt lat="54.505748" lon="18.644338"><time>2026-05-02T13:27:25.000Z</time></trkpt>
<trkpt lat="54.505740" lon="18.644334"><time>2026-05-02T13:27:26.900Z</time></trkpt>
<trkpt lat="54.505730" lon="18.644329"><time>2026-05-02T13:27:28.900Z</time></trkpt>
<trkpt lat="54.505720" lon="18.644318"><time>2026-05-02T13:27:30.900Z</time></trkpt>
<trkpt lat="54.505710" lon="18.644309"><time>2026-05-02T13:27:32.900Z</time></trkpt>
<trkpt lat="54.505700" lon="18.644301"><time>2026-05-02T13:27:34.900Z</time></trkpt>
<trkpt lat="54.505691" lon="18.644292"><time>2026-05-02T13:27:36.900Z</time></trkpt>
<trkpt lat="54.505682" lon="18.644283"><time>2026-05-02T13:27:38.900Z</time></trkpt>
<trkpt lat="54.505673" lon="18.644275"><time>2026-05-02T13:27:40.900Z</time></trkpt>
<trkpt lat="54.505662" lon="18.644267"><time>2026-05-02T13:27:42.900Z</time></trkpt>
<trkpt lat="54.505651" lon="18.644253"><time>2026-05-02T13:27:44.900Z</time></trkpt>
<trkpt lat="54.505641" lon="18.644241"><time>2026-05-02T13:27:46.900Z</time></trkpt>
<trkpt lat="54.505629" lon="18.644228"><time>2026-05-02T13:27:48.900Z</time></trkpt>
<trkpt lat="54.505618" lon="18.644217"><time>2026-05-02T13:27:50.900Z</time></trkpt>
<trkpt lat="54.505607" lon="18.644209"><time>2026-05-02T13:27:52.900Z</time></trkpt>
<trkpt lat="54.505597" lon="18.644204"><time>2026-05-02T13:27:54.900Z</time></trkpt>
<trkpt lat="54.505586" lon="18.644200"><time>2026-05-02T13:27:56.900Z</time></trkpt>
<trkpt lat="54.505574" lon="18.644197"><time>2026-05-02T13:27:58.900Z</time></trkpt>
<trkpt lat="54.505560" lon="18.644194"><time>2026-05-02T13:28:00.900Z</time></trkpt>
<trkpt lat="54.505547" lon="18.644193"><time>2026-05-02T13:28:02.900Z</time></trkpt>
<trkpt lat="54.505535" lon="18.644194"><time>2026-05-02T13:28:04.900Z</time></trkpt>
<trkpt lat="54.505522" lon="18.644196"><time>2026-05-02T13:28:06.900Z</time></trkpt>
<trkpt lat="54.505509" lon="18.644200"><time>2026-05-02T13:28:08.900Z</time></trkpt>
<trkpt lat="54.505495" lon="18.644206"><time>2026-05-02T13:28:10.900Z</time></trkpt>
<trkpt lat="54.505481" lon="18.644211"><time>2026-05-02T13:28:12.900Z</time></trkpt>
<trkpt lat="54.505468" lon="18.644218"><time>2026-05-02T13:28:14.900Z</time></trkpt>
<trkpt lat="54.505456" lon="18.644224"><time>2026-05-02T13:28:16.900Z</time></trkpt>
<trkpt lat="54.505445" lon="18.644232"><time>2026-05-02T13:28:18.900Z</time></trkpt>
<trkpt lat="54.505433" lon="18.644238"><time>2026-05-02T13:28:20.900Z</time></trkpt>
<trkpt lat="54.505420" lon="18.644243"><time>2026-05-02T13:28:22.900Z</time></trkpt>
<trkpt lat="54.505408" lon="18.644249"><time>2026-05-02T13:28:24.900Z</time></trkpt>
<trkpt lat="54.505396" lon="18.644254"><time>2026-05-02T13:28:26.900Z</time></trkpt>
<trkpt lat="54.505383" lon="18.644260"><time>2026-05-02T13:28:28.900Z</time></trkpt>
<trkpt lat="54.505372" lon="18.644265"><time>2026-05-02T13:28:30.900Z</time></trkpt>
<trkpt lat="54.505362" lon="18.644270"><time>2026-05-02T13:28:32.900Z</time></trkpt>
<trkpt lat="54.505352" lon="18.644277"><time>2026-05-02T13:28:34.900Z</time></trkpt>
<trkpt lat="54.505342" lon="18.644280"><time>2026-05-02T13:28:36.900Z</time></trkpt>
<trkpt lat="54.505334" lon="18.644284"><time>2026-05-02T13:28:38.900Z</time></trkpt>
<trkpt lat="54.505326" lon="18.644287"><time>2026-05-02T13:28:40.900Z</time></trkpt>
<trkpt lat="54.505319" lon="18.644289"><time>2026-05-02T13:28:42.900Z</time></trkpt>
<trkpt lat="54.505312" lon="18.644289"><time>2026-05-02T13:28:44.900Z</time></trkpt>
<trkpt lat="54.505304" lon="18.644290"><time>2026-05-02T13:28:46.900Z</time></trkpt>
<trkpt lat="54.505297" lon="18.644291"><time>2026-05-02T13:28:48.900Z</time></trkpt>
<trkpt lat="54.505290" lon="18.644292"><time>2026-05-02T13:28:50.900Z</time></trkpt>
<trkpt lat="54.505283" lon="18.644293"><time>2026-05-02T13:28:52.900Z</time></trkpt>
<trkpt lat="54.505278" lon="18.644293"><time>2026-05-02T13:28:54.900Z</time></trkpt>
<trkpt lat="54.505275" lon="18.644295"><time>2026-05-02T13:28:56.900Z</time></trkpt>
<trkpt lat="54.505271" lon="18.644296"><time>2026-05-02T13:28:58.900Z</time></trkpt>
<trkpt lat="54.505263" lon="18.644299"><time>2026-05-02T13:29:00.900Z</time></trkpt>
<trkpt lat="54.505256" lon="18.644300"><time>2026-05-02T13:29:02.900Z</time></trkpt>
<trkpt lat="54.505248" lon="18.644299"><time>2026-05-02T13:29:04.900Z</time></trkpt>
<trkpt lat="54.505241" lon="18.644301"><time>2026-05-02T13:29:06.900Z</time></trkpt>
<trkpt lat="54.505235" lon="18.644302"><time>2026-05-02T13:29:08.900Z</time></trkpt>
<trkpt lat="54.505228" lon="18.644300"><time>2026-05-02T13:29:11.000Z</time></trkpt>
<trkpt lat="54.505222" lon="18.644297"><time>2026-05-02T13:29:13.000Z</time></trkpt>
<trkpt lat="54.505217" lon="18.644295"><time>2026-05-02T13:29:15.000Z</time></trkpt>
<trkpt lat="54.505211" lon="18.644295"><time>2026-05-02T13:29:17.000Z</time></trkpt>
<trkpt lat="54.505204" lon="18.644296"><time>2026-05-02T13:29:19.000Z</time></trkpt>
<trkpt lat="54.505197" lon="18.644297"><time>2026-05-02T13:29:21.000Z</time></trkpt>
<trkpt lat="54.505190" lon="18.644297"><time>2026-05-02T13:29:23.000Z</time></trkpt>
<trkpt lat="54.505182" lon="18.644297"><time>2026-05-02T13:29:25.000Z</time></trkpt>
<trkpt lat="54.505175" lon="18.644298"><time>2026-05-02T13:29:27.000Z</time></trkpt>
<trkpt lat="54.505164" lon="18.644295"><time>2026-05-02T13:29:29.000Z</time></trkpt>
<trkpt lat="54.505158" lon="18.644299"><time>2026-05-02T13:29:31.000Z</time></trkpt>
<trkpt lat="54.505150" lon="18.644301"><time>2026-05-02T13:29:33.000Z</time></trkpt>
<trkpt lat="54.505142" lon="18.644300"><time>2026-05-02T13:29:34.900Z</time></trkpt>
<trkpt lat="54.505136" lon="18.644300"><time>2026-05-02T13:29:36.900Z</time></trkpt>
<trkpt lat="54.505131" lon="18.644300"><time>2026-05-02T13:29:38.900Z</time></trkpt>
<trkpt lat="54.505124" lon="18.644298"><time>2026-05-02T13:29:40.900Z</time></trkpt>
<trkpt lat="54.505118" lon="18.644297"><time>2026-05-02T13:29:42.900Z</time></trkpt>
<trkpt lat="54.505113" lon="18.644299"><time>2026-05-02T13:29:44.900Z</time></trkpt>
<trkpt lat="54.505107" lon="18.644298"><time>2026-05-02T13:29:46.900Z</time></trkpt>
<trkpt lat="54.505100" lon="18.644299"><time>2026-05-02T13:29:48.900Z</time></trkpt>
<trkpt lat="54.505094" lon="18.644298"><time>2026-05-02T13:29:50.900Z</time></trkpt>
<trkpt lat="54.505088" lon="18.644297"><time>2026-05-02T13:29:52.900Z</time></trkpt>
<trkpt lat="54.505083" lon="18.644296"><time>2026-05-02T13:29:54.900Z</time></trkpt>
<trkpt lat="54.505078" lon="18.644295"><time>2026-05-02T13:29:56.900Z</time></trkpt>
<trkpt lat="54.505073" lon="18.644293"><time>2026-05-02T13:29:58.900Z</time></trkpt>
<trkpt lat="54.505066" lon="18.644294"><time>2026-05-02T13:30:00.900Z</time></trkpt>
<trkpt lat="54.505056" lon="18.644292"><time>2026-05-02T13:30:02.900Z</time></trkpt>
<trkpt lat="54.505044" lon="18.644291"><time>2026-05-02T13:30:04.900Z</time></trkpt>
<trkpt lat="54.505029" lon="18.644292"><time>2026-05-02T13:30:06.900Z</time></trkpt>
<trkpt lat="54.505014" lon="18.644297"><time>2026-05-02T13:30:08.900Z</time></trkpt>
<trkpt lat="54.504997" lon="18.644304"><time>2026-05-02T13:30:10.900Z</time></trkpt>
<trkpt lat="54.504980" lon="18.644316"><time>2026-05-02T13:30:12.900Z</time></trkpt>
<trkpt lat="54.504962" lon="18.644330"><time>2026-05-02T13:30:14.900Z</time></trkpt>
<trkpt lat="54.504947" lon="18.644343"><time>2026-05-02T13:30:16.900Z</time></trkpt>
<trkpt lat="54.504928" lon="18.644358"><time>2026-05-02T13:30:18.900Z</time></trkpt>
<trkpt lat="54.504908" lon="18.644373"><time>2026-05-02T13:30:20.900Z</time></trkpt>
<trkpt lat="54.504887" lon="18.644385"><time>2026-05-02T13:30:22.900Z</time></trkpt>
<trkpt lat="54.504865" lon="18.644396"><time>2026-05-02T13:30:24.900Z</time></trkpt>
<trkpt lat="54.504844" lon="18.644416"><time>2026-05-02T13:30:26.900Z</time></trkpt>
<trkpt lat="54.504812" lon="18.644444"><time>2026-05-02T13:30:28.900Z</time></trkpt>
<trkpt lat="54.504782" lon="18.644470"><time>2026-05-02T13:30:30.900Z</time></trkpt>
<trkpt lat="54.504750" lon="18.644504"><time>2026-05-02T13:30:32.900Z</time></trkpt>
<trkpt lat="54.504720" lon="18.644524"><time>2026-05-02T13:30:34.900Z</time></trkpt>
<trkpt lat="54.504697" lon="18.644534"><time>2026-05-02T13:30:36.900Z</time></trkpt>
<trkpt lat="54.504673" lon="18.644542"><time>2026-05-02T13:30:38.900Z</time></trkpt>
<trkpt lat="54.504652" lon="18.644550"><time>2026-05-02T13:30:40.900Z</time></trkpt>
<trkpt lat="54.504632" lon="18.644558"><time>2026-05-02T13:30:42.900Z</time></trkpt>
<trkpt lat="54.504609" lon="18.644577"><time>2026-05-02T13:30:44.900Z</time></trkpt>
<trkpt lat="54.504587" lon="18.644606"><time>2026-05-02T13:30:46.900Z</time></trkpt>
<trkpt lat="54.504568" lon="18.644615"><time>2026-05-02T13:30:48.900Z</time></trkpt>
<trkpt lat="54.504550" lon="18.644639"><time>2026-05-02T13:30:50.900Z</time></trkpt>
<trkpt lat="54.504529" lon="18.644664"><time>2026-05-02T13:30:52.900Z</time></trkpt>
<trkpt lat="54.504505" lon="18.644683"><time>2026-05-02T13:30:54.900Z</time></trkpt>
<trkpt lat="54.504487" lon="18.644709"><time>2026-05-02T13:30:56.900Z</time></trkpt>
<trkpt lat="54.504472" lon="18.644736"><time>2026-05-02T13:30:58.900Z</time></trkpt>
<trkpt lat="54.504451" lon="18.644765"><time>2026-05-02T13:31:00.900Z</time></trkpt>
<trkpt lat="54.504430" lon="18.644791"><time>2026-05-02T13:31:02.900Z</time></trkpt>
<trkpt lat="54.504406" lon="18.644816"><time>2026-05-02T13:31:04.900Z</time></trkpt>
<trkpt lat="54.504381" lon="18.644837"><time>2026-05-02T13:31:06.900Z</time></trkpt>
<trkpt lat="54.504359" lon="18.644864"><time>2026-05-02T13:31:08.900Z</time></trkpt>
<trkpt lat="54.504338" lon="18.644888"><time>2026-05-02T13:31:10.900Z</time></trkpt>
<trkpt lat="54.504319" lon="18.644906"><time>2026-05-02T13:31:12.900Z</time></trkpt>
<trkpt lat="54.504300" lon="18.644920"><time>2026-05-02T13:31:15.000Z</time></trkpt>
<trkpt lat="54.504278" lon="18.644938"><time>2026-05-02T13:31:17.000Z</time></trkpt>
<trkpt lat="54.504258" lon="18.644957"><time>2026-05-02T13:31:19.000Z</time></trkpt>
<trkpt lat="54.504241" lon="18.644976"><time>2026-05-02T13:31:21.000Z</time></trkpt>
<trkpt lat="54.504230" lon="18.644996"><time>2026-05-02T13:31:23.000Z</time></trkpt>
<trkpt lat="54.504204" lon="18.645026"><time>2026-05-02T13:31:25.000Z</time></trkpt>
<trkpt lat="54.504181" lon="18.645051"><time>2026-05-02T13:31:27.000Z</time></trkpt>
<trkpt lat="54.504154" lon="18.645087"><time>2026-05-02T13:31:29.000Z</time></trkpt>
<trkpt lat="54.504130" lon="18.645124"><time>2026-05-02T13:31:31.000Z</time></trkpt>
<trkpt lat="54.504112" lon="18.645145"><time>2026-05-02T13:31:33.000Z</time></trkpt>
<trkpt lat="54.504092" lon="18.645165"><time>2026-05-02T13:31:35.000Z</time></trkpt>
<trkpt lat="54.504073" lon="18.645185"><time>2026-05-02T13:31:37.000Z</time></trkpt>
<trkpt lat="54.504057" lon="18.645196"><time>2026-05-02T13:31:39.000Z</time></trkpt>
<trkpt lat="54.504038" lon="18.645217"><time>2026-05-02T13:31:40.900Z</time></trkpt>
<trkpt lat="54.504020" lon="18.645244"><time>2026-05-02T13:31:42.900Z</time></trkpt>
<trkpt lat="54.504001" lon="18.645271"><time>2026-05-02T13:31:44.900Z</time></trkpt>
<trkpt lat="54.503977" lon="18.645291"><time>2026-05-02T13:31:46.900Z</time></trkpt>
<trkpt lat="54.503956" lon="18.645306"><time>2026-05-02T13:31:48.900Z</time></trkpt>
<trkpt lat="54.503938" lon="18.645326"><time>2026-05-02T13:31:50.900Z</time></trkpt>
<trkpt lat="54.503918" lon="18.645342"><time>2026-05-02T13:31:52.900Z</time></trkpt>
<trkpt lat="54.503897" lon="18.645362"><time>2026-05-02T13:31:54.900Z</time></trkpt>
<trkpt lat="54.503874" lon="18.645387"><time>2026-05-02T13:31:56.900Z</time></trkpt>
<trkpt lat="54.503848" lon="18.645414"><time>2026-05-02T13:31:58.900Z</time></trkpt>
<trkpt lat="54.503827" lon="18.645445"><time>2026-05-02T13:32:00.900Z</time></trkpt>
<trkpt lat="54.503813" lon="18.645463"><time>2026-05-02T13:32:02.900Z</time></trkpt>
<trkpt lat="54.503796" lon="18.645478"><time>2026-05-02T13:32:04.900Z</time></trkpt>
<trkpt lat="54.503781" lon="18.645515"><time>2026-05-02T13:32:06.900Z</time></trkpt>
<trkpt lat="54.503758" lon="18.645556"><time>2026-05-02T13:32:08.900Z</time></trkpt>
<trkpt lat="54.503736" lon="18.645588"><time>2026-05-02T13:32:10.900Z</time></trkpt>
<trkpt lat="54.503711" lon="18.645625"><time>2026-05-02T13:32:12.900Z</time></trkpt>
<trkpt lat="54.503683" lon="18.645662"><time>2026-05-02T13:32:14.900Z</time></trkpt>
<trkpt lat="54.503653" lon="18.645698"><time>2026-05-02T13:32:16.900Z</time></trkpt>
<trkpt lat="54.503621" lon="18.645736"><time>2026-05-02T13:32:18.900Z</time></trkpt>
<trkpt lat="54.503592" lon="18.645788"><time>2026-05-02T13:32:20.900Z</time></trkpt>
<trkpt lat="54.503561" lon="18.645840"><time>2026-05-02T13:32:22.900Z</time></trkpt>
<trkpt lat="54.503534" lon="18.645876"><time>2026-05-02T13:32:24.900Z</time></trkpt>
<trkpt lat="54.503502" lon="18.645920"><time>2026-05-02T13:32:26.900Z</time></trkpt>
<trkpt lat="54.503471" lon="18.645968"><time>2026-05-02T13:32:28.900Z</time></trkpt>
<trkpt lat="54.503439" lon="18.646013"><time>2026-05-02T13:32:30.900Z</time></trkpt>
<trkpt lat="54.503408" lon="18.646054"><time>2026-05-02T13:32:32.900Z</time></trkpt>
<trkpt lat="54.503379" lon="18.646100"><time>2026-05-02T13:32:34.900Z</time></trkpt>
<trkpt lat="54.503344" lon="18.646143"><time>2026-05-02T13:32:36.900Z</time></trkpt>
<trkpt lat="54.503310" lon="18.646192"><time>2026-05-02T13:32:38.900Z</time></trkpt>
<trkpt lat="54.503284" lon="18.646256"><time>2026-05-02T13:32:40.900Z</time></trkpt>
<trkpt lat="54.503267" lon="18.646323"><time>2026-05-02T13:32:42.900Z</time></trkpt>
<trkpt lat="54.503251" lon="18.646386"><time>2026-05-02T13:32:44.900Z</time></trkpt>
<trkpt lat="54.503229" lon="18.646442"><time>2026-05-02T13:32:46.900Z</time></trkpt>
<trkpt lat="54.503204" lon="18.646488"><time>2026-05-02T13:32:48.900Z</time></trkpt>
<trkpt lat="54.503178" lon="18.646537"><time>2026-05-02T13:32:50.900Z</time></trkpt>
<trkpt lat="54.503155" lon="18.646593"><time>2026-05-02T13:32:52.900Z</time></trkpt>
<trkpt lat="54.503130" lon="18.646635"><time>2026-05-02T13:32:54.900Z</time></trkpt>
<trkpt lat="54.503102" lon="18.646682"><time>2026-05-02T13:32:56.900Z</time></trkpt>
<trkpt lat="54.503078" lon="18.646728"><time>2026-05-02T13:32:58.900Z</time></trkpt>
<trkpt lat="54.503056" lon="18.646779"><time>2026-05-02T13:33:00.900Z</time></trkpt>
<trkpt lat="54.503030" lon="18.646825"><time>2026-05-02T13:33:02.900Z</time></trkpt>
<trkpt lat="54.503004" lon="18.646874"><time>2026-05-02T13:33:04.900Z</time></trkpt>
<trkpt lat="54.502977" lon="18.646923"><time>2026-05-02T13:33:06.900Z</time></trkpt>
<trkpt lat="54.502945" lon="18.646967"><time>2026-05-02T13:33:08.900Z</time></trkpt>
<trkpt lat="54.502913" lon="18.647009"><time>2026-05-02T13:33:10.900Z</time></trkpt>
<trkpt lat="54.502881" lon="18.647050"><time>2026-05-02T13:33:12.900Z</time></trkpt>
<trkpt lat="54.502849" lon="18.647087"><time>2026-05-02T13:33:14.900Z</time></trkpt>
<trkpt lat="54.502819" lon="18.647129"><time>2026-05-02T13:33:16.900Z</time></trkpt>
<trkpt lat="54.502791" lon="18.647176"><time>2026-05-02T13:33:18.900Z</time></trkpt>
<trkpt lat="54.502765" lon="18.647228"><time>2026-05-02T13:33:21.000Z</time></trkpt>
<trkpt lat="54.502740" lon="18.647276"><time>2026-05-02T13:33:23.000Z</time></trkpt>
<trkpt lat="54.502715" lon="18.647322"><time>2026-05-02T13:33:25.000Z</time></trkpt>
<trkpt lat="54.502690" lon="18.647367"><time>2026-05-02T13:33:27.000Z</time></trkpt>
<trkpt lat="54.502665" lon="18.647408"><time>2026-05-02T13:33:29.000Z</time></trkpt>
<trkpt lat="54.502641" lon="18.647446"><time>2026-05-02T13:33:31.000Z</time></trkpt>
<trkpt lat="54.502616" lon="18.647487"><time>2026-05-02T13:33:33.000Z</time></trkpt>
<trkpt lat="54.502595" lon="18.647521"><time>2026-05-02T13:33:35.000Z</time></trkpt>
<trkpt lat="54.502570" lon="18.647556"><time>2026-05-02T13:33:37.000Z</time></trkpt>
<trkpt lat="54.502549" lon="18.647588"><time>2026-05-02T13:33:39.000Z</time></trkpt>
<trkpt lat="54.502526" lon="18.647623"><time>2026-05-02T13:33:41.000Z</time></trkpt>
<trkpt lat="54.502506" lon="18.647653"><time>2026-05-02T13:33:43.000Z</time></trkpt>
<trkpt lat="54.502488" lon="18.647693"><time>2026-05-02T13:33:45.000Z</time></trkpt>
<trkpt lat="54.502470" lon="18.647731"><time>2026-05-02T13:33:47.000Z</time></trkpt>
<trkpt lat="54.502452" lon="18.647772"><time>2026-05-02T13:33:48.900Z</time></trkpt>
<trkpt lat="54.502435" lon="18.647823"><time>2026-05-02T13:33:50.900Z</time></trkpt>
<trkpt lat="54.502415" lon="18.647876"><time>2026-05-02T13:33:52.900Z</time></trkpt>
<trkpt lat="54.502398" lon="18.647922"><time>2026-05-02T13:33:54.900Z</time></trkpt>
<trkpt lat="54.502380" lon="18.647969"><time>2026-05-02T13:33:56.900Z</time></trkpt>
<trkpt lat="54.502359" lon="18.648015"><time>2026-05-02T13:33:58.900Z</time></trkpt>
<trkpt lat="54.502336" lon="18.648057"><time>2026-05-02T13:34:00.900Z</time></trkpt>
<trkpt lat="54.502315" lon="18.648097"><time>2026-05-02T13:34:02.900Z</time></trkpt>
<trkpt lat="54.502292" lon="18.648138"><time>2026-05-02T13:34:04.900Z</time></trkpt>
<trkpt lat="54.502272" lon="18.648175"><time>2026-05-02T13:34:06.900Z</time></trkpt>
<trkpt lat="54.502252" lon="18.648209"><time>2026-05-02T13:34:08.900Z</time></trkpt>
<trkpt lat="54.502230" lon="18.648245"><time>2026-05-02T13:34:10.900Z</time></trkpt>
<trkpt lat="54.502205" lon="18.648282"><time>2026-05-02T13:34:12.900Z</time></trkpt>
<trkpt lat="54.502178" lon="18.648321"><time>2026-05-02T13:34:14.900Z</time></trkpt>
<trkpt lat="54.502153" lon="18.648356"><time>2026-05-02T13:34:16.900Z</time></trkpt>
<trkpt lat="54.502126" lon="18.648391"><time>2026-05-02T13:34:18.900Z</time></trkpt>
<trkpt lat="54.502102" lon="18.648423"><time>2026-05-02T13:34:20.900Z</time></trkpt>
<trkpt lat="54.502076" lon="18.648455"><time>2026-05-02T13:34:22.900Z</time></trkpt>
<trkpt lat="54.502050" lon="18.648476"><time>2026-05-02T13:34:24.900Z</time></trkpt>
<trkpt lat="54.502020" lon="18.648497"><time>2026-05-02T13:34:26.900Z</time></trkpt>
<trkpt lat="54.501989" lon="18.648518"><time>2026-05-02T13:34:28.900Z</time></trkpt>
<trkpt lat="54.501960" lon="18.648539"><time>2026-05-02T13:34:30.900Z</time></trkpt>
<trkpt lat="54.501929" lon="18.648561"><time>2026-05-02T13:34:32.900Z</time></trkpt>
<trkpt lat="54.501897" lon="18.648578"><time>2026-05-02T13:34:34.900Z</time></trkpt>
<trkpt lat="54.501865" lon="18.648594"><time>2026-05-02T13:34:36.900Z</time></trkpt>
<trkpt lat="54.501833" lon="18.648610"><time>2026-05-02T13:34:38.900Z</time></trkpt>
<trkpt lat="54.501804" lon="18.648624"><time>2026-05-02T13:34:40.900Z</time></trkpt>
<trkpt lat="54.501774" lon="18.648639"><time>2026-05-02T13:34:42.900Z</time></trkpt>
<trkpt lat="54.501744" lon="18.648650"><time>2026-05-02T13:34:44.900Z</time></trkpt>
<trkpt lat="54.501714" lon="18.648660"><time>2026-05-02T13:34:46.900Z</time></trkpt>
<trkpt lat="54.501683" lon="18.648668"><time>2026-05-02T13:34:48.900Z</time></trkpt>
<trkpt lat="54.501654" lon="18.648676"><time>2026-05-02T13:34:50.900Z</time></trkpt>
<trkpt lat="54.501625" lon="18.648680"><time>2026-05-02T13:34:52.900Z</time></trkpt>
<trkpt lat="54.501596" lon="18.648687"><time>2026-05-02T13:34:54.900Z</time></trkpt>
<trkpt lat="54.501568" lon="18.648688"><time>2026-05-02T13:34:56.900Z</time></trkpt>
<trkpt lat="54.501542" lon="18.648699"><time>2026-05-02T13:34:58.900Z</time></trkpt>
<trkpt lat="54.501523" lon="18.648718"><time>2026-05-02T13:35:00.900Z</time></trkpt>
<trkpt lat="54.501504" lon="18.648734"><time>2026-05-02T13:35:02.900Z</time></trkpt>
<trkpt lat="54.501483" lon="18.648769"><time>2026-05-02T13:35:04.900Z</time></trkpt>
<trkpt lat="54.501472" lon="18.648794"><time>2026-05-02T13:35:06.900Z</time></trkpt>
<trkpt lat="54.501464" lon="18.648824"><time>2026-05-02T13:35:08.900Z</time></trkpt>
<trkpt lat="54.501462" lon="18.648852"><time>2026-05-02T13:35:10.900Z</time></trkpt>
<trkpt lat="54.501463" lon="18.648878"><time>2026-05-02T13:35:12.900Z</time></trkpt>
<trkpt lat="54.501468" lon="18.648890"><time>2026-05-02T13:35:14.900Z</time></trkpt>
<trkpt lat="54.501477" lon="18.648908"><time>2026-05-02T13:35:16.900Z</time></trkpt>
<trkpt lat="54.501486" lon="18.648919"><time>2026-05-02T13:35:18.900Z</time></trkpt>
<trkpt lat="54.501488" lon="18.648911"><time>2026-05-02T13:35:20.900Z</time></trkpt>
<trkpt lat="54.501497" lon="18.648921"><time>2026-05-02T13:35:22.900Z</time></trkpt>
<trkpt lat="54.501509" lon="18.648936"><time>2026-05-02T13:35:24.900Z</time></trkpt>
<trkpt lat="54.501523" lon="18.648949"><time>2026-05-02T13:35:27.000Z</time></trkpt>
<trkpt lat="54.501539" lon="18.648960"><time>2026-05-02T13:35:29.000Z</time></trkpt>
<trkpt lat="54.501563" lon="18.648960"><time>2026-05-02T13:35:31.000Z</time></trkpt>
<trkpt lat="54.501578" lon="18.648962"><time>2026-05-02T13:35:33.000Z</time></trkpt>
<trkpt lat="54.501597" lon="18.648962"><time>2026-05-02T13:35:35.000Z</time></trkpt>
<trkpt lat="54.501615" lon="18.648960"><time>2026-05-02T13:35:37.000Z</time></trkpt>
<trkpt lat="54.501630" lon="18.648964"><time>2026-05-02T13:35:39.000Z</time></trkpt>
<trkpt lat="54.501639" lon="18.648965"><time>2026-05-02T13:35:41.000Z</time></trkpt>
<trkpt lat="54.501657" lon="18.648956"><time>2026-05-02T13:35:43.000Z</time></trkpt>
<trkpt lat="54.501675" lon="18.648955"><time>2026-05-02T13:35:45.000Z</time></trkpt>
<trkpt lat="54.501695" lon="18.648954"><time>2026-05-02T13:35:47.000Z</time></trkpt>
<trkpt lat="54.501715" lon="18.648957"><time>2026-05-02T13:35:49.000Z</time></trkpt>
<trkpt lat="54.501733" lon="18.648957"><time>2026-05-02T13:35:51.000Z</time></trkpt>
<trkpt lat="54.501749" lon="18.648958"><time>2026-05-02T13:35:53.000Z</time></trkpt>
<trkpt lat="54.501762" lon="18.648956"><time>2026-05-02T13:35:54.900Z</time></trkpt>
<trkpt lat="54.501779" lon="18.648952"><time>2026-05-02T13:35:56.900Z</time></trkpt>
<trkpt lat="54.501797" lon="18.648952"><time>2026-05-02T13:35:58.900Z</time></trkpt>
<trkpt lat="54.501815" lon="18.648950"><time>2026-05-02T13:36:00.900Z</time></trkpt>
<trkpt lat="54.501836" lon="18.648943"><time>2026-05-02T13:36:02.900Z</time></trkpt>
<trkpt lat="54.501856" lon="18.648936"><time>2026-05-02T13:36:04.900Z</time></trkpt>
<trkpt lat="54.501877" lon="18.648933"><time>2026-05-02T13:36:06.900Z</time></trkpt>
<trkpt lat="54.501895" lon="18.648932"><time>2026-05-02T13:36:08.900Z</time></trkpt>
<trkpt lat="54.501913" lon="18.648932"><time>2026-05-02T13:36:10.900Z</time></trkpt>
<trkpt lat="54.501941" lon="18.648933"><time>2026-05-02T13:36:12.900Z</time></trkpt>
<trkpt lat="54.501961" lon="18.648939"><time>2026-05-02T13:36:14.900Z</time></trkpt>
<trkpt lat="54.501977" lon="18.648944"><time>2026-05-02T13:36:16.900Z</time></trkpt>
<trkpt lat="54.501995" lon="18.648951"><time>2026-05-02T13:36:18.900Z</time></trkpt>
<trkpt lat="54.502010" lon="18.648962"><time>2026-05-02T13:36:20.900Z</time></trkpt>
<trkpt lat="54.502025" lon="18.648976"><time>2026-05-02T13:36:22.900Z</time></trkpt>
<trkpt lat="54.502035" lon="18.648990"><time>2026-05-02T13:36:24.900Z</time></trkpt>
<trkpt lat="54.502049" lon="18.649008"><time>2026-05-02T13:36:26.900Z</time></trkpt>
<trkpt lat="54.502053" lon="18.649012"><time>2026-05-02T13:36:28.900Z</time></trkpt>
<trkpt lat="54.502062" lon="18.649026"><time>2026-05-02T13:36:30.900Z</time></trkpt>
<trkpt lat="54.502078" lon="18.649050"><time>2026-05-02T13:36:32.900Z</time></trkpt>
<trkpt lat="54.502094" lon="18.649071"><time>2026-05-02T13:36:34.900Z</time></trkpt>
<trkpt lat="54.502108" lon="18.649091"><time>2026-05-02T13:36:36.900Z</time></trkpt>
<trkpt lat="54.502120" lon="18.649105"><time>2026-05-02T13:36:38.900Z</time></trkpt>
<trkpt lat="54.502134" lon="18.649114"><time>2026-05-02T13:36:40.900Z</time></trkpt>
<trkpt lat="54.502141" lon="18.649117"><time>2026-05-02T13:36:42.900Z</time></trkpt>
<trkpt lat="54.502148" lon="18.649119"><time>2026-05-02T13:36:44.900Z</time></trkpt>
<trkpt lat="54.502156" lon="18.649123"><time>2026-05-02T13:36:46.900Z</time></trkpt>
<trkpt lat="54.502163" lon="18.649125"><time>2026-05-02T13:36:48.900Z</time></trkpt>
<trkpt lat="54.502169" lon="18.649122"><time>2026-05-02T13:36:50.900Z</time></trkpt>
<trkpt lat="54.502177" lon="18.649125"><time>2026-05-02T13:36:52.900Z</time></trkpt>
<trkpt lat="54.502186" lon="18.649126"><time>2026-05-02T13:36:54.900Z</time></trkpt>
<trkpt lat="54.502194" lon="18.649124"><time>2026-05-02T13:36:56.900Z</time></trkpt>
<trkpt lat="54.502204" lon="18.649125"><time>2026-05-02T13:36:58.900Z</time></trkpt>
<trkpt lat="54.502214" lon="18.649121"><time>2026-05-02T13:37:00.900Z</time></trkpt>
<trkpt lat="54.502227" lon="18.649124"><time>2026-05-02T13:37:02.900Z</time></trkpt>
<trkpt lat="54.502232" lon="18.649123"><time>2026-05-02T13:37:04.900Z</time></trkpt>
<trkpt lat="54.502243" lon="18.649122"><time>2026-05-02T13:37:06.900Z</time></trkpt>
<trkpt lat="54.502250" lon="18.649120"><time>2026-05-02T13:37:08.900Z</time></trkpt>
<trkpt lat="54.502257" lon="18.649116"><time>2026-05-02T13:37:10.900Z</time></trkpt>
<trkpt lat="54.502273" lon="18.649111"><time>2026-05-02T13:37:12.900Z</time></trkpt>
<trkpt lat="54.502286" lon="18.649107"><time>2026-05-02T13:37:14.900Z</time></trkpt>
<trkpt lat="54.502299" lon="18.649110"><time>2026-05-02T13:37:16.900Z</time></trkpt>
<trkpt lat="54.502320" lon="18.649112"><time>2026-05-02T13:37:18.900Z</time></trkpt>
<trkpt lat="54.502339" lon="18.649119"><time>2026-05-02T13:37:20.900Z</time></trkpt>
<trkpt lat="54.502356" lon="18.649121"><time>2026-05-02T13:37:22.900Z</time></trkpt>
<trkpt lat="54.502374" lon="18.649122"><time>2026-05-02T13:37:24.900Z</time></trkpt>
<trkpt lat="54.502388" lon="18.649119"><time>2026-05-02T13:37:26.900Z</time></trkpt>
<trkpt lat="54.502405" lon="18.649117"><time>2026-05-02T13:37:28.900Z</time></trkpt>
<trkpt lat="54.502419" lon="18.649115"><time>2026-05-02T13:37:30.900Z</time></trkpt>
<trkpt lat="54.502438" lon="18.649114"><time>2026-05-02T13:37:33.000Z</time></trkpt>
<trkpt lat="54.502455" lon="18.649112"><time>2026-05-02T13:37:35.000Z</time></trkpt>
<trkpt lat="54.502468" lon="18.649114"><time>2026-05-02T13:37:37.000Z</time></trkpt>
<trkpt lat="54.502488" lon="18.649116"><time>2026-05-02T13:37:39.000Z</time></trkpt>
<trkpt lat="54.502506" lon="18.649117"><time>2026-05-02T13:37:41.000Z</time></trkpt>
<trkpt lat="54.502526" lon="18.649119"><time>2026-05-02T13:37:43.000Z</time></trkpt>
<trkpt lat="54.502545" lon="18.649119"><time>2026-05-02T13:37:45.000Z</time></trkpt>
<trkpt lat="54.502562" lon="18.649118"><time>2026-05-02T13:37:47.000Z</time></trkpt>
<trkpt lat="54.502580" lon="18.649124"><time>2026-05-02T13:37:49.000Z</time></trkpt>
<trkpt lat="54.502597" lon="18.649120"><time>2026-05-02T13:37:51.000Z</time></trkpt>
<trkpt lat="54.502619" lon="18.649123"><time>2026-05-02T13:37:53.000Z</time></trkpt>
<trkpt lat="54.502647" lon="18.649121"><time>2026-05-02T13:37:55.000Z</time></trkpt>
<trkpt lat="54.502671" lon="18.649114"><time>2026-05-02T13:37:56.900Z</time></trkpt>
<trkpt lat="54.502685" lon="18.649104"><time>2026-05-02T13:37:58.900Z</time></trkpt>
<trkpt lat="54.502702" lon="18.649106"><time>2026-05-02T13:38:00.900Z</time></trkpt>
<trkpt lat="54.502718" lon="18.649103"><time>2026-05-02T13:38:02.900Z</time></trkpt>
<trkpt lat="54.502739" lon="18.649106"><time>2026-05-02T13:38:04.900Z</time></trkpt>
<trkpt lat="54.502758" lon="18.649112"><time>2026-05-02T13:38:06.900Z</time></trkpt>
<trkpt lat="54.502776" lon="18.649113"><time>2026-05-02T13:38:08.900Z</time></trkpt>
<trkpt lat="54.502792" lon="18.649117"><time>2026-05-02T13:38:10.900Z</time></trkpt>
<trkpt lat="54.502807" lon="18.649122"><time>2026-05-02T13:38:12.900Z</time></trkpt>
<trkpt lat="54.502825" lon="18.649125"><time>2026-05-02T13:38:14.900Z</time></trkpt>
<trkpt lat="54.502844" lon="18.649127"><time>2026-05-02T13:38:16.900Z</time></trkpt>
<trkpt lat="54.502863" lon="18.649129"><time>2026-05-02T13:38:18.900Z</time></trkpt>
<trkpt lat="54.502880" lon="18.649134"><time>2026-05-02T13:38:20.900Z</time></trkpt>
<trkpt lat="54.502896" lon="18.649136"><time>2026-05-02T13:38:22.900Z</time></trkpt>
<trkpt lat="54.502915" lon="18.649138"><time>2026-05-02T13:38:24.900Z</time></trkpt>
<trkpt lat="54.502933" lon="18.649141"><time>2026-05-02T13:38:26.900Z</time></trkpt>
<trkpt lat="54.502952" lon="18.649144"><time>2026-05-02T13:38:28.900Z</time></trkpt>
<trkpt lat="54.502970" lon="18.649146"><time>2026-05-02T13:38:30.900Z</time></trkpt>
<trkpt lat="54.502987" lon="18.649149"><time>2026-05-02T13:38:32.900Z</time></trkpt>
<trkpt lat="54.503007" lon="18.649147"><time>2026-05-02T13:38:34.900Z</time></trkpt>
<trkpt lat="54.503023" lon="18.649148"><time>2026-05-02T13:38:36.900Z</time></trkpt>
<trkpt lat="54.503044" lon="18.649147"><time>2026-05-02T13:38:38.900Z</time></trkpt>
<trkpt lat="54.503062" lon="18.649148"><time>2026-05-02T13:38:40.900Z</time></trkpt>
<trkpt lat="54.503082" lon="18.649153"><time>2026-05-02T13:38:42.900Z</time></trkpt>
<trkpt lat="54.503102" lon="18.649158"><time>2026-05-02T13:38:44.900Z</time></trkpt>
<trkpt lat="54.503123" lon="18.649167"><time>2026-05-02T13:38:46.900Z</time></trkpt>
<trkpt lat="54.503144" lon="18.649175"><time>2026-05-02T13:38:48.900Z</time></trkpt>
<trkpt lat="54.503163" lon="18.649179"><time>2026-05-02T13:38:50.900Z</time></trkpt>
<trkpt lat="54.503180" lon="18.649177"><time>2026-05-02T13:38:52.900Z</time></trkpt>
<trkpt lat="54.503201" lon="18.649167"><time>2026-05-02T13:38:54.900Z</time></trkpt>
<trkpt lat="54.503223" lon="18.649172"><time>2026-05-02T13:38:56.900Z</time></trkpt>
<trkpt lat="54.503244" lon="18.649176"><time>2026-05-02T13:38:58.900Z</time></trkpt>
<trkpt lat="54.503264" lon="18.649178"><time>2026-05-02T13:39:00.900Z</time></trkpt>
<trkpt lat="54.503285" lon="18.649179"><time>2026-05-02T13:39:02.900Z</time></trkpt>
<trkpt lat="54.503306" lon="18.649180"><time>2026-05-02T13:39:04.900Z</time></trkpt>
<trkpt lat="54.503328" lon="18.649183"><time>2026-05-02T13:39:06.900Z</time></trkpt>
<trkpt lat="54.503349" lon="18.649188"><time>2026-05-02T13:39:08.900Z</time></trkpt>
<trkpt lat="54.503371" lon="18.649192"><time>2026-05-02T13:39:10.900Z</time></trkpt>
<trkpt lat="54.503392" lon="18.649198"><time>2026-05-02T13:39:12.900Z</time></trkpt>
<trkpt lat="54.503413" lon="18.649203"><time>2026-05-02T13:39:14.900Z</time></trkpt>
<trkpt lat="54.503432" lon="18.649210"><time>2026-05-02T13:39:16.900Z</time></trkpt>
<trkpt lat="54.503452" lon="18.649215"><time>2026-05-02T13:39:18.900Z</time></trkpt>
<trkpt lat="54.503470" lon="18.649221"><time>2026-05-02T13:39:20.900Z</time></trkpt>
<trkpt lat="54.503490" lon="18.649227"><time>2026-05-02T13:39:22.900Z</time></trkpt>
<trkpt lat="54.503510" lon="18.649230"><time>2026-05-02T13:39:24.900Z</time></trkpt>
<trkpt lat="54.503529" lon="18.649233"><time>2026-05-02T13:39:26.900Z</time></trkpt>
<trkpt lat="54.503549" lon="18.649237"><time>2026-05-02T13:39:28.900Z</time></trkpt>
<trkpt lat="54.503568" lon="18.649243"><time>2026-05-02T13:39:30.900Z</time></trkpt>
<trkpt lat="54.503582" lon="18.649248"><time>2026-05-02T13:39:32.900Z</time></trkpt>
<trkpt lat="54.503600" lon="18.649245"><time>2026-05-02T13:39:34.900Z</time></trkpt>
<trkpt lat="54.503618" lon="18.649247"><time>2026-05-02T13:39:37.000Z</time></trkpt>
<trkpt lat="54.503638" lon="18.649250"><time>2026-05-02T13:39:39.000Z</time></trkpt>
<trkpt lat="54.503657" lon="18.649250"><time>2026-05-02T13:39:41.000Z</time></trkpt>
<trkpt lat="54.503679" lon="18.649253"><time>2026-05-02T13:39:43.000Z</time></trkpt>
<trkpt lat="54.503698" lon="18.649256"><time>2026-05-02T13:39:45.000Z</time></trkpt>
<trkpt lat="54.503718" lon="18.649258"><time>2026-05-02T13:39:47.000Z</time></trkpt>
<trkpt lat="54.503739" lon="18.649258"><time>2026-05-02T13:39:49.000Z</time></trkpt>
<trkpt lat="54.503758" lon="18.649260"><time>2026-05-02T13:39:51.000Z</time></trkpt>
<trkpt lat="54.503778" lon="18.649264"><time>2026-05-02T13:39:53.000Z</time></trkpt>
<trkpt lat="54.503793" lon="18.649279"><time>2026-05-02T13:39:55.000Z</time></trkpt>
<trkpt lat="54.503800" lon="18.649288"><time>2026-05-02T13:39:57.000Z</time></trkpt>
<trkpt lat="54.503809" lon="18.649282"><time>2026-05-02T13:39:58.900Z</time></trkpt>
<trkpt lat="54.503823" lon="18.649286"><time>2026-05-02T13:40:00.900Z</time></trkpt>
<trkpt lat="54.503841" lon="18.649288"><time>2026-05-02T13:40:02.900Z</time></trkpt>
<trkpt lat="54.503856" lon="18.649293"><time>2026-05-02T13:40:04.900Z</time></trkpt>
<trkpt lat="54.503873" lon="18.649295"><time>2026-05-02T13:40:06.900Z</time></trkpt>
<trkpt lat="54.503894" lon="18.649295"><time>2026-05-02T13:40:08.900Z</time></trkpt>
<trkpt lat="54.503917" lon="18.649291"><time>2026-05-02T13:40:10.900Z</time></trkpt>
<trkpt lat="54.503943" lon="18.649284"><time>2026-05-02T13:40:12.900Z</time></trkpt>
<trkpt lat="54.503964" lon="18.649261"><time>2026-05-02T13:40:14.900Z</time></trkpt>
<trkpt lat="54.503986" lon="18.649236"><time>2026-05-02T13:40:16.900Z</time></trkpt>
<trkpt lat="54.504006" lon="18.649215"><time>2026-05-02T13:40:18.900Z</time></trkpt>
<trkpt lat="54.504021" lon="18.649200"><time>2026-05-02T13:40:20.900Z</time></trkpt>
<trkpt lat="54.504039" lon="18.649186"><time>2026-05-02T13:40:22.900Z</time></trkpt>
<trkpt lat="54.504057" lon="18.649171"><time>2026-05-02T13:40:24.900Z</time></trkpt>
<trkpt lat="54.504076" lon="18.649168"><time>2026-05-02T13:40:26.900Z</time></trkpt>
<trkpt lat="54.504093" lon="18.649151"><time>2026-05-02T13:40:28.900Z</time></trkpt>
<trkpt lat="54.504104" lon="18.649129"><time>2026-05-02T13:40:30.900Z</time></trkpt>
<trkpt lat="54.504121" lon="18.649102"><time>2026-05-02T13:40:32.900Z</time></trkpt>
<trkpt lat="54.504140" lon="18.649073"><time>2026-05-02T13:40:34.900Z</time></trkpt>
<trkpt lat="54.504158" lon="18.649051"><time>2026-05-02T13:40:36.900Z</time></trkpt>
<trkpt lat="54.504168" lon="18.649030"><time>2026-05-02T13:40:38.900Z</time></trkpt>
<trkpt lat="54.504177" lon="18.649013"><time>2026-05-02T13:40:40.900Z</time></trkpt>
<trkpt lat="54.504191" lon="18.648986"><time>2026-05-02T13:40:42.900Z</time></trkpt>
<trkpt lat="54.504202" lon="18.648954"><time>2026-05-02T13:40:44.900Z</time></trkpt>
<trkpt lat="54.504211" lon="18.648926"><time>2026-05-02T13:40:46.900Z</time></trkpt>
<trkpt lat="54.504223" lon="18.648902"><time>2026-05-02T13:40:48.900Z</time></trkpt>
<trkpt lat="54.504234" lon="18.648877"><time>2026-05-02T13:40:50.900Z</time></trkpt>
<trkpt lat="54.504246" lon="18.648852"><time>2026-05-02T13:40:52.900Z</time></trkpt>
<trkpt lat="54.504257" lon="18.648825"><time>2026-05-02T13:40:54.900Z</time></trkpt>
<trkpt lat="54.504268" lon="18.648803"><time>2026-05-02T13:40:56.900Z</time></trkpt>
<trkpt lat="54.504278" lon="18.648777"><time>2026-05-02T13:40:58.900Z</time></trkpt>
<trkpt lat="54.504288" lon="18.648749"><time>2026-05-02T13:41:00.900Z</time></trkpt>
<trkpt lat="54.504296" lon="18.648725"><time>2026-05-02T13:41:02.900Z</time></trkpt>
<trkpt lat="54.504305" lon="18.648696"><time>2026-05-02T13:41:04.900Z</time></trkpt>
<trkpt lat="54.504312" lon="18.648669"><time>2026-05-02T13:41:06.900Z</time></trkpt>
<trkpt lat="54.504328" lon="18.648638"><time>2026-05-02T13:41:08.900Z</time></trkpt>
<trkpt lat="54.504330" lon="18.648619"><time>2026-05-02T13:41:10.900Z</time></trkpt>
<trkpt lat="54.504338" lon="18.648593"><time>2026-05-02T13:41:12.900Z</time></trkpt>
<trkpt lat="54.504342" lon="18.648572"><time>2026-05-02T13:41:14.900Z</time></trkpt>
<trkpt lat="54.504351" lon="18.648544"><time>2026-05-02T13:41:16.900Z</time></trkpt>
<trkpt lat="54.504357" lon="18.648518"><time>2026-05-02T13:41:18.900Z</time></trkpt>
<trkpt lat="54.504362" lon="18.648495"><time>2026-05-02T13:41:20.900Z</time></trkpt>
<trkpt lat="54.504371" lon="18.648474"><time>2026-05-02T13:41:22.900Z</time></trkpt>
<trkpt lat="54.504379" lon="18.648452"><time>2026-05-02T13:41:24.900Z</time></trkpt>
<trkpt lat="54.504384" lon="18.648428"><time>2026-05-02T13:41:26.900Z</time></trkpt>
<trkpt lat="54.504392" lon="18.648410"><time>2026-05-02T13:41:28.900Z</time></trkpt>
<trkpt lat="54.504404" lon="18.648386"><time>2026-05-02T13:41:30.900Z</time></trkpt>
<trkpt lat="54.504414" lon="18.648371"><time>2026-05-02T13:41:32.900Z</time></trkpt>
<trkpt lat="54.504424" lon="18.648352"><time>2026-05-02T13:41:34.900Z</time></trkpt>
<trkpt lat="54.504429" lon="18.648335"><time>2026-05-02T13:41:36.900Z</time></trkpt>
<trkpt lat="54.504438" lon="18.648313"><time>2026-05-02T13:41:38.900Z</time></trkpt>
<trkpt lat="54.504445" lon="18.648288"><time>2026-05-02T13:41:40.900Z</time></trkpt>
<trkpt lat="54.504454" lon="18.648268"><time>2026-05-02T13:41:43.000Z</time></trkpt>
<trkpt lat="54.504464" lon="18.648240"><time>2026-05-02T13:41:45.000Z</time></trkpt>
<trkpt lat="54.504472" lon="18.648216"><time>2026-05-02T13:41:47.000Z</time></trkpt>
<trkpt lat="54.504480" lon="18.648195"><time>2026-05-02T13:41:49.000Z</time></trkpt>
<trkpt lat="54.504491" lon="18.648175"><time>2026-05-02T13:41:51.000Z</time></trkpt>
<trkpt lat="54.504498" lon="18.648153"><time>2026-05-02T13:41:53.000Z</time></trkpt>
<trkpt lat="54.504506" lon="18.648130"><time>2026-05-02T13:41:55.000Z</time></trkpt>
<trkpt lat="54.504513" lon="18.648108"><time>2026-05-02T13:41:57.000Z</time></trkpt>
<trkpt lat="54.504520" lon="18.648085"><time>2026-05-02T13:41:59.000Z</time></trkpt>
<trkpt lat="54.504525" lon="18.648060"><time>2026-05-02T13:42:01.000Z</time></trkpt>
<trkpt lat="54.504527" lon="18.648042"><time>2026-05-02T13:42:03.000Z</time></trkpt>
<trkpt lat="54.504532" lon="18.648013"><time>2026-05-02T13:42:04.900Z</time></trkpt>
<trkpt lat="54.504539" lon="18.647992"><time>2026-05-02T13:42:06.900Z</time></trkpt>
<trkpt lat="54.504541" lon="18.647981"><time>2026-05-02T13:42:08.900Z</time></trkpt>
<trkpt lat="54.504550" lon="18.647959"><time>2026-05-02T13:42:10.900Z</time></trkpt>
<trkpt lat="54.504548" lon="18.647940"><time>2026-05-02T13:42:12.900Z</time></trkpt>
<trkpt lat="54.504554" lon="18.647905"><time>2026-05-02T13:42:14.900Z</time></trkpt>
<trkpt lat="54.504558" lon="18.647886"><time>2026-05-02T13:42:16.900Z</time></trkpt>
<trkpt lat="54.504566" lon="18.647863"><time>2026-05-02T13:42:18.900Z</time></trkpt>
<trkpt lat="54.504575" lon="18.647843"><time>2026-05-02T13:42:20.900Z</time></trkpt>
<trkpt lat="54.504581" lon="18.647821"><time>2026-05-02T13:42:22.900Z</time></trkpt>
<trkpt lat="54.504587" lon="18.647801"><time>2026-05-02T13:42:24.900Z</time></trkpt>
<trkpt lat="54.504594" lon="18.647783"><time>2026-05-02T13:42:26.900Z</time></trkpt>
<trkpt lat="54.504601" lon="18.647774"><time>2026-05-02T13:42:28.900Z</time></trkpt>
<trkpt lat="54.504603" lon="18.647770"><time>2026-05-02T13:42:30.900Z</time></trkpt>
<trkpt lat="54.504604" lon="18.647766"><time>2026-05-02T13:42:32.900Z</time></trkpt>
<trkpt lat="54.504608" lon="18.647750"><time>2026-05-02T13:42:34.900Z</time></trkpt>
<trkpt lat="54.504612" lon="18.647737"><time>2026-05-02T13:42:36.900Z</time></trkpt>
<trkpt lat="54.504622" lon="18.647719"><time>2026-05-02T13:42:38.900Z</time></trkpt>
<trkpt lat="54.504631" lon="18.647703"><time>2026-05-02T13:42:40.900Z</time></trkpt>
<trkpt lat="54.504635" lon="18.647685"><time>2026-05-02T13:42:42.900Z</time></trkpt>
<trkpt lat="54.504638" lon="18.647670"><time>2026-05-02T13:42:44.900Z</time></trkpt>
<trkpt lat="54.504640" lon="18.647656"><time>2026-05-02T13:42:46.900Z</time></trkpt>
<trkpt lat="54.504639" lon="18.647647"><time>2026-05-02T13:42:48.900Z</time></trkpt>
<trkpt lat="54.504642" lon="18.647633"><time>2026-05-02T13:42:50.900Z</time></trkpt>
<trkpt lat="54.504641" lon="18.647613"><time>2026-05-02T13:42:52.900Z</time></trkpt>
<trkpt lat="54.504642" lon="18.647593"><time>2026-05-02T13:42:54.900Z</time></trkpt>
<trkpt lat="54.504643" lon="18.647569"><time>2026-05-02T13:42:56.900Z</time></trkpt>
<trkpt lat="54.504643" lon="18.647550"><time>2026-05-02T13:42:58.900Z</time></trkpt>
<trkpt lat="54.504644" lon="18.647531"><time>2026-05-02T13:43:00.900Z</time></trkpt>
<trkpt lat="54.504644" lon="18.647514"><time>2026-05-02T13:43:02.900Z</time></trkpt>
<trkpt lat="54.504642" lon="18.647490"><time>2026-05-02T13:43:04.900Z</time></trkpt>
<trkpt lat="54.504640" lon="18.647470"><time>2026-05-02T13:43:06.900Z</time></trkpt>
<trkpt lat="54.504639" lon="18.647437"><time>2026-05-02T13:43:08.900Z</time></trkpt>
<trkpt lat="54.504640" lon="18.647407"><time>2026-05-02T13:43:10.900Z</time></trkpt>
<trkpt lat="54.504642" lon="18.647385"><time>2026-05-02T13:43:12.900Z</time></trkpt>
<trkpt lat="54.504645" lon="18.647367"><time>2026-05-02T13:43:14.900Z</time></trkpt>
<trkpt lat="54.504648" lon="18.647337"><time>2026-05-02T13:43:16.900Z</time></trkpt>
<trkpt lat="54.504648" lon="18.647312"><time>2026-05-02T13:43:18.900Z</time></trkpt>
<trkpt lat="54.504648" lon="18.647302"><time>2026-05-02T13:43:20.900Z</time></trkpt>
<trkpt lat="54.504645" lon="18.647293"><time>2026-05-02T13:43:22.900Z</time></trkpt>
<trkpt lat="54.504642" lon="18.647276"><time>2026-05-02T13:43:24.900Z</time></trkpt>
<trkpt lat="54.504639" lon="18.647246"><time>2026-05-02T13:43:26.900Z</time></trkpt>
<trkpt lat="54.504635" lon="18.647214"><time>2026-05-02T13:43:28.900Z</time></trkpt>
<trkpt lat="54.504628" lon="18.647179"><time>2026-05-02T13:43:30.900Z</time></trkpt>
<trkpt lat="54.504618" lon="18.647153"><time>2026-05-02T13:43:32.900Z</time></trkpt>
<trkpt lat="54.504610" lon="18.647128"><time>2026-05-02T13:43:34.900Z</time></trkpt>
<trkpt lat="54.504598" lon="18.647100"><time>2026-05-02T13:43:36.900Z</time></trkpt>
<trkpt lat="54.504588" lon="18.647066"><time>2026-05-02T13:43:38.900Z</time></trkpt>
<trkpt lat="54.504580" lon="18.647036"><time>2026-05-02T13:43:40.900Z</time></trkpt>
<trkpt lat="54.504571" lon="18.647006"><time>2026-05-02T13:43:42.900Z</time></trkpt>
<trkpt lat="54.504563" lon="18.646970"><time>2026-05-02T13:43:44.900Z</time></trkpt>
<trkpt lat="54.504555" lon="18.646931"><time>2026-05-02T13:43:46.900Z</time></trkpt>
<trkpt lat="54.504546" lon="18.646886"><time>2026-05-02T13:43:49.000Z</time></trkpt>
<trkpt lat="54.504540" lon="18.646855"><time>2026-05-02T13:43:51.000Z</time></trkpt>
<trkpt lat="54.504530" lon="18.646802"><time>2026-05-02T13:43:53.000Z</time></trkpt>
<trkpt lat="54.504523" lon="18.646758"><time>2026-05-02T13:43:55.000Z</time></trkpt>
<trkpt lat="54.504517" lon="18.646722"><time>2026-05-02T13:43:57.000Z</time></trkpt>
<trkpt lat="54.504507" lon="18.646680"><time>2026-05-02T13:43:59.000Z</time></trkpt>
<trkpt lat="54.504494" lon="18.646638"><time>2026-05-02T13:44:01.000Z</time></trkpt>
<trkpt lat="54.504484" lon="18.646597"><time>2026-05-02T13:44:03.000Z</time></trkpt>
<trkpt lat="54.504473" lon="18.646540"><time>2026-05-02T13:44:05.000Z</time></trkpt>
<trkpt lat="54.504455" lon="18.646464"><time>2026-05-02T13:44:07.000Z</time></trkpt>
<trkpt lat="54.504447" lon="18.646409"><time>2026-05-02T13:44:09.000Z</time></trkpt>
<trkpt lat="54.504438" lon="18.646351"><time>2026-05-02T13:44:10.900Z</time></trkpt>
<trkpt lat="54.504437" lon="18.646320"><time>2026-05-02T13:44:12.900Z</time></trkpt>
<trkpt lat="54.504434" lon="18.646278"><time>2026-05-02T13:44:14.900Z</time></trkpt>
<trkpt lat="54.504429" lon="18.646233"><time>2026-05-02T13:44:16.900Z</time></trkpt>
<trkpt lat="54.504418" lon="18.646176"><time>2026-05-02T13:44:18.900Z</time></trkpt>
<trkpt lat="54.504408" lon="18.646124"><time>2026-05-02T13:44:20.900Z</time></trkpt>
<trkpt lat="54.504397" lon="18.646079"><time>2026-05-02T13:44:22.900Z</time></trkpt>
<trkpt lat="54.504391" lon="18.646038"><time>2026-05-02T13:44:24.900Z</time></trkpt>
<trkpt lat="54.504390" lon="18.645986"><time>2026-05-02T13:44:26.900Z</time></trkpt>
<trkpt lat="54.504384" lon="18.645930"><time>2026-05-02T13:44:28.900Z</time></trkpt>
<trkpt lat="54.504384" lon="18.645885"><time>2026-05-02T13:44:30.900Z</time></trkpt>
<trkpt lat="54.504380" lon="18.645833"><time>2026-05-02T13:44:32.900Z</time></trkpt>
<trkpt lat="54.504376" lon="18.645789"><time>2026-05-02T13:44:34.900Z</time></trkpt>
<trkpt lat="54.504371" lon="18.645776"><time>2026-05-02T13:44:36.900Z</time></trkpt>
<trkpt lat="54.504366" lon="18.645753"><time>2026-05-02T13:44:38.900Z</time></trkpt>
<trkpt lat="54.504364" lon="18.645720"><time>2026-05-02T13:44:40.900Z</time></trkpt>
<trkpt lat="54.504363" lon="18.645679"><time>2026-05-02T13:44:42.900Z</time></trkpt>
<trkpt lat="54.504361" lon="18.645634"><time>2026-05-02T13:44:44.900Z</time></trkpt>
<trkpt lat="54.504352" lon="18.645602"><time>2026-05-02T13:44:46.900Z</time></trkpt>
<trkpt lat="54.504343" lon="18.645559"><time>2026-05-02T13:44:48.900Z</time></trkpt>
<trkpt lat="54.504335" lon="18.645512"><time>2026-05-02T13:44:50.900Z</time></trkpt>
<trkpt lat="54.504329" lon="18.645454"><time>2026-05-02T13:44:52.900Z</time></trkpt>
<trkpt lat="54.504323" lon="18.645387"><time>2026-05-02T13:44:54.900Z</time></trkpt>
<trkpt lat="54.504319" lon="18.645330"><time>2026-05-02T13:44:56.900Z</time></trkpt>
<trkpt lat="54.504315" lon="18.645284"><time>2026-05-02T13:44:58.900Z</time></trkpt>
<trkpt lat="54.504314" lon="18.645228"><time>2026-05-02T13:45:00.900Z</time></trkpt>
<trkpt lat="54.504312" lon="18.645184"><time>2026-05-02T13:45:02.900Z</time></trkpt>
<trkpt lat="54.504303" lon="18.645142"><time>2026-05-02T13:45:04.900Z</time></trkpt>
<trkpt lat="54.504298" lon="18.645096"><time>2026-05-02T13:45:06.900Z</time></trkpt>
<trkpt lat="54.504295" lon="18.645045"><time>2026-05-02T13:45:08.900Z</time></trkpt>
<trkpt lat="54.504287" lon="18.644992"><time>2026-05-02T13:45:10.900Z</time></trkpt>
<trkpt lat="54.504277" lon="18.644941"><time>2026-05-02T13:45:12.900Z</time></trkpt>
<trkpt lat="54.504266" lon="18.644891"><time>2026-05-02T13:45:14.900Z</time></trkpt>
<trkpt lat="54.504255" lon="18.644852"><time>2026-05-02T13:45:16.900Z</time></trkpt>
<trkpt lat="54.504240" lon="18.644806"><time>2026-05-02T13:45:18.900Z</time></trkpt>
<trkpt lat="54.504225" lon="18.644750"><time>2026-05-02T13:45:20.900Z</time></trkpt>
<trkpt lat="54.504211" lon="18.644696"><time>2026-05-02T13:45:22.900Z</time></trkpt>
<trkpt lat="54.504201" lon="18.644633"><time>2026-05-02T13:45:24.900Z</time></trkpt>
<trkpt lat="54.504189" lon="18.644571"><time>2026-05-02T13:45:26.900Z</time></trkpt>
<trkpt lat="54.504180" lon="18.644518"><time>2026-05-02T13:45:28.900Z</time></trkpt>
<trkpt lat="54.504176" lon="18.644466"><time>2026-05-02T13:45:30.900Z</time></trkpt>
<trkpt lat="54.504172" lon="18.644415"><time>2026-05-02T13:45:32.900Z</time></trkpt>
<trkpt lat="54.504169" lon="18.644368"><time>2026-05-02T13:45:34.900Z</time></trkpt>
<trkpt lat="54.504166" lon="18.644325"><time>2026-05-02T13:45:36.900Z</time></trkpt>
<trkpt lat="54.504162" lon="18.644272"><time>2026-05-02T13:45:38.900Z</time></trkpt>
<trkpt lat="54.504161" lon="18.644224"><time>2026-05-02T13:45:40.900Z</time></trkpt>
<trkpt lat="54.504160" lon="18.644177"><time>2026-05-02T13:45:42.900Z</time></trkpt>
<trkpt lat="54.504158" lon="18.644133"><time>2026-05-02T13:45:44.900Z</time></trkpt>
<trkpt lat="54.504153" lon="18.644085"><time>2026-05-02T13:45:46.900Z</time></trkpt>
<trkpt lat="54.504145" lon="18.644061"><time>2026-05-02T13:45:48.900Z</time></trkpt>
<trkpt lat="54.504142" lon="18.644016"><time>2026-05-02T13:45:50.900Z</time></trkpt>
<trkpt lat="54.504143" lon="18.643955"><time>2026-05-02T13:45:52.900Z</time></trkpt>
<trkpt lat="54.504146" lon="18.643884"><time>2026-05-02T13:45:55.000Z</time></trkpt>
<trkpt lat="54.504148" lon="18.643817"><time>2026-05-02T13:45:57.000Z</time></trkpt>
<trkpt lat="54.504146" lon="18.643773"><time>2026-05-02T13:45:59.000Z</time></trkpt>
<trkpt lat="54.504144" lon="18.643733"><time>2026-05-02T13:46:01.000Z</time></trkpt>
<trkpt lat="54.504140" lon="18.643703"><time>2026-05-02T13:46:03.000Z</time></trkpt>
<trkpt lat="54.504141" lon="18.643666"><time>2026-05-02T13:46:05.000Z</time></trkpt>
<trkpt lat="54.504137" lon="18.643620"><time>2026-05-02T13:46:07.000Z</time></trkpt>
<trkpt lat="54.504133" lon="18.643581"><time>2026-05-02T13:46:09.000Z</time></trkpt>
<trkpt lat="54.504129" lon="18.643552"><time>2026-05-02T13:46:11.000Z</time></trkpt>
<trkpt lat="54.504122" lon="18.643519"><time>2026-05-02T13:46:13.000Z</time></trkpt>
<trkpt lat="54.504117" lon="18.643479"><time>2026-05-02T13:46:15.000Z</time></trkpt>
<trkpt lat="54.504114" lon="18.643438"><time>2026-05-02T13:46:16.900Z</time></trkpt>
<trkpt lat="54.504113" lon="18.643399"><time>2026-05-02T13:46:18.900Z</time></trkpt>
<trkpt lat="54.504117" lon="18.643365"><time>2026-05-02T13:46:20.900Z</time></trkpt>
<trkpt lat="54.504116" lon="18.643331"><time>2026-05-02T13:46:22.900Z</time></trkpt>
<trkpt lat="54.504115" lon="18.643285"><time>2026-05-02T13:46:24.900Z</time></trkpt>
<trkpt lat="54.504121" lon="18.643244"><time>2026-05-02T13:46:26.900Z</time></trkpt>
<trkpt lat="54.504119" lon="18.643217"><time>2026-05-02T13:46:28.900Z</time></trkpt>
<trkpt lat="54.504118" lon="18.643198"><time>2026-05-02T13:46:30.900Z</time></trkpt>
<trkpt lat="54.504119" lon="18.643169"><time>2026-05-02T13:46:32.900Z</time></trkpt>
<trkpt lat="54.504118" lon="18.643143"><time>2026-05-02T13:46:34.900Z</time></trkpt>
<trkpt lat="54.504120" lon="18.643111"><time>2026-05-02T13:46:36.900Z</time></trkpt>
<trkpt lat="54.504119" lon="18.643064"><time>2026-05-02T13:46:38.900Z</time></trkpt>
<trkpt lat="54.504112" lon="18.643027"><time>2026-05-02T13:46:40.900Z</time></trkpt>
<trkpt lat="54.504107" lon="18.642998"><time>2026-05-02T13:46:42.900Z</time></trkpt>
<trkpt lat="54.504104" lon="18.642971"><time>2026-05-02T13:46:44.900Z</time></trkpt>
<trkpt lat="54.504107" lon="18.642941"><time>2026-05-02T13:46:46.900Z</time></trkpt>
<trkpt lat="54.504103" lon="18.642930"><time>2026-05-02T13:46:48.900Z</time></trkpt>
<trkpt lat="54.504102" lon="18.642903"><time>2026-05-02T13:46:50.900Z</time></trkpt>
<trkpt lat="54.504099" lon="18.642881"><time>2026-05-02T13:46:52.900Z</time></trkpt>
<trkpt lat="54.504097" lon="18.642861"><time>2026-05-02T13:46:54.900Z</time></trkpt>
<trkpt lat="54.504092" lon="18.642840"><time>2026-05-02T13:46:56.900Z</time></trkpt>
<trkpt lat="54.504088" lon="18.642816"><time>2026-05-02T13:46:58.900Z</time></trkpt>
<trkpt lat="54.504084" lon="18.642796"><time>2026-05-02T13:47:00.900Z</time></trkpt>
<trkpt lat="54.504080" lon="18.642774"><time>2026-05-02T13:47:02.900Z</time></trkpt>
<trkpt lat="54.504076" lon="18.642747"><time>2026-05-02T13:47:04.900Z</time></trkpt>
<trkpt lat="54.504074" lon="18.642724"><time>2026-05-02T13:47:06.900Z</time></trkpt>
<trkpt lat="54.504074" lon="18.642701"><time>2026-05-02T13:47:08.900Z</time></trkpt>
<trkpt lat="54.504074" lon="18.642680"><time>2026-05-02T13:47:10.900Z</time></trkpt>
<trkpt lat="54.504074" lon="18.642647"><time>2026-05-02T13:47:12.900Z</time></trkpt>
<trkpt lat="54.504073" lon="18.642615"><time>2026-05-02T13:47:14.900Z</time></trkpt>
<trkpt lat="54.504073" lon="18.642591"><time>2026-05-02T13:47:16.900Z</time></trkpt>
<trkpt lat="54.504073" lon="18.642566"><time>2026-05-02T13:47:18.900Z</time></trkpt>
<trkpt lat="54.504076" lon="18.642541"><time>2026-05-02T13:47:20.900Z</time></trkpt>
<trkpt lat="54.504078" lon="18.642521"><time>2026-05-02T13:47:22.900Z</time></trkpt>
<trkpt lat="54.504076" lon="18.642501"><time>2026-05-02T13:47:24.900Z</time></trkpt>
<trkpt lat="54.504075" lon="18.642476"><time>2026-05-02T13:47:26.900Z</time></trkpt>
<trkpt lat="54.504071" lon="18.642451"><time>2026-05-02T13:47:28.900Z</time></trkpt>
<trkpt lat="54.504070" lon="18.642426"><time>2026-05-02T13:47:30.900Z</time></trkpt>
<trkpt lat="54.504070" lon="18.642403"><time>2026-05-02T13:47:32.900Z</time></trkpt>
<trkpt lat="54.504069" lon="18.642383"><time>2026-05-02T13:47:34.900Z</time></trkpt>
<trkpt lat="54.504069" lon="18.642362"><time>2026-05-02T13:47:36.900Z</time></trkpt>
<trkpt lat="54.504068" lon="18.642340"><time>2026-05-02T13:47:38.900Z</time></trkpt>
<trkpt lat="54.504068" lon="18.642317"><time>2026-05-02T13:47:40.900Z</time></trkpt>
<trkpt lat="54.504067" lon="18.642300"><time>2026-05-02T13:47:42.900Z</time></trkpt>
<trkpt lat="54.504067" lon="18.642282"><time>2026-05-02T13:47:44.900Z</time></trkpt>
<trkpt lat="54.504067" lon="18.642264"><time>2026-05-02T13:47:46.900Z</time></trkpt>
<trkpt lat="54.504067" lon="18.642244"><time>2026-05-02T13:47:48.900Z</time></trkpt>
<trkpt lat="54.504068" lon="18.642222"><time>2026-05-02T13:47:50.900Z</time></trkpt>
<trkpt lat="54.504068" lon="18.642198"><time>2026-05-02T13:47:52.900Z</time></trkpt>
<trkpt lat="54.504069" lon="18.642174"><time>2026-05-02T13:47:54.900Z</time></trkpt>
<trkpt lat="54.504070" lon="18.642151"><time>2026-05-02T13:47:56.900Z</time></trkpt>
<trkpt lat="54.504074" lon="18.642124"><time>2026-05-02T13:47:58.900Z</time></trkpt>
<trkpt lat="54.504075" lon="18.642100"><time>2026-05-02T13:48:01.000Z</time></trkpt>
<trkpt lat="54.504077" lon="18.642077"><time>2026-05-02T13:48:03.000Z</time></trkpt>
<trkpt lat="54.504079" lon="18.642055"><time>2026-05-02T13:48:05.000Z</time></trkpt>
<trkpt lat="54.504082" lon="18.642035"><time>2026-05-02T13:48:07.000Z</time></trkpt>
<trkpt lat="54.504085" lon="18.642012"><time>2026-05-02T13:48:09.000Z</time></trkpt>
<trkpt lat="54.504089" lon="18.641990"><time>2026-05-02T13:48:11.000Z</time></trkpt>
<trkpt lat="54.504093" lon="18.641967"><time>2026-05-02T13:48:13.000Z</time></trkpt>
<trkpt lat="54.504097" lon="18.641945"><time>2026-05-02T13:48:15.000Z</time></trkpt>
<trkpt lat="54.504100" lon="18.641923"><time>2026-05-02T13:48:17.000Z</time></trkpt>
<trkpt lat="54.504104" lon="18.641901"><time>2026-05-02T13:48:19.000Z</time></trkpt>
<trkpt lat="54.504106" lon="18.641878"><time>2026-05-02T13:48:21.000Z</time></trkpt>
<trkpt lat="54.504109" lon="18.641855"><time>2026-05-02T13:48:22.900Z</time></trkpt>
<trkpt lat="54.504112" lon="18.641831"><time>2026-05-02T13:48:24.900Z</time></trkpt>
<trkpt lat="54.504115" lon="18.641807"><time>2026-05-02T13:48:26.900Z</time></trkpt>
<trkpt lat="54.504117" lon="18.641779"><time>2026-05-02T13:48:28.900Z</time></trkpt>
<trkpt lat="54.504118" lon="18.641752"><time>2026-05-02T13:48:30.900Z</time></trkpt>
<trkpt lat="54.504119" lon="18.641736"><time>2026-05-02T13:48:32.900Z</time></trkpt>
<trkpt lat="54.504120" lon="18.641717"><time>2026-05-02T13:48:34.900Z</time></trkpt>
<trkpt lat="54.504121" lon="18.641696"><time>2026-05-02T13:48:36.900Z</time></trkpt>
<trkpt lat="54.504120" lon="18.641675"><time>2026-05-02T13:48:38.900Z</time></trkpt>
<trkpt lat="54.504119" lon="18.641654"><time>2026-05-02T13:48:40.900Z</time></trkpt>
<trkpt lat="54.504119" lon="18.641633"><time>2026-05-02T13:48:42.900Z</time></trkpt>
<trkpt lat="54.504118" lon="18.641612"><time>2026-05-02T13:48:44.900Z</time></trkpt>
<trkpt lat="54.504118" lon="18.641592"><time>2026-05-02T13:48:46.900Z</time></trkpt>
<trkpt lat="54.504117" lon="18.641568"><time>2026-05-02T13:48:48.900Z</time></trkpt>
<trkpt lat="54.504116" lon="18.641548"><time>2026-05-02T13:48:50.900Z</time></trkpt>
<trkpt lat="54.504114" lon="18.641524"><time>2026-05-02T13:48:52.900Z</time></trkpt>
<trkpt lat="54.504112" lon="18.641510"><time>2026-05-02T13:48:54.900Z</time></trkpt>
<trkpt lat="54.504110" lon="18.641491"><time>2026-05-02T13:48:56.900Z</time></trkpt>
<trkpt lat="54.504109" lon="18.641472"><time>2026-05-02T13:48:58.900Z</time></trkpt>
<trkpt lat="54.504106" lon="18.641452"><time>2026-05-02T13:49:00.900Z</time></trkpt>
<trkpt lat="54.504104" lon="18.641433"><time>2026-05-02T13:49:02.900Z</time></trkpt>
<trkpt lat="54.504102" lon="18.641416"><time>2026-05-02T13:49:04.900Z</time></trkpt>
<trkpt lat="54.504100" lon="18.641399"><time>2026-05-02T13:49:06.900Z</time></trkpt>
<trkpt lat="54.504097" lon="18.641378"><time>2026-05-02T13:49:08.900Z</time></trkpt>
<trkpt lat="54.504095" lon="18.641350"><time>2026-05-02T13:49:10.900Z</time></trkpt>
<trkpt lat="54.504092" lon="18.641327"><time>2026-05-02T13:49:12.900Z</time></trkpt>
<trkpt lat="54.504089" lon="18.641310"><time>2026-05-02T13:49:14.900Z</time></trkpt>
<trkpt lat="54.504086" lon="18.641293"><time>2026-05-02T13:49:16.900Z</time></trkpt>
<trkpt lat="54.504083" lon="18.641275"><time>2026-05-02T13:49:18.900Z</time></trkpt>
<trkpt lat="54.504081" lon="18.641256"><time>2026-05-02T13:49:20.900Z</time></trkpt>
<trkpt lat="54.504079" lon="18.641238"><time>2026-05-02T13:49:22.900Z</time></trkpt>
<trkpt lat="54.504078" lon="18.641220"><time>2026-05-02T13:49:24.900Z</time></trkpt>
<trkpt lat="54.504077" lon="18.641201"><time>2026-05-02T13:49:26.900Z</time></trkpt>
<trkpt lat="54.504077" lon="18.641181"><time>2026-05-02T13:49:28.900Z</time></trkpt>
<trkpt lat="54.504076" lon="18.641161"><time>2026-05-02T13:49:30.900Z</time></trkpt>
<trkpt lat="54.504077" lon="18.641139"><time>2026-05-02T13:49:32.900Z</time></trkpt>
<trkpt lat="54.504077" lon="18.641120"><time>2026-05-02T13:49:34.900Z</time></trkpt>
<trkpt lat="54.504078" lon="18.641099"><time>2026-05-02T13:49:36.900Z</time></trkpt>
<trkpt lat="54.504078" lon="18.641079"><time>2026-05-02T13:49:38.900Z</time></trkpt>
<trkpt lat="54.504078" lon="18.641063"><time>2026-05-02T13:49:40.900Z</time></trkpt>
<trkpt lat="54.504079" lon="18.641030"><time>2026-05-02T13:49:42.900Z</time></trkpt>
<trkpt lat="54.504079" lon="18.641006"><time>2026-05-02T13:49:44.900Z</time></trkpt>
<trkpt lat="54.504080" lon="18.640984"><time>2026-05-02T13:49:46.900Z</time></trkpt>
<trkpt lat="54.504080" lon="18.640964"><time>2026-05-02T13:49:48.900Z</time></trkpt>
<trkpt lat="54.504081" lon="18.640944"><time>2026-05-02T13:49:50.900Z</time></trkpt>
<trkpt lat="54.504082" lon="18.640924"><time>2026-05-02T13:49:52.900Z</time></trkpt>
<trkpt lat="54.504083" lon="18.640898"><time>2026-05-02T13:49:54.900Z</time></trkpt>
<trkpt lat="54.504084" lon="18.640872"><time>2026-05-02T13:49:56.900Z</time></trkpt>
<trkpt lat="54.504084" lon="18.640850"><time>2026-05-02T13:49:58.900Z</time></trkpt>
<trkpt lat="54.504083" lon="18.640835"><time>2026-05-02T13:50:00.900Z</time></trkpt>
<trkpt lat="54.504082" lon="18.640812"><time>2026-05-02T13:50:02.900Z</time></trkpt>
<trkpt lat="54.504082" lon="18.640791"><time>2026-05-02T13:50:04.900Z</time></trkpt>
<trkpt lat="54.504083" lon="18.640768"><time>2026-05-02T13:50:07.000Z</time></trkpt>
<trkpt lat="54.504083" lon="18.640748"><time>2026-05-02T13:50:09.000Z</time></trkpt>
<trkpt lat="54.504084" lon="18.640725"><time>2026-05-02T13:50:11.000Z</time></trkpt>
<trkpt lat="54.504086" lon="18.640704"><time>2026-05-02T13:50:13.000Z</time></trkpt>
<trkpt lat="54.504089" lon="18.640681"><time>2026-05-02T13:50:15.000Z</time></trkpt>
<trkpt lat="54.504092" lon="18.640659"><time>2026-05-02T13:50:17.000Z</time></trkpt>
<trkpt lat="54.504095" lon="18.640637"><time>2026-05-02T13:50:19.000Z</time></trkpt>
<trkpt lat="54.504098" lon="18.640612"><time>2026-05-02T13:50:21.000Z</time></trkpt>
<trkpt lat="54.504102" lon="18.640588"><time>2026-05-02T13:50:23.000Z</time></trkpt>
<trkpt lat="54.504104" lon="18.640562"><time>2026-05-02T13:50:25.000Z</time></trkpt>
<trkpt lat="54.504107" lon="18.640537"><time>2026-05-02T13:50:27.000Z</time></trkpt>
<trkpt lat="54.504109" lon="18.640510"><time>2026-05-02T13:50:28.900Z</time></trkpt>
<trkpt lat="54.504112" lon="18.640483"><time>2026-05-02T13:50:30.900Z</time></trkpt>
<trkpt lat="54.504115" lon="18.640454"><time>2026-05-02T13:50:32.900Z</time></trkpt>
<trkpt lat="54.504120" lon="18.640422"><time>2026-05-02T13:50:34.900Z</time></trkpt>
<trkpt lat="54.504124" lon="18.640389"><time>2026-05-02T13:50:36.900Z</time></trkpt>
<trkpt lat="54.504127" lon="18.640355"><time>2026-05-02T13:50:38.900Z</time></trkpt>
<trkpt lat="54.504133" lon="18.640321"><time>2026-05-02T13:50:40.900Z</time></trkpt>
<trkpt lat="54.504138" lon="18.640287"><time>2026-05-02T13:50:42.900Z</time></trkpt>
<trkpt lat="54.504145" lon="18.640253"><time>2026-05-02T13:50:44.900Z</time></trkpt>
<trkpt lat="54.504153" lon="18.640221"><time>2026-05-02T13:50:46.900Z</time></trkpt>
<trkpt lat="54.504162" lon="18.640190"><time>2026-05-02T13:50:48.900Z</time></trkpt>
<trkpt lat="54.504173" lon="18.640160"><time>2026-05-02T13:50:50.900Z</time></trkpt>
<trkpt lat="54.504183" lon="18.640127"><time>2026-05-02T13:50:52.900Z</time></trkpt>
<trkpt lat="54.504194" lon="18.640096"><time>2026-05-02T13:50:54.900Z</time></trkpt>
<trkpt lat="54.504204" lon="18.640062"><time>2026-05-02T13:50:56.900Z</time></trkpt>
<trkpt lat="54.504214" lon="18.640030"><time>2026-05-02T13:50:58.900Z</time></trkpt>
<trkpt lat="54.504224" lon="18.639996"><time>2026-05-02T13:51:00.900Z</time></trkpt>
<trkpt lat="54.504235" lon="18.639961"><time>2026-05-02T13:51:02.900Z</time></trkpt>
<trkpt lat="54.504246" lon="18.639925"><time>2026-05-02T13:51:04.900Z</time></trkpt>
<trkpt lat="54.504259" lon="18.639891"><time>2026-05-02T13:51:06.900Z</time></trkpt>
<trkpt lat="54.504269" lon="18.639856"><time>2026-05-02T13:51:08.900Z</time></trkpt>
<trkpt lat="54.504280" lon="18.639817"><time>2026-05-02T13:51:10.900Z</time></trkpt>
<trkpt lat="54.504291" lon="18.639760"><time>2026-05-02T13:51:12.900Z</time></trkpt>
<trkpt lat="54.504305" lon="18.639705"><time>2026-05-02T13:51:14.900Z</time></trkpt>
<trkpt lat="54.504317" lon="18.639654"><time>2026-05-02T13:51:16.900Z</time></trkpt>
<trkpt lat="54.504328" lon="18.639606"><time>2026-05-02T13:51:18.900Z</time></trkpt>
<trkpt lat="54.504341" lon="18.639559"><time>2026-05-02T13:51:20.900Z</time></trkpt>
<trkpt lat="54.504355" lon="18.639511"><time>2026-05-02T13:51:22.900Z</time></trkpt>
<trkpt lat="54.504369" lon="18.639463"><time>2026-05-02T13:51:24.900Z</time></trkpt>
<trkpt lat="54.504382" lon="18.639412"><time>2026-05-02T13:51:26.900Z</time></trkpt>
<trkpt lat="54.504390" lon="18.639360"><time>2026-05-02T13:51:28.900Z</time></trkpt>
<trkpt lat="54.504398" lon="18.639305"><time>2026-05-02T13:51:30.900Z</time></trkpt>
<trkpt lat="54.504407" lon="18.639250"><time>2026-05-02T13:51:32.900Z</time></trkpt>
<trkpt lat="54.504419" lon="18.639191"><time>2026-05-02T13:51:34.900Z</time></trkpt>
<trkpt lat="54.504433" lon="18.639133"><time>2026-05-02T13:51:36.900Z</time></trkpt>
<trkpt lat="54.504448" lon="18.639075"><time>2026-05-02T13:51:38.900Z</time></trkpt>
<trkpt lat="54.504463" lon="18.639016"><time>2026-05-02T13:51:40.900Z</time></trkpt>
<trkpt lat="54.504479" lon="18.638961"><time>2026-05-02T13:51:42.900Z</time></trkpt>
<trkpt lat="54.504496" lon="18.638900"><time>2026-05-02T13:51:44.900Z</time></trkpt>
<trkpt lat="54.504512" lon="18.638844"><time>2026-05-02T13:51:46.900Z</time></trkpt>
<trkpt lat="54.504526" lon="18.638784"><time>2026-05-02T13:51:48.900Z</time></trkpt>
<trkpt lat="54.504543" lon="18.638723"><time>2026-05-02T13:51:50.900Z</time></trkpt>
<trkpt lat="54.504559" lon="18.638664"><time>2026-05-02T13:51:52.900Z</time></trkpt>
<trkpt lat="54.504577" lon="18.638603"><time>2026-05-02T13:51:54.900Z</time></trkpt>
<trkpt lat="54.504595" lon="18.638546"><time>2026-05-02T13:51:56.900Z</time></trkpt>
<trkpt lat="54.504616" lon="18.638490"><time>2026-05-02T13:51:58.900Z</time></trkpt>
<trkpt lat="54.504640" lon="18.638432"><time>2026-05-02T13:52:00.900Z</time></trkpt>
<trkpt lat="54.504660" lon="18.638380"><time>2026-05-02T13:52:02.900Z</time></trkpt>
<trkpt lat="54.504680" lon="18.638328"><time>2026-05-02T13:52:04.900Z</time></trkpt>
<trkpt lat="54.504703" lon="18.638281"><time>2026-05-02T13:52:06.900Z</time></trkpt>
<trkpt lat="54.504725" lon="18.638229"><time>2026-05-02T13:52:08.900Z</time></trkpt>
<trkpt lat="54.504747" lon="18.638183"><time>2026-05-02T13:52:10.900Z</time></trkpt>
<trkpt lat="54.504764" lon="18.638138"><time>2026-05-02T13:52:13.000Z</time></trkpt>
<trkpt lat="54.504784" lon="18.638092"><time>2026-05-02T13:52:15.000Z</time></trkpt>
<trkpt lat="54.504803" lon="18.638047"><time>2026-05-02T13:52:17.000Z</time></trkpt>
<trkpt lat="54.504820" lon="18.638001"><time>2026-05-02T13:52:19.000Z</time></trkpt>
<trkpt lat="54.504834" lon="18.637950"><time>2026-05-02T13:52:21.000Z</time></trkpt>
<trkpt lat="54.504846" lon="18.637897"><time>2026-05-02T13:52:23.000Z</time></trkpt>
<trkpt lat="54.504855" lon="18.637844"><time>2026-05-02T13:52:25.000Z</time></trkpt>
<trkpt lat="54.504866" lon="18.637789"><time>2026-05-02T13:52:27.000Z</time></trkpt>
<trkpt lat="54.504876" lon="18.637728"><time>2026-05-02T13:52:29.000Z</time></trkpt>
<trkpt lat="54.504888" lon="18.637670"><time>2026-05-02T13:52:31.000Z</time></trkpt>
<trkpt lat="54.504902" lon="18.637608"><time>2026-05-02T13:52:32.900Z</time></trkpt>
<trkpt lat="54.504915" lon="18.637546"><time>2026-05-02T13:52:34.900Z</time></trkpt>
<trkpt lat="54.504928" lon="18.637484"><time>2026-05-02T13:52:36.900Z</time></trkpt>
<trkpt lat="54.504943" lon="18.637419"><time>2026-05-02T13:52:38.900Z</time></trkpt>
<trkpt lat="54.504956" lon="18.637354"><time>2026-05-02T13:52:40.900Z</time></trkpt>
<trkpt lat="54.504970" lon="18.637290"><time>2026-05-02T13:52:42.900Z</time></trkpt>
<trkpt lat="54.504986" lon="18.637222"><time>2026-05-02T13:52:44.900Z</time></trkpt>
<trkpt lat="54.505001" lon="18.637156"><time>2026-05-02T13:52:46.900Z</time></trkpt>
<trkpt lat="54.505017" lon="18.637089"><time>2026-05-02T13:52:48.900Z</time></trkpt>
<trkpt lat="54.505034" lon="18.637022"><time>2026-05-02T13:52:50.900Z</time></trkpt>
<trkpt lat="54.505051" lon="18.636952"><time>2026-05-02T13:52:52.900Z</time></trkpt>
<trkpt lat="54.505070" lon="18.636881"><time>2026-05-02T13:52:54.900Z</time></trkpt>
<trkpt lat="54.505087" lon="18.636812"><time>2026-05-02T13:52:56.900Z</time></trkpt>
<trkpt lat="54.505104" lon="18.636741"><time>2026-05-02T13:52:58.900Z</time></trkpt>
<trkpt lat="54.505122" lon="18.636672"><time>2026-05-02T13:53:00.900Z</time></trkpt>
<trkpt lat="54.505140" lon="18.636606"><time>2026-05-02T13:53:02.900Z</time></trkpt>
<trkpt lat="54.505156" lon="18.636539"><time>2026-05-02T13:53:04.900Z</time></trkpt>
<trkpt lat="54.505173" lon="18.636474"><time>2026-05-02T13:53:06.900Z</time></trkpt>
<trkpt lat="54.505191" lon="18.636409"><time>2026-05-02T13:53:08.900Z</time></trkpt>
<trkpt lat="54.505209" lon="18.636347"><time>2026-05-02T13:53:10.900Z</time></trkpt>
<trkpt lat="54.505228" lon="18.636286"><time>2026-05-02T13:53:12.900Z</time></trkpt>
<trkpt lat="54.505247" lon="18.636226"><time>2026-05-02T13:53:14.900Z</time></trkpt>
<trkpt lat="54.505265" lon="18.636168"><time>2026-05-02T13:53:16.900Z</time></trkpt>
<trkpt lat="54.505283" lon="18.636111"><time>2026-05-02T13:53:18.900Z</time></trkpt>
<trkpt lat="54.505301" lon="18.636055"><time>2026-05-02T13:53:20.900Z</time></trkpt>
<trkpt lat="54.505320" lon="18.635997"><time>2026-05-02T13:53:22.900Z</time></trkpt>
<trkpt lat="54.505339" lon="18.635942"><time>2026-05-02T13:53:24.900Z</time></trkpt>
<trkpt lat="54.505356" lon="18.635883"><time>2026-05-02T13:53:26.900Z</time></trkpt>
<trkpt lat="54.505374" lon="18.635823"><time>2026-05-02T13:53:28.900Z</time></trkpt>
<trkpt lat="54.505390" lon="18.635760"><time>2026-05-02T13:53:30.900Z</time></trkpt>
<trkpt lat="54.505406" lon="18.635697"><time>2026-05-02T13:53:32.900Z</time></trkpt>
<trkpt lat="54.505422" lon="18.635635"><time>2026-05-02T13:53:34.900Z</time></trkpt>
<trkpt lat="54.505437" lon="18.635570"><time>2026-05-02T13:53:36.900Z</time></trkpt>
<trkpt lat="54.505454" lon="18.635506"><time>2026-05-02T13:53:38.900Z</time></trkpt>
<trkpt lat="54.505473" lon="18.635441"><time>2026-05-02T13:53:40.900Z</time></trkpt>
<trkpt lat="54.505491" lon="18.635374"><time>2026-05-02T13:53:42.900Z</time></trkpt>
<trkpt lat="54.505510" lon="18.635310"><time>2026-05-02T13:53:44.900Z</time></trkpt>
<trkpt lat="54.505527" lon="18.635244"><time>2026-05-02T13:53:46.900Z</time></trkpt>
<trkpt lat="54.505543" lon="18.635176"><time>2026-05-02T13:53:48.900Z</time></trkpt>
<trkpt lat="54.505560" lon="18.635110"><time>2026-05-02T13:53:50.900Z</time></trkpt>
<trkpt lat="54.505578" lon="18.635044"><time>2026-05-02T13:53:52.900Z</time></trkpt>
<trkpt lat="54.505598" lon="18.634976"><time>2026-05-02T13:53:54.900Z</time></trkpt>
<trkpt lat="54.505616" lon="18.634910"><time>2026-05-02T13:53:56.900Z</time></trkpt>
<trkpt lat="54.505632" lon="18.634842"><time>2026-05-02T13:53:58.900Z</time></trkpt>
<trkpt lat="54.505648" lon="18.634774"><time>2026-05-02T13:54:00.900Z</time></trkpt>
<trkpt lat="54.505665" lon="18.634707"><time>2026-05-02T13:54:02.900Z</time></trkpt>
<trkpt lat="54.505681" lon="18.634638"><time>2026-05-02T13:54:04.900Z</time></trkpt>
<trkpt lat="54.505698" lon="18.634567"><time>2026-05-02T13:54:06.900Z</time></trkpt>
<trkpt lat="54.505715" lon="18.634499"><time>2026-05-02T13:54:08.900Z</time></trkpt>
<trkpt lat="54.505735" lon="18.634432"><time>2026-05-02T13:54:10.900Z</time></trkpt>
<trkpt lat="54.505755" lon="18.634365"><time>2026-05-02T13:54:12.900Z</time></trkpt>
<trkpt lat="54.505778" lon="18.634300"><time>2026-05-02T13:54:14.900Z</time></trkpt>
<trkpt lat="54.505799" lon="18.634238"><time>2026-05-02T13:54:16.900Z</time></trkpt>
<trkpt lat="54.505822" lon="18.634175"><time>2026-05-02T13:54:19.000Z</time></trkpt>
<trkpt lat="54.505844" lon="18.634111"><time>2026-05-02T13:54:21.000Z</time></trkpt>
<trkpt lat="54.505867" lon="18.634051"><time>2026-05-02T13:54:23.000Z</time></trkpt>
<trkpt lat="54.505892" lon="18.633990"><time>2026-05-02T13:54:25.000Z</time></trkpt>
<trkpt lat="54.505917" lon="18.633929"><time>2026-05-02T13:54:27.000Z</time></trkpt>
<trkpt lat="54.505939" lon="18.633871"><time>2026-05-02T13:54:29.000Z</time></trkpt>
<trkpt lat="54.505961" lon="18.633813"><time>2026-05-02T13:54:31.000Z</time></trkpt>
<trkpt lat="54.505983" lon="18.633753"><time>2026-05-02T13:54:33.000Z</time></trkpt>
<trkpt lat="54.506006" lon="18.633695"><time>2026-05-02T13:54:35.000Z</time></trkpt>
<trkpt lat="54.506028" lon="18.633635"><time>2026-05-02T13:54:37.000Z</time></trkpt>
<trkpt lat="54.506049" lon="18.633574"><time>2026-05-02T13:54:38.900Z</time></trkpt>
<trkpt lat="54.506071" lon="18.633514"><time>2026-05-02T13:54:40.900Z</time></trkpt>
<trkpt lat="54.506092" lon="18.633445"><time>2026-05-02T13:54:42.900Z</time></trkpt>
<trkpt lat="54.506107" lon="18.633380"><time>2026-05-02T13:54:44.900Z</time></trkpt>
<trkpt lat="54.506121" lon="18.633309"><time>2026-05-02T13:54:46.900Z</time></trkpt>
<trkpt lat="54.506136" lon="18.633239"><time>2026-05-02T13:54:48.900Z</time></trkpt>
<trkpt lat="54.506152" lon="18.633175"><time>2026-05-02T13:54:50.900Z</time></trkpt>
<trkpt lat="54.506170" lon="18.633111"><time>2026-05-02T13:54:52.900Z</time></trkpt>
<trkpt lat="54.506191" lon="18.633043"><time>2026-05-02T13:54:54.900Z</time></trkpt>
<trkpt lat="54.506211" lon="18.632985"><time>2026-05-02T13:54:56.900Z</time></trkpt>
<trkpt lat="54.506233" lon="18.632926"><time>2026-05-02T13:54:58.900Z</time></trkpt>
<trkpt lat="54.506255" lon="18.632869"><time>2026-05-02T13:55:00.900Z</time></trkpt>
<trkpt lat="54.506276" lon="18.632811"><time>2026-05-02T13:55:02.900Z</time></trkpt>
<trkpt lat="54.506294" lon="18.632742"><time>2026-05-02T13:55:04.900Z</time></trkpt>
<trkpt lat="54.506309" lon="18.632676"><time>2026-05-02T13:55:06.900Z</time></trkpt>
<trkpt lat="54.506322" lon="18.632612"><time>2026-05-02T13:55:08.900Z</time></trkpt>
<trkpt lat="54.506333" lon="18.632546"><time>2026-05-02T13:55:10.900Z</time></trkpt>
<trkpt lat="54.506341" lon="18.632481"><time>2026-05-02T13:55:12.900Z</time></trkpt>
<trkpt lat="54.506347" lon="18.632415"><time>2026-05-02T13:55:14.900Z</time></trkpt>
<trkpt lat="54.506354" lon="18.632351"><time>2026-05-02T13:55:16.900Z</time></trkpt>
<trkpt lat="54.506364" lon="18.632290"><time>2026-05-02T13:55:18.900Z</time></trkpt>
<trkpt lat="54.506375" lon="18.632229"><time>2026-05-02T13:55:20.900Z</time></trkpt>
<trkpt lat="54.506388" lon="18.632172"><time>2026-05-02T13:55:22.900Z</time></trkpt>
<trkpt lat="54.506401" lon="18.632114"><time>2026-05-02T13:55:24.900Z</time></trkpt>
<trkpt lat="54.506415" lon="18.632055"><time>2026-05-02T13:55:26.900Z</time></trkpt>
<trkpt lat="54.506429" lon="18.631999"><time>2026-05-02T13:55:28.900Z</time></trkpt>
<trkpt lat="54.506444" lon="18.631941"><time>2026-05-02T13:55:30.900Z</time></trkpt>
<trkpt lat="54.506458" lon="18.631886"><time>2026-05-02T13:55:32.900Z</time></trkpt>
<trkpt lat="54.506474" lon="18.631831"><time>2026-05-02T13:55:34.900Z</time></trkpt>
<trkpt lat="54.506489" lon="18.631776"><time>2026-05-02T13:55:36.900Z</time></trkpt>
<trkpt lat="54.506506" lon="18.631722"><time>2026-05-02T13:55:38.900Z</time></trkpt>
<trkpt lat="54.506522" lon="18.631672"><time>2026-05-02T13:55:40.900Z</time></trkpt>
<trkpt lat="54.506539" lon="18.631621"><time>2026-05-02T13:55:42.900Z</time></trkpt>
<trkpt lat="54.506556" lon="18.631571"><time>2026-05-02T13:55:44.900Z</time></trkpt>
<trkpt lat="54.506571" lon="18.631522"><time>2026-05-02T13:55:46.900Z</time></trkpt>
<trkpt lat="54.506586" lon="18.631473"><time>2026-05-02T13:55:48.900Z</time></trkpt>
<trkpt lat="54.506600" lon="18.631425"><time>2026-05-02T13:55:50.900Z</time></trkpt>
<trkpt lat="54.506615" lon="18.631377"><time>2026-05-02T13:55:52.900Z</time></trkpt>
<trkpt lat="54.506629" lon="18.631330"><time>2026-05-02T13:55:54.900Z</time></trkpt>
<trkpt lat="54.506644" lon="18.631286"><time>2026-05-02T13:55:56.900Z</time></trkpt>
<trkpt lat="54.506659" lon="18.631243"><time>2026-05-02T13:55:58.900Z</time></trkpt>
<trkpt lat="54.506675" lon="18.631199"><time>2026-05-02T13:56:00.900Z</time></trkpt>
<trkpt lat="54.506692" lon="18.631158"><time>2026-05-02T13:56:02.900Z</time></trkpt>
<trkpt lat="54.506709" lon="18.631116"><time>2026-05-02T13:56:04.900Z</time></trkpt>
<trkpt lat="54.506726" lon="18.631077"><time>2026-05-02T13:56:06.900Z</time></trkpt>
<trkpt lat="54.506744" lon="18.631035"><time>2026-05-02T13:56:08.900Z</time></trkpt>
<trkpt lat="54.506761" lon="18.630995"><time>2026-05-02T13:56:10.900Z</time></trkpt>
<trkpt lat="54.506779" lon="18.630955"><time>2026-05-02T13:56:12.900Z</time></trkpt>
<trkpt lat="54.506796" lon="18.630915"><time>2026-05-02T13:56:14.900Z</time></trkpt>
<trkpt lat="54.506813" lon="18.630875"><time>2026-05-02T13:56:16.900Z</time></trkpt>
<trkpt lat="54.506830" lon="18.630834"><time>2026-05-02T13:56:18.900Z</time></trkpt>
<trkpt lat="54.506848" lon="18.630795"><time>2026-05-02T13:56:20.900Z</time></trkpt>
<trkpt lat="54.506865" lon="18.630756"><time>2026-05-02T13:56:22.900Z</time></trkpt>
<trkpt lat="54.506881" lon="18.630717"><time>2026-05-02T13:56:25.000Z</time></trkpt>
<trkpt lat="54.506896" lon="18.630680"><time>2026-05-02T13:56:27.000Z</time></trkpt>
<trkpt lat="54.506911" lon="18.630642"><time>2026-05-02T13:56:29.000Z</time></trkpt>
<trkpt lat="54.506926" lon="18.630595"><time>2026-05-02T13:56:31.000Z</time></trkpt>
<trkpt lat="54.506940" lon="18.630557"><time>2026-05-02T13:56:33.000Z</time></trkpt>
<trkpt lat="54.506953" lon="18.630520"><time>2026-05-02T13:56:35.000Z</time></trkpt>
<trkpt lat="54.506968" lon="18.630478"><time>2026-05-02T13:56:37.000Z</time></trkpt>
<trkpt lat="54.506983" lon="18.630437"><time>2026-05-02T13:56:39.000Z</time></trkpt>
<trkpt lat="54.506999" lon="18.630393"><time>2026-05-02T13:56:41.000Z</time></trkpt>
<trkpt lat="54.507014" lon="18.630349"><time>2026-05-02T13:56:43.000Z</time></trkpt>
<trkpt lat="54.507029" lon="18.630305"><time>2026-05-02T13:56:44.900Z</time></trkpt>
<trkpt lat="54.507042" lon="18.630260"><time>2026-05-02T13:56:46.900Z</time></trkpt>
<trkpt lat="54.507055" lon="18.630213"><time>2026-05-02T13:56:48.900Z</time></trkpt>
<trkpt lat="54.507066" lon="18.630169"><time>2026-05-02T13:56:50.900Z</time></trkpt>
<trkpt lat="54.507078" lon="18.630118"><time>2026-05-02T13:56:52.900Z</time></trkpt>
<trkpt lat="54.507092" lon="18.630065"><time>2026-05-02T13:56:54.900Z</time></trkpt>
<trkpt lat="54.507104" lon="18.630015"><time>2026-05-02T13:56:56.900Z</time></trkpt>
<trkpt lat="54.507116" lon="18.629967"><time>2026-05-02T13:56:58.900Z</time></trkpt>
<trkpt lat="54.507127" lon="18.629920"><time>2026-05-02T13:57:00.900Z</time></trkpt>
<trkpt lat="54.507138" lon="18.629873"><time>2026-05-02T13:57:02.900Z</time></trkpt>
<trkpt lat="54.507147" lon="18.629821"><time>2026-05-02T13:57:04.900Z</time></trkpt>
<trkpt lat="54.507156" lon="18.629765"><time>2026-05-02T13:57:06.900Z</time></trkpt>
<trkpt lat="54.507166" lon="18.629713"><time>2026-05-02T13:57:08.900Z</time></trkpt>
<trkpt lat="54.507178" lon="18.629664"><time>2026-05-02T13:57:10.900Z</time></trkpt>
<trkpt lat="54.507188" lon="18.629616"><time>2026-05-02T13:57:12.900Z</time></trkpt>
<trkpt lat="54.507198" lon="18.629566"><time>2026-05-02T13:57:14.900Z</time></trkpt>
<trkpt lat="54.507208" lon="18.629513"><time>2026-05-02T13:57:16.900Z</time></trkpt>
<trkpt lat="54.507218" lon="18.629457"><time>2026-05-02T13:57:18.900Z</time></trkpt>
<trkpt lat="54.507228" lon="18.629392"><time>2026-05-02T13:57:20.900Z</time></trkpt>
<trkpt lat="54.507243" lon="18.629330"><time>2026-05-02T13:57:22.900Z</time></trkpt>
<trkpt lat="54.507256" lon="18.629276"><time>2026-05-02T13:57:24.900Z</time></trkpt>
<trkpt lat="54.507268" lon="18.629231"><time>2026-05-02T13:57:26.900Z</time></trkpt>
<trkpt lat="54.507278" lon="18.629184"><time>2026-05-02T13:57:28.900Z</time></trkpt>
<trkpt lat="54.507290" lon="18.629128"><time>2026-05-02T13:57:30.900Z</time></trkpt>
<trkpt lat="54.507314" lon="18.629096"><time>2026-05-02T13:57:32.900Z</time></trkpt>
<trkpt lat="54.507326" lon="18.629055"><time>2026-05-02T13:57:34.900Z</time></trkpt>
<trkpt lat="54.507340" lon="18.629014"><time>2026-05-02T13:57:36.900Z</time></trkpt>
<trkpt lat="54.507348" lon="18.628973"><time>2026-05-02T13:57:38.900Z</time></trkpt>
<trkpt lat="54.507356" lon="18.628931"><time>2026-05-02T13:57:40.900Z</time></trkpt>
<trkpt lat="54.507367" lon="18.628897"><time>2026-05-02T13:57:42.900Z</time></trkpt>
<trkpt lat="54.507377" lon="18.628851"><time>2026-05-02T13:57:44.900Z</time></trkpt>
<trkpt lat="54.507385" lon="18.628801"><time>2026-05-02T13:57:46.900Z</time></trkpt>
<trkpt lat="54.507395" lon="18.628752"><time>2026-05-02T13:57:48.900Z</time></trkpt>
<trkpt lat="54.507403" lon="18.628702"><time>2026-05-02T13:57:50.900Z</time></trkpt>
<trkpt lat="54.507411" lon="18.628654"><time>2026-05-02T13:57:52.900Z</time></trkpt>
<trkpt lat="54.507421" lon="18.628606"><time>2026-05-02T13:57:54.900Z</time></trkpt>
<trkpt lat="54.507429" lon="18.628562"><time>2026-05-02T13:57:56.900Z</time></trkpt>
<trkpt lat="54.507438" lon="18.628516"><time>2026-05-02T13:57:58.900Z</time></trkpt>
<trkpt lat="54.507450" lon="18.628469"><time>2026-05-02T13:58:00.900Z</time></trkpt>
<trkpt lat="54.507461" lon="18.628414"><time>2026-05-02T13:58:02.900Z</time></trkpt>
<trkpt lat="54.507473" lon="18.628364"><time>2026-05-02T13:58:04.900Z</time></trkpt>
<trkpt lat="54.507483" lon="18.628311"><time>2026-05-02T13:58:06.900Z</time></trkpt>
<trkpt lat="54.507495" lon="18.628261"><time>2026-05-02T13:58:08.900Z</time></trkpt>
<trkpt lat="54.507507" lon="18.628208"><time>2026-05-02T13:58:10.900Z</time></trkpt>
<trkpt lat="54.507518" lon="18.628153"><time>2026-05-02T13:58:12.900Z</time></trkpt>
<trkpt lat="54.507526" lon="18.628102"><time>2026-05-02T13:58:14.900Z</time></trkpt>
<trkpt lat="54.507537" lon="18.628051"><time>2026-05-02T13:58:16.900Z</time></trkpt>
<trkpt lat="54.507547" lon="18.627994"><time>2026-05-02T13:58:18.900Z</time></trkpt>
<trkpt lat="54.507555" lon="18.627939"><time>2026-05-02T13:58:20.900Z</time></trkpt>
<trkpt lat="54.507564" lon="18.627883"><time>2026-05-02T13:58:22.900Z</time></trkpt>
<trkpt lat="54.507573" lon="18.627831"><time>2026-05-02T13:58:24.900Z</time></trkpt>
<trkpt lat="54.507580" lon="18.627781"><time>2026-05-02T13:58:26.900Z</time></trkpt>
<trkpt lat="54.507590" lon="18.627725"><time>2026-05-02T13:58:28.900Z</time></trkpt>
<trkpt lat="54.507600" lon="18.627661"><time>2026-05-02T13:58:31.000Z</time></trkpt>
<trkpt lat="54.507610" lon="18.627590"><time>2026-05-02T13:58:33.000Z</time></trkpt>
<trkpt lat="54.507622" lon="18.627525"><time>2026-05-02T13:58:35.000Z</time></trkpt>
<trkpt lat="54.507636" lon="18.627458"><time>2026-05-02T13:58:37.000Z</time></trkpt>
<trkpt lat="54.507647" lon="18.627400"><time>2026-05-02T13:58:39.000Z</time></trkpt>
<trkpt lat="54.507660" lon="18.627350"><time>2026-05-02T13:58:41.000Z</time></trkpt>
<trkpt lat="54.507672" lon="18.627304"><time>2026-05-02T13:58:43.000Z</time></trkpt>
<trkpt lat="54.507687" lon="18.627260"><time>2026-05-02T13:58:45.000Z</time></trkpt>
<trkpt lat="54.507700" lon="18.627217"><time>2026-05-02T13:58:47.000Z</time></trkpt>
<trkpt lat="54.507714" lon="18.627169"><time>2026-05-02T13:58:49.000Z</time></trkpt>
<trkpt lat="54.507725" lon="18.627123"><time>2026-05-02T13:58:50.900Z</time></trkpt>
<trkpt lat="54.507737" lon="18.627069"><time>2026-05-02T13:58:52.900Z</time></trkpt>
<trkpt lat="54.507748" lon="18.627019"><time>2026-05-02T13:58:54.900Z</time></trkpt>
<trkpt lat="54.507756" lon="18.626966"><time>2026-05-02T13:58:56.900Z</time></trkpt>
<trkpt lat="54.507767" lon="18.626916"><time>2026-05-02T13:58:58.900Z</time></trkpt>
<trkpt lat="54.507776" lon="18.626863"><time>2026-05-02T13:59:00.900Z</time></trkpt>
<trkpt lat="54.507789" lon="18.626808"><time>2026-05-02T13:59:02.900Z</time></trkpt>
<trkpt lat="54.507802" lon="18.626754"><time>2026-05-02T13:59:04.900Z</time></trkpt>
<trkpt lat="54.507814" lon="18.626699"><time>2026-05-02T13:59:06.900Z</time></trkpt>
<trkpt lat="54.507826" lon="18.626647"><time>2026-05-02T13:59:08.900Z</time></trkpt>
<trkpt lat="54.507830" lon="18.626590"><time>2026-05-02T13:59:10.900Z</time></trkpt>
<trkpt lat="54.507838" lon="18.626537"><time>2026-05-02T13:59:12.900Z</time></trkpt>
<trkpt lat="54.507848" lon="18.626488"><time>2026-05-02T13:59:14.900Z</time></trkpt>
<trkpt lat="54.507860" lon="18.626437"><time>2026-05-02T13:59:16.900Z</time></trkpt>
<trkpt lat="54.507870" lon="18.626391"><time>2026-05-02T13:59:18.900Z</time></trkpt>
<trkpt lat="54.507880" lon="18.626348"><time>2026-05-02T13:59:20.900Z</time></trkpt>
<trkpt lat="54.507889" lon="18.626304"><time>2026-05-02T13:59:22.900Z</time></trkpt>
<trkpt lat="54.507899" lon="18.626262"><time>2026-05-02T13:59:24.900Z</time></trkpt>
<trkpt lat="54.507912" lon="18.626220"><time>2026-05-02T13:59:26.900Z</time></trkpt>
<trkpt lat="54.507925" lon="18.626174"><time>2026-05-02T13:59:28.900Z</time></trkpt>
<trkpt lat="54.507939" lon="18.626122"><time>2026-05-02T13:59:30.900Z</time></trkpt>
<trkpt lat="54.507953" lon="18.626079"><time>2026-05-02T13:59:32.900Z</time></trkpt>
<trkpt lat="54.507970" lon="18.626028"><time>2026-05-02T13:59:34.900Z</time></trkpt>
<trkpt lat="54.507990" lon="18.625974"><time>2026-05-02T13:59:36.900Z</time></trkpt>
<trkpt lat="54.508012" lon="18.625924"><time>2026-05-02T13:59:38.900Z</time></trkpt>
<trkpt lat="54.508038" lon="18.625870"><time>2026-05-02T13:59:40.900Z</time></trkpt>
<trkpt lat="54.508065" lon="18.625810"><time>2026-05-02T13:59:42.900Z</time></trkpt>
<trkpt lat="54.508082" lon="18.625765"><time>2026-05-02T13:59:44.900Z</time></trkpt>
<trkpt lat="54.508092" lon="18.625735"><time>2026-05-02T13:59:46.900Z</time></trkpt>
<trkpt lat="54.508104" lon="18.625681"><time>2026-05-02T13:59:48.900Z</time></trkpt>
<trkpt lat="54.508115" lon="18.625631"><time>2026-05-02T13:59:50.900Z</time></trkpt>
<trkpt lat="54.508132" lon="18.625568"><time>2026-05-02T13:59:52.900Z</time></trkpt>
<trkpt lat="54.508140" lon="18.625529"><time>2026-05-02T13:59:54.900Z</time></trkpt>
<trkpt lat="54.508150" lon="18.625478"><time>2026-05-02T13:59:56.900Z</time></trkpt>
<trkpt lat="54.508161" lon="18.625432"><time>2026-05-02T13:59:58.900Z</time></trkpt>
<trkpt lat="54.508170" lon="18.625382"><time>2026-05-02T14:00:00.900Z</time></trkpt>
<trkpt lat="54.508184" lon="18.625339"><time>2026-05-02T14:00:02.900Z</time></trkpt>
<trkpt lat="54.508195" lon="18.625294"><time>2026-05-02T14:00:04.900Z</time></trkpt>
<trkpt lat="54.508206" lon="18.625245"><time>2026-05-02T14:00:06.900Z</time></trkpt>
<trkpt lat="54.508213" lon="18.625201"><time>2026-05-02T14:00:08.900Z</time></trkpt>
<trkpt lat="54.508222" lon="18.625158"><time>2026-05-02T14:00:10.900Z</time></trkpt>
<trkpt lat="54.508230" lon="18.625115"><time>2026-05-02T14:00:12.900Z</time></trkpt>
<trkpt lat="54.508241" lon="18.625073"><time>2026-05-02T14:00:14.900Z</time></trkpt>
<trkpt lat="54.508250" lon="18.625027"><time>2026-05-02T14:00:16.900Z</time></trkpt>
<trkpt lat="54.508256" lon="18.624984"><time>2026-05-02T14:00:18.900Z</time></trkpt>
<trkpt lat="54.508262" lon="18.624937"><time>2026-05-02T14:00:20.900Z</time></trkpt>
<trkpt lat="54.508266" lon="18.624893"><time>2026-05-02T14:00:22.900Z</time></trkpt>
<trkpt lat="54.508273" lon="18.624848"><time>2026-05-02T14:00:24.900Z</time></trkpt>
<trkpt lat="54.508278" lon="18.624806"><time>2026-05-02T14:00:26.900Z</time></trkpt>
<trkpt lat="54.508285" lon="18.624762"><time>2026-05-02T14:00:28.900Z</time></trkpt>
<trkpt lat="54.508291" lon="18.624717"><time>2026-05-02T14:00:30.900Z</time></trkpt>
<trkpt lat="54.508298" lon="18.624673"><time>2026-05-02T14:00:32.900Z</time></trkpt>
<trkpt lat="54.508304" lon="18.624631"><time>2026-05-02T14:00:34.900Z</time></trkpt>
<trkpt lat="54.508313" lon="18.624588"><time>2026-05-02T14:00:37.000Z</time></trkpt>
<trkpt lat="54.508319" lon="18.624551"><time>2026-05-02T14:00:39.000Z</time></trkpt>
<trkpt lat="54.508324" lon="18.624515"><time>2026-05-02T14:00:41.000Z</time></trkpt>
<trkpt lat="54.508330" lon="18.624473"><time>2026-05-02T14:00:43.000Z</time></trkpt>
<trkpt lat="54.508335" lon="18.624434"><time>2026-05-02T14:00:45.000Z</time></trkpt>
<trkpt lat="54.508341" lon="18.624398"><time>2026-05-02T14:00:47.000Z</time></trkpt>
<trkpt lat="54.508348" lon="18.624359"><time>2026-05-02T14:00:49.000Z</time></trkpt>
<trkpt lat="54.508354" lon="18.624320"><time>2026-05-02T14:00:51.000Z</time></trkpt>
<trkpt lat="54.508360" lon="18.624279"><time>2026-05-02T14:00:53.000Z</time></trkpt>
<trkpt lat="54.508368" lon="18.624240"><time>2026-05-02T14:00:55.000Z</time></trkpt>
<trkpt lat="54.508374" lon="18.624202"><time>2026-05-02T14:00:56.900Z</time></trkpt>
<trkpt lat="54.508380" lon="18.624162"><time>2026-05-02T14:00:58.900Z</time></trkpt>
<trkpt lat="54.508387" lon="18.624124"><time>2026-05-02T14:01:00.900Z</time></trkpt>
<trkpt lat="54.508392" lon="18.624088"><time>2026-05-02T14:01:02.900Z</time></trkpt>
<trkpt lat="54.508398" lon="18.624053"><time>2026-05-02T14:01:04.900Z</time></trkpt>
<trkpt lat="54.508404" lon="18.624016"><time>2026-05-02T14:01:06.900Z</time></trkpt>
<trkpt lat="54.508410" lon="18.623977"><time>2026-05-02T14:01:08.900Z</time></trkpt>
<trkpt lat="54.508414" lon="18.623940"><time>2026-05-02T14:01:10.900Z</time></trkpt>
<trkpt lat="54.508418" lon="18.623902"><time>2026-05-02T14:01:12.900Z</time></trkpt>
<trkpt lat="54.508422" lon="18.623867"><time>2026-05-02T14:01:14.900Z</time></trkpt>
<trkpt lat="54.508425" lon="18.623834"><time>2026-05-02T14:01:16.900Z</time></trkpt>
<trkpt lat="54.508431" lon="18.623800"><time>2026-05-02T14:01:18.900Z</time></trkpt>
<trkpt lat="54.508434" lon="18.623767"><time>2026-05-02T14:01:20.900Z</time></trkpt>
<trkpt lat="54.508438" lon="18.623739"><time>2026-05-02T14:01:22.900Z</time></trkpt>
<trkpt lat="54.508442" lon="18.623712"><time>2026-05-02T14:01:24.900Z</time></trkpt>
<trkpt lat="54.508445" lon="18.623685"><time>2026-05-02T14:01:26.900Z</time></trkpt>
<trkpt lat="54.508451" lon="18.623654"><time>2026-05-02T14:01:28.900Z</time></trkpt>
<trkpt lat="54.508455" lon="18.623621"><time>2026-05-02T14:01:30.900Z</time></trkpt>
<trkpt lat="54.508461" lon="18.623583"><time>2026-05-02T14:01:32.900Z</time></trkpt>
<trkpt lat="54.508467" lon="18.623546"><time>2026-05-02T14:01:34.900Z</time></trkpt>
<trkpt lat="54.508471" lon="18.623513"><time>2026-05-02T14:01:36.900Z</time></trkpt>
<trkpt lat="54.508477" lon="18.623481"><time>2026-05-02T14:01:38.900Z</time></trkpt>
<trkpt lat="54.508482" lon="18.623447"><time>2026-05-02T14:01:40.900Z</time></trkpt>
<trkpt lat="54.508487" lon="18.623421"><time>2026-05-02T14:01:42.900Z</time></trkpt>
<trkpt lat="54.508492" lon="18.623390"><time>2026-05-02T14:01:44.900Z</time></trkpt>
<trkpt lat="54.508497" lon="18.623357"><time>2026-05-02T14:01:46.900Z</time></trkpt>
<trkpt lat="54.508502" lon="18.623326"><time>2026-05-02T14:01:48.900Z</time></trkpt>
<trkpt lat="54.508508" lon="18.623298"><time>2026-05-02T14:01:50.900Z</time></trkpt>
<trkpt lat="54.508513" lon="18.623267"><time>2026-05-02T14:01:52.900Z</time></trkpt>
<trkpt lat="54.508519" lon="18.623238"><time>2026-05-02T14:01:54.900Z</time></trkpt>
<trkpt lat="54.508522" lon="18.623208"><time>2026-05-02T14:01:56.900Z</time></trkpt>
<trkpt lat="54.508526" lon="18.623176"><time>2026-05-02T14:01:58.900Z</time></trkpt>
<trkpt lat="54.508528" lon="18.623150"><time>2026-05-02T14:02:00.900Z</time></trkpt>
<trkpt lat="54.508531" lon="18.623120"><time>2026-05-02T14:02:02.900Z</time></trkpt>
<trkpt lat="54.508535" lon="18.623088"><time>2026-05-02T14:02:04.900Z</time></trkpt>
<trkpt lat="54.508539" lon="18.623064"><time>2026-05-02T14:02:06.900Z</time></trkpt>
<trkpt lat="54.508544" lon="18.623038"><time>2026-05-02T14:02:08.900Z</time></trkpt>
<trkpt lat="54.508547" lon="18.623008"><time>2026-05-02T14:02:10.900Z</time></trkpt>
<trkpt lat="54.508552" lon="18.622974"><time>2026-05-02T14:02:12.900Z</time></trkpt>
<trkpt lat="54.508556" lon="18.622945"><time>2026-05-02T14:02:14.900Z</time></trkpt>
<trkpt lat="54.508560" lon="18.622914"><time>2026-05-02T14:02:16.900Z</time></trkpt>
<trkpt lat="54.508565" lon="18.622889"><time>2026-05-02T14:02:18.900Z</time></trkpt>
<trkpt lat="54.508567" lon="18.622858"><time>2026-05-02T14:02:20.900Z</time></trkpt>
<trkpt lat="54.508573" lon="18.622829"><time>2026-05-02T14:02:22.900Z</time></trkpt>
<trkpt lat="54.508579" lon="18.622796"><time>2026-05-02T14:02:24.900Z</time></trkpt>
<trkpt lat="54.508584" lon="18.622762"><time>2026-05-02T14:02:26.900Z</time></trkpt>
<trkpt lat="54.508590" lon="18.622728"><time>2026-05-02T14:02:28.900Z</time></trkpt>
<trkpt lat="54.508595" lon="18.622695"><time>2026-05-02T14:02:30.900Z</time></trkpt>
<trkpt lat="54.508601" lon="18.622662"><time>2026-05-02T14:02:32.900Z</time></trkpt>
<trkpt lat="54.508605" lon="18.622634"><time>2026-05-02T14:02:34.900Z</time></trkpt>
<trkpt lat="54.508609" lon="18.622599"><time>2026-05-02T14:02:36.900Z</time></trkpt>
<trkpt lat="54.508612" lon="18.622563"><time>2026-05-02T14:02:38.900Z</time></trkpt>
<trkpt lat="54.508612" lon="18.622533"><time>2026-05-02T14:02:40.900Z</time></trkpt>
<trkpt lat="54.508612" lon="18.622504"><time>2026-05-02T14:02:43.000Z</time></trkpt>
<trkpt lat="54.508612" lon="18.622471"><time>2026-05-02T14:02:45.000Z</time></trkpt>
<trkpt lat="54.508609" lon="18.622437"><time>2026-05-02T14:02:47.000Z</time></trkpt>
<trkpt lat="54.508607" lon="18.622405"><time>2026-05-02T14:02:49.000Z</time></trkpt>
<trkpt lat="54.508605" lon="18.622371"><time>2026-05-02T14:02:51.000Z</time></trkpt>
<trkpt lat="54.508603" lon="18.622340"><time>2026-05-02T14:02:53.000Z</time></trkpt>
<trkpt lat="54.508603" lon="18.622306"><time>2026-05-02T14:02:55.000Z</time></trkpt>
<trkpt lat="54.508601" lon="18.622276"><time>2026-05-02T14:02:57.000Z</time></trkpt>
<trkpt lat="54.508599" lon="18.622241"><time>2026-05-02T14:02:59.000Z</time></trkpt>
<trkpt lat="54.508598" lon="18.622208"><time>2026-05-02T14:03:00.900Z</time></trkpt>
<trkpt lat="54.508598" lon="18.622173"><time>2026-05-02T14:03:02.900Z</time></trkpt>
<trkpt lat="54.508598" lon="18.622136"><time>2026-05-02T14:03:04.900Z</time></trkpt>
<trkpt lat="54.508598" lon="18.622101"><time>2026-05-02T14:03:06.900Z</time></trkpt>
<trkpt lat="54.508596" lon="18.622064"><time>2026-05-02T14:03:08.900Z</time></trkpt>
<trkpt lat="54.508596" lon="18.622028"><time>2026-05-02T14:03:10.900Z</time></trkpt>
<trkpt lat="54.508595" lon="18.621992"><time>2026-05-02T14:03:12.900Z</time></trkpt>
<trkpt lat="54.508594" lon="18.621957"><time>2026-05-02T14:03:14.900Z</time></trkpt>
<trkpt lat="54.508591" lon="18.621918"><time>2026-05-02T14:03:16.900Z</time></trkpt>
<trkpt lat="54.508589" lon="18.621884"><time>2026-05-02T14:03:18.900Z</time></trkpt>
<trkpt lat="54.508588" lon="18.621842"><time>2026-05-02T14:03:20.900Z</time></trkpt>
<trkpt lat="54.508585" lon="18.621804"><time>2026-05-02T14:03:22.900Z</time></trkpt>
<trkpt lat="54.508584" lon="18.621761"><time>2026-05-02T14:03:24.900Z</time></trkpt>
<trkpt lat="54.508582" lon="18.621722"><time>2026-05-02T14:03:26.900Z</time></trkpt>
<trkpt lat="54.508579" lon="18.621683"><time>2026-05-02T14:03:28.900Z</time></trkpt>
<trkpt lat="54.508578" lon="18.621641"><time>2026-05-02T14:03:30.900Z</time></trkpt>
<trkpt lat="54.508576" lon="18.621601"><time>2026-05-02T14:03:32.900Z</time></trkpt>
<trkpt lat="54.508576" lon="18.621556"><time>2026-05-02T14:03:34.900Z</time></trkpt>
<trkpt lat="54.508577" lon="18.621512"><time>2026-05-02T14:03:36.900Z</time></trkpt>
<trkpt lat="54.508576" lon="18.621466"><time>2026-05-02T14:03:38.900Z</time></trkpt>
<trkpt lat="54.508578" lon="18.621423"><time>2026-05-02T14:03:40.900Z</time></trkpt>
<trkpt lat="54.508580" lon="18.621381"><time>2026-05-02T14:03:42.900Z</time></trkpt>
<trkpt lat="54.508582" lon="18.621338"><time>2026-05-02T14:03:44.900Z</time></trkpt>
<trkpt lat="54.508587" lon="18.621286"><time>2026-05-02T14:03:46.900Z</time></trkpt>
<trkpt lat="54.508593" lon="18.621238"><time>2026-05-02T14:03:48.900Z</time></trkpt>
<trkpt lat="54.508599" lon="18.621188"><time>2026-05-02T14:03:50.900Z</time></trkpt>
<trkpt lat="54.508604" lon="18.621141"><time>2026-05-02T14:03:52.900Z</time></trkpt>
<trkpt lat="54.508610" lon="18.621092"><time>2026-05-02T14:03:54.900Z</time></trkpt>
<trkpt lat="54.508612" lon="18.621036"><time>2026-05-02T14:03:56.900Z</time></trkpt>
<trkpt lat="54.508619" lon="18.620989"><time>2026-05-02T14:03:58.900Z</time></trkpt>
<trkpt lat="54.508628" lon="18.620940"><time>2026-05-02T14:04:00.900Z</time></trkpt>
<trkpt lat="54.508635" lon="18.620886"><time>2026-05-02T14:04:02.900Z</time></trkpt>
<trkpt lat="54.508643" lon="18.620831"><time>2026-05-02T14:04:04.900Z</time></trkpt>
<trkpt lat="54.508649" lon="18.620778"><time>2026-05-02T14:04:06.900Z</time></trkpt>
<trkpt lat="54.508656" lon="18.620727"><time>2026-05-02T14:04:08.900Z</time></trkpt>
<trkpt lat="54.508665" lon="18.620682"><time>2026-05-02T14:04:10.900Z</time></trkpt>
<trkpt lat="54.508674" lon="18.620634"><time>2026-05-02T14:04:12.900Z</time></trkpt>
<trkpt lat="54.508684" lon="18.620583"><time>2026-05-02T14:04:14.900Z</time></trkpt>
<trkpt lat="54.508694" lon="18.620533"><time>2026-05-02T14:04:16.900Z</time></trkpt>
<trkpt lat="54.508704" lon="18.620481"><time>2026-05-02T14:04:18.900Z</time></trkpt>
<trkpt lat="54.508719" lon="18.620431"><time>2026-05-02T14:04:20.900Z</time></trkpt>
<trkpt lat="54.508736" lon="18.620368"><time>2026-05-02T14:04:22.900Z</time></trkpt>
<trkpt lat="54.508746" lon="18.620318"><time>2026-05-02T14:04:24.900Z</time></trkpt>
<trkpt lat="54.508755" lon="18.620277"><time>2026-05-02T14:04:26.900Z</time></trkpt>
<trkpt lat="54.508760" lon="18.620236"><time>2026-05-02T14:04:28.900Z</time></trkpt>
<trkpt lat="54.508766" lon="18.620196"><time>2026-05-02T14:04:30.900Z</time></trkpt>
<trkpt lat="54.508773" lon="18.620159"><time>2026-05-02T14:04:32.900Z</time></trkpt>
<trkpt lat="54.508782" lon="18.620114"><time>2026-05-02T14:04:34.900Z</time></trkpt>
<trkpt lat="54.508791" lon="18.620067"><time>2026-05-02T14:04:36.900Z</time></trkpt>
<trkpt lat="54.508798" lon="18.620026"><time>2026-05-02T14:04:38.900Z</time></trkpt>
<trkpt lat="54.508806" lon="18.619981"><time>2026-05-02T14:04:40.900Z</time></trkpt>
<trkpt lat="54.508812" lon="18.619938"><time>2026-05-02T14:04:42.900Z</time></trkpt>
<trkpt lat="54.508818" lon="18.619892"><time>2026-05-02T14:04:44.900Z</time></trkpt>
<trkpt lat="54.508822" lon="18.619845"><time>2026-05-02T14:04:46.900Z</time></trkpt>
<trkpt lat="54.508827" lon="18.619803"><time>2026-05-02T14:04:49.000Z</time></trkpt>
<trkpt lat="54.508831" lon="18.619758"><time>2026-05-02T14:04:51.000Z</time></trkpt>
<trkpt lat="54.508835" lon="18.619715"><time>2026-05-02T14:04:53.000Z</time></trkpt>
<trkpt lat="54.508839" lon="18.619664"><time>2026-05-02T14:04:55.000Z</time></trkpt>
<trkpt lat="54.508842" lon="18.619619"><time>2026-05-02T14:04:57.000Z</time></trkpt>
<trkpt lat="54.508846" lon="18.619576"><time>2026-05-02T14:04:59.000Z</time></trkpt>
<trkpt lat="54.508849" lon="18.619528"><time>2026-05-02T14:05:01.000Z</time></trkpt>
<trkpt lat="54.508853" lon="18.619477"><time>2026-05-02T14:05:03.000Z</time></trkpt>
<trkpt lat="54.508861" lon="18.619423"><time>2026-05-02T14:05:05.000Z</time></trkpt>
<trkpt lat="54.508867" lon="18.619369"><time>2026-05-02T14:05:06.900Z</time></trkpt>
<trkpt lat="54.508872" lon="18.619318"><time>2026-05-02T14:05:08.900Z</time></trkpt>
<trkpt lat="54.508880" lon="18.619274"><time>2026-05-02T14:05:10.900Z</time></trkpt>
<trkpt lat="54.508892" lon="18.619229"><time>2026-05-02T14:05:12.900Z</time></trkpt>
<trkpt lat="54.508908" lon="18.619178"><time>2026-05-02T14:05:14.900Z</time></trkpt>
<trkpt lat="54.508917" lon="18.619142"><time>2026-05-02T14:05:16.900Z</time></trkpt>
<trkpt lat="54.508927" lon="18.619105"><time>2026-05-02T14:05:18.900Z</time></trkpt>
<trkpt lat="54.508936" lon="18.619067"><time>2026-05-02T14:05:20.900Z</time></trkpt>
<trkpt lat="54.508939" lon="18.619024"><time>2026-05-02T14:05:22.900Z</time></trkpt>
<trkpt lat="54.508943" lon="18.618982"><time>2026-05-02T14:05:24.900Z</time></trkpt>
<trkpt lat="54.508944" lon="18.618952"><time>2026-05-02T14:05:26.900Z</time></trkpt>
<trkpt lat="54.508937" lon="18.618920"><time>2026-05-02T14:05:28.900Z</time></trkpt>
<trkpt lat="54.508937" lon="18.618883"><time>2026-05-02T14:05:30.900Z</time></trkpt>
<trkpt lat="54.508939" lon="18.618844"><time>2026-05-02T14:05:32.900Z</time></trkpt>
<trkpt lat="54.508944" lon="18.618796"><time>2026-05-02T14:05:34.900Z</time></trkpt>
<trkpt lat="54.508948" lon="18.618749"><time>2026-05-02T14:05:36.900Z</time></trkpt>
<trkpt lat="54.508953" lon="18.618704"><time>2026-05-02T14:05:38.900Z</time></trkpt>
<trkpt lat="54.508954" lon="18.618667"><time>2026-05-02T14:05:40.900Z</time></trkpt>
<trkpt lat="54.508956" lon="18.618617"><time>2026-05-02T14:05:42.900Z</time></trkpt>
<trkpt lat="54.508961" lon="18.618557"><time>2026-05-02T14:05:44.900Z</time></trkpt>
<trkpt lat="54.508966" lon="18.618526"><time>2026-05-02T14:05:46.900Z</time></trkpt>
<trkpt lat="54.508971" lon="18.618480"><time>2026-05-02T14:05:48.900Z</time></trkpt>
<trkpt lat="54.508981" lon="18.618438"><time>2026-05-02T14:05:50.900Z</time></trkpt>
<trkpt lat="54.508991" lon="18.618397"><time>2026-05-02T14:05:52.900Z</time></trkpt>
<trkpt lat="54.508999" lon="18.618361"><time>2026-05-02T14:05:54.900Z</time></trkpt>
<trkpt lat="54.509006" lon="18.618319"><time>2026-05-02T14:05:56.900Z</time></trkpt>
<trkpt lat="54.509012" lon="18.618276"><time>2026-05-02T14:05:58.900Z</time></trkpt>
<trkpt lat="54.509016" lon="18.618233"><time>2026-05-02T14:06:00.900Z</time></trkpt>
<trkpt lat="54.509020" lon="18.618172"><time>2026-05-02T14:06:02.900Z</time></trkpt>
<trkpt lat="54.509028" lon="18.618107"><time>2026-05-02T14:06:04.900Z</time></trkpt>
<trkpt lat="54.509040" lon="18.618042"><time>2026-05-02T14:06:06.900Z</time></trkpt>
<trkpt lat="54.509053" lon="18.618004"><time>2026-05-02T14:06:08.900Z</time></trkpt>
<trkpt lat="54.509063" lon="18.617965"><time>2026-05-02T14:06:10.900Z</time></trkpt>
<trkpt lat="54.509070" lon="18.617918"><time>2026-05-02T14:06:12.900Z</time></trkpt>
<trkpt lat="54.509074" lon="18.617875"><time>2026-05-02T14:06:14.900Z</time></trkpt>
<trkpt lat="54.509087" lon="18.617837"><time>2026-05-02T14:06:16.900Z</time></trkpt>
<trkpt lat="54.509095" lon="18.617801"><time>2026-05-02T14:06:18.900Z</time></trkpt>
<trkpt lat="54.509104" lon="18.617767"><time>2026-05-02T14:06:20.900Z</time></trkpt>
<trkpt lat="54.509109" lon="18.617729"><time>2026-05-02T14:06:22.900Z</time></trkpt>
<trkpt lat="54.509120" lon="18.617672"><time>2026-05-02T14:06:24.900Z</time></trkpt>
<trkpt lat="54.509125" lon="18.617637"><time>2026-05-02T14:06:26.900Z</time></trkpt>
<trkpt lat="54.509128" lon="18.617598"><time>2026-05-02T14:06:28.900Z</time></trkpt>
<trkpt lat="54.509137" lon="18.617545"><time>2026-05-02T14:06:30.900Z</time></trkpt>
<trkpt lat="54.509141" lon="18.617500"><time>2026-05-02T14:06:32.900Z</time></trkpt>
<trkpt lat="54.509147" lon="18.617450"><time>2026-05-02T14:06:34.900Z</time></trkpt>
<trkpt lat="54.509152" lon="18.617399"><time>2026-05-02T14:06:36.900Z</time></trkpt>
<trkpt lat="54.509157" lon="18.617348"><time>2026-05-02T14:06:38.900Z</time></trkpt>
<trkpt lat="54.509166" lon="18.617298"><time>2026-05-02T14:06:40.900Z</time></trkpt>
<trkpt lat="54.509174" lon="18.617252"><time>2026-05-02T14:06:42.900Z</time></trkpt>
<trkpt lat="54.509182" lon="18.617214"><time>2026-05-02T14:06:44.900Z</time></trkpt>
<trkpt lat="54.509197" lon="18.617167"><time>2026-05-02T14:06:46.900Z</time></trkpt>
<trkpt lat="54.509199" lon="18.617124"><time>2026-05-02T14:06:48.900Z</time></trkpt>
<trkpt lat="54.509211" lon="18.617086"><time>2026-05-02T14:06:50.900Z</time></trkpt>
<trkpt lat="54.509215" lon="18.617052"><time>2026-05-02T14:06:52.900Z</time></trkpt>
<trkpt lat="54.509220" lon="18.617013"><time>2026-05-02T14:06:55.000Z</time></trkpt>
<trkpt lat="54.509220" lon="18.616969"><time>2026-05-02T14:06:57.000Z</time></trkpt>
<trkpt lat="54.509222" lon="18.616916"><time>2026-05-02T14:06:59.000Z</time></trkpt>
<trkpt lat="54.509234" lon="18.616875"><time>2026-05-02T14:07:01.000Z</time></trkpt>
<trkpt lat="54.509245" lon="18.616831"><time>2026-05-02T14:07:03.000Z</time></trkpt>
<trkpt lat="54.509251" lon="18.616792"><time>2026-05-02T14:07:05.000Z</time></trkpt>
<trkpt lat="54.509257" lon="18.616747"><time>2026-05-02T14:07:07.000Z</time></trkpt>
<trkpt lat="54.509266" lon="18.616705"><time>2026-05-02T14:07:09.000Z</time></trkpt>
<trkpt lat="54.509270" lon="18.616671"><time>2026-05-02T14:07:10.900Z</time></trkpt>
<trkpt lat="54.509277" lon="18.616630"><time>2026-05-02T14:07:12.900Z</time></trkpt>
<trkpt lat="54.509280" lon="18.616586"><time>2026-05-02T14:07:14.900Z</time></trkpt>
<trkpt lat="54.509282" lon="18.616541"><time>2026-05-02T14:07:16.900Z</time></trkpt>
<trkpt lat="54.509280" lon="18.616500"><time>2026-05-02T14:07:18.900Z</time></trkpt>
<trkpt lat="54.509281" lon="18.616453"><time>2026-05-02T14:07:20.900Z</time></trkpt>
<trkpt lat="54.509278" lon="18.616404"><time>2026-05-02T14:07:22.900Z</time></trkpt>
<trkpt lat="54.509274" lon="18.616356"><time>2026-05-02T14:07:24.900Z</time></trkpt>
<trkpt lat="54.509276" lon="18.616299"><time>2026-05-02T14:07:26.900Z</time></trkpt>
<trkpt lat="54.509281" lon="18.616243"><time>2026-05-02T14:07:28.900Z</time></trkpt>
<trkpt lat="54.509286" lon="18.616185"><time>2026-05-02T14:07:30.900Z</time></trkpt>
<trkpt lat="54.509293" lon="18.616125"><time>2026-05-02T14:07:32.900Z</time></trkpt>
<trkpt lat="54.509298" lon="18.616064"><time>2026-05-02T14:07:34.900Z</time></trkpt>
<trkpt lat="54.509308" lon="18.616016"><time>2026-05-02T14:07:36.900Z</time></trkpt>
<trkpt lat="54.509314" lon="18.615965"><time>2026-05-02T14:07:38.900Z</time></trkpt>
<trkpt lat="54.509320" lon="18.615918"><time>2026-05-02T14:07:40.900Z</time></trkpt>
<trkpt lat="54.509324" lon="18.615870"><time>2026-05-02T14:07:42.900Z</time></trkpt>
<trkpt lat="54.509328" lon="18.615821"><time>2026-05-02T14:07:44.900Z</time></trkpt>
<trkpt lat="54.509331" lon="18.615768"><time>2026-05-02T14:07:46.900Z</time></trkpt>
<trkpt lat="54.509333" lon="18.615713"><time>2026-05-02T14:07:48.900Z</time></trkpt>
<trkpt lat="54.509334" lon="18.615661"><time>2026-05-02T14:07:50.900Z</time></trkpt>
<trkpt lat="54.509340" lon="18.615598"><time>2026-05-02T14:07:52.900Z</time></trkpt>
<trkpt lat="54.509342" lon="18.615550"><time>2026-05-02T14:07:54.900Z</time></trkpt>
<trkpt lat="54.509345" lon="18.615501"><time>2026-05-02T14:07:56.900Z</time></trkpt>
<trkpt lat="54.509348" lon="18.615453"><time>2026-05-02T14:07:58.900Z</time></trkpt>
<trkpt lat="54.509349" lon="18.615403"><time>2026-05-02T14:08:00.900Z</time></trkpt>
<trkpt lat="54.509354" lon="18.615345"><time>2026-05-02T14:08:02.900Z</time></trkpt>
<trkpt lat="54.509356" lon="18.615292"><time>2026-05-02T14:08:04.900Z</time></trkpt>
<trkpt lat="54.509357" lon="18.615244"><time>2026-05-02T14:08:06.900Z</time></trkpt>
<trkpt lat="54.509361" lon="18.615200"><time>2026-05-02T14:08:08.900Z</time></trkpt>
<trkpt lat="54.509364" lon="18.615145"><time>2026-05-02T14:08:10.900Z</time></trkpt>
<trkpt lat="54.509365" lon="18.615088"><time>2026-05-02T14:08:12.900Z</time></trkpt>
<trkpt lat="54.509368" lon="18.615033"><time>2026-05-02T14:08:14.900Z</time></trkpt>
<trkpt lat="54.509369" lon="18.614973"><time>2026-05-02T14:08:16.900Z</time></trkpt>
<trkpt lat="54.509369" lon="18.614918"><time>2026-05-02T14:08:18.900Z</time></trkpt>
<trkpt lat="54.509373" lon="18.614854"><time>2026-05-02T14:08:20.900Z</time></trkpt>
<trkpt lat="54.509372" lon="18.614794"><time>2026-05-02T14:08:22.900Z</time></trkpt>
<trkpt lat="54.509376" lon="18.614739"><time>2026-05-02T14:08:24.900Z</time></trkpt>
<trkpt lat="54.509381" lon="18.614689"><time>2026-05-02T14:08:26.900Z</time></trkpt>
<trkpt lat="54.509382" lon="18.614635"><time>2026-05-02T14:08:28.900Z</time></trkpt>
<trkpt lat="54.509384" lon="18.614574"><time>2026-05-02T14:08:30.900Z</time></trkpt>
<trkpt lat="54.509386" lon="18.614516"><time>2026-05-02T14:08:32.900Z</time></trkpt>
<trkpt lat="54.509389" lon="18.614463"><time>2026-05-02T14:08:34.900Z</time></trkpt>
<trkpt lat="54.509391" lon="18.614410"><time>2026-05-02T14:08:36.900Z</time></trkpt>
<trkpt lat="54.509396" lon="18.614348"><time>2026-05-02T14:08:38.900Z</time></trkpt>
<trkpt lat="54.509399" lon="18.614288"><time>2026-05-02T14:08:40.900Z</time></trkpt>
<trkpt lat="54.509404" lon="18.614227"><time>2026-05-02T14:08:42.900Z</time></trkpt>
<trkpt lat="54.509406" lon="18.614170"><time>2026-05-02T14:08:44.900Z</time></trkpt>
<trkpt lat="54.509409" lon="18.614108"><time>2026-05-02T14:08:46.900Z</time></trkpt>
<trkpt lat="54.509411" lon="18.614052"><time>2026-05-02T14:08:48.900Z</time></trkpt>
<trkpt lat="54.509416" lon="18.613987"><time>2026-05-02T14:08:50.900Z</time></trkpt>
<trkpt lat="54.509419" lon="18.613932"><time>2026-05-02T14:08:52.900Z</time></trkpt>
<trkpt lat="54.509423" lon="18.613872"><time>2026-05-02T14:08:54.900Z</time></trkpt>
<trkpt lat="54.509427" lon="18.613818"><time>2026-05-02T14:08:56.900Z</time></trkpt>
<trkpt lat="54.509430" lon="18.613768"><time>2026-05-02T14:08:58.900Z</time></trkpt>
<trkpt lat="54.509432" lon="18.613717"><time>2026-05-02T14:09:01.000Z</time></trkpt>
<trkpt lat="54.509432" lon="18.613666"><time>2026-05-02T14:09:03.000Z</time></trkpt>
<trkpt lat="54.509432" lon="18.613618"><time>2026-05-02T14:09:05.000Z</time></trkpt>
<trkpt lat="54.509432" lon="18.613565"><time>2026-05-02T14:09:07.000Z</time></trkpt>
<trkpt lat="54.509431" lon="18.613519"><time>2026-05-02T14:09:09.000Z</time></trkpt>
<trkpt lat="54.509430" lon="18.613469"><time>2026-05-02T14:09:11.000Z</time></trkpt>
<trkpt lat="54.509427" lon="18.613419"><time>2026-05-02T14:09:13.000Z</time></trkpt>
<trkpt lat="54.509424" lon="18.613364"><time>2026-05-02T14:09:15.000Z</time></trkpt>
<trkpt lat="54.509421" lon="18.613306"><time>2026-05-02T14:09:16.900Z</time></trkpt>
<trkpt lat="54.509419" lon="18.613254"><time>2026-05-02T14:09:18.900Z</time></trkpt>
<trkpt lat="54.509417" lon="18.613203"><time>2026-05-02T14:09:20.900Z</time></trkpt>
<trkpt lat="54.509415" lon="18.613154"><time>2026-05-02T14:09:22.900Z</time></trkpt>
<trkpt lat="54.509412" lon="18.613106"><time>2026-05-02T14:09:24.900Z</time></trkpt>
<trkpt lat="54.509413" lon="18.613053"><time>2026-05-02T14:09:26.900Z</time></trkpt>
<trkpt lat="54.509411" lon="18.613005"><time>2026-05-02T14:09:28.900Z</time></trkpt>
<trkpt lat="54.509404" lon="18.612969"><time>2026-05-02T14:09:30.900Z</time></trkpt>
<trkpt lat="54.509396" lon="18.612927"><time>2026-05-02T14:09:32.900Z</time></trkpt>
<trkpt lat="54.509388" lon="18.612892"><time>2026-05-02T14:09:34.900Z</time></trkpt>
<trkpt lat="54.509380" lon="18.612846"><time>2026-05-02T14:09:36.900Z</time></trkpt>
<trkpt lat="54.509372" lon="18.612802"><time>2026-05-02T14:09:38.900Z</time></trkpt>
<trkpt lat="54.509366" lon="18.612762"><time>2026-05-02T14:09:40.900Z</time></trkpt>
<trkpt lat="54.509357" lon="18.612716"><time>2026-05-02T14:09:42.900Z</time></trkpt>
<trkpt lat="54.509350" lon="18.612671"><time>2026-05-02T14:09:44.900Z</time></trkpt>
<trkpt lat="54.509344" lon="18.612626"><time>2026-05-02T14:09:46.900Z</time></trkpt>
<trkpt lat="54.509340" lon="18.612595"><time>2026-05-02T14:09:48.900Z</time></trkpt>
<trkpt lat="54.509331" lon="18.612557"><time>2026-05-02T14:09:50.900Z</time></trkpt>
<trkpt lat="54.509325" lon="18.612511"><time>2026-05-02T14:09:52.900Z</time></trkpt>
<trkpt lat="54.509319" lon="18.612462"><time>2026-05-02T14:09:54.900Z</time></trkpt>
<trkpt lat="54.509312" lon="18.612416"><time>2026-05-02T14:09:56.900Z</time></trkpt>
<trkpt lat="54.509303" lon="18.612379"><time>2026-05-02T14:09:58.900Z</time></trkpt>
<trkpt lat="54.509289" lon="18.612340"><time>2026-05-02T14:10:00.900Z</time></trkpt>
<trkpt lat="54.509277" lon="18.612307"><time>2026-05-02T14:10:02.900Z</time></trkpt>
<trkpt lat="54.509266" lon="18.612272"><time>2026-05-02T14:10:04.900Z</time></trkpt>
<trkpt lat="54.509258" lon="18.612239"><time>2026-05-02T14:10:06.900Z</time></trkpt>
<trkpt lat="54.509254" lon="18.612203"><time>2026-05-02T14:10:08.900Z</time></trkpt>
<trkpt lat="54.509248" lon="18.612172"><time>2026-05-02T14:10:10.900Z</time></trkpt>
<trkpt lat="54.509244" lon="18.612134"><time>2026-05-02T14:10:12.900Z</time></trkpt>
<trkpt lat="54.509241" lon="18.612094"><time>2026-05-02T14:10:14.900Z</time></trkpt>
<trkpt lat="54.509240" lon="18.612071"><time>2026-05-02T14:10:16.900Z</time></trkpt>
<trkpt lat="54.509238" lon="18.612035"><time>2026-05-02T14:10:18.900Z</time></trkpt>
<trkpt lat="54.509238" lon="18.612003"><time>2026-05-02T14:10:20.900Z</time></trkpt>
<trkpt lat="54.509237" lon="18.611972"><time>2026-05-02T14:10:22.900Z</time></trkpt>
<trkpt lat="54.509239" lon="18.611935"><time>2026-05-02T14:10:24.900Z</time></trkpt>
<trkpt lat="54.509240" lon="18.611904"><time>2026-05-02T14:10:26.900Z</time></trkpt>
<trkpt lat="54.509243" lon="18.611869"><time>2026-05-02T14:10:28.900Z</time></trkpt>
<trkpt lat="54.509251" lon="18.611833"><time>2026-05-02T14:10:30.900Z</time></trkpt>
<trkpt lat="54.509258" lon="18.611801"><time>2026-05-02T14:10:32.900Z</time></trkpt>
<trkpt lat="54.509265" lon="18.611770"><time>2026-05-02T14:10:34.900Z</time></trkpt>
<trkpt lat="54.509273" lon="18.611739"><time>2026-05-02T14:10:36.900Z</time></trkpt>
<trkpt lat="54.509281" lon="18.611716"><time>2026-05-02T14:10:38.900Z</time></trkpt>
<trkpt lat="54.509288" lon="18.611693"><time>2026-05-02T14:10:40.900Z</time></trkpt>
<trkpt lat="54.509299" lon="18.611665"><time>2026-05-02T14:10:42.900Z</time></trkpt>
<trkpt lat="54.509309" lon="18.611642"><time>2026-05-02T14:10:44.900Z</time></trkpt>
<trkpt lat="54.509325" lon="18.611603"><time>2026-05-02T14:10:46.900Z</time></trkpt>
<trkpt lat="54.509332" lon="18.611575"><time>2026-05-02T14:10:48.900Z</time></trkpt>
<trkpt lat="54.509340" lon="18.611540"><time>2026-05-02T14:10:50.900Z</time></trkpt>
<trkpt lat="54.509347" lon="18.611503"><time>2026-05-02T14:10:52.900Z</time></trkpt>
<trkpt lat="54.509352" lon="18.611474"><time>2026-05-02T14:10:54.900Z</time></trkpt>
<trkpt lat="54.509357" lon="18.611441"><time>2026-05-02T14:10:56.900Z</time></trkpt>
<trkpt lat="54.509360" lon="18.611416"><time>2026-05-02T14:10:58.900Z</time></trkpt>
<trkpt lat="54.509364" lon="18.611386"><time>2026-05-02T14:11:00.900Z</time></trkpt>
<trkpt lat="54.509366" lon="18.611361"><time>2026-05-02T14:11:02.900Z</time></trkpt>
<trkpt lat="54.509371" lon="18.611328"><time>2026-05-02T14:11:04.900Z</time></trkpt>
<trkpt lat="54.509376" lon="18.611300"><time>2026-05-02T14:11:07.000Z</time></trkpt>
<trkpt lat="54.509380" lon="18.611276"><time>2026-05-02T14:11:09.000Z</time></trkpt>
<trkpt lat="54.509386" lon="18.611245"><time>2026-05-02T14:11:11.000Z</time></trkpt>
<trkpt lat="54.509395" lon="18.611210"><time>2026-05-02T14:11:13.000Z</time></trkpt>
<trkpt lat="54.509402" lon="18.611179"><time>2026-05-02T14:11:15.000Z</time></trkpt>
<trkpt lat="54.509407" lon="18.611154"><time>2026-05-02T14:11:17.000Z</time></trkpt>
<trkpt lat="54.509411" lon="18.611128"><time>2026-05-02T14:11:19.000Z</time></trkpt>
<trkpt lat="54.509415" lon="18.611105"><time>2026-05-02T14:11:20.900Z</time></trkpt>
<trkpt lat="54.509421" lon="18.611079"><time>2026-05-02T14:11:22.900Z</time></trkpt>
<trkpt lat="54.509430" lon="18.611054"><time>2026-05-02T14:11:24.900Z</time></trkpt>
<trkpt lat="54.509436" lon="18.611031"><time>2026-05-02T14:11:26.900Z</time></trkpt>
<trkpt lat="54.509443" lon="18.611016"><time>2026-05-02T14:11:28.900Z</time></trkpt>
<trkpt lat="54.509447" lon="18.610998"><time>2026-05-02T14:11:30.900Z</time></trkpt>
<trkpt lat="54.509455" lon="18.610978"><time>2026-05-02T14:11:32.900Z</time></trkpt>
<trkpt lat="54.509463" lon="18.610961"><time>2026-05-02T14:11:34.900Z</time></trkpt>
<trkpt lat="54.509470" lon="18.610945"><time>2026-05-02T14:11:36.900Z</time></trkpt>
<trkpt lat="54.509474" lon="18.610928"><time>2026-05-02T14:11:38.900Z</time></trkpt>
<trkpt lat="54.509481" lon="18.610910"><time>2026-05-02T14:11:40.900Z</time></trkpt>
<trkpt lat="54.509487" lon="18.610893"><time>2026-05-02T14:11:42.900Z</time></trkpt>
<trkpt lat="54.509494" lon="18.610874"><time>2026-05-02T14:11:44.900Z</time></trkpt>
<trkpt lat="54.509499" lon="18.610856"><time>2026-05-02T14:11:46.900Z</time></trkpt>
<trkpt lat="54.509503" lon="18.610839"><time>2026-05-02T14:11:48.900Z</time></trkpt>
<trkpt lat="54.509505" lon="18.610827"><time>2026-05-02T14:11:50.900Z</time></trkpt>
<trkpt lat="54.509508" lon="18.610808"><time>2026-05-02T14:11:52.900Z</time></trkpt>
<trkpt lat="54.509512" lon="18.610792"><time>2026-05-02T14:11:54.900Z</time></trkpt>
<trkpt lat="54.509515" lon="18.610780"><time>2026-05-02T14:11:56.900Z</time></trkpt>
<trkpt lat="54.509519" lon="18.610764"><time>2026-05-02T14:11:58.900Z</time></trkpt>
<trkpt lat="54.509523" lon="18.610751"><time>2026-05-02T14:12:00.900Z</time></trkpt>
<trkpt lat="54.509530" lon="18.610737"><time>2026-05-02T14:12:02.900Z</time></trkpt>
<trkpt lat="54.509535" lon="18.610720"><time>2026-05-02T14:12:04.900Z</time></trkpt>
<trkpt lat="54.509541" lon="18.610707"><time>2026-05-02T14:12:06.900Z</time></trkpt>
<trkpt lat="54.509545" lon="18.610698"><time>2026-05-02T14:12:08.900Z</time></trkpt>
<trkpt lat="54.509551" lon="18.610684"><time>2026-05-02T14:12:10.900Z</time></trkpt>
<trkpt lat="54.509556" lon="18.610671"><time>2026-05-02T14:12:12.900Z</time></trkpt>
<trkpt lat="54.509562" lon="18.610658"><time>2026-05-02T14:12:14.900Z</time></trkpt>
<trkpt lat="54.509562" lon="18.610657"><time>2026-05-02T14:12:16.900Z</time></trkpt>
<trkpt lat="54.509565" lon="18.610643"><time>2026-05-02T14:12:18.900Z</time></trkpt>
<trkpt lat="54.509569" lon="18.610632"><time>2026-05-02T14:12:20.900Z</time></trkpt>
<trkpt lat="54.509572" lon="18.610624"><time>2026-05-02T14:12:22.900Z</time></trkpt>
<trkpt lat="54.509575" lon="18.610609"><time>2026-05-02T14:12:24.900Z</time></trkpt>
<trkpt lat="54.509579" lon="18.610588"><time>2026-05-02T14:12:26.900Z</time></trkpt>
<trkpt lat="54.509585" lon="18.610573"><time>2026-05-02T14:12:28.900Z</time></trkpt>
<trkpt lat="54.509590" lon="18.610555"><time>2026-05-02T14:12:30.900Z</time></trkpt>
<trkpt lat="54.509594" lon="18.610536"><time>2026-05-02T14:12:32.900Z</time></trkpt>
<trkpt lat="54.509601" lon="18.610519"><time>2026-05-02T14:12:34.900Z</time></trkpt>
<trkpt lat="54.509606" lon="18.610504"><time>2026-05-02T14:12:36.900Z</time></trkpt>
<trkpt lat="54.509612" lon="18.610493"><time>2026-05-02T14:12:38.900Z</time></trkpt>
</trkseg></trk>
</gpx>