<?xml version="1.0" encoding="UTF-8"?>
<gpx creator="Garmin Connect" version="1.1"
  xsi:schemaLocation="http://www.topografix.com/GPX/1/1 http://www.topografix.com/GPX/11.xsd"
  xmlns:ns3="http://www.garmin.com/xmlschemas/TrackPointExtension/v1"
  xmlns="http://www.topografix.com/GPX/1/1"
  xmlns:xsi="http://www.w3.org/2001/XMLSchema-instance" xmlns:ns2="http://www.garmin.com/xmlschemas/GpxExtensions/v3">
  <metadata>
    <name>ND: Sailing Gdansk Stogi - Leba</name>
    <link href="connect.garmin.com">
      <text>Garmin Connect</text>
    </link>
    <time>2026-07-13T07:29:20.000Z</time>
  </metadata>
  <trk>
    <name>ND: Sailing Gdansk Stogi - Leba</name>
    <trkseg>
      <trkpt lat="54.3961547780782" lon="18.80653951317072">
        <ele>0.0</ele>
      </trkpt>
      <trkpt lat="54.39628394320607" lon="18.806727770715952">
        <ele>0.0</ele>
      </trkpt>
      <trkpt lat="54.396473709493876" lon="18.806992722675204">
        <ele>0.0</ele>
      </trkpt>
      <trkpt lat="54.39664729870856" lon="18.807169161736965">
        <ele>0.0</ele>
      </trkpt>
      <trkpt lat="54.396790377795696" lon="18.807361694052815">
        <ele>0.0</ele>
      </trkpt>
      <trkpt lat="54.396974947303534" lon="18.8075749296695">
        <ele>0.0</ele>
      </trkpt>
      <trkpt lat="54.39714342355728" lon="18.80776352249086">
        <ele>0.0</ele>
      </trkpt>
      <trkpt lat="54.39731961116195" lon="18.80793845281005">
        <ele>0.0</ele>
      </trkpt>
      <trkpt lat="54.39747232943773" lon="18.80806024186313">
        <ele>0.0</ele>
      </trkpt>
      <trkpt lat="54.397645834833384" lon="18.808236848562956">
        <ele>0.0</ele>
      </trkpt>
      <trkpt lat="54.397778771817684" lon="18.80837087519467">
        <ele>0.0</ele>
      </trkpt>
      <trkpt lat="54.397973734885454" lon="18.808535747230053">
        <ele>0.0</ele>
      </trkpt>
      <trkpt lat="54.3981490842998" lon="18.808711683377624">
        <ele>0.0</ele>
      </trkpt>
      <trkpt lat="54.39835620112717" lon="18.8089079875499">
        <ele>0.0</ele>
      </trkpt>
      <trkpt lat="54.39905005507171" lon="18.809561608359218">
        <ele>0.0</ele>
      </trkpt>
      <trkpt lat="54.399112835526466" lon="18.809685157611966">
        <ele>0.0</ele>
      </trkpt>
      <trkpt lat="54.399319952353835" lon="18.809965113177896">
        <ele>0.0</ele>
      </trkpt>
      <trkpt lat="54.400063678622246" lon="18.81087421439588">
        <ele>0.0</ele>
      </trkpt>
      <trkpt lat="54.40018278546631" lon="18.811089796945453">
        <ele>0.0</ele>
      </trkpt>
      <trkpt lat="54.400286888703704" lon="18.811240838840604">
        <ele>0.0</ele>
      </trkpt>
      <trkpt lat="54.400467770174146" lon="18.811421049758792">
        <ele>0.0</ele>
      </trkpt>
      <trkpt lat="54.40067698247731" lon="18.811716763302684">
        <ele>0.0</ele>
      </trkpt>
      <trkpt lat="54.401210909709334" lon="18.812307687476277">
        <ele>0.0</ele>
      </trkpt>
      <trkpt lat="54.401414757594466" lon="18.812632905319333">
        <ele>0.0</ele>
      </trkpt>
      <trkpt lat="54.401597399264574" lon="18.81282191723585">
        <ele>0.0</ele>
      </trkpt>
      <trkpt lat="54.40242477692664" lon="18.813798744231462">
        <ele>0.0</ele>
      </trkpt>
      <trkpt lat="54.40258671529591" lon="18.814141731709242">
        <ele>0.0</ele>
      </trkpt>
      <trkpt lat="54.402777235955" lon="18.81435471586883">
        <ele>0.0</ele>
      </trkpt>
      <trkpt lat="54.4036250654608" lon="18.815257782116532">
        <ele>0.0</ele>
      </trkpt>
      <trkpt lat="54.40373595803976" lon="18.815524829551578">
        <ele>0.0</ele>
      </trkpt>
      <trkpt lat="54.4038288295269" lon="18.815768659114838">
        <ele>0.0</ele>
      </trkpt>
      <trkpt lat="54.40396009013057" lon="18.81595004349947">
        <ele>0.0</ele>
      </trkpt>
      <trkpt lat="54.404771542176604" lon="18.816765435039997">
        <ele>0.0</ele>
      </trkpt>
      <trkpt lat="54.404967511072755" lon="18.817054191604257">
        <ele>0.0</ele>
      </trkpt>
      <trkpt lat="54.40513866953552" lon="18.81725083105266">
        <ele>0.0</ele>
      </trkpt>
      <trkpt lat="54.4054208882153" lon="18.81757814437151">
        <ele>0.0</ele>
      </trkpt>
      <trkpt lat="54.406030252575874" lon="18.81816110573709">
        <ele>0.0</ele>
      </trkpt>
      <trkpt lat="54.406160255894065" lon="18.818586822599173">
        <ele>0.0</ele>
      </trkpt>
      <trkpt lat="54.40630794502795" lon="18.818779606372118">
        <ele>0.0</ele>
      </trkpt>
      <trkpt lat="54.40646644681692" lon="18.8190049957484">
        <ele>0.0</ele>
      </trkpt>
      <trkpt lat="54.40711101517081" lon="18.819876546040177">
        <ele>0.0</ele>
      </trkpt>
      <trkpt lat="54.40728292800486" lon="18.820034796372056">
        <ele>0.0</ele>
      </trkpt>
      <trkpt lat="54.40744251944125" lon="18.82025926373899">
        <ele>0.0</ele>
      </trkpt>
      <trkpt lat="54.40824734978378" lon="18.8211100269109">
        <ele>0.0</ele>
      </trkpt>
      <trkpt lat="54.40827827900648" lon="18.82116132415831">
        <ele>0.0</ele>
      </trkpt>
      <trkpt lat="54.40849109552801" lon="18.821355951949954">
        <ele>0.0</ele>
      </trkpt>
      <trkpt lat="54.40864624455571" lon="18.821521159261465">
        <ele>0.0</ele>
      </trkpt>
      <trkpt lat="54.40941377542913" lon="18.822496393695474">
        <ele>0.0</ele>
      </trkpt>
      <trkpt lat="54.409638075158" lon="18.822508631274104">
        <ele>0.0</ele>
      </trkpt>
      <trkpt lat="54.40980529412627" lon="18.822713987901807">
        <ele>0.0</ele>
      </trkpt>
      <trkpt lat="54.4099903665483" lon="18.82297315634787">
        <ele>0.0</ele>
      </trkpt>
      <trkpt lat="54.410508032888174" lon="18.823649073019624">
        <ele>0.0</ele>
      </trkpt>
      <trkpt lat="54.4106328394264" lon="18.823739429935813">
        <ele>0.0</ele>
      </trkpt>
      <trkpt lat="54.41082361154258" lon="18.82391762919724">
        <ele>0.0</ele>
      </trkpt>
      <trkpt lat="54.410981526598334" lon="18.8240784779191">
        <ele>0.0</ele>
      </trkpt>
      <trkpt lat="54.41162978298962" lon="18.824793957173824">
        <ele>0.0</ele>
      </trkpt>
      <trkpt lat="54.41175299696624" lon="18.824861515313387">
        <ele>0.0</ele>
      </trkpt>
      <trkpt lat="54.41191887483001" lon="18.825004929676652">
        <ele>0.0</ele>
      </trkpt>
      <trkpt lat="54.41251994110644" lon="18.82552905008197">
        <ele>0.0</ele>
      </trkpt>
      <trkpt lat="54.412568639963865" lon="18.825593255460262">
        <ele>0.0</ele>
      </trkpt>
      <trkpt lat="54.412697553634644" lon="18.825793247669935">
        <ele>0.0</ele>
      </trkpt>
      <trkpt lat="54.41285714507103" lon="18.82593565620482">
        <ele>0.0</ele>
      </trkpt>
      <trkpt lat="54.41345812752843" lon="18.826587600633502">
        <ele>0.0</ele>
      </trkpt>
      <trkpt lat="54.413547897711396" lon="18.826666474342346">
        <ele>0.0</ele>
      </trkpt>
      <trkpt lat="54.41373439505696" lon="18.826845176517963">
        <ele>0.0</ele>
      </trkpt>
      <trkpt lat="54.41447367891669" lon="18.827431993559003">
        <ele>0.0</ele>
      </trkpt>
      <trkpt lat="54.41447116434574" lon="18.827651431784034">
        <ele>0.0</ele>
      </trkpt>
      <trkpt lat="54.41463880240917" lon="18.82777875289321">
        <ele>0.0</ele>
      </trkpt>
      <trkpt lat="54.41485572606325" lon="18.827915377914906">
        <ele>0.0</ele>
      </trkpt>
      <trkpt lat="54.41552552394569" lon="18.828428518027067">
        <ele>0.0</ele>
      </trkpt>
      <trkpt lat="54.415613282471895" lon="18.8288083858788">
        <ele>0.0</ele>
      </trkpt>
      <trkpt lat="54.4157599657774" lon="18.828940149396658">
        <ele>0.0</ele>
      </trkpt>
      <trkpt lat="54.41597621887922" lon="18.829183727502823">
        <ele>0.0</ele>
      </trkpt>
      <trkpt lat="54.416572423651814" lon="18.82971229031682">
        <ele>0.0</ele>
      </trkpt>
      <trkpt lat="54.41663931123912" lon="18.829803569242358">
        <ele>0.0</ele>
      </trkpt>
      <trkpt lat="54.41679194569588" lon="18.829958299174905">
        <ele>0.0</ele>
      </trkpt>
      <trkpt lat="54.41737750545144" lon="18.830628767609596">
        <ele>0.0</ele>
      </trkpt>
      <trkpt lat="54.417505245655775" lon="18.83073538541794">
        <ele>0.0</ele>
      </trkpt>
      <trkpt lat="54.41763298586011" lon="18.830847702920437">
        <ele>0.0</ele>
      </trkpt>
      <trkpt lat="54.41776248626411" lon="18.83095968514681">
        <ele>0.0</ele>
      </trkpt>
      <trkpt lat="54.418418956920505" lon="18.83151490241289">
        <ele>0.0</ele>
      </trkpt>
      <trkpt lat="54.418537728488445" lon="18.831605007871985">
        <ele>0.0</ele>
      </trkpt>
      <trkpt lat="54.418639820069075" lon="18.83167013525963">
        <ele>0.0</ele>
      </trkpt>
      <trkpt lat="54.41880142316222" lon="18.831880521029234">
        <ele>0.0</ele>
      </trkpt>
      <trkpt lat="54.419059501960874" lon="18.832502542063594">
        <ele>0.0</ele>
      </trkpt>
      <trkpt lat="54.41930375061929" lon="18.83251754567027">
        <ele>0.0</ele>
      </trkpt>
      <trkpt lat="54.419568283483386" lon="18.832645202055573">
        <ele>0.0</ele>
      </trkpt>
      <trkpt lat="54.41977967508137" lon="18.83280823007226">
        <ele>0.0</ele>
      </trkpt>
      <trkpt lat="54.42050085403025" lon="18.833416420966387">
        <ele>0.0</ele>
      </trkpt>
      <trkpt lat="54.42057243548334" lon="18.833486326038837">
        <ele>0.0</ele>
      </trkpt>
      <trkpt lat="54.42068106494844" lon="18.83360618725419">
        <ele>0.0</ele>
      </trkpt>
      <trkpt lat="54.42080478183925" lon="18.83375664241612">
        <ele>0.0</ele>
      </trkpt>
      <trkpt lat="54.421389335766435" lon="18.83431320078671">
        <ele>0.0</ele>
      </trkpt>
      <trkpt lat="54.42152822390199" lon="18.83446952328086">
        <ele>0.0</ele>
      </trkpt>
      <trkpt lat="54.42169728688896" lon="18.83463280275464">
        <ele>0.0</ele>
      </trkpt>
      <trkpt lat="54.422417879104614" lon="18.835312742739916">
        <ele>0.0</ele>
      </trkpt>
      <trkpt lat="54.42244897596538" lon="18.835341911762953">
        <ele>0.0</ele>
      </trkpt>
      <trkpt lat="54.422581074759364" lon="18.83548339828849">
        <ele>0.0</ele>
      </trkpt>
      <trkpt lat="54.4228829909116" lon="18.835847843438387">
        <ele>0.0</ele>
      </trkpt>
      <trkpt lat="54.42340216599405" lon="18.836410604417324">
        <ele>0.0</ele>
      </trkpt>
      <trkpt lat="54.42350098863244" lon="18.836537757888436">
        <ele>0.0</ele>
      </trkpt>
      <trkpt lat="54.42370416596532" lon="18.836651081219316">
        <ele>0.0</ele>
      </trkpt>
      <trkpt lat="54.424515115097165" lon="18.837362956255674">
        <ele>0.0</ele>
      </trkpt>
      <trkpt lat="54.42454420030117" lon="18.837389275431633">
        <ele>0.0</ele>
      </trkpt>
      <trkpt lat="54.42466255277395" lon="18.837484661489725">
        <ele>0.0</ele>
      </trkpt>
      <trkpt lat="54.42476439289749" lon="18.837624974548817">
        <ele>0.0</ele>
      </trkpt>
      <trkpt lat="54.42496354691684" lon="18.837749026715755">
        <ele>0.0</ele>
      </trkpt>
      <trkpt lat="54.42555413581431" lon="18.83826225064695">
        <ele>0.0</ele>
      </trkpt>
      <trkpt lat="54.42572856321931" lon="18.83845377713442">
        <ele>0.0</ele>
      </trkpt>
      <trkpt lat="54.42633222788572" lon="18.839242598041892">
        <ele>0.0</ele>
      </trkpt>
      <trkpt lat="54.42663154564798" lon="18.838371131569147">
        <ele>0.0</ele>
      </trkpt>
      <trkpt lat="54.42670195363462" lon="18.839318118989468">
        <ele>0.0</ele>
      </trkpt>
      <trkpt lat="54.42683053202927" lon="18.839378049597144">
        <ele>0.0</ele>
      </trkpt>
      <trkpt lat="54.427511813119054" lon="18.83988155052066">
        <ele>0.0</ele>
      </trkpt>
      <trkpt lat="54.427675595507026" lon="18.839976601302624">
        <ele>0.0</ele>
      </trkpt>
      <trkpt lat="54.42782093770802" lon="18.840116914361715">
        <ele>0.0</ele>
      </trkpt>
      <trkpt lat="54.428676813840866" lon="18.840738516300917">
        <ele>0.0</ele>
      </trkpt>
      <trkpt lat="54.428760297596455" lon="18.84080749936402">
        <ele>0.0</ele>
      </trkpt>
      <trkpt lat="54.42899205721915" lon="18.84091218933463">
        <ele>0.0</ele>
      </trkpt>
      <trkpt lat="54.429782554507256" lon="18.841448295861483">
        <ele>0.0</ele>
      </trkpt>
      <trkpt lat="54.429803509265184" lon="18.841453325003386">
        <ele>0.0</ele>
      </trkpt>
      <trkpt lat="54.43000668659806" lon="18.841570168733597">
        <ele>0.0</ele>
      </trkpt>
      <trkpt lat="54.43017742596567" lon="18.841671338304877">
        <ele>0.0</ele>
      </trkpt>
      <trkpt lat="54.430987453088164" lon="18.84203016757965">
        <ele>0.0</ele>
      </trkpt>
      <trkpt lat="54.43103263154626" lon="18.842077357694507">
        <ele>0.0</ele>
      </trkpt>
      <trkpt lat="54.431218123063445" lon="18.842185232788324">
        <ele>0.0</ele>
      </trkpt>
      <trkpt lat="54.4313810672611" lon="18.84231154806912">
        <ele>0.0</ele>
      </trkpt>
      <trkpt lat="54.43202647380531" lon="18.842796692624688">
        <ele>0.0</ele>
      </trkpt>
      <trkpt lat="54.432098641991615" lon="18.84283491410315">
        <ele>0.0</ele>
      </trkpt>
      <trkpt lat="54.43225001916289" lon="18.842942789196968">
        <ele>0.0</ele>
      </trkpt>
      <trkpt lat="54.433075888082385" lon="18.843518877401948">
        <ele>0.0</ele>
      </trkpt>
      <trkpt lat="54.43323547951877" lon="18.84362256154418">
        <ele>0.0</ele>
      </trkpt>
      <trkpt lat="54.433361208066344" lon="18.843707805499434">
        <ele>0.0</ele>
      </trkpt>
      <trkpt lat="54.43397811613977" lon="18.844328485429287">
        <ele>0.0</ele>
      </trkpt>
      <trkpt lat="54.43416955880821" lon="18.844506097957492">
        <ele>0.0</ele>
      </trkpt>
      <trkpt lat="54.43429511971772" lon="18.844511127099395">
        <ele>0.0</ele>
      </trkpt>
      <trkpt lat="54.434435935691" lon="18.84461112320423">
        <ele>0.0</ele>
      </trkpt>
      <trkpt lat="54.435411086305976" lon="18.84537530131638">
        <ele>0.0</ele>
      </trkpt>
      <trkpt lat="54.43551971577108" lon="18.845407152548432">
        <ele>0.0</ele>
      </trkpt>
      <trkpt lat="54.43647709675133" lon="18.845926830545068">
        <ele>0.0</ele>
      </trkpt>
      <trkpt lat="54.43649469874799" lon="18.84594510309398">
        <ele>0.0</ele>
      </trkpt>
      <trkpt lat="54.43663224577904" lon="18.84605649858713">
        <ele>0.0</ele>
      </trkpt>
      <trkpt lat="54.43676786497235" lon="18.846164792776108">
        <ele>0.0</ele>
      </trkpt>
      <trkpt lat="54.43762290291488" lon="18.846760243177414">
        <ele>0.0</ele>
      </trkpt>
      <trkpt lat="54.43772289901972" lon="18.84681086987257">
        <ele>0.0</ele>
      </trkpt>
      <trkpt lat="54.438559748232365" lon="18.84741285815835">
        <ele>0.0</ele>
      </trkpt>
      <trkpt lat="54.43858296610415" lon="18.84741830639541">
        <ele>0.0</ele>
      </trkpt>
      <trkpt lat="54.438758147880435" lon="18.84751888923347">
        <ele>0.0</ele>
      </trkpt>
      <trkpt lat="54.438924277201295" lon="18.847592566162348">
        <ele>0.0</ele>
      </trkpt>
      <trkpt lat="54.43956566043198" lon="18.847927758470178">
        <ele>0.0</ele>
      </trkpt>
      <trkpt lat="54.43967864848673" lon="18.847979893907905">
        <ele>0.0</ele>
      </trkpt>
      <trkpt lat="54.43990923464298" lon="18.848078548908234">
        <ele>0.0</ele>
      </trkpt>
      <trkpt lat="54.44111639633775" lon="18.848963091149926">
        <ele>0.0</ele>
      </trkpt>
      <trkpt lat="54.441934721544385" lon="18.84923793375492">
        <ele>0.0</ele>
      </trkpt>
      <trkpt lat="54.441967913880944" lon="18.849265007302165">
        <ele>0.0</ele>
      </trkpt>
      <trkpt lat="54.44211325608194" lon="18.849382353946567">
        <ele>0.0</ele>
      </trkpt>
      <trkpt lat="54.44232204928994" lon="18.84947690181434">
        <ele>0.0</ele>
      </trkpt>
      <trkpt lat="54.44297810085118" lon="18.84976616129279">
        <ele>0.0</ele>
      </trkpt>
      <trkpt lat="54.443034678697586" lon="18.849844364449382">
        <ele>0.0</ele>
      </trkpt>
      <trkpt lat="54.44317960180342" lon="18.84997428394854">
        <ele>0.0</ele>
      </trkpt>
      <trkpt lat="54.443348329514265" lon="18.850155416876078">
        <ele>0.0</ele>
      </trkpt>
      <trkpt lat="54.44403522647917" lon="18.85072136297822">
        <ele>0.0</ele>
      </trkpt>
      <trkpt lat="54.44413949735463" lon="18.850814821198583">
        <ele>0.0</ele>
      </trkpt>
      <trkpt lat="54.444302106276155" lon="18.85097198188305">
        <ele>0.0</ele>
      </trkpt>
      <trkpt lat="54.44507449865341" lon="18.851429047062993">
        <ele>0.0</ele>
      </trkpt>
      <trkpt lat="54.445098051801324" lon="18.851427035406232">
        <ele>0.0</ele>
      </trkpt>
      <trkpt lat="54.445309191942215" lon="18.851528372615576">
        <ele>0.0</ele>
      </trkpt>
      <trkpt lat="54.44546962156892" lon="18.851607497781515">
        <ele>0.0</ele>
      </trkpt>
      <trkpt lat="54.44618359208107" lon="18.85192098096013">
        <ele>0.0</ele>
      </trkpt>
      <trkpt lat="54.446244947612286" lon="18.85196439921856">
        <ele>0.0</ele>
      </trkpt>
      <trkpt lat="54.44643295370042" lon="18.852054504677653">
        <ele>0.0</ele>
      </trkpt>
      <trkpt lat="54.44717357866466" lon="18.852577535435557">
        <ele>0.0</ele>
      </trkpt>
      <trkpt lat="54.4472648575902" lon="18.852618355304003">
        <ele>0.0</ele>
      </trkpt>
      <trkpt lat="54.447351694107056" lon="18.852733271196485">
        <ele>0.0</ele>
      </trkpt>
      <trkpt lat="54.44829599931836" lon="18.853423604741693">
        <ele>0.0</ele>
      </trkpt>
      <trkpt lat="54.44839951582253" lon="18.853482864797115">
        <ele>0.0</ele>
      </trkpt>
      <trkpt lat="54.44914600811899" lon="18.85396247729659">
        <ele>0.0</ele>
      </trkpt>
      <trkpt lat="54.44916905835271" lon="18.85397613979876">
        <ele>0.0</ele>
      </trkpt>
      <trkpt lat="54.449350107461214" lon="18.85404596105218">
        <ele>0.0</ele>
      </trkpt>
      <trkpt lat="54.449518248438835" lon="18.85412617586553">
        <ele>0.0</ele>
      </trkpt>
      <trkpt lat="54.45022568106651" lon="18.854616014286876">
        <ele>0.0</ele>
      </trkpt>
      <trkpt lat="54.45027521811426" lon="18.85465532541275">
        <ele>0.0</ele>
      </trkpt>
      <trkpt lat="54.45047470740974" lon="18.85476470924914">
        <ele>0.0</ele>
      </trkpt>
      <trkpt lat="54.45132153108716" lon="18.855200735852122">
        <ele>0.0</ele>
      </trkpt>
      <trkpt lat="54.45135489106178" lon="18.855226803570986">
        <ele>0.0</ele>
      </trkpt>
      <trkpt lat="54.45153208449483" lon="18.855375749990344">
        <ele>0.0</ele>
      </trkpt>
      <trkpt lat="54.45172562263906" lon="18.855497119948268">
        <ele>0.0</ele>
      </trkpt>
      <trkpt lat="54.452451495453715" lon="18.85587489232421">
        <ele>0.0</ele>
      </trkpt>
      <trkpt lat="54.452568758279085" lon="18.85591051541269">
        <ele>0.0</ele>
      </trkpt>
      <trkpt lat="54.45275408215821" lon="18.85600439272821">
        <ele>0.0</ele>
      </trkpt>
      <trkpt lat="54.45364491082728" lon="18.85652775876224">
        <ele>0.0</ele>
      </trkpt>
      <trkpt lat="54.45367097854614" lon="18.85653899051249">
        <ele>0.0</ele>
      </trkpt>
      <trkpt lat="54.45389335043728" lon="18.85659464634955">
        <ele>0.0</ele>
      </trkpt>
      <trkpt lat="54.45410951972008" lon="18.856751723214984">
        <ele>0.0</ele>
      </trkpt>
      <trkpt lat="54.45482357405126" lon="18.857130501419306">
        <ele>0.0</ele>
      </trkpt>
      <trkpt lat="54.45493379607797" lon="18.857207112014294">
        <ele>0.0</ele>
      </trkpt>
      <trkpt lat="54.45507125928998" lon="18.857251284644008">
        <ele>0.0</ele>
      </trkpt>
      <trkpt lat="54.455682802945375" lon="18.85773366317153">
        <ele>0.0</ele>
      </trkpt>
      <trkpt lat="54.455738458782434" lon="18.857732489705086">
        <ele>0.0</ele>
      </trkpt>
      <trkpt lat="54.4558974634856" lon="18.857797952368855">
        <ele>0.0</ele>
      </trkpt>
      <trkpt lat="54.456072226166725" lon="18.85790222324431">
        <ele>0.0</ele>
      </trkpt>
      <trkpt lat="54.45689490996301" lon="18.858414944261312">
        <ele>0.0</ele>
      </trkpt>
      <trkpt lat="54.45693866349757" lon="18.85841192677617">
        <ele>0.0</ele>
      </trkpt>
      <trkpt lat="54.457629499956965" lon="18.858784418553114">
        <ele>0.0</ele>
      </trkpt>
      <trkpt lat="54.4578175060451" lon="18.858868405222893">
        <ele>0.0</ele>
      </trkpt>
      <trkpt lat="54.45796041749418" lon="18.85892883874476">
        <ele>0.0</ele>
      </trkpt>
      <trkpt lat="54.45881327614188" lon="18.85927283205092">
        <ele>0.0</ele>
      </trkpt>
      <trkpt lat="54.45892358198762" lon="18.859328320249915">
        <ele>0.0</ele>
      </trkpt>
      <trkpt lat="54.45913807488978" lon="18.85943016037345">
        <ele>0.0</ele>
      </trkpt>
      <trkpt lat="54.459924045950174" lon="18.85978396050632">
        <ele>0.0</ele>
      </trkpt>
      <trkpt lat="54.459955897182226" lon="18.859795108437538">
        <ele>0.0</ele>
      </trkpt>
      <trkpt lat="54.46011196821928" lon="18.859875239431858">
        <ele>0.0</ele>
      </trkpt>
      <trkpt lat="54.46026301011443" lon="18.859937097877264">
        <ele>0.0</ele>
      </trkpt>
      <trkpt lat="54.46092409081757" lon="18.86032283306122">
        <ele>0.0</ele>
      </trkpt>
      <trkpt lat="54.46093565784395" lon="18.860329035669565">
        <ele>0.0</ele>
      </trkpt>
      <trkpt lat="54.461069433018565" lon="18.860370693728328">
        <ele>0.0</ele>
      </trkpt>
      <trkpt lat="54.46119432337582" lon="18.860426181927323">
        <ele>0.0</ele>
      </trkpt>
      <trkpt lat="54.46182212792337" lon="18.860999420285225">
        <ele>0.0</ele>
      </trkpt>
      <trkpt lat="54.46188264526427" lon="18.86105440557003">
        <ele>0.0</ele>
      </trkpt>
      <trkpt lat="54.46205916814506" lon="18.86119421571493">
        <ele>0.0</ele>
      </trkpt>
      <trkpt lat="54.462320264428854" lon="18.861353723332286">
        <ele>0.0</ele>
      </trkpt>
      <trkpt lat="54.4628965202719" lon="18.861683048307896">
        <ele>0.0</ele>
      </trkpt>
      <trkpt lat="54.46307840757072" lon="18.861792013049126">
        <ele>0.0</ele>
      </trkpt>
      <trkpt lat="54.46326222270727" lon="18.861861247569323">
        <ele>0.0</ele>
      </trkpt>
      <trkpt lat="54.46396387182176" lon="18.86221630498767">
        <ele>0.0</ele>
      </trkpt>
      <trkpt lat="54.46402522735298" lon="18.862273721024394">
        <ele>0.0</ele>
      </trkpt>
      <trkpt lat="54.46419848129153" lon="18.862397270277143">
        <ele>0.0</ele>
      </trkpt>
      <trkpt lat="54.465028289705515" lon="18.862768672406673">
        <ele>0.0</ele>
      </trkpt>
      <trkpt lat="54.46512904018164" lon="18.862831285223365">
        <ele>0.0</ele>
      </trkpt>
      <trkpt lat="54.46527471765876" lon="18.86294536292553">
        <ele>0.0</ele>
      </trkpt>
      <trkpt lat="54.46859193965793" lon="18.86494092643261">
        <ele>0.0</ele>
      </trkpt>
      <trkpt lat="54.46880458854139" lon="18.865063302218914">
        <ele>0.0</ele>
      </trkpt>
      <trkpt lat="54.46903710253537" lon="18.86518768966198">
        <ele>0.0</ele>
      </trkpt>
      <trkpt lat="54.46973321959376" lon="18.86570426635444">
        <ele>0.0</ele>
      </trkpt>
      <trkpt lat="54.469803711399436" lon="18.86574910953641">
        <ele>0.0</ele>
      </trkpt>
      <trkpt lat="54.46998124010861" lon="18.865869641304016">
        <ele>0.0</ele>
      </trkpt>
      <trkpt lat="54.47082018479705" lon="18.866375824436545">
        <ele>0.0</ele>
      </trkpt>
      <trkpt lat="54.47095940820873" lon="18.866483699530363">
        <ele>0.0</ele>
      </trkpt>
      <trkpt lat="54.47111916728318" lon="18.86659014970064">
        <ele>0.0</ele>
      </trkpt>
      <trkpt lat="54.47188267484307" lon="18.86707529425621">
        <ele>0.0</ele>
      </trkpt>
      <trkpt lat="54.47201058268547" lon="18.867145283147693">
        <ele>0.0</ele>
      </trkpt>
      <trkpt lat="54.472175957635045" lon="18.867274532094598">
        <ele>0.0</ele>
      </trkpt>
      <trkpt lat="54.47293125092983" lon="18.867849949747324">
        <ele>0.0</ele>
      </trkpt>
      <trkpt lat="54.47307340800762" lon="18.86794935911894">
        <ele>0.0</ele>
      </trkpt>
      <trkpt lat="54.473300809040666" lon="18.868090510368347">
        <ele>0.0</ele>
      </trkpt>
      <trkpt lat="54.474151907488704" lon="18.868566686287522">
        <ele>0.0</ele>
      </trkpt>
      <trkpt lat="54.474162217229605" lon="18.8685851264745">
        <ele>0.0</ele>
      </trkpt>
      <trkpt lat="54.47433019056916" lon="18.868680261075497">
        <ele>0.0</ele>
      </trkpt>
      <trkpt lat="54.47448433376849" lon="18.868761733174324">
        <ele>0.0</ele>
      </trkpt>
      <trkpt lat="54.47509931400418" lon="18.869170686230063">
        <ele>0.0</ele>
      </trkpt>
      <trkpt lat="54.475243985652924" lon="18.86926481500268">
        <ele>0.0</ele>
      </trkpt>
      <trkpt lat="54.47546568699181" lon="18.869415605440736">
        <ele>0.0</ele>
      </trkpt>
      <trkpt lat="54.47640865109861" lon="18.86990586295724">
        <ele>0.0</ele>
      </trkpt>
      <trkpt lat="54.476495906710625" lon="18.869918016716838">
        <ele>0.0</ele>
      </trkpt>
      <trkpt lat="54.476658599451184" lon="18.870003931224346">
        <ele>0.0</ele>
      </trkpt>
      <trkpt lat="54.477400314062834" lon="18.870315151289105">
        <ele>0.0</ele>
      </trkpt>
      <trkpt lat="54.477448258548975" lon="18.87041070498526">
        <ele>0.0</ele>
      </trkpt>
      <trkpt lat="54.47759502567351" lon="18.870526123791933">
        <ele>0.0</ele>
      </trkpt>
      <trkpt lat="54.47778604924679" lon="18.870643135160208">
        <ele>0.0</ele>
      </trkpt>
      <trkpt lat="54.47844235226512" lon="18.870959216728806">
        <ele>0.0</ele>
      </trkpt>
      <trkpt lat="54.478517873212695" lon="18.871005568653345">
        <ele>0.0</ele>
      </trkpt>
      <trkpt lat="54.47868819348514" lon="18.871132135391235">
        <ele>0.0</ele>
      </trkpt>
      <trkpt lat="54.479550272226334" lon="18.871629098430276">
        <ele>0.0</ele>
      </trkpt>
      <trkpt lat="54.47969569824636" lon="18.87170017696917">
        <ele>0.0</ele>
      </trkpt>
      <trkpt lat="54.479842046275735" lon="18.871828503906727">
        <ele>0.0</ele>
      </trkpt>
      <trkpt lat="54.48052793741226" lon="18.872329238802195">
        <ele>0.0</ele>
      </trkpt>
      <trkpt lat="54.48057118803263" lon="18.872329154983163">
        <ele>0.0</ele>
      </trkpt>
      <trkpt lat="54.48076221160591" lon="18.872381038963795">
        <ele>0.0</ele>
      </trkpt>
      <trkpt lat="54.481472577899694" lon="18.872836343944073">
        <ele>0.0</ele>
      </trkpt>
      <trkpt lat="54.481726717203856" lon="18.872977327555418">
        <ele>0.0</ele>
      </trkpt>
      <trkpt lat="54.48262902908027" lon="18.873483259230852">
        <ele>0.0</ele>
      </trkpt>
      <trkpt lat="54.48264713399112" lon="18.87350220233202">
        <ele>0.0</ele>
      </trkpt>
      <trkpt lat="54.48282105848193" lon="18.873687777668238">
        <ele>0.0</ele>
      </trkpt>
      <trkpt lat="54.48301023803651" lon="18.873849464580417">
        <ele>0.0</ele>
      </trkpt>
      <trkpt lat="54.48358532041311" lon="18.87425716035068">
        <ele>0.0</ele>
      </trkpt>
      <trkpt lat="54.48371431790292" lon="18.874323796480894">
        <ele>0.0</ele>
      </trkpt>
      <trkpt lat="54.4838828779757" lon="18.8744253013283">
        <ele>0.0</ele>
      </trkpt>
      <trkpt lat="54.484481597319245" lon="18.87476778589189">
        <ele>0.0</ele>
      </trkpt>
      <trkpt lat="54.48450179770589" lon="18.874793937429786">
        <ele>0.0</ele>
      </trkpt>
      <trkpt lat="54.48466985486448" lon="18.87497205287218">
        <ele>0.0</ele>
      </trkpt>
      <trkpt lat="54.48555381037295" lon="18.875703373923898">
        <ele>0.0</ele>
      </trkpt>
      <trkpt lat="54.48557392694056" lon="18.875720221549273">
        <ele>0.0</ele>
      </trkpt>
      <trkpt lat="54.485687585547566" lon="18.875812757760286">
        <ele>0.0</ele>
      </trkpt>
      <trkpt lat="54.48580753058195" lon="18.87594443745911">
        <ele>0.0</ele>
      </trkpt>
      <trkpt lat="54.48666583746672" lon="18.87643159367144">
        <ele>0.0</ele>
      </trkpt>
      <trkpt lat="54.486763905733824" lon="18.876590095460415">
        <ele>0.0</ele>
      </trkpt>
      <trkpt lat="54.48694696649909" lon="18.876797296106815">
        <ele>0.0</ele>
      </trkpt>
      <trkpt lat="54.487667474895716" lon="18.877366594970226">
        <ele>0.0</ele>
      </trkpt>
      <trkpt lat="54.4876941293478" lon="18.8774249330163">
        <ele>0.0</ele>
      </trkpt>
      <trkpt lat="54.487859420478344" lon="18.8775821775198">
        <ele>0.0</ele>
      </trkpt>
      <trkpt lat="54.488054467365146" lon="18.877708660438657">
        <ele>0.0</ele>
      </trkpt>
      <trkpt lat="54.48866358026862" lon="18.878251388669014">
        <ele>0.0</ele>
      </trkpt>
      <trkpt lat="54.48884194716811" lon="18.878322299569845">
        <ele>0.0</ele>
      </trkpt>
      <trkpt lat="54.48896759189665" lon="18.87842464260757">
        <ele>0.0</ele>
      </trkpt>
      <trkpt lat="54.48973277583718" lon="18.87903392314911">
        <ele>0.0</ele>
      </trkpt>
      <trkpt lat="54.48975012637675" lon="18.879038030281663">
        <ele>0.0</ele>
      </trkpt>
      <trkpt lat="54.4899738393724" lon="18.879172895103693">
        <ele>0.0</ele>
      </trkpt>
      <trkpt lat="54.4907886441797" lon="18.879793407395482">
        <ele>0.0</ele>
      </trkpt>
      <trkpt lat="54.49081873521209" lon="18.879804806783795">
        <ele>0.0</ele>
      </trkpt>
      <trkpt lat="54.49098545126617" lon="18.879962721839547">
        <ele>0.0</ele>
      </trkpt>
      <trkpt lat="54.49116759002209" lon="18.880100771784782">
        <ele>0.0</ele>
      </trkpt>
      <trkpt lat="54.49185783974826" lon="18.880562614649534">
        <ele>0.0</ele>
      </trkpt>
      <trkpt lat="54.49206965044141" lon="18.880695132538676">
        <ele>0.0</ele>
      </trkpt>
      <trkpt lat="54.492362178862095" lon="18.880868973210454">
        <ele>0.0</ele>
      </trkpt>
      <trkpt lat="54.49314437806606" lon="18.881313800811768">
        <ele>0.0</ele>
      </trkpt>
      <trkpt lat="54.49320673942566" lon="18.881394686177373">
        <ele>0.0</ele>
      </trkpt>
      <trkpt lat="54.49338301084936" lon="18.88165310025215">
        <ele>0.0</ele>
      </trkpt>
      <trkpt lat="54.49421809986234" lon="18.88237369246781">
        <ele>0.0</ele>
      </trkpt>
      <trkpt lat="54.494496965780854" lon="18.88248760253191">
        <ele>0.0</ele>
      </trkpt>
      <trkpt lat="54.495420986786485" lon="18.883092440664768">
        <ele>0.0</ele>
      </trkpt>
      <trkpt lat="54.495429787784815" lon="18.88326452113688">
        <ele>0.0</ele>
      </trkpt>
      <trkpt lat="54.495666325092316" lon="18.88335093855858">
        <ele>0.0</ele>
      </trkpt>
      <trkpt lat="54.49631919153035" lon="18.883844632655382">
        <ele>0.0</ele>
      </trkpt>
      <trkpt lat="54.49646168388426" lon="18.883946472778916">
        <ele>0.0</ele>
      </trkpt>
      <trkpt lat="54.49662948958576" lon="18.884081169962883">
        <ele>0.0</ele>
      </trkpt>
      <trkpt lat="54.49684808962047" lon="18.884240426123142">
        <ele>0.0</ele>
      </trkpt>
      <trkpt lat="54.49741914868355" lon="18.884672513231635">
        <ele>0.0</ele>
      </trkpt>
      <trkpt lat="54.49751696549356" lon="18.88482665643096">
        <ele>0.0</ele>
      </trkpt>
      <trkpt lat="54.49767965823412" lon="18.884971579536796">
        <ele>0.0</ele>
      </trkpt>
      <trkpt lat="54.49846923351288" lon="18.885640623047948">
        <ele>0.0</ele>
      </trkpt>
      <trkpt lat="54.498478285968304" lon="18.885639868676662">
        <ele>0.0</ele>
      </trkpt>
      <trkpt lat="54.49868188239634" lon="18.885757131502032">
        <ele>0.0</ele>
      </trkpt>
      <trkpt lat="54.49885597452521" lon="18.885884704068303">
        <ele>0.0</ele>
      </trkpt>
      <trkpt lat="54.49959182180464" lon="18.886373536661267">
        <ele>0.0</ele>
      </trkpt>
      <trkpt lat="54.4996577873826" lon="18.886442268267274">
        <ele>0.0</ele>
      </trkpt>
      <trkpt lat="54.49979843571782" lon="18.88661694712937">
        <ele>0.0</ele>
      </trkpt>
      <trkpt lat="54.500468485057354" lon="18.887225976213813">
        <ele>0.0</ele>
      </trkpt>
      <trkpt lat="54.50056320056319" lon="18.88733242638409">
        <ele>0.0</ele>
      </trkpt>
      <trkpt lat="54.500726982951164" lon="18.887484138831496">
        <ele>0.0</ele>
      </trkpt>
      <trkpt lat="54.500882886350155" lon="18.887678934261203">
        <ele>0.0</ele>
      </trkpt>
      <trkpt lat="54.50165972113609" lon="18.888227278366685">
        <ele>0.0</ele>
      </trkpt>
      <trkpt lat="54.501713616773486" lon="18.88830673880875">
        <ele>0.0</ele>
      </trkpt>
      <trkpt lat="54.501839177682996" lon="18.888464821502566">
        <ele>0.0</ele>
      </trkpt>
      <trkpt lat="54.502003379166126" lon="18.88861259445548">
        <ele>0.0</ele>
      </trkpt>
      <trkpt lat="54.50272363610566" lon="18.888971088454127">
        <ele>0.0</ele>
      </trkpt>
      <trkpt lat="54.502844670787454" lon="18.88918474316597">
        <ele>0.0</ele>
      </trkpt>
      <trkpt lat="54.50305799022317" lon="18.889400074258447">
        <ele>0.0</ele>
      </trkpt>
      <trkpt lat="54.503832310438156" lon="18.889927715063095">
        <ele>0.0</ele>
      </trkpt>
      <trkpt lat="54.50390380807221" lon="18.890055622905493">
        <ele>0.0</ele>
      </trkpt>
      <trkpt lat="54.5040544308722" lon="18.89020557515323">
        <ele>0.0</ele>
      </trkpt>
      <trkpt lat="54.50418887659907" lon="18.89030423015356">
        <ele>0.0</ele>
      </trkpt>
      <trkpt lat="54.50491324067116" lon="18.89090722426772">
        <ele>0.0</ele>
      </trkpt>
      <trkpt lat="54.504998652264476" lon="18.890941170975566">
        <ele>0.0</ele>
      </trkpt>
      <trkpt lat="54.505158830434084" lon="18.891018368303776">
        <ele>0.0</ele>
      </trkpt>
      <trkpt lat="54.50533811934292" lon="18.891205368563533">
        <ele>0.0</ele>
      </trkpt>
      <trkpt lat="54.505974473431706" lon="18.8917475938797">
        <ele>0.0</ele>
      </trkpt>
      <trkpt lat="54.506176644936204" lon="18.892033081501722">
        <ele>0.0</ele>
      </trkpt>
      <trkpt lat="54.50630170293152" lon="18.892147494480014">
        <ele>0.0</ele>
      </trkpt>
      <trkpt lat="54.50649733655155" lon="18.89234128408134">
        <ele>0.0</ele>
      </trkpt>
      <trkpt lat="54.50694325380027" lon="18.892814442515373">
        <ele>0.0</ele>
      </trkpt>
      <trkpt lat="54.507159255445" lon="18.89294620603323">
        <ele>0.0</ele>
      </trkpt>
      <trkpt lat="54.50730032287538" lon="18.892993815243244">
        <ele>0.0</ele>
      </trkpt>
      <trkpt lat="54.50746553018689" lon="18.893176037818193">
        <ele>0.0</ele>
      </trkpt>
      <trkpt lat="54.50808889232576" lon="18.893736116588116">
        <ele>0.0</ele>
      </trkpt>
      <trkpt lat="54.508169358596206" lon="18.893784815445542">
        <ele>0.0</ele>
      </trkpt>
      <trkpt lat="54.5083355717361" lon="18.893913812935352">
        <ele>0.0</ele>
      </trkpt>
      <trkpt lat="54.50917334295809" lon="18.89446098357439">
        <ele>0.0</ele>
      </trkpt>
      <trkpt lat="54.50920460745692" lon="18.89452929608524">
        <ele>0.0</ele>
      </trkpt>
      <trkpt lat="54.50943318195641" lon="18.894616970792413">
        <ele>0.0</ele>
      </trkpt>
      <trkpt lat="54.50963501818478" lon="18.894753344357014">
        <ele>0.0</ele>
      </trkpt>
      <trkpt lat="54.51040179468691" lon="18.89525114558637">
        <ele>0.0</ele>
      </trkpt>
      <trkpt lat="54.51048284769058" lon="18.895280733704567">
        <ele>0.0</ele>
      </trkpt>
      <trkpt lat="54.510629111900926" lon="18.895354913547635">
        <ele>0.0</ele>
      </trkpt>
      <trkpt lat="54.51146227307618" lon="18.895923038944602">
        <ele>0.0</ele>
      </trkpt>
      <trkpt lat="54.51169839128852" lon="18.896008785814047">
        <ele>0.0</ele>
      </trkpt>
      <trkpt lat="54.511829651892185" lon="18.89613300561905">
        <ele>0.0</ele>
      </trkpt>
      <trkpt lat="54.512546975165606" lon="18.896603984758258">
        <ele>0.0</ele>
      </trkpt>
      <trkpt lat="54.51260673813522" lon="18.896637931466103">
        <ele>0.0</ele>
      </trkpt>
      <trkpt lat="54.51281536370516" lon="18.896757792681456">
        <ele>0.0</ele>
      </trkpt>
      <trkpt lat="54.51307604089379" lon="18.896929118782282">
        <ele>0.0</ele>
      </trkpt>
      <trkpt lat="54.513734271749854" lon="18.89729892835021">
        <ele>0.0</ele>
      </trkpt>
      <trkpt lat="54.51377819292247" lon="18.897342514246702">
        <ele>0.0</ele>
      </trkpt>
      <trkpt lat="54.51395337469876" lon="18.897510655224323">
        <ele>0.0</ele>
      </trkpt>
      <trkpt lat="54.51422947458923" lon="18.8976932130754">
        <ele>0.0</ele>
      </trkpt>
      <trkpt lat="54.51493456028402" lon="18.89822739176452">
        <ele>0.0</ele>
      </trkpt>
      <trkpt lat="54.51504704542458" lon="18.898309031501412">
        <ele>0.0</ele>
      </trkpt>
      <trkpt lat="54.51526656746864" lon="18.898509526625276">
        <ele>0.0</ele>
      </trkpt>
      <trkpt lat="54.51617315411568" lon="18.8992075715214">
        <ele>0.0</ele>
      </trkpt>
      <trkpt lat="54.51619243249297" lon="18.899215618148446">
        <ele>0.0</ele>
      </trkpt>
      <trkpt lat="54.51634531840682" lon="18.89932768419385">
        <ele>0.0</ele>
      </trkpt>
      <trkpt lat="54.51657020486891" lon="18.899427764117718">
        <ele>0.0</ele>
      </trkpt>
      <trkpt lat="54.51739775016904" lon="18.90008943155408">
        <ele>0.0</ele>
      </trkpt>
      <trkpt lat="54.517495818436146" lon="18.90013343654573">
        <ele>0.0</ele>
      </trkpt>
      <trkpt lat="54.51767385005951" lon="18.900203593075275">
        <ele>0.0</ele>
      </trkpt>
      <trkpt lat="54.517801674082875" lon="18.900341223925352">
        <ele>0.0</ele>
      </trkpt>
      <trkpt lat="54.518396370112896" lon="18.90096751973033">
        <ele>0.0</ele>
      </trkpt>
      <trkpt lat="54.51861874200404" lon="18.901109090074897">
        <ele>0.0</ele>
      </trkpt>
      <trkpt lat="54.51880456879735" lon="18.901267927139997">
        <ele>0.0</ele>
      </trkpt>
      <trkpt lat="54.51902685686946" lon="18.901396673172712">
        <ele>0.0</ele>
      </trkpt>
      <trkpt lat="54.519835878163576" lon="18.901838399469852">
        <ele>0.0</ele>
      </trkpt>
      <trkpt lat="54.5200021751225" lon="18.901820546016097">
        <ele>0.0</ele>
      </trkpt>
      <trkpt lat="54.52023041434586" lon="18.90204065479338">
        <ele>0.0</ele>
      </trkpt>
      <trkpt lat="54.52041221782565" lon="18.90216520987451">
        <ele>0.0</ele>
      </trkpt>
      <trkpt lat="54.52118226327002" lon="18.90265873633325">
        <ele>0.0</ele>
      </trkpt>
      <trkpt lat="54.52127010561526" lon="18.90274817124009">
        <ele>0.0</ele>
      </trkpt>
      <trkpt lat="54.52149599790573" lon="18.902874486520886">
        <ele>0.0</ele>
      </trkpt>
      <trkpt lat="54.5217342954129" lon="18.903014212846756">
        <ele>0.0</ele>
      </trkpt>
      <trkpt lat="54.52229303307831" lon="18.903414783999324">
        <ele>0.0</ele>
      </trkpt>
      <trkpt lat="54.522450948134065" lon="18.903463650494814">
        <ele>0.0</ele>
      </trkpt>
      <trkpt lat="54.52262328006327" lon="18.90352014452219">
        <ele>0.0</ele>
      </trkpt>
      <trkpt lat="54.5228651817888" lon="18.903726674616337">
        <ele>0.0</ele>
      </trkpt>
      <trkpt lat="54.52353053726256" lon="18.904230929911137">
        <ele>0.0</ele>
      </trkpt>
      <trkpt lat="54.52364830300212" lon="18.904385408386588">
        <ele>0.0</ele>
      </trkpt>
      <trkpt lat="54.52378953807056" lon="18.904516585171223">
        <ele>0.0</ele>
      </trkpt>
      <trkpt lat="54.523925576359034" lon="18.904630579054356">
        <ele>0.0</ele>
      </trkpt>
      <trkpt lat="54.52445707283914" lon="18.905203146860003">
        <ele>0.0</ele>
      </trkpt>
      <trkpt lat="54.52460275031626" lon="18.905377238988876">
        <ele>0.0</ele>
      </trkpt>
      <trkpt lat="54.52477902173996" lon="18.905537836253643">
        <ele>0.0</ele>
      </trkpt>
      <trkpt lat="54.52502536587417" lon="18.905757777392864">
        <ele>0.0</ele>
      </trkpt>
      <trkpt lat="54.52558418735862" lon="18.906377954408526">
        <ele>0.0</ele>
      </trkpt>
      <trkpt lat="54.5257284399122" lon="18.906351970508695">
        <ele>0.0</ele>
      </trkpt>
      <trkpt lat="54.52594242990017" lon="18.9065623562783">
        <ele>0.0</ele>
      </trkpt>
      <trkpt lat="54.52665296383202" lon="18.907290659844875">
        <ele>0.0</ele>
      </trkpt>
      <trkpt lat="54.52676041983068" lon="18.907232070341706">
        <ele>0.0</ele>
      </trkpt>
      <trkpt lat="54.5268973801285" lon="18.907383363693953">
        <ele>0.0</ele>
      </trkpt>
      <trkpt lat="54.52711941674352" lon="18.907600454986095">
        <ele>0.0</ele>
      </trkpt>
      <trkpt lat="54.5278958324343" lon="18.90833370387554">
        <ele>0.0</ele>
      </trkpt>
      <trkpt lat="54.52799138613045" lon="18.9083927962929">
        <ele>0.0</ele>
      </trkpt>
      <trkpt lat="54.528149385005236" lon="18.908511316403747">
        <ele>0.0</ele>
      </trkpt>
      <trkpt lat="54.52831760980189" lon="18.908636290580034">
        <ele>0.0</ele>
      </trkpt>
      <trkpt lat="54.528995621949434" lon="18.909283122047782">
        <ele>0.0</ele>
      </trkpt>
      <trkpt lat="54.529064521193504" lon="18.909400636330247">
        <ele>0.0</ele>
      </trkpt>
      <trkpt lat="54.52923542819917" lon="18.909561401233077">
        <ele>0.0</ele>
      </trkpt>
      <trkpt lat="54.52998485416174" lon="18.910309737548232">
        <ele>0.0</ele>
      </trkpt>
      <trkpt lat="54.53010161407292" lon="18.9104185346514">
        <ele>0.0</ele>
      </trkpt>
      <trkpt lat="54.530239244922996" lon="18.910460947081447">
        <ele>0.0</ele>
      </trkpt>
      <trkpt lat="54.53037855215371" lon="18.9105739351362">
        <ele>0.0</ele>
      </trkpt>
      <trkpt lat="54.53096662648022" lon="18.91098733060062">
        <ele>0.0</ele>
      </trkpt>
      <trkpt lat="54.53113719820976" lon="18.91120526008308">
        <ele>0.0</ele>
      </trkpt>
      <trkpt lat="54.53128857538104" lon="18.9113284740597">
        <ele>0.0</ele>
      </trkpt>
      <trkpt lat="54.53224025666714" lon="18.91213565133512">
        <ele>0.0</ele>
      </trkpt>
      <trkpt lat="54.53237344510853" lon="18.912217877805233">
        <ele>0.0</ele>
      </trkpt>
      <trkpt lat="54.53248668462038" lon="18.912340505048633">
        <ele>0.0</ele>
      </trkpt>
      <trkpt lat="54.533181712031364" lon="18.912941487506032">
        <ele>0.0</ele>
      </trkpt>
      <trkpt lat="54.5333025790751" lon="18.91326821409166">
        <ele>0.0</ele>
      </trkpt>
      <trkpt lat="54.533550180494785" lon="18.91344021074474">
        <ele>0.0</ele>
      </trkpt>
      <trkpt lat="54.5345304440707" lon="18.914409829303622">
        <ele>0.0</ele>
      </trkpt>
      <trkpt lat="54.53468366526067" lon="18.9145231526345">
        <ele>0.0</ele>
      </trkpt>
      <trkpt lat="54.534889943897724" lon="18.91470193862915">
        <ele>0.0</ele>
      </trkpt>
      <trkpt lat="54.53566015698016" lon="18.915413226932287">
        <ele>0.0</ele>
      </trkpt>
      <trkpt lat="54.53573349863291" lon="18.915402833372355">
        <ele>0.0</ele>
      </trkpt>
      <trkpt lat="54.535899544134736" lon="18.915473157539964">
        <ele>0.0</ele>
      </trkpt>
      <trkpt lat="54.53608939424157" lon="18.915615314617753">
        <ele>0.0</ele>
      </trkpt>
      <trkpt lat="54.53684217296541" lon="18.91617220826447">
        <ele>0.0</ele>
      </trkpt>
      <trkpt lat="54.53688198700547" lon="18.91619425266981">
        <ele>0.0</ele>
      </trkpt>
      <trkpt lat="54.53704476356506" lon="18.91630070284009">
        <ele>0.0</ele>
      </trkpt>
      <trkpt lat="54.53765798360109" lon="18.917027581483126">
        <ele>0.0</ele>
      </trkpt>
      <trkpt lat="54.537819251418114" lon="18.917103353887796">
        <ele>0.0</ele>
      </trkpt>
      <trkpt lat="54.537973226979375" lon="18.917168816551566">
        <ele>0.0</ele>
      </trkpt>
      <trkpt lat="54.538573203608394" lon="18.917741300538182">
        <ele>0.0</ele>
      </trkpt>
      <trkpt lat="54.538637241348624" lon="18.91777046956122">
        <ele>0.0</ele>
      </trkpt>
      <trkpt lat="54.53888291493058" lon="18.917852947488427">
        <ele>0.0</ele>
      </trkpt>
      <trkpt lat="54.5394828915596" lon="18.918508160859346">
        <ele>0.0</ele>
      </trkpt>
      <trkpt lat="54.53953854739666" lon="18.91854839399457">
        <ele>0.0</ele>
      </trkpt>
      <trkpt lat="54.53972412273288" lon="18.91866515390575">
        <ele>0.0</ele>
      </trkpt>
      <trkpt lat="54.5404604729265" lon="18.919416004791856">
        <ele>0.0</ele>
      </trkpt>
      <trkpt lat="54.54050892032683" lon="18.919422291219234">
        <ele>0.0</ele>
      </trkpt>
      <trkpt lat="54.540689047425985" lon="18.919472247362137">
        <ele>0.0</ele>
      </trkpt>
      <trkpt lat="54.540864396840334" lon="18.919556736946106">
        <ele>0.0</ele>
      </trkpt>
      <trkpt lat="54.54143981449306" lon="18.92022687010467">
        <ele>0.0</ele>
      </trkpt>
      <trkpt lat="54.54151567071676" lon="18.920232066884637">
        <ele>0.0</ele>
      </trkpt>
      <trkpt lat="54.54169227741659" lon="18.92026936635375">
        <ele>0.0</ele>
      </trkpt>
      <trkpt lat="54.54244094900787" lon="18.920776220038533">
        <ele>0.0</ele>
      </trkpt>
      <trkpt lat="54.54244203865528" lon="18.9207951631397">
        <ele>0.0</ele>
      </trkpt>
      <trkpt lat="54.54259752295911" lon="18.920925334095955">
        <ele>0.0</ele>
      </trkpt>
      <trkpt lat="54.5433166064322" lon="18.92131215892732">
        <ele>0.0</ele>
      </trkpt>
      <trkpt lat="54.54333286732435" lon="18.921442329883575">
        <ele>0.0</ele>
      </trkpt>
      <trkpt lat="54.543529925867915" lon="18.921677945181727">
        <ele>0.0</ele>
      </trkpt>
      <trkpt lat="54.54501461237669" lon="18.921652799472213">
        <ele>0.0</ele>
      </trkpt>
      <trkpt lat="54.54509390518069" lon="18.921608375385404">
        <ele>0.0</ele>
      </trkpt>
      <trkpt lat="54.54580083489418" lon="18.922143476083875">
        <ele>0.0</ele>
      </trkpt>
      <trkpt lat="54.545819191262126" lon="18.92215403728187">
        <ele>0.0</ele>
      </trkpt>
      <trkpt lat="54.54581608995795" lon="18.922295607626438">
        <ele>0.0</ele>
      </trkpt>
      <trkpt lat="54.54590971581638" lon="18.922495935112238">
        <ele>0.0</ele>
      </trkpt>
      <trkpt lat="54.54609822481871" lon="18.922916371375322">
        <ele>0.0</ele>
      </trkpt>
      <trkpt lat="54.54616921953857" lon="18.923002453520894">
        <ele>0.0</ele>
      </trkpt>
      <trkpt lat="54.54628991894424" lon="18.923332868143916">
        <ele>0.0</ele>
      </trkpt>
      <trkpt lat="54.54645412042737" lon="18.923622714355588">
        <ele>0.0</ele>
      </trkpt>
      <trkpt lat="54.546549590304494" lon="18.923893701285124">
        <ele>0.0</ele>
      </trkpt>
      <trkpt lat="54.54672871157527" lon="18.924085227772593">
        <ele>0.0</ele>
      </trkpt>
      <trkpt lat="54.546861397102475" lon="18.924287147819996">
        <ele>0.0</ele>
      </trkpt>
      <trkpt lat="54.54704001545906" lon="18.92443777061999">
        <ele>0.0</ele>
      </trkpt>
      <trkpt lat="54.547238666564226" lon="18.924597278237343">
        <ele>0.0</ele>
      </trkpt>
      <trkpt lat="54.547411585226655" lon="18.924761479720473">
        <ele>0.0</ele>
      </trkpt>
      <trkpt lat="54.54758911393583" lon="18.924906821921468">
        <ele>0.0</ele>
      </trkpt>
      <trkpt lat="54.547705287113786" lon="18.92506138421595">
        <ele>0.0</ele>
      </trkpt>
      <trkpt lat="54.54786781221628" lon="18.925190465524793">
        <ele>0.0</ele>
      </trkpt>
      <trkpt lat="54.54802203923464" lon="18.925325497984886">
        <ele>0.0</ele>
      </trkpt>
      <trkpt lat="54.548199232667685" lon="18.925472181290388">
        <ele>0.0</ele>
      </trkpt>
      <trkpt lat="54.54835002310574" lon="18.92561048269272">
        <ele>0.0</ele>
      </trkpt>
      <trkpt lat="54.548531575128436" lon="18.925712909549475">
        <ele>0.0</ele>
      </trkpt>
      <trkpt lat="54.54868521541357" lon="18.925816928967834">
        <ele>0.0</ele>
      </trkpt>
      <trkpt lat="54.54885293729603" lon="18.925918769091368">
        <ele>0.0</ele>
      </trkpt>
      <trkpt lat="54.549025520682335" lon="18.92608691006899">
        <ele>0.0</ele>
      </trkpt>
      <trkpt lat="54.549164241179824" lon="18.926333086565137">
        <ele>0.0</ele>
      </trkpt>
      <trkpt lat="54.549337327480316" lon="18.926546573638916">
        <ele>0.0</ele>
      </trkpt>
      <trkpt lat="54.54952164553106" lon="18.926763832569122">
        <ele>0.0</ele>
      </trkpt>
      <trkpt lat="54.54970336519182" lon="18.926881682127714">
        <ele>0.0</ele>
      </trkpt>
      <trkpt lat="54.54983102157712" lon="18.92697279341519">
        <ele>0.0</ele>
      </trkpt>
      <trkpt lat="54.54997845925391" lon="18.927072873339057">
        <ele>0.0</ele>
      </trkpt>
      <trkpt lat="54.550157161429524" lon="18.92720002681017">
        <ele>0.0</ele>
      </trkpt>
      <trkpt lat="54.55037240870297" lon="18.92734805122018">
        <ele>0.0</ele>
      </trkpt>
      <trkpt lat="54.55055186524987" lon="18.927447209134698">
        <ele>0.0</ele>
      </trkpt>
      <trkpt lat="54.55069159157574" lon="18.92751468345523">
        <ele>0.0</ele>
      </trkpt>
      <trkpt lat="54.55084162764251" lon="18.927643345668912">
        <ele>0.0</ele>
      </trkpt>
      <trkpt lat="54.55102217383683" lon="18.927793046459556">
        <ele>0.0</ele>
      </trkpt>
      <trkpt lat="54.55121085047722" lon="18.928060764446855">
        <ele>0.0</ele>
      </trkpt>
      <trkpt lat="54.55141209997237" lon="18.928265450522304">
        <ele>0.0</ele>
      </trkpt>
      <trkpt lat="54.55156523734331" lon="18.928450355306268">
        <ele>0.0</ele>
      </trkpt>
      <trkpt lat="54.55176053568721" lon="18.928572982549667">
        <ele>0.0</ele>
      </trkpt>
      <trkpt lat="54.55196203663945" lon="18.928727293387055">
        <ele>0.0</ele>
      </trkpt>
      <trkpt lat="54.55219362862408" lon="18.928876826539636">
        <ele>0.0</ele>
      </trkpt>
      <trkpt lat="54.552361434325576" lon="18.92902409657836">
        <ele>0.0</ele>
      </trkpt>
      <trkpt lat="54.55251230858266" lon="18.92915896140039">
        <ele>0.0</ele>
      </trkpt>
      <trkpt lat="54.55268958583474" lon="18.929340932518244">
        <ele>0.0</ele>
      </trkpt>
      <trkpt lat="54.55333876423538" lon="18.929868657141924">
        <ele>0.0</ele>
      </trkpt>
      <trkpt lat="54.55339659936726" lon="18.929885923862457">
        <ele>0.0</ele>
      </trkpt>
      <trkpt lat="54.55357144586742" lon="18.930022045969963">
        <ele>0.0</ele>
      </trkpt>
      <trkpt lat="54.553762720897794" lon="18.930160515010357">
        <ele>0.0</ele>
      </trkpt>
      <trkpt lat="54.55397201701999" lon="18.930459413677454">
        <ele>0.0</ele>
      </trkpt>
      <trkpt lat="54.55409347079694" lon="18.930697375908494">
        <ele>0.0</ele>
      </trkpt>
      <trkpt lat="54.55433771945536" lon="18.930946066975594">
        <ele>0.0</ele>
      </trkpt>
      <trkpt lat="54.55462597310543" lon="18.931223340332508">
        <ele>0.0</ele>
      </trkpt>
      <trkpt lat="54.55479738302529" lon="18.931297520175576">
        <ele>0.0</ele>
      </trkpt>
      <trkpt lat="54.55494255758822" lon="18.931450909003615">
        <ele>0.0</ele>
      </trkpt>
      <trkpt lat="54.555058144032955" lon="18.93157521262765">
        <ele>0.0</ele>
      </trkpt>
      <trkpt lat="54.555251179262996" lon="18.931779228150845">
        <ele>0.0</ele>
      </trkpt>
      <trkpt lat="54.55583271570504" lon="18.932371409609914">
        <ele>0.0</ele>
      </trkpt>
      <trkpt lat="54.55593983642757" lon="18.932626387104392">
        <ele>0.0</ele>
      </trkpt>
      <trkpt lat="54.556182408705354" lon="18.932888070121408">
        <ele>0.0</ele>
      </trkpt>
      <trkpt lat="54.55683410167694" lon="18.933571195229888">
        <ele>0.0</ele>
      </trkpt>
      <trkpt lat="54.55695815384388" lon="18.933814521878958">
        <ele>0.0</ele>
      </trkpt>
      <trkpt lat="54.55777899362147" lon="18.9344581682235">
        <ele>0.0</ele>
      </trkpt>
      <trkpt lat="54.557859376072884" lon="18.934940127655864">
        <ele>0.0</ele>
      </trkpt>
      <trkpt lat="54.55840445123613" lon="18.935769768431783">
        <ele>0.0</ele>
      </trkpt>
      <trkpt lat="54.558431105688214" lon="18.935784520581365">
        <ele>0.0</ele>
      </trkpt>
      <trkpt lat="54.55854526720941" lon="18.935873620212078">
        <ele>0.0</ele>
      </trkpt>
      <trkpt lat="54.55865188501775" lon="18.936061123386025">
        <ele>0.0</ele>
      </trkpt>
      <trkpt lat="54.558972576633096" lon="18.93662673421204">
        <ele>0.0</ele>
      </trkpt>
      <trkpt lat="54.55911733210087" lon="18.93686662428081">
        <ele>0.0</ele>
      </trkpt>
      <trkpt lat="54.55927390605211" lon="18.93712126649916">
        <ele>0.0</ele>
      </trkpt>
      <trkpt lat="54.55985460430384" lon="18.937619319185615">
        <ele>0.0</ele>
      </trkpt>
      <trkpt lat="54.559857873246074" lon="18.937618480995297">
        <ele>0.0</ele>
      </trkpt>
      <trkpt lat="54.56001805141568" lon="18.937935568392277">
        <ele>0.0</ele>
      </trkpt>
      <trkpt lat="54.560658261179924" lon="18.93873176537454">
        <ele>0.0</ele>
      </trkpt>
      <trkpt lat="54.560816679149866" lon="18.938880376517773">
        <ele>0.0</ele>
      </trkpt>
      <trkpt lat="54.560953890904784" lon="18.93905413337052">
        <ele>0.0</ele>
      </trkpt>
      <trkpt lat="54.561581276357174" lon="18.939564172178507">
        <ele>0.0</ele>
      </trkpt>
      <trkpt lat="54.56161002628505" lon="18.939602561295033">
        <ele>0.0</ele>
      </trkpt>
      <trkpt lat="54.56171220168471" lon="18.9398080855608">
        <ele>0.0</ele>
      </trkpt>
      <trkpt lat="54.562340676784515" lon="18.9407507982105">
        <ele>0.0</ele>
      </trkpt>
      <trkpt lat="54.56235182471573" lon="18.94074384123087">
        <ele>0.0</ele>
      </trkpt>
      <trkpt lat="54.56247813999653" lon="18.940876442939043">
        <ele>0.0</ele>
      </trkpt>
      <trkpt lat="54.56295565702021" lon="18.94161664880812">
        <ele>0.0</ele>
      </trkpt>
      <trkpt lat="54.563185488805175" lon="18.94182913005352">
        <ele>0.0</ele>
      </trkpt>
      <trkpt lat="54.56333083100617" lon="18.9419165533036">
        <ele>0.0</ele>
      </trkpt>
      <trkpt lat="54.56361522898078" lon="18.942648796364665">
        <ele>0.0</ele>
      </trkpt>
      <trkpt lat="54.5638972800225" lon="18.942752731963992">
        <ele>0.0</ele>
      </trkpt>
      <trkpt lat="54.564168099313974" lon="18.943097731098533">
        <ele>0.0</ele>
      </trkpt>
      <trkpt lat="54.56503822468221" lon="18.943914379924536">
        <ele>0.0</ele>
      </trkpt>
      <trkpt lat="54.56516764126718" lon="18.9441251847893">
        <ele>0.0</ele>
      </trkpt>
      <trkpt lat="54.565660832449794" lon="18.944756761193275">
        <ele>0.0</ele>
      </trkpt>
      <trkpt lat="54.56568614579737" lon="18.944918951019645">
        <ele>0.0</ele>
      </trkpt>
      <trkpt lat="54.566220827400684" lon="18.945360090583563">
        <ele>0.0</ele>
      </trkpt>
      <trkpt lat="54.56625293008983" lon="18.94541230984032">
        <ele>0.0</ele>
      </trkpt>
      <trkpt lat="54.56636340357363" lon="18.945554634556174">
        <ele>0.0</ele>
      </trkpt>
      <trkpt lat="54.566461807116866" lon="18.94568187184632">
        <ele>0.0</ele>
      </trkpt>
      <trkpt lat="54.56687838770449" lon="18.946027038618922">
        <ele>0.0</ele>
      </trkpt>
      <trkpt lat="54.566965559497476" lon="18.946150420233607">
        <ele>0.0</ele>
      </trkpt>
      <trkpt lat="54.56715524196625" lon="18.946419060230255">
        <ele>0.0</ele>
      </trkpt>
      <trkpt lat="54.56774993799627" lon="18.947186339646578">
        <ele>0.0</ele>
      </trkpt>
      <trkpt lat="54.567778101190925" lon="18.947195475921035">
        <ele>0.0</ele>
      </trkpt>
      <trkpt lat="54.56794247031212" lon="18.94728516228497">
        <ele>0.0</ele>
      </trkpt>
      <trkpt lat="54.56851000897586" lon="18.948040287941694">
        <ele>0.0</ele>
      </trkpt>
      <trkpt lat="54.56855854019523" lon="18.9480157289654">
        <ele>0.0</ele>
      </trkpt>
      <trkpt lat="54.56880840472877" lon="18.94812745973468">
        <ele>0.0</ele>
      </trkpt>
      <trkpt lat="54.56965061835945" lon="18.94873104058206">
        <ele>0.0</ele>
      </trkpt>
      <trkpt lat="54.56976578570902" lon="18.948926338925958">
        <ele>0.0</ele>
      </trkpt>
      <trkpt lat="54.571853298693895" lon="18.95685888826847">
        <ele>0.0</ele>
      </trkpt>
      <trkpt lat="54.563358910381794" lon="18.970790030434728">
        <ele>0.0</ele>
      </trkpt>
      <trkpt lat="54.5704351644963" lon="18.95976179279387">
        <ele>0.0</ele>
      </trkpt>
      <trkpt lat="54.572696099057794" lon="18.968357853591442">
        <ele>0.0</ele>
      </trkpt>
      <trkpt lat="54.570758203044534" lon="18.96444233134389">
        <ele>0.0</ele>
      </trkpt>
      <trkpt lat="54.57113605923951" lon="18.963502133265138">
        <ele>0.0</ele>
      </trkpt>
      <trkpt lat="54.57168934866786" lon="18.956443648785353">
        <ele>0.0</ele>
      </trkpt>
      <trkpt lat="54.57124125212431" lon="18.9503107778728">
        <ele>0.0</ele>
      </trkpt>
      <trkpt lat="54.5712951477617" lon="18.950373139232397">
        <ele>0.0</ele>
      </trkpt>
      <trkpt lat="54.57276860252023" lon="18.960384149104357">
        <ele>0.0</ele>
      </trkpt>
      <trkpt lat="54.575167670845985" lon="18.963075075298548">
        <ele>0.0</ele>
      </trkpt>
      <trkpt lat="54.57190006971359" lon="18.95086088217795">
        <ele>0.0</ele>
      </trkpt>
      <trkpt lat="54.56962765194476" lon="18.96297348663211">
        <ele>0.0</ele>
      </trkpt>
      <trkpt lat="54.572221683338284" lon="18.956831395626068">
        <ele>0.0</ele>
      </trkpt>
      <trkpt lat="54.572700625285506" lon="18.959489883854985">
        <ele>0.0</ele>
      </trkpt>
      <trkpt lat="54.5704991184175" lon="18.952270299196243">
        <ele>0.0</ele>
      </trkpt>
      <trkpt lat="54.57151383161545" lon="18.95257263444364">
        <ele>0.0</ele>
      </trkpt>
      <trkpt lat="54.57158465869725" lon="18.954186737537384">
        <ele>0.0</ele>
      </trkpt>
      <trkpt lat="54.572084890678525" lon="18.951154416427016">
        <ele>0.0</ele>
      </trkpt>
      <trkpt lat="54.57254597917199" lon="18.95161005668342">
        <ele>0.0</ele>
      </trkpt>
      <trkpt lat="54.572651758790016" lon="18.951706951484084">
        <ele>0.0</ele>
      </trkpt>
      <trkpt lat="54.572844291105866" lon="18.951904010027647">
        <ele>0.0</ele>
      </trkpt>
      <trkpt lat="54.57329825498164" lon="18.95242938771844">
        <ele>0.0</ele>
      </trkpt>
      <trkpt lat="54.573337230831385" lon="18.952437853440642">
        <ele>0.0</ele>
      </trkpt>
      <trkpt lat="54.57344929687679" lon="18.95263122394681">
        <ele>0.0</ele>
      </trkpt>
      <trkpt lat="54.573611821979284" lon="18.952791821211576">
        <ele>0.0</ele>
      </trkpt>
      <trkpt lat="54.57424599677324" lon="18.953430941328406">
        <ele>0.0</ele>
      </trkpt>
      <trkpt lat="54.574344735592604" lon="18.953519873321056">
        <ele>0.0</ele>
      </trkpt>
      <trkpt lat="54.574480187147856" lon="18.953747441992164">
        <ele>0.0</ele>
      </trkpt>
      <trkpt lat="54.57502903416753" lon="18.954229652881622">
        <ele>0.0</ele>
      </trkpt>
      <trkpt lat="54.575053257867694" lon="18.954232838004827">
        <ele>0.0</ele>
      </trkpt>
      <trkpt lat="54.575175633654" lon="18.954392513260245">
        <ele>0.0</ele>
      </trkpt>
      <trkpt lat="54.57528518512845" lon="18.954598121345043">
        <ele>0.0</ele>
      </trkpt>
      <trkpt lat="54.57599370740354" lon="18.955300860106945">
        <ele>0.0</ele>
      </trkpt>
      <trkpt lat="54.57607610151172" lon="18.955463133752346">
        <ele>0.0</ele>
      </trkpt>
      <trkpt lat="54.576619332656264" lon="18.956199986860156">
        <ele>0.0</ele>
      </trkpt>
      <trkpt lat="54.57665520720184" lon="18.95622999407351">
        <ele>0.0</ele>
      </trkpt>
      <trkpt lat="54.57685478031635" lon="18.956469716504216">
        <ele>0.0</ele>
      </trkpt>
      <trkpt lat="54.576990231871605" lon="18.956632493063807">
        <ele>0.0</ele>
      </trkpt>
      <trkpt lat="54.577828170731664" lon="18.957236660644412">
        <ele>0.0</ele>
      </trkpt>
      <trkpt lat="54.57784409634769" lon="18.957218388095498">
        <ele>0.0</ele>
      </trkpt>
      <trkpt lat="54.57786622457206" lon="18.957493398338556">
        <ele>0.0</ele>
      </trkpt>
      <trkpt lat="54.57795834168792" lon="18.957595825195312">
        <ele>0.0</ele>
      </trkpt>
      <trkpt lat="54.578524539247155" lon="18.958361512050033">
        <ele>0.0</ele>
      </trkpt>
      <trkpt lat="54.578628055751324" lon="18.958453964442015">
        <ele>0.0</ele>
      </trkpt>
      <trkpt lat="54.57873961888254" lon="18.958578184247017">
        <ele>0.0</ele>
      </trkpt>
      <trkpt lat="54.579408997669816" lon="18.95908218808472">
        <ele>0.0</ele>
      </trkpt>
      <trkpt lat="54.57941511645913" lon="18.959131222218275">
        <ele>0.0</ele>
      </trkpt>
      <trkpt lat="54.579652743414044" lon="18.95933808758855">
        <ele>0.0</ele>
      </trkpt>
      <trkpt lat="54.57985240034759" lon="18.959549395367503">
        <ele>0.0</ele>
      </trkpt>
      <trkpt lat="54.58036252297461" lon="18.96009941585362">
        <ele>0.0</ele>
      </trkpt>
      <trkpt lat="54.58048330619931" lon="18.960261857137084">
        <ele>0.0</ele>
      </trkpt>
      <trkpt lat="54.58067089319229" lon="18.960539046674967">
        <ele>0.0</ele>
      </trkpt>
      <trkpt lat="54.58137631416321" lon="18.961253352463245">
        <ele>0.0</ele>
      </trkpt>
      <trkpt lat="54.581388887017965" lon="18.961256118491292">
        <ele>0.0</ele>
      </trkpt>
      <trkpt lat="54.58152199164033" lon="18.961412776261568">
        <ele>0.0</ele>
      </trkpt>
      <trkpt lat="54.581670770421624" lon="18.961551748216152">
        <ele>0.0</ele>
      </trkpt>
      <trkpt lat="54.58221307955682" lon="18.96212138235569">
        <ele>0.0</ele>
      </trkpt>
      <trkpt lat="54.582368144765496" lon="18.962243171408772">
        <ele>0.0</ele>
      </trkpt>
      <trkpt lat="54.58254902623594" lon="18.962490102276206">
        <ele>0.0</ele>
      </trkpt>
      <trkpt lat="54.58321463316679" lon="18.96306057460606">
        <ele>0.0</ele>
      </trkpt>
      <trkpt lat="54.58325679413974" lon="18.96311874501407">
        <ele>0.0</ele>
      </trkpt>
      <trkpt lat="54.58341688849032" lon="18.9633434638381">
        <ele>0.0</ele>
      </trkpt>
      <trkpt lat="54.58398308604956" lon="18.96424879319966">
        <ele>0.0</ele>
      </trkpt>
      <trkpt lat="54.58398660644889" lon="18.964269664138556">
        <ele>0.0</ele>
      </trkpt>
      <trkpt lat="54.58420512266457" lon="18.96441500633955">
        <ele>0.0</ele>
      </trkpt>
      <trkpt lat="54.584951447322965" lon="18.965250849723816">
        <ele>0.0</ele>
      </trkpt>
      <trkpt lat="54.584951950237155" lon="18.96526861935854">
        <ele>0.0</ele>
      </trkpt>
      <trkpt lat="54.585137106478214" lon="18.965375069528818">
        <ele>0.0</ele>
      </trkpt>
      <trkpt lat="54.58530935458839" lon="18.96559895016253">
        <ele>0.0</ele>
      </trkpt>
      <trkpt lat="54.58595551550388" lon="18.966280482709408">
        <ele>0.0</ele>
      </trkpt>
      <trkpt lat="54.5859996881336" lon="18.966425573453307">
        <ele>0.0</ele>
      </trkpt>
      <trkpt lat="54.58617998287082" lon="18.96660754457116">
        <ele>0.0</ele>
      </trkpt>
      <trkpt lat="54.58690292201936" lon="18.96725387312472">
        <ele>0.0</ele>
      </trkpt>
      <trkpt lat="54.58692270331085" lon="18.96727633662522">
        <ele>0.0</ele>
      </trkpt>
      <trkpt lat="54.58705220371485" lon="18.967389911413193">
        <ele>0.0</ele>
      </trkpt>
      <trkpt lat="54.58716385066509" lon="18.967542462050915">
        <ele>0.0</ele>
      </trkpt>
      <trkpt lat="54.58767766132951" lon="18.96824335679412">
        <ele>0.0</ele>
      </trkpt>
      <trkpt lat="54.58775301463902" lon="18.968329271301627">
        <ele>0.0</ele>
      </trkpt>
      <trkpt lat="54.58790355361998" lon="18.968543093651533">
        <ele>0.0</ele>
      </trkpt>
      <trkpt lat="54.58858164958656" lon="18.969525452703238">
        <ele>0.0</ele>
      </trkpt>
      <trkpt lat="54.588608890771866" lon="18.969538025557995">
        <ele>0.0</ele>
      </trkpt>
      <trkpt lat="54.588808715343475" lon="18.969759391620755">
        <ele>0.0</ele>
      </trkpt>
      <trkpt lat="54.58896621130407" lon="18.96993306465447">
        <ele>0.0</ele>
      </trkpt>
      <trkpt lat="54.58960650488734" lon="18.970699170604348">
        <ele>0.0</ele>
      </trkpt>
      <trkpt lat="54.58973064087331" lon="18.97077008150518">
        <ele>0.0</ele>
      </trkpt>
      <trkpt lat="54.58993717096746" lon="18.97095180116594">
        <ele>0.0</ele>
      </trkpt>
      <trkpt lat="54.590675197541714" lon="18.971814215183258">
        <ele>0.0</ele>
      </trkpt>
      <trkpt lat="54.59079078398645" lon="18.971924940124154">
        <ele>0.0</ele>
      </trkpt>
      <trkpt lat="54.590966971591115" lon="18.972135577350855">
        <ele>0.0</ele>
      </trkpt>
      <trkpt lat="54.59153199568391" lon="18.97296203300357">
        <ele>0.0</ele>
      </trkpt>
      <trkpt lat="54.591697035357356" lon="18.972941413521767">
        <ele>0.0</ele>
      </trkpt>
      <trkpt lat="54.591866014525294" lon="18.973118690773845">
        <ele>0.0</ele>
      </trkpt>
      <trkpt lat="54.59215552546084" lon="18.973430916666985">
        <ele>0.0</ele>
      </trkpt>
      <trkpt lat="54.59263572469354" lon="18.97403022274375">
        <ele>0.0</ele>
      </trkpt>
      <trkpt lat="54.592766566202044" lon="18.97408939898014">
        <ele>0.0</ele>
      </trkpt>
      <trkpt lat="54.59291308186948" lon="18.974254690110683">
        <ele>0.0</ele>
      </trkpt>
      <trkpt lat="54.59349989891052" lon="18.97513202391565">
        <ele>0.0</ele>
      </trkpt>
      <trkpt lat="54.59362051449716" lon="18.975052144378424">
        <ele>0.0</ele>
      </trkpt>
      <trkpt lat="54.59364297799766" lon="18.97505776025355">
        <ele>0.0</ele>
      </trkpt>
      <trkpt lat="54.593833331018686" lon="18.97530745714903">
        <ele>0.0</ele>
      </trkpt>
      <trkpt lat="54.594075651839375" lon="18.975639548152685">
        <ele>0.0</ele>
      </trkpt>
      <trkpt lat="54.594479240477085" lon="18.97635754197836">
        <ele>0.0</ele>
      </trkpt>
      <trkpt lat="54.59474184550345" lon="18.97640741430223">
        <ele>0.0</ele>
      </trkpt>
      <trkpt lat="54.594911243766546" lon="18.976577650755644">
        <ele>0.0</ele>
      </trkpt>
      <trkpt lat="54.59550325758755" lon="18.977205036208034">
        <ele>0.0</ele>
      </trkpt>
      <trkpt lat="54.59555824287236" lon="18.977267062291503">
        <ele>0.0</ele>
      </trkpt>
      <trkpt lat="54.59576276130974" lon="18.977488931268454">
        <ele>0.0</ele>
      </trkpt>
      <trkpt lat="54.59633055143058" lon="18.978251181542873">
        <ele>0.0</ele>
      </trkpt>
      <trkpt lat="54.596484024077654" lon="18.978457879275084">
        <ele>0.0</ele>
      </trkpt>
      <trkpt lat="54.596653673797846" lon="18.97866985760629">
        <ele>0.0</ele>
      </trkpt>
      <trkpt lat="54.59732908755541" lon="18.97953713312745">
        <ele>0.0</ele>
      </trkpt>
      <trkpt lat="54.59748834371567" lon="18.979664454236627">
        <ele>0.0</ele>
      </trkpt>
      <trkpt lat="54.59764139726758" lon="18.97981356829405">
        <ele>0.0</ele>
      </trkpt>
      <trkpt lat="54.59828345105052" lon="18.980712611228228">
        <ele>0.0</ele>
      </trkpt>
      <trkpt lat="54.59838671609759" lon="18.980801543220878">
        <ele>0.0</ele>
      </trkpt>
      <trkpt lat="54.598547564819455" lon="18.98100882768631">
        <ele>0.0</ele>
      </trkpt>
      <trkpt lat="54.59918551146984" lon="18.981726821511984">
        <ele>0.0</ele>
      </trkpt>
      <trkpt lat="54.59924493916333" lon="18.981766887009144">
        <ele>0.0</ele>
      </trkpt>
      <trkpt lat="54.59939698688686" lon="18.981992695480585">
        <ele>0.0</ele>
      </trkpt>
      <trkpt lat="54.600018840283155" lon="18.982930881902575">
        <ele>0.0</ele>
      </trkpt>
      <trkpt lat="54.600118920207024" lon="18.98295938037336">
        <ele>0.0</ele>
      </trkpt>
      <trkpt lat="54.600246492773294" lon="18.983127688989043">
        <ele>0.0</ele>
      </trkpt>
      <trkpt lat="54.60038546472788" lon="18.983254758641124">
        <ele>0.0</ele>
      </trkpt>
      <trkpt lat="54.600887624546885" lon="18.983863033354282">
        <ele>0.0</ele>
      </trkpt>
      <trkpt lat="54.60118300281465" lon="18.984239883720875">
        <ele>0.0</ele>
      </trkpt>
      <trkpt lat="54.601330775767565" lon="18.984433924779296">
        <ele>0.0</ele>
      </trkpt>
      <trkpt lat="54.602090176194906" lon="18.985350402072072">
        <ele>0.0</ele>
      </trkpt>
      <trkpt lat="54.602112136781216" lon="18.98535668849945">
        <ele>0.0</ele>
      </trkpt>
      <trkpt lat="54.60230844095349" lon="18.98557059466839">
        <ele>0.0</ele>
      </trkpt>
      <trkpt lat="54.602462500333786" lon="18.98575197905302">
        <ele>0.0</ele>
      </trkpt>
      <trkpt lat="54.603009168058634" lon="18.986441139131784">
        <ele>0.0</ele>
      </trkpt>
      <trkpt lat="54.60315836593509" lon="18.986580027267337">
        <ele>0.0</ele>
      </trkpt>
      <trkpt lat="54.60334796458483" lon="18.986754454672337">
        <ele>0.0</ele>
      </trkpt>
      <trkpt lat="54.60399546660483" lon="18.987520979717374">
        <ele>0.0</ele>
      </trkpt>
      <trkpt lat="54.604207780212164" lon="18.987586442381144">
        <ele>0.0</ele>
      </trkpt>
      <trkpt lat="54.60439327172935" lon="18.987847790122032">
        <ele>0.0</ele>
      </trkpt>
      <trkpt lat="54.6051867865026" lon="18.988886307924986">
        <ele>0.0</ele>
      </trkpt>
      <trkpt lat="54.60507136769593" lon="18.988954704254866">
        <ele>0.0</ele>
      </trkpt>
      <trkpt lat="54.605300864204764" lon="18.989132400602102">
        <ele>0.0</ele>
      </trkpt>
      <trkpt lat="54.60607694461942" lon="18.99009983986616">
        <ele>0.0</ele>
      </trkpt>
      <trkpt lat="54.606203427538276" lon="18.99033972993493">
        <ele>0.0</ele>
      </trkpt>
      <trkpt lat="54.6063610073179" lon="18.990618344396353">
        <ele>0.0</ele>
      </trkpt>
      <trkpt lat="54.60700901225209" lon="18.991448236629367">
        <ele>0.0</ele>
      </trkpt>
      <trkpt lat="54.60718084126711" lon="18.99158611893654">
        <ele>0.0</ele>
      </trkpt>
      <trkpt lat="54.60731780156493" lon="18.991797426715493">
        <ele>0.0</ele>
      </trkpt>
      <trkpt lat="54.60794133134186" lon="18.99261960759759">
        <ele>0.0</ele>
      </trkpt>
      <trkpt lat="54.60803805850446" lon="18.99275355041027">
        <ele>0.0</ele>
      </trkpt>
      <trkpt lat="54.60826562717557" lon="18.993024369701743">
        <ele>0.0</ele>
      </trkpt>
      <trkpt lat="54.60892762988806" lon="18.9939056430012">
        <ele>0.0</ele>
      </trkpt>
      <trkpt lat="54.609034499153495" lon="18.99396582506597">
        <ele>0.0</ele>
      </trkpt>
      <trkpt lat="54.60917632095516" lon="18.994135474786162">
        <ele>0.0</ele>
      </trkpt>
      <trkpt lat="54.609671691432595" lon="18.99491960182786">
        <ele>0.0</ele>
      </trkpt>
      <trkpt lat="54.609786439687014" lon="18.99494055658579">
        <ele>0.0</ele>
      </trkpt>
      <trkpt lat="54.60993270389736" lon="18.99512629956007">
        <ele>0.0</ele>
      </trkpt>
      <trkpt lat="54.61008869111538" lon="18.995395274832845">
        <ele>0.0</ele>
      </trkpt>
      <trkpt lat="54.61062043905258" lon="18.996304543688893">
        <ele>0.0</ele>
      </trkpt>
      <trkpt lat="54.61062018759549" lon="18.996320720762014">
        <ele>0.0</ele>
      </trkpt>
      <trkpt lat="54.610914727672935" lon="18.996417867019773">
        <ele>0.0</ele>
      </trkpt>
      <trkpt lat="54.611062249168754" lon="18.99657066911459">
        <ele>0.0</ele>
      </trkpt>
      <trkpt lat="54.611555356532335" lon="18.997608767822385">
        <ele>0.0</ele>
      </trkpt>
      <trkpt lat="54.61171050556004" lon="18.99773315526545">
        <ele>0.0</ele>
      </trkpt>
      <trkpt lat="54.61186087690294" lon="18.99800875224173">
        <ele>0.0</ele>
      </trkpt>
      <trkpt lat="54.6125103905797" lon="18.999198731034994">
        <ele>0.0</ele>
      </trkpt>
      <trkpt lat="54.61259437724948" lon="18.999265115708113">
        <ele>0.0</ele>
      </trkpt>
      <trkpt lat="54.61272136308253" lon="18.999560242518783">
        <ele>0.0</ele>
      </trkpt>
      <trkpt lat="54.613405829295516" lon="19.001000840216875">
        <ele>0.0</ele>
      </trkpt>
      <trkpt lat="54.61363859474659" lon="19.00118767283857">
        <ele>0.0</ele>
      </trkpt>
      <trkpt lat="54.613852417096496" lon="19.001469556242228">
        <ele>0.0</ele>
      </trkpt>
      <trkpt lat="54.61447795853019" lon="19.002496590837836">
        <ele>0.0</ele>
      </trkpt>
      <trkpt lat="54.6145482826978" lon="19.00244453921914">
        <ele>0.0</ele>
      </trkpt>
      <trkpt lat="54.61474433541298" lon="19.002748718485236">
        <ele>0.0</ele>
      </trkpt>
      <trkpt lat="54.61545956321061" lon="19.003697214648128">
        <ele>0.0</ele>
      </trkpt>
      <trkpt lat="54.61546551436186" lon="19.003743398934603">
        <ele>0.0</ele>
      </trkpt>
      <trkpt lat="54.615626614540815" lon="19.004023605957627">
        <ele>0.0</ele>
      </trkpt>
      <trkpt lat="54.61625123396516" lon="19.00493983179331">
        <ele>0.0</ele>
      </trkpt>
      <trkpt lat="54.61642557755113" lon="19.005051562562585">
        <ele>0.0</ele>
      </trkpt>
      <trkpt lat="54.61666110903025" lon="19.00523311458528">
        <ele>0.0</ele>
      </trkpt>
      <trkpt lat="54.6171903423965" lon="19.005894362926483">
        <ele>0.0</ele>
      </trkpt>
      <trkpt lat="54.61729796603322" lon="19.006031742319465">
        <ele>0.0</ele>
      </trkpt>
      <trkpt lat="54.617480523884296" lon="19.006273979321122">
        <ele>0.0</ele>
      </trkpt>
      <trkpt lat="54.617922669276595" lon="19.00681821629405">
        <ele>0.0</ele>
      </trkpt>
      <trkpt lat="54.617956867441535" lon="19.006844786927104">
        <ele>0.0</ele>
      </trkpt>
      <trkpt lat="54.61809131316841" lon="19.006932210177183">
        <ele>0.0</ele>
      </trkpt>
      <trkpt lat="54.6187617816031" lon="19.00765221565962">
        <ele>0.0</ele>
      </trkpt>
      <trkpt lat="54.61882581934333" lon="19.007771322503686">
        <ele>0.0</ele>
      </trkpt>
      <trkpt lat="54.618959510698915" lon="19.007916329428554">
        <ele>0.0</ele>
      </trkpt>
      <trkpt lat="54.619441302493215" lon="19.008504152297974">
        <ele>0.0</ele>
      </trkpt>
      <trkpt lat="54.61949637159705" lon="19.008577074855566">
        <ele>0.0</ele>
      </trkpt>
      <trkpt lat="54.61963701993227" lon="19.008760219439864">
        <ele>0.0</ele>
      </trkpt>
      <trkpt lat="54.62007279507816" lon="19.009494809433818">
        <ele>0.0</ele>
      </trkpt>
      <trkpt lat="54.62018536403775" lon="19.00951107032597">
        <ele>0.0</ele>
      </trkpt>
      <trkpt lat="54.620333136990666" lon="19.00964928790927">
        <ele>0.0</ele>
      </trkpt>
      <trkpt lat="54.62048241868615" lon="19.009820530191064">
        <ele>0.0</ele>
      </trkpt>
      <trkpt lat="54.620986338704824" lon="19.01053911074996">
        <ele>0.0</ele>
      </trkpt>
      <trkpt lat="54.621060099452734" lon="19.010569788515568">
        <ele>0.0</ele>
      </trkpt>
      <trkpt lat="54.62119655683637" lon="19.010678250342607">
        <ele>0.0</ele>
      </trkpt>
      <trkpt lat="54.62172771804035" lon="19.01143874041736">
        <ele>0.0</ele>
      </trkpt>
      <trkpt lat="54.621905917301774" lon="19.011548710986972">
        <ele>0.0</ele>
      </trkpt>
      <trkpt lat="54.62207087315619" lon="19.011690113693476">
        <ele>0.0</ele>
      </trkpt>
      <trkpt lat="54.622671185061336" lon="19.012231417000294">
        <ele>0.0</ele>
      </trkpt>
      <trkpt lat="54.622714687138796" lon="19.01227475143969">
        <ele>0.0</ele>
      </trkpt>
      <trkpt lat="54.622851898893714" lon="19.012516736984253">
        <ele>0.0</ele>
      </trkpt>
      <trkpt lat="54.623524798080325" lon="19.013315113261342">
        <ele>0.0</ele>
      </trkpt>
      <trkpt lat="54.6235537994653" lon="19.01334000751376">
        <ele>0.0</ele>
      </trkpt>
      <trkpt lat="54.623729065060616" lon="19.013494569808245">
        <ele>0.0</ele>
      </trkpt>
      <trkpt lat="54.62388471700251" lon="19.013663548976183">
        <ele>0.0</ele>
      </trkpt>
      <trkpt lat="54.6244862023741" lon="19.014298981055617">
        <ele>0.0</ele>
      </trkpt>
      <trkpt lat="54.62459122762084" lon="19.01438858360052">
        <ele>0.0</ele>
      </trkpt>
      <trkpt lat="54.62477101944387" lon="19.014594862237573">
        <ele>0.0</ele>
      </trkpt>
      <trkpt lat="54.6254896838218" lon="19.01524370536208">
        <ele>0.0</ele>
      </trkpt>
      <trkpt lat="54.625526731833816" lon="19.01532961986959">
        <ele>0.0</ele>
      </trkpt>
      <trkpt lat="54.625668385997415" lon="19.015520391985774">
        <ele>0.0</ele>
      </trkpt>
      <trkpt lat="54.62622536346316" lon="19.016194380819798">
        <ele>0.0</ele>
      </trkpt>
      <trkpt lat="54.62633114308119" lon="19.016196224838495">
        <ele>0.0</ele>
      </trkpt>
      <trkpt lat="54.626487884670496" lon="19.016383476555347">
        <ele>0.0</ele>
      </trkpt>
      <trkpt lat="54.62707059457898" lon="19.01698554866016">
        <ele>0.0</ele>
      </trkpt>
      <trkpt lat="54.62708325125277" lon="19.01700465939939">
        <ele>0.0</ele>
      </trkpt>
      <trkpt lat="54.62720889598131" lon="19.01707992888987">
        <ele>0.0</ele>
      </trkpt>
      <trkpt lat="54.62740821763873" lon="19.017244214192033">
        <ele>0.0</ele>
      </trkpt>
      <trkpt lat="54.62791716679931" lon="19.01779817417264">
        <ele>0.0</ele>
      </trkpt>
      <trkpt lat="54.62802621535957" lon="19.017915688455105">
        <ele>0.0</ele>
      </trkpt>
      <trkpt lat="54.628244983032346" lon="19.018137389793992">
        <ele>0.0</ele>
      </trkpt>
      <trkpt lat="54.62867287918925" lon="19.018544582650065">
        <ele>0.0</ele>
      </trkpt>
      <trkpt lat="54.62871168740094" lon="19.01856536976993">
        <ele>0.0</ele>
      </trkpt>
      <trkpt lat="54.628853257745504" lon="19.01869671419263">
        <ele>0.0</ele>
      </trkpt>
      <trkpt lat="54.629293056204915" lon="19.019098626449704">
        <ele>0.0</ele>
      </trkpt>
      <trkpt lat="54.62933488190174" lon="19.019154030829668">
        <ele>0.0</ele>
      </trkpt>
      <trkpt lat="54.62942901067436" lon="19.01932996697724">
        <ele>0.0</ele>
      </trkpt>
      <trkpt lat="54.62994910776615" lon="19.01980790309608">
        <ele>0.0</ele>
      </trkpt>
      <trkpt lat="54.62996478192508" lon="19.019816368818283">
        <ele>0.0</ele>
      </trkpt>
      <trkpt lat="54.630089504644275" lon="19.019917203113437">
        <ele>0.0</ele>
      </trkpt>
      <trkpt lat="54.63022445328534" lon="19.02006975375116">
        <ele>0.0</ele>
      </trkpt>
      <trkpt lat="54.63054271414876" lon="19.020449621602893">
        <ele>0.0</ele>
      </trkpt>
      <trkpt lat="54.630554197356105" lon="19.02047677896917">
        <ele>0.0</ele>
      </trkpt>
      <trkpt lat="54.63066576048732" lon="19.020651457831264">
        <ele>0.0</ele>
      </trkpt>
      <trkpt lat="54.63125953450799" lon="19.021415300667286">
        <ele>0.0</ele>
      </trkpt>
      <trkpt lat="54.63126976042986" lon="19.021427370607853">
        <ele>0.0</ele>
      </trkpt>
      <trkpt lat="54.63141250424087" lon="19.02163105085492">
        <ele>0.0</ele>
      </trkpt>
      <trkpt lat="54.632089007645845" lon="19.02234150096774">
        <ele>0.0</ele>
      </trkpt>
      <trkpt lat="54.63209168985486" lon="19.022345021367073">
        <ele>0.0</ele>
      </trkpt>
      <trkpt lat="54.6321430709213" lon="19.022481311112642">
        <ele>0.0</ele>
      </trkpt>
      <trkpt lat="54.63226008228958" lon="19.0226595941931">
        <ele>0.0</ele>
      </trkpt>
      <trkpt lat="54.63266467675567" lon="19.02319746091962">
        <ele>0.0</ele>
      </trkpt>
      <trkpt lat="54.63273868896067" lon="19.023256301879883">
        <ele>0.0</ele>
      </trkpt>
      <trkpt lat="54.63291747495532" lon="19.02344824746251">
        <ele>0.0</ele>
      </trkpt>
      <trkpt lat="54.63340505026281" lon="19.024123242124915">
        <ele>0.0</ele>
      </trkpt>
      <trkpt lat="54.63349297642708" lon="19.024199601262808">
        <ele>0.0</ele>
      </trkpt>
      <trkpt lat="54.63360596448183" lon="19.024334214627743">
        <ele>0.0</ele>
      </trkpt>
      <trkpt lat="54.63377460837364" lon="19.024549713358283">
        <ele>0.0</ele>
      </trkpt>
      <trkpt lat="54.634156320244074" lon="19.02507626451552">
        <ele>0.0</ele>
      </trkpt>
      <trkpt lat="54.63419169187546" lon="19.025131417438388">
        <ele>0.0</ele>
      </trkpt>
      <trkpt lat="54.63429545983672" lon="19.025358399376273">
        <ele>0.0</ele>
      </trkpt>
      <trkpt lat="54.634789153933525" lon="19.026102293282747">
        <ele>0.0</ele>
      </trkpt>
      <trkpt lat="54.63481052778661" lon="19.02615669183433">
        <ele>0.0</ele>
      </trkpt>
      <trkpt lat="54.634943045675755" lon="19.026391385123134">
        <ele>0.0</ele>
      </trkpt>
      <trkpt lat="54.6353898011148" lon="19.02712664566934">
        <ele>0.0</ele>
      </trkpt>
      <trkpt lat="54.63546087965369" lon="19.027174338698387">
        <ele>0.0</ele>
      </trkpt>
      <trkpt lat="54.635556852445006" lon="19.027320686727762">
        <ele>0.0</ele>
      </trkpt>
      <trkpt lat="54.63593336753547" lon="19.02788587845862">
        <ele>0.0</ele>
      </trkpt>
      <trkpt lat="54.63605071417987" lon="19.028025018051267">
        <ele>0.0</ele>
      </trkpt>
      <trkpt lat="54.636143669486046" lon="19.02816692367196">
        <ele>0.0</ele>
      </trkpt>
      <trkpt lat="54.636705508455634" lon="19.028910398483276">
        <ele>0.0</ele>
      </trkpt>
      <trkpt lat="54.636745657771826" lon="19.02903813868761">
        <ele>0.0</ele>
      </trkpt>
      <trkpt lat="54.636884378269315" lon="19.029260091483593">
        <ele>0.0</ele>
      </trkpt>
      <trkpt lat="54.6373288705945" lon="19.029907761141658">
        <ele>0.0</ele>
      </trkpt>
      <trkpt lat="54.63735921308398" lon="19.029950760304928">
        <ele>0.0</ele>
      </trkpt>
      <trkpt lat="54.63744445703924" lon="19.0301594696939">
        <ele>0.0</ele>
      </trkpt>
      <trkpt lat="54.63798550888896" lon="19.030927503481507">
        <ele>0.0</ele>
      </trkpt>
      <trkpt lat="54.63804527185857" lon="19.03095600195229">
        <ele>0.0</ele>
      </trkpt>
      <trkpt lat="54.63817368261516" lon="19.03108256869018">
        <ele>0.0</ele>
      </trkpt>
      <trkpt lat="54.63868573307991" lon="19.031871892511845">
        <ele>0.0</ele>
      </trkpt>
      <trkpt lat="54.638714734464884" lon="19.031836185604334">
        <ele>0.0</ele>
      </trkpt>
      <trkpt lat="54.63884591124952" lon="19.032035591080785">
        <ele>0.0</ele>
      </trkpt>
      <trkpt lat="54.63939484208822" lon="19.032852742820978">
        <ele>0.0</ele>
      </trkpt>
      <trkpt lat="54.639530293643475" lon="19.032968496903777">
        <ele>0.0</ele>
      </trkpt>
      <trkpt lat="54.63965962640941" lon="19.033232191577554">
        <ele>0.0</ele>
      </trkpt>
      <trkpt lat="54.64022255502641" lon="19.034186135977507">
        <ele>0.0</ele>
      </trkpt>
      <trkpt lat="54.63993857614696" lon="19.033478451892734">
        <ele>0.0</ele>
      </trkpt>
      <trkpt lat="54.63987898081541" lon="19.0332989115268">
        <ele>0.0</ele>
      </trkpt>
      <trkpt lat="54.63965208269656" lon="19.032625341787934">
        <ele>0.0</ele>
      </trkpt>
      <trkpt lat="54.63965065777302" lon="19.03258603066206">
        <ele>0.0</ele>
      </trkpt>
      <trkpt lat="54.63964085094631" lon="19.032490476965904">
        <ele>0.0</ele>
      </trkpt>
      <trkpt lat="54.63965468108654" lon="19.032098622992635">
        <ele>0.0</ele>
      </trkpt>
      <trkpt lat="54.639642694965005" lon="19.031900726258755">
        <ele>0.0</ele>
      </trkpt>
      <trkpt lat="54.63969952426851" lon="19.031115090474486">
        <ele>0.0</ele>
      </trkpt>
      <trkpt lat="54.63969952426851" lon="19.031097404658794">
        <ele>0.0</ele>
      </trkpt>
      <trkpt lat="54.639692567288876" lon="19.030098114162683">
        <ele>0.0</ele>
      </trkpt>
      <trkpt lat="54.63971662335098" lon="19.029869623482227">
        <ele>0.0</ele>
      </trkpt>
      <trkpt lat="54.639768339693546" lon="19.029588075354695">
        <ele>0.0</ele>
      </trkpt>
      <trkpt lat="54.63987939991057" lon="19.02905431576073">
        <ele>0.0</ele>
      </trkpt>
      <trkpt lat="54.63985500857234" lon="19.02897804044187">
        <ele>0.0</ele>
      </trkpt>
      <trkpt lat="54.63981460779905" lon="19.02866036631167">
        <ele>0.0</ele>
      </trkpt>
      <trkpt lat="54.63984754867852" lon="19.027929715812206">
        <ele>0.0</ele>
      </trkpt>
      <trkpt lat="54.639879651367664" lon="19.02790884487331">
        <ele>0.0</ele>
      </trkpt>
      <trkpt lat="54.63993991725147" lon="19.027750259265304">
        <ele>0.0</ele>
      </trkpt>
      <trkpt lat="54.64012851007283" lon="19.02694383636117">
        <ele>0.0</ele>
      </trkpt>
      <trkpt lat="54.640135299414396" lon="19.02688424102962">
        <ele>0.0</ele>
      </trkpt>
      <trkpt lat="54.640168491750956" lon="19.026665892452">
        <ele>0.0</ele>
      </trkpt>
      <trkpt lat="54.64028986170888" lon="19.025755701586604">
        <ele>0.0</ele>
      </trkpt>
      <trkpt lat="54.64025993831456" lon="19.025711193680763">
        <ele>0.0</ele>
      </trkpt>
      <trkpt lat="54.64030344039202" lon="19.025527965277433">
        <ele>0.0</ele>
      </trkpt>
      <trkpt lat="54.64045439846814" lon="19.024818018078804">
        <ele>0.0</ele>
      </trkpt>
      <trkpt lat="54.640458757057786" lon="19.02459254488349">
        <ele>0.0</ele>
      </trkpt>
      <trkpt lat="54.64048985391855" lon="19.024471258744597">
        <ele>0.0</ele>
      </trkpt>
      <trkpt lat="54.64052924886346" lon="19.02368428185582">
        <ele>0.0</ele>
      </trkpt>
      <trkpt lat="54.64054584503174" lon="19.023645725101233">
        <ele>0.0</ele>
      </trkpt>
      <trkpt lat="54.64060887694359" lon="19.023492420092225">
        <ele>0.0</ele>
      </trkpt>
      <trkpt lat="54.640806103125215" lon="19.02255205437541">
        <ele>0.0</ele>
      </trkpt>
      <trkpt lat="54.640814485028386" lon="19.022492710500956">
        <ele>0.0</ele>
      </trkpt>
      <trkpt lat="54.640831081196666" lon="19.022294897586107">
        <ele>0.0</ele>
      </trkpt>
      <trkpt lat="54.64097189716995" lon="19.020812222734094">
        <ele>0.0</ele>
      </trkpt>
      <trkpt lat="54.64094725437462" lon="19.020779030397534">
        <ele>0.0</ele>
      </trkpt>
      <trkpt lat="54.64098581112921" lon="19.020455991849303">
        <ele>0.0</ele>
      </trkpt>
      <trkpt lat="54.641080191358924" lon="19.020051145926118">
        <ele>0.0</ele>
      </trkpt>
      <trkpt lat="54.64125411584973" lon="19.019186468794942">
        <ele>0.0</ele>
      </trkpt>
      <trkpt lat="54.64128135703504" lon="19.019104409962893">
        <ele>0.0</ele>
      </trkpt>
      <trkpt lat="54.64132251217961" lon="19.01888094842434">
        <ele>0.0</ele>
      </trkpt>
      <trkpt lat="54.64143315330148" lon="19.01786564849317">
        <ele>0.0</ele>
      </trkpt>
      <trkpt lat="54.64144580997527" lon="19.017819548025727">
        <ele>0.0</ele>
      </trkpt>
      <trkpt lat="54.64150171726942" lon="19.01773757301271">
        <ele>0.0</ele>
      </trkpt>
      <trkpt lat="54.64150917716324" lon="19.017516374588013">
        <ele>0.0</ele>
      </trkpt>
      <trkpt lat="54.641548320651054" lon="19.016701485961676">
        <ele>0.0</ele>
      </trkpt>
      <trkpt lat="54.641587967053056" lon="19.01660635136068">
        <ele>0.0</ele>
      </trkpt>
      <trkpt lat="54.641625517979264" lon="19.016373669728637">
        <ele>0.0</ele>
      </trkpt>
      <trkpt lat="54.64180078357458" lon="19.01532467454672">
        <ele>0.0</ele>
      </trkpt>
      <trkpt lat="54.64182618074119" lon="19.01523247361183">
        <ele>0.0</ele>
      </trkpt>
      <trkpt lat="54.641864066943526" lon="19.01498470455408">
        <ele>0.0</ele>
      </trkpt>
      <trkpt lat="54.6420363150537" lon="19.013994550332427">
        <ele>0.0</ele>
      </trkpt>
      <trkpt lat="54.64204260148108" lon="19.013972841203213">
        <ele>0.0</ele>
      </trkpt>
      <trkpt lat="54.64207570999861" lon="19.013727083802223">
        <ele>0.0</ele>
      </trkpt>
      <trkpt lat="54.64210605248809" lon="19.013544777408242">
        <ele>0.0</ele>
      </trkpt>
      <trkpt lat="54.642202612012625" lon="19.012779174372554">
        <ele>0.0</ele>
      </trkpt>
      <trkpt lat="54.64220345020294" lon="19.012704072520137">
        <ele>0.0</ele>
      </trkpt>
      <trkpt lat="54.64222893118858" lon="19.012434175238013">
        <ele>0.0</ele>
      </trkpt>
      <trkpt lat="54.64230503886938" lon="19.011491294950247">
        <ele>0.0</ele>
      </trkpt>
      <trkpt lat="54.642308643087745" lon="19.011449553072453">
        <ele>0.0</ele>
      </trkpt>
      <trkpt lat="54.64233102276921" lon="19.01127353310585">
        <ele>0.0</ele>
      </trkpt>
      <trkpt lat="54.6423404943198" lon="19.01036174967885">
        <ele>0.0</ele>
      </trkpt>
      <trkpt lat="54.642336973920465" lon="19.01032654568553">
        <ele>0.0</ele>
      </trkpt>
      <trkpt lat="54.64237192645669" lon="19.010156141594052">
        <ele>0.0</ele>
      </trkpt>
      <trkpt lat="54.64240025728941" lon="19.009239077568054">
        <ele>0.0</ele>
      </trkpt>
      <trkpt lat="54.64241551235318" lon="19.009210243821144">
        <ele>0.0</ele>
      </trkpt>
      <trkpt lat="54.642450381070375" lon="19.008986530825496">
        <ele>0.0</ele>
      </trkpt>
      <trkpt lat="54.64248759672046" lon="19.008752424269915">
        <ele>0.0</ele>
      </trkpt>
      <trkpt lat="54.642532439902425" lon="19.00793133303523">
        <ele>0.0</ele>
      </trkpt>
      <trkpt lat="54.64255850762129" lon="19.007854806259274">
        <ele>0.0</ele>
      </trkpt>
      <trkpt lat="54.64259228669107" lon="19.007651964202523">
        <ele>0.0</ele>
      </trkpt>
      <trkpt lat="54.642732348293066" lon="19.00666474364698">
        <ele>0.0</ele>
      </trkpt>
      <trkpt lat="54.64274316094816" lon="19.00662811473012">
        <ele>0.0</ele>
      </trkpt>
      <trkpt lat="54.64279672130942" lon="19.006360480561852">
        <ele>0.0</ele>
      </trkpt>
      <trkpt lat="54.64282304048538" lon="19.005434615537524">
        <ele>0.0</ele>
      </trkpt>
      <trkpt lat="54.642824213951826" lon="19.005223140120506">
        <ele>0.0</ele>
      </trkpt>
      <trkpt lat="54.642846593633294" lon="19.004970509558916">
        <ele>0.0</ele>
      </trkpt>
      <trkpt lat="54.642912140116096" lon="19.004343878477812">
        <ele>0.0</ele>
      </trkpt>
      <trkpt lat="54.64292261749506" lon="19.00420448742807">
        <ele>0.0</ele>
      </trkpt>
      <trkpt lat="54.642920438200235" lon="19.003203436732292">
        <ele>0.0</ele>
      </trkpt>
      <trkpt lat="54.64296117424965" lon="19.003182901069522">
        <ele>0.0</ele>
      </trkpt>
      <trkpt lat="54.64301724918187" lon="19.002941334620118">
        <ele>0.0</ele>
      </trkpt>
      <trkpt lat="54.64305488392711" lon="19.002673868089914">
        <ele>0.0</ele>
      </trkpt>
      <trkpt lat="54.643135350197554" lon="19.00198705494404">
        <ele>0.0</ele>
      </trkpt>
      <trkpt lat="54.643163261935115" lon="19.001824529841542">
        <ele>0.0</ele>
      </trkpt>
      <trkpt lat="54.643178936094046" lon="19.00160266086459">
        <ele>0.0</ele>
      </trkpt>
      <trkpt lat="54.64327574707568" lon="19.000597586855292">
        <ele>0.0</ele>
      </trkpt>
      <trkpt lat="54.643272729590535" lon="19.000585516914725">
        <ele>0.0</ele>
      </trkpt>
      <trkpt lat="54.64330072514713" lon="19.000374795868993">
        <ele>0.0</ele>
      </trkpt>
      <trkpt lat="54.643465261906385" lon="18.99938380345702">
        <ele>0.0</ele>
      </trkpt>
      <trkpt lat="54.643465764820576" lon="18.999166879802942">
        <ele>0.0</ele>
      </trkpt>
      <trkpt lat="54.64350641705096" lon="18.99875734001398">
        <ele>0.0</ele>
      </trkpt>
      <trkpt lat="54.643648993223906" lon="18.997885202988982">
        <ele>0.0</ele>
      </trkpt>
      <trkpt lat="54.64364714920521" lon="18.997759642079473">
        <ele>0.0</ele>
      </trkpt>
      <trkpt lat="54.643675815314054" lon="18.99745663627982">
        <ele>0.0</ele>
      </trkpt>
      <trkpt lat="54.64377522468567" lon="18.99633270688355">
        <ele>0.0</ele>
      </trkpt>
      <trkpt lat="54.64378159493208" lon="18.99627210572362">
        <ele>0.0</ele>
      </trkpt>
      <trkpt lat="54.64385049417615" lon="18.995947558432817">
        <ele>0.0</ele>
      </trkpt>
      <trkpt lat="54.644125420600176" lon="18.99463822133839">
        <ele>0.0</ele>
      </trkpt>
      <trkpt lat="54.644130198284984" lon="18.994582733139396">
        <ele>0.0</ele>
      </trkpt>
      <trkpt lat="54.64417118579149" lon="18.994313003495336">
        <ele>0.0</ele>
      </trkpt>
      <trkpt lat="54.644227009266615" lon="18.99401812814176">
        <ele>0.0</ele>
      </trkpt>
      <trkpt lat="54.6443712618202" lon="18.99329535663128">
        <ele>0.0</ele>
      </trkpt>
      <trkpt lat="54.644320802763104" lon="18.993187062442303">
        <ele>0.0</ele>
      </trkpt>
      <trkpt lat="54.64436195790768" lon="18.992935521528125">
        <ele>0.0</ele>
      </trkpt>
      <trkpt lat="54.64457561261952" lon="18.991702375933528">
        <ele>0.0</ele>
      </trkpt>
      <trkpt lat="54.6446041110903" lon="18.991653341799974">
        <ele>0.0</ele>
      </trkpt>
      <trkpt lat="54.64465079829097" lon="18.9913135394454">
        <ele>0.0</ele>
      </trkpt>
      <trkpt lat="54.6447201166302" lon="18.99093098938465">
        <ele>0.0</ele>
      </trkpt>
      <trkpt lat="54.644812904298306" lon="18.990156836807728">
        <ele>0.0</ele>
      </trkpt>
      <trkpt lat="54.64489580132067" lon="18.989928010851145">
        <ele>0.0</ele>
      </trkpt>
      <trkpt lat="54.64496361091733" lon="18.98961704224348">
        <ele>0.0</ele>
      </trkpt>
      <trkpt lat="54.64515237137675" lon="18.98872420191765">
        <ele>0.0</ele>
      </trkpt>
      <trkpt lat="54.64521875604987" lon="18.988561844453216">
        <ele>0.0</ele>
      </trkpt>
      <trkpt lat="54.64524121955037" lon="18.988277949392796">
        <ele>0.0</ele>
      </trkpt>
      <trkpt lat="54.645422268658876" lon="18.987058214843273">
        <ele>0.0</ele>
      </trkpt>
      <trkpt lat="54.64547323063016" lon="18.986942460760474">
        <ele>0.0</ele>
      </trkpt>
      <trkpt lat="54.64552251622081" lon="18.986631575971842">
        <ele>0.0</ele>
      </trkpt>
      <trkpt lat="54.64573558419943" lon="18.98553991690278">
        <ele>0.0</ele>
      </trkpt>
      <trkpt lat="54.64572208933532" lon="18.985487027093768">
        <ele>0.0</ele>
      </trkpt>
      <trkpt lat="54.64580993168056" lon="18.985183769837022">
        <ele>0.0</ele>
      </trkpt>
      <trkpt lat="54.64602693915367" lon="18.9836997538805">
        <ele>0.0</ele>
      </trkpt>
      <trkpt lat="54.64603272266686" lon="18.983666142448783">
        <ele>0.0</ele>
      </trkpt>
      <trkpt lat="54.64611486531794" lon="18.98333220742643">
        <ele>0.0</ele>
      </trkpt>
      <trkpt lat="54.646157110109925" lon="18.982948819175363">
        <ele>0.0</ele>
      </trkpt>
      <trkpt lat="54.64633614756167" lon="18.981740567833185">
        <ele>0.0</ele>
      </trkpt>
      <trkpt lat="54.64634696021676" lon="18.981650127097964">
        <ele>0.0</ele>
      </trkpt>
      <trkpt lat="54.64642885141075" lon="18.981241257861257">
        <ele>0.0</ele>
      </trkpt>
      <trkpt lat="54.64661333709955" lon="18.97981214337051">
        <ele>0.0</ele>
      </trkpt>
      <trkpt lat="54.64661375619471" lon="18.979800576344132">
        <ele>0.0</ele>
      </trkpt>
      <trkpt lat="54.6466901153326" lon="18.97957761771977">
        <ele>0.0</ele>
      </trkpt>
      <trkpt lat="54.64674677699804" lon="18.979486171156168">
        <ele>0.0</ele>
      </trkpt>
      <trkpt lat="54.64682037010789" lon="18.979697562754154">
        <ele>0.0</ele>
      </trkpt>
      <trkpt lat="54.64682447724044" lon="18.97976193577051">
        <ele>0.0</ele>
      </trkpt>
      <trkpt lat="54.64691282249987" lon="18.98001347668469">
        <ele>0.0</ele>
      </trkpt>
      <trkpt lat="54.64701005257666" lon="18.980338778346777">
        <ele>0.0</ele>
      </trkpt>
      <trkpt lat="54.64747801423073" lon="18.981496235355735">
        <ele>0.0</ele>
      </trkpt>
      <trkpt lat="54.647487150505185" lon="18.98152431473136">
        <ele>0.0</ele>
      </trkpt>
      <trkpt lat="54.64763190597296" lon="18.98174023255706">
        <ele>0.0</ele>
      </trkpt>
      <trkpt lat="54.64781421236694" lon="18.981928322464228">
        <ele>0.0</ele>
      </trkpt>
      <trkpt lat="54.648224506527185" lon="18.98254120722413">
        <ele>0.0</ele>
      </trkpt>
      <trkpt lat="54.64838543906808" lon="18.982714377343655">
        <ele>0.0</ele>
      </trkpt>
      <trkpt lat="54.6485863532871" lon="18.982952507212758">
        <ele>0.0</ele>
      </trkpt>
      <trkpt lat="54.649166548624635" lon="18.98371484130621">
        <ele>0.0</ele>
      </trkpt>
      <trkpt lat="54.64923360385001" lon="18.983880802989006">
        <ele>0.0</ele>
      </trkpt>
      <trkpt lat="54.64935891330242" lon="18.984073754400015">
        <ele>0.0</ele>
      </trkpt>
      <trkpt lat="54.64986911974847" lon="18.9850502461195">
        <ele>0.0</ele>
      </trkpt>
      <trkpt lat="54.65004472061992" lon="18.985249819234014">
        <ele>0.0</ele>
      </trkpt>
      <trkpt lat="54.65020171366632" lon="18.985531954094768">
        <ele>0.0</ele>
      </trkpt>
      <trkpt lat="54.65078107081354" lon="18.98639059625566">
        <ele>0.0</ele>
      </trkpt>
      <trkpt lat="54.65084460563958" lon="18.986481204628944">
        <ele>0.0</ele>
      </trkpt>
      <trkpt lat="54.65098433196545" lon="18.986653788015246">
        <ele>0.0</ele>
      </trkpt>
      <trkpt lat="54.651470901444554" lon="18.98721386678517">
        <ele>0.0</ele>
      </trkpt>
      <trkpt lat="54.651570059359074" lon="18.98739122785628">
        <ele>0.0</ele>
      </trkpt>
      <trkpt lat="54.65165622532368" lon="18.987535061314702">
        <ele>0.0</ele>
      </trkpt>
      <trkpt lat="54.651811458170414" lon="18.987774113193154">
        <ele>0.0</ele>
      </trkpt>
      <trkpt lat="54.652214627712965" lon="18.988267304375768">
        <ele>0.0</ele>
      </trkpt>
      <trkpt lat="54.65227070264518" lon="18.98843360133469">
        <ele>0.0</ele>
      </trkpt>
      <trkpt lat="54.65242249891162" lon="18.988657984882593">
        <ele>0.0</ele>
      </trkpt>
      <trkpt lat="54.65286145918071" lon="18.98921730928123">
        <ele>0.0</ele>
      </trkpt>
      <trkpt lat="54.652874786406755" lon="18.989222506061196">
        <ele>0.0</ele>
      </trkpt>
      <trkpt lat="54.652943182736635" lon="18.98932132869959">
        <ele>0.0</ele>
      </trkpt>
      <trkpt lat="54.653056003153324" lon="18.989535318687558">
        <ele>0.0</ele>
      </trkpt>
      <trkpt lat="54.653348196297884" lon="18.990077124908566">
        <ele>0.0</ele>
      </trkpt>
      <trkpt lat="54.65352932922542" lon="18.990199081599712">
        <ele>0.0</ele>
      </trkpt>
      <trkpt lat="54.653672743588686" lon="18.99034710600972">
        <ele>0.0</ele>
      </trkpt>
      <trkpt lat="54.65408773161471" lon="18.990950351580977">
        <ele>0.0</ele>
      </trkpt>
      <trkpt lat="54.65421203523874" lon="18.991052359342575">
        <ele>0.0</ele>
      </trkpt>
      <trkpt lat="54.65432913042605" lon="18.991301972419024">
        <ele>0.0</ele>
      </trkpt>
      <trkpt lat="54.65497554279864" lon="18.992000687867403">
        <ele>0.0</ele>
      </trkpt>
      <trkpt lat="54.65508123859763" lon="18.99220922961831">
        <ele>0.0</ele>
      </trkpt>
      <trkpt lat="54.655298832803965" lon="18.992488933727145">
        <ele>0.0</ele>
      </trkpt>
      <trkpt lat="54.65568817220628" lon="18.992945328354836">
        <ele>0.0</ele>
      </trkpt>
      <trkpt lat="54.65581281110644" lon="18.993153115734458">
        <ele>0.0</ele>
      </trkpt>
      <trkpt lat="54.65603291988373" lon="18.99342485703528">
        <ele>0.0</ele>
      </trkpt>
      <trkpt lat="54.65664186514914" lon="18.994036484509706">
        <ele>0.0</ele>
      </trkpt>
      <trkpt lat="54.656687965616584" lon="18.994212672114372">
        <ele>0.0</ele>
      </trkpt>
      <trkpt lat="54.65683540329337" lon="18.994390117004514">
        <ele>0.0</ele>
      </trkpt>
      <trkpt lat="54.65731082484126" lon="18.99487274698913">
        <ele>0.0</ele>
      </trkpt>
      <trkpt lat="54.657419957220554" lon="18.995085647329688">
        <ele>0.0</ele>
      </trkpt>
      <trkpt lat="54.65753462165594" lon="18.995312210172415">
        <ele>0.0</ele>
      </trkpt>
      <trkpt lat="54.65768247842789" lon="18.995531061664224">
        <ele>0.0</ele>
      </trkpt>
      <trkpt lat="54.658171478658915" lon="18.99614897556603">
        <ele>0.0</ele>
      </trkpt>
      <trkpt lat="54.65827038511634" lon="18.996299179270864">
        <ele>0.0</ele>
      </trkpt>
      <trkpt lat="54.65844095684588" lon="18.99643873795867">
        <ele>0.0</ele>
      </trkpt>
      <trkpt lat="54.65896734036505" lon="18.99720006622374">
        <ele>0.0</ele>
      </trkpt>
      <trkpt lat="54.65905208140612" lon="18.997336691245437">
        <ele>0.0</ele>
      </trkpt>
      <trkpt lat="54.65924235060811" lon="18.997557973489165">
        <ele>0.0</ele>
      </trkpt>
      <trkpt lat="54.659879291430116" lon="18.998412005603313">
        <ele>0.0</ele>
      </trkpt>
      <trkpt lat="54.65991776436567" lon="18.998482497408986">
        <ele>0.0</ele>
      </trkpt>
      <trkpt lat="54.660065956413746" lon="18.998675532639027">
        <ele>0.0</ele>
      </trkpt>
      <trkpt lat="54.660183135420084" lon="18.998838560655713">
        <ele>0.0</ele>
      </trkpt>
      <trkpt lat="54.66065294109285" lon="18.99953031912446">
        <ele>0.0</ele>
      </trkpt>
      <trkpt lat="54.66081831604242" lon="18.999655209481716">
        <ele>0.0</ele>
      </trkpt>
      <trkpt lat="54.66096910648048" lon="18.99986056610942">
        <ele>0.0</ele>
      </trkpt>
      <trkpt lat="54.66155391186476" lon="19.00070537813008">
        <ele>0.0</ele>
      </trkpt>
      <trkpt lat="54.66157520189881" lon="19.00072063319385">
        <ele>0.0</ele>
      </trkpt>
      <trkpt lat="54.66167813166976" lon="19.000874860212207">
        <ele>0.0</ele>
      </trkpt>
      <trkpt lat="54.6618021838367" lon="19.00103780440986">
        <ele>0.0</ele>
      </trkpt>
      <trkpt lat="54.6623064391315" lon="19.001710703596473">
        <ele>0.0</ele>
      </trkpt>
      <trkpt lat="54.66238187626004" lon="19.001839952543378">
        <ele>0.0</ele>
      </trkpt>
      <trkpt lat="54.662485057488084" lon="19.002026617527008">
        <ele>0.0</ele>
      </trkpt>
      <trkpt lat="54.66285176575184" lon="19.00258627720177">
        <ele>0.0</ele>
      </trkpt>
      <trkpt lat="54.6629919949919" lon="19.00276254862547">
        <ele>0.0</ele>
      </trkpt>
      <trkpt lat="54.66312685981393" lon="19.00289548560977">
        <ele>0.0</ele>
      </trkpt>
      <trkpt lat="54.66371971182525" lon="19.00364994071424">
        <ele>0.0</ele>
      </trkpt>
      <trkpt lat="54.66380847617984" lon="19.003869965672493">
        <ele>0.0</ele>
      </trkpt>
      <trkpt lat="54.663972510024905" lon="19.004084039479494">
        <ele>0.0</ele>
      </trkpt>
      <trkpt lat="54.66442429460585" lon="19.004645124077797">
        <ele>0.0</ele>
      </trkpt>
      <trkpt lat="54.6645306609571" lon="19.00485986843705">
        <ele>0.0</ele>
      </trkpt>
      <trkpt lat="54.66468128375709" lon="19.00508936494589">
        <ele>0.0</ele>
      </trkpt>
      <trkpt lat="54.66518310829997" lon="19.005786571651697">
        <ele>0.0</ele>
      </trkpt>
      <trkpt lat="54.66519584879279" lon="19.00596108287573">
        <ele>0.0</ele>
      </trkpt>
      <trkpt lat="54.66536834836006" lon="19.00620742700994">
        <ele>0.0</ele>
      </trkpt>
      <trkpt lat="54.66600411571562" lon="19.00689348578453">
        <ele>0.0</ele>
      </trkpt>
      <trkpt lat="54.666046779602766" lon="19.006944363936782">
        <ele>0.0</ele>
      </trkpt>
      <trkpt lat="54.666197737678885" lon="19.007192300632596">
        <ele>0.0</ele>
      </trkpt>
      <trkpt lat="54.66665983200073" lon="19.007826559245586">
        <ele>0.0</ele>
      </trkpt>
      <trkpt lat="54.66691330075264" lon="19.008194440975785">
        <ele>0.0</ele>
      </trkpt>
      <trkpt lat="54.667058726772666" lon="19.008427541702986">
        <ele>0.0</ele>
      </trkpt>
      <trkpt lat="54.66747287660837" lon="19.00908392854035">
        <ele>0.0</ele>
      </trkpt>
      <trkpt lat="54.6676822565496" lon="19.009244358167052">
        <ele>0.0</ele>
      </trkpt>
      <trkpt lat="54.6677824202925" lon="19.00943437591195">
        <ele>0.0</ele>
      </trkpt>
      <trkpt lat="54.66826865449548" lon="19.010189585387707">
        <ele>0.0</ele>
      </trkpt>
      <trkpt lat="54.668351970613" lon="19.010295029729605">
        <ele>0.0</ele>
      </trkpt>
      <trkpt lat="54.66847795061767" lon="19.010463254526258">
        <ele>0.0</ele>
      </trkpt>
      <trkpt lat="54.668965861201286" lon="19.01125936768949">
        <ele>0.0</ele>
      </trkpt>
      <trkpt lat="54.66910734772682" lon="19.011309323832393">
        <ele>0.0</ele>
      </trkpt>
      <trkpt lat="54.66920549981296" lon="19.01146899908781">
        <ele>0.0</ele>
      </trkpt>
      <trkpt lat="54.66934782452881" lon="19.011686677113175">
        <ele>0.0</ele>
      </trkpt>
      <trkpt lat="54.66978980228305" lon="19.01229914277792">
        <ele>0.0</ele>
      </trkpt>
      <trkpt lat="54.66991527937353" lon="19.012577421963215">
        <ele>0.0</ele>
      </trkpt>
      <trkpt lat="54.670034972950816" lon="19.01276676915586">
        <ele>0.0</ele>
      </trkpt>
      <trkpt lat="54.6705331094563" lon="19.013548884540796">
        <ele>0.0</ele>
      </trkpt>
      <trkpt lat="54.6706573292613" lon="19.013637229800224">
        <ele>0.0</ele>
      </trkpt>
      <trkpt lat="54.670800073072314" lon="19.01381333358586">
        <ele>0.0</ele>
      </trkpt>
      <trkpt lat="54.67139828950167" lon="19.01465881615877">
        <ele>0.0</ele>
      </trkpt>
      <trkpt lat="54.6713793464005" lon="19.014724614098668">
        <ele>0.0</ele>
      </trkpt>
      <trkpt lat="54.67150264419615" lon="19.014981016516685">
        <ele>0.0</ele>
      </trkpt>
      <trkpt lat="54.67190455645323" lon="19.015604546293616">
        <ele>0.0</ele>
      </trkpt>
      <trkpt lat="54.6720284409821" lon="19.01567160151899">
        <ele>0.0</ele>
      </trkpt>
      <trkpt lat="54.672162886708975" lon="19.01598776690662">
        <ele>0.0</ele>
      </trkpt>
      <trkpt lat="54.6725466940552" lon="19.016633173450828">
        <ele>0.0</ele>
      </trkpt>
      <trkpt lat="54.67263914644718" lon="19.016718668863177">
        <ele>0.0</ele>
      </trkpt>
      <trkpt lat="54.67271726578474" lon="19.016915811225772">
        <ele>0.0</ele>
      </trkpt>
      <trkpt lat="54.672865038737655" lon="19.017143128439784">
        <ele>0.0</ele>
      </trkpt>
      <trkpt lat="54.6732047572732" lon="19.017718713730574">
        <ele>0.0</ele>
      </trkpt>
      <trkpt lat="54.673365354537964" lon="19.01787050999701">
        <ele>0.0</ele>
      </trkpt>
      <trkpt lat="54.67349552549422" lon="19.018073603510857">
        <ele>0.0</ele>
      </trkpt>
      <trkpt lat="54.67408502474427" lon="19.018731582909822">
        <ele>0.0</ele>
      </trkpt>
      <trkpt lat="54.674052419140935" lon="19.018870387226343">
        <ele>0.0</ele>
      </trkpt>
      <trkpt lat="54.67415970750153" lon="19.019034085795283">
        <ele>0.0</ele>
      </trkpt>
      <trkpt lat="54.6743044629693" lon="19.019213961437345">
        <ele>0.0</ele>
      </trkpt>
      <trkpt lat="54.67473571188748" lon="19.01988023892045">
        <ele>0.0</ele>
      </trkpt>
      <trkpt lat="54.674886083230376" lon="19.02000965550542">
        <ele>0.0</ele>
      </trkpt>
      <trkpt lat="54.674982223659754" lon="19.020225824788213">
        <ele>0.0</ele>
      </trkpt>
      <trkpt lat="54.675462087616324" lon="19.02110173366964">
        <ele>0.0</ele>
      </trkpt>
      <trkpt lat="54.67573340982199" lon="19.02132553048432">
        <ele>0.0</ele>
      </trkpt>
      <trkpt lat="54.67592351138592" lon="19.021539017558098">
        <ele>0.0</ele>
      </trkpt>
      <trkpt lat="54.67642583884299" lon="19.022221388295293">
        <ele>0.0</ele>
      </trkpt>
      <trkpt lat="54.676528768613935" lon="19.02234342880547">
        <ele>0.0</ele>
      </trkpt>
      <trkpt lat="54.676737897098064" lon="19.02256336994469">
        <ele>0.0</ele>
      </trkpt>
      <trkpt lat="54.677242152392864" lon="19.0233210939914">
        <ele>0.0</ele>
      </trkpt>
      <trkpt lat="54.67734265141189" lon="19.02336166240275">
        <ele>0.0</ele>
      </trkpt>
      <trkpt lat="54.67748279683292" lon="19.023548746481538">
        <ele>0.0</ele>
      </trkpt>
      <trkpt lat="54.67802384868264" lon="19.02435651049018">
        <ele>0.0</ele>
      </trkpt>
      <trkpt lat="54.67812015675008" lon="19.02456136420369">
        <ele>0.0</ele>
      </trkpt>
      <trkpt lat="54.678299026563764" lon="19.024783484637737">
        <ele>0.0</ele>
      </trkpt>
      <trkpt lat="54.67881618998945" lon="19.025584124028683">
        <ele>0.0</ele>
      </trkpt>
      <trkpt lat="54.67887503094971" lon="19.025681437924504">
        <ele>0.0</ele>
      </trkpt>
      <trkpt lat="54.67901567928493" lon="19.025861313566566">
        <ele>0.0</ele>
      </trkpt>
      <trkpt lat="54.67955723404884" lon="19.02671031653881">
        <ele>0.0</ele>
      </trkpt>
      <trkpt lat="54.679626720026135" lon="19.02677385136485">
        <ele>0.0</ele>
      </trkpt>
      <trkpt lat="54.67979595065117" lon="19.02694928459823">
        <ele>0.0</ele>
      </trkpt>
      <trkpt lat="54.680274138227105" lon="19.027634589001536">
        <ele>0.0</ele>
      </trkpt>
      <trkpt lat="54.68032325617969" lon="19.02777263894677">
        <ele>0.0</ele>
      </trkpt>
      <trkpt lat="54.68049458228052" lon="19.027957879006863">
        <ele>0.0</ele>
      </trkpt>
      <trkpt lat="54.680903032422066" lon="19.028709903359413">
        <ele>0.0</ele>
      </trkpt>
      <trkpt lat="54.68115666881204" lon="19.02888961136341">
        <ele>0.0</ele>
      </trkpt>
      <trkpt lat="54.681294383481145" lon="19.029139392077923">
        <ele>0.0</ele>
      </trkpt>
      <trkpt lat="54.68185102567077" lon="19.029909018427134">
        <ele>0.0</ele>
      </trkpt>
      <trkpt lat="54.681920763105154" lon="19.02998797595501">
        <ele>0.0</ele>
      </trkpt>
      <trkpt lat="54.6820963639766" lon="19.03021479025483">
        <ele>0.0</ele>
      </trkpt>
      <trkpt lat="54.6826904732734" lon="19.03096430003643">
        <ele>0.0</ele>
      </trkpt>
      <trkpt lat="54.6827576123178" lon="19.031057339161634">
        <ele>0.0</ele>
      </trkpt>
      <trkpt lat="54.682930782437325" lon="19.031333355233073">
        <ele>0.0</ele>
      </trkpt>
      <trkpt lat="54.68373812735081" lon="19.032491985708475">
        <ele>0.0</ele>
      </trkpt>
      <trkpt lat="54.68377048149705" lon="19.032509587705135">
        <ele>0.0</ele>
      </trkpt>
      <trkpt lat="54.68445519916713" lon="19.033440062776208">
        <ele>0.0</ele>
      </trkpt>
      <trkpt lat="54.6844622399658" lon="19.033463029190898">
        <ele>0.0</ele>
      </trkpt>
      <trkpt lat="54.684588219970465" lon="19.03361809439957">
        <ele>0.0</ele>
      </trkpt>
      <trkpt lat="54.684863397851586" lon="19.03392881155014">
        <ele>0.0</ele>
      </trkpt>
      <trkpt lat="54.68543001450598" lon="19.03449811041355">
        <ele>0.0</ele>
      </trkpt>
      <trkpt lat="54.68549874611199" lon="19.034693827852607">
        <ele>0.0</ele>
      </trkpt>
      <trkpt lat="54.68568448908627" lon="19.03498861938715">
        <ele>0.0</ele>
      </trkpt>
      <trkpt lat="54.68623853288591" lon="19.035795964300632">
        <ele>0.0</ele>
      </trkpt>
      <trkpt lat="54.68630885705352" lon="19.03587006032467">
        <ele>0.0</ele>
      </trkpt>
      <trkpt lat="54.68645931221545" lon="19.036060497164726">
        <ele>0.0</ele>
      </trkpt>
      <trkpt lat="54.687078818678856" lon="19.036966413259506">
        <ele>0.0</ele>
      </trkpt>
      <trkpt lat="54.68708862550557" lon="19.036973789334297">
        <ele>0.0</ele>
      </trkpt>
      <trkpt lat="54.68725894577801" lon="19.037194987758994">
        <ele>0.0</ele>
      </trkpt>
      <trkpt lat="54.68786822631955" lon="19.037985485047102">
        <ele>0.0</ele>
      </trkpt>
      <trkpt lat="54.68795841559768" lon="19.03816812671721">
        <ele>0.0</ele>
      </trkpt>
      <trkpt lat="54.688169388100505" lon="19.038388822227716">
        <ele>0.0</ele>
      </trkpt>
      <trkpt lat="54.68883859924972" lon="19.039312340319157">
        <ele>0.0</ele>
      </trkpt>
      <trkpt lat="54.68885963782668" lon="19.039334217086434">
        <ele>0.0</ele>
      </trkpt>
      <trkpt lat="54.6890830155462" lon="19.03963747434318">
        <ele>0.0</ele>
      </trkpt>
      <trkpt lat="54.68973915092647" lon="19.04044901020825">
        <ele>0.0</ele>
      </trkpt>
      <trkpt lat="54.68977150507271" lon="19.040514305233955">
        <ele>0.0</ele>
      </trkpt>
      <trkpt lat="54.68997116200626" lon="19.040783531963825">
        <ele>0.0</ele>
      </trkpt>
      <trkpt lat="54.69067390076816" lon="19.041752563789487">
        <ele>0.0</ele>
      </trkpt>
      <trkpt lat="54.69067842699587" lon="19.041757509112358">
        <ele>0.0</ele>
      </trkpt>
      <trkpt lat="54.69083080999553" lon="19.04201215133071">
        <ele>0.0</ele>
      </trkpt>
      <trkpt lat="54.6913952473551" lon="19.04302845709026">
        <ele>0.0</ele>
      </trkpt>
      <trkpt lat="54.69141620211303" lon="19.043055614456534">
        <ele>0.0</ele>
      </trkpt>
      <trkpt lat="54.69158275052905" lon="19.0433216560632">
        <ele>0.0</ele>
      </trkpt>
      <trkpt lat="54.69187100417912" lon="19.043646454811096">
        <ele>0.0</ele>
      </trkpt>
      <trkpt lat="54.69233117066324" lon="19.044416081160307">
        <ele>0.0</ele>
      </trkpt>
      <trkpt lat="54.69237391836941" lon="19.044529320672154">
        <ele>0.0</ele>
      </trkpt>
      <trkpt lat="54.692513309419155" lon="19.044718081131577">
        <ele>0.0</ele>
      </trkpt>
      <trkpt lat="54.69308101572096" lon="19.045645035803318">
        <ele>0.0</ele>
      </trkpt>
      <trkpt lat="54.69324588775635" lon="19.04584444127977">
        <ele>0.0</ele>
      </trkpt>
      <trkpt lat="54.69338217750192" lon="19.04604393057525">
        <ele>0.0</ele>
      </trkpt>
      <trkpt lat="54.69403127208352" lon="19.04709443449974">
        <ele>0.0</ele>
      </trkpt>
      <trkpt lat="54.69429077580571" lon="19.047344215214252">
        <ele>0.0</ele>
      </trkpt>
      <trkpt lat="54.69478648155928" lon="19.04811803251505">
        <ele>0.0</ele>
      </trkpt>
      <trkpt lat="54.69492796808481" lon="19.04845867305994">
        <ele>0.0</ele>
      </trkpt>
      <trkpt lat="54.69552693888545" lon="19.04944430105388">
        <ele>0.0</ele>
      </trkpt>
      <trkpt lat="54.69557446427643" lon="19.04948813840747">
        <ele>0.0</ele>
      </trkpt>
      <trkpt lat="54.695731960237026" lon="19.049580171704292">
        <ele>0.0</ele>
      </trkpt>
      <trkpt lat="54.69624811783433" lon="19.050349881872535">
        <ele>0.0</ele>
      </trkpt>
      <trkpt lat="54.696277705952525" lon="19.050376871600747">
        <ele>0.0</ele>
      </trkpt>
      <trkpt lat="54.69641785137355" lon="19.05060913413763">
        <ele>0.0</ele>
      </trkpt>
      <trkpt lat="54.69663477502763" lon="19.050869643688202">
        <ele>0.0</ele>
      </trkpt>
      <trkpt lat="54.69702897593379" lon="19.051355374976993">
        <ele>0.0</ele>
      </trkpt>
      <trkpt lat="54.69716970808804" lon="19.051502058282495">
        <ele>0.0</ele>
      </trkpt>
      <trkpt lat="54.69729979522526" lon="19.051765585318208">
        <ele>0.0</ele>
      </trkpt>
      <trkpt lat="54.69776188954711" lon="19.052621545270085">
        <ele>0.0</ele>
      </trkpt>
      <trkpt lat="54.69792298972607" lon="19.052779795601964">
        <ele>0.0</ele>
      </trkpt>
      <trkpt lat="54.698151061311364" lon="19.05319738201797">
        <ele>0.0</ele>
      </trkpt>
      <trkpt lat="54.69873980619013" lon="19.05437596142292">
        <ele>0.0</ele>
      </trkpt>
      <trkpt lat="54.69872857443988" lon="19.05436623841524">
        <ele>0.0</ele>
      </trkpt>
      <trkpt lat="54.69890082255006" lon="19.054604787379503">
        <ele>0.0</ele>
      </trkpt>
      <trkpt lat="54.69943064264953" lon="19.055351112037897">
        <ele>0.0</ele>
      </trkpt>
      <trkpt lat="54.69947950914502" lon="19.055880596861243">
        <ele>0.0</ele>
      </trkpt>
      <trkpt lat="54.699619906023145" lon="19.056172287091613">
        <ele>0.0</ele>
      </trkpt>
      <trkpt lat="54.7002265881747" lon="19.05730568803847">
        <ele>0.0</ele>
      </trkpt>
      <trkpt lat="54.70029674470425" lon="19.057420939207077">
        <ele>0.0</ele>
      </trkpt>
      <trkpt lat="54.70052221789956" lon="19.057771554216743">
        <ele>0.0</ele>
      </trkpt>
      <trkpt lat="54.701036950573325" lon="19.05853757634759">
        <ele>0.0</ele>
      </trkpt>
      <trkpt lat="54.70106712542474" lon="19.058604799211025">
        <ele>0.0</ele>
      </trkpt>
      <trkpt lat="54.70128966495395" lon="19.05881753191352">
        <ele>0.0</ele>
      </trkpt>
      <trkpt lat="54.70189265906811" lon="19.05971674248576">
        <ele>0.0</ele>
      </trkpt>
      <trkpt lat="54.70191076397896" lon="19.059791173785925">
        <ele>0.0</ele>
      </trkpt>
      <trkpt lat="54.702254170551896" lon="19.060199791565537">
        <ele>0.0</ele>
      </trkpt>
      <trkpt lat="54.70277225598693" lon="19.060821142047644">
        <ele>0.0</ele>
      </trkpt>
      <trkpt lat="54.702946934849024" lon="19.061052482575178">
        <ele>0.0</ele>
      </trkpt>
      <trkpt lat="54.70354783348739" lon="19.06196527183056">
        <ele>0.0</ele>
      </trkpt>
      <trkpt lat="54.703597789630294" lon="19.06203811056912">
        <ele>0.0</ele>
      </trkpt>
      <trkpt lat="54.7039878834039" lon="19.062297949567437">
        <ele>0.0</ele>
      </trkpt>
      <trkpt lat="54.70453379675746" lon="19.062584862113">
        <ele>0.0</ele>
      </trkpt>
      <trkpt lat="54.70462465658784" lon="19.062760462984443">
        <ele>0.0</ele>
      </trkpt>
      <trkpt lat="54.70531507395208" lon="19.063791688531637">
        <ele>0.0</ele>
      </trkpt>
      <trkpt lat="54.705419931560755" lon="19.06410701572895">
        <ele>0.0</ele>
      </trkpt>
      <trkpt lat="54.70640237443149" lon="19.065089374780655">
        <ele>0.0</ele>
      </trkpt>
      <trkpt lat="54.706646958366036" lon="19.065160201862454">
        <ele>0.0</ele>
      </trkpt>
      <trkpt lat="54.70693998970091" lon="19.065581057220697">
        <ele>0.0</ele>
      </trkpt>
      <trkpt lat="54.70692121423781" lon="19.06595011241734">
        <ele>0.0</ele>
      </trkpt>
      <trkpt lat="54.7072618547827" lon="19.066425198689103">
        <ele>0.0</ele>
      </trkpt>
      <trkpt lat="54.7076210193336" lon="19.06743203289807">
        <ele>0.0</ele>
      </trkpt>
      <trkpt lat="54.707671562209725" lon="19.06747318804264">
        <ele>0.0</ele>
      </trkpt>
      <trkpt lat="54.707639291882515" lon="19.067484252154827">
        <ele>0.0</ele>
      </trkpt>
      <trkpt lat="54.707947578281164" lon="19.0678206179291">
        <ele>0.0</ele>
      </trkpt>
      <trkpt lat="54.70828847028315" lon="19.068279610946774">
        <ele>0.0</ele>
      </trkpt>
      <trkpt lat="54.708730950951576" lon="19.0686150547117">
        <ele>0.0</ele>
      </trkpt>
      <trkpt lat="54.70876003615558" lon="19.068634249269962">
        <ele>0.0</ele>
      </trkpt>
      <trkpt lat="54.7141105402261" lon="19.07744321040809">
        <ele>0.0</ele>
      </trkpt>
      <trkpt lat="54.71414448693395" lon="19.077870352193713">
        <ele>0.0</ele>
      </trkpt>
      <trkpt lat="54.71430407837033" lon="19.078276036307216">
        <ele>0.0</ele>
      </trkpt>
      <trkpt lat="54.714445900171995" lon="19.078699573874474">
        <ele>0.0</ele>
      </trkpt>
      <trkpt lat="54.71445403061807" lon="19.078974165022373">
        <ele>0.0</ele>
      </trkpt>
      <trkpt lat="54.71461747772992" lon="19.07953893765807">
        <ele>0.0</ele>
      </trkpt>
      <trkpt lat="54.71486390568316" lon="19.080223236232996">
        <ele>0.0</ele>
      </trkpt>
      <trkpt lat="54.71489910967648" lon="19.08029330894351">
        <ele>0.0</ele>
      </trkpt>
      <trkpt lat="54.71832864917815" lon="19.08722405321896">
        <ele>0.0</ele>
      </trkpt>
      <trkpt lat="54.71847340464592" lon="19.08742086030543">
        <ele>0.0</ele>
      </trkpt>
      <trkpt lat="54.72139441408217" lon="19.0923785045743">
        <ele>0.0</ele>
      </trkpt>
      <trkpt lat="54.721542270854115" lon="19.092405326664448">
        <ele>0.0</ele>
      </trkpt>
      <trkpt lat="54.72407125867903" lon="19.096637265756726">
        <ele>0.0</ele>
      </trkpt>
      <trkpt lat="54.724407540634274" lon="19.097589533776045">
        <ele>0.0</ele>
      </trkpt>
      <trkpt lat="54.72459822893143" lon="19.097457686439157">
        <ele>0.0</ele>
      </trkpt>
      <trkpt lat="54.72552333958447" lon="19.09837986342609">
        <ele>0.0</ele>
      </trkpt>
      <trkpt lat="54.72550733014941" lon="19.098633248358965">
        <ele>0.0</ele>
      </trkpt>
      <trkpt lat="54.725795751437545" lon="19.09927546977997">
        <ele>0.0</ele>
      </trkpt>
      <trkpt lat="54.72585517913103" lon="19.099297933280468">
        <ele>0.0</ele>
      </trkpt>
      <trkpt lat="54.726038156077266" lon="19.099466493353248">
        <ele>0.0</ele>
      </trkpt>
      <trkpt lat="54.72692529670894" lon="19.100428400561213">
        <ele>0.0</ele>
      </trkpt>
      <trkpt lat="54.727126294746995" lon="19.100757222622633">
        <ele>0.0</ele>
      </trkpt>
      <trkpt lat="54.72744162194431" lon="19.10142693668604">
        <ele>0.0</ele>
      </trkpt>
      <trkpt lat="54.72743860445917" lon="19.10160580649972">
        <ele>0.0</ele>
      </trkpt>
      <trkpt lat="54.72757179290056" lon="19.101786771789193">
        <ele>0.0</ele>
      </trkpt>
      <trkpt lat="54.72849816083908" lon="19.10281665623188">
        <ele>0.0</ele>
      </trkpt>
      <trkpt lat="54.728604946285486" lon="19.103024527430534">
        <ele>0.0</ele>
      </trkpt>
      <trkpt lat="54.72876688465476" lon="19.103369023650885">
        <ele>0.0</ele>
      </trkpt>
      <trkpt lat="54.72890803590417" lon="19.103528866544366">
        <ele>0.0</ele>
      </trkpt>
      <trkpt lat="54.72907265648246" lon="19.10384964197874">
        <ele>0.0</ele>
      </trkpt>
      <trkpt lat="54.7297334857285" lon="19.10473058000207">
        <ele>0.0</ele>
      </trkpt>
      <trkpt lat="54.72974153235555" lon="19.104847591370344">
        <ele>0.0</ele>
      </trkpt>
      <trkpt lat="54.72989123314619" lon="19.105168115347624">
        <ele>0.0</ele>
      </trkpt>
      <trkpt lat="54.73046137019992" lon="19.10587244667113">
        <ele>0.0</ele>
      </trkpt>
      <trkpt lat="54.73054560832679" lon="19.10587454214692">
        <ele>0.0</ele>
      </trkpt>
      <trkpt lat="54.73152218386531" lon="19.107315223664045">
        <ele>0.0</ele>
      </trkpt>
      <trkpt lat="54.7321548499167" lon="19.108150228857994">
        <ele>0.0</ele>
      </trkpt>
      <trkpt lat="54.732413683086634" lon="19.10858642309904">
        <ele>0.0</ele>
      </trkpt>
      <trkpt lat="54.73299169912934" lon="19.109299136325717">
        <ele>0.0</ele>
      </trkpt>
      <trkpt lat="54.73300653509796" lon="19.109374824911356">
        <ele>0.0</ele>
      </trkpt>
      <trkpt lat="54.73366677761078" lon="19.110196754336357">
        <ele>0.0</ele>
      </trkpt>
      <trkpt lat="54.733657808974385" lon="19.110293732956052">
        <ele>0.0</ele>
      </trkpt>
      <trkpt lat="54.73379929549992" lon="19.110638480633497">
        <ele>0.0</ele>
      </trkpt>
      <trkpt lat="54.73454427905381" lon="19.11146141588688">
        <ele>0.0</ele>
      </trkpt>
      <trkpt lat="54.73463471978903" lon="19.11174480803311">
        <ele>0.0</ele>
      </trkpt>
      <trkpt lat="54.735294207930565" lon="19.112365571781993">
        <ele>0.0</ele>
      </trkpt>
      <trkpt lat="54.735322622582316" lon="19.112505465745926">
        <ele>0.0</ele>
      </trkpt>
      <trkpt lat="54.73601681180298" lon="19.11398369818926">
        <ele>0.0</ele>
      </trkpt>
      <trkpt lat="54.736053524538875" lon="19.114121245220304">
        <ele>0.0</ele>
      </trkpt>
      <trkpt lat="54.73660002462566" lon="19.115748507902026">
        <ele>0.0</ele>
      </trkpt>
      <trkpt lat="54.736680909991264" lon="19.115670807659626">
        <ele>0.0</ele>
      </trkpt>
      <trkpt lat="54.737211065366864" lon="19.11676607094705">
        <ele>0.0</ele>
      </trkpt>
      <trkpt lat="54.737406531348825" lon="19.1167514026165">
        <ele>0.0</ele>
      </trkpt>
      <trkpt lat="54.737893687561154" lon="19.117571990936995">
        <ele>0.0</ele>
      </trkpt>
      <trkpt lat="54.73788849078119" lon="19.11766259931028">
        <ele>0.0</ele>
      </trkpt>
      <trkpt lat="54.76628394797444" lon="18.94839526154101">
        <ele>0.0</ele>
      </trkpt>
      <trkpt lat="54.76633608341217" lon="18.948205495253205">
        <ele>0.0</ele>
      </trkpt>
      <trkpt lat="54.7663536015898" lon="18.947986727580428">
        <ele>0.0</ele>
      </trkpt>
      <trkpt lat="54.766376316547394" lon="18.947783801704645">
        <ele>0.0</ele>
      </trkpt>
      <trkpt lat="54.766559125855565" lon="18.946465412154794">
        <ele>0.0</ele>
      </trkpt>
      <trkpt lat="54.76655485108495" lon="18.946237927302718">
        <ele>0.0</ele>
      </trkpt>
      <trkpt lat="54.76656616665423" lon="18.9460386056453">
        <ele>0.0</ele>
      </trkpt>
      <trkpt lat="54.76665954105556" lon="18.944589206948876">
        <ele>0.0</ele>
      </trkpt>
      <trkpt lat="54.76661696098745" lon="18.944444116204977">
        <ele>0.0</ele>
      </trkpt>
      <trkpt lat="54.76665711030364" lon="18.94413398578763">
        <ele>0.0</ele>
      </trkpt>
      <trkpt lat="54.76660346612334" lon="18.94277947023511">
        <ele>0.0</ele>
      </trkpt>
      <trkpt lat="54.76659500040114" lon="18.94268073141575">
        <ele>0.0</ele>
      </trkpt>
      <trkpt lat="54.76666230708361" lon="18.94219659268856">
        <ele>0.0</ele>
      </trkpt>
      <trkpt lat="54.766771188005805" lon="18.940740320831537">
        <ele>0.0</ele>
      </trkpt>
      <trkpt lat="54.76676406338811" lon="18.940638480708003">
        <ele>0.0</ele>
      </trkpt>
      <trkpt lat="54.766790801659226" lon="18.940294068306684">
        <ele>0.0</ele>
      </trkpt>
      <trkpt lat="54.766771188005805" lon="18.9388910215348">
        <ele>0.0</ele>
      </trkpt>
      <trkpt lat="54.766753083094954" lon="18.93886260688305">
        <ele>0.0</ele>
      </trkpt>
      <trkpt lat="54.76671377196908" lon="18.938542753458023">
        <ele>0.0</ele>
      </trkpt>
      <trkpt lat="54.76670203730464" lon="18.938223738223314">
        <ele>0.0</ele>
      </trkpt>
      <trkpt lat="54.766703797504306" lon="18.93691943027079">
        <ele>0.0</ele>
      </trkpt>
      <trkpt lat="54.766690051183105" lon="18.93675221130252">
        <ele>0.0</ele>
      </trkpt>
      <trkpt lat="54.76663020439446" lon="18.93635398708284">
        <ele>0.0</ele>
      </trkpt>
      <trkpt lat="54.76643809117377" lon="18.934734351933002">
        <ele>0.0</ele>
      </trkpt>
      <trkpt lat="54.766431637108326" lon="18.934692526236176">
        <ele>0.0</ele>
      </trkpt>
      <trkpt lat="54.76637287996709" lon="18.934252224862576">
        <ele>0.0</ele>
      </trkpt>
      <trkpt lat="54.766167690977454" lon="18.93245916813612">
        <ele>0.0</ele>
      </trkpt>
      <trkpt lat="54.76607725024223" lon="18.93210201524198">
        <ele>0.0</ele>
      </trkpt>
      <trkpt lat="54.766013212502" lon="18.931736731901765">
        <ele>0.0</ele>
      </trkpt>
      <trkpt lat="54.76587776094675" lon="18.930396297946572">
        <ele>0.0</ele>
      </trkpt>
      <trkpt lat="54.765853118151426" lon="18.93017099238932">
        <ele>0.0</ele>
      </trkpt>
      <trkpt lat="54.76577038876712" lon="18.92968911677599">
        <ele>0.0</ele>
      </trkpt>
      <trkpt lat="54.76561473682523" lon="18.92775071784854">
        <ele>0.0</ele>
      </trkpt>
      <trkpt lat="54.76550191640854" lon="18.92747118137777">
        <ele>0.0</ele>
      </trkpt>
      <trkpt lat="54.76536319591105" lon="18.926221439614892">
        <ele>0.0</ele>
      </trkpt>
      <trkpt lat="54.7653070371598" lon="18.92624876461923">
        <ele>0.0</ele>
      </trkpt>
      <trkpt lat="54.76527040824294" lon="18.925854731351137">
        <ele>0.0</ele>
      </trkpt>
      <trkpt lat="54.76505700498819" lon="18.924269378185272">
        <ele>0.0</ele>
      </trkpt>
      <trkpt lat="54.765065805986524" lon="18.924178183078766">
        <ele>0.0</ele>
      </trkpt>
      <trkpt lat="54.76502766832709" lon="18.92377275042236">
        <ele>0.0</ele>
      </trkpt>
      <trkpt lat="54.764976035803556" lon="18.92232310026884">
        <ele>0.0</ele>
      </trkpt>
      <trkpt lat="54.76492448709905" lon="18.922105254605412">
        <ele>0.0</ele>
      </trkpt>
      <trkpt lat="54.76488869637251" lon="18.921593874692917">
        <ele>0.0</ele>
      </trkpt>
      <trkpt lat="54.76480772718787" lon="18.92052342183888">
        <ele>0.0</ele>
      </trkpt>
      <trkpt lat="54.76478761062026" lon="18.920301888138056">
        <ele>0.0</ele>
      </trkpt>
      <trkpt lat="54.76476573385298" lon="18.919968036934733">
        <ele>0.0</ele>
      </trkpt>
      <trkpt lat="54.76457831449807" lon="18.918486954644322">
        <ele>0.0</ele>
      </trkpt>
      <trkpt lat="54.764568004757166" lon="18.91832954250276">
        <ele>0.0</ele>
      </trkpt>
      <trkpt lat="54.764532297849655" lon="18.91791765578091">
        <ele>0.0</ele>
      </trkpt>
      <trkpt lat="54.76440455764532" lon="18.916257033124566">
        <ele>0.0</ele>
      </trkpt>
      <trkpt lat="54.764408664777875" lon="18.916226271539927">
        <ele>0.0</ele>
      </trkpt>
      <trkpt lat="54.764384692534804" lon="18.91589275561273">
        <ele>0.0</ele>
      </trkpt>
      <trkpt lat="54.76418210193515" lon="18.91404613852501">
        <ele>0.0</ele>
      </trkpt>
      <trkpt lat="54.76416416466236" lon="18.913697954267263">
        <ele>0.0</ele>
      </trkpt>
      <trkpt lat="54.76400054991245" lon="18.912009671330452">
        <ele>0.0</ele>
      </trkpt>
      <trkpt lat="54.76400717161596" lon="18.91169534996152">
        <ele>0.0</ele>
      </trkpt>
      <trkpt lat="54.763994766399264" lon="18.91135244630277">
        <ele>0.0</ele>
      </trkpt>
      <trkpt lat="54.76397565566003" lon="18.909454364329576">
        <ele>0.0</ele>
      </trkpt>
      <trkpt lat="54.76393014192581" lon="18.909343471750617">
        <ele>0.0</ele>
      </trkpt>
      <trkpt lat="54.76385227404535" lon="18.907912513241172">
        <ele>0.0</ele>
      </trkpt>
      <trkpt lat="54.763854537159204" lon="18.907874124124646">
        <ele>0.0</ele>
      </trkpt>
      <trkpt lat="54.76386266760528" lon="18.907557288184762">
        <ele>0.0</ele>
      </trkpt>
      <trkpt lat="54.763864846900105" lon="18.90723324380815">
        <ele>0.0</ele>
      </trkpt>
      <trkpt lat="54.76384213194251" lon="18.90578929334879">
        <ele>0.0</ele>
      </trkpt>
      <trkpt lat="54.763843305408955" lon="18.90559734776616">
        <ele>0.0</ele>
      </trkpt>
      <trkpt lat="54.7638442274183" lon="18.90513852238655">
        <ele>0.0</ele>
      </trkpt>
      <trkpt lat="54.76390667259693" lon="18.903672359883785">
        <ele>0.0</ele>
      </trkpt>
      <trkpt lat="54.76390264928341" lon="18.903525173664093">
        <ele>0.0</ele>
      </trkpt>
      <trkpt lat="54.763891752809286" lon="18.903141701593995">
        <ele>0.0</ele>
      </trkpt>
      <trkpt lat="54.76400809362531" lon="18.901357613503933">
        <ele>0.0</ele>
      </trkpt>
      <trkpt lat="54.76400935091078" lon="18.90128217637539">
        <ele>0.0</ele>
      </trkpt>
      <trkpt lat="54.76398998871446" lon="18.900979086756706">
        <ele>0.0</ele>
      </trkpt>
      <trkpt lat="54.764025779441" lon="18.90046225860715">
        <ele>0.0</ele>
      </trkpt>
      <trkpt lat="54.76412996649742" lon="18.899285858497024">
        <ele>0.0</ele>
      </trkpt>
      <trkpt lat="54.764148239046335" lon="18.899055272340775">
        <ele>0.0</ele>
      </trkpt>
      <trkpt lat="54.764165841042995" lon="18.898750757798553">
        <ele>0.0</ele>
      </trkpt>
      <trkpt lat="54.7642710339278" lon="18.897265987470746">
        <ele>0.0</ele>
      </trkpt>
      <trkpt lat="54.76427095010877" lon="18.897197926416993">
        <ele>0.0</ele>
      </trkpt>
      <trkpt lat="54.764277655631304" lon="18.89675159007311">
        <ele>0.0</ele>
      </trkpt>
      <trkpt lat="54.764405731111765" lon="18.89509918168187">
        <ele>0.0</ele>
      </trkpt>
      <trkpt lat="54.76440045051277" lon="18.89489684253931">
        <ele>0.0</ele>
      </trkpt>
      <trkpt lat="54.764402378350496" lon="18.89459534548223">
        <ele>0.0</ele>
      </trkpt>
      <trkpt lat="54.76438888348639" lon="18.893086686730385">
        <ele>0.0</ele>
      </trkpt>
      <trkpt lat="54.76438444107771" lon="18.893039915710688">
        <ele>0.0</ele>
      </trkpt>
      <trkpt lat="54.76437681354582" lon="18.892630375921726">
        <ele>0.0</ele>
      </trkpt>
      <trkpt lat="54.76438905112445" lon="18.892215555533767">
        <ele>0.0</ele>
      </trkpt>
      <trkpt lat="54.76442861370742" lon="18.890605811029673">
        <ele>0.0</ele>
      </trkpt>
      <trkpt lat="54.76444504223764" lon="18.890464073047042">
        <ele>0.0</ele>
      </trkpt>
      <trkpt lat="54.76444646716118" lon="18.890095939859748">
        <ele>0.0</ele>
      </trkpt>
      <trkpt lat="54.764584600925446" lon="18.888446548953652">
        <ele>0.0</ele>
      </trkpt>
      <trkpt lat="54.76458929479122" lon="18.88840639963746">
        <ele>0.0</ele>
      </trkpt>
      <trkpt lat="54.76458761841059" lon="18.888059221208096">
        <ele>0.0</ele>
      </trkpt>
      <trkpt lat="54.76461209356785" lon="18.887696787714958">
        <ele>0.0</ele>
      </trkpt>
      <trkpt lat="54.76469465531409" lon="18.886637315154076">
        <ele>0.0</ele>
      </trkpt>
      <trkpt lat="54.76470940746367" lon="18.886348390951753">
        <ele>0.0</ele>
      </trkpt>
      <trkpt lat="54.76472105830908" lon="18.88588403351605">
        <ele>0.0</ele>
      </trkpt>
      <trkpt lat="54.76471971720457" lon="18.884579725563526">
        <ele>0.0</ele>
      </trkpt>
      <trkpt lat="54.76474259980023" lon="18.884306643158197">
        <ele>0.0</ele>
      </trkpt>
      <trkpt lat="54.76478953845799" lon="18.883869275450706">
        <ele>0.0</ele>
      </trkpt>
      <trkpt lat="54.76488970220089" lon="18.882485507056117">
        <ele>0.0</ele>
      </trkpt>
      <trkpt lat="54.76486438885331" lon="18.882403699681163">
        <ele>0.0</ele>
      </trkpt>
      <trkpt lat="54.764824071899056" lon="18.882146291434765">
        <ele>0.0</ele>
      </trkpt>
      <trkpt lat="54.76480336859822" lon="18.880786411464214">
        <ele>0.0</ele>
      </trkpt>
      <trkpt lat="54.764806386083364" lon="18.880756236612797">
        <ele>0.0</ele>
      </trkpt>
      <trkpt lat="54.76481904275715" lon="18.880354408174753">
        <ele>0.0</ele>
      </trkpt>
      <trkpt lat="54.76484762504697" lon="18.87883317656815">
        <ele>0.0</ele>
      </trkpt>
      <trkpt lat="54.76483463309705" lon="18.878775760531425">
        <ele>0.0</ele>
      </trkpt>
      <trkpt lat="54.76475198753178" lon="18.878312408924103">
        <ele>0.0</ele>
      </trkpt>
      <trkpt lat="54.76473052985966" lon="18.877697763964534">
        <ele>0.0</ele>
      </trkpt>
      <trkpt lat="54.764671521261334" lon="18.87645833194256">
        <ele>0.0</ele>
      </trkpt>
      <trkpt lat="54.76469339802861" lon="18.87616286985576">
        <ele>0.0</ele>
      </trkpt>
      <trkpt lat="54.764691051095724" lon="18.875563144683838">
        <ele>0.0</ele>
      </trkpt>
      <trkpt lat="54.764732625335455" lon="18.87424341402948">
        <ele>0.0</ele>
      </trkpt>
      <trkpt lat="54.76473488844931" lon="18.874004613608122">
        <ele>0.0</ele>
      </trkpt>
      <trkpt lat="54.764732206240296" lon="18.873595660552382">
        <ele>0.0</ele>
      </trkpt>
      <trkpt lat="54.76480923593044" lon="18.87237257324159">
        <ele>0.0</ele>
      </trkpt>
      <trkpt lat="54.764799093827605" lon="18.872281797230244">
        <ele>0.0</ele>
      </trkpt>
      <trkpt lat="54.76477931253612" lon="18.871772177517414">
        <ele>0.0</ele>
      </trkpt>
      <trkpt lat="54.76494150236249" lon="18.869910053908825">
        <ele>0.0</ele>
      </trkpt>
      <trkpt lat="54.764867071062326" lon="18.869631104171276">
        <ele>0.0</ele>
      </trkpt>
      <trkpt lat="54.764869417995214" lon="18.869184013456106">
        <ele>0.0</ele>
      </trkpt>
      <trkpt lat="54.76495030336082" lon="18.86766110546887">
        <ele>0.0</ele>
      </trkpt>
      <trkpt lat="54.764930102974176" lon="18.867532778531313">
        <ele>0.0</ele>
      </trkpt>
      <trkpt lat="54.76490093395114" lon="18.867069259285927">
        <ele>0.0</ele>
      </trkpt>
      <trkpt lat="54.76487067528069" lon="18.86544467881322">
        <ele>0.0</ele>
      </trkpt>
      <trkpt lat="54.764862544834614" lon="18.865424478426576">
        <ele>0.0</ele>
      </trkpt>
      <trkpt lat="54.76488090120256" lon="18.865109737962484">
        <ele>0.0</ele>
      </trkpt>
      <trkpt lat="54.76489749737084" lon="18.8645442109555">
        <ele>0.0</ele>
      </trkpt>
      <trkpt lat="54.76490328088403" lon="18.86328935623169">
        <ele>0.0</ele>
      </trkpt>
      <trkpt lat="54.764889031648636" lon="18.863121382892132">
        <ele>0.0</ele>
      </trkpt>
      <trkpt lat="54.76485466584563" lon="18.86270010843873">
        <ele>0.0</ele>
      </trkpt>
      <trkpt lat="54.764826418831944" lon="18.861280800774693">
        <ele>0.0</ele>
      </trkpt>
      <trkpt lat="54.76484050042927" lon="18.861180553212762">
        <ele>0.0</ele>
      </trkpt>
      <trkpt lat="54.764854833483696" lon="18.860790794715285">
        <ele>0.0</ele>
      </trkpt>
      <trkpt lat="54.7648717649281" lon="18.859121706336737">
        <ele>0.0</ele>
      </trkpt>
      <trkpt lat="54.76488668471575" lon="18.859080132097006">
        <ele>0.0</ele>
      </trkpt>
      <trkpt lat="54.76490152068436" lon="18.85874317958951">
        <ele>0.0</ele>
      </trkpt>
      <trkpt lat="54.764927588403225" lon="18.85818670503795">
        <ele>0.0</ele>
      </trkpt>
      <trkpt lat="54.765006210654974" lon="18.857001336291432">
        <ele>0.0</ele>
      </trkpt>
      <trkpt lat="54.76501777768135" lon="18.856730768457055">
        <ele>0.0</ele>
      </trkpt>
      <trkpt lat="54.765018532052636" lon="18.856339417397976">
        <ele>0.0</ele>
      </trkpt>
      <trkpt lat="54.76508910767734" lon="18.854797147214413">
        <ele>0.0</ele>
      </trkpt>
      <trkpt lat="54.76510821841657" lon="18.854649793356657">
        <ele>0.0</ele>
      </trkpt>
      <trkpt lat="54.76510612294078" lon="18.85427126660943">
        <ele>0.0</ele>
      </trkpt>
      <trkpt lat="54.765051221475005" lon="18.85270468890667">
        <ele>0.0</ele>
      </trkpt>
      <trkpt lat="54.7650427557528" lon="18.852580301463604">
        <ele>0.0</ele>
      </trkpt>
      <trkpt lat="54.76506790146232" lon="18.852191297337413">
        <ele>0.0</ele>
      </trkpt>
      <trkpt lat="54.765046862885356" lon="18.850409220904112">
        <ele>0.0</ele>
      </trkpt>
      <trkpt lat="54.76505063474178" lon="18.850387427955866">
        <ele>0.0</ele>
      </trkpt>
      <trkpt lat="54.765034625306726" lon="18.84998735971749">
        <ele>0.0</ele>
      </trkpt>
      <trkpt lat="54.765021884813905" lon="18.848234619945288">
        <ele>0.0</ele>
      </trkpt>
      <trkpt lat="54.7650430072099" lon="18.847858859226108">
        <ele>0.0</ele>
      </trkpt>
      <trkpt lat="54.76504233665764" lon="18.847334822639823">
        <ele>0.0</ele>
      </trkpt>
      <trkpt lat="54.7650982439518" lon="18.84585466235876">
        <ele>0.0</ele>
      </trkpt>
      <trkpt lat="54.765096651390195" lon="18.845615023747087">
        <ele>0.0</ele>
      </trkpt>
      <trkpt lat="54.76510075852275" lon="18.84496576152742">
        <ele>0.0</ele>
      </trkpt>
      <trkpt lat="54.76518047042191" lon="18.843504125252366">
        <ele>0.0</ele>
      </trkpt>
      <trkpt lat="54.76514769718051" lon="18.843323411419988">
        <ele>0.0</ele>
      </trkpt>
      <trkpt lat="54.76518273353577" lon="18.842935161665082">
        <ele>0.0</ele>
      </trkpt>
      <trkpt lat="54.76522296667099" lon="18.841239921748638">
        <ele>0.0</ele>
      </trkpt>
      <trkpt lat="54.765216344967484" lon="18.84109885431826">
        <ele>0.0</ele>
      </trkpt>
      <trkpt lat="54.76525230333209" lon="18.84066978469491">
        <ele>0.0</ele>
      </trkpt>
      <trkpt lat="54.765296978875995" lon="18.83888376876712">
        <ele>0.0</ele>
      </trkpt>
      <trkpt lat="54.76531449705362" lon="18.83880313485861">
        <ele>0.0</ele>
      </trkpt>
      <trkpt lat="54.765342995524406" lon="18.838460901752114">
        <ele>0.0</ele>
      </trkpt>
      <trkpt lat="54.76535305380821" lon="18.837879449129105">
        <ele>0.0</ele>
      </trkpt>
      <trkpt lat="54.76536663249135" lon="18.836592072620988">
        <ele>0.0</ele>
      </trkpt>
      <trkpt lat="54.765359591692686" lon="18.836236596107483">
        <ele>0.0</ele>
      </trkpt>
      <trkpt lat="54.76539043709636" lon="18.83583183400333">
        <ele>0.0</ele>
      </trkpt>
      <trkpt lat="54.76546369493008" lon="18.834218652918935">
        <ele>0.0</ele>
      </trkpt>
      <trkpt lat="54.76548037491739" lon="18.8341133762151">
        <ele>0.0</ele>
      </trkpt>
      <trkpt lat="54.765516417101026" lon="18.83368673734367">
        <ele>0.0</ele>
      </trkpt>
      <trkpt lat="54.76566947065294" lon="18.8320049084723">
        <ele>0.0</ele>
      </trkpt>
      <trkpt lat="54.76567156612873" lon="18.831950929015875">
        <ele>0.0</ele>
      </trkpt>
      <trkpt lat="54.76569855585694" lon="18.831607857719064">
        <ele>0.0</ele>
      </trkpt>
      <trkpt lat="54.76578304544091" lon="18.829782782122493">
        <ele>0.0</ele>
      </trkpt>
      <trkpt lat="54.76577399298549" lon="18.82974657230079">
        <ele>0.0</ele>
      </trkpt>
      <trkpt lat="54.76575647480786" lon="18.829338708892465">
        <ele>0.0</ele>
      </trkpt>
      <trkpt lat="54.76572688668966" lon="18.82755554281175">
        <ele>0.0</ele>
      </trkpt>
      <trkpt lat="54.765705512836576" lon="18.82726427167654">
        <ele>0.0</ele>
      </trkpt>
      <trkpt lat="54.76574960164726" lon="18.826797483488917">
        <ele>0.0</ele>
      </trkpt>
      <trkpt lat="54.76586217060685" lon="18.82515488192439">
        <ele>0.0</ele>
      </trkpt>
      <trkpt lat="54.76586602628231" lon="18.825037283822894">
        <ele>0.0</ele>
      </trkpt>
      <trkpt lat="54.765879018232226" lon="18.824713323265314">
        <ele>0.0</ele>
      </trkpt>
      <trkpt lat="54.76595252752304" lon="18.823027722537518">
        <ele>0.0</ele>
      </trkpt>
      <trkpt lat="54.7659648489207" lon="18.8226331025362">
        <ele>0.0</ele>
      </trkpt>
      <trkpt lat="54.7660169005394" lon="18.82218542508781">
        <ele>0.0</ele>
      </trkpt>
      <trkpt lat="54.766084626317024" lon="18.820706270635128">
        <ele>0.0</ele>
      </trkpt>
      <trkpt lat="54.76605964824557" lon="18.82053636945784">
        <ele>0.0</ele>
      </trkpt>
      <trkpt lat="54.766104659065604" lon="18.820130433887243">
        <ele>0.0</ele>
      </trkpt>
      <trkpt lat="54.766135923564434" lon="18.81840887479484">
        <ele>0.0</ele>
      </trkpt>
      <trkpt lat="54.766127625480294" lon="18.818141743540764">
        <ele>0.0</ele>
      </trkpt>
      <trkpt lat="54.76613902486861" lon="18.81760605610907">
        <ele>0.0</ele>
      </trkpt>
      <trkpt lat="54.766158387064934" lon="18.81622178480029">
        <ele>0.0</ele>
      </trkpt>
      <trkpt lat="54.76608579978347" lon="18.816025480628014">
        <ele>0.0</ele>
      </trkpt>
      <trkpt lat="54.76607624441385" lon="18.81564318202436">
        <ele>0.0</ele>
      </trkpt>
      <trkpt lat="54.76610750891268" lon="18.81389295682311">
        <ele>0.0</ele>
      </trkpt>
      <trkpt lat="54.76608923636377" lon="18.8138020131737">
        <ele>0.0</ele>
      </trkpt>
      <trkpt lat="54.76608538068831" lon="18.81339205428958">
        <ele>0.0</ele>
      </trkpt>
      <trkpt lat="54.766094433143735" lon="18.812751090154052">
        <ele>0.0</ele>
      </trkpt>
      <trkpt lat="54.76614304818213" lon="18.811376290395856">
        <ele>0.0</ele>
      </trkpt>
      <trkpt lat="54.766132486984134" lon="18.811150901019573">
        <ele>0.0</ele>
      </trkpt>
      <trkpt lat="54.766157045960426" lon="18.81069869734347">
        <ele>0.0</ele>
      </trkpt>
      <trkpt lat="54.766242457553744" lon="18.808970348909497">
        <ele>0.0</ele>
      </trkpt>
      <trkpt lat="54.766247319057584" lon="18.80888057872653">
        <ele>0.0</ele>
      </trkpt>
      <trkpt lat="54.76628126576543" lon="18.80859525874257">
        <ele>0.0</ele>
      </trkpt>
      <trkpt lat="54.76631957106292" lon="18.808176750317216">
        <ele>0.0</ele>
      </trkpt>
      <trkpt lat="54.76639953441918" lon="18.80685274489224">
        <ele>0.0</ele>
      </trkpt>
      <trkpt lat="54.76639878004789" lon="18.806629367172718">
        <ele>0.0</ele>
      </trkpt>
      <trkpt lat="54.76643825881183" lon="18.806277997791767">
        <ele>0.0</ele>
      </trkpt>
      <trkpt lat="54.7665557730943" lon="18.80448443815112">
        <ele>0.0</ele>
      </trkpt>
      <trkpt lat="54.766506822779775" lon="18.804367342963815">
        <ele>0.0</ele>
      </trkpt>
      <trkpt lat="54.76657153107226" lon="18.803973980247974">
        <ele>0.0</ele>
      </trkpt>
      <trkpt lat="54.766704300418496" lon="18.80223775282502">
        <ele>0.0</ele>
      </trkpt>
      <trkpt lat="54.766704300418496" lon="18.802203219383955">
        <ele>0.0</ele>
      </trkpt>
      <trkpt lat="54.76670413278043" lon="18.80188344977796">
        <ele>0.0</ele>
      </trkpt>
      <trkpt lat="54.76679524406791" lon="18.799959300085902">
        <ele>0.0</ele>
      </trkpt>
      <trkpt lat="54.766797507181764" lon="18.79958496429026">
        <ele>0.0</ele>
      </trkpt>
      <trkpt lat="54.76682189851999" lon="18.79909571260214">
        <ele>0.0</ele>
      </trkpt>
      <trkpt lat="54.76680806837976" lon="18.797718482092023">
        <ele>0.0</ele>
      </trkpt>
      <trkpt lat="54.76676423102617" lon="18.797458140179515">
        <ele>0.0</ele>
      </trkpt>
      <trkpt lat="54.76682030595839" lon="18.797039464116096">
        <ele>0.0</ele>
      </trkpt>
      <trkpt lat="54.7668250836432" lon="18.795279264450073">
        <ele>0.0</ele>
      </trkpt>
      <trkpt lat="54.76690077222884" lon="18.795190919190645">
        <ele>0.0</ele>
      </trkpt>
      <trkpt lat="54.766905046999454" lon="18.794805016368628">
        <ele>0.0</ele>
      </trkpt>
      <trkpt lat="54.76700931787491" lon="18.793039368465543">
        <ele>0.0</ele>
      </trkpt>
      <trkpt lat="54.76696095429361" lon="18.792776679620147">
        <ele>0.0</ele>
      </trkpt>
      <trkpt lat="54.76696447469294" lon="18.79237476736307">
        <ele>0.0</ele>
      </trkpt>
      <trkpt lat="54.766947124153376" lon="18.79095076583326">
        <ele>0.0</ele>
      </trkpt>
      <trkpt lat="54.76699071004987" lon="18.79072453826666">
        <ele>0.0</ele>
      </trkpt>
      <trkpt lat="54.76702339947224" lon="18.790295971557498">
        <ele>0.0</ele>
      </trkpt>
      <trkpt lat="54.767151894047856" lon="18.788923351094127">
        <ele>0.0</ele>
      </trkpt>
      <trkpt lat="54.76718232035637" lon="18.78878580406308">
        <ele>0.0</ele>
      </trkpt>
      <trkpt lat="54.76723713800311" lon="18.788420101627707">
        <ele>0.0</ele>
      </trkpt>
      <trkpt lat="54.76744685322046" lon="18.786932481452823">
        <ele>0.0</ele>
      </trkpt>
      <trkpt lat="54.76745205000043" lon="18.786900294944644">
        <ele>0.0</ele>
      </trkpt>
      <trkpt lat="54.76750083267689" lon="18.786583291366696">
        <ele>0.0</ele>
      </trkpt>
      <trkpt lat="54.76761918514967" lon="18.784880507737398">
        <ele>0.0</ele>
      </trkpt>
      <trkpt lat="54.76762890815735" lon="18.784828959032893">
        <ele>0.0</ele>
      </trkpt>
      <trkpt lat="54.7676848154515" lon="18.784473733976483">
        <ele>0.0</ele>
      </trkpt>
      <trkpt lat="54.767788080498576" lon="18.782838424667716">
        <ele>0.0</ele>
      </trkpt>
      <trkpt lat="54.7678351867944" lon="18.782512368634343">
        <ele>0.0</ele>
      </trkpt>
      <trkpt lat="54.76785287261009" lon="18.78210810944438">
        <ele>0.0</ele>
      </trkpt>
      <trkpt lat="54.76792696863413" lon="18.780826767906547">
        <ele>0.0</ele>
      </trkpt>
      <trkpt lat="54.76797700859606" lon="18.780650747939944">
        <ele>0.0</ele>
      </trkpt>
      <trkpt lat="54.76800584234297" lon="18.780234502628446">
        <ele>0.0</ele>
      </trkpt>
      <trkpt lat="54.768081698566675" lon="18.77861344255507">
        <ele>0.0</ele>
      </trkpt>
      <trkpt lat="54.768073316663504" lon="18.778509004041553">
        <ele>0.0</ele>
      </trkpt>
      <trkpt lat="54.76812838576734" lon="18.778132321313024">
        <ele>0.0</ele>
      </trkpt>
      <trkpt lat="54.76821966469288" lon="18.776320405304432">
        <ele>0.0</ele>
      </trkpt>
      <trkpt lat="54.768273727968335" lon="18.775780694559216">
        <ele>0.0</ele>
      </trkpt>
      <trkpt lat="54.768423680216074" lon="18.773855455219746">
        <ele>0.0</ele>
      </trkpt>
      <trkpt lat="54.76841965690255" lon="18.773456057533622">
        <ele>0.0</ele>
      </trkpt>
      <trkpt lat="54.768457878381014" lon="18.77292682416737">
        <ele>0.0</ele>
      </trkpt>
      <trkpt lat="54.76863750256598" lon="18.771493015810847">
        <ele>0.0</ele>
      </trkpt>
      <trkpt lat="54.7686573676765" lon="18.77130559645593">
        <ele>0.0</ele>
      </trkpt>
      <trkpt lat="54.76864722557366" lon="18.770906953141093">
        <ele>0.0</ele>
      </trkpt>
      <trkpt lat="54.76878695189953" lon="18.769183047115803">
        <ele>0.0</ele>
      </trkpt>
      <trkpt lat="54.768798770383" lon="18.76911054365337">
        <ele>0.0</ele>
      </trkpt>
      <trkpt lat="54.768806817010045" lon="18.76872749067843">
        <ele>0.0</ele>
      </trkpt>
      <trkpt lat="54.76900555193424" lon="18.766964860260487">
        <ele>0.0</ele>
      </trkpt>
      <trkpt lat="54.769028183072805" lon="18.76663176342845">
        <ele>0.0</ele>
      </trkpt>
      <trkpt lat="54.769048132002354" lon="18.7661852594465">
        <ele>0.0</ele>
      </trkpt>
      <trkpt lat="54.76913630962372" lon="18.76475648023188">
        <ele>0.0</ele>
      </trkpt>
      <trkpt lat="54.76917495019734" lon="18.764616502448916">
        <ele>0.0</ele>
      </trkpt>
      <trkpt lat="54.76928383111954" lon="18.764201011508703">
        <ele>0.0</ele>
      </trkpt>
      <trkpt lat="54.76952623575926" lon="18.76285521313548">
        <ele>0.0</ele>
      </trkpt>
      <trkpt lat="54.769519278779626" lon="18.7628473341465">
        <ele>0.0</ele>
      </trkpt>
      <trkpt lat="54.7696119826287" lon="18.762486912310123">
        <ele>0.0</ele>
      </trkpt>
      <trkpt lat="54.76973779499531" lon="18.761862544342875">
        <ele>0.0</ele>
      </trkpt>
      <trkpt lat="54.7699505276978" lon="18.760631745681167">
        <ele>0.0</ele>
      </trkpt>
      <trkpt lat="54.76996821351349" lon="18.760403422638774">
        <ele>0.0</ele>
      </trkpt>
      <trkpt lat="54.770026383921504" lon="18.760073175653815">
        <ele>0.0</ele>
      </trkpt>
      <trkpt lat="54.77020391263068" lon="18.758713463321328">
        <ele>0.0</ele>
      </trkpt>
      <trkpt lat="54.770276583731174" lon="18.75856007449329">
        <ele>0.0</ele>
      </trkpt>
      <trkpt lat="54.7703271266073" lon="18.75824633985758">
        <ele>0.0</ele>
      </trkpt>
      <trkpt lat="54.77058461867273" lon="18.756725946441293">
        <ele>0.0</ele>
      </trkpt>
      <trkpt lat="54.77059794589877" lon="18.756706584244967">
        <ele>0.0</ele>
      </trkpt>
      <trkpt lat="54.770640106871724" lon="18.756350269541144">
        <ele>0.0</ele>
      </trkpt>
      <trkpt lat="54.77088460698724" lon="18.754667602479458">
        <ele>0.0</ele>
      </trkpt>
      <trkpt lat="54.77096289396286" lon="18.754483871161938">
        <ele>0.0</ele>
      </trkpt>
      <trkpt lat="54.7710695117712" lon="18.75395287759602">
        <ele>0.0</ele>
      </trkpt>
      <trkpt lat="54.771308060735464" lon="18.752950988709927">
        <ele>0.0</ele>
      </trkpt>
      <trkpt lat="54.771359860897064" lon="18.752673212438822">
        <ele>0.0</ele>
      </trkpt>
      <trkpt lat="54.77143286727369" lon="18.75224598683417">
        <ele>0.0</ele>
      </trkpt>
      <trkpt lat="54.77180678397417" lon="18.750925585627556">
        <ele>0.0</ele>
      </trkpt>
      <trkpt lat="54.771833857521415" lon="18.750842437148094">
        <ele>0.0</ele>
      </trkpt>
      <trkpt lat="54.771917928010225" lon="18.750413451343775">
        <ele>0.0</ele>
      </trkpt>
      <trkpt lat="54.77231623604894" lon="18.74879490584135">
        <ele>0.0</ele>
      </trkpt>
      <trkpt lat="54.7723232768476" lon="18.748772023245692">
        <ele>0.0</ele>
      </trkpt>
      <trkpt lat="54.77241078391671" lon="18.748583514243364">
        <ele>0.0</ele>
      </trkpt>
      <trkpt lat="54.77249762043357" lon="18.748255111277103">
        <ele>0.0</ele>
      </trkpt>
      <trkpt lat="54.77271320298314" lon="18.74724643304944">
        <ele>0.0</ele>
      </trkpt>
      <trkpt lat="54.77274497039616" lon="18.747174683958292">
        <ele>0.0</ele>
      </trkpt>
      <trkpt lat="54.77281395345926" lon="18.746901685371995">
        <ele>0.0</ele>
      </trkpt>
      <trkpt lat="54.77305426262319" lon="18.74568429775536">
        <ele>0.0</ele>
      </trkpt>
      <trkpt lat="54.773057363927364" lon="18.74566024169326">
        <ele>0.0</ele>
      </trkpt>
      <trkpt lat="54.77312123402953" lon="18.74538472853601">
        <ele>0.0</ele>
      </trkpt>
      <trkpt lat="54.77321561425924" lon="18.74502120539546">
        <ele>0.0</ele>
      </trkpt>
      <trkpt lat="54.773502526804805" lon="18.744029542431235">
        <ele>0.0</ele>
      </trkpt>
      <trkpt lat="54.773481907323" lon="18.743807841092348">
        <ele>0.0</ele>
      </trkpt>
      <trkpt lat="54.77356564253569" lon="18.743451358750463">
        <ele>0.0</ele>
      </trkpt>
      <trkpt lat="54.7738410718739" lon="18.742552734911442">
        <ele>0.0</ele>
      </trkpt>
      <trkpt lat="54.77386487647891" lon="18.74216021038592">
        <ele>0.0</ele>
      </trkpt>
      <trkpt lat="54.77393712848425" lon="18.741852762177587">
        <ele>0.0</ele>
      </trkpt>
      <trkpt lat="54.774202248081565" lon="18.7405585963279">
        <ele>0.0</ele>
      </trkpt>
      <trkpt lat="54.77417995221913" lon="18.74046807177365">
        <ele>0.0</ele>
      </trkpt>
      <trkpt lat="54.77426955476403" lon="18.740190295502543">
        <ele>0.0</ele>
      </trkpt>
      <trkpt lat="54.77465545758605" lon="18.738856315612793">
        <ele>0.0</ele>
      </trkpt>
      <trkpt lat="54.774574572220445" lon="18.738728910684586">
        <ele>0.0</ele>
      </trkpt>
      <trkpt lat="54.774641962721944" lon="18.73836262151599">
        <ele>0.0</ele>
      </trkpt>
      <trkpt lat="54.7749066632241" lon="18.73706786893308">
        <ele>0.0</ele>
      </trkpt>
      <trkpt lat="54.77490071207285" lon="18.73700425028801">
        <ele>0.0</ele>
      </trkpt>
      <trkpt lat="54.77497899904847" lon="18.73666469939053">
        <ele>0.0</ele>
      </trkpt>
      <trkpt lat="54.77510564960539" lon="18.736139489337802">
        <ele>0.0</ele>
      </trkpt>
      <trkpt lat="54.7753799892962" lon="18.734962502494454">
        <ele>0.0</ele>
      </trkpt>
      <trkpt lat="54.77544360794127" lon="18.734767036512494">
        <ele>0.0</ele>
      </trkpt>
      <trkpt lat="54.775559697300196" lon="18.73430460691452">
        <ele>0.0</ele>
      </trkpt>
      <trkpt lat="54.77579900063574" lon="18.732917569577694">
        <ele>0.0</ele>
      </trkpt>
      <trkpt lat="54.77580805309117" lon="18.732718247920275">
        <ele>0.0</ele>
      </trkpt>
      <trkpt lat="54.77586630731821" lon="18.732279120013118">
        <ele>0.0</ele>
      </trkpt>
      <trkpt lat="54.77623754180968" lon="18.7306653521955">
        <ele>0.0</ele>
      </trkpt>
      <trkpt lat="54.77625363506377" lon="18.73068035580218">
        <ele>0.0</ele>
      </trkpt>
      <trkpt lat="54.77636553347111" lon="18.73041372746229">
        <ele>0.0</ele>
      </trkpt>
      <trkpt lat="54.77667482569814" lon="18.72933673672378">
        <ele>0.0</ele>
      </trkpt>
      <trkpt lat="54.77671849541366" lon="18.72928351163864">
        <ele>0.0</ele>
      </trkpt>
      <trkpt lat="54.77674322202802" lon="18.72904647141695">
        <ele>0.0</ele>
      </trkpt>
      <trkpt lat="54.7767925914377" lon="18.72870440594852">
        <ele>0.0</ele>
      </trkpt>
      <trkpt lat="54.77702443487942" lon="18.727191891521215">
        <ele>0.0</ele>
      </trkpt>
      <trkpt lat="54.77705611847341" lon="18.727124836295843">
        <ele>0.0</ele>
      </trkpt>
      <trkpt lat="54.7771240118891" lon="18.72678503394127">
        <ele>0.0</ele>
      </trkpt>
      <trkpt lat="54.777221996337175" lon="18.72640977613628">
        <ele>0.0</ele>
      </trkpt>
      <trkpt lat="54.77744906209409" lon="18.724955432116985">
        <ele>0.0</ele>
      </trkpt>
      <trkpt lat="54.777523493394256" lon="18.724816041067243">
        <ele>0.0</ele>
      </trkpt>
      <trkpt lat="54.77762625552714" lon="18.724331315606833">
        <ele>0.0</ele>
      </trkpt>
      <trkpt lat="54.777945606037974" lon="18.722923826426268">
        <ele>0.0</ele>
      </trkpt>
      <trkpt lat="54.77797611616552" lon="18.72291125357151">
        <ele>0.0</ele>
      </trkpt>
      <trkpt lat="54.77803571149707" lon="18.72262886725366">
        <ele>0.0</ele>
      </trkpt>
      <trkpt lat="54.77808969095349" lon="18.722265176475048">
        <ele>0.0</ele>
      </trkpt>
      <trkpt lat="54.77827518247068" lon="18.721167063340545">
        <ele>0.0</ele>
      </trkpt>
      <trkpt lat="54.77829001843929" lon="18.721109060570598">
        <ele>0.0</ele>
      </trkpt>
      <trkpt lat="54.77830401621759" lon="18.720854334533215">
        <ele>0.0</ele>
      </trkpt>
      <trkpt lat="54.778513396158814" lon="18.719491101801395">
        <ele>0.0</ele>
      </trkpt>
      <trkpt lat="54.7785418946296" lon="18.719397895038128">
        <ele>0.0</ele>
      </trkpt>
      <trkpt lat="54.778608698397875" lon="18.719083908945322">
        <ele>0.0</ele>
      </trkpt>
      <trkpt lat="54.77891488932073" lon="18.717646412551403">
        <ele>0.0</ele>
      </trkpt>
      <trkpt lat="54.77893307805061" lon="18.717625373974442">
        <ele>0.0</ele>
      </trkpt>
      <trkpt lat="54.77900482714176" lon="18.717320440337062">
        <ele>0.0</ele>
      </trkpt>
      <trkpt lat="54.7790651768446" lon="18.717007376253605">
        <ele>0.0</ele>
      </trkpt>
      <trkpt lat="54.779282016679645" lon="18.715619165450335">
        <ele>0.0</ele>
      </trkpt>
      <trkpt lat="54.77938486263156" lon="18.715395033359528">
        <ele>0.0</ele>
      </trkpt>
      <trkpt lat="54.779437920078635" lon="18.715046178549528">
        <ele>0.0</ele>
      </trkpt>
      <trkpt lat="54.77971578016877" lon="18.713385807350278">
        <ele>0.0</ele>
      </trkpt>
      <trkpt lat="54.77972734719515" lon="18.71329888701439">
        <ele>0.0</ele>
      </trkpt>
      <trkpt lat="54.7798025328666" lon="18.712960174307227">
        <ele>0.0</ele>
      </trkpt>
      <trkpt lat="54.77999816648662" lon="18.711227970197797">
        <ele>0.0</ele>
      </trkpt>
      <trkpt lat="54.78004653006792" lon="18.711061840876937">
        <ele>0.0</ele>
      </trkpt>
      <trkpt lat="54.78008835576475" lon="18.71086654253304">
        <ele>0.0</ele>
      </trkpt>
      <trkpt lat="54.780215844511986" lon="18.70969424955547">
        <ele>0.0</ele>
      </trkpt>
      <trkpt lat="54.780259849503636" lon="18.70955158956349">
        <ele>0.0</ele>
      </trkpt>
      <trkpt lat="54.780244678258896" lon="18.70924573391676">
        <ele>0.0</ele>
      </trkpt>
      <trkpt lat="54.78030879981816" lon="18.708124151453376">
        <ele>0.0</ele>
      </trkpt>
      <trkpt lat="54.78031441569328" lon="18.70808718726039">
        <ele>0.0</ele>
      </trkpt>
      <trkpt lat="54.78030092082918" lon="18.707845620810986">
        <ele>0.0</ele>
      </trkpt>
      <trkpt lat="54.78027359582484" lon="18.70724975131452">
        <ele>0.0</ele>
      </trkpt>
      <trkpt lat="54.780304273590446" lon="18.706154990941286">
        <ele>0.0</ele>
      </trkpt>
      <trkpt lat="54.780342411249876" lon="18.706081230193377">
        <ele>0.0</ele>
      </trkpt>
      <trkpt lat="54.78040871210396" lon="18.705801609903574">
        <ele>0.0</ele>
      </trkpt>
      <trkpt lat="54.780421452596784" lon="18.70543154887855">
        <ele>0.0</ele>
      </trkpt>
      <trkpt lat="54.780310140922666" lon="18.703908137977123">
        <ele>0.0</ele>
      </trkpt>
      <trkpt lat="54.780274014919996" lon="18.703625164926052">
        <ele>0.0</ele>
      </trkpt>
      <trkpt lat="54.780265716835856" lon="18.703321740031242">
        <ele>0.0</ele>
      </trkpt>
      <trkpt lat="54.78032489307225" lon="18.701535975560546">
        <ele>0.0</ele>
      </trkpt>
      <trkpt lat="54.78038373403251" lon="18.700953433290124">
        <ele>0.0</ele>
      </trkpt>
      <trkpt lat="54.7802772000432" lon="18.699297085404396">
        <ele>0.0</ele>
      </trkpt>
      <trkpt lat="54.780289102345705" lon="18.6991501506418">
        <ele>0.0</ele>
      </trkpt>
      <trkpt lat="54.780330173671246" lon="18.698645560070872">
        <ele>0.0</ele>
      </trkpt>
      <trkpt lat="54.780387757346034" lon="18.69687664322555">
        <ele>0.0</ele>
      </trkpt>
      <trkpt lat="54.78040158748627" lon="18.696862729266286">
        <ele>0.0</ele>
      </trkpt>
      <trkpt lat="54.78038867935538" lon="18.696560310199857">
        <ele>0.0</ele>
      </trkpt>
      <trkpt lat="54.780423967167735" lon="18.69609285145998">
        <ele>0.0</ele>
      </trkpt>
      <trkpt lat="54.78044869378209" lon="18.694697599858046">
        <ele>0.0</ele>
      </trkpt>
      <trkpt lat="54.78047643788159" lon="18.694610679522157">
        <ele>0.0</ele>
      </trkpt>
      <trkpt lat="54.78046730160713" lon="18.69425126351416">
        <ele>0.0</ele>
      </trkpt>
      <trkpt lat="54.78038867935538" lon="18.69245401583612">
        <ele>0.0</ele>
      </trkpt>
      <trkpt lat="54.780399492010474" lon="18.69232451543212">
        <ele>0.0</ele>
      </trkpt>
      <trkpt lat="54.78041918948293" lon="18.691965602338314">
        <ele>0.0</ele>
      </trkpt>
      <trkpt lat="54.78043410927057" lon="18.690076991915703">
        <ele>0.0</ele>
      </trkpt>
      <trkpt lat="54.780431343242526" lon="18.69005687534809">
        <ele>0.0</ele>
      </trkpt>
      <trkpt lat="54.780391696840525" lon="18.689653957262635">
        <ele>0.0</ele>
      </trkpt>
      <trkpt lat="54.78039152920246" lon="18.689268976449966">
        <ele>0.0</ele>
      </trkpt>
      <trkpt lat="54.78033562190831" lon="18.687724778428674">
        <ele>0.0</ele>
      </trkpt>
      <trkpt lat="54.78030787780881" lon="18.68767473846674">
        <ele>0.0</ele>
      </trkpt>
      <trkpt lat="54.78020930662751" lon="18.687321189790964">
        <ele>0.0</ele>
      </trkpt>
      <trkpt lat="54.780056504532695" lon="18.687140308320522">
        <ele>0.0</ele>
      </trkpt>
      <trkpt lat="54.779765820130706" lon="18.686751974746585">
        <ele>0.0</ele>
      </trkpt>
      <trkpt lat="54.77977445349097" lon="18.686744179576635">
        <ele>0.0</ele>
      </trkpt>
      <trkpt lat="54.77986145764589" lon="18.686435809358954">
        <ele>0.0</ele>
      </trkpt>
      <trkpt lat="54.78000059723854" lon="18.684741910547018">
        <ele>0.0</ele>
      </trkpt>
      <trkpt lat="54.78009841404855" lon="18.68455097079277">
        <ele>0.0</ele>
      </trkpt>
      <trkpt lat="54.780160523951054" lon="18.6841316241771">
        <ele>0.0</ele>
      </trkpt>
      <trkpt lat="54.780355989933014" lon="18.68294097483158">
        <ele>0.0</ele>
      </trkpt>
      <trkpt lat="54.78039203211665" lon="18.68282563984394">
        <ele>0.0</ele>
      </trkpt>
      <trkpt lat="54.780485993251204" lon="18.682434540241957">
        <ele>0.0</ele>
      </trkpt>
      <trkpt lat="54.78083861991763" lon="18.68131957948208">
        <ele>0.0</ele>
      </trkpt>
      <trkpt lat="54.78078774176538" lon="18.68110416457057">
        <ele>0.0</ele>
      </trkpt>
      <trkpt lat="54.78082990273833" lon="18.68086628615856">
        <ele>0.0</ele>
      </trkpt>
      <trkpt lat="54.78099251165986" lon="18.67968368344009">
        <ele>0.0</ele>
      </trkpt>
      <trkpt lat="54.781115390360355" lon="18.67943004705012">
        <ele>0.0</ele>
      </trkpt>
      <trkpt lat="54.78122326545417" lon="18.67917414754629">
        <ele>0.0</ele>
      </trkpt>
      <trkpt lat="54.781400710344315" lon="18.67785181850195">
        <ele>0.0</ele>
      </trkpt>
      <trkpt lat="54.78141160681844" lon="18.67757731117308">
        <ele>0.0</ele>
      </trkpt>
      <trkpt lat="54.78140842169523" lon="18.67707448080182">
        <ele>0.0</ele>
      </trkpt>
      <trkpt lat="54.78141948580742" lon="18.675815938040614">
        <ele>0.0</ele>
      </trkpt>
      <trkpt lat="54.78153398260474" lon="18.67554402910173">
        <ele>0.0</ele>
      </trkpt>
      <trkpt lat="54.781572287902236" lon="18.675095764920115">
        <ele>0.0</ele>
      </trkpt>
      <trkpt lat="54.78168242610991" lon="18.673272114247084">
        <ele>0.0</ele>
      </trkpt>
      <trkpt lat="54.781694831326604" lon="18.673084024339914">
        <ele>0.0</ele>
      </trkpt>
      <trkpt lat="54.78171218186617" lon="18.672624696046114">
        <ele>0.0</ele>
      </trkpt>
      <trkpt lat="54.78174461983144" lon="18.67145952768624">
        <ele>0.0</ele>
      </trkpt>
      <trkpt lat="54.781810753047466" lon="18.67112349718809">
        <ele>0.0</ele>
      </trkpt>
      <trkpt lat="54.78194729425013" lon="18.670556964352727">
        <ele>0.0</ele>
      </trkpt>
      <trkpt lat="54.7822511382401" lon="18.66905752569437">
        <ele>0.0</ele>
      </trkpt>
      <trkpt lat="54.782278798520565" lon="18.668938502669334">
        <ele>0.0</ele>
      </trkpt>
      <trkpt lat="54.782332526519895" lon="18.668583193793893">
        <ele>0.0</ele>
      </trkpt>
      <trkpt lat="54.78217259980738" lon="18.667199090123177">
        <ele>0.0</ele>
      </trkpt>
      <trkpt lat="54.78216480463743" lon="18.667048048228025">
        <ele>0.0</ele>
      </trkpt>
      <trkpt lat="54.78212859481573" lon="18.666628366336226">
        <ele>0.0</ele>
      </trkpt>
      <trkpt lat="54.78212901391089" lon="18.666004417464137">
        <ele>0.0</ele>
      </trkpt>
      <trkpt lat="54.7821422573179" lon="18.664885852485895">
        <ele>0.0</ele>
      </trkpt>
      <trkpt lat="54.78224191814661" lon="18.664565747603774">
        <ele>0.0</ele>
      </trkpt>
      <trkpt lat="54.78238902054727" lon="18.66401539184153">
        <ele>0.0</ele>
      </trkpt>
      <trkpt lat="54.782624216750264" lon="18.662956338375807">
        <ele>0.0</ele>
      </trkpt>
      <trkpt lat="54.7826309222728" lon="18.66278006695211">
        <ele>0.0</ele>
      </trkpt>
      <trkpt lat="54.78263192810118" lon="18.66248209029436">
        <ele>0.0</ele>
      </trkpt>
      <trkpt lat="54.782778611406684" lon="18.660769667476416">
        <ele>0.0</ele>
      </trkpt>
      <trkpt lat="54.78281180374324" lon="18.660361720249057">
        <ele>0.0</ele>
      </trkpt>
      <trkpt lat="54.78291129693389" lon="18.658726662397385">
        <ele>0.0</ele>
      </trkpt>
      <trkpt lat="54.78292655199766" lon="18.658691290766">
        <ele>0.0</ele>
      </trkpt>
      <trkpt lat="54.78297860361636" lon="18.658460285514593">
        <ele>0.0</ele>
      </trkpt>
      <trkpt lat="54.78297491557896" lon="18.658219892531633">
        <ele>0.0</ele>
      </trkpt>
      <trkpt lat="54.783035181462765" lon="18.656837129965425">
        <ele>0.0</ele>
      </trkpt>
      <trkpt lat="54.783073319122195" lon="18.6566708330065">
        <ele>0.0</ele>
      </trkpt>
      <trkpt lat="54.78307977318764" lon="18.656155597418547">
        <ele>0.0</ele>
      </trkpt>
      <trkpt lat="54.782987320795655" lon="18.65417679771781">
        <ele>0.0</ele>
      </trkpt>
      <trkpt lat="54.782990170642734" lon="18.654046962037683">
        <ele>0.0</ele>
      </trkpt>
      <trkpt lat="54.78300475515425" lon="18.65360808558762">
        <ele>0.0</ele>
      </trkpt>
      <trkpt lat="54.78304121643305" lon="18.65161830559373">
        <ele>0.0</ele>
      </trkpt>
      <trkpt lat="54.78307851590216" lon="18.651593578979373">
        <ele>0.0</ele>
      </trkpt>
      <trkpt lat="54.78305655531585" lon="18.651203736662865">
        <ele>0.0</ele>
      </trkpt>
      <trkpt lat="54.78270753286779" lon="18.649397687986493">
        <ele>0.0</ele>
      </trkpt>
      <trkpt lat="54.782670736312866" lon="18.649347815662622">
        <ele>0.0</ele>
      </trkpt>
      <trkpt lat="54.78264064528048" lon="18.6491503380239">
        <ele>0.0</ele>
      </trkpt>
      <trkpt lat="54.78268121369183" lon="18.64748267456889">
        <ele>0.0</ele>
      </trkpt>
      <trkpt lat="54.78272697888315" lon="18.64706181921065">
        <ele>0.0</ele>
      </trkpt>
      <trkpt lat="54.782570572569966" lon="18.644979167729616">
        <ele>0.0</ele>
      </trkpt>
      <trkpt lat="54.7825463488698" lon="18.644822593778372">
        <ele>0.0</ele>
      </trkpt>
      <trkpt lat="54.782449789345264" lon="18.644406348466873">
        <ele>0.0</ele>
      </trkpt>
      <trkpt lat="54.78229338303208" lon="18.643078906461596">
        <ele>0.0</ele>
      </trkpt>
      <trkpt lat="54.782323809340596" lon="18.64298628643155">
        <ele>0.0</ele>
      </trkpt>
      <trkpt lat="54.7823375556618" lon="18.64259820431471">
        <ele>0.0</ele>
      </trkpt>
      <trkpt lat="54.78205089457333" lon="18.640869185328484">
        <ele>0.0</ele>
      </trkpt>
      <trkpt lat="54.78204636834562" lon="18.64082744345069">
        <ele>0.0</ele>
      </trkpt>
      <trkpt lat="54.781957771629095" lon="18.640511529520154">
        <ele>0.0</ele>
      </trkpt>
      <trkpt lat="54.781828774139285" lon="18.640111796557903">
        <ele>0.0</ele>
      </trkpt>
      <trkpt lat="54.78140884079039" lon="18.638855768367648">
        <ele>0.0</ele>
      </trkpt>
      <trkpt lat="54.78148151189089" lon="18.638857444748282">
        <ele>0.0</ele>
      </trkpt>
      <trkpt lat="54.78149224072695" lon="18.638563910499215">
        <ele>0.0</ele>
      </trkpt>
      <trkpt lat="54.781498443335295" lon="18.63811321556568">
        <ele>0.0</ele>
      </trkpt>
      <trkpt lat="54.781525768339634" lon="18.63711141049862">
        <ele>0.0</ele>
      </trkpt>
      <trkpt lat="54.78154060430825" lon="18.63691058009863">
        <ele>0.0</ele>
      </trkpt>
      <trkpt lat="54.78154119104147" lon="18.636443624272943">
        <ele>0.0</ele>
      </trkpt>
      <trkpt lat="54.78138721548021" lon="18.635131353512406">
        <ele>0.0</ele>
      </trkpt>
      <trkpt lat="54.78138302452862" lon="18.635006714612246">
        <ele>0.0</ele>
      </trkpt>
      <trkpt lat="54.781437339261174" lon="18.63476162776351">
        <ele>0.0</ele>
      </trkpt>
      <trkpt lat="54.78146851994097" lon="18.634580159559846">
        <ele>0.0</ele>
      </trkpt>
      <trkpt lat="54.781417306512594" lon="18.63361439667642">
        <ele>0.0</ele>
      </trkpt>
      <trkpt lat="54.78139165788889" lon="18.63344432786107">
        <ele>0.0</ele>
      </trkpt>
      <trkpt lat="54.78134664706886" lon="18.63305725157261">
        <ele>0.0</ele>
      </trkpt>
      <trkpt lat="54.78116534650326" lon="18.63130602054298">
        <ele>0.0</ele>
      </trkpt>
      <trkpt lat="54.78115235455334" lon="18.6309249792248">
        <ele>0.0</ele>
      </trkpt>
      <trkpt lat="54.78112360462546" lon="18.630520636215806">
        <ele>0.0</ele>
      </trkpt>
      <trkpt lat="54.78116341866553" lon="18.628888176754117">
        <ele>0.0</ele>
      </trkpt>
      <trkpt lat="54.78118102066219" lon="18.62883411347866">
        <ele>0.0</ele>
      </trkpt>
      <trkpt lat="54.781159311532974" lon="18.628737553954124">
        <ele>0.0</ele>
      </trkpt>
      <trkpt lat="54.78118336759508" lon="18.628392973914742">
        <ele>0.0</ele>
      </trkpt>
      <trkpt lat="54.781132405623794" lon="18.62683662213385">
        <ele>0.0</ele>
      </trkpt>
      <trkpt lat="54.78115914389491" lon="18.626756239682436">
        <ele>0.0</ele>
      </trkpt>
      <trkpt lat="54.781173057854176" lon="18.62630110234022">
        <ele>0.0</ele>
      </trkpt>
      <trkpt lat="54.78112578392029" lon="18.62585199996829">
        <ele>0.0</ele>
      </trkpt>
      <trkpt lat="54.780773324891925" lon="18.624453898519278">
        <ele>0.0</ele>
      </trkpt>
      <trkpt lat="54.78069285862148" lon="18.624351220205426">
        <ele>0.0</ele>
      </trkpt>
      <trkpt lat="54.780632089823484" lon="18.624030193313956">
        <ele>0.0</ele>
      </trkpt>
      <trkpt lat="54.78065128438175" lon="18.622903246432543">
        <ele>0.0</ele>
      </trkpt>
      <trkpt lat="54.780671149492264" lon="18.622899055480957">
        <ele>0.0</ele>
      </trkpt>
      <trkpt lat="54.78072378784418" lon="18.622746588662267">
        <ele>0.0</ele>
      </trkpt>
      <trkpt lat="54.780721524730325" lon="18.622398572042584">
        <ele>0.0</ele>
      </trkpt>
      <trkpt lat="54.780698558315635" lon="18.62104296684265">
        <ele>0.0</ele>
      </trkpt>
      <trkpt lat="54.78069336153567" lon="18.6208972055465">
        <ele>0.0</ele>
      </trkpt>
      <trkpt lat="54.78065690025687" lon="18.620513901114464">
        <ele>0.0</ele>
      </trkpt>
      <trkpt lat="54.78041751310229" lon="18.619198193773627">
        <ele>0.0</ele>
      </trkpt>
      <trkpt lat="54.78051851503551" lon="18.619052013382316">
        <ele>0.0</ele>
      </trkpt>
      <trkpt lat="54.78052253834903" lon="18.618730902671814">
        <ele>0.0</ele>
      </trkpt>
      <trkpt lat="54.78050619363785" lon="18.61830954439938">
        <ele>0.0</ele>
      </trkpt>
      <trkpt lat="54.78046277537942" lon="18.617034070193768">
        <ele>0.0</ele>
      </trkpt>
      <trkpt lat="54.78045824915171" lon="18.61681236885488">
        <ele>0.0</ele>
      </trkpt>
      <trkpt lat="54.78041499853134" lon="18.61648061312735">
        <ele>0.0</ele>
      </trkpt>
      <trkpt lat="54.78009598329663" lon="18.61485293135047">
        <ele>0.0</ele>
      </trkpt>
      <trkpt lat="54.78009539656341" lon="18.614705661311746">
        <ele>0.0</ele>
      </trkpt>
      <trkpt lat="54.780083410441875" lon="18.614344066008925">
        <ele>0.0</ele>
      </trkpt>
      <trkpt lat="54.78010562248528" lon="18.612919142469764">
        <ele>0.0</ele>
      </trkpt>
      <trkpt lat="54.78010059334338" lon="18.612710516899824">
        <ele>0.0</ele>
      </trkpt>
      <trkpt lat="54.78000730276108" lon="18.612312292680144">
        <ele>0.0</ele>
      </trkpt>
      <trkpt lat="54.77981527335942" lon="18.61074605025351">
        <ele>0.0</ele>
      </trkpt>
      <trkpt lat="54.77982508018613" lon="18.610677737742662">
        <ele>0.0</ele>
      </trkpt>
      <trkpt lat="54.77985508739948" lon="18.6103234346956">
        <ele>0.0</ele>
      </trkpt>
      <trkpt lat="54.77987118065357" lon="18.60870103351772">
        <ele>0.0</ele>
      </trkpt>
      <trkpt lat="54.77986372075975" lon="18.608654849231243">
        <ele>0.0</ele>
      </trkpt>
      <trkpt lat="54.77982415817678" lon="18.60821354202926">
        <ele>0.0</ele>
      </trkpt>
      <trkpt lat="54.7798249963671" lon="18.607955630868673">
        <ele>0.0</ele>
      </trkpt>
      <trkpt lat="54.779777554795146" lon="18.60652567818761">
        <ele>0.0</ele>
      </trkpt>
      <trkpt lat="54.7796954959631" lon="18.606022261083126">
        <ele>0.0</ele>
      </trkpt>
      <trkpt lat="54.779674457386136" lon="18.605746747925878">
        <ele>0.0</ele>
      </trkpt>
      <trkpt lat="54.779575634747744" lon="18.604242280125618">
        <ele>0.0</ele>
      </trkpt>
      <trkpt lat="54.77963598445058" lon="18.603980094194412">
        <ele>0.0</ele>
      </trkpt>
      <trkpt lat="54.77965760976076" lon="18.603638531640172">
        <ele>0.0</ele>
      </trkpt>
      <trkpt lat="54.779696920886636" lon="18.601968437433243">
        <ele>0.0</ele>
      </trkpt>
      <trkpt lat="54.77969557978213" lon="18.601881433278322">
        <ele>0.0</ele>
      </trkpt>
      <trkpt lat="54.77963346987963" lon="18.601680183783174">
        <ele>0.0</ele>
      </trkpt>
      <trkpt lat="54.77956616319716" lon="18.601322025060654">
        <ele>0.0</ele>
      </trkpt>
      <trkpt lat="54.77933742105961" lon="18.59981537796557">
        <ele>0.0</ele>
      </trkpt>
      <trkpt lat="54.77925770916045" lon="18.59955109655857">
        <ele>0.0</ele>
      </trkpt>
      <trkpt lat="54.77917053736746" lon="18.59929787926376">
        <ele>0.0</ele>
      </trkpt>
      <trkpt lat="54.77872881107032" lon="18.598367236554623">
        <ele>0.0</ele>
      </trkpt>
      <trkpt lat="54.77863191626966" lon="18.598275119438767">
        <ele>0.0</ele>
      </trkpt>
      <trkpt lat="54.778527142480016" lon="18.598110917955637">
        <ele>0.0</ele>
      </trkpt>
      <trkpt lat="54.77831759490073" lon="18.597352104261518">
        <ele>0.0</ele>
      </trkpt>
      <trkpt lat="54.77834642864764" lon="18.597012888640165">
        <ele>0.0</ele>
      </trkpt>
      <trkpt lat="54.7783154156059" lon="18.596583819016814">
        <ele>0.0</ele>
      </trkpt>
      <trkpt lat="54.77824592962861" lon="18.596138572320342">
        <ele>0.0</ele>
      </trkpt>
      <trkpt lat="54.777973517775536" lon="18.59500869177282">
        <ele>0.0</ele>
      </trkpt>
      <trkpt lat="54.77800654247403" lon="18.59442187473178">
        <ele>0.0</ele>
      </trkpt>
      <trkpt lat="54.778025737032294" lon="18.59398123808205">
        <ele>0.0</ele>
      </trkpt>
      <trkpt lat="54.777984749525785" lon="18.592737279832363">
        <ele>0.0</ele>
      </trkpt>
      <trkpt lat="54.77796639315784" lon="18.59235607087612">
        <ele>0.0</ele>
      </trkpt>
      <trkpt lat="54.77788416668773" lon="18.591991877183318">
        <ele>0.0</ele>
      </trkpt>
      <trkpt lat="54.77777570486069" lon="18.59161519445479">
        <ele>0.0</ele>
      </trkpt>
      <trkpt lat="54.77755417115986" lon="18.590582041069865">
        <ele>0.0</ele>
      </trkpt>
      <trkpt lat="54.77755048312247" lon="18.590481374412775">
        <ele>0.0</ele>
      </trkpt>
      <trkpt lat="54.77751360274851" lon="18.590088095515966">
        <ele>0.0</ele>
      </trkpt>
      <trkpt lat="54.77749667130411" lon="18.58979464508593">
        <ele>0.0</ele>
      </trkpt>
      <trkpt lat="54.777461886405945" lon="18.5884993057698">
        <ele>0.0</ele>
      </trkpt>
      <trkpt lat="54.77747580036521" lon="18.588293446227908">
        <ele>0.0</ele>
      </trkpt>
      <trkpt lat="54.77747588418424" lon="18.587931348010898">
        <ele>0.0</ele>
      </trkpt>
      <trkpt lat="54.77746750228107" lon="18.586644306778908">
        <ele>0.0</ele>
      </trkpt>
      <trkpt lat="54.777450151741505" lon="18.58643727377057">
        <ele>0.0</ele>
      </trkpt>
      <trkpt lat="54.777418887242675" lon="18.58603846281767">
        <ele>0.0</ele>
      </trkpt>
      <trkpt lat="54.77739751338959" lon="18.585700588300824">
        <ele>0.0</ele>
      </trkpt>
      <trkpt lat="54.77730539627373" lon="18.58445528894663">
        <ele>0.0</ele>
      </trkpt>
      <trkpt lat="54.777385694906116" lon="18.58425211161375">
        <ele>0.0</ele>
      </trkpt>
      <trkpt lat="54.77736138738692" lon="18.583984645083547">
        <ele>0.0</ele>
      </trkpt>
      <trkpt lat="54.77735166437924" lon="18.583639226853848">
        <ele>0.0</ele>
      </trkpt>
      <trkpt lat="54.777314784005284" lon="18.582305582240224">
        <ele>0.0</ele>
      </trkpt>
      <trkpt lat="54.77729072794318" lon="18.582219751551747">
        <ele>0.0</ele>
      </trkpt>
      <trkpt lat="54.77727731689811" lon="18.581833513453603">
        <ele>0.0</ele>
      </trkpt>
      <trkpt lat="54.77720313705504" lon="18.580491235479712">
        <ele>0.0</ele>
      </trkpt>
      <trkpt lat="54.77717832662165" lon="18.580305743962526">
        <ele>0.0</ele>
      </trkpt>
      <trkpt lat="54.77714261971414" lon="18.579970551654696">
        <ele>0.0</ele>
      </trkpt>
      <trkpt lat="54.777139602229" lon="18.57968732714653">
        <ele>0.0</ele>
      </trkpt>
      <trkpt lat="54.77708646096289" lon="18.57826692983508">
        <ele>0.0</ele>
      </trkpt>
      <trkpt lat="54.77707858197391" lon="18.57803567312658">
        <ele>0.0</ele>
      </trkpt>
      <trkpt lat="54.777029966935515" lon="18.577644573524594">
        <ele>0.0</ele>
      </trkpt>
      <trkpt lat="54.77680005133152" lon="18.57604949735105">
        <ele>0.0</ele>
      </trkpt>
      <trkpt lat="54.77677649818361" lon="18.576005157083273">
        <ele>0.0</ele>
      </trkpt>
      <trkpt lat="54.77671204134822" lon="18.575651356950402">
        <ele>0.0</ele>
      </trkpt>
      <trkpt lat="54.776632245630026" lon="18.57528959400952">
        <ele>0.0</ele>
      </trkpt>
      <trkpt lat="54.77624399587512" lon="18.574108248576522">
        <ele>0.0</ele>
      </trkpt>
      <trkpt lat="54.776205103844404" lon="18.573884032666683">
        <ele>0.0</ele>
      </trkpt>
      <trkpt lat="54.77612178772688" lon="18.57339813373983">
        <ele>0.0</ele>
      </trkpt>
      <trkpt lat="54.77583646774292" lon="18.572036074474454">
        <ele>0.0</ele>
      </trkpt>
      <trkpt lat="54.7757994197309" lon="18.57194152660668">
        <ele>0.0</ele>
      </trkpt>
      <trkpt lat="54.77571132592857" lon="18.57143735513091">
        <ele>0.0</ele>
      </trkpt>
      <trkpt lat="54.77526331320405" lon="18.569911429658532">
        <ele>0.0</ele>
      </trkpt>
      <trkpt lat="54.77525635622442" lon="18.56989181600511">
        <ele>0.0</ele>
      </trkpt>
      <trkpt lat="54.77510489523411" lon="18.569522760808468">
        <ele>0.0</ele>
      </trkpt>
      <trkpt lat="54.774627378210425" lon="18.568502767011523">
        <ele>0.0</ele>
      </trkpt>
      <trkpt lat="54.7746582236141" lon="18.568264469504356">
        <ele>0.0</ele>
      </trkpt>
      <trkpt lat="54.774565352126956" lon="18.567886613309383">
        <ele>0.0</ele>
      </trkpt>
      <trkpt lat="54.77432353422046" lon="18.56717985123396">
        <ele>0.0</ele>
      </trkpt>
      <trkpt lat="54.77388197556138" lon="18.566109398379922">
        <ele>0.0</ele>
      </trkpt>
      <trkpt lat="54.773823134601116" lon="18.5659084841609">
        <ele>0.0</ele>
      </trkpt>
      <trkpt lat="54.77364493533969" lon="18.565520318225026">
        <ele>0.0</ele>
      </trkpt>
      <trkpt lat="54.77304043248296" lon="18.56431256979704">
        <ele>0.0</ele>
      </trkpt>
      <trkpt lat="54.77304495871067" lon="18.56427644379437">
        <ele>0.0</ele>
      </trkpt>
      <trkpt lat="54.77297455072403" lon="18.56396715156734">
        <ele>0.0</ele>
      </trkpt>
      <trkpt lat="54.772663498297334" lon="18.56266695074737">
        <ele>0.0</ele>
      </trkpt>
      <trkpt lat="54.772597532719374" lon="18.562039900571108">
        <ele>0.0</ele>
      </trkpt>
      <trkpt lat="54.77210962213576" lon="18.560303756967187">
        <ele>0.0</ele>
      </trkpt>
      <trkpt lat="54.771958999335766" lon="18.560209376737475">
        <ele>0.0</ele>
      </trkpt>
      <trkpt lat="54.77180032990873" lon="18.559635132551193">
        <ele>0.0</ele>
      </trkpt>
      <trkpt lat="54.77153948508203" lon="18.557435553520918">
        <ele>0.0</ele>
      </trkpt>
      <trkpt lat="54.77160008624196" lon="18.557447539642453">
        <ele>0.0</ele>
      </trkpt>
      <trkpt lat="54.76983561180532" lon="18.543683029711246">
        <ele>0.0</ele>
      </trkpt>
      <trkpt lat="54.769921442493796" lon="18.54361429810524">
        <ele>0.0</ele>
      </trkpt>
      <trkpt lat="54.769863691180944" lon="18.543842704966664">
        <ele>0.0</ele>
      </trkpt>
      <trkpt lat="54.76988095790148" lon="18.543898109346628">
        <ele>0.0</ele>
      </trkpt>
      <trkpt lat="54.76989973336458" lon="18.544137747958302">
        <ele>0.0</ele>
      </trkpt>
      <trkpt lat="54.77026895619929" lon="18.54499362409115">
        <ele>0.0</ele>
      </trkpt>
      <trkpt lat="54.770236099138856" lon="18.544764630496502">
        <ele>0.0</ele>
      </trkpt>
      <trkpt lat="54.76998522877693" lon="18.545455299317837">
        <ele>0.0</ele>
      </trkpt>
      <trkpt lat="54.77013308554888" lon="18.545636432245374">
        <ele>0.0</ele>
      </trkpt>
      <trkpt lat="54.771081833168864" lon="18.54615904390812">
        <ele>0.0</ele>
      </trkpt>
      <trkpt lat="54.77086029946804" lon="18.54605007916689">
        <ele>0.0</ele>
      </trkpt>
      <trkpt lat="54.770775977522135" lon="18.546425169333816">
        <ele>0.0</ele>
      </trkpt>
      <trkpt lat="54.770947555080056" lon="18.54675382375717">
        <ele>0.0</ele>
      </trkpt>
      <trkpt lat="54.77210811339319" lon="18.547492688521743">
        <ele>0.0</ele>
      </trkpt>
      <trkpt lat="54.772161757573485" lon="18.547414150089025">
        <ele>0.0</ele>
      </trkpt>
      <trkpt lat="54.77304948493838" lon="18.54879372753203">
        <ele>0.0</ele>
      </trkpt>
      <trkpt lat="54.77299793623388" lon="18.54893253184855">
        <ele>0.0</ele>
      </trkpt>
      <trkpt lat="54.773212345317006" lon="18.549124812707305">
        <ele>0.0</ele>
      </trkpt>
      <trkpt lat="54.77393134497106" lon="18.550211107358336">
        <ele>0.0</ele>
      </trkpt>
      <trkpt lat="54.774974808096886" lon="18.55151206254959">
        <ele>0.0</ele>
      </trkpt>
      <trkpt lat="54.8202939145267" lon="18.49351231008768">
        <ele>0.0</ele>
      </trkpt>
      <trkpt lat="54.820232558995485" lon="18.49307888187468">
        <ele>0.0</ele>
      </trkpt>
      <trkpt lat="54.82014597393572" lon="18.492737151682377">
        <ele>0.0</ele>
      </trkpt>
      <trkpt lat="54.81979100033641" lon="18.491034116595984">
        <ele>0.0</ele>
      </trkpt>
      <trkpt lat="54.81974272057414" lon="18.49099773913622">
        <ele>0.0</ele>
      </trkpt>
      <trkpt lat="54.81949545443058" lon="18.490359457209706">
        <ele>0.0</ele>
      </trkpt>
      <trkpt lat="54.81905238702893" lon="18.488978622481227">
        <ele>0.0</ele>
      </trkpt>
      <trkpt lat="54.81901500374079" lon="18.488714089617133">
        <ele>0.0</ele>
      </trkpt>
      <trkpt lat="54.81894317083061" lon="18.48838468082249">
        <ele>0.0</ele>
      </trkpt>
      <trkpt lat="54.81810866855085" lon="18.484090715646744">
        <ele>0.0</ele>
      </trkpt>
      <trkpt lat="54.81793658807874" lon="18.48397479392588">
        <ele>0.0</ele>
      </trkpt>
      <trkpt lat="54.81737374328077" lon="18.481961796060205">
        <ele>0.0</ele>
      </trkpt>
      <trkpt lat="54.817465944215655" lon="18.481868505477905">
        <ele>0.0</ele>
      </trkpt>
      <trkpt lat="54.81734943576157" lon="18.48015365190804">
        <ele>0.0</ele>
      </trkpt>
      <trkpt lat="54.817366199567914" lon="18.479835642501712">
        <ele>0.0</ele>
      </trkpt>
      <trkpt lat="54.8173497710377" lon="18.479526601731777">
        <ele>0.0</ele>
      </trkpt>
      <trkpt lat="54.817255306988955" lon="18.477913001552224">
        <ele>0.0</ele>
      </trkpt>
      <trkpt lat="54.81698331423104" lon="18.47776958718896">
        <ele>0.0</ele>
      </trkpt>
      <trkpt lat="54.81696235947311" lon="18.47745300270617">
        <ele>0.0</ele>
      </trkpt>
      <trkpt lat="54.81656757183373" lon="18.47542860545218">
        <ele>0.0</ele>
      </trkpt>
      <trkpt lat="54.8166449368" lon="18.475387953221798">
        <ele>0.0</ele>
      </trkpt>
      <trkpt lat="54.81613716110587" lon="18.47362020984292">
        <ele>0.0</ele>
      </trkpt>
      <trkpt lat="54.81607396155596" lon="18.473642338067293">
        <ele>0.0</ele>
      </trkpt>
      <trkpt lat="54.81583851389587" lon="18.47340479493141">
        <ele>0.0</ele>
      </trkpt>
      <trkpt lat="54.815808506682515" lon="18.473148308694363">
        <ele>0.0</ele>
      </trkpt>
      <trkpt lat="54.815941359847784" lon="18.47300933673978">
        <ele>0.0</ele>
      </trkpt>
      <trkpt lat="54.81654996983707" lon="18.473698748275638">
        <ele>0.0</ele>
      </trkpt>
      <trkpt lat="54.81663496233523" lon="18.47378147765994">
        <ele>0.0</ele>
      </trkpt>
      <trkpt lat="54.81693109497428" lon="18.473930088803172">
        <ele>0.0</ele>
      </trkpt>
      <trkpt lat="54.81767867691815" lon="18.474168051034212">
        <ele>0.0</ele>
      </trkpt>
      <trkpt lat="54.81771631166339" lon="18.474108958616853">
        <ele>0.0</ele>
      </trkpt>
      <trkpt lat="54.81797564774752" lon="18.47415572963655">
        <ele>0.0</ele>
      </trkpt>
      <trkpt lat="54.819101337343454" lon="18.474284391850233">
        <ele>0.0</ele>
      </trkpt>
      <trkpt lat="54.819078957661986" lon="18.474169727414846">
        <ele>0.0</ele>
      </trkpt>
      <trkpt lat="54.81935145333409" lon="18.474322697147727">
        <ele>0.0</ele>
      </trkpt>
      <trkpt lat="54.820141112431884" lon="18.474687477573752">
        <ele>0.0</ele>
      </trkpt>
      <trkpt lat="54.820244293659925" lon="18.474713042378426">
        <ele>0.0</ele>
      </trkpt>
      <trkpt lat="54.82038100250065" lon="18.474690159782767">
        <ele>0.0</ele>
      </trkpt>
      <trkpt lat="54.82061536051333" lon="18.474720418453217">
        <ele>0.0</ele>
      </trkpt>
      <trkpt lat="54.821371491998434" lon="18.474959889426827">
        <ele>0.0</ele>
      </trkpt>
      <trkpt lat="54.82145665213466" lon="18.474854780361056">
        <ele>0.0</ele>
      </trkpt>
      <trkpt lat="54.82174448668957" lon="18.474840028211474">
        <ele>0.0</ele>
      </trkpt>
      <trkpt lat="54.82237933203578" lon="18.47505921497941">
        <ele>0.0</ele>
      </trkpt>
      <trkpt lat="54.82246926985681" lon="18.475175723433495">
        <ele>0.0</ele>
      </trkpt>
      <trkpt lat="54.82274738140404" lon="18.475251914933324">
        <ele>0.0</ele>
      </trkpt>
      <trkpt lat="54.823562521487474" lon="18.475701855495572">
        <ele>0.0</ele>
      </trkpt>
      <trkpt lat="54.823585990816355" lon="18.475728342309594">
        <ele>0.0</ele>
      </trkpt>
      <trkpt lat="54.82372948899865" lon="18.47586832009256">
        <ele>0.0</ele>
      </trkpt>
      <trkpt lat="54.823957812041044" lon="18.476027324795723">
        <ele>0.0</ele>
      </trkpt>
      <trkpt lat="54.824681086465716" lon="18.476323541253805">
        <ele>0.0</ele>
      </trkpt>
      <trkpt lat="54.8247838485986" lon="18.47634533420205">
        <ele>0.0</ele>
      </trkpt>
      <trkpt lat="54.82495341449976" lon="18.476407695561647">
        <ele>0.0</ele>
      </trkpt>
      <trkpt lat="54.82561659067869" lon="18.47640727646649">
        <ele>0.0</ele>
      </trkpt>
      <trkpt lat="54.825763776898384" lon="18.47657156176865">
        <ele>0.0</ele>
      </trkpt>
      <trkpt lat="54.825952369719744" lon="18.476806757971644">
        <ele>0.0</ele>
      </trkpt>
      <trkpt lat="54.826741022989154" lon="18.477110350504518">
        <ele>0.0</ele>
      </trkpt>
      <trkpt lat="54.82665150426328" lon="18.477030638605356">
        <ele>0.0</ele>
      </trkpt>
      <trkpt lat="54.82688779011369" lon="18.477107919752598">
        <ele>0.0</ele>
      </trkpt>
      <trkpt lat="54.82776453718543" lon="18.47738695330918">
        <ele>0.0</ele>
      </trkpt>
      <trkpt lat="54.827787671238184" lon="18.477405896410346">
        <ele>0.0</ele>
      </trkpt>
      <trkpt lat="54.8279647808522" lon="18.477496588602662">
        <ele>0.0</ele>
      </trkpt>
      <trkpt lat="54.82824247330427" lon="18.47753363661468">
        <ele>0.0</ele>
      </trkpt>
      <trkpt lat="54.82893917709589" lon="18.477611923590302">
        <ele>0.0</ele>
      </trkpt>
      <trkpt lat="54.82895535416901" lon="18.47762986086309">
        <ele>0.0</ele>
      </trkpt>
      <trkpt lat="54.829082591459155" lon="18.477704795077443">
        <ele>0.0</ele>
      </trkpt>
      <trkpt lat="54.82989136129618" lon="18.478054823353887">
        <ele>0.0</ele>
      </trkpt>
      <trkpt lat="54.82990871183574" lon="18.47806924022734">
        <ele>0.0</ele>
      </trkpt>
      <trkpt lat="54.82990955002606" lon="18.478133864700794">
        <ele>0.0</ele>
      </trkpt>
      <trkpt lat="54.83016226440668" lon="18.478215588256717">
        <ele>0.0</ele>
      </trkpt>
      <trkpt lat="54.83073717914522" lon="18.478416251018643">
        <ele>0.0</ele>
      </trkpt>
      <trkpt lat="54.83084832318127" lon="18.478497471660376">
        <ele>0.0</ele>
      </trkpt>
      <trkpt lat="54.831096259877086" lon="18.478619176894426">
        <ele>0.0</ele>
      </trkpt>
      <trkpt lat="54.831777876242995" lon="18.478841464966536">
        <ele>0.0</ele>
      </trkpt>
      <trkpt lat="54.83184275217354" lon="18.478847248479724">
        <ele>0.0</ele>
      </trkpt>
      <trkpt lat="54.832045175135136" lon="18.4788035787642">
        <ele>0.0</ele>
      </trkpt>
      <trkpt lat="54.832937344908714" lon="18.478863006457686">
        <ele>0.0</ele>
      </trkpt>
      <trkpt lat="54.83298168517649" lon="18.478895109146833">
        <ele>0.0</ele>
      </trkpt>
      <trkpt lat="54.83315158635378" lon="18.47900005057454">
        <ele>0.0</ele>
      </trkpt>
      <trkpt lat="54.834020705893636" lon="18.479485865682364">
        <ele>0.0</ele>
      </trkpt>
      <trkpt lat="54.83423058874905" lon="18.47950078547001">
        <ele>0.0</ele>
      </trkpt>
      <trkpt lat="54.835095098242164" lon="18.480145940557122">
        <ele>0.0</ele>
      </trkpt>
      <trkpt lat="54.83525284565985" lon="18.48036772571504">
        <ele>0.0</ele>
      </trkpt>
      <trkpt lat="54.8353644926101" lon="18.48065505735576">
        <ele>0.0</ele>
      </trkpt>
      <trkpt lat="54.83574125915766" lon="18.48147002980113">
        <ele>0.0</ele>
      </trkpt>
      <trkpt lat="54.835938066244125" lon="18.48101606592536">
        <ele>0.0</ele>
      </trkpt>
      <trkpt lat="54.83597586862743" lon="18.48100676201284">
        <ele>0.0</ele>
      </trkpt>
      <trkpt lat="54.8361639585346" lon="18.48096233792603">
        <ele>0.0</ele>
      </trkpt>
      <trkpt lat="54.836935345083475" lon="18.48116702400148">
        <ele>0.0</ele>
      </trkpt>
      <trkpt lat="54.836951438337564" lon="18.481189906597137">
        <ele>0.0</ele>
      </trkpt>
      <trkpt lat="54.83715008944273" lon="18.481334410607815">
        <ele>0.0</ele>
      </trkpt>
      <trkpt lat="54.83798081986606" lon="18.4815579559654">
        <ele>0.0</ele>
      </trkpt>
      <trkpt lat="54.83800797723234" lon="18.481571534648538">
        <ele>0.0</ele>
      </trkpt>
      <trkpt lat="54.838301008567214" lon="18.481612438336015">
        <ele>0.0</ele>
      </trkpt>
      <trkpt lat="54.83913500793278" lon="18.48175878636539">
        <ele>0.0</ele>
      </trkpt>
      <trkpt lat="54.83916602097452" lon="18.48173481412232">
        <ele>0.0</ele>
      </trkpt>
      <trkpt lat="54.839424854144454" lon="18.481744034215808">
        <ele>0.0</ele>
      </trkpt>
      <trkpt lat="54.84008685685694" lon="18.48160531371832">
        <ele>0.0</ele>
      </trkpt>
      <trkpt lat="54.84015709720552" lon="18.481662143021822">
        <ele>0.0</ele>
      </trkpt>
      <trkpt lat="54.84046655707061" lon="18.481591483578086">
        <ele>0.0</ele>
      </trkpt>
      <trkpt lat="54.841178096830845" lon="18.481496097519994">
        <ele>0.0</ele>
      </trkpt>
      <trkpt lat="54.841288486495614" lon="18.481614785268903">
        <ele>0.0</ele>
      </trkpt>
      <trkpt lat="54.84135830774903" lon="18.481641774997115">
        <ele>0.0</ele>
      </trkpt>
      <trkpt lat="54.841487472876906" lon="18.48170069977641">
        <ele>0.0</ele>
      </trkpt>
      <trkpt lat="54.84216431155801" lon="18.4819361474365">
        <ele>0.0</ele>
      </trkpt>
      <trkpt lat="54.84218996018171" lon="18.481915863230824">
        <ele>0.0</ele>
      </trkpt>
      <trkpt lat="54.84221141785383" lon="18.48188736476004">
        <ele>0.0</ele>
      </trkpt>
      <trkpt lat="54.84233287163079" lon="18.481842605397105">
        <ele>0.0</ele>
      </trkpt>
      <trkpt lat="54.84300401061773" lon="18.48207889124751">
        <ele>0.0</ele>
      </trkpt>
      <trkpt lat="54.843027982860804" lon="18.48209112882614">
        <ele>0.0</ele>
      </trkpt>
      <trkpt lat="54.84327021986246" lon="18.482188526540995">
        <ele>0.0</ele>
      </trkpt>
      <trkpt lat="54.84422391280532" lon="18.4825284127146">
        <ele>0.0</ele>
      </trkpt>
      <trkpt lat="54.844367327168584" lon="18.48253771662712">
        <ele>0.0</ele>
      </trkpt>
      <trkpt lat="54.84457628801465" lon="18.482551546767354">
        <ele>0.0</ele>
      </trkpt>
      <trkpt lat="54.84539117664099" lon="18.482881374657154">
        <ele>0.0</ele>
      </trkpt>
      <trkpt lat="54.84549720771611" lon="18.482867125421762">
        <ele>0.0</ele>
      </trkpt>
      <trkpt lat="54.84575578942895" lon="18.482849020510912">
        <ele>0.0</ele>
      </trkpt>
      <trkpt lat="54.846580401062965" lon="18.48285329528153">
        <ele>0.0</ele>
      </trkpt>
      <trkpt lat="54.84665592201054" lon="18.482873495668173">
        <ele>0.0</ele>
      </trkpt>
      <trkpt lat="54.84688156284392" lon="18.48295454867184">
        <ele>0.0</ele>
      </trkpt>
      <trkpt lat="54.847804913297296" lon="18.4830189216882">
        <ele>0.0</ele>
      </trkpt>
      <trkpt lat="54.8478548694402" lon="18.48303652368486">
        <ele>0.0</ele>
      </trkpt>
      <trkpt lat="54.848055029287934" lon="18.483025543391705">
        <ele>0.0</ele>
      </trkpt>
      <trkpt lat="54.848832450807095" lon="18.483221428468823">
        <ele>0.0</ele>
      </trkpt>
      <trkpt lat="54.84899489209056" lon="18.483130065724254">
        <ele>0.0</ele>
      </trkpt>
      <trkpt lat="54.849209720268846" lon="18.483066698536277">
        <ele>0.0</ele>
      </trkpt>
      <trkpt lat="54.84996107406914" lon="18.48292169161141">
        <ele>0.0</ele>
      </trkpt>
      <trkpt lat="54.8501240182668" lon="18.482936024665833">
        <ele>0.0</ele>
      </trkpt>
      <trkpt lat="54.85037488862872" lon="18.482951698824763">
        <ele>0.0</ele>
      </trkpt>
      <trkpt lat="54.851217437535524" lon="18.48296477459371">
        <ele>0.0</ele>
      </trkpt>
      <trkpt lat="54.85127133317292" lon="18.482951782643795">
        <ele>0.0</ele>
      </trkpt>
      <trkpt lat="54.85150208696723" lon="18.482920601963997">
        <ele>0.0</ele>
      </trkpt>
      <trkpt lat="54.85228202305734" lon="18.48282454535365">
        <ele>0.0</ele>
      </trkpt>
      <trkpt lat="54.85250489786267" lon="18.482721531763673">
        <ele>0.0</ele>
      </trkpt>
      <trkpt lat="54.853183161467314" lon="18.482760339975357">
        <ele>0.0</ele>
      </trkpt>
      <trkpt lat="54.85349614173174" lon="18.48283032886684">
        <ele>0.0</ele>
      </trkpt>
      <trkpt lat="54.85366721637547" lon="18.48280099220574">
        <ele>0.0</ele>
      </trkpt>
      <trkpt lat="54.854589058086276" lon="18.482885397970676">
        <ele>0.0</ele>
      </trkpt>
      <trkpt lat="54.854642786085606" lon="18.48296226002276">
        <ele>0.0</ele>
      </trkpt>
      <trkpt lat="54.854915365576744" lon="18.483048174530268">
        <ele>0.0</ele>
      </trkpt>
      <trkpt lat="54.85581818036735" lon="18.483200138434768">
        <ele>0.0</ele>
      </trkpt>
      <trkpt lat="54.85582983121276" lon="18.483222601935267">
        <ele>0.0</ele>
      </trkpt>
      <trkpt lat="54.85616996884346" lon="18.483214136213064">
        <ele>0.0</ele>
      </trkpt>
      <trkpt lat="54.856422767043114" lon="18.483239030465484">
        <ele>0.0</ele>
      </trkpt>
      <trkpt lat="54.85729926265776" lon="18.483177674934268">
        <ele>0.0</ele>
      </trkpt>
      <trkpt lat="54.85738065093756" lon="18.48318655975163">
        <ele>0.0</ele>
      </trkpt>
      <trkpt lat="54.85762858763337" lon="18.48314012400806">
        <ele>0.0</ele>
      </trkpt>
      <trkpt lat="54.858452109619975" lon="18.48306636326015">
        <ele>0.0</ele>
      </trkpt>
      <trkpt lat="54.85848312266171" lon="18.483028393238783">
        <ele>0.0</ele>
      </trkpt>
      <trkpt lat="54.85869166441262" lon="18.482931749895215">
        <ele>0.0</ele>
      </trkpt>
      <trkpt lat="54.85970260575414" lon="18.48264517262578">
        <ele>0.0</ele>
      </trkpt>
      <trkpt lat="54.859910728409886" lon="18.48255481570959">
        <ele>0.0</ele>
      </trkpt>
      <trkpt lat="54.860825864598155" lon="18.482109988108277">
        <ele>0.0</ele>
      </trkpt>
      <trkpt lat="54.8609996214509" lon="18.482041843235493">
        <ele>0.0</ele>
      </trkpt>
      <trkpt lat="54.862128999084234" lon="18.481819555163383">
        <ele>0.0</ele>
      </trkpt>
      <trkpt lat="54.862445248290896" lon="18.481717044487596">
        <ele>0.0</ele>
      </trkpt>
      <trkpt lat="54.86324245110154" lon="18.481711177155375">
        <ele>0.0</ele>
      </trkpt>
      <trkpt lat="54.86353112384677" lon="18.48155016079545">
        <ele>0.0</ele>
      </trkpt>
      <trkpt lat="54.86375969834626" lon="18.48153834231198">
        <ele>0.0</ele>
      </trkpt>
      <trkpt lat="54.8645468428731" lon="18.48140699788928">
        <ele>0.0</ele>
      </trkpt>
      <trkpt lat="54.864702578634024" lon="18.481317395344377">
        <ele>0.0</ele>
      </trkpt>
      <trkpt lat="54.86560095101595" lon="18.48115143366158">
        <ele>0.0</ele>
      </trkpt>
      <trkpt lat="54.865612434223294" lon="18.4811641741544">
        <ele>0.0</ele>
      </trkpt>
      <trkpt lat="54.86583245918155" lon="18.481011455878615">
        <ele>0.0</ele>
      </trkpt>
      <trkpt lat="54.86601350829005" lon="18.480963427573442">
        <ele>0.0</ele>
      </trkpt>
      <trkpt lat="54.86671943217516" lon="18.48067500628531">
        <ele>0.0</ele>
      </trkpt>
      <trkpt lat="54.86683124676347" lon="18.480616249144077">
        <ele>0.0</ele>
      </trkpt>
      <trkpt lat="54.86695873551071" lon="18.480525892227888">
        <ele>0.0</ele>
      </trkpt>
      <trkpt lat="54.86759064719081" lon="18.480123644694686">
        <ele>0.0</ele>
      </trkpt>
      <trkpt lat="54.86768200993538" lon="18.480147616937757">
        <ele>0.0</ele>
      </trkpt>
      <trkpt lat="54.867852330207825" lon="18.480226658284664">
        <ele>0.0</ele>
      </trkpt>
      <trkpt lat="54.86804109066725" lon="18.48019958473742">
        <ele>0.0</ele>
      </trkpt>
      <trkpt lat="54.868706529960036" lon="18.480153316631913">
        <ele>0.0</ele>
      </trkpt>
      <trkpt lat="54.868709379807115" lon="18.48014200106263">
        <ele>0.0</ele>
      </trkpt>
      <trkpt lat="54.86870183609426" lon="18.480060696601868">
        <ele>0.0</ele>
      </trkpt>
      <trkpt lat="54.86863478086889" lon="18.47988300025463">
        <ele>0.0</ele>
      </trkpt>
      <trkpt lat="54.868394220247865" lon="18.47853049635887">
        <ele>0.0</ele>
      </trkpt>
      <trkpt lat="54.868392208591104" lon="18.47851230762899">
        <ele>0.0</ele>
      </trkpt>
      <trkpt lat="54.868385922163725" lon="18.478361098095775">
        <ele>0.0</ele>
      </trkpt>
      <trkpt lat="54.86837678588927" lon="18.47819329239428">
        <ele>0.0</ele>
      </trkpt>
      <trkpt lat="54.86813899129629" lon="18.47695905715227">
        <ele>0.0</ele>
      </trkpt>
      <trkpt lat="54.86811879090965" lon="18.47686660476029">
        <ele>0.0</ele>
      </trkpt>
      <trkpt lat="54.86800806596875" lon="18.47653778269887">
        <ele>0.0</ele>
      </trkpt>
      <trkpt lat="54.86770899966359" lon="18.47509198822081">
        <ele>0.0</ele>
      </trkpt>
      <trkpt lat="54.86769265495241" lon="18.475067261606455">
        <ele>0.0</ele>
      </trkpt>
      <trkpt lat="54.867659378796816" lon="18.47465512342751">
        <ele>0.0</ele>
      </trkpt>
      <trkpt lat="54.867325611412525" lon="18.47295326180756">
        <ele>0.0</ele>
      </trkpt>
      <trkpt lat="54.86730842851102" lon="18.472927445545793">
        <ele>0.0</ele>
      </trkpt>
      <trkpt lat="54.867224441841245" lon="18.47269711084664">
        <ele>0.0</ele>
      </trkpt>
      <trkpt lat="54.867123272269964" lon="18.472390165552497">
        <ele>0.0</ele>
      </trkpt>
      <trkpt lat="54.86665489152074" lon="18.47108669579029">
        <ele>0.0</ele>
      </trkpt>
      <trkpt lat="54.86660795286298" lon="18.470924589782953">
        <ele>0.0</ele>
      </trkpt>
      <trkpt lat="54.866423048079014" lon="18.470408683642745">
        <ele>0.0</ele>
      </trkpt>
      <trkpt lat="54.86606757156551" lon="18.4688413515687">
        <ele>0.0</ele>
      </trkpt>
      <trkpt lat="54.86604996956885" lon="18.468842105939984">
        <ele>0.0</ele>
      </trkpt>
      <trkpt lat="54.86595818772912" lon="18.46841144375503">
        <ele>0.0</ele>
      </trkpt>
      <trkpt lat="54.865538254380226" lon="18.466567676514387">
        <ele>0.0</ele>
      </trkpt>
      <trkpt lat="54.86538000404835" lon="18.466228544712067">
        <ele>0.0</ele>
      </trkpt>
      <trkpt lat="54.86497180536389" lon="18.46444663591683">
        <ele>0.0</ele>
      </trkpt>
      <trkpt lat="54.86486962996423" lon="18.46415301784873">
        <ele>0.0</ele>
      </trkpt>
      <trkpt lat="54.86433796584606" lon="18.46240379847586">
        <ele>0.0</ele>
      </trkpt>
      <trkpt lat="54.86431868746877" lon="18.46237236633897">
        <ele>0.0</ele>
      </trkpt>
      <trkpt lat="54.86420888453722" lon="18.461961736902595">
        <ele>0.0</ele>
      </trkpt>
      <trkpt lat="54.863701947033405" lon="18.460385352373123">
        <ele>0.0</ele>
      </trkpt>
      <trkpt lat="54.86362709663808" lon="18.45997422002256">
        <ele>0.0</ele>
      </trkpt>
      <trkpt lat="54.86315603367984" lon="18.45836757682264">
        <ele>0.0</ele>
      </trkpt>
      <trkpt lat="54.8630546964705" lon="18.45817227847874">
        <ele>0.0</ele>
      </trkpt>
      <trkpt lat="54.862917736172676" lon="18.457668777555227">
        <ele>0.0</ele>
      </trkpt>
      <trkpt lat="54.86245069652796" lon="18.456085855141282">
        <ele>0.0</ele>
      </trkpt>
      <trkpt lat="54.86232966184616" lon="18.455932550132275">
        <ele>0.0</ele>
      </trkpt>
      <trkpt lat="54.86219932325184" lon="18.45552627928555">
        <ele>0.0</ele>
      </trkpt>
      <trkpt lat="54.861797327175736" lon="18.45421526581049">
        <ele>0.0</ele>
      </trkpt>
      <trkpt lat="54.861787017434835" lon="18.4540178719908">
        <ele>0.0</ele>
      </trkpt>
      <trkpt lat="54.861707305535674" lon="18.453718638047576">
        <ele>0.0</ele>
      </trkpt>
      <trkpt lat="54.86144629307091" lon="18.452270915731788">
        <ele>0.0</ele>
      </trkpt>
      <trkpt lat="54.8614193033427" lon="18.452198831364512">
        <ele>0.0</ele>
      </trkpt>
      <trkpt lat="54.86136783845723" lon="18.451820388436317">
        <ele>0.0</ele>
      </trkpt>
      <trkpt lat="54.861015966162086" lon="18.450147109106183">
        <ele>0.0</ele>
      </trkpt>
      <trkpt lat="54.86099576577544" lon="18.45008290372789">
        <ele>0.0</ele>
      </trkpt>
      <trkpt lat="54.86088805831969" lon="18.449713177978992">
        <ele>0.0</ele>
      </trkpt>
      <trkpt lat="54.86043602228165" lon="18.44790511764586">
        <ele>0.0</ele>
      </trkpt>
      <trkpt lat="54.86035128124058" lon="18.447552155703306">
        <ele>0.0</ele>
      </trkpt>
      <trkpt lat="54.85996529459953" lon="18.446045592427254">
        <ele>0.0</ele>
      </trkpt>
      <trkpt lat="54.85991760157049" lon="18.445670753717422">
        <ele>0.0</ele>
      </trkpt>
      <trkpt lat="54.85981022939086" lon="18.445307482033968">
        <ele>0.0</ele>
      </trkpt>
      <trkpt lat="54.859442096203566" lon="18.444091184064746">
        <ele>0.0</ele>
      </trkpt>
      <trkpt lat="54.85940177924931" lon="18.443777365610003">
        <ele>0.0</ele>
      </trkpt>
      <trkpt lat="54.85924059525132" lon="18.4432128444314">
        <ele>0.0</ele>
      </trkpt>
      <trkpt lat="54.858835162594914" lon="18.441969975829124">
        <ele>0.0</ele>
      </trkpt>
      <trkpt lat="54.858808843418956" lon="18.441836033016443">
        <ele>0.0</ele>
      </trkpt>
      <trkpt lat="54.85870415344834" lon="18.44139506109059">
        <ele>0.0</ele>
      </trkpt>
      <trkpt lat="54.85829243436456" lon="18.439955469220877">
        <ele>0.0</ele>
      </trkpt>
      <trkpt lat="54.858304588124156" lon="18.439637375995517">
        <ele>0.0</ele>
      </trkpt>
      <trkpt lat="54.8580967169255" lon="18.43924560584128">
        <ele>0.0</ele>
      </trkpt>
      <trkpt lat="54.85762397758663" lon="18.437889330089092">
        <ele>0.0</ele>
      </trkpt>
      <trkpt lat="54.857557006180286" lon="18.437764020636678">
        <ele>0.0</ele>
      </trkpt>
      <trkpt lat="54.85750671476126" lon="18.43725750222802">
        <ele>0.0</ele>
      </trkpt>
      <trkpt lat="54.8570036329329" lon="18.43567323870957">
        <ele>0.0</ele>
      </trkpt>
      <trkpt lat="54.857007656246424" lon="18.43557558953762">
        <ele>0.0</ele>
      </trkpt>
      <trkpt lat="54.85687949694693" lon="18.435161355882883">
        <ele>0.0</ele>
      </trkpt>
      <trkpt lat="54.85636794939637" lon="18.433731570839882">
        <ele>0.0</ele>
      </trkpt>
      <trkpt lat="54.856296703219414" lon="18.43359117396176">
        <ele>0.0</ele>
      </trkpt>
      <trkpt lat="54.856199054047465" lon="18.433241648599505">
        <ele>0.0</ele>
      </trkpt>
      <trkpt lat="54.855641992762685" lon="18.431862657889724">
        <ele>0.0</ele>
      </trkpt>
      <trkpt lat="54.85558114014566" lon="18.431673729792237">
        <ele>0.0</ele>
      </trkpt>
      <trkpt lat="54.85547175630927" lon="18.431248432025313">
        <ele>0.0</ele>
      </trkpt>
      <trkpt lat="54.85517704859376" lon="18.429924342781305">
        <ele>0.0</ele>
      </trkpt>
      <trkpt lat="54.855164559558034" lon="18.429791573435068">
        <ele>0.0</ele>
      </trkpt>
      <trkpt lat="54.85508459620178" lon="18.42938899062574">
        <ele>0.0</ele>
      </trkpt>
      <trkpt lat="54.854720905423164" lon="18.42800907790661">
        <ele>0.0</ele>
      </trkpt>
      <trkpt lat="54.85470657236874" lon="18.42791486531496">
        <ele>0.0</ele>
      </trkpt>
      <trkpt lat="54.854675056412816" lon="18.427595179527998">
        <ele>0.0</ele>
      </trkpt>
      <trkpt lat="54.8542320728302" lon="18.42613278888166">
        <ele>0.0</ele>
      </trkpt>
      <trkpt lat="54.85423240810633" lon="18.426102614030242">
        <ele>0.0</ele>
      </trkpt>
      <trkpt lat="54.8541683703661" lon="18.425634736195207">
        <ele>0.0</ele>
      </trkpt>
      <trkpt lat="54.85375086776912" lon="18.42428231611848">
        <ele>0.0</ele>
      </trkpt>
      <trkpt lat="54.85373594798148" lon="18.42424862086773">
        <ele>0.0</ele>
      </trkpt>
      <trkpt lat="54.85364961437881" lon="18.423816449940205">
        <ele>0.0</ele>
      </trkpt>
      <trkpt lat="54.85326807014644" lon="18.422465370967984">
        <ele>0.0</ele>
      </trkpt>
      <trkpt lat="54.85332473181188" lon="18.4222262352705">
        <ele>0.0</ele>
      </trkpt>
      <trkpt lat="54.85323722474277" lon="18.421850558370352">
        <ele>0.0</ele>
      </trkpt>
      <trkpt lat="54.85288292169571" lon="18.420349275693297">
        <ele>0.0</ele>
      </trkpt>
      <trkpt lat="54.85287034884095" lon="18.420243496075273">
        <ele>0.0</ele>
      </trkpt>
      <trkpt lat="54.85281008295715" lon="18.419949458912015">
        <ele>0.0</ele>
      </trkpt>
      <trkpt lat="54.85246265307069" lon="18.418207950890064">
        <ele>0.0</ele>
      </trkpt>
      <trkpt lat="54.85244664363563" lon="18.418183224275708">
        <ele>0.0</ele>
      </trkpt>
      <trkpt lat="54.85234882682562" lon="18.41765466146171">
        <ele>0.0</ele>
      </trkpt>
      <trkpt lat="54.851981699466705" lon="18.416044833138585">
        <ele>0.0</ele>
      </trkpt>
      <trkpt lat="54.851936185732484" lon="18.415875686332583">
        <ele>0.0</ele>
      </trkpt>
      <trkpt lat="54.851833172142506" lon="18.415518030524254">
        <ele>0.0</ele>
      </trkpt>
      <trkpt lat="54.851402677595615" lon="18.41373335570097">
        <ele>0.0</ele>
      </trkpt>
      <trkpt lat="54.851301508024335" lon="18.413766212761402">
        <ele>0.0</ele>
      </trkpt>
      <trkpt lat="54.851290276274085" lon="18.413605112582445">
        <ele>0.0</ele>
      </trkpt>
      <trkpt lat="54.85119815915823" lon="18.413182916119695">
        <ele>0.0</ele>
      </trkpt>
      <trkpt lat="54.85084980726242" lon="18.411554312333465">
        <ele>0.0</ele>
      </trkpt>
      <trkpt lat="54.850844191387296" lon="18.41151935979724">
        <ele>0.0</ele>
      </trkpt>
      <trkpt lat="54.85079708509147" lon="18.411075370386243">
        <ele>0.0</ele>
      </trkpt>
      <trkpt lat="54.85044965520501" lon="18.409633599221706">
        <ele>0.0</ele>
      </trkpt>
      <trkpt lat="54.85045652836561" lon="18.40955950319767">
        <ele>0.0</ele>
      </trkpt>
      <trkpt lat="54.85041151754558" lon="18.40914954431355">
        <ele>0.0</ele>
      </trkpt>
      <trkpt lat="54.85019417479634" lon="18.407684303820133">
        <ele>0.0</ele>
      </trkpt>
      <trkpt lat="54.85016911290586" lon="18.407637951895595">
        <ele>0.0</ele>
      </trkpt>
      <trkpt lat="54.85011890530586" lon="18.40729278512299">
        <ele>0.0</ele>
      </trkpt>
      <trkpt lat="54.849829226732254" lon="18.4062338154763">
        <ele>0.0</ele>
      </trkpt>
      <trkpt lat="54.849803913384676" lon="18.405998200178146">
        <ele>0.0</ele>
      </trkpt>
      <trkpt lat="54.849720345810056" lon="18.405615482479334">
        <ele>0.0</ele>
      </trkpt>
      <trkpt lat="54.84951188787818" lon="18.404700849205256">
        <ele>0.0</ele>
      </trkpt>
      <trkpt lat="54.849462350830436" lon="18.40456766076386">
        <ele>0.0</ele>
      </trkpt>
      <trkpt lat="54.84933452680707" lon="18.40417723171413">
        <ele>0.0</ele>
      </trkpt>
      <trkpt lat="54.84913998283446" lon="18.40326553210616">
        <ele>0.0</ele>
      </trkpt>
      <trkpt lat="54.84906203113496" lon="18.402968058362603">
        <ele>0.0</ele>
      </trkpt>
      <trkpt lat="54.848983911797404" lon="18.402619874104857">
        <ele>0.0</ele>
      </trkpt>
      <trkpt lat="54.84859733842313" lon="18.401066372171044">
        <ele>0.0</ele>
      </trkpt>
      <trkpt lat="54.84856431372464" lon="18.400922790169716">
        <ele>0.0</ele>
      </trkpt>
      <trkpt lat="54.84850010834634" lon="18.40055163949728">
        <ele>0.0</ele>
      </trkpt>
      <trkpt lat="54.84826818108559" lon="18.39941119775176">
        <ele>0.0</ele>
      </trkpt>
      <trkpt lat="54.848258709535" lon="18.39938236400485">
        <ele>0.0</ele>
      </trkpt>
      <trkpt lat="54.84818561933935" lon="18.39899830520153">
        <ele>0.0</ele>
      </trkpt>
      <trkpt lat="54.84795771539211" lon="18.397689638659358">
        <ele>0.0</ele>
      </trkpt>
      <trkpt lat="54.847875488922" lon="18.397492496296763">
        <ele>0.0</ele>
      </trkpt>
      <trkpt lat="54.8478080984205" lon="18.397029479965568">
        <ele>0.0</ele>
      </trkpt>
      <trkpt lat="54.847576757892966" lon="18.39581586420536">
        <ele>0.0</ele>
      </trkpt>
      <trkpt lat="54.84753970988095" lon="18.395597096532583">
        <ele>0.0</ele>
      </trkpt>
      <trkpt lat="54.847459495067596" lon="18.39518655091524">
        <ele>0.0</ele>
      </trkpt>
      <trkpt lat="54.84724190086126" lon="18.39408030733466">
        <ele>0.0</ele>
      </trkpt>
      <trkpt lat="54.84712346456945" lon="18.393944604322314">
        <ele>0.0</ele>
      </trkpt>
      <trkpt lat="54.846978625282645" lon="18.393653836101294">
        <ele>0.0</ele>
      </trkpt>
      <trkpt lat="54.84647453762591" lon="18.39203914627433">
        <ele>0.0</ele>
      </trkpt>
      <trkpt lat="54.84641896560788" lon="18.391896402463317">
        <ele>0.0</ele>
      </trkpt>
      <trkpt lat="54.846049742773175" lon="18.390121702104807">
        <ele>0.0</ele>
      </trkpt>
      <trkpt lat="54.84602937474847" lon="18.38980872184038">
        <ele>0.0</ele>
      </trkpt>
      <trkpt lat="54.84572645276785" lon="18.388135945424438">
        <ele>0.0</ele>
      </trkpt>
      <trkpt lat="54.845585552975535" lon="18.388133011758327">
        <ele>0.0</ele>
      </trkpt>
      <trkpt lat="54.84552998095751" lon="18.38792053051293">
        <ele>0.0</ele>
      </trkpt>
      <trkpt lat="54.84536309726536" lon="18.38616737164557">
        <ele>0.0</ele>
      </trkpt>
      <trkpt lat="54.84533669427037" lon="18.38619075715542">
        <ele>0.0</ele>
      </trkpt>
      <trkpt lat="54.84508431516588" lon="18.384792068973184">
        <ele>0.0</ele>
      </trkpt>
      <trkpt lat="54.84507576562464" lon="18.384749488905072">
        <ele>0.0</ele>
      </trkpt>
      <trkpt lat="54.845014745369554" lon="18.38438286446035">
        <ele>0.0</ele>
      </trkpt>
      <trkpt lat="54.8447344545275" lon="18.383152233436704">
        <ele>0.0</ele>
      </trkpt>
      <trkpt lat="54.84469606541097" lon="18.383038574829698">
        <ele>0.0</ele>
      </trkpt>
      <trkpt lat="54.844357185065746" lon="18.381584817543626">
        <ele>0.0</ele>
      </trkpt>
      <trkpt lat="54.84425048343837" lon="18.38133377954364">
        <ele>0.0</ele>
      </trkpt>
      <trkpt lat="54.843887044116855" lon="18.380096442997456">
        <ele>0.0</ele>
      </trkpt>
      <trkpt lat="54.84390330500901" lon="18.379751108586788">
        <ele>0.0</ele>
      </trkpt>
      <trkpt lat="54.84369283542037" lon="18.378647295758128">
        <ele>0.0</ele>
      </trkpt>
      <trkpt lat="54.84361999668181" lon="18.378473538905382">
        <ele>0.0</ele>
      </trkpt>
      <trkpt lat="54.843556797131896" lon="18.378158379346132">
        <ele>0.0</ele>
      </trkpt>
      <trkpt lat="54.843309028074145" lon="18.37817933410406">
        <ele>0.0</ele>
      </trkpt>
      <trkpt lat="54.84301985241473" lon="18.377211140468717">
        <ele>0.0</ele>
      </trkpt>
      <trkpt lat="54.84306000173092" lon="18.377075856551528">
        <ele>0.0</ele>
      </trkpt>
      <trkpt lat="54.8428572434932" lon="18.37575034238398">
        <ele>0.0</ele>
      </trkpt>
      <trkpt lat="54.84278121963143" lon="18.37527869269252">
        <ele>0.0</ele>
      </trkpt>
      <trkpt lat="54.84240445308387" lon="18.373886374756694">
        <ele>0.0</ele>
      </trkpt>
      <trkpt lat="54.84229205176234" lon="18.373631900176406">
        <ele>0.0</ele>
      </trkpt>
      <trkpt lat="54.84220169484615" lon="18.373268209397793">
        <ele>0.0</ele>
      </trkpt>
      <trkpt lat="54.841770865023136" lon="18.37176357395947">
        <ele>0.0</ele>
      </trkpt>
      <trkpt lat="54.84177388250828" lon="18.37162627838552">
        <ele>0.0</ele>
      </trkpt>
      <trkpt lat="54.84175116755068" lon="18.37133852764964">
        <ele>0.0</ele>
      </trkpt>
      <trkpt lat="54.84152837656438" lon="18.369773207232356">
        <ele>0.0</ele>
      </trkpt>
      <trkpt lat="54.84153214842081" lon="18.369720485061407">
        <ele>0.0</ele>
      </trkpt>
      <trkpt lat="54.84148722141981" lon="18.369525941088796">
        <ele>0.0</ele>
      </trkpt>
      <trkpt lat="54.84128303825855" lon="18.368569314479828">
        <ele>0.0</ele>
      </trkpt>
      <trkpt lat="54.841265603899956" lon="18.36847124621272">
        <ele>0.0</ele>
      </trkpt>
      <trkpt lat="54.84118756838143" lon="18.36829430423677">
        <ele>0.0</ele>
      </trkpt>
      <trkpt lat="54.84090426005423" lon="18.367107342928648">
        <ele>0.0</ele>
      </trkpt>
      <trkpt lat="54.84088724479079" lon="18.367082867771387">
        <ele>0.0</ele>
      </trkpt>
      <trkpt lat="54.840812562033534" lon="18.36680500768125">
        <ele>0.0</ele>
      </trkpt>
      <trkpt lat="54.840368991717696" lon="18.365488881245255">
        <ele>0.0</ele>
      </trkpt>
      <trkpt lat="54.840254662558436" lon="18.36525058373809">
        <ele>0.0</ele>
      </trkpt>
      <trkpt lat="54.84018894843757" lon="18.364997366443276">
        <ele>0.0</ele>
      </trkpt>
      <trkpt lat="54.840097585693" lon="18.364045349881053">
        <ele>0.0</ele>
      </trkpt>
      <trkpt lat="54.84012105502188" lon="18.36405255831778">
        <ele>0.0</ele>
      </trkpt>
      <trkpt lat="54.840249717235565" lon="18.364055827260017">
        <ele>0.0</ele>
      </trkpt>
      <trkpt lat="54.84045507386327" lon="18.363991789519787">
        <ele>0.0</ele>
      </trkpt>
      <trkpt lat="54.84093208797276" lon="18.36366447620094">
        <ele>0.0</ele>
      </trkpt>
      <trkpt lat="54.84098539687693" lon="18.363668080419302">
        <ele>0.0</ele>
      </trkpt>
      <trkpt lat="54.84114515595138" lon="18.363584680482745">
        <ele>0.0</ele>
      </trkpt>
      <trkpt lat="54.8422166146338" lon="18.363278321921825">
        <ele>0.0</ele>
      </trkpt>
      <trkpt lat="54.842226672917604" lon="18.363285614177585">
        <ele>0.0</ele>
      </trkpt>
      <trkpt lat="54.842440746724606" lon="18.363193664699793">
        <ele>0.0</ele>
      </trkpt>
      <trkpt lat="54.84265733510256" lon="18.363072713837028">
        <ele>0.0</ele>
      </trkpt>
      <trkpt lat="54.843367114663124" lon="18.362649427726865">
        <ele>0.0</ele>
      </trkpt>
      <trkpt lat="54.843422435224056" lon="18.36259452626109">
        <ele>0.0</ele>
      </trkpt>
      <trkpt lat="54.84367900528014" lon="18.36242546327412">
        <ele>0.0</ele>
      </trkpt>
      <trkpt lat="54.84447989612818" lon="18.362230835482478">
        <ele>0.0</ele>
      </trkpt>
      <trkpt lat="54.84452675096691" lon="18.36219965480268">
        <ele>0.0</ele>
      </trkpt>
      <trkpt lat="54.8447344545275" lon="18.36207937449217">
        <ele>0.0</ele>
      </trkpt>
      <trkpt lat="54.84570516273379" lon="18.362377183511853">
        <ele>0.0</ele>
      </trkpt>
      <trkpt lat="54.84574866481125" lon="18.362387912347913">
        <ele>0.0</ele>
      </trkpt>
      <trkpt lat="54.84598352573812" lon="18.362259082496166">
        <ele>0.0</ele>
      </trkpt>
      <trkpt lat="54.8461901396513" lon="18.362197559326887">
        <ele>0.0</ele>
      </trkpt>
      <trkpt lat="54.84700762666762" lon="18.361854068934917">
        <ele>0.0</ele>
      </trkpt>
      <trkpt lat="54.8471294157207" lon="18.361781230196357">
        <ele>0.0</ele>
      </trkpt>
      <trkpt lat="54.84743233770132" lon="18.361587105318904">
        <ele>0.0</ele>
      </trkpt>
      <trkpt lat="54.84827991575003" lon="18.361147725954652">
        <ele>0.0</ele>
      </trkpt>
      <trkpt lat="54.848427437245846" lon="18.36113096214831">
        <ele>0.0</ele>
      </trkpt>
      <trkpt lat="54.84866330400109" lon="18.361109001562">
        <ele>0.0</ele>
      </trkpt>
      <trkpt lat="54.84956209547818" lon="18.36099022999406">
        <ele>0.0</ele>
      </trkpt>
      <trkpt lat="54.84966686926782" lon="18.360956870019436">
        <ele>0.0</ele>
      </trkpt>
      <trkpt lat="54.84992276877165" lon="18.36090674623847">
        <ele>0.0</ele>
      </trkpt>
      <trkpt lat="54.85094158910215" lon="18.360910518094897">
        <ele>0.0</ele>
      </trkpt>
      <trkpt lat="54.85097100958228" lon="18.36089157499373">
        <ele>0.0</ele>
      </trkpt>
      <trkpt lat="54.85120846889913" lon="18.36080121807754">
        <ele>0.0</ele>
      </trkpt>
      <trkpt lat="54.8521495051682" lon="18.36039804853499">
        <ele>0.0</ele>
      </trkpt>
      <trkpt lat="54.85236257314682" lon="18.36033501662314">
        <ele>0.0</ele>
      </trkpt>
      <trkpt lat="54.852523505687714" lon="18.36025832220912">
        <ele>0.0</ele>
      </trkpt>
      <trkpt lat="54.85338617116213" lon="18.359934529289603">
        <ele>0.0</ele>
      </trkpt>
      <trkpt lat="54.853448113426566" lon="18.35992564447224">
        <ele>0.0</ele>
      </trkpt>
      <trkpt lat="54.853617679327726" lon="18.359908210113645">
        <ele>0.0</ele>
      </trkpt>
      <trkpt lat="54.85451554879546" lon="18.359608221799135">
        <ele>0.0</ele>
      </trkpt>
      <trkpt lat="54.854542538523674" lon="18.35960218682885">
        <ele>0.0</ele>
      </trkpt>
      <trkpt lat="54.85477061010897" lon="18.359615430235863">
        <ele>0.0</ele>
      </trkpt>
      <trkpt lat="54.855059031397104" lon="18.359628589823842">
        <ele>0.0</ele>
      </trkpt>
      <trkpt lat="54.85588858835399" lon="18.35948140360415">
        <ele>0.0</ele>
      </trkpt>
      <trkpt lat="54.855934688821435" lon="18.35943111218512">
        <ele>0.0</ele>
      </trkpt>
      <trkpt lat="54.85614004544914" lon="18.359340922906995">
        <ele>0.0</ele>
      </trkpt>
      <trkpt lat="54.85715165734291" lon="18.359085358679295">
        <ele>0.0</ele>
      </trkpt>
      <trkpt lat="54.85716632567346" lon="18.359086783602834">
        <ele>0.0</ele>
      </trkpt>
      <trkpt lat="54.857390793040395" lon="18.359113354235888">
        <ele>0.0</ele>
      </trkpt>
      <trkpt lat="54.85826318152249" lon="18.359098937362432">
        <ele>0.0</ele>
      </trkpt>
      <trkpt lat="54.85830282792449" lon="18.359094997867942">
        <ele>0.0</ele>
      </trkpt>
      <trkpt lat="54.858465772122145" lon="18.35910614579916">
        <ele>0.0</ele>
      </trkpt>
      <trkpt lat="54.859753819182515" lon="18.359546279534698">
        <ele>0.0</ele>
      </trkpt>
      <trkpt lat="54.85979715362191" lon="18.359473440796137">
        <ele>0.0</ele>
      </trkpt>
      <trkpt lat="54.86047667451203" lon="18.359461119398475">
        <ele>0.0</ele>
      </trkpt>
      <trkpt lat="54.860581113025546" lon="18.35939196869731">
        <ele>0.0</ele>
      </trkpt>
      <trkpt lat="54.86084774136543" lon="18.359282333403826">
        <ele>0.0</ele>
      </trkpt>
      <trkpt lat="54.861647794023156" lon="18.35895409807563">
        <ele>0.0</ele>
      </trkpt>
      <trkpt lat="54.861668329685926" lon="18.35895661264658">
        <ele>0.0</ele>
      </trkpt>
      <trkpt lat="54.86187796108425" lon="18.358854688704014">
        <ele>0.0</ele>
      </trkpt>
      <trkpt lat="54.86287088133395" lon="18.358868854120374">
        <ele>0.0</ele>
      </trkpt>
      <trkpt lat="54.863051595166326" lon="18.35888385772705">
        <ele>0.0</ele>
      </trkpt>
      <trkpt lat="54.86327899619937" lon="18.358903136104345">
        <ele>0.0</ele>
      </trkpt>
      <trkpt lat="54.8640526458621" lon="18.358960133045912">
        <ele>0.0</ele>
      </trkpt>
      <trkpt lat="54.86417275853455" lon="18.35890782997012">
        <ele>0.0</ele>
      </trkpt>
      <trkpt lat="54.864429496228695" lon="18.358808336779475">
        <ele>0.0</ele>
      </trkpt>
      <trkpt lat="54.86538151279092" lon="18.35856123827398">
        <ele>0.0</ele>
      </trkpt>
      <trkpt lat="54.86545577645302" lon="18.358539110049605">
        <ele>0.0</ele>
      </trkpt>
      <trkpt lat="54.865722907707095" lon="18.35848211310804">
        <ele>0.0</ele>
      </trkpt>
      <trkpt lat="54.866664446890354" lon="18.358775731176138">
        <ele>0.0</ele>
      </trkpt>
      <trkpt lat="54.86671549268067" lon="18.35878704674542">
        <ele>0.0</ele>
      </trkpt>
      <trkpt lat="54.866871144622564" lon="18.358801547437906">
        <ele>0.0</ele>
      </trkpt>
      <trkpt lat="54.86784679815173" lon="18.358888467773795">
        <ele>0.0</ele>
      </trkpt>
      <trkpt lat="54.868068248033524" lon="18.35892585106194">
        <ele>0.0</ele>
      </trkpt>
      <trkpt lat="54.868238652125" lon="18.358878577128053">
        <ele>0.0</ele>
      </trkpt>
      <trkpt lat="54.86895991489291" lon="18.358713118359447">
        <ele>0.0</ele>
      </trkpt>
      <trkpt lat="54.86906913109124" lon="18.358666598796844">
        <ele>0.0</ele>
      </trkpt>
      <trkpt lat="54.869279935956" lon="18.35864145308733">
        <ele>0.0</ele>
      </trkpt>
      <trkpt lat="54.87013639882207" lon="18.358667604625225">
        <ele>0.0</ele>
      </trkpt>
      <trkpt lat="54.87019750289619" lon="18.358663246035576">
        <ele>0.0</ele>
      </trkpt>
      <trkpt lat="54.87038802355528" lon="18.358631478622556">
        <ele>0.0</ele>
      </trkpt>
      <trkpt lat="54.87132051028311" lon="18.3587983623147">
        <ele>0.0</ele>
      </trkpt>
      <trkpt lat="54.871335346251726" lon="18.358803559094667">
        <ele>0.0</ele>
      </trkpt>
      <trkpt lat="54.871617648750544" lon="18.35886281915009">
        <ele>0.0</ele>
      </trkpt>
      <trkpt lat="54.87264418043196" lon="18.35900941863656">
        <ele>0.0</ele>
      </trkpt>
      <trkpt lat="54.87268357537687" lon="18.3589106798172">
        <ele>0.0</ele>
      </trkpt>
      <trkpt lat="54.87265566363931" lon="18.35886432789266">
        <ele>0.0</ele>
      </trkpt>
      <trkpt lat="54.87263487651944" lon="18.35884823463857">
        <ele>0.0</ele>
      </trkpt>
      <trkpt lat="54.87223061732948" lon="18.358012894168496">
        <ele>0.0</ele>
      </trkpt>
      <trkpt lat="54.87222734838724" lon="18.35799747146666">
        <ele>0.0</ele>
      </trkpt>
      <trkpt lat="54.872138584032655" lon="18.357733776792884">
        <ele>0.0</ele>
      </trkpt>
      <trkpt lat="54.87204437144101" lon="18.35747854784131">
        <ele>0.0</ele>
      </trkpt>
      <trkpt lat="54.871715968474746" lon="18.356670532375574">
        <ele>0.0</ele>
      </trkpt>
      <trkpt lat="54.87160675227642" lon="18.356292843818665">
        <ele>0.0</ele>
      </trkpt>
      <trkpt lat="54.871510276570916" lon="18.35593393072486">
        <ele>0.0</ele>
      </trkpt>
      <trkpt lat="54.87105413340032" lon="18.354695085436106">
        <ele>0.0</ele>
      </trkpt>
      <trkpt lat="54.87109562382102" lon="18.35452727973461">
        <ele>0.0</ele>
      </trkpt>
      <trkpt lat="54.871033346280456" lon="18.354201391339302">
        <ele>0.0</ele>
      </trkpt>
      <trkpt lat="54.87095304764807" lon="18.353808615356684">
        <ele>0.0</ele>
      </trkpt>
      <trkpt lat="54.870779709890485" lon="18.352593909949064">
        <ele>0.0</ele>
      </trkpt>
      <trkpt lat="54.87070896662772" lon="18.35262299515307">
        <ele>0.0</ele>
      </trkpt>
      <trkpt lat="54.87059673294425" lon="18.35230682976544">
        <ele>0.0</ele>
      </trkpt>
      <trkpt lat="54.87021795473993" lon="18.350867992267013">
        <ele>0.0</ele>
      </trkpt>
      <trkpt lat="54.87021359615028" lon="18.350826669484377">
        <ele>0.0</ele>
      </trkpt>
      <trkpt lat="54.87016908824444" lon="18.350622402504086">
        <ele>0.0</ele>
      </trkpt>
      <trkpt lat="54.870106894522905" lon="18.350346386432648">
        <ele>0.0</ele>
      </trkpt>
      <trkpt lat="54.86986323259771" lon="18.3493887539953">
        <ele>0.0</ele>
      </trkpt>
      <trkpt lat="54.86969073303044" lon="18.349032858386636">
        <ele>0.0</ele>
      </trkpt>
      <trkpt lat="54.86955192871392" lon="18.34869892336428">
        <ele>0.0</ele>
      </trkpt>
      <trkpt lat="54.8691126331687" lon="18.347418336197734">
        <ele>0.0</ele>
      </trkpt>
      <trkpt lat="54.869044655933976" lon="18.34729260765016">
        <ele>0.0</ele>
      </trkpt>
      <trkpt lat="54.86896796151996" lon="18.34699152968824">
        <ele>0.0</ele>
      </trkpt>
      <trkpt lat="54.86889135092497" lon="18.346696738153696">
        <ele>0.0</ele>
      </trkpt>
      <trkpt lat="54.86860016360879" lon="18.34564439021051">
        <ele>0.0</ele>
      </trkpt>
      <trkpt lat="54.86849329434335" lon="18.345298804342747">
        <ele>0.0</ele>
      </trkpt>
      <trkpt lat="54.86843747086823" lon="18.345020608976483">
        <ele>0.0</ele>
      </trkpt>
      <trkpt lat="54.86812683753669" lon="18.344114273786545">
        <ele>0.0</ele>
      </trkpt>
      <trkpt lat="54.8679918050766" lon="18.343688808381557">
        <ele>0.0</ele>
      </trkpt>
      <trkpt lat="54.867882085964084" lon="18.343310449272394">
        <ele>0.0</ele>
      </trkpt>
      <trkpt lat="54.86744228750467" lon="18.341893907636404">
        <ele>0.0</ele>
      </trkpt>
      <trkpt lat="54.86735503189266" lon="18.341729370877147">
        <ele>0.0</ele>
      </trkpt>
      <trkpt lat="54.86724321730435" lon="18.341458467766643">
        <ele>0.0</ele>
      </trkpt>
      <trkpt lat="54.86713919788599" lon="18.341128807514906">
        <ele>0.0</ele>
      </trkpt>
      <trkpt lat="54.86676092259586" lon="18.34020495414734">
        <ele>0.0</ele>
      </trkpt>
      <trkpt lat="54.86668481491506" lon="18.339701872318983">
        <ele>0.0</ele>
      </trkpt>
      <trkpt lat="54.866561852395535" lon="18.339272551238537">
        <ele>0.0</ele>
      </trkpt>
      <trkpt lat="54.86619656905532" lon="18.33808483555913">
        <ele>0.0</ele>
      </trkpt>
      <trkpt lat="54.86607830040157" lon="18.337803035974503">
        <ele>0.0</ele>
      </trkpt>
      <trkpt lat="54.865986937657" lon="18.337429454550147">
        <ele>0.0</ele>
      </trkpt>
      <trkpt lat="54.865558203309774" lon="18.335943929851055">
        <ele>0.0</ele>
      </trkpt>
      <trkpt lat="54.86546516418457" lon="18.335708985105157">
        <ele>0.0</ele>
      </trkpt>
      <trkpt lat="54.865334406495094" lon="18.33536021411419">
        <ele>0.0</ele>
      </trkpt>
      <trkpt lat="54.864907348528504" lon="18.334421440958977">
        <ele>0.0</ele>
      </trkpt>
      <trkpt lat="54.86480492167175" lon="18.334073089063168">
        <ele>0.0</ele>
      </trkpt>
      <trkpt lat="54.86465010792017" lon="18.333731275051832">
        <ele>0.0</ele>
      </trkpt>
      <trkpt lat="54.86409346573055" lon="18.332480862736702">
        <ele>0.0</ele>
      </trkpt>
      <trkpt lat="54.864017525687814" lon="18.332200152799487">
        <ele>0.0</ele>
      </trkpt>
      <trkpt lat="54.86388140358031" lon="18.331938050687313">
        <ele>0.0</ele>
      </trkpt>
      <trkpt lat="54.863377902656794" lon="18.330806493759155">
        <ele>0.0</ele>
      </trkpt>
      <trkpt lat="54.86340296454728" lon="18.33056442439556">
        <ele>0.0</ele>
      </trkpt>
      <trkpt lat="54.86331168562174" lon="18.330192854627967">
        <ele>0.0</ele>
      </trkpt>
      <trkpt lat="54.862941205501556" lon="18.328552013263106">
        <ele>0.0</ele>
      </trkpt>
      <trkpt lat="54.86280173063278" lon="18.32833324559033">
        <ele>0.0</ele>
      </trkpt>
      <trkpt lat="54.86273031681776" lon="18.328020852059126">
        <ele>0.0</ele>
      </trkpt>
      <trkpt lat="54.86241113394499" lon="18.326788460835814">
        <ele>0.0</ele>
      </trkpt>
      <trkpt lat="54.862298062071204" lon="18.326391577720642">
        <ele>0.0</ele>
      </trkpt>
      <trkpt lat="54.86219672486186" lon="18.325995532795787">
        <ele>0.0</ele>
      </trkpt>
      <trkpt lat="54.86183454282582" lon="18.32456247881055">
        <ele>0.0</ele>
      </trkpt>
      <trkpt lat="54.86181031912565" lon="18.32431278191507">
        <ele>0.0</ele>
      </trkpt>
      <trkpt lat="54.86175105907023" lon="18.323950935155153">
        <ele>0.0</ele>
      </trkpt>
      <trkpt lat="54.861659528687596" lon="18.323524547740817">
        <ele>0.0</ele>
      </trkpt>
      <trkpt lat="54.86140656284988" lon="18.32229383289814">
        <ele>0.0</ele>
      </trkpt>
      <trkpt lat="54.86132341437042" lon="18.32211102358997">
        <ele>0.0</ele>
      </trkpt>
      <trkpt lat="54.86126868054271" lon="18.32175923511386">
        <ele>0.0</ele>
      </trkpt>
      <trkpt lat="54.86078705638647" lon="18.320172457024455">
        <ele>0.0</ele>
      </trkpt>
      <trkpt lat="54.86077884212136" lon="18.32011168822646">
        <ele>0.0</ele>
      </trkpt>
      <trkpt lat="54.860672978684306" lon="18.31961615011096">
        <ele>0.0</ele>
      </trkpt>
      <trkpt lat="54.860234605148435" lon="18.318072706460953">
        <ele>0.0</ele>
      </trkpt>
      <trkpt lat="54.86022219993174" lon="18.318045297637582">
        <ele>0.0</ele>
      </trkpt>
      <trkpt lat="54.86013527959585" lon="18.317796858027577">
        <ele>0.0</ele>
      </trkpt>
      <trkpt lat="54.860009886324406" lon="18.31739637069404">
        <ele>0.0</ele>
      </trkpt>
      <trkpt lat="54.85970411449671" lon="18.316150065511465">
        <ele>0.0</ele>
      </trkpt>
      <trkpt lat="54.85959481447935" lon="18.315913444384933">
        <ele>0.0</ele>
      </trkpt>
      <trkpt lat="54.85952926799655" lon="18.31556400284171">
        <ele>0.0</ele>
      </trkpt>
      <trkpt lat="54.85919591970742" lon="18.314150143414736">
        <ele>0.0</ele>
      </trkpt>
      <trkpt lat="54.85905979759991" lon="18.313701124861836">
        <ele>0.0</ele>
      </trkpt>
      <trkpt lat="54.85895804129541" lon="18.31327867694199">
        <ele>0.0</ele>
      </trkpt>
      <trkpt lat="54.858745224773884" lon="18.311929274350405">
        <ele>0.0</ele>
      </trkpt>
      <trkpt lat="54.85866358503699" lon="18.311871774494648">
        <ele>0.0</ele>
      </trkpt>
      <trkpt lat="54.858598709106445" lon="18.311502132564783">
        <ele>0.0</ele>
      </trkpt>
      <trkpt lat="54.858285477384925" lon="18.30997168086469">
        <ele>0.0</ele>
      </trkpt>
      <trkpt lat="54.85827349126339" lon="18.30993890762329">
        <ele>0.0</ele>
      </trkpt>
      <trkpt lat="54.85819336026907" lon="18.30968032591045">
        <ele>0.0</ele>
      </trkpt>
      <trkpt lat="54.858108116313815" lon="18.309260057285428">
        <ele>0.0</ele>
      </trkpt>
      <trkpt lat="54.85785732977092" lon="18.307760283350945">
        <ele>0.0</ele>
      </trkpt>
      <trkpt lat="54.85783461481333" lon="18.30762566998601">
        <ele>0.0</ele>
      </trkpt>
      <trkpt lat="54.85775222070515" lon="18.307307241484523">
        <ele>0.0</ele>
      </trkpt>
      <trkpt lat="54.857450388371944" lon="18.305564392358065">
        <ele>0.0</ele>
      </trkpt>
      <trkpt lat="54.85735734924674" lon="18.30535895191133">
        <ele>0.0</ele>
      </trkpt>
      <trkpt lat="54.85730295069516" lon="18.30504764802754">
        <ele>0.0</ele>
      </trkpt>
      <trkpt lat="54.85698502510786" lon="18.30379924736917">
        <ele>0.0</ele>
      </trkpt>
      <trkpt lat="54.857005309313536" lon="18.303634794428945">
        <ele>0.0</ele>
      </trkpt>
      <trkpt lat="54.85691503621638" lon="18.30330421216786">
        <ele>0.0</ele>
      </trkpt>
      <trkpt lat="54.85666307620704" lon="18.301977021619678">
        <ele>0.0</ele>
      </trkpt>
      <trkpt lat="54.85649485141039" lon="18.301650881767273">
        <ele>0.0</ele>
      </trkpt>
      <trkpt lat="54.856438944116235" lon="18.30138106830418">
        <ele>0.0</ele>
      </trkpt>
      <trkpt lat="54.856141805648804" lon="18.300195699557662">
        <ele>0.0</ele>
      </trkpt>
      <trkpt lat="54.85608673654497" lon="18.30001724883914">
        <ele>0.0</ele>
      </trkpt>
      <trkpt lat="54.8560297396034" lon="18.299820106476545">
        <ele>0.0</ele>
      </trkpt>
      <trkpt lat="54.8559398856014" lon="18.299525063484907">
        <ele>0.0</ele>
      </trkpt>
      <trkpt lat="54.8555947188288" lon="18.298231652006507">
        <ele>0.0</ele>
      </trkpt>
      <trkpt lat="54.85559178516269" lon="18.29812377691269">
        <ele>0.0</ele>
      </trkpt>
      <trkpt lat="54.855512073263526" lon="18.29776033759117">
        <ele>0.0</ele>
      </trkpt>
      <trkpt lat="54.855417693033814" lon="18.29743729904294">
        <ele>0.0</ele>
      </trkpt>
      <trkpt lat="54.855169923976064" lon="18.29605688340962">
        <ele>0.0</ele>
      </trkpt>
      <trkpt lat="54.855138156563044" lon="18.295990163460374">
        <ele>0.0</ele>
      </trkpt>
      <trkpt lat="54.8550592828542" lon="18.29569537192583">
        <ele>0.0</ele>
      </trkpt>
      <trkpt lat="54.85495367087424" lon="18.29528147354722">
        <ele>0.0</ele>
      </trkpt>
      <trkpt lat="54.854666255414486" lon="18.294249828904867">
        <ele>0.0</ele>
      </trkpt>
      <trkpt lat="54.85461210832" lon="18.29386157914996">
        <ele>0.0</ele>
      </trkpt>
      <trkpt lat="54.85455511137843" lon="18.293589502573013">
        <ele>0.0</ele>
      </trkpt>
      <trkpt lat="54.85412956215441" lon="18.29239659011364">
        <ele>0.0</ele>
      </trkpt>
      <trkpt lat="54.854151187464595" lon="18.292131386697292">
        <ele>0.0</ele>
      </trkpt>
      <trkpt lat="54.85405404120684" lon="18.291782699525356">
        <ele>0.0</ele>
      </trkpt>
      <trkpt lat="54.853967959061265" lon="18.291465863585472">
        <ele>0.0</ele>
      </trkpt>
      <trkpt lat="54.85366092994809" lon="18.29046648927033">
        <ele>0.0</ele>
      </trkpt>
      <trkpt lat="54.85364223830402" lon="18.290235567837954">
        <ele>0.0</ele>
      </trkpt>
      <trkpt lat="54.853567304089665" lon="18.290010429918766">
        <ele>0.0</ele>
      </trkpt>
      <trkpt lat="54.85318886116147" lon="18.289096718654037">
        <ele>0.0</ele>
      </trkpt>
      <trkpt lat="54.853141168132424" lon="18.288550889119506">
        <ele>0.0</ele>
      </trkpt>
      <trkpt lat="54.853069419041276" lon="18.28829708509147">
        <ele>0.0</ele>
      </trkpt>
      <trkpt lat="54.85267345793545" lon="18.287071734666824">
        <ele>0.0</ele>
      </trkpt>
      <trkpt lat="54.85273933969438" lon="18.286724220961332">
        <ele>0.0</ele>
      </trkpt>
      <trkpt lat="54.85268301330507" lon="18.2862735260278">
        <ele>0.0</ele>
      </trkpt>
      <trkpt lat="54.85251445323229" lon="18.284777272492647">
        <ele>0.0</ele>
      </trkpt>
      <trkpt lat="54.85244010575116" lon="18.284699572250247">
        <ele>0.0</ele>
      </trkpt>
      <trkpt lat="54.85232929699123" lon="18.28440218232572">
        <ele>0.0</ele>
      </trkpt>
      <trkpt lat="54.85222226008773" lon="18.28398434445262">
        <ele>0.0</ele>
      </trkpt>
      <trkpt lat="54.851930402219296" lon="18.28286988660693">
        <ele>0.0</ele>
      </trkpt>
      <trkpt lat="54.85176829621196" lon="18.282607784494758">
        <ele>0.0</ele>
      </trkpt>
      <trkpt lat="54.851689003407955" lon="18.282338809221983">
        <ele>0.0</ele>
      </trkpt>
      <trkpt lat="54.85160920768976" lon="18.28205617144704">
        <ele>0.0</ele>
      </trkpt>
      <trkpt lat="54.851186173036695" lon="18.28073845244944">
        <ele>0.0</ele>
      </trkpt>
      <trkpt lat="54.85118927434087" lon="18.280618423596025">
        <ele>0.0</ele>
      </trkpt>
      <trkpt lat="54.85107226297259" lon="18.280299492180347">
        <ele>0.0</ele>
      </trkpt>
      <trkpt lat="54.850628692656755" lon="18.27884246595204">
        <ele>0.0</ele>
      </trkpt>
      <trkpt lat="54.85052207484841" lon="18.278708774596453">
        <ele>0.0</ele>
      </trkpt>
      <trkpt lat="54.850436160340905" lon="18.278454886749387">
        <ele>0.0</ele>
      </trkpt>
      <trkpt lat="54.85005872324109" lon="18.277389965951443">
        <ele>0.0</ele>
      </trkpt>
      <trkpt lat="54.85005620867014" lon="18.277029544115067">
        <ele>0.0</ele>
      </trkpt>
      <trkpt lat="54.849979346618056" lon="18.276756880804896">
        <ele>0.0</ele>
      </trkpt>
      <trkpt lat="54.84992126002908" lon="18.27639159746468">
        <ele>0.0</ele>
      </trkpt>
      <trkpt lat="54.84966058284044" lon="18.27516213990748">
        <ele>0.0</ele>
      </trkpt>
      <trkpt lat="54.84963518567383" lon="18.27487296424806">
        <ele>0.0</ele>
      </trkpt>
      <trkpt lat="54.84959310851991" lon="18.274491503834724">
        <ele>0.0</ele>
      </trkpt>
      <trkpt lat="54.84944801777601" lon="18.27316666021943">
        <ele>0.0</ele>
      </trkpt>
      <trkpt lat="54.8493795376271" lon="18.27298234216869">
        <ele>0.0</ele>
      </trkpt>
      <trkpt lat="54.8493486084044" lon="18.27268042601645">
        <ele>0.0</ele>
      </trkpt>
      <trkpt lat="54.8493227083236" lon="18.272373815998435">
        <ele>0.0</ele>
      </trkpt>
      <trkpt lat="54.84926026314497" lon="18.271469241008162">
        <ele>0.0</ele>
      </trkpt>
      <trkpt lat="54.849121291190386" lon="18.27113832347095">
        <ele>0.0</ele>
      </trkpt>
      <trkpt lat="54.849038645625114" lon="18.270821906626225">
        <ele>0.0</ele>
      </trkpt>
      <trkpt lat="54.848956083878875" lon="18.27050993219018">
        <ele>0.0</ele>
      </trkpt>
      <trkpt lat="54.84866565093398" lon="18.269449369981885">
        <ele>0.0</ele>
      </trkpt>
      <trkpt lat="54.84869699925184" lon="18.269214006140828">
        <ele>0.0</ele>
      </trkpt>
      <trkpt lat="54.848614521324635" lon="18.26888518407941">
        <ele>0.0</ele>
      </trkpt>
      <trkpt lat="54.84857521019876" lon="18.268617298454046">
        <ele>0.0</ele>
      </trkpt>
      <trkpt lat="54.848427856341004" lon="18.267560927197337">
        <ele>0.0</ele>
      </trkpt>
      <trkpt lat="54.8483659978956" lon="18.267281893640757">
        <ele>0.0</ele>
      </trkpt>
      <trkpt lat="54.84831143170595" lon="18.267047116532922">
        <ele>0.0</ele>
      </trkpt>
      <trkpt lat="54.84796995297074" lon="18.266016226261854">
        <ele>0.0</ele>
      </trkpt>
      <trkpt lat="54.848009599372745" lon="18.265875410288572">
        <ele>0.0</ele>
      </trkpt>
      <trkpt lat="54.84797867015004" lon="18.265634011477232">
        <ele>0.0</ele>
      </trkpt>
      <trkpt lat="54.847671054303646" lon="18.264702949672937">
        <ele>0.0</ele>
      </trkpt>
      <trkpt lat="54.84763174317777" lon="18.26444168575108">
        <ele>0.0</ele>
      </trkpt>
      <trkpt lat="54.847549851983786" lon="18.26410012319684">
        <ele>0.0</ele>
      </trkpt>
      <trkpt lat="54.84737156890333" lon="18.262959010899067">
        <ele>0.0</ele>
      </trkpt>
      <trkpt lat="54.8473278991878" lon="18.262892458587885">
        <ele>0.0</ele>
      </trkpt>
      <trkpt lat="54.84727308154106" lon="18.262604121118784">
        <ele>0.0</ele>
      </trkpt>
      <trkpt lat="54.84720988199115" lon="18.26220816001296">
        <ele>0.0</ele>
      </trkpt>
      <trkpt lat="54.846998658031225" lon="18.261253545060754">
        <ele>0.0</ele>
      </trkpt>
      <trkpt lat="54.84695783816278" lon="18.261115411296487">
        <ele>0.0</ele>
      </trkpt>
      <trkpt lat="54.846900422126055" lon="18.260859427973628">
        <ele>0.0</ele>
      </trkpt>
      <trkpt lat="54.846631698310375" lon="18.25978545472026">
        <ele>0.0</ele>
      </trkpt>
      <trkpt lat="54.846625411883" lon="18.25977087020874">
        <ele>0.0</ele>
      </trkpt>
      <trkpt lat="54.84656841494143" lon="18.259542295709252">
        <ele>0.0</ele>
      </trkpt>
      <trkpt lat="54.846503706648946" lon="18.259293353185058">
        <ele>0.0</ele>
      </trkpt>
      <trkpt lat="54.84617932699621" lon="18.25842021033168">
        <ele>0.0</ele>
      </trkpt>
      <trkpt lat="54.846153343096375" lon="18.25833328999579">
        <ele>0.0</ele>
      </trkpt>
      <trkpt lat="54.84606315381825" lon="18.258000779896975">
        <ele>0.0</ele>
      </trkpt>
      <trkpt lat="54.84574003145099" lon="18.25673846527934">
        <ele>0.0</ele>
      </trkpt>
      <trkpt lat="54.84574765898287" lon="18.256628159433603">
        <ele>0.0</ele>
      </trkpt>
      <trkpt lat="54.84570608474314" lon="18.256385754793882">
        <ele>0.0</ele>
      </trkpt>
      <trkpt lat="54.845647076144814" lon="18.256120635196567">
        <ele>0.0</ele>
      </trkpt>
      <trkpt lat="54.84549092128873" lon="18.255364587530494">
        <ele>0.0</ele>
      </trkpt>
      <trkpt lat="54.845381705090404" lon="18.255222514271736">
        <ele>0.0</ele>
      </trkpt>
      <trkpt lat="54.84535379335284" lon="18.255156548693776">
        <ele>0.0</ele>
      </trkpt>
      <trkpt lat="54.84531213529408" lon="18.254930153489113">
        <ele>0.0</ele>
      </trkpt>
      <trkpt lat="54.845075933262706" lon="18.253786778077483">
        <ele>0.0</ele>
      </trkpt>
      <trkpt lat="54.84499546699226" lon="18.25342350639403">
        <ele>0.0</ele>
      </trkpt>
      <trkpt lat="54.844933692365885" lon="18.253115052357316">
        <ele>0.0</ele>
      </trkpt>
      <trkpt lat="54.84467695467174" lon="18.251735558733344">
        <ele>0.0</ele>
      </trkpt>
      <trkpt lat="54.844671841710806" lon="18.25169968418777">
        <ele>0.0</ele>
      </trkpt>
      <trkpt lat="54.844608223065734" lon="18.251323085278273">
        <ele>0.0</ele>
      </trkpt>
      <trkpt lat="54.84454435296357" lon="18.25101798400283">
        <ele>0.0</ele>
      </trkpt>
      <trkpt lat="54.84432156197727" lon="18.249996230006218">
        <ele>0.0</ele>
      </trkpt>
      <trkpt lat="54.84432809986174" lon="18.24971250258386">
        <ele>0.0</ele>
      </trkpt>
      <trkpt lat="54.84424008987844" lon="18.249347722157836">
        <ele>0.0</ele>
      </trkpt>
      <trkpt lat="54.843972539529204" lon="18.24795925989747">
        <ele>0.0</ele>
      </trkpt>
      <trkpt lat="54.84395124949515" lon="18.247807966545224">
        <ele>0.0</ele>
      </trkpt>
      <trkpt lat="54.84390489757061" lon="18.247441174462438">
        <ele>0.0</ele>
      </trkpt>
      <trkpt lat="54.843747317790985" lon="18.24607408605516">
        <ele>0.0</ele>
      </trkpt>
      <trkpt lat="54.84375603497028" lon="18.24601792730391">
        <ele>0.0</ele>
      </trkpt>
      <trkpt lat="54.84369040466845" lon="18.24574576690793">
        <ele>0.0</ele>
      </trkpt>
      <trkpt lat="54.843632904812694" lon="18.245535884052515">
        <ele>0.0</ele>
      </trkpt>
      <trkpt lat="54.8433147277683" lon="18.244315814226866">
        <ele>0.0</ele>
      </trkpt>
      <trkpt lat="54.843387147411704" lon="18.244199054315686">
        <ele>0.0</ele>
      </trkpt>
      <trkpt lat="54.843339789658785" lon="18.24394323863089">
        <ele>0.0</ele>
      </trkpt>
      <trkpt lat="54.843266364187" lon="18.243655152618885">
        <ele>0.0</ele>
      </trkpt>
      <trkpt lat="54.84305899590254" lon="18.242771197110415">
        <ele>0.0</ele>
      </trkpt>
      <trkpt lat="54.84298959374428" lon="18.24265519157052">
        <ele>0.0</ele>
      </trkpt>
      <trkpt lat="54.84291457571089" lon="18.24242016300559">
        <ele>0.0</ele>
      </trkpt>
      <trkpt lat="54.842745680361986" lon="18.241389356553555">
        <ele>0.0</ele>
      </trkpt>
      <trkpt lat="54.842684492468834" lon="18.24135976843536">
        <ele>0.0</ele>
      </trkpt>
      <trkpt lat="54.84256605617702" lon="18.241149550303817">
        <ele>0.0</ele>
      </trkpt>
      <trkpt lat="54.84246061183512" lon="18.24080077931285">
        <ele>0.0</ele>
      </trkpt>
      <trkpt lat="54.842093819752336" lon="18.23971171863377">
        <ele>0.0</ele>
      </trkpt>
      <trkpt lat="54.84194906428456" lon="18.23944735340774">
        <ele>0.0</ele>
      </trkpt>
      <trkpt lat="54.84186105430126" lon="18.239212911576033">
        <ele>0.0</ele>
      </trkpt>
      <trkpt lat="54.84161336906254" lon="18.238151762634516">
        <ele>0.0</ele>
      </trkpt>
      <trkpt lat="54.84150968492031" lon="18.237945986911654">
        <ele>0.0</ele>
      </trkpt>
      <trkpt lat="54.84148629941046" lon="18.237725123763084">
        <ele>0.0</ele>
      </trkpt>
      <trkpt lat="54.841512870043516" lon="18.237680783495307">
        <ele>0.0</ele>
      </trkpt>
      <trkpt lat="54.841532651335" lon="18.23768539354205">
        <ele>0.0</ele>
      </trkpt>
      <trkpt lat="54.84224117361009" lon="18.238161066547036">
        <ele>0.0</ele>
      </trkpt>
      <trkpt lat="54.842272605746984" lon="18.23815628886223">
        <ele>0.0</ele>
      </trkpt>
      <trkpt lat="54.842489529401064" lon="18.238183949142694">
        <ele>0.0</ele>
      </trkpt>
      <trkpt lat="54.84268767759204" lon="18.2382008805871">
        <ele>0.0</ele>
      </trkpt>
      <trkpt lat="54.84352335333824" lon="18.238265588879585">
        <ele>0.0</ele>
      </trkpt>
      <trkpt lat="54.84362242743373" lon="18.238268522545695">
        <ele>0.0</ele>
      </trkpt>
      <trkpt lat="54.84388729557395" lon="18.238322669640183">
        <ele>0.0</ele>
      </trkpt>
      <trkpt lat="54.84478332102299" lon="18.238631039857864">
        <ele>0.0</ele>
      </trkpt>
      <trkpt lat="54.844836210832" lon="18.23852140456438">
        <ele>0.0</ele>
      </trkpt>
      <trkpt lat="54.84508406370878" lon="18.238602373749018">
        <ele>0.0</ele>
      </trkpt>
      <trkpt lat="54.8460553586483" lon="18.239116687327623">
        <ele>0.0</ele>
      </trkpt>
      <trkpt lat="54.84608670696616" lon="18.239113334566355">
        <ele>0.0</ele>
      </trkpt>
      <trkpt lat="54.846350569278" lon="18.23914434760809">
        <ele>0.0</ele>
      </trkpt>
      <trkpt lat="54.847315745428205" lon="18.239237386733294">
        <ele>0.0</ele>
      </trkpt>
      <trkpt lat="54.84733737073839" lon="18.239244762808084">
        <ele>0.0</ele>
      </trkpt>
      <trkpt lat="54.84761715866625" lon="18.23923478834331">
        <ele>0.0</ele>
      </trkpt>
      <trkpt lat="54.848535396158695" lon="18.239214420318604">
        <ele>0.0</ele>
      </trkpt>
      <trkpt lat="54.8485697619617" lon="18.2392093911767">
        <ele>0.0</ele>
      </trkpt>
      <trkpt lat="54.84874770976603" lon="18.23918986134231">
        <ele>0.0</ele>
      </trkpt>
      <trkpt lat="54.848963376134634" lon="18.239230010658503">
        <ele>0.0</ele>
      </trkpt>
      <trkpt lat="54.849800895899534" lon="18.23932615108788">
        <ele>0.0</ele>
      </trkpt>
      <trkpt lat="54.84997356310487" lon="18.23927133344114">
        <ele>0.0</ele>
      </trkpt>
      <trkpt lat="54.85014723613858" lon="18.23922263458371">
        <ele>0.0</ele>
      </trkpt>
      <trkpt lat="54.85099506564438" lon="18.23935112915933">
        <ele>0.0</ele>
      </trkpt>
      <trkpt lat="54.85104217194021" lon="18.23937057517469">
        <ele>0.0</ele>
      </trkpt>
      <trkpt lat="54.85132715664804" lon="18.239486580714583">
        <ele>0.0</ele>
      </trkpt>
      <trkpt lat="54.85227162949741" lon="18.239621026441455">
        <ele>0.0</ele>
      </trkpt>
      <trkpt lat="54.85234849154949" lon="18.239640220999718">
        <ele>0.0</ele>
      </trkpt>
      <trkpt lat="54.85259860754013" lon="18.239672323688865">
        <ele>0.0</ele>
      </trkpt>
      <trkpt lat="54.85359915532172" lon="18.23973661288619">
        <ele>0.0</ele>
      </trkpt>
      <trkpt lat="54.853664953261614" lon="18.239748682826757">
        <ele>0.0</ele>
      </trkpt>
      <trkpt lat="54.853909285739064" lon="18.239814983680844">
        <ele>0.0</ele>
      </trkpt>
      <trkpt lat="54.8549643997103" lon="18.23973124846816">
        <ele>0.0</ele>
      </trkpt>
      <trkpt lat="54.85513455234468" lon="18.23972144164145">
        <ele>0.0</ele>
      </trkpt>
      <trkpt lat="54.855369329452515" lon="18.239710964262486">
        <ele>0.0</ele>
      </trkpt>
      <trkpt lat="54.856265941634774" lon="18.239597221836448">
        <ele>0.0</ele>
      </trkpt>
      <trkpt lat="54.856447745114565" lon="18.239497561007738">
        <ele>0.0</ele>
      </trkpt>
      <trkpt lat="54.85666399821639" lon="18.239410389214754">
        <ele>0.0</ele>
      </trkpt>
      <trkpt lat="54.85754929482937" lon="18.23916639201343">
        <ele>0.0</ele>
      </trkpt>
      <trkpt lat="54.85762959346175" lon="18.239115346223116">
        <ele>0.0</ele>
      </trkpt>
      <trkpt lat="54.85782941803336" lon="18.239056253805757">
        <ele>0.0</ele>
      </trkpt>
      <trkpt lat="54.85890137962997" lon="18.238904792815447">
        <ele>0.0</ele>
      </trkpt>
      <trkpt lat="54.8589083366096" lon="18.238906133919954">
        <ele>0.0</ele>
      </trkpt>
      <trkpt lat="54.85914906486869" lon="18.238945696502924">
        <ele>0.0</ele>
      </trkpt>
      <trkpt lat="54.86013368703425" lon="18.23927133344114">
        <ele>0.0</ele>
      </trkpt>
      <trkpt lat="54.860158832743764" lon="18.239288683980703">
        <ele>0.0</ele>
      </trkpt>
      <trkpt lat="54.86036628484726" lon="18.23930653743446">
        <ele>0.0</ele>
      </trkpt>
      <trkpt lat="54.86063492484391" lon="18.239259431138635">
        <ele>0.0</ele>
      </trkpt>
      <trkpt lat="54.86148820258677" lon="18.239343585446477">
        <ele>0.0</ele>
      </trkpt>
      <trkpt lat="54.861559784039855" lon="18.23936613276601">
        <ele>0.0</ele>
      </trkpt>
      <trkpt lat="54.86177779734135" lon="18.239467469975352">
        <ele>0.0</ele>
      </trkpt>
      <trkpt lat="54.862667955458164" lon="18.2396671269089">
        <ele>0.0</ele>
      </trkpt>
      <trkpt lat="54.86268589273095" lon="18.239688584581017">
        <ele>0.0</ele>
      </trkpt>
      <trkpt lat="54.86289384774864" lon="18.239756310358644">
        <ele>0.0</ele>
      </trkpt>
      <trkpt lat="54.86390235833824" lon="18.23977030813694">
        <ele>0.0</ele>
      </trkpt>
      <trkpt lat="54.86408759839833" lon="18.239780366420746">
        <ele>0.0</ele>
      </trkpt>
      <trkpt lat="54.86435162834823" lon="18.239770978689194">
        <ele>0.0</ele>
      </trkpt>
      <trkpt lat="54.86552911810577" lon="18.239676766097546">
        <ele>0.0</ele>
      </trkpt>
      <trkpt lat="54.86568904481828" lon="18.239738373085856">
        <ele>0.0</ele>
      </trkpt>
      <trkpt lat="54.86660904251039" lon="18.23984750546515">
        <ele>0.0</ele>
      </trkpt>
      <trkpt lat="54.86665598116815" lon="18.23985538445413">
        <ele>0.0</ele>
      </trkpt>
      <trkpt lat="54.86685672774911" lon="18.23983241803944">
        <ele>0.0</ele>
      </trkpt>
      <trkpt lat="54.86708153039217" lon="18.23983618989587">
        <ele>0.0</ele>
      </trkpt>
      <trkpt lat="54.86791511066258" lon="18.239865442737937">
        <ele>0.0</ele>
      </trkpt>
      <trkpt lat="54.867988703772426" lon="18.239833172410727">
        <ele>0.0</ele>
      </trkpt>
      <trkpt lat="54.86822113394737" lon="18.239816911518574">
        <ele>0.0</ele>
      </trkpt>
      <trkpt lat="54.86923199146986" lon="18.240034757182002">
        <ele>0.0</ele>
      </trkpt>
      <trkpt lat="54.86925495788455" lon="18.240029392763972">
        <ele>0.0</ele>
      </trkpt>
      <trkpt lat="54.86947640776634" lon="18.24009913019836">
        <ele>0.0</ele>
      </trkpt>
      <trkpt lat="54.87069019116461" lon="18.24071235023439">
        <ele>0.0</ele>
      </trkpt>
      <trkpt lat="54.870806531980634" lon="18.240708746016026">
        <ele>0.0</ele>
      </trkpt>
      <trkpt lat="54.87168311141431" lon="18.240985181182623">
        <ele>0.0</ele>
      </trkpt>
      <trkpt lat="54.87177045084536" lon="18.240961376577616">
        <ele>0.0</ele>
      </trkpt>
      <trkpt lat="54.871972957625985" lon="18.240921311080456">
        <ele>0.0</ele>
      </trkpt>
      <trkpt lat="54.87296998500824" lon="18.240924580022693">
        <ele>0.0</ele>
      </trkpt>
      <trkpt lat="54.87299596890807" lon="18.240907564759254">
        <ele>0.0</ele>
      </trkpt>
      <trkpt lat="54.873170061036944" lon="18.24086833745241">
        <ele>0.0</ele>
      </trkpt>
      <trkpt lat="54.87416407093406" lon="18.240794073790312">
        <ele>0.0</ele>
      </trkpt>
      <trkpt lat="54.87419256940484" lon="18.240788877010345">
        <ele>0.0</ele>
      </trkpt>
      <trkpt lat="54.874391723424196" lon="18.240776639431715">
        <ele>0.0</ele>
      </trkpt>
      <trkpt lat="54.8745936434716" lon="18.240748224779963">
        <ele>0.0</ele>
      </trkpt>
      <trkpt lat="54.87538539804518" lon="18.24080186896026">
        <ele>0.0</ele>
      </trkpt>
      <trkpt lat="54.87543920986354" lon="18.240769682452083">
        <ele>0.0</ele>
      </trkpt>
      <trkpt lat="54.87565244548023" lon="18.240816202014685">
        <ele>0.0</ele>
      </trkpt>
      <trkpt lat="54.87663991749287" lon="18.240679493173957">
        <ele>0.0</ele>
      </trkpt>
      <trkpt lat="54.87680763937533" lon="18.240708075463772">
        <ele>0.0</ele>
      </trkpt>
      <trkpt lat="54.87702808342874" lon="18.240681840106845">
        <ele>0.0</ele>
      </trkpt>
      <trkpt lat="54.87794087268412" lon="18.240479165688157">
        <ele>0.0</ele>
      </trkpt>
      <trkpt lat="54.878004072234035" lon="18.2404597196728">
        <ele>0.0</ele>
      </trkpt>
      <trkpt lat="54.87817715853453" lon="18.240361819043756">
        <ele>0.0</ele>
      </trkpt>
      <trkpt lat="54.879233445972204" lon="18.240093598142266">
        <ele>0.0</ele>
      </trkpt>
      <trkpt lat="54.87941164523363" lon="18.240089155733585">
        <ele>0.0</ele>
      </trkpt>
      <trkpt lat="54.87959722056985" lon="18.240081360563636">
        <ele>0.0</ele>
      </trkpt>
      <trkpt lat="54.880419401451945" lon="18.239899557083845">
        <ele>0.0</ele>
      </trkpt>
      <trkpt lat="54.88048369064927" lon="18.23983132839203">
        <ele>0.0</ele>
      </trkpt>
      <trkpt lat="54.88068544305861" lon="18.239788664504886">
        <ele>0.0</ele>
      </trkpt>
      <trkpt lat="54.88159873522818" lon="18.23994138278067">
        <ele>0.0</ele>
      </trkpt>
      <trkpt lat="54.881919426843524" lon="18.239574255421758">
        <ele>0.0</ele>
      </trkpt>
      <trkpt lat="54.882894242182374" lon="18.239531675353646">
        <ele>0.0</ele>
      </trkpt>
      <trkpt lat="54.88324452191591" lon="18.239402677863836">
        <ele>0.0</ele>
      </trkpt>
      <trkpt lat="54.88428899087012" lon="18.239403683692217">
        <ele>0.0</ele>
      </trkpt>
      <trkpt lat="54.88442410714924" lon="18.239441234618425">
        <ele>0.0</ele>
      </trkpt>
      <trkpt lat="54.88582380115986" lon="18.239342495799065">
        <ele>0.0</ele>
      </trkpt>
      <trkpt lat="54.886295702308416" lon="18.2392699085176">
        <ele>0.0</ele>
      </trkpt>
      <trkpt lat="54.887132719159126" lon="18.23927778750658">
        <ele>0.0</ele>
      </trkpt>
      <trkpt lat="54.88725836388767" lon="18.23932564817369">
        <ele>0.0</ele>
      </trkpt>
      <trkpt lat="54.888393860310316" lon="18.239402091130614">
        <ele>0.0</ele>
      </trkpt>
      <trkpt lat="54.88847239874303" lon="18.239432265982032">
        <ele>0.0</ele>
      </trkpt>
      <trkpt lat="54.88880683667958" lon="18.239514911547303">
        <ele>0.0</ele>
      </trkpt>
      <trkpt lat="54.889624239876866" lon="18.239468559622765">
        <ele>0.0</ele>
      </trkpt>
      <trkpt lat="54.88978911191225" lon="18.239424973726273">
        <ele>0.0</ele>
      </trkpt>
      <trkpt lat="54.89005741663277" lon="18.239383986219764">
        <ele>0.0</ele>
      </trkpt>
      <trkpt lat="54.89100423641503" lon="18.23925825767219">
        <ele>0.0</ele>
      </trkpt>
      <trkpt lat="54.89106676541269" lon="18.239256162196398">
        <ele>0.0</ele>
      </trkpt>
      <trkpt lat="54.891273295506835" lon="18.239188604056835">
        <ele>0.0</ele>
      </trkpt>
      <trkpt lat="54.89229588769376" lon="18.23913076892495">
        <ele>0.0</ele>
      </trkpt>
      <trkpt lat="54.89231323823333" lon="18.239124231040478">
        <ele>0.0</ele>
      </trkpt>
      <trkpt lat="54.89255044609308" lon="18.239148454740644">
        <ele>0.0</ele>
      </trkpt>
      <trkpt lat="54.89280492067337" lon="18.239211905747652">
        <ele>0.0</ele>
      </trkpt>
      <trkpt lat="54.89357245154679" lon="18.239235961809754">
        <ele>0.0</ele>
      </trkpt>
      <trkpt lat="54.89367797970772" lon="18.23924459517002">
        <ele>0.0</ele>
      </trkpt>
      <trkpt lat="54.89394251257181" lon="18.23926948942244">
        <ele>0.0</ele>
      </trkpt>
      <trkpt lat="54.89496317692101" lon="18.239724542945623">
        <ele>0.0</ele>
      </trkpt>
      <trkpt lat="54.895254615694284" lon="18.23971565812826">
        <ele>0.0</ele>
      </trkpt>
      <trkpt lat="54.8954298812896" lon="18.23988514021039">
        <ele>0.0</ele>
      </trkpt>
      <trkpt lat="54.896424897015095" lon="18.24018227867782">
        <ele>0.0</ele>
      </trkpt>
      <trkpt lat="54.89650544710457" lon="18.240218069404364">
        <ele>0.0</ele>
      </trkpt>
      <trkpt lat="54.896740559488535" lon="18.240231815725565">
        <ele>0.0</ele>
      </trkpt>
      <trkpt lat="54.898091135546565" lon="18.240748392418027">
        <ele>0.0</ele>
      </trkpt>
      <trkpt lat="54.89801477640867" lon="18.240752331912518">
        <ele>0.0</ele>
      </trkpt>
      <trkpt lat="54.89818065427244" lon="18.2407567743212">
        <ele>0.0</ele>
      </trkpt>
      <trkpt lat="54.898963272571564" lon="18.240945702418685">
        <ele>0.0</ele>
      </trkpt>
      <trkpt lat="54.899093359708786" lon="18.24098350480199">
        <ele>0.0</ele>
      </trkpt>
      <trkpt lat="54.899314725771546" lon="18.24114376679063">
        <ele>0.0</ele>
      </trkpt>
      <trkpt lat="54.900342682376504" lon="18.241481138393283">
        <ele>0.0</ele>
      </trkpt>
      <trkpt lat="54.90035517141223" lon="18.241466470062733">
        <ele>0.0</ele>
      </trkpt>
      <trkpt lat="54.90054736845195" lon="18.24145163409412">
        <ele>0.0</ele>
      </trkpt>
      <trkpt lat="54.901644391939044" lon="18.241593623533845">
        <ele>0.0</ele>
      </trkpt>
      <trkpt lat="54.901697281748056" lon="18.24158507399261">
        <ele>0.0</ele>
      </trkpt>
      <trkpt lat="54.90193088538945" lon="18.24162463657558">
        <ele>0.0</ele>
      </trkpt>
      <trkpt lat="54.903071746230125" lon="18.24170082807541">
        <ele>0.0</ele>
      </trkpt>
      <trkpt lat="54.90309412591159" lon="18.24169898405671">
        <ele>0.0</ele>
      </trkpt>
      <trkpt lat="54.90337642841041" lon="18.241781881079078">
        <ele>0.0</ele>
      </trkpt>
      <trkpt lat="54.903613636270165" lon="18.241850612685084">
        <ele>0.0</ele>
      </trkpt>
      <trkpt lat="54.90450672805309" lon="18.241939712315798">
        <ele>0.0</ele>
      </trkpt>
      <trkpt lat="54.90462927147746" lon="18.241928229108453">
        <ele>0.0</ele>
      </trkpt>
      <trkpt lat="54.90492716431618" lon="18.241864359006286">
        <ele>0.0</ele>
      </trkpt>
      <trkpt lat="54.90580030716956" lon="18.242225954309106">
        <ele>0.0</ele>
      </trkpt>
      <trkpt lat="54.90590684115887" lon="18.242228385061026">
        <ele>0.0</ele>
      </trkpt>
      <trkpt lat="54.90618352778256" lon="18.24224137701094">
        <ele>0.0</ele>
      </trkpt>
      <trkpt lat="54.907117020338774" lon="18.242252189666033">
        <ele>0.0</ele>
      </trkpt>
      <trkpt lat="54.90723369643092" lon="18.242191672325134">
        <ele>0.0</ele>
      </trkpt>
      <trkpt lat="54.90749755874276" lon="18.242191588506103">
        <ele>0.0</ele>
      </trkpt>
      <trkpt lat="54.90849466994405" lon="18.2421469129622">
        <ele>0.0</ele>
      </trkpt>
      <trkpt lat="54.908542362973094" lon="18.242214135825634">
        <ele>0.0</ele>
      </trkpt>
      <trkpt lat="54.908815026283264" lon="18.242261577397585">
        <ele>0.0</ele>
      </trkpt>
      <trkpt lat="54.90983124822378" lon="18.242538766935468">
        <ele>0.0</ele>
      </trkpt>
      <trkpt lat="54.90989369340241" lon="18.24251001700759">
        <ele>0.0</ele>
      </trkpt>
      <trkpt lat="54.910125536844134" lon="18.242474226281047">
        <ele>0.0</ele>
      </trkpt>
      <trkpt lat="54.91114444099367" lon="18.242417816072702">
        <ele>0.0</ele>
      </trkpt>
      <trkpt lat="54.91124510765076" lon="18.24247087351978">
        <ele>0.0</ele>
      </trkpt>
      <trkpt lat="54.91147887893021" lon="18.242548741400242">
        <ele>0.0</ele>
      </trkpt>
      <trkpt lat="54.91249669343233" lon="18.242682265117764">
        <ele>0.0</ele>
      </trkpt>
      <trkpt lat="54.912573639303446" lon="18.242643624544144">
        <ele>0.0</ele>
      </trkpt>
      <trkpt lat="54.91282953880727" lon="18.24260682798922">
        <ele>0.0</ele>
      </trkpt>
      <trkpt lat="54.91394240409136" lon="18.242428125813603">
        <ele>0.0</ele>
      </trkpt>
      <trkpt lat="54.91414474323392" lon="18.24244941584766">
        <ele>0.0</ele>
      </trkpt>
      <trkpt lat="54.91435546427965" lon="18.24251194484532">
        <ele>0.0</ele>
      </trkpt>
      <trkpt lat="54.91536892019212" lon="18.242563661187887">
        <ele>0.0</ele>
      </trkpt>
      <trkpt lat="54.915470676496625" lon="18.242604648694396">
        <ele>0.0</ele>
      </trkpt>
      <trkpt lat="54.91571509279311" lon="18.242643792182207">
        <ele>0.0</ele>
      </trkpt>
      <trkpt lat="54.91699014790356" lon="18.2426596339792">
        <ele>0.0</ele>
      </trkpt>
      <trkpt lat="54.91698947735131" lon="18.242905978113413">
        <ele>0.0</ele>
      </trkpt>
      <trkpt lat="54.917199946939945" lon="18.242910839617252">
        <ele>0.0</ele>
      </trkpt>
      <trkpt lat="54.91801709868014" lon="18.24296942912042">
        <ele>0.0</ele>
      </trkpt>
      <trkpt lat="54.91812279447913" lon="18.242911426350474">
        <ele>0.0</ele>
      </trkpt>
      <trkpt lat="54.91831976920366" lon="18.24289508163929">
        <ele>0.0</ele>
      </trkpt>
      <trkpt lat="54.91934780962765" lon="18.242865493521094">
        <ele>0.0</ele>
      </trkpt>
      <trkpt lat="54.9193764757365" lon="18.242875635623932">
        <ele>0.0</ele>
      </trkpt>
      <trkpt lat="54.919647378847" lon="18.242941768839955">
        <ele>0.0</ele>
      </trkpt>
      <trkpt lat="54.91989095695317" lon="18.242934811860323">
        <ele>0.0</ele>
      </trkpt>
      <trkpt lat="54.920698469504714" lon="18.243042519316077">
        <ele>0.0</ele>
      </trkpt>
      <trkpt lat="54.92082042619586" lon="18.24308074079454">
        <ele>0.0</ele>
      </trkpt>
      <trkpt lat="54.920981861650944" lon="18.243065904825926">
        <ele>0.0</ele>
      </trkpt>
      <trkpt lat="54.92198819294572" lon="18.243482066318393">
        <ele>0.0</ele>
      </trkpt>
      <trkpt lat="54.922278709709644" lon="18.243509391322732">
        <ele>0.0</ele>
      </trkpt>
      <trkpt lat="54.92254332639277" lon="18.243568651378155">
        <ele>0.0</ele>
      </trkpt>
      <trkpt lat="54.92343524470925" lon="18.243789514526725">
        <ele>0.0</ele>
      </trkpt>
      <trkpt lat="54.92355971597135" lon="18.243794795125723">
        <ele>0.0</ele>
      </trkpt>
      <trkpt lat="54.92388552054763" lon="18.24390702880919">
        <ele>0.0</ele>
      </trkpt>
      <trkpt lat="54.92394276894629" lon="18.243276374414563">
        <ele>0.0</ele>
      </trkpt>
      <trkpt lat="54.923830619081855" lon="18.243032628670335">
        <ele>0.0</ele>
      </trkpt>
      <trkpt lat="54.92375702597201" lon="18.242919137701392">
        <ele>0.0</ele>
      </trkpt>
      <trkpt lat="54.92364412173629" lon="18.24261562898755">
        <ele>0.0</ele>
      </trkpt>
      <trkpt lat="54.92342669516802" lon="18.24147904291749">
        <ele>0.0</ele>
      </trkpt>
      <trkpt lat="54.923382606357336" lon="18.241363121196628">
        <ele>0.0</ele>
      </trkpt>
      <trkpt lat="54.923273054882884" lon="18.240959364920855">
        <ele>0.0</ele>
      </trkpt>
      <trkpt lat="54.92309410125017" lon="18.239783886820078">
        <ele>0.0</ele>
      </trkpt>
      <trkpt lat="54.92303249426186" lon="18.23943997733295">
        <ele>0.0</ele>
      </trkpt>
      <trkpt lat="54.92302805185318" lon="18.23909791186452">
        <ele>0.0</ele>
      </trkpt>
      <trkpt lat="54.92302855476737" lon="18.23878333903849">
        <ele>0.0</ele>
      </trkpt>
      <trkpt lat="54.922876926139" lon="18.2375050149858">
        <ele>0.0</ele>
      </trkpt>
      <trkpt lat="54.9228645209223" lon="18.237259928137064">
        <ele>0.0</ele>
      </trkpt>
      <trkpt lat="54.92283945903182" lon="18.23690445162356">
        <ele>0.0</ele>
      </trkpt>
      <trkpt lat="54.92273133248091" lon="18.235796615481377">
        <ele>0.0</ele>
      </trkpt>
      <trkpt lat="54.922714568674564" lon="18.23570399545133">
        <ele>0.0</ele>
      </trkpt>
      <trkpt lat="54.92270015180111" lon="18.235424710437655">
        <ele>0.0</ele>
      </trkpt>
      <trkpt lat="54.92259755730629" lon="18.234279910102487">
        <ele>0.0</ele>
      </trkpt>
      <trkpt lat="54.922593953087926" lon="18.23427127674222">
        <ele>0.0</ele>
      </trkpt>
      <trkpt lat="54.92251826450229" lon="18.23410171084106">
        <ele>0.0</ele>
      </trkpt>
      <trkpt lat="54.922384237870574" lon="18.233739864081144">
        <ele>0.0</ele>
      </trkpt>
      <trkpt lat="54.92203672416508" lon="18.23251619003713">
        <ele>0.0</ele>
      </trkpt>
      <trkpt lat="54.92202842608094" lon="18.232192816212773">
        <ele>0.0</ele>
      </trkpt>
      <trkpt lat="54.921939577907324" lon="18.231845637783408">
        <ele>0.0</ele>
      </trkpt>
      <trkpt lat="54.921618048101664" lon="18.23033932596445">
        <ele>0.0</ele>
      </trkpt>
      <trkpt lat="54.921639086678624" lon="18.229972198605537">
        <ele>0.0</ele>
      </trkpt>
      <trkpt lat="54.92155283689499" lon="18.2295407820493">
        <ele>0.0</ele>
      </trkpt>
      <trkpt lat="54.921184284612536" lon="18.22800798341632">
        <ele>0.0</ele>
      </trkpt>
      <trkpt lat="54.92116735316813" lon="18.22784001007676">
        <ele>0.0</ele>
      </trkpt>
      <trkpt lat="54.92112301290035" lon="18.227460645139217">
        <ele>0.0</ele>
      </trkpt>
      <trkpt lat="54.92091556079686" lon="18.226015521213412">
        <ele>0.0</ele>
      </trkpt>
      <trkpt lat="54.92091178894043" lon="18.225986184552312">
        <ele>0.0</ele>
      </trkpt>
      <trkpt lat="54.920857809484005" lon="18.22563816793263">
        <ele>0.0</ele>
      </trkpt>
      <trkpt lat="54.920657984912395" lon="18.224094221368432">
        <ele>0.0</ele>
      </trkpt>
      <trkpt lat="54.92061087861657" lon="18.22386497631669">
        <ele>0.0</ele>
      </trkpt>
      <trkpt lat="54.920588582754135" lon="18.2235346455127">
        <ele>0.0</ele>
      </trkpt>
      <trkpt lat="54.9203590862453" lon="18.222348522394896">
        <ele>0.0</ele>
      </trkpt>
      <trkpt lat="54.92037953808904" lon="18.2221841532737">
        <ele>0.0</ele>
      </trkpt>
      <trkpt lat="54.920344753190875" lon="18.221754161641">
        <ele>0.0</ele>
      </trkpt>
      <trkpt lat="54.92007820867002" lon="18.220562422648072">
        <ele>0.0</ele>
      </trkpt>
      <trkpt lat="54.92005809210241" lon="18.22040836326778">
        <ele>0.0</ele>
      </trkpt>
      <trkpt lat="54.91999791003764" lon="18.220042660832405">
        <ele>0.0</ele>
      </trkpt>
      <trkpt lat="54.91973865777254" lon="18.21886433288455">
        <ele>0.0</ele>
      </trkpt>
      <trkpt lat="54.91969842463732" lon="18.21867515332997">
        <ele>0.0</ele>
      </trkpt>
      <trkpt lat="54.9196854326874" lon="18.218441298231483">
        <ele>0.0</ele>
      </trkpt>
      <trkpt lat="54.91966674104333" lon="18.218215573579073">
        <ele>0.0</ele>
      </trkpt>
      <trkpt lat="54.91950882598758" lon="18.217398673295975">
        <ele>0.0</ele>
      </trkpt>
      <trkpt lat="54.91934923455119" lon="18.216827446594834">
        <ele>0.0</ele>
      </trkpt>
      <trkpt lat="54.91928083822131" lon="18.2165149692446">
        <ele>0.0</ele>
      </trkpt>
      <trkpt lat="54.91899635642767" lon="18.215326918289065">
        <ele>0.0</ele>
      </trkpt>
      <trkpt lat="54.91898219101131" lon="18.2150540035218">
        <ele>0.0</ele>
      </trkpt>
      <trkpt lat="54.91890599951148" lon="18.214728366583586">
        <ele>0.0</ele>
      </trkpt>
      <trkpt lat="54.918800136074424" lon="18.21432050317526">
        <ele>0.0</ele>
      </trkpt>
      <trkpt lat="54.91853753104806" lon="18.213229598477483">
        <ele>0.0</ele>
      </trkpt>
      <trkpt lat="54.918459076434374" lon="18.212823159992695">
        <ele>0.0</ele>
      </trkpt>
      <trkpt lat="54.91841238923371" lon="18.212420409545302">
        <ele>0.0</ele>
      </trkpt>
      <trkpt lat="54.918193873018026" lon="18.211166560649872">
        <ele>0.0</ele>
      </trkpt>
      <trkpt lat="54.91813637316227" lon="18.21102767251432">
        <ele>0.0</ele>
      </trkpt>
      <trkpt lat="54.91806596517563" lon="18.210752997547388">
        <ele>0.0</ele>
      </trkpt>
      <trkpt lat="54.91800050251186" lon="18.210430881008506">
        <ele>0.0</ele>
      </trkpt>
      <trkpt lat="54.917643181979656" lon="18.20903604850173">
        <ele>0.0</ele>
      </trkpt>
      <trkpt lat="54.91757210344076" lon="18.20885474793613">
        <ele>0.0</ele>
      </trkpt>
      <trkpt lat="54.91739457473159" lon="18.20844244211912">
        <ele>0.0</ele>
      </trkpt>
      <trkpt lat="54.91698268800974" lon="18.206901932135224">
        <ele>0.0</ele>
      </trkpt>
      <trkpt lat="54.91687187924981" lon="18.206784250214696">
        <ele>0.0</ele>
      </trkpt>
      <trkpt lat="54.91679359227419" lon="18.206358700990677">
        <ele>0.0</ele>
      </trkpt>
      <trkpt lat="54.91657951846719" lon="18.204865800216794">
        <ele>0.0</ele>
      </trkpt>
      <trkpt lat="54.91641925647855" lon="18.204748537391424">
        <ele>0.0</ele>
      </trkpt>
      <trkpt lat="54.91633828729391" lon="18.204301362857223">
        <ele>0.0</ele>
      </trkpt>
      <trkpt lat="54.91608942858875" lon="18.202911391854286">
        <ele>0.0</ele>
      </trkpt>
      <trkpt lat="54.91604559123516" lon="18.202711818739772">
        <ele>0.0</ele>
      </trkpt>
      <trkpt lat="54.915935872122645" lon="18.202288197353482">
        <ele>0.0</ele>
      </trkpt>
      <trkpt lat="54.915690030902624" lon="18.20100844837725">
        <ele>0.0</ele>
      </trkpt>
      <trkpt lat="54.91561710834503" lon="18.20073720999062">
        <ele>0.0</ele>
      </trkpt>
      <trkpt lat="54.91554753854871" lon="18.200381062924862">
        <ele>0.0</ele>
      </trkpt>
      <trkpt lat="54.91518133319914" lon="18.19903970696032">
        <ele>0.0</ele>
      </trkpt>
      <trkpt lat="54.91524813696742" lon="18.198784980922937">
        <ele>0.0</ele>
      </trkpt>
      <trkpt lat="54.91513070650399" lon="18.198391534388065">
        <ele>0.0</ele>
      </trkpt>
      <trkpt lat="54.91480599157512" lon="18.196751531213522">
        <ele>0.0</ele>
      </trkpt>
      <trkpt lat="54.91483482532203" lon="18.19667232222855">
        <ele>0.0</ele>
      </trkpt>
      <trkpt lat="54.914759220555425" lon="18.19632288068533">
        <ele>0.0</ele>
      </trkpt>
      <trkpt lat="54.91465402767062" lon="18.195783253759146">
        <ele>0.0</ele>
      </trkpt>
      <trkpt lat="54.91444774903357" lon="18.194541474804282">
        <ele>0.0</ele>
      </trkpt>
      <trkpt lat="54.914253540337086" lon="18.194233439862728">
        <ele>0.0</ele>
      </trkpt>
      <trkpt lat="54.9142078589648" lon="18.19379716180265">
        <ele>0.0</ele>
      </trkpt>
      <trkpt lat="54.91389261558652" lon="18.192180627956986">
        <ele>0.0</ele>
      </trkpt>
      <trkpt lat="54.913858249783516" lon="18.19216914474964">
        <ele>0.0</ele>
      </trkpt>
      <trkpt lat="54.91380209103227" lon="18.191760443150997">
        <ele>0.0</ele>
      </trkpt>
      <trkpt lat="54.91347108967602" lon="18.190039303153753">
        <ele>0.0</ele>
      </trkpt>
      <trkpt lat="54.9134187027812" lon="18.189797904342413">
        <ele>0.0</ele>
      </trkpt>
      <trkpt lat="54.91337025538087" lon="18.189507890492678">
        <ele>0.0</ele>
      </trkpt>
      <trkpt lat="54.913129694759846" lon="18.188002919778228">
        <ele>0.0</ele>
      </trkpt>
      <trkpt lat="54.913058364763856" lon="18.18769907578826">
        <ele>0.0</ele>
      </trkpt>
      <trkpt lat="54.91296582855284" lon="18.187279561534524">
        <ele>0.0</ele>
      </trkpt>
      <trkpt lat="54.91269467398524" lon="18.185820020735264">
        <ele>0.0</ele>
      </trkpt>
      <trkpt lat="54.91264765150845" lon="18.185548363253474">
        <ele>0.0</ele>
      </trkpt>
      <trkpt lat="54.9125949293375" lon="18.18518567830324">
        <ele>0.0</ele>
      </trkpt>
      <trkpt lat="54.91221271455288" lon="18.183576771989465">
        <ele>0.0</ele>
      </trkpt>
      <trkpt lat="54.912204667925835" lon="18.183544501662254">
        <ele>0.0</ele>
      </trkpt>
      <trkpt lat="54.91213467903435" lon="18.18320905789733">
        <ele>0.0</ele>
      </trkpt>
      <trkpt lat="54.91205211728811" lon="18.18279566243291">
        <ele>0.0</ele>
      </trkpt>
      <trkpt lat="54.911765875294805" lon="18.181527480483055">
        <ele>0.0</ele>
      </trkpt>
      <trkpt lat="54.91172740235925" lon="18.18119488656521">
        <ele>0.0</ele>
      </trkpt>
      <trkpt lat="54.911656994372606" lon="18.18092532455921">
        <ele>0.0</ele>
      </trkpt>
      <trkpt lat="54.91131358779967" lon="18.17962654866278">
        <ele>0.0</ele>
      </trkpt>
      <trkpt lat="54.91130059584975" lon="18.179593104869127">
        <ele>0.0</ele>
      </trkpt>
      <trkpt lat="54.91121317259967" lon="18.17931415513158">
        <ele>0.0</ele>
      </trkpt>
      <trkpt lat="54.91114762611687" lon="18.17898005247116">
        <ele>0.0</ele>
      </trkpt>
      <trkpt lat="54.910884350538254" lon="18.1779573764652">
        <ele>0.0</ele>
      </trkpt>
      <trkpt lat="54.91079860366881" lon="18.17765244282782">
        <ele>0.0</ele>
      </trkpt>
      <trkpt lat="54.91072090342641" lon="18.177445996552706">
        <ele>0.0</ele>
      </trkpt>
      <trkpt lat="54.910743702203035" lon="18.177362931892276">
        <ele>0.0</ele>
      </trkpt>
      <trkpt lat="54.91120680235326" lon="18.177410792559385">
        <ele>0.0</ele>
      </trkpt>
      <trkpt lat="54.91125466302037" lon="18.177430741488934">
        <ele>0.0</ele>
      </trkpt>
      <trkpt lat="54.91136262193322" lon="18.177441554144025">
        <ele>0.0</ele>
      </trkpt>
      <trkpt lat="54.91195488721132" lon="18.177421102300286">
        <ele>0.0</ele>
      </trkpt>
      <trkpt lat="54.911966705694795" lon="18.177395621314645">
        <ele>0.0</ele>
      </trkpt>
      <trkpt lat="54.91205002181232" lon="18.177363350987434">
        <ele>0.0</ele>
      </trkpt>
      <trkpt lat="54.91224163211882" lon="18.177357902750373">
        <ele>0.0</ele>
      </trkpt>
      <trkpt lat="54.912875639274716" lon="18.17723225802183">
        <ele>0.0</ele>
      </trkpt>
      <trkpt lat="54.91297253407538" lon="18.177250446751714">
        <ele>0.0</ele>
      </trkpt>
      <trkpt lat="54.91307923570275" lon="18.177275927737355">
        <ele>0.0</ele>
      </trkpt>
      <trkpt lat="54.913313845172524" lon="18.17731373012066">
        <ele>0.0</ele>
      </trkpt>
      <trkpt lat="54.9132062215358" lon="18.177085490897298">
        <ele>0.0</ele>
      </trkpt>
      <trkpt lat="54.91309314966202" lon="18.17670746706426">
        <ele>0.0</ele>
      </trkpt>
      <trkpt lat="54.91300438530743" lon="18.176252245903015">
        <ele>0.0</ele>
      </trkpt>
      <trkpt lat="54.91266424767673" lon="18.17496738396585">
        <ele>0.0</ele>
      </trkpt>
      <trkpt lat="54.91258495487273" lon="18.174771331250668">
        <ele>0.0</ele>
      </trkpt>
      <trkpt lat="54.91244061850011" lon="18.174318373203278">
        <ele>0.0</ele>
      </trkpt>
      <trkpt lat="54.91200325079262" lon="18.17286092787981">
        <ele>0.0</ele>
      </trkpt>
      <trkpt lat="54.91196243092418" lon="18.172569908201694">
        <ele>0.0</ele>
      </trkpt>
      <trkpt lat="54.91181784309447" lon="18.172130109742284">
        <ele>0.0</ele>
      </trkpt>
      <trkpt lat="54.91168792359531" lon="18.171808077022433">
        <ele>0.0</ele>
      </trkpt>
      <trkpt lat="54.91118383593857" lon="18.170560682192445">
        <ele>0.0</ele>
      </trkpt>
      <trkpt lat="54.91123144514859" lon="18.170139156281948">
        <ele>0.0</ele>
      </trkpt>
      <trkpt lat="54.91116807796061" lon="18.169827852398157">
        <ele>0.0</ele>
      </trkpt>
      <trkpt lat="54.91066658869386" lon="18.168355403468013">
        <ele>0.0</ele>
      </trkpt>
      <trkpt lat="54.91049802862108" lon="18.167863804847002">
        <ele>0.0</ele>
      </trkpt>
      <trkpt lat="54.91037682630122" lon="18.167478824034333">
        <ele>0.0</ele>
      </trkpt>
      <trkpt lat="54.90996326319873" lon="18.166025821119547">
        <ele>0.0</ele>
      </trkpt>
      <trkpt lat="54.9099510256201" lon="18.165853656828403">
        <ele>0.0</ele>
      </trkpt>
      <trkpt lat="54.90990190766752" lon="18.16548552364111">
        <ele>0.0</ele>
      </trkpt>
      <trkpt lat="54.90960409864783" lon="18.164087925106287">
        <ele>0.0</ele>
      </trkpt>
      <trkpt lat="54.909568978473544" lon="18.163689197972417">
        <ele>0.0</ele>
      </trkpt>
      <trkpt lat="54.909483483061194" lon="18.163357358425856">
        <ele>0.0</ele>
      </trkpt>
      <trkpt lat="54.9094174336642" lon="18.162923846393824">
        <ele>0.0</ele>
      </trkpt>
      <trkpt lat="54.909081906080246" lon="18.161484757438302">
        <ele>0.0</ele>
      </trkpt>
      <trkpt lat="54.909053072333336" lon="18.161316867917776">
        <ele>0.0</ele>
      </trkpt>
      <trkpt lat="54.90898283198476" lon="18.160938005894423">
        <ele>0.0</ele>
      </trkpt>
      <trkpt lat="54.90860623307526" lon="18.159210328012705">
        <ele>0.0</ele>
      </trkpt>
      <trkpt lat="54.908505734056234" lon="18.158917212858796">
        <ele>0.0</ele>
      </trkpt>
      <trkpt lat="54.908376317471266" lon="18.158511528745294">
        <ele>0.0</ele>
      </trkpt>
      <trkpt lat="54.90796694532037" lon="18.156913267448545">
        <ele>0.0</ele>
      </trkpt>
      <trkpt lat="54.90793718956411" lon="18.15673624165356">
        <ele>0.0</ele>
      </trkpt>
      <trkpt lat="54.90782177075744" lon="18.15638294443488">
        <ele>0.0</ele>
      </trkpt>
      <trkpt lat="54.90770844742656" lon="18.155913976952434">
        <ele>0.0</ele>
      </trkpt>
      <trkpt lat="54.90736328065395" lon="18.154504308477044">
        <ele>0.0</ele>
      </trkpt>
      <trkpt lat="54.9073869176209" lon="18.15425595268607">
        <ele>0.0</ele>
      </trkpt>
      <trkpt lat="54.90734341554344" lon="18.153878264129162">
        <ele>0.0</ele>
      </trkpt>
      <trkpt lat="54.906842429190874" lon="18.152351332828403">
        <ele>0.0</ele>
      </trkpt>
      <trkpt lat="54.906796580180526" lon="18.15187524072826">
        <ele>0.0</ele>
      </trkpt>
      <trkpt lat="54.90662667900324" lon="18.151478609070182">
        <ele>0.0</ele>
      </trkpt>
      <trkpt lat="54.90605595521629" lon="18.150071622803807">
        <ele>0.0</ele>
      </trkpt>
      <trkpt lat="54.90586493164301" lon="18.149703489616513">
        <ele>0.0</ele>
      </trkpt>
      <trkpt lat="54.90579552948475" lon="18.149418253451586">
        <ele>0.0</ele>
      </trkpt>
      <trkpt lat="54.90569042041898" lon="18.149098567664623">
        <ele>0.0</ele>
      </trkpt>
      <trkpt lat="54.90516277961433" lon="18.14745864830911">
        <ele>0.0</ele>
      </trkpt>
      <trkpt lat="54.905159594491124" lon="18.14731154590845">
        <ele>0.0</ele>
      </trkpt>
      <trkpt lat="54.9050622805953" lon="18.146946346387267">
        <ele>0.0</ele>
      </trkpt>
      <trkpt lat="54.9049486219883" lon="18.14660000614822">
        <ele>0.0</ele>
      </trkpt>
      <trkpt lat="54.90450907498598" lon="18.144846260547638">
        <ele>0.0</ele>
      </trkpt>
      <trkpt lat="54.904275722801685" lon="18.144402857869864">
        <ele>0.0</ele>
      </trkpt>
      <trkpt lat="54.904126692563295" lon="18.14396196976304">
        <ele>0.0</ele>
      </trkpt>
      <trkpt lat="54.90361380390823" lon="18.142090206965804">
        <ele>0.0</ele>
      </trkpt>
      <trkpt lat="54.90348732098937" lon="18.142026085406542">
        <ele>0.0</ele>
      </trkpt>
      <trkpt lat="54.90336217917502" lon="18.14154135994613">
        <ele>0.0</ele>
      </trkpt>
      <trkpt lat="54.90324826911092" lon="18.14107113517821">
        <ele>0.0</ele>
      </trkpt>
      <trkpt lat="54.90288717672229" lon="18.13964922912419">
        <ele>0.0</ele>
      </trkpt>
      <trkpt lat="54.902867479249835" lon="18.13940062187612">
        <ele>0.0</ele>
      </trkpt>
      <trkpt lat="54.902749210596085" lon="18.13898521475494">
        <ele>0.0</ele>
      </trkpt>
      <trkpt lat="54.90263169631362" lon="18.13858062028885">
        <ele>0.0</ele>
      </trkpt>
      <trkpt lat="54.90223590284586" lon="18.13708344474435">
        <ele>0.0</ele>
      </trkpt>
      <trkpt lat="54.9021802470088" lon="18.136715227738023">
        <ele>0.0</ele>
      </trkpt>
      <trkpt lat="54.902063654735684" lon="18.13626302406192">
        <ele>0.0</ele>
      </trkpt>
      <trkpt lat="54.90161622874439" lon="18.134782193228602">
        <ele>0.0</ele>
      </trkpt>
      <trkpt lat="54.901616144925356" lon="18.134634336456656">
        <ele>0.0</ele>
      </trkpt>
      <trkpt lat="54.901531068608165" lon="18.13419135287404">
        <ele>0.0</ele>
      </trkpt>
      <trkpt lat="54.90116779692471" lon="18.132366444915533">
        <ele>0.0</ele>
      </trkpt>
      <trkpt lat="54.901160756126046" lon="18.13232679851353">
        <ele>0.0</ele>
      </trkpt>
      <trkpt lat="54.901084899902344" lon="18.131865290924907">
        <ele>0.0</ele>
      </trkpt>
      <trkpt lat="54.901018515229225" lon="18.13143647275865">
        <ele>0.0</ele>
      </trkpt>
      <trkpt lat="54.900652561336756" lon="18.129722625017166">
        <ele>0.0</ele>
      </trkpt>
      <trkpt lat="54.90057226270437" lon="18.12950930558145">
        <ele>0.0</ele>
      </trkpt>
      <trkpt lat="54.90038534626365" lon="18.1289523281157">
        <ele>0.0</ele>
      </trkpt>
      <trkpt lat="54.89974278956652" lon="18.127362448722124">
        <ele>0.0</ele>
      </trkpt>
      <trkpt lat="54.8996883071959" lon="18.127202186733484">
        <ele>0.0</ele>
      </trkpt>
      <trkpt lat="54.899585796520114" lon="18.126764567568898">
        <ele>0.0</ele>
      </trkpt>
      <trkpt lat="54.89915471524" lon="18.124810494482517">
        <ele>0.0</ele>
      </trkpt>
      <trkpt lat="54.899149518460035" lon="18.124763136729598">
        <ele>0.0</ele>
      </trkpt>
      <trkpt lat="54.8990788590163" lon="18.124182773754">
        <ele>0.0</ele>
      </trkpt>
      <trkpt lat="54.89887903444469" lon="18.12265089713037">
        <ele>0.0</ele>
      </trkpt>
      <trkpt lat="54.898879788815975" lon="18.122615441679955">
        <ele>0.0</ele>
      </trkpt>
      <trkpt lat="54.89881365559995" lon="18.12216659076512">
        <ele>0.0</ele>
      </trkpt>
      <trkpt lat="54.898451808840036" lon="18.12054494395852">
        <ele>0.0</ele>
      </trkpt>
      <trkpt lat="54.89835457876325" lon="18.12017655931413">
        <ele>0.0</ele>
      </trkpt>
      <trkpt lat="54.898229353129864" lon="18.11971136368811">
        <ele>0.0</ele>
      </trkpt>
      <trkpt lat="54.897874211892486" lon="18.11806859448552">
        <ele>0.0</ele>
      </trkpt>
      <trkpt lat="54.897807659581304" lon="18.11794932000339">
        <ele>0.0</ele>
      </trkpt>
      <trkpt lat="54.89773775450885" lon="18.117595184594393">
        <ele>0.0</ele>
      </trkpt>
      <trkpt lat="54.89763901568949" lon="18.117109704762697">
        <ele>0.0</ele>
      </trkpt>
      <trkpt lat="54.897343553602695" lon="18.11546408571303">
        <ele>0.0</ele>
      </trkpt>
      <trkpt lat="54.89734338596463" lon="18.11544321477413">
        <ele>0.0</ele>
      </trkpt>
      <trkpt lat="54.89730357192457" lon="18.115003667771816">
        <ele>0.0</ele>
      </trkpt>
      <trkpt lat="54.89699536934495" lon="18.11316903680563">
        <ele>0.0</ele>
      </trkpt>
      <trkpt lat="54.896982964128256" lon="18.113117655739188">
        <ele>0.0</ele>
      </trkpt>
      <trkpt lat="54.896930158138275" lon="18.112720856443048">
        <ele>0.0</ele>
      </trkpt>
      <trkpt lat="54.89686746150255" lon="18.11233746819198">
        <ele>0.0</ele>
      </trkpt>
      <trkpt lat="54.89663628861308" lon="18.11111236922443">
        <ele>0.0</ele>
      </trkpt>
      <trkpt lat="54.89661659114063" lon="18.11100206337869">
        <ele>0.0</ele>
      </trkpt>
      <trkpt lat="54.89652841351926" lon="18.110636277124286">
        <ele>0.0</ele>
      </trkpt>
      <trkpt lat="54.89615977741778" lon="18.109147818759084">
        <ele>0.0</ele>
      </trkpt>
      <trkpt lat="54.89615491591394" lon="18.109119404107332">
        <ele>0.0</ele>
      </trkpt>
      <trkpt lat="54.89608844742179" lon="18.10882318764925">
        <ele>0.0</ele>
      </trkpt>
      <trkpt lat="54.89566591568291" lon="18.107193997129798">
        <ele>0.0</ele>
      </trkpt>
      <trkpt lat="54.89556893706322" lon="18.106836173683405">
        <ele>0.0</ele>
      </trkpt>
      <trkpt lat="54.89548251964152" lon="18.106369134038687">
        <ele>0.0</ele>
      </trkpt>
      <trkpt lat="54.89531010389328" lon="18.10515166260302">
        <ele>0.0</ele>
      </trkpt>
      <trkpt lat="54.89526752382517" lon="18.104852261021733">
        <ele>0.0</ele>
      </trkpt>
      <trkpt lat="54.89519929513335" lon="18.1044187489897">
        <ele>0.0</ele>
      </trkpt>
      <trkpt lat="54.89499159157276" lon="18.10316146351397">
        <ele>0.0</ele>
      </trkpt>
      <trkpt lat="54.89494456909597" lon="18.1030114274472">
        <ele>0.0</ele>
      </trkpt>
      <trkpt lat="54.89484189078212" lon="18.1026297993958">
        <ele>0.0</ele>
      </trkpt>
      <trkpt lat="54.89451759494841" lon="18.10096171684563">
        <ele>0.0</ele>
      </trkpt>
      <trkpt lat="54.894511476159096" lon="18.100926680490375">
        <ele>0.0</ele>
      </trkpt>
      <trkpt lat="54.89448624663055" lon="18.10056877322495">
        <ele>0.0</ele>
      </trkpt>
      <trkpt lat="54.89441944286227" lon="18.100155126303434">
        <ele>0.0</ele>
      </trkpt>
      <trkpt lat="54.89420645870268" lon="18.098949640989304">
        <ele>0.0</ele>
      </trkpt>
      <trkpt lat="54.89415683783591" lon="18.098879316821694">
        <ele>0.0</ele>
      </trkpt>
      <trkpt lat="54.89415197633207" lon="18.09883908368647">
        <ele>0.0</ele>
      </trkpt>
      <trkpt lat="54.89410771988332" lon="18.09850095771253">
        <ele>0.0</ele>
      </trkpt>
      <trkpt lat="54.89405382424593" lon="18.09817247092724">
        <ele>0.0</ele>
      </trkpt>
      <trkpt lat="54.8938343860209" lon="18.096985844895244">
        <ele>0.0</ele>
      </trkpt>
      <trkpt lat="54.893752159550786" lon="18.09660061262548">
        <ele>0.0</ele>
      </trkpt>
      <trkpt lat="54.89373480901122" lon="18.096281765028834">
        <ele>0.0</ele>
      </trkpt>
      <trkpt lat="54.893409088253975" lon="18.09475894086063">
        <ele>0.0</ele>
      </trkpt>
      <trkpt lat="54.89338603802025" lon="18.09464754536748">
        <ele>0.0</ele>
      </trkpt>
      <trkpt lat="54.893297189846635" lon="18.09430547989905">
        <ele>0.0</ele>
      </trkpt>
      <trkpt lat="54.892811039462686" lon="18.092598170042038">
        <ele>0.0</ele>
      </trkpt>
      <trkpt lat="54.892707439139485" lon="18.09230513870716">
        <ele>0.0</ele>
      </trkpt>
      <trkpt lat="54.89259637892246" lon="18.091760147362947">
        <ele>0.0</ele>
      </trkpt>
      <trkpt lat="54.89209505729377" lon="18.090036995708942">
        <ele>0.0</ele>
      </trkpt>
      <trkpt lat="54.8918741941452" lon="18.089561825618148">
        <ele>0.0</ele>
      </trkpt>
      <trkpt lat="54.89180127158761" lon="18.089203583076596">
        <ele>0.0</ele>
      </trkpt>
      <trkpt lat="54.891372537240386" lon="18.087819311767817">
        <ele>0.0</ele>
      </trkpt>
      <trkpt lat="54.89121160469949" lon="18.087561232969165">
        <ele>0.0</ele>
      </trkpt>
      <trkpt lat="54.89112418144941" lon="18.0872917547822">
        <ele>0.0</ele>
      </trkpt>
      <trkpt lat="54.891001554206014" lon="18.086815746501088">
        <ele>0.0</ele>
      </trkpt>
      <trkpt lat="54.89048648625612" lon="18.08515403419733">
        <ele>0.0</ele>
      </trkpt>
      <trkpt lat="54.89043585956097" lon="18.085018750280142">
        <ele>0.0</ele>
      </trkpt>
      <trkpt lat="54.89032966084778" lon="18.0846462585032">
        <ele>0.0</ele>
      </trkpt>
      <trkpt lat="54.889883156865835" lon="18.082964681088924">
        <ele>0.0</ele>
      </trkpt>
      <trkpt lat="54.88969875499606" lon="18.082470232620835">
        <ele>0.0</ele>
      </trkpt>
      <trkpt lat="54.889569925144315" lon="18.08197100646794">
        <ele>0.0</ele>
      </trkpt>
      <trkpt lat="54.889012444764376" lon="18.080240646377206">
        <ele>0.0</ele>
      </trkpt>
      <trkpt lat="54.88899568095803" lon="18.07996924035251">
        <ele>0.0</ele>
      </trkpt>
      <trkpt lat="54.888870706781745" lon="18.079617619514465">
        <ele>0.0</ele>
      </trkpt>
      <trkpt lat="54.888691920787096" lon="18.079060222953558">
        <ele>0.0</ele>
      </trkpt>
      <trkpt lat="54.88822597078979" lon="18.077521724626422">
        <ele>0.0</ele>
      </trkpt>
      <trkpt lat="54.888272657990456" lon="18.077631611377">
        <ele>0.0</ele>
      </trkpt>
      <trkpt lat="54.888204680755734" lon="18.07730563916266">
        <ele>0.0</ele>
      </trkpt>
      <trkpt lat="54.88811801187694" lon="18.076845556497574">
        <ele>0.0</ele>
      </trkpt>
      <trkpt lat="54.88778457976878" lon="18.075061636045575">
        <ele>0.0</ele>
      </trkpt>
      <trkpt lat="54.88771911710501" lon="18.07474421337247">
        <ele>0.0</ele>
      </trkpt>
      <trkpt lat="54.88760822452605" lon="18.0741779319942">
        <ele>0.0</ele>
      </trkpt>
      <trkpt lat="54.88723321817815" lon="18.072536922991276">
        <ele>0.0</ele>
      </trkpt>
      <trkpt lat="54.88723120652139" lon="18.072320921346545">
        <ele>0.0</ele>
      </trkpt>
      <trkpt lat="54.8871358204633" lon="18.071777019649744">
        <ele>0.0</ele>
      </trkpt>
      <trkpt lat="54.88658429123461" lon="18.06999427266419">
        <ele>0.0</ele>
      </trkpt>
      <trkpt lat="54.88656518049538" lon="18.069961834698915">
        <ele>0.0</ele>
      </trkpt>
      <trkpt lat="54.886470045894384" lon="18.069348195567727">
        <ele>0.0</ele>
      </trkpt>
      <trkpt lat="54.88582195714116" lon="18.067440642043948">
        <ele>0.0</ele>
      </trkpt>
      <trkpt lat="54.885802594944835" lon="18.067393200471997">
        <ele>0.0</ele>
      </trkpt>
      <trkpt lat="54.88562732934952" lon="18.067159177735448">
        <ele>0.0</ele>
      </trkpt>
      <trkpt lat="54.885423481464386" lon="18.067010063678026">
        <ele>0.0</ele>
      </trkpt>
      <trkpt lat="54.88479626365006" lon="18.06585118174553">
        <ele>0.0</ele>
      </trkpt>
      <trkpt lat="54.88484647125006" lon="18.065690333023667">
        <ele>0.0</ele>
      </trkpt>
      <trkpt lat="54.8848183080554" lon="18.065177779644728">
        <ele>0.0</ele>
      </trkpt>
      <trkpt lat="54.8847424518317" lon="18.064596327021718">
        <ele>0.0</ele>
      </trkpt>
      <trkpt lat="54.88434690982103" lon="18.06312899105251">
        <ele>0.0</ele>
      </trkpt>
      <trkpt lat="54.88429745659232" lon="18.062874348834157">
        <ele>0.0</ele>
      </trkpt>
      <trkpt lat="54.8841311596334" lon="18.062487691640854">
        <ele>0.0</ele>
      </trkpt>
      <trkpt lat="54.883586252108216" lon="18.060458432883024">
        <ele>0.0</ele>
      </trkpt>
      <trkpt lat="54.883575858548284" lon="18.060382325202227">
        <ele>0.0</ele>
      </trkpt>
      <trkpt lat="54.883492877706885" lon="18.05984051898122">
        <ele>0.0</ele>
      </trkpt>
      <trkpt lat="54.88299340009689" lon="18.05811921134591">
        <ele>0.0</ele>
      </trkpt>
      <trkpt lat="54.882919723168015" lon="18.05789776146412">
        <ele>0.0</ele>
      </trkpt>
      <trkpt lat="54.88241312094033" lon="18.055155454203486">
        <ele>0.0</ele>
      </trkpt>
      <trkpt lat="54.88243189640343" lon="18.05502419359982">
        <ele>0.0</ele>
      </trkpt>
      <trkpt lat="54.88195060752332" lon="18.052859315648675">
        <ele>0.0</ele>
      </trkpt>
      <trkpt lat="54.881888246163726" lon="18.05278278887272">
        <ele>0.0</ele>
      </trkpt>
      <trkpt lat="54.88175539299846" lon="18.052466372027993">
        <ele>0.0</ele>
      </trkpt>
      <trkpt lat="54.88139312714338" lon="18.050587819889188">
        <ele>0.0</ele>
      </trkpt>
      <trkpt lat="54.881348283961415" lon="18.050346672534943">
        <ele>0.0</ele>
      </trkpt>
      <trkpt lat="54.88120160065591" lon="18.04982330650091">
        <ele>0.0</ele>
      </trkpt>
      <trkpt lat="54.8808326292783" lon="18.047893960028887">
        <ele>0.0</ele>
      </trkpt>
      <trkpt lat="54.88065225072205" lon="18.047656919807196">
        <ele>0.0</ele>
      </trkpt>
      <trkpt lat="54.88055929541588" lon="18.047136068344116">
        <ele>0.0</ele>
      </trkpt>
      <trkpt lat="54.88019401207566" lon="18.04543965496123">
        <ele>0.0</ele>
      </trkpt>
      <trkpt lat="54.88005604594946" lon="18.044890807941556">
        <ele>0.0</ele>
      </trkpt>
      <trkpt lat="54.87973962910473" lon="18.042698688805103">
        <ele>0.0</ele>
      </trkpt>
      <trkpt lat="54.879731414839625" lon="18.04267999716103">
        <ele>0.0</ele>
      </trkpt>
      <trkpt lat="54.87961683422327" lon="18.042020592838526">
        <ele>0.0</ele>
      </trkpt>
      <trkpt lat="54.879325311630964" lon="18.03994908928871">
        <ele>0.0</ele>
      </trkpt>
      <trkpt lat="54.87936696968973" lon="18.03976284340024">
        <ele>0.0</ele>
      </trkpt>
      <trkpt lat="54.87624001689255" lon="18.016584869474173">
        <ele>0.0</ele>
      </trkpt>
      <trkpt lat="54.8761235922575" lon="18.015327332541347">
        <ele>0.0</ele>
      </trkpt>
      <trkpt lat="54.876098446547985" lon="18.01488032564521">
        <ele>0.0</ele>
      </trkpt>
      <trkpt lat="54.87605326808989" lon="18.014055211097002">
        <ele>0.0</ele>
      </trkpt>
      <trkpt lat="54.876045640558004" lon="18.013983881101012">
        <ele>0.0</ele>
      </trkpt>
      <trkpt lat="54.87603357061744" lon="18.01317502744496">
        <ele>0.0</ele>
      </trkpt>
      <trkpt lat="54.876032900065184" lon="18.013057010248303">
        <ele>0.0</ele>
      </trkpt>
      <trkpt lat="54.875947488471866" lon="18.012483939528465">
        <ele>0.0</ele>
      </trkpt>
      <trkpt lat="54.87568966113031" lon="18.01027555949986">
        <ele>0.0</ele>
      </trkpt>
      <trkpt lat="54.87549821846187" lon="18.01009333692491">
        <ele>0.0</ele>
      </trkpt>
      <trkpt lat="54.875343991443515" lon="18.009449690580368">
        <ele>0.0</ele>
      </trkpt>
      <trkpt lat="54.875282468274236" lon="18.008657013997436">
        <ele>0.0</ele>
      </trkpt>
      <trkpt lat="54.875138802453876" lon="18.00787883810699">
        <ele>0.0</ele>
      </trkpt>
      <trkpt lat="54.875114830210805" lon="18.00765110179782">
        <ele>0.0</ele>
      </trkpt>
      <trkpt lat="54.87506185658276" lon="18.00685959868133">
        <ele>0.0</ele>
      </trkpt>
      <trkpt lat="54.87506428733468" lon="18.006814923137426">
        <ele>0.0</ele>
      </trkpt>
      <trkpt lat="54.871596693992615" lon="17.975273318588734">
        <ele>0.0</ele>
      </trkpt>
      <trkpt lat="54.87166374921799" lon="17.975100819021463">
        <ele>0.0</ele>
      </trkpt>
      <trkpt lat="54.87147909589112" lon="17.97471164725721">
        <ele>0.0</ele>
      </trkpt>
      <trkpt lat="54.87124658189714" lon="17.974161878228188">
        <ele>0.0</ele>
      </trkpt>
      <trkpt lat="54.86359465867281" lon="17.932350262999535">
        <ele>0.0</ele>
      </trkpt>
      <trkpt lat="54.86370705999434" lon="17.932233083993196">
        <ele>0.0</ele>
      </trkpt>
      <trkpt lat="54.86363707110286" lon="17.93186729773879">
        <ele>0.0</ele>
      </trkpt>
      <trkpt lat="54.86363832838833" lon="17.931598406285048">
        <ele>0.0</ele>
      </trkpt>
      <trkpt lat="54.86338863149285" lon="17.929921774193645">
        <ele>0.0</ele>
      </trkpt>
      <trkpt lat="54.863345716148615" lon="17.929940717294812">
        <ele>0.0</ele>
      </trkpt>
      <trkpt lat="54.863300286233425" lon="17.929716166108847">
        <ele>0.0</ele>
      </trkpt>
      <trkpt lat="54.86298931762576" lon="17.927825627848506">
        <ele>0.0</ele>
      </trkpt>
      <trkpt lat="54.86278018914163" lon="17.927676429972053">
        <ele>0.0</ele>
      </trkpt>
      <trkpt lat="54.86238137818873" lon="17.925542732700706">
        <ele>0.0</ele>
      </trkpt>
      <trkpt lat="54.862354304641485" lon="17.925392780452967">
        <ele>0.0</ele>
      </trkpt>
      <trkpt lat="54.86202615313232" lon="17.923330832272768">
        <ele>0.0</ele>
      </trkpt>
      <trkpt lat="54.86183546483517" lon="17.9232756793499">
        <ele>0.0</ele>
      </trkpt>
      <trkpt lat="54.86175172962248" lon="17.9229077976197">
        <ele>0.0</ele>
      </trkpt>
      <trkpt lat="54.861372699961066" lon="17.920891111716628">
        <ele>0.0</ele>
      </trkpt>
      <trkpt lat="54.86136498861015" lon="17.920849872753024">
        <ele>0.0</ele>
      </trkpt>
      <trkpt lat="54.86124001443386" lon="17.92039473541081">
        <ele>0.0</ele>
      </trkpt>
      <trkpt lat="54.860776076093316" lon="17.918541664257646">
        <ele>0.0</ele>
      </trkpt>
      <trkpt lat="54.86063911579549" lon="17.917965492233634">
        <ele>0.0</ele>
      </trkpt>
      <trkpt lat="54.860151121392846" lon="17.916079815477133">
        <ele>0.0</ele>
      </trkpt>
      <trkpt lat="54.86009328626096" lon="17.915933886542916">
        <ele>0.0</ele>
      </trkpt>
      <trkpt lat="54.860215997323394" lon="17.915320498868823">
        <ele>0.0</ele>
      </trkpt>
      <trkpt lat="54.8600724991411" lon="17.913555521517992">
        <ele>0.0</ele>
      </trkpt>
      <trkpt lat="54.85984333790839" lon="17.913330383598804">
        <ele>0.0</ele>
      </trkpt>
      <trkpt lat="54.859405886381865" lon="17.91127011179924">
        <ele>0.0</ele>
      </trkpt>
      <trkpt lat="54.85901763662696" lon="17.91081371717155">
        <ele>0.0</ele>
      </trkpt>
      <trkpt lat="54.85856727696955" lon="17.909332970157266">
        <ele>0.0</ele>
      </trkpt>
      <trkpt lat="54.858530731871724" lon="17.908922592177987">
        <ele>0.0</ele>
      </trkpt>
      <trkpt lat="54.858471220359206" lon="17.90853526443243">
        <ele>0.0</ele>
      </trkpt>
      <trkpt lat="54.85813686624169" lon="17.906867349520326">
        <ele>0.0</ele>
      </trkpt>
      <trkpt lat="54.8580190166831" lon="17.90670046582818">
        <ele>0.0</ele>
      </trkpt>
      <trkpt lat="54.857986494898796" lon="17.90626318193972">
        <ele>0.0</ele>
      </trkpt>
      <trkpt lat="54.857659097760916" lon="17.90458328090608">
        <ele>0.0</ele>
      </trkpt>
      <trkpt lat="54.857649793848395" lon="17.904533660039306">
        <ele>0.0</ele>
      </trkpt>
      <trkpt lat="54.85754502005875" lon="17.904020436108112">
        <ele>0.0</ele>
      </trkpt>
      <trkpt lat="54.85708376392722" lon="17.902300972491503">
        <ele>0.0</ele>
      </trkpt>
      <trkpt lat="54.8570763040334" lon="17.902272306382656">
        <ele>0.0</ele>
      </trkpt>
      <trkpt lat="54.856954431161284" lon="17.90183267556131">
        <ele>0.0</ele>
      </trkpt>
      <trkpt lat="54.85652427189052" lon="17.899701576679945">
        <ele>0.0</ele>
      </trkpt>
      <trkpt lat="54.856455540284514" lon="17.899454729631543">
        <ele>0.0</ele>
      </trkpt>
      <trkpt lat="54.85631916671991" lon="17.899033538997173">
        <ele>0.0</ele>
      </trkpt>
      <trkpt lat="54.85584030859172" lon="17.8974727448076">
        <ele>0.0</ele>
      </trkpt>
      <trkpt lat="54.855744671076536" lon="17.89731541648507">
        <ele>0.0</ele>
      </trkpt>
      <trkpt lat="54.855586336925626" lon="17.896904619410634">
        <ele>0.0</ele>
      </trkpt>
      <trkpt lat="54.85511368140578" lon="17.89555538445711">
        <ele>0.0</ele>
      </trkpt>
      <trkpt lat="54.855223316699266" lon="17.89530702866614">
        <ele>0.0</ele>
      </trkpt>
      <trkpt lat="54.85510731115937" lon="17.894905284047127">
        <ele>0.0</ele>
      </trkpt>
      <trkpt lat="54.85497076995671" lon="17.894449224695563">
        <ele>0.0</ele>
      </trkpt>
      <trkpt lat="54.85457472503185" lon="17.89295967668295">
        <ele>0.0</ele>
      </trkpt>
      <trkpt lat="54.854503981769085" lon="17.892793295904994">
        <ele>0.0</ele>
      </trkpt>
      <trkpt lat="54.854405242949724" lon="17.89242214523256">
        <ele>0.0</ele>
      </trkpt>
      <trkpt lat="54.85393736511469" lon="17.89087861776352">
        <ele>0.0</ele>
      </trkpt>
      <trkpt lat="54.85391330905259" lon="17.890758337453008">
        <ele>0.0</ele>
      </trkpt>
      <trkpt lat="54.85379856079817" lon="17.89033823646605">
        <ele>0.0</ele>
      </trkpt>
      <trkpt lat="54.85331987030804" lon="17.888722708448768">
        <ele>0.0</ele>
      </trkpt>
      <trkpt lat="54.85331148840487" lon="17.888670237734914">
        <ele>0.0</ele>
      </trkpt>
      <trkpt lat="54.85323135741055" lon="17.88833437487483">
        <ele>0.0</ele>
      </trkpt>
      <trkpt lat="54.85309615731239" lon="17.88793765939772">
        <ele>0.0</ele>
      </trkpt>
      <trkpt lat="54.852679912000895" lon="17.88674575276673">
        <ele>0.0</ele>
      </trkpt>
      <trkpt lat="54.85262291505933" lon="17.88654643110931">
        <ele>0.0</ele>
      </trkpt>
      <trkpt lat="54.85248880460858" lon="17.886064471676946">
        <ele>0.0</ele>
      </trkpt>
      <trkpt lat="54.852051017805934" lon="17.88471758365631">
        <ele>0.0</ele>
      </trkpt>
      <trkpt lat="54.85201019793749" lon="17.88459344767034">
        <ele>0.0</ele>
      </trkpt>
      <trkpt lat="54.85186954960227" lon="17.884277533739805">
        <ele>0.0</ele>
      </trkpt>
      <trkpt lat="54.851293712854385" lon="17.88304698653519">
        <ele>0.0</ele>
      </trkpt>
      <trkpt lat="54.851219449192286" lon="17.882900135591626">
        <ele>0.0</ele>
      </trkpt>
      <trkpt lat="54.85114987939596" lon="17.882644906640053">
        <ele>0.0</ele>
      </trkpt>
      <trkpt lat="54.85105784609914" lon="17.882272247225046">
        <ele>0.0</ele>
      </trkpt>
      <trkpt lat="54.85057219862938" lon="17.880948493257165">
        <ele>0.0</ele>
      </trkpt>
      <trkpt lat="54.850542191416025" lon="17.880783202126622">
        <ele>0.0</ele>
      </trkpt>
      <trkpt lat="54.8503795824945" lon="17.88044448941946">
        <ele>0.0</ele>
      </trkpt>
      <trkpt lat="54.84983735717833" lon="17.879034653306007">
        <ele>0.0</ele>
      </trkpt>
      <trkpt lat="54.849963672459126" lon="17.87885402329266">
        <ele>0.0</ele>
      </trkpt>
      <trkpt lat="54.849928887560964" lon="17.878547329455614">
        <ele>0.0</ele>
      </trkpt>
      <trkpt lat="54.8496800288558" lon="17.877108408138156">
        <ele>0.0</ele>
      </trkpt>
      <trkpt lat="54.849625043570995" lon="17.876775478944182">
        <ele>0.0</ele>
      </trkpt>
      <trkpt lat="54.84938599169254" lon="17.87552305497229">
        <ele>0.0</ele>
      </trkpt>
      <trkpt lat="54.84933192841709" lon="17.875239998102188">
        <ele>0.0</ele>
      </trkpt>
      <trkpt lat="54.84925791621208" lon="17.874968089163303">
        <ele>0.0</ele>
      </trkpt>
      <trkpt lat="54.84913017600775" lon="17.873615082353354">
        <ele>0.0</ele>
      </trkpt>
      <trkpt lat="54.849124141037464" lon="17.87352497689426">
        <ele>0.0</ele>
      </trkpt>
      <trkpt lat="54.849053816869855" lon="17.87314929999411">
        <ele>0.0</ele>
      </trkpt>
      <trkpt lat="54.848805041983724" lon="17.871815068647265">
        <ele>0.0</ele>
      </trkpt>
      <trkpt lat="54.84875508584082" lon="17.871576603502035">
        <ele>0.0</ele>
      </trkpt>
      <trkpt lat="54.848749386146665" lon="17.871268149465322">
        <ele>0.0</ele>
      </trkpt>
      <trkpt lat="54.84863782301545" lon="17.87016173824668">
        <ele>0.0</ele>
      </trkpt>
      <trkpt lat="54.84862650744617" lon="17.870036093518138">
        <ele>0.0</ele>
      </trkpt>
      <trkpt lat="54.84861217439175" lon="17.869786228984594">
        <ele>0.0</ele>
      </trkpt>
      <trkpt lat="54.8484711907804" lon="17.868430204689503">
        <ele>0.0</ele>
      </trkpt>
      <trkpt lat="54.84846230596304" lon="17.868398018181324">
        <ele>0.0</ele>
      </trkpt>
      <trkpt lat="54.848417127504945" lon="17.868087887763977">
        <ele>0.0</ele>
      </trkpt>
      <trkpt lat="54.848186960443854" lon="17.86653363145888">
        <ele>0.0</ele>
      </trkpt>
      <trkpt lat="54.848141027614474" lon="17.86649163812399">
        <ele>0.0</ele>
      </trkpt>
      <trkpt lat="54.84801135957241" lon="17.866136161610484">
        <ele>0.0</ele>
      </trkpt>
      <trkpt lat="54.847776498645544" lon="17.8646485414356">
        <ele>0.0</ele>
      </trkpt>
      <trkpt lat="54.847713969647884" lon="17.864337153732777">
        <ele>0.0</ele>
      </trkpt>
      <trkpt lat="54.84765320084989" lon="17.86388587206602">
        <ele>0.0</ele>
      </trkpt>
      <trkpt lat="54.8474851436913" lon="17.862473521381617">
        <ele>0.0</ele>
      </trkpt>
      <trkpt lat="54.847433092072606" lon="17.86225232295692">
        <ele>0.0</ele>
      </trkpt>
      <trkpt lat="54.8473403044045" lon="17.861911514773965">
        <ele>0.0</ele>
      </trkpt>
      <trkpt lat="54.847109634429216" lon="17.860291711986065">
        <ele>0.0</ele>
      </trkpt>
      <trkpt lat="54.84711114317179" lon="17.86011653020978">
        <ele>0.0</ele>
      </trkpt>
      <trkpt lat="54.847037717700005" lon="17.859800197184086">
        <ele>0.0</ele>
      </trkpt>
      <trkpt lat="54.84671358950436" lon="17.858331939205527">
        <ele>0.0</ele>
      </trkpt>
      <trkpt lat="54.8467134218663" lon="17.8582850843668">
        <ele>0.0</ele>
      </trkpt>
      <trkpt lat="54.84664619900286" lon="17.857952993363142">
        <ele>0.0</ele>
      </trkpt>
      <trkpt lat="54.846393736079335" lon="17.856215005740523">
        <ele>0.0</ele>
      </trkpt>
      <trkpt lat="54.84639071859419" lon="17.856183405965567">
        <ele>0.0</ele>
      </trkpt>
      <trkpt lat="54.84633782878518" lon="17.855874449014664">
        <ele>0.0</ele>
      </trkpt>
      <trkpt lat="54.846273036673665" lon="17.855540849268436">
        <ele>0.0</ele>
      </trkpt>
      <trkpt lat="54.84597564674914" lon="17.854331340640783">
        <ele>0.0</ele>
      </trkpt>
      <trkpt lat="54.84596340917051" lon="17.85407560877502">
        <ele>0.0</ele>
      </trkpt>
      <trkpt lat="54.84593625180423" lon="17.853703200817108">
        <ele>0.0</ele>
      </trkpt>
      <trkpt lat="54.845548840239644" lon="17.852355390787125">
        <ele>0.0</ele>
      </trkpt>
      <trkpt lat="54.84554674476385" lon="17.852235613390803">
        <ele>0.0</ele>
      </trkpt>
      <trkpt lat="54.845508858561516" lon="17.851875610649586">
        <ele>0.0</ele>
      </trkpt>
      <trkpt lat="54.84527844004333" lon="17.850244492292404">
        <ele>0.0</ele>
      </trkpt>
      <trkpt lat="54.84518565237522" lon="17.850002171471715">
        <ele>0.0</ele>
      </trkpt>
      <trkpt lat="54.84513033181429" lon="17.849628757685423">
        <ele>0.0</ele>
      </trkpt>
      <trkpt lat="54.84500611200929" lon="17.84845881164074">
        <ele>0.0</ele>
      </trkpt>
      <trkpt lat="54.844938637688756" lon="17.848202157765627">
        <ele>0.0</ele>
      </trkpt>
      <trkpt lat="54.84483654610813" lon="17.84782606177032">
        <ele>0.0</ele>
      </trkpt>
      <trkpt lat="54.84462163411081" lon="17.846528878435493">
        <ele>0.0</ele>
      </trkpt>
      <trkpt lat="54.844617610797286" lon="17.846299214288592">
        <ele>0.0</ele>
      </trkpt>
      <trkpt lat="54.844591123983264" lon="17.845812560990453">
        <ele>0.0</ele>
      </trkpt>
      <trkpt lat="54.84443496912718" lon="17.844345727935433">
        <ele>0.0</ele>
      </trkpt>
      <trkpt lat="54.84439314343035" lon="17.844174653291702">
        <ele>0.0</ele>
      </trkpt>
      <trkpt lat="54.84437889419496" lon="17.84367316402495">
        <ele>0.0</ele>
      </trkpt>
      <trkpt lat="54.844258865341544" lon="17.842384111136198">
        <ele>0.0</ele>
      </trkpt>
      <trkpt lat="54.844255009666085" lon="17.842188896611333">
        <ele>0.0</ele>
      </trkpt>
      <trkpt lat="54.84422986395657" lon="17.841863511130214">
        <ele>0.0</ele>
      </trkpt>
      <trkpt lat="54.84403448179364" lon="17.84064520150423">
        <ele>0.0</ele>
      </trkpt>
      <trkpt lat="54.84398888424039" lon="17.84057286567986">
        <ele>0.0</ele>
      </trkpt>
      <trkpt lat="54.843929037451744" lon="17.84020733088255">
        <ele>0.0</ele>
      </trkpt>
      <trkpt lat="54.84372116625309" lon="17.83875759691">
        <ele>0.0</ele>
      </trkpt>
      <trkpt lat="54.84366207383573" lon="17.838742677122355">
        <ele>0.0</ele>
      </trkpt>
      <trkpt lat="54.843616392463446" lon="17.83848250284791">
        <ele>0.0</ele>
      </trkpt>
      <trkpt lat="54.84356484375894" lon="17.838170444592834">
        <ele>0.0</ele>
      </trkpt>
      <trkpt lat="54.84337122179568" lon="17.837102422490716">
        <ele>0.0</ele>
      </trkpt>
      <trkpt lat="54.84332864172757" lon="17.836920032277703">
        <ele>0.0</ele>
      </trkpt>
      <trkpt lat="54.8432819545269" lon="17.836655667051673">
        <ele>0.0</ele>
      </trkpt>
      <trkpt lat="54.84305455349386" lon="17.835244573652744">
        <ele>0.0</ele>
      </trkpt>
      <trkpt lat="54.8430057708174" lon="17.83510224893689">
        <ele>0.0</ele>
      </trkpt>
      <trkpt lat="54.84301054850221" lon="17.834834279492497">
        <ele>0.0</ele>
      </trkpt>
      <trkpt lat="54.842742746695876" lon="17.833211291581392">
        <ele>0.0</ele>
      </trkpt>
      <trkpt lat="54.84275372698903" lon="17.83314331434667">
        <ele>0.0</ele>
      </trkpt>
      <trkpt lat="54.8427692335099" lon="17.832899233326316">
        <ele>0.0</ele>
      </trkpt>
      <trkpt lat="54.842743668705225" lon="17.832630425691605">
        <ele>0.0</ele>
      </trkpt>
      <trkpt lat="54.84255004674196" lon="17.83135486766696">
        <ele>0.0</ele>
      </trkpt>
      <trkpt lat="54.84254158101976" lon="17.831187900155783">
        <ele>0.0</ele>
      </trkpt>
      <trkpt lat="54.84251031652093" lon="17.830787245184183">
        <ele>0.0</ele>
      </trkpt>
      <trkpt lat="54.842127012088895" lon="17.829359471797943">
        <ele>0.0</ele>
      </trkpt>
      <trkpt lat="54.84211033210158" lon="17.829183619469404">
        <ele>0.0</ele>
      </trkpt>
      <trkpt lat="54.84207043424249" lon="17.82869478687644">
        <ele>0.0</ele>
      </trkpt>
      <trkpt lat="54.84176667407155" lon="17.827195432037115">
        <ele>0.0</ele>
      </trkpt>
      <trkpt lat="54.8417398519814" lon="17.82709300518036">
        <ele>0.0</ele>
      </trkpt>
      <trkpt lat="54.84167237766087" lon="17.826693942770362">
        <ele>0.0</ele>
      </trkpt>
      <trkpt lat="54.84129318036139" lon="17.825265750288963">
        <ele>0.0</ele>
      </trkpt>
      <trkpt lat="54.84127415344119" lon="17.825206322595477">
        <ele>0.0</ele>
      </trkpt>
      <trkpt lat="54.84121799468994" lon="17.824717238545418">
        <ele>0.0</ele>
      </trkpt>
      <trkpt lat="54.840870229527354" lon="17.823036164045334">
        <ele>0.0</ele>
      </trkpt>
      <trkpt lat="54.84086872078478" lon="17.82293231226504">
        <ele>0.0</ele>
      </trkpt>
      <trkpt lat="54.84085254371166" lon="17.822447922080755">
        <ele>0.0</ele>
      </trkpt>
      <trkpt lat="54.84055892564356" lon="17.820889642462134">
        <ele>0.0</ele>
      </trkpt>
      <trkpt lat="54.84057107940316" lon="17.820841362699866">
        <ele>0.0</ele>
      </trkpt>
      <trkpt lat="54.840520452708006" lon="17.820465937256813">
        <ele>0.0</ele>
      </trkpt>
      <trkpt lat="54.840368404984474" lon="17.81885619275272">
        <ele>0.0</ele>
      </trkpt>
      <trkpt lat="54.84036169946194" lon="17.8187898080796">
        <ele>0.0</ele>
      </trkpt>
      <trkpt lat="54.84031434170902" lon="17.818509684875607">
        <ele>0.0</ele>
      </trkpt>
      <trkpt lat="54.8400785587728" lon="17.81695165671408">
        <ele>0.0</ele>
      </trkpt>
      <trkpt lat="54.840070344507694" lon="17.816868256777525">
        <ele>0.0</ele>
      </trkpt>
      <trkpt lat="54.84001577831805" lon="17.816384956240654">
        <ele>0.0</ele>
      </trkpt>
      <trkpt lat="54.83980472199619" lon="17.81491544097662">
        <ele>0.0</ele>
      </trkpt>
      <trkpt lat="54.83979156240821" lon="17.81482449732721">
        <ele>0.0</ele>
      </trkpt>
      <trkpt lat="54.839714616537094" lon="17.814470110461116">
        <ele>0.0</ele>
      </trkpt>
      <trkpt lat="54.839353105053306" lon="17.812759364023805">
        <ele>0.0</ele>
      </trkpt>
      <trkpt lat="54.83934614807367" lon="17.812470188364387">
        <ele>0.0</ele>
      </trkpt>
      <trkpt lat="54.83929602429271" lon="17.812031228095293">
        <ele>0.0</ele>
      </trkpt>
      <trkpt lat="54.83908278867602" lon="17.810900174081326">
        <ele>0.0</ele>
      </trkpt>
      <trkpt lat="54.83904289081693" lon="17.810681574046612">
        <ele>0.0</ele>
      </trkpt>
      <trkpt lat="54.8389614187181" lon="17.810281086713076">
        <ele>0.0</ele>
      </trkpt>
      <trkpt lat="54.838634356856346" lon="17.808722974732518">
        <ele>0.0</ele>
      </trkpt>
      <trkpt lat="54.838607870042324" lon="17.80863077379763">
        <ele>0.0</ele>
      </trkpt>
      <trkpt lat="54.83849915675819" lon="17.808213103562593">
        <ele>0.0</ele>
      </trkpt>
      <trkpt lat="54.83820520341396" lon="17.80662833712995">
        <ele>0.0</ele>
      </trkpt>
      <trkpt lat="54.83819045126438" lon="17.806599838659167">
        <ele>0.0</ele>
      </trkpt>
      <trkpt lat="54.83807260170579" lon="17.806287612766027">
        <ele>0.0</ele>
      </trkpt>
      <trkpt lat="54.837701031938195" lon="17.804604191333055">
        <ele>0.0</ele>
      </trkpt>
      <trkpt lat="54.83768820762634" lon="17.804570496082306">
        <ele>0.0</ele>
      </trkpt>
      <trkpt lat="54.83762953430414" lon="17.80407764017582">
        <ele>0.0</ele>
      </trkpt>
      <trkpt lat="54.83735133893788" lon="17.802479714155197">
        <ele>0.0</ele>
      </trkpt>
      <trkpt lat="54.83733910135925" lon="17.802430763840675">
        <ele>0.0</ele>
      </trkpt>
      <trkpt lat="54.83725301921368" lon="17.802087692543864">
        <ele>0.0</ele>
      </trkpt>
      <trkpt lat="54.8369272146374" lon="17.800508625805378">
        <ele>0.0</ele>
      </trkpt>
      <trkpt lat="54.83691589906812" lon="17.800484402105212">
        <ele>0.0</ele>
      </trkpt>
      <trkpt lat="54.836822021752596" lon="17.800118951126933">
        <ele>0.0</ele>
      </trkpt>
      <trkpt lat="54.83646168373525" lon="17.79879997484386">
        <ele>0.0</ele>
      </trkpt>
      <trkpt lat="54.8365056887269" lon="17.79858053661883">
        <ele>0.0</ele>
      </trkpt>
      <trkpt lat="54.83644257299602" lon="17.798224221915007">
        <ele>0.0</ele>
      </trkpt>
      <trkpt lat="54.83613604679704" lon="17.79708595946431">
        <ele>0.0</ele>
      </trkpt>
      <trkpt lat="54.83615716919303" lon="17.79693399555981">
        <ele>0.0</ele>
      </trkpt>
      <trkpt lat="54.836128670722246" lon="17.796683963388205">
        <ele>0.0</ele>
      </trkpt>
      <trkpt lat="54.8359099868685" lon="17.795797996222973">
        <ele>0.0</ele>
      </trkpt>
      <trkpt lat="54.83585215173662" lon="17.79561845585704">
        <ele>0.0</ele>
      </trkpt>
      <trkpt lat="54.835769506171346" lon="17.795239090919495">
        <ele>0.0</ele>
      </trkpt>
      <trkpt lat="54.83551603741944" lon="17.794254636391997">
        <ele>0.0</ele>
      </trkpt>
      <trkpt lat="54.83551075682044" lon="17.794105606153607">
        <ele>0.0</ele>
      </trkpt>
      <trkpt lat="54.83543632552028" lon="17.79390343464911">
        <ele>0.0</ele>
      </trkpt>
      <trkpt lat="54.835078502073884" lon="17.79298771172762">
        <ele>0.0</ele>
      </trkpt>
      <trkpt lat="54.835065593943" lon="17.79264472424984">
        <ele>0.0</ele>
      </trkpt>
      <trkpt lat="54.83501479960978" lon="17.79229930602014">
        <ele>0.0</ele>
      </trkpt>
      <trkpt lat="54.83497423119843" lon="17.792055560275912">
        <ele>0.0</ele>
      </trkpt>
      <trkpt lat="54.83496685512364" lon="17.792199226096272">
        <ele>0.0</ele>
      </trkpt>
      <trkpt lat="54.83487348072231" lon="17.792971367016435">
        <ele>0.0</ele>
      </trkpt>
      <trkpt lat="54.83485193923116" lon="17.793052420020103">
        <ele>0.0</ele>
      </trkpt>
      <trkpt lat="54.834825452417135" lon="17.793206814676523">
        <ele>0.0</ele>
      </trkpt>
      <trkpt lat="54.83477499336004" lon="17.793585676699877">
        <ele>0.0</ele>
      </trkpt>
      <trkpt lat="54.83475546352565" lon="17.79376605525613">
        <ele>0.0</ele>
      </trkpt>
      <trkpt lat="54.83485613018274" lon="17.7944893296808">
        <ele>0.0</ele>
      </trkpt>
      <trkpt lat="54.83494548127055" lon="17.79443602077663">
        <ele>0.0</ele>
      </trkpt>
      <trkpt lat="54.8349773325026" lon="17.794424621388316">
        <ele>0.0</ele>
      </trkpt>
      <trkpt lat="54.83485948294401" lon="17.794610699638724">
        <ele>0.0</ele>
      </trkpt>
      <trkpt lat="54.834841042757034" lon="17.794610699638724">
        <ele>0.0</ele>
      </trkpt>
      <trkpt lat="54.834832241758704" lon="17.79472343623638">
        <ele>0.0</ele>
      </trkpt>
      <trkpt lat="54.83489544130862" lon="17.794812535867095">
        <ele>0.0</ele>
      </trkpt>
      <trkpt lat="54.835282852873206" lon="17.79526767320931">
        <ele>0.0</ele>
      </trkpt>
      <trkpt lat="54.83547102659941" lon="17.795442519709468">
        <ele>0.0</ele>
      </trkpt>
      <trkpt lat="54.835604298859835" lon="17.795565985143185">
        <ele>0.0</ele>
      </trkpt>
      <trkpt lat="54.83569784089923" lon="17.79555056244135">
        <ele>0.0</ele>
      </trkpt>
      <trkpt lat="54.835541266947985" lon="17.795224590227008">
        <ele>0.0</ele>
      </trkpt>
      <trkpt lat="54.835371784865856" lon="17.79500288888812">
        <ele>0.0</ele>
      </trkpt>
      <trkpt lat="54.8347685392946" lon="17.79386672191322">
        <ele>0.0</ele>
      </trkpt>
      <trkpt lat="54.83478521928191" lon="17.793663125485182">
        <ele>0.0</ele>
      </trkpt>
      <trkpt lat="54.83440887182951" lon="17.79229930602014">
        <ele>0.0</ele>
      </trkpt>
      <trkpt lat="54.834174597635865" lon="17.791989678516984">
        <ele>0.0</ele>
      </trkpt>
      <trkpt lat="54.8335856013" lon="17.790555031970143">
        <ele>0.0</ele>
      </trkpt>
      <trkpt lat="54.833567664027214" lon="17.790514715015888">
        <ele>0.0</ele>
      </trkpt>
      <trkpt lat="54.833386363461614" lon="17.790064606815577">
        <ele>0.0</ele>
      </trkpt>
      <trkpt lat="54.832748835906386" lon="17.788802459836006">
        <ele>0.0</ele>
      </trkpt>
      <trkpt lat="54.8327324911952" lon="17.788757449015975">
        <ele>0.0</ele>
      </trkpt>
      <trkpt lat="54.8325805272907" lon="17.78838193975389">
        <ele>0.0</ele>
      </trkpt>
      <trkpt lat="54.83199647627771" lon="17.786972941830754">
        <ele>0.0</ele>
      </trkpt>
      <trkpt lat="54.83188130892813" lon="17.786832628771663">
        <ele>0.0</ele>
      </trkpt>
      <trkpt lat="54.83185498975217" lon="17.78647136874497">
        <ele>0.0</ele>
      </trkpt>
      <trkpt lat="54.83131242915988" lon="17.785353306680918">
        <ele>0.0</ele>
      </trkpt>
      <trkpt lat="54.83115426264703" lon="17.784989532083273">
        <ele>0.0</ele>
      </trkpt>
      <trkpt lat="54.83103540726006" lon="17.784753581508994">
        <ele>0.0</ele>
      </trkpt>
      <trkpt lat="54.830870451405644" lon="17.784375473856926">
        <ele>0.0</ele>
      </trkpt>
      <trkpt lat="54.8304876498878" lon="17.783453296869993">
        <ele>0.0</ele>
      </trkpt>
      <trkpt lat="54.83034046366811" lon="17.783127827569842">
        <ele>0.0</ele>
      </trkpt>
      <trkpt lat="54.83027022331953" lon="17.782838651910424">
        <ele>0.0</ele>
      </trkpt>
      <trkpt lat="54.82981491833925" lon="17.781615732237697">
        <ele>0.0</ele>
      </trkpt>
      <trkpt lat="54.829724142327905" lon="17.781485812738538">
        <ele>0.0</ele>
      </trkpt>
      <trkpt lat="54.82964962720871" lon="17.7812425699085">
        <ele>0.0</ele>
      </trkpt>
      <trkpt lat="54.82930990867317" lon="17.780220983549953">
        <ele>0.0</ele>
      </trkpt>
      <trkpt lat="54.82920991256833" lon="17.78006935492158">
        <ele>0.0</ele>
      </trkpt>
      <trkpt lat="54.82906146906316" lon="17.779821753501892">
        <ele>0.0</ele>
      </trkpt>
      <trkpt lat="54.82892073690891" lon="17.779496535658836">
        <ele>0.0</ele>
      </trkpt>
      <trkpt lat="54.828535756096244" lon="17.778564719483256">
        <ele>0.0</ele>
      </trkpt>
      <trkpt lat="54.828536342829466" lon="17.77851996012032">
        <ele>0.0</ele>
      </trkpt>
      <trkpt lat="54.828431736677885" lon="17.77820580638945">
        <ele>0.0</ele>
      </trkpt>
      <trkpt lat="54.8279663734138" lon="17.777118673548102">
        <ele>0.0</ele>
      </trkpt>
      <trkpt lat="54.82794399373233" lon="17.777076177299023">
        <ele>0.0</ele>
      </trkpt>
      <trkpt lat="54.82785237953067" lon="17.776778871193528">
        <ele>0.0</ele>
      </trkpt>
      <trkpt lat="54.827428087592125" lon="17.77579148299992">
        <ele>0.0</ele>
      </trkpt>
      <trkpt lat="54.82737176120281" lon="17.775561902672052">
        <ele>0.0</ele>
      </trkpt>
      <trkpt lat="54.82728852890432" lon="17.77535260654986">
        <ele>0.0</ele>
      </trkpt>
      <trkpt lat="54.8271806538105" lon="17.775030490010977">
        <ele>0.0</ele>
      </trkpt>
      <trkpt lat="54.82691922225058" lon="17.774281734600663">
        <ele>0.0</ele>
      </trkpt>
      <trkpt lat="54.82670171186328" lon="17.774005886167288">
        <ele>0.0</ele>
      </trkpt>
      <trkpt lat="54.8265278711915" lon="17.773706819862127">
        <ele>0.0</ele>
      </trkpt>
      <trkpt lat="54.826114727184176" lon="17.77268724516034">
        <ele>0.0</ele>
      </trkpt>
      <trkpt lat="54.82597114518285" lon="17.77265975251794">
        <ele>0.0</ele>
      </trkpt>
      <trkpt lat="54.82578691095114" lon="17.772341491654515">
        <ele>0.0</ele>
      </trkpt>
      <trkpt lat="54.82514686882496" lon="17.771327616646886">
        <ele>0.0</ele>
      </trkpt>
      <trkpt lat="54.825033294036984" lon="17.771079260855913">
        <ele>0.0</ele>
      </trkpt>
      <trkpt lat="54.82489122077823" lon="17.770804334431887">
        <ele>0.0</ele>
      </trkpt>
      <trkpt lat="54.82427171431482" lon="17.769694486632943">
        <ele>0.0</ele>
      </trkpt>
      <trkpt lat="54.82417666353285" lon="17.76957663707435">
        <ele>0.0</ele>
      </trkpt>
      <trkpt lat="54.8240031581372" lon="17.769352588802576">
        <ele>0.0</ele>
      </trkpt>
      <trkpt lat="54.823762848973274" lon="17.769058886915445">
        <ele>0.0</ele>
      </trkpt>
      <trkpt lat="54.82311962172389" lon="17.768120113760233">
        <ele>0.0</ele>
      </trkpt>
      <trkpt lat="54.823035299777985" lon="17.767984326928854">
        <ele>0.0</ele>
      </trkpt>
      <trkpt lat="54.822802199050784" lon="17.767558358609676">
        <ele>0.0</ele>
      </trkpt>
      <trkpt lat="54.822249161079526" lon="17.766399644315243">
        <ele>0.0</ele>
      </trkpt>
      <trkpt lat="54.8223109357059" lon="17.766309706494212">
        <ele>0.0</ele>
      </trkpt>
      <trkpt lat="54.82211505062878" lon="17.765860771760345">
        <ele>0.0</ele>
      </trkpt>
      <trkpt lat="54.82166301459074" lon="17.764850165694952">
        <ele>0.0</ele>
      </trkpt>
      <trkpt lat="54.82161406427622" lon="17.76469426229596">
        <ele>0.0</ele>
      </trkpt>
      <trkpt lat="54.82146402820945" lon="17.764439955353737">
        <ele>0.0</ele>
      </trkpt>
      <trkpt lat="54.82092574238777" lon="17.76340520940721">
        <ele>0.0</ele>
      </trkpt>
      <trkpt lat="54.82088886201382" lon="17.763390373438597">
        <ele>0.0</ele>
      </trkpt>
      <trkpt lat="54.820714769884944" lon="17.76315157301724">
        <ele>0.0</ele>
      </trkpt>
      <trkpt lat="54.82001831755042" lon="17.761852629482746">
        <ele>0.0</ele>
      </trkpt>
      <trkpt lat="54.81993525288999" lon="17.761437809094787">
        <ele>0.0</ele>
      </trkpt>
      <trkpt lat="54.81959721073508" lon="17.76049735955894">
        <ele>0.0</ele>
      </trkpt>
      <trkpt lat="54.81960969977081" lon="17.760277166962624">
        <ele>0.0</ele>
      </trkpt>
      <trkpt lat="54.81950777582824" lon="17.760051442310214">
        <ele>0.0</ele>
      </trkpt>
      <trkpt lat="54.819434098899364" lon="17.75984901934862">
        <ele>0.0</ele>
      </trkpt>
      <trkpt lat="54.818972926586866" lon="17.759027257561684">
        <ele>0.0</ele>
      </trkpt>
      <trkpt lat="54.81891199015081" lon="17.758882585912943">
        <ele>0.0</ele>
      </trkpt>
      <trkpt lat="54.81880746781826" lon="17.758560134097934">
        <ele>0.0</ele>
      </trkpt>
      <trkpt lat="54.818295668810606" lon="17.75754793547094">
        <ele>0.0</ele>
      </trkpt>
      <trkpt lat="54.818180333822966" lon="17.757091037929058">
        <ele>0.0</ele>
      </trkpt>
      <trkpt lat="54.818089976906776" lon="17.75667244568467">
        <ele>0.0</ele>
      </trkpt>
      <trkpt lat="54.817954106256366" lon="17.756305150687695">
        <ele>0.0</ele>
      </trkpt>
      <trkpt lat="54.81772712431848" lon="17.755394456908107">
        <ele>0.0</ele>
      </trkpt>
      <trkpt lat="54.81750391423702" lon="17.75506035424769">
        <ele>0.0</ele>
      </trkpt>
      <trkpt lat="54.816860519349575" lon="17.753704665228724">
        <ele>0.0</ele>
      </trkpt>
      <trkpt lat="54.81675666756928" lon="17.753528812900186">
        <ele>0.0</ele>
      </trkpt>
      <trkpt lat="54.8167176079005" lon="17.753323540091515">
        <ele>0.0</ele>
      </trkpt>
      <trkpt lat="54.816263895481825" lon="17.75220053270459">
        <ele>0.0</ele>
      </trkpt>
      <trkpt lat="54.816187703981996" lon="17.75204655714333">
        <ele>0.0</ele>
      </trkpt>
      <trkpt lat="54.81605761684477" lon="17.751779928803444">
        <ele>0.0</ele>
      </trkpt>
      <trkpt lat="54.81546610593796" lon="17.750441171228886">
        <ele>0.0</ele>
      </trkpt>
      <trkpt lat="54.81545730493963" lon="17.750389454886317">
        <ele>0.0</ele>
      </trkpt>
      <trkpt lat="54.81535387225449" lon="17.750148894265294">
        <ele>0.0</ele>
      </trkpt>
      <trkpt lat="54.815231412649155" lon="17.749866927042603">
        <ele>0.0</ele>
      </trkpt>
      <trkpt lat="54.8149025067687" lon="17.74892756715417">
        <ele>0.0</ele>
      </trkpt>
      <trkpt lat="54.8146728426218" lon="17.74834125302732">
        <ele>0.0</ele>
      </trkpt>
      <trkpt lat="54.81412692926824" lon="17.747288988903165">
        <ele>0.0</ele>
      </trkpt>
      <trkpt lat="54.814072446897626" lon="17.747247330844402">
        <ele>0.0</ele>
      </trkpt>
      <trkpt lat="54.81395585462451" lon="17.746967459097505">
        <ele>0.0</ele>
      </trkpt>
      <trkpt lat="54.813871113583446" lon="17.74662966839969">
        <ele>0.0</ele>
      </trkpt>
      <trkpt lat="54.81351521797478" lon="17.745721405372024">
        <ele>0.0</ele>
      </trkpt>
      <trkpt lat="54.81344531290233" lon="17.745581092312932">
        <ele>0.0</ele>
      </trkpt>
      <trkpt lat="54.81337012723088" lon="17.74532393552363">
        <ele>0.0</ele>
      </trkpt>
      <trkpt lat="54.8129737470299" lon="17.744248118251562">
        <ele>0.0</ele>
      </trkpt>
      <trkpt lat="54.813317991793156" lon="17.74461440742016">
        <ele>0.0</ele>
      </trkpt>
      <trkpt lat="54.81342377141118" lon="17.74456663057208">
        <ele>0.0</ele>
      </trkpt>
      <trkpt lat="54.81362082995474" lon="17.74443805217743">
        <ele>0.0</ele>
      </trkpt>
      <trkpt lat="54.81430462561548" lon="17.743580164387822">
        <ele>0.0</ele>
      </trkpt>
      <trkpt lat="54.81435365974903" lon="17.743559880182147">
        <ele>0.0</ele>
      </trkpt>
      <trkpt lat="54.814402693882585" lon="17.743516881018877">
        <ele>0.0</ele>
      </trkpt>
      <trkpt lat="54.81461634859443" lon="17.743330970406532">
        <ele>0.0</ele>
      </trkpt>
      <trkpt lat="54.81539393775165" lon="17.742500072345138">
        <ele>0.0</ele>
      </trkpt>
      <trkpt lat="54.81541749089956" lon="17.74249278008938">
        <ele>0.0</ele>
      </trkpt>
      <trkpt lat="54.8156712949276" lon="17.742276191711426">
        <ele>0.0</ele>
      </trkpt>
      <trkpt lat="54.81655893847346" lon="17.741690799593925">
        <ele>0.0</ele>
      </trkpt>
      <trkpt lat="54.81676789931953" lon="17.741701947525144">
        <ele>0.0</ele>
      </trkpt>
      <trkpt lat="54.817064786329865" lon="17.741612009704113">
        <ele>0.0</ele>
      </trkpt>
      <trkpt lat="54.817908089607954" lon="17.740856297314167">
        <ele>0.0</ele>
      </trkpt>
      <trkpt lat="54.81795963831246" lon="17.74079049937427">
        <ele>0.0</ele>
      </trkpt>
      <trkpt lat="54.8181991931051" lon="17.740622693672776">
        <ele>0.0</ele>
      </trkpt>
      <trkpt lat="54.81906655244529" lon="17.739984327927232">
        <ele>0.0</ele>
      </trkpt>
      <trkpt lat="54.81908340007067" lon="17.739953566342592">
        <ele>0.0</ele>
      </trkpt>
      <trkpt lat="54.81927811168134" lon="17.739764638245106">
        <ele>0.0</ele>
      </trkpt>
      <trkpt lat="54.81947793625295" lon="17.739508152008057">
        <ele>0.0</ele>
      </trkpt>
      <trkpt lat="54.82015670277178" lon="17.73870793171227">
        <ele>0.0</ele>
      </trkpt>
      <trkpt lat="54.82025736942887" lon="17.738664597272873">
        <ele>0.0</ele>
      </trkpt>
      <trkpt lat="54.82046750374138" lon="17.73849486373365">
        <ele>0.0</ele>
      </trkpt>
      <trkpt lat="54.821290355175734" lon="17.737527256831527">
        <ele>0.0</ele>
      </trkpt>
      <trkpt lat="54.82135330326855" lon="17.73746875114739">
        <ele>0.0</ele>
      </trkpt>
      <trkpt lat="54.821627642959356" lon="17.737261382862926">
        <ele>0.0</ele>
      </trkpt>
      <trkpt lat="54.82255635783076" lon="17.737154681235552">
        <ele>0.0</ele>
      </trkpt>
      <trkpt lat="54.822576474398375" lon="17.73716574534774">
        <ele>0.0</ele>
      </trkpt>
      <trkpt lat="54.822743106633425" lon="17.73719223216176">
        <ele>0.0</ele>
      </trkpt>
      <trkpt lat="54.823424220085144" lon="17.736907163634896">
        <ele>0.0</ele>
      </trkpt>
      <trkpt lat="54.82343092560768" lon="17.736881766468287">
        <ele>0.0</ele>
      </trkpt>
      <trkpt lat="54.82366452924907" lon="17.736771209165454">
        <ele>0.0</ele>
      </trkpt>
      <trkpt lat="54.82451403513551" lon="17.73601650260389">
        <ele>0.0</ele>
      </trkpt>
      <trkpt lat="54.824522752314806" lon="17.735997224226594">
        <ele>0.0</ele>
      </trkpt>
      <trkpt lat="54.824701119214296" lon="17.735815839841962">
        <ele>0.0</ele>
      </trkpt>
      <trkpt lat="54.82486096210778" lon="17.735632862895727">
        <ele>0.0</ele>
      </trkpt>
      <trkpt lat="54.82559446245432" lon="17.735158782452345">
        <ele>0.0</ele>
      </trkpt>
      <trkpt lat="54.82566780410707" lon="17.73511947132647">
        <ele>0.0</ele>
      </trkpt>
      <trkpt lat="54.82584332115948" lon="17.734932135790586">
        <ele>0.0</ele>
      </trkpt>
      <trkpt lat="54.826756780967116" lon="17.73427415639162">
        <ele>0.0</ele>
      </trkpt>
      <trkpt lat="54.82677547261119" lon="17.734260074794292">
        <ele>0.0</ele>
      </trkpt>
      <trkpt lat="54.82700086198747" lon="17.733965199440718">
        <ele>0.0</ele>
      </trkpt>
      <trkpt lat="54.82773553580046" lon="17.73321770131588">
        <ele>0.0</ele>
      </trkpt>
      <trkpt lat="54.827787168323994" lon="17.733238572254777">
        <ele>0.0</ele>
      </trkpt>
      <trkpt lat="54.82806947082281" lon="17.733098343014717">
        <ele>0.0</ele>
      </trkpt>
      <trkpt lat="54.828960383310914" lon="17.732557207345963">
        <ele>0.0</ele>
      </trkpt>
      <trkpt lat="54.82897572219372" lon="17.73254337720573">
        <ele>0.0</ele>
      </trkpt>
      <trkpt lat="54.829218462109566" lon="17.73235964588821">
        <ele>0.0</ele>
      </trkpt>
      <trkpt lat="54.83011172153056" lon="17.731677442789078">
        <ele>0.0</ele>
      </trkpt>
      <trkpt lat="54.83012706041336" lon="17.731671910732985">
        <ele>0.0</ele>
      </trkpt>
      <trkpt lat="54.83036695048213" lon="17.731524975970387">
        <ele>0.0</ele>
      </trkpt>
      <trkpt lat="54.83122701756656" lon="17.730813771486282">
        <ele>0.0</ele>
      </trkpt>
      <trkpt lat="54.83130253851414" lon="17.730865739285946">
        <ele>0.0</ele>
      </trkpt>
      <trkpt lat="54.83155399560928" lon="17.730692150071263">
        <ele>0.0</ele>
      </trkpt>
      <trkpt lat="54.83243811875582" lon="17.730006594210863">
        <ele>0.0</ele>
      </trkpt>
      <trkpt lat="54.832730228081346" lon="17.72973326034844">
        <ele>0.0</ele>
      </trkpt>
      <trkpt lat="54.833554504439235" lon="17.72895391099155">
        <ele>0.0</ele>
      </trkpt>
      <trkpt lat="54.83365248888731" lon="17.729006884619594">
        <ele>0.0</ele>
      </trkpt>
      <trkpt lat="54.83390721492469" lon="17.728920970112085">
        <ele>0.0</ele>
      </trkpt>
      <trkpt lat="54.83477004803717" lon="17.728184452280402">
        <ele>0.0</ele>
      </trkpt>
      <trkpt lat="54.834820507094264" lon="17.72809191606939">
        <ele>0.0</ele>
      </trkpt>
      <trkpt lat="54.83480022288859" lon="17.727964175865054">
        <ele>0.0</ele>
      </trkpt>
      <trkpt lat="54.834708608686924" lon="17.72779678925872">
        <ele>0.0</ele>
      </trkpt>
      <trkpt lat="54.83424031175673" lon="17.726867822930217">
        <ele>0.0</ele>
      </trkpt>
      <trkpt lat="54.83422849327326" lon="17.72683479823172">
        <ele>0.0</ele>
      </trkpt>
      <trkpt lat="54.834057250991464" lon="17.72657579742372">
        <ele>0.0</ele>
      </trkpt>
      <trkpt lat="54.83384979888797" lon="17.72618637420237">
        <ele>0.0</ele>
      </trkpt>
      <trkpt lat="54.83329055830836" lon="17.725072670727968">
        <ele>0.0</ele>
      </trkpt>
      <trkpt lat="54.833279410377145" lon="17.72480444982648">
        <ele>0.0</ele>
      </trkpt>
      <trkpt lat="54.833166506141424" lon="17.724461881443858">
        <ele>0.0</ele>
      </trkpt>
      <trkpt lat="54.8327274620533" lon="17.723159166052938">
        <ele>0.0</ele>
      </trkpt>
      <trkpt lat="54.83257742598653" lon="17.722972501069307">
        <ele>0.0</ele>
      </trkpt>
      <trkpt lat="54.83247382566333" lon="17.722762869670987">
        <ele>0.0</ele>
      </trkpt>
      <trkpt lat="54.83230568468571" lon="17.722405968233943">
        <ele>0.0</ele>
      </trkpt>
      <trkpt lat="54.83178826980293" lon="17.72133274935186">
        <ele>0.0</ele>
      </trkpt>
      <trkpt lat="54.83173948712647" lon="17.721038879826665">
        <ele>0.0</ele>
      </trkpt>
      <trkpt lat="54.83164527453482" lon="17.720699328929186">
        <ele>0.0</ele>
      </trkpt>
      <trkpt lat="54.83152147382498" lon="17.72033010609448">
        <ele>0.0</ele>
      </trkpt>
      <trkpt lat="54.83116541057825" lon="17.71926434710622">
        <ele>0.0</ele>
      </trkpt>
      <trkpt lat="54.83099634759128" lon="17.719052704051137">
        <ele>0.0</ele>
      </trkpt>
      <trkpt lat="54.83088729903102" lon="17.718717008829117">
        <ele>0.0</ele>
      </trkpt>
      <trkpt lat="54.830414559692144" lon="17.717479839920998">
        <ele>0.0</ele>
      </trkpt>
      <trkpt lat="54.830319844186306" lon="17.717175744473934">
        <ele>0.0</ele>
      </trkpt>
      <trkpt lat="54.8301802854985" lon="17.716843569651246">
        <ele>0.0</ele>
      </trkpt>
      <trkpt lat="54.830068638548255" lon="17.716545341536403">
        <ele>0.0</ele>
      </trkpt>
      <trkpt lat="54.829672425985336" lon="17.715413700789213">
        <ele>0.0</ele>
      </trkpt>
      <trkpt lat="54.829465392977" lon="17.71504615433514">
        <ele>0.0</ele>
      </trkpt>
      <trkpt lat="54.82934083789587" lon="17.714705429971218">
        <ele>0.0</ele>
      </trkpt>
      <trkpt lat="54.828889556229115" lon="17.713459292426705">
        <ele>0.0</ele>
      </trkpt>
      <trkpt lat="54.82875041663647" lon="17.71332266740501">
        <ele>0.0</ele>
      </trkpt>
      <trkpt lat="54.82861622236669" lon="17.712966687977314">
        <ele>0.0</ele>
      </trkpt>
      <trkpt lat="54.828062346205115" lon="17.711738739162683">
        <ele>0.0</ele>
      </trkpt>
      <trkpt lat="54.82797576114535" lon="17.711612759158015">
        <ele>0.0</ele>
      </trkpt>
      <trkpt lat="54.827848356217146" lon="17.711191484704614">
        <ele>0.0</ele>
      </trkpt>
      <trkpt lat="54.827267322689295" lon="17.709823306649923">
        <ele>0.0</ele>
      </trkpt>
      <trkpt lat="54.82716984115541" lon="17.709294576197863">
        <ele>0.0</ele>
      </trkpt>
      <trkpt lat="54.827037155628204" lon="17.70894513465464">
        <ele>0.0</ele>
      </trkpt>
      <trkpt lat="54.82655913569033" lon="17.707727076485753">
        <ele>0.0</ele>
      </trkpt>
      <trkpt lat="54.826477747410536" lon="17.707603694871068">
        <ele>0.0</ele>
      </trkpt>
      <trkpt lat="54.82634422369301" lon="17.707115951925516">
        <ele>0.0</ele>
      </trkpt>
      <trkpt lat="54.82593066059053" lon="17.705894205719233">
        <ele>0.0</ele>
      </trkpt>
      <trkpt lat="54.825725723057985" lon="17.705655992031097">
        <ele>0.0</ele>
      </trkpt>
      <trkpt lat="54.825609968975186" lon="17.70534443669021">
        <ele>0.0</ele>
      </trkpt>
      <trkpt lat="54.82549522072077" lon="17.705079820007086">
        <ele>0.0</ele>
      </trkpt>
      <trkpt lat="54.824941428378224" lon="17.703921776264906">
        <ele>0.0</ele>
      </trkpt>
      <trkpt lat="54.824869679287076" lon="17.70346370525658">
        <ele>0.0</ele>
      </trkpt>
      <trkpt lat="54.82473615556955" lon="17.703109988942742">
        <ele>0.0</ele>
      </trkpt>
      <trkpt lat="54.82426408678293" lon="17.701718090102077">
        <ele>0.0</ele>
      </trkpt>
      <trkpt lat="54.824219327419996" lon="17.701650029048324">
        <ele>0.0</ele>
      </trkpt>
      <trkpt lat="54.82405738905072" lon="17.70124233327806">
        <ele>0.0</ele>
      </trkpt>
      <trkpt lat="54.82390693388879" lon="17.700943099334836">
        <ele>0.0</ele>
      </trkpt>
      <trkpt lat="54.82349085621536" lon="17.699955375865102">
        <ele>0.0</ele>
      </trkpt>
      <trkpt lat="54.823383232578635" lon="17.699736272916198">
        <ele>0.0</ele>
      </trkpt>
      <trkpt lat="54.82326337136328" lon="17.699395548552275">
        <ele>0.0</ele>
      </trkpt>
      <trkpt lat="54.822753919288516" lon="17.698343452066183">
        <ele>0.0</ele>
      </trkpt>
      <trkpt lat="54.82264705002308" lon="17.697962494567037">
        <ele>0.0</ele>
      </trkpt>
      <trkpt lat="54.82252291403711" lon="17.697634175419807">
        <ele>0.0</ele>
      </trkpt>
      <trkpt lat="54.82239156961441" lon="17.69729814492166">
        <ele>0.0</ele>
      </trkpt>
      <trkpt lat="54.821962248533964" lon="17.696149488911033">
        <ele>0.0</ele>
      </trkpt>
      <trkpt lat="54.82182084582746" lon="17.695691669359803">
        <ele>0.0</ele>
      </trkpt>
      <trkpt lat="54.82168053276837" lon="17.695356477051973">
        <ele>0.0</ele>
      </trkpt>
      <trkpt lat="54.821284990757704" lon="17.69408645108342">
        <ele>0.0</ele>
      </trkpt>
      <trkpt lat="54.82116177678108" lon="17.693880423903465">
        <ele>0.0</ele>
      </trkpt>
      <trkpt lat="54.82100570574403" lon="17.693448588252068">
        <ele>0.0</ele>
      </trkpt>
      <trkpt lat="54.82086790725589" lon="17.693071318790317">
        <ele>0.0</ele>
      </trkpt>
      <trkpt lat="54.82040430419147" lon="17.691896092146635">
        <ele>0.0</ele>
      </trkpt>
      <trkpt lat="54.820338590070605" lon="17.691630301997066">
        <ele>0.0</ele>
      </trkpt>
      <trkpt lat="54.82021956704557" lon="17.691286392509937">
        <ele>0.0</ele>
      </trkpt>
      <trkpt lat="54.81966510415077" lon="17.689819894731045">
        <ele>0.0</ele>
      </trkpt>
      <trkpt lat="54.81961120851338" lon="17.689678240567446">
        <ele>0.0</ele>
      </trkpt>
      <trkpt lat="54.81949067674577" lon="17.68940473906696">
        <ele>0.0</ele>
      </trkpt>
      <trkpt lat="54.81932387687266" lon="17.68898949958384">
        <ele>0.0</ele>
      </trkpt>
      <trkpt lat="54.81882993131876" lon="17.687805220484734">
        <ele>0.0</ele>
      </trkpt>
      <trkpt lat="54.818814592435956" lon="17.687643030658364">
        <ele>0.0</ele>
      </trkpt>
      <trkpt lat="54.818701185286045" lon="17.68733642064035">
        <ele>0.0</ele>
      </trkpt>
      <trkpt lat="54.818185195326805" lon="17.685929099097848">
        <ele>0.0</ele>
      </trkpt>
      <trkpt lat="54.818114368245006" lon="17.68569616600871">
        <ele>0.0</ele>
      </trkpt>
      <trkpt lat="54.81798444874585" lon="17.685357872396708">
        <ele>0.0</ele>
      </trkpt>
      <trkpt lat="54.81785025447607" lon="17.685031481087208">
        <ele>0.0</ele>
      </trkpt>
      <trkpt lat="54.81738489121199" lon="17.683652574196458">
        <ele>0.0</ele>
      </trkpt>
      <trkpt lat="54.81727173551917" lon="17.683480409905314">
        <ele>0.0</ele>
      </trkpt>
      <trkpt lat="54.81712396256626" lon="17.683177990838885">
        <ele>0.0</ele>
      </trkpt>
      <trkpt lat="54.817034527659416" lon="17.68291630782187">
        <ele>0.0</ele>
      </trkpt>
      <trkpt lat="54.81661258265376" lon="17.681956747546792">
        <ele>0.0</ele>
      </trkpt>
      <trkpt lat="54.81653840281069" lon="17.681509153917432">
        <ele>0.0</ele>
      </trkpt>
      <trkpt lat="54.81642256490886" lon="17.681187205016613">
        <ele>0.0</ele>
      </trkpt>
      <trkpt lat="54.81589509174228" lon="17.679855823516846">
        <ele>0.0</ele>
      </trkpt>
      <trkpt lat="54.815757209435105" lon="17.679517613723874">
        <ele>0.0</ele>
      </trkpt>
      <trkpt lat="54.81564547866583" lon="17.679262049496174">
        <ele>0.0</ele>
      </trkpt>
      <trkpt lat="54.81518296524882" lon="17.678204337134957">
        <ele>0.0</ele>
      </trkpt>
      <trkpt lat="54.815084394067526" lon="17.677943324670196">
        <ele>0.0</ele>
      </trkpt>
      <trkpt lat="54.81494491919875" lon="17.67761274240911">
        <ele>0.0</ele>
      </trkpt>
      <trkpt lat="54.814419290050864" lon="17.67641362734139">
        <ele>0.0</ele>
      </trkpt>
      <trkpt lat="54.81435072608292" lon="17.67600266262889">
        <ele>0.0</ele>
      </trkpt>
      <trkpt lat="54.81425651349127" lon="17.67572706565261">
        <ele>0.0</ele>
      </trkpt>
      <trkpt lat="54.81386776082218" lon="17.674437342211604">
        <ele>0.0</ele>
      </trkpt>
      <trkpt lat="54.813758209347725" lon="17.674243301153183">
        <ele>0.0</ele>
      </trkpt>
      <trkpt lat="54.81365150772035" lon="17.674008775502443">
        <ele>0.0</ele>
      </trkpt>
      <trkpt lat="54.81353768147528" lon="17.673669140785933">
        <ele>0.0</ele>
      </trkpt>
      <trkpt lat="54.81313593685627" lon="17.672515204176307">
        <ele>0.0</ele>
      </trkpt>
      <trkpt lat="54.813145995140076" lon="17.672568010166287">
        <ele>0.0</ele>
      </trkpt>
      <trkpt lat="54.813010627403855" lon="17.67223776318133">
        <ele>0.0</ele>
      </trkpt>
      <trkpt lat="54.81259563937783" lon="17.671396220102906">
        <ele>0.0</ele>
      </trkpt>
      <trkpt lat="54.81245004571974" lon="17.671024231240153">
        <ele>0.0</ele>
      </trkpt>
      <trkpt lat="54.812348037958145" lon="17.67075089737773">
        <ele>0.0</ele>
      </trkpt>
      <trkpt lat="54.81189792975783" lon="17.66974238678813">
        <ele>0.0</ele>
      </trkpt>
      <trkpt lat="54.81188611127436" lon="17.669469136744738">
        <ele>0.0</ele>
      </trkpt>
      <trkpt lat="54.81179307214916" lon="17.66920586116612">
        <ele>0.0</ele>
      </trkpt>
      <trkpt lat="54.81166700832546" lon="17.66889556311071">
        <ele>0.0</ele>
      </trkpt>
      <trkpt lat="54.81129669584334" lon="17.668049577623606">
        <ele>0.0</ele>
      </trkpt>
      <trkpt lat="54.81128512881696" lon="17.667928207665682">
        <ele>0.0</ele>
      </trkpt>
      <trkpt lat="54.8111604899168" lon="17.667518332600594">
        <ele>0.0</ele>
      </trkpt>
      <trkpt lat="54.81068833731115" lon="17.66626683063805">
        <ele>0.0</ele>
      </trkpt>
      <trkpt lat="54.810686744749546" lon="17.66614361666143">
        <ele>0.0</ele>
      </trkpt>
      <trkpt lat="54.81059513054788" lon="17.6658205781132">
        <ele>0.0</ele>
      </trkpt>
      <trkpt lat="54.81022909283638" lon="17.66465867869556">
        <ele>0.0</ele>
      </trkpt>
      <trkpt lat="54.810192715376616" lon="17.664569495245814">
        <ele>0.0</ele>
      </trkpt>
      <trkpt lat="54.81006589718163" lon="17.664382746443152">
        <ele>0.0</ele>
      </trkpt>
      <trkpt lat="54.809924913570285" lon="17.663992401212454">
        <ele>0.0</ele>
      </trkpt>
      <trkpt lat="54.80956734158099" lon="17.662970311939716">
        <ele>0.0</ele>
      </trkpt>
      <trkpt lat="54.8095443751663" lon="17.662900909781456">
        <ele>0.0</ele>
      </trkpt>
      <trkpt lat="54.80943247675896" lon="17.66267543658614">
        <ele>0.0</ele>
      </trkpt>
      <trkpt lat="54.80888639576733" lon="17.661648653447628">
        <ele>0.0</ele>
      </trkpt>
      <trkpt lat="54.80887801386416" lon="17.661433489993215">
        <ele>0.0</ele>
      </trkpt>
      <trkpt lat="54.80878950096667" lon="17.661168789491057">
        <ele>0.0</ele>
      </trkpt>
      <trkpt lat="54.808643236756325" lon="17.660924876108766">
        <ele>0.0</ele>
      </trkpt>
      <trkpt lat="54.808225985616446" lon="17.659957269206643">
        <ele>0.0</ele>
      </trkpt>
      <trkpt lat="54.808227410539985" lon="17.659966573119164">
        <ele>0.0</ele>
      </trkpt>
      <trkpt lat="54.80815524235368" lon="17.65977580100298">
        <ele>0.0</ele>
      </trkpt>
      <trkpt lat="54.80804284103215" lon="17.659471202641726">
        <ele>0.0</ele>
      </trkpt>
      <trkpt lat="54.80772198177874" lon="17.658541901037097">
        <ele>0.0</ele>
      </trkpt>
      <trkpt lat="54.807647885754704" lon="17.65832313336432">
        <ele>0.0</ele>
      </trkpt>
      <trkpt lat="54.807544872164726" lon="17.658081147819757">
        <ele>0.0</ele>
      </trkpt>
      <trkpt lat="54.807091411203146" lon="17.656816821545362">
        <ele>0.0</ele>
      </trkpt>
      <trkpt lat="54.80700700543821" lon="17.656619595363736">
        <ele>0.0</ele>
      </trkpt>
      <trkpt lat="54.806901225820184" lon="17.65632413327694">
        <ele>0.0</ele>
      </trkpt>
      <trkpt lat="54.80655790306628" lon="17.65530489385128">
        <ele>0.0</ele>
      </trkpt>
      <trkpt lat="54.80644608847797" lon="17.655126778408885">
        <ele>0.0</ele>
      </trkpt>
      <trkpt lat="54.806346679106355" lon="17.654895102605224">
        <ele>0.0</ele>
      </trkpt>
      <trkpt lat="54.80624048039317" lon="17.65464372932911">
        <ele>0.0</ele>
      </trkpt>
      <trkpt lat="54.805981731042266" lon="17.653738483786583">
        <ele>0.0</ele>
      </trkpt>
      <trkpt lat="54.80584938079119" lon="17.65364502556622">
        <ele>0.0</ele>
      </trkpt>
      <trkpt lat="54.80584351345897" lon="17.653618790209293">
        <ele>0.0</ele>
      </trkpt>
      <trkpt lat="54.80573387816548" lon="17.653331458568573">
        <ele>0.0</ele>
      </trkpt>
      <trkpt lat="54.80560462921858" lon="17.65298486687243">
        <ele>0.0</ele>
      </trkpt>
      <trkpt lat="54.805321572348475" lon="17.652010722085834">
        <ele>0.0</ele>
      </trkpt>
      <trkpt lat="54.80518536642194" lon="17.651824140921235">
        <ele>0.0</ele>
      </trkpt>
      <trkpt lat="54.805108001455665" lon="17.651587016880512">
        <ele>0.0</ele>
      </trkpt>
      <trkpt lat="54.805061314255" lon="17.651394652202725">
        <ele>0.0</ele>
      </trkpt>
      <trkpt lat="54.80482645332813" lon="17.650638855993748">
        <ele>0.0</ele>
      </trkpt>
      <trkpt lat="54.804642805829644" lon="17.650128565728664">
        <ele>0.0</ele>
      </trkpt>
      <trkpt lat="54.80447558686137" lon="17.649761689826846">
        <ele>0.0</ele>
      </trkpt>
      <trkpt lat="54.80387301184237" lon="17.648179940879345">
        <ele>0.0</ele>
      </trkpt>
      <trkpt lat="54.803849793970585" lon="17.648108024150133">
        <ele>0.0</ele>
      </trkpt>
      <trkpt lat="54.80374610982835" lon="17.64780686236918">
        <ele>0.0</ele>
      </trkpt>
      <trkpt lat="54.803604958578944" lon="17.647454906255007">
        <ele>0.0</ele>
      </trkpt>
      <trkpt lat="54.80303389951587" lon="17.646100725978613">
        <ele>0.0</ele>
      </trkpt>
      <trkpt lat="54.80301059782505" lon="17.645936021581292">
        <ele>0.0</ele>
      </trkpt>
      <trkpt lat="54.802878834307194" lon="17.645578533411026">
        <ele>0.0</ele>
      </trkpt>
      <trkpt lat="54.802781688049436" lon="17.64528122730553">
        <ele>0.0</ele>
      </trkpt>
      <trkpt lat="54.802443478256464" lon="17.644187472760677">
        <ele>0.0</ele>
      </trkpt>
      <trkpt lat="54.802262680605054" lon="17.643927298486233">
        <ele>0.0</ele>
      </trkpt>
      <trkpt lat="54.80219420045614" lon="17.6436320040375">
        <ele>0.0</ele>
      </trkpt>
      <trkpt lat="54.80208171531558" lon="17.64332371763885">
        <ele>0.0</ele>
      </trkpt>
      <trkpt lat="54.80161853134632" lon="17.641999209299684">
        <ele>0.0</ele>
      </trkpt>
      <trkpt lat="54.801540076732635" lon="17.641743225976825">
        <ele>0.0</ele>
      </trkpt>
      <trkpt lat="54.801389118656516" lon="17.641319017857313">
        <ele>0.0</ele>
      </trkpt>
      <trkpt lat="54.80082065798342" lon="17.63981932774186">
        <ele>0.0</ele>
      </trkpt>
      <trkpt lat="54.800724014639854" lon="17.63939118012786">
        <ele>0.0</ele>
      </trkpt>
      <trkpt lat="54.80055268853903" lon="17.63892757706344">
        <ele>0.0</ele>
      </trkpt>
      <trkpt lat="54.800029657781124" lon="17.637529727071524">
        <ele>0.0</ele>
      </trkpt>
      <trkpt lat="54.80001633055508" lon="17.637334847822785">
        <ele>0.0</ele>
      </trkpt>
      <trkpt lat="54.799891943112016" lon="17.6369662117213">
        <ele>0.0</ele>
      </trkpt>
      <trkpt lat="54.79975012131035" lon="17.636608723551035">
        <ele>0.0</ele>
      </trkpt>
      <trkpt lat="54.79933370836079" lon="17.635240964591503">
        <ele>0.0</ele>
      </trkpt>
      <trkpt lat="54.79919373057783" lon="17.634992944076657">
        <ele>0.0</ele>
      </trkpt>
      <trkpt lat="54.79906976222992" lon="17.634638724848628">
        <ele>0.0</ele>
      </trkpt>
      <trkpt lat="54.798306338489056" lon="17.63321992009878">
        <ele>0.0</ele>
      </trkpt>
      <trkpt lat="54.79843558743596" lon="17.632836615666747">
        <ele>0.0</ele>
      </trkpt>
      <trkpt lat="54.7982937656343" lon="17.632448533549905">
        <ele>0.0</ele>
      </trkpt>
      <trkpt lat="54.797572838142514" lon="17.630801824852824">
        <ele>0.0</ele>
      </trkpt>
      <trkpt lat="54.797526905313134" lon="17.630633683875203">
        <ele>0.0</ele>
      </trkpt>
      <trkpt lat="54.79739782400429" lon="17.630168152973056">
        <ele>0.0</ele>
      </trkpt>
      <trkpt lat="54.79678091593087" lon="17.628303514793515">
        <ele>0.0</ele>
      </trkpt>
      <trkpt lat="54.79668972082436" lon="17.628302173689008">
        <ele>0.0</ele>
      </trkpt>
      <trkpt lat="54.796592658385634" lon="17.628018697723746">
        <ele>0.0</ele>
      </trkpt>
      <trkpt lat="54.79649383574724" lon="17.627698089927435">
        <ele>0.0</ele>
      </trkpt>
      <trkpt lat="54.79595739394426" lon="17.626100918278098">
        <ele>0.0</ele>
      </trkpt>
      <trkpt lat="54.79587223380804" lon="17.62594803236425">
        <ele>0.0</ele>
      </trkpt>
      <trkpt lat="54.795714151114225" lon="17.625478394329548">
        <ele>0.0</ele>
      </trkpt>
      <trkpt lat="54.79555908590555" lon="17.625105315819383">
        <ele>0.0</ele>
      </trkpt>
      <trkpt lat="54.79509741067886" lon="17.62385666370392">
        <ele>0.0</ele>
      </trkpt>
      <trkpt lat="54.79497176595032" lon="17.623452823609114">
        <ele>0.0</ele>
      </trkpt>
      <trkpt lat="54.794872272759676" lon="17.623131880536675">
        <ele>0.0</ele>
      </trkpt>
      <trkpt lat="54.794303979724646" lon="17.621600925922394">
        <ele>0.0</ele>
      </trkpt>
      <trkpt lat="54.794221334159374" lon="17.621536552906036">
        <ele>0.0</ele>
      </trkpt>
      <trkpt lat="54.79413173161447" lon="17.621118295937777">
        <ele>0.0</ele>
      </trkpt>
      <trkpt lat="54.7936016600579" lon="17.619584491476417">
        <ele>0.0</ele>
      </trkpt>
      <trkpt lat="54.7935049328953" lon="17.619512155652046">
        <ele>0.0</ele>
      </trkpt>
      <trkpt lat="54.79341885074973" lon="17.619268409907818">
        <ele>0.0</ele>
      </trkpt>
      <trkpt lat="54.79329722933471" lon="17.618859792128205">
        <ele>0.0</ele>
      </trkpt>
      <trkpt lat="54.79282080195844" lon="17.61770493350923">
        <ele>0.0</ele>
      </trkpt>
      <trkpt lat="54.79278744198382" lon="17.61732431128621">
        <ele>0.0</ele>
      </trkpt>
      <trkpt lat="54.79269121773541" lon="17.617024490609765">
        <ele>0.0</ele>
      </trkpt>
      <trkpt lat="54.792554173618555" lon="17.616621823981404">
        <ele>0.0</ele>
      </trkpt>
      <trkpt lat="54.792077746242285" lon="17.61527694761753">
        <ele>0.0</ele>
      </trkpt>
      <trkpt lat="54.791980516165495" lon="17.615003529936075">
        <ele>0.0</ele>
      </trkpt>
      <trkpt lat="54.79188630357385" lon="17.61470136232674">
        <ele>0.0</ele>
      </trkpt>
      <trkpt lat="54.79143560864031" lon="17.613072590902448">
        <ele>0.0</ele>
      </trkpt>
      <trkpt lat="54.79135790839791" lon="17.612991370260715">
        <ele>0.0</ele>
      </trkpt>
      <trkpt lat="54.791234862059355" lon="17.612683083862066">
        <ele>0.0</ele>
      </trkpt>
      <trkpt lat="54.79112891480327" lon="17.612326350063086">
        <ele>0.0</ele>
      </trkpt>
      <trkpt lat="54.790617283433676" lon="17.610984910279512">
        <ele>0.0</ele>
      </trkpt>
      <trkpt lat="54.790640249848366" lon="17.610757425427437">
        <ele>0.0</ele>
      </trkpt>
      <trkpt lat="54.790534218773246" lon="17.61044871993363">
        <ele>0.0</ele>
      </trkpt>
      <trkpt lat="54.790393402799964" lon="17.6100841909647">
        <ele>0.0</ele>
      </trkpt>
      <trkpt lat="54.789890237152576" lon="17.60886713862419">
        <ele>0.0</ele>
      </trkpt>
      <trkpt lat="54.78988830931485" lon="17.608630433678627">
        <ele>0.0</ele>
      </trkpt>
      <trkpt lat="54.78978001512587" lon="17.608276968821883">
        <ele>0.0</ele>
      </trkpt>
      <trkpt lat="54.78965110145509" lon="17.607823004946113">
        <ele>0.0</ele>
      </trkpt>
      <trkpt lat="54.7893017437309" lon="17.60655390098691">
        <ele>0.0</ele>
      </trkpt>
      <trkpt lat="54.789191437885165" lon="17.606433033943176">
        <ele>0.0</ele>
      </trkpt>
      <trkpt lat="54.78915313258767" lon="17.606353322044015">
        <ele>0.0</ele>
      </trkpt>
      <trkpt lat="54.78903327137232" lon="17.60604679584503">
        <ele>0.0</ele>
      </trkpt>
      <trkpt lat="54.788581067696214" lon="17.604511566460133">
        <ele>0.0</ele>
      </trkpt>
      <trkpt lat="54.78841518983245" lon="17.604097919538617">
        <ele>0.0</ele>
      </trkpt>
      <trkpt lat="54.78829943574965" lon="17.603804301470518">
        <ele>0.0</ele>
      </trkpt>
      <trkpt lat="54.78781705722213" lon="17.602279968559742">
        <ele>0.0</ele>
      </trkpt>
      <trkpt lat="54.78765587322414" lon="17.601773450151086">
        <ele>0.0</ele>
      </trkpt>
      <trkpt lat="54.7875231038779" lon="17.601391151547432">
        <ele>0.0</ele>
      </trkpt>
      <trkpt lat="54.78692203760147" lon="17.59979171678424">
        <ele>0.0</ele>
      </trkpt>
      <trkpt lat="54.78683503344655" lon="17.599276397377253">
        <ele>0.0</ele>
      </trkpt>
      <trkpt lat="54.786664796993136" lon="17.598878256976604">
        <ele>0.0</ele>
      </trkpt>
      <trkpt lat="54.786094995215535" lon="17.59733439423144">
        <ele>0.0</ele>
      </trkpt>
      <trkpt lat="54.78602190501988" lon="17.597148986533284">
        <ele>0.0</ele>
      </trkpt>
      <trkpt lat="54.78589441627264" lon="17.596825696527958">
        <ele>0.0</ele>
      </trkpt>
      <trkpt lat="54.78574530221522" lon="17.596437530592084">
        <ele>0.0</ele>
      </trkpt>
      <trkpt lat="54.78511121124029" lon="17.5951190572232">
        <ele>0.0</ele>
      </trkpt>
      <trkpt lat="54.785168543457985" lon="17.59473441168666">
        <ele>0.0</ele>
      </trkpt>
      <trkpt lat="54.78501674719155" lon="17.5943920109421">
        <ele>0.0</ele>
      </trkpt>
      <trkpt lat="54.78444593958557" lon="17.592730382457376">
        <ele>0.0</ele>
      </trkpt>
      <trkpt lat="54.7843130864203" lon="17.592411786317825">
        <ele>0.0</ele>
      </trkpt>
      <trkpt lat="54.78412231430411" lon="17.591936867684126">
        <ele>0.0</ele>
      </trkpt>
      <trkpt lat="54.78363105095923" lon="17.590562906116247">
        <ele>0.0</ele>
      </trkpt>
      <trkpt lat="54.78348143398762" lon="17.590352101251483">
        <ele>0.0</ele>
      </trkpt>
      <trkpt lat="54.78333240374923" lon="17.589912973344326">
        <ele>0.0</ele>
      </trkpt>
      <trkpt lat="54.783215057104826" lon="17.58956772275269">
        <ele>0.0</ele>
      </trkpt>
      <trkpt lat="54.78268129751086" lon="17.58807792328298">
        <ele>0.0</ele>
      </trkpt>
      <trkpt lat="54.78264550678432" lon="17.587906178086996">
        <ele>0.0</ele>
      </trkpt>
      <trkpt lat="54.78255129419267" lon="17.587640723213553">
        <ele>0.0</ele>
      </trkpt>
      <trkpt lat="54.782463451847434" lon="17.58734400384128">
        <ele>0.0</ele>
      </trkpt>
      <trkpt lat="54.78188862092793" lon="17.586042629554868">
        <ele>0.0</ele>
      </trkpt>
      <trkpt lat="54.78189499117434" lon="17.585828891023993">
        <ele>0.0</ele>
      </trkpt>
      <trkpt lat="54.78183640167117" lon="17.58556142449379">
        <ele>0.0</ele>
      </trkpt>
      <trkpt lat="54.7817450389266" lon="17.585296304896474">
        <ele>0.0</ele>
      </trkpt>
      <trkpt lat="54.78127917274833" lon="17.583898790180683">
        <ele>0.0</ele>
      </trkpt>
      <trkpt lat="54.78118646889925" lon="17.583659570664167">
        <ele>0.0</ele>
      </trkpt>
      <trkpt lat="54.78105202317238" lon="17.58331029675901">
        <ele>0.0</ele>
      </trkpt>
      <trkpt lat="54.78086644783616" lon="17.58292330428958">
        <ele>0.0</ele>
      </trkpt>
      <trkpt lat="54.780348697677255" lon="17.58178881369531">
        <ele>0.0</ele>
      </trkpt>
      <trkpt lat="54.780242750421166" lon="17.581624696031213">
        <ele>0.0</ele>
      </trkpt>
      <trkpt lat="54.78012129664421" lon="17.581294951960444">
        <ele>0.0</ele>
      </trkpt>
      <trkpt lat="54.77951830253005" lon="17.580061219632626">
        <ele>0.0</ele>
      </trkpt>
      <trkpt lat="54.779465747997165" lon="17.579613458365202">
        <ele>0.0</ele>
      </trkpt>
      <trkpt lat="54.77933566085994" lon="17.57927223108709">
        <ele>0.0</ele>
      </trkpt>
      <trkpt lat="54.77883014827967" lon="17.5780145265162">
        <ele>0.0</ele>
      </trkpt>
      <trkpt lat="54.77881221100688" lon="17.577803805470467">
        <ele>0.0</ele>
      </trkpt>
      <trkpt lat="54.77873828262091" lon="17.577516473829746">
        <ele>0.0</ele>
      </trkpt>
      <trkpt lat="54.77861481718719" lon="17.57717809639871">
        <ele>0.0</ele>
      </trkpt>
      <trkpt lat="54.77828901261091" lon="17.575964061543345">
        <ele>0.0</ele>
      </trkpt>
      <trkpt lat="54.77810905314982" lon="17.5757971778512">
        <ele>0.0</ele>
      </trkpt>
      <trkpt lat="54.778000339865685" lon="17.57539601996541">
        <ele>0.0</ele>
      </trkpt>
      <trkpt lat="54.77744990028441" lon="17.574012000113726">
        <ele>0.0</ele>
      </trkpt>
      <trkpt lat="54.77747638709843" lon="17.573832543566823">
        <ele>0.0</ele>
      </trkpt>
      <trkpt lat="54.77738586254418" lon="17.573534063994884">
        <ele>0.0</ele>
      </trkpt>
      <trkpt lat="54.777286956086755" lon="17.573217898607254">
        <ele>0.0</ele>
      </trkpt>
      <trkpt lat="54.77690884843469" lon="17.572182985022664">
        <ele>0.0</ele>
      </trkpt>
      <trkpt lat="54.77675571106374" lon="17.57182943634689">
        <ele>0.0</ele>
      </trkpt>
      <trkpt lat="54.77666325867176" lon="17.57155928760767">
        <ele>0.0</ele>
      </trkpt>
      <trkpt lat="54.77621432393789" lon="17.570178620517254">
        <ele>0.0</ele>
      </trkpt>
      <trkpt lat="54.776077615097165" lon="17.569706216454506">
        <ele>0.0</ele>
      </trkpt>
      <trkpt lat="54.775683246552944" lon="17.56869745440781">
        <ele>0.0</ele>
      </trkpt>
      <trkpt lat="54.77569900453091" lon="17.568835001438856">
        <ele>0.0</ele>
      </trkpt>
      <trkpt lat="54.77562423795462" lon="17.568728299811482">
        <ele>0.0</ele>
      </trkpt>
      <trkpt lat="54.77545249275863" lon="17.56800158880651">
        <ele>0.0</ele>
      </trkpt>
      <trkpt lat="54.77545182220638" lon="17.56798641756177">
        <ele>0.0</ele>
      </trkpt>
      <trkpt lat="54.77543782442808" lon="17.56792875006795">
        <ele>0.0</ele>
      </trkpt>
      <trkpt lat="54.7753765527159" lon="17.567825401201844">
        <ele>0.0</ele>
      </trkpt>
      <trkpt lat="54.77535777725279" lon="17.56733061745763">
        <ele>0.0</ele>
      </trkpt>
      <trkpt lat="54.77539926767349" lon="17.56719776429236">
        <ele>0.0</ele>
      </trkpt>
      <trkpt lat="54.7754524089396" lon="17.56691143848002">
        <ele>0.0</ele>
      </trkpt>
      <trkpt lat="54.7754524089396" lon="17.56683038547635">
        <ele>0.0</ele>
      </trkpt>
      <trkpt lat="54.77544469758868" lon="17.566713960841298">
        <ele>0.0</ele>
      </trkpt>
      <trkpt lat="54.77536582387984" lon="17.566254884004593">
        <ele>0.0</ele>
      </trkpt>
      <trkpt lat="54.7753866109997" lon="17.56619310937822">
        <ele>0.0</ele>
      </trkpt>
      <trkpt lat="54.77543539367616" lon="17.565879710018635">
        <ele>0.0</ele>
      </trkpt>
      <trkpt lat="54.775374457240105" lon="17.56575926207006">
        <ele>0.0</ele>
      </trkpt>
      <trkpt lat="54.77538166567683" lon="17.565686590969563">
        <ele>0.0</ele>
      </trkpt>
      <trkpt lat="54.77528954856098" lon="17.56517630070448">
        <ele>0.0</ele>
      </trkpt>
      <trkpt lat="54.77525291964412" lon="17.565082842484117">
        <ele>0.0</ele>
      </trkpt>
      <trkpt lat="54.775219140574336" lon="17.56500145420432">
        <ele>0.0</ele>
      </trkpt>
      <trkpt lat="54.77511378005147" lon="17.56450742483139">
        <ele>0.0</ele>
      </trkpt>
      <trkpt lat="54.7751088347286" lon="17.56437490694225">
        <ele>0.0</ele>
      </trkpt>
      <trkpt lat="54.774997690692544" lon="17.563781887292862">
        <ele>0.01</ele>
      </trkpt>
      <trkpt lat="54.774984112009406" lon="17.563739558681846">
        <ele>0.01</ele>
      </trkpt>
      <trkpt lat="54.774911776185036" lon="17.563495645299554">
        <ele>0.01</ele>
      </trkpt>
      <trkpt lat="54.77470398880541" lon="17.562749572098255">
        <ele>0.02</ele>
      </trkpt>
      <trkpt lat="54.77468378841877" lon="17.562740771099925">
        <ele>0.02</ele>
      </trkpt>
      <trkpt lat="54.774648416787386" lon="17.562627950683236">
        <ele>0.03</ele>
      </trkpt>
      <trkpt lat="54.77460365742445" lon="17.562497528269887">
        <ele>0.03</ele>
      </trkpt>
      <trkpt lat="54.77442177012563" lon="17.56167291663587">
        <ele>0.03</ele>
      </trkpt>
      <trkpt lat="54.77441414259374" lon="17.561663864180446">
        <ele>0.04</ele>
      </trkpt>
      <trkpt lat="54.774359324947" lon="17.56149262189865">
        <ele>0.04</ele>
      </trkpt>
      <trkpt lat="54.77432613261044" lon="17.561369072645903">
        <ele>0.04</ele>
      </trkpt>
      <trkpt lat="54.77410485036671" lon="17.560750488191843">
        <ele>0.04</ele>
      </trkpt>
      <trkpt lat="54.77404617704451" lon="17.5605471432209">
        <ele>0.05</ele>
      </trkpt>
      <trkpt lat="54.77395037189126" lon="17.560386545956135">
        <ele>0.05</ele>
      </trkpt>
      <trkpt lat="54.7737792134285" lon="17.559664025902748">
        <ele>0.05</ele>
      </trkpt>
      <trkpt lat="54.77375817485154" lon="17.559479624032974">
        <ele>0.04</ele>
      </trkpt>
      <trkpt lat="54.7736148443073" lon="17.558562979102135">
        <ele>0.04</ele>
      </trkpt>
      <trkpt lat="54.77352666668594" lon="17.558565996587276">
        <ele>0.03</ele>
      </trkpt>
      <trkpt lat="54.77347553707659" lon="17.558523919433355">
        <ele>0.03</ele>
      </trkpt>
      <trkpt lat="54.773410661146045" lon="17.558411937206984">
        <ele>0.02</ele>
      </trkpt>
      <trkpt lat="54.77338400669396" lon="17.558303894475102">
        <ele>0.01</ele>
      </trkpt>
      <trkpt lat="54.77326632477343" lon="17.557555055245757">
        <ele>0.0</ele>
      </trkpt>
      <trkpt lat="54.77328769862652" lon="17.55734416656196">
        <ele>-0.01</ele>
      </trkpt>
      <trkpt lat="54.77328208275139" lon="17.55719220265746">
        <ele>-0.03</ele>
      </trkpt>
      <trkpt lat="54.77288318797946" lon="17.556412182748318">
        <ele>-0.05</ele>
      </trkpt>
      <trkpt lat="54.77289341390133" lon="17.556345211341977">
        <ele>-0.08</ele>
      </trkpt>
      <trkpt lat="54.77258797734976" lon="17.555888229981065">
        <ele>-0.1</ele>
      </trkpt>
      <trkpt lat="54.77251371368766" lon="17.55574095994234">
        <ele>-0.13</ele>
      </trkpt>
      <trkpt lat="54.77213409729302" lon="17.555311555042863">
        <ele>-0.16</ele>
      </trkpt>
      <trkpt lat="54.772123619914055" lon="17.555293533951044">
        <ele>-0.2</ele>
      </trkpt>
      <trkpt lat="54.77206855081022" lon="17.55509932525456">
        <ele>-0.23</ele>
      </trkpt>
      <trkpt lat="54.771664291620255" lon="17.554636895656586">
        <ele>-0.26</ele>
      </trkpt>
      <trkpt lat="54.77157477289438" lon="17.554470682516694">
        <ele>-0.29</ele>
      </trkpt>
      <trkpt lat="54.77123270742595" lon="17.55391974002123">
        <ele>-0.32</ele>
      </trkpt>
      <trkpt lat="54.771184427663684" lon="17.553761154413223">
        <ele>-0.35</ele>
      </trkpt>
      <trkpt lat="54.77112759836018" lon="17.553588319569826">
        <ele>-0.38</ele>
      </trkpt>
      <trkpt lat="54.770812690258026" lon="17.553032599389553">
        <ele>-0.4</ele>
      </trkpt>
      <trkpt lat="54.77080539800227" lon="17.55302027799189">
        <ele>-0.41</ele>
      </trkpt>
      <trkpt lat="54.77072199806571" lon="17.552864206954837">
        <ele>-0.41</ele>
      </trkpt>
      <trkpt lat="54.77049526758492" lon="17.552383169531822">
        <ele>-0.4</ele>
      </trkpt>
      <trkpt lat="54.77046073414385" lon="17.552372524514794">
        <ele>-0.39</ele>
      </trkpt>
      <trkpt lat="54.77040306665003" lon="17.55229608155787">
        <ele>-0.35</ele>
      </trkpt>
      <trkpt lat="54.77021103724837" lon="17.551839854568243">
        <ele>-0.3</ele>
      </trkpt>
      <trkpt lat="54.770138785243034" lon="17.55169216543436">
        <ele>-0.23</ele>
      </trkpt>
      <trkpt lat="54.769847095012665" lon="17.55098758265376">
        <ele>-0.14</ele>
      </trkpt>
      <trkpt lat="54.76980870589614" lon="17.550921449437737">
        <ele>-0.03</ele>
      </trkpt>
      <trkpt lat="54.76970627903938" lon="17.550669237971306">
        <ele>0.1</ele>
      </trkpt>
      <trkpt lat="54.76936362683773" lon="17.55008644424379">
        <ele>0.26</ele>
      </trkpt>
      <trkpt lat="54.76922515779734" lon="17.550360448658466">
        <ele>0.45</ele>
      </trkpt>
      <trkpt lat="54.76905022747815" lon="17.550516268238425">
        <ele>0.66</ele>
      </trkpt>
      <trkpt lat="54.768370455130935" lon="17.550772167742252">
        <ele>0.9</ele>
      </trkpt>
      <trkpt lat="54.76835469715297" lon="17.55078323185444">
        <ele>1.17</ele>
      </trkpt>
      <trkpt lat="54.768208181485534" lon="17.550844503566623">
        <ele>1.45</ele>
      </trkpt>
      <trkpt lat="54.76770325563848" lon="17.551085986196995">
        <ele>1.8</ele>
      </trkpt>
      <trkpt lat="54.76767500862479" lon="17.551091853529215">
        <ele>2.1</ele>
      </trkpt>
      <trkpt lat="54.7675365395844" lon="17.5511047616601">
        <ele>2.43</ele>
      </trkpt>
      <trkpt lat="54.767469400539994" lon="17.55113468505442">
        <ele>2.74</ele>
      </trkpt>
      <trkpt lat="54.76700973697007" lon="17.551195956766605">
        <ele>3.19</ele>
      </trkpt>
      <trkpt lat="54.766952404752374" lon="17.551176343113184">
        <ele>3.35</ele>
      </trkpt>
      <trkpt lat="54.76680957712233" lon="17.551162680611014">
        <ele>3.48</ele>
      </trkpt>
      <trkpt lat="54.76630624383688" lon="17.5512014888227">
        <ele>3.44</ele>
      </trkpt>
      <trkpt lat="54.76625746116042" lon="17.55117475055158">
        <ele>3.42</ele>
      </trkpt>
      <trkpt lat="54.76610725745559" lon="17.551119681447744">
        <ele>3.33</ele>
      </trkpt>
      <trkpt lat="54.76560895331204" lon="17.55100174807012">
        <ele>3.2</ele>
      </trkpt>
      <trkpt lat="54.76560442708433" lon="17.551013818010688">
        <ele>3.08</ele>
      </trkpt>
      <trkpt lat="54.765485068783164" lon="17.55097392015159">
        <ele>2.92</ele>
      </trkpt>
      <trkpt lat="54.76494493894279" lon="17.550837127491832">
        <ele>2.71</ele>
      </trkpt>
      <trkpt lat="54.764912500977516" lon="17.550832433626056">
        <ele>2.46</ele>
      </trkpt>
      <trkpt lat="54.76480177603662" lon="17.550809886306524">
        <ele>2.17</ele>
      </trkpt>
      <trkpt lat="54.76466875523329" lon="17.550795720890164">
        <ele>1.87</ele>
      </trkpt>
      <trkpt lat="54.76424362510443" lon="17.550604613497853">
        <ele>1.43</ele>
      </trkpt>
      <trkpt lat="54.764122758060694" lon="17.550511406734586">
        <ele>1.2</ele>
      </trkpt>
      <trkpt lat="54.76388085633516" lon="17.55016950890422">
        <ele>0.93</ele>
      </trkpt>
      <trkpt lat="54.76404053159058" lon="17.550119133666158">
        <ele>0.77</ele>
      </trkpt>
      <trkpt lat="54.764297269284725" lon="17.5495798420161">
        <ele>0.78</ele>
      </trkpt>
      <trkpt lat="54.764346638694406" lon="17.54945771768689">
        <ele>0.81</ele>
      </trkpt>
      <trkpt lat="54.76439508609474" lon="17.549401307478547">
        <ele>0.83</ele>
      </trkpt>
      <trkpt lat="54.764518132433295" lon="17.549416311085224">
        <ele>0.83</ele>
      </trkpt>
      <trkpt lat="54.764520144090056" lon="17.549416897818446">
        <ele>0.77</ele>
      </trkpt>
      <trkpt lat="54.76441444829106" lon="17.54932662472129">
        <ele>0.72</ele>
      </trkpt>
      <trkpt lat="54.76445090956986" lon="17.549362163990736">
        <ele>0.7</ele>
      </trkpt>
      <trkpt lat="54.76453883573413" lon="17.549362163990736">
        <ele>0.74</ele>
      </trkpt>
      <trkpt lat="54.76452626287937" lon="17.549390411004424">
        <ele>0.72</ele>
      </trkpt>
      <trkpt lat="54.76450748741627" lon="17.549463836476207">
        <ele>0.73</ele>
      </trkpt>
      <trkpt lat="54.764525424689054" lon="17.54944103769958">
        <ele>0.9</ele>
      </trkpt>
      <trkpt lat="54.76453120820224" lon="17.549389321357012">
        <ele>1.11</ele>
      </trkpt>
      <trkpt lat="54.76453975774348" lon="17.54938529804349">
        <ele>1.33</ele>
      </trkpt>
      <trkpt lat="54.76450505666435" lon="17.549395691603422">
        <ele>1.6</ele>
      </trkpt>
      <trkpt lat="54.76459616795182" lon="17.54922855645418">
        <ele>2.09</ele>
      </trkpt>
      <trkpt lat="54.76462340913713" lon="17.549094865098596">
        <ele>2.41</ele>
      </trkpt>
      <trkpt lat="54.76488777436316" lon="17.549098301678896">
        <ele>2.69</ele>
      </trkpt>
      <trkpt lat="54.76490872912109" lon="17.54902470856905">
        <ele>2.95</ele>
      </trkpt>
    </trkseg>
  </trk>
</gpx>
