<?xml version="1.0" encoding="UTF-8"?>
<gpx creator="Garmin Connect" version="1.1"
  xsi:schemaLocation="http://www.topografix.com/GPX/1/1 http://www.topografix.com/GPX/11.xsd"
  xmlns:ns3="http://www.garmin.com/xmlschemas/TrackPointExtension/v1"
  xmlns="http://www.topografix.com/GPX/1/1"
  xmlns:xsi="http://www.w3.org/2001/XMLSchema-instance" xmlns:ns2="http://www.garmin.com/xmlschemas/GpxExtensions/v3">
  <metadata>
    <name>ND: Sailing Leba - Gdansk Stogi</name>
    <link href="connect.garmin.com">
      <text>Garmin Connect</text>
    </link>
    <time>2026-07-13T07:29:53.000Z</time>
  </metadata>
  <trk>
    <name>ND: Sailing Leba - Gdansk Stogi</name>
    <trkseg>
      <trkpt lat="54.76535045541823" lon="17.55103343166411">
        <ele>3.72</ele>
      </trkpt>
      <trkpt lat="54.765451960265636" lon="17.55105547606945">
        <ele>3.76</ele>
      </trkpt>
      <trkpt lat="54.76556838490069" lon="17.55107835866511">
        <ele>3.78</ele>
      </trkpt>
      <trkpt lat="54.76577231660485" lon="17.5510994810611">
        <ele>3.79</ele>
      </trkpt>
      <trkpt lat="54.766004998236895" lon="17.551163351163268">
        <ele>3.85</ele>
      </trkpt>
      <trkpt lat="54.76619970984757" lon="17.55120014771819">
        <ele>3.97</ele>
      </trkpt>
      <trkpt lat="54.76639727130532" lon="17.551207523792982">
        <ele>4.05</ele>
      </trkpt>
      <trkpt lat="54.76662190631032" lon="17.551212636753917">
        <ele>4.1</ele>
      </trkpt>
      <trkpt lat="54.766813265159726" lon="17.551191430538893">
        <ele>3.94</ele>
      </trkpt>
      <trkpt lat="54.7669199667871" lon="17.55118598230183">
        <ele>3.63</ele>
      </trkpt>
      <trkpt lat="54.767086850479245" lon="17.55118103697896">
        <ele>3.17</ele>
      </trkpt>
      <trkpt lat="54.76777701638639" lon="17.55102077499032">
        <ele>2.21</ele>
      </trkpt>
      <trkpt lat="54.76781322620809" lon="17.551009710878134">
        <ele>1.59</ele>
      </trkpt>
      <trkpt lat="54.768018666654825" lon="17.550937458872795">
        <ele>1.05</ele>
      </trkpt>
      <trkpt lat="54.76862484589219" lon="17.550730174407363">
        <ele>0.61</ele>
      </trkpt>
      <trkpt lat="54.76872157305479" lon="17.550712656229734">
        <ele>0.27</ele>
      </trkpt>
      <trkpt lat="54.768874794244766" lon="17.55065876059234">
        <ele>0.0</ele>
      </trkpt>
      <trkpt lat="54.76951500400901" lon="17.550541330128908">
        <ele>-0.18</ele>
      </trkpt>
      <trkpt lat="54.7695207875222" lon="17.55055113695562">
        <ele>-0.31</ele>
      </trkpt>
      <trkpt lat="54.769694712013006" lon="17.550701424479485">
        <ele>-0.4</ele>
      </trkpt>
      <trkpt lat="54.77031212300062" lon="17.551396703347564">
        <ele>-0.44</ele>
      </trkpt>
      <trkpt lat="54.77037507109344" lon="17.551309699192643">
        <ele>-0.45</ele>
      </trkpt>
      <trkpt lat="54.77047858759761" lon="17.551374156028032">
        <ele>-0.43</ele>
      </trkpt>
      <trkpt lat="54.77058168500662" lon="17.55139796063304">
        <ele>-0.41</ele>
      </trkpt>
      <trkpt lat="54.77085820399225" lon="17.551313722506166">
        <ele>-0.37</ele>
      </trkpt>
      <trkpt lat="54.77087069302797" lon="17.55123484879732">
        <ele>-0.32</ele>
      </trkpt>
      <trkpt lat="54.77088863030076" lon="17.55116829648614">
        <ele>-0.27</ele>
      </trkpt>
      <trkpt lat="54.77104243822396" lon="17.55081659182906">
        <ele>-0.22</ele>
      </trkpt>
      <trkpt lat="54.77105635218322" lon="17.550830421969295">
        <ele>-0.17</ele>
      </trkpt>
      <trkpt lat="54.771084850654006" lon="17.550804018974304">
        <ele>-0.13</ele>
      </trkpt>
      <trkpt lat="54.77111033163965" lon="17.55076915025711">
        <ele>-0.09</ele>
      </trkpt>
      <trkpt lat="54.77114067412913" lon="17.550696143880486">
        <ele>-0.06</ele>
      </trkpt>
      <trkpt lat="54.77125173434615" lon="17.550447871908545">
        <ele>-0.03</ele>
      </trkpt>
      <trkpt lat="54.77126422338188" lon="17.550445273518562">
        <ele>0.0</ele>
      </trkpt>
      <trkpt lat="54.771355921402574" lon="17.550390791147947">
        <ele>0.0</ele>
      </trkpt>
      <trkpt lat="54.7714479546994" lon="17.550344858318567">
        <ele>0.02</ele>
      </trkpt>
      <trkpt lat="54.77156437933445" lon="17.55011980421841">
        <ele>0.03</ele>
      </trkpt>
      <trkpt lat="54.771629590541124" lon="17.5500547606498">
        <ele>0.04</ele>
      </trkpt>
      <trkpt lat="54.77205296047032" lon="17.549849404022098">
        <ele>0.04</ele>
      </trkpt>
      <trkpt lat="54.772181706503034" lon="17.54977287724614">
        <ele>0.04</ele>
      </trkpt>
      <trkpt lat="54.772342555224895" lon="17.549722250550985">
        <ele>0.04</ele>
      </trkpt>
      <trkpt lat="54.772745640948415" lon="17.5495885591954">
        <ele>0.04</ele>
      </trkpt>
      <trkpt lat="54.77277087047696" lon="17.54959828220308">
        <ele>0.04</ele>
      </trkpt>
      <trkpt lat="54.77291730232537" lon="17.54961647093296">
        <ele>0.04</ele>
      </trkpt>
      <trkpt lat="54.77333161979914" lon="17.549949986860156">
        <ele>0.03</ele>
      </trkpt>
      <trkpt lat="54.77334679104388" lon="17.54999994300306">
        <ele>0.03</ele>
      </trkpt>
      <trkpt lat="54.77339322678745" lon="17.550100777298212">
        <ele>0.02</ele>
      </trkpt>
      <trkpt lat="54.7734681610018" lon="17.55024779587984">
        <ele>0.02</ele>
      </trkpt>
      <trkpt lat="54.77384174242616" lon="17.55066798068583">
        <ele>0.01</ele>
      </trkpt>
      <trkpt lat="54.77389940991998" lon="17.55067678168416">
        <ele>0.01</ele>
      </trkpt>
      <trkpt lat="54.774005273357034" lon="17.550757750868797">
        <ele>0.0</ele>
      </trkpt>
      <trkpt lat="54.774936167523265" lon="17.551284385845065">
        <ele>0.0</ele>
      </trkpt>
      <trkpt lat="54.775048568844795" lon="17.551279440522194">
        <ele>0.0</ele>
      </trkpt>
      <trkpt lat="54.77593755349517" lon="17.552222907543182">
        <ele>0.0</ele>
      </trkpt>
      <trkpt lat="54.77596647106111" lon="17.552262051030993">
        <ele>0.0</ele>
      </trkpt>
      <trkpt lat="54.77613000199199" lon="17.552639488130808">
        <ele>0.0</ele>
      </trkpt>
      <trkpt lat="54.77627542801201" lon="17.552969567477703">
        <ele>0.0</ele>
      </trkpt>
      <trkpt lat="54.77703901939094" lon="17.55434629507363">
        <ele>0.0</ele>
      </trkpt>
      <trkpt lat="54.77668136358261" lon="17.55501684732735">
        <ele>0.0</ele>
      </trkpt>
      <trkpt lat="54.77667834609747" lon="17.555067222565413">
        <ele>0.0</ele>
      </trkpt>
      <trkpt lat="54.776689410209656" lon="17.55544767715037">
        <ele>0.0</ele>
      </trkpt>
      <trkpt lat="54.77668781764805" lon="17.555952183902264">
        <ele>0.0</ele>
      </trkpt>
      <trkpt lat="54.77741469629109" lon="17.557616997510195">
        <ele>0.0</ele>
      </trkpt>
      <trkpt lat="54.77743925526738" lon="17.557660415768623">
        <ele>0.0</ele>
      </trkpt>
      <trkpt lat="54.777643606066704" lon="17.558042630553246">
        <ele>0.0</ele>
      </trkpt>
      <trkpt lat="54.77855949662626" lon="17.559717083349824">
        <ele>0.0</ele>
      </trkpt>
      <trkpt lat="54.7787039168179" lon="17.560073900967836">
        <ele>0.0</ele>
      </trkpt>
      <trkpt lat="54.778859904035926" lon="17.560363160446286">
        <ele>0.0</ele>
      </trkpt>
      <trkpt lat="54.77970982901752" lon="17.562053622677922">
        <ele>0.0</ele>
      </trkpt>
      <trkpt lat="54.77977571077645" lon="17.562191421166062">
        <ele>0.0</ele>
      </trkpt>
      <trkpt lat="54.77997763082385" lon="17.56268821656704">
        <ele>0.0</ele>
      </trkpt>
      <trkpt lat="54.780201176181436" lon="17.563145952299237">
        <ele>0.0</ele>
      </trkpt>
      <trkpt lat="54.7809178289026" lon="17.564636003226042">
        <ele>0.0</ele>
      </trkpt>
      <trkpt lat="54.78097180835903" lon="17.56484312005341">
        <ele>0.0</ele>
      </trkpt>
      <trkpt lat="54.781076246872544" lon="17.56530378945172">
        <ele>0.0</ele>
      </trkpt>
      <trkpt lat="54.78122636675835" lon="17.56565817631781">
        <ele>0.0</ele>
      </trkpt>
      <trkpt lat="54.78198744356632" lon="17.56715283729136">
        <ele>0.0</ele>
      </trkpt>
      <trkpt lat="54.781979816034436" lon="17.567498004063964">
        <ele>0.0</ele>
      </trkpt>
      <trkpt lat="54.78220386430621" lon="17.567916931584477">
        <ele>0.0</ele>
      </trkpt>
      <trkpt lat="54.78299553506076" lon="17.569608902558684">
        <ele>0.0</ele>
      </trkpt>
      <trkpt lat="54.78293049149215" lon="17.570139057934284">
        <ele>0.0</ele>
      </trkpt>
      <trkpt lat="54.78296058252454" lon="17.570551028475165">
        <ele>0.0</ele>
      </trkpt>
      <trkpt lat="54.783010790124536" lon="17.57093290798366">
        <ele>0.0</ele>
      </trkpt>
      <trkpt lat="54.78351294994354" lon="17.573253102600574">
        <ele>0.0</ele>
      </trkpt>
      <trkpt lat="54.78354220278561" lon="17.57328554056585">
        <ele>0.0</ele>
      </trkpt>
      <trkpt lat="54.78379441425204" lon="17.573665995150805">
        <ele>0.0</ele>
      </trkpt>
      <trkpt lat="54.78393062017858" lon="17.574041336774826">
        <ele>0.0</ele>
      </trkpt>
      <trkpt lat="54.784338902682066" lon="17.576068667694926">
        <ele>0.0</ele>
      </trkpt>
      <trkpt lat="54.78436220437288" lon="17.57628047838807">
        <ele>0.0</ele>
      </trkpt>
      <trkpt lat="54.784498577937484" lon="17.57670502178371">
        <ele>0.0</ele>
      </trkpt>
      <trkpt lat="54.78459471836686" lon="17.577196452766657">
        <ele>0.0</ele>
      </trkpt>
      <trkpt lat="54.784958492964506" lon="17.579062515869737">
        <ele>0.0</ele>
      </trkpt>
      <trkpt lat="54.7850158251822" lon="17.579323444515467">
        <ele>0.0</ele>
      </trkpt>
      <trkpt lat="54.785064524039626" lon="17.579746395349503">
        <ele>0.0</ele>
      </trkpt>
      <trkpt lat="54.78508807718754" lon="17.58018560707569">
        <ele>0.0</ele>
      </trkpt>
      <trkpt lat="54.78543014265597" lon="17.582077402621508">
        <ele>0.0</ele>
      </trkpt>
      <trkpt lat="54.78545570746064" lon="17.582127107307315">
        <ele>0.0</ele>
      </trkpt>
      <trkpt lat="54.78560951538384" lon="17.58236875757575">
        <ele>0.0</ele>
      </trkpt>
      <trkpt lat="54.78577120229602" lon="17.58268483914435">
        <ele>0.0</ele>
      </trkpt>
      <trkpt lat="54.78646136820316" lon="17.584325345233083">
        <ele>0.0</ele>
      </trkpt>
      <trkpt lat="54.786566561087966" lon="17.584574287757277">
        <ele>0.0</ele>
      </trkpt>
      <trkpt lat="54.78668457828462" lon="17.584889866411686">
        <ele>0.0</ele>
      </trkpt>
      <trkpt lat="54.786819191649556" lon="17.585326228290796">
        <ele>0.0</ele>
      </trkpt>
      <trkpt lat="54.78716972284019" lon="17.587459087371826">
        <ele>0.0</ele>
      </trkpt>
      <trkpt lat="54.787171483039856" lon="17.587518598884344">
        <ele>0.0</ele>
      </trkpt>
      <trkpt lat="54.78717944584787" lon="17.58804271928966">
        <ele>0.0</ele>
      </trkpt>
      <trkpt lat="54.787160167470574" lon="17.58837749250233">
        <ele>0.0</ele>
      </trkpt>
      <trkpt lat="54.78749066591263" lon="17.59028596803546">
        <ele>0.0</ele>
      </trkpt>
      <trkpt lat="54.78752017021179" lon="17.590339612215757">
        <ele>0.0</ele>
      </trkpt>
      <trkpt lat="54.78767456486821" lon="17.59055184200406">
        <ele>0.0</ele>
      </trkpt>
      <trkpt lat="54.78786458261311" lon="17.590741021558642">
        <ele>0.0</ele>
      </trkpt>
      <trkpt lat="54.78863513097167" lon="17.59177777916193">
        <ele>0.0</ele>
      </trkpt>
      <trkpt lat="54.78869715705514" lon="17.59209293872118">
        <ele>0.0</ele>
      </trkpt>
      <trkpt lat="54.78886781260371" lon="17.592440620064735">
        <ele>0.0</ele>
      </trkpt>
      <trkpt lat="54.78903670795262" lon="17.59273457340896">
        <ele>0.0</ele>
      </trkpt>
      <trkpt lat="54.78983910754323" lon="17.59428933262825">
        <ele>0.0</ele>
      </trkpt>
      <trkpt lat="54.78993625380099" lon="17.594424029812217">
        <ele>0.0</ele>
      </trkpt>
      <trkpt lat="54.79008100926876" lon="17.594861397519708">
        <ele>0.0</ele>
      </trkpt>
      <trkpt lat="54.79025543667376" lon="17.595326006412506">
        <ele>0.0</ele>
      </trkpt>
      <trkpt lat="54.790991954505444" lon="17.59674313478172">
        <ele>0.0</ele>
      </trkpt>
      <trkpt lat="54.791052136570215" lon="17.596823181957006">
        <ele>0.0</ele>
      </trkpt>
      <trkpt lat="54.79119932278991" lon="17.596988724544644">
        <ele>0.0</ele>
      </trkpt>
      <trkpt lat="54.79142772965133" lon="17.59731486439705">
        <ele>0.0</ele>
      </trkpt>
      <trkpt lat="54.792037177830935" lon="17.598157497122884">
        <ele>0.0</ele>
      </trkpt>
      <trkpt lat="54.79205218143761" lon="17.59818716906011">
        <ele>0.0</ele>
      </trkpt>
      <trkpt lat="54.79214698076248" lon="17.59837668389082">
        <ele>0.0</ele>
      </trkpt>
      <trkpt lat="54.79230615310371" lon="17.598658399656415">
        <ele>0.0</ele>
      </trkpt>
      <trkpt lat="54.792826334014535" lon="17.59968870319426">
        <ele>0.0</ele>
      </trkpt>
      <trkpt lat="54.79305759072304" lon="17.59973413310945">
        <ele>0.0</ele>
      </trkpt>
      <trkpt lat="54.79316814802587" lon="17.599912583827972">
        <ele>0.0</ele>
      </trkpt>
      <trkpt lat="54.793312568217516" lon="17.600109055638313">
        <ele>0.0</ele>
      </trkpt>
      <trkpt lat="54.79380299337208" lon="17.600683635100722">
        <ele>0.0</ele>
      </trkpt>
      <trkpt lat="54.793817326426506" lon="17.6008677855134">
        <ele>0.0</ele>
      </trkpt>
      <trkpt lat="54.793885136023164" lon="17.600965686142445">
        <ele>0.0</ele>
      </trkpt>
      <trkpt lat="54.79390609078109" lon="17.601016648113728">
        <ele>0.0</ele>
      </trkpt>
      <trkpt lat="54.79414992034435" lon="17.601598855108023">
        <ele>0.0</ele>
      </trkpt>
      <trkpt lat="54.79417263530195" lon="17.601738665252924">
        <ele>0.0</ele>
      </trkpt>
      <trkpt lat="54.79425427503884" lon="17.602009484544396">
        <ele>0.0</ele>
      </trkpt>
      <trkpt lat="54.794750567525625" lon="17.602818170562387">
        <ele>0.0</ele>
      </trkpt>
      <trkpt lat="54.79482893832028" lon="17.602858990430832">
        <ele>0.0</ele>
      </trkpt>
      <trkpt lat="54.79496154002845" lon="17.602987317368388">
        <ele>0.0</ele>
      </trkpt>
      <trkpt lat="54.79546965099871" lon="17.60384646244347">
        <ele>0.0</ele>
      </trkpt>
      <trkpt lat="54.79547040537" lon="17.60391385294497">
        <ele>0.0</ele>
      </trkpt>
      <trkpt lat="54.79559068568051" lon="17.604158017784357">
        <ele>0.0</ele>
      </trkpt>
      <trkpt lat="54.796001985669136" lon="17.604852793738246">
        <ele>0.0</ele>
      </trkpt>
      <trkpt lat="54.79633281938732" lon="17.605319498106837">
        <ele>0.0</ele>
      </trkpt>
      <trkpt lat="54.796513030305505" lon="17.60553264990449">
        <ele>0.0</ele>
      </trkpt>
      <trkpt lat="54.796691900119185" lon="17.605783436447382">
        <ele>0.0</ele>
      </trkpt>
      <trkpt lat="54.797364212572575" lon="17.60649925097823">
        <ele>0.0</ele>
      </trkpt>
      <trkpt lat="54.79743780568242" lon="17.606658255681396">
        <ele>0.0</ele>
      </trkpt>
      <trkpt lat="54.79759161360562" lon="17.606825390830636">
        <ele>0.0</ele>
      </trkpt>
      <trkpt lat="54.798305751755834" lon="17.6078116055578">
        <ele>0.0</ele>
      </trkpt>
      <trkpt lat="54.79839493520558" lon="17.607945380732417">
        <ele>0.0</ele>
      </trkpt>
      <trkpt lat="54.798507587984204" lon="17.608080999925733">
        <ele>0.0</ele>
      </trkpt>
      <trkpt lat="54.798658126965165" lon="17.608310747891665">
        <ele>0.0</ele>
      </trkpt>
      <trkpt lat="54.79929406195879" lon="17.60916905477643">
        <ele>0.0</ele>
      </trkpt>
      <trkpt lat="54.79921921156347" lon="17.609103424474597">
        <ele>0.0</ele>
      </trkpt>
      <trkpt lat="54.79930135421455" lon="17.60923652909696">
        <ele>0.0</ele>
      </trkpt>
      <trkpt lat="54.79937670752406" lon="17.609381703659892">
        <ele>0.0</ele>
      </trkpt>
      <trkpt lat="54.79969882406294" lon="17.610009592026472">
        <ele>0.0</ele>
      </trkpt>
      <trkpt lat="54.79971776716411" lon="17.610026355832815">
        <ele>0.0</ele>
      </trkpt>
      <trkpt lat="54.799820529296994" lon="17.6101291179657">
        <ele>0.0</ele>
      </trkpt>
      <trkpt lat="54.79991063475609" lon="17.61026649735868">
        <ele>0.0</ele>
      </trkpt>
      <trkpt lat="54.80032419785857" lon="17.610875694081187">
        <ele>0.0</ele>
      </trkpt>
      <trkpt lat="54.800297962501645" lon="17.61061878874898">
        <ele>0.0</ele>
      </trkpt>
      <trkpt lat="54.80032344348729" lon="17.61065835133195">
        <ele>0.0</ele>
      </trkpt>
      <trkpt lat="54.80042913928628" lon="17.61075667105615">
        <ele>0.0</ele>
      </trkpt>
      <trkpt lat="54.80098435655236" lon="17.611373160034418">
        <ele>0.0</ele>
      </trkpt>
      <trkpt lat="54.80101796798408" lon="17.611409034579992">
        <ele>0.0</ele>
      </trkpt>
      <trkpt lat="54.80112299323082" lon="17.611578851938248">
        <ele>0.0</ele>
      </trkpt>
      <trkpt lat="54.8012310359627" lon="17.611801056191325">
        <ele>0.0</ele>
      </trkpt>
      <trkpt lat="54.80197476223111" lon="17.61282691732049">
        <ele>0.0</ele>
      </trkpt>
      <trkpt lat="54.80204391293228" lon="17.61288994923234">
        <ele>0.0</ele>
      </trkpt>
      <trkpt lat="54.80223309248686" lon="17.613049624487758">
        <ele>0.0</ele>
      </trkpt>
      <trkpt lat="54.80244264006615" lon="17.613211227580905">
        <ele>0.0</ele>
      </trkpt>
      <trkpt lat="54.802831476554275" lon="17.61363124474883">
        <ele>0.0</ele>
      </trkpt>
      <trkpt lat="54.802828542888165" lon="17.61361800134182">
        <ele>0.0</ele>
      </trkpt>
      <trkpt lat="54.80294086039066" lon="17.61358916759491">
        <ele>0.0</ele>
      </trkpt>
      <trkpt lat="54.80302669107914" lon="17.6136068534106">
        <ele>0.0</ele>
      </trkpt>
      <trkpt lat="54.803375378251076" lon="17.613944225013256">
        <ele>0.0</ele>
      </trkpt>
      <trkpt lat="54.80339465662837" lon="17.61398797854781">
        <ele>0.0</ele>
      </trkpt>
      <trkpt lat="54.80348928831518" lon="17.614162657409906">
        <ele>0.0</ele>
      </trkpt>
      <trkpt lat="54.80362633243203" lon="17.61435929685831">
        <ele>0.0</ele>
      </trkpt>
      <trkpt lat="54.80432161130011" lon="17.6152181904763">
        <ele>0.0</ele>
      </trkpt>
      <trkpt lat="54.80438598431647" lon="17.6154304202646">
        <ele>0.0</ele>
      </trkpt>
      <trkpt lat="54.80458874255419" lon="17.61559931561351">
        <ele>0.0</ele>
      </trkpt>
      <trkpt lat="54.80483357794583" lon="17.61586611159146">
        <ele>0.0</ele>
      </trkpt>
      <trkpt lat="54.805598594248295" lon="17.616895576938987">
        <ele>0.0</ele>
      </trkpt>
      <trkpt lat="54.80573270469904" lon="17.61710235849023">
        <ele>0.0</ele>
      </trkpt>
      <trkpt lat="54.805904030799866" lon="17.617386169731617">
        <ele>0.0</ele>
      </trkpt>
      <trkpt lat="54.80672914534807" lon="17.61869978159666">
        <ele>0.0</ele>
      </trkpt>
      <trkpt lat="54.806851940229535" lon="17.618834311142564">
        <ele>0.0</ele>
      </trkpt>
      <trkpt lat="54.80703575536609" lon="17.61907151900232">
        <ele>0.0</ele>
      </trkpt>
      <trkpt lat="54.807179337367415" lon="17.61933932080865">
        <ele>0.0</ele>
      </trkpt>
      <trkpt lat="54.8079985845834" lon="17.620169296860695">
        <ele>0.0</ele>
      </trkpt>
      <trkpt lat="54.80818063952029" lon="17.62038010172546">
        <ele>0.0</ele>
      </trkpt>
      <trkpt lat="54.80881154537201" lon="17.62102609500289">
        <ele>0.0</ele>
      </trkpt>
      <trkpt lat="54.808751782402396" lon="17.6211204752326">
        <ele>0.0</ele>
      </trkpt>
      <trkpt lat="54.80901941657066" lon="17.6213554199785">
        <ele>0.0</ele>
      </trkpt>
      <trkpt lat="54.809921979904175" lon="17.62221691198647">
        <ele>0.0</ele>
      </trkpt>
      <trkpt lat="54.809997668489814" lon="17.622245578095317">
        <ele>0.0</ele>
      </trkpt>
      <trkpt lat="54.811476320028305" lon="17.624055230990052">
        <ele>0.0</ele>
      </trkpt>
      <trkpt lat="54.81159886345267" lon="17.624159920960665">
        <ele>0.0</ele>
      </trkpt>
      <trkpt lat="54.81192223727703" lon="17.62428816407919">
        <ele>0.0</ele>
      </trkpt>
      <trkpt lat="54.81234828941524" lon="17.624690663069487">
        <ele>0.0</ele>
      </trkpt>
      <trkpt lat="54.813611693680286" lon="17.625951720401645">
        <ele>0.0</ele>
      </trkpt>
      <trkpt lat="54.81378243304789" lon="17.626135116443038">
        <ele>0.0</ele>
      </trkpt>
      <trkpt lat="54.81388444080949" lon="17.62633075006306">
        <ele>0.0</ele>
      </trkpt>
      <trkpt lat="54.81415023095906" lon="17.62668781913817">
        <ele>0.0</ele>
      </trkpt>
      <trkpt lat="54.815886709839106" lon="17.628127159550786">
        <ele>0.0</ele>
      </trkpt>
      <trkpt lat="54.816077230498195" lon="17.628341065719724">
        <ele>0.0</ele>
      </trkpt>
      <trkpt lat="54.81621486134827" lon="17.628422202542424">
        <ele>0.0</ele>
      </trkpt>
      <trkpt lat="54.8170527163893" lon="17.629359299317002">
        <ele>0.0</ele>
      </trkpt>
      <trkpt lat="54.81715430505574" lon="17.62936156243086">
        <ele>0.0</ele>
      </trkpt>
      <trkpt lat="54.817834831774235" lon="17.630248786881566">
        <ele>0.0</ele>
      </trkpt>
      <trkpt lat="54.81787472963333" lon="17.63032078742981">
        <ele>0.0</ele>
      </trkpt>
      <trkpt lat="54.81800431385636" lon="17.63050544075668">
        <ele>0.0</ele>
      </trkpt>
      <trkpt lat="54.818924982100725" lon="17.631009528413415">
        <ele>0.0</ele>
      </trkpt>
      <trkpt lat="54.81895850971341" lon="17.631157469004393">
        <ele>0.0</ele>
      </trkpt>
      <trkpt lat="54.81977239251137" lon="17.631951570510864">
        <ele>0.0</ele>
      </trkpt>
      <trkpt lat="54.819858642295" lon="17.632029354572296">
        <ele>0.0</ele>
      </trkpt>
      <trkpt lat="54.822274977341294" lon="17.63380866497755">
        <ele>0.0</ele>
      </trkpt>
      <trkpt lat="54.824321335181594" lon="17.63551245443523">
        <ele>0.0</ele>
      </trkpt>
      <trkpt lat="54.824295518919826" lon="17.635785955935717">
        <ele>0.0</ele>
      </trkpt>
      <trkpt lat="54.82456943951547" lon="17.63589709997177">
        <ele>0.0</ele>
      </trkpt>
      <trkpt lat="54.82476867735386" lon="17.636017464101315">
        <ele>0.0</ele>
      </trkpt>
      <trkpt lat="54.824909744784236" lon="17.636234890669584">
        <ele>0.0</ele>
      </trkpt>
      <trkpt lat="54.82557795010507" lon="17.6368660479784">
        <ele>0.0</ele>
      </trkpt>
      <trkpt lat="54.82564324513078" lon="17.637037625536323">
        <ele>0.0</ele>
      </trkpt>
      <trkpt lat="54.82583929784596" lon="17.637194618582726">
        <ele>0.0</ele>
      </trkpt>
      <trkpt lat="54.82712977565825" lon="17.638204135000706">
        <ele>0.0</ele>
      </trkpt>
      <trkpt lat="54.82730747200549" lon="17.638279907405376">
        <ele>0.0</ele>
      </trkpt>
      <trkpt lat="54.82758223079145" lon="17.638307567685843">
        <ele>0.0</ele>
      </trkpt>
      <trkpt lat="54.827831173315644" lon="17.63840714469552">
        <ele>0.0</ele>
      </trkpt>
      <trkpt lat="54.87192425876856" lon="17.916313586756587">
        <ele>0.0</ele>
      </trkpt>
      <trkpt lat="54.871901627629995" lon="17.916418444365263">
        <ele>0.0</ele>
      </trkpt>
      <trkpt lat="54.87203900702298" lon="17.91673737578094">
        <ele>0.0</ele>
      </trkpt>
      <trkpt lat="54.872546615079045" lon="17.918820194900036">
        <ele>0.0</ele>
      </trkpt>
      <trkpt lat="54.87255902029574" lon="17.91884684935212">
        <ele>0.0</ele>
      </trkpt>
      <trkpt lat="54.87268089316785" lon="17.91915756650269">
        <ele>0.0</ele>
      </trkpt>
      <trkpt lat="54.87318011932075" lon="17.921536015346646">
        <ele>0.0</ele>
      </trkpt>
      <trkpt lat="54.873186070472" lon="17.921569291502237">
        <ele>0.0</ele>
      </trkpt>
      <trkpt lat="54.873323449864984" lon="17.92212593369186">
        <ele>0.0</ele>
      </trkpt>
      <trkpt lat="54.87409089691937" lon="17.924677804112434">
        <ele>0.0</ele>
      </trkpt>
      <trkpt lat="54.874184438958764" lon="17.924646204337478">
        <ele>0.0</ele>
      </trkpt>
      <trkpt lat="54.87481417134404" lon="17.92772462591529">
        <ele>0.0</ele>
      </trkpt>
      <trkpt lat="54.87483110278845" lon="17.92766612023115">
        <ele>0.0</ele>
      </trkpt>
      <trkpt lat="54.87496747635305" lon="17.92784825898707">
        <ele>0.0</ele>
      </trkpt>
      <trkpt lat="54.87533804029226" lon="17.92931023053825">
        <ele>0.0</ele>
      </trkpt>
      <trkpt lat="54.87533586099744" lon="17.92947694659233">
        <ele>0.0</ele>
      </trkpt>
      <trkpt lat="54.875961653888226" lon="17.935148142278194">
        <ele>0.0</ele>
      </trkpt>
      <trkpt lat="54.87644210457802" lon="17.93738141655922">
        <ele>0.0</ele>
      </trkpt>
      <trkpt lat="54.87639860250056" lon="17.93712886981666">
        <ele>0.0</ele>
      </trkpt>
      <trkpt lat="54.87673773430288" lon="17.939115716144443">
        <ele>0.0</ele>
      </trkpt>
      <trkpt lat="54.87664117477834" lon="17.939263489097357">
        <ele>0.0</ele>
      </trkpt>
      <trkpt lat="54.87663522362709" lon="17.939689457416534">
        <ele>0.0</ele>
      </trkpt>
      <trkpt lat="54.87694845534861" lon="17.942271921783686">
        <ele>0.0</ele>
      </trkpt>
      <trkpt lat="54.87711978144944" lon="17.944623129442334">
        <ele>0.0</ele>
      </trkpt>
      <trkpt lat="54.87718356773257" lon="17.94483259320259">
        <ele>0.0</ele>
      </trkpt>
      <trkpt lat="54.877811623737216" lon="17.947096545249224">
        <ele>0.0</ele>
      </trkpt>
      <trkpt lat="54.87793022766709" lon="17.94713107869029">
        <ele>0.0</ele>
      </trkpt>
      <trkpt lat="54.87779779359698" lon="17.949832482263446">
        <ele>0.0</ele>
      </trkpt>
      <trkpt lat="54.87782260403037" lon="17.94994999654591">
        <ele>0.0</ele>
      </trkpt>
      <trkpt lat="54.877819335088134" lon="17.9505480453372">
        <ele>0.0</ele>
      </trkpt>
      <trkpt lat="54.87787079997361" lon="17.952383598312736">
        <ele>0.0</ele>
      </trkpt>
      <trkpt lat="54.87792922183871" lon="17.952820546925068">
        <ele>0.0</ele>
      </trkpt>
      <trkpt lat="54.878119407221675" lon="17.954779816791415">
        <ele>0.0</ele>
      </trkpt>
      <trkpt lat="54.87822091206908" lon="17.95504879206419">
        <ele>0.0</ele>
      </trkpt>
      <trkpt lat="54.878335827961564" lon="17.955663185566664">
        <ele>0.0</ele>
      </trkpt>
      <trkpt lat="54.87851360812783" lon="17.95835235156119">
        <ele>0.0</ele>
      </trkpt>
      <trkpt lat="54.878618298098445" lon="17.95897739008069">
        <ele>0.0</ele>
      </trkpt>
      <trkpt lat="54.8785291146487" lon="17.960949819535017">
        <ele>0.0</ele>
      </trkpt>
      <trkpt lat="54.87846373580396" lon="17.961005307734013">
        <ele>0.0</ele>
      </trkpt>
      <trkpt lat="54.87855107523501" lon="17.961533786728978">
        <ele>0.0</ele>
      </trkpt>
      <trkpt lat="54.878397770226" lon="17.963565308600664">
        <ele>0.0</ele>
      </trkpt>
      <trkpt lat="54.87845744937658" lon="17.96377670019865">
        <ele>0.0</ele>
      </trkpt>
      <trkpt lat="54.87887344323099" lon="17.96637425199151">
        <ele>0.0</ele>
      </trkpt>
      <trkpt lat="54.87893454730511" lon="17.966483803465962">
        <ele>0.0</ele>
      </trkpt>
      <trkpt lat="54.879316007718444" lon="17.96819195151329">
        <ele>0.0</ele>
      </trkpt>
      <trkpt lat="54.879355654120445" lon="17.96827836893499">
        <ele>0.0</ele>
      </trkpt>
      <trkpt lat="54.8794253077358" lon="17.968608029186726">
        <ele>0.0</ele>
      </trkpt>
      <trkpt lat="54.87943595275283" lon="17.96911245211959">
        <ele>0.0</ele>
      </trkpt>
      <trkpt lat="54.87941449508071" lon="17.97108261846006">
        <ele>0.0</ele>
      </trkpt>
      <trkpt lat="54.87943796440959" lon="17.971279760822654">
        <ele>0.0</ele>
      </trkpt>
      <trkpt lat="54.87950443290174" lon="17.971767000854015">
        <ele>0.0</ele>
      </trkpt>
      <trkpt lat="54.87979335710406" lon="17.973679080605507">
        <ele>0.0</ele>
      </trkpt>
      <trkpt lat="54.879927970469" lon="17.973979990929365">
        <ele>0.0</ele>
      </trkpt>
      <trkpt lat="54.880057470873" lon="17.974200434982777">
        <ele>0.0</ele>
      </trkpt>
      <trkpt lat="54.88014078699052" lon="17.97449765726924">
        <ele>0.0</ele>
      </trkpt>
      <trkpt lat="54.88035527989268" lon="17.97606624662876">
        <ele>0.0</ele>
      </trkpt>
      <trkpt lat="54.88035988993943" lon="17.976198764517903">
        <ele>0.0</ele>
      </trkpt>
      <trkpt lat="54.88038595765829" lon="17.976738307625055">
        <ele>0.0</ele>
      </trkpt>
      <trkpt lat="54.880411606281996" lon="17.97715296037495">
        <ele>0.0</ele>
      </trkpt>
      <trkpt lat="54.88060933537781" lon="17.978746443986893">
        <ele>0.0</ele>
      </trkpt>
      <trkpt lat="54.88060229457915" lon="17.978858090937138">
        <ele>0.0</ele>
      </trkpt>
      <trkpt lat="54.88061545416713" lon="17.97926478087902">
        <ele>0.0</ele>
      </trkpt>
      <trkpt lat="54.880661219358444" lon="17.97957206144929">
        <ele>0.0</ele>
      </trkpt>
      <trkpt lat="54.88086246885359" lon="17.9814606718719">
        <ele>0.0</ele>
      </trkpt>
      <trkpt lat="54.880835227668285" lon="17.981600230559707">
        <ele>0.0</ele>
      </trkpt>
      <trkpt lat="54.880886022001505" lon="17.98205042257905">
        <ele>0.0</ele>
      </trkpt>
      <trkpt lat="54.88097176887095" lon="17.984369276091456">
        <ele>0.0</ele>
      </trkpt>
      <trkpt lat="54.88098937086761" lon="17.984410179778934">
        <ele>0.0</ele>
      </trkpt>
      <trkpt lat="54.881009152159095" lon="17.984704552218318">
        <ele>0.0</ele>
      </trkpt>
      <trkpt lat="54.88104066811502" lon="17.985076121985912">
        <ele>0.0</ele>
      </trkpt>
      <trkpt lat="54.88110663369298" lon="17.987120551988482">
        <ele>0.0</ele>
      </trkpt>
      <trkpt lat="54.881114177405834" lon="17.987151816487312">
        <ele>0.0</ele>
      </trkpt>
      <trkpt lat="54.881141586229205" lon="17.987561356276274">
        <ele>0.0</ele>
      </trkpt>
      <trkpt lat="54.88115893676877" lon="17.987988833338022">
        <ele>0.0</ele>
      </trkpt>
      <trkpt lat="54.881273936480284" lon="17.98986596055329">
        <ele>0.0</ele>
      </trkpt>
      <trkpt lat="54.88127066753805" lon="17.990067461505532">
        <ele>0.0</ele>
      </trkpt>
      <trkpt lat="54.8812435939908" lon="17.990432074293494">
        <ele>0.0</ele>
      </trkpt>
      <trkpt lat="54.881258346140385" lon="17.990778582170606">
        <ele>0.0</ele>
      </trkpt>
      <trkpt lat="54.881193889304996" lon="17.99261505715549">
        <ele>0.0</ele>
      </trkpt>
      <trkpt lat="54.881178215146065" lon="17.99279334023595">
        <ele>0.0</ele>
      </trkpt>
      <trkpt lat="54.88119129091501" lon="17.993183517828584">
        <ele>0.0</ele>
      </trkpt>
      <trkpt lat="54.88121132366359" lon="17.993587525561452">
        <ele>0.0</ele>
      </trkpt>
      <trkpt lat="54.88127586431801" lon="17.995192827656865">
        <ele>0.0</ele>
      </trkpt>
      <trkpt lat="54.88125356845558" lon="17.995305145159364">
        <ele>0.0</ele>
      </trkpt>
      <trkpt lat="54.88125038333237" lon="17.995657352730632">
        <ele>0.0</ele>
      </trkpt>
      <trkpt lat="54.88126304000616" lon="17.996030934154987">
        <ele>0.0</ele>
      </trkpt>
      <trkpt lat="54.88140653818846" lon="17.997926753014326">
        <ele>0.0</ele>
      </trkpt>
      <trkpt lat="54.881394132971764" lon="17.997982827946544">
        <ele>0.0</ele>
      </trkpt>
      <trkpt lat="54.88145565614104" lon="17.99831483513117">
        <ele>0.0</ele>
      </trkpt>
      <trkpt lat="54.8815702367574" lon="17.99865991808474">
        <ele>0.0</ele>
      </trkpt>
      <trkpt lat="54.881938537582755" lon="18.000069335103035">
        <ele>0.0</ele>
      </trkpt>
      <trkpt lat="54.88194909878075" lon="18.000233620405197">
        <ele>0.0</ele>
      </trkpt>
      <trkpt lat="54.881996121257544" lon="18.000587755814195">
        <ele>0.0</ele>
      </trkpt>
      <trkpt lat="54.882291834801435" lon="18.002418112009764">
        <ele>0.0</ele>
      </trkpt>
      <trkpt lat="54.88232930190861" lon="18.002429343760014">
        <ele>0.0</ele>
      </trkpt>
      <trkpt lat="54.88244161941111" lon="18.002682980149984">
        <ele>0.0</ele>
      </trkpt>
      <trkpt lat="54.88254312425852" lon="18.002977604046464">
        <ele>0.0</ele>
      </trkpt>
      <trkpt lat="54.88224573433399" lon="18.00496914424002">
        <ele>0.0</ele>
      </trkpt>
      <trkpt lat="54.88220617175102" lon="18.005299726501107">
        <ele>0.0</ele>
      </trkpt>
      <trkpt lat="54.88215479068458" lon="18.005744805559516">
        <ele>0.0</ele>
      </trkpt>
      <trkpt lat="54.88185572437942" lon="18.007708601653576">
        <ele>0.0</ele>
      </trkpt>
      <trkpt lat="54.88187902607024" lon="18.00775470212102">
        <ele>0.0</ele>
      </trkpt>
      <trkpt lat="54.88186402246356" lon="18.008143790066242">
        <ele>0.0</ele>
      </trkpt>
      <trkpt lat="54.88184491172433" lon="18.008511001244187">
        <ele>0.0</ele>
      </trkpt>
      <trkpt lat="54.8817100469023" lon="18.010472618043423">
        <ele>0.0</ele>
      </trkpt>
      <trkpt lat="54.881756231188774" lon="18.01059029996395">
        <ele>0.0</ele>
      </trkpt>
      <trkpt lat="54.88175522536039" lon="18.011038564145565">
        <ele>0.0</ele>
      </trkpt>
      <trkpt lat="54.88169504329562" lon="18.01147702150047">
        <ele>0.0</ele>
      </trkpt>
      <trkpt lat="54.88145892508328" lon="18.013091376051307">
        <ele>0.0</ele>
      </trkpt>
      <trkpt lat="54.88145456649363" lon="18.01321961916983">
        <ele>0.0</ele>
      </trkpt>
      <trkpt lat="54.8814198654145" lon="18.013682886958122">
        <ele>0.0</ele>
      </trkpt>
      <trkpt lat="54.88140075467527" lon="18.014072813093662">
        <ele>0.0</ele>
      </trkpt>
      <trkpt lat="54.88141533918679" lon="18.015904175117612">
        <ele>0.0</ele>
      </trkpt>
      <trkpt lat="54.88135733641684" lon="18.016079105436802">
        <ele>0.0</ele>
      </trkpt>
      <trkpt lat="54.88136253319681" lon="18.016489064320922">
        <ele>0.0</ele>
      </trkpt>
      <trkpt lat="54.8813109844923" lon="18.016952415928245">
        <ele>0.0</ele>
      </trkpt>
      <trkpt lat="54.880944695323706" lon="18.018553610891104">
        <ele>0.0</ele>
      </trkpt>
      <trkpt lat="54.88090781494975" lon="18.018636256456375">
        <ele>0.0</ele>
      </trkpt>
      <trkpt lat="54.880799017846584" lon="18.018963150680065">
        <ele>0.0</ele>
      </trkpt>
      <trkpt lat="54.88024086691439" lon="18.02067163400352">
        <ele>0.0</ele>
      </trkpt>
      <trkpt lat="54.880258133634925" lon="18.021156527101994">
        <ele>0.0</ele>
      </trkpt>
      <trkpt lat="54.880214715376496" lon="18.02152290008962">
        <ele>0.0</ele>
      </trkpt>
      <trkpt lat="54.88000667653978" lon="18.02373932674527">
        <ele>0.0</ele>
      </trkpt>
      <trkpt lat="54.87995060160756" lon="18.02410963922739">
        <ele>0.0</ele>
      </trkpt>
      <trkpt lat="54.879913134500384" lon="18.024611631408334">
        <ele>0.0</ele>
      </trkpt>
      <trkpt lat="54.87971113063395" lon="18.026494290679693">
        <ele>0.0</ele>
      </trkpt>
      <trkpt lat="54.87966326996684" lon="18.026678524911404">
        <ele>0.0</ele>
      </trkpt>
      <trkpt lat="54.879596466198564" lon="18.027041712775826">
        <ele>0.0</ele>
      </trkpt>
      <trkpt lat="54.87952639348805" lon="18.027477655559778">
        <ele>0.0</ele>
      </trkpt>
      <trkpt lat="54.87924501299858" lon="18.02926618605852">
        <ele>0.0</ele>
      </trkpt>
      <trkpt lat="54.87925414927304" lon="18.029418317601085">
        <ele>0.0</ele>
      </trkpt>
      <trkpt lat="54.87923998385668" lon="18.029744373634458">
        <ele>0.0</ele>
      </trkpt>
      <trkpt lat="54.8791871778667" lon="18.03007629700005">
        <ele>0.0</ele>
      </trkpt>
      <trkpt lat="54.87891954369843" lon="18.031880417838693">
        <ele>0.0</ele>
      </trkpt>
      <trkpt lat="54.878903198987246" lon="18.032009499147534">
        <ele>0.0</ele>
      </trkpt>
      <trkpt lat="54.878890961408615" lon="18.032258693128824">
        <ele>0.0</ele>
      </trkpt>
      <trkpt lat="54.87885030917823" lon="18.032689606770873">
        <ele>0.0</ele>
      </trkpt>
      <trkpt lat="54.87867906689644" lon="18.03461752831936">
        <ele>0.0</ele>
      </trkpt>
      <trkpt lat="54.87868015654385" lon="18.034743340685964">
        <ele>0.0</ele>
      </trkpt>
      <trkpt lat="54.87864537164569" lon="18.035142989829183">
        <ele>0.0</ele>
      </trkpt>
      <trkpt lat="54.87862282432616" lon="18.03563534282148">
        <ele>0.0</ele>
      </trkpt>
      <trkpt lat="54.878496676683426" lon="18.03738816641271">
        <ele>0.0</ele>
      </trkpt>
      <trkpt lat="54.878462478518486" lon="18.037519427016377">
        <ele>0.0</ele>
      </trkpt>
      <trkpt lat="54.87841134890914" lon="18.03798814304173">
        <ele>0.0</ele>
      </trkpt>
      <trkpt lat="54.87811957485974" lon="18.039786480367184">
        <ele>0.0</ele>
      </trkpt>
      <trkpt lat="54.87815788015723" lon="18.039943389594555">
        <ele>0.0</ele>
      </trkpt>
      <trkpt lat="54.87814354710281" lon="18.04025243036449">
        <ele>0.0</ele>
      </trkpt>
      <trkpt lat="54.87812259234488" lon="18.040607403963804">
        <ele>0.0</ele>
      </trkpt>
      <trkpt lat="54.878027541562915" lon="18.042629035189748">
        <ele>0.0</ele>
      </trkpt>
      <trkpt lat="54.87803030759096" lon="18.0427282769233">
        <ele>0.0</ele>
      </trkpt>
      <trkpt lat="54.87800977192819" lon="18.043076545000076">
        <ele>0.0</ele>
      </trkpt>
      <trkpt lat="54.87799979746342" lon="18.043564287945628">
        <ele>0.0</ele>
      </trkpt>
      <trkpt lat="54.87788471393287" lon="18.04513631388545">
        <ele>0.0</ele>
      </trkpt>
      <trkpt lat="54.87785956822336" lon="18.045425908640027">
        <ele>0.0</ele>
      </trkpt>
      <trkpt lat="54.877823861315846" lon="18.045942652970552">
        <ele>0.0</ele>
      </trkpt>
      <trkpt lat="54.87774481996894" lon="18.047790275886655">
        <ele>0.0</ele>
      </trkpt>
      <trkpt lat="54.87771456129849" lon="18.048037625849247">
        <ele>0.0</ele>
      </trkpt>
      <trkpt lat="54.87769637256861" lon="18.048428306356072">
        <ele>0.0</ele>
      </trkpt>
      <trkpt lat="54.87772537395358" lon="18.048764169216156">
        <ele>0.0</ele>
      </trkpt>
      <trkpt lat="54.87778605893254" lon="18.05062461644411">
        <ele>0.0</ele>
      </trkpt>
      <trkpt lat="54.87777600064874" lon="18.05089090950787">
        <ele>0.0</ele>
      </trkpt>
      <trkpt lat="54.877768121659756" lon="18.051330875605345">
        <ele>0.0</ele>
      </trkpt>
      <trkpt lat="54.87776393070817" lon="18.05170345120132">
        <ele>0.0</ele>
      </trkpt>
      <trkpt lat="54.8776741605252" lon="18.05356616154313">
        <ele>0.0</ele>
      </trkpt>
      <trkpt lat="54.877663515508175" lon="18.053735308349133">
        <ele>0.0</ele>
      </trkpt>
      <trkpt lat="54.877656223252416" lon="18.05411735549569">
        <ele>0.0</ele>
      </trkpt>
      <trkpt lat="54.87754893489182" lon="18.056331602856517">
        <ele>0.0</ele>
      </trkpt>
      <trkpt lat="54.877536194399" lon="18.056376026943326">
        <ele>0.0</ele>
      </trkpt>
      <trkpt lat="54.87748824991286" lon="18.05678380653262">
        <ele>0.0</ele>
      </trkpt>
      <trkpt lat="54.877479784190655" lon="18.057165183126926">
        <ele>0.0</ele>
      </trkpt>
      <trkpt lat="54.877398228272796" lon="18.0592127982527">
        <ele>0.0</ele>
      </trkpt>
      <trkpt lat="54.87739361822605" lon="18.05934456177056">
        <ele>0.0</ele>
      </trkpt>
      <trkpt lat="54.87737107090652" lon="18.059603814035654">
        <ele>0.0</ele>
      </trkpt>
      <trkpt lat="54.877311727032065" lon="18.059947723522782">
        <ele>0.0</ele>
      </trkpt>
      <trkpt lat="54.877063455060124" lon="18.061941526830196">
        <ele>0.0</ele>
      </trkpt>
      <trkpt lat="54.87706898711622" lon="18.061989471316338">
        <ele>0.0</ele>
      </trkpt>
      <trkpt lat="54.87705876119435" lon="18.06241510435939">
        <ele>0.0</ele>
      </trkpt>
      <trkpt lat="54.877046439796686" lon="18.062810730189085">
        <ele>0.0</ele>
      </trkpt>
      <trkpt lat="54.876834377646446" lon="18.0647802259773">
        <ele>0.0</ele>
      </trkpt>
      <trkpt lat="54.87682767212391" lon="18.064833786338568">
        <ele>0.0</ele>
      </trkpt>
      <trkpt lat="54.87676916643977" lon="18.065219689160585">
        <ele>0.0</ele>
      </trkpt>
      <trkpt lat="54.87674326635897" lon="18.06562109850347">
        <ele>0.0</ele>
      </trkpt>
      <trkpt lat="54.87631612457335" lon="18.06722321547568">
        <ele>0.0</ele>
      </trkpt>
      <trkpt lat="54.87631327472627" lon="18.067263113334775">
        <ele>0.0</ele>
      </trkpt>
      <trkpt lat="54.87629575654864" lon="18.06766108609736">
        <ele>0.0</ele>
      </trkpt>
      <trkpt lat="54.8762721195817" lon="18.068068781867623">
        <ele>0.0</ele>
      </trkpt>
      <trkpt lat="54.87633531913161" lon="18.06992386467755">
        <ele>0.0</ele>
      </trkpt>
      <trkpt lat="54.876325679942966" lon="18.070070799440145">
        <ele>0.0</ele>
      </trkpt>
      <trkpt lat="54.8763289488852" lon="18.070533061400056">
        <ele>0.0</ele>
      </trkpt>
      <trkpt lat="54.8763273563236" lon="18.07088208384812">
        <ele>0.0</ele>
      </trkpt>
      <trkpt lat="54.87626725807786" lon="18.07251513004303">
        <ele>0.0</ele>
      </trkpt>
      <trkpt lat="54.87624228000641" lon="18.07267933152616">
        <ele>0.0</ele>
      </trkpt>
      <trkpt lat="54.876234820112586" lon="18.073109993711114">
        <ele>0.0</ele>
      </trkpt>
      <trkpt lat="54.87602627836168" lon="18.07502081617713">
        <ele>0.0</ele>
      </trkpt>
      <trkpt lat="54.8760250210762" lon="18.07507303543389">
        <ele>0.0</ele>
      </trkpt>
      <trkpt lat="54.87600431777537" lon="18.075396325439215">
        <ele>0.0</ele>
      </trkpt>
      <trkpt lat="54.875977328047156" lon="18.075764290988445">
        <ele>0.0</ele>
      </trkpt>
      <trkpt lat="54.87578546628356" lon="18.07778801769018">
        <ele>0.0</ele>
      </trkpt>
      <trkpt lat="54.87578295171261" lon="18.077816097065806">
        <ele>0.0</ele>
      </trkpt>
      <trkpt lat="54.87574347294867" lon="18.078085239976645">
        <ele>0.0</ele>
      </trkpt>
      <trkpt lat="54.8756883200258" lon="18.078424707055092">
        <ele>0.0</ele>
      </trkpt>
      <trkpt lat="54.87550903111696" lon="18.080429239198565">
        <ele>0.0</ele>
      </trkpt>
      <trkpt lat="54.87548841163516" lon="18.080458575859666">
        <ele>0.0</ele>
      </trkpt>
      <trkpt lat="54.875487238168716" lon="18.080846490338445">
        <ele>0.0</ele>
      </trkpt>
      <trkpt lat="54.875450944527984" lon="18.081275057047606">
        <ele>0.0</ele>
      </trkpt>
      <trkpt lat="54.87534030340612" lon="18.083011535927653">
        <ele>0.0</ele>
      </trkpt>
      <trkpt lat="54.875323958694935" lon="18.083279505372047">
        <ele>0.0</ele>
      </trkpt>
      <trkpt lat="54.87526495009661" lon="18.083687955513597">
        <ele>0.0</ele>
      </trkpt>
      <trkpt lat="54.87495389766991" lon="18.08544471859932">
        <ele>0.0</ele>
      </trkpt>
      <trkpt lat="54.87494744360447" lon="18.085493249818683">
        <ele>0.0</ele>
      </trkpt>
      <trkpt lat="54.8749562446028" lon="18.08595626614988">
        <ele>0.0</ele>
      </trkpt>
      <trkpt lat="54.87498407252133" lon="18.086337223649025">
        <ele>0.0</ele>
      </trkpt>
      <trkpt lat="54.875058671459556" lon="18.08815953321755">
        <ele>0.0</ele>
      </trkpt>
      <trkpt lat="54.87506655044854" lon="18.088428508490324">
        <ele>0.0</ele>
      </trkpt>
      <trkpt lat="54.87506034784019" lon="18.088773926720023">
        <ele>0.0</ele>
      </trkpt>
      <trkpt lat="54.87503159791231" lon="18.089283043518662">
        <ele>0.0</ele>
      </trkpt>
      <trkpt lat="54.87490218132734" lon="18.090745601803064">
        <ele>0.0</ele>
      </trkpt>
      <trkpt lat="54.87489145249128" lon="18.090871665626764">
        <ele>0.0</ele>
      </trkpt>
      <trkpt lat="54.87488524988294" lon="18.091234853491187">
        <ele>0.0</ele>
      </trkpt>
      <trkpt lat="54.87487946636975" lon="18.0915813613683">
        <ele>0.0</ele>
      </trkpt>
      <trkpt lat="54.874747870489955" lon="18.0932305008173">
        <ele>0.0</ele>
      </trkpt>
      <trkpt lat="54.87474502064288" lon="18.093267884105444">
        <ele>0.0</ele>
      </trkpt>
      <trkpt lat="54.87473311834037" lon="18.0936879850924">
        <ele>0.0</ele>
      </trkpt>
      <trkpt lat="54.87470788881183" lon="18.09401429258287">
        <ele>0.0</ele>
      </trkpt>
      <trkpt lat="54.874374540522695" lon="18.095854874700308">
        <ele>0.0</ele>
      </trkpt>
      <trkpt lat="54.87433732487261" lon="18.096143128350377">
        <ele>0.0</ele>
      </trkpt>
      <trkpt lat="54.874295918270946" lon="18.09652148745954">
        <ele>0.0</ele>
      </trkpt>
      <trkpt lat="54.87425643950701" lon="18.098385790362954">
        <ele>0.0</ele>
      </trkpt>
      <trkpt lat="54.874257277697325" lon="18.098427699878812">
        <ele>0.0</ele>
      </trkpt>
      <trkpt lat="54.8742532543838" lon="18.098837910220027">
        <ele>0.0</ele>
      </trkpt>
      <trkpt lat="54.87427328713238" lon="18.09928181581199">
        <ele>0.0</ele>
      </trkpt>
      <trkpt lat="54.87441594712436" lon="18.101172102615237">
        <ele>0.0</ele>
      </trkpt>
      <trkpt lat="54.87442307174206" lon="18.101293556392193">
        <ele>0.0</ele>
      </trkpt>
      <trkpt lat="54.87442089244723" lon="18.10168826021254">
        <ele>0.0</ele>
      </trkpt>
      <trkpt lat="54.87439692020416" lon="18.102041305974126">
        <ele>0.0</ele>
      </trkpt>
      <trkpt lat="54.87431846559048" lon="18.103771079331636">
        <ele>0.0</ele>
      </trkpt>
      <trkpt lat="54.87433422356844" lon="18.103919019922614">
        <ele>0.0</ele>
      </trkpt>
      <trkpt lat="54.87434612587094" lon="18.10431162826717">
        <ele>0.0</ele>
      </trkpt>
      <trkpt lat="54.8743761330843" lon="18.104589404538274">
        <ele>0.0</ele>
      </trkpt>
      <trkpt lat="54.87453547306359" lon="18.106683287769556">
        <ele>0.0</ele>
      </trkpt>
      <trkpt lat="54.87453740090132" lon="18.106736429035664">
        <ele>0.0</ele>
      </trkpt>
      <trkpt lat="54.87450052052736" lon="18.107110764831305">
        <ele>0.0</ele>
      </trkpt>
      <trkpt lat="54.874456683173776" lon="18.10761828906834">
        <ele>0.0</ele>
      </trkpt>
      <trkpt lat="54.874411253258586" lon="18.109741006046534">
        <ele>0.0</ele>
      </trkpt>
      <trkpt lat="54.874449307098985" lon="18.109837397933006">
        <ele>0.0</ele>
      </trkpt>
      <trkpt lat="54.87450001761317" lon="18.11018549837172">
        <ele>0.0</ele>
      </trkpt>
      <trkpt lat="54.8745347186923" lon="18.110569892451167">
        <ele>0.0</ele>
      </trkpt>
      <trkpt lat="54.87462884746492" lon="18.112671319395304">
        <ele>0.0</ele>
      </trkpt>
      <trkpt lat="54.874649131670594" lon="18.11286360025406">
        <ele>0.0</ele>
      </trkpt>
      <trkpt lat="54.874688778072596" lon="18.11334245838225">
        <ele>0.0</ele>
      </trkpt>
      <trkpt lat="54.87470864318311" lon="18.11376373283565">
        <ele>0.0</ele>
      </trkpt>
      <trkpt lat="54.8746417555958" lon="18.1156521756202">
        <ele>0.0</ele>
      </trkpt>
      <trkpt lat="54.87458718940616" lon="18.11592349782586">
        <ele>0.0</ele>
      </trkpt>
      <trkpt lat="54.87449892796576" lon="18.116519870236516">
        <ele>0.0</ele>
      </trkpt>
      <trkpt lat="54.874530863016844" lon="18.118821205571294">
        <ele>0.0</ele>
      </trkpt>
      <trkpt lat="54.874559193849564" lon="18.118981551378965">
        <ele>0.0</ele>
      </trkpt>
      <trkpt lat="54.874587105587125" lon="18.119411040097475">
        <ele>0.0</ele>
      </trkpt>
      <trkpt lat="54.87459557130933" lon="18.11997413635254">
        <ele>0.0</ele>
      </trkpt>
      <trkpt lat="54.8744794819504" lon="18.12179678119719">
        <ele>0.0</ele>
      </trkpt>
      <trkpt lat="54.87446364015341" lon="18.121987469494343">
        <ele>0.0</ele>
      </trkpt>
      <trkpt lat="54.874411169439554" lon="18.122448474168777">
        <ele>0.0</ele>
      </trkpt>
      <trkpt lat="54.87411520443857" lon="18.124630451202393">
        <ele>0.0</ele>
      </trkpt>
      <trkpt lat="54.87413456663489" lon="18.12469675205648">
        <ele>0.0</ele>
      </trkpt>
      <trkpt lat="54.87418628297746" lon="18.12507251277566">
        <ele>0.0</ele>
      </trkpt>
      <trkpt lat="54.874211428686976" lon="18.12556503340602">
        <ele>0.0</ele>
      </trkpt>
      <trkpt lat="54.87432550638914" lon="18.127676686272025">
        <ele>0.0</ele>
      </trkpt>
      <trkpt lat="54.87435467541218" lon="18.12791431322694">
        <ele>0.0</ele>
      </trkpt>
      <trkpt lat="54.87439038231969" lon="18.128383113071322">
        <ele>0.0</ele>
      </trkpt>
      <trkpt lat="54.87455642782152" lon="18.13071328215301">
        <ele>0.0</ele>
      </trkpt>
      <trkpt lat="54.874578304588795" lon="18.130774553865194">
        <ele>0.0</ele>
      </trkpt>
      <trkpt lat="54.87448568455875" lon="18.131118211895227">
        <ele>0.0</ele>
      </trkpt>
      <trkpt lat="54.87455609254539" lon="18.13170226290822">
        <ele>0.0</ele>
      </trkpt>
      <trkpt lat="54.87464192323387" lon="18.133408315479755">
        <ele>0.0</ele>
      </trkpt>
      <trkpt lat="54.8746901191771" lon="18.13374124467373">
        <ele>0.0</ele>
      </trkpt>
      <trkpt lat="54.87462205812335" lon="18.134104600176215">
        <ele>0.0</ele>
      </trkpt>
      <trkpt lat="54.87457562237978" lon="18.136506685987115">
        <ele>0.0</ele>
      </trkpt>
      <trkpt lat="54.87455986440182" lon="18.136554714292288">
        <ele>0.0</ele>
      </trkpt>
      <trkpt lat="54.87463245168328" lon="18.136998871341348">
        <ele>0.0</ele>
      </trkpt>
      <trkpt lat="54.87470956519246" lon="18.13753455877304">
        <ele>0.0</ele>
      </trkpt>
      <trkpt lat="54.874927746132016" lon="18.139478154480457">
        <ele>0.0</ele>
      </trkpt>
      <trkpt lat="54.87498524598777" lon="18.13977395184338">
        <ele>0.0</ele>
      </trkpt>
      <trkpt lat="54.875011229887605" lon="18.140254402533174">
        <ele>0.0</ele>
      </trkpt>
      <trkpt lat="54.87512790597975" lon="18.142669731751084">
        <ele>0.0</ele>
      </trkpt>
      <trkpt lat="54.875199403613806" lon="18.142972737550735">
        <ele>0.0</ele>
      </trkpt>
      <trkpt lat="54.87521281465888" lon="18.14346542581916">
        <ele>0.0</ele>
      </trkpt>
      <trkpt lat="54.87508951686323" lon="18.14548605121672">
        <ele>0.0</ele>
      </trkpt>
      <trkpt lat="54.87507266923785" lon="18.145505161955953">
        <ele>0.0</ele>
      </trkpt>
      <trkpt lat="54.875187668949366" lon="18.145981002599">
        <ele>0.0</ele>
      </trkpt>
      <trkpt lat="54.87517828121781" lon="18.14642172306776">
        <ele>0.0</ele>
      </trkpt>
      <trkpt lat="54.875249695032835" lon="18.14849448390305">
        <ele>0.0</ele>
      </trkpt>
      <trkpt lat="54.87525086849928" lon="18.148649213835597">
        <ele>0.0</ele>
      </trkpt>
      <trkpt lat="54.87525883130729" lon="18.14911935478449">
        <ele>0.0</ele>
      </trkpt>
      <trkpt lat="54.8750616889447" lon="18.151399483904243">
        <ele>0.0</ele>
      </trkpt>
      <trkpt lat="54.87495775334537" lon="18.151726881042123">
        <ele>0.0</ele>
      </trkpt>
      <trkpt lat="54.874838814139366" lon="18.152086716145277">
        <ele>0.0</ele>
      </trkpt>
      <trkpt lat="54.87474334426224" lon="18.154215216636658">
        <ele>0.0</ele>
      </trkpt>
      <trkpt lat="54.874754240736365" lon="18.154262071475387">
        <ele>0.0</ele>
      </trkpt>
      <trkpt lat="54.87478508614004" lon="18.154631378129125">
        <ele>0.0</ele>
      </trkpt>
      <trkpt lat="54.87477435730398" lon="18.155057514086366">
        <ele>0.0</ele>
      </trkpt>
      <trkpt lat="54.874729262664914" lon="18.157166065648198">
        <ele>0.0</ele>
      </trkpt>
      <trkpt lat="54.87470713444054" lon="18.15736840479076">
        <ele>0.0</ele>
      </trkpt>
      <trkpt lat="54.87471434287727" lon="18.157797642052174">
        <ele>0.0</ele>
      </trkpt>
      <trkpt lat="54.87471652217209" lon="18.15836627036333">
        <ele>0.0</ele>
      </trkpt>
      <trkpt lat="54.874684335663915" lon="18.160118591040373">
        <ele>0.0</ele>
      </trkpt>
      <trkpt lat="54.87471937201917" lon="18.160205092281103">
        <ele>0.0</ele>
      </trkpt>
      <trkpt lat="54.87472750246525" lon="18.160518240183592">
        <ele>0.0</ele>
      </trkpt>
      <trkpt lat="54.8747384827584" lon="18.160878745839">
        <ele>0.0</ele>
      </trkpt>
      <trkpt lat="54.87457470037043" lon="18.162922421470284">
        <ele>0.0</ele>
      </trkpt>
      <trkpt lat="54.87457604147494" lon="18.163063321262598">
        <ele>0.0</ele>
      </trkpt>
      <trkpt lat="54.87456254661083" lon="18.16343866288662">
        <ele>0.0</ele>
      </trkpt>
      <trkpt lat="54.87457612529397" lon="18.16379145719111">
        <ele>0.0</ele>
      </trkpt>
      <trkpt lat="54.874677965417504" lon="18.165895650163293">
        <ele>0.0</ele>
      </trkpt>
      <trkpt lat="54.87469229847193" lon="18.166017439216375">
        <ele>0.0</ele>
      </trkpt>
      <trkpt lat="54.874712247401476" lon="18.16646126098931">
        <ele>0.0</ele>
      </trkpt>
      <trkpt lat="54.87473202869296" lon="18.166842134669423">
        <ele>0.0</ele>
      </trkpt>
      <trkpt lat="54.87474074587226" lon="18.168742479756474">
        <ele>0.0</ele>
      </trkpt>
      <trkpt lat="54.874752815812826" lon="18.168887067586184">
        <ele>0.0</ele>
      </trkpt>
      <trkpt lat="54.87476916052401" lon="18.169152354821563">
        <ele>0.0</ele>
      </trkpt>
      <trkpt lat="54.87477050162852" lon="18.169514955952764">
        <ele>0.0</ele>
      </trkpt>
      <trkpt lat="54.87457009032369" lon="18.171517811715603">
        <ele>0.0</ele>
      </trkpt>
      <trkpt lat="54.87453421577811" lon="18.17159593105316">
        <ele>0.0</ele>
      </trkpt>
      <trkpt lat="54.874490378424525" lon="18.172074118629098">
        <ele>0.0</ele>
      </trkpt>
      <trkpt lat="54.87449029460549" lon="18.172482317313552">
        <ele>0.0</ele>
      </trkpt>
      <trkpt lat="54.874644353985786" lon="18.174434462562203">
        <ele>0.0</ele>
      </trkpt>
      <trkpt lat="54.874660950154066" lon="18.174600591883063">
        <ele>0.0</ele>
      </trkpt>
      <trkpt lat="54.874694058671594" lon="18.17493561655283">
        <ele>0.0</ele>
      </trkpt>
      <trkpt lat="54.87473496235907" lon="18.17523711360991">
        <ele>0.0</ele>
      </trkpt>
      <trkpt lat="54.87489170394838" lon="18.177269473671913">
        <ele>0.0</ele>
      </trkpt>
      <trkpt lat="54.874895475804806" lon="18.177316915243864">
        <ele>0.0</ele>
      </trkpt>
      <trkpt lat="54.875014917925" lon="18.177759060636163">
        <ele>0.0</ele>
      </trkpt>
      <trkpt lat="54.87501743249595" lon="18.17822450771928">
        <ele>0.0</ele>
      </trkpt>
      <trkpt lat="54.87468265928328" lon="18.17997339181602">
        <ele>0.0</ele>
      </trkpt>
      <trkpt lat="54.87466011196375" lon="18.180263321846724">
        <ele>0.0</ele>
      </trkpt>
      <trkpt lat="54.874697495251894" lon="18.180688535794616">
        <ele>0.0</ele>
      </trkpt>
      <trkpt lat="54.8747384827584" lon="18.18114115856588">
        <ele>0.0</ele>
      </trkpt>
      <trkpt lat="54.874837305396795" lon="18.18298727273941">
        <ele>0.0</ele>
      </trkpt>
      <trkpt lat="54.87485742196441" lon="18.183348616585135">
        <ele>0.0</ele>
      </trkpt>
      <trkpt lat="54.87488575279713" lon="18.183835772797465">
        <ele>0.0</ele>
      </trkpt>
      <trkpt lat="54.875205773860216" lon="18.1858769338578">
        <ele>0.0</ele>
      </trkpt>
      <trkpt lat="54.87523175776005" lon="18.18602068349719">
        <ele>0.0</ele>
      </trkpt>
      <trkpt lat="54.87528556957841" lon="18.1863275449723">
        <ele>0.0</ele>
      </trkpt>
      <trkpt lat="54.875346003100276" lon="18.186702132225037">
        <ele>0.0</ele>
      </trkpt>
      <trkpt lat="54.87568127922714" lon="18.18866894580424">
        <ele>0.0</ele>
      </trkpt>
      <trkpt lat="54.87566560506821" lon="18.18872912786901">
        <ele>0.0</ele>
      </trkpt>
      <trkpt lat="54.87570282071829" lon="18.1889904756099">
        <ele>0.0</ele>
      </trkpt>
      <trkpt lat="54.87574640661478" lon="18.189327428117394">
        <ele>0.0</ele>
      </trkpt>
      <trkpt lat="54.87578462809324" lon="18.189704781398177">
        <ele>0.0</ele>
      </trkpt>
      <trkpt lat="54.875894179567695" lon="18.191491970792413">
        <ele>0.0</ele>
      </trkpt>
      <trkpt lat="54.87593097612262" lon="18.19182900711894">
        <ele>0.0</ele>
      </trkpt>
      <trkpt lat="54.87599744461477" lon="18.19217258132994">
        <ele>0.0</ele>
      </trkpt>
      <trkpt lat="54.87616608850658" lon="18.19429663941264">
        <ele>0.0</ele>
      </trkpt>
      <trkpt lat="54.87619433552027" lon="18.194752112030983">
        <ele>0.0</ele>
      </trkpt>
      <trkpt lat="54.876234736293554" lon="18.19520833902061">
        <ele>0.0</ele>
      </trkpt>
      <trkpt lat="54.876322243362665" lon="18.197087477892637">
        <ele>0.0</ele>
      </trkpt>
      <trkpt lat="54.87632727250457" lon="18.197134668007493">
        <ele>0.0</ele>
      </trkpt>
      <trkpt lat="54.87631914205849" lon="18.197441780939698">
        <ele>0.0</ele>
      </trkpt>
      <trkpt lat="54.8763188906014" lon="18.19782055914402">
        <ele>0.0</ele>
      </trkpt>
      <trkpt lat="54.87628729082644" lon="18.20029640570283">
        <ele>0.0</ele>
      </trkpt>
      <trkpt lat="54.87629064358771" lon="18.200463876128197">
        <ele>0.0</ele>
      </trkpt>
      <trkpt lat="54.8762980196625" lon="18.200986655429006">
        <ele>0.0</ele>
      </trkpt>
      <trkpt lat="54.87634931690991" lon="18.202736377716064">
        <ele>0.0</ele>
      </trkpt>
      <trkpt lat="54.87633330747485" lon="18.202860848978162">
        <ele>0.0</ele>
      </trkpt>
      <trkpt lat="54.876304222270846" lon="18.20324474014342">
        <ele>0.0</ele>
      </trkpt>
      <trkpt lat="54.87624043598771" lon="18.203745055943727">
        <ele>0.0</ele>
      </trkpt>
      <trkpt lat="54.876138009130955" lon="18.205529395490885">
        <ele>0.0</ele>
      </trkpt>
      <trkpt lat="54.87616357393563" lon="18.205648083239794">
        <ele>0.0</ele>
      </trkpt>
      <trkpt lat="54.876232305541635" lon="18.20594505406916">
        <ele>0.0</ele>
      </trkpt>
      <trkpt lat="54.87632106989622" lon="18.20639055222273">
        <ele>0.0</ele>
      </trkpt>
      <trkpt lat="54.876587027683854" lon="18.208114793524146">
        <ele>0.0</ele>
      </trkpt>
      <trkpt lat="54.87659951671958" lon="18.20825519040227">
        <ele>0.0</ele>
      </trkpt>
      <trkpt lat="54.87666112370789" lon="18.208769839257002">
        <ele>0.0</ele>
      </trkpt>
      <trkpt lat="54.87683940678835" lon="18.21079021319747">
        <ele>0.0</ele>
      </trkpt>
      <trkpt lat="54.876813339069486" lon="18.21116262115538">
        <ele>0.0</ele>
      </trkpt>
      <trkpt lat="54.876817194744945" lon="18.211620105430484">
        <ele>0.0</ele>
      </trkpt>
      <trkpt lat="54.87704451195896" lon="18.21365204639733">
        <ele>0.0</ele>
      </trkpt>
      <trkpt lat="54.87705742008984" lon="18.213747600093484">
        <ele>0.0</ele>
      </trkpt>
      <trkpt lat="54.877077620476484" lon="18.21398246102035">
        <ele>0.0</ele>
      </trkpt>
      <trkpt lat="54.87709362991154" lon="18.214306170120835">
        <ele>0.0</ele>
      </trkpt>
      <trkpt lat="54.877228159457445" lon="18.216190254315734">
        <ele>0.0</ele>
      </trkpt>
      <trkpt lat="54.877227237448096" lon="18.21629368700087">
        <ele>0.0</ele>
      </trkpt>
      <trkpt lat="54.877247270196676" lon="18.216678500175476">
        <ele>0.0</ele>
      </trkpt>
      <trkpt lat="54.877264788374305" lon="18.217006819322705">
        <ele>0.0</ele>
      </trkpt>
      <trkpt lat="54.87745027989149" lon="18.218821166083217">
        <ele>0.0</ele>
      </trkpt>
      <trkpt lat="54.877498308196664" lon="18.219016380608082">
        <ele>0.0</ele>
      </trkpt>
      <trkpt lat="54.87753418274224" lon="18.219370264559984">
        <ele>0.0</ele>
      </trkpt>
      <trkpt lat="54.87756796181202" lon="18.219713838770986">
        <ele>0.0</ele>
      </trkpt>
      <trkpt lat="54.87757525406778" lon="18.221489964053035">
        <ele>0.0</ele>
      </trkpt>
      <trkpt lat="54.877562345936894" lon="18.22176774032414">
        <ele>0.0</ele>
      </trkpt>
      <trkpt lat="54.877564776688814" lon="18.222176106646657">
        <ele>0.0</ele>
      </trkpt>
      <trkpt lat="54.87777859903872" lon="18.224097406491637">
        <ele>0.0</ele>
      </trkpt>
      <trkpt lat="54.87778413109481" lon="18.224142249673605">
        <ele>0.0</ele>
      </trkpt>
      <trkpt lat="54.877790082246065" lon="18.2244844827801">
        <ele>0.0</ele>
      </trkpt>
      <trkpt lat="54.87780299037695" lon="18.22483886964619">
        <ele>0.0</ele>
      </trkpt>
      <trkpt lat="54.8778263758868" lon="18.225221252068877">
        <ele>0.0</ele>
      </trkpt>
      <trkpt lat="54.87773182801902" lon="18.226819848641753">
        <ele>0.0</ele>
      </trkpt>
      <trkpt lat="54.877711459994316" lon="18.22699612006545">
        <ele>0.0</ele>
      </trkpt>
      <trkpt lat="54.87769360654056" lon="18.227487299591303">
        <ele>0.0</ele>
      </trkpt>
      <trkpt lat="54.87775865010917" lon="18.229423016309738">
        <ele>0.0</ele>
      </trkpt>
      <trkpt lat="54.87776895985007" lon="18.22949300520122">
        <ele>0.0</ele>
      </trkpt>
      <trkpt lat="54.87785336561501" lon="18.2298790756613">
        <ele>0.0</ele>
      </trkpt>
      <trkpt lat="54.877879936248064" lon="18.230268582701683">
        <ele>0.0</ele>
      </trkpt>
      <trkpt lat="54.87787205725908" lon="18.232157276943326">
        <ele>0.0</ele>
      </trkpt>
      <trkpt lat="54.877862920984626" lon="18.2323416788131">
        <ele>0.0</ele>
      </trkpt>
      <trkpt lat="54.8778226878494" lon="18.2326886896044">
        <ele>0.0</ele>
      </trkpt>
      <trkpt lat="54.87759352661669" lon="18.234819620847702">
        <ele>0.0</ele>
      </trkpt>
      <trkpt lat="54.87756410613656" lon="18.2352099660784">
        <ele>0.0</ele>
      </trkpt>
      <trkpt lat="54.87752253189683" lon="18.235735511407256">
        <ele>0.0</ele>
      </trkpt>
      <trkpt lat="54.877572152763605" lon="18.237293623387814">
        <ele>0.0</ele>
      </trkpt>
      <trkpt lat="54.87756469286978" lon="18.237466122955084">
        <ele>0.0</ele>
      </trkpt>
      <trkpt lat="54.877541810274124" lon="18.237872309982777">
        <ele>0.0</ele>
      </trkpt>
      <trkpt lat="54.877530578523874" lon="18.2382579613477">
        <ele>0.0</ele>
      </trkpt>
      <trkpt lat="54.87737291492522" lon="18.240845957770944">
        <ele>0.0</ele>
      </trkpt>
      <trkpt lat="54.87754063680768" lon="18.241014182567596">
        <ele>0.0</ele>
      </trkpt>
      <trkpt lat="54.87769394181669" lon="18.24324586428702">
        <ele>0.0</ele>
      </trkpt>
      <trkpt lat="54.877699641510844" lon="18.243536967784166">
        <ele>0.0</ele>
      </trkpt>
      <trkpt lat="54.87767508253455" lon="18.243917422369123">
        <ele>0.0</ele>
      </trkpt>
      <trkpt lat="54.877673238515854" lon="18.244316736236215">
        <ele>0.0</ele>
      </trkpt>
      <trkpt lat="54.87767885439098" lon="18.246313892304897">
        <ele>0.0</ele>
      </trkpt>
      <trkpt lat="54.877678686752915" lon="18.24660088866949">
        <ele>0.0</ele>
      </trkpt>
      <trkpt lat="54.87764432094991" lon="18.246975392103195">
        <ele>0.0</ele>
      </trkpt>
      <trkpt lat="54.877619594335556" lon="18.247549971565604">
        <ele>0.0</ele>
      </trkpt>
      <trkpt lat="54.87755329348147" lon="18.249415112659335">
        <ele>0.0</ele>
      </trkpt>
      <trkpt lat="54.87753661349416" lon="18.24955316260457">
        <ele>0.0</ele>
      </trkpt>
      <trkpt lat="54.87753611057997" lon="18.24999681673944">
        <ele>0.0</ele>
      </trkpt>
      <trkpt lat="54.87751708365977" lon="18.250387329608202">
        <ele>0.0</ele>
      </trkpt>
      <trkpt lat="54.87742320634425" lon="18.252278538420796">
        <ele>0.0</ele>
      </trkpt>
      <trkpt lat="54.87739169038832" lon="18.25244827196002">
        <ele>0.0</ele>
      </trkpt>
      <trkpt lat="54.8773461766541" lon="18.25284599326551">
        <ele>0.0</ele>
      </trkpt>
      <trkpt lat="54.87727635540068" lon="18.253220077604055">
        <ele>0.0</ele>
      </trkpt>
      <trkpt lat="54.87712422385812" lon="18.25501648709178">
        <ele>0.0</ele>
      </trkpt>
      <trkpt lat="54.87712380476296" lon="18.255071556195617">
        <ele>0.0</ele>
      </trkpt>
      <trkpt lat="54.877093294635415" lon="18.255477575585246">
        <ele>0.0</ele>
      </trkpt>
      <trkpt lat="54.87710578367114" lon="18.25588962994516">
        <ele>0.0</ele>
      </trkpt>
      <trkpt lat="54.877206617966294" lon="18.257750663906336">
        <ele>0.0</ele>
      </trkpt>
      <trkpt lat="54.877214916050434" lon="18.258091807365417">
        <ele>0.0</ele>
      </trkpt>
      <trkpt lat="54.87720393575728" lon="18.258522050455213">
        <ele>0.0</ele>
      </trkpt>
      <trkpt lat="54.87733284942806" lon="18.260534796863794">
        <ele>0.0</ele>
      </trkpt>
      <trkpt lat="54.87732178531587" lon="18.26059330254793">
        <ele>0.0</ele>
      </trkpt>
      <trkpt lat="54.87731055356562" lon="18.260933104902506">
        <ele>0.0</ele>
      </trkpt>
      <trkpt lat="54.87727543339133" lon="18.261302076280117">
        <ele>0.0</ele>
      </trkpt>
      <trkpt lat="54.87719136290252" lon="18.261631652712822">
        <ele>0.0</ele>
      </trkpt>
      <trkpt lat="54.877040069550276" lon="18.263219771906734">
        <ele>0.0</ele>
      </trkpt>
      <trkpt lat="54.87705306150019" lon="18.263333849608898">
        <ele>0.0</ele>
      </trkpt>
      <trkpt lat="54.877078207209706" lon="18.263712460175157">
        <ele>0.0</ele>
      </trkpt>
      <trkpt lat="54.87709497101605" lon="18.2640659250319">
        <ele>0.0</ele>
      </trkpt>
      <trkpt lat="54.87712782807648" lon="18.265679692849517">
        <ele>0.0</ele>
      </trkpt>
      <trkpt lat="54.87717895768583" lon="18.265841966494918">
        <ele>0.0</ele>
      </trkpt>
      <trkpt lat="54.87720837816596" lon="18.26639869250357">
        <ele>0.0</ele>
      </trkpt>
      <trkpt lat="54.877313235774636" lon="18.268578490242362">
        <ele>0.0</ele>
      </trkpt>
      <trkpt lat="54.87732916139066" lon="18.26887797564268">
        <ele>0.0</ele>
      </trkpt>
      <trkpt lat="54.87731985747814" lon="18.26928684487939">
        <ele>0.0</ele>
      </trkpt>
      <trkpt lat="54.877476850524545" lon="18.27114326879382">
        <ele>0.0</ele>
      </trkpt>
      <trkpt lat="54.87748933956027" lon="18.27119691297412">
        <ele>0.0</ele>
      </trkpt>
      <trkpt lat="54.877573661506176" lon="18.271612152457237">
        <ele>0.0</ele>
      </trkpt>
      <trkpt lat="54.87762856297195" lon="18.272156808525324">
        <ele>0.0</ele>
      </trkpt>
      <trkpt lat="54.877644404768944" lon="18.273818101733923">
        <ele>0.0</ele>
      </trkpt>
      <trkpt lat="54.87764432094991" lon="18.273899657651782">
        <ele>0.0</ele>
      </trkpt>
      <trkpt lat="54.87768338061869" lon="18.274233676493168">
        <ele>0.0</ele>
      </trkpt>
      <trkpt lat="54.87773031927645" lon="18.274732902646065">
        <ele>0.0</ele>
      </trkpt>
      <trkpt lat="54.87786350771785" lon="18.276316495612264">
        <ele>0.0</ele>
      </trkpt>
      <trkpt lat="54.87787482328713" lon="18.276592260226607">
        <ele>0.0</ele>
      </trkpt>
      <trkpt lat="54.87789200618863" lon="18.276980593800545">
        <ele>0.0</ele>
      </trkpt>
      <trkpt lat="54.87790281884372" lon="18.27736540697515">
        <ele>0.0</ele>
      </trkpt>
      <trkpt lat="54.87787725403905" lon="18.279010020196438">
        <ele>0.0</ele>
      </trkpt>
      <trkpt lat="54.87788421101868" lon="18.279276061803102">
        <ele>0.0</ele>
      </trkpt>
      <trkpt lat="54.87787482328713" lon="18.279608068987727">
        <ele>0.0</ele>
      </trkpt>
      <trkpt lat="54.87803567200899" lon="18.281681081280112">
        <ele>0.0</ele>
      </trkpt>
      <trkpt lat="54.87809032201767" lon="18.28204988501966">
        <ele>0.0</ele>
      </trkpt>
      <trkpt lat="54.87812217324972" lon="18.28241483308375">
        <ele>0.0</ele>
      </trkpt>
      <trkpt lat="54.8782201576978" lon="18.284172685816884">
        <ele>0.0</ele>
      </trkpt>
      <trkpt lat="54.87820750102401" lon="18.284224988892674">
        <ele>0.0</ele>
      </trkpt>
      <trkpt lat="54.878237592056394" lon="18.28449597582221">
        <ele>0.0</ele>
      </trkpt>
      <trkpt lat="54.878302635625005" lon="18.284953041002154">
        <ele>0.0</ele>
      </trkpt>
      <trkpt lat="54.8783615604043" lon="18.28685757704079">
        <ele>0.0</ele>
      </trkpt>
      <trkpt lat="54.87837564200163" lon="18.28693033196032">
        <ele>0.0</ele>
      </trkpt>
      <trkpt lat="54.87838150933385" lon="18.28727725893259">
        <ele>0.0</ele>
      </trkpt>
      <trkpt lat="54.87836441025138" lon="18.287642039358616">
        <ele>0.0</ele>
      </trkpt>
      <trkpt lat="54.87837949767709" lon="18.28946527093649">
        <ele>0.0</ele>
      </trkpt>
      <trkpt lat="54.87838067114353" lon="18.289644392207265">
        <ele>0.0</ele>
      </trkpt>
      <trkpt lat="54.87837681546807" lon="18.290040688589215">
        <ele>0.0</ele>
      </trkpt>
      <trkpt lat="54.87826080992818" lon="18.292044047266245">
        <ele>0.0</ele>
      </trkpt>
      <trkpt lat="54.87820364534855" lon="18.29240052960813">
        <ele>0.0</ele>
      </trkpt>
      <trkpt lat="54.87816592678428" lon="18.292755419388413">
        <ele>0.0</ele>
      </trkpt>
      <trkpt lat="54.87822485156357" lon="18.294579405337572">
        <ele>0.0</ele>
      </trkpt>
      <trkpt lat="54.878227869048715" lon="18.294599941000342">
        <ele>0.0</ele>
      </trkpt>
      <trkpt lat="54.87825318239629" lon="18.294913843274117">
        <ele>0.0</ele>
      </trkpt>
      <trkpt lat="54.87829953432083" lon="18.295322880148888">
        <ele>0.0</ele>
      </trkpt>
      <trkpt lat="54.87834923900664" lon="18.29723848029971">
        <ele>0.0</ele>
      </trkpt>
      <trkpt lat="54.87835460342467" lon="18.297594459727407">
        <ele>0.0</ele>
      </trkpt>
      <trkpt lat="54.878320237621665" lon="18.297911044210196">
        <ele>0.0</ele>
      </trkpt>
      <trkpt lat="54.87827891483903" lon="18.298173565417528">
        <ele>0.0</ele>
      </trkpt>
      <trkpt lat="54.877874655649066" lon="18.299604188650846">
        <ele>0.0</ele>
      </trkpt>
      <trkpt lat="54.87757885828614" lon="18.30017499625683">
        <ele>0.0</ele>
      </trkpt>
      <trkpt lat="54.877602998167276" lon="18.300381023436785">
        <ele>0.0</ele>
      </trkpt>
      <trkpt lat="54.877133863046765" lon="18.30195816233754">
        <ele>0.0</ele>
      </trkpt>
      <trkpt lat="54.87709254026413" lon="18.302228562533855">
        <ele>0.0</ele>
      </trkpt>
      <trkpt lat="54.877031687647104" lon="18.302469290792942">
        <ele>0.0</ele>
      </trkpt>
      <trkpt lat="54.87668400630355" lon="18.304278776049614">
        <ele>0.0</ele>
      </trkpt>
      <trkpt lat="54.87666506320238" lon="18.3045488409698">
        <ele>0.0</ele>
      </trkpt>
      <trkpt lat="54.87666028551757" lon="18.304875316098332">
        <ele>0.0</ele>
      </trkpt>
      <trkpt lat="54.87653120420873" lon="18.306843722239137">
        <ele>0.0</ele>
      </trkpt>
      <trkpt lat="54.876432716846466" lon="18.307219818234444">
        <ele>0.0</ele>
      </trkpt>
      <trkpt lat="54.876396087929606" lon="18.30762323923409">
        <ele>0.0</ele>
      </trkpt>
      <trkpt lat="54.87606508657336" lon="18.30932359211147">
        <ele>0.0</ele>
      </trkpt>
      <trkpt lat="54.87604790367186" lon="18.309351839125156">
        <ele>0.0</ele>
      </trkpt>
      <trkpt lat="54.87593047320843" lon="18.309608409181237">
        <ele>0.0</ele>
      </trkpt>
      <trkpt lat="54.87589694559574" lon="18.309895992279053">
        <ele>0.0</ele>
      </trkpt>
      <trkpt lat="54.87579183652997" lon="18.311732467263937">
        <ele>0.0</ele>
      </trkpt>
      <trkpt lat="54.875792087987065" lon="18.31177018582821">
        <ele>0.0</ele>
      </trkpt>
      <trkpt lat="54.87575805746019" lon="18.312098421156406">
        <ele>0.0</ele>
      </trkpt>
      <trkpt lat="54.87569116987288" lon="18.312496142461896">
        <ele>0.0</ele>
      </trkpt>
      <trkpt lat="54.87551464699209" lon="18.314028019085526">
        <ele>0.0</ele>
      </trkpt>
      <trkpt lat="54.87561967223883" lon="18.31448114477098">
        <ele>0.0</ele>
      </trkpt>
      <trkpt lat="54.87563509494066" lon="18.31474408507347">
        <ele>0.0</ele>
      </trkpt>
      <trkpt lat="54.87563190981746" lon="18.315134681761265">
        <ele>0.0</ele>
      </trkpt>
      <trkpt lat="54.87549972720444" lon="18.317125299945474">
        <ele>0.0</ele>
      </trkpt>
      <trkpt lat="54.87540241330862" lon="18.317132173106074">
        <ele>0.0</ele>
      </trkpt>
      <trkpt lat="54.87536410801113" lon="18.317396119236946">
        <ele>0.0</ele>
      </trkpt>
      <trkpt lat="54.87530124373734" lon="18.317855447530746">
        <ele>0.0</ele>
      </trkpt>
      <trkpt lat="54.874872928485274" lon="18.319241730496287">
        <ele>0.0</ele>
      </trkpt>
      <trkpt lat="54.874790366739035" lon="18.319289842620492">
        <ele>0.0</ele>
      </trkpt>
      <trkpt lat="54.874707385897636" lon="18.319441806524992">
        <ele>0.0</ele>
      </trkpt>
      <trkpt lat="54.87455575726926" lon="18.319720923900604">
        <ele>0.0</ele>
      </trkpt>
      <trkpt lat="54.874096596613526" lon="18.321052975952625">
        <ele>0.0</ele>
      </trkpt>
      <trkpt lat="54.87447160296142" lon="18.321400322020054">
        <ele>0.0</ele>
      </trkpt>
      <trkpt lat="54.87448870204389" lon="18.32143871113658">
        <ele>0.0</ele>
      </trkpt>
      <trkpt lat="54.87449808977544" lon="18.321846574544907">
        <ele>0.0</ele>
      </trkpt>
      <trkpt lat="54.87426716834307" lon="18.323774663731456">
        <ele>0.0</ele>
      </trkpt>
      <trkpt lat="54.87412962131202" lon="18.324005668982863">
        <ele>0.0</ele>
      </trkpt>
      <trkpt lat="54.8740201536566" lon="18.324268022552133">
        <ele>0.0</ele>
      </trkpt>
      <trkpt lat="54.873477425426245" lon="18.325732173398137">
        <ele>0.0</ele>
      </trkpt>
      <trkpt lat="54.8733242880553" lon="18.325799060985446">
        <ele>0.0</ele>
      </trkpt>
      <trkpt lat="54.87325840629637" lon="18.325951108708978">
        <ele>0.0</ele>
      </trkpt>
      <trkpt lat="54.87315773963928" lon="18.326302897185087">
        <ele>0.0</ele>
      </trkpt>
      <trkpt lat="54.87265205942094" lon="18.327555237337947">
        <ele>0.0</ele>
      </trkpt>
      <trkpt lat="54.87281072884798" lon="18.32795455120504">
        <ele>0.0</ele>
      </trkpt>
      <trkpt lat="54.872837215662" lon="18.328044740483165">
        <ele>0.0</ele>
      </trkpt>
      <trkpt lat="54.87283620983362" lon="18.328513707965612">
        <ele>0.0</ele>
      </trkpt>
      <trkpt lat="54.87282648682594" lon="18.32901008427143">
        <ele>0.0</ele>
      </trkpt>
      <trkpt lat="54.87248903140426" lon="18.330484461039305">
        <ele>0.0</ele>
      </trkpt>
      <trkpt lat="54.87244192510843" lon="18.330561239272356">
        <ele>0.0</ele>
      </trkpt>
      <trkpt lat="54.87234469503164" lon="18.330862652510405">
        <ele>0.0</ele>
      </trkpt>
      <trkpt lat="54.87222525291145" lon="18.331228103488684">
        <ele>0.0</ele>
      </trkpt>
      <trkpt lat="54.87186340615153" lon="18.332452028989792">
        <ele>0.0</ele>
      </trkpt>
      <trkpt lat="54.87180422991514" lon="18.332618745043874">
        <ele>0.0</ele>
      </trkpt>
      <trkpt lat="54.871702305972576" lon="18.33286676555872">
        <ele>0.0</ele>
      </trkpt>
      <trkpt lat="54.87110358662903" lon="18.333857087418437">
        <ele>0.0</ele>
      </trkpt>
      <trkpt lat="54.870976097881794" lon="18.33402489311993">
        <ele>0.0</ele>
      </trkpt>
      <trkpt lat="54.870886662974954" lon="18.334321612492204">
        <ele>0.0</ele>
      </trkpt>
      <trkpt lat="54.87039699219167" lon="18.335587112233043">
        <ele>0.0</ele>
      </trkpt>
      <trkpt lat="54.87034762278199" lon="18.335821302607656">
        <ele>0.0</ele>
      </trkpt>
      <trkpt lat="54.87023865804076" lon="18.336153896525502">
        <ele>0.0</ele>
      </trkpt>
      <trkpt lat="54.87015517428517" lon="18.33644114434719">
        <ele>0.0</ele>
      </trkpt>
      <trkpt lat="54.86974705941975" lon="18.33765492774546">
        <ele>0.0</ele>
      </trkpt>
      <trkpt lat="54.869649996981025" lon="18.337785936892033">
        <ele>0.0</ele>
      </trkpt>
      <trkpt lat="54.86950675025582" lon="18.338060779497027">
        <ele>0.0</ele>
      </trkpt>
      <trkpt lat="54.86936911940575" lon="18.338312823325396">
        <ele>0.0</ele>
      </trkpt>
      <trkpt lat="54.868941055610776" lon="18.33925704471767">
        <ele>0.0</ele>
      </trkpt>
      <trkpt lat="54.86882437951863" lon="18.339633475989103">
        <ele>0.0</ele>
      </trkpt>
      <trkpt lat="54.86870083026588" lon="18.339993814006448">
        <ele>0.0</ele>
      </trkpt>
      <trkpt lat="54.86861877143383" lon="18.34021677263081">
        <ele>0.0</ele>
      </trkpt>
      <trkpt lat="54.8682074714452" lon="18.341329218819737">
        <ele>0.0</ele>
      </trkpt>
      <trkpt lat="54.86807260662317" lon="18.34162342362106">
        <ele>0.0</ele>
      </trkpt>
      <trkpt lat="54.86797177232802" lon="18.341917879879475">
        <ele>0.0</ele>
      </trkpt>
      <trkpt lat="54.867877224460244" lon="18.342122985050082">
        <ele>0.0</ele>
      </trkpt>
      <trkpt lat="54.86735763028264" lon="18.343211794272065">
        <ele>0.0</ele>
      </trkpt>
      <trkpt lat="54.86720860004425" lon="18.34349057637155">
        <ele>0.0</ele>
      </trkpt>
      <trkpt lat="54.86708588898182" lon="18.343722838908434">
        <ele>0.0</ele>
      </trkpt>
      <trkpt lat="54.866949347779155" lon="18.343857284635305">
        <ele>0.0</ele>
      </trkpt>
      <trkpt lat="54.866387927904725" lon="18.34488901309669">
        <ele>0.0</ele>
      </trkpt>
      <trkpt lat="54.86645850352943" lon="18.345222864300013">
        <ele>0.0</ele>
      </trkpt>
      <trkpt lat="54.86637158319354" lon="18.345543388277292">
        <ele>0.0</ele>
      </trkpt>
      <trkpt lat="54.86624057404697" lon="18.345907162874937">
        <ele>0.0</ele>
      </trkpt>
      <trkpt lat="54.86582173034549" lon="18.34694216027856">
        <ele>0.0</ele>
      </trkpt>
      <trkpt lat="54.865801110863686" lon="18.347011813893914">
        <ele>0.0</ele>
      </trkpt>
      <trkpt lat="54.865706730633974" lon="18.347292440012097">
        <ele>0.0</ele>
      </trkpt>
      <trkpt lat="54.865566501393914" lon="18.347568958997726">
        <ele>0.0</ele>
      </trkpt>
      <trkpt lat="54.86523063853383" lon="18.34876723587513">
        <ele>0.0</ele>
      </trkpt>
      <trkpt lat="54.86521102488041" lon="18.34893437102437">
        <ele>0.0</ele>
      </trkpt>
      <trkpt lat="54.86510742455721" lon="18.349250620231032">
        <ele>0.0</ele>
      </trkpt>
      <trkpt lat="54.86460819840431" lon="18.350817868486047">
        <ele>0.0</ele>
      </trkpt>
      <trkpt lat="54.86443008296192" lon="18.350997744128108">
        <ele>0.0</ele>
      </trkpt>
      <trkpt lat="54.86423285678029" lon="18.351196562871337">
        <ele>0.0</ele>
      </trkpt>
      <trkpt lat="54.86358728259802" lon="18.352242624387145">
        <ele>0.0</ele>
      </trkpt>
      <trkpt lat="54.86360949464142" lon="18.352579325437546">
        <ele>0.0</ele>
      </trkpt>
      <trkpt lat="54.863498602062464" lon="18.35284478031099">
        <ele>0.0</ele>
      </trkpt>
      <trkpt lat="54.86339919269085" lon="18.353145187720656">
        <ele>0.0</ele>
      </trkpt>
      <trkpt lat="54.86305134370923" lon="18.354092678055167">
        <ele>0.0</ele>
      </trkpt>
      <trkpt lat="54.86291069537401" lon="18.35433022119105">
        <ele>0.0</ele>
      </trkpt>
      <trkpt lat="54.86275026574731" lon="18.354548402130604">
        <ele>0.0</ele>
      </trkpt>
      <trkpt lat="54.86262931488454" lon="18.354675890877843">
        <ele>0.0</ele>
      </trkpt>
      <trkpt lat="54.86209128051996" lon="18.35566269233823">
        <ele>0.0</ele>
      </trkpt>
      <trkpt lat="54.862132519483566" lon="18.355905935168266">
        <ele>0.0</ele>
      </trkpt>
      <trkpt lat="54.86213310621679" lon="18.355933846905828">
        <ele>0.0</ele>
      </trkpt>
      <trkpt lat="54.862046940252185" lon="18.35622377693653">
        <ele>0.0</ele>
      </trkpt>
      <trkpt lat="54.861933114007115" lon="18.35649442858994">
        <ele>0.0</ele>
      </trkpt>
      <trkpt lat="54.86153304576874" lon="18.357592206448317">
        <ele>0.0</ele>
      </trkpt>
      <trkpt lat="54.86113163642585" lon="18.357969727367163">
        <ele>0.0</ele>
      </trkpt>
      <trkpt lat="54.861041866242886" lon="18.358070896938443">
        <ele>0.0</ele>
      </trkpt>
      <trkpt lat="54.86094832420349" lon="18.358181873336434">
        <ele>0.0</ele>
      </trkpt>
      <trkpt lat="54.86036108806729" lon="18.359113857150078">
        <ele>0.0</ele>
      </trkpt>
      <trkpt lat="54.860231252387166" lon="18.359325751662254">
        <ele>0.0</ele>
      </trkpt>
      <trkpt lat="54.8601208627224" lon="18.359518703073263">
        <ele>0.0</ele>
      </trkpt>
      <trkpt lat="54.859552066773176" lon="18.360574822872877">
        <ele>0.0</ele>
      </trkpt>
      <trkpt lat="54.859424745664" lon="18.3609707839787">
        <ele>0.0</ele>
      </trkpt>
      <trkpt lat="54.85932215116918" lon="18.361251074820757">
        <ele>0.0</ele>
      </trkpt>
      <trkpt lat="54.85919659025967" lon="18.36146674118936">
        <ele>0.0</ele>
      </trkpt>
      <trkpt lat="54.85868001356721" lon="18.362349858507514">
        <ele>0.0</ele>
      </trkpt>
      <trkpt lat="54.85857901163399" lon="18.362511293962598">
        <ele>0.0</ele>
      </trkpt>
      <trkpt lat="54.85847029834986" lon="18.362873727455735">
        <ele>0.0</ele>
      </trkpt>
      <trkpt lat="54.85812940634787" lon="18.364524459466338">
        <ele>0.0</ele>
      </trkpt>
      <trkpt lat="54.858117420226336" lon="18.364566368982196">
        <ele>0.0</ele>
      </trkpt>
      <trkpt lat="54.85802195034921" lon="18.364900890737772">
        <ele>0.0</ele>
      </trkpt>
      <trkpt lat="54.85791868530214" lon="18.365215295925736">
        <ele>0.0</ele>
      </trkpt>
      <trkpt lat="54.85739590600133" lon="18.366513988003135">
        <ele>0.0</ele>
      </trkpt>
      <trkpt lat="54.85733245499432" lon="18.36656805127859">
        <ele>0.0</ele>
      </trkpt>
      <trkpt lat="54.8572229873389" lon="18.36675178259611">
        <ele>0.0</ele>
      </trkpt>
      <trkpt lat="54.85667263157666" lon="18.368060030043125">
        <ele>0.0</ele>
      </trkpt>
      <trkpt lat="54.8565667681396" lon="18.368408381938934">
        <ele>0.0</ele>
      </trkpt>
      <trkpt lat="54.85643668100238" lon="18.368839966133237">
        <ele>0.0</ele>
      </trkpt>
      <trkpt lat="54.855862352997065" lon="18.370209904387593">
        <ele>0.0</ele>
      </trkpt>
      <trkpt lat="54.85582681372762" lon="18.37015852332115">
        <ele>0.0</ele>
      </trkpt>
      <trkpt lat="54.85568038187921" lon="18.370418781414628">
        <ele>0.0</ele>
      </trkpt>
      <trkpt lat="54.8551129270345" lon="18.37169031612575">
        <ele>0.0</ele>
      </trkpt>
      <trkpt lat="54.85481939278543" lon="18.371891817077994">
        <ele>0.0</ele>
      </trkpt>
      <trkpt lat="54.85466432757676" lon="18.372085439041257">
        <ele>0.0</ele>
      </trkpt>
      <trkpt lat="54.853941639885306" lon="18.373245829716325">
        <ele>0.0</ele>
      </trkpt>
      <trkpt lat="54.85385631211102" lon="18.37337113916874">
        <ele>0.0</ele>
      </trkpt>
      <trkpt lat="54.85372991301119" lon="18.373644137755036">
        <ele>0.0</ele>
      </trkpt>
      <trkpt lat="54.853285839781165" lon="18.37473931722343">
        <ele>0.0</ele>
      </trkpt>
      <trkpt lat="54.85311887226999" lon="18.375015249475837">
        <ele>0.0</ele>
      </trkpt>
      <trkpt lat="54.85299037769437" lon="18.37533736601472">
        <ele>0.0</ele>
      </trkpt>
      <trkpt lat="54.85283028334379" lon="18.375648334622383">
        <ele>0.0</ele>
      </trkpt>
      <trkpt lat="54.85232334583998" lon="18.37678332813084">
        <ele>0.0</ele>
      </trkpt>
      <trkpt lat="54.85224715434015" lon="18.37693872861564">
        <ele>0.0</ele>
      </trkpt>
      <trkpt lat="54.85210793092847" lon="18.377222456037998">
        <ele>0.0</ele>
      </trkpt>
      <trkpt lat="54.85144249163568" lon="18.378140358254313">
        <ele>0.0</ele>
      </trkpt>
      <trkpt lat="54.85133981332183" lon="18.378612091764808">
        <ele>0.0</ele>
      </trkpt>
      <trkpt lat="54.85119329765439" lon="18.378847539424896">
        <ele>0.0</ele>
      </trkpt>
      <trkpt lat="54.85065291635692" lon="18.379783378914">
        <ele>0.0</ele>
      </trkpt>
      <trkpt lat="54.85040129162371" lon="18.38014405220747">
        <ele>0.0</ele>
      </trkpt>
      <trkpt lat="54.850261984393" lon="18.380370866507292">
        <ele>0.0</ele>
      </trkpt>
      <trkpt lat="54.84980324283242" lon="18.381335455924273">
        <ele>0.0</ele>
      </trkpt>
      <trkpt lat="54.84967902302742" lon="18.38164458051324">
        <ele>0.0</ele>
      </trkpt>
      <trkpt lat="54.8495539650321" lon="18.381949765607715">
        <ele>0.0</ele>
      </trkpt>
      <trkpt lat="54.84940971247852" lon="18.382300632074475">
        <ele>0.0</ele>
      </trkpt>
      <trkpt lat="54.848918449133635" lon="18.383336383849382">
        <ele>0.0</ele>
      </trkpt>
      <trkpt lat="54.84885851852596" lon="18.383408468216658">
        <ele>0.0</ele>
      </trkpt>
      <trkpt lat="54.84873161651194" lon="18.383693117648363">
        <ele>0.0</ele>
      </trkpt>
      <trkpt lat="54.848605720326304" lon="18.38394407182932">
        <ele>0.0</ele>
      </trkpt>
      <trkpt lat="54.848107416182756" lon="18.38488284498453">
        <ele>0.0</ele>
      </trkpt>
      <trkpt lat="54.84805771149695" lon="18.385258773341775">
        <ele>0.0</ele>
      </trkpt>
      <trkpt lat="54.84796383418143" lon="18.385569993406534">
        <ele>0.0</ele>
      </trkpt>
      <trkpt lat="54.84736301936209" lon="18.386900955811143">
        <ele>0.0</ele>
      </trkpt>
      <trkpt lat="54.84718398191035" lon="18.387286690995097">
        <ele>0.0</ele>
      </trkpt>
      <trkpt lat="54.84708624891937" lon="18.387496238574386">
        <ele>0.0</ele>
      </trkpt>
      <trkpt lat="54.846953731030226" lon="18.387757251039147">
        <ele>0.0</ele>
      </trkpt>
      <trkpt lat="54.846449475735426" lon="18.38877037167549">
        <ele>0.0</ele>
      </trkpt>
      <trkpt lat="54.84634118154645" lon="18.38886894285679">
        <ele>0.0</ele>
      </trkpt>
      <trkpt lat="54.84616088680923" lon="18.389148646965623">
        <ele>0.0</ele>
      </trkpt>
      <trkpt lat="54.84553987160325" lon="18.390372321009636">
        <ele>0.0</ele>
      </trkpt>
      <trkpt lat="54.84541724435985" lon="18.390555884689093">
        <ele>0.0</ele>
      </trkpt>
      <trkpt lat="54.84526653774083" lon="18.39079317636788">
        <ele>0.0</ele>
      </trkpt>
      <trkpt lat="54.84514801762998" lon="18.391064582392573">
        <ele>0.0</ele>
      </trkpt>
      <trkpt lat="54.84466907568276" lon="18.39200838468969">
        <ele>0.0</ele>
      </trkpt>
      <trkpt lat="54.844665387645364" lon="18.392324466258287">
        <ele>0.0</ele>
      </trkpt>
      <trkpt lat="54.84454167075455" lon="18.3926138933748">
        <ele>0.0</ele>
      </trkpt>
      <trkpt lat="54.84402006492019" lon="18.39363019913435">
        <ele>0.0</ele>
      </trkpt>
      <trkpt lat="54.843878243118525" lon="18.3941232226789">
        <ele>0.0</ele>
      </trkpt>
      <trkpt lat="54.84376844018698" lon="18.39430896565318">
        <ele>0.0</ele>
      </trkpt>
      <trkpt lat="54.84365033917129" lon="18.394524296745658">
        <ele>0.0</ele>
      </trkpt>
      <trkpt lat="54.843181790784" lon="18.395680747926235">
        <ele>0.0</ele>
      </trkpt>
      <trkpt lat="54.84309042803943" lon="18.39595307596028">
        <ele>0.0</ele>
      </trkpt>
      <trkpt lat="54.84296821989119" lon="18.39622817002237">
        <ele>0.0</ele>
      </trkpt>
      <trkpt lat="54.84284760430455" lon="18.396487589925528">
        <ele>0.0</ele>
      </trkpt>
      <trkpt lat="54.84232725575566" lon="18.39781293645501">
        <ele>0.0</ele>
      </trkpt>
      <trkpt lat="54.84220161102712" lon="18.397820396348834">
        <ele>0.0</ele>
      </trkpt>
      <trkpt lat="54.842088371515274" lon="18.397974371910095">
        <ele>0.0</ele>
      </trkpt>
      <trkpt lat="54.841990135610104" lon="18.39814175851643">
        <ele>0.0</ele>
      </trkpt>
      <trkpt lat="54.841856863349676" lon="18.39831031858921">
        <ele>0.0</ele>
      </trkpt>
      <trkpt lat="54.84128404408693" lon="18.399075167253613">
        <ele>0.0</ele>
      </trkpt>
      <trkpt lat="54.84127809293568" lon="18.399433493614197">
        <ele>0.0</ele>
      </trkpt>
      <trkpt lat="54.841100396588445" lon="18.39970339089632">
        <ele>0.0</ele>
      </trkpt>
      <trkpt lat="54.84037309885025" lon="18.40074903331697">
        <ele>0.0</ele>
      </trkpt>
      <trkpt lat="54.84039665199816" lon="18.40086436830461">
        <ele>0.0</ele>
      </trkpt>
      <trkpt lat="54.84027243219316" lon="18.401093278080225">
        <ele>0.0</ele>
      </trkpt>
      <trkpt lat="54.84015609137714" lon="18.40142000466585">
        <ele>0.0</ele>
      </trkpt>
      <trkpt lat="54.839702462777495" lon="18.402711153030396">
        <ele>0.0</ele>
      </trkpt>
      <trkpt lat="54.83958704397082" lon="18.402747781947255">
        <ele>0.0</ele>
      </trkpt>
      <trkpt lat="54.83943206258118" lon="18.403085488826036">
        <ele>0.0</ele>
      </trkpt>
      <trkpt lat="54.83929476700723" lon="18.40342126786709">
        <ele>0.0</ele>
      </trkpt>
      <trkpt lat="54.838943062350154" lon="18.40449733659625">
        <ele>0.0</ele>
      </trkpt>
      <trkpt lat="54.838752038776875" lon="18.404642175883055">
        <ele>0.0</ele>
      </trkpt>
      <trkpt lat="54.83859403990209" lon="18.404966723173857">
        <ele>0.0</ele>
      </trkpt>
      <trkpt lat="54.838479962199926" lon="18.40521616861224">
        <ele>0.0</ele>
      </trkpt>
      <trkpt lat="54.8378683347255" lon="18.406386030837893">
        <ele>0.0</ele>
      </trkpt>
      <trkpt lat="54.83780337497592" lon="18.406505975872278">
        <ele>0.0</ele>
      </trkpt>
      <trkpt lat="54.83764177188277" lon="18.40684468857944">
        <ele>0.0</ele>
      </trkpt>
      <trkpt lat="54.837113628163934" lon="18.408250333741307">
        <ele>0.0</ele>
      </trkpt>
      <trkpt lat="54.836899219080806" lon="18.40838729403913">
        <ele>0.0</ele>
      </trkpt>
      <trkpt lat="54.83677910640836" lon="18.408630285412073">
        <ele>0.0</ele>
      </trkpt>
      <trkpt lat="54.83621886000037" lon="18.409688835963607">
        <ele>0.0</ele>
      </trkpt>
      <trkpt lat="54.8361208755523" lon="18.409897293895483">
        <ele>0.0</ele>
      </trkpt>
      <trkpt lat="54.83602959662676" lon="18.41001246124506">
        <ele>0.0</ele>
      </trkpt>
      <trkpt lat="54.83588215894997" lon="18.410205245018005">
        <ele>0.0</ele>
      </trkpt>
      <trkpt lat="54.83534395694733" lon="18.411222640424967">
        <ele>0.0</ele>
      </trkpt>
      <trkpt lat="54.835271621122956" lon="18.41145884245634">
        <ele>0.0</ele>
      </trkpt>
      <trkpt lat="54.835158633068204" lon="18.411740642040968">
        <ele>0.0</ele>
      </trkpt>
      <trkpt lat="54.83503047376871" lon="18.412004504352808">
        <ele>0.0</ele>
      </trkpt>
      <trkpt lat="54.83459017239511" lon="18.412936739623547">
        <ele>0.0</ele>
      </trkpt>
      <trkpt lat="54.834448266774416" lon="18.413310572504997">
        <ele>0.0</ele>
      </trkpt>
      <trkpt lat="54.834327567368746" lon="18.413589019328356">
        <ele>0.0</ele>
      </trkpt>
      <trkpt lat="54.833723064512014" lon="18.414840437471867">
        <ele>0.0</ele>
      </trkpt>
      <trkpt lat="54.83351728878915" lon="18.414993239566684">
        <ele>0.0</ele>
      </trkpt>
      <trkpt lat="54.83338334597647" lon="18.415284091606736">
        <ele>0.0</ele>
      </trkpt>
      <trkpt lat="54.83276668936014" lon="18.416596027091146">
        <ele>0.0</ele>
      </trkpt>
      <trkpt lat="54.83256292529404" lon="18.416772801429033">
        <ele>0.0</ele>
      </trkpt>
      <trkpt lat="54.8323870729655" lon="18.417051834985614">
        <ele>0.0</ele>
      </trkpt>
      <trkpt lat="54.83169900253415" lon="18.41818179935217">
        <ele>0.0</ele>
      </trkpt>
      <trkpt lat="54.83165709301829" lon="18.41819847933948">
        <ele>0.0</ele>
      </trkpt>
      <trkpt lat="54.83147805556655" lon="18.41843736357987">
        <ele>0.0</ele>
      </trkpt>
      <trkpt lat="54.831340508535504" lon="18.41867440380156">
        <ele>0.0</ele>
      </trkpt>
      <trkpt lat="54.83080130070448" lon="18.419771092012525">
        <ele>0.0</ele>
      </trkpt>
      <trkpt lat="54.830601308494806" lon="18.41981283389032">
        <ele>0.0</ele>
      </trkpt>
      <trkpt lat="54.8304461594671" lon="18.420096645131707">
        <ele>0.0</ele>
      </trkpt>
      <trkpt lat="54.82980888336897" lon="18.421317469328642">
        <ele>0.0</ele>
      </trkpt>
      <trkpt lat="54.82965733855963" lon="18.42163698747754">
        <ele>0.0</ele>
      </trkpt>
      <trkpt lat="54.82954686507583" lon="18.42184318229556">
        <ele>0.0</ele>
      </trkpt>
      <trkpt lat="54.828878408297896" lon="18.422889998182654">
        <ele>0.0</ele>
      </trkpt>
      <trkpt lat="54.82877631671727" lon="18.423179425299168">
        <ele>0.0</ele>
      </trkpt>
      <trkpt lat="54.828625693917274" lon="18.423459632322192">
        <ele>0.0</ele>
      </trkpt>
      <trkpt lat="54.82807592488825" lon="18.42454668134451">
        <ele>0.0</ele>
      </trkpt>
      <trkpt lat="54.828143985942006" lon="18.424905762076378">
        <ele>0.0</ele>
      </trkpt>
      <trkpt lat="54.828026723116636" lon="18.425175491720438">
        <ele>0.0</ele>
      </trkpt>
      <trkpt lat="54.827851206064224" lon="18.42551671899855">
        <ele>0.0</ele>
      </trkpt>
      <trkpt lat="54.827391877770424" lon="18.42634250409901">
        <ele>0.0</ele>
      </trkpt>
      <trkpt lat="54.8275001719594" lon="18.42671667225659">
        <ele>0.0</ele>
      </trkpt>
      <trkpt lat="54.82746857218444" lon="18.42682127840817">
        <ele>0.0</ele>
      </trkpt>
      <trkpt lat="54.827384585514665" lon="18.42713995836675">
        <ele>0.0</ele>
      </trkpt>
      <trkpt lat="54.82723622582853" lon="18.427495434880257">
        <ele>0.0</ele>
      </trkpt>
      <trkpt lat="54.826731802895665" lon="18.428447535261512">
        <ele>0.0</ele>
      </trkpt>
      <trkpt lat="54.826740520074964" lon="18.42868885025382">
        <ele>0.0</ele>
      </trkpt>
      <trkpt lat="54.82667715288699" lon="18.42900987714529">
        <ele>0.0</ele>
      </trkpt>
      <trkpt lat="54.8265746422112" lon="18.429257730022073">
        <ele>0.0</ele>
      </trkpt>
      <trkpt lat="54.825893277302384" lon="18.43024218454957">
        <ele>0.0</ele>
      </trkpt>
      <trkpt lat="54.82583284378052" lon="18.430398926138878">
        <ele>0.0</ele>
      </trkpt>
      <trkpt lat="54.82573083601892" lon="18.43071081675589">
        <ele>0.0</ele>
      </trkpt>
      <trkpt lat="54.825263964012265" lon="18.43210036866367">
        <ele>0.0</ele>
      </trkpt>
      <trkpt lat="54.824992222711444" lon="18.432230707257986">
        <ele>0.0</ele>
      </trkpt>
      <trkpt lat="54.824916534125805" lon="18.432523822411895">
        <ele>0.0</ele>
      </trkpt>
      <trkpt lat="54.8248234950006" lon="18.432770669460297">
        <ele>0.0</ele>
      </trkpt>
      <trkpt lat="54.82420289888978" lon="18.434187462553382">
        <ele>0.0</ele>
      </trkpt>
      <trkpt lat="54.82416476123035" lon="18.434302546083927">
        <ele>0.0</ele>
      </trkpt>
      <trkpt lat="54.82406107708812" lon="18.43456850387156">
        <ele>0.0</ele>
      </trkpt>
      <trkpt lat="54.82393266633153" lon="18.434901433065534">
        <ele>0.0</ele>
      </trkpt>
      <trkpt lat="54.823485827073455" lon="18.43609929084778">
        <ele>0.0</ele>
      </trkpt>
      <trkpt lat="54.82343000359833" lon="18.436373714357615">
        <ele>0.0</ele>
      </trkpt>
      <trkpt lat="54.82333905994892" lon="18.436768501996994">
        <ele>0.0</ele>
      </trkpt>
      <trkpt lat="54.82285919599235" lon="18.43851118348539">
        <ele>0.0</ele>
      </trkpt>
      <trkpt lat="54.822717709466815" lon="18.438833635300398">
        <ele>0.0</ele>
      </trkpt>
      <trkpt lat="54.82259030453861" lon="18.439118703827262">
        <ele>0.0</ele>
      </trkpt>
      <trkpt lat="54.82204757630825" lon="18.440360901877284">
        <ele>0.0</ele>
      </trkpt>
      <trkpt lat="54.82195378281176" lon="18.440433908253908">
        <ele>0.0</ele>
      </trkpt>
      <trkpt lat="54.82181204482913" lon="18.440722078084946">
        <ele>0.0</ele>
      </trkpt>
      <trkpt lat="54.82168195769191" lon="18.441063221544027">
        <ele>0.0</ele>
      </trkpt>
      <trkpt lat="54.821154065430164" lon="18.4420645236969">
        <ele>0.0</ele>
      </trkpt>
      <trkpt lat="54.82130443677306" lon="18.442511865869164">
        <ele>0.0</ele>
      </trkpt>
      <trkpt lat="54.821209134534" lon="18.44273247756064">
        <ele>0.0</ele>
      </trkpt>
      <trkpt lat="54.82069599442184" lon="18.44445437192917">
        <ele>0.0</ele>
      </trkpt>
      <trkpt lat="54.82067839242518" lon="18.444497035816312">
        <ele>0.0</ele>
      </trkpt>
      <trkpt lat="54.820608319714665" lon="18.44488293863833">
        <ele>0.0</ele>
      </trkpt>
      <trkpt lat="54.82048627920449" lon="18.445321395993233">
        <ele>0.0</ele>
      </trkpt>
      <trkpt lat="54.82008277438581" lon="18.446661746129394">
        <ele>0.0</ele>
      </trkpt>
      <trkpt lat="54.820030722767115" lon="18.446774063631892">
        <ele>0.0</ele>
      </trkpt>
      <trkpt lat="54.81988680548966" lon="18.44715124927461">
        <ele>0.0</ele>
      </trkpt>
      <trkpt lat="54.81944675557315" lon="18.44856670126319">
        <ele>0.0</ele>
      </trkpt>
      <trkpt lat="54.81935430318117" lon="18.448760909959674">
        <ele>0.0</ele>
      </trkpt>
      <trkpt lat="54.81922631151974" lon="18.449142957106233">
        <ele>0.0</ele>
      </trkpt>
      <trkpt lat="54.81911391019821" lon="18.4494555182755">
        <ele>0.0</ele>
      </trkpt>
      <trkpt lat="54.818648966029286" lon="18.450819170102477">
        <ele>0.0</ele>
      </trkpt>
      <trkpt lat="54.81860806234181" lon="18.4509648475796">
        <ele>0.0</ele>
      </trkpt>
      <trkpt lat="54.8185102455318" lon="18.451242288574576">
        <ele>0.0</ele>
      </trkpt>
      <trkpt lat="54.8184013646096" lon="18.45157471485436">
        <ele>0.0</ele>
      </trkpt>
      <trkpt lat="54.817879255861044" lon="18.453169455751777">
        <ele>0.0</ele>
      </trkpt>
      <trkpt lat="54.817859809845686" lon="18.453504145145416">
        <ele>0.0</ele>
      </trkpt>
      <trkpt lat="54.817078951746225" lon="18.45489210449159">
        <ele>0.0</ele>
      </trkpt>
      <trkpt lat="54.81689337641001" lon="18.455001823604107">
        <ele>0.0</ele>
      </trkpt>
      <trkpt lat="54.81503368355334" lon="18.458659686148167">
        <ele>0.0</ele>
      </trkpt>
      <trkpt lat="54.814912397414446" lon="18.45903754234314">
        <ele>0.0</ele>
      </trkpt>
      <trkpt lat="54.81439498253167" lon="18.4600670915097">
        <ele>0.0</ele>
      </trkpt>
      <trkpt lat="54.81426958926022" lon="18.46028158441186">
        <ele>0.0</ele>
      </trkpt>
      <trkpt lat="54.813656117767096" lon="18.461439879611135">
        <ele>0.0</ele>
      </trkpt>
      <trkpt lat="54.813177259638906" lon="18.462710743770003">
        <ele>0.0</ele>
      </trkpt>
      <trkpt lat="54.81241039931774" lon="18.46349135041237">
        <ele>0.0</ele>
      </trkpt>
      <trkpt lat="54.81235424056649" lon="18.46347039565444">
        <ele>0.0</ele>
      </trkpt>
      <trkpt lat="54.811813021078706" lon="18.46468459814787">
        <ele>0.0</ele>
      </trkpt>
      <trkpt lat="54.81185392476618" lon="18.464813930913806">
        <ele>0.0</ele>
      </trkpt>
      <trkpt lat="54.811770021915436" lon="18.465351797640324">
        <ele>0.0</ele>
      </trkpt>
      <trkpt lat="54.8113333247602" lon="18.467154325917363">
        <ele>0.0</ele>
      </trkpt>
      <trkpt lat="54.81120776385069" lon="18.46726412884891">
        <ele>0.0</ele>
      </trkpt>
      <trkpt lat="54.810618767514825" lon="18.469538809731603">
        <ele>0.0</ele>
      </trkpt>
      <trkpt lat="54.81033260934055" lon="18.471656162291765">
        <ele>0.0</ele>
      </trkpt>
      <trkpt lat="54.810139909386635" lon="18.47191491164267">
        <ele>0.0</ele>
      </trkpt>
      <trkpt lat="54.80939459055662" lon="18.474632492288947">
        <ele>0.0</ele>
      </trkpt>
      <trkpt lat="54.80930163525045" lon="18.474739026278257">
        <ele>0.0</ele>
      </trkpt>
      <trkpt lat="54.80926156975329" lon="18.475128281861544">
        <ele>0.0</ele>
      </trkpt>
      <trkpt lat="54.80918403714895" lon="18.475457690656185">
        <ele>0.0</ele>
      </trkpt>
      <trkpt lat="54.809121675789356" lon="18.475919282063842">
        <ele>0.0</ele>
      </trkpt>
      <trkpt lat="54.80900793336332" lon="18.476384477689862">
        <ele>0.0</ele>
      </trkpt>
      <trkpt lat="54.808512311428785" lon="18.477576468139887">
        <ele>0.0</ele>
      </trkpt>
      <trkpt lat="54.808364706113935" lon="18.47768660634756">
        <ele>0.0</ele>
      </trkpt>
      <trkpt lat="54.807617124170065" lon="18.479331973940134">
        <ele>0.0</ele>
      </trkpt>
      <trkpt lat="54.807426100596786" lon="18.47971150651574">
        <ele>0.0</ele>
      </trkpt>
      <trkpt lat="54.806801564991474" lon="18.48119485192001">
        <ele>0.0</ele>
      </trkpt>
      <trkpt lat="54.80683911591768" lon="18.48124573007226">
        <ele>0.0</ele>
      </trkpt>
      <trkpt lat="54.80634558945894" lon="18.482671827077866">
        <ele>0.0</ele>
      </trkpt>
      <trkpt lat="54.80636931024492" lon="18.4828444942832">
        <ele>0.0</ele>
      </trkpt>
      <trkpt lat="54.80622329749167" lon="18.484967043623328">
        <ele>0.0</ele>
      </trkpt>
      <trkpt lat="54.806108716875315" lon="18.485349845141172">
        <ele>0.0</ele>
      </trkpt>
      <trkpt lat="54.805773105472326" lon="18.4858129452914">
        <ele>0.0</ele>
      </trkpt>
      <trkpt lat="54.80568618513644" lon="18.4859527554363">
        <ele>0.0</ele>
      </trkpt>
      <trkpt lat="54.805460795760155" lon="18.48626146093011">
        <ele>0.0</ele>
      </trkpt>
      <trkpt lat="54.80483843944967" lon="18.4885638859123">
        <ele>0.0</ele>
      </trkpt>
      <trkpt lat="54.80474975891411" lon="18.488717610016465">
        <ele>0.0</ele>
      </trkpt>
      <trkpt lat="54.799454575404525" lon="18.5126933734864">
        <ele>0.0</ele>
      </trkpt>
      <trkpt lat="54.79943135753274" lon="18.51277551613748">
        <ele>0.0</ele>
      </trkpt>
      <trkpt lat="54.799250308424234" lon="18.513644132763147">
        <ele>0.0</ele>
      </trkpt>
      <trkpt lat="54.79923379607499" lon="18.51375770755112">
        <ele>0.0</ele>
      </trkpt>
      <trkpt lat="54.79922189377248" lon="18.51433463394642">
        <ele>0.0</ele>
      </trkpt>
      <trkpt lat="54.798840936273336" lon="18.51571211591363">
        <ele>0.0</ele>
      </trkpt>
      <trkpt lat="54.79878980666399" lon="18.51585670374334">
        <ele>0.0</ele>
      </trkpt>
      <trkpt lat="54.79864287190139" lon="18.516301698982716">
        <ele>0.0</ele>
      </trkpt>
      <trkpt lat="54.79828395880759" lon="18.518537739291787">
        <ele>0.0</ele>
      </trkpt>
      <trkpt lat="54.79823961853981" lon="18.518577637150884">
        <ele>0.0</ele>
      </trkpt>
      <trkpt lat="54.797847513109446" lon="18.520414363592863">
        <ele>0.0</ele>
      </trkpt>
      <trkpt lat="54.797471752390265" lon="18.521620016545057">
        <ele>0.0</ele>
      </trkpt>
      <trkpt lat="54.79728475213051" lon="18.522024862468243">
        <ele>0.0</ele>
      </trkpt>
      <trkpt lat="54.79636827483773" lon="18.52551307529211">
        <ele>0.0</ele>
      </trkpt>
      <trkpt lat="54.79640683159232" lon="18.525608964264393">
        <ele>0.0</ele>
      </trkpt>
      <trkpt lat="54.79590928182006" lon="18.527257600799203">
        <ele>0.0</ele>
      </trkpt>
      <trkpt lat="54.79591338895261" lon="18.527268078178167">
        <ele>0.0</ele>
      </trkpt>
      <trkpt lat="54.79561130516231" lon="18.529483415186405">
        <ele>0.0</ele>
      </trkpt>
      <trkpt lat="54.79552438482642" lon="18.52942507714033">
        <ele>0.0</ele>
      </trkpt>
      <trkpt lat="54.79516773484647" lon="18.531015878543258">
        <ele>0.0</ele>
      </trkpt>
      <trkpt lat="54.795121466740966" lon="18.531028116121888">
        <ele>0.0</ele>
      </trkpt>
      <trkpt lat="54.79507721029222" lon="18.531525749713182">
        <ele>0.0</ele>
      </trkpt>
      <trkpt lat="54.79477118700743" lon="18.53387796320021">
        <ele>0.0</ele>
      </trkpt>
      <trkpt lat="54.79478350840509" lon="18.53384275920689">
        <ele>0.0</ele>
      </trkpt>
      <trkpt lat="54.79444303549826" lon="18.53554260917008">
        <ele>0.0</ele>
      </trkpt>
      <trkpt lat="54.794316720217466" lon="18.535767160356045">
        <ele>0.0</ele>
      </trkpt>
      <trkpt lat="54.79352127760649" lon="18.537587206810713">
        <ele>0.0</ele>
      </trkpt>
      <trkpt lat="54.793557822704315" lon="18.537738332524896">
        <ele>0.0</ele>
      </trkpt>
      <trkpt lat="54.7930543217808" lon="18.53891657665372">
        <ele>0.0</ele>
      </trkpt>
      <trkpt lat="54.79306588880718" lon="18.538923198357224">
        <ele>0.0</ele>
      </trkpt>
      <trkpt lat="54.79285156354308" lon="18.541262838989496">
        <ele>0.0</ele>
      </trkpt>
      <trkpt lat="54.79249566793442" lon="18.54343408718705">
        <ele>0.0</ele>
      </trkpt>
      <trkpt lat="54.79252081364393" lon="18.5434661898762">
        <ele>0.0</ele>
      </trkpt>
      <trkpt lat="54.79241754859686" lon="18.545444067567587">
        <ele>0.0</ele>
      </trkpt>
      <trkpt lat="54.7920164745301" lon="18.546752147376537">
        <ele>0.0</ele>
      </trkpt>
      <trkpt lat="54.791951682418585" lon="18.54689153842628">
        <ele>0.0</ele>
      </trkpt>
      <trkpt lat="54.791812878102064" lon="18.547338461503386">
        <ele>0.0</ele>
      </trkpt>
      <trkpt lat="54.791413228958845" lon="18.549236627295613">
        <ele>0.0</ele>
      </trkpt>
      <trkpt lat="54.791317423805594" lon="18.549669049680233">
        <ele>0.0</ele>
      </trkpt>
      <trkpt lat="54.79119010269642" lon="18.551139403134584">
        <ele>0.0</ele>
      </trkpt>
      <trkpt lat="54.791154228150845" lon="18.551295641809702">
        <ele>0.0</ele>
      </trkpt>
      <trkpt lat="54.790899250656366" lon="18.552726600319147">
        <ele>0.0</ele>
      </trkpt>
      <trkpt lat="54.790782406926155" lon="18.553007561713457">
        <ele>0.0</ele>
      </trkpt>
      <trkpt lat="54.79075818322599" lon="18.553300760686398">
        <ele>0.0</ele>
      </trkpt>
      <trkpt lat="54.790640249848366" lon="18.55469492264092">
        <ele>0.0</ele>
      </trkpt>
      <trkpt lat="54.7905885335058" lon="18.55487613938749">
        <ele>0.0</ele>
      </trkpt>
      <trkpt lat="54.79030472226441" lon="18.55733253993094">
        <ele>0.0</ele>
      </trkpt>
      <trkpt lat="54.79024940170348" lon="18.55761643499136">
        <ele>0.0</ele>
      </trkpt>
      <trkpt lat="54.78988420218229" lon="18.55892702937126">
        <ele>0.0</ele>
      </trkpt>
      <trkpt lat="54.78992653079331" lon="18.55929784476757">
        <ele>0.0</ele>
      </trkpt>
      <trkpt lat="54.78961271233857" lon="18.560543227940798">
        <ele>0.0</ele>
      </trkpt>
      <trkpt lat="54.789550602436066" lon="18.56073969975114">
        <ele>0.0</ele>
      </trkpt>
      <trkpt lat="54.78941355831921" lon="18.56115946546197">
        <ele>0.0</ele>
      </trkpt>
      <trkpt lat="54.789006784558296" lon="18.56291220523417">
        <ele>0.0</ele>
      </trkpt>
      <trkpt lat="54.78894190862775" lon="18.562845066189766">
        <ele>0.0</ele>
      </trkpt>
      <trkpt lat="54.78845517151058" lon="18.56430527754128">
        <ele>0.0</ele>
      </trkpt>
      <trkpt lat="54.788443269208074" lon="18.564308965578675">
        <ele>0.0</ele>
      </trkpt>
      <trkpt lat="54.7884142678231" lon="18.56458674184978">
        <ele>0.0</ele>
      </trkpt>
      <trkpt lat="54.78815040551126" lon="18.566230097785592">
        <ele>0.0</ele>
      </trkpt>
      <trkpt lat="54.78813171386719" lon="18.566348450258374">
        <ele>0.0</ele>
      </trkpt>
      <trkpt lat="54.787864834070206" lon="18.567664828151464">
        <ele>0.0</ele>
      </trkpt>
      <trkpt lat="54.78784337639809" lon="18.56770472601056">
        <ele>0.0</ele>
      </trkpt>
      <trkpt lat="54.7877236828208" lon="18.56805944815278">
        <ele>0.0</ele>
      </trkpt>
      <trkpt lat="54.78738178499043" lon="18.569037951529026">
        <ele>0.0</ele>
      </trkpt>
      <trkpt lat="54.787378683686256" lon="18.569197710603476">
        <ele>0.0</ele>
      </trkpt>
      <trkpt lat="54.78731841780245" lon="18.569619320333004">
        <ele>0.0</ele>
      </trkpt>
      <trkpt lat="54.78694207035005" lon="18.570601930841804">
        <ele>0.0</ele>
      </trkpt>
      <trkpt lat="54.78684836067259" lon="18.570931255817413">
        <ele>0.0</ele>
      </trkpt>
      <trkpt lat="54.78676605038345" lon="18.571288408711553">
        <ele>0.0</ele>
      </trkpt>
      <trkpt lat="54.78644326329231" lon="18.57280838303268">
        <ele>0.0</ele>
      </trkpt>
      <trkpt lat="54.78635751642287" lon="18.572930423542857">
        <ele>0.0</ele>
      </trkpt>
      <trkpt lat="54.78595702908933" lon="18.57394061051309">
        <ele>0.0</ele>
      </trkpt>
      <trkpt lat="54.78597932495177" lon="18.57442826963961">
        <ele>0.0</ele>
      </trkpt>
      <trkpt lat="54.78585007600486" lon="18.57497066259384">
        <ele>0.0</ele>
      </trkpt>
      <trkpt lat="54.78560205549002" lon="18.576145386323333">
        <ele>0.0</ele>
      </trkpt>
      <trkpt lat="54.78552066721022" lon="18.576360549777746">
        <ele>0.0</ele>
      </trkpt>
      <trkpt lat="54.78495773859322" lon="18.578021675348282">
        <ele>0.0</ele>
      </trkpt>
      <trkpt lat="54.78495069779456" lon="18.5781779140234">
        <ele>0.0</ele>
      </trkpt>
      <trkpt lat="54.7847568243742" lon="18.57949630357325">
        <ele>0.0</ele>
      </trkpt>
      <trkpt lat="54.784678956493735" lon="18.57959160581231">
        <ele>0.0</ele>
      </trkpt>
      <trkpt lat="54.78456202894449" lon="18.57991598546505">
        <ele>0.0</ele>
      </trkpt>
      <trkpt lat="54.784389613196254" lon="18.580985767766833">
        <ele>0.0</ele>
      </trkpt>
      <trkpt lat="54.784273356199265" lon="18.581166984513402">
        <ele>0.0</ele>
      </trkpt>
      <trkpt lat="54.78415785357356" lon="18.581596724689007">
        <ele>0.0</ele>
      </trkpt>
      <trkpt lat="54.78393690660596" lon="18.58297185972333">
        <ele>0.0</ele>
      </trkpt>
      <trkpt lat="54.78381193242967" lon="18.58314385637641">
        <ele>0.0</ele>
      </trkpt>
      <trkpt lat="54.78361990302801" lon="18.583444263786077">
        <ele>0.0</ele>
      </trkpt>
      <trkpt lat="54.78325663134456" lon="18.584446823224425">
        <ele>0.0</ele>
      </trkpt>
      <trkpt lat="54.783257553353906" lon="18.584800036624074">
        <ele>0.0</ele>
      </trkpt>
      <trkpt lat="54.78322444483638" lon="18.585238829255104">
        <ele>0.0</ele>
      </trkpt>
      <trkpt lat="54.78292370215058" lon="18.586441380903125">
        <ele>0.0</ele>
      </trkpt>
      <trkpt lat="54.782828986644745" lon="18.586885957047343">
        <ele>0.0</ele>
      </trkpt>
      <trkpt lat="54.78280325420201" lon="18.587385015562177">
        <ele>0.0</ele>
      </trkpt>
      <trkpt lat="54.782756650820374" lon="18.588994508609176">
        <ele>0.0</ele>
      </trkpt>
      <trkpt lat="54.78258700110018" lon="18.589184610173106">
        <ele>0.0</ele>
      </trkpt>
      <trkpt lat="54.7824686486274" lon="18.58964796178043">
        <ele>0.0</ele>
      </trkpt>
      <trkpt lat="54.78210856206715" lon="18.590787816792727">
        <ele>0.0</ele>
      </trkpt>
      <trkpt lat="54.782102359458804" lon="18.591012032702565">
        <ele>0.0</ele>
      </trkpt>
      <trkpt lat="54.781922567635775" lon="18.591603878885508">
        <ele>0.0</ele>
      </trkpt>
      <trkpt lat="54.7816226631403" lon="18.59261783771217">
        <ele>0.0</ele>
      </trkpt>
      <trkpt lat="54.78151445277035" lon="18.59299410134554">
        <ele>0.0</ele>
      </trkpt>
      <trkpt lat="54.78137698955834" lon="18.59359558671713">
        <ele>0.0</ele>
      </trkpt>
      <trkpt lat="54.781064512208104" lon="18.594671739265323">
        <ele>0.0</ele>
      </trkpt>
      <trkpt lat="54.781003491953015" lon="18.594870809465647">
        <ele>0.0</ele>
      </trkpt>
      <trkpt lat="54.78088581003249" lon="18.59540071338415">
        <ele>0.0</ele>
      </trkpt>
      <trkpt lat="54.78050937876105" lon="18.596804179251194">
        <ele>0.0</ele>
      </trkpt>
      <trkpt lat="54.7804103884846" lon="18.59719879925251">
        <ele>0.0</ele>
      </trkpt>
      <trkpt lat="54.78019120171666" lon="18.598275119438767">
        <ele>0.0</ele>
      </trkpt>
      <trkpt lat="54.7799354698509" lon="18.598680133000016">
        <ele>0.0</ele>
      </trkpt>
      <trkpt lat="54.77991258725524" lon="18.5989538859576">
        <ele>0.0</ele>
      </trkpt>
      <trkpt lat="54.779806388542056" lon="18.60028308816254">
        <ele>0.0</ele>
      </trkpt>
      <trkpt lat="54.77970002219081" lon="18.60057326965034">
        <ele>0.0</ele>
      </trkpt>
      <trkpt lat="54.77955233305693" lon="18.60201470553875">
        <ele>0.0</ele>
      </trkpt>
      <trkpt lat="54.779462311416864" lon="18.60206952318549">
        <ele>0.0</ele>
      </trkpt>
      <trkpt lat="54.77923926897347" lon="18.602484175935388">
        <ele>0.0</ele>
      </trkpt>
      <trkpt lat="54.77873073890805" lon="18.60381044447422">
        <ele>0.0</ele>
      </trkpt>
      <trkpt lat="54.77876150049269" lon="18.604025775566697">
        <ele>0.0</ele>
      </trkpt>
      <trkpt lat="54.778741635382175" lon="18.604267174378037">
        <ele>0.0</ele>
      </trkpt>
      <trkpt lat="54.77843158878386" lon="18.605498643592">
        <ele>0.0</ele>
      </trkpt>
      <trkpt lat="54.778249030932784" lon="18.605933329090476">
        <ele>0.0</ele>
      </trkpt>
      <trkpt lat="54.77815875783563" lon="18.606246141716838">
        <ele>0.0</ele>
      </trkpt>
      <trkpt lat="54.77786731906235" lon="18.607276948168874">
        <ele>0.0</ele>
      </trkpt>
      <trkpt lat="54.77774569764733" lon="18.607611302286386">
        <ele>0.0</ele>
      </trkpt>
      <trkpt lat="54.77728871628642" lon="18.609349876642227">
        <ele>0.0</ele>
      </trkpt>
      <trkpt lat="54.77732626721263" lon="18.609481556341052">
        <ele>0.0</ele>
      </trkpt>
      <trkpt lat="54.777198946103454" lon="18.609869219362736">
        <ele>0.0</ele>
      </trkpt>
      <trkpt lat="54.7768288012594" lon="18.610774716362357">
        <ele>0.0</ele>
      </trkpt>
      <trkpt lat="54.776717741042376" lon="18.611072776839137">
        <ele>0.0</ele>
      </trkpt>
      <trkpt lat="54.77629629895091" lon="18.612889973446727">
        <ele>0.0</ele>
      </trkpt>
      <trkpt lat="54.776177778840065" lon="18.612945210188627">
        <ele>0.0</ele>
      </trkpt>
      <trkpt lat="54.77589866146445" lon="18.614650927484035">
        <ele>0.0</ele>
      </trkpt>
      <trkpt lat="54.775900756940246" lon="18.61467892304063">
        <ele>0.0</ele>
      </trkpt>
      <trkpt lat="54.775508400052786" lon="18.616515900939703">
        <ele>0.0</ele>
      </trkpt>
      <trkpt lat="54.7751122713089" lon="18.61791769042611">
        <ele>0.0</ele>
      </trkpt>
      <trkpt lat="54.774987045675516" lon="18.618259504437447">
        <ele>0.0</ele>
      </trkpt>
      <trkpt lat="54.77486056275666" lon="18.618600061163306">
        <ele>0.0</ele>
      </trkpt>
      <trkpt lat="54.7744716424495" lon="18.620393201708794">
        <ele>0.0</ele>
      </trkpt>
      <trkpt lat="54.774481281638145" lon="18.62047995440662">
        <ele>0.0</ele>
      </trkpt>
      <trkpt lat="54.77444473654032" lon="18.620705930516124">
        <ele>0.0</ele>
      </trkpt>
      <trkpt lat="54.77402547374368" lon="18.621750734746456">
        <ele>0.0</ele>
      </trkpt>
      <trkpt lat="54.774013655260205" lon="18.621969670057297">
        <ele>0.0</ele>
      </trkpt>
      <trkpt lat="54.773933021351695" lon="18.6224771104753">
        <ele>0.0</ele>
      </trkpt>
      <trkpt lat="54.77366605773568" lon="18.62400161102414">
        <ele>0.0</ele>
      </trkpt>
      <trkpt lat="54.773658849298954" lon="18.624207135289907">
        <ele>0.0</ele>
      </trkpt>
      <trkpt lat="54.7733870241791" lon="18.625580426305532">
        <ele>0.0</ele>
      </trkpt>
      <trkpt lat="54.773245453834534" lon="18.625751920044422">
        <ele>0.0</ele>
      </trkpt>
      <trkpt lat="54.773132130503654" lon="18.62607386894524">
        <ele>0.0</ele>
      </trkpt>
      <trkpt lat="54.77279752492905" lon="18.627035608515143">
        <ele>0.0</ele>
      </trkpt>
      <trkpt lat="54.7727963514626" lon="18.627341128885746">
        <ele>0.0</ele>
      </trkpt>
      <trkpt lat="54.77274253964424" lon="18.627886371687055">
        <ele>0.0</ele>
      </trkpt>
      <trkpt lat="54.772583451122046" lon="18.629029830917716">
        <ele>0.0</ele>
      </trkpt>
      <trkpt lat="54.77244825102389" lon="18.629288412630558">
        <ele>0.0</ele>
      </trkpt>
      <trkpt lat="54.77242469787598" lon="18.629652773961425">
        <ele>0.0</ele>
      </trkpt>
      <trkpt lat="54.77236510254443" lon="18.630917016416788">
        <ele>0.0</ele>
      </trkpt>
      <trkpt lat="54.77217575535178" lon="18.63095465116203">
        <ele>0.0</ele>
      </trkpt>
      <trkpt lat="54.772045919671655" lon="18.63127877935767">
        <ele>0.0</ele>
      </trkpt>
      <trkpt lat="54.77177585475147" lon="18.63241578452289">
        <ele>0.0</ele>
      </trkpt>
      <trkpt lat="54.77175699546933" lon="18.632972091436386">
        <ele>0.0</ele>
      </trkpt>
      <trkpt lat="54.771597320213914" lon="18.634782917797565">
        <ele>0.0</ele>
      </trkpt>
      <trkpt lat="54.77184768766165" lon="18.63530695438385">
        <ele>0.0</ele>
      </trkpt>
      <trkpt lat="54.77176923304796" lon="18.635748345404863">
        <ele>0.0</ele>
      </trkpt>
      <trkpt lat="54.77154275402427" lon="18.63683589734137">
        <ele>0.0</ele>
      </trkpt>
      <trkpt lat="54.771325243636966" lon="18.636995907872915">
        <ele>0.0</ele>
      </trkpt>
      <trkpt lat="54.77115190587938" lon="18.63746328279376">
        <ele>0.0</ele>
      </trkpt>
      <trkpt lat="54.770832639187574" lon="18.638664577156305">
        <ele>0.0</ele>
      </trkpt>
      <trkpt lat="54.77072057314217" lon="18.638889295980334">
        <ele>0.0</ele>
      </trkpt>
      <trkpt lat="54.77027197368443" lon="18.640702217817307">
        <ele>0.0</ele>
      </trkpt>
      <trkpt lat="54.77007566951215" lon="18.64134544506669">
        <ele>0.0</ele>
      </trkpt>
      <trkpt lat="54.7696899343282" lon="18.64247457124293">
        <ele>0.0</ele>
      </trkpt>
      <trkpt lat="54.76965431123972" lon="18.642529221251607">
        <ele>0.0</ele>
      </trkpt>
      <trkpt lat="54.76906782947481" lon="18.64407098852098">
        <ele>0.0</ele>
      </trkpt>
      <trkpt lat="54.769052155315876" lon="18.644054643809795">
        <ele>0.0</ele>
      </trkpt>
      <trkpt lat="54.76841127499938" lon="18.645681738853455">
        <ele>0.0</ele>
      </trkpt>
      <trkpt lat="54.76838151924312" lon="18.645774107426405">
        <ele>0.0</ele>
      </trkpt>
      <trkpt lat="54.76802914403379" lon="18.647265248000622">
        <ele>0.0</ele>
      </trkpt>
      <trkpt lat="54.76756855845451" lon="18.64881162531674">
        <ele>0.0</ele>
      </trkpt>
      <trkpt lat="54.76750544272363" lon="18.648798717185855">
        <ele>0.0</ele>
      </trkpt>
      <trkpt lat="54.76742531172931" lon="18.649073392152786">
        <ele>0.0</ele>
      </trkpt>
      <trkpt lat="54.76689783856273" lon="18.65104272030294">
        <ele>0.0</ele>
      </trkpt>
      <trkpt lat="54.76677814498544" lon="18.65121270529926">
        <ele>0.0</ele>
      </trkpt>
      <trkpt lat="54.76643088273704" lon="18.652525395154953">
        <ele>0.0</ele>
      </trkpt>
      <trkpt lat="54.76635720580816" lon="18.652880117297173">
        <ele>0.0</ele>
      </trkpt>
      <trkpt lat="54.765963926911354" lon="18.65428928285837">
        <ele>0.0</ele>
      </trkpt>
      <trkpt lat="54.76592184975743" lon="18.654464296996593">
        <ele>0.0</ele>
      </trkpt>
      <trkpt lat="54.765881951898336" lon="18.655000738799572">
        <ele>0.0</ele>
      </trkpt>
      <trkpt lat="54.765488505363464" lon="18.656450305134058">
        <ele>0.0</ele>
      </trkpt>
      <trkpt lat="54.765415247529745" lon="18.656957913190126">
        <ele>0.0</ele>
      </trkpt>
      <trkpt lat="54.765129843726754" lon="18.658370347693563">
        <ele>0.0</ele>
      </trkpt>
      <trkpt lat="54.76519270800054" lon="18.658495573326945">
        <ele>0.0</ele>
      </trkpt>
      <trkpt lat="54.76481066085398" lon="18.660159800201654">
        <ele>0.0</ele>
      </trkpt>
      <trkpt lat="54.76490923203528" lon="18.660559616982937">
        <ele>0.0</ele>
      </trkpt>
      <trkpt lat="54.76485910825431" lon="18.66236767731607">
        <ele>0.0</ele>
      </trkpt>
      <trkpt lat="54.76485994644463" lon="18.662327276542783">
        <ele>0.0</ele>
      </trkpt>
      <trkpt lat="54.76473974995315" lon="18.662781240418553">
        <ele>0.0</ele>
      </trkpt>
      <trkpt lat="54.76444051600993" lon="18.66394640877843">
        <ele>0.0</ele>
      </trkpt>
      <trkpt lat="54.764434983953834" lon="18.664258886128664">
        <ele>0.0</ele>
      </trkpt>
      <trkpt lat="54.76401505060494" lon="18.666273057460785">
        <ele>0.0</ele>
      </trkpt>
      <trkpt lat="54.76403667591512" lon="18.66630314849317">
        <ele>0.0</ele>
      </trkpt>
      <trkpt lat="54.76391438394785" lon="18.666401971131563">
        <ele>0.0</ele>
      </trkpt>
      <trkpt lat="54.7637200076133" lon="18.667566385120153">
        <ele>0.0</ele>
      </trkpt>
      <trkpt lat="54.76374238729477" lon="18.667906522750854">
        <ele>0.0</ele>
      </trkpt>
      <trkpt lat="54.7636042535305" lon="18.669371847063303">
        <ele>0.0</ele>
      </trkpt>
      <trkpt lat="54.76356100291014" lon="18.669439405202866">
        <ele>0.0</ele>
      </trkpt>
      <trkpt lat="54.76339747197926" lon="18.669942738488317">
        <ele>0.0</ele>
      </trkpt>
      <trkpt lat="54.76298457942903" lon="18.67143949493766">
        <ele>0.0</ele>
      </trkpt>
      <trkpt lat="54.762928588315845" lon="18.671862445771694">
        <ele>0.0</ele>
      </trkpt>
      <trkpt lat="54.76286295801401" lon="18.673658100888133">
        <ele>0.0</ele>
      </trkpt>
      <trkpt lat="54.7627133410424" lon="18.673937134444714">
        <ele>0.0</ele>
      </trkpt>
      <trkpt lat="54.76269288919866" lon="18.675080258399248">
        <ele>0.0</ele>
      </trkpt>
      <trkpt lat="54.762669587507844" lon="18.675323501229286">
        <ele>0.0</ele>
      </trkpt>
      <trkpt lat="54.76269096136093" lon="18.675542268902063">
        <ele>0.0</ele>
      </trkpt>
      <trkpt lat="54.76258534938097" lon="18.676857892423868">
        <ele>0.0</ele>
      </trkpt>
      <trkpt lat="54.762689620256424" lon="18.676798967644572">
        <ele>0.0</ele>
      </trkpt>
      <trkpt lat="54.76215099915862" lon="18.677985342219472">
        <ele>0.0</ele>
      </trkpt>
      <trkpt lat="54.761864338070154" lon="18.677709829062223">
        <ele>0.0</ele>
      </trkpt>
      <trkpt lat="54.760850043967366" lon="18.67784159258008">
        <ele>0.0</ele>
      </trkpt>
      <trkpt lat="54.76081844419241" lon="18.677843352779746">
        <ele>0.0</ele>
      </trkpt>
      <trkpt lat="54.760117046535015" lon="18.678121296688914">
        <ele>0.0</ele>
      </trkpt>
      <trkpt lat="54.76024386473" lon="18.678672155365348">
        <ele>0.0</ele>
      </trkpt>
      <trkpt lat="54.76018854416907" lon="18.679936649277806">
        <ele>0.0</ele>
      </trkpt>
      <trkpt lat="54.76033807732165" lon="18.680145274847746">
        <ele>0.0</ele>
      </trkpt>
      <trkpt lat="54.760440085083246" lon="18.680652799084783">
        <ele>0.0</ele>
      </trkpt>
      <trkpt lat="54.76039960049093" lon="18.68193388916552">
        <ele>0.0</ele>
      </trkpt>
      <trkpt lat="54.76049121469259" lon="18.68204235099256">
        <ele>0.0</ele>
      </trkpt>
      <trkpt lat="54.760558772832155" lon="18.682323982939124">
        <ele>0.0</ele>
      </trkpt>
      <trkpt lat="54.760711239650846" lon="18.68365578353405">
        <ele>0.0</ele>
      </trkpt>
      <trkpt lat="54.7606463637203" lon="18.683536425232887">
        <ele>0.0</ele>
      </trkpt>
      <trkpt lat="54.76066941395402" lon="18.684865375980735">
        <ele>0.0</ele>
      </trkpt>
      <trkpt lat="54.76070771925151" lon="18.685078443959355">
        <ele>0.0</ele>
      </trkpt>
      <trkpt lat="54.76079246029258" lon="18.685449678450823">
        <ele>0.0</ele>
      </trkpt>
      <trkpt lat="54.76081660017371" lon="18.68673898279667">
        <ele>0.0</ele>
      </trkpt>
      <trkpt lat="54.76073202677071" lon="18.686807295307517">
        <ele>0.0</ele>
      </trkpt>
      <trkpt lat="54.760743929073215" lon="18.687132764607668">
        <ele>0.0</ele>
      </trkpt>
      <trkpt lat="54.760715598240495" lon="18.688276559114456">
        <ele>0.0</ele>
      </trkpt>
      <trkpt lat="54.760604705661535" lon="18.6884331330657">
        <ele>0.0</ele>
      </trkpt>
      <trkpt lat="54.76061367429793" lon="18.689009472727776">
        <ele>0.0</ele>
      </trkpt>
      <trkpt lat="54.760460117831826" lon="18.69021713733673">
        <ele>0.0</ele>
      </trkpt>
      <trkpt lat="54.76032676175237" lon="18.690210096538067">
        <ele>0.0</ele>
      </trkpt>
      <trkpt lat="54.76021050475538" lon="18.690592478960752">
        <ele>0.0</ele>
      </trkpt>
      <trkpt lat="54.75998737849295" lon="18.691954454407096">
        <ele>0.0</ele>
      </trkpt>
      <trkpt lat="54.759900290519" lon="18.69220247492194">
        <ele>0.0</ele>
      </trkpt>
      <trkpt lat="54.759655287489295" lon="18.693379294127226">
        <ele>0.0</ele>
      </trkpt>
      <trkpt lat="54.75955797359347" lon="18.693760000169277">
        <ele>0.0</ele>
      </trkpt>
      <trkpt lat="54.75954079069197" lon="18.694083793088794">
        <ele>0.0</ele>
      </trkpt>
      <trkpt lat="54.759501814842224" lon="18.695053327828646">
        <ele>0.0</ele>
      </trkpt>
      <trkpt lat="54.75955177098513" lon="18.6953751090914">
        <ele>0.0</ele>
      </trkpt>
      <trkpt lat="54.75961094722152" lon="18.69721225462854">
        <ele>0.0</ele>
      </trkpt>
      <trkpt lat="54.759611282497644" lon="18.697235053405166">
        <ele>0.0</ele>
      </trkpt>
      <trkpt lat="54.759706584736705" lon="18.697820948436856">
        <ele>0.0</ele>
      </trkpt>
      <trkpt lat="54.759777914732695" lon="18.699744176119566">
        <ele>0.0</ele>
      </trkpt>
      <trkpt lat="54.75975478067994" lon="18.699900917708874">
        <ele>0.0</ele>
      </trkpt>
      <trkpt lat="54.75972879678011" lon="18.701344029977918">
        <ele>0.0</ele>
      </trkpt>
      <trkpt lat="54.759717313572764" lon="18.701476212590933">
        <ele>0.0</ele>
      </trkpt>
      <trkpt lat="54.75986156612635" lon="18.701811907812953">
        <ele>0.0</ele>
      </trkpt>
      <trkpt lat="54.75987430661917" lon="18.703273544088006">
        <ele>0.0</ele>
      </trkpt>
      <trkpt lat="54.759956700727344" lon="18.70350580662489">
        <ele>0.0</ele>
      </trkpt>
      <trkpt lat="54.76000699214637" lon="18.703936636447906">
        <ele>0.0</ele>
      </trkpt>
      <trkpt lat="54.76019105874002" lon="18.705117059871554">
        <ele>0.0</ele>
      </trkpt>
      <trkpt lat="54.760203966870904" lon="18.705129297450185">
        <ele>0.0</ele>
      </trkpt>
      <trkpt lat="54.760488951578736" lon="18.707034084945917">
        <ele>0.0</ele>
      </trkpt>
      <trkpt lat="54.760493729263544" lon="18.707049088552594">
        <ele>0.0</ele>
      </trkpt>
      <trkpt lat="54.76043287664652" lon="18.707279171794653">
        <ele>0.0</ele>
      </trkpt>
      <trkpt lat="54.76045282557607" lon="18.708378290757537">
        <ele>0.0</ele>
      </trkpt>
      <trkpt lat="54.76048928685486" lon="18.708467558026314">
        <ele>0.0</ele>
      </trkpt>
      <trkpt lat="54.760523568838835" lon="18.708674339577556">
        <ele>0.0</ele>
      </trkpt>
      <trkpt lat="54.760553073138" lon="18.708873242139816">
        <ele>0.0</ele>
      </trkpt>
      <trkpt lat="54.76065575145185" lon="18.710270505398512">
        <ele>0.0</ele>
      </trkpt>
      <trkpt lat="54.76071895100176" lon="18.710506288334727">
        <ele>0.0</ele>
      </trkpt>
      <trkpt lat="54.760783491656184" lon="18.71068524196744">
        <ele>0.0</ele>
      </trkpt>
      <trkpt lat="54.76096361875534" lon="18.711872370913625">
        <ele>0.0</ele>
      </trkpt>
      <trkpt lat="54.7609502915293" lon="18.711912101134658">
        <ele>0.0</ele>
      </trkpt>
      <trkpt lat="54.760919865220785" lon="18.712181327864528">
        <ele>0.0</ele>
      </trkpt>
      <trkpt lat="54.7609243914485" lon="18.712476789951324">
        <ele>0.0</ele>
      </trkpt>
      <trkpt lat="54.76104768924415" lon="18.71393607929349">
        <ele>0.0</ele>
      </trkpt>
      <trkpt lat="54.76103888824582" lon="18.714080583304167">
        <ele>0.0</ele>
      </trkpt>
      <trkpt lat="54.76101885549724" lon="18.71438425965607">
        <ele>0.0</ele>
      </trkpt>
      <trkpt lat="54.76104232482612" lon="18.7147316057235">
        <ele>0.0</ele>
      </trkpt>
      <trkpt lat="54.76112857460976" lon="18.715964499861002">
        <ele>0.0</ele>
      </trkpt>
      <trkpt lat="54.76113209500909" lon="18.71614965610206">
        <ele>0.0</ele>
      </trkpt>
      <trkpt lat="54.76116059347987" lon="18.716489961370826">
        <ele>0.0</ele>
      </trkpt>
      <trkpt lat="54.76142789237201" lon="18.717786641791463">
        <ele>0.0</ele>
      </trkpt>
      <trkpt lat="54.76142051629722" lon="18.71803038753569">
        <ele>0.0</ele>
      </trkpt>
      <trkpt lat="54.76143887266517" lon="18.71836700476706">
        <ele>0.0</ele>
      </trkpt>
      <trkpt lat="54.761518919840455" lon="18.71968924999237">
        <ele>0.0</ele>
      </trkpt>
      <trkpt lat="54.76150550879538" lon="18.719785222783685">
        <ele>0.0</ele>
      </trkpt>
      <trkpt lat="54.761452032253146" lon="18.72012997046113">
        <ele>0.0</ele>
      </trkpt>
      <trkpt lat="54.76140174083412" lon="18.720433143898845">
        <ele>0.0</ele>
      </trkpt>
      <trkpt lat="54.761387910693884" lon="18.72161583043635">
        <ele>0.0</ele>
      </trkpt>
      <trkpt lat="54.761413810774684" lon="18.721679113805294">
        <ele>0.0</ele>
      </trkpt>
      <trkpt lat="54.76143769919872" lon="18.721987819299102">
        <ele>0.0</ele>
      </trkpt>
      <trkpt lat="54.76153073832393" lon="18.72344098985195">
        <ele>0.0</ele>
      </trkpt>
      <trkpt lat="54.76153618656099" lon="18.723526820540428">
        <ele>0.0</ele>
      </trkpt>
      <trkpt lat="54.76154113188386" lon="18.723839465528727">
        <ele>0.0</ele>
      </trkpt>
      <trkpt lat="54.761564852669835" lon="18.72527570463717">
        <ele>0.0</ele>
      </trkpt>
      <trkpt lat="54.761580526828766" lon="18.725553564727306">
        <ele>0.0</ele>
      </trkpt>
      <trkpt lat="54.7615666128695" lon="18.725728914141655">
        <ele>0.0</ele>
      </trkpt>
      <trkpt lat="54.76153769530356" lon="18.727091643959284">
        <ele>0.0</ele>
      </trkpt>
      <trkpt lat="54.761551609262824" lon="18.72709482908249">
        <ele>0.0</ele>
      </trkpt>
      <trkpt lat="54.7616305667907" lon="18.727337904274464">
        <ele>0.0</ele>
      </trkpt>
      <trkpt lat="54.76167063228786" lon="18.727634456008673">
        <ele>0.0</ele>
      </trkpt>
      <trkpt lat="54.761550184339285" lon="18.728831643238664">
        <ele>0.0</ele>
      </trkpt>
      <trkpt lat="54.76152554154396" lon="18.728902637958527">
        <ele>0.0</ele>
      </trkpt>
      <trkpt lat="54.76148589514196" lon="18.729159208014607">
        <ele>0.0</ele>
      </trkpt>
      <trkpt lat="54.76146041415632" lon="18.72937671840191">
        <ele>0.0</ele>
      </trkpt>
      <trkpt lat="54.76153886877" lon="18.730930723249912">
        <ele>0.0</ele>
      </trkpt>
      <trkpt lat="54.76158086210489" lon="18.730937177315354">
        <ele>0.0</ele>
      </trkpt>
      <trkpt lat="54.76161304861307" lon="18.73115594498813">
        <ele>0.0</ele>
      </trkpt>
      <trkpt lat="54.76162419654429" lon="18.732249783352017">
        <ele>0.0</ele>
      </trkpt>
      <trkpt lat="54.76159553043544" lon="18.73249126598239">
        <ele>0.0</ele>
      </trkpt>
      <trkpt lat="54.76160424761474" lon="18.732711039483547">
        <ele>0.0</ele>
      </trkpt>
      <trkpt lat="54.76160793565214" lon="18.732967358082533">
        <ele>0.0</ele>
      </trkpt>
      <trkpt lat="54.761645486578345" lon="18.73392297886312">
        <ele>0.0</ele>
      </trkpt>
      <trkpt lat="54.76166828535497" lon="18.734031356871128">
        <ele>0.0</ele>
      </trkpt>
      <trkpt lat="54.76169317960739" lon="18.734210645779967">
        <ele>0.0</ele>
      </trkpt>
      <trkpt lat="54.76181589066982" lon="18.735064091160893">
        <ele>0.0</ele>
      </trkpt>
      <trkpt lat="54.76182175800204" lon="18.735069874674082">
        <ele>0.0</ele>
      </trkpt>
      <trkpt lat="54.761879006400704" lon="18.735164757817984">
        <ele>0.0</ele>
      </trkpt>
      <trkpt lat="54.76203675381839" lon="18.735588546842337">
        <ele>0.0</ele>
      </trkpt>
      <trkpt lat="54.76204974576831" lon="18.735635234043002">
        <ele>0.0</ele>
      </trkpt>
      <trkpt lat="54.76206206716597" lon="18.73567186295986">
        <ele>0.0</ele>
      </trkpt>
      <trkpt lat="54.7620898950845" lon="18.73604661785066">
        <ele>0.0</ele>
      </trkpt>
      <trkpt lat="54.762168852612376" lon="18.736173938959837">
        <ele>0.0</ele>
      </trkpt>
      <trkpt lat="54.762272872030735" lon="18.73681901022792">
        <ele>0.0</ele>
      </trkpt>
      <trkpt lat="54.76229935884476" lon="18.736986815929413">
        <ele>0.0</ele>
      </trkpt>
      <trkpt lat="54.7623076569289" lon="18.737060241401196">
        <ele>0.0</ele>
      </trkpt>
      <trkpt lat="54.76239717565477" lon="18.737773541361094">
        <ele>0.0</ele>
      </trkpt>
      <trkpt lat="54.76241276599467" lon="18.737824922427535">
        <ele>0.0</ele>
      </trkpt>
      <trkpt lat="54.76245475932956" lon="18.737955344840884">
        <ele>0.0</ele>
      </trkpt>
      <trkpt lat="54.76252759806812" lon="18.73874139972031">
        <ele>0.0</ele>
      </trkpt>
      <trkpt lat="54.762528939172626" lon="18.738769814372063">
        <ele>0.0</ele>
      </trkpt>
      <trkpt lat="54.76254964247346" lon="18.73894558288157">
        <ele>0.0</ele>
      </trkpt>
      <trkpt lat="54.7625560965389" lon="18.73912244103849">
        <ele>0.0</ele>
      </trkpt>
      <trkpt lat="54.76269733160734" lon="18.739613452926278">
        <ele>0.0</ele>
      </trkpt>
      <trkpt lat="54.762744354084134" lon="18.739736080169678">
        <ele>0.0</ele>
      </trkpt>
      <trkpt lat="54.762865137308836" lon="18.74016674235463">
        <ele>0.0</ele>
      </trkpt>
      <trkpt lat="54.762978879734874" lon="18.74034938402474">
        <ele>0.0</ele>
      </trkpt>
      <trkpt lat="54.76301919668913" lon="18.740476788952947">
        <ele>0.0</ele>
      </trkpt>
      <trkpt lat="54.76313360966742" lon="18.74110191129148">
        <ele>0.0</ele>
      </trkpt>
      <trkpt lat="54.763149954378605" lon="18.741297461092472">
        <ele>0.0</ele>
      </trkpt>
      <trkpt lat="54.76324978284538" lon="18.742294488474727">
        <ele>0.0</ele>
      </trkpt>
      <trkpt lat="54.76324902847409" lon="18.74231074936688">
        <ele>0.0</ele>
      </trkpt>
      <trkpt lat="54.76324022747576" lon="18.742480482906103">
        <ele>0.0</ele>
      </trkpt>
      <trkpt lat="54.763279957696795" lon="18.742683911696076">
        <ele>0.0</ele>
      </trkpt>
      <trkpt lat="54.763472909107804" lon="18.743312135338783">
        <ele>0.0</ele>
      </trkpt>
      <trkpt lat="54.76351657882333" lon="18.74344188719988">
        <ele>0.0</ele>
      </trkpt>
      <trkpt lat="54.7635542973876" lon="18.74360810033977">
        <ele>0.0</ele>
      </trkpt>
      <trkpt lat="54.76377968676388" lon="18.744376553222537">
        <ele>0.0</ele>
      </trkpt>
      <trkpt lat="54.763788068667054" lon="18.744524409994483">
        <ele>0.0</ele>
      </trkpt>
      <trkpt lat="54.76379376836121" lon="18.744848454371095">
        <ele>0.0</ele>
      </trkpt>
      <trkpt lat="54.76376635953784" lon="18.745690500363708">
        <ele>0.0</ele>
      </trkpt>
      <trkpt lat="54.76372830569744" lon="18.745786976069212">
        <ele>0.0</ele>
      </trkpt>
      <trkpt lat="54.763615066185594" lon="18.745919493958354">
        <ele>0.0</ele>
      </trkpt>
      <trkpt lat="54.76351532153785" lon="18.746048072353005">
        <ele>0.0</ele>
      </trkpt>
      <trkpt lat="54.763160180300474" lon="18.746797163039446">
        <ele>0.0</ele>
      </trkpt>
      <trkpt lat="54.7631467692554" lon="18.74693714082241">
        <ele>0.0</ele>
      </trkpt>
      <trkpt lat="54.76305398158729" lon="18.747044429183006">
        <ele>0.0</ele>
      </trkpt>
      <trkpt lat="54.76291609928012" lon="18.747138725593686">
        <ele>0.0</ele>
      </trkpt>
      <trkpt lat="54.76259792223573" lon="18.7479514349252">
        <ele>0.0</ele>
      </trkpt>
      <trkpt lat="54.76259448565543" lon="18.747982196509838">
        <ele>0.0</ele>
      </trkpt>
      <trkpt lat="54.7625804040581" lon="18.748181434348226">
        <ele>0.0</ele>
      </trkpt>
      <trkpt lat="54.76254193112254" lon="18.748440435156226">
        <ele>0.0</ele>
      </trkpt>
      <trkpt lat="54.76227798499167" lon="18.749527484178543">
        <ele>0.0</ele>
      </trkpt>
      <trkpt lat="54.76224931888282" lon="18.749624714255333">
        <ele>0.0</ele>
      </trkpt>
      <trkpt lat="54.76216717623174" lon="18.749975496903062">
        <ele>0.0</ele>
      </trkpt>
      <trkpt lat="54.761802814900875" lon="18.750810585916042">
        <ele>0.0</ele>
      </trkpt>
      <trkpt lat="54.76175327785313" lon="18.751057013869286">
        <ele>0.0</ele>
      </trkpt>
      <trkpt lat="54.761701729148626" lon="18.7512272503227">
        <ele>0.0</ele>
      </trkpt>
      <trkpt lat="54.76164288818836" lon="18.75137141905725">
        <ele>0.0</ele>
      </trkpt>
      <trkpt lat="54.76119236089289" lon="18.752630967646837">
        <ele>0.0</ele>
      </trkpt>
      <trkpt lat="54.76117576472461" lon="18.75266776420176">
        <ele>0.0</ele>
      </trkpt>
      <trkpt lat="54.76113704033196" lon="18.752925423905253">
        <ele>0.0</ele>
      </trkpt>
      <trkpt lat="54.76102162152529" lon="18.753310153260827">
        <ele>0.0</ele>
      </trkpt>
      <trkpt lat="54.76056195795536" lon="18.754788218066096">
        <ele>0.0</ele>
      </trkpt>
      <trkpt lat="54.76052574813366" lon="18.754830295220017">
        <ele>0.0</ele>
      </trkpt>
      <trkpt lat="54.76043061353266" lon="18.755069179460406">
        <ele>0.0</ele>
      </trkpt>
      <trkpt lat="54.76036221720278" lon="18.75540512613952">
        <ele>0.0</ele>
      </trkpt>
      <trkpt lat="54.76000053808093" lon="18.756020357832313">
        <ele>0.0</ele>
      </trkpt>
      <trkpt lat="54.75986659526825" lon="18.755988087505102">
        <ele>0.0</ele>
      </trkpt>
      <trkpt lat="54.75964564830065" lon="18.755931593477726">
        <ele>0.0</ele>
      </trkpt>
      <trkpt lat="54.75949083454907" lon="18.755976017564535">
        <ele>0.0</ele>
      </trkpt>
      <trkpt lat="54.75915228947997" lon="18.75660357065499">
        <ele>0.0</ele>
      </trkpt>
      <trkpt lat="54.75913024507463" lon="18.75674346461892">
        <ele>0.0</ele>
      </trkpt>
      <trkpt lat="54.75901775993407" lon="18.757048398256302">
        <ele>0.0</ele>
      </trkpt>
      <trkpt lat="54.758495818823576" lon="18.758110385388136">
        <ele>0.0</ele>
      </trkpt>
      <trkpt lat="54.7584911249578" lon="18.758124969899654">
        <ele>0.0</ele>
      </trkpt>
      <trkpt lat="54.75838517770171" lon="18.75841297209263">
        <ele>0.0</ele>
      </trkpt>
      <trkpt lat="54.75826925598085" lon="18.7586925085634">
        <ele>0.0</ele>
      </trkpt>
      <trkpt lat="54.758038418367505" lon="18.76008901745081">
        <ele>0.0</ele>
      </trkpt>
      <trkpt lat="54.75800011307001" lon="18.76022094860673">
        <ele>0.0</ele>
      </trkpt>
      <trkpt lat="54.757898189127445" lon="18.760503754019737">
        <ele>0.0</ele>
      </trkpt>
      <trkpt lat="54.75773666985333" lon="18.76077700406313">
        <ele>0.0</ele>
      </trkpt>
      <trkpt lat="54.757274240255356" lon="18.761549396440387">
        <ele>0.0</ele>
      </trkpt>
      <trkpt lat="54.75714675150812" lon="18.761626174673438">
        <ele>0.0</ele>
      </trkpt>
      <trkpt lat="54.756959080696106" lon="18.761768834665418">
        <ele>0.0</ele>
      </trkpt>
      <trkpt lat="54.75636010989547" lon="18.762185582891107">
        <ele>0.0</ele>
      </trkpt>
      <trkpt lat="54.75635189563036" lon="18.762233443558216">
        <ele>0.0</ele>
      </trkpt>
      <trkpt lat="54.75623471662402" lon="18.762652119621634">
        <ele>0.0</ele>
      </trkpt>
      <trkpt lat="54.75613287650049" lon="18.763026036322117">
        <ele>0.0</ele>
      </trkpt>
      <trkpt lat="54.755720905959606" lon="18.76424183137715">
        <ele>0.0</ele>
      </trkpt>
      <trkpt lat="54.75562241859734" lon="18.76443536952138">
        <ele>0.0</ele>
      </trkpt>
      <trkpt lat="54.75549576804042" lon="18.764743069186807">
        <ele>0.0</ele>
      </trkpt>
      <trkpt lat="54.754965361207724" lon="18.765693828463554">
        <ele>0.0</ele>
      </trkpt>
      <trkpt lat="54.75503074005246" lon="18.765750406309962">
        <ele>0.0</ele>
      </trkpt>
      <trkpt lat="54.75490199401975" lon="18.766116611659527">
        <ele>0.0</ele>
      </trkpt>
      <trkpt lat="54.75478623993695" lon="18.766446942463517">
        <ele>0.0</ele>
      </trkpt>
      <trkpt lat="54.75418492220342" lon="18.767634825780988">
        <ele>0.0</ele>
      </trkpt>
      <trkpt lat="54.75405936129391" lon="18.76744338311255">
        <ele>0.0</ele>
      </trkpt>
      <trkpt lat="54.75390278734267" lon="18.767734821885824">
        <ele>0.0</ele>
      </trkpt>
      <trkpt lat="54.75320893339813" lon="18.768798653036356">
        <ele>0.0</ele>
      </trkpt>
      <trkpt lat="54.75329543463886" lon="18.768981210887432">
        <ele>0.0</ele>
      </trkpt>
      <trkpt lat="54.753265511244535" lon="18.769013145938516">
        <ele>0.0</ele>
      </trkpt>
      <trkpt lat="54.75318068638444" lon="18.76935336738825">
        <ele>0.0</ele>
      </trkpt>
      <trkpt lat="54.75317959673703" lon="18.76973164267838">
        <ele>0.0</ele>
      </trkpt>
      <trkpt lat="54.75281288847327" lon="18.771525789052248">
        <ele>0.0</ele>
      </trkpt>
      <trkpt lat="54.75279042497277" lon="18.771557975560427">
        <ele>0.0</ele>
      </trkpt>
      <trkpt lat="54.75265581160784" lon="18.77178973518312">
        <ele>0.0</ele>
      </trkpt>
      <trkpt lat="54.7525196056813" lon="18.77198620699346">
        <ele>0.0</ele>
      </trkpt>
      <trkpt lat="54.75196413695812" lon="18.773471396416426">
        <ele>0.0</ele>
      </trkpt>
      <trkpt lat="54.752211067825556" lon="18.774411426857114">
        <ele>0.0</ele>
      </trkpt>
      <trkpt lat="54.751862632110715" lon="18.775679692626">
        <ele>0.0</ele>
      </trkpt>
      <trkpt lat="54.75188048556447" lon="18.775769798085093">
        <ele>0.0</ele>
      </trkpt>
      <trkpt lat="54.75189917720854" lon="18.77599585801363">
        <ele>0.0</ele>
      </trkpt>
      <trkpt lat="54.75180555135012" lon="18.77631939947605">
        <ele>0.0</ele>
      </trkpt>
      <trkpt lat="54.751509837806225" lon="18.778013298287988">
        <ele>0.0</ele>
      </trkpt>
      <trkpt lat="54.751437585800886" lon="18.778183115646243">
        <ele>0.0</ele>
      </trkpt>
      <trkpt lat="54.75137623026967" lon="18.77848595380783">
        <ele>0.0</ele>
      </trkpt>
      <trkpt lat="54.75104003213346" lon="18.780426867306232">
        <ele>0.0</ele>
      </trkpt>
      <trkpt lat="54.751023184508085" lon="18.780506076291203">
        <ele>0.0</ele>
      </trkpt>
      <trkpt lat="54.750979179516435" lon="18.780895164236426">
        <ele>0.0</ele>
      </trkpt>
      <trkpt lat="54.750877004116774" lon="18.78133613616228">
        <ele>0.0</ele>
      </trkpt>
      <trkpt lat="54.750342993065715" lon="18.78254195675254">
        <ele>0.0</ele>
      </trkpt>
      <trkpt lat="54.75032564252615" lon="18.782634241506457">
        <ele>0.0</ele>
      </trkpt>
      <trkpt lat="54.7502832300961" lon="18.782885363325477">
        <ele>0.0</ele>
      </trkpt>
      <trkpt lat="54.750114334747195" lon="18.783741239458323">
        <ele>0.0</ele>
      </trkpt>
      <trkpt lat="54.749946193769574" lon="18.78387736156583">
        <ele>0.0</ele>
      </trkpt>
      <trkpt lat="54.74977218545973" lon="18.784130662679672">
        <ele>0.0</ele>
      </trkpt>
      <trkpt lat="54.74934454075992" lon="18.78503213636577">
        <ele>0.0</ele>
      </trkpt>
      <trkpt lat="54.749227529391646" lon="18.784949323162436">
        <ele>0.0</ele>
      </trkpt>
      <trkpt lat="54.749082857742906" lon="18.78514009527862">
        <ele>0.0</ele>
      </trkpt>
      <trkpt lat="54.74892133846879" lon="18.785298261791468">
        <ele>0.0</ele>
      </trkpt>
      <trkpt lat="54.74851640872657" lon="18.78585834056139">
        <ele>0.0</ele>
      </trkpt>
      <trkpt lat="54.748481791466475" lon="18.785990606993437">
        <ele>0.0</ele>
      </trkpt>
      <trkpt lat="54.74835857748985" lon="18.78625958226621">
        <ele>0.0</ele>
      </trkpt>
      <trkpt lat="54.74789623171091" lon="18.78741796128452">
        <ele>0.0</ele>
      </trkpt>
      <trkpt lat="54.74787703715265" lon="18.787504881620407">
        <ele>0.0</ele>
      </trkpt>
      <trkpt lat="54.747843677178025" lon="18.787775030359626">
        <ele>0.0</ele>
      </trkpt>
      <trkpt lat="54.74776421673596" lon="18.788102427497506">
        <ele>0.0</ele>
      </trkpt>
      <trkpt lat="54.74729306995869" lon="18.788991076871753">
        <ele>0.0</ele>
      </trkpt>
      <trkpt lat="54.7470763977617" lon="18.7887348420918">
        <ele>0.0</ele>
      </trkpt>
      <trkpt lat="54.747051084414124" lon="18.788711121305823">
        <ele>0.0</ele>
      </trkpt>
      <trkpt lat="54.74691747687757" lon="18.78874657675624">
        <ele>0.0</ele>
      </trkpt>
      <trkpt lat="54.74683726206422" lon="18.78890197724104">
        <ele>0.0</ele>
      </trkpt>
      <trkpt lat="54.74644096568227" lon="18.78984997048974">
        <ele>0.0</ele>
      </trkpt>
      <trkpt lat="54.74655286408961" lon="18.790309382602572">
        <ele>0.0</ele>
      </trkpt>
      <trkpt lat="54.74657448939979" lon="18.790631163865328">
        <ele>0.0</ele>
      </trkpt>
      <trkpt lat="54.745865631848574" lon="18.79127531312406">
        <ele>0.0</ele>
      </trkpt>
      <trkpt lat="54.74582355469465" lon="18.791253436356783">
        <ele>0.0</ele>
      </trkpt>
      <trkpt lat="54.74569053389132" lon="18.791212951764464">
        <ele>0.0</ele>
      </trkpt>
      <trkpt lat="54.74557285197079" lon="18.791371788829565">
        <ele>0.0</ele>
      </trkpt>
      <trkpt lat="54.745182171463966" lon="18.792976001277566">
        <ele>0.0</ele>
      </trkpt>
      <trkpt lat="54.745073122903705" lon="18.793230140581727">
        <ele>0.0</ele>
      </trkpt>
      <trkpt lat="54.74488930776715" lon="18.793564662337303">
        <ele>0.0</ele>
      </trkpt>
      <trkpt lat="54.74435370415449" lon="18.794794538989663">
        <ele>0.0</ele>
      </trkpt>
      <trkpt lat="54.744111550971866" lon="18.794656740501523">
        <ele>0.0</ele>
      </trkpt>
      <trkpt lat="54.744090931490064" lon="18.79468247294426">
        <ele>0.0</ele>
      </trkpt>
      <trkpt lat="54.74385757930577" lon="18.794956393539906">
        <ele>0.0</ele>
      </trkpt>
      <trkpt lat="54.743684409186244" lon="18.795159151777625">
        <ele>0.0</ele>
      </trkpt>
      <trkpt lat="54.743057023733854" lon="18.795969681814313">
        <ele>0.0</ele>
      </trkpt>
      <trkpt lat="54.74305040203035" lon="18.796284338459373">
        <ele>0.0</ele>
      </trkpt>
      <trkpt lat="54.742999272421" lon="18.796386513859034">
        <ele>0.0</ele>
      </trkpt>
      <trkpt lat="54.742819145321846" lon="18.79672489129007">
        <ele>0.0</ele>
      </trkpt>
      <trkpt lat="54.742045663297176" lon="18.79822751507163">
        <ele>0.0</ele>
      </trkpt>
      <trkpt lat="54.741873163729906" lon="18.797750333324075">
        <ele>0.0</ele>
      </trkpt>
      <trkpt lat="54.741754308342934" lon="18.797907829284668">
        <ele>0.0</ele>
      </trkpt>
      <trkpt lat="54.741493379697204" lon="18.798313094303012">
        <ele>0.0</ele>
      </trkpt>
      <trkpt lat="54.74081075750291" lon="18.799531739205122">
        <ele>0.0</ele>
      </trkpt>
      <trkpt lat="54.74074361845851" lon="18.79962251521647">
        <ele>0.0</ele>
      </trkpt>
      <trkpt lat="54.740533316507936" lon="18.799881683662534">
        <ele>0.0</ele>
      </trkpt>
      <trkpt lat="54.740309519693255" lon="18.80008670501411">
        <ele>0.0</ele>
      </trkpt>
      <trkpt lat="54.73971758969128" lon="18.80065055564046">
        <ele>0.0</ele>
      </trkpt>
      <trkpt lat="54.739534528926015" lon="18.800745522603393">
        <ele>0.0</ele>
      </trkpt>
      <trkpt lat="54.7393901925534" lon="18.80085968412459">
        <ele>0.0</ele>
      </trkpt>
      <trkpt lat="54.739258512854576" lon="18.801103346049786">
        <ele>0.0</ele>
      </trkpt>
      <trkpt lat="54.73861763253808" lon="18.802453754469752">
        <ele>0.0</ele>
      </trkpt>
      <trkpt lat="54.7381313983351" lon="18.802160220220685">
        <ele>0.0</ele>
      </trkpt>
      <trkpt lat="54.73803425207734" lon="18.802387034520507">
        <ele>0.0</ele>
      </trkpt>
      <trkpt lat="54.737238893285394" lon="18.803528230637312">
        <ele>0.0</ele>
      </trkpt>
      <trkpt lat="54.737168150022626" lon="18.80361028946936">
        <ele>0.0</ele>
      </trkpt>
      <trkpt lat="54.7368932235986" lon="18.803963335230947">
        <ele>0.0</ele>
      </trkpt>
      <trkpt lat="54.73611479625106" lon="18.805134538561106">
        <ele>0.0</ele>
      </trkpt>
      <trkpt lat="54.73577314987779" lon="18.805619766935706">
        <ele>0.0</ele>
      </trkpt>
      <trkpt lat="54.73566644825041" lon="18.805834176018834">
        <ele>0.0</ele>
      </trkpt>
      <trkpt lat="54.73511282354593" lon="18.806865653023124">
        <ele>0.0</ele>
      </trkpt>
      <trkpt lat="54.73527744412422" lon="18.807248203083873">
        <ele>0.0</ele>
      </trkpt>
      <trkpt lat="54.735109470784664" lon="18.807503432035446">
        <ele>0.0</ele>
      </trkpt>
      <trkpt lat="54.73488709889352" lon="18.80779973231256">
        <ele>0.0</ele>
      </trkpt>
      <trkpt lat="54.73424831405282" lon="18.80873498506844">
        <ele>0.0</ele>
      </trkpt>
      <trkpt lat="54.73417882807553" lon="18.808774799108505">
        <ele>0.0</ele>
      </trkpt>
      <trkpt lat="54.73390717059374" lon="18.808976551517844">
        <ele>0.0</ele>
      </trkpt>
      <trkpt lat="54.73295649513602" lon="18.80975187756121">
        <ele>0.0</ele>
      </trkpt>
      <trkpt lat="54.73275130614638" lon="18.809884395450354">
        <ele>0.0</ele>
      </trkpt>
      <trkpt lat="54.732520217075944" lon="18.810146329924464">
        <ele>0.0</ele>
      </trkpt>
      <trkpt lat="54.731759978458285" lon="18.810934480279684">
        <ele>0.0</ele>
      </trkpt>
      <trkpt lat="54.731649002060294" lon="18.81104562431574">
        <ele>0.0</ele>
      </trkpt>
      <trkpt lat="54.73144263960421" lon="18.811288196593523">
        <ele>0.0</ele>
      </trkpt>
      <trkpt lat="54.730782732367516" lon="18.812461830675602">
        <ele>0.0</ele>
      </trkpt>
      <trkpt lat="54.73062020726502" lon="18.812329145148396">
        <ele>0.0</ele>
      </trkpt>
      <trkpt lat="54.7304052952677" lon="18.812528299167752">
        <ele>0.0</ele>
      </trkpt>
      <trkpt lat="54.73009399138391" lon="18.812806410714984">
        <ele>0.0</ele>
      </trkpt>
      <trkpt lat="54.72935764119029" lon="18.813838893547654">
        <ele>0.0</ele>
      </trkpt>
      <trkpt lat="54.729273822158575" lon="18.814008375629783">
        <ele>0.0</ele>
      </trkpt>
      <trkpt lat="54.72905807197094" lon="18.814328396692872">
        <ele>0.0</ele>
      </trkpt>
      <trkpt lat="54.72833203151822" lon="18.814991153776646">
        <ele>0.0</ele>
      </trkpt>
      <trkpt lat="54.7282347176224" lon="18.815086791291833">
        <ele>0.0</ele>
      </trkpt>
      <trkpt lat="54.72800471819937" lon="18.815400442108512">
        <ele>0.0</ele>
      </trkpt>
      <trkpt lat="54.727156050503254" lon="18.816474163904786">
        <ele>0.0</ele>
      </trkpt>
      <trkpt lat="54.7271432261914" lon="18.816501405090094">
        <ele>0.0</ele>
      </trkpt>
      <trkpt lat="54.72689403221011" lon="18.816727129742503">
        <ele>0.0</ele>
      </trkpt>
      <trkpt lat="54.72663008607924" lon="18.816927457228303">
        <ele>0.0</ele>
      </trkpt>
      <trkpt lat="54.72587772645056" lon="18.817642517387867">
        <ele>0.0</ele>
      </trkpt>
      <trkpt lat="54.72577798180282" lon="18.8177789747715">
        <ele>0.0</ele>
      </trkpt>
      <trkpt lat="54.72557371482253" lon="18.81801350042224">
        <ele>0.0</ele>
      </trkpt>
      <trkpt lat="54.724693447351456" lon="18.818955458700657">
        <ele>0.0</ele>
      </trkpt>
      <trkpt lat="54.724669978022575" lon="18.81897767074406">
        <ele>0.0</ele>
      </trkpt>
      <trkpt lat="54.72449982538819" lon="18.819178249686956">
        <ele>0.0</ele>
      </trkpt>
      <trkpt lat="54.72426513209939" lon="18.81938419304788">
        <ele>0.0</ele>
      </trkpt>
      <trkpt lat="54.723355025053024" lon="18.820403767749667">
        <ele>0.0</ele>
      </trkpt>
      <trkpt lat="54.72327824681997" lon="18.82045757956803">
        <ele>0.0</ele>
      </trkpt>
      <trkpt lat="54.72308814525604" lon="18.82061884738505">
        <ele>0.0</ele>
      </trkpt>
      <trkpt lat="54.72215725108981" lon="18.821732299402356">
        <ele>0.0</ele>
      </trkpt>
      <trkpt lat="54.72213763743639" lon="18.82174621336162">
        <ele>0.0</ele>
      </trkpt>
      <trkpt lat="54.72191157750785" lon="18.821995994076133">
        <ele>0.0</ele>
      </trkpt>
      <trkpt lat="54.721639417111874" lon="18.82224602624774">
        <ele>0.0</ele>
      </trkpt>
      <trkpt lat="54.72089787013829" lon="18.823009952902794">
        <ele>0.0</ele>
      </trkpt>
      <trkpt lat="54.720814134925604" lon="18.823064267635345">
        <ele>0.0</ele>
      </trkpt>
      <trkpt lat="54.72062495537102" lon="18.823158564046025">
        <ele>0.0</ele>
      </trkpt>
      <trkpt lat="54.71969976089895" lon="18.82373976521194">
        <ele>0.0</ele>
      </trkpt>
      <trkpt lat="54.719581408426166" lon="18.823773292824626">
        <ele>0.0</ele>
      </trkpt>
      <trkpt lat="54.719375716522336" lon="18.823897512629628">
        <ele>0.0</ele>
      </trkpt>
      <trkpt lat="54.7185296472162" lon="18.8244326133281">
        <ele>0.0</ele>
      </trkpt>
      <trkpt lat="54.71847432665527" lon="18.82447619922459">
        <ele>0.0</ele>
      </trkpt>
      <trkpt lat="54.71829889342189" lon="18.824577033519745">
        <ele>0.0</ele>
      </trkpt>
      <trkpt lat="54.71814407967031" lon="18.824760764837265">
        <ele>0.0</ele>
      </trkpt>
      <trkpt lat="54.71737353131175" lon="18.82589022628963">
        <ele>0.0</ele>
      </trkpt>
      <trkpt lat="54.717201199382544" lon="18.826001873239875">
        <ele>0.0</ele>
      </trkpt>
      <trkpt lat="54.71696843393147" lon="18.826145539060235">
        <ele>0.0</ele>
      </trkpt>
      <trkpt lat="54.71611373126507" lon="18.827085066586733">
        <ele>0.0</ele>
      </trkpt>
      <trkpt lat="54.716060338541865" lon="18.827167293056846">
        <ele>0.0</ele>
      </trkpt>
      <trkpt lat="54.715863447636366" lon="18.827381785959005">
        <ele>0.0</ele>
      </trkpt>
      <trkpt lat="54.715639567002654" lon="18.82755101658404">
        <ele>0.0</ele>
      </trkpt>
      <trkpt lat="54.7148307133466" lon="18.82827957160771">
        <ele>0.0</ele>
      </trkpt>
      <trkpt lat="54.71473775804043" lon="18.828366324305534">
        <ele>0.0</ele>
      </trkpt>
      <trkpt lat="54.71451203338802" lon="18.82849649526179">
        <ele>0.0</ele>
      </trkpt>
      <trkpt lat="54.713546857237816" lon="18.829390928149223">
        <ele>0.0</ele>
      </trkpt>
      <trkpt lat="54.713535541668534" lon="18.829403584823012">
        <ele>0.0</ele>
      </trkpt>
      <trkpt lat="54.71332289278507" lon="18.829526212066412">
        <ele>0.0</ele>
      </trkpt>
      <trkpt lat="54.713135892525315" lon="18.829679349437356">
        <ele>0.0</ele>
      </trkpt>
      <trkpt lat="54.71221488900483" lon="18.830493399873376">
        <ele>0.0</ele>
      </trkpt>
      <trkpt lat="54.712089663371444" lon="18.830540170893073">
        <ele>0.0</ele>
      </trkpt>
      <trkpt lat="54.71190148964524" lon="18.830657433718443">
        <ele>0.0</ele>
      </trkpt>
      <trkpt lat="54.71094318665564" lon="18.83149771951139">
        <ele>0.0</ele>
      </trkpt>
      <trkpt lat="54.71089951694012" lon="18.831524290144444">
        <ele>0.0</ele>
      </trkpt>
      <trkpt lat="54.710732717067" lon="18.831688910722733">
        <ele>0.0</ele>
      </trkpt>
      <trkpt lat="54.71049131825566" lon="18.831870295107365">
        <ele>0.0</ele>
      </trkpt>
      <trkpt lat="54.709696965292096" lon="18.832756262272596">
        <ele>0.0</ele>
      </trkpt>
      <trkpt lat="54.709570398554206" lon="18.832861371338367">
        <ele>0.0</ele>
      </trkpt>
      <trkpt lat="54.70930335111916" lon="18.83299347013235">
        <ele>0.0</ele>
      </trkpt>
      <trkpt lat="54.70825460739434" lon="18.83388228714466">
        <ele>0.0</ele>
      </trkpt>
      <trkpt lat="54.70817464403808" lon="18.833927465602756">
        <ele>0.0</ele>
      </trkpt>
      <trkpt lat="54.70793802291155" lon="18.834076328203082">
        <ele>0.0</ele>
      </trkpt>
      <trkpt lat="54.70770659856498" lon="18.834204990416765">
        <ele>0.0</ele>
      </trkpt>
      <trkpt lat="54.70686849206686" lon="18.835031194612384">
        <ele>0.0</ele>
      </trkpt>
      <trkpt lat="54.706793474033475" lon="18.835064470767975">
        <ele>0.0</ele>
      </trkpt>
      <trkpt lat="54.706601444631815" lon="18.835237892344594">
        <ele>0.0</ele>
      </trkpt>
      <trkpt lat="54.70557608641684" lon="18.836076837033033">
        <ele>0.0</ele>
      </trkpt>
      <trkpt lat="54.70543032512069" lon="18.83646944537759">
        <ele>0.0</ele>
      </trkpt>
      <trkpt lat="54.705216167494655" lon="18.836702797561884">
        <ele>0.0</ele>
      </trkpt>
      <trkpt lat="54.7042141109705" lon="18.837551549077034">
        <ele>0.0</ele>
      </trkpt>
      <trkpt lat="54.70420388504863" lon="18.837571162730455">
        <ele>0.0</ele>
      </trkpt>
      <trkpt lat="54.70398402772844" lon="18.83771206252277">
        <ele>0.0</ele>
      </trkpt>
      <trkpt lat="54.703764924779534" lon="18.837778950110078">
        <ele>0.0</ele>
      </trkpt>
      <trkpt lat="54.70298632979393" lon="18.838637676090002">
        <ele>0.0</ele>
      </trkpt>
      <trkpt lat="54.70273721963167" lon="18.838793160393834">
        <ele>0.0</ele>
      </trkpt>
      <trkpt lat="54.70236472785473" lon="18.83906515315175">
        <ele>0.0</ele>
      </trkpt>
      <trkpt lat="54.70129578374326" lon="18.83973252028227">
        <ele>0.0</ele>
      </trkpt>
      <trkpt lat="54.701270470395684" lon="18.839749954640865">
        <ele>0.0</ele>
      </trkpt>
      <trkpt lat="54.70104801468551" lon="18.83993200957775">
        <ele>0.0</ele>
      </trkpt>
      <trkpt lat="54.70080133527517" lon="18.840247169137">
        <ele>0.0</ele>
      </trkpt>
      <trkpt lat="54.69998510554433" lon="18.84129566140473">
        <ele>0.0</ele>
      </trkpt>
      <trkpt lat="54.69992785714567" lon="18.841388365253806">
        <ele>0.0</ele>
      </trkpt>
      <trkpt lat="54.699740102514625" lon="18.841655664145947">
        <ele>0.0</ele>
      </trkpt>
      <trkpt lat="54.699565256014466" lon="18.84183671325445">
        <ele>0.0</ele>
      </trkpt>
      <trkpt lat="54.698424730449915" lon="18.842413807287812">
        <ele>0.0</ele>
      </trkpt>
      <trkpt lat="54.69842213205993" lon="18.842425290495157">
        <ele>0.0</ele>
      </trkpt>
      <trkpt lat="54.69824703410268" lon="18.84253785945475">
        <ele>0.0</ele>
      </trkpt>
      <trkpt lat="54.69803111627698" lon="18.842712957412004">
        <ele>0.0</ele>
      </trkpt>
      <trkpt lat="54.6971355099231" lon="18.84378030896187">
        <ele>0.0</ele>
      </trkpt>
      <trkpt lat="54.696978935971856" lon="18.84386546909809">
        <ele>0.0</ele>
      </trkpt>
      <trkpt lat="54.6966777741909" lon="18.84416537359357">
        <ele>0.0</ele>
      </trkpt>
      <trkpt lat="54.69576640985906" lon="18.844797117635608">
        <ele>0.0</ele>
      </trkpt>
      <trkpt lat="54.69565291889012" lon="18.84488278068602">
        <ele>0.0</ele>
      </trkpt>
      <trkpt lat="54.69540724530816" lon="18.84512317366898">
        <ele>0.0</ele>
      </trkpt>
      <trkpt lat="54.69446721486747" lon="18.845998160541058">
        <ele>0.0</ele>
      </trkpt>
      <trkpt lat="54.69433352351189" lon="18.84624207392335">
        <ele>0.0</ele>
      </trkpt>
      <trkpt lat="54.69408215023577" lon="18.846529657021165">
        <ele>0.0</ele>
      </trkpt>
      <trkpt lat="54.69311295077205" lon="18.84763715788722">
        <ele>0.0</ele>
      </trkpt>
      <trkpt lat="54.69309400767088" lon="18.84767663665116">
        <ele>0.0</ele>
      </trkpt>
      <trkpt lat="54.69294070266187" lon="18.84799137711525">
        <ele>0.0</ele>
      </trkpt>
      <trkpt lat="54.692787397652864" lon="18.84819715283811">
        <ele>0.0</ele>
      </trkpt>
      <trkpt lat="54.6917977463454" lon="18.848542822524905">
        <ele>0.0</ele>
      </trkpt>
      <trkpt lat="54.69164276495576" lon="18.848568722605705">
        <ele>0.0</ele>
      </trkpt>
      <trkpt lat="54.69150731340051" lon="18.848651200532913">
        <ele>0.0</ele>
      </trkpt>
      <trkpt lat="54.69074523076415" lon="18.849157635122538">
        <ele>0.0</ele>
      </trkpt>
      <trkpt lat="54.69053568318486" lon="18.849849812686443">
        <ele>0.0</ele>
      </trkpt>
      <trkpt lat="54.69039478339255" lon="18.850071597844362">
        <ele>0.0</ele>
      </trkpt>
      <trkpt lat="54.69016436487436" lon="18.850230434909463">
        <ele>0.0</ele>
      </trkpt>
      <trkpt lat="54.68909164890647" lon="18.85084541514516">
        <ele>0.0</ele>
      </trkpt>
      <trkpt lat="54.68906809575856" lon="18.850863268598914">
        <ele>0.0</ele>
      </trkpt>
      <trkpt lat="54.68900280073285" lon="18.851126627996564">
        <ele>0.0</ele>
      </trkpt>
      <trkpt lat="54.68886684626341" lon="18.851418737322092">
        <ele>0.0</ele>
      </trkpt>
      <trkpt lat="54.687958750873804" lon="18.85294700972736">
        <ele>0.0</ele>
      </trkpt>
      <trkpt lat="54.68791206367314" lon="18.852208647876978">
        <ele>0.0</ele>
      </trkpt>
      <trkpt lat="54.687726739794016" lon="18.852342003956437">
        <ele>0.0</ele>
      </trkpt>
      <trkpt lat="54.687535213306546" lon="18.852426409721375">
        <ele>0.0</ele>
      </trkpt>
      <trkpt lat="54.686597026884556" lon="18.853040300309658">
        <ele>0.0</ele>
      </trkpt>
      <trkpt lat="54.68651773408055" lon="18.853051867336035">
        <ele>0.0</ele>
      </trkpt>
      <trkpt lat="54.68632914125919" lon="18.853210285305977">
        <ele>0.0</ele>
      </trkpt>
      <trkpt lat="54.68536673113704" lon="18.854062389582396">
        <ele>0.0</ele>
      </trkpt>
      <trkpt lat="54.685346614569426" lon="18.854080326855183">
        <ele>0.0</ele>
      </trkpt>
      <trkpt lat="54.685159446671605" lon="18.854179149493575">
        <ele>0.0</ele>
      </trkpt>
      <trkpt lat="54.68492282554507" lon="18.854289120063186">
        <ele>0.0</ele>
      </trkpt>
      <trkpt lat="54.68422142788768" lon="18.855254631489515">
        <ele>0.0</ele>
      </trkpt>
      <trkpt lat="54.68409821391106" lon="18.85538731701672">
        <ele>0.0</ele>
      </trkpt>
      <trkpt lat="54.68389512039721" lon="18.855600133538246">
        <ele>0.0</ele>
      </trkpt>
      <trkpt lat="54.68310336582363" lon="18.85697132907808">
        <ele>0.0</ele>
      </trkpt>
      <trkpt lat="54.68284713104367" lon="18.85712237097323">
        <ele>0.0</ele>
      </trkpt>
      <trkpt lat="54.68262727372348" lon="18.857398303225636">
        <ele>0.0</ele>
      </trkpt>
      <trkpt lat="54.68179997988045" lon="18.858604039996862">
        <ele>0.0</ele>
      </trkpt>
      <trkpt lat="54.68179360963404" lon="18.858650727197528">
        <ele>0.0</ele>
      </trkpt>
      <trkpt lat="54.68164357356727" lon="18.858975442126393">
        <ele>0.0</ele>
      </trkpt>
      <trkpt lat="54.68143335543573" lon="18.859138218685985">
        <ele>0.0</ele>
      </trkpt>
      <trkpt lat="54.68070488423109" lon="18.8594086188823">
        <ele>0.0</ele>
      </trkpt>
      <trkpt lat="54.68069373629987" lon="18.859448181465268">
        <ele>0.0</ele>
      </trkpt>
      <trkpt lat="54.68057253398001" lon="18.85966720059514">
        <ele>0.0</ele>
      </trkpt>
      <trkpt lat="54.6803573705256" lon="18.859965093433857">
        <ele>0.0</ele>
      </trkpt>
      <trkpt lat="54.67954290099442" lon="18.86059708893299">
        <ele>0.0</ele>
      </trkpt>
      <trkpt lat="54.67948079109192" lon="18.860723236575723">
        <ele>0.0</ele>
      </trkpt>
      <trkpt lat="54.67933050356805" lon="18.861089358106256">
        <ele>0.0</ele>
      </trkpt>
      <trkpt lat="54.67865760438144" lon="18.862622994929552">
        <ele>0.0</ele>
      </trkpt>
      <trkpt lat="54.678520392626524" lon="18.862837571650743">
        <ele>0.0</ele>
      </trkpt>
      <trkpt lat="54.678342109546065" lon="18.863283824175596">
        <ele>0.0</ele>
      </trkpt>
      <trkpt lat="54.67764616012573" lon="18.864417476579547">
        <ele>0.0</ele>
      </trkpt>
      <trkpt lat="54.67746117152274" lon="18.864312702789903">
        <ele>0.0</ele>
      </trkpt>
      <trkpt lat="54.67731331475079" lon="18.86445418931544">
        <ele>0.0</ele>
      </trkpt>
      <trkpt lat="54.6771521307528" lon="18.86461654677987">
        <ele>0.0</ele>
      </trkpt>
      <trkpt lat="54.67640723101795" lon="18.86576771736145">
        <ele>0.0</ele>
      </trkpt>
      <trkpt lat="54.676414439454675" lon="18.86621044948697">
        <ele>0.0</ele>
      </trkpt>
      <trkpt lat="54.67622006312013" lon="18.86632922105491">
        <ele>0.0</ele>
      </trkpt>
      <trkpt lat="54.675313225016" lon="18.866904554888606">
        <ele>0.0</ele>
      </trkpt>
      <trkpt lat="54.67530350200832" lon="18.866920061409473">
        <ele>0.0</ele>
      </trkpt>
      <trkpt lat="54.67515899799764" lon="18.867054507136345">
        <ele>0.0</ele>
      </trkpt>
      <trkpt lat="54.67491106130183" lon="18.867212841287255">
        <ele>0.0</ele>
      </trkpt>
      <trkpt lat="54.67419382184744" lon="18.867492713034153">
        <ele>0.0</ele>
      </trkpt>
      <trkpt lat="54.674147721379995" lon="18.86752196587622">
        <ele>0.0</ele>
      </trkpt>
      <trkpt lat="54.67398343607783" lon="18.86768650263548">
        <ele>0.0</ele>
      </trkpt>
      <trkpt lat="54.67378922738135" lon="18.86799294501543">
        <ele>0.0</ele>
      </trkpt>
      <trkpt lat="54.67327474616468" lon="18.869204046204686">
        <ele>0.0</ele>
      </trkpt>
      <trkpt lat="54.673012141138315" lon="18.869249811396003">
        <ele>0.0</ele>
      </trkpt>
      <trkpt lat="54.67285154387355" lon="18.869484085589647">
        <ele>0.0</ele>
      </trkpt>
      <trkpt lat="54.672766383737326" lon="18.86983604170382">
        <ele>0.0</ele>
      </trkpt>
      <trkpt lat="54.67209524475038" lon="18.8710770662874">
        <ele>0.0</ele>
      </trkpt>
      <trkpt lat="54.67205601744354" lon="18.871053848415613">
        <ele>0.0</ele>
      </trkpt>
      <trkpt lat="54.67187639325857" lon="18.87109726667404">
        <ele>0.0</ele>
      </trkpt>
      <trkpt lat="54.67173029668629" lon="18.871197262778878">
        <ele>0.0</ele>
      </trkpt>
      <trkpt lat="54.671298041939735" lon="18.872038470581174">
        <ele>0.0</ele>
      </trkpt>
      <trkpt lat="54.67122285626829" lon="18.872232511639595">
        <ele>0.0</ele>
      </trkpt>
      <trkpt lat="54.671112885698676" lon="18.872434264048934">
        <ele>0.0</ele>
      </trkpt>
      <trkpt lat="54.67070812359452" lon="18.873823564499617">
        <ele>0.0</ele>
      </trkpt>
      <trkpt lat="54.670565631240606" lon="18.87377880513668">
        <ele>0.0</ele>
      </trkpt>
      <trkpt lat="54.67044996097684" lon="18.87374360114336">
        <ele>0.0</ele>
      </trkpt>
      <trkpt lat="54.669782258570194" lon="18.87451180256903">
        <ele>0.0</ele>
      </trkpt>
      <trkpt lat="54.669661642983556" lon="18.874879349023104">
        <ele>0.0</ele>
      </trkpt>
      <trkpt lat="54.66951169073582" lon="18.875210350379348">
        <ele>0.0</ele>
      </trkpt>
      <trkpt lat="54.66870652511716" lon="18.87665430083871">
        <ele>0.0</ele>
      </trkpt>
      <trkpt lat="54.66849396005273" lon="18.876291196793318">
        <ele>0.0</ele>
      </trkpt>
      <trkpt lat="54.66833428479731" lon="18.87635045684874">
        <ele>0.0</ele>
      </trkpt>
      <trkpt lat="54.66754454188049" lon="18.877791976556182">
        <ele>0.0</ele>
      </trkpt>
      <trkpt lat="54.66734270565212" lon="18.878029687330127">
        <ele>0.0</ele>
      </trkpt>
      <trkpt lat="54.66713793575764" lon="18.878222974017262">
        <ele>0.0</ele>
      </trkpt>
      <trkpt lat="54.66633821837604" lon="18.87875103391707">
        <ele>0.0</ele>
      </trkpt>
      <trkpt lat="54.666297398507595" lon="18.87875539250672">
        <ele>0.0</ele>
      </trkpt>
      <trkpt lat="54.66603613458574" lon="18.878871146589518">
        <ele>0.0</ele>
      </trkpt>
      <trkpt lat="54.66578861698508" lon="18.879072815179825">
        <ele>0.0</ele>
      </trkpt>
      <trkpt lat="54.66506182216108" lon="18.879791144281626">
        <ele>0.0</ele>
      </trkpt>
      <trkpt lat="54.66494179330766" lon="18.8799721095711">
        <ele>0.0</ele>
      </trkpt>
      <trkpt lat="54.66480676084757" lon="18.880260698497295">
        <ele>0.0</ele>
      </trkpt>
      <trkpt lat="54.66463962569833" lon="18.880657916888595">
        <ele>0.0</ele>
      </trkpt>
      <trkpt lat="54.663842087611556" lon="18.88176642358303">
        <ele>0.0</ele>
      </trkpt>
      <trkpt lat="54.663802022114396" lon="18.881781343370676">
        <ele>0.0</ele>
      </trkpt>
      <trkpt lat="54.663563054054976" lon="18.881934816017747">
        <ele>0.0</ele>
      </trkpt>
      <trkpt lat="54.66336440294981" lon="18.882092647254467">
        <ele>0.0</ele>
      </trkpt>
      <trkpt lat="54.66255378909409" lon="18.882349552586675">
        <ele>0.0</ele>
      </trkpt>
      <trkpt lat="54.66254171915352" lon="18.882354078814387">
        <ele>0.0</ele>
      </trkpt>
      <trkpt lat="54.662352204322815" lon="18.882477208971977">
        <ele>0.0</ele>
      </trkpt>
      <trkpt lat="54.662195378914475" lon="18.88269631192088">
        <ele>0.0</ele>
      </trkpt>
      <trkpt lat="54.66142550110817" lon="18.88390607200563">
        <ele>0.0</ele>
      </trkpt>
      <trkpt lat="54.66136967763305" lon="18.88402190990746">
        <ele>0.0</ele>
      </trkpt>
      <trkpt lat="54.661343609914184" lon="18.884040266275406">
        <ele>0.0</ele>
      </trkpt>
      <trkpt lat="54.661134565249085" lon="18.8841734547168">
        <ele>0.0</ele>
      </trkpt>
      <trkpt lat="54.660270139575005" lon="18.884674860164523">
        <ele>0.0</ele>
      </trkpt>
      <trkpt lat="54.66013259254396" lon="18.884700005874038">
        <ele>0.0</ele>
      </trkpt>
      <trkpt lat="54.65997040271759" lon="18.88467133976519">
        <ele>0.0</ele>
      </trkpt>
      <trkpt lat="54.659468829631805" lon="18.885574070736766">
        <ele>0.0</ele>
      </trkpt>
      <trkpt lat="54.659467404708266" lon="18.88562503270805">
        <ele>0.0</ele>
      </trkpt>
      <trkpt lat="54.65938802808523" lon="18.885751934722066">
        <ele>0.0</ele>
      </trkpt>
      <trkpt lat="54.65924226678908" lon="18.88584195636213">
        <ele>0.0</ele>
      </trkpt>
      <trkpt lat="54.6588215790689" lon="18.886711578816175">
        <ele>0.0</ele>
      </trkpt>
      <trkpt lat="54.658715380355716" lon="18.886649636551738">
        <ele>0.0</ele>
      </trkpt>
      <trkpt lat="54.65867590159178" lon="18.886674111709">
        <ele>0.0</ele>
      </trkpt>
      <trkpt lat="54.658525697886944" lon="18.886694479733706">
        <ele>0.0</ele>
      </trkpt>
      <trkpt lat="54.65833643451333" lon="18.886821465566754">
        <ele>0.0</ele>
      </trkpt>
      <trkpt lat="54.65757477097213" lon="18.887028666213155">
        <ele>0.0</ele>
      </trkpt>
      <trkpt lat="54.657442923635244" lon="18.88707392849028">
        <ele>0.0</ele>
      </trkpt>
      <trkpt lat="54.65729699470103" lon="18.887124303728342">
        <ele>0.0</ele>
      </trkpt>
      <trkpt lat="54.65659241192043" lon="18.887591427192092">
        <ele>0.0</ele>
      </trkpt>
      <trkpt lat="54.6565730497241" lon="18.887620344758034">
        <ele>0.0</ele>
      </trkpt>
      <trkpt lat="54.65647950768471" lon="18.88791337609291">
        <ele>0.0</ele>
      </trkpt>
      <trkpt lat="54.656378170475364" lon="18.888003984466195">
        <ele>0.0</ele>
      </trkpt>
      <trkpt lat="54.65579696930945" lon="18.887744145467877">
        <ele>0.0</ele>
      </trkpt>
      <trkpt lat="54.65575849637389" lon="18.88773249462247">
        <ele>0.0</ele>
      </trkpt>
      <trkpt lat="54.6556456759572" lon="18.88778002001345">
        <ele>0.0</ele>
      </trkpt>
      <trkpt lat="54.65545297600329" lon="18.887951765209436">
        <ele>0.0</ele>
      </trkpt>
      <trkpt lat="54.65471461415291" lon="18.88904350809753">
        <ele>0.0</ele>
      </trkpt>
      <trkpt lat="54.65457446873188" lon="18.888940326869488">
        <ele>0.0</ele>
      </trkpt>
      <trkpt lat="54.65437573380768" lon="18.88914903625846">
        <ele>0.0</ele>
      </trkpt>
      <trkpt lat="54.654206754639745" lon="18.889307035133243">
        <ele>0.0</ele>
      </trkpt>
      <trkpt lat="54.65330393984914" lon="18.889897540211678">
        <ele>0.0</ele>
      </trkpt>
      <trkpt lat="54.65324828401208" lon="18.88991036452353">
        <ele>0.0</ele>
      </trkpt>
      <trkpt lat="54.6530625410378" lon="18.88997381553054">
        <ele>0.0</ele>
      </trkpt>
      <trkpt lat="54.652886437252164" lon="18.890141788870096">
        <ele>0.0</ele>
      </trkpt>
      <trkpt lat="54.65225653722882" lon="18.89165824279189">
        <ele>0.0</ele>
      </trkpt>
      <trkpt lat="54.65219233185053" lon="18.891821522265673">
        <ele>0.0</ele>
      </trkpt>
      <trkpt lat="54.65203986503184" lon="18.892120253294706">
        <ele>0.0</ele>
      </trkpt>
      <trkpt lat="54.65138942934573" lon="18.89342891983688">
        <ele>0.0</ele>
      </trkpt>
      <trkpt lat="54.65117401443422" lon="18.893379885703325">
        <ele>0.0</ele>
      </trkpt>
      <trkpt lat="54.65106697753072" lon="18.893576860427856">
        <ele>0.0</ele>
      </trkpt>
      <trkpt lat="54.65095524676144" lon="18.89386829920113">
        <ele>0.0</ele>
      </trkpt>
      <trkpt lat="54.65039474889636" lon="18.89506590552628">
        <ele>0.0</ele>
      </trkpt>
      <trkpt lat="54.650237672030926" lon="18.89542691409588">
        <ele>0.0</ele>
      </trkpt>
      <trkpt lat="54.65007179416716" lon="18.895619194954634">
        <ele>0.0</ele>
      </trkpt>
      <trkpt lat="54.64988739229739" lon="18.895887415856123">
        <ele>0.0</ele>
      </trkpt>
      <trkpt lat="54.649245254695415" lon="18.896838761866093">
        <ele>0.0</ele>
      </trkpt>
      <trkpt lat="54.64914643205702" lon="18.89718158170581">
        <ele>0.0</ele>
      </trkpt>
      <trkpt lat="54.649004274979234" lon="18.897412167862058">
        <ele>0.0</ele>
      </trkpt>
      <trkpt lat="54.64886035770178" lon="18.89769078232348">
        <ele>0.0</ele>
      </trkpt>
      <trkpt lat="54.6482599619776" lon="18.898770371451974">
        <ele>0.0</ele>
      </trkpt>
      <trkpt lat="54.648024095222354" lon="18.8992041349411">
        <ele>0.0</ele>
      </trkpt>
      <trkpt lat="54.64784606359899" lon="18.899519462138414">
        <ele>0.0</ele>
      </trkpt>
      <trkpt lat="54.647049782797694" lon="18.90140530653298">
        <ele>0.0</ele>
      </trkpt>
      <trkpt lat="54.64699102565646" lon="18.901483174413443">
        <ele>0.0</ele>
      </trkpt>
      <trkpt lat="54.645776906982064" lon="18.90257617458701">
        <ele>0.0</ele>
      </trkpt>
      <trkpt lat="54.644474191591144" lon="18.904177537187934">
        <ele>0.0</ele>
      </trkpt>
      <trkpt lat="54.64502329006791" lon="18.904797630384564">
        <ele>0.0</ele>
      </trkpt>
      <trkpt lat="54.644871074706316" lon="18.90505093149841">
        <ele>0.0</ele>
      </trkpt>
      <trkpt lat="54.64385099709034" lon="18.9062618650496">
        <ele>0.0</ele>
      </trkpt>
      <trkpt lat="54.643880082294345" lon="18.906245604157448">
        <ele>0.0</ele>
      </trkpt>
      <trkpt lat="54.642981458455324" lon="18.90727188438177">
        <ele>0.0</ele>
      </trkpt>
      <trkpt lat="54.642840223386884" lon="18.907345896586776">
        <ele>0.0</ele>
      </trkpt>
      <trkpt lat="54.64193673804402" lon="18.908067578449845">
        <ele>0.0</ele>
      </trkpt>
      <trkpt lat="54.641907485201955" lon="18.908151565119624">
        <ele>0.0</ele>
      </trkpt>
      <trkpt lat="54.64175971224904" lon="18.908334206789732">
        <ele>0.0</ele>
      </trkpt>
      <trkpt lat="54.641178008168936" lon="18.90968763269484">
        <ele>0.0</ele>
      </trkpt>
      <trkpt lat="54.64113433845341" lon="18.91002274118364">
        <ele>0.0</ele>
      </trkpt>
      <trkpt lat="54.64101271703839" lon="18.910396993160248">
        <ele>0.0</ele>
      </trkpt>
      <trkpt lat="54.64089076034725" lon="18.91080661676824">
        <ele>0.0</ele>
      </trkpt>
      <trkpt lat="54.64045020751655" lon="18.91274308785796">
        <ele>0.0</ele>
      </trkpt>
      <trkpt lat="54.64043495245278" lon="18.91296051442623">
        <ele>0.0</ele>
      </trkpt>
      <trkpt lat="54.64033671654761" lon="18.913289671763778">
        <ele>0.0</ele>
      </trkpt>
      <trkpt lat="54.64016916230321" lon="18.91357658430934">
        <ele>0.0</ele>
      </trkpt>
      <trkpt lat="54.63957404717803" lon="18.914668411016464">
        <ele>0.0</ele>
      </trkpt>
      <trkpt lat="54.63938838802278" lon="18.914625076577067">
        <ele>0.0</ele>
      </trkpt>
      <trkpt lat="54.63922846131027" lon="18.91476941294968">
        <ele>0.0</ele>
      </trkpt>
      <trkpt lat="54.63910164311528" lon="18.914938727393746">
        <ele>0.0</ele>
      </trkpt>
      <trkpt lat="54.638368310406804" lon="18.916083360090852">
        <ele>0.0</ele>
      </trkpt>
      <trkpt lat="54.63823604397476" lon="18.91625041142106">
        <ele>0.0</ele>
      </trkpt>
      <trkpt lat="54.638098664581776" lon="18.916428107768297">
        <ele>0.0</ele>
      </trkpt>
      <trkpt lat="54.6374377515167" lon="18.917219024151564">
        <ele>0.0</ele>
      </trkpt>
      <trkpt lat="54.63738301768899" lon="18.91767089255154">
        <ele>0.0</ele>
      </trkpt>
      <trkpt lat="54.63730087503791" lon="18.918236922472715">
        <ele>0.0</ele>
      </trkpt>
      <trkpt lat="54.63722040876746" lon="18.918629614636302">
        <ele>0.0</ele>
      </trkpt>
      <trkpt lat="54.6367815323174" lon="18.920612521469593">
        <ele>0.0</ele>
      </trkpt>
      <trkpt lat="54.6367350127548" lon="18.920900942757726">
        <ele>0.0</ele>
      </trkpt>
      <trkpt lat="54.63669100776315" lon="18.921255581080914">
        <ele>0.0</ele>
      </trkpt>
      <trkpt lat="54.63616227731109" lon="18.92381482757628">
        <ele>0.0</ele>
      </trkpt>
      <trkpt lat="54.63604308664799" lon="18.9241124689579">
        <ele>0.0</ele>
      </trkpt>
      <trkpt lat="54.63591014966369" lon="18.924417067319155">
        <ele>0.0</ele>
      </trkpt>
      <trkpt lat="54.63525493629277" lon="18.925721291452646">
        <ele>0.0</ele>
      </trkpt>
      <trkpt lat="54.63513867929578" lon="18.925918266177177">
        <ele>0.0</ele>
      </trkpt>
      <trkpt lat="54.6349389385432" lon="18.926150109618902">
        <ele>0.0</ele>
      </trkpt>
      <trkpt lat="54.63423578068614" lon="18.92694555222988">
        <ele>0.0</ele>
      </trkpt>
      <trkpt lat="54.634175850078464" lon="18.92706809565425">
        <ele>0.0</ele>
      </trkpt>
      <trkpt lat="54.63400184176862" lon="18.927445616573095">
        <ele>0.0</ele>
      </trkpt>
      <trkpt lat="54.6333328820765" lon="18.928700890392065">
        <ele>0.0</ele>
      </trkpt>
      <trkpt lat="54.63334729894996" lon="18.928968776017427">
        <ele>0.0</ele>
      </trkpt>
      <trkpt lat="54.63317681103945" lon="18.929515779018402">
        <ele>0.0</ele>
      </trkpt>
      <trkpt lat="54.63257918134332" lon="18.93155576661229">
        <ele>0.0</ele>
      </trkpt>
      <trkpt lat="54.632480861619115" lon="18.931737150996923">
        <ele>0.0</ele>
      </trkpt>
      <trkpt lat="54.632373824715614" lon="18.93204426392913">
        <ele>0.0</ele>
      </trkpt>
      <trkpt lat="54.63226720690727" lon="18.93240200355649">
        <ele>0.0</ele>
      </trkpt>
      <trkpt lat="54.631542256101966" lon="18.933578906580806">
        <ele>0.0</ele>
      </trkpt>
      <trkpt lat="54.63147779926658" lon="18.933639507740736">
        <ele>0.0</ele>
      </trkpt>
      <trkpt lat="54.631307227537036" lon="18.933762973174453">
        <ele>0.0</ele>
      </trkpt>
      <trkpt lat="54.63116683065891" lon="18.933890461921692">
        <ele>0.0</ele>
      </trkpt>
      <trkpt lat="54.6304680313915" lon="18.934990502893925">
        <ele>0.0</ele>
      </trkpt>
      <trkpt lat="54.6303884871304" lon="18.935118159279227">
        <ele>0.0</ele>
      </trkpt>
      <trkpt lat="54.630257142707705" lon="18.93526786006987">
        <ele>0.0</ele>
      </trkpt>
      <trkpt lat="54.62946371175349" lon="18.936519948765635">
        <ele>0.0</ele>
      </trkpt>
      <trkpt lat="54.62944024242461" lon="18.936568899080157">
        <ele>0.0</ele>
      </trkpt>
      <trkpt lat="54.62934007868171" lon="18.93684508278966">
        <ele>0.0</ele>
      </trkpt>
      <trkpt lat="54.62916875258088" lon="18.93711573444307">
        <ele>0.0</ele>
      </trkpt>
      <trkpt lat="54.62851328775287" lon="18.93799147568643">
        <ele>0.0</ele>
      </trkpt>
      <trkpt lat="54.628454614430666" lon="18.938244860619307">
        <ele>0.0</ele>
      </trkpt>
      <trkpt lat="54.628327041864395" lon="18.938611820340157">
        <ele>0.0</ele>
      </trkpt>
      <trkpt lat="54.62817105464637" lon="18.939077937975526">
        <ele>0.0</ele>
      </trkpt>
      <trkpt lat="54.62771616876125" lon="18.940376713871956">
        <ele>0.0</ele>
      </trkpt>
      <trkpt lat="54.62758851237595" lon="18.94069363363087">
        <ele>0.0</ele>
      </trkpt>
      <trkpt lat="54.627410899847746" lon="18.940846854820848">
        <ele>0.0</ele>
      </trkpt>
      <trkpt lat="54.62677286937833" lon="18.9413224440068">
        <ele>0.0</ele>
      </trkpt>
      <trkpt lat="54.626737581565976" lon="18.942134231328964">
        <ele>0.0</ele>
      </trkpt>
      <trkpt lat="54.62673489935696" lon="18.942208327353">
        <ele>0.0</ele>
      </trkpt>
      <trkpt lat="54.62663356214762" lon="18.94264896400273">
        <ele>0.0</ele>
      </trkpt>
      <trkpt lat="54.62648662738502" lon="18.94295196980238">
        <ele>0.0</ele>
      </trkpt>
      <trkpt lat="54.62581875734031" lon="18.943956289440393">
        <ele>0.0</ele>
      </trkpt>
      <trkpt lat="54.62560988031328" lon="18.943764427676797">
        <ele>0.0</ele>
      </trkpt>
      <trkpt lat="54.62545422837138" lon="18.943885462358594">
        <ele>0.0</ele>
      </trkpt>
      <trkpt lat="54.62478468194604" lon="18.944225013256073">
        <ele>0.0</ele>
      </trkpt>
      <trkpt lat="54.62466582655907" lon="18.944259211421013">
        <ele>0.0</ele>
      </trkpt>
      <trkpt lat="54.62456926703453" lon="18.94433875568211">
        <ele>0.0</ele>
      </trkpt>
      <trkpt lat="54.623883459717035" lon="18.945168564096093">
        <ele>0.0</ele>
      </trkpt>
      <trkpt lat="54.62376192212105" lon="18.945050379261374">
        <ele>0.0</ele>
      </trkpt>
      <trkpt lat="54.62363979779184" lon="18.9451146684587">
        <ele>0.0</ele>
      </trkpt>
      <trkpt lat="54.62343703955412" lon="18.94521198235452">
        <ele>0.0</ele>
      </trkpt>
      <trkpt lat="54.6223587077111" lon="18.945718836039305">
        <ele>0.0</ele>
      </trkpt>
      <trkpt lat="54.62242903187871" lon="18.945800391957164">
        <ele>0.0</ele>
      </trkpt>
      <trkpt lat="54.62233825586736" lon="18.945784885436296">
        <ele>0.0</ele>
      </trkpt>
      <trkpt lat="54.621556643396616" lon="18.945752615109086">
        <ele>0.0</ele>
      </trkpt>
      <trkpt lat="54.62146578356624" lon="18.94580114632845">
        <ele>0.0</ele>
      </trkpt>
      <trkpt lat="54.621284985914826" lon="18.94583735615015">
        <ele>0.0</ele>
      </trkpt>
      <trkpt lat="54.620423493906856" lon="18.9464305434376">
        <ele>0.0</ele>
      </trkpt>
      <trkpt lat="54.62036004289985" lon="18.946515368297696">
        <ele>0.0</ele>
      </trkpt>
      <trkpt lat="54.62013255804777" lon="18.94667965359986">
        <ele>0.0</ele>
      </trkpt>
      <trkpt lat="54.619160424917936" lon="18.947349870577455">
        <ele>0.0</ele>
      </trkpt>
      <trkpt lat="54.619132513180375" lon="18.947358252480626">
        <ele>0.0</ele>
      </trkpt>
      <trkpt lat="54.61895925924182" lon="18.947517592459917">
        <ele>0.0</ele>
      </trkpt>
      <trkpt lat="54.618706461042166" lon="18.947756057605147">
        <ele>0.0</ele>
      </trkpt>
      <trkpt lat="54.61797229014337" lon="18.9480537828058">
        <ele>0.0</ele>
      </trkpt>
      <trkpt lat="54.61791512556374" lon="18.948066774755716">
        <ele>0.0</ele>
      </trkpt>
      <trkpt lat="54.617683282122016" lon="18.948155622929335">
        <ele>0.0</ele>
      </trkpt>
      <trkpt lat="54.61679773405194" lon="18.94773669540882">
        <ele>0.0</ele>
      </trkpt>
      <trkpt lat="54.61676931940019" lon="18.947661090642214">
        <ele>0.0</ele>
      </trkpt>
      <trkpt lat="54.61660956032574" lon="18.947489177808166">
        <ele>0.0</ele>
      </trkpt>
      <trkpt lat="54.61641451343894" lon="18.947503427043557">
        <ele>0.0</ele>
      </trkpt>
      <trkpt lat="54.61554246023297" lon="18.948222594335675">
        <ele>0.0</ele>
      </trkpt>
      <trkpt lat="54.615522008389235" lon="18.948197280988097">
        <ele>0.0</ele>
      </trkpt>
      <trkpt lat="54.615355962887406" lon="18.94805579446256">
        <ele>0.0</ele>
      </trkpt>
      <trkpt lat="54.615129651501775" lon="18.94794481806457">
        <ele>0.0</ele>
      </trkpt>
      <trkpt lat="54.61438676342368" lon="18.947190698236227">
        <ele>0.0</ele>
      </trkpt>
      <trkpt lat="54.61425826884806" lon="18.947147699072957">
        <ele>0.0</ele>
      </trkpt>
      <trkpt lat="54.61405240930617" lon="18.947018114849925">
        <ele>0.0</ele>
      </trkpt>
      <trkpt lat="54.61308438330889" lon="18.946257876232266">
        <ele>0.0</ele>
      </trkpt>
      <trkpt lat="54.61284994147718" lon="18.946174224838614">
        <ele>0.0</ele>
      </trkpt>
      <trkpt lat="54.612680710852146" lon="18.9461353328079">
        <ele>0.0</ele>
      </trkpt>
      <trkpt lat="54.61184469982982" lon="18.94594087265432">
        <ele>0.0</ele>
      </trkpt>
      <trkpt lat="54.6117418538779" lon="18.94591505639255">
        <ele>0.0</ele>
      </trkpt>
      <trkpt lat="54.611520152539015" lon="18.94591983407736">
        <ele>0.0</ele>
      </trkpt>
      <trkpt lat="54.610566375777125" lon="18.945657648146152">
        <ele>0.0</ele>
      </trkpt>
      <trkpt lat="54.61038733832538" lon="18.94549185410142">
        <ele>0.0</ele>
      </trkpt>
      <trkpt lat="54.61017192341387" lon="18.94540099427104">
        <ele>0.0</ele>
      </trkpt>
      <trkpt lat="54.60928888991475" lon="18.944530533626676">
        <ele>0.0</ele>
      </trkpt>
      <trkpt lat="54.609263660386205" lon="18.944515278562903">
        <ele>0.0</ele>
      </trkpt>
      <trkpt lat="54.60908847860992" lon="18.944476805627346">
        <ele>0.0</ele>
      </trkpt>
      <trkpt lat="54.60888245142996" lon="18.94445509649813">
        <ele>0.0</ele>
      </trkpt>
      <trkpt lat="54.608015762642026" lon="18.944392567500472">
        <ele>0.0</ele>
      </trkpt>
      <trkpt lat="54.607927249744534" lon="18.944346718490124">
        <ele>0.0</ele>
      </trkpt>
      <trkpt lat="54.607673613354564" lon="18.944203471764922">
        <ele>0.0</ele>
      </trkpt>
      <trkpt lat="54.60657809861004" lon="18.94339461810887">
        <ele>0.0</ele>
      </trkpt>
      <trkpt lat="54.60650559514761" lon="18.94338682293892">
        <ele>0.0</ele>
      </trkpt>
      <trkpt lat="54.6063472609967" lon="18.943300489336252">
        <ele>0.0</ele>
      </trkpt>
      <trkpt lat="54.60607283748686" lon="18.943072082474828">
        <ele>0.0</ele>
      </trkpt>
      <trkpt lat="54.60524110123515" lon="18.942548716440797">
        <ele>0.0</ele>
      </trkpt>
      <trkpt lat="54.605122581124306" lon="18.942564390599728">
        <ele>0.0</ele>
      </trkpt>
      <trkpt lat="54.60488428361714" lon="18.942466489970684">
        <ele>0.0</ele>
      </trkpt>
      <trkpt lat="54.603855572640896" lon="18.94194337539375">
        <ele>0.0</ele>
      </trkpt>
      <trkpt lat="54.60383051075041" lon="18.941954523324966">
        <ele>0.0</ele>
      </trkpt>
      <trkpt lat="54.603620544075966" lon="18.94199274480343">
        <ele>0.0</ele>
      </trkpt>
      <trkpt lat="54.60341979749501" lon="18.941995343193412">
        <ele>0.0</ele>
      </trkpt>
      <trkpt lat="54.60250172764063" lon="18.941504331305623">
        <ele>0.0</ele>
      </trkpt>
      <trkpt lat="54.60237415507436" lon="18.941424870863557">
        <ele>0.0</ele>
      </trkpt>
      <trkpt lat="54.60214817896485" lon="18.94127399660647">
        <ele>0.0</ele>
      </trkpt>
      <trkpt lat="54.6010821685195" lon="18.9413742441684">
        <ele>0.0</ele>
      </trkpt>
      <trkpt lat="54.60084672085941" lon="18.9408147521317">
        <ele>0.0</ele>
      </trkpt>
      <trkpt lat="54.59989755414426" lon="18.94011260010302">
        <ele>0.0</ele>
      </trkpt>
      <trkpt lat="54.59984122775495" lon="18.940100697800517">
        <ele>0.0</ele>
      </trkpt>
      <trkpt lat="54.59961952641606" lon="18.94010321237147">
        <ele>0.0</ele>
      </trkpt>
      <trkpt lat="54.59941467270255" lon="18.94016331061721">
        <ele>0.0</ele>
      </trkpt>
      <trkpt lat="54.59856701083481" lon="18.939857706427574">
        <ele>0.0</ele>
      </trkpt>
      <trkpt lat="54.598498698323965" lon="18.939730133861303">
        <ele>0.0</ele>
      </trkpt>
      <trkpt lat="54.59829459898174" lon="18.939642626792192">
        <ele>0.0</ele>
      </trkpt>
      <trkpt lat="54.597228756174445" lon="18.938975678756833">
        <ele>0.0</ele>
      </trkpt>
      <trkpt lat="54.59702759049833" lon="18.93888171762228">
        <ele>0.0</ele>
      </trkpt>
      <trkpt lat="54.59680940955877" lon="18.938737381249666">
        <ele>0.0</ele>
      </trkpt>
      <trkpt lat="54.59572730585933" lon="18.93812818452716">
        <ele>0.0</ele>
      </trkpt>
      <trkpt lat="54.59568296559155" lon="18.938038498163223">
        <ele>0.0</ele>
      </trkpt>
      <trkpt lat="54.59547417238355" lon="18.93775342963636">
        <ele>0.0</ele>
      </trkpt>
      <trkpt lat="54.595289854332805" lon="18.937700539827347">
        <ele>0.0</ele>
      </trkpt>
      <trkpt lat="54.594359965994954" lon="18.93746509216726">
        <ele>0.0</ele>
      </trkpt>
      <trkpt lat="54.59426407702267" lon="18.937320839613676">
        <ele>0.0</ele>
      </trkpt>
      <trkpt lat="54.594099624082446" lon="18.93707524985075">
        <ele>0.0</ele>
      </trkpt>
      <trkpt lat="54.593453127890825" lon="18.93594595603645">
        <ele>0.0</ele>
      </trkpt>
      <trkpt lat="54.59334793500602" lon="18.935786364600062">
        <ele>0.0</ele>
      </trkpt>
      <trkpt lat="54.59319186396897" lon="18.935537422075868">
        <ele>0.0</ele>
      </trkpt>
      <trkpt lat="54.59308432415128" lon="18.93530591391027">
        <ele>0.0</ele>
      </trkpt>
      <trkpt lat="54.59218243137002" lon="18.93418801948428">
        <ele>0.0</ele>
      </trkpt>
      <trkpt lat="54.592167008668184" lon="18.93417527899146">
        <ele>0.0</ele>
      </trkpt>
      <trkpt lat="54.59210238419473" lon="18.933960115537047">
        <ele>0.0</ele>
      </trkpt>
      <trkpt lat="54.59195134229958" lon="18.933751825243235">
        <ele>0.0</ele>
      </trkpt>
      <trkpt lat="54.59135086275637" lon="18.932829899713397">
        <ele>0.0</ele>
      </trkpt>
      <trkpt lat="54.59119671955705" lon="18.93272160552442">
        <ele>0.0</ele>
      </trkpt>
      <trkpt lat="54.591033942997456" lon="18.932414492592216">
        <ele>0.0</ele>
      </trkpt>
      <trkpt lat="54.59083730354905" lon="18.932197988033295">
        <ele>0.0</ele>
      </trkpt>
      <trkpt lat="54.58990096114576" lon="18.931878050789237">
        <ele>0.0</ele>
      </trkpt>
      <trkpt lat="54.589829463511705" lon="18.931847289204597">
        <ele>0.0</ele>
      </trkpt>
      <trkpt lat="54.58963818848133" lon="18.931753747165203">
        <ele>0.0</ele>
      </trkpt>
      <trkpt lat="54.58945747464895" lon="18.931601364165545">
        <ele>0.0</ele>
      </trkpt>
      <trkpt lat="54.58890669979155" lon="18.930791169404984">
        <ele>0.0</ele>
      </trkpt>
      <trkpt lat="54.588598161935806" lon="18.930557649582624">
        <ele>0.0</ele>
      </trkpt>
      <trkpt lat="54.588334718719125" lon="18.93032832071185">
        <ele>0.0</ele>
      </trkpt>
      <trkpt lat="54.5881462097168" lon="18.93000729382038">
        <ele>0.0</ele>
      </trkpt>
      <trkpt lat="54.587500216439366" lon="18.928791750222445">
        <ele>0.0</ele>
      </trkpt>
      <trkpt lat="54.58717944100499" lon="18.9289132039994">
        <ele>0.0</ele>
      </trkpt>
      <trkpt lat="54.58696385845542" lon="18.928683875128627">
        <ele>0.0</ele>
      </trkpt>
      <trkpt lat="54.58677132613957" lon="18.928360836580396">
        <ele>0.0</ele>
      </trkpt>
      <trkpt lat="54.585841186344624" lon="18.927381159737706">
        <ele>0.0</ele>
      </trkpt>
      <trkpt lat="54.58568125963211" lon="18.927324833348393">
        <ele>0.0</ele>
      </trkpt>
      <trkpt lat="54.58545989356935" lon="18.92725618556142">
        <ele>0.0</ele>
      </trkpt>
      <trkpt lat="54.58437284454703" lon="18.926826948300004">
        <ele>0.0</ele>
      </trkpt>
      <trkpt lat="54.58429883234203" lon="18.926779590547085">
        <ele>0.0</ele>
      </trkpt>
      <trkpt lat="54.584064558148384" lon="18.926581861451268">
        <ele>0.0</ele>
      </trkpt>
      <trkpt lat="54.58297222852707" lon="18.926051538437605">
        <ele>0.0</ele>
      </trkpt>
      <trkpt lat="54.58286133594811" lon="18.925777450203896">
        <ele>0.0</ele>
      </trkpt>
      <trkpt lat="54.58260233514011" lon="18.92552113160491">
        <ele>0.0</ele>
      </trkpt>
      <trkpt lat="54.58171762526035" lon="18.9248532615602">
        <ele>0.0</ele>
      </trkpt>
      <trkpt lat="54.58163145929575" lon="18.924696603789926">
        <ele>0.0</ele>
      </trkpt>
      <trkpt lat="54.58145753480494" lon="18.924369541928172">
        <ele>0.0</ele>
      </trkpt>
      <trkpt lat="54.58032765425742" lon="18.92361835576594">
        <ele>0.0</ele>
      </trkpt>
      <trkpt lat="54.580147694796324" lon="18.9235098939389">
        <ele>0.0</ele>
      </trkpt>
      <trkpt lat="54.57990579307079" lon="18.92340579070151">
        <ele>0.0</ele>
      </trkpt>
      <trkpt lat="54.57898546010256" lon="18.923026006668806">
        <ele>0.0</ele>
      </trkpt>
      <trkpt lat="54.578938353806734" lon="18.923042435199022">
        <ele>0.0</ele>
      </trkpt>
      <trkpt lat="54.57875688560307" lon="18.923014272004366">
        <ele>0.0</ele>
      </trkpt>
      <trkpt lat="54.57851238548756" lon="18.92292659729719">
        <ele>0.0</ele>
      </trkpt>
      <trkpt lat="54.577619545161724" lon="18.9222957752645">
        <ele>0.0</ele>
      </trkpt>
      <trkpt lat="54.577413853257895" lon="18.92223316244781">
        <ele>0.0</ele>
      </trkpt>
      <trkpt lat="54.57720438949764" lon="18.922065189108253">
        <ele>0.0</ele>
      </trkpt>
      <trkpt lat="54.57638665102422" lon="18.92081854864955">
        <ele>0.0</ele>
      </trkpt>
      <trkpt lat="54.57633032463491" lon="18.92083807848394">
        <ele>0.0</ele>
      </trkpt>
      <trkpt lat="54.57610744982958" lon="18.920785440132022">
        <ele>0.0</ele>
      </trkpt>
      <trkpt lat="54.57592824473977" lon="18.92065334133804">
        <ele>0.0</ele>
      </trkpt>
      <trkpt lat="54.57505216822028" lon="18.919604010879993">
        <ele>0.0</ele>
      </trkpt>
      <trkpt lat="54.57499994896352" lon="18.919496638700366">
        <ele>0.0</ele>
      </trkpt>
      <trkpt lat="54.574772883206606" lon="18.919156501069665">
        <ele>0.0</ele>
      </trkpt>
      <trkpt lat="54.57458286546171" lon="18.91888450831175">
        <ele>0.0</ele>
      </trkpt>
      <trkpt lat="54.57386730238795" lon="18.91787021420896">
        <ele>0.0</ele>
      </trkpt>
      <trkpt lat="54.5736681483686" lon="18.91799133270979">
        <ele>0.0</ele>
      </trkpt>
      <trkpt lat="54.573515597730875" lon="18.917795615270734">
        <ele>0.0</ele>
      </trkpt>
      <trkpt lat="54.573334297165275" lon="18.91755362972617">
        <ele>0.0</ele>
      </trkpt>
      <trkpt lat="54.572575986385345" lon="18.916600607335567">
        <ele>0.0</ele>
      </trkpt>
      <trkpt lat="54.57232461310923" lon="18.916396340355277">
        <ele>0.0</ele>
      </trkpt>
      <trkpt lat="54.57212612964213" lon="18.91627530567348">
        <ele>0.0</ele>
      </trkpt>
      <trkpt lat="54.57101150415838" lon="18.915203679353">
        <ele>0.0</ele>
      </trkpt>
      <trkpt lat="54.570775302127004" lon="18.915033107623458">
        <ele>0.0</ele>
      </trkpt>
      <trkpt lat="54.570533065125346" lon="18.914800928905606">
        <ele>0.0</ele>
      </trkpt>
      <trkpt lat="54.56955213099718" lon="18.914180332794785">
        <ele>0.0</ele>
      </trkpt>
      <trkpt lat="54.56942564807832" lon="18.914068015292287">
        <ele>0.0</ele>
      </trkpt>
      <trkpt lat="54.5691782142967" lon="18.913836423307657">
        <ele>0.0</ele>
      </trkpt>
      <trkpt lat="54.56821043975651" lon="18.91335094347596">
        <ele>0.0</ele>
      </trkpt>
      <trkpt lat="54.56818780861795" lon="18.913341220468283">
        <ele>0.0</ele>
      </trkpt>
      <trkpt lat="54.56799225881696" lon="18.91323208808899">
        <ele>0.0</ele>
      </trkpt>
      <trkpt lat="54.5677896682173" lon="18.912931848317385">
        <ele>0.0</ele>
      </trkpt>
      <trkpt lat="54.56703714095056" lon="18.911503069102764">
        <ele>0.0</ele>
      </trkpt>
      <trkpt lat="54.56681342795491" lon="18.91163131222129">
        <ele>0.0</ele>
      </trkpt>
      <trkpt lat="54.56662114709616" lon="18.91134951263666">
        <ele>0.0</ele>
      </trkpt>
      <trkpt lat="54.56635124981403" lon="18.911009458824992">
        <ele>0.0</ele>
      </trkpt>
      <trkpt lat="54.56552269868553" lon="18.910604026168585">
        <ele>0.0</ele>
      </trkpt>
      <trkpt lat="54.56541792489588" lon="18.910482320934534">
        <ele>0.0</ele>
      </trkpt>
      <trkpt lat="54.56518415361643" lon="18.910281658172607">
        <ele>0.0</ele>
      </trkpt>
      <trkpt lat="54.56416726112366" lon="18.909177761524916">
        <ele>0.0</ele>
      </trkpt>
      <trkpt lat="54.56412292085588" lon="18.909112382680178">
        <ele>0.0</ele>
      </trkpt>
      <trkpt lat="54.563891999423504" lon="18.909015906974673">
        <ele>0.0</ele>
      </trkpt>
      <trkpt lat="54.56298113800585" lon="18.908254075795412">
        <ele>0.0</ele>
      </trkpt>
      <trkpt lat="54.56281961873174" lon="18.908090963959694">
        <ele>0.0</ele>
      </trkpt>
      <trkpt lat="54.562559025362134" lon="18.907905472442508">
        <ele>0.0</ele>
      </trkpt>
      <trkpt lat="54.5615557115525" lon="18.90746491961181">
        <ele>0.0</ele>
      </trkpt>
      <trkpt lat="54.5614848844707" lon="18.907392416149378">
        <ele>0.0</ele>
      </trkpt>
      <trkpt lat="54.561325712129474" lon="18.907247157767415">
        <ele>0.0</ele>
      </trkpt>
      <trkpt lat="54.56110023893416" lon="18.90708119608462">
        <ele>0.0</ele>
      </trkpt>
      <trkpt lat="54.56024964340031" lon="18.90611526556313">
        <ele>0.0</ele>
      </trkpt>
      <trkpt lat="54.5601758826524" lon="18.905955674126744">
        <ele>0.0</ele>
      </trkpt>
      <trkpt lat="54.560025008395314" lon="18.905601873993874">
        <ele>0.0</ele>
      </trkpt>
      <trkpt lat="54.55985921435058" lon="18.905206080526114">
        <ele>0.0</ele>
      </trkpt>
      <trkpt lat="54.55919612199068" lon="18.903889702633023">
        <ele>0.0</ele>
      </trkpt>
      <trkpt lat="54.55900803208351" lon="18.904357999563217">
        <ele>0.0</ele>
      </trkpt>
      <trkpt lat="54.55891449004412" lon="18.904362861067057">
        <ele>0.0</ele>
      </trkpt>
      <trkpt lat="54.55872497521341" lon="18.904226990416646">
        <ele>0.0</ele>
      </trkpt>
      <trkpt lat="54.558542082086205" lon="18.90414409339428">
        <ele>0.0</ele>
      </trkpt>
      <trkpt lat="54.55785568803549" lon="18.90396530739963">
        <ele>0.0</ele>
      </trkpt>
      <trkpt lat="54.5577825140208" lon="18.90394141897559">
        <ele>0.0</ele>
      </trkpt>
      <trkpt lat="54.5575510058552" lon="18.903725501149893">
        <ele>0.0</ele>
      </trkpt>
      <trkpt lat="54.5565253123641" lon="18.9023903477937">
        <ele>0.0</ele>
      </trkpt>
      <trkpt lat="54.556393045932055" lon="18.901909394189715">
        <ele>0.0</ele>
      </trkpt>
      <trkpt lat="54.55618668347597" lon="18.90164092183113">
        <ele>0.0</ele>
      </trkpt>
      <trkpt lat="54.555372800678015" lon="18.900594525039196">
        <ele>0.0</ele>
      </trkpt>
      <trkpt lat="54.55520700663328" lon="18.90062252059579">
        <ele>0.0</ele>
      </trkpt>
      <trkpt lat="54.555039033293724" lon="18.90059527941048">
        <ele>0.0</ele>
      </trkpt>
      <trkpt lat="54.5549020729959" lon="18.90058346092701">
        <ele>0.0</ele>
      </trkpt>
      <trkpt lat="54.55413789488375" lon="18.89966430142522">
        <ele>0.0</ele>
      </trkpt>
      <trkpt lat="54.55401560291648" lon="18.899579141288996">
        <ele>0.0</ele>
      </trkpt>
      <trkpt lat="54.55378711223602" lon="18.899385100230575">
        <ele>0.0</ele>
      </trkpt>
      <trkpt lat="54.553551161661744" lon="18.89923674054444">
        <ele>0.0</ele>
      </trkpt>
      <trkpt lat="54.55299535766244" lon="18.899080166593194">
        <ele>0.0</ele>
      </trkpt>
      <trkpt lat="54.55289712175727" lon="18.89904965646565">
        <ele>0.0</ele>
      </trkpt>
      <trkpt lat="54.55269151367247" lon="18.89898327179253">
        <ele>0.0</ele>
      </trkpt>
      <trkpt lat="54.55188718624413" lon="18.89855328015983">
        <ele>0.0</ele>
      </trkpt>
      <trkpt lat="54.55179129727185" lon="18.898198809474707">
        <ele>0.0</ele>
      </trkpt>
      <trkpt lat="54.55170798115432" lon="18.897947939112782">
        <ele>0.0</ele>
      </trkpt>
      <trkpt lat="54.55058899708092" lon="18.89674832113087">
        <ele>0.0</ele>
      </trkpt>
      <trkpt lat="54.55044046975672" lon="18.89654346741736">
        <ele>0.0</ele>
      </trkpt>
      <trkpt lat="54.54974468797445" lon="18.89583402313292">
        <ele>0.0</ele>
      </trkpt>
      <trkpt lat="54.54951586201787" lon="18.895670073106885">
        <ele>0.0</ele>
      </trkpt>
      <trkpt lat="54.54927706159651" lon="18.895438900217414">
        <ele>0.0</ele>
      </trkpt>
      <trkpt lat="54.548486564308405" lon="18.894750410690904">
        <ele>0.0</ele>
      </trkpt>
      <trkpt lat="54.54836159013212" lon="18.89460649341345">
        <ele>0.0</ele>
      </trkpt>
      <trkpt lat="54.548175344243646" lon="18.894476993009448">
        <ele>0.0</ele>
      </trkpt>
      <trkpt lat="54.547421894967556" lon="18.893643245100975">
        <ele>0.0</ele>
      </trkpt>
      <trkpt lat="54.54732860438526" lon="18.89355070888996">
        <ele>0.0</ele>
      </trkpt>
      <trkpt lat="54.547104304656386" lon="18.893222389742732">
        <ele>0.0</ele>
      </trkpt>
      <trkpt lat="54.54629000276327" lon="18.891737619414926">
        <ele>0.0</ele>
      </trkpt>
      <trkpt lat="54.54606712795794" lon="18.891781037673354">
        <ele>0.0</ele>
      </trkpt>
      <trkpt lat="54.54580217599869" lon="18.89156151562929">
        <ele>0.0</ele>
      </trkpt>
      <trkpt lat="54.54485921189189" lon="18.890435239300132">
        <ele>0.0</ele>
      </trkpt>
      <trkpt lat="54.544830126687884" lon="18.890404058620334">
        <ele>0.0</ele>
      </trkpt>
      <trkpt lat="54.54462016001344" lon="18.890055790543556">
        <ele>0.0</ele>
      </trkpt>
      <trkpt lat="54.543768893927336" lon="18.888387707993388">
        <ele>0.0</ele>
      </trkpt>
      <trkpt lat="54.543427834287286" lon="18.888518046587706">
        <ele>0.0</ele>
      </trkpt>
      <trkpt lat="54.54326732084155" lon="18.888319060206413">
        <ele>0.0</ele>
      </trkpt>
      <trkpt lat="54.542337600141764" lon="18.887423370033503">
        <ele>0.0</ele>
      </trkpt>
      <trkpt lat="54.54227481968701" lon="18.88733619824052">
        <ele>0.0</ele>
      </trkpt>
      <trkpt lat="54.54204238951206" lon="18.887095050886273">
        <ele>0.0</ele>
      </trkpt>
      <trkpt lat="54.54104879871011" lon="18.885950166732073">
        <ele>0.0</ele>
      </trkpt>
      <trkpt lat="54.5409248303622" lon="18.885882273316383">
        <ele>0.0</ele>
      </trkpt>
      <trkpt lat="54.54076389782131" lon="18.88574925251305">
        <ele>0.0</ele>
      </trkpt>
      <trkpt lat="54.54001095145941" lon="18.884954899549484">
        <ele>0.0</ele>
      </trkpt>
      <trkpt lat="54.53987315297127" lon="18.88482514768839">
        <ele>0.0</ele>
      </trkpt>
      <trkpt lat="54.539671149104834" lon="18.88464585877955">
        <ele>0.0</ele>
      </trkpt>
      <trkpt lat="54.53879817388952" lon="18.883926272392273">
        <ele>0.0</ele>
      </trkpt>
      <trkpt lat="54.538698848336935" lon="18.88385770842433">
        <ele>0.0</ele>
      </trkpt>
      <trkpt lat="54.53849382698536" lon="18.88364363461733">
        <ele>0.0</ele>
      </trkpt>
      <trkpt lat="54.53759863972664" lon="18.882305128499866">
        <ele>0.0</ele>
      </trkpt>
      <trkpt lat="54.53756385482848" lon="18.882280737161636">
        <ele>0.0</ele>
      </trkpt>
      <trkpt lat="54.537305776029825" lon="18.882107818499207">
        <ele>0.0</ele>
      </trkpt>
      <trkpt lat="54.5371135789901" lon="18.882071943953633">
        <ele>0.0</ele>
      </trkpt>
      <trkpt lat="54.53635225072503" lon="18.881310699507594">
        <ele>0.0</ele>
      </trkpt>
      <trkpt lat="54.53627698123455" lon="18.881182372570038">
        <ele>0.0</ele>
      </trkpt>
      <trkpt lat="54.536086628213525" lon="18.880975171923637">
        <ele>0.0</ele>
      </trkpt>
      <trkpt lat="54.53582578338683" lon="18.88062003068626">
        <ele>0.0</ele>
      </trkpt>
      <trkpt lat="54.53474007546902" lon="18.879216564819217">
        <ele>0.0</ele>
      </trkpt>
      <trkpt lat="54.53475533053279" lon="18.878996456041932">
        <ele>0.0</ele>
      </trkpt>
      <trkpt lat="54.53399467281997" lon="18.878162037581205">
        <ele>0.0</ele>
      </trkpt>
      <trkpt lat="54.53394798561931" lon="18.87805567122996">
        <ele>0.0</ele>
      </trkpt>
      <trkpt lat="54.5337669365108" lon="18.877698769792914">
        <ele>0.0</ele>
      </trkpt>
      <trkpt lat="54.53356518410146" lon="18.87750363908708">
        <ele>0.0</ele>
      </trkpt>
      <trkpt lat="54.53283159993589" lon="18.877284955233335">
        <ele>0.0</ele>
      </trkpt>
      <trkpt lat="54.53269681893289" lon="18.877156293019652">
        <ele>0.0</ele>
      </trkpt>
      <trkpt lat="54.53253454528749" lon="18.876856807619333">
        <ele>0.0</ele>
      </trkpt>
      <trkpt lat="54.53170306049287" lon="18.876013085246086">
        <ele>0.0</ele>
      </trkpt>
      <trkpt lat="54.53169367276132" lon="18.876012666150928">
        <ele>0.0</ele>
      </trkpt>
      <trkpt lat="54.53156375326216" lon="18.876012666150928">
        <ele>0.0</ele>
      </trkpt>
      <trkpt lat="54.53135688789189" lon="18.875955501571298">
        <ele>0.0</ele>
      </trkpt>
      <trkpt lat="54.53070594929159" lon="18.87509912252426">
        <ele>0.0</ele>
      </trkpt>
      <trkpt lat="54.530626237392426" lon="18.87499342672527">
        <ele>0.0</ele>
      </trkpt>
      <trkpt lat="54.53040503896773" lon="18.874788573011756">
        <ele>0.0</ele>
      </trkpt>
      <trkpt lat="54.529524855315685" lon="18.873806465417147">
        <ele>0.0</ele>
      </trkpt>
      <trkpt lat="54.52951588667929" lon="18.8735964987427">
        <ele>0.0</ele>
      </trkpt>
      <trkpt lat="54.52921086922288" lon="18.87334923259914">
        <ele>0.0</ele>
      </trkpt>
      <trkpt lat="54.526343336328864" lon="18.87136247009039">
        <ele>0.0</ele>
      </trkpt>
      <trkpt lat="54.52337480150163" lon="18.869607551023364">
        <ele>0.0</ele>
      </trkpt>
      <trkpt lat="54.523090152069926" lon="18.86956195347011">
        <ele>0.0</ele>
      </trkpt>
      <trkpt lat="54.52213847078383" lon="18.86901520192623">
        <ele>0.0</ele>
      </trkpt>
      <trkpt lat="54.52199027873576" lon="18.868965078145266">
        <ele>0.0</ele>
      </trkpt>
      <trkpt lat="54.52121495269239" lon="18.868467779830098">
        <ele>0.0</ele>
      </trkpt>
      <trkpt lat="54.52113909646869" lon="18.868213891983032">
        <ele>0.0</ele>
      </trkpt>
      <trkpt lat="54.52090264298022" lon="18.867939300835133">
        <ele>0.0</ele>
      </trkpt>
      <trkpt lat="54.51890967786312" lon="18.867165986448526">
        <ele>0.0</ele>
      </trkpt>
      <trkpt lat="54.518893752247095" lon="18.86694864369929">
        <ele>0.0</ele>
      </trkpt>
      <trkpt lat="54.51889651827514" lon="18.86689541861415">
        <ele>0.0</ele>
      </trkpt>
      <trkpt lat="54.51872888021171" lon="18.86681285686791">
        <ele>0.0</ele>
      </trkpt>
      <trkpt lat="54.51790594495833" lon="18.866378255188465">
        <ele>0.0</ele>
      </trkpt>
      <trkpt lat="54.51777200214565" lon="18.8663125410676">
        <ele>0.0</ele>
      </trkpt>
      <trkpt lat="54.51516933739185" lon="18.864886360242963">
        <ele>0.0</ele>
      </trkpt>
      <trkpt lat="54.51507001183927" lon="18.86472978629172">
        <ele>0.0</ele>
      </trkpt>
      <trkpt lat="54.514899272471666" lon="18.864582683891058">
        <ele>0.0</ele>
      </trkpt>
      <trkpt lat="54.51465602964163" lon="18.864545887336135">
        <ele>0.0</ele>
      </trkpt>
      <trkpt lat="54.51422218233347" lon="18.864365508779883">
        <ele>0.0</ele>
      </trkpt>
      <trkpt lat="54.51248268596828" lon="18.863234538584948">
        <ele>0.0</ele>
      </trkpt>
      <trkpt lat="54.511661091819406" lon="18.86255895718932">
        <ele>0.0</ele>
      </trkpt>
      <trkpt lat="54.51160158030689" lon="18.862479999661446">
        <ele>0.0</ele>
      </trkpt>
      <trkpt lat="54.51055551879108" lon="18.86143988929689">
        <ele>0.0</ele>
      </trkpt>
      <trkpt lat="54.51049835421145" lon="18.86153477244079">
        <ele>0.0</ele>
      </trkpt>
      <trkpt lat="54.51026039198041" lon="18.86131047271192">
        <ele>0.0</ele>
      </trkpt>
      <trkpt lat="54.5094579923898" lon="18.860760368406773">
        <ele>0.0</ele>
      </trkpt>
      <trkpt lat="54.509270237758756" lon="18.860664227977395">
        <ele>0.0</ele>
      </trkpt>
      <trkpt lat="54.50777373276651" lon="18.859997196123004">
        <ele>0.0</ele>
      </trkpt>
      <trkpt lat="54.50771162286401" lon="18.859909437596798">
        <ele>0.0</ele>
      </trkpt>
      <trkpt lat="54.507579607889056" lon="18.859757306054235">
        <ele>0.0</ele>
      </trkpt>
      <trkpt lat="54.50735849328339" lon="18.859659237787127">
        <ele>0.0</ele>
      </trkpt>
      <trkpt lat="54.507107958197594" lon="18.85944675654173">
        <ele>0.0</ele>
      </trkpt>
      <trkpt lat="54.506378564983606" lon="18.858959013596177">
        <ele>0.0</ele>
      </trkpt>
      <trkpt lat="54.50621277093887" lon="18.858804032206535">
        <ele>0.0</ele>
      </trkpt>
      <trkpt lat="54.50585721060634" lon="18.858580738306046">
        <ele>0.0</ele>
      </trkpt>
      <trkpt lat="54.50487342663109" lon="18.85802887380123">
        <ele>0.0</ele>
      </trkpt>
      <trkpt lat="54.50480796396732" lon="18.85789635591209">
        <ele>0.0</ele>
      </trkpt>
      <trkpt lat="54.504127437248826" lon="18.857472902163863">
        <ele>0.0</ele>
      </trkpt>
      <trkpt lat="54.50404152274132" lon="18.85741607286036">
        <ele>0.0</ele>
      </trkpt>
      <trkpt lat="54.503272231668234" lon="18.85669338516891">
        <ele>0.0</ele>
      </trkpt>
      <trkpt lat="54.50315396301448" lon="18.85666606016457">
        <ele>0.0</ele>
      </trkpt>
      <trkpt lat="54.502822710201144" lon="18.85636892169714">
        <ele>0.0</ele>
      </trkpt>
      <trkpt lat="54.50248885899782" lon="18.85615778155625">
        <ele>0.0</ele>
      </trkpt>
      <trkpt lat="54.50207454152405" lon="18.856005566194654">
        <ele>0.0</ele>
      </trkpt>
      <trkpt lat="54.50192500837147" lon="18.855837341398">
        <ele>0.0</ele>
      </trkpt>
      <trkpt lat="54.47903352789581" lon="18.840225292369723">
        <ele>0.0</ele>
      </trkpt>
      <trkpt lat="54.475982850417495" lon="18.838207768276334">
        <ele>0.0</ele>
      </trkpt>
      <trkpt lat="54.4754143897444" lon="18.8378191832453">
        <ele>0.0</ele>
      </trkpt>
      <trkpt lat="54.47414880618453" lon="18.83698157966137">
        <ele>0.0</ele>
      </trkpt>
      <trkpt lat="54.47385719977319" lon="18.836775803938508">
        <ele>0.0</ele>
      </trkpt>
      <trkpt lat="54.47360104881227" lon="18.836517054587603">
        <ele>0.0</ele>
      </trkpt>
      <trkpt lat="54.473298881202936" lon="18.836107682436705">
        <ele>0.0</ele>
      </trkpt>
      <trkpt lat="54.47267124429345" lon="18.835356663912535">
        <ele>0.0</ele>
      </trkpt>
      <trkpt lat="54.47259304113686" lon="18.8352841604501">
        <ele>0.0</ele>
      </trkpt>
      <trkpt lat="54.4721560087055" lon="18.83513018488884">
        <ele>0.0</ele>
      </trkpt>
      <trkpt lat="54.471881249919534" lon="18.835148373618722">
        <ele>0.0</ele>
      </trkpt>
      <trkpt lat="54.469910915941" lon="18.834274224936962">
        <ele>0.0</ele>
      </trkpt>
      <trkpt lat="54.46987386792898" lon="18.834227370098233">
        <ele>0.0</ele>
      </trkpt>
      <trkpt lat="54.469804633408785" lon="18.834151849150658">
        <ele>0.0</ele>
      </trkpt>
      <trkpt lat="54.469538759440184" lon="18.833942469209433">
        <ele>0.0</ele>
      </trkpt>
      <trkpt lat="54.46822078898549" lon="18.833289267495275">
        <ele>0.0</ele>
      </trkpt>
      <trkpt lat="54.468189273029566" lon="18.83332271128893">
        <ele>0.0</ele>
      </trkpt>
      <trkpt lat="54.467983497306705" lon="18.833128083497286">
        <ele>0.0</ele>
      </trkpt>
      <trkpt lat="54.46743858978152" lon="18.83285558782518">
        <ele>0.0</ele>
      </trkpt>
      <trkpt lat="54.46648749522865" lon="18.83236449211836">
        <ele>0.0</ele>
      </trkpt>
      <trkpt lat="54.46616462431848" lon="18.832269608974457">
        <ele>0.0</ele>
      </trkpt>
      <trkpt lat="54.4658166076988" lon="18.832305064424872">
        <ele>0.0</ele>
      </trkpt>
      <trkpt lat="54.46353823877871" lon="18.831885466352105">
        <ele>0.0</ele>
      </trkpt>
      <trkpt lat="54.46345014497638" lon="18.83204849436879">
        <ele>0.0</ele>
      </trkpt>
      <trkpt lat="54.463274544104934" lon="18.831993341445923">
        <ele>0.0</ele>
      </trkpt>
      <trkpt lat="54.463026858866215" lon="18.83194388821721">
        <ele>0.0</ele>
      </trkpt>
      <trkpt lat="54.4610193092376" lon="18.831229833886027">
        <ele>0.0</ele>
      </trkpt>
      <trkpt lat="54.460907159373164" lon="18.83119043894112">
        <ele>0.0</ele>
      </trkpt>
      <trkpt lat="54.460630640387535" lon="18.831195132806897">
        <ele>0.0</ele>
      </trkpt>
      <trkpt lat="54.459090046584606" lon="18.830403042957187">
        <ele>0.0</ele>
      </trkpt>
      <trkpt lat="54.458967335522175" lon="18.830117639154196">
        <ele>0.0</ele>
      </trkpt>
      <trkpt lat="54.45868670940399" lon="18.829919323325157">
        <ele>0.0</ele>
      </trkpt>
      <trkpt lat="54.451706763356924" lon="18.82592149078846">
        <ele>0.0</ele>
      </trkpt>
      <trkpt lat="54.45166242308915" lon="18.825900116935372">
        <ele>0.0</ele>
      </trkpt>
      <trkpt lat="54.45145974867046" lon="18.825917216017842">
        <ele>0.0</ele>
      </trkpt>
      <trkpt lat="54.449420515447855" lon="18.825407093390822">
        <ele>0.0</ele>
      </trkpt>
      <trkpt lat="54.4492213614285" lon="18.825303576886654">
        <ele>0.0</ele>
      </trkpt>
      <trkpt lat="54.448998402804136" lon="18.825209699571133">
        <ele>0.0</ele>
      </trkpt>
      <trkpt lat="54.44870193488896" lon="18.825070895254612">
        <ele>0.0</ele>
      </trkpt>
      <trkpt lat="54.448438407853246" lon="18.824954386800528">
        <ele>0.0</ele>
      </trkpt>
      <trkpt lat="54.448029454797506" lon="18.824863024055958">
        <ele>0.0</ele>
      </trkpt>
      <trkpt lat="54.444087110459805" lon="18.823520578444004">
        <ele>0.0</ele>
      </trkpt>
      <trkpt lat="54.4438698515296" lon="18.823538683354855">
        <ele>0.0</ele>
      </trkpt>
      <trkpt lat="54.44359727203846" lon="18.823587130755186">
        <ele>0.0</ele>
      </trkpt>
      <trkpt lat="54.44315663538873" lon="18.82364211603999">
        <ele>0.0</ele>
      </trkpt>
      <trkpt lat="54.438289012759924" lon="18.8217265997082">
        <ele>0.0</ele>
      </trkpt>
      <trkpt lat="54.436292024329305" lon="18.821045150980353">
        <ele>0.0</ele>
      </trkpt>
      <trkpt lat="54.43619362078607" lon="18.821028722450137">
        <ele>0.0</ele>
      </trkpt>
      <trkpt lat="54.436002261936665" lon="18.820765111595392">
        <ele>0.0</ele>
      </trkpt>
      <trkpt lat="54.433812741190195" lon="18.821035511791706">
        <ele>0.0</ele>
      </trkpt>
      <trkpt lat="54.43374199792743" lon="18.82113584317267">
        <ele>0.0</ele>
      </trkpt>
      <trkpt lat="54.433479979634285" lon="18.821222092956305">
        <ele>0.0</ele>
      </trkpt>
      <trkpt lat="54.43235261365771" lon="18.821507329121232">
        <ele>0.0</ele>
      </trkpt>
      <trkpt lat="54.432250605896115" lon="18.821591399610043">
        <ele>0.0</ele>
      </trkpt>
      <trkpt lat="54.430827274918556" lon="18.822219371795654">
        <ele>0.0</ele>
      </trkpt>
      <trkpt lat="54.43080288358033" lon="18.82235591299832">
        <ele>0.0</ele>
      </trkpt>
      <trkpt lat="54.42964701913297" lon="18.82338889874518">
        <ele>0.0</ele>
      </trkpt>
      <trkpt lat="54.4296299200505" lon="18.823473723605275">
        <ele>0.0</ele>
      </trkpt>
      <trkpt lat="54.429212333634496" lon="18.823821488767862">
        <ele>0.0</ele>
      </trkpt>
      <trkpt lat="54.428237518295646" lon="18.824542248621583">
        <ele>0.0</ele>
      </trkpt>
      <trkpt lat="54.42809393629432" lon="18.824655069038272">
        <ele>0.0</ele>
      </trkpt>
      <trkpt lat="54.42790509201586" lon="18.824560353532434">
        <ele>0.0</ele>
      </trkpt>
      <trkpt lat="54.426380759105086" lon="18.824750538915396">
        <ele>0.0</ele>
      </trkpt>
      <trkpt lat="54.42475274205208" lon="18.825512873008847">
        <ele>0.0</ele>
      </trkpt>
      <trkpt lat="54.424716867506504" lon="18.82556777447462">
        <ele>0.0</ele>
      </trkpt>
      <trkpt lat="54.424373963847756" lon="18.825672212988138">
        <ele>0.0</ele>
      </trkpt>
      <trkpt lat="54.42414698190987" lon="18.825768185779452">
        <ele>0.0</ele>
      </trkpt>
      <trkpt lat="54.42391715012491" lon="18.825857369229198">
        <ele>0.0</ele>
      </trkpt>
      <trkpt lat="54.42318281158805" lon="18.825478423386812">
        <ele>0.0</ele>
      </trkpt>
      <trkpt lat="54.42301928065717" lon="18.825109032914042">
        <ele>0.0</ele>
      </trkpt>
      <trkpt lat="54.4193568918854" lon="18.81781267002225">
        <ele>0.0</ele>
      </trkpt>
      <trkpt lat="54.41788092255592" lon="18.814396876841784">
        <ele>0.0</ele>
      </trkpt>
      <trkpt lat="54.41648365929723" lon="18.812135020270944">
        <ele>0.0</ele>
      </trkpt>
      <trkpt lat="54.41455850377679" lon="18.813463803380728">
        <ele>0.0</ele>
      </trkpt>
      <trkpt lat="54.41456135362387" lon="18.81365885026753">
        <ele>0.0</ele>
      </trkpt>
      <trkpt lat="54.41423613578081" lon="18.813744764775038">
        <ele>0.0</ele>
      </trkpt>
      <trkpt lat="54.41397411748767" lon="18.813896644860506">
        <ele>0.0</ele>
      </trkpt>
      <trkpt lat="54.41371805034578" lon="18.813956826925278">
        <ele>0.0</ele>
      </trkpt>
      <trkpt lat="54.41346801817417" lon="18.814191268756986">
        <ele>0.0</ele>
      </trkpt>
      <trkpt lat="54.413245813921094" lon="18.814347172155976">
        <ele>0.0</ele>
      </trkpt>
      <trkpt lat="54.41282537765801" lon="18.814724944531918">
        <ele>0.0</ele>
      </trkpt>
      <trkpt lat="54.411676386371255" lon="18.815651144832373">
        <ele>0.0</ele>
      </trkpt>
      <trkpt lat="54.41153355874121" lon="18.815590124577284">
        <ele>0.0</ele>
      </trkpt>
      <trkpt lat="54.407204976305366" lon="18.812876818701625">
        <ele>0.0</ele>
      </trkpt>
      <trkpt lat="54.40712543204427" lon="18.812910933047533">
        <ele>0.0</ele>
      </trkpt>
      <trkpt lat="54.40667607821524" lon="18.81278327666223">
        <ele>0.0</ele>
      </trkpt>
      <trkpt lat="54.4062430690974" lon="18.81261513568461">
        <ele>0.0</ele>
      </trkpt>
      <trkpt lat="54.40618104301393" lon="18.812583619728684">
        <ele>0.0</ele>
      </trkpt>
      <trkpt lat="54.40598180517554" lon="18.81249200552702">
        <ele>0.0</ele>
      </trkpt>
      <trkpt lat="54.405529936775565" lon="18.81233124062419">
        <ele>0.0</ele>
      </trkpt>
      <trkpt lat="54.405484423041344" lon="18.812347501516342">
        <ele>0.0</ele>
      </trkpt>
      <trkpt lat="54.40512651577592" lon="18.812407264485955">
        <ele>0.0</ele>
      </trkpt>
      <trkpt lat="54.403915498405695" lon="18.8127607293427">
        <ele>0.0</ele>
      </trkpt>
      <trkpt lat="54.40313832834363" lon="18.81323916837573">
        <ele>0.0</ele>
      </trkpt>
      <trkpt lat="54.402959709987044" lon="18.813143111765385">
        <ele>0.0</ele>
      </trkpt>
      <trkpt lat="54.40210685133934" lon="18.813225338235497">
        <ele>0.0</ele>
      </trkpt>
      <trkpt lat="54.4021019898355" lon="18.813200695440173">
        <ele>0.0</ele>
      </trkpt>
      <trkpt lat="54.40199579112232" lon="18.813172448426485">
        <ele>0.0</ele>
      </trkpt>
      <trkpt lat="54.40182287245989" lon="18.813240844756365">
        <ele>0.0</ele>
      </trkpt>
      <trkpt lat="54.401064394041896" lon="18.813595566898584">
        <ele>0.0</ele>
      </trkpt>
      <trkpt lat="54.4009970035404" lon="18.813652228564024">
        <ele>0.0</ele>
      </trkpt>
      <trkpt lat="54.40080430358648" lon="18.813718697056174">
        <ele>0.0</ele>
      </trkpt>
      <trkpt lat="54.400023613125086" lon="18.813767228275537">
        <ele>0.0</ele>
      </trkpt>
      <trkpt lat="54.3998708948493" lon="18.81379664875567">
        <ele>0.0</ele>
      </trkpt>
      <trkpt lat="54.39970426261425" lon="18.8138210400939">
        <ele>0.0</ele>
      </trkpt>
      <trkpt lat="54.39882667735219" lon="18.81370436400175">
        <ele>0.0</ele>
      </trkpt>
      <trkpt lat="54.39881879836321" lon="18.813730934634805">
        <ele>0.0</ele>
      </trkpt>
      <trkpt lat="54.39863372594118" lon="18.813753314316273">
        <ele>0.0</ele>
      </trkpt>
      <trkpt lat="54.39849425107241" lon="18.81376840174198">
        <ele>0.0</ele>
      </trkpt>
      <trkpt lat="54.39777567051351" lon="18.81362364627421">
        <ele>0.0</ele>
      </trkpt>
      <trkpt lat="54.39766519702971" lon="18.813591543585062">
        <ele>0.0</ele>
      </trkpt>
      <trkpt lat="54.39750988036394" lon="18.813479226082563">
        <ele>0.0</ele>
      </trkpt>
      <trkpt lat="54.39684444107115" lon="18.813017467036843">
        <ele>0.0</ele>
      </trkpt>
      <trkpt lat="54.396777637302876" lon="18.813035991042852">
        <ele>0.0</ele>
      </trkpt>
      <trkpt lat="54.39659222960472" lon="18.81297572515905">
        <ele>0.0</ele>
      </trkpt>
      <trkpt lat="54.396397434175014" lon="18.812859635800123">
        <ele>0.0</ele>
      </trkpt>
      <trkpt lat="54.395826710388064" lon="18.812272986397147">
        <ele>0.0</ele>
      </trkpt>
      <trkpt lat="54.395639123395085" lon="18.812219174578786">
        <ele>0.0</ele>
      </trkpt>
      <trkpt lat="54.3955157417804" lon="18.81203418597579">
        <ele>0.0</ele>
      </trkpt>
      <trkpt lat="54.39493428915739" lon="18.811326250433922">
        <ele>0.0</ele>
      </trkpt>
      <trkpt lat="54.394682329148054" lon="18.811400095000863">
        <ele>0.0</ele>
      </trkpt>
      <trkpt lat="54.39450899139047" lon="18.81132331676781">
        <ele>0.0</ele>
      </trkpt>
      <trkpt lat="54.39374196343124" lon="18.810977647081017">
        <ele>0.0</ele>
      </trkpt>
      <trkpt lat="54.393582455813885" lon="18.810975216329098">
        <ele>0.0</ele>
      </trkpt>
      <trkpt lat="54.39344055019319" lon="18.810858204960823">
        <ele>0.0</ele>
      </trkpt>
      <trkpt lat="54.39293537288904" lon="18.810119843110442">
        <ele>0.0</ele>
      </trkpt>
      <trkpt lat="54.39288457855582" lon="18.809905098751187">
        <ele>0.0</ele>
      </trkpt>
      <trkpt lat="54.39268257468939" lon="18.809685576707125">
        <ele>0.0</ele>
      </trkpt>
      <trkpt lat="54.392239172011614" lon="18.8088804949075">
        <ele>0.0</ele>
      </trkpt>
      <trkpt lat="54.39230631105602" lon="18.80883950740099">
        <ele>0.0</ele>
      </trkpt>
      <trkpt lat="54.392387280240655" lon="18.808678574860096">
        <ele>0.0</ele>
      </trkpt>
      <trkpt lat="54.39240354113281" lon="18.808225700631738">
        <ele>0.0</ele>
      </trkpt>
      <trkpt lat="54.39241058193147" lon="18.80815294571221">
        <ele>0.0</ele>
      </trkpt>
      <trkpt lat="54.39239599741995" lon="18.80738683976233">
        <ele>0.0</ele>
      </trkpt>
      <trkpt lat="54.39230103045702" lon="18.807269409298897">
        <ele>0.0</ele>
      </trkpt>
      <trkpt lat="54.39215292222798" lon="18.80627078935504">
        <ele>0.0</ele>
      </trkpt>
      <trkpt lat="54.39218142069876" lon="18.806049674749374">
        <ele>0.0</ele>
      </trkpt>
      <trkpt lat="54.392184019088745" lon="18.805683972314">
        <ele>0.0</ele>
      </trkpt>
      <trkpt lat="54.392248056828976" lon="18.805653462186456">
        <ele>0.0</ele>
      </trkpt>
      <trkpt lat="54.39234495162964" lon="18.806165847927332">
        <ele>0.0</ele>
      </trkpt>
      <trkpt lat="54.39236154779792" lon="18.806292079389095">
        <ele>0.0</ele>
      </trkpt>
      <trkpt lat="54.392448384314775" lon="18.80660153925419">
        <ele>0.0</ele>
      </trkpt>
      <trkpt lat="54.392836885526776" lon="18.807560512796044">
        <ele>0.0</ele>
      </trkpt>
      <trkpt lat="54.3928787112236" lon="18.807633686810732">
        <ele>0.0</ele>
      </trkpt>
      <trkpt lat="54.39299639314413" lon="18.807879528030753">
        <ele>0.0</ele>
      </trkpt>
      <trkpt lat="54.393147518858314" lon="18.808103324845433">
        <ele>0.0</ele>
      </trkpt>
      <trkpt lat="54.393605422228575" lon="18.808834394440055">
        <ele>0.0</ele>
      </trkpt>
      <trkpt lat="54.393664011731744" lon="18.80911409854889">
        <ele>0.0</ele>
      </trkpt>
      <trkpt lat="54.39382846467197" lon="18.809403190389276">
        <ele>0.0</ele>
      </trkpt>
      <trkpt lat="54.39431277103722" lon="18.81032352335751">
        <ele>0.0</ele>
      </trkpt>
      <trkpt lat="54.394386783242226" lon="18.810746055096388">
        <ele>0.0</ele>
      </trkpt>
      <trkpt lat="54.394533885642886" lon="18.810972617939115">
        <ele>0.0</ele>
      </trkpt>
      <trkpt lat="54.39505632966757" lon="18.811743250116706">
        <ele>0.0</ele>
      </trkpt>
      <trkpt lat="54.39505968242884" lon="18.81182757206261">
        <ele>0.0</ele>
      </trkpt>
      <trkpt lat="54.39513201825321" lon="18.812042148783803">
        <ele>0.0</ele>
      </trkpt>
      <trkpt lat="54.39531742595136" lon="18.812324702739716">
        <ele>0.0</ele>
      </trkpt>
      <trkpt lat="54.395769545808434" lon="18.812961895018816">
        <ele>0.0</ele>
      </trkpt>
      <trkpt lat="54.39586468040943" lon="18.813218465074897">
        <ele>0.0</ele>
      </trkpt>
      <trkpt lat="54.395990911871195" lon="18.813502192497253">
        <ele>0.0</ele>
      </trkpt>
      <trkpt lat="54.39648653380573" lon="18.814484048634768">
        <ele>0.0</ele>
      </trkpt>
      <trkpt lat="54.39626810140908" lon="18.812852008268237">
        <ele>0.0</ele>
      </trkpt>
      <trkpt lat="54.39632199704647" lon="18.812606502324343">
        <ele>0.0</ele>
      </trkpt>
      <trkpt lat="54.39654738642275" lon="18.811094658449292">
        <ele>0.0</ele>
      </trkpt>
      <trkpt lat="54.39655325375497" lon="18.810944287106395">
        <ele>0.0</ele>
      </trkpt>
      <trkpt lat="54.396509835496545" lon="18.810649076476693">
        <ele>0.0</ele>
      </trkpt>
      <trkpt lat="54.39658644609153" lon="18.809059197083116">
        <ele>0.0</ele>
      </trkpt>
      <trkpt lat="54.39660346135497" lon="18.808810422196984">
        <ele>0.0</ele>
      </trkpt>
      <trkpt lat="54.39699967391789" lon="18.806494250893593">
        <ele>0.0</ele>
      </trkpt>
      <trkpt lat="54.39704074524343" lon="18.80631186068058">
        <ele>0.0</ele>
      </trkpt>
      <trkpt lat="54.396977964788675" lon="18.80508290603757">
        <ele>0.0</ele>
      </trkpt>
      <trkpt lat="54.39702020958066" lon="18.80498710088432">
        <ele>0.0</ele>
      </trkpt>
      <trkpt lat="54.396868078038096" lon="18.80449851974845">
        <ele>0.0</ele>
      </trkpt>
      <trkpt lat="54.39675257541239" lon="18.80263974890113">
        <ele>0.0</ele>
      </trkpt>
      <trkpt lat="54.396674036979675" lon="18.802517456933856">
        <ele>0.0</ele>
      </trkpt>
      <trkpt lat="54.39662642776966" lon="18.80199668928981">
        <ele>0.0</ele>
      </trkpt>
      <trkpt lat="54.396220324561" lon="18.800448551774025">
        <ele>0.0</ele>
      </trkpt>
      <trkpt lat="54.39616517163813" lon="18.80024411715567">
        <ele>0.0</ele>
      </trkpt>
      <trkpt lat="54.39603575505316" lon="18.79983365535736">
        <ele>0.0</ele>
      </trkpt>
      <trkpt lat="54.395546335726976" lon="18.79840387031436">
        <ele>0.0</ele>
      </trkpt>
      <trkpt lat="54.3954726587981" lon="18.798191640526056">
        <ele>0.0</ele>
      </trkpt>
      <trkpt lat="54.39536763355136" lon="18.797732731327415">
        <ele>0.0</ele>
      </trkpt>
      <trkpt lat="54.3948145955801" lon="18.795782765373588">
        <ele>0.0</ele>
      </trkpt>
      <trkpt lat="54.394711162894964" lon="18.795499708503485">
        <ele>0.0</ele>
      </trkpt>
      <trkpt lat="54.39460337162018" lon="18.79515060223639">
        <ele>0.0</ele>
      </trkpt>
      <trkpt lat="54.39420481212437" lon="18.793889293447137">
        <ele>0.0</ele>
      </trkpt>
      <trkpt lat="54.39394480548799" lon="18.793538259342313">
        <ele>0.0</ele>
      </trkpt>
      <trkpt lat="54.39378253184259" lon="18.793208012357354">
        <ele>0.0</ele>
      </trkpt>
      <trkpt lat="54.39362721517682" lon="18.79284767434001">
        <ele>0.0</ele>
      </trkpt>
      <trkpt lat="54.393154475837946" lon="18.791563399136066">
        <ele>0.0</ele>
      </trkpt>
      <trkpt lat="54.39300427213311" lon="18.79107599146664">
        <ele>0.0</ele>
      </trkpt>
      <trkpt lat="54.392881812527776" lon="18.79078321158886">
        <ele>0.0</ele>
      </trkpt>
      <trkpt lat="54.39275834709406" lon="18.790504848584533">
        <ele>0.0</ele>
      </trkpt>
      <trkpt lat="54.39224914647639" lon="18.789163324981928">
        <ele>0.0</ele>
      </trkpt>
      <trkpt lat="54.39220069907606" lon="18.788863588124514">
        <ele>0.0</ele>
      </trkpt>
      <trkpt lat="54.39209885895252" lon="18.78858145326376">
        <ele>0.0</ele>
      </trkpt>
      <trkpt lat="54.39200255088508" lon="18.788270903751254">
        <ele>0.0</ele>
      </trkpt>
      <trkpt lat="54.39155772328377" lon="18.786680018529296">
        <ele>0.0</ele>
      </trkpt>
      <trkpt lat="54.39144213683903" lon="18.786410875618458">
        <ele>0.0</ele>
      </trkpt>
      <trkpt lat="54.39131054095924" lon="18.786034947261214">
        <ele>0.0</ele>
      </trkpt>
      <trkpt lat="54.39070511609316" lon="18.784485971555114">
        <ele>0.0</ele>
      </trkpt>
      <trkpt lat="54.390581315383315" lon="18.784359069541097">
        <ele>0.0</ele>
      </trkpt>
      <trkpt lat="54.39042700454593" lon="18.78403569571674">
        <ele>0.0</ele>
      </trkpt>
      <trkpt lat="54.38976617529988" lon="18.78286541439593">
        <ele>0.0</ele>
      </trkpt>
      <trkpt lat="54.38970196992159" lon="18.782408265396953">
        <ele>0.0</ele>
      </trkpt>
      <trkpt lat="54.3894940149039" lon="18.782034097239375">
        <ele>0.0</ele>
      </trkpt>
      <trkpt lat="54.388884734362364" lon="18.781060706824064">
        <ele>0.0</ele>
      </trkpt>
      <trkpt lat="54.38880141824484" lon="18.78078737296164">
        <ele>0.0</ele>
      </trkpt>
      <trkpt lat="54.38844216987491" lon="18.78046198748052">
        <ele>0.0</ele>
      </trkpt>
      <trkpt lat="54.38798954710364" lon="18.779502008110285">
        <ele>0.0</ele>
      </trkpt>
      <trkpt lat="54.388182666152716" lon="18.77913672477007">
        <ele>0.0</ele>
      </trkpt>
      <trkpt lat="54.38819649629295" lon="18.77888510003686">
        <ele>0.0</ele>
      </trkpt>
      <trkpt lat="54.38807001337409" lon="18.778639510273933">
        <ele>0.0</ele>
      </trkpt>
      <trkpt lat="54.38738135620952" lon="18.778092171996832">
        <ele>0.0</ele>
      </trkpt>
      <trkpt lat="54.38727700151503" lon="18.77799284644425">
        <ele>0.0</ele>
      </trkpt>
      <trkpt lat="54.38718111254275" lon="18.777827387675643">
        <ele>0.0</ele>
      </trkpt>
      <trkpt lat="54.387117410078645" lon="18.777617504820228">
        <ele>0.0</ele>
      </trkpt>
      <trkpt lat="54.38718915916979" lon="18.777275774627924">
        <ele>0.0</ele>
      </trkpt>
      <trkpt lat="54.38722603954375" lon="18.777344673871994">
        <ele>0.0</ele>
      </trkpt>
      <trkpt lat="54.387257136404514" lon="18.777404185384512">
        <ele>0.0</ele>
      </trkpt>
      <trkpt lat="54.38728588633239" lon="18.7774496152997">
        <ele>0.0</ele>
      </trkpt>
      <trkpt lat="54.38744178973138" lon="18.777852533385158">
        <ele>0.0</ele>
      </trkpt>
      <trkpt lat="54.38749090768397" lon="18.777923695743084">
        <ele>0.0</ele>
      </trkpt>
      <trkpt lat="54.387696431949735" lon="18.778062416240573">
        <ele>0.0</ele>
      </trkpt>
      <trkpt lat="54.38773272559047" lon="18.77810323610902">
        <ele>0.0</ele>
      </trkpt>
      <trkpt lat="54.38773565925658" lon="18.7782527692616">
        <ele>0.0</ele>
      </trkpt>
      <trkpt lat="54.38774001784623" lon="18.778279423713684">
        <ele>0.0</ele>
      </trkpt>
      <trkpt lat="54.387751165777445" lon="18.778365002945065">
        <ele>0.0</ele>
      </trkpt>
      <trkpt lat="54.38778704032302" lon="18.778618220239878">
        <ele>0.0</ele>
      </trkpt>
      <trkpt lat="54.38782526180148" lon="18.778666500002146">
        <ele>0.0</ele>
      </trkpt>
      <trkpt lat="54.387942189350724" lon="18.779014935716987">
        <ele>0.0</ele>
      </trkpt>
      <trkpt lat="54.387955851852894" lon="18.779018288478255">
        <ele>0.0</ele>
      </trkpt>
      <trkpt lat="54.38797798007727" lon="18.779247868806124">
        <ele>0.0</ele>
      </trkpt>
      <trkpt lat="54.38797756098211" lon="18.779313331469893">
        <ele>0.0</ele>
      </trkpt>
      <trkpt lat="54.387954007834196" lon="18.779411064460874">
        <ele>0.0</ele>
      </trkpt>
      <trkpt lat="54.38770858570933" lon="18.779624216258526">
        <ele>0.0</ele>
      </trkpt>
      <trkpt lat="54.387607080861926" lon="18.779598232358694">
        <ele>0.0</ele>
      </trkpt>
      <trkpt lat="54.3874616548419" lon="18.779581552371383">
        <ele>0.0</ele>
      </trkpt>
      <trkpt lat="54.3873062543571" lon="18.779543917626143">
        <ele>0.0</ele>
      </trkpt>
      <trkpt lat="54.38691230490804" lon="18.779375609010458">
        <ele>0.0</ele>
      </trkpt>
      <trkpt lat="54.38683829270303" lon="18.77934987656772">
        <ele>0.0</ele>
      </trkpt>
      <trkpt lat="54.38663980923593" lon="18.7792922090739">
        <ele>0.0</ele>
      </trkpt>
      <trkpt lat="54.38589356839657" lon="18.779071429744363">
        <ele>0.0</ele>
      </trkpt>
      <trkpt lat="54.38587152399123" lon="18.779071932658553">
        <ele>0.0</ele>
      </trkpt>
      <trkpt lat="54.385725762695074" lon="18.779011080041528">
        <ele>0.0</ele>
      </trkpt>
      <trkpt lat="54.38555452041328" lon="18.778932709246874">
        <ele>0.0</ele>
      </trkpt>
      <trkpt lat="54.38501916825771" lon="18.778711510822177">
        <ele>0.0</ele>
      </trkpt>
      <trkpt lat="54.38497105613351" lon="18.778604557737708">
        <ele>0.0</ele>
      </trkpt>
      <trkpt lat="54.38488748855889" lon="18.7785548530519">
        <ele>0.0</ele>
      </trkpt>
      <trkpt lat="54.38476301729679" lon="18.778440104797482">
        <ele>0.0</ele>
      </trkpt>
      <trkpt lat="54.38398006372154" lon="18.77816048450768">
        <ele>0.0</ele>
      </trkpt>
      <trkpt lat="54.38382709398866" lon="18.778075240552425">
        <ele>0.0</ele>
      </trkpt>
      <trkpt lat="54.38369398936629" lon="18.77795873209834">
        <ele>0.0</ele>
      </trkpt>
      <trkpt lat="54.38297892920673" lon="18.77786736935377">
        <ele>0.0</ele>
      </trkpt>
      <trkpt lat="54.382912293076515" lon="18.777887150645256">
        <ele>0.0</ele>
      </trkpt>
      <trkpt lat="54.38275747932494" lon="18.77790885977447">
        <ele>0.0</ele>
      </trkpt>
      <trkpt lat="54.38260652124882" lon="18.77796652726829">
        <ele>0.0</ele>
      </trkpt>
      <trkpt lat="54.381991708651185" lon="18.77779603935778">
        <ele>0.0</ele>
      </trkpt>
      <trkpt lat="54.381887186318636" lon="18.77771439962089">
        <ele>0.0</ele>
      </trkpt>
      <trkpt lat="54.38167252577841" lon="18.777646841481328">
        <ele>0.0</ele>
      </trkpt>
      <trkpt lat="54.38101320527494" lon="18.77738800831139">
        <ele>0.0</ele>
      </trkpt>
      <trkpt lat="54.38097607344389" lon="18.777364119887352">
        <ele>0.0</ele>
      </trkpt>
      <trkpt lat="54.38082352280617" lon="18.777305698022246">
        <ele>0.0</ele>
      </trkpt>
      <trkpt lat="54.38014894723892" lon="18.7773150857538">
        <ele>0.0</ele>
      </trkpt>
      <trkpt lat="54.380070911720395" lon="18.777308212593198">
        <ele>0.0</ele>
      </trkpt>
      <trkpt lat="54.37990847043693" lon="18.777270913124084">
        <ele>0.0</ele>
      </trkpt>
      <trkpt lat="54.37925518490374" lon="18.777077542617917">
        <ele>0.0</ele>
      </trkpt>
      <trkpt lat="54.37919734977186" lon="18.77705759368837">
        <ele>0.0</ele>
      </trkpt>
      <trkpt lat="54.379018899053335" lon="18.776976792141795">
        <ele>0.0</ele>
      </trkpt>
      <trkpt lat="54.37842629849911" lon="18.776696836575866">
        <ele>0.0</ele>
      </trkpt>
      <trkpt lat="54.3783160764724" lon="18.77670002169907">
        <ele>0.0</ele>
      </trkpt>
      <trkpt lat="54.37806671485305" lon="18.776728603988886">
        <ele>0.0</ele>
      </trkpt>
      <trkpt lat="54.377423990517855" lon="18.776549817994237">
        <ele>0.0</ele>
      </trkpt>
      <trkpt lat="54.37735626474023" lon="18.776599522680044">
        <ele>0.0</ele>
      </trkpt>
      <trkpt lat="54.37721176072955" lon="18.776632882654667">
        <ele>0.0</ele>
      </trkpt>
      <trkpt lat="54.37643777579069" lon="18.77675911411643">
        <ele>0.0</ele>
      </trkpt>
      <trkpt lat="54.37638538889587" lon="18.776754839345813">
        <ele>0.0</ele>
      </trkpt>
      <trkpt lat="54.376263935118914" lon="18.77675182186067">
        <ele>0.0</ele>
      </trkpt>
      <trkpt lat="54.37570829875767" lon="18.77695206552744">
        <ele>0.0</ele>
      </trkpt>
      <trkpt lat="54.37558466568589" lon="18.776938570663333">
        <ele>0.0</ele>
      </trkpt>
      <trkpt lat="54.37544762156904" lon="18.77695642411709">
        <ele>0.0</ele>
      </trkpt>
      <trkpt lat="54.37476231716573" lon="18.77711283043027">
        <ele>0.0</ele>
      </trkpt>
      <trkpt lat="54.3747397698462" lon="18.777172174304724">
        <ele>0.0</ele>
      </trkpt>
      <trkpt lat="54.374608509242535" lon="18.777313577011228">
        <ele>0.0</ele>
      </trkpt>
      <trkpt lat="54.37408153899014" lon="18.77770258113742">
        <ele>0.0</ele>
      </trkpt>
      <trkpt lat="54.37399445101619" lon="18.777682799845934">
        <ele>0.0</ele>
      </trkpt>
      <trkpt lat="54.37377870082855" lon="18.77772856503725">
        <ele>0.0</ele>
      </trkpt>
      <trkpt lat="54.37310881912708" lon="18.777952110394835">
        <ele>0.0</ele>
      </trkpt>
      <trkpt lat="54.3730422668159" lon="18.77801145426929">
        <ele>0.0</ele>
      </trkpt>
      <trkpt lat="54.372887117788196" lon="18.778103655204177">
        <ele>0.0</ele>
      </trkpt>
      <trkpt lat="54.372338354587555" lon="18.77853331156075">
        <ele>0.0</ele>
      </trkpt>
      <trkpt lat="54.37224883586168" lon="18.778572706505656">
        <ele>0.0</ele>
      </trkpt>
      <trkpt lat="54.37215336598456" lon="18.778681168332696">
        <ele>0.0</ele>
      </trkpt>
      <trkpt lat="54.37146873213351" lon="18.779291370883584">
        <ele>-0.01</ele>
      </trkpt>
      <trkpt lat="54.371430426836014" lon="18.77931324765086">
        <ele>-0.02</ele>
      </trkpt>
      <trkpt lat="54.37129547819495" lon="18.77940167672932">
        <ele>-0.02</ele>
      </trkpt>
      <trkpt lat="54.3711394071579" lon="18.77952522598207">
        <ele>-0.03</ele>
      </trkpt>
      <trkpt lat="54.37053347937763" lon="18.780001318082213">
        <ele>-0.04</ele>
      </trkpt>
      <trkpt lat="54.37039098702371" lon="18.780061164870858">
        <ele>-0.05</ele>
      </trkpt>
      <trkpt lat="54.36969453468919" lon="18.78037649206817">
        <ele>-0.06</ele>
      </trkpt>
      <trkpt lat="54.369613733142614" lon="18.780444720759988">
        <ele>-0.07</ele>
      </trkpt>
      <trkpt lat="54.36946394853294" lon="18.780520241707563">
        <ele>-0.07</ele>
      </trkpt>
      <trkpt lat="54.36885089613497" lon="18.78078636713326">
        <ele>-0.08</ele>
      </trkpt>
      <trkpt lat="54.368768418207765" lon="18.780810423195362">
        <ele>-0.08</ele>
      </trkpt>
      <trkpt lat="54.36859658919275" lon="18.780906228348613">
        <ele>-0.08</ele>
      </trkpt>
      <trkpt lat="54.36800071969628" lon="18.781179394572973">
        <ele>-0.08</ele>
      </trkpt>
      <trkpt lat="54.36787256039679" lon="18.781181825324893">
        <ele>-0.06</ele>
      </trkpt>
      <trkpt lat="54.367683129385114" lon="18.78122717142105">
        <ele>-0.05</ele>
      </trkpt>
      <trkpt lat="54.36714987270534" lon="18.780937744304538">
        <ele>-0.02</ele>
      </trkpt>
      <trkpt lat="54.36713327653706" lon="18.780827773734927">
        <ele>0.0</ele>
      </trkpt>
      <trkpt lat="54.36707518994808" lon="18.780536418780684">
        <ele>0.05</ele>
      </trkpt>
      <trkpt lat="54.366970751434565" lon="18.780243219807744">
        <ele>0.11</ele>
      </trkpt>
      <trkpt lat="54.36702816747129" lon="18.78016342408955">
        <ele>0.18</ele>
      </trkpt>
      <trkpt lat="54.36723981052637" lon="18.779950020834804">
        <ele>0.26</ele>
      </trkpt>
      <trkpt lat="54.36735103838146" lon="18.779973490163684">
        <ele>0.36</ele>
      </trkpt>
      <trkpt lat="54.3675837200135" lon="18.779947757720947">
        <ele>0.53</ele>
      </trkpt>
      <trkpt lat="54.367626048624516" lon="18.779899897053838">
        <ele>0.6</ele>
      </trkpt>
      <trkpt lat="54.36766745522618" lon="18.779841223731637">
        <ele>0.66</ele>
      </trkpt>
      <trkpt lat="54.36767759732902" lon="18.779833763837814">
        <ele>0.72</ele>
      </trkpt>
      <trkpt lat="54.36768136918545" lon="18.77988774329424">
        <ele>0.79</ele>
      </trkpt>
      <trkpt lat="54.36765622347593" lon="18.779851282015443">
        <ele>0.8</ele>
      </trkpt>
      <trkpt lat="54.36764616519213" lon="18.779916912317276">
        <ele>0.85</ele>
      </trkpt>
      <trkpt lat="54.36756821349263" lon="18.779863016679883">
        <ele>0.82</ele>
      </trkpt>
      <trkpt lat="54.36758816242218" lon="18.77983493730426">
        <ele>0.86</ele>
      </trkpt>
      <trkpt lat="54.36768279410899" lon="18.779858155176044">
        <ele>0.93</ele>
      </trkpt>
      <trkpt lat="54.36766569502652" lon="18.779859244823456">
        <ele>0.93</ele>
      </trkpt>
      <trkpt lat="54.36768379993737" lon="18.779833177104592">
        <ele>0.93</ele>
      </trkpt>
      <trkpt lat="54.367652870714664" lon="18.77982865087688">
        <ele>0.91</ele>
      </trkpt>
      <trkpt lat="54.36764448881149" lon="18.779837619513273">
        <ele>0.92</ele>
      </trkpt>
      <trkpt lat="54.367641722783446" lon="18.779836278408766">
        <ele>0.93</ele>
      </trkpt>
      <trkpt lat="54.3675974663347" lon="18.779933592304587">
        <ele>0.97</ele>
      </trkpt>
      <trkpt lat="54.36758774332702" lon="18.77994792535901">
        <ele>0.95</ele>
      </trkpt>
    </trkseg>
  </trk>
</gpx>
